Round,Alive,Dead,CH_Count,Generated,Delivered,Lost,Unclustered,LEACH_Epoch,Control_TX,Control_RX,Data_TX,Data_RX,Energy_Used_J,Residual_Energy_J,Avg_Cluster_Size,Avg_Delay_ms,PDR,Round_Duration_s,Throughput_kbps
1,100,0,6,100,100,0,0,1,105,782,100,100,0.0486352151,49.9513647849,16.6666666667,15.5204721757,1.0000000000,0.8840000000,226.2443438914
2,100,0,9,100,100,0,0,1,108,1073,100,100,0.0549694623,49.8963953226,11.1111111111,15.2804640748,1.0000000000,0.8864000000,225.6317689531
3,100,0,2,100,100,0,0,1,102,394,100,100,0.0330158926,49.8633794300,50.0000000000,15.8404621167,1.0000000000,0.8816000000,226.8602540835
4,100,0,5,100,100,0,0,1,105,685,100,100,0.0387378517,49.8246415783,20.0000000000,15.6004620748,1.0000000000,0.8840000000,226.2443438914
5,100,0,4,100,100,0,0,1,104,588,100,100,0.0397513254,49.7848902529,25.0000000000,15.6804793938,1.0000000000,0.8832000000,226.4492753623
6,100,0,9,100,100,0,0,1,109,1073,100,100,0.0484074899,49.7364827630,11.1111111111,15.2804426336,1.0000000000,0.8872000000,225.4283137962
7,100,0,3,100,100,0,0,1,103,491,100,100,0.0349107698,49.7015719933,33.3333333333,15.7604709943,1.0000000000,0.8824000000,226.6545784225
8,100,0,4,100,100,0,0,1,104,588,100,100,0.0399829974,49.6615889959,25.0000000000,15.6804739179,1.0000000000,0.8832000000,226.4492753623
9,100,0,4,100,100,0,0,1,104,588,100,100,0.0388498654,49.6227391305,25.0000000000,15.6804592340,1.0000000000,0.8832000000,226.4492753623
10,100,0,4,100,100,0,0,1,104,588,100,100,0.0400570863,49.5826820441,25.0000000000,15.6804838607,1.0000000000,0.8832000000,226.4492753623
11,100,0,10,100,100,0,0,1,110,1170,100,100,0.0523230371,49.5303590070,10.0000000000,15.2004397313,1.0000000000,0.8880000000,225.2252252252
12,100,0,3,100,100,0,0,1,103,491,100,100,0.0362630747,49.4940959323,33.3333333333,15.7604856651,1.0000000000,0.8824000000,226.6545784225
13,100,0,8,100,100,0,0,1,108,976,100,100,0.0459576803,49.4481382520,12.5000000000,15.3604448719,1.0000000000,0.8864000000,225.6317689531
14,100,0,7,100,100,0,0,1,107,879,100,100,0.0486267702,49.3995114819,14.2857142857,15.4404640177,1.0000000000,0.8856000000,225.8355916893
15,100,0,6,100,100,0,0,1,106,782,100,100,0.0415907989,49.3579206829,16.6666666667,15.5204497217,1.0000000000,0.8848000000,226.0397830018
16,100,0,2,100,100,0,0,1,102,394,100,100,0.0363907070,49.3215299759,50.0000000000,15.8405014332,1.0000000000,0.8816000000,226.8602540835
17,100,0,4,100,100,0,0,1,104,588,100,100,0.0409921640,49.2805378119,25.0000000000,15.6804725224,1.0000000000,0.8832000000,226.4492753623
18,100,0,3,100,100,0,0,1,103,491,100,100,0.0354457379,49.2450920740,33.3333333333,15.7604635385,1.0000000000,0.8824000000,226.6545784225
19,100,0,2,100,100,0,0,1,102,394,100,100,0.0370840171,49.2080080568,50.0000000000,15.8405037821,1.0000000000,0.8816000000,226.8602540835
20,100,0,5,100,100,0,0,1,105,685,100,100,0.0422587887,49.1657492681,20.0000000000,15.6004751334,1.0000000000,0.8840000000,226.2443438914
21,100,0,4,100,100,0,0,2,104,588,100,100,0.0375661528,49.1281831153,25.0000000000,15.6804711104,1.0000000000,0.8832000000,226.4492753623
22,100,0,5,100,100,0,0,2,105,685,100,100,0.0392536136,49.0889295017,20.0000000000,15.6004641915,1.0000000000,0.8840000000,226.2443438914
23,100,0,4,100,100,0,0,2,104,588,100,100,0.0378751256,49.0510543762,25.0000000000,15.6804669541,1.0000000000,0.8832000000,226.4492753623
24,100,0,7,100,100,0,0,2,107,879,100,100,0.0483515249,49.0027028512,14.2857142857,15.4404709588,1.0000000000,0.8856000000,225.8355916893
25,100,0,4,100,100,0,0,2,104,588,100,100,0.0372852288,48.9654176224,25.0000000000,15.6804659232,1.0000000000,0.8832000000,226.4492753623
26,100,0,6,100,100,0,0,2,106,782,100,100,0.0414115195,48.9240061029,16.6666666667,15.5204540832,1.0000000000,0.8848000000,226.0397830018
27,100,0,5,100,100,0,0,2,105,685,100,100,0.0427280693,48.8812780336,20.0000000000,15.6004775286,1.0000000000,0.8840000000,226.2443438914
28,100,0,7,100,100,0,0,2,107,879,100,100,0.0457613442,48.8355166894,14.2857142857,15.4404529636,1.0000000000,0.8856000000,225.8355916893
29,100,0,5,100,100,0,0,2,105,685,100,100,0.0409516776,48.7945650118,20.0000000000,15.6004566288,1.0000000000,0.8840000000,226.2443438914
30,100,0,4,100,100,0,0,2,104,588,100,100,0.0379674209,48.7565975909,25.0000000000,15.6804629619,1.0000000000,0.8832000000,226.4492753623
31,100,0,6,100,100,0,0,2,106,782,100,100,0.0448978663,48.7116997247,16.6666666667,15.5204622565,1.0000000000,0.8848000000,226.0397830018
32,100,0,7,100,100,0,0,2,107,879,100,100,0.0460502118,48.6656495129,14.2857142857,15.4404521935,1.0000000000,0.8856000000,225.8355916893
33,100,0,4,100,100,0,0,2,104,588,100,100,0.0364525680,48.6291969449,25.0000000000,15.6804668481,1.0000000000,0.8832000000,226.4492753623
34,100,0,5,100,100,0,0,2,105,685,100,100,0.0391082267,48.5900887181,20.0000000000,15.6004586161,1.0000000000,0.8840000000,226.2443438914
35,100,0,5,100,100,0,0,2,105,685,100,100,0.0398316785,48.5502570396,20.0000000000,15.6004655619,1.0000000000,0.8840000000,226.2443438914
36,100,0,4,100,100,0,0,2,104,588,100,100,0.0367179983,48.5135390413,25.0000000000,15.6804473957,1.0000000000,0.8832000000,226.4492753623
37,100,0,4,100,100,0,0,2,104,588,100,100,0.0424577441,48.4710812972,25.0000000000,15.6804938769,1.0000000000,0.8832000000,226.4492753623
38,100,0,5,100,100,0,0,2,105,685,100,100,0.0388822020,48.4321990952,20.0000000000,15.6004466703,1.0000000000,0.8840000000,226.2443438914
39,100,0,7,100,100,0,0,2,107,879,100,100,0.0454709343,48.3867281610,14.2857142857,15.4404587567,1.0000000000,0.8856000000,225.8355916893
40,100,0,2,100,100,0,0,2,102,394,100,100,0.0352733181,48.3514548429,50.0000000000,15.8404983484,1.0000000000,0.8816000000,226.8602540835
41,100,0,10,100,100,0,0,3,110,1170,100,100,0.0567612556,48.2946935873,10.0000000000,15.2004560382,1.0000000000,0.8880000000,225.2252252252
42,100,0,5,100,100,0,0,3,105,685,100,100,0.0399818567,48.2547117307,20.0000000000,15.6004553830,1.0000000000,0.8840000000,226.2443438914
43,100,0,2,100,100,0,0,3,102,394,100,100,0.0350137144,48.2196980162,50.0000000000,15.8404594433,1.0000000000,0.8816000000,226.8602540835
44,100,0,2,100,100,0,0,3,102,394,100,100,0.0343168297,48.1853811866,50.0000000000,15.8404706099,1.0000000000,0.8816000000,226.8602540835
45,100,0,4,100,100,0,0,3,104,588,100,100,0.0387926008,48.1465885858,25.0000000000,15.6804770299,1.0000000000,0.8832000000,226.4492753623
46,100,0,3,100,100,0,0,3,103,491,100,100,0.0384235899,48.1081649959,33.3333333333,15.7604884251,1.0000000000,0.8824000000,226.6545784225
47,100,0,9,100,100,0,0,3,109,1073,100,100,0.0531453319,48.0550196641,11.1111111111,15.2804467736,1.0000000000,0.8872000000,225.4283137962
48,100,0,5,100,100,0,0,3,104,685,100,100,0.0496436394,48.0053760246,20.0000000000,15.6005236076,1.0000000000,0.8832000000,226.4492753623
49,100,0,6,100,100,0,0,3,106,782,100,100,0.0417646333,47.9636113913,16.6666666667,15.5204497311,1.0000000000,0.8848000000,226.0397830018
50,100,0,5,100,100,0,0,3,105,685,100,100,0.0421127304,47.9214986609,20.0000000000,15.6004800986,1.0000000000,0.8840000000,226.2443438914
51,100,0,10,100,100,0,0,3,110,1170,100,100,0.0537997564,47.8676989045,10.0000000000,15.2004501094,1.0000000000,0.8880000000,225.2252252252
52,100,0,3,100,100,0,0,3,103,491,100,100,0.0354248992,47.8322740053,33.3333333333,15.7604724830,1.0000000000,0.8824000000,226.6545784225
53,100,0,1,100,100,0,0,3,101,297,100,100,0.0344050736,47.7978689317,100.0000000000,15.9204719856,1.0000000000,0.8808000000,227.0663033606
54,100,0,1,100,100,0,0,3,101,297,100,100,0.0490380885,47.7488308432,100.0000000000,15.9204750011,1.0000000000,0.8808000000,227.0663033606
55,100,0,4,100,100,0,0,3,104,588,100,100,0.0371778309,47.7116530122,25.0000000000,15.6804684969,1.0000000000,0.8832000000,226.4492753623
56,100,0,4,100,100,0,0,3,104,588,100,100,0.0378254926,47.6738275197,25.0000000000,15.6804685072,1.0000000000,0.8832000000,226.4492753623
57,100,0,6,100,100,0,0,3,106,782,100,100,0.0425975600,47.6312299596,16.6666666667,15.5204693821,1.0000000000,0.8848000000,226.0397830018
58,100,0,4,100,100,0,0,3,104,588,100,100,0.0396402539,47.5915897058,25.0000000000,15.6804601119,1.0000000000,0.8832000000,226.4492753623
59,100,0,10,100,100,0,0,3,110,1170,100,100,0.0559722498,47.5356174559,10.0000000000,15.2004519310,1.0000000000,0.8880000000,225.2252252252
60,100,0,6,100,100,0,0,3,106,782,100,100,0.0409745786,47.4946428773,16.6666666667,15.5204509713,1.0000000000,0.8848000000,226.0397830018
61,100,0,2,100,100,0,0,4,102,394,100,100,0.0331494360,47.4614934413,50.0000000000,15.8404689511,1.0000000000,0.8816000000,226.8602540835
62,100,0,2,100,100,0,0,4,102,394,100,100,0.0357757509,47.4257176904,50.0000000000,15.8404782435,1.0000000000,0.8816000000,226.8602540835
63,100,0,3,100,100,0,0,4,103,491,100,100,0.0452820456,47.3804356448,33.3333333333,15.7605533019,1.0000000000,0.8824000000,226.6545784225
64,100,0,3,100,100,0,0,4,103,491,100,100,0.0349703652,47.3454652796,33.3333333333,15.7604515123,1.0000000000,0.8824000000,226.6545784225
65,100,0,8,100,100,0,0,4,108,976,100,100,0.0458128988,47.2996523808,12.5000000000,15.3604404311,1.0000000000,0.8864000000,225.6317689531
66,100,0,4,100,100,0,0,4,104,588,100,100,0.0367374259,47.2629149549,25.0000000000,15.6804610111,1.0000000000,0.8832000000,226.4492753623
67,100,0,2,100,100,0,0,4,102,394,100,100,0.0350787855,47.2278361694,50.0000000000,15.8404806997,1.0000000000,0.8816000000,226.8602540835
68,100,0,10,100,100,0,0,4,110,1170,100,100,0.0568881882,47.1709479813,10.0000000000,15.2004552540,1.0000000000,0.8880000000,225.2252252252
69,100,0,3,100,100,0,0,4,103,491,100,100,0.0374804899,47.1334674914,33.3333333333,15.7604978540,1.0000000000,0.8824000000,226.6545784225
70,100,0,6,100,100,0,0,4,106,782,100,100,0.0434394648,47.0900280265,16.6666666667,15.5204576727,1.0000000000,0.8848000000,226.0397830018
71,100,0,4,100,100,0,0,4,104,588,100,100,0.0428120876,47.0472159389,25.0000000000,15.6804965187,1.0000000000,0.8832000000,226.4492753623
72,100,0,6,100,100,0,0,4,106,782,100,100,0.0450918939,47.0021240451,16.6666666667,15.5204688368,1.0000000000,0.8848000000,226.0397830018
73,100,0,8,100,100,0,0,4,108,976,100,100,0.0470737125,46.9550503326,12.5000000000,15.3604562072,1.0000000000,0.8864000000,225.6317689531
74,100,0,4,100,100,0,0,4,104,588,100,100,0.0364535131,46.9185968195,25.0000000000,15.6804539048,1.0000000000,0.8832000000,226.4492753623
75,100,0,5,100,100,0,0,4,105,685,100,100,0.0390078920,46.8795889275,20.0000000000,15.6004510516,1.0000000000,0.8840000000,226.2443438914
76,100,0,4,100,100,0,0,4,104,588,100,100,0.0405686223,46.8390203052,25.0000000000,15.6804829354,1.0000000000,0.8832000000,226.4492753623
77,100,0,6,100,100,0,0,4,106,782,100,100,0.0414522986,46.7975680066,16.6666666667,15.5204449049,1.0000000000,0.8848000000,226.0397830018
78,100,0,6,100,100,0,0,4,106,782,100,100,0.0428687295,46.7546992771,16.6666666667,15.5204490255,1.0000000000,0.8848000000,226.0397830018
79,100,0,7,100,100,0,0,4,106,879,100,100,0.0433303988,46.7113688783,14.2857142857,15.4404470777,1.0000000000,0.8848000000,226.0397830018
80,100,0,7,100,100,0,0,4,107,879,100,100,0.0500234353,46.6613454430,14.2857142857,15.4404691930,1.0000000000,0.8856000000,225.8355916893
81,100,0,5,100,100,0,0,5,105,685,100,100,0.0395523844,46.6217930587,20.0000000000,15.6004593041,1.0000000000,0.8840000000,226.2443438914
82,100,0,5,100,100,0,0,5,105,685,100,100,0.0401215764,46.5816714822,20.0000000000,15.6004638366,1.0000000000,0.8840000000,226.2443438914
83,100,0,8,100,100,0,0,5,108,976,100,100,0.0527320695,46.5289394127,12.5000000000,15.3604720738,1.0000000000,0.8864000000,225.6317689531
84,100,0,5,100,100,0,0,5,105,685,100,100,0.0410813996,46.4878580131,20.0000000000,15.6004613772,1.0000000000,0.8840000000,226.2443438914
85,100,0,6,100,100,0,0,5,106,782,100,100,0.0444525280,46.4434054851,16.6666666667,15.5204607206,1.0000000000,0.8848000000,226.0397830018
86,100,0,6,100,100,0,0,5,106,782,100,100,0.0408341573,46.4025713278,16.6666666667,15.5204516101,1.0000000000,0.8848000000,226.0397830018
87,100,0,3,100,100,0,0,5,103,491,100,100,0.0343576809,46.3682136470,33.3333333333,15.7604564330,1.0000000000,0.8824000000,226.6545784225
88,100,0,5,100,100,0,0,5,105,685,100,100,0.0397515872,46.3284620598,20.0000000000,15.6004502699,1.0000000000,0.8840000000,226.2443438914
89,100,0,6,100,100,0,0,5,106,782,100,100,0.0427438979,46.2857181619,16.6666666667,15.5204342912,1.0000000000,0.8848000000,226.0397830018
90,100,0,4,100,100,0,0,5,104,588,100,100,0.0417505460,46.2439676158,25.0000000000,15.6804949316,1.0000000000,0.8832000000,226.4492753623
91,100,0,4,100,100,0,0,5,104,588,100,100,0.0387029091,46.2052647067,25.0000000000,15.6804708579,1.0000000000,0.8832000000,226.4492753623
92,100,0,6,100,100,0,0,5,106,782,100,100,0.0423308718,46.1629338349,16.6666666667,15.5204602152,1.0000000000,0.8848000000,226.0397830018
93,100,0,5,100,100,0,0,5,105,685,100,100,0.0400232834,46.1229105515,20.0000000000,15.6004605299,1.0000000000,0.8840000000,226.2443438914
94,100,0,6,100,100,0,0,5,106,782,100,100,0.0444237892,46.0784867622,16.6666666667,15.5204675677,1.0000000000,0.8848000000,226.0397830018
95,100,0,6,100,100,0,0,5,106,782,100,100,0.0458804481,46.0326063141,16.6666666667,15.5204778863,1.0000000000,0.8848000000,226.0397830018
96,100,0,2,100,100,0,0,5,102,394,100,100,0.0353606473,45.9972456668,50.0000000000,15.8404948060,1.0000000000,0.8816000000,226.8602540835
97,100,0,6,100,100,0,0,5,106,782,100,100,0.0443901782,45.9528554885,16.6666666667,15.5204654861,1.0000000000,0.8848000000,226.0397830018
98,100,0,7,100,100,0,0,5,107,879,100,100,0.0438197520,45.9090357365,14.2857142857,15.4404536673,1.0000000000,0.8856000000,225.8355916893
99,100,0,5,100,100,0,0,5,105,685,100,100,0.0434362287,45.8655995079,20.0000000000,15.6004787191,1.0000000000,0.8840000000,226.2443438914
100,100,0,0,100,100,0,100,5,0,0,100,100,0.3398616012,45.5257379067,0.0000000000,8.0004253200,1.0000000000,0.8000000000,250.0000000000
101,100,0,3,100,100,0,0,6,103,491,100,100,0.0361710876,45.4895668191,33.3333333333,15.7604728125,1.0000000000,0.8824000000,226.6545784225
102,100,0,7,100,100,0,0,6,106,879,100,100,0.0472060094,45.4423608096,14.2857142857,15.4404725195,1.0000000000,0.8848000000,226.0397830018
103,100,0,8,100,100,0,0,6,108,976,100,100,0.0492322256,45.3931285840,12.5000000000,15.3604679577,1.0000000000,0.8864000000,225.6317689531
104,100,0,2,100,100,0,0,6,102,394,100,100,0.0337960527,45.3593325313,50.0000000000,15.8404822389,1.0000000000,0.8816000000,226.8602540835
105,100,0,5,100,100,0,0,6,105,685,100,100,0.0402485729,45.3190839584,20.0000000000,15.6004608294,1.0000000000,0.8840000000,226.2443438914
106,100,0,1,100,100,0,0,6,101,297,100,100,0.0529258813,45.2661580771,100.0000000000,15.9204729454,1.0000000000,0.8808000000,227.0663033606
107,100,0,2,100,100,0,0,6,102,394,100,100,0.0337041695,45.2324539076,50.0000000000,15.8404497719,1.0000000000,0.8816000000,226.8602540835
108,100,0,4,100,100,0,0,6,104,588,100,100,0.0358630577,45.1965908499,25.0000000000,15.6804541495,1.0000000000,0.8832000000,226.4492753623
109,100,0,5,100,100,0,0,6,105,685,100,100,0.0397122603,45.1568785897,20.0000000000,15.6004537133,1.0000000000,0.8840000000,226.2443438914
110,100,0,4,100,100,0,0,6,104,588,100,100,0.0369131781,45.1199654116,25.0000000000,15.6804641512,1.0000000000,0.8832000000,226.4492753623
111,100,0,8,100,100,0,0,6,108,976,100,100,0.0494899764,45.0704754351,12.5000000000,15.3604553632,1.0000000000,0.8864000000,225.6317689531
112,100,0,7,100,100,0,0,6,107,879,100,100,0.0461600245,45.0243154106,14.2857142857,15.4404551614,1.0000000000,0.8856000000,225.8355916893
113,100,0,6,100,100,0,0,6,106,782,100,100,0.0430535724,44.9812618383,16.6666666667,15.5204540045,1.0000000000,0.8848000000,226.0397830018
114,100,0,4,100,100,0,0,6,104,588,100,100,0.0372489418,44.9440128965,25.0000000000,15.6804603477,1.0000000000,0.8832000000,226.4492753623
115,100,0,5,100,100,0,0,6,105,685,100,100,0.0453749900,44.8986379064,20.0000000000,15.6004893537,1.0000000000,0.8840000000,226.2443438914
116,100,0,8,100,100,0,0,6,108,976,100,100,0.0484942680,44.8501436384,12.5000000000,15.3604493051,1.0000000000,0.8864000000,225.6317689531
117,100,0,4,100,100,0,0,6,104,588,100,100,0.0391958119,44.8109478265,25.0000000000,15.6804798970,1.0000000000,0.8832000000,226.4492753623
118,100,0,5,100,100,0,0,6,105,685,100,100,0.0428901366,44.7680576899,20.0000000000,15.6004675379,1.0000000000,0.8840000000,226.2443438914
119,100,0,6,100,100,0,0,6,106,782,100,100,0.0479176943,44.7201399956,16.6666666667,15.5204843822,1.0000000000,0.8848000000,226.0397830018
120,100,0,6,100,100,0,0,6,106,782,100,100,0.0410521323,44.6790878633,16.6666666667,15.5204506353,1.0000000000,0.8848000000,226.0397830018
121,100,0,5,100,100,0,0,7,105,685,100,100,0.0428167815,44.6362710818,20.0000000000,15.6004713205,1.0000000000,0.8840000000,226.2443438914
122,100,0,5,100,100,0,0,7,105,685,100,100,0.0444721218,44.5917989600,20.0000000000,15.6004551354,1.0000000000,0.8840000000,226.2443438914
123,100,0,8,100,100,0,0,7,108,976,100,100,0.0463569931,44.5454419669,12.5000000000,15.3604466956,1.0000000000,0.8864000000,225.6317689531
124,100,0,6,100,100,0,0,7,106,782,100,100,0.0411723551,44.5042696117,16.6666666667,15.5204502406,1.0000000000,0.8848000000,226.0397830018
125,100,0,9,100,100,0,0,7,109,1073,100,100,0.0511416356,44.4531279761,11.1111111111,15.2804485261,1.0000000000,0.8872000000,225.4283137962
126,100,0,3,100,100,0,0,7,103,491,100,100,0.0351176287,44.4180103475,33.3333333333,15.7604728808,1.0000000000,0.8824000000,226.6545784225
127,100,0,3,100,100,0,0,7,103,491,100,100,0.0347209291,44.3832894183,33.3333333333,15.7604603605,1.0000000000,0.8824000000,226.6545784225
128,100,0,6,100,100,0,0,7,106,782,100,100,0.0460926795,44.3371967388,16.6666666667,15.5204571839,1.0000000000,0.8848000000,226.0397830018
129,100,0,5,100,100,0,0,7,105,685,100,100,0.0400812261,44.2971155127,20.0000000000,15.6004647815,1.0000000000,0.8840000000,226.2443438914
130,100,0,3,100,100,0,0,7,103,491,100,100,0.0391738148,44.2579416979,33.3333333333,15.7605071131,1.0000000000,0.8824000000,226.6545784225
131,100,0,4,100,100,0,0,7,104,588,100,100,0.0366134364,44.2213282615,25.0000000000,15.6804577647,1.0000000000,0.8832000000,226.4492753623
132,100,0,8,100,100,0,0,7,108,976,100,100,0.0497510097,44.1715772518,12.5000000000,15.3604552950,1.0000000000,0.8864000000,225.6317689531
133,100,0,3,100,100,0,0,7,103,491,100,100,0.0348381105,44.1367391412,33.3333333333,15.7604678239,1.0000000000,0.8824000000,226.6545784225
134,100,0,4,100,100,0,0,7,104,588,100,100,0.0401519173,44.0965872240,25.0000000000,15.6804818650,1.0000000000,0.8832000000,226.4492753623
135,100,0,6,100,100,0,0,7,106,782,100,100,0.0471364912,44.0494507327,16.6666666667,15.5204713873,1.0000000000,0.8848000000,226.0397830018
136,100,0,3,100,100,0,0,7,103,491,100,100,0.0374513999,44.0119993328,33.3333333333,15.7604937279,1.0000000000,0.8824000000,226.6545784225
137,100,0,4,100,100,0,0,7,104,588,100,100,0.0417973575,43.9702019753,25.0000000000,15.6804872006,1.0000000000,0.8832000000,226.4492753623
138,100,0,6,100,100,0,0,7,106,782,100,100,0.0431965152,43.9270054601,16.6666666667,15.5204652273,1.0000000000,0.8848000000,226.0397830018
139,100,0,2,100,100,0,0,7,102,394,100,100,0.0357564386,43.8912490214,50.0000000000,15.8404910216,1.0000000000,0.8816000000,226.8602540835
140,100,0,7,100,100,0,0,7,107,879,100,100,0.0434798575,43.8477691639,14.2857142857,15.4404476913,1.0000000000,0.8856000000,225.8355916893
141,100,0,3,100,100,0,0,8,103,491,100,100,0.0551437133,43.7926254507,33.3333333333,15.7605857815,1.0000000000,0.8824000000,226.6545784225
142,100,0,5,100,100,0,0,8,105,685,100,100,0.0419337613,43.7506916894,20.0000000000,15.6004687819,1.0000000000,0.8840000000,226.2443438914
143,100,0,3,100,100,0,0,8,103,491,100,100,0.0385619145,43.7121297749,33.3333333333,15.7604748365,1.0000000000,0.8824000000,226.6545784225
144,100,0,7,100,100,0,0,8,107,879,100,100,0.0468174709,43.6653123040,14.2857142857,15.4404552609,1.0000000000,0.8856000000,225.8355916893
145,100,0,3,100,100,0,0,8,103,491,100,100,0.0358000456,43.6295122585,33.3333333333,15.7604683030,1.0000000000,0.8824000000,226.6545784225
146,100,0,6,100,100,0,0,8,106,782,100,100,0.0435701768,43.5859420817,16.6666666667,15.5204561320,1.0000000000,0.8848000000,226.0397830018
147,100,0,7,100,100,0,0,8,107,879,100,100,0.0480548174,43.5378872642,14.2857142857,15.4404681099,1.0000000000,0.8856000000,225.8355916893
148,100,0,1,100,100,0,0,8,101,297,100,100,0.0529258813,43.4849613829,100.0000000000,15.9204729454,1.0000000000,0.8808000000,227.0663033606
149,100,0,4,100,100,0,0,8,104,588,100,100,0.0367482319,43.4482131510,25.0000000000,15.6804508599,1.0000000000,0.8832000000,226.4492753623
150,100,0,6,100,100,0,0,8,106,782,100,100,0.0466357837,43.4015773673,16.6666666667,15.5204838459,1.0000000000,0.8848000000,226.0397830018
151,100,0,6,100,100,0,0,8,106,782,100,100,0.0422194959,43.3593578714,16.6666666667,15.5204623360,1.0000000000,0.8848000000,226.0397830018
152,100,0,5,100,100,0,0,8,105,685,100,100,0.0392386334,43.3201192379,20.0000000000,15.6004607540,1.0000000000,0.8840000000,226.2443438914
153,100,0,5,100,100,0,0,8,105,685,100,100,0.0400555324,43.2800637056,20.0000000000,15.6004611514,1.0000000000,0.8840000000,226.2443438914
154,100,0,1,100,100,0,0,8,101,297,100,100,0.0414724538,43.2385912518,100.0000000000,15.9205732353,1.0000000000,0.8808000000,227.0663033606
155,100,0,3,100,100,0,0,8,103,491,100,100,0.0416792158,43.1969120359,33.3333333333,15.7604993174,1.0000000000,0.8824000000,226.6545784225
156,100,0,5,100,100,0,0,8,105,685,100,100,0.0397333177,43.1571787183,20.0000000000,15.6004591190,1.0000000000,0.8840000000,226.2443438914
157,100,0,13,100,100,0,0,8,112,1461,100,100,0.0617206775,43.0954580407,7.6923076923,14.9604422294,1.0000000000,0.8896000000,224.8201438849
158,100,0,7,100,100,0,0,8,107,879,100,100,0.0468052607,43.0486527801,14.2857142857,15.4404654575,1.0000000000,0.8856000000,225.8355916893
159,100,0,7,100,100,0,0,8,107,879,100,100,0.0459089467,43.0027438334,14.2857142857,15.4404593188,1.0000000000,0.8856000000,225.8355916893
160,100,0,3,100,100,0,0,8,103,491,100,100,0.0366235020,42.9661203314,33.3333333333,15.7604841457,1.0000000000,0.8824000000,226.6545784225
161,100,0,6,100,100,0,0,9,106,782,100,100,0.0470836478,42.9190366835,16.6666666667,15.5204925421,1.0000000000,0.8848000000,226.0397830018
162,100,0,5,100,100,0,0,9,105,685,100,100,0.0403487289,42.8786879546,20.0000000000,15.6004617855,1.0000000000,0.8840000000,226.2443438914
163,100,0,4,100,100,0,0,9,104,588,100,100,0.0381838141,42.8405041405,25.0000000000,15.6804723980,1.0000000000,0.8832000000,226.4492753623
164,100,0,2,100,100,0,0,9,102,394,100,100,0.0402381206,42.8002660199,50.0000000000,15.8404911842,1.0000000000,0.8816000000,226.8602540835
165,100,0,6,100,100,0,0,9,106,782,100,100,0.0452682830,42.7549977369,16.6666666667,15.5204740794,1.0000000000,0.8848000000,226.0397830018
166,100,0,6,100,100,0,0,9,106,782,100,100,0.0416402039,42.7133575331,16.6666666667,15.5204486760,1.0000000000,0.8848000000,226.0397830018
167,100,0,3,100,100,0,0,9,103,491,100,100,0.0361143960,42.6772431371,33.3333333333,15.7604812596,1.0000000000,0.8824000000,226.6545784225
168,100,0,5,100,100,0,0,9,105,685,100,100,0.0414367208,42.6358064163,20.0000000000,15.6004734533,1.0000000000,0.8840000000,226.2443438914
169,100,0,6,100,100,0,0,9,106,782,100,100,0.0436408365,42.5921655797,16.6666666667,15.5204604333,1.0000000000,0.8848000000,226.0397830018
170,100,0,2,100,100,0,0,9,102,394,100,100,0.0408521107,42.5513134690,50.0000000000,15.8404960551,1.0000000000,0.8816000000,226.8602540835
171,100,0,5,100,100,0,0,9,105,685,100,100,0.0389416050,42.5123718640,20.0000000000,15.6004593455,1.0000000000,0.8840000000,226.2443438914
172,100,0,4,100,100,0,0,9,104,588,100,100,0.0380951016,42.4742767624,25.0000000000,15.6804595170,1.0000000000,0.8832000000,226.4492753623
173,100,0,4,100,100,0,0,9,104,588,100,100,0.0373376401,42.4369391223,25.0000000000,15.6804615124,1.0000000000,0.8832000000,226.4492753623
174,100,0,4,100,100,0,0,9,104,588,100,100,0.0385491120,42.3983900103,25.0000000000,15.6804707995,1.0000000000,0.8832000000,226.4492753623
175,100,0,10,100,100,0,0,9,109,1170,100,100,0.0590563128,42.3393336975,10.0000000000,15.2004632629,1.0000000000,0.8872000000,225.4283137962
176,100,0,8,100,100,0,0,9,108,976,100,100,0.0482400777,42.2910936198,12.5000000000,15.3604529341,1.0000000000,0.8864000000,225.6317689531
177,100,0,4,100,100,0,0,9,104,588,100,100,0.0369141786,42.2541794412,25.0000000000,15.6804646393,1.0000000000,0.8832000000,226.4492753623
178,100,0,8,100,100,0,0,9,108,976,100,100,0.0481748893,42.2060045519,12.5000000000,15.3604562503,1.0000000000,0.8864000000,225.6317689531
179,100,0,5,100,100,0,0,9,105,685,100,100,0.0404436669,42.1655608850,20.0000000000,15.6004609391,1.0000000000,0.8840000000,226.2443438914
180,100,0,3,100,100,0,0,9,103,491,100,100,0.0338911152,42.1316697698,33.3333333333,15.7604494783,1.0000000000,0.8824000000,226.6545784225
181,100,0,6,100,100,0,0,10,106,782,100,100,0.0444091721,42.0872605977,16.6666666667,15.5204638280,1.0000000000,0.8848000000,226.0397830018
182,100,0,8,100,100,0,0,10,108,976,100,100,0.0495854698,42.0376751279,12.5000000000,15.3604526076,1.0000000000,0.8864000000,225.6317689531
183,100,0,1,100,100,0,0,10,101,297,100,100,0.0357689211,42.0019062068,100.0000000000,15.9205219713,1.0000000000,0.8808000000,227.0663033606
184,100,0,6,100,100,0,0,10,106,782,100,100,0.0410113841,41.9608948227,16.6666666667,15.5204525381,1.0000000000,0.8848000000,226.0397830018
185,100,0,4,100,100,0,0,10,104,588,100,100,0.0374369936,41.9234578291,25.0000000000,15.6804601563,1.0000000000,0.8832000000,226.4492753623
186,100,0,3,100,100,0,0,10,103,491,100,100,0.0357440816,41.8877137475,33.3333333333,15.7604586245,1.0000000000,0.8824000000,226.6545784225
187,100,0,6,100,100,0,0,10,106,782,100,100,0.0520949468,41.8356188007,16.6666666667,15.5204914031,1.0000000000,0.8848000000,226.0397830018
188,100,0,8,100,100,0,0,10,108,976,100,100,0.0458331875,41.7897856131,12.5000000000,15.3604465890,1.0000000000,0.8864000000,225.6317689531
189,100,0,4,100,100,0,0,10,104,588,100,100,0.0378913608,41.7518942523,25.0000000000,15.6804536410,1.0000000000,0.8832000000,226.4492753623
190,100,0,6,100,100,0,0,10,106,782,100,100,0.0441717009,41.7077225514,16.6666666667,15.5204593708,1.0000000000,0.8848000000,226.0397830018
191,100,0,7,100,100,0,0,10,107,879,100,100,0.0465687375,41.6611538139,14.2857142857,15.4404622048,1.0000000000,0.8856000000,225.8355916893
192,100,0,4,100,100,0,0,10,104,588,100,100,0.0380048341,41.6231489798,25.0000000000,15.6804569754,1.0000000000,0.8832000000,226.4492753623
193,100,0,7,100,100,0,0,10,107,879,100,100,0.0448688714,41.5782801084,14.2857142857,15.4404510431,1.0000000000,0.8856000000,225.8355916893
194,100,0,5,100,100,0,0,10,105,685,100,100,0.0406765443,41.5376035641,20.0000000000,15.6004721527,1.0000000000,0.8840000000,226.2443438914
195,100,0,6,100,100,0,0,10,106,782,100,100,0.0454100461,41.4921935180,16.6666666667,15.5204794875,1.0000000000,0.8848000000,226.0397830018
196,100,0,5,100,100,0,0,10,105,685,100,100,0.0418688565,41.4503246615,20.0000000000,15.6004605225,1.0000000000,0.8840000000,226.2443438914
197,100,0,4,100,100,0,0,10,104,588,100,100,0.0365330938,41.4137915677,25.0000000000,15.6804482965,1.0000000000,0.8832000000,226.4492753623
198,100,0,4,100,100,0,0,10,104,588,100,100,0.0425616657,41.3712299020,25.0000000000,15.6805072038,1.0000000000,0.8832000000,226.4492753623
199,100,0,2,100,100,0,0,10,102,394,100,100,0.0360853622,41.3351445398,50.0000000000,15.8404791479,1.0000000000,0.8816000000,226.8602540835
200,100,0,4,100,100,0,0,10,104,588,100,100,0.0429068157,41.2922377240,25.0000000000,15.6804784861,1.0000000000,0.8832000000,226.4492753623
201,100,0,8,100,100,0,0,11,108,976,100,100,0.0488826546,41.2433550694,12.5000000000,15.3604514772,1.0000000000,0.8864000000,225.6317689531
202,100,0,1,100,100,0,0,11,101,297,100,100,0.0483232729,41.1950317964,100.0000000000,15.9204564590,1.0000000000,0.8808000000,227.0663033606
203,100,0,3,100,100,0,0,11,103,491,100,100,0.0346559761,41.1603758204,33.3333333333,15.7604645001,1.0000000000,0.8824000000,226.6545784225
204,100,0,4,100,100,0,0,11,104,588,100,100,0.0392077217,41.1211680986,25.0000000000,15.6804762329,1.0000000000,0.8832000000,226.4492753623
205,100,0,7,100,100,0,0,11,107,879,100,100,0.0447413173,41.0764267813,14.2857142857,15.4404501476,1.0000000000,0.8856000000,225.8355916893
206,100,0,10,100,100,0,0,11,110,1170,100,100,0.0551133309,41.0213134504,10.0000000000,15.2004450060,1.0000000000,0.8880000000,225.2252252252
207,100,0,6,100,100,0,0,11,106,782,100,100,0.0406740919,40.9806393585,16.6666666667,15.5204527412,1.0000000000,0.8848000000,226.0397830018
208,100,0,10,100,100,0,0,11,110,1170,100,100,0.0550682780,40.9255710806,10.0000000000,15.2004478193,1.0000000000,0.8880000000,225.2252252252
209,100,0,3,100,100,0,0,11,103,491,100,100,0.0426279730,40.8829431076,33.3333333333,15.7605341218,1.0000000000,0.8824000000,226.6545784225
210,100,0,1,100,100,0,0,11,101,297,100,100,0.0360658108,40.8468772968,100.0000000000,15.9204762537,1.0000000000,0.8808000000,227.0663033606
211,100,0,8,100,100,0,0,11,108,976,100,100,0.0490367296,40.7978405672,12.5000000000,15.3604523885,1.0000000000,0.8864000000,225.6317689531
212,100,0,4,100,100,0,0,11,104,588,100,100,0.0379598522,40.7598807151,25.0000000000,15.6804746182,1.0000000000,0.8832000000,226.4492753623
213,100,0,3,100,100,0,0,11,103,491,100,100,0.0355777815,40.7243029336,33.3333333333,15.7604731707,1.0000000000,0.8824000000,226.6545784225
214,100,0,4,100,100,0,0,11,104,588,100,100,0.0380726660,40.6862302676,25.0000000000,15.6804789428,1.0000000000,0.8832000000,226.4492753623
215,100,0,4,100,100,0,0,11,104,588,100,100,0.0396147696,40.6466154980,25.0000000000,15.6804596215,1.0000000000,0.8832000000,226.4492753623
216,100,0,7,100,100,0,0,11,107,879,100,100,0.0436480667,40.6029674313,14.2857142857,15.4404511180,1.0000000000,0.8856000000,225.8355916893
217,100,0,4,100,100,0,0,11,104,588,100,100,0.0368799098,40.5660875215,25.0000000000,15.6804576197,1.0000000000,0.8832000000,226.4492753623
218,100,0,6,100,100,0,0,11,106,782,100,100,0.0450880346,40.5209994869,16.6666666667,15.5204617903,1.0000000000,0.8848000000,226.0397830018
219,100,0,4,100,100,0,0,11,104,588,100,100,0.0377360867,40.4832634002,25.0000000000,15.6804686535,1.0000000000,0.8832000000,226.4492753623
220,100,0,3,100,100,0,0,11,103,491,100,100,0.0357259684,40.4475374318,33.3333333333,15.7604695058,1.0000000000,0.8824000000,226.6545784225
221,100,0,6,100,100,0,0,12,106,782,100,100,0.0409434575,40.4065939743,16.6666666667,15.5204492134,1.0000000000,0.8848000000,226.0397830018
222,100,0,6,100,100,0,0,12,106,782,100,100,0.0435694530,40.3630245213,16.6666666667,15.5204530038,1.0000000000,0.8848000000,226.0397830018
223,100,0,2,100,100,0,0,12,102,394,100,100,0.0344353366,40.3285891847,50.0000000000,15.8404786965,1.0000000000,0.8816000000,226.8602540835
224,100,0,4,100,100,0,0,12,104,588,100,100,0.0368863928,40.2917027919,25.0000000000,15.6804591581,1.0000000000,0.8832000000,226.4492753623
225,100,0,2,100,100,0,0,12,102,394,100,100,0.0338237933,40.2578789986,50.0000000000,15.8404557965,1.0000000000,0.8816000000,226.8602540835
226,100,0,11,100,100,0,0,12,111,1267,100,100,0.0604552531,40.1974237456,9.0909090909,15.1204526424,1.0000000000,0.8888000000,225.0225022502
227,100,0,5,100,100,0,0,12,105,685,100,100,0.0440860110,40.1533377346,20.0000000000,15.6004949817,1.0000000000,0.8840000000,226.2443438914
228,100,0,6,100,100,0,0,12,106,782,100,100,0.0446313432,40.1087063914,16.6666666667,15.5204709763,1.0000000000,0.8848000000,226.0397830018
229,100,0,4,100,100,0,0,12,104,588,100,100,0.0401357152,40.0685706762,25.0000000000,15.6804792186,1.0000000000,0.8832000000,226.4492753623
230,100,0,7,100,100,0,0,12,107,879,100,100,0.0424248918,40.0261457844,14.2857142857,15.4404413382,1.0000000000,0.8856000000,225.8355916893
231,100,0,1,100,100,0,0,12,101,297,100,100,0.0384415001,39.9877042843,100.0000000000,15.9204625093,1.0000000000,0.8808000000,227.0663033606
232,100,0,6,100,100,0,0,12,106,782,100,100,0.0414270356,39.9462772487,16.6666666667,15.5204562023,1.0000000000,0.8848000000,226.0397830018
233,100,0,4,100,100,0,0,12,104,588,100,100,0.0418616429,39.9044156058,25.0000000000,15.6804993225,1.0000000000,0.8832000000,226.4492753623
234,100,0,1,100,100,0,0,12,101,297,100,100,0.0457001403,39.8587154655,100.0000000000,15.9205557756,1.0000000000,0.8808000000,227.0663033606
235,100,0,5,100,100,0,0,12,105,685,100,100,0.0425369127,39.8161785528,20.0000000000,15.6004753063,1.0000000000,0.8840000000,226.2443438914
236,100,0,4,100,100,0,0,12,104,588,100,100,0.0408780614,39.7753004914,25.0000000000,15.6804760502,1.0000000000,0.8832000000,226.4492753623
237,100,0,13,100,100,0,0,12,113,1461,100,100,0.0603635819,39.7149369095,7.6923076923,14.9604393047,1.0000000000,0.8904000000,224.6181491465
238,100,0,4,100,100,0,0,12,104,588,100,100,0.0378206467,39.6771162628,25.0000000000,15.6804670383,1.0000000000,0.8832000000,226.4492753623
239,100,0,5,100,100,0,0,12,105,685,100,100,0.0437332029,39.6333830599,20.0000000000,15.6004807491,1.0000000000,0.8840000000,226.2443438914
240,100,0,4,100,100,0,0,12,103,588,100,100,0.0414420995,39.5919409604,25.0000000000,15.6804750805,1.0000000000,0.8824000000,226.6545784225
241,100,0,4,100,100,0,0,13,104,588,100,100,0.0367018142,39.5552391462,25.0000000000,15.6804594917,1.0000000000,0.8832000000,226.4492753623
242,100,0,3,100,100,0,0,13,103,491,100,100,0.0347055025,39.5205336438,33.3333333333,15.7604596677,1.0000000000,0.8824000000,226.6545784225
243,100,0,3,100,100,0,0,13,103,491,100,100,0.0374731365,39.4830605073,33.3333333333,15.7604573389,1.0000000000,0.8824000000,226.6545784225
244,100,0,9,100,100,0,0,13,109,1073,100,100,0.0510226512,39.4320378561,11.1111111111,15.2804498360,1.0000000000,0.8872000000,225.4283137962
245,100,0,5,100,100,0,0,13,105,685,100,100,0.0393829078,39.3926549483,20.0000000000,15.6004563125,1.0000000000,0.8840000000,226.2443438914
246,100,0,4,100,100,0,0,13,104,588,100,100,0.0372632196,39.3553917287,25.0000000000,15.6804658375,1.0000000000,0.8832000000,226.4492753623
247,100,0,7,100,100,0,0,13,107,879,100,100,0.0451031415,39.3102885873,14.2857142857,15.4404548423,1.0000000000,0.8856000000,225.8355916893
248,100,0,5,100,100,0,0,13,104,685,100,100,0.0449584033,39.2653301840,20.0000000000,15.6004815621,1.0000000000,0.8832000000,226.4492753623
249,100,0,6,100,100,0,0,13,106,782,100,100,0.0429631177,39.2223670663,16.6666666667,15.5204628263,1.0000000000,0.8848000000,226.0397830018
250,100,0,7,100,100,0,0,13,107,879,100,100,0.0484311143,39.1739359520,14.2857142857,15.4404610925,1.0000000000,0.8856000000,225.8355916893
251,100,0,2,100,100,0,0,13,102,394,100,100,0.0496441348,39.1242918172,50.0000000000,15.8405807774,1.0000000000,0.8816000000,226.8602540835
252,100,0,5,100,100,0,0,13,105,685,100,100,0.0406380129,39.0836538043,20.0000000000,15.6004637833,1.0000000000,0.8840000000,226.2443438914
253,100,0,4,100,100,0,0,13,104,588,100,100,0.0353594648,39.0482943395,25.0000000000,15.6804474908,1.0000000000,0.8832000000,226.4492753623
254,100,0,3,100,100,0,0,13,103,491,100,100,0.0392254972,39.0090688422,33.3333333333,15.7604912309,1.0000000000,0.8824000000,226.6545784225
255,100,0,4,100,100,0,0,13,104,588,100,100,0.0409294995,38.9681393428,25.0000000000,15.6804738800,1.0000000000,0.8832000000,226.4492753623
256,100,0,6,100,100,0,0,13,106,782,100,100,0.0436574357,38.9244819071,16.6666666667,15.5204664798,1.0000000000,0.8848000000,226.0397830018
257,100,0,8,100,100,0,0,13,108,976,100,100,0.0456139380,38.8788679691,12.5000000000,15.3604454421,1.0000000000,0.8864000000,225.6317689531
258,100,0,6,100,100,0,0,13,106,782,100,100,0.0434987803,38.8353691888,16.6666666667,15.5204611254,1.0000000000,0.8848000000,226.0397830018
259,100,0,4,100,100,0,0,13,104,588,100,100,0.0418537606,38.7935154282,25.0000000000,15.6804814232,1.0000000000,0.8832000000,226.4492753623
260,100,0,5,100,100,0,0,13,105,685,100,100,0.0392441937,38.7542712345,20.0000000000,15.6004526897,1.0000000000,0.8840000000,226.2443438914
261,100,0,6,100,100,0,0,14,106,782,100,100,0.0437318962,38.7105393383,16.6666666667,15.5204687631,1.0000000000,0.8848000000,226.0397830018
262,100,0,5,100,100,0,0,14,105,685,100,100,0.0397639011,38.6707754372,20.0000000000,15.6004610352,1.0000000000,0.8840000000,226.2443438914
263,100,0,7,100,100,0,0,14,107,879,100,100,0.0495996007,38.6211758365,14.2857142857,15.4404668888,1.0000000000,0.8856000000,225.8355916893
264,100,0,4,100,100,0,0,14,104,588,100,100,0.0370993192,38.5840765173,25.0000000000,15.6804700568,1.0000000000,0.8832000000,226.4492753623
265,100,0,8,100,100,0,0,14,108,976,100,100,0.0510144823,38.5330620349,12.5000000000,15.3604614169,1.0000000000,0.8864000000,225.6317689531
266,100,0,6,100,100,0,0,14,106,782,100,100,0.0426249703,38.4904370647,16.6666666667,15.5204361934,1.0000000000,0.8848000000,226.0397830018
267,100,0,5,100,100,0,0,14,105,685,100,100,0.0383591627,38.4520779019,20.0000000000,15.6004509367,1.0000000000,0.8840000000,226.2443438914
268,100,0,5,100,100,0,0,14,105,685,100,100,0.0391259087,38.4129519932,20.0000000000,15.6004474007,1.0000000000,0.8840000000,226.2443438914
269,100,0,4,100,100,0,0,14,104,588,100,100,0.0402096050,38.3727423882,25.0000000000,15.6804737112,1.0000000000,0.8832000000,226.4492753623
270,100,0,3,100,100,0,0,14,103,491,100,100,0.0354787211,38.3372636671,33.3333333333,15.7604518659,1.0000000000,0.8824000000,226.6545784225
271,100,0,4,100,100,0,0,14,104,588,100,100,0.0396880184,38.2975756486,25.0000000000,15.6804805237,1.0000000000,0.8832000000,226.4492753623
272,100,0,6,100,100,0,0,14,106,782,100,100,0.0464169191,38.2511587295,16.6666666667,15.5204652160,1.0000000000,0.8848000000,226.0397830018
273,100,0,3,100,100,0,0,14,103,491,100,100,0.0355885398,38.2155701897,33.3333333333,15.7604596733,1.0000000000,0.8824000000,226.6545784225
274,100,0,5,100,100,0,0,14,105,685,100,100,0.0396729997,38.1758971900,20.0000000000,15.6004606851,1.0000000000,0.8840000000,226.2443438914
275,100,0,5,100,100,0,0,14,105,685,100,100,0.0443799536,38.1315172364,20.0000000000,15.6004841267,1.0000000000,0.8840000000,226.2443438914
276,100,0,2,100,100,0,0,14,102,394,100,100,0.0337267872,38.0977904492,50.0000000000,15.8404488290,1.0000000000,0.8816000000,226.8602540835
277,100,0,8,100,100,0,0,14,107,976,100,100,0.0551506834,38.0426397658,12.5000000000,15.3604801185,1.0000000000,0.8856000000,225.8355916893
278,100,0,6,100,100,0,0,14,106,782,100,100,0.0433079123,37.9993318534,16.6666666667,15.5204519342,1.0000000000,0.8848000000,226.0397830018
279,100,0,7,100,100,0,0,14,107,879,100,100,0.0456202018,37.9537116516,14.2857142857,15.4404512651,1.0000000000,0.8856000000,225.8355916893
280,100,0,1,100,100,0,0,14,101,297,100,100,0.0498073824,37.9039042692,100.0000000000,15.9206040689,1.0000000000,0.8808000000,227.0663033606
281,100,0,8,100,100,0,0,15,108,976,100,100,0.0488395821,37.8550646871,12.5000000000,15.3604516818,1.0000000000,0.8864000000,225.6317689531
282,100,0,10,100,100,0,0,15,110,1170,100,100,0.0565982326,37.7984664545,10.0000000000,15.2004595345,1.0000000000,0.8880000000,225.2252252252
283,100,0,3,100,100,0,0,15,103,491,100,100,0.0369840718,37.7614823828,33.3333333333,15.7604919393,1.0000000000,0.8824000000,226.6545784225
284,100,0,1,100,100,0,0,15,101,297,100,100,0.0357315188,37.7257508640,100.0000000000,15.9204839124,1.0000000000,0.8808000000,227.0663033606
285,100,0,6,100,100,0,0,15,106,782,100,100,0.0438004115,37.6819504525,16.6666666667,15.5204654291,1.0000000000,0.8848000000,226.0397830018
286,100,0,2,100,100,0,0,15,102,394,100,100,0.0351754833,37.6467749692,50.0000000000,15.8404799565,1.0000000000,0.8816000000,226.8602540835
287,100,0,4,100,100,0,0,15,104,588,100,100,0.0410338438,37.6057411253,25.0000000000,15.6804968550,1.0000000000,0.8832000000,226.4492753623
288,100,0,9,100,100,0,0,15,109,1073,100,100,0.0555162355,37.5502248898,11.1111111111,15.2804635546,1.0000000000,0.8872000000,225.4283137962
289,100,0,7,100,100,0,0,15,107,879,100,100,0.0500086742,37.5002162156,14.2857142857,15.4404733081,1.0000000000,0.8856000000,225.8355916893
290,100,0,6,100,100,0,0,15,106,782,100,100,0.0426092818,37.4576069339,16.6666666667,15.5204470553,1.0000000000,0.8848000000,226.0397830018
291,100,0,4,100,100,0,0,15,104,588,100,100,0.0420642938,37.4155426401,25.0000000000,15.6804437056,1.0000000000,0.8832000000,226.4492753623
292,100,0,7,100,100,0,0,15,107,879,100,100,0.0455862551,37.3699563850,14.2857142857,15.4404546502,1.0000000000,0.8856000000,225.8355916893
293,100,0,3,100,100,0,0,15,103,491,100,100,0.0367955865,37.3331607984,33.3333333333,15.7604404036,1.0000000000,0.8824000000,226.6545784225
294,100,0,3,100,100,0,0,15,103,491,100,100,0.0367014128,37.2964593856,33.3333333333,15.7604766673,1.0000000000,0.8824000000,226.6545784225
295,100,0,2,100,100,0,0,15,102,394,100,100,0.0408606953,37.2555986903,50.0000000000,15.8405117173,1.0000000000,0.8816000000,226.8602540835
296,100,0,5,100,100,0,0,15,105,685,100,100,0.0466289988,37.2089696915,20.0000000000,15.6004911486,1.0000000000,0.8840000000,226.2443438914
297,100,0,5,100,100,0,0,15,105,685,100,100,0.0421478251,37.1668218664,20.0000000000,15.6004371044,1.0000000000,0.8840000000,226.2443438914
298,100,0,2,100,100,0,0,15,102,394,100,100,0.0350109192,37.1318109472,50.0000000000,15.8404545243,1.0000000000,0.8816000000,226.8602540835
299,100,0,5,100,100,0,0,15,105,685,100,100,0.0399065814,37.0919043658,20.0000000000,15.6004514089,1.0000000000,0.8840000000,226.2443438914
300,100,0,8,100,100,0,0,15,108,976,100,100,0.0478263630,37.0440780028,12.5000000000,15.3604521180,1.0000000000,0.8864000000,225.6317689531
301,100,0,7,100,100,0,0,16,107,879,100,100,0.0450484891,36.9990295137,14.2857142857,15.4404538069,1.0000000000,0.8856000000,225.8355916893
302,100,0,5,100,100,0,0,16,105,685,100,100,0.0396694544,36.9593600593,20.0000000000,15.6004346100,1.0000000000,0.8840000000,226.2443438914
303,100,0,9,100,100,0,0,16,109,1073,100,100,0.0528162235,36.9065438358,11.1111111111,15.2804527006,1.0000000000,0.8872000000,225.4283137962
304,100,0,9,100,100,0,0,16,109,1073,100,100,0.0476269809,36.8589168549,11.1111111111,15.2804493248,1.0000000000,0.8872000000,225.4283137962
305,100,0,5,100,100,0,0,16,105,685,100,100,0.0425843236,36.8163325313,20.0000000000,15.6004690331,1.0000000000,0.8840000000,226.2443438914
306,100,0,3,100,100,0,0,16,103,491,100,100,0.0405487397,36.7757837916,33.3333333333,15.7604558534,1.0000000000,0.8824000000,226.6545784225
307,100,0,3,100,100,0,0,16,103,491,100,100,0.0365968180,36.7391869736,33.3333333333,15.7604721935,1.0000000000,0.8824000000,226.6545784225
308,100,0,5,100,100,0,0,16,105,685,100,100,0.0394803257,36.6997066480,20.0000000000,15.6004586160,1.0000000000,0.8840000000,226.2443438914
309,100,0,5,100,100,0,0,16,105,685,100,100,0.0438552758,36.6558513722,20.0000000000,15.6004749190,1.0000000000,0.8840000000,226.2443438914
310,100,0,5,100,100,0,0,16,105,685,100,100,0.0388646242,36.6169867480,20.0000000000,15.6004564575,1.0000000000,0.8840000000,226.2443438914
311,100,0,4,100,100,0,0,16,104,588,100,100,0.0378512374,36.5791355106,25.0000000000,15.6804638659,1.0000000000,0.8832000000,226.4492753623
312,100,0,6,100,100,0,0,16,106,782,100,100,0.0441986478,36.5349368628,16.6666666667,15.5204659401,1.0000000000,0.8848000000,226.0397830018
313,100,0,5,100,100,0,0,16,105,685,100,100,0.0402290785,36.4947077843,20.0000000000,15.6004612168,1.0000000000,0.8840000000,226.2443438914
314,100,0,7,100,100,0,0,16,107,879,100,100,0.0477470482,36.4469607360,14.2857142857,15.4404668242,1.0000000000,0.8856000000,225.8355916893
315,100,0,5,100,100,0,0,16,105,685,100,100,0.0445311165,36.4024296196,20.0000000000,15.6004889568,1.0000000000,0.8840000000,226.2443438914
316,100,0,2,100,100,0,0,16,102,394,100,100,0.0348074867,36.3676221329,50.0000000000,15.8404681391,1.0000000000,0.8816000000,226.8602540835
317,100,0,5,100,100,0,0,16,105,685,100,100,0.0428707274,36.3247514055,20.0000000000,15.6004700522,1.0000000000,0.8840000000,226.2443438914
318,100,0,4,100,100,0,0,16,104,588,100,100,0.0357752832,36.2889761222,25.0000000000,15.6804567685,1.0000000000,0.8832000000,226.4492753623
319,100,0,2,100,100,0,0,16,102,394,100,100,0.0371979345,36.2517781878,50.0000000000,15.8405193327,1.0000000000,0.8816000000,226.8602540835
320,100,0,4,100,100,0,0,16,104,588,100,100,0.0360757589,36.2157024288,25.0000000000,15.6804537583,1.0000000000,0.8832000000,226.4492753623
321,100,0,3,100,100,0,0,17,103,491,100,100,0.0412805333,36.1744218955,33.3333333333,15.7605257810,1.0000000000,0.8824000000,226.6545784225
322,100,0,10,100,100,0,0,17,110,1170,100,100,0.0553818424,36.1190400531,10.0000000000,15.2004510587,1.0000000000,0.8880000000,225.2252252252
323,100,0,6,100,100,0,0,17,106,782,100,100,0.0434387059,36.0756013472,16.6666666667,15.5204598610,1.0000000000,0.8848000000,226.0397830018
324,100,0,8,100,100,0,0,17,108,976,100,100,0.0468383930,36.0287629542,12.5000000000,15.3604504285,1.0000000000,0.8864000000,225.6317689531
325,100,0,4,100,100,0,0,17,104,588,100,100,0.0387551410,35.9900078132,25.0000000000,15.6804469199,1.0000000000,0.8832000000,226.4492753623
326,100,0,4,100,100,0,0,17,104,588,100,100,0.0437885783,35.9462192349,25.0000000000,15.6804893896,1.0000000000,0.8832000000,226.4492753623
327,100,0,7,100,100,0,0,17,107,879,100,100,0.0501003408,35.8961188941,14.2857142857,15.4404796056,1.0000000000,0.8856000000,225.8355916893
328,100,0,2,100,100,0,0,17,102,394,100,100,0.0365031364,35.8596157577,50.0000000000,15.8404649262,1.0000000000,0.8816000000,226.8602540835
329,100,0,8,100,100,0,0,17,108,976,100,100,0.0449189440,35.8146968137,12.5000000000,15.3604476929,1.0000000000,0.8864000000,225.6317689531
330,100,0,8,100,100,0,0,17,108,976,100,100,0.0511043303,35.7635924834,12.5000000000,15.3604648200,1.0000000000,0.8864000000,225.6317689531
331,100,0,5,100,100,0,0,17,105,685,100,100,0.0397223031,35.7238701803,20.0000000000,15.6004656304,1.0000000000,0.8840000000,226.2443438914
332,100,0,2,100,100,0,0,17,102,394,100,100,0.0364113718,35.6874588086,50.0000000000,15.8404725081,1.0000000000,0.8816000000,226.8602540835
333,100,0,2,100,100,0,0,17,102,394,100,100,0.0341813993,35.6532774093,50.0000000000,15.8404858954,1.0000000000,0.8816000000,226.8602540835
334,100,0,4,100,100,0,0,17,103,588,100,100,0.0418676427,35.6114097666,25.0000000000,15.6804929390,1.0000000000,0.8824000000,226.6545784225
335,100,0,4,100,100,0,0,17,104,588,100,100,0.0365458683,35.5748638983,25.0000000000,15.6804428550,1.0000000000,0.8832000000,226.4492753623
336,100,0,5,100,100,0,0,17,105,685,100,100,0.0385096077,35.5363542907,20.0000000000,15.6004576458,1.0000000000,0.8840000000,226.2443438914
337,100,0,4,100,100,0,0,17,104,588,100,100,0.0405055530,35.4958487376,25.0000000000,15.6804373709,1.0000000000,0.8832000000,226.4492753623
338,100,0,5,100,100,0,0,17,105,685,100,100,0.0432975469,35.4525511908,20.0000000000,15.6004894228,1.0000000000,0.8840000000,226.2443438914
339,100,0,5,100,100,0,0,17,105,685,100,100,0.0427702197,35.4097809710,20.0000000000,15.6004731173,1.0000000000,0.8840000000,226.2443438914
340,100,0,4,100,100,0,0,17,104,588,100,100,0.0398580472,35.3699229239,25.0000000000,15.6804729556,1.0000000000,0.8832000000,226.4492753623
341,100,0,4,100,100,0,0,18,104,588,100,100,0.0390570345,35.3308658893,25.0000000000,15.6804800834,1.0000000000,0.8832000000,226.4492753623
342,100,0,8,100,100,0,0,18,108,976,100,100,0.0502318964,35.2806339930,12.5000000000,15.3604605310,1.0000000000,0.8864000000,225.6317689531
343,100,0,2,100,100,0,0,18,102,394,100,100,0.0381340801,35.2424999129,50.0000000000,15.8405280787,1.0000000000,0.8816000000,226.8602540835
344,100,0,5,100,100,0,0,18,105,685,100,100,0.0391080813,35.2033918316,20.0000000000,15.6004640541,1.0000000000,0.8840000000,226.2443438914
345,100,0,3,100,100,0,0,18,103,491,100,100,0.0384084325,35.1649833991,33.3333333333,15.7604924347,1.0000000000,0.8824000000,226.6545784225
346,100,0,4,100,100,0,0,18,104,588,100,100,0.0404851866,35.1244982125,25.0000000000,15.6804748329,1.0000000000,0.8832000000,226.4492753623
347,100,0,7,100,100,0,0,18,107,879,100,100,0.0465617877,35.0779364248,14.2857142857,15.4404566334,1.0000000000,0.8856000000,225.8355916893
348,100,0,4,100,100,0,0,18,104,588,100,100,0.0386620455,35.0392743793,25.0000000000,15.6804745981,1.0000000000,0.8832000000,226.4492753623
349,100,0,7,100,100,0,0,18,107,879,100,100,0.0434678103,34.9958065690,14.2857142857,15.4404515152,1.0000000000,0.8856000000,225.8355916893
350,100,0,11,100,100,0,0,18,111,1267,100,100,0.0587315163,34.9370750527,9.0909090909,15.1204450863,1.0000000000,0.8888000000,225.0225022502
351,100,0,5,100,100,0,0,18,105,685,100,100,0.0424104735,34.8946645792,20.0000000000,15.6004703700,1.0000000000,0.8840000000,226.2443438914
352,100,0,8,100,100,0,0,18,108,976,100,100,0.0501293628,34.8445352164,12.5000000000,15.3604488626,1.0000000000,0.8864000000,225.6317689531
353,100,0,2,100,100,0,0,18,102,394,100,100,0.0344372507,34.8100979658,50.0000000000,15.8404849163,1.0000000000,0.8816000000,226.8602540835
354,100,0,5,100,100,0,0,18,105,685,100,100,0.0412789989,34.7688189668,20.0000000000,15.6004483601,1.0000000000,0.8840000000,226.2443438914
355,100,0,7,100,100,0,0,18,107,879,100,100,0.0450673379,34.7237516290,14.2857142857,15.4404542311,1.0000000000,0.8856000000,225.8355916893
356,100,0,5,100,100,0,0,18,105,685,100,100,0.0439579153,34.6797937136,20.0000000000,15.6004768297,1.0000000000,0.8840000000,226.2443438914
357,100,0,4,100,100,0,0,18,104,588,100,100,0.0375172731,34.6422764405,25.0000000000,15.6804714889,1.0000000000,0.8832000000,226.4492753623
358,100,0,4,100,100,0,0,18,104,588,100,100,0.0371794788,34.6050969617,25.0000000000,15.6804559861,1.0000000000,0.8832000000,226.4492753623
359,100,0,1,100,100,0,0,18,101,297,100,100,0.0348612193,34.5702357424,100.0000000000,15.9204741579,1.0000000000,0.8808000000,227.0663033606
360,100,0,4,100,100,0,0,18,104,588,100,100,0.0376714285,34.5325643139,25.0000000000,15.6804570999,1.0000000000,0.8832000000,226.4492753623
361,100,0,5,100,100,0,0,19,105,685,100,100,0.0394660458,34.4930982681,20.0000000000,15.6004578919,1.0000000000,0.8840000000,226.2443438914
362,100,0,4,100,100,0,0,19,104,588,100,100,0.0429500996,34.4501481685,25.0000000000,15.6804838611,1.0000000000,0.8832000000,226.4492753623
363,100,0,8,100,100,0,0,19,108,976,100,100,0.0487671366,34.4013810319,12.5000000000,15.3604586496,1.0000000000,0.8864000000,225.6317689531
364,100,0,6,100,100,0,0,19,106,782,100,100,0.0426293505,34.3587516815,16.6666666667,15.5204516749,1.0000000000,0.8848000000,226.0397830018
365,100,0,6,100,100,0,0,19,106,782,100,100,0.0426101541,34.3161415273,16.6666666667,15.5204558177,1.0000000000,0.8848000000,226.0397830018
366,100,0,3,100,100,0,0,19,103,491,100,100,0.0347357494,34.2814057779,33.3333333333,15.7604452476,1.0000000000,0.8824000000,226.6545784225
367,100,0,5,100,100,0,0,19,105,685,100,100,0.0409615465,34.2404442314,20.0000000000,15.6004661688,1.0000000000,0.8840000000,226.2443438914
368,100,0,6,100,100,0,0,19,106,782,100,100,0.0460837473,34.1943604841,16.6666666667,15.5204687784,1.0000000000,0.8848000000,226.0397830018
369,100,0,5,100,100,0,0,19,105,685,100,100,0.0452680928,34.1490923913,20.0000000000,15.6004965380,1.0000000000,0.8840000000,226.2443438914
370,100,0,5,100,100,0,0,19,105,685,100,100,0.0401095445,34.1089828468,20.0000000000,15.6004568908,1.0000000000,0.8840000000,226.2443438914
371,100,0,6,100,100,0,0,19,106,782,100,100,0.0420208037,34.0669620430,16.6666666667,15.5204443126,1.0000000000,0.8848000000,226.0397830018
372,100,0,3,100,100,0,0,19,103,491,100,100,0.0383315671,34.0286304760,33.3333333333,15.7604600107,1.0000000000,0.8824000000,226.6545784225
373,100,0,6,100,100,0,0,19,105,782,100,100,0.0516204799,33.9770099961,16.6666666667,15.5205143773,1.0000000000,0.8840000000,226.2443438914
374,100,0,6,100,100,0,0,19,106,782,100,100,0.0428748651,33.9341351310,16.6666666667,15.5204586785,1.0000000000,0.8848000000,226.0397830018
375,100,0,2,100,100,0,0,19,102,394,100,100,0.0391278518,33.8950072791,50.0000000000,15.8404346244,1.0000000000,0.8816000000,226.8602540835
376,100,0,4,100,100,0,0,19,104,588,100,100,0.0438102860,33.8511969931,25.0000000000,15.6805132439,1.0000000000,0.8832000000,226.4492753623
377,100,0,2,100,100,0,0,19,102,394,100,100,0.0342800595,33.8169169336,50.0000000000,15.8404709247,1.0000000000,0.8816000000,226.8602540835
378,100,0,5,100,100,0,0,19,105,685,100,100,0.0411414590,33.7757754746,20.0000000000,15.6004705838,1.0000000000,0.8840000000,226.2443438914
379,100,0,9,100,100,0,0,19,109,1073,100,100,0.0492979498,33.7264775249,11.1111111111,15.2804488024,1.0000000000,0.8872000000,225.4283137962
380,100,0,4,100,100,0,0,19,104,588,100,100,0.0386400115,33.6878375134,25.0000000000,15.6804677217,1.0000000000,0.8832000000,226.4492753623
381,100,0,3,100,100,0,0,20,103,491,100,100,0.0389325280,33.6489049854,33.3333333333,15.7604840182,1.0000000000,0.8824000000,226.6545784225
382,100,0,4,100,100,0,0,20,104,588,100,100,0.0380457961,33.6108591894,25.0000000000,15.6804676657,1.0000000000,0.8832000000,226.4492753623
383,100,0,5,100,100,0,0,20,105,685,100,100,0.0436822629,33.5671769264,20.0000000000,15.6004830477,1.0000000000,0.8840000000,226.2443438914
384,100,0,4,100,100,0,0,20,104,588,100,100,0.0380457734,33.5291311530,25.0000000000,15.6804719255,1.0000000000,0.8832000000,226.4492753623
385,100,0,6,100,100,0,0,20,106,782,100,100,0.0420713150,33.4870598380,16.6666666667,15.5204486805,1.0000000000,0.8848000000,226.0397830018
386,100,0,8,100,100,0,0,20,108,976,100,100,0.0450418184,33.4420180197,12.5000000000,15.3604465000,1.0000000000,0.8864000000,225.6317689531
387,100,0,3,100,100,0,0,20,103,491,100,100,0.0360628460,33.4059551737,33.3333333333,15.7604682897,1.0000000000,0.8824000000,226.6545784225
388,100,0,3,100,100,0,0,20,103,491,100,100,0.0392228108,33.3667323629,33.3333333333,15.7604977293,1.0000000000,0.8824000000,226.6545784225
389,100,0,7,100,100,0,0,20,107,879,100,100,0.0485530470,33.3181793159,14.2857142857,15.4404755297,1.0000000000,0.8856000000,225.8355916893
390,100,0,6,100,100,0,0,20,106,782,100,100,0.0462388217,33.2719404941,16.6666666667,15.5204758487,1.0000000000,0.8848000000,226.0397830018
391,100,0,3,100,100,0,0,20,103,491,100,100,0.0358944132,33.2360460809,33.3333333333,15.7604799911,1.0000000000,0.8824000000,226.6545784225
392,100,0,3,100,100,0,0,20,103,491,100,100,0.0382916607,33.1977544202,33.3333333333,15.7604816728,1.0000000000,0.8824000000,226.6545784225
393,100,0,6,100,100,0,0,20,106,782,100,100,0.0414565339,33.1562978864,16.6666666667,15.5204552437,1.0000000000,0.8848000000,226.0397830018
394,100,0,4,100,100,0,0,20,104,588,100,100,0.0359104116,33.1203874748,25.0000000000,15.6804463104,1.0000000000,0.8832000000,226.4492753623
395,100,0,9,100,100,0,0,20,109,1073,100,100,0.0486995777,33.0716878971,11.1111111111,15.2804436165,1.0000000000,0.8872000000,225.4283137962
396,100,0,5,100,100,0,0,20,105,685,100,100,0.0436288966,33.0280590005,20.0000000000,15.6004785644,1.0000000000,0.8840000000,226.2443438914
397,100,0,5,100,100,0,0,20,105,685,100,100,0.0412484286,32.9868105719,20.0000000000,15.6004687418,1.0000000000,0.8840000000,226.2443438914
398,100,0,9,100,100,0,0,20,109,1073,100,100,0.0505210710,32.9362895010,11.1111111111,15.2804508044,1.0000000000,0.8872000000,225.4283137962
399,100,0,5,100,100,0,0,20,105,685,100,100,0.0405115054,32.8957779956,20.0000000000,15.6004569029,1.0000000000,0.8840000000,226.2443438914
400,100,0,2,100,100,0,0,20,102,394,100,100,0.0339994898,32.8617785058,50.0000000000,15.8404764944,1.0000000000,0.8816000000,226.8602540835
401,100,0,8,100,100,0,0,21,107,976,100,100,0.0491050226,32.8126734832,12.5000000000,15.3604583666,1.0000000000,0.8856000000,225.8355916893
402,100,0,6,100,100,0,0,21,106,782,100,100,0.0455667507,32.7671067324,16.6666666667,15.5204788178,1.0000000000,0.8848000000,226.0397830018
403,100,0,4,100,100,0,0,21,104,588,100,100,0.0391789796,32.7279277528,25.0000000000,15.6804615170,1.0000000000,0.8832000000,226.4492753623
404,100,0,5,100,100,0,0,21,105,685,100,100,0.0394041224,32.6885236304,20.0000000000,15.6004415631,1.0000000000,0.8840000000,226.2443438914
405,100,0,5,100,100,0,0,21,105,685,100,100,0.0403529833,32.6481706471,20.0000000000,15.6004638857,1.0000000000,0.8840000000,226.2443438914
406,100,0,8,100,100,0,0,21,108,976,100,100,0.0458528256,32.6023178215,12.5000000000,15.3604478212,1.0000000000,0.8864000000,225.6317689531
407,100,0,3,100,100,0,0,21,103,491,100,100,0.0358639491,32.5664538725,33.3333333333,15.7604719824,1.0000000000,0.8824000000,226.6545784225
408,100,0,5,100,100,0,0,21,105,685,100,100,0.0422740044,32.5241798681,20.0000000000,15.6004797783,1.0000000000,0.8840000000,226.2443438914
409,100,0,3,100,100,0,0,21,103,491,100,100,0.0356116261,32.4885682420,33.3333333333,15.7604666203,1.0000000000,0.8824000000,226.6545784225
410,100,0,9,100,100,0,0,21,109,1073,100,100,0.0541560011,32.4344122409,11.1111111111,15.2804587388,1.0000000000,0.8872000000,225.4283137962
411,100,0,5,100,100,0,0,21,105,685,100,100,0.0382114236,32.3962008173,20.0000000000,15.6004512217,1.0000000000,0.8840000000,226.2443438914
412,100,0,5,100,100,0,0,21,105,685,100,100,0.0398559608,32.3563448565,20.0000000000,15.6004650025,1.0000000000,0.8840000000,226.2443438914
413,100,0,4,100,100,0,0,21,104,588,100,100,0.0389103479,32.3174345086,25.0000000000,15.6804725432,1.0000000000,0.8832000000,226.4492753623
414,100,0,4,100,100,0,0,21,104,588,100,100,0.0366866732,32.2807478354,25.0000000000,15.6804454190,1.0000000000,0.8832000000,226.4492753623
415,100,0,5,100,100,0,0,21,105,685,100,100,0.0502011315,32.2305467040,20.0000000000,15.6005139645,1.0000000000,0.8840000000,226.2443438914
416,100,0,4,100,100,0,0,21,104,588,100,100,0.0383688718,32.1921778322,25.0000000000,15.6804832636,1.0000000000,0.8832000000,226.4492753623
417,100,0,6,100,100,0,0,21,106,782,100,100,0.0449524049,32.1472254273,16.6666666667,15.5204727394,1.0000000000,0.8848000000,226.0397830018
418,100,0,4,100,100,0,0,21,104,588,100,100,0.0403124084,32.1069130189,25.0000000000,15.6804777213,1.0000000000,0.8832000000,226.4492753623
419,100,0,5,100,100,0,0,21,105,685,100,100,0.0394165513,32.0674964676,20.0000000000,15.6004603301,1.0000000000,0.8840000000,226.2443438914
420,100,0,2,100,100,0,0,21,102,394,100,100,0.0388360550,32.0286604126,50.0000000000,15.8404747101,1.0000000000,0.8816000000,226.8602540835
421,100,0,3,100,100,0,0,22,103,491,100,100,0.0357564486,31.9929039640,33.3333333333,15.7604775975,1.0000000000,0.8824000000,226.6545784225
422,100,0,1,100,100,0,0,22,101,297,100,100,0.0437532534,31.9491507105,100.0000000000,15.9204773987,1.0000000000,0.8808000000,227.0663033606
423,100,0,8,100,100,0,0,22,108,976,100,100,0.0485745490,31.9005761615,12.5000000000,15.3604566918,1.0000000000,0.8864000000,225.6317689531
424,100,0,8,100,100,0,0,22,108,976,100,100,0.0487584430,31.8518177185,12.5000000000,15.3604584281,1.0000000000,0.8864000000,225.6317689531
425,100,0,4,100,100,0,0,22,104,588,100,100,0.0365295569,31.8152881617,25.0000000000,15.6804574447,1.0000000000,0.8832000000,226.4492753623
426,100,0,11,100,100,0,0,22,111,1267,100,100,0.0565661922,31.7587219695,9.0909090909,15.1204518823,1.0000000000,0.8888000000,225.0225022502
427,100,0,2,100,100,0,0,22,102,394,100,100,0.0368811297,31.7218408398,50.0000000000,15.8404945576,1.0000000000,0.8816000000,226.8602540835
428,100,0,7,100,100,0,0,22,107,879,100,100,0.0468874335,31.6749534063,14.2857142857,15.4404590178,1.0000000000,0.8856000000,225.8355916893
429,100,0,5,100,100,0,0,22,105,685,100,100,0.0392086690,31.6357447373,20.0000000000,15.6004566466,1.0000000000,0.8840000000,226.2443438914
430,100,0,3,100,100,0,0,22,103,491,100,100,0.0381753737,31.5975693636,33.3333333333,15.7604869216,1.0000000000,0.8824000000,226.6545784225
431,100,0,4,100,100,0,0,22,104,588,100,100,0.0404633544,31.5571060092,25.0000000000,15.6804851588,1.0000000000,0.8832000000,226.4492753623
432,100,0,2,100,100,0,0,22,102,394,100,100,0.0336268637,31.5234791455,50.0000000000,15.8404902479,1.0000000000,0.8816000000,226.8602540835
433,100,0,4,100,100,0,0,22,104,588,100,100,0.0367884777,31.4866906679,25.0000000000,15.6804402419,1.0000000000,0.8832000000,226.4492753623
434,100,0,7,100,100,0,0,22,107,879,100,100,0.0489007646,31.4377899033,14.2857142857,15.4404679336,1.0000000000,0.8856000000,225.8355916893
435,100,0,7,100,100,0,0,22,107,879,100,100,0.0453860853,31.3924038180,14.2857142857,15.4404488074,1.0000000000,0.8856000000,225.8355916893
436,100,0,5,100,100,0,0,22,105,685,100,100,0.0382085966,31.3541952214,20.0000000000,15.6004485973,1.0000000000,0.8840000000,226.2443438914
437,100,0,7,100,100,0,0,22,107,879,100,100,0.0431859524,31.3110092689,14.2857142857,15.4404513760,1.0000000000,0.8856000000,225.8355916893
438,100,0,3,100,100,0,0,22,103,491,100,100,0.0375927748,31.2734164942,33.3333333333,15.7604464300,1.0000000000,0.8824000000,226.6545784225
439,100,0,6,100,100,0,0,22,106,782,100,100,0.0565730073,31.2168434869,16.6666666667,15.5205460182,1.0000000000,0.8848000000,226.0397830018
440,100,0,3,100,100,0,0,22,103,491,100,100,0.0461227707,31.1707207162,33.3333333333,15.7605371244,1.0000000000,0.8824000000,226.6545784225
441,100,0,4,100,100,0,0,23,104,588,100,100,0.0392118827,31.1315088335,25.0000000000,15.6804766302,1.0000000000,0.8832000000,226.4492753623
442,100,0,5,100,100,0,0,23,104,685,100,100,0.0448687281,31.0866401054,20.0000000000,15.6004661147,1.0000000000,0.8832000000,226.4492753623
443,100,0,5,100,100,0,0,23,105,685,100,100,0.0410561207,31.0455839847,20.0000000000,15.6004633630,1.0000000000,0.8840000000,226.2443438914
444,100,0,9,100,100,0,0,23,108,1073,100,100,0.0509152190,30.9946687658,11.1111111111,15.2804477757,1.0000000000,0.8864000000,225.6317689531
445,100,0,2,100,100,0,0,23,102,394,100,100,0.0357735979,30.9588951679,50.0000000000,15.8404883129,1.0000000000,0.8816000000,226.8602540835
446,100,0,5,100,100,0,0,23,105,685,100,100,0.0387378115,30.9201573565,20.0000000000,15.6004537916,1.0000000000,0.8840000000,226.2443438914
447,100,0,9,100,100,0,0,23,109,1073,100,100,0.0514695966,30.8686877599,11.1111111111,15.2804504071,1.0000000000,0.8872000000,225.4283137962
448,100,0,5,100,100,0,0,23,105,685,100,100,0.0418099650,30.8268777948,20.0000000000,15.6004721042,1.0000000000,0.8840000000,226.2443438914
449,100,0,3,100,100,0,0,23,103,491,100,100,0.0436849981,30.7831927967,33.3333333333,15.7605392909,1.0000000000,0.8824000000,226.6545784225
450,100,0,8,100,100,0,0,23,108,976,100,100,0.0489261762,30.7342666205,12.5000000000,15.3604644827,1.0000000000,0.8864000000,225.6317689531
451,100,0,7,100,100,0,0,23,107,879,100,100,0.0456228228,30.6886437978,14.2857142857,15.4404512821,1.0000000000,0.8856000000,225.8355916893
452,100,0,4,100,100,0,0,23,104,588,100,100,0.0405975574,30.6480462404,25.0000000000,15.6804430246,1.0000000000,0.8832000000,226.4492753623
453,100,0,1,100,100,0,0,23,101,297,100,100,0.0360658108,30.6119804296,100.0000000000,15.9204762537,1.0000000000,0.8808000000,227.0663033606
454,100,0,1,100,100,0,0,23,101,297,100,100,0.0361963243,30.5757841053,100.0000000000,15.9204553041,1.0000000000,0.8808000000,227.0663033606
455,100,0,8,100,100,0,0,23,108,976,100,100,0.0481229254,30.5276611799,12.5000000000,15.3604491594,1.0000000000,0.8864000000,225.6317689531
456,100,0,5,100,100,0,0,23,105,685,100,100,0.0405795478,30.4870816320,20.0000000000,15.6004641577,1.0000000000,0.8840000000,226.2443438914
457,100,0,6,100,100,0,0,23,106,782,100,100,0.0418473364,30.4452342956,16.6666666667,15.5204463144,1.0000000000,0.8848000000,226.0397830018
458,100,0,3,100,100,0,0,23,103,491,100,100,0.0357253709,30.4095089247,33.3333333333,15.7604731763,1.0000000000,0.8824000000,226.6545784225
459,100,0,4,100,100,0,0,23,104,588,100,100,0.0373201443,30.3721887805,25.0000000000,15.6804615882,1.0000000000,0.8832000000,226.4492753623
460,100,0,6,100,100,0,0,23,106,782,100,100,0.0444533252,30.3277354553,16.6666666667,15.5204683421,1.0000000000,0.8848000000,226.0397830018
461,100,0,6,100,100,0,0,24,106,782,100,100,0.0418157249,30.2859197304,16.6666666667,15.5204535463,1.0000000000,0.8848000000,226.0397830018
462,100,0,3,100,100,0,0,24,103,491,100,100,0.0411767296,30.2447430008,33.3333333333,15.7604921285,1.0000000000,0.8824000000,226.6545784225
463,100,0,3,100,100,0,0,24,103,491,100,100,0.0369754483,30.2077675525,33.3333333333,15.7604399660,1.0000000000,0.8824000000,226.6545784225
464,100,0,5,100,100,0,0,24,105,685,100,100,0.0412416778,30.1665258747,20.0000000000,15.6004644515,1.0000000000,0.8840000000,226.2443438914
465,100,0,4,100,100,0,0,24,104,588,100,100,0.0417113042,30.1248145706,25.0000000000,15.6804885920,1.0000000000,0.8832000000,226.4492753623
466,100,0,5,100,100,0,0,24,105,685,100,100,0.0404342615,30.0843803091,20.0000000000,15.6004659692,1.0000000000,0.8840000000,226.2443438914
467,100,0,8,100,100,0,0,24,108,976,100,100,0.0475327375,30.0368475716,12.5000000000,15.3604473718,1.0000000000,0.8864000000,225.6317689531
468,100,0,6,100,100,0,0,24,106,782,100,100,0.0425394902,29.9943080814,16.6666666667,15.5204632962,1.0000000000,0.8848000000,226.0397830018
469,100,0,6,100,100,0,0,24,106,782,100,100,0.0446197511,29.9496883303,16.6666666667,15.5204617358,1.0000000000,0.8848000000,226.0397830018
470,100,0,9,100,100,0,0,24,109,1073,100,100,0.0537208399,29.8959674905,11.1111111111,15.2804539826,1.0000000000,0.8872000000,225.4283137962
471,100,0,5,100,100,0,0,24,105,685,100,100,0.0422013694,29.8537661211,20.0000000000,15.6004782640,1.0000000000,0.8840000000,226.2443438914
472,100,0,10,100,100,0,0,24,110,1170,100,100,0.0529525364,29.8008135846,10.0000000000,15.2004417582,1.0000000000,0.8880000000,225.2252252252
473,100,0,2,100,100,0,0,24,102,394,100,100,0.0416808035,29.7591327811,50.0000000000,15.8405411864,1.0000000000,0.8816000000,226.8602540835
474,100,0,3,100,100,0,0,24,103,491,100,100,0.0404397260,29.7186930551,33.3333333333,15.7604904094,1.0000000000,0.8824000000,226.6545784225
475,100,0,5,100,100,0,0,24,105,685,100,100,0.0384040053,29.6802890498,20.0000000000,15.6004548386,1.0000000000,0.8840000000,226.2443438914
476,100,0,4,100,100,0,0,24,104,588,100,100,0.0402030317,29.6400860181,25.0000000000,15.6804792623,1.0000000000,0.8832000000,226.4492753623
477,100,0,6,100,100,0,0,24,106,782,100,100,0.0419753282,29.5981106900,16.6666666667,15.5204582568,1.0000000000,0.8848000000,226.0397830018
478,100,0,3,100,100,0,0,24,103,491,100,100,0.0419645523,29.5561461377,33.3333333333,15.7605189815,1.0000000000,0.8824000000,226.6545784225
479,100,0,3,100,100,0,0,24,103,491,100,100,0.0371897831,29.5189563546,33.3333333333,15.7604876492,1.0000000000,0.8824000000,226.6545784225
480,100,0,4,100,100,0,0,24,104,588,100,100,0.0386453478,29.4803110069,25.0000000000,15.6804434013,1.0000000000,0.8832000000,226.4492753623
481,100,0,3,100,100,0,0,25,103,491,100,100,0.0350193617,29.4452916451,33.3333333333,15.7604664629,1.0000000000,0.8824000000,226.6545784225
482,100,0,4,100,100,0,0,25,104,588,100,100,0.0374059766,29.4078856685,25.0000000000,15.6804659886,1.0000000000,0.8832000000,226.4492753623
483,100,0,10,100,100,0,0,25,110,1170,100,100,0.0500695354,29.3578161331,10.0000000000,15.2004341840,1.0000000000,0.8880000000,225.2252252252
484,100,0,5,100,100,0,0,25,105,685,100,100,0.0408361082,29.3169800249,20.0000000000,15.6004610773,1.0000000000,0.8840000000,226.2443438914
485,100,0,1,100,100,0,0,25,101,297,100,100,0.0514899065,29.2654901184,100.0000000000,15.9206033559,1.0000000000,0.8808000000,227.0663033606
486,100,0,5,100,100,0,0,25,105,685,100,100,0.0391603101,29.2263298083,20.0000000000,15.6004549042,1.0000000000,0.8840000000,226.2443438914
487,100,0,6,100,100,0,0,25,106,782,100,100,0.0451987903,29.1811310180,16.6666666667,15.5204624849,1.0000000000,0.8848000000,226.0397830018
488,100,0,7,100,100,0,0,25,107,879,100,100,0.0469086809,29.1342223372,14.2857142857,15.4404532424,1.0000000000,0.8856000000,225.8355916893
489,100,0,6,100,100,0,0,25,106,782,100,100,0.0422913618,29.0919309754,16.6666666667,15.5204597649,1.0000000000,0.8848000000,226.0397830018
490,100,0,6,100,100,0,0,25,106,782,100,100,0.0446989267,29.0472320487,16.6666666667,15.5204616356,1.0000000000,0.8848000000,226.0397830018
491,100,0,8,100,100,0,0,25,108,976,100,100,0.0510317666,28.9962002821,12.5000000000,15.3604769141,1.0000000000,0.8864000000,225.6317689531
492,100,0,5,100,100,0,0,25,105,685,100,100,0.0448274455,28.9513728366,20.0000000000,15.6004791287,1.0000000000,0.8840000000,226.2443438914
493,100,0,4,100,100,0,0,25,104,588,100,100,0.0388002513,28.9125725853,25.0000000000,15.6804735215,1.0000000000,0.8832000000,226.4492753623
494,100,0,5,100,100,0,0,25,105,685,100,100,0.0399534737,28.8726191116,20.0000000000,15.6004485661,1.0000000000,0.8840000000,226.2443438914
495,100,0,3,100,100,0,0,25,103,491,100,100,0.0463853424,28.8262337692,33.3333333333,15.7605285064,1.0000000000,0.8824000000,226.6545784225
496,100,0,3,100,100,0,0,25,103,491,100,100,0.0364818446,28.7897519246,33.3333333333,15.7604688618,1.0000000000,0.8824000000,226.6545784225
497,100,0,6,100,100,0,0,25,106,782,100,100,0.0425903213,28.7471616033,16.6666666667,15.5204521672,1.0000000000,0.8848000000,226.0397830018
498,100,0,1,100,100,0,0,25,101,297,100,100,0.0490705496,28.6980910537,100.0000000000,15.9204694203,1.0000000000,0.8808000000,227.0663033606
499,100,0,8,100,100,0,0,25,107,976,100,100,0.0481662338,28.6499248199,12.5000000000,15.3604618108,1.0000000000,0.8856000000,225.8355916893
500,100,0,4,100,100,0,0,25,104,588,100,100,0.0373197273,28.6126050927,25.0000000000,15.6804525145,1.0000000000,0.8832000000,226.4492753623
501,100,0,3,100,100,0,0,26,103,491,100,100,0.0364434802,28.5761616125,33.3333333333,15.7604580302,1.0000000000,0.8824000000,226.6545784225
502,100,0,5,100,100,0,0,26,105,685,100,100,0.0409613889,28.5352002236,20.0000000000,15.6004681147,1.0000000000,0.8840000000,226.2443438914
503,100,0,2,100,100,0,0,26,102,394,100,100,0.0432262667,28.4919739569,50.0000000000,15.8405406126,1.0000000000,0.8816000000,226.8602540835
504,100,0,8,100,100,0,0,26,107,976,100,100,0.0550741817,28.4368997752,12.5000000000,15.3604656596,1.0000000000,0.8856000000,225.8355916893
505,100,0,5,100,100,0,0,26,105,685,100,100,0.0393512747,28.3975485005,20.0000000000,15.6004589911,1.0000000000,0.8840000000,226.2443438914
506,100,0,5,100,100,0,0,26,105,685,100,100,0.0399229809,28.3576255196,20.0000000000,15.6004536383,1.0000000000,0.8840000000,226.2443438914
507,100,0,5,100,100,0,0,26,105,685,100,100,0.0413718256,28.3162536940,20.0000000000,15.6004737487,1.0000000000,0.8840000000,226.2443438914
508,100,0,3,100,100,0,0,26,103,491,100,100,0.0368969826,28.2793567114,33.3333333333,15.7604739637,1.0000000000,0.8824000000,226.6545784225
509,100,0,5,100,100,0,0,26,105,685,100,100,0.0391212365,28.2402354749,20.0000000000,15.6004456392,1.0000000000,0.8840000000,226.2443438914
510,100,0,2,100,100,0,0,26,102,394,100,100,0.0368655755,28.2033698994,50.0000000000,15.8404594686,1.0000000000,0.8816000000,226.8602540835
511,100,0,8,100,100,0,0,26,108,976,100,100,0.0485562760,28.1548136234,12.5000000000,15.3604536533,1.0000000000,0.8864000000,225.6317689531
512,100,0,7,100,100,0,0,26,107,879,100,100,0.0453116171,28.1095020063,14.2857142857,15.4404582603,1.0000000000,0.8856000000,225.8355916893
513,100,0,5,100,100,0,0,26,105,685,100,100,0.0501619514,28.0593400549,20.0000000000,15.6005328532,1.0000000000,0.8840000000,226.2443438914
514,100,0,9,100,100,0,0,26,108,1073,100,100,0.0568334902,28.0025065647,11.1111111111,15.2804663835,1.0000000000,0.8864000000,225.6317689531
515,100,0,1,100,100,0,0,26,101,297,100,100,0.0428850156,27.9596215492,100.0000000000,15.9204680288,1.0000000000,0.8808000000,227.0663033606
516,100,0,1,100,100,0,0,26,101,297,100,100,0.0520315717,27.9075899775,100.0000000000,15.9204688259,1.0000000000,0.8808000000,227.0663033606
517,100,0,3,100,100,0,0,26,103,491,100,100,0.0363765491,27.8712134283,33.3333333333,15.7604822858,1.0000000000,0.8824000000,226.6545784225
518,100,0,11,100,100,0,0,26,111,1267,100,100,0.0584381779,27.8127752505,9.0909090909,15.1204413693,1.0000000000,0.8888000000,225.0225022502
519,100,0,6,100,100,0,0,26,106,782,100,100,0.0411234838,27.7716517666,16.6666666667,15.5204566558,1.0000000000,0.8848000000,226.0397830018
520,100,0,6,100,100,0,0,26,106,782,100,100,0.0440656322,27.7275861344,16.6666666667,15.5204597715,1.0000000000,0.8848000000,226.0397830018
521,100,0,8,100,100,0,0,27,108,976,100,100,0.0473700966,27.6802160379,12.5000000000,15.3604543577,1.0000000000,0.8864000000,225.6317689531
522,100,0,5,100,100,0,0,27,105,685,100,100,0.0417479208,27.6384681171,20.0000000000,15.6004667606,1.0000000000,0.8840000000,226.2443438914
523,100,0,5,100,100,0,0,27,105,685,100,100,0.0433493519,27.5951187652,20.0000000000,15.6004870593,1.0000000000,0.8840000000,226.2443438914
524,100,0,5,100,100,0,0,27,105,685,100,100,0.0413454922,27.5537732730,20.0000000000,15.6004673503,1.0000000000,0.8840000000,226.2443438914
525,100,0,4,100,100,0,0,27,104,588,100,100,0.0375403300,27.5162329431,25.0000000000,15.6804621062,1.0000000000,0.8832000000,226.4492753623
526,100,0,4,100,100,0,0,27,104,588,100,100,0.0439678184,27.4722651247,25.0000000000,15.6804807432,1.0000000000,0.8832000000,226.4492753623
527,100,0,7,100,100,0,0,27,107,879,100,100,0.0467572811,27.4255078436,14.2857142857,15.4404582565,1.0000000000,0.8856000000,225.8355916893
528,100,0,3,100,100,0,0,27,103,491,100,100,0.0357527545,27.3897550891,33.3333333333,15.7604683687,1.0000000000,0.8824000000,226.6545784225
529,100,0,6,100,100,0,0,27,106,782,100,100,0.0462788679,27.3434762212,16.6666666667,15.5204826528,1.0000000000,0.8848000000,226.0397830018
530,100,0,3,100,100,0,0,27,103,491,100,100,0.0431907206,27.3002855006,33.3333333333,15.7605251239,1.0000000000,0.8824000000,226.6545784225
531,100,0,6,100,100,0,0,27,106,782,100,100,0.0420710679,27.2582144327,16.6666666667,15.5204541576,1.0000000000,0.8848000000,226.0397830018
532,100,0,5,100,100,0,0,27,105,685,100,100,0.0422311817,27.2159832511,20.0000000000,15.6004733090,1.0000000000,0.8840000000,226.2443438914
533,100,0,6,100,100,0,0,27,106,782,100,100,0.0445898036,27.1713934475,16.6666666667,15.5204655664,1.0000000000,0.8848000000,226.0397830018
534,100,0,5,100,100,0,0,27,105,685,100,100,0.0390272718,27.1323661756,20.0000000000,15.6004594559,1.0000000000,0.8840000000,226.2443438914
535,100,0,3,100,100,0,0,27,103,491,100,100,0.0404893287,27.0918768469,33.3333333333,15.7604854339,1.0000000000,0.8824000000,226.6545784225
536,100,0,6,100,100,0,0,27,106,782,100,100,0.0410481441,27.0508287028,16.6666666667,15.5204547022,1.0000000000,0.8848000000,226.0397830018
537,100,0,7,100,100,0,0,27,107,879,100,100,0.0432835619,27.0075451410,14.2857142857,15.4404442452,1.0000000000,0.8856000000,225.8355916893
538,100,0,8,100,100,0,0,27,108,976,100,100,0.0459118167,26.9616333243,12.5000000000,15.3604489856,1.0000000000,0.8864000000,225.6317689531
539,100,0,1,100,100,0,0,27,101,297,100,100,0.0402600155,26.9213733088,100.0000000000,15.9204483931,1.0000000000,0.8808000000,227.0663033606
540,100,0,3,100,100,0,0,27,103,491,100,100,0.0357874757,26.8855858332,33.3333333333,15.7604529568,1.0000000000,0.8824000000,226.6545784225
541,100,0,5,100,100,0,0,28,105,685,100,100,0.0408251784,26.8447606548,20.0000000000,15.6004645500,1.0000000000,0.8840000000,226.2443438914
542,100,0,2,100,100,0,0,28,102,394,100,100,0.0379271911,26.8068334637,50.0000000000,15.8404657410,1.0000000000,0.8816000000,226.8602540835
543,100,0,8,100,100,0,0,28,107,976,100,100,0.0460947481,26.7607387156,12.5000000000,15.3604538255,1.0000000000,0.8856000000,225.8355916893
544,100,0,4,100,100,0,0,28,104,588,100,100,0.0419601983,26.7187785173,25.0000000000,15.6805029393,1.0000000000,0.8832000000,226.4492753623
545,100,0,1,100,100,0,0,28,101,297,100,100,0.0462368922,26.6725416251,100.0000000000,15.9205165246,1.0000000000,0.8808000000,227.0663033606
546,100,0,8,100,100,0,0,28,108,976,100,100,0.0490548232,26.6234868019,12.5000000000,15.3604565824,1.0000000000,0.8864000000,225.6317689531
547,100,0,6,100,100,0,0,28,106,782,100,100,0.0447436613,26.5787431406,16.6666666667,15.5204653393,1.0000000000,0.8848000000,226.0397830018
548,100,0,9,100,100,0,0,28,109,1073,100,100,0.0507732898,26.5279698508,11.1111111111,15.2804445968,1.0000000000,0.8872000000,225.4283137962
549,100,0,6,100,100,0,0,28,106,782,100,100,0.0423553337,26.4856145171,16.6666666667,15.5204517615,1.0000000000,0.8848000000,226.0397830018
550,100,0,2,100,100,0,0,28,102,394,100,100,0.0369361815,26.4486783356,50.0000000000,15.8405017580,1.0000000000,0.8816000000,226.8602540835
551,100,0,7,100,100,0,0,28,107,879,100,100,0.0457426465,26.4029356891,14.2857142857,15.4404561385,1.0000000000,0.8856000000,225.8355916893
552,100,0,1,100,100,0,0,28,101,297,100,100,0.0362228349,26.3667128543,100.0000000000,15.9204686708,1.0000000000,0.8808000000,227.0663033606
553,100,0,1,100,100,0,0,28,101,297,100,100,0.0445053798,26.3222074745,100.0000000000,15.9204518070,1.0000000000,0.8808000000,227.0663033606
554,100,0,8,100,100,0,0,28,108,976,100,100,0.0497390080,26.2724684665,12.5000000000,15.3604603535,1.0000000000,0.8864000000,225.6317689531
555,100,0,7,100,100,0,0,28,107,879,100,100,0.0458004567,26.2266680097,14.2857142857,15.4404632107,1.0000000000,0.8856000000,225.8355916893
556,100,0,10,100,100,0,0,28,109,1170,100,100,0.0547211413,26.1719468684,10.0000000000,15.2004419308,1.0000000000,0.8872000000,225.4283137962
557,100,0,7,100,100,0,0,28,107,879,100,100,0.0457342907,26.1262125778,14.2857142857,15.4404535615,1.0000000000,0.8856000000,225.8355916893
558,100,0,1,100,100,0,0,28,101,297,100,100,0.0472951649,26.0789174129,100.0000000000,15.9204665429,1.0000000000,0.8808000000,227.0663033606
559,100,0,4,100,100,0,0,28,104,588,100,100,0.0388373810,26.0400800319,25.0000000000,15.6804616398,1.0000000000,0.8832000000,226.4492753623
560,100,0,3,100,100,0,0,28,103,491,100,100,0.0431125581,25.9969674738,33.3333333333,15.7605334765,1.0000000000,0.8824000000,226.6545784225
561,100,0,7,100,100,0,0,29,107,879,100,100,0.0465069219,25.9504605519,14.2857142857,15.4404511687,1.0000000000,0.8856000000,225.8355916893
562,100,0,7,100,100,0,0,29,107,879,100,100,0.0479667916,25.9024937604,14.2857142857,15.4404646908,1.0000000000,0.8856000000,225.8355916893
563,100,0,7,100,100,0,0,29,107,879,100,100,0.0446054787,25.8578882817,14.2857142857,15.4404487964,1.0000000000,0.8856000000,225.8355916893
564,100,0,2,100,100,0,0,29,102,394,100,100,0.0334497779,25.8244385038,50.0000000000,15.8404657751,1.0000000000,0.8816000000,226.8602540835
565,100,0,3,100,100,0,0,29,103,491,100,100,0.0349578423,25.7894806615,33.3333333333,15.7604604383,1.0000000000,0.8824000000,226.6545784225
566,100,0,4,100,100,0,0,29,104,588,100,100,0.0404283857,25.7490522758,25.0000000000,15.6804656341,1.0000000000,0.8832000000,226.4492753623
567,100,0,8,100,100,0,0,29,108,976,100,100,0.0486589356,25.7003933402,12.5000000000,15.3604539648,1.0000000000,0.8864000000,225.6317689531
568,100,0,8,100,100,0,0,29,107,976,100,100,0.0520195080,25.6483738323,12.5000000000,15.3604572623,1.0000000000,0.8856000000,225.8355916893
569,100,0,3,100,100,0,0,29,103,491,100,100,0.0396359819,25.6087378503,33.3333333333,15.7605145038,1.0000000000,0.8824000000,226.6545784225
570,100,0,5,100,100,0,0,29,105,685,100,100,0.0393615525,25.5693762978,20.0000000000,15.6004432298,1.0000000000,0.8840000000,226.2443438914
571,100,0,10,100,100,0,0,29,108,1170,100,100,0.0598075901,25.5095687077,10.0000000000,15.2004641697,1.0000000000,0.8864000000,225.6317689531
572,100,0,1,100,100,0,0,29,101,297,100,100,0.0428737500,25.4666949577,100.0000000000,15.9205820039,1.0000000000,0.8808000000,227.0663033606
573,100,0,4,100,100,0,0,29,104,588,100,100,0.0375836420,25.4291113157,25.0000000000,15.6804506898,1.0000000000,0.8832000000,226.4492753623
574,100,0,7,100,100,0,0,29,107,879,100,100,0.0452155232,25.3838957925,14.2857142857,15.4404465252,1.0000000000,0.8856000000,225.8355916893
575,100,0,4,100,100,0,0,29,104,588,100,100,0.0386918957,25.3452038967,25.0000000000,15.6804417283,1.0000000000,0.8832000000,226.4492753623
576,100,0,3,100,100,0,0,29,103,491,100,100,0.0362574660,25.3089464307,33.3333333333,15.7604625035,1.0000000000,0.8824000000,226.6545784225
577,100,0,7,100,100,0,0,29,107,879,100,100,0.0526063520,25.2563400788,14.2857142857,15.4404843336,1.0000000000,0.8856000000,225.8355916893
578,100,0,2,100,100,0,0,29,102,394,100,100,0.0353847108,25.2209553680,50.0000000000,15.8404832657,1.0000000000,0.8816000000,226.8602540835
579,100,0,4,100,100,0,0,29,104,588,100,100,0.0368126476,25.1841427204,25.0000000000,15.6804616261,1.0000000000,0.8832000000,226.4492753623
580,100,0,4,100,100,0,0,29,104,588,100,100,0.0386491482,25.1454935722,25.0000000000,15.6804460824,1.0000000000,0.8832000000,226.4492753623
581,100,0,5,100,100,0,0,30,105,685,100,100,0.0446403852,25.1008531870,20.0000000000,15.6004883161,1.0000000000,0.8840000000,226.2443438914
582,100,0,5,100,100,0,0,30,105,685,100,100,0.0389974402,25.0618557468,20.0000000000,15.6004547201,1.0000000000,0.8840000000,226.2443438914
583,100,0,9,100,100,0,0,30,109,1073,100,100,0.0530356663,25.0088200805,11.1111111111,15.2804593247,1.0000000000,0.8872000000,225.4283137962
584,100,0,7,100,100,0,0,30,107,879,100,100,0.0457612455,24.9630588351,14.2857142857,15.4404631662,1.0000000000,0.8856000000,225.8355916893
585,100,0,6,100,100,0,0,30,106,782,100,100,0.0457732460,24.9172855891,16.6666666667,15.5204742564,1.0000000000,0.8848000000,226.0397830018
586,100,0,5,100,100,0,0,30,105,685,100,100,0.0388093787,24.8784762104,20.0000000000,15.6004429906,1.0000000000,0.8840000000,226.2443438914
587,100,0,5,100,100,0,0,30,105,685,100,100,0.0431847428,24.8352914676,20.0000000000,15.6004692806,1.0000000000,0.8840000000,226.2443438914
588,100,0,7,100,100,0,0,30,107,879,100,100,0.0448688864,24.7904225812,14.2857142857,15.4404526307,1.0000000000,0.8856000000,225.8355916893
589,100,0,5,100,100,0,0,30,105,685,100,100,0.0376926564,24.7527299248,20.0000000000,15.6004493725,1.0000000000,0.8840000000,226.2443438914
590,100,0,7,100,100,0,0,30,107,879,100,100,0.0461124642,24.7066174606,14.2857142857,15.4404597001,1.0000000000,0.8856000000,225.8355916893
591,100,0,5,100,100,0,0,30,105,685,100,100,0.0391336266,24.6674838340,20.0000000000,15.6004532689,1.0000000000,0.8840000000,226.2443438914
592,100,0,3,100,100,0,0,30,103,491,100,100,0.0426332745,24.6248505595,33.3333333333,15.7605373522,1.0000000000,0.8824000000,226.6545784225
593,100,0,1,100,100,0,0,30,101,297,100,100,0.0390112991,24.5858392604,100.0000000000,15.9205026798,1.0000000000,0.8808000000,227.0663033606
594,100,0,6,100,100,0,0,30,105,782,100,100,0.0448515002,24.5409877603,16.6666666667,15.5204663831,1.0000000000,0.8840000000,226.2443438914
595,100,0,1,100,100,0,0,30,101,297,100,100,0.0463973327,24.4945904276,100.0000000000,15.9204563488,1.0000000000,0.8808000000,227.0663033606
596,100,0,6,100,100,0,0,30,106,782,100,100,0.0430249184,24.4515655092,16.6666666667,15.5204620280,1.0000000000,0.8848000000,226.0397830018
597,100,0,1,100,100,0,0,30,101,297,100,100,0.0437532534,24.4078122557,100.0000000000,15.9204773987,1.0000000000,0.8808000000,227.0663033606
598,100,0,5,100,100,0,0,30,105,685,100,100,0.0427632117,24.3650490440,20.0000000000,15.6004623103,1.0000000000,0.8840000000,226.2443438914
599,100,0,6,100,100,0,0,30,106,782,100,100,0.0437850650,24.3212639789,16.6666666667,15.5204538484,1.0000000000,0.8848000000,226.0397830018
600,100,0,5,100,100,0,0,30,105,685,100,100,0.0433887314,24.2778752476,20.0000000000,15.6004803472,1.0000000000,0.8840000000,226.2443438914
601,100,0,7,100,100,0,0,31,107,879,100,100,0.0433794248,24.2344958228,14.2857142857,15.4404464350,1.0000000000,0.8856000000,225.8355916893
602,100,0,3,100,100,0,0,31,103,491,100,100,0.0415979221,24.1928979007,33.3333333333,15.7604987021,1.0000000000,0.8824000000,226.6545784225
603,100,0,4,100,100,0,0,31,104,588,100,100,0.0395430823,24.1533548184,25.0000000000,15.6804868974,1.0000000000,0.8832000000,226.4492753623
604,100,0,5,100,100,0,0,31,105,685,100,100,0.0411354090,24.1122194093,20.0000000000,15.6004732052,1.0000000000,0.8840000000,226.2443438914
605,100,0,5,100,100,0,0,31,105,685,100,100,0.0470371290,24.0651822803,20.0000000000,15.6005094987,1.0000000000,0.8840000000,226.2443438914
606,100,0,6,100,100,0,0,31,106,782,100,100,0.0444764667,24.0207058136,16.6666666667,15.5204724091,1.0000000000,0.8848000000,226.0397830018
607,100,0,4,100,100,0,0,31,104,588,100,100,0.0373282005,23.9833776131,25.0000000000,15.6804565836,1.0000000000,0.8832000000,226.4492753623
608,100,0,5,100,100,0,0,31,105,685,100,100,0.0384981677,23.9448794454,20.0000000000,15.6004471997,1.0000000000,0.8840000000,226.2443438914
609,100,0,5,100,100,0,0,31,105,685,100,100,0.0418149991,23.9030644464,20.0000000000,15.6004714405,1.0000000000,0.8840000000,226.2443438914
610,100,0,4,100,100,0,0,31,104,588,100,100,0.0391056828,23.8639587635,25.0000000000,15.6804705489,1.0000000000,0.8832000000,226.4492753623
611,100,0,7,100,100,0,0,31,107,879,100,100,0.0431120456,23.8208467179,14.2857142857,15.4404387379,1.0000000000,0.8856000000,225.8355916893
612,100,0,5,100,100,0,0,31,105,685,100,100,0.0441915776,23.7766551403,20.0000000000,15.6004756398,1.0000000000,0.8840000000,226.2443438914
613,100,0,11,100,100,0,0,31,111,1267,100,100,0.0557592873,23.7208958530,9.0909090909,15.1204431904,1.0000000000,0.8888000000,225.0225022502
614,100,0,8,100,100,0,0,31,108,976,100,100,0.0458349561,23.6750608969,12.5000000000,15.3604420768,1.0000000000,0.8864000000,225.6317689531
615,100,0,3,100,100,0,0,31,103,491,100,100,0.0379683271,23.6370925698,33.3333333333,15.7604945691,1.0000000000,0.8824000000,226.6545784225
616,100,0,4,100,100,0,0,31,104,588,100,100,0.0405744134,23.5965181564,25.0000000000,15.6804813363,1.0000000000,0.8832000000,226.4492753623
617,100,0,4,100,100,0,0,31,104,588,100,100,0.0412000745,23.5553180819,25.0000000000,15.6804857239,1.0000000000,0.8832000000,226.4492753623
618,100,0,2,100,100,0,0,31,102,394,100,100,0.0416503919,23.5136676900,50.0000000000,15.8405566270,1.0000000000,0.8816000000,226.8602540835
619,100,0,5,100,100,0,0,31,105,685,100,100,0.0438256006,23.4698420894,20.0000000000,15.6004837302,1.0000000000,0.8840000000,226.2443438914
620,100,0,3,100,100,0,0,31,103,491,100,100,0.0363697771,23.4334723123,33.3333333333,15.7604767459,1.0000000000,0.8824000000,226.6545784225
621,100,0,6,100,100,0,0,32,106,782,100,100,0.0440150927,23.3894572196,16.6666666667,15.5204524698,1.0000000000,0.8848000000,226.0397830018
622,100,0,7,100,100,0,0,32,107,879,100,100,0.0441262963,23.3453309233,14.2857142857,15.4404483198,1.0000000000,0.8856000000,225.8355916893
623,100,0,6,100,100,0,0,32,106,782,100,100,0.0514371780,23.2938937453,16.6666666667,15.5205116759,1.0000000000,0.8848000000,226.0397830018
624,100,0,5,100,100,0,0,32,105,685,100,100,0.0409519102,23.2529418351,20.0000000000,15.6004606970,1.0000000000,0.8840000000,226.2443438914
625,100,0,4,100,100,0,0,32,104,588,100,100,0.0379737189,23.2149681162,25.0000000000,15.6804512920,1.0000000000,0.8832000000,226.4492753623
626,100,0,8,100,100,0,0,32,108,976,100,100,0.0460592616,23.1689088545,12.5000000000,15.3604474391,1.0000000000,0.8864000000,225.6317689531
627,100,0,2,100,100,0,0,32,102,394,100,100,0.0350658966,23.1338429580,50.0000000000,15.8404459658,1.0000000000,0.8816000000,226.8602540835
628,100,0,4,100,100,0,0,32,104,588,100,100,0.0417934318,23.0920495262,25.0000000000,15.6804909035,1.0000000000,0.8832000000,226.4492753623
629,100,0,7,100,100,0,0,32,107,879,100,100,0.0475977604,23.0444517659,14.2857142857,15.4404662280,1.0000000000,0.8856000000,225.8355916893
630,100,0,8,100,100,0,0,32,108,976,100,100,0.0489083415,22.9955434244,12.5000000000,15.3604594049,1.0000000000,0.8864000000,225.6317689531
631,100,0,8,100,100,0,0,32,108,976,100,100,0.0522373353,22.9433060891,12.5000000000,15.3604637776,1.0000000000,0.8864000000,225.6317689531
632,100,0,1,100,100,0,0,32,101,297,100,100,0.0490380885,22.8942680006,100.0000000000,15.9204750011,1.0000000000,0.8808000000,227.0663033606
633,100,0,6,100,100,0,0,32,106,782,100,100,0.0413113238,22.8529566768,16.6666666667,15.5204532068,1.0000000000,0.8848000000,226.0397830018
634,100,0,6,100,100,0,0,32,106,782,100,100,0.0431667803,22.8097898965,16.6666666667,15.5204587931,1.0000000000,0.8848000000,226.0397830018
635,100,0,3,100,100,0,0,32,103,491,100,100,0.0367155967,22.7730742998,33.3333333333,15.7604525813,1.0000000000,0.8824000000,226.6545784225
636,100,0,3,100,100,0,0,32,103,491,100,100,0.0343924365,22.7386818633,33.3333333333,15.7604499204,1.0000000000,0.8824000000,226.6545784225
637,100,0,5,100,100,0,0,32,105,685,100,100,0.0402421749,22.6984396884,20.0000000000,15.6004637292,1.0000000000,0.8840000000,226.2443438914
638,100,0,5,100,100,0,0,32,105,685,100,100,0.0439400782,22.6544996102,20.0000000000,15.6004822853,1.0000000000,0.8840000000,226.2443438914
639,100,0,4,100,100,0,0,32,104,588,100,100,0.0388663261,22.6156332841,25.0000000000,15.6804764492,1.0000000000,0.8832000000,226.4492753623
640,100,0,2,100,100,0,0,32,102,394,100,100,0.0426974290,22.5729358551,50.0000000000,15.8405589043,1.0000000000,0.8816000000,226.8602540835
641,100,0,5,100,100,0,0,33,105,685,100,100,0.0411819547,22.5317539003,20.0000000000,15.6004746206,1.0000000000,0.8840000000,226.2443438914
642,100,0,3,100,100,0,0,33,103,491,100,100,0.0363515377,22.4954023626,33.3333333333,15.7604808041,1.0000000000,0.8824000000,226.6545784225
643,100,0,6,100,100,0,0,33,106,782,100,100,0.0436842422,22.4517181204,16.6666666667,15.5204507061,1.0000000000,0.8848000000,226.0397830018
644,100,0,5,100,100,0,0,33,105,685,100,100,0.0458052477,22.4059128727,20.0000000000,15.6004904849,1.0000000000,0.8840000000,226.2443438914
645,100,0,8,100,100,0,0,33,108,976,100,100,0.0468363981,22.3590764746,12.5000000000,15.3604476193,1.0000000000,0.8864000000,225.6317689531
646,100,0,7,100,100,0,0,33,107,879,100,100,0.0468630729,22.3122134017,14.2857142857,15.4404546496,1.0000000000,0.8856000000,225.8355916893
647,100,0,7,100,100,0,0,33,107,879,100,100,0.0449449173,22.2672684844,14.2857142857,15.4404551439,1.0000000000,0.8856000000,225.8355916893
648,100,0,5,100,100,0,0,33,105,685,100,100,0.0385180825,22.2287504019,20.0000000000,15.6004602919,1.0000000000,0.8840000000,226.2443438914
649,100,0,4,100,100,0,0,33,104,588,100,100,0.0386519398,22.1900984621,25.0000000000,15.6804550255,1.0000000000,0.8832000000,226.4492753623
650,100,0,3,100,100,0,0,33,103,491,100,100,0.0385030724,22.1515953897,33.3333333333,15.7604628043,1.0000000000,0.8824000000,226.6545784225
651,100,0,6,100,100,0,0,33,106,782,100,100,0.0467652318,22.1048301579,16.6666666667,15.5204767491,1.0000000000,0.8848000000,226.0397830018
652,100,0,5,100,100,0,0,33,105,685,100,100,0.0413211540,22.0635090039,20.0000000000,15.6004719719,1.0000000000,0.8840000000,226.2443438914
653,100,0,6,100,100,0,0,33,106,782,100,100,0.0417192946,22.0217897094,16.6666666667,15.5204589946,1.0000000000,0.8848000000,226.0397830018
654,100,0,4,100,100,0,0,33,104,588,100,100,0.0379121204,21.9838775890,25.0000000000,15.6804515842,1.0000000000,0.8832000000,226.4492753623
655,100,0,1,100,100,0,0,33,101,297,100,100,0.0437772498,21.9401003393,100.0000000000,15.9205781882,1.0000000000,0.8808000000,227.0663033606
656,100,0,5,100,100,0,0,33,105,685,100,100,0.0411508958,21.8989494435,20.0000000000,15.6004681384,1.0000000000,0.8840000000,226.2443438914
657,100,0,3,100,100,0,0,33,103,491,100,100,0.0383937811,21.8605556624,33.3333333333,15.7605007536,1.0000000000,0.8824000000,226.6545784225
658,100,0,9,100,100,0,0,33,109,1073,100,100,0.0517945453,21.8087611171,11.1111111111,15.2804571444,1.0000000000,0.8872000000,225.4283137962
659,100,0,6,100,100,0,0,33,106,782,100,100,0.0437848377,21.7649762794,16.6666666667,15.5204635133,1.0000000000,0.8848000000,226.0397830018
660,100,0,2,100,100,0,0,33,102,394,100,100,0.0350654262,21.7299108532,50.0000000000,15.8404689688,1.0000000000,0.8816000000,226.8602540835
661,100,0,6,100,100,0,0,34,106,782,100,100,0.0455416823,21.6843691709,16.6666666667,15.5204604893,1.0000000000,0.8848000000,226.0397830018
662,100,0,5,100,100,0,0,34,105,685,100,100,0.0412699583,21.6430992125,20.0000000000,15.6004672241,1.0000000000,0.8840000000,226.2443438914
663,100,0,5,100,100,0,0,34,105,685,100,100,0.0422547135,21.6008444991,20.0000000000,15.6004727633,1.0000000000,0.8840000000,226.2443438914
664,100,0,5,100,100,0,0,34,105,685,100,100,0.0418877922,21.5589567068,20.0000000000,15.6004769657,1.0000000000,0.8840000000,226.2443438914
665,100,0,5,100,100,0,0,34,105,685,100,100,0.0413667390,21.5175899678,20.0000000000,15.6004725611,1.0000000000,0.8840000000,226.2443438914
666,100,0,7,100,100,0,0,34,107,879,100,100,0.0435201310,21.4740698368,14.2857142857,15.4404514918,1.0000000000,0.8856000000,225.8355916893
667,100,0,4,100,100,0,0,34,104,588,100,100,0.0367419800,21.4373278568,25.0000000000,15.6804611023,1.0000000000,0.8832000000,226.4492753623
668,100,0,3,100,100,0,0,34,103,491,100,100,0.0369423994,21.4003854574,33.3333333333,15.7604813818,1.0000000000,0.8824000000,226.6545784225
669,100,0,8,100,100,0,0,34,108,976,100,100,0.0475000971,21.3528853604,12.5000000000,15.3604475434,1.0000000000,0.8864000000,225.6317689531
670,100,0,2,100,100,0,0,34,102,394,100,100,0.0347112937,21.3181740667,50.0000000000,15.8404792382,1.0000000000,0.8816000000,226.8602540835
671,100,0,3,100,100,0,0,34,103,491,100,100,0.0372841539,21.2808899128,33.3333333333,15.7604507374,1.0000000000,0.8824000000,226.6545784225
672,100,0,5,100,100,0,0,34,105,685,100,100,0.0413243912,21.2395655216,20.0000000000,15.6004646290,1.0000000000,0.8840000000,226.2443438914
673,100,0,3,100,100,0,0,34,103,491,100,100,0.0383414729,21.2012240487,33.3333333333,15.7604768892,1.0000000000,0.8824000000,226.6545784225
674,100,0,4,100,100,0,0,34,104,588,100,100,0.0408892221,21.1603348266,25.0000000000,15.6804775453,1.0000000000,0.8832000000,226.4492753623
675,100,0,4,100,100,0,0,34,104,588,100,100,0.0432832532,21.1170515734,25.0000000000,15.6804704573,1.0000000000,0.8832000000,226.4492753623
676,100,0,5,100,100,0,0,34,105,685,100,100,0.0433397858,21.0737117876,20.0000000000,15.6004690329,1.0000000000,0.8840000000,226.2443438914
677,100,0,3,100,100,0,0,34,103,491,100,100,0.0363474806,21.0373643070,33.3333333333,15.7604484628,1.0000000000,0.8824000000,226.6545784225
678,100,0,9,100,100,0,0,34,109,1073,100,100,0.0507549899,20.9866093171,11.1111111111,15.2804497757,1.0000000000,0.8872000000,225.4283137962
679,100,0,5,100,100,0,0,34,105,685,100,100,0.0402717825,20.9463375346,20.0000000000,15.6004597704,1.0000000000,0.8840000000,226.2443438914
680,100,0,9,100,100,0,0,34,109,1073,100,100,0.0563963014,20.8899412332,11.1111111111,15.2804569203,1.0000000000,0.8872000000,225.4283137962
681,100,0,8,100,100,0,0,35,108,976,100,100,0.0482590281,20.8416822051,12.5000000000,15.3604537142,1.0000000000,0.8864000000,225.6317689531
682,100,0,2,100,100,0,0,35,102,394,100,100,0.0363130981,20.8053691069,50.0000000000,15.8404604946,1.0000000000,0.8816000000,226.8602540835
683,100,0,3,100,100,0,0,35,103,491,100,100,0.0354819737,20.7698871332,33.3333333333,15.7604654587,1.0000000000,0.8824000000,226.6545784225
684,100,0,4,100,100,0,0,35,104,588,100,100,0.0434792045,20.7264079287,25.0000000000,15.6805059297,1.0000000000,0.8832000000,226.4492753623
685,100,0,4,100,100,0,0,35,104,588,100,100,0.0389976061,20.6874103226,25.0000000000,15.6804758438,1.0000000000,0.8832000000,226.4492753623
686,100,0,8,100,100,0,0,35,108,976,100,100,0.0486353433,20.6387749793,12.5000000000,15.3604528472,1.0000000000,0.8864000000,225.6317689531
687,100,0,6,100,100,0,0,35,106,782,100,100,0.0409804011,20.5977945783,16.6666666667,15.5204504472,1.0000000000,0.8848000000,226.0397830018
688,100,0,7,100,100,0,0,35,107,879,100,100,0.0474079175,20.5503866608,14.2857142857,15.4404576122,1.0000000000,0.8856000000,225.8355916893
689,100,0,5,100,100,0,0,35,105,685,100,100,0.0400364368,20.5103502240,20.0000000000,15.6004359428,1.0000000000,0.8840000000,226.2443438914
690,100,0,1,100,100,0,0,35,101,297,100,100,0.0347048918,20.4756453322,100.0000000000,15.9204860196,1.0000000000,0.8808000000,227.0663033606
691,100,0,6,100,100,0,0,35,106,782,100,100,0.0435189422,20.4321263899,16.6666666667,15.5204554457,1.0000000000,0.8848000000,226.0397830018
692,100,0,4,100,100,0,0,35,104,588,100,100,0.0392301272,20.3928962628,25.0000000000,15.6804735276,1.0000000000,0.8832000000,226.4492753623
693,100,0,2,100,100,0,0,35,102,394,100,100,0.0348428734,20.3580533893,50.0000000000,15.8404831064,1.0000000000,0.8816000000,226.8602540835
694,100,0,6,100,100,0,0,35,106,782,100,100,0.0428945227,20.3151588667,16.6666666667,15.5204596992,1.0000000000,0.8848000000,226.0397830018
695,100,0,8,100,100,0,0,35,108,976,100,100,0.0488963064,20.2662625603,12.5000000000,15.3604542553,1.0000000000,0.8864000000,225.6317689531
696,100,0,4,100,100,0,0,35,104,588,100,100,0.0376079043,20.2286546560,25.0000000000,15.6804562112,1.0000000000,0.8832000000,226.4492753623
697,100,0,4,100,100,0,0,35,104,588,100,100,0.0375346143,20.1911200416,25.0000000000,15.6804629960,1.0000000000,0.8832000000,226.4492753623
698,100,0,4,100,100,0,0,35,104,588,100,100,0.0416846928,20.1494353489,25.0000000000,15.6804911699,1.0000000000,0.8832000000,226.4492753623
699,100,0,5,100,100,0,0,35,105,685,100,100,0.0406104737,20.1088248752,20.0000000000,15.6004563918,1.0000000000,0.8840000000,226.2443438914
700,100,0,9,100,100,0,0,35,109,1073,100,100,0.0513019867,20.0575228884,11.1111111111,15.2804443292,1.0000000000,0.8872000000,225.4283137962
701,100,0,3,100,100,0,0,36,103,491,100,100,0.0371475615,20.0203753270,33.3333333333,15.7604877839,1.0000000000,0.8824000000,226.6545784225
702,100,0,1,100,100,0,0,36,101,297,100,100,0.0441933393,19.9761819877,100.0000000000,15.9205552305,1.0000000000,0.8808000000,227.0663033606
703,100,0,2,100,100,0,0,36,102,394,100,100,0.0383870163,19.9377949714,50.0000000000,15.8404849780,1.0000000000,0.8816000000,226.8602540835
704,100,0,10,100,100,0,0,36,110,1170,100,100,0.0570200015,19.8807749699,10.0000000000,15.2004551500,1.0000000000,0.8880000000,225.2252252252
705,100,0,5,100,100,0,0,36,105,685,100,100,0.0391480368,19.8416269331,20.0000000000,15.6004512069,1.0000000000,0.8840000000,226.2443438914
706,100,0,3,100,100,0,0,36,103,491,100,100,0.0416463393,19.7999805938,33.3333333333,15.7605134342,1.0000000000,0.8824000000,226.6545784225
707,100,0,6,100,100,0,0,36,106,782,100,100,0.0417240008,19.7582565930,16.6666666667,15.5204551885,1.0000000000,0.8848000000,226.0397830018
708,100,0,3,100,100,0,0,36,103,491,100,100,0.0378532624,19.7204033306,33.3333333333,15.7604773657,1.0000000000,0.8824000000,226.6545784225
709,100,0,8,100,100,0,0,36,108,976,100,100,0.0467144850,19.6736888456,12.5000000000,15.3604480904,1.0000000000,0.8864000000,225.6317689531
710,100,0,6,100,100,0,0,36,106,782,100,100,0.0444986847,19.6291901609,16.6666666667,15.5204602039,1.0000000000,0.8848000000,226.0397830018
711,100,0,3,100,100,0,0,36,103,491,100,100,0.0355467926,19.5936433683,33.3333333333,15.7604687855,1.0000000000,0.8824000000,226.6545784225
712,100,0,7,100,100,0,0,36,107,879,100,100,0.0483924457,19.5452509227,14.2857142857,15.4404707250,1.0000000000,0.8856000000,225.8355916893
713,100,0,6,100,100,0,0,36,106,782,100,100,0.0419706519,19.5032802707,16.6666666667,15.5204473686,1.0000000000,0.8848000000,226.0397830018
714,100,0,6,100,100,0,0,36,106,782,100,100,0.0437003056,19.4595799652,16.6666666667,15.5204625745,1.0000000000,0.8848000000,226.0397830018
715,100,0,3,100,100,0,0,36,103,491,100,100,0.0351805410,19.4243994242,33.3333333333,15.7604671214,1.0000000000,0.8824000000,226.6545784225
716,100,0,4,100,100,0,0,36,104,588,100,100,0.0403692457,19.3840301785,25.0000000000,15.6804877211,1.0000000000,0.8832000000,226.4492753623
717,100,0,10,100,100,0,0,36,110,1170,100,100,0.0548953303,19.3291348481,10.0000000000,15.2004525635,1.0000000000,0.8880000000,225.2252252252
718,100,0,4,100,100,0,0,36,104,588,100,100,0.0379035955,19.2912312527,25.0000000000,15.6804700645,1.0000000000,0.8832000000,226.4492753623
719,100,0,3,100,100,0,0,36,103,491,100,100,0.0358981010,19.2553331516,33.3333333333,15.7604465339,1.0000000000,0.8824000000,226.6545784225
720,100,0,7,100,100,0,0,36,107,879,100,100,0.0469489837,19.2083841679,14.2857142857,15.4404562473,1.0000000000,0.8856000000,225.8355916893
721,100,0,4,100,100,0,0,37,104,588,100,100,0.0363171049,19.1720670630,25.0000000000,15.6804569144,1.0000000000,0.8832000000,226.4492753623
722,100,0,3,100,100,0,0,37,103,491,100,100,0.0358677809,19.1361992822,33.3333333333,15.7604600117,1.0000000000,0.8824000000,226.6545784225
723,100,0,5,100,100,0,0,37,105,685,100,100,0.0477415264,19.0884577558,20.0000000000,15.6005164285,1.0000000000,0.8840000000,226.2443438914
724,100,0,7,100,100,0,0,37,107,879,100,100,0.0450475190,19.0434102367,14.2857142857,15.4404507771,1.0000000000,0.8856000000,225.8355916893
725,100,0,3,100,100,0,0,37,103,491,100,100,0.0360040274,19.0074062093,33.3333333333,15.7604646501,1.0000000000,0.8824000000,226.6545784225
726,100,0,5,100,100,0,0,37,105,685,100,100,0.0449163577,18.9624898516,20.0000000000,15.6004788789,1.0000000000,0.8840000000,226.2443438914
727,100,0,6,100,100,0,0,37,106,782,100,100,0.0487835230,18.9137063286,16.6666666667,15.5204893252,1.0000000000,0.8848000000,226.0397830018
728,100,0,6,100,100,0,0,37,106,782,100,100,0.0406272322,18.8730790964,16.6666666667,15.5204455387,1.0000000000,0.8848000000,226.0397830018
729,100,0,4,100,100,0,0,37,104,588,100,100,0.0397515233,18.8333275731,25.0000000000,15.6804721902,1.0000000000,0.8832000000,226.4492753623
730,100,0,2,100,100,0,0,37,102,394,100,100,0.0408265069,18.7925010662,50.0000000000,15.8404438130,1.0000000000,0.8816000000,226.8602540835
731,100,0,7,100,100,0,0,37,107,879,100,100,0.0453813816,18.7471196845,14.2857142857,15.4404510412,1.0000000000,0.8856000000,225.8355916893
732,100,0,5,100,100,0,0,37,105,685,100,100,0.0422769313,18.7048427532,20.0000000000,15.6004811043,1.0000000000,0.8840000000,226.2443438914
733,100,0,3,100,100,0,0,37,103,491,100,100,0.0378177154,18.6670250378,33.3333333333,15.7605023465,1.0000000000,0.8824000000,226.6545784225
734,100,0,3,100,100,0,0,37,103,491,100,100,0.0349253435,18.6320996943,33.3333333333,15.7604531205,1.0000000000,0.8824000000,226.6545784225
735,100,0,5,100,100,0,0,37,105,685,100,100,0.0408037551,18.5912959392,20.0000000000,15.6004658428,1.0000000000,0.8840000000,226.2443438914
736,100,0,7,100,100,0,0,37,107,879,100,100,0.0448190911,18.5464768481,14.2857142857,15.4404533920,1.0000000000,0.8856000000,225.8355916893
737,100,0,6,100,100,0,0,37,106,782,100,100,0.0485619956,18.4979148525,16.6666666667,15.5204698355,1.0000000000,0.8848000000,226.0397830018
738,100,0,8,100,100,0,0,37,108,976,100,100,0.0488709013,18.4490439513,12.5000000000,15.3604522758,1.0000000000,0.8864000000,225.6317689531
739,100,0,5,100,100,0,0,37,105,685,100,100,0.0399427413,18.4091012100,20.0000000000,15.6004616584,1.0000000000,0.8840000000,226.2443438914
740,100,0,6,100,100,0,0,37,106,782,100,100,0.0421147969,18.3669864131,16.6666666667,15.5204529066,1.0000000000,0.8848000000,226.0397830018
741,100,0,3,100,100,0,0,38,103,491,100,100,0.0340305194,18.3329558936,33.3333333333,15.7604574820,1.0000000000,0.8824000000,226.6545784225
742,100,0,6,100,100,0,0,38,106,782,100,100,0.0431757826,18.2897801111,16.6666666667,15.5204573914,1.0000000000,0.8848000000,226.0397830018
743,100,0,4,100,100,0,0,38,104,588,100,100,0.0432538264,18.2465262846,25.0000000000,15.6804981847,1.0000000000,0.8832000000,226.4492753623
744,100,0,7,100,100,0,0,38,107,879,100,100,0.0428523899,18.2036738947,14.2857142857,15.4404498149,1.0000000000,0.8856000000,225.8355916893
745,100,0,4,100,100,0,0,38,104,588,100,100,0.0363679904,18.1673059043,25.0000000000,15.6804569475,1.0000000000,0.8832000000,226.4492753623
746,100,0,4,100,100,0,0,38,104,588,100,100,0.0370128588,18.1302930455,25.0000000000,15.6804470684,1.0000000000,0.8832000000,226.4492753623
747,100,0,6,100,100,0,0,38,106,782,100,100,0.0415184574,18.0887745882,16.6666666667,15.5204504066,1.0000000000,0.8848000000,226.0397830018
748,100,0,7,100,100,0,0,38,107,879,100,100,0.0506040119,18.0381705762,14.2857142857,15.4404813547,1.0000000000,0.8856000000,225.8355916893
749,100,0,4,100,100,0,0,38,104,588,100,100,0.0431829251,17.9949876512,25.0000000000,15.6805024658,1.0000000000,0.8832000000,226.4492753623
750,100,0,3,100,100,0,0,38,103,491,100,100,0.0362518855,17.9587357657,33.3333333333,15.7604709785,1.0000000000,0.8824000000,226.6545784225
751,100,0,4,100,100,0,0,38,104,588,100,100,0.0446369804,17.9140987853,25.0000000000,15.6805204848,1.0000000000,0.8832000000,226.4492753623
752,100,0,7,100,100,0,0,38,107,879,100,100,0.0450379528,17.8690608325,14.2857142857,15.4404496791,1.0000000000,0.8856000000,225.8355916893
753,100,0,6,100,100,0,0,38,106,782,100,100,0.0409223863,17.8281384462,16.6666666667,15.5204433898,1.0000000000,0.8848000000,226.0397830018
754,100,0,3,100,100,0,0,38,103,491,100,100,0.0352373658,17.7929010804,33.3333333333,15.7604582807,1.0000000000,0.8824000000,226.6545784225
755,100,0,4,100,100,0,0,38,104,588,100,100,0.0389377072,17.7539633732,25.0000000000,15.6804650702,1.0000000000,0.8832000000,226.4492753623
756,100,0,11,100,100,0,0,38,111,1267,100,100,0.0598672334,17.6940961398,9.0909090909,15.1204494529,1.0000000000,0.8888000000,225.0225022502
757,100,0,5,100,100,0,0,38,105,685,100,100,0.0393765494,17.6547195904,20.0000000000,15.6004614875,1.0000000000,0.8840000000,226.2443438914
758,100,0,4,100,100,0,0,38,104,588,100,100,0.0396117114,17.6151078791,25.0000000000,15.6804791001,1.0000000000,0.8832000000,226.4492753623
759,100,0,7,100,100,0,0,38,107,879,100,100,0.0470197704,17.5680881086,14.2857142857,15.4404642332,1.0000000000,0.8856000000,225.8355916893
760,100,0,1,100,100,0,0,38,101,297,100,100,0.0334120520,17.5346760567,100.0000000000,15.9204773073,1.0000000000,0.8808000000,227.0663033606
761,100,0,4,100,100,0,0,39,104,588,100,100,0.0382914179,17.4963846387,25.0000000000,15.6804587095,1.0000000000,0.8832000000,226.4492753623
762,100,0,5,100,100,0,0,39,105,685,100,100,0.0404710433,17.4559135955,20.0000000000,15.6004560655,1.0000000000,0.8840000000,226.2443438914
763,100,0,3,100,100,0,0,39,103,491,100,100,0.0374137153,17.4184998801,33.3333333333,15.7604975655,1.0000000000,0.8824000000,226.6545784225
764,100,0,8,100,100,0,0,39,108,976,100,100,0.0455384703,17.3729614099,12.5000000000,15.3604412800,1.0000000000,0.8864000000,225.6317689531
765,100,0,5,100,100,0,0,39,105,685,100,100,0.0408048601,17.3321565497,20.0000000000,15.6004634694,1.0000000000,0.8840000000,226.2443438914
766,100,0,4,100,100,0,0,39,104,588,100,100,0.0367657888,17.2953907609,25.0000000000,15.6804620823,1.0000000000,0.8832000000,226.4492753623
767,100,0,3,100,100,0,0,39,103,491,100,100,0.0396935846,17.2556971763,33.3333333333,15.7605001578,1.0000000000,0.8824000000,226.6545784225
768,100,0,5,100,100,0,0,39,105,685,100,100,0.0390863681,17.2166108083,20.0000000000,15.6004538498,1.0000000000,0.8840000000,226.2443438914
769,100,0,3,100,100,0,0,39,103,491,100,100,0.0374882192,17.1791225891,33.3333333333,15.7604610370,1.0000000000,0.8824000000,226.6545784225
770,100,0,7,100,100,0,0,39,107,879,100,100,0.0456764505,17.1334461386,14.2857142857,15.4404526286,1.0000000000,0.8856000000,225.8355916893
771,100,0,7,100,100,0,0,39,107,879,100,100,0.0504142412,17.0830318973,14.2857142857,15.4404600429,1.0000000000,0.8856000000,225.8355916893
772,100,0,8,100,100,0,0,39,108,976,100,100,0.0493825668,17.0336493305,12.5000000000,15.3604516460,1.0000000000,0.8864000000,225.6317689531
773,100,0,2,100,100,0,0,39,102,394,100,100,0.0396026876,16.9940466429,50.0000000000,15.8405407410,1.0000000000,0.8816000000,226.8602540835
774,100,0,9,100,100,0,0,39,109,1073,100,100,0.0508154533,16.9432311896,11.1111111111,15.2804541332,1.0000000000,0.8872000000,225.4283137962
775,100,0,6,100,100,0,0,39,106,782,100,100,0.0443962245,16.8988349651,16.6666666667,15.5204614256,1.0000000000,0.8848000000,226.0397830018
776,100,0,7,100,100,0,0,39,107,879,100,100,0.0470945065,16.8517404587,14.2857142857,15.4404581616,1.0000000000,0.8856000000,225.8355916893
777,100,0,6,100,100,0,0,39,105,782,100,100,0.0444595531,16.8072809056,16.6666666667,15.5204702354,1.0000000000,0.8840000000,226.2443438914
778,100,0,5,100,100,0,0,39,105,685,100,100,0.0419432901,16.7653376156,20.0000000000,15.6004734406,1.0000000000,0.8840000000,226.2443438914
779,100,0,1,100,100,0,0,39,101,297,100,100,0.0363663553,16.7289712602,100.0000000000,15.9204738832,1.0000000000,0.8808000000,227.0663033606
780,100,0,2,100,100,0,0,39,102,394,100,100,0.0358980652,16.6930731951,50.0000000000,15.8404860255,1.0000000000,0.8816000000,226.8602540835
781,100,0,4,100,100,0,0,40,104,588,100,100,0.0412740839,16.6517991112,25.0000000000,15.6804893714,1.0000000000,0.8832000000,226.4492753623
782,100,0,6,100,100,0,0,40,106,782,100,100,0.0422452293,16.6095538819,16.6666666667,15.5204595300,1.0000000000,0.8848000000,226.0397830018
783,100,0,3,100,100,0,0,40,103,491,100,100,0.0542077078,16.5553461740,33.3333333333,15.7605847845,1.0000000000,0.8824000000,226.6545784225
784,100,0,6,100,100,0,0,40,106,782,100,100,0.0432461750,16.5120999990,16.6666666667,15.5204631371,1.0000000000,0.8848000000,226.0397830018
785,100,0,1,100,100,0,0,40,101,297,100,100,0.0494229176,16.4626770814,100.0000000000,15.9205835836,1.0000000000,0.8808000000,227.0663033606
786,100,0,7,100,100,0,0,40,107,879,100,100,0.0466447532,16.4160323282,14.2857142857,15.4404550805,1.0000000000,0.8856000000,225.8355916893
787,100,0,7,100,100,0,0,40,107,879,100,100,0.0451112419,16.3709210862,14.2857142857,15.4404533271,1.0000000000,0.8856000000,225.8355916893
788,100,0,3,100,100,0,0,40,103,491,100,100,0.0353809631,16.3355401231,33.3333333333,15.7604768801,1.0000000000,0.8824000000,226.6545784225
789,100,0,6,100,100,0,0,40,106,782,100,100,0.0410428027,16.2944973204,16.6666666667,15.5204460210,1.0000000000,0.8848000000,226.0397830018
790,100,0,4,100,100,0,0,40,104,588,100,100,0.0386989611,16.2557983593,25.0000000000,15.6804682390,1.0000000000,0.8832000000,226.4492753623
791,100,0,6,100,100,0,0,40,106,782,100,100,0.0428677411,16.2129306183,16.6666666667,15.5204554101,1.0000000000,0.8848000000,226.0397830018
792,100,0,5,100,100,0,0,40,105,685,100,100,0.0393199101,16.1736107082,20.0000000000,15.6004511163,1.0000000000,0.8840000000,226.2443438914
793,100,0,7,100,100,0,0,40,106,879,100,100,0.0475808591,16.1260298491,14.2857142857,15.4404508527,1.0000000000,0.8848000000,226.0397830018
794,100,0,4,100,100,0,0,40,104,588,100,100,0.0425999994,16.0834298497,25.0000000000,15.6804704200,1.0000000000,0.8832000000,226.4492753623
795,100,0,12,100,100,0,0,40,112,1364,100,100,0.0585480454,16.0248818043,8.3333333333,15.0404394689,1.0000000000,0.8896000000,224.8201438849
796,100,0,1,100,100,0,0,40,101,297,100,100,0.0457382784,15.9791435259,100.0000000000,15.9205737274,1.0000000000,0.8808000000,227.0663033606
797,100,0,3,100,100,0,0,40,103,491,100,100,0.0448022561,15.9343412698,33.3333333333,15.7604688467,1.0000000000,0.8824000000,226.6545784225
798,100,0,4,100,100,0,0,40,104,588,100,100,0.0395697587,15.8947715111,25.0000000000,15.6804752982,1.0000000000,0.8832000000,226.4492753623
799,100,0,6,100,100,0,0,40,106,782,100,100,0.0429253453,15.8518461657,16.6666666667,15.5204583395,1.0000000000,0.8848000000,226.0397830018
800,100,0,5,100,100,0,0,40,105,685,100,100,0.0384506312,15.8133955346,20.0000000000,15.6004607455,1.0000000000,0.8840000000,226.2443438914
801,100,0,8,100,100,0,0,41,108,976,100,100,0.0484129522,15.7649825823,12.5000000000,15.3604605304,1.0000000000,0.8864000000,225.6317689531
802,100,0,5,100,100,0,0,41,105,685,100,100,0.0387017568,15.7262808256,20.0000000000,15.6004513729,1.0000000000,0.8840000000,226.2443438914
803,100,0,8,100,100,0,0,41,108,976,100,100,0.0499265290,15.6763542966,12.5000000000,15.3604563995,1.0000000000,0.8864000000,225.6317689531
804,100,0,6,100,100,0,0,41,106,782,100,100,0.0406889612,15.6356653354,16.6666666667,15.5204477565,1.0000000000,0.8848000000,226.0397830018
805,100,0,7,100,100,0,0,41,107,879,100,100,0.0501217541,15.5855435813,14.2857142857,15.4404833024,1.0000000000,0.8856000000,225.8355916893
806,100,0,6,100,100,0,0,41,106,782,100,100,0.0441099824,15.5414335989,16.6666666667,15.5204677835,1.0000000000,0.8848000000,226.0397830018
807,100,0,2,100,100,0,0,41,102,394,100,100,0.0353262459,15.5061073530,50.0000000000,15.8404636648,1.0000000000,0.8816000000,226.8602540835
808,100,0,6,100,100,0,0,41,106,782,100,100,0.0484756884,15.4576316646,16.6666666667,15.5204881103,1.0000000000,0.8848000000,226.0397830018
809,100,0,6,100,100,0,0,41,106,782,100,100,0.0402653697,15.4173662949,16.6666666667,15.5204442010,1.0000000000,0.8848000000,226.0397830018
810,100,0,1,100,100,0,0,41,101,297,100,100,0.0450651323,15.3723011626,100.0000000000,15.9205842451,1.0000000000,0.8808000000,227.0663033606
811,100,0,4,100,100,0,0,41,104,588,100,100,0.0384899658,15.3338111968,25.0000000000,15.6804710871,1.0000000000,0.8832000000,226.4492753623
812,100,0,3,100,100,0,0,41,103,491,100,100,0.0352743961,15.2985368007,33.3333333333,15.7604797503,1.0000000000,0.8824000000,226.6545784225
813,100,0,4,100,100,0,0,41,104,588,100,100,0.0390782068,15.2594585939,25.0000000000,15.6804545165,1.0000000000,0.8832000000,226.4492753623
814,100,0,5,100,100,0,0,41,104,685,100,100,0.0431988803,15.2162597135,20.0000000000,15.6004884183,1.0000000000,0.8832000000,226.4492753623
815,100,0,6,100,100,0,0,41,106,782,100,100,0.0425647571,15.1736949565,16.6666666667,15.5204549690,1.0000000000,0.8848000000,226.0397830018
816,100,0,1,100,100,0,0,41,101,297,100,100,0.0428850156,15.1308099409,100.0000000000,15.9204680288,1.0000000000,0.8808000000,227.0663033606
817,100,0,9,100,100,0,0,41,109,1073,100,100,0.0516000396,15.0792099013,11.1111111111,15.2804486406,1.0000000000,0.8872000000,225.4283137962
818,100,0,6,100,100,0,0,41,106,782,100,100,0.0444387817,15.0347711196,16.6666666667,15.5204649940,1.0000000000,0.8848000000,226.0397830018
819,100,0,6,100,100,0,0,41,106,782,100,100,0.0434792813,14.9912918383,16.6666666667,15.5204523135,1.0000000000,0.8848000000,226.0397830018
820,100,0,1,100,100,0,0,41,101,297,100,100,0.0387085740,14.9525832643,100.0000000000,15.9204588251,1.0000000000,0.8808000000,227.0663033606
821,100,0,4,100,100,0,0,42,104,588,100,100,0.0383509992,14.9142322651,25.0000000000,15.6804772368,1.0000000000,0.8832000000,226.4492753623
822,100,0,2,100,100,0,0,42,102,394,100,100,0.0378259187,14.8764063463,50.0000000000,15.8404691174,1.0000000000,0.8816000000,226.8602540835
823,100,0,5,100,100,0,0,42,105,685,100,100,0.0407922977,14.8356140486,20.0000000000,15.6004674106,1.0000000000,0.8840000000,226.2443438914
824,100,0,7,100,100,0,0,42,107,879,100,100,0.0455350183,14.7900790303,14.2857142857,15.4404569847,1.0000000000,0.8856000000,225.8355916893
825,100,0,2,100,100,0,0,42,102,394,100,100,0.0362443647,14.7538346656,50.0000000000,15.8404942776,1.0000000000,0.8816000000,226.8602540835
826,100,0,8,100,100,0,0,42,108,976,100,100,0.0487851400,14.7050495256,12.5000000000,15.3604530002,1.0000000000,0.8864000000,225.6317689531
827,100,0,4,100,100,0,0,42,104,588,100,100,0.0397294973,14.6653200283,25.0000000000,15.6804843096,1.0000000000,0.8832000000,226.4492753623
828,100,0,3,100,100,0,0,42,103,491,100,100,0.0362219177,14.6290981106,33.3333333333,15.7604631979,1.0000000000,0.8824000000,226.6545784225
829,100,0,2,100,100,0,0,42,102,394,100,100,0.0466474435,14.5824506671,50.0000000000,15.8405336405,1.0000000000,0.8816000000,226.8602540835
830,100,0,6,100,100,0,0,42,106,782,100,100,0.0408994672,14.5415511999,16.6666666667,15.5204466301,1.0000000000,0.8848000000,226.0397830018
831,100,0,5,100,100,0,0,42,105,685,100,100,0.0435002439,14.4980509560,20.0000000000,15.6004742260,1.0000000000,0.8840000000,226.2443438914
832,100,0,7,100,100,0,0,42,107,879,100,100,0.0461363963,14.4519145597,14.2857142857,15.4404523897,1.0000000000,0.8856000000,225.8355916893
833,100,0,5,100,100,0,0,42,105,685,100,100,0.0440525646,14.4078619951,20.0000000000,15.6004829737,1.0000000000,0.8840000000,226.2443438914
834,100,0,7,100,100,0,0,42,106,879,100,100,0.0434237217,14.3644382735,14.2857142857,15.4404476393,1.0000000000,0.8848000000,226.0397830018
835,100,0,1,100,100,0,0,42,101,297,100,100,0.0417909197,14.3226473538,100.0000000000,15.9205751209,1.0000000000,0.8808000000,227.0663033606
836,100,0,9,100,100,0,0,42,109,1073,100,100,0.0515562961,14.2710910578,11.1111111111,15.2804490920,1.0000000000,0.8872000000,225.4283137962
837,100,0,7,100,100,0,0,42,107,879,100,100,0.0444904759,14.2266005818,14.2857142857,15.4404528282,1.0000000000,0.8856000000,225.8355916893
838,100,0,7,100,100,0,0,42,107,879,100,100,0.0456745626,14.1809260192,14.2857142857,15.4404595438,1.0000000000,0.8856000000,225.8355916893
839,100,0,4,100,100,0,0,42,104,588,100,100,0.0377807513,14.1431452679,25.0000000000,15.6804461692,1.0000000000,0.8832000000,226.4492753623
840,100,0,5,100,100,0,0,42,105,685,100,100,0.0424393233,14.1007059446,20.0000000000,15.6004695222,1.0000000000,0.8840000000,226.2443438914
841,100,0,6,100,100,0,0,43,106,782,100,100,0.0428598138,14.0578461308,16.6666666667,15.5204537169,1.0000000000,0.8848000000,226.0397830018
842,100,0,3,100,100,0,0,43,103,491,100,100,0.0373970164,14.0204491144,33.3333333333,15.7604851114,1.0000000000,0.8824000000,226.6545784225
843,100,0,2,100,100,0,0,43,102,394,100,100,0.0408280974,13.9796210170,50.0000000000,15.8405263865,1.0000000000,0.8816000000,226.8602540835
844,100,0,2,100,100,0,0,43,102,394,100,100,0.0355707830,13.9440502340,50.0000000000,15.8404830885,1.0000000000,0.8816000000,226.8602540835
845,100,0,9,100,100,0,0,43,109,1073,100,100,0.0524641692,13.8915860648,11.1111111111,15.2804603211,1.0000000000,0.8872000000,225.4283137962
846,100,0,8,100,100,0,0,43,108,976,100,100,0.0485391509,13.8430469139,12.5000000000,15.3604461215,1.0000000000,0.8864000000,225.6317689531
847,100,0,7,100,100,0,0,43,107,879,100,100,0.0447122556,13.7983346583,14.2857142857,15.4404496220,1.0000000000,0.8856000000,225.8355916893
848,100,0,5,100,100,0,0,43,104,685,100,100,0.0475545425,13.7507801158,20.0000000000,15.6004958261,1.0000000000,0.8832000000,226.4492753623
849,100,0,4,100,100,0,0,43,104,588,100,100,0.0373968755,13.7133832402,25.0000000000,15.6804619277,1.0000000000,0.8832000000,226.4492753623
850,100,0,7,100,100,0,0,43,107,879,100,100,0.0474329741,13.6659502661,14.2857142857,15.4404570085,1.0000000000,0.8856000000,225.8355916893
851,100,0,7,100,100,0,0,43,107,879,100,100,0.0466339428,13.6193163233,14.2857142857,15.4404620107,1.0000000000,0.8856000000,225.8355916893
852,100,0,5,100,100,0,0,43,105,685,100,100,0.0391208300,13.5801954933,20.0000000000,15.6004620959,1.0000000000,0.8840000000,226.2443438914
853,100,0,5,100,100,0,0,43,105,685,100,100,0.0402949474,13.5399005459,20.0000000000,15.6004500722,1.0000000000,0.8840000000,226.2443438914
854,100,0,5,100,100,0,0,43,105,685,100,100,0.0422101800,13.4976903659,20.0000000000,15.6004608321,1.0000000000,0.8840000000,226.2443438914
855,100,0,3,100,100,0,0,43,103,491,100,100,0.0357452746,13.4619450913,33.3333333333,15.7604662505,1.0000000000,0.8824000000,226.6545784225
856,100,0,8,100,100,0,0,43,108,976,100,100,0.0522484912,13.4096966002,12.5000000000,15.3604725668,1.0000000000,0.8864000000,225.6317689531
857,100,0,3,100,100,0,0,43,103,491,100,100,0.0344458711,13.3752507290,33.3333333333,15.7604600611,1.0000000000,0.8824000000,226.6545784225
858,100,0,2,100,100,0,0,43,102,394,100,100,0.0331643689,13.3420863601,50.0000000000,15.8404639260,1.0000000000,0.8816000000,226.8602540835
859,100,0,4,100,100,0,0,43,104,588,100,100,0.0365693573,13.3055170029,25.0000000000,15.6804601994,1.0000000000,0.8832000000,226.4492753623
860,100,0,5,100,100,0,0,43,105,685,100,100,0.0455446947,13.2599723082,20.0000000000,15.6004998351,1.0000000000,0.8840000000,226.2443438914
861,100,0,4,100,100,0,0,44,104,588,100,100,0.0429479570,13.2170243512,25.0000000000,15.6804788798,1.0000000000,0.8832000000,226.4492753623
862,100,0,4,100,100,0,0,44,104,588,100,100,0.0380468077,13.1789775434,25.0000000000,15.6804618478,1.0000000000,0.8832000000,226.4492753623
863,100,0,10,100,100,0,0,44,109,1170,100,100,0.0555400215,13.1234375219,10.0000000000,15.2004519342,1.0000000000,0.8872000000,225.4283137962
864,100,0,4,100,100,0,0,44,104,588,100,100,0.0459869727,13.0774505492,25.0000000000,15.6805066862,1.0000000000,0.8832000000,226.4492753623
865,100,0,8,100,100,0,0,44,108,976,100,100,0.0460423313,13.0314082179,12.5000000000,15.3604519109,1.0000000000,0.8864000000,225.6317689531
866,100,0,8,100,100,0,0,44,108,976,100,100,0.0494201497,12.9819880682,12.5000000000,15.3604523657,1.0000000000,0.8864000000,225.6317689531
867,100,0,2,100,100,0,0,44,102,394,100,100,0.0333073957,12.9486806725,50.0000000000,15.8404760298,1.0000000000,0.8816000000,226.8602540835
868,100,0,5,100,100,0,0,44,105,685,100,100,0.0427952759,12.9058853965,20.0000000000,15.6004703727,1.0000000000,0.8840000000,226.2443438914
869,100,0,6,100,100,0,0,44,106,782,100,100,0.0425353453,12.8633500513,16.6666666667,15.5204546298,1.0000000000,0.8848000000,226.0397830018
870,100,0,6,100,100,0,0,44,106,782,100,100,0.0463703867,12.8169796646,16.6666666667,15.5204594307,1.0000000000,0.8848000000,226.0397830018
871,100,0,4,100,100,0,0,44,104,588,100,100,0.0351114996,12.7818681649,25.0000000000,15.6804484854,1.0000000000,0.8832000000,226.4492753623
872,100,0,3,100,100,0,0,44,103,491,100,100,0.0352123764,12.7466557886,33.3333333333,15.7604717299,1.0000000000,0.8824000000,226.6545784225
873,100,0,3,100,100,0,0,44,103,491,100,100,0.0369757688,12.7096800198,33.3333333333,15.7604775564,1.0000000000,0.8824000000,226.6545784225
874,100,0,2,100,100,0,0,44,102,394,100,100,0.0412077418,12.6684722779,50.0000000000,15.8405006625,1.0000000000,0.8816000000,226.8602540835
875,100,0,4,100,100,0,0,44,104,588,100,100,0.0381400361,12.6303322418,25.0000000000,15.6804715094,1.0000000000,0.8832000000,226.4492753623
876,100,0,7,100,100,0,0,44,107,879,100,100,0.0442769742,12.5860552676,14.2857142857,15.4404534593,1.0000000000,0.8856000000,225.8355916893
877,100,0,5,100,100,0,0,44,105,685,100,100,0.0392665215,12.5467887462,20.0000000000,15.6004646140,1.0000000000,0.8840000000,226.2443438914
878,100,0,5,100,100,0,0,44,105,685,100,100,0.0413997879,12.5053889582,20.0000000000,15.6004645517,1.0000000000,0.8840000000,226.2443438914
879,100,0,4,100,100,0,0,44,104,588,100,100,0.0409063800,12.4644825782,25.0000000000,15.6804915100,1.0000000000,0.8832000000,226.4492753623
880,100,0,6,100,100,0,0,44,106,782,100,100,0.0418510980,12.4226314802,16.6666666667,15.5204572697,1.0000000000,0.8848000000,226.0397830018
881,100,0,9,100,100,0,0,45,109,1073,100,100,0.0477645106,12.3748669696,11.1111111111,15.2804388496,1.0000000000,0.8872000000,225.4283137962
882,100,0,5,100,100,0,0,45,105,685,100,100,0.0420599604,12.3328070091,20.0000000000,15.6004750862,1.0000000000,0.8840000000,226.2443438914
883,100,0,4,100,100,0,0,45,104,588,100,100,0.0384140031,12.2943930061,25.0000000000,15.6804657439,1.0000000000,0.8832000000,226.4492753623
884,100,0,5,100,100,0,0,45,105,685,100,100,0.0397518736,12.2546411324,20.0000000000,15.6004599009,1.0000000000,0.8840000000,226.2443438914
885,100,0,8,100,100,0,0,45,108,976,100,100,0.0534834781,12.2011576543,12.5000000000,15.3604760704,1.0000000000,0.8864000000,225.6317689531
886,100,0,1,100,100,0,0,45,101,297,100,100,0.0360658108,12.1650918435,100.0000000000,15.9204762537,1.0000000000,0.8808000000,227.0663033606
887,100,0,3,100,100,0,0,45,103,491,100,100,0.0349387867,12.1301530568,33.3333333333,15.7604579732,1.0000000000,0.8824000000,226.6545784225
888,100,0,6,100,100,0,0,45,106,782,100,100,0.0419751590,12.0881778978,16.6666666667,15.5204540230,1.0000000000,0.8848000000,226.0397830018
889,100,0,4,100,100,0,0,45,104,588,100,100,0.0360709779,12.0521069199,25.0000000000,15.6804488539,1.0000000000,0.8832000000,226.4492753623
890,100,0,4,100,100,0,0,45,104,588,100,100,0.0384924116,12.0136145083,25.0000000000,15.6804549637,1.0000000000,0.8832000000,226.4492753623
891,100,0,3,100,100,0,0,45,103,491,100,100,0.0427717198,11.9708427884,33.3333333333,15.7605300632,1.0000000000,0.8824000000,226.6545784225
892,100,0,4,100,100,0,0,45,104,588,100,100,0.0380044820,11.9328383065,25.0000000000,15.6804592316,1.0000000000,0.8832000000,226.4492753623
893,100,0,6,100,100,0,0,45,106,782,100,100,0.0493462256,11.8834920809,16.6666666667,15.5204951586,1.0000000000,0.8848000000,226.0397830018
894,100,0,3,100,100,0,0,45,103,491,100,100,0.0366110375,11.8468810434,33.3333333333,15.7604696199,1.0000000000,0.8824000000,226.6545784225
895,100,0,5,100,100,0,0,45,105,685,100,100,0.0412178268,11.8056632166,20.0000000000,15.6004728520,1.0000000000,0.8840000000,226.2443438914
896,100,0,8,100,100,0,0,45,108,976,100,100,0.0478219390,11.7578412776,12.5000000000,15.3604549364,1.0000000000,0.8864000000,225.6317689531
897,100,0,7,100,100,0,0,45,107,879,100,100,0.0442504012,11.7135908764,14.2857142857,15.4404555884,1.0000000000,0.8856000000,225.8355916893
898,100,0,6,100,100,0,0,45,106,782,100,100,0.0455211729,11.6680697035,16.6666666667,15.5204702007,1.0000000000,0.8848000000,226.0397830018
899,100,0,5,100,100,0,0,45,105,685,100,100,0.0400539737,11.6280157298,20.0000000000,15.6004614794,1.0000000000,0.8840000000,226.2443438914
900,100,0,4,100,100,0,0,45,104,588,100,100,0.0368520884,11.5911636414,25.0000000000,15.6804688414,1.0000000000,0.8832000000,226.4492753623
901,100,0,5,100,100,0,0,46,105,685,100,100,0.0413879501,11.5497756913,20.0000000000,15.6004784194,1.0000000000,0.8840000000,226.2443438914
902,100,0,7,100,100,0,0,46,107,879,100,100,0.0466984406,11.5030772507,14.2857142857,15.4404593909,1.0000000000,0.8856000000,225.8355916893
903,100,0,7,100,100,0,0,46,107,879,100,100,0.0476805006,11.4553967501,14.2857142857,15.4404573288,1.0000000000,0.8856000000,225.8355916893
904,100,0,7,100,100,0,0,46,107,879,100,100,0.0431192178,11.4122775323,14.2857142857,15.4404445369,1.0000000000,0.8856000000,225.8355916893
905,100,0,1,100,100,0,0,46,101,297,100,100,0.0413250213,11.3709525110,100.0000000000,15.9205443173,1.0000000000,0.8808000000,227.0663033606
906,100,0,6,100,100,0,0,46,106,782,100,100,0.0432564430,11.3276960680,16.6666666667,15.5204609922,1.0000000000,0.8848000000,226.0397830018
907,100,0,5,100,100,0,0,46,105,685,100,100,0.0395603019,11.2881357661,20.0000000000,15.6004603797,1.0000000000,0.8840000000,226.2443438914
908,100,0,3,100,100,0,0,46,103,491,100,100,0.0367949537,11.2513408123,33.3333333333,15.7604781628,1.0000000000,0.8824000000,226.6545784225
909,100,0,3,100,100,0,0,46,103,491,100,100,0.0383501902,11.2129906221,33.3333333333,15.7604918742,1.0000000000,0.8824000000,226.6545784225
910,100,0,5,100,100,0,0,46,105,685,100,100,0.0398955726,11.1730950496,20.0000000000,15.6004622700,1.0000000000,0.8840000000,226.2443438914
911,100,0,6,100,100,0,0,46,106,782,100,100,0.0439531614,11.1291418881,16.6666666667,15.5204621725,1.0000000000,0.8848000000,226.0397830018
912,100,0,4,100,100,0,0,46,104,588,100,100,0.0382878830,11.0908540051,25.0000000000,15.6804599275,1.0000000000,0.8832000000,226.4492753623
913,100,0,4,100,100,0,0,46,104,588,100,100,0.0372687908,11.0535852143,25.0000000000,15.6804635458,1.0000000000,0.8832000000,226.4492753623
914,100,0,6,100,100,0,0,46,106,782,100,100,0.0448872081,11.0086980062,16.6666666667,15.5204658396,1.0000000000,0.8848000000,226.0397830018
915,100,0,3,100,100,0,0,46,103,491,100,100,0.0366005658,10.9720974404,33.3333333333,15.7604825859,1.0000000000,0.8824000000,226.6545784225
916,100,0,6,100,100,0,0,46,106,782,100,100,0.0410684930,10.9310289474,16.6666666667,15.5204543920,1.0000000000,0.8848000000,226.0397830018
917,100,0,5,100,100,0,0,46,105,685,100,100,0.0421335528,10.8888953946,20.0000000000,15.6004686455,1.0000000000,0.8840000000,226.2443438914
918,100,0,2,100,100,0,0,46,102,394,100,100,0.0332976312,10.8555977634,50.0000000000,15.8404708805,1.0000000000,0.8816000000,226.8602540835
919,100,0,6,100,100,0,0,46,106,782,100,100,0.0405683701,10.8150293933,16.6666666667,15.5204489121,1.0000000000,0.8848000000,226.0397830018
920,100,0,9,100,100,0,0,46,109,1073,100,100,0.0516909646,10.7633384287,11.1111111111,15.2804522236,1.0000000000,0.8872000000,225.4283137962
921,100,0,7,100,100,0,0,47,107,879,100,100,0.0480602920,10.7152781368,14.2857142857,15.4404721725,1.0000000000,0.8856000000,225.8355916893
922,100,0,5,100,100,0,0,47,105,685,100,100,0.0410622031,10.6742159337,20.0000000000,15.6004617175,1.0000000000,0.8840000000,226.2443438914
923,100,0,1,100,100,0,0,47,101,297,100,100,0.0472859249,10.6269300088,100.0000000000,15.9204636768,1.0000000000,0.8808000000,227.0663033606
924,100,0,7,100,100,0,0,47,106,879,100,100,0.0432268895,10.5837031193,14.2857142857,15.4404525037,1.0000000000,0.8848000000,226.0397830018
925,100,0,5,100,100,0,0,47,105,685,100,100,0.0440037843,10.5396993350,20.0000000000,15.6004852483,1.0000000000,0.8840000000,226.2443438914
926,100,0,3,100,100,0,0,47,103,491,100,100,0.0381519159,10.5015474191,33.3333333333,15.7604945819,1.0000000000,0.8824000000,226.6545784225
927,100,0,4,100,100,0,0,47,104,588,100,100,0.0385466155,10.4630008036,25.0000000000,15.6804765633,1.0000000000,0.8832000000,226.4492753623
928,100,0,4,100,100,0,0,47,104,588,100,100,0.0426796712,10.4203211324,25.0000000000,15.6804845074,1.0000000000,0.8832000000,226.4492753623
929,100,0,4,100,100,0,0,47,104,588,100,100,0.0394063445,10.3809147879,25.0000000000,15.6804863139,1.0000000000,0.8832000000,226.4492753623
930,100,0,5,100,100,0,0,47,105,685,100,100,0.0392044508,10.3417103371,20.0000000000,15.6004564976,1.0000000000,0.8840000000,226.2443438914
931,100,0,6,100,100,0,0,47,106,782,100,100,0.0425154339,10.2991949032,16.6666666667,15.5204606500,1.0000000000,0.8848000000,226.0397830018
932,100,0,4,100,100,0,0,47,104,588,100,100,0.0397890182,10.2594058851,25.0000000000,15.6804833770,1.0000000000,0.8832000000,226.4492753623
933,100,0,7,100,100,0,0,47,107,879,100,100,0.0461116735,10.2132942115,14.2857142857,15.4404613543,1.0000000000,0.8856000000,225.8355916893
934,100,0,10,100,100,0,0,47,110,1170,100,100,0.0521169739,10.1611772376,10.0000000000,15.2004470841,1.0000000000,0.8880000000,225.2252252252
935,100,0,4,100,100,0,0,47,104,588,100,100,0.0424049084,10.1187723292,25.0000000000,15.6805037230,1.0000000000,0.8832000000,226.4492753623
936,100,0,3,100,100,0,0,47,103,491,100,100,0.0354863407,10.0832859886,33.3333333333,15.7604613204,1.0000000000,0.8824000000,226.6545784225
937,100,0,3,100,100,0,0,47,103,491,100,100,0.0370143367,10.0462716518,33.3333333333,15.7604774378,1.0000000000,0.8824000000,226.6545784225
938,100,0,5,100,100,0,0,47,105,685,100,100,0.0397849378,10.0064867140,20.0000000000,15.6004557363,1.0000000000,0.8840000000,226.2443438914
939,100,0,8,100,100,0,0,47,108,976,100,100,0.0507514053,9.9557353087,12.5000000000,15.3604584857,1.0000000000,0.8864000000,225.6317689531
940,100,0,5,100,100,0,0,47,105,685,100,100,0.0429066158,9.9128286929,20.0000000000,15.6004846638,1.0000000000,0.8840000000,226.2443438914
941,100,0,8,100,100,0,0,48,108,976,100,100,0.0488282663,9.8640004266,12.5000000000,15.3604528812,1.0000000000,0.8864000000,225.6317689531
942,100,0,3,100,100,0,0,48,103,491,100,100,0.0348250732,9.8291753534,33.3333333333,15.7604673120,1.0000000000,0.8824000000,226.6545784225
943,100,0,3,100,100,0,0,48,103,491,100,100,0.0364951780,9.7926801755,33.3333333333,15.7604873632,1.0000000000,0.8824000000,226.6545784225
944,100,0,7,100,100,0,0,48,107,879,100,100,0.0453807115,9.7472994640,14.2857142857,15.4404523075,1.0000000000,0.8856000000,225.8355916893
945,100,0,5,100,100,0,0,48,105,685,100,100,0.0392376662,9.7080617978,20.0000000000,15.6004537606,1.0000000000,0.8840000000,226.2443438914
946,100,0,6,100,100,0,0,48,106,782,100,100,0.0448669950,9.6631948028,16.6666666667,15.5204692648,1.0000000000,0.8848000000,226.0397830018
947,100,0,6,100,100,0,0,48,106,782,100,100,0.0418749995,9.6213198033,16.6666666667,15.5204517922,1.0000000000,0.8848000000,226.0397830018
948,100,0,7,100,100,0,0,48,106,879,100,100,0.0484146510,9.5729051523,14.2857142857,15.4404777904,1.0000000000,0.8848000000,226.0397830018
949,100,0,7,100,100,0,0,48,107,879,100,100,0.0476675744,9.5252375779,14.2857142857,15.4404653461,1.0000000000,0.8856000000,225.8355916893
950,100,0,5,100,100,0,0,48,105,685,100,100,0.0420380124,9.4831995655,20.0000000000,15.6004718771,1.0000000000,0.8840000000,226.2443438914
951,100,0,6,100,100,0,0,48,106,782,100,100,0.0435826863,9.4396168792,16.6666666667,15.5204539610,1.0000000000,0.8848000000,226.0397830018
952,100,0,4,100,100,0,0,48,104,588,100,100,0.0394816954,9.4001351839,25.0000000000,15.6804803682,1.0000000000,0.8832000000,226.4492753623
953,100,0,4,100,100,0,0,48,104,588,100,100,0.0400985271,9.3600366568,25.0000000000,15.6804834337,1.0000000000,0.8832000000,226.4492753623
954,100,0,3,100,100,0,0,48,103,491,100,100,0.0371681005,9.3228685563,33.3333333333,15.7604452249,1.0000000000,0.8824000000,226.6545784225
955,100,0,8,100,100,0,0,48,108,976,100,100,0.0473953274,9.2754732289,12.5000000000,15.3604530364,1.0000000000,0.8864000000,225.6317689531
956,100,0,4,100,100,0,0,48,104,588,100,100,0.0376020899,9.2378711390,25.0000000000,15.6804644332,1.0000000000,0.8832000000,226.4492753623
957,100,0,4,100,100,0,0,48,104,588,100,100,0.0411629277,9.1967082113,25.0000000000,15.6804804453,1.0000000000,0.8832000000,226.4492753623
958,100,0,2,100,100,0,0,48,102,394,100,100,0.0359965125,9.1607116988,50.0000000000,15.8405012668,1.0000000000,0.8816000000,226.8602540835
959,100,0,6,100,100,0,0,48,106,782,100,100,0.0432672298,9.1174444690,16.6666666667,15.5204669059,1.0000000000,0.8848000000,226.0397830018
960,100,0,2,100,100,0,0,48,102,394,100,100,0.0410587435,9.0763857254,50.0000000000,15.8405045761,1.0000000000,0.8816000000,226.8602540835
961,100,0,3,100,100,0,0,49,103,491,100,100,0.0356687844,9.0407169411,33.3333333333,15.7604719236,1.0000000000,0.8824000000,226.6545784225
962,100,0,5,100,100,0,0,49,105,685,100,100,0.0399259686,9.0007909725,20.0000000000,15.6004600608,1.0000000000,0.8840000000,226.2443438914
963,100,0,6,100,100,0,0,49,106,782,100,100,0.0443533394,8.9564376331,16.6666666667,15.5204699332,1.0000000000,0.8848000000,226.0397830018
964,100,0,2,100,100,0,0,49,102,394,100,100,0.0371060892,8.9193315439,50.0000000000,15.8404697106,1.0000000000,0.8816000000,226.8602540835
965,100,0,6,100,100,0,0,49,106,782,100,100,0.0407342007,8.8785973431,16.6666666667,15.5204484097,1.0000000000,0.8848000000,226.0397830018
966,100,0,10,100,100,0,0,49,110,1170,100,100,0.0589808349,8.8196165082,10.0000000000,15.2004542058,1.0000000000,0.8880000000,225.2252252252
967,100,0,8,100,100,0,0,49,108,976,100,100,0.0463087814,8.7733077268,12.5000000000,15.3604514791,1.0000000000,0.8864000000,225.6317689531
968,100,0,3,100,100,0,0,49,103,491,100,100,0.0358281677,8.7374795591,33.3333333333,15.7604736024,1.0000000000,0.8824000000,226.6545784225
969,100,0,6,100,100,0,0,49,106,782,100,100,0.0419462584,8.6955333008,16.6666666667,15.5204506294,1.0000000000,0.8848000000,226.0397830018
970,100,0,4,100,100,0,0,49,104,588,100,100,0.0399291295,8.6556041713,25.0000000000,15.6804442973,1.0000000000,0.8832000000,226.4492753623
971,100,0,6,100,100,0,0,49,106,782,100,100,0.0443135413,8.6112906300,16.6666666667,15.5204543092,1.0000000000,0.8848000000,226.0397830018
972,100,0,5,100,100,0,0,49,105,685,100,100,0.0407023839,8.5705882461,20.0000000000,15.6004585629,1.0000000000,0.8840000000,226.2443438914
973,100,0,4,100,100,0,0,49,104,588,100,100,0.0394570244,8.5311312218,25.0000000000,15.6804754337,1.0000000000,0.8832000000,226.4492753623
974,100,0,2,100,100,0,0,49,102,394,100,100,0.0352096963,8.4959215255,50.0000000000,15.8404806274,1.0000000000,0.8816000000,226.8602540835
975,100,0,4,100,100,0,0,49,104,588,100,100,0.0415855135,8.4543360119,25.0000000000,15.6804812884,1.0000000000,0.8832000000,226.4492753623
976,100,0,7,100,100,0,0,49,106,879,100,100,0.0476708972,8.4066651148,14.2857142857,15.4404608864,1.0000000000,0.8848000000,226.0397830018
977,100,0,5,100,100,0,0,49,105,685,100,100,0.0427948069,8.3638703079,20.0000000000,15.6004683225,1.0000000000,0.8840000000,226.2443438914
978,100,0,6,100,100,0,0,49,106,782,100,100,0.0435602658,8.3203100421,16.6666666667,15.5204619425,1.0000000000,0.8848000000,226.0397830018
979,100,0,4,100,100,0,0,49,104,588,100,100,0.0363200217,8.2839900204,25.0000000000,15.6804488118,1.0000000000,0.8832000000,226.4492753623
980,100,0,4,100,100,0,0,49,104,588,100,100,0.0402348759,8.2437551445,25.0000000000,15.6804932888,1.0000000000,0.8832000000,226.4492753623
981,100,0,1,100,100,0,0,50,101,297,100,100,0.0463992817,8.1973558628,100.0000000000,15.9205716849,1.0000000000,0.8808000000,227.0663033606
982,100,0,5,100,100,0,0,50,105,685,100,100,0.0507035153,8.1466523475,20.0000000000,15.6005300371,1.0000000000,0.8840000000,226.2443438914
983,100,0,5,100,100,0,0,50,105,685,100,100,0.0464547988,8.1001975487,20.0000000000,15.6005049549,1.0000000000,0.8840000000,226.2443438914
984,100,0,4,100,100,0,0,50,104,588,100,100,0.0373146030,8.0628829458,25.0000000000,15.6804698331,1.0000000000,0.8832000000,226.4492753623
985,100,0,4,100,100,0,0,50,104,588,100,100,0.0365768013,8.0263061445,25.0000000000,15.6804557014,1.0000000000,0.8832000000,226.4492753623
986,100,0,3,100,100,0,0,50,103,491,100,100,0.0388731809,7.9874329635,33.3333333333,15.7604922966,1.0000000000,0.8824000000,226.6545784225
987,100,0,7,100,100,0,0,50,107,879,100,100,0.0436158879,7.9438170757,14.2857142857,15.4404521609,1.0000000000,0.8856000000,225.8355916893
988,100,0,6,100,100,0,0,50,106,782,100,100,0.0455441056,7.8982729701,16.6666666667,15.5204598483,1.0000000000,0.8848000000,226.0397830018
989,100,0,5,100,100,0,0,50,105,685,100,100,0.0421876790,7.8560852911,20.0000000000,15.6004750908,1.0000000000,0.8840000000,226.2443438914
990,100,0,8,100,100,0,0,50,108,976,100,100,0.0507350138,7.8053502774,12.5000000000,15.3604636215,1.0000000000,0.8864000000,225.6317689531
991,100,0,2,100,100,0,0,50,102,394,100,100,0.0332013276,7.7721489498,50.0000000000,15.8404597270,1.0000000000,0.8816000000,226.8602540835
992,100,0,4,100,100,0,0,50,104,588,100,100,0.0373620745,7.7347868753,25.0000000000,15.6804696517,1.0000000000,0.8832000000,226.4492753623
993,100,0,9,100,100,0,0,50,109,1073,100,100,0.0501145485,7.6846723268,11.1111111111,15.2804528871,1.0000000000,0.8872000000,225.4283137962
994,100,0,5,100,100,0,0,50,105,685,100,100,0.0384703478,7.6462019790,20.0000000000,15.6004521496,1.0000000000,0.8840000000,226.2443438914
995,100,0,8,100,100,0,0,50,108,976,100,100,0.0482109160,7.5979910630,12.5000000000,15.3604519720,1.0000000000,0.8864000000,225.6317689531
996,100,0,5,100,100,0,0,50,105,685,100,100,0.0413238528,7.5566672102,20.0000000000,15.6004681607,1.0000000000,0.8840000000,226.2443438914
997,100,0,3,100,100,0,0,50,103,491,100,100,0.0369172593,7.5197499509,33.3333333333,15.7604770957,1.0000000000,0.8824000000,226.6545784225
998,100,0,4,100,100,0,0,50,104,588,100,100,0.0381770006,7.4815729503,25.0000000000,15.6804618801,1.0000000000,0.8832000000,226.4492753623
999,100,0,7,100,100,0,0,50,107,879,100,100,0.0456584632,7.4359144871,14.2857142857,15.4404523690,1.0000000000,0.8856000000,225.8355916893
1000,100,0,5,100,100,0,0,50,105,685,100,100,0.0392378115,7.3966766756,20.0000000000,15.6004579324,1.0000000000,0.8840000000,226.2443438914
1001,100,0,3,100,100,0,0,51,103,491,100,100,0.0426401506,7.3540365250,33.3333333333,15.7605048034,1.0000000000,0.8824000000,226.6545784225
1002,100,0,5,100,100,0,0,51,105,685,100,100,0.0440757040,7.3099608210,20.0000000000,15.6004831790,1.0000000000,0.8840000000,226.2443438914
1003,100,0,5,100,100,0,0,51,105,685,100,100,0.0395208456,7.2704399754,20.0000000000,15.6004606819,1.0000000000,0.8840000000,226.2443438914
1004,100,0,7,100,100,0,0,51,107,879,100,100,0.0473781733,7.2230618021,14.2857142857,15.4404688713,1.0000000000,0.8856000000,225.8355916893
1005,100,0,3,100,100,0,0,51,103,491,100,100,0.0427721766,7.1802896255,33.3333333333,15.7605291765,1.0000000000,0.8824000000,226.6545784225
1006,100,0,4,100,100,0,0,51,104,588,100,100,0.0404948555,7.1397947700,25.0000000000,15.6804780851,1.0000000000,0.8832000000,226.4492753623
1007,100,0,2,100,100,0,0,51,102,394,100,100,0.0405165281,7.0992782419,50.0000000000,15.8405204376,1.0000000000,0.8816000000,226.8602540835
1008,100,0,4,100,100,0,0,51,104,588,100,100,0.0449016825,7.0543765594,25.0000000000,15.6805030519,1.0000000000,0.8832000000,226.4492753623
1009,100,0,6,100,100,0,0,51,106,782,100,100,0.0422628431,7.0121137163,16.6666666667,15.5204560557,1.0000000000,0.8848000000,226.0397830018
1010,100,0,12,100,100,0,0,51,110,1364,100,100,0.0558508960,6.9562628203,8.3333333333,15.0404431471,1.0000000000,0.8880000000,225.2252252252
1011,100,0,4,100,100,0,0,51,104,588,100,100,0.0400943598,6.9161684606,25.0000000000,15.6804580583,1.0000000000,0.8832000000,226.4492753623
1012,100,0,4,100,100,0,0,51,104,588,100,100,0.0409491445,6.8752193161,25.0000000000,15.6804964820,1.0000000000,0.8832000000,226.4492753623
1013,100,0,6,100,100,0,0,51,106,782,100,100,0.0427913010,6.8324280151,16.6666666667,15.5204524761,1.0000000000,0.8848000000,226.0397830018
1014,100,0,5,100,100,0,0,51,105,685,100,100,0.0405199080,6.7919081071,20.0000000000,15.6004669038,1.0000000000,0.8840000000,226.2443438914
1015,100,0,10,100,100,0,0,51,109,1170,100,100,0.0541161010,6.7377920061,10.0000000000,15.2004492409,1.0000000000,0.8872000000,225.4283137962
1016,100,0,8,100,100,0,0,51,108,976,100,100,0.0478019263,6.6899900799,12.5000000000,15.3604523406,1.0000000000,0.8864000000,225.6317689531
1017,100,0,3,100,100,0,0,51,103,491,100,100,0.0368749659,6.6531151139,33.3333333333,15.7604773004,1.0000000000,0.8824000000,226.6545784225
1018,100,0,2,100,100,0,0,51,102,394,100,100,0.0410800238,6.6120350902,50.0000000000,15.8405485200,1.0000000000,0.8816000000,226.8602540835
1019,100,0,3,100,100,0,0,51,103,491,100,100,0.0391060696,6.5729290206,33.3333333333,15.7604644064,1.0000000000,0.8824000000,226.6545784225
1020,100,0,4,100,100,0,0,51,104,588,100,100,0.0404070869,6.5325219337,25.0000000000,15.6804777129,1.0000000000,0.8832000000,226.4492753623
1021,100,0,3,100,100,0,0,52,103,491,100,100,0.0360281173,6.4964938164,33.3333333333,15.7604495748,1.0000000000,0.8824000000,226.6545784225
1022,100,0,4,100,100,0,0,52,104,588,100,100,0.0378087694,6.4586850470,25.0000000000,15.6804749639,1.0000000000,0.8832000000,226.4492753623
1023,100,0,2,100,100,0,0,52,102,394,100,100,0.0414031725,6.4172818745,50.0000000000,15.8405546341,1.0000000000,0.8816000000,226.8602540835
1024,100,0,4,100,100,0,0,52,104,588,100,100,0.0372245726,6.3800573019,25.0000000000,15.6804612955,1.0000000000,0.8832000000,226.4492753623
1025,100,0,7,100,100,0,0,52,107,879,100,100,0.0429342317,6.3371230702,14.2857142857,15.4404439146,1.0000000000,0.8856000000,225.8355916893
1026,100,0,6,100,100,0,0,52,106,782,100,100,0.0429928724,6.2941301978,16.6666666667,15.5204567986,1.0000000000,0.8848000000,226.0397830018
1027,100,0,8,100,100,0,0,52,108,976,100,100,0.0492820415,6.2448481563,12.5000000000,15.3604562662,1.0000000000,0.8864000000,225.6317689531
1028,100,0,7,100,100,0,0,52,107,879,100,100,0.0469781312,6.1978700251,14.2857142857,15.4404576460,1.0000000000,0.8856000000,225.8355916893
1029,100,0,2,100,100,0,0,52,102,394,100,100,0.0368511758,6.1610188493,50.0000000000,15.8405233913,1.0000000000,0.8816000000,226.8602540835
1030,100,0,8,100,100,0,0,52,108,976,100,100,0.0501391941,6.1108796552,12.5000000000,15.3604532208,1.0000000000,0.8864000000,225.6317689531
1031,100,0,6,100,100,0,0,52,105,782,100,100,0.0445935150,6.0662861402,16.6666666667,15.5204807103,1.0000000000,0.8840000000,226.2443438914
1032,100,0,7,100,100,0,0,52,106,879,100,100,0.0428651748,6.0234209655,14.2857142857,15.4404493862,1.0000000000,0.8848000000,226.0397830018
1033,100,0,5,100,100,0,0,52,105,685,100,100,0.0398195071,5.9836014584,20.0000000000,15.6004593533,1.0000000000,0.8840000000,226.2443438914
1034,100,0,5,100,100,0,0,52,105,685,100,100,0.0397203506,5.9438811077,20.0000000000,15.6004524945,1.0000000000,0.8840000000,226.2443438914
1035,99,1,6,100,93,7,0,52,106,782,99,99,0.0451571916,5.8987239161,15.6666666667,15.5703794051,0.9300000000,0.8768000000,212.1350364964
1036,99,1,2,99,99,0,0,52,101,390,99,99,0.0389989755,5.8597249406,49.5000000000,15.8388603340,1.0000000000,0.8728000000,226.8560953254
1037,99,1,6,99,99,0,0,52,105,774,99,99,0.0438402917,5.8158846490,16.5000000000,15.5156210542,1.0000000000,0.8760000000,226.0273972603
1038,99,1,7,99,99,0,0,52,105,870,99,99,0.0512304528,5.7646541961,14.1428571429,15.4348156472,1.0000000000,0.8760000000,226.0273972603
1039,99,1,2,99,99,0,0,52,101,390,99,99,0.0339274625,5.7307267337,49.5000000000,15.8388409785,1.0000000000,0.8728000000,226.8560953254
1040,99,1,3,99,99,0,0,52,102,486,99,99,0.0371883524,5.6935383812,33.0000000000,15.7580609615,1.0000000000,0.8736000000,226.6483516484
1041,99,1,2,99,99,0,0,53,101,390,99,99,0.0450494200,5.6484889612,49.5000000000,15.8388902247,1.0000000000,0.8728000000,226.8560953254
1042,99,1,7,99,99,0,0,53,106,870,99,99,0.0438988726,5.6045900886,14.1428571429,15.4347899467,1.0000000000,0.8768000000,225.8211678832
1043,99,1,5,99,99,0,0,53,104,678,99,99,0.0395989901,5.5649910986,19.8000000000,15.5964124146,1.0000000000,0.8752000000,226.2340036563
1044,98,2,5,99,93,6,0,53,104,678,98,98,0.0399149925,5.5250761061,18.8000000000,15.6563987027,0.9393939394,0.8672000000,214.4833948339
1045,98,2,1,98,98,0,0,53,99,291,98,98,0.0447958651,5.4802802410,98.0000000000,15.9189647731,1.0000000000,0.8632000000,227.0620945320
1046,98,2,9,98,98,0,0,53,107,1051,98,98,0.0486299584,5.4316502826,10.8888888889,15.2657500429,1.0000000000,0.8696000000,225.3909843606
1047,98,2,4,98,98,0,0,53,102,576,98,98,0.0391604763,5.3924898064,24.5000000000,15.6739437994,1.0000000000,0.8656000000,226.4325323475
1048,97,3,12,98,89,9,0,53,110,1336,97,97,0.0605317332,5.3319580732,7.5000000000,15.0116786556,0.9081632653,0.8640000000,206.0185185185
1049,97,3,3,97,97,0,0,53,100,476,97,97,0.0332622089,5.2986958643,32.3333333333,15.7530272000,1.0000000000,0.8560000000,226.6355140187
1050,97,3,2,97,97,0,0,53,99,382,97,97,0.0343344118,5.2643614525,48.5000000000,15.8355406473,1.0000000000,0.8552000000,226.8475210477
1051,97,3,5,97,97,0,0,53,102,664,97,97,0.0415223637,5.2228390888,19.4000000000,15.5881072970,1.0000000000,0.8576000000,226.2126865672
1052,97,3,6,97,97,0,0,53,103,758,97,97,0.0411294914,5.1817095974,16.1666666667,15.5056037729,1.0000000000,0.8584000000,226.0018639329
1053,97,3,4,97,97,0,0,53,101,570,97,97,0.0368635460,5.1448460514,24.2500000000,15.6705644097,1.0000000000,0.8568000000,226.4239028945
1054,97,3,3,97,97,0,0,53,100,476,97,97,0.0349460000,5.1099000514,32.3333333333,15.7530580484,1.0000000000,0.8560000000,226.6355140187
1055,97,3,5,97,97,0,0,53,102,664,97,97,0.0388354229,5.0710646285,19.4000000000,15.5880850380,1.0000000000,0.8576000000,226.2126865672
1056,95,5,7,97,82,15,0,53,104,852,95,95,0.0380144051,5.0330502234,12.0000000000,15.5126403481,0.8453608247,0.8432000000,194.4971537002
1057,95,5,2,95,95,0,0,53,97,374,95,95,0.0402994147,4.9927508087,47.5000000000,15.8320662948,1.0000000000,0.8376000000,226.8385864374
1058,94,6,7,95,82,13,0,53,102,834,93,93,0.0443458722,4.9484049366,11.8571428571,15.4150897486,0.8631578947,0.8256000000,198.6434108527
1059,94,6,2,94,93,1,0,53,96,370,93,93,0.0328713324,4.9155336041,47.0000000000,15.8284349229,0.9893617021,0.8208000000,226.6081871345
1060,92,8,8,94,75,19,0,53,101,916,91,91,0.0407927600,4.8747408441,9.6250000000,15.3604322775,0.7978723404,0.8088000000,185.4599406528
1061,92,8,7,92,91,1,0,54,99,807,91,91,0.0432459523,4.8314948918,13.1428571429,15.3850630607,0.9891304348,0.8072000000,225.4707631318
1062,91,9,6,92,69,23,0,54,98,718,78,78,0.0318727327,4.7996221591,11.8333333333,15.4207191870,0.7500000000,0.7024000000,196.4692482916
1063,91,9,2,91,89,2,0,54,93,358,89,89,0.0320356423,4.7675865168,45.5000000000,15.8207063451,0.9780219780,0.7864000000,226.3479145473
1064,91,9,5,91,89,2,0,54,96,622,89,89,0.0383405495,4.7292459673,18.2000000000,15.5510246700,0.9780219780,0.7888000000,225.6592292089
1065,89,11,4,91,55,36,0,54,95,534,80,80,0.0353011182,4.6939448491,14.5000000000,15.7096036892,0.6043956044,0.7160000000,153.6312849162
1066,89,11,4,89,88,1,0,54,93,522,88,88,0.0329604611,4.6609843880,22.2500000000,15.6368082074,0.9887640449,0.7784000000,226.1048304214
1067,88,12,9,89,75,14,0,54,98,952,75,75,0.0430857530,4.6178986350,8.4444444444,15.1471123866,0.8426966292,0.6784000000,221.1084905660
1068,88,12,6,88,88,0,0,54,94,686,88,88,0.0378982393,4.5800003957,14.6666666667,15.4549865998,1.0000000000,0.7792000000,225.8726899384
1069,88,12,3,88,88,0,0,54,91,431,88,88,0.0330808301,4.5469195656,29.3333333333,15.7277492205,1.0000000000,0.7768000000,226.5705458290
1070,88,12,5,88,87,1,0,54,93,601,87,87,0.0367528553,4.5101667103,17.6000000000,15.5406777719,0.9886363636,0.7704000000,225.8566978193
1071,88,12,2,88,86,2,0,54,90,346,86,86,0.0294978362,4.4806688741,44.0000000000,15.8144260512,0.9772727273,0.7600000000,226.3157894737
1072,88,12,4,88,86,2,0,54,92,516,86,86,0.0321858450,4.4484830291,22.0000000000,15.6283518890,0.9772727273,0.7616000000,225.8403361345
1073,88,12,6,88,86,2,0,54,94,686,86,86,0.0380373329,4.4104456962,14.6666666667,15.4423066744,0.9772727273,0.7632000000,225.3668763103
1074,87,13,6,88,72,16,0,54,94,686,84,84,0.0364482668,4.3739974294,12.3333333333,15.4448584538,0.8181818182,0.7472000000,192.7194860814
1075,86,14,8,87,80,7,0,54,95,846,81,81,0.0411687473,4.3328286821,10.1250000000,15.3004326764,0.9195402299,0.7240000000,220.9944751381
1076,86,14,1,86,82,4,0,54,87,255,82,82,0.0343466102,4.2984820719,86.0000000000,15.9029220516,0.9534883721,0.7256000000,226.0198456450
1077,85,15,4,86,77,9,0,54,90,504,78,78,0.0327875140,4.2656945579,19.7500000000,15.6888000380,0.8953488372,0.6960000000,221.2643678161
1078,85,15,4,85,81,4,0,54,89,498,81,81,0.0338060225,4.2318885354,21.2500000000,15.6054037934,0.9529411765,0.7192000000,225.2502780868
1079,84,16,3,85,54,31,0,54,88,416,80,80,0.0318407765,4.2000477589,18.6666666667,15.7041385310,0.6352941176,0.7104000000,152.0270270270
1080,84,16,3,84,80,4,0,54,87,411,80,80,0.0277760073,4.1722717516,28.0000000000,15.7004411276,0.9523809524,0.7096000000,225.4791431793
1081,84,16,1,84,78,6,0,55,85,249,78,78,0.0274869354,4.1447848162,84.0000000000,15.8978971285,0.9285714286,0.6920000000,225.4335260116
1082,83,17,8,84,68,16,0,55,92,816,68,68,0.0353815173,4.1094032989,8.7500000000,15.1769051503,0.8095238095,0.6176000000,220.2072538860
1083,83,17,6,83,79,4,0,55,89,646,79,79,0.0366318966,4.0727714023,13.8333333333,15.3928521487,0.9518072289,0.7032000000,224.6871444824
1084,82,18,5,83,72,11,0,55,88,566,73,73,0.0282657258,4.0445056764,15.4000000000,15.5559901244,0.8674698795,0.6544000000,220.0488997555
1085,82,18,4,82,78,4,0,55,86,480,78,78,0.0297204545,4.0147852220,20.5000000000,15.5901812808,0.9512195122,0.6928000000,225.1732101617
1086,82,18,3,82,78,4,0,55,85,401,78,78,0.0286120506,3.9861731714,27.3333333333,15.6927618995,0.9512195122,0.6920000000,225.4335260116
1087,82,18,3,82,77,5,0,55,85,401,77,77,0.0322618303,3.9539113411,27.3333333333,15.6888141213,0.9390243902,0.6840000000,225.1461988304
1088,82,18,1,82,77,5,0,55,83,243,77,77,0.0310167667,3.9228945744,82.0000000000,15.8965446307,0.9390243902,0.6824000000,225.6740914420
1089,80,20,7,82,65,17,0,55,89,717,69,69,0.0315080049,3.8913865695,9.7142857143,15.3850537102,0.7926829268,0.6232000000,208.6007702182
1090,79,21,2,80,21,59,0,55,82,314,75,75,0.0250000679,3.8663865016,11.5000000000,15.6194872443,0.2625000000,0.6656000000,63.1009615385
1091,79,21,3,79,75,4,0,55,82,386,75,75,0.0264629568,3.8399235448,26.3333333333,15.6804234168,0.9493670886,0.6656000000,225.3605769231
1092,78,22,5,79,73,6,0,55,84,538,73,73,0.0312921013,3.8086314435,15.4000000000,15.5620777389,0.9240506329,0.6512000000,224.2014742015
1093,77,23,3,78,70,8,0,55,81,381,70,70,0.0231096960,3.7855217475,23.6666666667,15.7718718097,0.8974358974,0.6248000000,224.0717029449
1094,77,23,4,77,75,2,0,55,81,450,75,75,0.0294559715,3.7560657760,19.2500000000,15.5737745527,0.9740259740,0.6648000000,225.6317689531
1095,76,24,6,77,62,15,0,55,83,598,74,74,0.0330648246,3.7230009514,10.5000000000,15.3552564723,0.8051948052,0.6584000000,188.3353584447
1096,74,26,3,76,53,23,0,55,79,371,73,73,0.0288145681,3.6941863833,18.3333333333,15.8495009050,0.6973684211,0.6472000000,163.7824474660
1097,74,26,3,74,73,1,0,55,77,361,73,73,0.0289731048,3.6652132785,24.6666666667,15.6717099011,0.9864864865,0.6456000000,226.1462205700
1098,73,27,3,74,62,12,0,55,77,361,69,69,0.0286842787,3.6365289998,21.0000000000,15.7423854476,0.8378378378,0.6136000000,202.0860495437
1099,72,28,6,73,69,4,0,55,79,566,69,69,0.0315758279,3.6049531720,11.6666666667,15.4207354135,0.9452054795,0.6152000000,224.3172951886
1100,72,28,8,72,72,0,0,55,80,696,72,72,0.0374326343,3.5675205376,9.0000000000,15.1115283337,1.0000000000,0.6400000000,225.0000000000
1101,72,28,2,72,72,0,0,56,74,282,72,72,0.0277716065,3.5397489311,36.0000000000,15.7782183349,1.0000000000,0.6352000000,226.7002518892
1102,72,28,5,72,72,0,0,56,77,489,72,72,0.0298438714,3.5099050597,14.4000000000,15.4448698735,1.0000000000,0.6376000000,225.8469259724
1103,71,29,4,72,64,8,0,56,76,420,71,71,0.0290556958,3.4808493639,16.2500000000,15.6254464144,0.8888888889,0.6288000000,203.5623409669
1104,71,29,3,71,70,1,0,56,74,346,70,70,0.0260009084,3.4548484555,23.6666666667,15.6575777490,0.9859154930,0.6192000000,226.0981912145
1105,70,30,6,71,60,11,0,56,77,550,68,68,0.0305117448,3.4243367107,10.5000000000,15.3337654290,0.8450704225,0.6056000000,198.1505944518
1106,70,30,3,70,68,2,0,56,73,341,68,68,0.0289473950,3.3953893158,23.3333333333,15.6475154461,0.9714285714,0.6024000000,225.7636122178
1107,70,30,3,70,68,2,0,56,73,341,68,68,0.0297902463,3.3655990694,23.3333333333,15.6475283095,0.9714285714,0.6024000000,225.7636122178
1108,70,30,2,70,68,2,0,56,72,274,68,68,0.0237749556,3.3418241138,35.0000000000,15.7651384033,0.9714285714,0.6016000000,226.0638297872
1109,70,30,4,70,67,3,0,56,74,408,67,67,0.0263741252,3.3154499886,17.5000000000,15.5228107734,0.9571428571,0.5952000000,225.1344086022
1110,68,32,5,70,61,9,0,56,74,475,61,61,0.0240507552,3.2913992334,12.8000000000,15.6070050866,0.8714285714,0.5472000000,222.9532163743
1111,68,32,4,68,67,1,0,56,72,396,67,67,0.0269906323,3.2644086011,17.0000000000,15.5228197810,0.9852941176,0.5936000000,225.7412398922
1112,68,32,3,68,67,1,0,56,71,331,67,67,0.0290222175,3.2353863836,22.6666666667,15.6422562405,0.9852941176,0.5928000000,226.0458839406
1113,67,33,6,68,52,16,0,56,74,526,65,65,0.0308929761,3.2044934075,9.1666666667,15.2311860180,0.7647058824,0.5792000000,179.5580110497
1114,67,33,6,67,65,2,0,56,73,518,65,65,0.0315422146,3.1729511929,11.1666666667,15.2619672596,0.9701492537,0.5784000000,224.7579529737
1115,67,33,3,67,65,2,0,56,70,326,65,65,0.0232936630,3.1496575299,22.3333333333,15.6311828500,0.9701492537,0.5760000000,225.6944444444
1116,67,33,3,67,64,3,0,56,70,326,64,64,0.0230278656,3.1266296642,22.3333333333,15.6254257634,0.9552238806,0.5680000000,225.3521126761
1117,67,33,6,67,64,3,0,56,72,518,64,64,0.0315746216,3.0950550427,11.1666666667,15.2504389466,0.9552238806,0.5696000000,224.7191011236
1118,66,34,1,67,0,67,0,56,68,198,62,62,0.0245141818,3.0705408608,1.0000000000,0.0000000000,0.0000000000,0.5504000000,0.0000000000
1119,66,34,2,66,63,3,0,56,68,258,63,63,0.0234034065,3.0471374543,33.0000000000,15.7465113620,0.9545454545,0.5584000000,225.6446991404
1120,66,34,1,66,63,3,0,56,67,195,63,63,0.0203530978,3.0267843565,66.0000000000,15.8734630871,0.9545454545,0.5576000000,225.9684361549
1121,66,34,2,66,63,3,0,57,68,258,63,63,0.0209107194,3.0058736371,33.0000000000,15.7464490125,0.9545454545,0.5584000000,225.6446991404
1122,66,34,2,66,63,3,0,57,68,258,63,63,0.0212012110,2.9846724261,33.0000000000,15.7464495041,0.9545454545,0.5584000000,225.6446991404
1123,66,34,2,66,63,3,0,57,68,258,63,63,0.0226500971,2.9620223290,33.0000000000,15.7464768579,0.9545454545,0.5584000000,225.6446991404
1124,66,34,3,66,63,3,0,57,69,321,63,63,0.0237066196,2.9383157094,22.0000000000,15.6194508339,0.9545454545,0.5592000000,225.3218884120
1125,65,35,7,66,55,11,0,57,73,573,55,55,0.0278830585,2.9104326509,8.1428571429,15.1276875989,0.8333333333,0.4984000000,220.7062600321
1126,65,35,1,65,63,2,0,57,66,192,63,63,0.0235052896,2.8869273613,65.0000000000,15.8735279658,0.9692307692,0.5568000000,226.2931034483
1127,64,36,3,65,31,34,0,57,68,316,61,61,0.0208897974,2.8660375639,11.3333333333,15.4843017518,0.4769230769,0.5424000000,114.3067846608
1128,64,36,5,64,61,3,0,57,69,433,61,61,0.0281847686,2.8378527953,12.8000000000,15.3446818358,0.9531250000,0.5432000000,224.5949926362
1129,64,36,2,64,60,4,0,57,66,250,60,60,0.0211152769,2.8167375184,32.0000000000,15.7337462433,0.9375000000,0.5328000000,225.2252252252
1130,63,37,3,64,25,39,0,57,67,311,26,26,0.0118318601,2.8049056583,9.0000000000,15.3604123637,0.3906250000,0.2616000000,191.1314984709
1131,63,37,5,63,60,3,0,57,68,426,60,60,0.0310816534,2.7738240048,12.6000000000,15.3337833633,0.9523809524,0.5344000000,224.5508982036
1132,63,37,5,63,60,3,0,57,68,426,60,60,0.0266442141,2.7471797907,12.6000000000,15.3337485828,0.9523809524,0.5344000000,224.5508982036
1133,61,39,2,63,0,63,0,57,65,246,14,14,0.0047524087,2.7424273820,1.0000000000,0.0000000000,0.0000000000,0.1640000000,0.0000000000
1134,60,40,3,61,47,14,0,57,64,296,53,53,0.0179691939,2.7244581881,16.0000000000,15.6599980958,0.7704918033,0.4752000000,197.8114478114
1135,60,40,2,60,58,2,0,57,62,234,58,58,0.0208069456,2.7036512425,30.0000000000,15.7245944307,0.9666666667,0.5136000000,225.8566978193
1136,59,41,2,60,38,22,0,57,62,234,38,38,0.0153881585,2.6882630840,19.5000000000,15.7899618127,0.6333333333,0.3536000000,214.9321266968
1137,59,41,2,59,58,1,0,57,61,230,58,58,0.0205505222,2.6677125618,29.5000000000,15.7245903102,0.9830508475,0.5128000000,226.2090483619
1138,59,41,3,59,57,2,0,57,62,286,57,57,0.0211498977,2.6465626640,19.6666666667,15.5793589738,0.9661016949,0.5056000000,225.4746835443
1139,58,42,6,59,50,9,0,57,65,454,50,50,0.0234800764,2.6230825876,8.6666666667,15.2004022537,0.8474576271,0.4520000000,221.2389380531
1140,57,43,6,58,44,14,0,57,64,446,55,55,0.0303863490,2.5926962386,7.8333333333,15.0913439636,0.7586206897,0.4912000000,179.1530944625
1141,56,44,4,57,52,5,0,58,60,330,53,53,0.0232294510,2.5694667877,14.0000000000,15.5388944602,0.9122807018,0.4720000000,220.3389830508
1142,56,44,1,56,53,3,0,58,57,165,53,53,0.0250606855,2.5444061022,56.0000000000,15.8495673677,0.9464285714,0.4696000000,225.7240204429
1143,56,44,6,56,54,2,0,58,62,430,54,54,0.0296219552,2.5147841470,9.3333333333,15.1115358522,0.9642857143,0.4816000000,224.2524916944
1144,55,45,1,56,0,56,0,58,57,165,19,19,0.0072426232,2.5075415238,1.0000000000,0.0000000000,0.0000000000,0.1976000000,0.0000000000
1145,55,45,3,55,53,2,0,58,58,266,53,53,0.0206864556,2.4868550682,18.3333333333,15.5475957794,0.9636363636,0.4704000000,225.3401360544
1146,55,45,1,55,52,3,0,58,56,162,52,52,0.0180876480,2.4687674202,55.0000000000,15.8465958710,0.9454545455,0.4608000000,225.6944444444
1147,54,46,4,55,27,28,0,58,59,318,51,51,0.0209043178,2.4478631023,7.2500000000,15.1115066127,0.4909090909,0.4552000000,118.6291739895
1148,53,47,2,54,22,32,0,58,56,210,22,22,0.0079417277,2.4399213747,11.5000000000,15.6367542973,0.4074074074,0.2208000000,199.2753623188
1149,53,47,1,53,51,2,0,58,54,156,51,51,0.0172479854,2.4226733893,53.0000000000,15.8435590253,0.9622641509,0.4512000000,226.0638297872
1150,53,47,4,53,50,3,0,58,57,306,50,50,0.0214774427,2.4011959466,13.2500000000,15.3604045509,0.9433962264,0.4456000000,224.4165170557
1151,51,49,5,53,43,10,0,58,58,356,49,49,0.0252777835,2.3759181631,9.2000000000,15.4422944093,0.8113207547,0.4384000000,196.1678832117
1152,50,50,3,51,26,25,0,58,54,246,26,26,0.0110779774,2.3648401857,9.3333333333,15.3850222186,0.5098039216,0.2512000000,207.0063694268
1153,50,50,2,50,48,2,0,58,52,194,48,48,0.0205754046,2.3442647811,25.0000000000,15.6671314315,0.9600000000,0.4256000000,225.5639097744
1154,50,50,1,50,48,2,0,58,51,147,48,48,0.0206284106,2.3236363705,50.0000000000,15.8337655268,0.9600000000,0.4248000000,225.9887005650
1155,50,50,4,50,48,2,0,58,54,288,48,48,0.0209580736,2.3026782969,12.5000000000,15.3337449094,0.9600000000,0.4272000000,224.7191011236
1156,50,50,4,50,48,2,0,58,54,288,48,48,0.0205449819,2.2821333150,12.5000000000,15.3337336475,0.9600000000,0.4272000000,224.7191011236
1157,50,50,1,50,48,2,0,58,51,147,48,48,0.0193051273,2.2628281877,50.0000000000,15.8337610382,0.9600000000,0.4248000000,225.9887005650
1158,49,51,5,50,44,6,0,58,54,335,47,47,0.0227421445,2.2400860432,9.4000000000,15.2731358602,0.8800000000,0.4192000000,209.9236641221
1159,48,52,3,49,23,26,0,58,52,236,23,23,0.0123904631,2.2276955801,8.3333333333,15.3048241350,0.4693877551,0.2256000000,203.9007092199
1160,47,53,2,48,33,15,0,58,50,186,33,33,0.0120710418,2.2156245382,17.0000000000,15.7580275585,0.6875000000,0.3040000000,217.1052631579
1161,47,53,3,47,47,0,0,59,50,226,47,47,0.0194332232,2.1961913151,15.6666666667,15.4897920249,1.0000000000,0.4160000000,225.9615384615
1162,47,53,1,47,47,0,0,59,48,138,47,47,0.0157986845,2.1803926305,47.0000000000,15.8302336039,1.0000000000,0.4144000000,226.8339768340
1163,47,53,1,47,47,0,0,59,48,138,47,47,0.0185364328,2.1618561978,47.0000000000,15.8302724577,1.0000000000,0.4144000000,226.8339768340
1164,47,53,2,47,47,0,0,59,49,182,47,47,0.0195416639,2.1423145338,23.5000000000,15.6599964463,1.0000000000,0.4152000000,226.3969171484
1165,47,53,4,47,46,1,0,59,51,270,46,46,0.0219404772,2.1203740566,11.7500000000,15.3047724541,0.9787234043,0.4088000000,225.0489236791
1166,47,53,1,47,46,1,0,59,48,138,46,46,0.0176107742,2.1027632824,47.0000000000,15.8265614692,0.9787234043,0.4064000000,226.3779527559
1167,46,54,4,47,28,19,0,59,51,270,45,45,0.0202298281,2.0825334544,7.5000000000,15.1432796320,0.5957446809,0.4008000000,139.7205588822
1168,46,54,1,46,45,1,0,59,47,135,45,45,0.0165979436,2.0659355107,46.0000000000,15.8226799283,0.9782608696,0.3976000000,226.3581488934
1169,46,54,2,46,45,1,0,59,48,178,45,45,0.0154209072,2.0505146035,23.0000000000,15.6448403484,0.9782608696,0.3984000000,225.9036144578
1170,46,54,1,46,45,1,0,59,47,135,45,45,0.0150244392,2.0354901644,46.0000000000,15.8226340845,0.9782608696,0.3976000000,226.3581488934
1171,46,54,2,46,45,1,0,59,48,178,45,45,0.0154301400,2.0200600244,23.0000000000,15.6448471159,0.9782608696,0.3984000000,225.9036144578
1172,46,54,2,46,45,1,0,59,48,178,45,45,0.0156206341,2.0044393902,23.0000000000,15.6448430572,0.9782608696,0.3984000000,225.9036144578
1173,46,54,2,46,45,1,0,59,48,178,45,45,0.0163787197,1.9880606705,23.0000000000,15.6448696301,0.9782608696,0.3984000000,225.9036144578
1174,46,54,2,46,45,1,0,59,48,178,45,45,0.0160031543,1.9720575163,23.0000000000,15.6448638485,0.9782608696,0.3984000000,225.9036144578
1175,46,54,3,46,45,1,0,59,49,221,45,45,0.0233857934,1.9486717228,15.3333333333,15.4671146571,0.9782608696,0.3992000000,225.4509018036
1176,46,54,5,46,45,1,0,59,51,307,45,45,0.0217610891,1.9269106337,9.2000000000,15.1115012178,0.9782608696,0.4008000000,224.5508982036
1177,46,54,2,46,45,1,0,59,48,178,45,45,0.0171152484,1.9097953853,23.0000000000,15.6448610449,0.9782608696,0.3984000000,225.9036144578
1178,45,55,4,46,41,5,0,59,50,264,44,44,0.0218865888,1.8879087966,10.5000000000,15.4150622336,0.8913043478,0.3920000000,209.1836734694
1179,45,55,4,45,44,1,0,59,49,258,44,44,0.0202627658,1.8676460307,11.2500000000,15.2731419564,0.9777777778,0.3912000000,224.9488752556
1180,44,56,1,45,0,45,0,59,46,132,30,30,0.0107303731,1.8569156576,1.0000000000,0.0000000000,0.0000000000,0.2768000000,0.0000000000
1181,44,56,1,44,42,2,0,60,45,129,42,42,0.0144967656,1.8424188920,44.0000000000,15.8099256392,0.9545454545,0.3720000000,225.8064516129
1182,44,56,3,44,43,1,0,60,47,211,43,43,0.0170068649,1.8254120271,14.6666666667,15.4422587889,0.9772727273,0.3816000000,225.3668763103
1183,44,56,2,44,42,2,0,60,46,170,42,42,0.0155499575,1.8098620696,22.0000000000,15.6194777353,0.9545454545,0.3728000000,225.3218884120
1184,44,56,1,44,42,2,0,60,45,129,42,42,0.0158145477,1.7940475219,44.0000000000,15.8099870336,0.9545454545,0.3720000000,225.8064516129
1185,44,56,1,44,42,2,0,60,45,129,42,42,0.0198071989,1.7742403231,44.0000000000,15.8100408174,0.9545454545,0.3720000000,225.8064516129
1186,44,56,1,44,42,2,0,60,45,129,42,42,0.0160092301,1.7582310930,44.0000000000,15.8099634145,0.9545454545,0.3720000000,225.8064516129
1187,44,56,1,44,42,2,0,60,45,129,42,42,0.0145426097,1.7436884833,44.0000000000,15.8099562004,0.9545454545,0.3720000000,225.8064516129
1188,43,57,2,44,26,18,0,60,46,170,36,36,0.0112323755,1.7324561078,14.0000000000,15.6927122754,0.5909090909,0.3248000000,160.0985221675
1189,42,58,2,43,11,32,0,60,45,166,40,40,0.0132896570,1.7191664508,6.0000000000,15.2731032045,0.2558139535,0.3560000000,61.7977528090
1190,41,59,3,42,19,23,0,60,45,201,19,19,0.0089210941,1.7102453568,7.0000000000,15.1582822593,0.4523809524,0.1880000000,202.1276595745
1191,41,59,1,41,40,1,0,60,42,120,40,40,0.0149670698,1.6952782870,41.0000000000,15.8004561617,0.9756097561,0.3536000000,226.2443438914
1192,41,59,4,41,40,1,0,60,45,234,40,40,0.0188695936,1.6764086934,10.2500000000,15.2004083958,0.9756097561,0.3560000000,224.7191011236
1193,40,60,6,41,35,6,0,60,47,310,35,35,0.0199764120,1.6564322815,6.0000000000,14.8575472120,0.8536585366,0.3176000000,220.4030226700
1194,40,60,1,40,40,0,0,60,41,117,40,40,0.0155737824,1.6408584990,40.0000000000,15.8004243372,1.0000000000,0.3528000000,226.7573696145
1195,39,61,3,40,33,7,0,60,43,191,39,39,0.0143822913,1.6264762078,11.3333333333,15.5155383896,0.8250000000,0.3464000000,190.5311778291
1196,39,61,1,39,39,0,0,60,40,114,39,39,0.0131394148,1.6133367930,39.0000000000,15.7953038245,1.0000000000,0.3440000000,226.7441860465
1197,38,62,3,39,23,16,0,60,42,186,38,38,0.0167787210,1.5965580719,8.0000000000,15.3047739407,0.5897435897,0.3376000000,136.2559241706
1198,38,62,1,38,38,0,0,60,39,111,38,38,0.0171311949,1.5794268770,38.0000000000,15.7899509242,1.0000000000,0.3352000000,226.7303102625
1199,38,62,4,38,38,0,0,60,42,216,38,38,0.0179689376,1.5614579394,9.5000000000,15.1582863287,1.0000000000,0.3376000000,225.1184834123
1200,36,64,3,38,22,16,0,60,40,181,31,31,0.0103865456,1.5510713938,8.0000000000,15.6367599033,0.5789473684,0.2800000000,157.1428571429
1201,36,64,1,36,36,0,0,61,37,105,36,36,0.0135414611,1.5375299327,36.0000000000,15.7782315634,1.0000000000,0.3176000000,226.7002518892
1202,36,64,7,36,36,0,0,61,41,303,36,36,0.0250059590,1.5125239737,5.1428571429,14.4448360363,1.0000000000,0.3208000000,224.4389027431
1203,36,64,1,36,36,0,0,61,37,105,36,36,0.0139107473,1.4986132265,36.0000000000,15.7782001444,1.0000000000,0.3176000000,226.7002518892
1204,36,64,1,36,36,0,0,61,37,105,36,36,0.0153360391,1.4832771874,36.0000000000,15.7782126114,1.0000000000,0.3176000000,226.7002518892
1205,36,64,1,36,36,0,0,61,37,105,36,36,0.0125954487,1.4706817387,36.0000000000,15.7782072518,1.0000000000,0.3176000000,226.7002518892
1206,36,64,1,36,36,0,0,61,37,105,36,36,0.0138948404,1.4567868983,36.0000000000,15.7782401091,1.0000000000,0.3176000000,226.7002518892
1207,36,64,3,36,35,1,0,61,39,171,35,35,0.0182304174,1.4385564809,12.0000000000,15.3147063912,0.9722222222,0.3112000000,224.9357326478
1208,36,64,1,36,35,1,0,61,37,105,35,35,0.0156410684,1.4229154125,36.0000000000,15.7719121323,0.9722222222,0.3096000000,226.0981912145
1209,36,64,2,36,36,0,0,61,38,138,36,36,0.0145524099,1.4083630026,18.0000000000,15.5559723921,1.0000000000,0.3184000000,226.1306532663
1210,36,64,1,36,35,1,0,61,37,105,35,35,0.0128067013,1.3955563013,36.0000000000,15.7718437544,0.9722222222,0.3096000000,226.0981912145
1211,36,64,2,36,35,1,0,61,38,138,35,35,0.0127523892,1.3828039121,18.0000000000,15.5432467532,0.9722222222,0.3104000000,225.5154639175
1212,36,64,1,36,36,0,0,61,37,105,36,36,0.0124179364,1.3703859757,36.0000000000,15.7782140307,1.0000000000,0.3176000000,226.7002518892
1213,36,64,1,36,35,1,0,61,37,105,35,35,0.0128286096,1.3575573661,36.0000000000,15.7718790267,0.9722222222,0.3096000000,226.0981912145
1214,35,65,1,36,0,36,0,61,37,105,26,26,0.0078099994,1.3497473666,1.0000000000,0.0000000000,0.0000000000,0.2376000000,0.0000000000
1215,35,65,1,35,34,1,0,61,36,102,34,34,0.0114662109,1.3382811558,35.0000000000,15.7651010976,0.9714285714,0.3008000000,226.0638297872
1216,35,65,4,35,34,1,0,61,39,198,34,34,0.0176764367,1.3206047191,8.7500000000,15.0592299578,0.9714285714,0.3032000000,224.2744063325
1217,35,65,3,35,34,1,0,61,38,166,34,34,0.0148101262,1.3057945929,11.6666666667,15.2945102092,0.9714285714,0.3024000000,224.8677248677
1218,35,65,1,35,34,1,0,61,36,102,34,34,0.0112844222,1.2945101707,35.0000000000,15.7651107485,0.9714285714,0.3008000000,226.0638297872
1219,35,65,1,35,34,1,0,61,36,102,34,34,0.0132710709,1.2812390998,35.0000000000,15.7651431267,0.9714285714,0.3008000000,226.0638297872
1220,35,65,2,35,34,1,0,61,37,134,34,34,0.0131226769,1.2681164230,17.5000000000,15.5298285952,0.9714285714,0.3016000000,225.4641909814
1221,34,66,2,35,8,27,0,62,37,134,33,33,0.0130510406,1.2550653823,4.5000000000,15.0003784987,0.2285714286,0.2936000000,54.4959128065
1222,34,66,2,34,33,1,0,62,36,130,33,33,0.0146760323,1.2403893500,17.0000000000,15.5155690179,0.9705882353,0.2928000000,225.4098360656
1223,34,66,2,34,33,1,0,62,35,130,33,33,0.0149142914,1.2254750586,17.0000000000,15.5155672090,0.9705882353,0.2920000000,226.0273972603
1224,34,66,1,34,33,1,0,62,35,99,33,33,0.0121687818,1.2133062769,34.0000000000,15.7580152886,0.9705882353,0.2920000000,226.0273972603
1225,34,66,2,34,32,2,0,62,36,130,32,32,0.0121598402,1.2011464367,17.0000000000,15.5003863235,0.9411764706,0.2848000000,224.7191011236
1226,34,66,1,34,32,2,0,62,35,99,32,32,0.0127223317,1.1884241050,34.0000000000,15.7504398006,0.9411764706,0.2840000000,225.3521126761
1227,33,67,2,34,29,5,0,62,36,130,29,29,0.0110323990,1.1773917060,15.0000000000,15.7245726878,0.8529411765,0.2608000000,222.3926380368
1228,33,67,2,33,32,1,0,62,35,126,32,32,0.0159206919,1.1614710141,16.5000000000,15.5004371652,0.9696969697,0.2840000000,225.3521126761
1229,33,67,2,33,32,1,0,62,35,126,32,32,0.0127859921,1.1486850220,16.5000000000,15.5004208281,0.9696969697,0.2840000000,225.3521126761
1230,33,67,1,33,32,1,0,62,34,96,32,32,0.0138073665,1.1348776555,33.0000000000,15.7504316829,0.9696969697,0.2832000000,225.9887005650
1231,33,67,1,33,32,1,0,62,34,96,32,32,0.0114056369,1.1234720187,33.0000000000,15.7504428695,0.9696969697,0.2832000000,225.9887005650
1232,33,67,1,33,32,1,0,62,34,96,32,32,0.0142003997,1.1092716190,33.0000000000,15.7504369426,0.9696969697,0.2832000000,225.9887005650
1233,32,68,1,33,0,33,0,62,34,96,0,0,0.0000066392,1.1092649798,1.0000000000,0.0000000000,0.0000000000,0.0272000000,0.0000000000
1234,32,68,4,32,32,0,0,62,36,180,32,32,0.0167407389,1.0925242409,8.0000000000,15.0003980304,1.0000000000,0.2848000000,224.7191011236
1235,32,68,2,32,32,0,0,62,34,122,32,32,0.0124799249,1.0800443160,16.0000000000,15.5004127745,1.0000000000,0.2832000000,225.9887005650
1236,32,68,2,32,32,0,0,62,34,122,32,32,0.0132985538,1.0667457622,16.0000000000,15.5004147846,1.0000000000,0.2832000000,225.9887005650
1237,32,68,2,32,32,0,0,62,34,122,32,32,0.0126058289,1.0541399332,16.0000000000,15.5004113743,1.0000000000,0.2832000000,225.9887005650
1238,32,68,1,32,32,0,0,62,33,93,32,32,0.0116163304,1.0425236029,32.0000000000,15.7504467770,1.0000000000,0.2824000000,226.6288951841
1239,32,68,1,32,31,1,0,62,33,93,31,31,0.0110066157,1.0315169872,32.0000000000,15.7423558812,0.9687500000,0.2744000000,225.9475218659
1240,32,68,3,32,32,0,0,62,35,151,32,32,0.0142919643,1.0172250229,10.6666666667,15.2503949188,1.0000000000,0.2840000000,225.3521126761
1241,32,68,3,32,31,1,0,63,34,151,31,31,0.0161236481,1.0011013748,10.6666666667,15.2262223025,0.9687500000,0.2752000000,225.2906976744
1242,32,68,5,32,31,1,0,63,37,209,31,31,0.0186392099,0.9824621649,6.4000000000,14.7100676648,0.9687500000,0.2776000000,223.3429394813
1243,31,69,2,32,13,19,0,63,34,122,13,13,0.0055493465,0.9769128184,7.5000000000,15.3850241893,0.4062500000,0.1312000000,198.1707317073
1244,31,69,1,31,30,1,0,63,32,90,30,30,0.0114836688,0.9654291496,31.0000000000,15.7337494632,0.9677419355,0.2656000000,225.9036144578
1245,31,69,1,31,30,1,0,63,32,90,30,30,0.0134755160,0.9519536336,31.0000000000,15.7337705407,0.9677419355,0.2656000000,225.9036144578
1246,30,70,1,31,0,31,0,63,32,90,29,29,0.0105252570,0.9414283765,1.0000000000,0.0000000000,0.0000000000,0.2576000000,0.0000000000
1247,30,70,2,30,29,1,0,63,32,114,29,29,0.0118258696,0.9296025069,15.0000000000,15.4486726109,0.9666666667,0.2576000000,225.1552795031
1248,30,70,3,30,29,1,0,63,33,141,29,29,0.0140957965,0.9155067104,10.0000000000,15.1728141040,0.9666666667,0.2584000000,224.4582043344
1249,30,70,1,30,29,1,0,63,31,87,29,29,0.0119841156,0.9035225948,30.0000000000,15.7245796467,0.9666666667,0.2568000000,225.8566978193
1250,30,70,1,30,29,1,0,63,31,87,29,29,0.0134024352,0.8901201597,30.0000000000,15.7246109705,0.9666666667,0.2568000000,225.8566978193
1251,30,70,1,30,29,1,0,63,31,87,29,29,0.0102773062,0.8798428535,30.0000000000,15.7245526290,0.9666666667,0.2568000000,225.8566978193
1252,30,70,3,30,29,1,0,63,33,141,29,29,0.0132796102,0.8665632433,10.0000000000,15.1727967511,0.9666666667,0.2584000000,224.4582043344
1253,30,70,1,30,29,1,0,63,31,87,29,29,0.0128537587,0.8537094846,30.0000000000,15.7245710364,0.9666666667,0.2568000000,225.8566978193
1254,30,70,1,30,29,1,0,63,31,87,29,29,0.0130859063,0.8406235783,30.0000000000,15.7246104739,0.9666666667,0.2568000000,225.8566978193
1255,29,71,1,30,0,30,0,63,31,87,28,28,0.0095405182,0.8310830601,1.0000000000,0.0000000000,0.0000000000,0.2488000000,0.0000000000
1256,28,72,1,29,0,29,0,63,30,84,26,26,0.0086869914,0.8223960687,1.0000000000,0.0000000000,0.0000000000,0.2320000000,0.0000000000
1257,27,73,1,28,0,28,0,63,29,81,1,1,0.0002482739,0.8221477948,1.0000000000,0.0000000000,0.0000000000,0.0312000000,0.0000000000
1258,26,74,1,27,0,27,0,63,28,78,0,0,0.0000080957,0.8221396991,1.0000000000,0.0000000000,0.0000000000,0.0224000000,0.0000000000
1259,26,74,2,26,26,0,0,63,28,98,26,26,0.0110375686,0.8111021304,13.0000000000,15.3850159595,1.0000000000,0.2304000000,225.6944444444
1260,25,75,0,26,25,1,26,63,0,0,25,25,0.0644516576,0.7466504729,0.0000000000,8.0003643152,0.9615384615,0.2000000000,250.0000000000
1261,25,75,1,25,25,0,0,64,26,72,25,25,0.0115099260,0.7351405469,25.0000000000,15.6804444145,1.0000000000,0.2208000000,226.4492753623
1262,25,75,2,25,25,0,0,64,27,94,25,25,0.0109797652,0.7241607816,12.5000000000,15.3604155375,1.0000000000,0.2216000000,225.6317689531
1263,25,75,1,25,25,0,0,64,26,72,25,25,0.0105709189,0.7135898627,25.0000000000,15.6804275756,1.0000000000,0.2208000000,226.4492753623
1264,25,75,1,25,25,0,0,64,26,72,25,25,0.0089241646,0.7046656982,25.0000000000,15.6804057974,1.0000000000,0.2208000000,226.4492753623
1265,24,76,2,25,19,6,0,64,27,94,24,24,0.0104549278,0.6942107704,10.0000000000,15.5793621123,0.7600000000,0.2136000000,177.9026217228
1266,24,76,1,24,24,0,0,64,25,69,24,24,0.0088070970,0.6854036733,24.0000000000,15.6670801720,1.0000000000,0.2120000000,226.4150943396
1267,24,76,1,24,24,0,0,64,25,69,24,24,0.0107690724,0.6746346009,24.0000000000,15.6671210441,1.0000000000,0.2120000000,226.4150943396
1268,24,76,1,24,24,0,0,64,25,69,24,24,0.0105905308,0.6640440701,24.0000000000,15.6670997512,1.0000000000,0.2120000000,226.4150943396
1269,24,76,1,24,24,0,0,64,25,69,24,24,0.0110620861,0.6529819840,24.0000000000,15.6671013088,1.0000000000,0.2120000000,226.4150943396
1270,24,76,1,24,24,0,0,64,25,69,24,24,0.0087295117,0.6442524722,24.0000000000,15.6670804472,1.0000000000,0.2120000000,226.4150943396
1271,24,76,1,24,24,0,0,64,25,69,24,24,0.0096931652,0.6345593071,24.0000000000,15.6670801566,1.0000000000,0.2120000000,226.4150943396
1272,24,76,1,24,24,0,0,64,25,69,24,24,0.0102138685,0.6243454386,24.0000000000,15.6671067297,1.0000000000,0.2120000000,226.4150943396
1273,24,76,3,24,24,0,0,64,27,111,24,24,0.0122928485,0.6120525901,8.0000000000,15.0003902705,1.0000000000,0.2136000000,224.7191011236
1274,23,77,3,24,19,5,0,64,27,111,23,23,0.0094445360,0.6026080541,6.6666666667,15.1582669486,0.7916666667,0.2056000000,184.8249027237
1275,23,77,1,23,23,0,0,64,24,66,23,23,0.0082586029,0.5943494512,23.0000000000,15.6525662362,1.0000000000,0.2032000000,226.3779527559
1276,23,77,1,23,22,1,0,64,24,66,22,22,0.0091875421,0.5851619090,23.0000000000,15.6367725650,0.9565217391,0.1952000000,225.4098360656
1277,23,77,1,23,22,1,0,64,24,66,22,22,0.0090235480,0.5761383611,23.0000000000,15.6367765750,0.9565217391,0.1952000000,225.4098360656
1278,23,77,1,23,23,0,0,64,24,66,23,23,0.0091338960,0.5670044650,23.0000000000,15.6526170648,1.0000000000,0.2032000000,226.3779527559
1279,23,77,1,23,22,1,0,64,24,66,22,22,0.0110642114,0.5559402536,23.0000000000,15.6368398668,0.9565217391,0.1952000000,225.4098360656
1280,20,80,0,23,20,3,23,64,0,0,20,20,0.0503375672,0.5056026864,0.0000000000,8.0003591873,0.8695652174,0.1600000000,250.0000000000
1281,20,80,1,20,20,0,0,65,21,57,20,20,0.0091328064,0.4964698800,20.0000000000,15.6004437151,1.0000000000,0.1768000000,226.2443438914
1282,20,80,1,20,20,0,0,65,21,57,20,20,0.0089262207,0.4875436593,20.0000000000,15.6004260035,1.0000000000,0.1768000000,226.2443438914
1283,20,80,1,20,20,0,0,65,21,57,20,20,0.0094966480,0.4780470113,20.0000000000,15.6004307522,1.0000000000,0.1768000000,226.2443438914
1284,20,80,1,20,20,0,0,65,21,57,20,20,0.0074344180,0.4706125933,20.0000000000,15.6003920053,1.0000000000,0.1768000000,226.2443438914
1285,20,80,1,20,20,0,0,65,21,57,20,20,0.0078329306,0.4627796628,20.0000000000,15.6004162234,1.0000000000,0.1768000000,226.2443438914
1286,20,80,1,20,20,0,0,65,21,57,20,20,0.0097688191,0.4530108436,20.0000000000,15.6004360784,1.0000000000,0.1768000000,226.2443438914
1287,20,80,2,20,20,0,0,65,22,74,20,20,0.0102194050,0.4427914386,10.0000000000,15.2004059085,1.0000000000,0.1776000000,225.2252252252
1288,20,80,1,20,19,1,0,65,21,57,19,19,0.0078850482,0.4349063904,20.0000000000,15.5793543599,0.9500000000,0.1688000000,225.1184834123
1289,20,80,1,20,20,0,0,65,21,57,20,20,0.0075724190,0.4273339714,20.0000000000,15.6004058506,1.0000000000,0.1768000000,226.2443438914
1290,19,81,1,20,0,20,0,65,21,57,2,2,0.0006194591,0.4267145123,1.0000000000,0.0000000000,0.0000000000,0.0328000000,0.0000000000
1291,18,82,4,19,16,3,0,65,23,102,17,17,0.0103252022,0.4163893100,4.2500000000,14.5003683291,0.8421052632,0.1544000000,207.2538860104
1292,18,82,1,18,18,0,0,65,19,51,18,18,0.0095767809,0.4068125291,18.0000000000,15.5560208528,1.0000000000,0.1592000000,226.1306532663
1293,18,82,1,18,18,0,0,65,19,51,18,18,0.0076108856,0.3992016435,18.0000000000,15.5559573360,1.0000000000,0.1592000000,226.1306532663
1294,18,82,1,18,18,0,0,65,19,51,18,18,0.0092636010,0.3899380425,18.0000000000,15.5560268593,1.0000000000,0.1592000000,226.1306532663
1295,18,82,1,18,18,0,0,65,19,51,18,18,0.0075371454,0.3824008971,18.0000000000,15.5559621582,1.0000000000,0.1592000000,226.1306532663
1296,18,82,1,18,18,0,0,65,19,51,18,18,0.0079046554,0.3744962417,18.0000000000,15.5559618204,1.0000000000,0.1592000000,226.1306532663
1297,15,85,0,18,15,3,18,65,0,0,15,15,0.0373019908,0.3371942509,0.0000000000,8.0003552573,0.8333333333,0.1200000000,250.0000000000
1298,15,85,0,15,15,0,15,65,0,0,15,15,0.0356046361,0.3015896148,0.0000000000,8.0003552573,1.0000000000,0.1200000000,250.0000000000
1299,15,85,0,15,15,0,15,65,0,0,15,15,0.0356046361,0.2659849787,0.0000000000,8.0003552573,1.0000000000,0.1200000000,250.0000000000
1300,14,86,0,15,14,1,15,65,0,0,14,14,0.0335521484,0.2324328303,0.0000000000,8.0003554910,0.9333333333,0.1120000000,250.0000000000
1301,14,86,1,14,14,0,0,66,15,39,14,14,0.0060942002,0.2263386301,14.0000000000,15.4289727901,1.0000000000,0.1240000000,225.8064516129
1302,14,86,1,14,14,0,0,66,15,39,14,14,0.0082982143,0.2180404158,14.0000000000,15.4290460779,1.0000000000,0.1240000000,225.8064516129
1303,14,86,2,14,14,0,0,66,16,50,14,14,0.0072718620,0.2107685538,7.0000000000,14.8575103091,1.0000000000,0.1248000000,224.3589743590
1304,13,87,2,14,7,7,0,66,16,50,11,11,0.0050886177,0.2056799361,4.0000000000,14.8575543012,0.5000000000,0.1008000000,138.8888888889
1305,13,87,1,13,13,0,0,66,14,36,13,13,0.0058831244,0.1997968117,13.0000000000,15.3850311436,1.0000000000,0.1152000000,225.6944444444
1306,13,87,2,13,13,0,0,66,15,46,13,13,0.0078995862,0.1918972255,6.5000000000,14.7696217741,1.0000000000,0.1160000000,224.1379310345
1307,13,87,1,13,13,0,0,66,14,36,13,13,0.0070492973,0.1848479282,13.0000000000,15.3850684228,1.0000000000,0.1152000000,225.6944444444
1308,13,87,1,13,13,0,0,66,14,36,13,13,0.0058129003,0.1790350279,13.0000000000,15.3850093118,1.0000000000,0.1152000000,225.6944444444
1309,13,87,1,13,13,0,0,66,14,36,13,13,0.0056510211,0.1733840068,13.0000000000,15.3850049725,1.0000000000,0.1152000000,225.6944444444
1310,13,87,1,13,13,0,0,66,14,36,13,13,0.0055913132,0.1677926936,13.0000000000,15.3850172448,1.0000000000,0.1152000000,225.6944444444
1311,13,87,1,13,12,1,0,66,14,36,12,12,0.0051661005,0.1626265931,13.0000000000,15.3337341907,0.9230769231,0.1072000000,223.8805970149
1312,11,89,0,13,11,2,13,66,0,0,11,11,0.0274058506,0.1352207424,0.0000000000,8.0003532072,0.8461538462,0.0880000000,250.0000000000
1313,9,91,0,11,9,2,11,66,0,0,9,9,0.0247086921,0.1105120504,0.0000000000,8.0003523566,0.8181818182,0.0720000000,250.0000000000
1314,8,92,0,9,8,1,9,66,0,0,8,8,0.0209743068,0.0895377435,0.0000000000,8.0003498190,0.8888888889,0.0640000000,250.0000000000
1315,7,93,0,8,7,1,8,66,0,0,7,7,0.0176217510,0.0719159925,0.0000000000,8.0003494352,0.8750000000,0.0560000000,250.0000000000
1316,6,94,0,7,6,1,7,66,0,0,6,6,0.0149418111,0.0569741814,0.0000000000,8.0003490472,0.8571428571,0.0480000000,250.0000000000
1317,5,95,0,6,5,1,6,66,0,0,5,5,0.0121249749,0.0448492065,0.0000000000,8.0003472207,0.8333333333,0.0400000000,250.0000000000
1318,3,97,0,5,3,2,5,66,0,0,3,3,0.0103674973,0.0344817092,0.0000000000,8.0003420521,0.6000000000,0.0240000000,250.0000000000
1319,2,98,0,3,2,1,3,66,0,0,2,2,0.0064426687,0.0280390405,0.0000000000,8.0003410436,0.6666666667,0.0160000000,250.0000000000
1320,2,98,0,2,2,0,2,66,0,0,2,2,0.0043882236,0.0236508169,0.0000000000,8.0003410436,1.0000000000,0.0160000000,250.0000000000
1321,2,98,1,2,2,0,0,67,3,3,2,2,0.0025407772,0.0211100397,2.0000000000,12.0003754604,1.0000000000,0.0184000000,217.3913043478
1322,2,98,1,2,2,0,0,67,3,3,2,2,0.0024089549,0.0187010849,2.0000000000,12.0003647235,1.0000000000,0.0184000000,217.3913043478
1323,2,98,0,2,2,0,2,67,0,0,2,2,0.0043882236,0.0143128612,0.0000000000,8.0003410436,1.0000000000,0.0160000000,250.0000000000
1324,2,98,0,2,2,0,2,67,0,0,2,2,0.0043882236,0.0099246376,0.0000000000,8.0003410436,1.0000000000,0.0160000000,250.0000000000
1325,2,98,0,2,2,0,2,67,0,0,2,2,0.0043882236,0.0055364140,0.0000000000,8.0003410436,1.0000000000,0.0160000000,250.0000000000
1326,1,99,0,2,1,1,2,67,0,0,1,1,0.0035234816,0.0020129324,0.0000000000,8.0003356752,0.5000000000,0.0080000000,250.0000000000
1327,0,100,0,0,0,0,0,67,0,0,0,0,0.0020129324,0.0000000000,0.0000000000,0.0000000000,0.0000000000,0.0000000000,0.0000000000
