Round,Alive,Dead,CH_Count,Generated,Delivered,Lost,Unclustered,Was_Setup_Round,Control_TX,Control_RX,Data_TX,Data_RX,Energy_Used_J,Residual_Energy_J,Avg_Cluster_Size,Avg_Delay_ms,PDR,Round_Duration_s,Throughput_kbps,Backup_Promotions,Backup_Rejected,Proactive_Handovers,Direct_To_BS,CH_Relays
1,100,0,7,100,100,0,0,1,106,879,100,100,0.0436903237,40.9563096763,14.2857142857,15.4014633060,1.0000000000,0.9704960000,216.7963597995,0,0,0,10,0
2,100,0,7,100,100,0,0,0,0,0,100,100,0.0241544485,40.9321552278,14.2857142857,15.4014633060,1.0000000000,0.8416000000,250.0000000000,0,0,0,10,0
3,100,0,7,100,100,0,0,0,0,0,100,100,0.0241544485,40.9080007793,14.2857142857,15.4014633060,1.0000000000,0.8416000000,250.0000000000,0,0,0,10,0
4,100,0,7,100,100,0,0,0,0,0,100,100,0.0241544485,40.8838463309,14.2857142857,15.4014633060,1.0000000000,0.8416000000,250.0000000000,0,0,0,10,0
5,100,0,7,100,100,0,0,0,0,0,100,100,0.0241544485,40.8596918824,14.2857142857,15.4014633060,1.0000000000,0.8416000000,250.0000000000,0,0,0,10,0
6,100,0,10,100,100,0,0,1,110,1170,100,100,0.0474327617,40.8122591206,10.0000000000,14.9806561374,1.0000000000,0.9753600000,215.7152230971,0,0,0,12,0
7,100,0,10,100,100,0,0,0,0,0,100,100,0.0226406006,40.7896185200,10.0000000000,14.9806561374,1.0000000000,0.8416000000,250.0000000000,0,0,0,12,0
8,100,0,10,100,100,0,0,0,0,0,100,100,0.0226406006,40.7669779194,10.0000000000,14.9806561374,1.0000000000,0.8416000000,250.0000000000,0,0,0,12,0
9,100,0,10,100,100,0,0,0,0,0,100,100,0.0226406006,40.7443373187,10.0000000000,14.9806561374,1.0000000000,0.8416000000,250.0000000000,0,0,0,12,0
10,100,0,10,100,100,0,0,0,0,0,100,100,0.0226406006,40.7216967181,10.0000000000,14.9806561374,1.0000000000,0.8416000000,250.0000000000,0,0,0,12,0
11,100,0,3,100,100,0,0,1,103,491,100,100,0.0320484590,40.6896482591,33.3333333333,12.2875277147,1.0000000000,0.9668480000,217.6143509631,0,0,0,51,0
12,100,0,3,100,100,0,0,0,0,0,100,100,0.0194512954,40.6701969637,33.3333333333,12.2875277147,1.0000000000,0.8416000000,250.0000000000,0,0,0,51,0
13,100,0,3,100,100,0,0,0,0,0,100,100,0.0194512954,40.6507456683,33.3333333333,12.2875277147,1.0000000000,0.8416000000,250.0000000000,0,0,0,51,0
14,100,0,3,100,100,0,0,0,0,0,100,100,0.0194512954,40.6312943729,33.3333333333,12.2875277147,1.0000000000,0.8416000000,250.0000000000,0,0,0,51,0
15,100,0,3,100,100,0,0,0,0,0,100,100,0.0194512954,40.6118430775,33.3333333333,12.2875277147,1.0000000000,0.8416000000,250.0000000000,0,0,0,51,0
16,100,0,6,100,100,0,0,1,106,782,100,100,0.0409772820,40.5708657955,16.6666666667,14.9806413931,1.0000000000,0.9704960000,216.7963597995,0,0,0,16,0
17,100,0,6,100,100,0,0,0,0,0,100,100,0.0232312101,40.5476345854,16.6666666667,14.9806413931,1.0000000000,0.8416000000,250.0000000000,0,0,0,16,0
18,100,0,6,100,100,0,0,0,0,0,100,100,0.0232312101,40.5244033753,16.6666666667,14.9806413931,1.0000000000,0.8416000000,250.0000000000,0,0,0,16,0
19,100,0,6,100,100,0,0,0,0,0,100,100,0.0232312101,40.5011721652,16.6666666667,14.9806413931,1.0000000000,0.8416000000,250.0000000000,0,0,0,16,0
20,100,0,6,100,100,0,0,0,0,0,100,100,0.0232312101,40.4779409551,16.6666666667,14.9806413931,1.0000000000,0.8416000000,250.0000000000,0,0,0,16,0
21,100,0,5,100,100,0,0,1,105,685,100,100,0.0396066496,40.4383343055,20.0000000000,15.5697645447,1.0000000000,0.9692800000,217.0683393859,0,0,0,10,0
22,100,0,5,100,100,0,0,0,0,0,100,100,0.0237268736,40.4146074319,20.0000000000,15.5697645447,1.0000000000,0.8416000000,250.0000000000,0,0,0,10,0
23,100,0,5,100,100,0,0,0,0,0,100,100,0.0237268736,40.3908805583,20.0000000000,15.5697645447,1.0000000000,0.8416000000,250.0000000000,0,0,0,10,0
24,100,0,5,100,100,0,0,0,0,0,100,100,0.0237268736,40.3671536847,20.0000000000,15.5697645447,1.0000000000,0.8416000000,250.0000000000,0,0,0,10,0
25,100,0,5,100,100,0,0,0,0,0,100,100,0.0237268736,40.3434268111,20.0000000000,15.5697645447,1.0000000000,0.8416000000,250.0000000000,0,0,0,10,0
26,100,0,9,100,100,0,0,1,109,1073,100,100,0.0470556643,40.2963711468,11.1111111111,15.9063990580,1.0000000000,0.9741440000,215.9844951054,0,0,0,2,0
27,100,0,9,100,100,0,0,0,0,0,100,100,0.0240417071,40.2723294397,11.1111111111,15.9063990580,1.0000000000,0.8416000000,250.0000000000,0,0,0,2,0
28,100,0,9,100,100,0,0,0,0,0,100,100,0.0240417071,40.2482877326,11.1111111111,15.9063990580,1.0000000000,0.8416000000,250.0000000000,0,0,0,2,0
29,100,0,9,100,100,0,0,0,0,0,100,100,0.0240417071,40.2242460255,11.1111111111,15.9063990580,1.0000000000,0.8416000000,250.0000000000,0,0,0,2,0
30,100,0,9,100,100,0,0,0,0,0,100,100,0.0240417071,40.2002043184,11.1111111111,15.9063990580,1.0000000000,0.8416000000,250.0000000000,0,0,0,2,0
31,100,0,7,100,100,0,0,1,107,879,100,100,0.0425541312,40.1576501873,14.2857142857,15.1489610319,1.0000000000,0.9717120000,216.5250609234,0,0,0,13,0
32,100,0,7,100,100,0,0,0,0,0,100,100,0.0230848107,40.1345653765,14.2857142857,15.1489610319,1.0000000000,0.8416000000,250.0000000000,0,0,0,13,0
33,100,0,7,100,100,0,0,0,0,0,100,100,0.0230848107,40.1114805658,14.2857142857,15.1489610319,1.0000000000,0.8416000000,250.0000000000,0,0,0,13,0
34,100,0,7,100,100,0,0,0,0,0,100,100,0.0230848107,40.0883957551,14.2857142857,15.1489610319,1.0000000000,0.8416000000,250.0000000000,0,0,0,13,0
35,100,0,7,100,100,0,0,0,0,0,100,100,0.0230848107,40.0653109443,14.2857142857,15.1489610319,1.0000000000,0.8416000000,250.0000000000,0,0,0,13,0
36,100,0,6,100,100,0,0,1,106,782,100,100,0.0397309235,40.0255800208,16.6666666667,14.4756985639,1.0000000000,0.9704960000,216.7963597995,0,0,0,22,0
37,100,0,6,100,100,0,0,0,0,0,100,100,0.0220571034,40.0035229175,16.6666666667,14.4756985639,1.0000000000,0.8416000000,250.0000000000,0,0,0,22,0
38,100,0,6,100,100,0,0,0,0,0,100,100,0.0220571034,39.9814658141,16.6666666667,14.4756985639,1.0000000000,0.8416000000,250.0000000000,0,0,0,22,0
39,100,0,6,100,100,0,0,0,0,0,100,100,0.0220571034,39.9594087107,16.6666666667,14.4756985639,1.0000000000,0.8416000000,250.0000000000,0,0,0,22,0
40,100,0,6,100,100,0,0,0,0,0,100,100,0.0220571034,39.9373516074,16.6666666667,14.4756985639,1.0000000000,0.8416000000,250.0000000000,0,0,0,22,0
41,100,0,6,100,100,0,0,1,106,782,100,100,0.0399602492,39.8973913582,16.6666666667,14.0548767339,1.0000000000,0.9704960000,216.7963597995,0,0,0,27,0
42,100,0,6,100,100,0,0,0,0,0,100,100,0.0221245054,39.8752668527,16.6666666667,14.0548767339,1.0000000000,0.8416000000,250.0000000000,0,0,0,27,0
43,100,0,6,100,100,0,0,0,0,0,100,100,0.0221245054,39.8531423473,16.6666666667,14.0548767339,1.0000000000,0.8416000000,250.0000000000,0,0,0,27,0
44,100,0,6,100,100,0,0,0,0,0,100,100,0.0221245054,39.8310178419,16.6666666667,14.0548767339,1.0000000000,0.8416000000,250.0000000000,0,0,0,27,0
45,100,0,6,100,100,0,0,0,0,0,100,100,0.0221245054,39.8088933365,16.6666666667,14.0548767339,1.0000000000,0.8416000000,250.0000000000,0,0,0,27,0
46,100,0,7,100,100,0,0,1,107,879,100,100,0.0425347375,39.7663585990,14.2857142857,15.4014632039,1.0000000000,0.9717120000,216.5250609234,0,0,0,10,0
47,100,0,7,100,100,0,0,0,0,0,100,100,0.0231331801,39.7432254188,14.2857142857,15.4014632039,1.0000000000,0.8416000000,250.0000000000,0,0,0,10,0
48,100,0,7,100,100,0,0,0,0,0,100,100,0.0231331801,39.7200922387,14.2857142857,15.4014632039,1.0000000000,0.8416000000,250.0000000000,0,0,0,10,0
49,100,0,7,100,100,0,0,0,0,0,100,100,0.0231331801,39.6969590586,14.2857142857,15.4014632039,1.0000000000,0.8416000000,250.0000000000,0,0,0,10,0
50,100,0,7,100,100,0,0,0,0,0,100,100,0.0231331801,39.6738258785,14.2857142857,15.4014632039,1.0000000000,0.8416000000,250.0000000000,0,0,0,10,0
51,100,0,2,100,100,0,0,1,102,394,100,100,0.0317626797,39.6420631988,50.0000000000,12.9607932150,1.0000000000,0.9656320000,217.8883881230,0,0,0,44,0
52,100,0,2,100,100,0,0,0,0,0,100,100,0.0209262109,39.6211369879,50.0000000000,12.9607932150,1.0000000000,0.8416000000,250.0000000000,0,0,0,44,0
53,100,0,2,100,100,0,0,0,0,0,100,100,0.0209262109,39.6002107770,50.0000000000,12.9607932150,1.0000000000,0.8416000000,250.0000000000,0,0,0,44,0
54,100,0,2,100,100,0,0,0,0,0,100,100,0.0209262109,39.5792845660,50.0000000000,12.9607932150,1.0000000000,0.8416000000,250.0000000000,0,0,0,44,0
55,100,0,2,100,100,0,0,0,0,0,100,100,0.0209262109,39.5583583551,50.0000000000,12.9607932150,1.0000000000,0.8416000000,250.0000000000,0,0,0,44,0
56,100,0,4,100,100,0,0,1,104,588,100,100,0.0340985638,39.5242597913,25.0000000000,12.2875296958,1.0000000000,0.9680640000,217.3410022478,0,0,0,50,0
57,100,0,4,100,100,0,0,0,0,0,100,100,0.0196763570,39.5045834343,25.0000000000,12.2875296958,1.0000000000,0.8416000000,250.0000000000,0,0,0,50,0
58,100,0,4,100,100,0,0,0,0,0,100,100,0.0196763570,39.4849070774,25.0000000000,12.2875296958,1.0000000000,0.8416000000,250.0000000000,0,0,0,50,0
59,100,0,4,100,100,0,0,0,0,0,100,100,0.0196763570,39.4652307204,25.0000000000,12.2875296958,1.0000000000,0.8416000000,250.0000000000,0,0,0,50,0
60,100,0,4,100,100,0,0,0,0,0,100,100,0.0196763570,39.4455543634,25.0000000000,12.2875296958,1.0000000000,0.8416000000,250.0000000000,0,0,0,50,0
61,100,0,10,100,100,0,0,1,110,1170,100,100,0.0478910182,39.3976633452,10.0000000000,14.9806438322,1.0000000000,0.9753600000,215.7152230971,0,0,0,12,0
62,100,0,10,100,100,0,0,0,0,0,100,100,0.0230216323,39.3746417129,10.0000000000,14.9806438322,1.0000000000,0.8416000000,250.0000000000,0,0,0,12,0
63,100,0,10,100,100,0,0,0,0,0,100,100,0.0230216323,39.3516200806,10.0000000000,14.9806438322,1.0000000000,0.8416000000,250.0000000000,0,0,0,12,0
64,100,0,10,100,100,0,0,0,0,0,100,100,0.0230216323,39.3285984483,10.0000000000,14.9806438322,1.0000000000,0.8416000000,250.0000000000,0,0,0,12,0
65,100,0,10,100,100,0,0,0,0,0,100,100,0.0230216323,39.3055768160,10.0000000000,14.9806438322,1.0000000000,0.8416000000,250.0000000000,0,0,0,12,0
66,100,0,3,100,100,0,0,1,103,491,100,100,0.0328123951,39.2727644208,33.3333333333,12.9608241441,1.0000000000,0.9668480000,217.6143509631,0,0,0,43,0
67,100,0,3,100,100,0,0,0,0,0,100,100,0.0202460419,39.2525183790,33.3333333333,12.9608241441,1.0000000000,0.8416000000,250.0000000000,0,0,0,43,0
68,100,0,3,100,100,0,0,0,0,0,100,100,0.0202460419,39.2322723371,33.3333333333,12.9608241441,1.0000000000,0.8416000000,250.0000000000,0,0,0,43,0
69,100,0,3,100,100,0,0,0,0,0,100,100,0.0202460419,39.2120262953,33.3333333333,12.9608241441,1.0000000000,0.8416000000,250.0000000000,0,0,0,43,0
70,100,0,3,100,100,0,0,0,0,0,100,100,0.0202460419,39.1917802534,33.3333333333,12.9608241441,1.0000000000,0.8416000000,250.0000000000,0,0,0,43,0
71,100,0,1,100,100,0,0,1,101,297,100,100,0.0277832876,39.1639969659,100.0000000000,11.1092669044,1.0000000000,0.9644160000,218.1631163315,0,0,0,67,0
72,100,0,1,100,100,0,0,0,0,0,100,100,0.0183796469,39.1456173190,100.0000000000,11.1092669044,1.0000000000,0.8416000000,250.0000000000,0,0,0,67,0
73,100,0,1,100,100,0,0,0,0,0,100,100,0.0183796469,39.1272376721,100.0000000000,11.1092669044,1.0000000000,0.8416000000,250.0000000000,0,0,0,67,0
74,100,0,1,100,100,0,0,0,0,0,100,100,0.0183796469,39.1088580252,100.0000000000,11.1092669044,1.0000000000,0.8416000000,250.0000000000,0,0,0,67,0
75,100,0,1,100,100,0,0,0,0,0,100,100,0.0183796469,39.0904783783,100.0000000000,11.1092669044,1.0000000000,0.8416000000,250.0000000000,0,0,0,67,0
76,100,0,4,100,100,0,0,1,104,588,100,100,0.0352693876,39.0552089907,25.0000000000,13.6340813800,1.0000000000,0.9680640000,217.3410022478,0,0,0,34,0
77,100,0,4,100,100,0,0,0,0,0,100,100,0.0210825496,39.0341264411,25.0000000000,13.6340813800,1.0000000000,0.8416000000,250.0000000000,0,0,0,34,0
78,100,0,4,100,100,0,0,0,0,0,100,100,0.0210825496,39.0130438915,25.0000000000,13.6340813800,1.0000000000,0.8416000000,250.0000000000,0,0,0,34,0
79,100,0,4,100,100,0,0,0,0,0,100,100,0.0210825496,38.9919613419,25.0000000000,13.6340813800,1.0000000000,0.8416000000,250.0000000000,0,0,0,34,0
80,100,0,4,100,100,0,0,0,0,0,100,100,0.0210825496,38.9708787923,25.0000000000,13.6340813800,1.0000000000,0.8416000000,250.0000000000,0,0,0,34,0
81,100,0,2,100,100,0,0,1,102,394,100,100,0.0301316393,38.9407471530,50.0000000000,11.8667133197,1.0000000000,0.9656320000,217.8883881230,0,0,0,57,0
82,100,0,2,100,100,0,0,0,0,0,100,100,0.0191140337,38.9216331193,50.0000000000,11.8667133197,1.0000000000,0.8416000000,250.0000000000,0,0,0,57,0
83,100,0,2,100,100,0,0,0,0,0,100,100,0.0191140337,38.9025190856,50.0000000000,11.8667133197,1.0000000000,0.8416000000,250.0000000000,0,0,0,57,0
84,100,0,2,100,100,0,0,0,0,0,100,100,0.0191140337,38.8834050518,50.0000000000,11.8667133197,1.0000000000,0.8416000000,250.0000000000,0,0,0,57,0
85,100,0,2,100,100,0,0,0,0,0,100,100,0.0191140337,38.8642910181,50.0000000000,11.8667133197,1.0000000000,0.8416000000,250.0000000000,0,0,0,57,0
86,100,0,5,100,100,0,0,1,105,685,100,100,0.0384209568,38.8258700614,20.0000000000,14.5598657367,1.0000000000,0.9692800000,217.0683393859,0,0,0,22,0
87,100,0,5,100,100,0,0,0,0,0,100,100,0.0224850586,38.8033850027,20.0000000000,14.5598657367,1.0000000000,0.8416000000,250.0000000000,0,0,0,22,0
88,100,0,5,100,100,0,0,0,0,0,100,100,0.0224850586,38.7808999441,20.0000000000,14.5598657367,1.0000000000,0.8416000000,250.0000000000,0,0,0,22,0
89,100,0,5,100,100,0,0,0,0,0,100,100,0.0224850586,38.7584148855,20.0000000000,14.5598657367,1.0000000000,0.8416000000,250.0000000000,0,0,0,22,0
90,100,0,5,100,100,0,0,0,0,0,100,100,0.0224850586,38.7359298268,20.0000000000,14.5598657367,1.0000000000,0.8416000000,250.0000000000,0,0,0,22,0
91,100,0,2,100,100,0,0,1,102,394,100,100,0.0293152614,38.7066145654,50.0000000000,10.6043139463,1.0000000000,0.9656320000,217.8883881230,0,0,0,72,0
92,100,0,2,100,100,0,0,0,0,0,100,100,0.0178579107,38.6887566547,50.0000000000,10.6043139463,1.0000000000,0.8416000000,250.0000000000,0,0,0,72,0
93,100,0,2,100,100,0,0,0,0,0,100,100,0.0178579107,38.6708987441,50.0000000000,10.6043139463,1.0000000000,0.8416000000,250.0000000000,0,0,0,72,0
94,100,0,2,100,100,0,0,0,0,0,100,100,0.0178579107,38.6530408334,50.0000000000,10.6043139463,1.0000000000,0.8416000000,250.0000000000,0,0,0,72,0
95,100,0,2,100,100,0,0,0,0,0,100,100,0.0178579107,38.6351829228,50.0000000000,10.6043139463,1.0000000000,0.8416000000,250.0000000000,0,0,0,72,0
96,100,0,1,100,100,0,0,1,101,297,100,100,0.0276334902,38.6075494326,100.0000000000,10.6043141722,1.0000000000,0.9644160000,218.1631163315,0,0,0,73,0
97,100,0,1,100,100,0,0,0,0,0,100,100,0.0176799899,38.5898694427,100.0000000000,10.6043141722,1.0000000000,0.8416000000,250.0000000000,0,0,0,73,0
98,100,0,1,100,100,0,0,0,0,0,100,100,0.0176799899,38.5721894529,100.0000000000,10.6043141722,1.0000000000,0.8416000000,250.0000000000,0,0,0,73,0
99,100,0,1,100,100,0,0,0,0,0,100,100,0.0176799899,38.5545094630,100.0000000000,10.6043141722,1.0000000000,0.8416000000,250.0000000000,0,0,0,73,0
100,100,0,1,100,100,0,0,0,0,0,100,100,0.0176799899,38.5368294731,100.0000000000,10.6043141722,1.0000000000,0.8416000000,250.0000000000,0,0,0,73,0
101,100,0,5,100,100,0,0,1,105,685,100,100,0.0376901485,38.4991393246,20.0000000000,13.9707337667,1.0000000000,0.9692800000,217.0683393859,0,0,0,29,0
102,100,0,5,100,100,0,0,0,0,0,100,100,0.0216689304,38.4774703942,20.0000000000,13.9707337667,1.0000000000,0.8416000000,250.0000000000,0,0,0,29,0
103,100,0,5,100,100,0,0,0,0,0,100,100,0.0216689304,38.4558014638,20.0000000000,13.9707337667,1.0000000000,0.8416000000,250.0000000000,0,0,0,29,0
104,100,0,5,100,100,0,0,0,0,0,100,100,0.0216689304,38.4341325334,20.0000000000,13.9707337667,1.0000000000,0.8416000000,250.0000000000,0,0,0,29,0
105,100,0,5,100,100,0,0,0,0,0,100,100,0.0216689304,38.4124636030,20.0000000000,13.9707337667,1.0000000000,0.8416000000,250.0000000000,0,0,0,29,0
106,100,0,4,100,100,0,0,1,104,588,100,100,0.0369039597,38.3755596433,25.0000000000,14.5598509456,1.0000000000,0.9680640000,217.3410022478,0,0,0,23,0
107,100,0,4,100,100,0,0,0,0,0,100,100,0.0227194789,38.3528401644,25.0000000000,14.5598509456,1.0000000000,0.8416000000,250.0000000000,0,0,0,23,0
108,100,0,4,100,100,0,0,0,0,0,100,100,0.0227194789,38.3301206854,25.0000000000,14.5598509456,1.0000000000,0.8416000000,250.0000000000,0,0,0,23,0
109,100,0,4,100,100,0,0,0,0,0,100,100,0.0227194789,38.3074012065,25.0000000000,14.5598509456,1.0000000000,0.8416000000,250.0000000000,0,0,0,23,0
110,100,0,4,100,100,0,0,0,0,0,100,100,0.0227194789,38.2846817276,25.0000000000,14.5598509456,1.0000000000,0.8416000000,250.0000000000,0,0,0,23,0
111,100,0,6,100,100,0,0,1,106,782,100,100,0.0391451374,38.2455365902,16.6666666667,13.6340858854,1.0000000000,0.9704960000,216.7963597995,0,0,0,32,0
112,100,0,6,100,100,0,0,0,0,0,100,100,0.0213552756,38.2241813146,16.6666666667,13.6340858854,1.0000000000,0.8416000000,250.0000000000,0,0,0,32,0
113,100,0,6,100,100,0,0,0,0,0,100,100,0.0213552756,38.2028260390,16.6666666667,13.6340858854,1.0000000000,0.8416000000,250.0000000000,0,0,0,32,0
114,100,0,6,100,100,0,0,0,0,0,100,100,0.0213552756,38.1814707633,16.6666666667,13.6340858854,1.0000000000,0.8416000000,250.0000000000,0,0,0,32,0
115,100,0,6,100,100,0,0,0,0,0,100,100,0.0213552756,38.1601154877,16.6666666667,13.6340858854,1.0000000000,0.8416000000,250.0000000000,0,0,0,32,0
116,100,0,4,100,100,0,0,1,104,588,100,100,0.0371096292,38.1230058585,25.0000000000,14.7281479058,1.0000000000,0.9680640000,217.3410022478,0,0,0,21,0
117,100,0,4,100,100,0,0,0,0,0,100,100,0.0229122121,38.1000936464,25.0000000000,14.7281479058,1.0000000000,0.8416000000,250.0000000000,0,0,0,21,0
118,100,0,4,100,100,0,0,0,0,0,100,100,0.0229122121,38.0771814342,25.0000000000,14.7281479058,1.0000000000,0.8416000000,250.0000000000,0,0,0,21,0
119,100,0,4,100,100,0,0,0,0,0,100,100,0.0229122121,38.0542692221,25.0000000000,14.7281479058,1.0000000000,0.8416000000,250.0000000000,0,0,0,21,0
120,100,0,4,100,100,0,0,0,0,0,100,100,0.0229122121,38.0313570099,25.0000000000,14.7281479058,1.0000000000,0.8416000000,250.0000000000,0,0,0,21,0
121,100,0,4,100,100,0,0,1,104,588,100,100,0.0391493487,37.9922076612,25.0000000000,15.5697576177,1.0000000000,0.9680640000,217.3410022478,0,0,0,11,0
122,100,0,4,100,100,0,0,0,0,0,100,100,0.0248840263,37.9673236349,25.0000000000,15.5697576177,1.0000000000,0.8416000000,250.0000000000,0,0,0,11,0
123,100,0,4,100,100,0,0,0,0,0,100,100,0.0248840263,37.9424396087,25.0000000000,15.5697576177,1.0000000000,0.8416000000,250.0000000000,0,0,0,11,0
124,100,0,4,100,100,0,0,0,0,0,100,100,0.0248840263,37.9175555824,25.0000000000,15.5697576177,1.0000000000,0.8416000000,250.0000000000,0,0,0,11,0
125,100,0,4,100,100,0,0,0,0,0,100,100,0.0248840263,37.8926715561,25.0000000000,15.5697576177,1.0000000000,0.8416000000,250.0000000000,0,0,0,11,0
126,100,0,3,100,100,0,0,1,103,491,100,100,0.0346592668,37.8580122893,33.3333333333,14.5598601438,1.0000000000,0.9668480000,217.6143509631,0,0,0,24,0
127,100,0,3,100,100,0,0,0,0,0,100,100,0.0223193035,37.8356929858,33.3333333333,14.5598601438,1.0000000000,0.8416000000,250.0000000000,0,0,0,24,0
128,100,0,3,100,100,0,0,0,0,0,100,100,0.0223193035,37.8133736822,33.3333333333,14.5598601438,1.0000000000,0.8416000000,250.0000000000,0,0,0,24,0
129,100,0,3,100,100,0,0,0,0,0,100,100,0.0223193035,37.7910543787,33.3333333333,14.5598601438,1.0000000000,0.8416000000,250.0000000000,0,0,0,24,0
130,100,0,3,100,100,0,0,0,0,0,100,100,0.0223193035,37.7687350752,33.3333333333,14.5598601438,1.0000000000,0.8416000000,250.0000000000,0,0,0,24,0
131,100,0,2,100,100,0,0,1,102,394,100,100,0.0305516143,37.7381834609,50.0000000000,11.9508722324,1.0000000000,0.9656320000,217.8883881230,0,0,0,56,0
132,100,0,2,100,100,0,0,0,0,0,100,100,0.0196567490,37.7185267119,50.0000000000,11.9508722324,1.0000000000,0.8416000000,250.0000000000,0,0,0,56,0
133,100,0,2,100,100,0,0,0,0,0,100,100,0.0196567490,37.6988699629,50.0000000000,11.9508722324,1.0000000000,0.8416000000,250.0000000000,0,0,0,56,0
134,100,0,2,100,100,0,0,0,0,0,100,100,0.0196567490,37.6792132139,50.0000000000,11.9508722324,1.0000000000,0.8416000000,250.0000000000,0,0,0,56,0
135,100,0,2,100,100,0,0,0,0,0,100,100,0.0196567490,37.6595564649,50.0000000000,11.9508722324,1.0000000000,0.8416000000,250.0000000000,0,0,0,56,0
136,100,0,4,100,100,0,0,1,104,588,100,100,0.0363334951,37.6232229698,25.0000000000,14.1390441237,1.0000000000,0.9680640000,217.3410022478,0,0,0,28,0
137,100,0,4,100,100,0,0,0,0,0,100,100,0.0220888041,37.6011341657,25.0000000000,14.1390441237,1.0000000000,0.8416000000,250.0000000000,0,0,0,28,0
138,100,0,4,100,100,0,0,0,0,0,100,100,0.0220888041,37.5790453616,25.0000000000,14.1390441237,1.0000000000,0.8416000000,250.0000000000,0,0,0,28,0
139,100,0,4,100,100,0,0,0,0,0,100,100,0.0220888041,37.5569565575,25.0000000000,14.1390441237,1.0000000000,0.8416000000,250.0000000000,0,0,0,28,0
140,100,0,4,100,100,0,0,0,0,0,100,100,0.0220888041,37.5348677534,25.0000000000,14.1390441237,1.0000000000,0.8416000000,250.0000000000,0,0,0,28,0
141,100,0,5,100,100,0,0,1,105,685,100,100,0.0386861580,37.4961815954,20.0000000000,15.1489815356,1.0000000000,0.9692800000,217.0683393859,0,0,0,15,0
142,100,0,5,100,100,0,0,0,0,0,100,100,0.0228381187,37.4733434767,20.0000000000,15.1489815356,1.0000000000,0.8416000000,250.0000000000,0,0,0,15,0
143,100,0,5,100,100,0,0,0,0,0,100,100,0.0228381187,37.4505053580,20.0000000000,15.1489815356,1.0000000000,0.8416000000,250.0000000000,0,0,0,15,0
144,100,0,5,100,100,0,0,0,0,0,100,100,0.0228381187,37.4276672393,20.0000000000,15.1489815356,1.0000000000,0.8416000000,250.0000000000,0,0,0,15,0
145,100,0,5,100,100,0,0,0,0,0,100,100,0.0228381187,37.4048291205,20.0000000000,15.1489815356,1.0000000000,0.8416000000,250.0000000000,0,0,0,15,0
146,100,0,3,100,100,0,0,1,103,491,100,100,0.0342522232,37.3705768973,33.3333333333,13.9707474776,1.0000000000,0.9668480000,217.6143509631,0,0,0,31,0
147,100,0,3,100,100,0,0,0,0,0,100,100,0.0217989321,37.3487779652,33.3333333333,13.9707474776,1.0000000000,0.8416000000,250.0000000000,0,0,0,31,0
148,100,0,3,100,100,0,0,0,0,0,100,100,0.0217989321,37.3269790331,33.3333333333,13.9707474776,1.0000000000,0.8416000000,250.0000000000,0,0,0,31,0
149,100,0,3,100,100,0,0,0,0,0,100,100,0.0217989321,37.3051801010,33.3333333333,13.9707474776,1.0000000000,0.8416000000,250.0000000000,0,0,0,31,0
150,100,0,3,100,100,0,0,0,0,0,100,100,0.0217989321,37.2833811688,33.3333333333,13.9707474776,1.0000000000,0.8416000000,250.0000000000,0,0,0,31,0
151,100,0,8,100,100,0,0,1,108,976,100,100,0.0441021927,37.2392789762,12.5000000000,15.2331272712,1.0000000000,0.9729280000,216.2544402052,0,0,0,11,0
152,100,0,8,100,100,0,0,0,0,0,100,100,0.0229042018,37.2163747744,12.5000000000,15.2331272712,1.0000000000,0.8416000000,250.0000000000,0,0,0,11,0
153,100,0,8,100,100,0,0,0,0,0,100,100,0.0229042018,37.1934705726,12.5000000000,15.2331272712,1.0000000000,0.8416000000,250.0000000000,0,0,0,11,0
154,100,0,8,100,100,0,0,0,0,0,100,100,0.0229042018,37.1705663709,12.5000000000,15.2331272712,1.0000000000,0.8416000000,250.0000000000,0,0,0,11,0
155,100,0,8,100,100,0,0,0,0,0,100,100,0.0229042018,37.1476621691,12.5000000000,15.2331272712,1.0000000000,0.8416000000,250.0000000000,0,0,0,11,0
156,100,0,5,100,100,0,0,1,105,685,100,100,0.0378651949,37.1097969742,20.0000000000,14.6440189544,1.0000000000,0.9692800000,217.0683393859,0,0,0,21,0
157,100,0,5,100,100,0,0,0,0,0,100,100,0.0220146598,37.0877823144,20.0000000000,14.6440189544,1.0000000000,0.8416000000,250.0000000000,0,0,0,21,0
158,100,0,5,100,100,0,0,0,0,0,100,100,0.0220146598,37.0657676546,20.0000000000,14.6440189544,1.0000000000,0.8416000000,250.0000000000,0,0,0,21,0
159,100,0,5,100,100,0,0,0,0,0,100,100,0.0220146598,37.0437529948,20.0000000000,14.6440189544,1.0000000000,0.8416000000,250.0000000000,0,0,0,21,0
160,100,0,5,100,100,0,0,0,0,0,100,100,0.0220146598,37.0217383350,20.0000000000,14.6440189544,1.0000000000,0.8416000000,250.0000000000,0,0,0,21,0
161,100,0,4,100,100,0,0,1,104,588,100,100,0.0377736159,36.9839647191,25.0000000000,15.0647886811,1.0000000000,0.9680640000,217.3410022478,0,0,0,17,0
162,100,0,4,100,100,0,0,0,0,0,100,100,0.0235882083,36.9603765108,25.0000000000,15.0647886811,1.0000000000,0.8416000000,250.0000000000,0,0,0,17,0
163,100,0,4,100,100,0,0,0,0,0,100,100,0.0235882083,36.9367883025,25.0000000000,15.0647886811,1.0000000000,0.8416000000,250.0000000000,0,0,0,17,0
164,100,0,4,100,100,0,0,0,0,0,100,100,0.0235882083,36.9132000942,25.0000000000,15.0647886811,1.0000000000,0.8416000000,250.0000000000,0,0,0,17,0
165,100,0,4,100,100,0,0,0,0,0,100,100,0.0235882083,36.8896118859,25.0000000000,15.0647886811,1.0000000000,0.8416000000,250.0000000000,0,0,0,17,0
166,100,0,5,100,100,0,0,1,105,685,100,100,0.0388679148,36.8507439712,20.0000000000,14.8964891398,1.0000000000,0.9692800000,217.0683393859,0,0,0,18,0
167,100,0,5,100,100,0,0,0,0,0,100,100,0.0229416674,36.8278023038,20.0000000000,14.8964891398,1.0000000000,0.8416000000,250.0000000000,0,0,0,18,0
168,100,0,5,100,100,0,0,0,0,0,100,100,0.0229416674,36.8048606364,20.0000000000,14.8964891398,1.0000000000,0.8416000000,250.0000000000,0,0,0,18,0
169,100,0,5,100,100,0,0,0,0,0,100,100,0.0229416674,36.7819189690,20.0000000000,14.8964891398,1.0000000000,0.8416000000,250.0000000000,0,0,0,18,0
170,100,0,5,100,100,0,0,0,0,0,100,100,0.0229416674,36.7589773016,20.0000000000,14.8964891398,1.0000000000,0.8416000000,250.0000000000,0,0,0,18,0
171,100,0,6,100,100,0,0,1,106,782,100,100,0.0393062284,36.7196710732,16.6666666667,13.9707382757,1.0000000000,0.9704960000,216.7963597995,0,0,0,28,0
172,100,0,6,100,100,0,0,0,0,0,100,100,0.0215439204,36.6981271528,16.6666666667,13.9707382757,1.0000000000,0.8416000000,250.0000000000,0,0,0,28,0
173,100,0,6,100,100,0,0,0,0,0,100,100,0.0215439204,36.6765832324,16.6666666667,13.9707382757,1.0000000000,0.8416000000,250.0000000000,0,0,0,28,0
174,100,0,6,100,100,0,0,0,0,0,100,100,0.0215439204,36.6550393119,16.6666666667,13.9707382757,1.0000000000,0.8416000000,250.0000000000,0,0,0,28,0
175,100,0,6,100,100,0,0,0,0,0,100,100,0.0215439204,36.6334953915,16.6666666667,13.9707382757,1.0000000000,0.8416000000,250.0000000000,0,0,0,28,0
176,100,0,5,100,100,0,0,1,105,685,100,100,0.0365465518,36.5969488397,20.0000000000,13.0449702188,1.0000000000,0.9692800000,217.0683393859,0,0,0,40,0
177,100,0,5,100,100,0,0,0,0,0,100,100,0.0204420897,36.5765067501,20.0000000000,13.0449702188,1.0000000000,0.8416000000,250.0000000000,0,0,0,40,0
178,100,0,5,100,100,0,0,0,0,0,100,100,0.0204420897,36.5560646604,20.0000000000,13.0449702188,1.0000000000,0.8416000000,250.0000000000,0,0,0,40,0
179,100,0,5,100,100,0,0,0,0,0,100,100,0.0204420897,36.5356225708,20.0000000000,13.0449702188,1.0000000000,0.8416000000,250.0000000000,0,0,0,40,0
180,100,0,5,100,100,0,0,0,0,0,100,100,0.0204420897,36.5151804811,20.0000000000,13.0449702188,1.0000000000,0.8416000000,250.0000000000,0,0,0,40,0
181,100,0,2,100,100,0,0,1,102,394,100,100,0.0299724069,36.4852080743,50.0000000000,11.4459086447,1.0000000000,0.9656320000,217.8883881230,0,0,0,62,0
182,100,0,2,100,100,0,0,0,0,0,100,100,0.0190108957,36.4661971786,50.0000000000,11.4459086447,1.0000000000,0.8416000000,250.0000000000,0,0,0,62,0
183,100,0,2,100,100,0,0,0,0,0,100,100,0.0190108957,36.4471862829,50.0000000000,11.4459086447,1.0000000000,0.8416000000,250.0000000000,0,0,0,62,0
184,100,0,2,100,100,0,0,0,0,0,100,100,0.0190108957,36.4281753872,50.0000000000,11.4459086447,1.0000000000,0.8416000000,250.0000000000,0,0,0,62,0
185,100,0,2,100,100,0,0,0,0,0,100,100,0.0190108957,36.4091644915,50.0000000000,11.4459086447,1.0000000000,0.8416000000,250.0000000000,0,0,0,62,0
186,100,0,9,100,100,0,0,1,108,1073,100,100,0.0447171452,36.3644473463,11.1111111111,14.2232107077,1.0000000000,0.9729280000,216.2544402052,0,0,0,22,0
187,100,0,9,100,100,0,0,0,0,0,100,100,0.0216934742,36.3427538720,11.1111111111,14.2232107077,1.0000000000,0.8416000000,250.0000000000,0,0,0,22,0
188,100,0,9,100,100,0,0,0,0,0,100,100,0.0216934742,36.3210603978,11.1111111111,14.2232107077,1.0000000000,0.8416000000,250.0000000000,0,0,0,22,0
189,100,0,9,100,100,0,0,0,0,0,100,100,0.0216934742,36.2993669235,11.1111111111,14.2232107077,1.0000000000,0.8416000000,250.0000000000,0,0,0,22,0
190,100,0,9,100,100,0,0,0,0,0,100,100,0.0216934742,36.2776734493,11.1111111111,14.2232107077,1.0000000000,0.8416000000,250.0000000000,0,0,0,22,0
191,100,0,2,100,100,0,0,1,102,394,100,100,0.0299714137,36.2477020356,50.0000000000,11.8667226637,1.0000000000,0.9656320000,217.8883881230,0,0,0,57,0
192,100,0,2,100,100,0,0,0,0,0,100,100,0.0189677666,36.2287342690,50.0000000000,11.8667226637,1.0000000000,0.8416000000,250.0000000000,0,0,0,57,0
193,100,0,2,100,100,0,0,0,0,0,100,100,0.0189677666,36.2097665024,50.0000000000,11.8667226637,1.0000000000,0.8416000000,250.0000000000,0,0,0,57,0
194,100,0,2,100,100,0,0,0,0,0,100,100,0.0189677666,36.1907987357,50.0000000000,11.8667226637,1.0000000000,0.8416000000,250.0000000000,0,0,0,57,0
195,100,0,2,100,100,0,0,0,0,0,100,100,0.0189677666,36.1718309691,50.0000000000,11.8667226637,1.0000000000,0.8416000000,250.0000000000,0,0,0,57,0
196,100,0,8,100,100,0,0,1,108,976,100,100,0.0444211669,36.1274098023,12.5000000000,15.5697711659,1.0000000000,0.9729280000,216.2544402052,0,0,0,7,0
197,100,0,8,100,100,0,0,0,0,0,100,100,0.0232571581,36.1041526442,12.5000000000,15.5697711659,1.0000000000,0.8416000000,250.0000000000,0,0,0,7,0
198,100,0,8,100,100,0,0,0,0,0,100,100,0.0232571581,36.0808954861,12.5000000000,15.5697711659,1.0000000000,0.8416000000,250.0000000000,0,0,0,7,0
199,100,0,8,100,100,0,0,0,0,0,100,100,0.0232571581,36.0576383281,12.5000000000,15.5697711659,1.0000000000,0.8416000000,250.0000000000,0,0,0,7,0
200,100,0,8,100,100,0,0,0,0,0,100,100,0.0232571581,36.0343811700,12.5000000000,15.5697711659,1.0000000000,0.8416000000,250.0000000000,0,0,0,7,0
201,100,0,2,100,100,0,0,1,102,394,100,100,0.0306875047,36.0036936653,50.0000000000,12.0350377851,1.0000000000,0.9656320000,217.8883881230,0,0,0,55,0
202,100,0,2,100,100,0,0,0,0,0,100,100,0.0196868609,35.9840068044,50.0000000000,12.0350377851,1.0000000000,0.8416000000,250.0000000000,0,0,0,55,0
203,100,0,2,100,100,0,0,0,0,0,100,100,0.0196868609,35.9643199434,50.0000000000,12.0350377851,1.0000000000,0.8416000000,250.0000000000,0,0,0,55,0
204,100,0,2,100,100,0,0,0,0,0,100,100,0.0196868609,35.9446330825,50.0000000000,12.0350377851,1.0000000000,0.8416000000,250.0000000000,0,0,0,55,0
205,100,0,2,100,100,0,0,0,0,0,100,100,0.0196868609,35.9249462215,50.0000000000,12.0350377851,1.0000000000,0.8416000000,250.0000000000,0,0,0,55,0
206,100,0,5,100,100,0,0,1,105,685,100,100,0.0376495388,35.8872966827,20.0000000000,14.1390665637,1.0000000000,0.9692800000,217.0683393859,0,0,0,27,0
207,100,0,5,100,100,0,0,0,0,0,100,100,0.0217154351,35.8655812476,20.0000000000,14.1390665637,1.0000000000,0.8416000000,250.0000000000,0,0,0,27,0
208,100,0,5,100,100,0,0,0,0,0,100,100,0.0217154351,35.8438658125,20.0000000000,14.1390665637,1.0000000000,0.8416000000,250.0000000000,0,0,0,27,0
209,100,0,5,100,100,0,0,0,0,0,100,100,0.0217154351,35.8221503773,20.0000000000,14.1390665637,1.0000000000,0.8416000000,250.0000000000,0,0,0,27,0
210,100,0,5,100,100,0,0,0,0,0,100,100,0.0217154351,35.8004349422,20.0000000000,14.1390665637,1.0000000000,0.8416000000,250.0000000000,0,0,0,27,0
211,100,0,4,100,100,0,0,1,104,588,100,100,0.0373023316,35.7631326106,25.0000000000,14.8123302295,1.0000000000,0.9680640000,217.3410022478,0,0,0,20,0
212,100,0,4,100,100,0,0,0,0,0,100,100,0.0231258494,35.7400067612,25.0000000000,14.8123302295,1.0000000000,0.8416000000,250.0000000000,0,0,0,20,0
213,100,0,4,100,100,0,0,0,0,0,100,100,0.0231258494,35.7168809118,25.0000000000,14.8123302295,1.0000000000,0.8416000000,250.0000000000,0,0,0,20,0
214,100,0,4,100,100,0,0,0,0,0,100,100,0.0231258494,35.6937550625,25.0000000000,14.8123302295,1.0000000000,0.8416000000,250.0000000000,0,0,0,20,0
215,100,0,4,100,100,0,0,0,0,0,100,100,0.0231258494,35.6706292131,25.0000000000,14.8123302295,1.0000000000,0.8416000000,250.0000000000,0,0,0,20,0
216,100,0,3,100,100,0,0,1,103,491,100,100,0.0343704737,35.6362587394,33.3333333333,13.9707316547,1.0000000000,0.9668480000,217.6143509631,0,0,0,31,0
217,100,0,3,100,100,0,0,0,0,0,100,100,0.0218950569,35.6143636825,33.3333333333,13.9707316547,1.0000000000,0.8416000000,250.0000000000,0,0,0,31,0
218,100,0,3,100,100,0,0,0,0,0,100,100,0.0218950569,35.5924686256,33.3333333333,13.9707316547,1.0000000000,0.8416000000,250.0000000000,0,0,0,31,0
219,100,0,3,100,100,0,0,0,0,0,100,100,0.0218950569,35.5705735688,33.3333333333,13.9707316547,1.0000000000,0.8416000000,250.0000000000,0,0,0,31,0
220,100,0,3,100,100,0,0,0,0,0,100,100,0.0218950569,35.5486785119,33.3333333333,13.9707316547,1.0000000000,0.8416000000,250.0000000000,0,0,0,31,0
221,100,0,4,100,100,0,0,1,104,588,100,100,0.0346588937,35.5140196183,25.0000000000,13.2132936666,1.0000000000,0.9680640000,217.3410022478,0,0,0,39,0
222,100,0,4,100,100,0,0,0,0,0,100,100,0.0203795620,35.4936400562,25.0000000000,13.2132936666,1.0000000000,0.8416000000,250.0000000000,0,0,0,39,0
223,100,0,4,100,100,0,0,0,0,0,100,100,0.0203795620,35.4732604942,25.0000000000,13.2132936666,1.0000000000,0.8416000000,250.0000000000,0,0,0,39,0
224,100,0,4,100,100,0,0,0,0,0,100,100,0.0203795620,35.4528809321,25.0000000000,13.2132936666,1.0000000000,0.8416000000,250.0000000000,0,0,0,39,0
225,100,0,4,100,100,0,0,0,0,0,100,100,0.0203795620,35.4325013701,25.0000000000,13.2132936666,1.0000000000,0.8416000000,250.0000000000,0,0,0,39,0
226,100,0,3,100,100,0,0,1,103,491,100,100,0.0340775368,35.3984238333,33.3333333333,13.2974405076,1.0000000000,0.9668480000,217.6143509631,0,0,0,39,0
227,100,0,3,100,100,0,0,0,0,0,100,100,0.0214774793,35.3769463540,33.3333333333,13.2974405076,1.0000000000,0.8416000000,250.0000000000,0,0,0,39,0
228,100,0,3,100,100,0,0,0,0,0,100,100,0.0214774793,35.3554688747,33.3333333333,13.2974405076,1.0000000000,0.8416000000,250.0000000000,0,0,0,39,0
229,100,0,3,100,100,0,0,0,0,0,100,100,0.0214774793,35.3339913954,33.3333333333,13.2974405076,1.0000000000,0.8416000000,250.0000000000,0,0,0,39,0
230,100,0,3,100,100,0,0,0,0,0,100,100,0.0214774793,35.3125139161,33.3333333333,13.2974405076,1.0000000000,0.8416000000,250.0000000000,0,0,0,39,0
231,100,0,7,100,100,0,0,1,106,879,100,100,0.0402518705,35.2722620456,14.2857142857,12.9608008750,1.0000000000,0.9704960000,216.7963597995,0,0,0,39,0
232,100,0,7,100,100,0,0,0,0,0,100,100,0.0205092855,35.2517527601,14.2857142857,12.9608008750,1.0000000000,0.8416000000,250.0000000000,0,0,0,39,0
233,100,0,7,100,100,0,0,0,0,0,100,100,0.0205092855,35.2312434747,14.2857142857,12.9608008750,1.0000000000,0.8416000000,250.0000000000,0,0,0,39,0
234,100,0,7,100,100,0,0,0,0,0,100,100,0.0205092855,35.2107341892,14.2857142857,12.9608008750,1.0000000000,0.8416000000,250.0000000000,0,0,0,39,0
235,100,0,7,100,100,0,0,0,0,0,100,100,0.0205092855,35.1902249037,14.2857142857,12.9608008750,1.0000000000,0.8416000000,250.0000000000,0,0,0,39,0
236,100,0,3,100,100,0,0,1,103,491,100,100,0.0356341204,35.1545907833,33.3333333333,15.1489780971,1.0000000000,0.9668480000,217.6143509631,0,0,0,17,0
237,100,0,3,100,100,0,0,0,0,0,100,100,0.0233043642,35.1312864192,33.3333333333,15.1489780971,1.0000000000,0.8416000000,250.0000000000,0,0,0,17,0
238,100,0,3,100,100,0,0,0,0,0,100,100,0.0233043642,35.1079820550,33.3333333333,15.1489780971,1.0000000000,0.8416000000,250.0000000000,0,0,0,17,0
239,100,0,3,100,100,0,0,0,0,0,100,100,0.0233043642,35.0846776908,33.3333333333,15.1489780971,1.0000000000,0.8416000000,250.0000000000,0,0,0,17,0
240,100,0,3,100,100,0,0,0,0,0,100,100,0.0233043642,35.0613733267,33.3333333333,15.1489780971,1.0000000000,0.8416000000,250.0000000000,0,0,0,17,0
241,100,0,2,100,100,0,0,1,102,394,100,100,0.0297504473,35.0316228794,50.0000000000,10.9409559467,1.0000000000,0.9656320000,217.8883881230,0,0,0,68,0
242,100,0,2,100,100,0,0,0,0,0,100,100,0.0184620223,35.0131608571,50.0000000000,10.9409559467,1.0000000000,0.8416000000,250.0000000000,0,0,0,68,0
243,100,0,2,100,100,0,0,0,0,0,100,100,0.0184620223,34.9946988347,50.0000000000,10.9409559467,1.0000000000,0.8416000000,250.0000000000,0,0,0,68,0
244,100,0,2,100,100,0,0,0,0,0,100,100,0.0184620223,34.9762368124,50.0000000000,10.9409559467,1.0000000000,0.8416000000,250.0000000000,0,0,0,68,0
245,100,0,2,100,100,0,0,0,0,0,100,100,0.0184620223,34.9577747900,50.0000000000,10.9409559467,1.0000000000,0.8416000000,250.0000000000,0,0,0,68,0
246,100,0,4,100,100,0,0,1,104,588,100,100,0.0337975778,34.9239772122,25.0000000000,11.9508847251,1.0000000000,0.9680640000,217.3410022478,0,0,0,54,0
247,100,0,4,100,100,0,0,0,0,0,100,100,0.0191262669,34.9048509453,25.0000000000,11.9508847251,1.0000000000,0.8416000000,250.0000000000,0,0,0,54,0
248,100,0,4,100,100,0,0,0,0,0,100,100,0.0191262669,34.8857246784,25.0000000000,11.9508847251,1.0000000000,0.8416000000,250.0000000000,0,0,0,54,0
249,100,0,4,100,100,0,0,0,0,0,100,100,0.0191262669,34.8665984115,25.0000000000,11.9508847251,1.0000000000,0.8416000000,250.0000000000,0,0,0,54,0
250,100,0,4,100,100,0,0,0,0,0,100,100,0.0191262669,34.8474721446,25.0000000000,11.9508847251,1.0000000000,0.8416000000,250.0000000000,0,0,0,54,0
251,100,0,7,100,100,0,0,1,107,879,100,100,0.0410966615,34.8063754830,14.2857142857,14.0548861102,1.0000000000,0.9717120000,216.5250609234,0,0,0,26,0
252,100,0,7,100,100,0,0,0,0,0,100,100,0.0215883788,34.7847871042,14.2857142857,14.0548861102,1.0000000000,0.8416000000,250.0000000000,0,0,0,26,0
253,100,0,7,100,100,0,0,0,0,0,100,100,0.0215883788,34.7631987254,14.2857142857,14.0548861102,1.0000000000,0.8416000000,250.0000000000,0,0,0,26,0
254,100,0,7,100,100,0,0,0,0,0,100,100,0.0215883788,34.7416103466,14.2857142857,14.0548861102,1.0000000000,0.8416000000,250.0000000000,0,0,0,26,0
255,100,0,7,100,100,0,0,0,0,0,100,100,0.0215883788,34.7200219678,14.2857142857,14.0548861102,1.0000000000,0.8416000000,250.0000000000,0,0,0,26,0
256,100,0,8,100,100,0,0,1,108,976,100,100,0.0445637917,34.6754581761,12.5000000000,15.6539185605,1.0000000000,0.9729280000,216.2544402052,0,0,0,6,0
257,100,0,8,100,100,0,0,0,0,0,100,100,0.0233976817,34.6520604943,12.5000000000,15.6539185605,1.0000000000,0.8416000000,250.0000000000,0,0,0,6,0
258,100,0,8,100,100,0,0,0,0,0,100,100,0.0233976817,34.6286628126,12.5000000000,15.6539185605,1.0000000000,0.8416000000,250.0000000000,0,0,0,6,0
259,100,0,8,100,100,0,0,0,0,0,100,100,0.0233976817,34.6052651309,12.5000000000,15.6539185605,1.0000000000,0.8416000000,250.0000000000,0,0,0,6,0
260,100,0,8,100,100,0,0,0,0,0,100,100,0.0233976817,34.5818674491,12.5000000000,15.6539185605,1.0000000000,0.8416000000,250.0000000000,0,0,0,6,0
261,100,0,4,100,100,0,0,1,104,588,100,100,0.0368653360,34.5450021131,25.0000000000,14.6440072225,1.0000000000,0.9680640000,217.3410022478,0,0,0,22,0
262,100,0,4,100,100,0,0,0,0,0,100,100,0.0227014634,34.5223006498,25.0000000000,14.6440072225,1.0000000000,0.8416000000,250.0000000000,0,0,0,22,0
263,100,0,4,100,100,0,0,0,0,0,100,100,0.0227014634,34.4995991864,25.0000000000,14.6440072225,1.0000000000,0.8416000000,250.0000000000,0,0,0,22,0
264,100,0,4,100,100,0,0,0,0,0,100,100,0.0227014634,34.4768977230,25.0000000000,14.6440072225,1.0000000000,0.8416000000,250.0000000000,0,0,0,22,0
265,100,0,4,100,100,0,0,0,0,0,100,100,0.0227014634,34.4541962596,25.0000000000,14.6440072225,1.0000000000,0.8416000000,250.0000000000,0,0,0,22,0
266,100,0,2,100,100,0,0,1,102,394,100,100,0.0315639529,34.4226323067,50.0000000000,13.0449584204,1.0000000000,0.9656320000,217.8883881230,0,0,0,43,0
267,100,0,2,100,100,0,0,0,0,0,100,100,0.0208270482,34.4018052585,50.0000000000,13.0449584204,1.0000000000,0.8416000000,250.0000000000,0,0,0,43,0
268,100,0,2,100,100,0,0,0,0,0,100,100,0.0208270482,34.3809782104,50.0000000000,13.0449584204,1.0000000000,0.8416000000,250.0000000000,0,0,0,43,0
269,100,0,2,100,100,0,0,0,0,0,100,100,0.0208270482,34.3601511622,50.0000000000,13.0449584204,1.0000000000,0.8416000000,250.0000000000,0,0,0,43,0
270,100,0,2,100,100,0,0,0,0,0,100,100,0.0208270482,34.3393241140,50.0000000000,13.0449584204,1.0000000000,0.8416000000,250.0000000000,0,0,0,43,0
271,100,0,3,100,100,0,0,1,103,491,100,100,0.0332114355,34.3061126785,33.3333333333,13.0449719132,1.0000000000,0.9668480000,217.6143509631,0,0,0,42,0
272,100,0,3,100,100,0,0,0,0,0,100,100,0.0205588559,34.2855538226,33.3333333333,13.0449719132,1.0000000000,0.8416000000,250.0000000000,0,0,0,42,0
273,100,0,3,100,100,0,0,0,0,0,100,100,0.0205588559,34.2649949667,33.3333333333,13.0449719132,1.0000000000,0.8416000000,250.0000000000,0,0,0,42,0
274,100,0,3,100,100,0,0,0,0,0,100,100,0.0205588559,34.2444361108,33.3333333333,13.0449719132,1.0000000000,0.8416000000,250.0000000000,0,0,0,42,0
275,100,0,3,100,100,0,0,0,0,0,100,100,0.0205588559,34.2238772549,33.3333333333,13.0449719132,1.0000000000,0.8416000000,250.0000000000,0,0,0,42,0
276,100,0,4,100,100,0,0,1,104,588,100,100,0.0348060853,34.1890711696,25.0000000000,12.7924825390,1.0000000000,0.9680640000,217.3410022478,0,0,0,44,0
277,100,0,4,100,100,0,0,0,0,0,100,100,0.0204055373,34.1686656323,25.0000000000,12.7924825390,1.0000000000,0.8416000000,250.0000000000,0,0,0,44,0
278,100,0,4,100,100,0,0,0,0,0,100,100,0.0204055373,34.1482600950,25.0000000000,12.7924825390,1.0000000000,0.8416000000,250.0000000000,0,0,0,44,0
279,100,0,4,100,100,0,0,0,0,0,100,100,0.0204055373,34.1278545577,25.0000000000,12.7924825390,1.0000000000,0.8416000000,250.0000000000,0,0,0,44,0
280,100,0,4,100,100,0,0,0,0,0,100,100,0.0204055373,34.1074490204,25.0000000000,12.7924825390,1.0000000000,0.8416000000,250.0000000000,0,0,0,44,0
281,100,0,7,100,100,0,0,1,107,879,100,100,0.0420278756,34.0654211448,14.2857142857,15.1489696408,1.0000000000,0.9717120000,216.5250609234,0,0,0,13,0
282,100,0,7,100,100,0,0,0,0,0,100,100,0.0226432887,34.0427778561,14.2857142857,15.1489696408,1.0000000000,0.8416000000,250.0000000000,0,0,0,13,0
283,100,0,7,100,100,0,0,0,0,0,100,100,0.0226432887,34.0201345674,14.2857142857,15.1489696408,1.0000000000,0.8416000000,250.0000000000,0,0,0,13,0
284,100,0,7,100,100,0,0,0,0,0,100,100,0.0226432887,33.9974912788,14.2857142857,15.1489696408,1.0000000000,0.8416000000,250.0000000000,0,0,0,13,0
285,100,0,7,100,100,0,0,0,0,0,100,100,0.0226432887,33.9748479901,14.2857142857,15.1489696408,1.0000000000,0.8416000000,250.0000000000,0,0,0,13,0
286,100,0,5,100,100,0,0,1,105,685,100,100,0.0404313301,33.9344166600,20.0000000000,15.7380850381,1.0000000000,0.9692800000,217.0683393859,0,0,0,8,0
287,100,0,5,100,100,0,0,0,0,0,100,100,0.0244750703,33.9099415897,20.0000000000,15.7380850381,1.0000000000,0.8416000000,250.0000000000,0,0,0,8,0
288,100,0,5,100,100,0,0,0,0,0,100,100,0.0244750703,33.8854665194,20.0000000000,15.7380850381,1.0000000000,0.8416000000,250.0000000000,0,0,0,8,0
289,100,0,5,100,100,0,0,0,0,0,100,100,0.0244750703,33.8609914491,20.0000000000,15.7380850381,1.0000000000,0.8416000000,250.0000000000,0,0,0,8,0
290,100,0,5,100,100,0,0,0,0,0,100,100,0.0244750703,33.8365163789,20.0000000000,15.7380850381,1.0000000000,0.8416000000,250.0000000000,0,0,0,8,0
291,100,0,4,100,100,0,0,1,104,588,100,100,0.0367663708,33.7997500081,25.0000000000,14.6440067976,1.0000000000,0.9680640000,217.3410022478,0,0,0,22,0
292,100,0,4,100,100,0,0,0,0,0,100,100,0.0226148224,33.7771351857,25.0000000000,14.6440067976,1.0000000000,0.8416000000,250.0000000000,0,0,0,22,0
293,100,0,4,100,100,0,0,0,0,0,100,100,0.0226148224,33.7545203634,25.0000000000,14.6440067976,1.0000000000,0.8416000000,250.0000000000,0,0,0,22,0
294,100,0,4,100,100,0,0,0,0,0,100,100,0.0226148224,33.7319055410,25.0000000000,14.6440067976,1.0000000000,0.8416000000,250.0000000000,0,0,0,22,0
295,100,0,4,100,100,0,0,0,0,0,100,100,0.0226148224,33.7092907187,25.0000000000,14.6440067976,1.0000000000,0.8416000000,250.0000000000,0,0,0,22,0
296,100,0,8,100,100,0,0,1,108,976,100,100,0.0448764166,33.6644143021,12.5000000000,15.5697619597,1.0000000000,0.9729280000,216.2544402052,0,0,0,7,0
297,100,0,8,100,100,0,0,0,0,0,100,100,0.0236258076,33.6407884945,12.5000000000,15.5697619597,1.0000000000,0.8416000000,250.0000000000,0,0,0,7,0
298,100,0,8,100,100,0,0,0,0,0,100,100,0.0236258076,33.6171626869,12.5000000000,15.5697619597,1.0000000000,0.8416000000,250.0000000000,0,0,0,7,0
299,100,0,8,100,100,0,0,0,0,0,100,100,0.0236258076,33.5935368793,12.5000000000,15.5697619597,1.0000000000,0.8416000000,250.0000000000,0,0,0,7,0
300,100,0,8,100,100,0,0,0,0,0,100,100,0.0236258076,33.5699110717,12.5000000000,15.5697619597,1.0000000000,0.8416000000,250.0000000000,0,0,0,7,0
301,100,0,3,100,100,0,0,1,103,491,100,100,0.0338226011,33.5360884706,33.3333333333,13.4657681030,1.0000000000,0.9668480000,217.6143509631,0,0,0,37,0
302,100,0,3,100,100,0,0,0,0,0,100,100,0.0212900648,33.5147984058,33.3333333333,13.4657681030,1.0000000000,0.8416000000,250.0000000000,0,0,0,37,0
303,100,0,3,100,100,0,0,0,0,0,100,100,0.0212900648,33.4935083409,33.3333333333,13.4657681030,1.0000000000,0.8416000000,250.0000000000,0,0,0,37,0
304,100,0,3,100,100,0,0,0,0,0,100,100,0.0212900648,33.4722182761,33.3333333333,13.4657681030,1.0000000000,0.8416000000,250.0000000000,0,0,0,37,0
305,100,0,3,100,100,0,0,0,0,0,100,100,0.0212900648,33.4509282113,33.3333333333,13.4657681030,1.0000000000,0.8416000000,250.0000000000,0,0,0,37,0
306,100,0,1,100,100,0,0,1,101,297,100,100,0.0284678195,33.4224603918,100.0000000000,11.4459084644,1.0000000000,0.9644160000,218.1631163315,0,0,0,63,0
307,100,0,1,100,100,0,0,0,0,0,100,100,0.0191941845,33.4032662073,100.0000000000,11.4459084644,1.0000000000,0.8416000000,250.0000000000,0,0,0,63,0
308,100,0,1,100,100,0,0,0,0,0,100,100,0.0191941845,33.3840720227,100.0000000000,11.4459084644,1.0000000000,0.8416000000,250.0000000000,0,0,0,63,0
309,100,0,1,100,100,0,0,0,0,0,100,100,0.0191941845,33.3648778382,100.0000000000,11.4459084644,1.0000000000,0.8416000000,250.0000000000,0,0,0,63,0
310,100,0,1,100,100,0,0,0,0,0,100,100,0.0191941845,33.3456836537,100.0000000000,11.4459084644,1.0000000000,0.8416000000,250.0000000000,0,0,0,63,0
311,100,0,2,100,100,0,0,1,102,394,100,100,0.0313782426,33.3143054110,50.0000000000,12.7924643256,1.0000000000,0.9656320000,217.8883881230,0,0,0,46,0
312,100,0,2,100,100,0,0,0,0,0,100,100,0.0205810190,33.2937243921,50.0000000000,12.7924643256,1.0000000000,0.8416000000,250.0000000000,0,0,0,46,0
313,100,0,2,100,100,0,0,0,0,0,100,100,0.0205810190,33.2731433731,50.0000000000,12.7924643256,1.0000000000,0.8416000000,250.0000000000,0,0,0,46,0
314,100,0,2,100,100,0,0,0,0,0,100,100,0.0205810190,33.2525623541,50.0000000000,12.7924643256,1.0000000000,0.8416000000,250.0000000000,0,0,0,46,0
315,100,0,2,100,100,0,0,0,0,0,100,100,0.0205810190,33.2319813352,50.0000000000,12.7924643256,1.0000000000,0.8416000000,250.0000000000,0,0,0,46,0
316,100,0,2,100,100,0,0,1,102,394,100,100,0.0310269261,33.2009544091,50.0000000000,12.6241816996,1.0000000000,0.9656320000,217.8883881230,0,0,0,48,0
317,100,0,2,100,100,0,0,0,0,0,100,100,0.0201705946,33.1807838145,50.0000000000,12.6241816996,1.0000000000,0.8416000000,250.0000000000,0,0,0,48,0
318,100,0,2,100,100,0,0,0,0,0,100,100,0.0201705946,33.1606132199,50.0000000000,12.6241816996,1.0000000000,0.8416000000,250.0000000000,0,0,0,48,0
319,100,0,2,100,100,0,0,0,0,0,100,100,0.0201705946,33.1404426253,50.0000000000,12.6241816996,1.0000000000,0.8416000000,250.0000000000,0,0,0,48,0
320,100,0,2,100,100,0,0,0,0,0,100,100,0.0201705946,33.1202720307,50.0000000000,12.6241816996,1.0000000000,0.8416000000,250.0000000000,0,0,0,48,0
321,100,0,1,100,100,0,0,1,101,297,100,100,0.0271665488,33.0931054820,100.0000000000,9.6785478003,1.0000000000,0.9644160000,218.1631163315,0,0,0,84,0
322,100,0,1,100,100,0,0,0,0,0,100,100,0.0167571700,33.0763483120,100.0000000000,9.6785478003,1.0000000000,0.8416000000,250.0000000000,0,0,0,84,0
323,100,0,1,100,100,0,0,0,0,0,100,100,0.0167571700,33.0595911420,100.0000000000,9.6785478003,1.0000000000,0.8416000000,250.0000000000,0,0,0,84,0
324,100,0,1,100,100,0,0,0,0,0,100,100,0.0167571700,33.0428339720,100.0000000000,9.6785478003,1.0000000000,0.8416000000,250.0000000000,0,0,0,84,0
325,100,0,1,100,100,0,0,0,0,0,100,100,0.0167571700,33.0260768020,100.0000000000,9.6785478003,1.0000000000,0.8416000000,250.0000000000,0,0,0,84,0
326,100,0,2,100,100,0,0,1,102,394,100,100,0.0292552424,32.9968215596,50.0000000000,11.1934419805,1.0000000000,0.9656320000,217.8883881230,0,0,0,65,0
327,100,0,2,100,100,0,0,0,0,0,100,100,0.0182546129,32.9785669467,50.0000000000,11.1934419805,1.0000000000,0.8416000000,250.0000000000,0,0,0,65,0
328,100,0,2,100,100,0,0,0,0,0,100,100,0.0182546129,32.9603123337,50.0000000000,11.1934419805,1.0000000000,0.8416000000,250.0000000000,0,0,0,65,0
329,100,0,2,100,100,0,0,0,0,0,100,100,0.0182546129,32.9420577208,50.0000000000,11.1934419805,1.0000000000,0.8416000000,250.0000000000,0,0,0,65,0
330,100,0,2,100,100,0,0,0,0,0,100,100,0.0182546129,32.9238031079,50.0000000000,11.1934419805,1.0000000000,0.8416000000,250.0000000000,0,0,0,65,0
331,100,0,6,100,100,0,0,1,106,782,100,100,0.0409499145,32.8828531934,16.6666666667,15.4856033641,1.0000000000,0.9704960000,216.7963597995,0,0,0,10,0
332,100,0,6,100,100,0,0,0,0,0,100,100,0.0233236016,32.8595295919,16.6666666667,15.4856033641,1.0000000000,0.8416000000,250.0000000000,0,0,0,10,0
333,100,0,6,100,100,0,0,0,0,0,100,100,0.0233236016,32.8362059903,16.6666666667,15.4856033641,1.0000000000,0.8416000000,250.0000000000,0,0,0,10,0
334,100,0,6,100,100,0,0,0,0,0,100,100,0.0233236016,32.8128823888,16.6666666667,15.4856033641,1.0000000000,0.8416000000,250.0000000000,0,0,0,10,0
335,100,0,6,100,100,0,0,0,0,0,100,100,0.0233236016,32.7895587872,16.6666666667,15.4856033641,1.0000000000,0.8416000000,250.0000000000,0,0,0,10,0
336,100,0,7,100,100,0,0,1,107,879,100,100,0.0427645212,32.7467942661,14.2857142857,15.6539243871,1.0000000000,0.9717120000,216.5250609234,0,0,0,7,0
337,100,0,7,100,100,0,0,0,0,0,100,100,0.0233811109,32.7234131551,14.2857142857,15.6539243871,1.0000000000,0.8416000000,250.0000000000,0,0,0,7,0
338,100,0,7,100,100,0,0,0,0,0,100,100,0.0233811109,32.7000320442,14.2857142857,15.6539243871,1.0000000000,0.8416000000,250.0000000000,0,0,0,7,0
339,100,0,7,100,100,0,0,0,0,0,100,100,0.0233811109,32.6766509333,14.2857142857,15.6539243871,1.0000000000,0.8416000000,250.0000000000,0,0,0,7,0
340,100,0,7,100,100,0,0,0,0,0,100,100,0.0233811109,32.6532698224,14.2857142857,15.6539243871,1.0000000000,0.8416000000,250.0000000000,0,0,0,7,0
341,100,0,3,100,100,0,0,1,103,491,100,100,0.0335320327,32.6197377897,33.3333333333,12.9607933771,1.0000000000,0.9668480000,217.6143509631,0,0,0,43,0
342,100,0,3,100,100,0,0,0,0,0,100,100,0.0210016824,32.5987361073,33.3333333333,12.9607933771,1.0000000000,0.8416000000,250.0000000000,0,0,0,43,0
343,100,0,3,100,100,0,0,0,0,0,100,100,0.0210016824,32.5777344248,33.3333333333,12.9607933771,1.0000000000,0.8416000000,250.0000000000,0,0,0,43,0
344,100,0,3,100,100,0,0,0,0,0,100,100,0.0210016824,32.5567327424,33.3333333333,12.9607933771,1.0000000000,0.8416000000,250.0000000000,0,0,0,43,0
345,100,0,3,100,100,0,0,0,0,0,100,100,0.0210016824,32.5357310600,33.3333333333,12.9607933771,1.0000000000,0.8416000000,250.0000000000,0,0,0,43,0
346,100,0,4,100,100,0,0,1,104,588,100,100,0.0346384089,32.5010926511,25.0000000000,12.9608144136,1.0000000000,0.9680640000,217.3410022478,0,0,0,42,0
347,100,0,4,100,100,0,0,0,0,0,100,100,0.0204029914,32.4806896597,25.0000000000,12.9608144136,1.0000000000,0.8416000000,250.0000000000,0,0,0,42,0
348,100,0,4,100,100,0,0,0,0,0,100,100,0.0204029914,32.4602866682,25.0000000000,12.9608144136,1.0000000000,0.8416000000,250.0000000000,0,0,0,42,0
349,100,0,4,100,100,0,0,0,0,0,100,100,0.0204029914,32.4398836768,25.0000000000,12.9608144136,1.0000000000,0.8416000000,250.0000000000,0,0,0,42,0
350,100,0,4,100,100,0,0,0,0,0,100,100,0.0204029914,32.4194806853,25.0000000000,12.9608144136,1.0000000000,0.8416000000,250.0000000000,0,0,0,42,0
351,100,0,1,100,100,0,0,1,101,297,100,100,0.0277076327,32.3917730526,100.0000000000,10.4359987555,1.0000000000,0.9644160000,218.1631163315,0,0,0,75,0
352,100,0,1,100,100,0,0,0,0,0,100,100,0.0176957626,32.3740772900,100.0000000000,10.4359987555,1.0000000000,0.8416000000,250.0000000000,0,0,0,75,0
353,100,0,1,100,100,0,0,0,0,0,100,100,0.0176957626,32.3563815273,100.0000000000,10.4359987555,1.0000000000,0.8416000000,250.0000000000,0,0,0,75,0
354,100,0,1,100,100,0,0,0,0,0,100,100,0.0176957626,32.3386857647,100.0000000000,10.4359987555,1.0000000000,0.8416000000,250.0000000000,0,0,0,75,0
355,100,0,1,100,100,0,0,0,0,0,100,100,0.0176957626,32.3209900020,100.0000000000,10.4359987555,1.0000000000,0.8416000000,250.0000000000,0,0,0,75,0
356,100,0,9,100,100,0,0,1,109,1073,100,100,0.0462655947,32.2747244073,11.1111111111,15.4856024333,1.0000000000,0.9741440000,215.9844951054,0,0,0,7,0
357,100,0,9,100,100,0,0,0,0,0,100,100,0.0232822458,32.2514421615,11.1111111111,15.4856024333,1.0000000000,0.8416000000,250.0000000000,0,0,0,7,0
358,100,0,9,100,100,0,0,0,0,0,100,100,0.0232822458,32.2281599157,11.1111111111,15.4856024333,1.0000000000,0.8416000000,250.0000000000,0,0,0,7,0
359,100,0,9,100,100,0,0,0,0,0,100,100,0.0232822458,32.2048776698,11.1111111111,15.4856024333,1.0000000000,0.8416000000,250.0000000000,0,0,0,7,0
360,100,0,9,100,100,0,0,0,0,0,100,100,0.0232822458,32.1815954240,11.1111111111,15.4856024333,1.0000000000,0.8416000000,250.0000000000,0,0,0,7,0
361,100,0,9,100,100,0,0,1,108,1073,100,100,0.0456806036,32.1359148204,11.1111111111,15.0648157538,1.0000000000,0.9729280000,216.2544402052,0,0,0,12,0
362,100,0,9,100,100,0,0,0,0,0,100,100,0.0227174870,32.1131973334,11.1111111111,15.0648157538,1.0000000000,0.8416000000,250.0000000000,0,0,0,12,0
363,100,0,9,100,100,0,0,0,0,0,100,100,0.0227174870,32.0904798465,11.1111111111,15.0648157538,1.0000000000,0.8416000000,250.0000000000,0,0,0,12,0
364,100,0,9,100,100,0,0,0,0,0,100,100,0.0227174870,32.0677623595,11.1111111111,15.0648157538,1.0000000000,0.8416000000,250.0000000000,0,0,0,12,0
365,100,0,9,100,100,0,0,0,0,0,100,100,0.0227174870,32.0450448725,11.1111111111,15.0648157538,1.0000000000,0.8416000000,250.0000000000,0,0,0,12,0
366,100,0,1,100,100,0,0,1,101,297,100,100,0.0273314107,32.0177134618,100.0000000000,10.0151917172,1.0000000000,0.9644160000,218.1631163315,0,0,0,80,0
367,100,0,1,100,100,0,0,0,0,0,100,100,0.0170680714,32.0006453905,100.0000000000,10.0151917172,1.0000000000,0.8416000000,250.0000000000,0,0,0,80,0
368,100,0,1,100,100,0,0,0,0,0,100,100,0.0170680714,31.9835773191,100.0000000000,10.0151917172,1.0000000000,0.8416000000,250.0000000000,0,0,0,80,0
369,100,0,1,100,100,0,0,0,0,0,100,100,0.0170680714,31.9665092477,100.0000000000,10.0151917172,1.0000000000,0.8416000000,250.0000000000,0,0,0,80,0
370,100,0,1,100,100,0,0,0,0,0,100,100,0.0170680714,31.9494411763,100.0000000000,10.0151917172,1.0000000000,0.8416000000,250.0000000000,0,0,0,80,0
371,100,0,6,100,100,0,0,1,106,782,100,100,0.0399449633,31.9094962130,16.6666666667,13.9707211616,1.0000000000,0.9704960000,216.7963597995,0,0,0,28,0
372,100,0,6,100,100,0,0,0,0,0,100,100,0.0221134859,31.8873827271,16.6666666667,13.9707211616,1.0000000000,0.8416000000,250.0000000000,0,0,0,28,0
373,100,0,6,100,100,0,0,0,0,0,100,100,0.0221134859,31.8652692412,16.6666666667,13.9707211616,1.0000000000,0.8416000000,250.0000000000,0,0,0,28,0
374,100,0,6,100,100,0,0,0,0,0,100,100,0.0221134859,31.8431557554,16.6666666667,13.9707211616,1.0000000000,0.8416000000,250.0000000000,0,0,0,28,0
375,100,0,6,100,100,0,0,0,0,0,100,100,0.0221134859,31.8210422695,16.6666666667,13.9707211616,1.0000000000,0.8416000000,250.0000000000,0,0,0,28,0
376,100,0,2,100,100,0,0,1,102,394,100,100,0.0307725868,31.7902696827,50.0000000000,12.3716792037,1.0000000000,0.9656320000,217.8883881230,0,0,0,51,0
377,100,0,2,100,100,0,0,0,0,0,100,100,0.0198267509,31.7704429318,50.0000000000,12.3716792037,1.0000000000,0.8416000000,250.0000000000,0,0,0,51,0
378,100,0,2,100,100,0,0,0,0,0,100,100,0.0198267509,31.7506161810,50.0000000000,12.3716792037,1.0000000000,0.8416000000,250.0000000000,0,0,0,51,0
379,100,0,2,100,100,0,0,0,0,0,100,100,0.0198267509,31.7307894301,50.0000000000,12.3716792037,1.0000000000,0.8416000000,250.0000000000,0,0,0,51,0
380,100,0,2,100,100,0,0,0,0,0,100,100,0.0198267509,31.7109626793,50.0000000000,12.3716792037,1.0000000000,0.8416000000,250.0000000000,0,0,0,51,0
381,100,0,3,100,100,0,0,1,103,491,100,100,0.0352756666,31.6756870127,33.3333333333,14.8123346302,1.0000000000,0.9668480000,217.6143509631,0,0,0,21,0
382,100,0,3,100,100,0,0,0,0,0,100,100,0.0229121228,31.6527748899,33.3333333333,14.8123346302,1.0000000000,0.8416000000,250.0000000000,0,0,0,21,0
383,100,0,3,100,100,0,0,0,0,0,100,100,0.0229121228,31.6298627671,33.3333333333,14.8123346302,1.0000000000,0.8416000000,250.0000000000,0,0,0,21,0
384,100,0,3,100,100,0,0,0,0,0,100,100,0.0229121228,31.6069506443,33.3333333333,14.8123346302,1.0000000000,0.8416000000,250.0000000000,0,0,0,21,0
385,100,0,3,100,100,0,0,0,0,0,100,100,0.0229121228,31.5840385215,33.3333333333,14.8123346302,1.0000000000,0.8416000000,250.0000000000,0,0,0,21,0
386,100,0,6,100,100,0,0,1,106,782,100,100,0.0417671815,31.5422713400,16.6666666667,15.8222479585,1.0000000000,0.9704960000,216.7963597995,0,0,0,6,0
387,100,0,6,100,100,0,0,0,0,0,100,100,0.0240968686,31.5181744715,16.6666666667,15.8222479585,1.0000000000,0.8416000000,250.0000000000,0,0,0,6,0
388,100,0,6,100,100,0,0,0,0,0,100,100,0.0240968686,31.4940776029,16.6666666667,15.8222479585,1.0000000000,0.8416000000,250.0000000000,0,0,0,6,0
389,100,0,6,100,100,0,0,0,0,0,100,100,0.0240968686,31.4699807343,16.6666666667,15.8222479585,1.0000000000,0.8416000000,250.0000000000,0,0,0,6,0
390,100,0,6,100,100,0,0,0,0,0,100,100,0.0240968686,31.4458838657,16.6666666667,15.8222479585,1.0000000000,0.8416000000,250.0000000000,0,0,0,6,0
391,100,0,8,100,100,0,0,1,108,976,100,100,0.0438488571,31.4020350086,12.5000000000,14.7281720267,1.0000000000,0.9729280000,216.2544402052,0,0,0,17,0
392,100,0,8,100,100,0,0,0,0,0,100,100,0.0225647556,31.3794702530,12.5000000000,14.7281720267,1.0000000000,0.8416000000,250.0000000000,0,0,0,17,0
393,100,0,8,100,100,0,0,0,0,0,100,100,0.0225647556,31.3569054975,12.5000000000,14.7281720267,1.0000000000,0.8416000000,250.0000000000,0,0,0,17,0
394,100,0,8,100,100,0,0,0,0,0,100,100,0.0225647556,31.3343407419,12.5000000000,14.7281720267,1.0000000000,0.8416000000,250.0000000000,0,0,0,17,0
395,100,0,8,100,100,0,0,0,0,0,100,100,0.0225647556,31.3117759863,12.5000000000,14.7281720267,1.0000000000,0.8416000000,250.0000000000,0,0,0,17,0
396,100,0,15,100,100,0,0,1,113,1655,100,100,0.0561513023,31.2556246840,6.6666666667,14.8964888825,1.0000000000,0.9790080000,214.9114205400,0,0,0,8,0
397,100,0,15,100,100,0,0,0,0,0,100,100,0.0224634993,31.2331611847,6.6666666667,14.8964888825,1.0000000000,0.8416000000,250.0000000000,0,0,0,8,0
398,100,0,15,100,100,0,0,0,0,0,100,100,0.0224634993,31.2106976854,6.6666666667,14.8964888825,1.0000000000,0.8416000000,250.0000000000,0,0,0,8,0
399,100,0,15,100,100,0,0,0,0,0,100,100,0.0224634993,31.1882341861,6.6666666667,14.8964888825,1.0000000000,0.8416000000,250.0000000000,0,0,0,8,0
400,100,0,15,100,100,0,0,0,0,0,100,100,0.0224634993,31.1657706868,6.6666666667,14.8964888825,1.0000000000,0.8416000000,250.0000000000,0,0,0,8,0
401,100,0,4,100,100,0,0,1,104,588,100,100,0.0364129509,31.1293577359,25.0000000000,14.1390509111,1.0000000000,0.9680640000,217.3410022478,0,0,0,28,0
402,100,0,4,100,100,0,0,0,0,0,100,100,0.0221813879,31.1071763480,25.0000000000,14.1390509111,1.0000000000,0.8416000000,250.0000000000,0,0,0,28,0
403,100,0,4,100,100,0,0,0,0,0,100,100,0.0221813879,31.0849949602,25.0000000000,14.1390509111,1.0000000000,0.8416000000,250.0000000000,0,0,0,28,0
404,100,0,4,100,100,0,0,0,0,0,100,100,0.0221813879,31.0628135723,25.0000000000,14.1390509111,1.0000000000,0.8416000000,250.0000000000,0,0,0,28,0
405,100,0,4,100,100,0,0,0,0,0,100,100,0.0221813879,31.0406321845,25.0000000000,14.1390509111,1.0000000000,0.8416000000,250.0000000000,0,0,0,28,0
406,100,0,1,100,100,0,0,1,101,297,100,100,0.0285408189,31.0120913656,100.0000000000,11.4458989643,1.0000000000,0.9644160000,218.1631163315,0,0,0,63,0
407,100,0,1,100,100,0,0,0,0,0,100,100,0.0193931552,30.9926982104,100.0000000000,11.4458989643,1.0000000000,0.8416000000,250.0000000000,0,0,0,63,0
408,100,0,1,100,100,0,0,0,0,0,100,100,0.0193931552,30.9733050551,100.0000000000,11.4458989643,1.0000000000,0.8416000000,250.0000000000,0,0,0,63,0
409,100,0,1,100,100,0,0,0,0,0,100,100,0.0193931552,30.9539118999,100.0000000000,11.4458989643,1.0000000000,0.8416000000,250.0000000000,0,0,0,63,0
410,100,0,1,100,100,0,0,0,0,0,100,100,0.0193931552,30.9345187447,100.0000000000,11.4458989643,1.0000000000,0.8416000000,250.0000000000,0,0,0,63,0
411,100,0,1,100,100,0,0,1,101,297,100,100,0.0286647047,30.9058540400,100.0000000000,11.5300616640,1.0000000000,0.9644160000,218.1631163315,0,0,0,62,0
412,100,0,1,100,100,0,0,0,0,0,100,100,0.0195154690,30.8863385710,100.0000000000,11.5300616640,1.0000000000,0.8416000000,250.0000000000,0,0,0,62,0
413,100,0,1,100,100,0,0,0,0,0,100,100,0.0195154690,30.8668231019,100.0000000000,11.5300616640,1.0000000000,0.8416000000,250.0000000000,0,0,0,62,0
414,100,0,1,100,100,0,0,0,0,0,100,100,0.0195154690,30.8473076329,100.0000000000,11.5300616640,1.0000000000,0.8416000000,250.0000000000,0,0,0,62,0
415,100,0,1,100,100,0,0,0,0,0,100,100,0.0195154690,30.8277921639,100.0000000000,11.5300616640,1.0000000000,0.8416000000,250.0000000000,0,0,0,62,0
416,100,0,1,100,100,0,0,1,101,297,100,100,0.0286265259,30.7991656380,100.0000000000,11.6142224579,1.0000000000,0.9644160000,218.1631163315,0,0,0,61,0
417,100,0,1,100,100,0,0,0,0,0,100,100,0.0194854888,30.7796801493,100.0000000000,11.6142224579,1.0000000000,0.8416000000,250.0000000000,0,0,0,61,0
418,100,0,1,100,100,0,0,0,0,0,100,100,0.0194854888,30.7601946605,100.0000000000,11.6142224579,1.0000000000,0.8416000000,250.0000000000,0,0,0,61,0
419,100,0,1,100,100,0,0,0,0,0,100,100,0.0194854888,30.7407091717,100.0000000000,11.6142224579,1.0000000000,0.8416000000,250.0000000000,0,0,0,61,0
420,100,0,1,100,100,0,0,0,0,0,100,100,0.0194854888,30.7212236830,100.0000000000,11.6142224579,1.0000000000,0.8416000000,250.0000000000,0,0,0,61,0
421,100,0,3,100,100,0,0,1,103,491,100,100,0.0321020497,30.6891216333,33.3333333333,12.1192029753,1.0000000000,0.9668480000,217.6143509631,0,0,0,53,0
422,100,0,3,100,100,0,0,0,0,0,100,100,0.0195159798,30.6696056535,33.3333333333,12.1192029753,1.0000000000,0.8416000000,250.0000000000,0,0,0,53,0
423,100,0,3,100,100,0,0,0,0,0,100,100,0.0195159798,30.6500896737,33.3333333333,12.1192029753,1.0000000000,0.8416000000,250.0000000000,0,0,0,53,0
424,100,0,3,100,100,0,0,0,0,0,100,100,0.0195159798,30.6305736940,33.3333333333,12.1192029753,1.0000000000,0.8416000000,250.0000000000,0,0,0,53,0
425,100,0,3,100,100,0,0,0,0,0,100,100,0.0195159798,30.6110577142,33.3333333333,12.1192029753,1.0000000000,0.8416000000,250.0000000000,0,0,0,53,0
426,100,0,1,100,100,0,0,1,101,297,100,100,0.0278694386,30.5831882756,100.0000000000,11.0251097610,1.0000000000,0.9644160000,218.1631163315,0,0,0,68,0
427,100,0,1,100,100,0,0,0,0,0,100,100,0.0184501488,30.5647381268,100.0000000000,11.0251097610,1.0000000000,0.8416000000,250.0000000000,0,0,0,68,0
428,100,0,1,100,100,0,0,0,0,0,100,100,0.0184501488,30.5462879779,100.0000000000,11.0251097610,1.0000000000,0.8416000000,250.0000000000,0,0,0,68,0
429,100,0,1,100,100,0,0,0,0,0,100,100,0.0184501488,30.5278378291,100.0000000000,11.0251097610,1.0000000000,0.8416000000,250.0000000000,0,0,0,68,0
430,100,0,1,100,100,0,0,0,0,0,100,100,0.0184501488,30.5093876802,100.0000000000,11.0251097610,1.0000000000,0.8416000000,250.0000000000,0,0,0,68,0
431,100,0,2,100,100,0,0,1,102,394,100,100,0.0339997261,30.4753879541,50.0000000000,14.1390302281,1.0000000000,0.9656320000,217.8883881230,0,0,0,30,0
432,100,0,2,100,100,0,0,0,0,0,100,100,0.0232515959,30.4521363582,50.0000000000,14.1390302281,1.0000000000,0.8416000000,250.0000000000,0,0,0,30,0
433,100,0,2,100,100,0,0,0,0,0,100,100,0.0232515959,30.4288847624,50.0000000000,14.1390302281,1.0000000000,0.8416000000,250.0000000000,0,0,0,30,0
434,100,0,2,100,100,0,0,0,0,0,100,100,0.0232515959,30.4056331665,50.0000000000,14.1390302281,1.0000000000,0.8416000000,250.0000000000,0,0,0,30,0
435,100,0,2,100,100,0,0,0,0,0,100,100,0.0232515959,30.3823815706,50.0000000000,14.1390302281,1.0000000000,0.8416000000,250.0000000000,0,0,0,30,0
436,100,0,1,100,100,0,0,1,101,297,100,100,0.0274080707,30.3549734999,100.0000000000,10.0151923661,1.0000000000,0.9644160000,218.1631163315,0,0,0,80,0
437,100,0,1,100,100,0,0,0,0,0,100,100,0.0172253775,30.3377481225,100.0000000000,10.0151923661,1.0000000000,0.8416000000,250.0000000000,0,0,0,80,0
438,100,0,1,100,100,0,0,0,0,0,100,100,0.0172253775,30.3205227450,100.0000000000,10.0151923661,1.0000000000,0.8416000000,250.0000000000,0,0,0,80,0
439,100,0,1,100,100,0,0,0,0,0,100,100,0.0172253775,30.3032973675,100.0000000000,10.0151923661,1.0000000000,0.8416000000,250.0000000000,0,0,0,80,0
440,100,0,1,100,100,0,0,0,0,0,100,100,0.0172253775,30.2860719900,100.0000000000,10.0151923661,1.0000000000,0.8416000000,250.0000000000,0,0,0,80,0
441,100,0,1,100,100,0,0,1,101,297,100,100,0.0265722013,30.2594997887,100.0000000000,9.6785417600,1.0000000000,0.9644160000,218.1631163315,0,0,0,84,0
442,100,0,1,100,100,0,0,0,0,0,100,100,0.0166352020,30.2428645868,100.0000000000,9.6785417600,1.0000000000,0.8416000000,250.0000000000,0,0,0,84,0
443,100,0,1,100,100,0,0,0,0,0,100,100,0.0166352020,30.2262293848,100.0000000000,9.6785417600,1.0000000000,0.8416000000,250.0000000000,0,0,0,84,0
444,100,0,1,100,100,0,0,0,0,0,100,100,0.0166352020,30.2095941829,100.0000000000,9.6785417600,1.0000000000,0.8416000000,250.0000000000,0,0,0,84,0
445,100,0,1,100,100,0,0,0,0,0,100,100,0.0166352020,30.1929589809,100.0000000000,9.6785417600,1.0000000000,0.8416000000,250.0000000000,0,0,0,84,0
446,100,0,2,100,100,0,0,1,102,394,100,100,0.0316682705,30.1612907104,50.0000000000,13.1291369757,1.0000000000,0.9656320000,217.8883881230,0,0,0,42,0
447,100,0,2,100,100,0,0,0,0,0,100,100,0.0209388975,30.1403518130,50.0000000000,13.1291369757,1.0000000000,0.8416000000,250.0000000000,0,0,0,42,0
448,100,0,2,100,100,0,0,0,0,0,100,100,0.0209388975,30.1194129155,50.0000000000,13.1291369757,1.0000000000,0.8416000000,250.0000000000,0,0,0,42,0
449,100,0,2,100,100,0,0,0,0,0,100,100,0.0209388975,30.0984740181,50.0000000000,13.1291369757,1.0000000000,0.8416000000,250.0000000000,0,0,0,42,0
450,100,0,2,100,100,0,0,0,0,0,100,100,0.0209388975,30.0775351206,50.0000000000,13.1291369757,1.0000000000,0.8416000000,250.0000000000,0,0,0,42,0
451,100,0,4,100,100,0,0,1,104,588,100,100,0.0358709727,30.0416641480,25.0000000000,14.5598586349,1.0000000000,0.9680640000,217.3410022478,0,0,0,23,0
452,100,0,4,100,100,0,0,0,0,0,100,100,0.0218122386,30.0198519093,25.0000000000,14.5598586349,1.0000000000,0.8416000000,250.0000000000,0,0,0,23,0
453,100,0,4,100,100,0,0,0,0,0,100,100,0.0218122386,29.9980396707,25.0000000000,14.5598586349,1.0000000000,0.8416000000,250.0000000000,0,0,0,23,0
454,100,0,4,100,100,0,0,0,0,0,100,100,0.0218122386,29.9762274321,25.0000000000,14.5598586349,1.0000000000,0.8416000000,250.0000000000,0,0,0,23,0
455,100,0,4,100,100,0,0,0,0,0,100,100,0.0218122386,29.9544151934,25.0000000000,14.5598586349,1.0000000000,0.8416000000,250.0000000000,0,0,0,23,0
456,100,0,9,100,100,0,0,1,109,1073,100,100,0.0465439522,29.9078712413,11.1111111111,15.8222483563,1.0000000000,0.9741440000,215.9844951054,0,0,0,3,0
457,100,0,9,100,100,0,0,0,0,0,100,100,0.0235977901,29.8842734511,11.1111111111,15.8222483563,1.0000000000,0.8416000000,250.0000000000,0,0,0,3,0
458,100,0,9,100,100,0,0,0,0,0,100,100,0.0235977901,29.8606756610,11.1111111111,15.8222483563,1.0000000000,0.8416000000,250.0000000000,0,0,0,3,0
459,100,0,9,100,100,0,0,0,0,0,100,100,0.0235977901,29.8370778708,11.1111111111,15.8222483563,1.0000000000,0.8416000000,250.0000000000,0,0,0,3,0
460,100,0,9,100,100,0,0,0,0,0,100,100,0.0235977901,29.8134800807,11.1111111111,15.8222483563,1.0000000000,0.8416000000,250.0000000000,0,0,0,3,0
461,100,0,2,100,100,0,0,1,102,394,100,100,0.0309439249,29.7825361558,50.0000000000,12.3716625100,1.0000000000,0.9656320000,217.8883881230,0,0,0,51,0
462,100,0,2,100,100,0,0,0,0,0,100,100,0.0200835654,29.7624525905,50.0000000000,12.3716625100,1.0000000000,0.8416000000,250.0000000000,0,0,0,51,0
463,100,0,2,100,100,0,0,0,0,0,100,100,0.0200835654,29.7423690251,50.0000000000,12.3716625100,1.0000000000,0.8416000000,250.0000000000,0,0,0,51,0
464,100,0,2,100,100,0,0,0,0,0,100,100,0.0200835654,29.7222854598,50.0000000000,12.3716625100,1.0000000000,0.8416000000,250.0000000000,0,0,0,51,0
465,100,0,2,100,100,0,0,0,0,0,100,100,0.0200835654,29.7022018944,50.0000000000,12.3716625100,1.0000000000,0.8416000000,250.0000000000,0,0,0,51,0
466,100,0,5,100,100,0,0,1,105,685,100,100,0.0394899245,29.6627119699,20.0000000000,15.4856056618,1.0000000000,0.9692800000,217.0683393859,0,0,0,11,0
467,100,0,5,100,100,0,0,0,0,0,100,100,0.0236084713,29.6391034986,20.0000000000,15.4856056618,1.0000000000,0.8416000000,250.0000000000,0,0,0,11,0
468,100,0,5,100,100,0,0,0,0,0,100,100,0.0236084713,29.6154950273,20.0000000000,15.4856056618,1.0000000000,0.8416000000,250.0000000000,0,0,0,11,0
469,100,0,5,100,100,0,0,0,0,0,100,100,0.0236084713,29.5918865561,20.0000000000,15.4856056618,1.0000000000,0.8416000000,250.0000000000,0,0,0,11,0
470,100,0,5,100,100,0,0,0,0,0,100,100,0.0236084713,29.5682780848,20.0000000000,15.4856056618,1.0000000000,0.8416000000,250.0000000000,0,0,0,11,0
471,100,0,5,100,100,0,0,1,105,685,100,100,0.0395047117,29.5287733731,20.0000000000,15.1489757551,1.0000000000,0.9692800000,217.0683393859,0,0,0,15,0
472,100,0,5,100,100,0,0,0,0,0,100,100,0.0235616511,29.5052117220,20.0000000000,15.1489757551,1.0000000000,0.8416000000,250.0000000000,0,0,0,15,0
473,100,0,5,100,100,0,0,0,0,0,100,100,0.0235616511,29.4816500710,20.0000000000,15.1489757551,1.0000000000,0.8416000000,250.0000000000,0,0,0,15,0
474,100,0,5,100,100,0,0,0,0,0,100,100,0.0235616511,29.4580884199,20.0000000000,15.1489757551,1.0000000000,0.8416000000,250.0000000000,0,0,0,15,0
475,100,0,5,100,100,0,0,0,0,0,100,100,0.0235616511,29.4345267689,20.0000000000,15.1489757551,1.0000000000,0.8416000000,250.0000000000,0,0,0,15,0
476,100,0,7,100,100,0,0,1,107,879,100,100,0.0431542056,29.3913725633,14.2857142857,15.4856059619,1.0000000000,0.9717120000,216.5250609234,0,0,0,9,0
477,100,0,7,100,100,0,0,0,0,0,100,100,0.0236909449,29.3676816184,14.2857142857,15.4856059619,1.0000000000,0.8416000000,250.0000000000,0,0,0,9,0
478,100,0,7,100,100,0,0,0,0,0,100,100,0.0236909449,29.3439906736,14.2857142857,15.4856059619,1.0000000000,0.8416000000,250.0000000000,0,0,0,9,0
479,100,0,7,100,100,0,0,0,0,0,100,100,0.0236909449,29.3202997287,14.2857142857,15.4856059619,1.0000000000,0.8416000000,250.0000000000,0,0,0,9,0
480,100,0,7,100,100,0,0,0,0,0,100,100,0.0236909449,29.2966087839,14.2857142857,15.4856059619,1.0000000000,0.8416000000,250.0000000000,0,0,0,9,0
481,100,0,6,100,100,0,0,1,106,782,100,100,0.0394743855,29.2571343983,16.6666666667,14.3073651207,1.0000000000,0.9704960000,216.7963597995,0,0,0,24,0
482,100,0,6,100,100,0,0,0,0,0,100,100,0.0217890464,29.2353453519,16.6666666667,14.3073651207,1.0000000000,0.8416000000,250.0000000000,0,0,0,24,0
483,100,0,6,100,100,0,0,0,0,0,100,100,0.0217890464,29.2135563055,16.6666666667,14.3073651207,1.0000000000,0.8416000000,250.0000000000,0,0,0,24,0
484,100,0,6,100,100,0,0,0,0,0,100,100,0.0217890464,29.1917672590,16.6666666667,14.3073651207,1.0000000000,0.8416000000,250.0000000000,0,0,0,24,0
485,100,0,6,100,100,0,0,0,0,0,100,100,0.0217890464,29.1699782126,16.6666666667,14.3073651207,1.0000000000,0.8416000000,250.0000000000,0,0,0,24,0
486,100,0,9,100,100,0,0,1,109,1073,100,100,0.0461347816,29.1238434310,11.1111111111,15.3172921324,1.0000000000,0.9741440000,215.9844951054,0,0,0,9,0
487,100,0,9,100,100,0,0,0,0,0,100,100,0.0231500909,29.1006933401,11.1111111111,15.3172921324,1.0000000000,0.8416000000,250.0000000000,0,0,0,9,0
488,100,0,9,100,100,0,0,0,0,0,100,100,0.0231500909,29.0775432492,11.1111111111,15.3172921324,1.0000000000,0.8416000000,250.0000000000,0,0,0,9,0
489,100,0,9,100,100,0,0,0,0,0,100,100,0.0231500909,29.0543931584,11.1111111111,15.3172921324,1.0000000000,0.8416000000,250.0000000000,0,0,0,9,0
490,100,0,9,100,100,0,0,0,0,0,100,100,0.0231500909,29.0312430675,11.1111111111,15.3172921324,1.0000000000,0.8416000000,250.0000000000,0,0,0,9,0
491,100,0,11,100,100,0,0,1,111,1267,100,100,0.0491969306,28.9820461369,9.0909090909,15.1489594842,1.0000000000,0.9765760000,215.4466216659,0,0,0,9,0
492,100,0,11,100,100,0,0,0,0,0,100,100,0.0226619788,28.9593841582,9.0909090909,15.1489594842,1.0000000000,0.8416000000,250.0000000000,0,0,0,9,0
493,100,0,11,100,100,0,0,0,0,0,100,100,0.0226619788,28.9367221794,9.0909090909,15.1489594842,1.0000000000,0.8416000000,250.0000000000,0,0,0,9,0
494,100,0,11,100,100,0,0,0,0,0,100,100,0.0226619788,28.9140602006,9.0909090909,15.1489594842,1.0000000000,0.8416000000,250.0000000000,0,0,0,9,0
495,100,0,11,100,100,0,0,0,0,0,100,100,0.0226619788,28.8913982218,9.0909090909,15.1489594842,1.0000000000,0.8416000000,250.0000000000,0,0,0,9,0
496,100,0,12,100,100,0,0,1,110,1364,100,100,0.0511168770,28.8402813447,8.3333333333,15.2331200464,1.0000000000,0.9753600000,215.7152230971,0,0,0,7,0
497,100,0,12,100,100,0,0,0,0,0,100,100,0.0228245423,28.8174568025,8.3333333333,15.2331200464,1.0000000000,0.8416000000,250.0000000000,0,0,0,7,0
498,100,0,12,100,100,0,0,0,0,0,100,100,0.0228245423,28.7946322602,8.3333333333,15.2331200464,1.0000000000,0.8416000000,250.0000000000,0,0,0,7,0
499,100,0,12,100,100,0,0,0,0,0,100,100,0.0228245423,28.7718077180,8.3333333333,15.2331200464,1.0000000000,0.8416000000,250.0000000000,0,0,0,7,0
500,100,0,12,100,100,0,0,0,0,0,100,100,0.0228245423,28.7489831757,8.3333333333,15.2331200464,1.0000000000,0.8416000000,250.0000000000,0,0,0,7,0
501,100,0,1,100,100,0,0,1,101,297,100,100,0.0275269964,28.7214561793,100.0000000000,10.0993548356,1.0000000000,0.9644160000,218.1631163315,0,0,0,79,0
502,100,0,1,100,100,0,0,0,0,0,100,100,0.0172071081,28.7042490712,100.0000000000,10.0993548356,1.0000000000,0.8416000000,250.0000000000,0,0,0,79,0
503,100,0,1,100,100,0,0,0,0,0,100,100,0.0172071081,28.6870419631,100.0000000000,10.0993548356,1.0000000000,0.8416000000,250.0000000000,0,0,0,79,0
504,100,0,1,100,100,0,0,0,0,0,100,100,0.0172071081,28.6698348551,100.0000000000,10.0993548356,1.0000000000,0.8416000000,250.0000000000,0,0,0,79,0
505,100,0,1,100,100,0,0,0,0,0,100,100,0.0172071081,28.6526277470,100.0000000000,10.0993548356,1.0000000000,0.8416000000,250.0000000000,0,0,0,79,0
506,100,0,2,100,100,0,0,1,102,394,100,100,0.0313977231,28.6212300239,50.0000000000,12.7083127742,1.0000000000,0.9656320000,217.8883881230,0,0,0,47,0
507,100,0,2,100,100,0,0,0,0,0,100,100,0.0205330265,28.6006969974,50.0000000000,12.7083127742,1.0000000000,0.8416000000,250.0000000000,0,0,0,47,0
508,100,0,2,100,100,0,0,0,0,0,100,100,0.0205330265,28.5801639710,50.0000000000,12.7083127742,1.0000000000,0.8416000000,250.0000000000,0,0,0,47,0
509,100,0,2,100,100,0,0,0,0,0,100,100,0.0205330265,28.5596309445,50.0000000000,12.7083127742,1.0000000000,0.8416000000,250.0000000000,0,0,0,47,0
510,100,0,2,100,100,0,0,0,0,0,100,100,0.0205330265,28.5390979181,50.0000000000,12.7083127742,1.0000000000,0.8416000000,250.0000000000,0,0,0,47,0
511,100,0,1,100,100,0,0,1,101,297,100,100,0.0278227401,28.5112751780,100.0000000000,10.4359994442,1.0000000000,0.9644160000,218.1631163315,0,0,0,75,0
512,100,0,1,100,100,0,0,0,0,0,100,100,0.0175368238,28.4937383543,100.0000000000,10.4359994442,1.0000000000,0.8416000000,250.0000000000,0,0,0,75,0
513,100,0,1,100,100,0,0,0,0,0,100,100,0.0175368238,28.4762015305,100.0000000000,10.4359994442,1.0000000000,0.8416000000,250.0000000000,0,0,0,75,0
514,100,0,1,100,100,0,0,0,0,0,100,100,0.0175368238,28.4586647067,100.0000000000,10.4359994442,1.0000000000,0.8416000000,250.0000000000,0,0,0,75,0
515,100,0,1,100,100,0,0,0,0,0,100,100,0.0175368238,28.4411278830,100.0000000000,10.4359994442,1.0000000000,0.8416000000,250.0000000000,0,0,0,75,0
516,100,0,3,100,100,0,0,1,103,491,100,100,0.0331486760,28.4079792070,33.3333333333,13.1291377172,1.0000000000,0.9668480000,217.6143509631,0,0,0,41,0
517,100,0,3,100,100,0,0,0,0,0,100,100,0.0206526950,28.3873265120,33.3333333333,13.1291377172,1.0000000000,0.8416000000,250.0000000000,0,0,0,41,0
518,100,0,3,100,100,0,0,0,0,0,100,100,0.0206526950,28.3666738170,33.3333333333,13.1291377172,1.0000000000,0.8416000000,250.0000000000,0,0,0,41,0
519,100,0,3,100,100,0,0,0,0,0,100,100,0.0206526950,28.3460211220,33.3333333333,13.1291377172,1.0000000000,0.8416000000,250.0000000000,0,0,0,41,0
520,100,0,3,100,100,0,0,0,0,0,100,100,0.0206526950,28.3253684271,33.3333333333,13.1291377172,1.0000000000,0.8416000000,250.0000000000,0,0,0,41,0
521,100,0,2,100,100,0,0,1,102,394,100,100,0.0301709789,28.2951974481,50.0000000000,11.7825684265,1.0000000000,0.9656320000,217.8883881230,0,0,0,58,0
522,100,0,2,100,100,0,0,0,0,0,100,100,0.0189876539,28.2762097942,50.0000000000,11.7825684265,1.0000000000,0.8416000000,250.0000000000,0,0,0,58,0
523,100,0,2,100,100,0,0,0,0,0,100,100,0.0189876539,28.2572221403,50.0000000000,11.7825684265,1.0000000000,0.8416000000,250.0000000000,0,0,0,58,0
524,100,0,2,100,100,0,0,0,0,0,100,100,0.0189876539,28.2382344863,50.0000000000,11.7825684265,1.0000000000,0.8416000000,250.0000000000,0,0,0,58,0
525,100,0,2,100,100,0,0,0,0,0,100,100,0.0189876539,28.2192468324,50.0000000000,11.7825684265,1.0000000000,0.8416000000,250.0000000000,0,0,0,58,0
526,100,0,1,100,100,0,0,1,101,297,100,100,0.0278694386,28.1913773938,100.0000000000,11.0251097610,1.0000000000,0.9644160000,218.1631163315,0,0,0,68,0
527,100,0,1,100,100,0,0,0,0,0,100,100,0.0184501488,28.1729272450,100.0000000000,11.0251097610,1.0000000000,0.8416000000,250.0000000000,0,0,0,68,0
528,100,0,1,100,100,0,0,0,0,0,100,100,0.0184501488,28.1544770961,100.0000000000,11.0251097610,1.0000000000,0.8416000000,250.0000000000,0,0,0,68,0
529,100,0,1,100,100,0,0,0,0,0,100,100,0.0184501488,28.1360269473,100.0000000000,11.0251097610,1.0000000000,0.8416000000,250.0000000000,0,0,0,68,0
530,100,0,1,100,100,0,0,0,0,0,100,100,0.0184501488,28.1175767984,100.0000000000,11.0251097610,1.0000000000,0.8416000000,250.0000000000,0,0,0,68,0
531,100,0,2,100,100,0,0,1,102,394,100,100,0.0314616090,28.0861151894,50.0000000000,13.1291312485,1.0000000000,0.9656320000,217.8883881230,0,0,0,42,0
532,100,0,2,100,100,0,0,0,0,0,100,100,0.0207508073,28.0653643821,50.0000000000,13.1291312485,1.0000000000,0.8416000000,250.0000000000,0,0,0,42,0
533,100,0,2,100,100,0,0,0,0,0,100,100,0.0207508073,28.0446135749,50.0000000000,13.1291312485,1.0000000000,0.8416000000,250.0000000000,0,0,0,42,0
534,100,0,2,100,100,0,0,0,0,0,100,100,0.0207508073,28.0238627676,50.0000000000,13.1291312485,1.0000000000,0.8416000000,250.0000000000,0,0,0,42,0
535,100,0,2,100,100,0,0,0,0,0,100,100,0.0207508073,28.0031119604,50.0000000000,13.1291312485,1.0000000000,0.8416000000,250.0000000000,0,0,0,42,0
536,100,0,6,100,100,0,0,1,106,782,100,100,0.0406246112,27.9624873492,16.6666666667,15.2331312187,1.0000000000,0.9704960000,216.7963597995,0,0,0,13,0
537,100,0,6,100,100,0,0,0,0,0,100,100,0.0229785273,27.9395088219,16.6666666667,15.2331312187,1.0000000000,0.8416000000,250.0000000000,0,0,0,13,0
538,100,0,6,100,100,0,0,0,0,0,100,100,0.0229785273,27.9165302946,16.6666666667,15.2331312187,1.0000000000,0.8416000000,250.0000000000,0,0,0,13,0
539,100,0,6,100,100,0,0,0,0,0,100,100,0.0229785273,27.8935517674,16.6666666667,15.2331312187,1.0000000000,0.8416000000,250.0000000000,0,0,0,13,0
540,100,0,6,100,100,0,0,0,0,0,100,100,0.0229785273,27.8705732401,16.6666666667,15.2331312187,1.0000000000,0.8416000000,250.0000000000,0,0,0,13,0
541,100,0,3,100,100,0,0,1,103,491,100,100,0.0335066059,27.8370666342,33.3333333333,13.5499318238,1.0000000000,0.9668480000,217.6143509631,0,0,0,36,0
542,100,0,3,100,100,0,0,0,0,0,100,100,0.0210668775,27.8159997567,33.3333333333,13.5499318238,1.0000000000,0.8416000000,250.0000000000,0,0,0,36,0
543,100,0,3,100,100,0,0,0,0,0,100,100,0.0210668775,27.7949328792,33.3333333333,13.5499318238,1.0000000000,0.8416000000,250.0000000000,0,0,0,36,0
544,100,0,3,100,100,0,0,0,0,0,100,100,0.0210668775,27.7738660018,33.3333333333,13.5499318238,1.0000000000,0.8416000000,250.0000000000,0,0,0,36,0
545,100,0,3,100,100,0,0,0,0,0,100,100,0.0210668775,27.7527991243,33.3333333333,13.5499318238,1.0000000000,0.8416000000,250.0000000000,0,0,0,36,0
546,100,0,3,100,100,0,0,1,103,491,100,100,0.0325995035,27.7201996208,33.3333333333,12.2033582820,1.0000000000,0.9668480000,217.6143509631,0,0,0,52,0
547,100,0,3,100,100,0,0,0,0,0,100,100,0.0199795832,27.7002200376,33.3333333333,12.2033582820,1.0000000000,0.8416000000,250.0000000000,0,0,0,52,0
548,100,0,3,100,100,0,0,0,0,0,100,100,0.0199795832,27.6802404544,33.3333333333,12.2033582820,1.0000000000,0.8416000000,250.0000000000,0,0,0,52,0
549,100,0,3,100,100,0,0,0,0,0,100,100,0.0199795832,27.6602608712,33.3333333333,12.2033582820,1.0000000000,0.8416000000,250.0000000000,0,0,0,52,0
550,100,0,3,100,100,0,0,0,0,0,100,100,0.0199795832,27.6402812881,33.3333333333,12.2033582820,1.0000000000,0.8416000000,250.0000000000,0,0,0,52,0
551,100,0,6,100,100,0,0,1,106,782,100,100,0.0402119548,27.6000693333,16.6666666667,14.8123308846,1.0000000000,0.9704960000,216.7963597995,0,0,0,18,0
552,100,0,6,100,100,0,0,0,0,0,100,100,0.0225419836,27.5775273498,16.6666666667,14.8123308846,1.0000000000,0.8416000000,250.0000000000,0,0,0,18,0
553,100,0,6,100,100,0,0,0,0,0,100,100,0.0225419836,27.5549853662,16.6666666667,14.8123308846,1.0000000000,0.8416000000,250.0000000000,0,0,0,18,0
554,100,0,6,100,100,0,0,0,0,0,100,100,0.0225419836,27.5324433826,16.6666666667,14.8123308846,1.0000000000,0.8416000000,250.0000000000,0,0,0,18,0
555,100,0,6,100,100,0,0,0,0,0,100,100,0.0225419836,27.5099013991,16.6666666667,14.8123308846,1.0000000000,0.8416000000,250.0000000000,0,0,0,18,0
556,100,0,3,100,100,0,0,1,103,491,100,100,0.0353141431,27.4745872560,33.3333333333,14.1390281504,1.0000000000,0.9668480000,217.6143509631,0,0,0,29,0
557,100,0,3,100,100,0,0,0,0,0,100,100,0.0227793181,27.4518079379,33.3333333333,14.1390281504,1.0000000000,0.8416000000,250.0000000000,0,0,0,29,0
558,100,0,3,100,100,0,0,0,0,0,100,100,0.0227793181,27.4290286198,33.3333333333,14.1390281504,1.0000000000,0.8416000000,250.0000000000,0,0,0,29,0
559,100,0,3,100,100,0,0,0,0,0,100,100,0.0227793181,27.4062493018,33.3333333333,14.1390281504,1.0000000000,0.8416000000,250.0000000000,0,0,0,29,0
560,100,0,3,100,100,0,0,0,0,0,100,100,0.0227793181,27.3834699837,33.3333333333,14.1390281504,1.0000000000,0.8416000000,250.0000000000,0,0,0,29,0
561,100,0,2,100,100,0,0,1,102,394,100,100,0.0344123741,27.3490576095,50.0000000000,14.8123081656,1.0000000000,0.9656320000,217.8883881230,0,0,0,22,0
562,100,0,2,100,100,0,0,0,0,0,100,100,0.0237227932,27.3253348164,50.0000000000,14.8123081656,1.0000000000,0.8416000000,250.0000000000,0,0,0,22,0
563,100,0,2,100,100,0,0,0,0,0,100,100,0.0237227932,27.3016120232,50.0000000000,14.8123081656,1.0000000000,0.8416000000,250.0000000000,0,0,0,22,0
564,100,0,2,100,100,0,0,0,0,0,100,100,0.0237227932,27.2778892301,50.0000000000,14.8123081656,1.0000000000,0.8416000000,250.0000000000,0,0,0,22,0
565,100,0,2,100,100,0,0,0,0,0,100,100,0.0237227932,27.2541664369,50.0000000000,14.8123081656,1.0000000000,0.8416000000,250.0000000000,0,0,0,22,0
566,100,0,6,100,100,0,0,1,106,782,100,100,0.0404259765,27.2137404604,16.6666666667,15.1489739334,1.0000000000,0.9704960000,216.7963597995,0,0,0,14,0
567,100,0,6,100,100,0,0,0,0,0,100,100,0.0227904587,27.1909500017,16.6666666667,15.1489739334,1.0000000000,0.8416000000,250.0000000000,0,0,0,14,0
568,100,0,6,100,100,0,0,0,0,0,100,100,0.0227904587,27.1681595431,16.6666666667,15.1489739334,1.0000000000,0.8416000000,250.0000000000,0,0,0,14,0
569,100,0,6,100,100,0,0,0,0,0,100,100,0.0227904587,27.1453690844,16.6666666667,15.1489739334,1.0000000000,0.8416000000,250.0000000000,0,0,0,14,0
570,100,0,6,100,100,0,0,0,0,0,100,100,0.0227904587,27.1225786257,16.6666666667,15.1489739334,1.0000000000,0.8416000000,250.0000000000,0,0,0,14,0
571,100,0,5,100,100,0,0,1,105,685,100,100,0.0377316226,27.0848470031,20.0000000000,14.0548987833,1.0000000000,0.9692800000,217.0683393859,0,0,0,28,0
572,100,0,5,100,100,0,0,0,0,0,100,100,0.0217799204,27.0630670827,20.0000000000,14.0548987833,1.0000000000,0.8416000000,250.0000000000,0,0,0,28,0
573,100,0,5,100,100,0,0,0,0,0,100,100,0.0217799204,27.0412871622,20.0000000000,14.0548987833,1.0000000000,0.8416000000,250.0000000000,0,0,0,28,0
574,100,0,5,100,100,0,0,0,0,0,100,100,0.0217799204,27.0195072418,20.0000000000,14.0548987833,1.0000000000,0.8416000000,250.0000000000,0,0,0,28,0
575,100,0,5,100,100,0,0,0,0,0,100,100,0.0217799204,26.9977273213,20.0000000000,14.0548987833,1.0000000000,0.8416000000,250.0000000000,0,0,0,28,0
576,100,0,11,100,100,0,0,1,111,1267,100,100,0.0497569469,26.9479703745,9.0909090909,15.2331230191,1.0000000000,0.9765760000,215.4466216659,0,0,0,8,0
577,100,0,11,100,100,0,0,0,0,0,100,100,0.0231441736,26.9248262009,9.0909090909,15.2331230191,1.0000000000,0.8416000000,250.0000000000,0,0,0,8,0
578,100,0,11,100,100,0,0,0,0,0,100,100,0.0231441736,26.9016820273,9.0909090909,15.2331230191,1.0000000000,0.8416000000,250.0000000000,0,0,0,8,0
579,100,0,11,100,100,0,0,0,0,0,100,100,0.0231441736,26.8785378537,9.0909090909,15.2331230191,1.0000000000,0.8416000000,250.0000000000,0,0,0,8,0
580,100,0,11,100,100,0,0,0,0,0,100,100,0.0231441736,26.8553936801,9.0909090909,15.2331230191,1.0000000000,0.8416000000,250.0000000000,0,0,0,8,0
581,100,0,4,100,100,0,0,1,104,588,100,100,0.0354772824,26.8199163976,25.0000000000,13.5499231037,1.0000000000,0.9680640000,217.3410022478,0,0,0,35,0
582,100,0,4,100,100,0,0,0,0,0,100,100,0.0212002671,26.7987161305,25.0000000000,13.5499231037,1.0000000000,0.8416000000,250.0000000000,0,0,0,35,0
583,100,0,4,100,100,0,0,0,0,0,100,100,0.0212002671,26.7775158633,25.0000000000,13.5499231037,1.0000000000,0.8416000000,250.0000000000,0,0,0,35,0
584,100,0,4,100,100,0,0,0,0,0,100,100,0.0212002671,26.7563155962,25.0000000000,13.5499231037,1.0000000000,0.8416000000,250.0000000000,0,0,0,35,0
585,100,0,4,100,100,0,0,0,0,0,100,100,0.0212002671,26.7351153290,25.0000000000,13.5499231037,1.0000000000,0.8416000000,250.0000000000,0,0,0,35,0
586,100,0,12,100,100,0,0,1,111,1364,100,100,0.0505366368,26.6845786922,8.3333333333,14.6440090951,1.0000000000,0.9765760000,215.4466216659,0,0,0,14,0
587,100,0,12,100,100,0,0,0,0,0,100,100,0.0221793299,26.6623993623,8.3333333333,14.6440090951,1.0000000000,0.8416000000,250.0000000000,0,0,0,14,0
588,100,0,12,100,100,0,0,0,0,0,100,100,0.0221793299,26.6402200324,8.3333333333,14.6440090951,1.0000000000,0.8416000000,250.0000000000,0,0,0,14,0
589,100,0,12,100,100,0,0,0,0,0,100,100,0.0221793299,26.6180407025,8.3333333333,14.6440090951,1.0000000000,0.8416000000,250.0000000000,0,0,0,14,0
590,100,0,12,100,100,0,0,0,0,0,100,100,0.0221793299,26.5958613726,8.3333333333,14.6440090951,1.0000000000,0.8416000000,250.0000000000,0,0,0,14,0
591,100,0,3,100,100,0,0,1,103,491,100,100,0.0336812093,26.5621801634,33.3333333333,13.2974314224,1.0000000000,0.9668480000,217.6143509631,0,0,0,39,0
592,100,0,3,100,100,0,0,0,0,0,100,100,0.0211447985,26.5410353649,33.3333333333,13.2974314224,1.0000000000,0.8416000000,250.0000000000,0,0,0,39,0
593,100,0,3,100,100,0,0,0,0,0,100,100,0.0211447985,26.5198905664,33.3333333333,13.2974314224,1.0000000000,0.8416000000,250.0000000000,0,0,0,39,0
594,100,0,3,100,100,0,0,0,0,0,100,100,0.0211447985,26.4987457679,33.3333333333,13.2974314224,1.0000000000,0.8416000000,250.0000000000,0,0,0,39,0
595,100,0,3,100,100,0,0,0,0,0,100,100,0.0211447985,26.4776009695,33.3333333333,13.2974314224,1.0000000000,0.8416000000,250.0000000000,0,0,0,39,0
596,100,0,10,100,100,0,0,1,110,1170,100,100,0.0478513337,26.4297496358,10.0000000000,14.6440058939,1.0000000000,0.9753600000,215.7152230971,0,0,0,16,0
597,100,0,10,100,100,0,0,0,0,0,100,100,0.0229477290,26.4068019068,10.0000000000,14.6440058939,1.0000000000,0.8416000000,250.0000000000,0,0,0,16,0
598,100,0,10,100,100,0,0,0,0,0,100,100,0.0229477290,26.3838541778,10.0000000000,14.6440058939,1.0000000000,0.8416000000,250.0000000000,0,0,0,16,0
599,100,0,10,100,100,0,0,0,0,0,100,100,0.0229477290,26.3609064488,10.0000000000,14.6440058939,1.0000000000,0.8416000000,250.0000000000,0,0,0,16,0
600,100,0,10,100,100,0,0,0,0,0,100,100,0.0229477290,26.3379587198,10.0000000000,14.6440058939,1.0000000000,0.8416000000,250.0000000000,0,0,0,16,0
601,100,0,4,100,100,0,0,1,104,588,100,100,0.0360413311,26.3019173887,25.0000000000,14.3073773630,1.0000000000,0.9680640000,217.3410022478,0,0,0,26,0
602,100,0,4,100,100,0,0,0,0,0,100,100,0.0219118706,26.2800055181,25.0000000000,14.3073773630,1.0000000000,0.8416000000,250.0000000000,0,0,0,26,0
603,100,0,4,100,100,0,0,0,0,0,100,100,0.0219118706,26.2580936475,25.0000000000,14.3073773630,1.0000000000,0.8416000000,250.0000000000,0,0,0,26,0
604,100,0,4,100,100,0,0,0,0,0,100,100,0.0219118706,26.2361817769,25.0000000000,14.3073773630,1.0000000000,0.8416000000,250.0000000000,0,0,0,26,0
605,100,0,4,100,100,0,0,0,0,0,100,100,0.0219118706,26.2142699063,25.0000000000,14.3073773630,1.0000000000,0.8416000000,250.0000000000,0,0,0,26,0
606,100,0,4,100,100,0,0,1,104,588,100,100,0.0349337789,26.1793361275,25.0000000000,12.9607937635,1.0000000000,0.9680640000,217.3410022478,0,0,0,42,0
607,100,0,4,100,100,0,0,0,0,0,100,100,0.0205852879,26.1587508395,25.0000000000,12.9607937635,1.0000000000,0.8416000000,250.0000000000,0,0,0,42,0
608,100,0,4,100,100,0,0,0,0,0,100,100,0.0205852879,26.1381655516,25.0000000000,12.9607937635,1.0000000000,0.8416000000,250.0000000000,0,0,0,42,0
609,100,0,4,100,100,0,0,0,0,0,100,100,0.0205852879,26.1175802636,25.0000000000,12.9607937635,1.0000000000,0.8416000000,250.0000000000,0,0,0,42,0
610,100,0,4,100,100,0,0,0,0,0,100,100,0.0205852879,26.0969949757,25.0000000000,12.9607937635,1.0000000000,0.8416000000,250.0000000000,0,0,0,42,0
611,100,0,1,100,100,0,0,1,101,297,100,100,0.0274080707,26.0695869050,100.0000000000,10.0151923661,1.0000000000,0.9644160000,218.1631163315,0,0,0,80,0
612,100,0,1,100,100,0,0,0,0,0,100,100,0.0172253775,26.0523615275,100.0000000000,10.0151923661,1.0000000000,0.8416000000,250.0000000000,0,0,0,80,0
613,100,0,1,100,100,0,0,0,0,0,100,100,0.0172253775,26.0351361500,100.0000000000,10.0151923661,1.0000000000,0.8416000000,250.0000000000,0,0,0,80,0
614,100,0,1,100,100,0,0,0,0,0,100,100,0.0172253775,26.0179107726,100.0000000000,10.0151923661,1.0000000000,0.8416000000,250.0000000000,0,0,0,80,0
615,100,0,1,100,100,0,0,0,0,0,100,100,0.0172253775,26.0006853951,100.0000000000,10.0151923661,1.0000000000,0.8416000000,250.0000000000,0,0,0,80,0
616,100,0,4,100,100,0,0,1,104,588,100,100,0.0351889282,25.9654964669,25.0000000000,13.2974636873,1.0000000000,0.9680640000,217.3410022478,0,0,0,38,0
617,100,0,4,100,100,0,0,0,0,0,100,100,0.0209129285,25.9445835384,25.0000000000,13.2974636873,1.0000000000,0.8416000000,250.0000000000,0,0,0,38,0
618,100,0,4,100,100,0,0,0,0,0,100,100,0.0209129285,25.9236706099,25.0000000000,13.2974636873,1.0000000000,0.8416000000,250.0000000000,0,0,0,38,0
619,100,0,4,100,100,0,0,0,0,0,100,100,0.0209129285,25.9027576814,25.0000000000,13.2974636873,1.0000000000,0.8416000000,250.0000000000,0,0,0,38,0
620,100,0,4,100,100,0,0,0,0,0,100,100,0.0209129285,25.8818447529,25.0000000000,13.2974636873,1.0000000000,0.8416000000,250.0000000000,0,0,0,38,0
621,100,0,1,100,100,0,0,1,101,297,100,100,0.0275203193,25.8543244336,100.0000000000,10.6043125686,1.0000000000,0.9644160000,218.1631163315,0,0,0,73,0
622,100,0,1,100,100,0,0,0,0,0,100,100,0.0176732385,25.8366511952,100.0000000000,10.6043125686,1.0000000000,0.8416000000,250.0000000000,0,0,0,73,0
623,100,0,1,100,100,0,0,0,0,0,100,100,0.0176732385,25.8189779567,100.0000000000,10.6043125686,1.0000000000,0.8416000000,250.0000000000,0,0,0,73,0
624,100,0,1,100,100,0,0,0,0,0,100,100,0.0176732385,25.8013047182,100.0000000000,10.6043125686,1.0000000000,0.8416000000,250.0000000000,0,0,0,73,0
625,100,0,1,100,100,0,0,0,0,0,100,100,0.0176732385,25.7836314797,100.0000000000,10.6043125686,1.0000000000,0.8416000000,250.0000000000,0,0,0,73,0
626,100,0,4,100,100,0,0,1,104,588,100,100,0.0357077836,25.7479236962,25.0000000000,13.2974317525,1.0000000000,0.9680640000,217.3410022478,0,0,0,38,0
627,100,0,4,100,100,0,0,0,0,0,100,100,0.0214040262,25.7265196700,25.0000000000,13.2974317525,1.0000000000,0.8416000000,250.0000000000,0,0,0,38,0
628,100,0,4,100,100,0,0,0,0,0,100,100,0.0214040262,25.7051156438,25.0000000000,13.2974317525,1.0000000000,0.8416000000,250.0000000000,0,0,0,38,0
629,100,0,4,100,100,0,0,0,0,0,100,100,0.0214040262,25.6837116176,25.0000000000,13.2974317525,1.0000000000,0.8416000000,250.0000000000,0,0,0,38,0
630,100,0,4,100,100,0,0,0,0,0,100,100,0.0214040262,25.6623075914,25.0000000000,13.2974317525,1.0000000000,0.8416000000,250.0000000000,0,0,0,38,0
631,100,0,1,100,100,0,0,1,101,297,100,100,0.0274921539,25.6348154375,100.0000000000,10.7726289262,1.0000000000,0.9644160000,218.1631163315,0,0,0,71,0
632,100,0,1,100,100,0,0,0,0,0,100,100,0.0179098738,25.6169055636,100.0000000000,10.7726289262,1.0000000000,0.8416000000,250.0000000000,0,0,0,71,0
633,100,0,1,100,100,0,0,0,0,0,100,100,0.0179098738,25.5989956898,100.0000000000,10.7726289262,1.0000000000,0.8416000000,250.0000000000,0,0,0,71,0
634,100,0,1,100,100,0,0,0,0,0,100,100,0.0179098738,25.5810858160,100.0000000000,10.7726289262,1.0000000000,0.8416000000,250.0000000000,0,0,0,71,0
635,100,0,1,100,100,0,0,0,0,0,100,100,0.0179098738,25.5631759421,100.0000000000,10.7726289262,1.0000000000,0.8416000000,250.0000000000,0,0,0,71,0
636,100,0,4,100,100,0,0,1,104,588,100,100,0.0380425036,25.5251334385,25.0000000000,15.4014453587,1.0000000000,0.9680640000,217.3410022478,0,0,0,13,0
637,100,0,4,100,100,0,0,0,0,0,100,100,0.0238961858,25.5012372527,25.0000000000,15.4014453587,1.0000000000,0.8416000000,250.0000000000,0,0,0,13,0
638,100,0,4,100,100,0,0,0,0,0,100,100,0.0238961858,25.4773410669,25.0000000000,15.4014453587,1.0000000000,0.8416000000,250.0000000000,0,0,0,13,0
639,100,0,4,100,100,0,0,0,0,0,100,100,0.0238961858,25.4534448811,25.0000000000,15.4014453587,1.0000000000,0.8416000000,250.0000000000,0,0,0,13,0
640,100,0,4,100,100,0,0,0,0,0,100,100,0.0238961858,25.4295486953,25.0000000000,15.4014453587,1.0000000000,0.8416000000,250.0000000000,0,0,0,13,0
641,100,0,2,100,100,0,0,1,102,394,100,100,0.0310221177,25.3985265776,50.0000000000,12.3716916846,1.0000000000,0.9656320000,217.8883881230,0,0,0,51,0
642,100,0,2,100,100,0,0,0,0,0,100,100,0.0200413257,25.3784852518,50.0000000000,12.3716916846,1.0000000000,0.8416000000,250.0000000000,0,0,0,51,0
643,100,0,2,100,100,0,0,0,0,0,100,100,0.0200413257,25.3584439261,50.0000000000,12.3716916846,1.0000000000,0.8416000000,250.0000000000,0,0,0,51,0
644,100,0,2,100,100,0,0,0,0,0,100,100,0.0200413257,25.3384026003,50.0000000000,12.3716916846,1.0000000000,0.8416000000,250.0000000000,0,0,0,51,0
645,100,0,2,100,100,0,0,0,0,0,100,100,0.0200413257,25.3183612746,50.0000000000,12.3716916846,1.0000000000,0.8416000000,250.0000000000,0,0,0,51,0
646,100,0,3,100,100,0,0,1,103,491,100,100,0.0323238263,25.2860374483,33.3333333333,12.3716890616,1.0000000000,0.9668480000,217.6143509631,0,0,0,50,0
647,100,0,3,100,100,0,0,0,0,0,100,100,0.0197911736,25.2662462747,33.3333333333,12.3716890616,1.0000000000,0.8416000000,250.0000000000,0,0,0,50,0
648,100,0,3,100,100,0,0,0,0,0,100,100,0.0197911736,25.2464551011,33.3333333333,12.3716890616,1.0000000000,0.8416000000,250.0000000000,0,0,0,50,0
649,100,0,3,100,100,0,0,0,0,0,100,100,0.0197911736,25.2266639276,33.3333333333,12.3716890616,1.0000000000,0.8416000000,250.0000000000,0,0,0,50,0
650,100,0,3,100,100,0,0,0,0,0,100,100,0.0197911736,25.2068727540,33.3333333333,12.3716890616,1.0000000000,0.8416000000,250.0000000000,0,0,0,50,0
651,100,0,4,100,100,0,0,1,104,588,100,100,0.0359984157,25.1708743383,25.0000000000,13.8865608503,1.0000000000,0.9680640000,217.3410022478,0,0,0,31,0
652,100,0,4,100,100,0,0,0,0,0,100,100,0.0217596570,25.1491146813,25.0000000000,13.8865608503,1.0000000000,0.8416000000,250.0000000000,0,0,0,31,0
653,100,0,4,100,100,0,0,0,0,0,100,100,0.0217596570,25.1273550243,25.0000000000,13.8865608503,1.0000000000,0.8416000000,250.0000000000,0,0,0,31,0
654,100,0,4,100,100,0,0,0,0,0,100,100,0.0217596570,25.1055953672,25.0000000000,13.8865608503,1.0000000000,0.8416000000,250.0000000000,0,0,0,31,0
655,100,0,4,100,100,0,0,0,0,0,100,100,0.0217596570,25.0838357102,25.0000000000,13.8865608503,1.0000000000,0.8416000000,250.0000000000,0,0,0,31,0
656,100,0,4,100,100,0,0,1,104,588,100,100,0.0360069928,25.0478287174,25.0000000000,13.5499257463,1.0000000000,0.9680640000,217.3410022478,0,0,0,35,0
657,100,0,4,100,100,0,0,0,0,0,100,100,0.0217026651,25.0261260523,25.0000000000,13.5499257463,1.0000000000,0.8416000000,250.0000000000,0,0,0,35,0
658,100,0,4,100,100,0,0,0,0,0,100,100,0.0217026651,25.0044233872,25.0000000000,13.5499257463,1.0000000000,0.8416000000,250.0000000000,0,0,0,35,0
659,100,0,4,100,100,0,0,0,0,0,100,100,0.0217026651,24.9827207221,25.0000000000,13.5499257463,1.0000000000,0.8416000000,250.0000000000,0,0,0,35,0
660,100,0,4,100,100,0,0,0,0,0,100,100,0.0217026651,24.9610180570,25.0000000000,13.5499257463,1.0000000000,0.8416000000,250.0000000000,0,0,0,35,0
661,100,0,4,100,100,0,0,1,104,588,100,100,0.0373863096,24.9236317474,25.0000000000,15.1489704951,1.0000000000,0.9680640000,217.3410022478,0,0,0,16,0
662,100,0,4,100,100,0,0,0,0,0,100,100,0.0232640692,24.9003676782,25.0000000000,15.1489704951,1.0000000000,0.8416000000,250.0000000000,0,0,0,16,0
663,100,0,4,100,100,0,0,0,0,0,100,100,0.0232640692,24.8771036089,25.0000000000,15.1489704951,1.0000000000,0.8416000000,250.0000000000,0,0,0,16,0
664,100,0,4,100,100,0,0,0,0,0,100,100,0.0232640692,24.8538395397,25.0000000000,15.1489704951,1.0000000000,0.8416000000,250.0000000000,0,0,0,16,0
665,100,0,4,100,100,0,0,0,0,0,100,100,0.0232640692,24.8305754705,25.0000000000,15.1489704951,1.0000000000,0.8416000000,250.0000000000,0,0,0,16,0
666,100,0,4,100,100,0,0,1,104,588,100,100,0.0393088167,24.7912666538,25.0000000000,16.2430369677,1.0000000000,0.9680640000,217.3410022478,0,0,0,3,0
667,100,0,4,100,100,0,0,0,0,0,100,100,0.0251600666,24.7661065872,25.0000000000,16.2430369677,1.0000000000,0.8416000000,250.0000000000,0,0,0,3,0
668,100,0,4,100,100,0,0,0,0,0,100,100,0.0251600666,24.7409465206,25.0000000000,16.2430369677,1.0000000000,0.8416000000,250.0000000000,0,0,0,3,0
669,100,0,4,100,100,0,0,0,0,0,100,100,0.0251600666,24.7157864540,25.0000000000,16.2430369677,1.0000000000,0.8416000000,250.0000000000,0,0,0,3,0
670,100,0,4,100,100,0,0,0,0,0,100,100,0.0251600666,24.6906263874,25.0000000000,16.2430369677,1.0000000000,0.8416000000,250.0000000000,0,0,0,3,0
671,100,0,5,100,100,0,0,1,105,685,100,100,0.0373947692,24.6532316182,20.0000000000,14.0548987523,1.0000000000,0.9692800000,217.0683393859,0,0,0,28,0
672,100,0,5,100,100,0,0,0,0,0,100,100,0.0214700636,24.6317615546,20.0000000000,14.0548987523,1.0000000000,0.8416000000,250.0000000000,0,0,0,28,0
673,100,0,5,100,100,0,0,0,0,0,100,100,0.0214700636,24.6102914909,20.0000000000,14.0548987523,1.0000000000,0.8416000000,250.0000000000,0,0,0,28,0
674,100,0,5,100,100,0,0,0,0,0,100,100,0.0214700636,24.5888214273,20.0000000000,14.0548987523,1.0000000000,0.8416000000,250.0000000000,0,0,0,28,0
675,100,0,5,100,100,0,0,0,0,0,100,100,0.0214700636,24.5673513637,20.0000000000,14.0548987523,1.0000000000,0.8416000000,250.0000000000,0,0,0,28,0
676,100,0,4,100,100,0,0,1,104,588,100,100,0.0381465368,24.5292048269,25.0000000000,15.7380837563,1.0000000000,0.9680640000,217.3410022478,0,0,0,9,0
677,100,0,4,100,100,0,0,0,0,0,100,100,0.0240469459,24.5051578811,25.0000000000,15.7380837563,1.0000000000,0.8416000000,250.0000000000,0,0,0,9,0
678,100,0,4,100,100,0,0,0,0,0,100,100,0.0240469459,24.4811109352,25.0000000000,15.7380837563,1.0000000000,0.8416000000,250.0000000000,0,0,0,9,0
679,100,0,4,100,100,0,0,0,0,0,100,100,0.0240469459,24.4570639893,25.0000000000,15.7380837563,1.0000000000,0.8416000000,250.0000000000,0,0,0,9,0
680,100,0,4,100,100,0,0,0,0,0,100,100,0.0240469459,24.4330170435,25.0000000000,15.7380837563,1.0000000000,0.8416000000,250.0000000000,0,0,0,9,0
681,100,0,11,100,100,0,0,1,110,1267,100,100,0.0484126887,24.3846043548,9.0909090909,14.4756859770,1.0000000000,0.9753600000,215.7152230971,0,0,0,17,0
682,100,0,11,100,100,0,0,0,0,0,100,100,0.0218618655,24.3627424893,9.0909090909,14.4756859770,1.0000000000,0.8416000000,250.0000000000,0,0,0,17,0
683,100,0,11,100,100,0,0,0,0,0,100,100,0.0218618655,24.3408806238,9.0909090909,14.4756859770,1.0000000000,0.8416000000,250.0000000000,0,0,0,17,0
684,100,0,11,100,100,0,0,0,0,0,100,100,0.0218618655,24.3190187583,9.0909090909,14.4756859770,1.0000000000,0.8416000000,250.0000000000,0,0,0,17,0
685,100,0,11,100,100,0,0,0,0,0,100,100,0.0218618655,24.2971568928,9.0909090909,14.4756859770,1.0000000000,0.8416000000,250.0000000000,0,0,0,17,0
686,100,0,6,100,100,0,0,1,106,782,100,100,0.0415909087,24.2555659841,16.6666666667,15.6539207467,1.0000000000,0.9704960000,216.7963597995,0,0,0,8,0
687,100,0,6,100,100,0,0,0,0,0,100,100,0.0239090070,24.2316569771,16.6666666667,15.6539207467,1.0000000000,0.8416000000,250.0000000000,0,0,0,8,0
688,100,0,6,100,100,0,0,0,0,0,100,100,0.0239090070,24.2077479701,16.6666666667,15.6539207467,1.0000000000,0.8416000000,250.0000000000,0,0,0,8,0
689,100,0,6,100,100,0,0,0,0,0,100,100,0.0239090070,24.1838389631,16.6666666667,15.6539207467,1.0000000000,0.8416000000,250.0000000000,0,0,0,8,0
690,100,0,6,100,100,0,0,0,0,0,100,100,0.0239090070,24.1599299560,16.6666666667,15.6539207467,1.0000000000,0.8416000000,250.0000000000,0,0,0,8,0
691,100,0,7,100,100,0,0,1,107,879,100,100,0.0429364164,24.1169935396,14.2857142857,15.4856113755,1.0000000000,0.9717120000,216.5250609234,0,0,0,9,0
692,100,0,7,100,100,0,0,0,0,0,100,100,0.0234919339,24.0935016058,14.2857142857,15.4856113755,1.0000000000,0.8416000000,250.0000000000,0,0,0,9,0
693,100,0,7,100,100,0,0,0,0,0,100,100,0.0234919339,24.0700096719,14.2857142857,15.4856113755,1.0000000000,0.8416000000,250.0000000000,0,0,0,9,0
694,100,0,7,100,100,0,0,0,0,0,100,100,0.0234919339,24.0465177380,14.2857142857,15.4856113755,1.0000000000,0.8416000000,250.0000000000,0,0,0,9,0
695,100,0,7,100,100,0,0,0,0,0,100,100,0.0234919339,24.0230258041,14.2857142857,15.4856113755,1.0000000000,0.8416000000,250.0000000000,0,0,0,9,0
696,100,0,9,100,100,0,0,1,109,1073,100,100,0.0451879978,23.9778378064,11.1111111111,14.4756937861,1.0000000000,0.9741440000,215.9844951054,0,0,0,19,0
697,100,0,9,100,100,0,0,0,0,0,100,100,0.0221295845,23.9557082219,11.1111111111,14.4756937861,1.0000000000,0.8416000000,250.0000000000,0,0,0,19,0
698,100,0,9,100,100,0,0,0,0,0,100,100,0.0221295845,23.9335786373,11.1111111111,14.4756937861,1.0000000000,0.8416000000,250.0000000000,0,0,0,19,0
699,100,0,9,100,100,0,0,0,0,0,100,100,0.0221295845,23.9114490528,11.1111111111,14.4756937861,1.0000000000,0.8416000000,250.0000000000,0,0,0,19,0
700,100,0,9,100,100,0,0,0,0,0,100,100,0.0221295845,23.8893194683,11.1111111111,14.4756937861,1.0000000000,0.8416000000,250.0000000000,0,0,0,19,0
701,100,0,2,100,100,0,0,1,102,394,100,100,0.0296104768,23.8597089915,50.0000000000,11.1934404227,1.0000000000,0.9656320000,217.8883881230,0,0,0,65,0
702,100,0,2,100,100,0,0,0,0,0,100,100,0.0185223856,23.8411866059,50.0000000000,11.1934404227,1.0000000000,0.8416000000,250.0000000000,0,0,0,65,0
703,100,0,2,100,100,0,0,0,0,0,100,100,0.0185223856,23.8226642203,50.0000000000,11.1934404227,1.0000000000,0.8416000000,250.0000000000,0,0,0,65,0
704,100,0,2,100,100,0,0,0,0,0,100,100,0.0185223856,23.8041418347,50.0000000000,11.1934404227,1.0000000000,0.8416000000,250.0000000000,0,0,0,65,0
705,100,0,2,100,100,0,0,0,0,0,100,100,0.0185223856,23.7856194491,50.0000000000,11.1934404227,1.0000000000,0.8416000000,250.0000000000,0,0,0,65,0
706,100,0,4,100,100,0,0,1,104,588,100,100,0.0386766871,23.7469427620,25.0000000000,15.5697590963,1.0000000000,0.9680640000,217.3410022478,0,0,0,11,0
707,100,0,4,100,100,0,0,0,0,0,100,100,0.0244737899,23.7224689721,25.0000000000,15.5697590963,1.0000000000,0.8416000000,250.0000000000,0,0,0,11,0
708,100,0,4,100,100,0,0,0,0,0,100,100,0.0244737899,23.6979951822,25.0000000000,15.5697590963,1.0000000000,0.8416000000,250.0000000000,0,0,0,11,0
709,100,0,4,100,100,0,0,0,0,0,100,100,0.0244737899,23.6735213923,25.0000000000,15.5697590963,1.0000000000,0.8416000000,250.0000000000,0,0,0,11,0
710,100,0,4,100,100,0,0,0,0,0,100,100,0.0244737899,23.6490476024,25.0000000000,15.5697590963,1.0000000000,0.8416000000,250.0000000000,0,0,0,11,0
711,100,0,2,100,100,0,0,1,102,394,100,100,0.0300034113,23.6190441911,50.0000000000,11.6984153395,1.0000000000,0.9656320000,217.8883881230,0,0,0,59,0
712,100,0,2,100,100,0,0,0,0,0,100,100,0.0189759293,23.6000682617,50.0000000000,11.6984153395,1.0000000000,0.8416000000,250.0000000000,0,0,0,59,0
713,100,0,2,100,100,0,0,0,0,0,100,100,0.0189759293,23.5810923324,50.0000000000,11.6984153395,1.0000000000,0.8416000000,250.0000000000,0,0,0,59,0
714,100,0,2,100,100,0,0,0,0,0,100,100,0.0189759293,23.5621164031,50.0000000000,11.6984153395,1.0000000000,0.8416000000,250.0000000000,0,0,0,59,0
715,100,0,2,100,100,0,0,0,0,0,100,100,0.0189759293,23.5431404738,50.0000000000,11.6984153395,1.0000000000,0.8416000000,250.0000000000,0,0,0,59,0
716,100,0,3,100,100,0,0,1,103,491,100,100,0.0331964644,23.5099440094,33.3333333333,13.5499242006,1.0000000000,0.9668480000,217.6143509631,0,0,0,36,0
717,100,0,3,100,100,0,0,0,0,0,100,100,0.0207973952,23.4891466142,33.3333333333,13.5499242006,1.0000000000,0.8416000000,250.0000000000,0,0,0,36,0
718,100,0,3,100,100,0,0,0,0,0,100,100,0.0207973952,23.4683492190,33.3333333333,13.5499242006,1.0000000000,0.8416000000,250.0000000000,0,0,0,36,0
719,100,0,3,100,100,0,0,0,0,0,100,100,0.0207973952,23.4475518238,33.3333333333,13.5499242006,1.0000000000,0.8416000000,250.0000000000,0,0,0,36,0
720,100,0,3,100,100,0,0,0,0,0,100,100,0.0207973952,23.4267544287,33.3333333333,13.5499242006,1.0000000000,0.8416000000,250.0000000000,0,0,0,36,0
721,100,0,5,100,100,0,0,1,105,685,100,100,0.0351342945,23.3916201342,20.0000000000,11.6983992544,1.0000000000,0.9692800000,217.0683393859,0,0,0,56,0
722,100,0,5,100,100,0,0,0,0,0,100,100,0.0187311928,23.3728889414,20.0000000000,11.6983992544,1.0000000000,0.8416000000,250.0000000000,0,0,0,56,0
723,100,0,5,100,100,0,0,0,0,0,100,100,0.0187311928,23.3541577486,20.0000000000,11.6983992544,1.0000000000,0.8416000000,250.0000000000,0,0,0,56,0
724,100,0,5,100,100,0,0,0,0,0,100,100,0.0187311928,23.3354265558,20.0000000000,11.6983992544,1.0000000000,0.8416000000,250.0000000000,0,0,0,56,0
725,100,0,5,100,100,0,0,0,0,0,100,100,0.0187311928,23.3166953630,20.0000000000,11.6983992544,1.0000000000,0.8416000000,250.0000000000,0,0,0,56,0
726,100,0,1,100,100,0,0,1,101,297,100,100,0.0277832876,23.2889120754,100.0000000000,11.1092669044,1.0000000000,0.9644160000,218.1631163315,0,0,0,67,0
727,100,0,1,100,100,0,0,0,0,0,100,100,0.0183796469,23.2705324285,100.0000000000,11.1092669044,1.0000000000,0.8416000000,250.0000000000,0,0,0,67,0
728,100,0,1,100,100,0,0,0,0,0,100,100,0.0183796469,23.2521527817,100.0000000000,11.1092669044,1.0000000000,0.8416000000,250.0000000000,0,0,0,67,0
729,100,0,1,100,100,0,0,0,0,0,100,100,0.0183796469,23.2337731348,100.0000000000,11.1092669044,1.0000000000,0.8416000000,250.0000000000,0,0,0,67,0
730,100,0,1,100,100,0,0,0,0,0,100,100,0.0183796469,23.2153934879,100.0000000000,11.1092669044,1.0000000000,0.8416000000,250.0000000000,0,0,0,67,0
731,100,0,1,100,100,0,0,1,101,297,100,100,0.0274967135,23.1878967744,100.0000000000,10.1835165215,1.0000000000,0.9644160000,218.1631163315,0,0,0,78,0
732,100,0,1,100,100,0,0,0,0,0,100,100,0.0174789848,23.1704177895,100.0000000000,10.1835165215,1.0000000000,0.8416000000,250.0000000000,0,0,0,78,0
733,100,0,1,100,100,0,0,0,0,0,100,100,0.0174789848,23.1529388047,100.0000000000,10.1835165215,1.0000000000,0.8416000000,250.0000000000,0,0,0,78,0
734,100,0,1,100,100,0,0,0,0,0,100,100,0.0174789848,23.1354598199,100.0000000000,10.1835165215,1.0000000000,0.8416000000,250.0000000000,0,0,0,78,0
735,100,0,1,100,100,0,0,0,0,0,100,100,0.0174789848,23.1179808350,100.0000000000,10.1835165215,1.0000000000,0.8416000000,250.0000000000,0,0,0,78,0
736,100,0,2,100,100,0,0,1,102,394,100,100,0.0297723872,23.0882084478,50.0000000000,11.4459260826,1.0000000000,0.9656320000,217.8883881230,0,0,0,62,0
737,100,0,2,100,100,0,0,0,0,0,100,100,0.0187784509,23.0694299969,50.0000000000,11.4459260826,1.0000000000,0.8416000000,250.0000000000,0,0,0,62,0
738,100,0,2,100,100,0,0,0,0,0,100,100,0.0187784509,23.0506515459,50.0000000000,11.4459260826,1.0000000000,0.8416000000,250.0000000000,0,0,0,62,0
739,100,0,2,100,100,0,0,0,0,0,100,100,0.0187784509,23.0318730950,50.0000000000,11.4459260826,1.0000000000,0.8416000000,250.0000000000,0,0,0,62,0
740,100,0,2,100,100,0,0,0,0,0,100,100,0.0187784509,23.0130946440,50.0000000000,11.4459260826,1.0000000000,0.8416000000,250.0000000000,0,0,0,62,0
741,100,0,1,100,100,0,0,1,101,297,100,100,0.0284659736,22.9846286704,100.0000000000,11.4459041306,1.0000000000,0.9644160000,218.1631163315,0,0,0,63,0
742,100,0,1,100,100,0,0,0,0,0,100,100,0.0192137314,22.9654149390,100.0000000000,11.4459041306,1.0000000000,0.8416000000,250.0000000000,0,0,0,63,0
743,100,0,1,100,100,0,0,0,0,0,100,100,0.0192137314,22.9462012077,100.0000000000,11.4459041306,1.0000000000,0.8416000000,250.0000000000,0,0,0,63,0
744,100,0,1,100,100,0,0,0,0,0,100,100,0.0192137314,22.9269874763,100.0000000000,11.4459041306,1.0000000000,0.8416000000,250.0000000000,0,0,0,63,0
745,100,0,1,100,100,0,0,0,0,0,100,100,0.0192137314,22.9077737449,100.0000000000,11.4459041306,1.0000000000,0.8416000000,250.0000000000,0,0,0,63,0
746,100,0,1,100,100,0,0,1,101,297,100,100,0.0283000255,22.8794737194,100.0000000000,10.9409667095,1.0000000000,0.9644160000,218.1631163315,0,0,0,69,0
747,100,0,1,100,100,0,0,0,0,0,100,100,0.0183850934,22.8610886260,100.0000000000,10.9409667095,1.0000000000,0.8416000000,250.0000000000,0,0,0,69,0
748,100,0,1,100,100,0,0,0,0,0,100,100,0.0183850934,22.8427035326,100.0000000000,10.9409667095,1.0000000000,0.8416000000,250.0000000000,0,0,0,69,0
749,100,0,1,100,100,0,0,0,0,0,100,100,0.0183850934,22.8243184392,100.0000000000,10.9409667095,1.0000000000,0.8416000000,250.0000000000,0,0,0,69,0
750,100,0,1,100,100,0,0,0,0,0,100,100,0.0183850934,22.8059333458,100.0000000000,10.9409667095,1.0000000000,0.8416000000,250.0000000000,0,0,0,69,0
751,100,0,2,100,100,0,0,1,102,394,100,100,0.0294710602,22.7764622856,50.0000000000,10.6043193400,1.0000000000,0.9656320000,217.8883881230,0,0,0,72,0
752,100,0,2,100,100,0,0,0,0,0,100,100,0.0177373535,22.7587249321,50.0000000000,10.6043193400,1.0000000000,0.8416000000,250.0000000000,0,0,0,72,0
753,100,0,2,100,100,0,0,0,0,0,100,100,0.0177373535,22.7409875787,50.0000000000,10.6043193400,1.0000000000,0.8416000000,250.0000000000,0,0,0,72,0
754,100,0,2,100,100,0,0,0,0,0,100,100,0.0177373535,22.7232502252,50.0000000000,10.6043193400,1.0000000000,0.8416000000,250.0000000000,0,0,0,72,0
755,100,0,2,100,100,0,0,0,0,0,100,100,0.0177373535,22.7055128717,50.0000000000,10.6043193400,1.0000000000,0.8416000000,250.0000000000,0,0,0,72,0
756,100,0,4,100,100,0,0,1,104,588,100,100,0.0343227240,22.6711901477,25.0000000000,12.2875136374,1.0000000000,0.9680640000,217.3410022478,0,0,0,50,0
757,100,0,4,100,100,0,0,0,0,0,100,100,0.0199191445,22.6512710032,25.0000000000,12.2875136374,1.0000000000,0.8416000000,250.0000000000,0,0,0,50,0
758,100,0,4,100,100,0,0,0,0,0,100,100,0.0199191445,22.6313518587,25.0000000000,12.2875136374,1.0000000000,0.8416000000,250.0000000000,0,0,0,50,0
759,100,0,4,100,100,0,0,0,0,0,100,100,0.0199191445,22.6114327143,25.0000000000,12.2875136374,1.0000000000,0.8416000000,250.0000000000,0,0,0,50,0
760,100,0,4,100,100,0,0,0,0,0,100,100,0.0199191445,22.5915135698,25.0000000000,12.2875136374,1.0000000000,0.8416000000,250.0000000000,0,0,0,50,0
761,100,0,4,100,100,0,0,1,104,588,100,100,0.0378202509,22.5536933189,25.0000000000,15.7380920749,1.0000000000,0.9680640000,217.3410022478,0,0,0,9,0
762,100,0,4,100,100,0,0,0,0,0,100,100,0.0237671773,22.5299261416,25.0000000000,15.7380920749,1.0000000000,0.8416000000,250.0000000000,0,0,0,9,0
763,100,0,4,100,100,0,0,0,0,0,100,100,0.0237671773,22.5061589643,25.0000000000,15.7380920749,1.0000000000,0.8416000000,250.0000000000,0,0,0,9,0
764,100,0,4,100,100,0,0,0,0,0,100,100,0.0237671773,22.4823917869,25.0000000000,15.7380920749,1.0000000000,0.8416000000,250.0000000000,0,0,0,9,0
765,100,0,4,100,100,0,0,0,0,0,100,100,0.0237671773,22.4586246096,25.0000000000,15.7380920749,1.0000000000,0.8416000000,250.0000000000,0,0,0,9,0
766,100,0,2,100,100,0,0,1,102,394,100,100,0.0306342934,22.4279903162,50.0000000000,12.4558466191,1.0000000000,0.9656320000,217.8883881230,0,0,0,50,0
767,100,0,2,100,100,0,0,0,0,0,100,100,0.0197498482,22.4082404681,50.0000000000,12.4558466191,1.0000000000,0.8416000000,250.0000000000,0,0,0,50,0
768,100,0,2,100,100,0,0,0,0,0,100,100,0.0197498482,22.3884906199,50.0000000000,12.4558466191,1.0000000000,0.8416000000,250.0000000000,0,0,0,50,0
769,100,0,2,100,100,0,0,0,0,0,100,100,0.0197498482,22.3687407717,50.0000000000,12.4558466191,1.0000000000,0.8416000000,250.0000000000,0,0,0,50,0
770,100,0,2,100,100,0,0,0,0,0,100,100,0.0197498482,22.3489909236,50.0000000000,12.4558466191,1.0000000000,0.8416000000,250.0000000000,0,0,0,50,0
771,100,0,5,100,100,0,0,1,105,685,100,100,0.0406602085,22.3083307151,20.0000000000,15.9063931650,1.0000000000,0.9692800000,217.0683393859,0,0,0,6,0
772,100,0,5,100,100,0,0,0,0,0,100,100,0.0247169818,22.2836137333,20.0000000000,15.9063931650,1.0000000000,0.8416000000,250.0000000000,0,0,0,6,0
773,100,0,5,100,100,0,0,0,0,0,100,100,0.0247169818,22.2588967515,20.0000000000,15.9063931650,1.0000000000,0.8416000000,250.0000000000,0,0,0,6,0
774,100,0,5,100,100,0,0,0,0,0,100,100,0.0247169818,22.2341797697,20.0000000000,15.9063931650,1.0000000000,0.8416000000,250.0000000000,0,0,0,6,0
775,100,0,5,100,100,0,0,0,0,0,100,100,0.0247169818,22.2094627879,20.0000000000,15.9063931650,1.0000000000,0.8416000000,250.0000000000,0,0,0,6,0
776,100,0,6,100,100,0,0,1,106,782,100,100,0.0402265291,22.1692362589,16.6666666667,14.5598532311,1.0000000000,0.9704960000,216.7963597995,0,0,0,21,0
777,100,0,6,100,100,0,0,0,0,0,100,100,0.0224990170,22.1467372419,16.6666666667,14.5598532311,1.0000000000,0.8416000000,250.0000000000,0,0,0,21,0
778,100,0,6,100,100,0,0,0,0,0,100,100,0.0224990170,22.1242382250,16.6666666667,14.5598532311,1.0000000000,0.8416000000,250.0000000000,0,0,0,21,0
779,100,0,6,100,100,0,0,0,0,0,100,100,0.0224990170,22.1017392080,16.6666666667,14.5598532311,1.0000000000,0.8416000000,250.0000000000,0,0,0,21,0
780,100,0,6,100,100,0,0,0,0,0,100,100,0.0224990170,22.0792401910,16.6666666667,14.5598532311,1.0000000000,0.8416000000,250.0000000000,0,0,0,21,0
781,100,0,6,100,100,0,0,1,106,782,100,100,0.0390921682,22.0401480228,16.6666666667,13.9707199147,1.0000000000,0.9704960000,216.7963597995,0,0,0,28,0
782,100,0,6,100,100,0,0,0,0,0,100,100,0.0213847998,22.0187632230,16.6666666667,13.9707199147,1.0000000000,0.8416000000,250.0000000000,0,0,0,28,0
783,100,0,6,100,100,0,0,0,0,0,100,100,0.0213847998,21.9973784233,16.6666666667,13.9707199147,1.0000000000,0.8416000000,250.0000000000,0,0,0,28,0
784,100,0,6,100,100,0,0,0,0,0,100,100,0.0213847998,21.9759936235,16.6666666667,13.9707199147,1.0000000000,0.8416000000,250.0000000000,0,0,0,28,0
785,100,0,6,100,100,0,0,0,0,0,100,100,0.0213847998,21.9546088237,16.6666666667,13.9707199147,1.0000000000,0.8416000000,250.0000000000,0,0,0,28,0
786,100,0,6,100,100,0,0,1,106,782,100,100,0.0399464905,21.9146623332,16.6666666667,14.3073647356,1.0000000000,0.9704960000,216.7963597995,0,0,0,24,0
787,100,0,6,100,100,0,0,0,0,0,100,100,0.0222003955,21.8924619377,16.6666666667,14.3073647356,1.0000000000,0.8416000000,250.0000000000,0,0,0,24,0
788,100,0,6,100,100,0,0,0,0,0,100,100,0.0222003955,21.8702615421,16.6666666667,14.3073647356,1.0000000000,0.8416000000,250.0000000000,0,0,0,24,0
789,100,0,6,100,100,0,0,0,0,0,100,100,0.0222003955,21.8480611466,16.6666666667,14.3073647356,1.0000000000,0.8416000000,250.0000000000,0,0,0,24,0
790,100,0,6,100,100,0,0,0,0,0,100,100,0.0222003955,21.8258607511,16.6666666667,14.3073647356,1.0000000000,0.8416000000,250.0000000000,0,0,0,24,0
791,100,0,2,100,100,0,0,1,102,394,100,100,0.0305965474,21.7952642037,50.0000000000,12.0350304376,1.0000000000,0.9656320000,217.8883881230,0,0,0,55,0
792,100,0,2,100,100,0,0,0,0,0,100,100,0.0195998712,21.7756643325,50.0000000000,12.0350304376,1.0000000000,0.8416000000,250.0000000000,0,0,0,55,0
793,100,0,2,100,100,0,0,0,0,0,100,100,0.0195998712,21.7560644614,50.0000000000,12.0350304376,1.0000000000,0.8416000000,250.0000000000,0,0,0,55,0
794,100,0,2,100,100,0,0,0,0,0,100,100,0.0195998712,21.7364645902,50.0000000000,12.0350304376,1.0000000000,0.8416000000,250.0000000000,0,0,0,55,0
795,100,0,2,100,100,0,0,0,0,0,100,100,0.0195998712,21.7168647190,50.0000000000,12.0350304376,1.0000000000,0.8416000000,250.0000000000,0,0,0,55,0
796,100,0,14,100,100,0,0,1,113,1558,100,100,0.0550869593,21.6617777598,7.1428571429,15.4855994925,1.0000000000,0.9790080000,214.9114205400,0,0,0,2,0
797,100,0,14,100,100,0,0,0,0,0,100,100,0.0231831417,21.6385946181,7.1428571429,15.4855994925,1.0000000000,0.8416000000,250.0000000000,0,0,0,2,0
798,100,0,14,100,100,0,0,0,0,0,100,100,0.0231831417,21.6154114764,7.1428571429,15.4855994925,1.0000000000,0.8416000000,250.0000000000,0,0,0,2,0
799,100,0,14,100,100,0,0,0,0,0,100,100,0.0231831417,21.5922283347,7.1428571429,15.4855994925,1.0000000000,0.8416000000,250.0000000000,0,0,0,2,0
800,100,0,14,100,100,0,0,0,0,0,100,100,0.0231831417,21.5690451930,7.1428571429,15.4855994925,1.0000000000,0.8416000000,250.0000000000,0,0,0,2,0
801,100,0,3,100,100,0,0,1,102,491,100,100,0.0328401672,21.5362050258,33.3333333333,12.3716797942,1.0000000000,0.9656320000,217.8883881230,0,0,0,50,0
802,100,0,3,100,100,0,0,0,0,0,100,100,0.0201062389,21.5160987869,33.3333333333,12.3716797942,1.0000000000,0.8416000000,250.0000000000,0,0,0,50,0
803,100,0,3,100,100,0,0,0,0,0,100,100,0.0201062389,21.4959925479,33.3333333333,12.3716797942,1.0000000000,0.8416000000,250.0000000000,0,0,0,50,0
804,100,0,3,100,100,0,0,0,0,0,100,100,0.0201062389,21.4758863090,33.3333333333,12.3716797942,1.0000000000,0.8416000000,250.0000000000,0,0,0,50,0
805,100,0,3,100,100,0,0,0,0,0,100,100,0.0201062389,21.4557800701,33.3333333333,12.3716797942,1.0000000000,0.8416000000,250.0000000000,0,0,0,50,0
806,100,0,1,100,100,0,0,1,101,297,100,100,0.0308662796,21.4249137905,100.0000000000,12.8766148368,1.0000000000,0.9644160000,218.1631163315,0,0,0,46,0
807,100,0,1,100,100,0,0,0,0,0,100,100,0.0218277716,21.4030860189,100.0000000000,12.8766148368,1.0000000000,0.8416000000,250.0000000000,0,0,0,46,0
808,100,0,1,100,100,0,0,0,0,0,100,100,0.0218277716,21.3812582473,100.0000000000,12.8766148368,1.0000000000,0.8416000000,250.0000000000,0,0,0,46,0
809,100,0,1,100,100,0,0,0,0,0,100,100,0.0218277716,21.3594304757,100.0000000000,12.8766148368,1.0000000000,0.8416000000,250.0000000000,0,0,0,46,0
810,100,0,1,100,100,0,0,0,0,0,100,100,0.0218277716,21.3376027041,100.0000000000,12.8766148368,1.0000000000,0.8416000000,250.0000000000,0,0,0,46,0
811,100,0,1,100,100,0,0,1,101,297,100,100,0.0279802207,21.3096224834,100.0000000000,11.1092609019,1.0000000000,0.9644160000,218.1631163315,0,0,0,67,0
812,100,0,1,100,100,0,0,0,0,0,100,100,0.0187835634,21.2908389200,100.0000000000,11.1092609019,1.0000000000,0.8416000000,250.0000000000,0,0,0,67,0
813,100,0,1,100,100,0,0,0,0,0,100,100,0.0187835634,21.2720553565,100.0000000000,11.1092609019,1.0000000000,0.8416000000,250.0000000000,0,0,0,67,0
814,100,0,1,100,100,0,0,0,0,0,100,100,0.0187835634,21.2532717931,100.0000000000,11.1092609019,1.0000000000,0.8416000000,250.0000000000,0,0,0,67,0
815,100,0,1,100,100,0,0,0,0,0,100,100,0.0187835634,21.2344882296,100.0000000000,11.1092609019,1.0000000000,0.8416000000,250.0000000000,0,0,0,67,0
816,100,0,3,100,100,0,0,1,103,491,100,100,0.0339898191,21.2004984106,33.3333333333,13.6340942536,1.0000000000,0.9668480000,217.6143509631,0,0,0,35,0
817,100,0,3,100,100,0,0,0,0,0,100,100,0.0214825672,21.1790158434,33.3333333333,13.6340942536,1.0000000000,0.8416000000,250.0000000000,0,0,0,35,0
818,100,0,3,100,100,0,0,0,0,0,100,100,0.0214825672,21.1575332762,33.3333333333,13.6340942536,1.0000000000,0.8416000000,250.0000000000,0,0,0,35,0
819,100,0,3,100,100,0,0,0,0,0,100,100,0.0214825672,21.1360507090,33.3333333333,13.6340942536,1.0000000000,0.8416000000,250.0000000000,0,0,0,35,0
820,100,0,3,100,100,0,0,0,0,0,100,100,0.0214825672,21.1145681418,33.3333333333,13.6340942536,1.0000000000,0.8416000000,250.0000000000,0,0,0,35,0
821,100,0,5,100,100,0,0,1,105,685,100,100,0.0383082412,21.0762599006,20.0000000000,13.9707231697,1.0000000000,0.9692800000,217.0683393859,0,0,0,29,0
822,100,0,5,100,100,0,0,0,0,0,100,100,0.0222396557,21.0540202449,20.0000000000,13.9707231697,1.0000000000,0.8416000000,250.0000000000,0,0,0,29,0
823,100,0,5,100,100,0,0,0,0,0,100,100,0.0222396557,21.0317805892,20.0000000000,13.9707231697,1.0000000000,0.8416000000,250.0000000000,0,0,0,29,0
824,100,0,5,100,100,0,0,0,0,0,100,100,0.0222396557,21.0095409334,20.0000000000,13.9707231697,1.0000000000,0.8416000000,250.0000000000,0,0,0,29,0
825,100,0,5,100,100,0,0,0,0,0,100,100,0.0222396557,20.9873012777,20.0000000000,13.9707231697,1.0000000000,0.8416000000,250.0000000000,0,0,0,29,0
826,100,0,1,100,100,0,0,1,101,297,100,100,0.0279407715,20.9593605062,100.0000000000,10.8567922018,1.0000000000,0.9644160000,218.1631163315,0,0,0,70,0
827,100,0,1,100,100,0,0,0,0,0,100,100,0.0184111154,20.9409493908,100.0000000000,10.8567922018,1.0000000000,0.8416000000,250.0000000000,0,0,0,70,0
828,100,0,1,100,100,0,0,0,0,0,100,100,0.0184111154,20.9225382754,100.0000000000,10.8567922018,1.0000000000,0.8416000000,250.0000000000,0,0,0,70,0
829,100,0,1,100,100,0,0,0,0,0,100,100,0.0184111154,20.9041271599,100.0000000000,10.8567922018,1.0000000000,0.8416000000,250.0000000000,0,0,0,70,0
830,100,0,1,100,100,0,0,0,0,0,100,100,0.0184111154,20.8857160445,100.0000000000,10.8567922018,1.0000000000,0.8416000000,250.0000000000,0,0,0,70,0
831,100,0,4,100,100,0,0,1,104,588,100,100,0.0354120274,20.8503040171,25.0000000000,13.3816187592,1.0000000000,0.9680640000,217.3410022478,0,0,0,37,0
832,100,0,4,100,100,0,0,0,0,0,100,100,0.0211000661,20.8292039510,25.0000000000,13.3816187592,1.0000000000,0.8416000000,250.0000000000,0,0,0,37,0
833,100,0,4,100,100,0,0,0,0,0,100,100,0.0211000661,20.8081038850,25.0000000000,13.3816187592,1.0000000000,0.8416000000,250.0000000000,0,0,0,37,0
834,100,0,4,100,100,0,0,0,0,0,100,100,0.0211000661,20.7870038189,25.0000000000,13.3816187592,1.0000000000,0.8416000000,250.0000000000,0,0,0,37,0
835,100,0,4,100,100,0,0,0,0,0,100,100,0.0211000661,20.7659037529,25.0000000000,13.3816187592,1.0000000000,0.8416000000,250.0000000000,0,0,0,37,0
836,100,0,2,100,100,0,0,1,102,394,100,100,0.0300951565,20.7358085963,50.0000000000,11.5300682412,1.0000000000,0.9656320000,217.8883881230,0,0,0,61,0
837,100,0,2,100,100,0,0,0,0,0,100,100,0.0192121503,20.7165964460,50.0000000000,11.5300682412,1.0000000000,0.8416000000,250.0000000000,0,0,0,61,0
838,100,0,2,100,100,0,0,0,0,0,100,100,0.0192121503,20.6973842957,50.0000000000,11.5300682412,1.0000000000,0.8416000000,250.0000000000,0,0,0,61,0
839,100,0,2,100,100,0,0,0,0,0,100,100,0.0192121503,20.6781721454,50.0000000000,11.5300682412,1.0000000000,0.8416000000,250.0000000000,0,0,0,61,0
840,100,0,2,100,100,0,0,0,0,0,100,100,0.0192121503,20.6589599951,50.0000000000,11.5300682412,1.0000000000,0.8416000000,250.0000000000,0,0,0,61,0
841,100,0,3,100,100,0,0,1,103,491,100,100,0.0324550658,20.6265049293,33.3333333333,12.0350435475,1.0000000000,0.9668480000,217.6143509631,0,0,0,54,0
842,100,0,3,100,100,0,0,0,0,0,100,100,0.0196952514,20.6068096778,33.3333333333,12.0350435475,1.0000000000,0.8416000000,250.0000000000,0,0,0,54,0
843,100,0,3,100,100,0,0,0,0,0,100,100,0.0196952514,20.5871144264,33.3333333333,12.0350435475,1.0000000000,0.8416000000,250.0000000000,0,0,0,54,0
844,100,0,3,100,100,0,0,0,0,0,100,100,0.0196952514,20.5674191749,33.3333333333,12.0350435475,1.0000000000,0.8416000000,250.0000000000,0,0,0,54,0
845,100,0,3,100,100,0,0,0,0,0,100,100,0.0196952514,20.5477239235,33.3333333333,12.0350435475,1.0000000000,0.8416000000,250.0000000000,0,0,0,54,0
846,100,0,5,100,100,0,0,1,105,685,100,100,0.0395678408,20.5081560827,20.0000000000,15.2331263333,1.0000000000,0.9692800000,217.0683393859,0,0,0,14,0
847,100,0,5,100,100,0,0,0,0,0,100,100,0.0236240458,20.4845320369,20.0000000000,15.2331263333,1.0000000000,0.8416000000,250.0000000000,0,0,0,14,0
848,100,0,5,100,100,0,0,0,0,0,100,100,0.0236240458,20.4609079911,20.0000000000,15.2331263333,1.0000000000,0.8416000000,250.0000000000,0,0,0,14,0
849,100,0,5,100,100,0,0,0,0,0,100,100,0.0236240458,20.4372839453,20.0000000000,15.2331263333,1.0000000000,0.8416000000,250.0000000000,0,0,0,14,0
850,100,0,5,100,100,0,0,0,0,0,100,100,0.0236240458,20.4136598995,20.0000000000,15.2331263333,1.0000000000,0.8416000000,250.0000000000,0,0,0,14,0
851,100,0,1,100,100,0,0,1,101,297,100,100,0.0277874823,20.3858724173,100.0000000000,11.1092668015,1.0000000000,0.9644160000,218.1631163315,0,0,0,67,0
852,100,0,1,100,100,0,0,0,0,0,100,100,0.0183939113,20.3674785059,100.0000000000,11.1092668015,1.0000000000,0.8416000000,250.0000000000,0,0,0,67,0
853,100,0,1,100,100,0,0,0,0,0,100,100,0.0183939113,20.3490845946,100.0000000000,11.1092668015,1.0000000000,0.8416000000,250.0000000000,0,0,0,67,0
854,100,0,1,100,100,0,0,0,0,0,100,100,0.0183939113,20.3306906832,100.0000000000,11.1092668015,1.0000000000,0.8416000000,250.0000000000,0,0,0,67,0
855,100,0,1,100,100,0,0,0,0,0,100,100,0.0183939113,20.3122967719,100.0000000000,11.1092668015,1.0000000000,0.8416000000,250.0000000000,0,0,0,67,0
856,100,0,3,100,100,0,0,1,103,491,100,100,0.0334976598,20.2787991121,33.3333333333,13.2132881865,1.0000000000,0.9668480000,217.6143509631,0,0,0,40,0
857,100,0,3,100,100,0,0,0,0,0,100,100,0.0209714532,20.2578276588,33.3333333333,13.2132881865,1.0000000000,0.8416000000,250.0000000000,0,0,0,40,0
858,100,0,3,100,100,0,0,0,0,0,100,100,0.0209714532,20.2368562056,33.3333333333,13.2132881865,1.0000000000,0.8416000000,250.0000000000,0,0,0,40,0
859,100,0,3,100,100,0,0,0,0,0,100,100,0.0209714532,20.2158847524,33.3333333333,13.2132881865,1.0000000000,0.8416000000,250.0000000000,0,0,0,40,0
860,100,0,3,100,100,0,0,0,0,0,100,100,0.0209714532,20.1949132991,33.3333333333,13.2132881865,1.0000000000,0.8416000000,250.0000000000,0,0,0,40,0
861,100,0,3,100,100,0,0,1,103,491,100,100,0.0364146420,20.1584986572,33.3333333333,15.4014436843,1.0000000000,0.9668480000,217.6143509631,0,0,0,14,0
862,100,0,3,100,100,0,0,0,0,0,100,100,0.0240371368,20.1344615203,33.3333333333,15.4014436843,1.0000000000,0.8416000000,250.0000000000,0,0,0,14,0
863,100,0,3,100,100,0,0,0,0,0,100,100,0.0240371368,20.1104243835,33.3333333333,15.4014436843,1.0000000000,0.8416000000,250.0000000000,0,0,0,14,0
864,100,0,3,100,100,0,0,0,0,0,100,100,0.0240371368,20.0863872467,33.3333333333,15.4014436843,1.0000000000,0.8416000000,250.0000000000,0,0,0,14,0
865,100,0,3,100,100,0,0,0,0,0,100,100,0.0240371368,20.0623501099,33.3333333333,15.4014436843,1.0000000000,0.8416000000,250.0000000000,0,0,0,14,0
866,100,0,6,100,100,0,0,1,106,782,100,100,0.0398479852,20.0225021247,16.6666666667,14.5598638653,1.0000000000,0.9704960000,216.7963597995,0,0,0,21,0
867,100,0,6,100,100,0,0,0,0,0,100,100,0.0221774618,20.0003246628,16.6666666667,14.5598638653,1.0000000000,0.8416000000,250.0000000000,0,0,0,21,0
868,100,0,6,100,100,0,0,0,0,0,100,100,0.0221774618,19.9781472010,16.6666666667,14.5598638653,1.0000000000,0.8416000000,250.0000000000,0,0,0,21,0
869,100,0,6,100,100,0,0,0,0,0,100,100,0.0221774618,19.9559697392,16.6666666667,14.5598638653,1.0000000000,0.8416000000,250.0000000000,0,0,0,21,0
870,100,0,6,100,100,0,0,0,0,0,100,100,0.0221774618,19.9337922774,16.6666666667,14.5598638653,1.0000000000,0.8416000000,250.0000000000,0,0,0,21,0
871,100,0,4,100,100,0,0,1,104,588,100,100,0.0363751627,19.8974171146,25.0000000000,14.3073613645,1.0000000000,0.9680640000,217.3410022478,0,0,0,26,0
872,100,0,4,100,100,0,0,0,0,0,100,100,0.0221983164,19.8752187982,25.0000000000,14.3073613645,1.0000000000,0.8416000000,250.0000000000,0,0,0,26,0
873,100,0,4,100,100,0,0,0,0,0,100,100,0.0221983164,19.8530204818,25.0000000000,14.3073613645,1.0000000000,0.8416000000,250.0000000000,0,0,0,26,0
874,100,0,4,100,100,0,0,0,0,0,100,100,0.0221983164,19.8308221654,25.0000000000,14.3073613645,1.0000000000,0.8416000000,250.0000000000,0,0,0,26,0
875,100,0,4,100,100,0,0,0,0,0,100,100,0.0221983164,19.8086238489,25.0000000000,14.3073613645,1.0000000000,0.8416000000,250.0000000000,0,0,0,26,0
876,100,0,3,100,100,0,0,1,103,491,100,100,0.0313245654,19.7772992836,33.3333333333,11.2776015494,1.0000000000,0.9668480000,217.6143509631,0,0,0,63,0
877,100,0,3,100,100,0,0,0,0,0,100,100,0.0184958558,19.7588034277,33.3333333333,11.2776015494,1.0000000000,0.8416000000,250.0000000000,0,0,0,63,0
878,100,0,3,100,100,0,0,0,0,0,100,100,0.0184958558,19.7403075719,33.3333333333,11.2776015494,1.0000000000,0.8416000000,250.0000000000,0,0,0,63,0
879,100,0,3,100,100,0,0,0,0,0,100,100,0.0184958558,19.7218117161,33.3333333333,11.2776015494,1.0000000000,0.8416000000,250.0000000000,0,0,0,63,0
880,100,0,3,100,100,0,0,0,0,0,100,100,0.0184958558,19.7033158603,33.3333333333,11.2776015494,1.0000000000,0.8416000000,250.0000000000,0,0,0,63,0
881,100,0,3,100,100,0,0,1,103,491,100,100,0.0337236671,19.6695921931,33.3333333333,13.3815903737,1.0000000000,0.9668480000,217.6143509631,0,0,0,38,0
882,100,0,3,100,100,0,0,0,0,0,100,100,0.0212448064,19.6483473867,33.3333333333,13.3815903737,1.0000000000,0.8416000000,250.0000000000,0,0,0,38,0
883,100,0,3,100,100,0,0,0,0,0,100,100,0.0212448064,19.6271025803,33.3333333333,13.3815903737,1.0000000000,0.8416000000,250.0000000000,0,0,0,38,0
884,100,0,3,100,100,0,0,0,0,0,100,100,0.0212448064,19.6058577739,33.3333333333,13.3815903737,1.0000000000,0.8416000000,250.0000000000,0,0,0,38,0
885,100,0,3,100,100,0,0,0,0,0,100,100,0.0212448064,19.5846129675,33.3333333333,13.3815903737,1.0000000000,0.8416000000,250.0000000000,0,0,0,38,0
886,100,0,8,100,100,0,0,1,108,976,100,100,0.0439794504,19.5406335172,12.5000000000,15.0648122391,1.0000000000,0.9729280000,216.2544402052,0,0,0,13,0
887,100,0,8,100,100,0,0,0,0,0,100,100,0.0227634422,19.5178700750,12.5000000000,15.0648122391,1.0000000000,0.8416000000,250.0000000000,0,0,0,13,0
888,100,0,8,100,100,0,0,0,0,0,100,100,0.0227634422,19.4951066328,12.5000000000,15.0648122391,1.0000000000,0.8416000000,250.0000000000,0,0,0,13,0
889,100,0,8,100,100,0,0,0,0,0,100,100,0.0227634422,19.4723431907,12.5000000000,15.0648122391,1.0000000000,0.8416000000,250.0000000000,0,0,0,13,0
890,100,0,8,100,100,0,0,0,0,0,100,100,0.0227634422,19.4495797485,12.5000000000,15.0648122391,1.0000000000,0.8416000000,250.0000000000,0,0,0,13,0
891,100,0,6,100,100,0,0,1,106,782,100,100,0.0391601804,19.4104195682,16.6666666667,13.9707267802,1.0000000000,0.9704960000,216.7963597995,0,0,0,28,0
892,100,0,6,100,100,0,0,0,0,0,100,100,0.0214421420,19.3889774262,16.6666666667,13.9707267802,1.0000000000,0.8416000000,250.0000000000,0,0,0,28,0
893,100,0,6,100,100,0,0,0,0,0,100,100,0.0214421420,19.3675352842,16.6666666667,13.9707267802,1.0000000000,0.8416000000,250.0000000000,0,0,0,28,0
894,100,0,6,100,100,0,0,0,0,0,100,100,0.0214421420,19.3460931423,16.6666666667,13.9707267802,1.0000000000,0.8416000000,250.0000000000,0,0,0,28,0
895,100,0,6,100,100,0,0,0,0,0,100,100,0.0214421420,19.3246510003,16.6666666667,13.9707267802,1.0000000000,0.8416000000,250.0000000000,0,0,0,28,0
896,100,0,13,100,100,0,0,1,113,1461,100,100,0.0523559836,19.2722950167,7.6923076923,14.8123219888,1.0000000000,0.9790080000,214.9114205400,0,0,0,11,0
897,100,0,13,100,100,0,0,0,0,0,100,100,0.0222286298,19.2500663869,7.6923076923,14.8123219888,1.0000000000,0.8416000000,250.0000000000,0,0,0,11,0
898,100,0,13,100,100,0,0,0,0,0,100,100,0.0222286298,19.2278377571,7.6923076923,14.8123219888,1.0000000000,0.8416000000,250.0000000000,0,0,0,11,0
899,100,0,13,100,100,0,0,0,0,0,100,100,0.0222286298,19.2056091274,7.6923076923,14.8123219888,1.0000000000,0.8416000000,250.0000000000,0,0,0,11,0
900,100,0,13,100,100,0,0,0,0,0,100,100,0.0222286298,19.1833804976,7.6923076923,14.8123219888,1.0000000000,0.8416000000,250.0000000000,0,0,0,11,0
901,100,0,1,100,100,0,0,1,101,297,100,100,0.0274921539,19.1558883436,100.0000000000,10.7726289262,1.0000000000,0.9644160000,218.1631163315,0,0,0,71,0
902,100,0,1,100,100,0,0,0,0,0,100,100,0.0179098738,19.1379784698,100.0000000000,10.7726289262,1.0000000000,0.8416000000,250.0000000000,0,0,0,71,0
903,100,0,1,100,100,0,0,0,0,0,100,100,0.0179098738,19.1200685960,100.0000000000,10.7726289262,1.0000000000,0.8416000000,250.0000000000,0,0,0,71,0
904,100,0,1,100,100,0,0,0,0,0,100,100,0.0179098738,19.1021587221,100.0000000000,10.7726289262,1.0000000000,0.8416000000,250.0000000000,0,0,0,71,0
905,100,0,1,100,100,0,0,0,0,0,100,100,0.0179098738,19.0842488483,100.0000000000,10.7726289262,1.0000000000,0.8416000000,250.0000000000,0,0,0,71,0
906,100,0,1,100,100,0,0,1,101,297,100,100,0.0266972124,19.0575516359,100.0000000000,9.6785425291,1.0000000000,0.9644160000,218.1631163315,0,0,0,84,0
907,100,0,1,100,100,0,0,0,0,0,100,100,0.0166389003,19.0409127356,100.0000000000,9.6785425291,1.0000000000,0.8416000000,250.0000000000,0,0,0,84,0
908,100,0,1,100,100,0,0,0,0,0,100,100,0.0166389003,19.0242738353,100.0000000000,9.6785425291,1.0000000000,0.8416000000,250.0000000000,0,0,0,84,0
909,100,0,1,100,100,0,0,0,0,0,100,100,0.0166389003,19.0076349350,100.0000000000,9.6785425291,1.0000000000,0.8416000000,250.0000000000,0,0,0,84,0
910,100,0,1,100,100,0,0,0,0,0,100,100,0.0166389003,18.9909960346,100.0000000000,9.6785425291,1.0000000000,0.8416000000,250.0000000000,0,0,0,84,0
911,100,0,1,100,100,0,0,1,101,297,100,100,0.0287297662,18.9622662685,100.0000000000,11.7825490693,1.0000000000,0.9644160000,218.1631163315,0,0,0,59,0
912,100,0,1,100,100,0,0,0,0,0,100,100,0.0195251919,18.9427410765,100.0000000000,11.7825490693,1.0000000000,0.8416000000,250.0000000000,0,0,0,59,0
913,100,0,1,100,100,0,0,0,0,0,100,100,0.0195251919,18.9232158846,100.0000000000,11.7825490693,1.0000000000,0.8416000000,250.0000000000,0,0,0,59,0
914,100,0,1,100,100,0,0,0,0,0,100,100,0.0195251919,18.9036906927,100.0000000000,11.7825490693,1.0000000000,0.8416000000,250.0000000000,0,0,0,59,0
915,100,0,1,100,100,0,0,0,0,0,100,100,0.0195251919,18.8841655007,100.0000000000,11.7825490693,1.0000000000,0.8416000000,250.0000000000,0,0,0,59,0
916,100,0,4,100,100,0,0,1,104,588,100,100,0.0369902576,18.8471752432,25.0000000000,14.3915220054,1.0000000000,0.9680640000,217.3410022478,0,0,0,25,0
917,100,0,4,100,100,0,0,0,0,0,100,100,0.0227591318,18.8244161114,25.0000000000,14.3915220054,1.0000000000,0.8416000000,250.0000000000,0,0,0,25,0
918,100,0,4,100,100,0,0,0,0,0,100,100,0.0227591318,18.8016569796,25.0000000000,14.3915220054,1.0000000000,0.8416000000,250.0000000000,0,0,0,25,0
919,100,0,4,100,100,0,0,0,0,0,100,100,0.0227591318,18.7788978478,25.0000000000,14.3915220054,1.0000000000,0.8416000000,250.0000000000,0,0,0,25,0
920,100,0,4,100,100,0,0,0,0,0,100,100,0.0227591318,18.7561387160,25.0000000000,14.3915220054,1.0000000000,0.8416000000,250.0000000000,0,0,0,25,0
921,100,0,1,100,100,0,0,1,101,297,100,100,0.0285408189,18.7275978971,100.0000000000,11.4458989643,1.0000000000,0.9644160000,218.1631163315,0,0,0,63,0
922,100,0,1,100,100,0,0,0,0,0,100,100,0.0193931552,18.7082047419,100.0000000000,11.4458989643,1.0000000000,0.8416000000,250.0000000000,0,0,0,63,0
923,100,0,1,100,100,0,0,0,0,0,100,100,0.0193931552,18.6888115866,100.0000000000,11.4458989643,1.0000000000,0.8416000000,250.0000000000,0,0,0,63,0
924,100,0,1,100,100,0,0,0,0,0,100,100,0.0193931552,18.6694184314,100.0000000000,11.4458989643,1.0000000000,0.8416000000,250.0000000000,0,0,0,63,0
925,100,0,1,100,100,0,0,0,0,0,100,100,0.0193931552,18.6500252762,100.0000000000,11.4458989643,1.0000000000,0.8416000000,250.0000000000,0,0,0,63,0
926,100,0,3,100,100,0,0,1,103,491,100,100,0.0348009833,18.6152242929,33.3333333333,14.5598542830,1.0000000000,0.9668480000,217.6143509631,0,0,0,24,0
927,100,0,3,100,100,0,0,0,0,0,100,100,0.0224417395,18.5927825534,33.3333333333,14.5598542830,1.0000000000,0.8416000000,250.0000000000,0,0,0,24,0
928,100,0,3,100,100,0,0,0,0,0,100,100,0.0224417395,18.5703408139,33.3333333333,14.5598542830,1.0000000000,0.8416000000,250.0000000000,0,0,0,24,0
929,100,0,3,100,100,0,0,0,0,0,100,100,0.0224417395,18.5478990744,33.3333333333,14.5598542830,1.0000000000,0.8416000000,250.0000000000,0,0,0,24,0
930,100,0,3,100,100,0,0,0,0,0,100,100,0.0224417395,18.5254573349,33.3333333333,14.5598542830,1.0000000000,0.8416000000,250.0000000000,0,0,0,24,0
931,100,0,1,100,100,0,0,1,101,297,100,100,0.0269707262,18.4984866086,100.0000000000,9.6785457313,1.0000000000,0.9644160000,218.1631163315,0,0,0,84,0
932,100,0,1,100,100,0,0,0,0,0,100,100,0.0165958060,18.4818908026,100.0000000000,9.6785457313,1.0000000000,0.8416000000,250.0000000000,0,0,0,84,0
933,100,0,1,100,100,0,0,0,0,0,100,100,0.0165958060,18.4652949965,100.0000000000,9.6785457313,1.0000000000,0.8416000000,250.0000000000,0,0,0,84,0
934,100,0,1,100,100,0,0,0,0,0,100,100,0.0165958060,18.4486991905,100.0000000000,9.6785457313,1.0000000000,0.8416000000,250.0000000000,0,0,0,84,0
935,100,0,1,100,100,0,0,0,0,0,100,100,0.0165958060,18.4321033844,100.0000000000,9.6785457313,1.0000000000,0.8416000000,250.0000000000,0,0,0,84,0
936,100,0,2,100,100,0,0,1,102,394,100,100,0.0299284593,18.4021749252,50.0000000000,11.7825629544,1.0000000000,0.9656320000,217.8883881230,0,0,0,58,0
937,100,0,2,100,100,0,0,0,0,0,100,100,0.0188601956,18.3833147296,50.0000000000,11.7825629544,1.0000000000,0.8416000000,250.0000000000,0,0,0,58,0
938,100,0,2,100,100,0,0,0,0,0,100,100,0.0188601956,18.3644545340,50.0000000000,11.7825629544,1.0000000000,0.8416000000,250.0000000000,0,0,0,58,0
939,100,0,2,100,100,0,0,0,0,0,100,100,0.0188601956,18.3455943384,50.0000000000,11.7825629544,1.0000000000,0.8416000000,250.0000000000,0,0,0,58,0
940,100,0,2,100,100,0,0,0,0,0,100,100,0.0188601956,18.3267341428,50.0000000000,11.7825629544,1.0000000000,0.8416000000,250.0000000000,0,0,0,58,0
941,100,0,1,100,100,0,0,1,101,297,100,100,0.0286265259,18.2981076169,100.0000000000,11.6142224579,1.0000000000,0.9644160000,218.1631163315,0,0,0,61,0
942,100,0,1,100,100,0,0,0,0,0,100,100,0.0194854888,18.2786221282,100.0000000000,11.6142224579,1.0000000000,0.8416000000,250.0000000000,0,0,0,61,0
943,100,0,1,100,100,0,0,0,0,0,100,100,0.0194854888,18.2591366394,100.0000000000,11.6142224579,1.0000000000,0.8416000000,250.0000000000,0,0,0,61,0
944,100,0,1,100,100,0,0,0,0,0,100,100,0.0194854888,18.2396511507,100.0000000000,11.6142224579,1.0000000000,0.8416000000,250.0000000000,0,0,0,61,0
945,100,0,1,100,100,0,0,0,0,0,100,100,0.0194854888,18.2201656619,100.0000000000,11.6142224579,1.0000000000,0.8416000000,250.0000000000,0,0,0,61,0
946,100,0,2,100,100,0,0,1,102,394,100,100,0.0287952590,18.1913704029,50.0000000000,10.3518258051,1.0000000000,0.9656320000,217.8883881230,0,0,0,75,0
947,100,0,2,100,100,0,0,0,0,0,100,100,0.0175763203,18.1737940826,50.0000000000,10.3518258051,1.0000000000,0.8416000000,250.0000000000,0,0,0,75,0
948,100,0,2,100,100,0,0,0,0,0,100,100,0.0175763203,18.1562177623,50.0000000000,10.3518258051,1.0000000000,0.8416000000,250.0000000000,0,0,0,75,0
949,100,0,2,100,100,0,0,0,0,0,100,100,0.0175763203,18.1386414420,50.0000000000,10.3518258051,1.0000000000,0.8416000000,250.0000000000,0,0,0,75,0
950,100,0,2,100,100,0,0,0,0,0,100,100,0.0175763203,18.1210651216,50.0000000000,10.3518258051,1.0000000000,0.8416000000,250.0000000000,0,0,0,75,0
951,100,0,2,100,100,0,0,1,102,394,100,100,0.0314888943,18.0895762273,50.0000000000,12.9608063024,1.0000000000,0.9656320000,217.8883881230,0,0,0,44,0
952,100,0,2,100,100,0,0,0,0,0,100,100,0.0207506970,18.0688255303,50.0000000000,12.9608063024,1.0000000000,0.8416000000,250.0000000000,0,0,0,44,0
953,100,0,2,100,100,0,0,0,0,0,100,100,0.0207506970,18.0480748333,50.0000000000,12.9608063024,1.0000000000,0.8416000000,250.0000000000,0,0,0,44,0
954,100,0,2,100,100,0,0,0,0,0,100,100,0.0207506970,18.0273241363,50.0000000000,12.9608063024,1.0000000000,0.8416000000,250.0000000000,0,0,0,44,0
955,100,0,2,100,100,0,0,0,0,0,100,100,0.0207506970,18.0065734393,50.0000000000,12.9608063024,1.0000000000,0.8416000000,250.0000000000,0,0,0,44,0
956,100,0,4,100,100,0,0,1,104,588,100,100,0.0352759905,17.9712974489,25.0000000000,13.6341057105,1.0000000000,0.9680640000,217.3410022478,0,0,0,34,0
957,100,0,4,100,100,0,0,0,0,0,100,100,0.0210783757,17.9502190732,25.0000000000,13.6341057105,1.0000000000,0.8416000000,250.0000000000,0,0,0,34,0
958,100,0,4,100,100,0,0,0,0,0,100,100,0.0210783757,17.9291406976,25.0000000000,13.6341057105,1.0000000000,0.8416000000,250.0000000000,0,0,0,34,0
959,100,0,4,100,100,0,0,0,0,0,100,100,0.0210783757,17.9080623219,25.0000000000,13.6341057105,1.0000000000,0.8416000000,250.0000000000,0,0,0,34,0
960,100,0,4,100,100,0,0,0,0,0,100,100,0.0210783757,17.8869839462,25.0000000000,13.6341057105,1.0000000000,0.8416000000,250.0000000000,0,0,0,34,0
961,100,0,4,100,100,0,0,1,104,588,100,100,0.0353455810,17.8516383653,25.0000000000,13.4657667150,1.0000000000,0.9680640000,217.3410022478,0,0,0,36,0
962,100,0,4,100,100,0,0,0,0,0,100,100,0.0211139427,17.8305244226,25.0000000000,13.4657667150,1.0000000000,0.8416000000,250.0000000000,0,0,0,36,0
963,100,0,4,100,100,0,0,0,0,0,100,100,0.0211139427,17.8094104800,25.0000000000,13.4657667150,1.0000000000,0.8416000000,250.0000000000,0,0,0,36,0
964,100,0,4,100,100,0,0,0,0,0,100,100,0.0211139427,17.7882965373,25.0000000000,13.4657667150,1.0000000000,0.8416000000,250.0000000000,0,0,0,36,0
965,100,0,4,100,100,0,0,0,0,0,100,100,0.0211139427,17.7671825947,25.0000000000,13.4657667150,1.0000000000,0.8416000000,250.0000000000,0,0,0,36,0
966,100,0,3,100,100,0,0,1,103,491,100,100,0.0322835461,17.7348990485,33.3333333333,12.2875275765,1.0000000000,0.9668480000,217.6143509631,0,0,0,51,0
967,100,0,3,100,100,0,0,0,0,0,100,100,0.0196994012,17.7151996473,33.3333333333,12.2875275765,1.0000000000,0.8416000000,250.0000000000,0,0,0,51,0
968,100,0,3,100,100,0,0,0,0,0,100,100,0.0196994012,17.6955002461,33.3333333333,12.2875275765,1.0000000000,0.8416000000,250.0000000000,0,0,0,51,0
969,100,0,3,100,100,0,0,0,0,0,100,100,0.0196994012,17.6758008448,33.3333333333,12.2875275765,1.0000000000,0.8416000000,250.0000000000,0,0,0,51,0
970,100,0,3,100,100,0,0,0,0,0,100,100,0.0196994012,17.6561014436,33.3333333333,12.2875275765,1.0000000000,0.8416000000,250.0000000000,0,0,0,51,0
971,100,0,1,100,100,0,0,1,101,297,100,100,0.0270013669,17.6291000767,100.0000000000,10.2676662089,1.0000000000,0.9644160000,218.1631163315,0,0,0,77,0
972,100,0,1,100,100,0,0,0,0,0,100,100,0.0173350034,17.6117650734,100.0000000000,10.2676662089,1.0000000000,0.8416000000,250.0000000000,0,0,0,77,0
973,100,0,1,100,100,0,0,0,0,0,100,100,0.0173350034,17.5944300700,100.0000000000,10.2676662089,1.0000000000,0.8416000000,250.0000000000,0,0,0,77,0
974,100,0,1,100,100,0,0,0,0,0,100,100,0.0173350034,17.5770950666,100.0000000000,10.2676662089,1.0000000000,0.8416000000,250.0000000000,0,0,0,77,0
975,100,0,1,100,100,0,0,0,0,0,100,100,0.0173350034,17.5597600633,100.0000000000,10.2676662089,1.0000000000,0.8416000000,250.0000000000,0,0,0,77,0
976,100,0,5,100,100,0,0,1,105,685,100,100,0.0386555270,17.5211045363,20.0000000000,15.1489670055,1.0000000000,0.9692800000,217.0683393859,0,0,0,15,0
977,100,0,5,100,100,0,0,0,0,0,100,100,0.0228109789,17.4982935574,20.0000000000,15.1489670055,1.0000000000,0.8416000000,250.0000000000,0,0,0,15,0
978,100,0,5,100,100,0,0,0,0,0,100,100,0.0228109789,17.4754825785,20.0000000000,15.1489670055,1.0000000000,0.8416000000,250.0000000000,0,0,0,15,0
979,100,0,5,100,100,0,0,0,0,0,100,100,0.0228109789,17.4526715996,20.0000000000,15.1489670055,1.0000000000,0.8416000000,250.0000000000,0,0,0,15,0
980,100,0,5,100,100,0,0,0,0,0,100,100,0.0228109789,17.4298606207,20.0000000000,15.1489670055,1.0000000000,0.8416000000,250.0000000000,0,0,0,15,0
981,100,0,7,100,100,0,0,1,107,879,100,100,0.0432989096,17.3865617111,14.2857142857,15.6539403335,1.0000000000,0.9717120000,216.5250609234,0,0,0,7,0
982,100,0,7,100,100,0,0,0,0,0,100,100,0.0238546175,17.3627070936,14.2857142857,15.6539403335,1.0000000000,0.8416000000,250.0000000000,0,0,0,7,0
983,100,0,7,100,100,0,0,0,0,0,100,100,0.0238546175,17.3388524761,14.2857142857,15.6539403335,1.0000000000,0.8416000000,250.0000000000,0,0,0,7,0
984,100,0,7,100,100,0,0,0,0,0,100,100,0.0238546175,17.3149978587,14.2857142857,15.6539403335,1.0000000000,0.8416000000,250.0000000000,0,0,0,7,0
985,100,0,7,100,100,0,0,0,0,0,100,100,0.0238546175,17.2911432412,14.2857142857,15.6539403335,1.0000000000,0.8416000000,250.0000000000,0,0,0,7,0
986,100,0,8,100,100,0,0,1,107,976,100,100,0.0434071874,17.2477360539,12.5000000000,14.8123365284,1.0000000000,0.9717120000,216.5250609234,0,0,0,16,0
987,100,0,8,100,100,0,0,0,0,0,100,100,0.0222286098,17.2255074441,12.5000000000,14.8123365284,1.0000000000,0.8416000000,250.0000000000,0,0,0,16,0
988,100,0,8,100,100,0,0,0,0,0,100,100,0.0222286098,17.2032788343,12.5000000000,14.8123365284,1.0000000000,0.8416000000,250.0000000000,0,0,0,16,0
989,100,0,8,100,100,0,0,0,0,0,100,100,0.0222286098,17.1810502245,12.5000000000,14.8123365284,1.0000000000,0.8416000000,250.0000000000,0,0,0,16,0
990,100,0,8,100,100,0,0,0,0,0,100,100,0.0222286098,17.1588216147,12.5000000000,14.8123365284,1.0000000000,0.8416000000,250.0000000000,0,0,0,16,0
991,100,0,9,100,100,0,0,1,109,1073,100,100,0.0455945108,17.1132271039,11.1111111111,15.2331192235,1.0000000000,0.9741440000,215.9844951054,0,0,0,10,0
992,100,0,9,100,100,0,0,0,0,0,100,100,0.0226421889,17.0905849149,11.1111111111,15.2331192235,1.0000000000,0.8416000000,250.0000000000,0,0,0,10,0
993,100,0,9,100,100,0,0,0,0,0,100,100,0.0226421889,17.0679427260,11.1111111111,15.2331192235,1.0000000000,0.8416000000,250.0000000000,0,0,0,10,0
994,100,0,9,100,100,0,0,0,0,0,100,100,0.0226421889,17.0453005371,11.1111111111,15.2331192235,1.0000000000,0.8416000000,250.0000000000,0,0,0,10,0
995,100,0,9,100,100,0,0,0,0,0,100,100,0.0226421889,17.0226583481,11.1111111111,15.2331192235,1.0000000000,0.8416000000,250.0000000000,0,0,0,10,0
996,100,0,15,100,100,0,0,1,115,1655,100,100,0.0571432037,16.9655151445,6.6666666667,15.4014373936,1.0000000000,0.9814400000,214.3788718618,0,0,0,2,0
997,100,0,15,100,100,0,0,0,0,0,100,100,0.0233750742,16.9421400702,6.6666666667,15.4014373936,1.0000000000,0.8416000000,250.0000000000,0,0,0,2,0
998,100,0,15,100,100,0,0,0,0,0,100,100,0.0233750742,16.9187649960,6.6666666667,15.4014373936,1.0000000000,0.8416000000,250.0000000000,0,0,0,2,0
999,100,0,15,100,100,0,0,0,0,0,100,100,0.0233750742,16.8953899218,6.6666666667,15.4014373936,1.0000000000,0.8416000000,250.0000000000,0,0,0,2,0
1000,100,0,15,100,100,0,0,0,0,0,100,100,0.0233750742,16.8720148476,6.6666666667,15.4014373936,1.0000000000,0.8416000000,250.0000000000,0,0,0,2,0
1001,100,0,2,100,100,0,0,1,102,394,100,100,0.0291217933,16.8428930543,50.0000000000,10.6043195854,1.0000000000,0.9656320000,217.8883881230,0,0,0,72,0
1002,100,0,2,100,100,0,0,0,0,0,100,100,0.0176926843,16.8252003700,50.0000000000,10.6043195854,1.0000000000,0.8416000000,250.0000000000,0,0,0,72,0
1003,100,0,2,100,100,0,0,0,0,0,100,100,0.0176926843,16.8075076857,50.0000000000,10.6043195854,1.0000000000,0.8416000000,250.0000000000,0,0,0,72,0
1004,100,0,2,100,100,0,0,0,0,0,100,100,0.0176926843,16.7898150015,50.0000000000,10.6043195854,1.0000000000,0.8416000000,250.0000000000,0,0,0,72,0
1005,100,0,2,100,100,0,0,0,0,0,100,100,0.0176926843,16.7721223172,50.0000000000,10.6043195854,1.0000000000,0.8416000000,250.0000000000,0,0,0,72,0
1006,100,0,2,100,100,0,0,1,102,394,100,100,0.0296365792,16.7424857380,50.0000000000,11.1092737653,1.0000000000,0.9656320000,217.8883881230,0,0,0,66,0
1007,100,0,2,100,100,0,0,0,0,0,100,100,0.0183434718,16.7241422663,50.0000000000,11.1092737653,1.0000000000,0.8416000000,250.0000000000,0,0,0,66,0
1008,100,0,2,100,100,0,0,0,0,0,100,100,0.0183434718,16.7057987945,50.0000000000,11.1092737653,1.0000000000,0.8416000000,250.0000000000,0,0,0,66,0
1009,100,0,2,100,100,0,0,0,0,0,100,100,0.0183434718,16.6874553227,50.0000000000,11.1092737653,1.0000000000,0.8416000000,250.0000000000,0,0,0,66,0
1010,100,0,2,100,100,0,0,0,0,0,100,100,0.0183434718,16.6691118510,50.0000000000,11.1092737653,1.0000000000,0.8416000000,250.0000000000,0,0,0,66,0
1011,100,0,2,100,100,0,0,1,102,394,100,100,0.0324440535,16.6366677974,50.0000000000,13.6340825692,1.0000000000,0.9656320000,217.8883881230,0,0,0,36,0
1012,100,0,2,100,100,0,0,0,0,0,100,100,0.0216957026,16.6149720948,50.0000000000,13.6340825692,1.0000000000,0.8416000000,250.0000000000,0,0,0,36,0
1013,100,0,2,100,100,0,0,0,0,0,100,100,0.0216957026,16.5932763922,50.0000000000,13.6340825692,1.0000000000,0.8416000000,250.0000000000,0,0,0,36,0
1014,100,0,2,100,100,0,0,0,0,0,100,100,0.0216957026,16.5715806895,50.0000000000,13.6340825692,1.0000000000,0.8416000000,250.0000000000,0,0,0,36,0
1015,100,0,2,100,100,0,0,0,0,0,100,100,0.0216957026,16.5498849869,50.0000000000,13.6340825692,1.0000000000,0.8416000000,250.0000000000,0,0,0,36,0
1016,100,0,1,100,100,0,0,1,101,297,100,100,0.0287227034,16.5211622835,100.0000000000,11.7825479404,1.0000000000,0.9644160000,218.1631163315,0,0,0,59,0
1017,100,0,1,100,100,0,0,0,0,0,100,100,0.0194926781,16.5016696054,100.0000000000,11.7825479404,1.0000000000,0.8416000000,250.0000000000,0,0,0,59,0
1018,100,0,1,100,100,0,0,0,0,0,100,100,0.0194926781,16.4821769273,100.0000000000,11.7825479404,1.0000000000,0.8416000000,250.0000000000,0,0,0,59,0
1019,100,0,1,100,100,0,0,0,0,0,100,100,0.0194926781,16.4626842492,100.0000000000,11.7825479404,1.0000000000,0.8416000000,250.0000000000,0,0,0,59,0
1020,100,0,1,100,100,0,0,0,0,0,100,100,0.0194926781,16.4431915712,100.0000000000,11.7825479404,1.0000000000,0.8416000000,250.0000000000,0,0,0,59,0
1021,100,0,2,100,100,0,0,1,102,394,100,100,0.0293258505,16.4138657207,50.0000000000,10.8567997083,1.0000000000,0.9656320000,217.8883881230,0,0,0,69,0
1022,100,0,2,100,100,0,0,0,0,0,100,100,0.0179255341,16.3959401866,50.0000000000,10.8567997083,1.0000000000,0.8416000000,250.0000000000,0,0,0,69,0
1023,100,0,2,100,100,0,0,0,0,0,100,100,0.0179255341,16.3780146526,50.0000000000,10.8567997083,1.0000000000,0.8416000000,250.0000000000,0,0,0,69,0
1024,100,0,2,100,100,0,0,0,0,0,100,100,0.0179255341,16.3600891185,50.0000000000,10.8567997083,1.0000000000,0.8416000000,250.0000000000,0,0,0,69,0
1025,100,0,2,100,100,0,0,0,0,0,100,100,0.0179255341,16.3421635844,50.0000000000,10.8567997083,1.0000000000,0.8416000000,250.0000000000,0,0,0,69,0
1026,100,0,1,100,100,0,0,1,101,297,100,100,0.0277650594,16.3143985251,100.0000000000,10.9409550624,1.0000000000,0.9644160000,218.1631163315,0,0,0,69,0
1027,100,0,1,100,100,0,0,0,0,0,100,100,0.0182245023,16.2961740227,100.0000000000,10.9409550624,1.0000000000,0.8416000000,250.0000000000,0,0,0,69,0
1028,100,0,1,100,100,0,0,0,0,0,100,100,0.0182245023,16.2779495204,100.0000000000,10.9409550624,1.0000000000,0.8416000000,250.0000000000,0,0,0,69,0
1029,100,0,1,100,100,0,0,0,0,0,100,100,0.0182245023,16.2597250181,100.0000000000,10.9409550624,1.0000000000,0.8416000000,250.0000000000,0,0,0,69,0
1030,100,0,1,100,100,0,0,0,0,0,100,100,0.0182245023,16.2415005157,100.0000000000,10.9409550624,1.0000000000,0.8416000000,250.0000000000,0,0,0,69,0
1031,100,0,1,100,100,0,0,1,101,297,100,100,0.0274515111,16.2140490046,100.0000000000,10.6884709914,1.0000000000,0.9644160000,218.1631163315,0,0,0,72,0
1032,100,0,1,100,100,0,0,0,0,0,100,100,0.0177927159,16.1962562887,100.0000000000,10.6884709914,1.0000000000,0.8416000000,250.0000000000,0,0,0,72,0
1033,100,0,1,100,100,0,0,0,0,0,100,100,0.0177927159,16.1784635728,100.0000000000,10.6884709914,1.0000000000,0.8416000000,250.0000000000,0,0,0,72,0
1034,100,0,1,100,100,0,0,0,0,0,100,100,0.0177927159,16.1606708569,100.0000000000,10.6884709914,1.0000000000,0.8416000000,250.0000000000,0,0,0,72,0
1035,100,0,1,100,100,0,0,0,0,0,100,100,0.0177927159,16.1428781410,100.0000000000,10.6884709914,1.0000000000,0.8416000000,250.0000000000,0,0,0,72,0
1036,100,0,3,100,100,0,0,1,103,491,100,100,0.0345873981,16.1082907429,33.3333333333,13.8865668076,1.0000000000,0.9668480000,217.6143509631,0,0,0,32,0
1037,100,0,3,100,100,0,0,0,0,0,100,100,0.0221264289,16.0861643140,33.3333333333,13.8865668076,1.0000000000,0.8416000000,250.0000000000,0,0,0,32,0
1038,100,0,3,100,100,0,0,0,0,0,100,100,0.0221264289,16.0640378851,33.3333333333,13.8865668076,1.0000000000,0.8416000000,250.0000000000,0,0,0,32,0
1039,100,0,3,100,100,0,0,0,0,0,100,100,0.0221264289,16.0419114561,33.3333333333,13.8865668076,1.0000000000,0.8416000000,250.0000000000,0,0,0,32,0
1040,100,0,3,100,100,0,0,0,0,0,100,100,0.0221264289,16.0197850272,33.3333333333,13.8865668076,1.0000000000,0.8416000000,250.0000000000,0,0,0,32,0
1041,100,0,1,100,100,0,0,1,101,297,100,100,0.0267707666,15.9930142605,100.0000000000,9.6785432925,1.0000000000,0.9644160000,218.1631163315,0,0,0,84,0
1042,100,0,1,100,100,0,0,0,0,0,100,100,0.0166473833,15.9763668772,100.0000000000,9.6785432925,1.0000000000,0.8416000000,250.0000000000,0,0,0,84,0
1043,100,0,1,100,100,0,0,0,0,0,100,100,0.0166473833,15.9597194939,100.0000000000,9.6785432925,1.0000000000,0.8416000000,250.0000000000,0,0,0,84,0
1044,100,0,1,100,100,0,0,0,0,0,100,100,0.0166473833,15.9430721106,100.0000000000,9.6785432925,1.0000000000,0.8416000000,250.0000000000,0,0,0,84,0
1045,100,0,1,100,100,0,0,0,0,0,100,100,0.0166473833,15.9264247272,100.0000000000,9.6785432925,1.0000000000,0.8416000000,250.0000000000,0,0,0,84,0
1046,100,0,2,100,100,0,0,1,102,394,100,100,0.0309720143,15.8954527129,50.0000000000,12.3716765780,1.0000000000,0.9656320000,217.8883881230,0,0,0,51,0
1047,100,0,2,100,100,0,0,0,0,0,100,100,0.0200700851,15.8753826279,50.0000000000,12.3716765780,1.0000000000,0.8416000000,250.0000000000,0,0,0,51,0
1048,100,0,2,100,100,0,0,0,0,0,100,100,0.0200700851,15.8553125428,50.0000000000,12.3716765780,1.0000000000,0.8416000000,250.0000000000,0,0,0,51,0
1049,100,0,2,100,100,0,0,0,0,0,100,100,0.0200700851,15.8352424577,50.0000000000,12.3716765780,1.0000000000,0.8416000000,250.0000000000,0,0,0,51,0
1050,100,0,2,100,100,0,0,0,0,0,100,100,0.0200700851,15.8151723726,50.0000000000,12.3716765780,1.0000000000,0.8416000000,250.0000000000,0,0,0,51,0
1051,100,0,2,100,100,0,0,1,102,394,100,100,0.0305076340,15.7846647386,50.0000000000,12.2033753047,1.0000000000,0.9656320000,217.8883881230,0,0,0,53,0
1052,100,0,2,100,100,0,0,0,0,0,100,100,0.0195848481,15.7650798906,50.0000000000,12.2033753047,1.0000000000,0.8416000000,250.0000000000,0,0,0,53,0
1053,100,0,2,100,100,0,0,0,0,0,100,100,0.0195848481,15.7454950425,50.0000000000,12.2033753047,1.0000000000,0.8416000000,250.0000000000,0,0,0,53,0
1054,100,0,2,100,100,0,0,0,0,0,100,100,0.0195848481,15.7259101944,50.0000000000,12.2033753047,1.0000000000,0.8416000000,250.0000000000,0,0,0,53,0
1055,100,0,2,100,100,0,0,0,0,0,100,100,0.0195848481,15.7063253464,50.0000000000,12.2033753047,1.0000000000,0.8416000000,250.0000000000,0,0,0,53,0
1056,100,0,3,100,100,0,0,1,103,491,100,100,0.0329703775,15.6733549689,33.3333333333,12.7083187754,1.0000000000,0.9668480000,217.6143509631,0,0,0,46,0
1057,100,0,3,100,100,0,0,0,0,0,100,100,0.0203714508,15.6529835181,33.3333333333,12.7083187754,1.0000000000,0.8416000000,250.0000000000,0,0,0,46,0
1058,100,0,3,100,100,0,0,0,0,0,100,100,0.0203714508,15.6326120673,33.3333333333,12.7083187754,1.0000000000,0.8416000000,250.0000000000,0,0,0,46,0
1059,100,0,3,100,100,0,0,0,0,0,100,100,0.0203714508,15.6122406165,33.3333333333,12.7083187754,1.0000000000,0.8416000000,250.0000000000,0,0,0,46,0
1060,100,0,3,100,100,0,0,0,0,0,100,100,0.0203714508,15.5918691657,33.3333333333,12.7083187754,1.0000000000,0.8416000000,250.0000000000,0,0,0,46,0
1061,100,0,2,100,100,0,0,1,102,394,100,100,0.0306647336,15.5612044321,50.0000000000,11.9508693443,1.0000000000,0.9656320000,217.8883881230,0,0,0,56,0
1062,100,0,2,100,100,0,0,0,0,0,100,100,0.0197275571,15.5414768750,50.0000000000,11.9508693443,1.0000000000,0.8416000000,250.0000000000,0,0,0,56,0
1063,100,0,2,100,100,0,0,0,0,0,100,100,0.0197275571,15.5217493180,50.0000000000,11.9508693443,1.0000000000,0.8416000000,250.0000000000,0,0,0,56,0
1064,100,0,2,100,100,0,0,0,0,0,100,100,0.0197275571,15.5020217609,50.0000000000,11.9508693443,1.0000000000,0.8416000000,250.0000000000,0,0,0,56,0
1065,100,0,2,100,100,0,0,0,0,0,100,100,0.0197275571,15.4822942038,50.0000000000,11.9508693443,1.0000000000,0.8416000000,250.0000000000,0,0,0,56,0
1066,100,0,2,100,100,0,0,1,102,394,100,100,0.0300210123,15.4522731915,50.0000000000,11.3617568171,1.0000000000,0.9656320000,217.8883881230,0,0,0,63,0
1067,100,0,2,100,100,0,0,0,0,0,100,100,0.0188575891,15.4334156024,50.0000000000,11.3617568171,1.0000000000,0.8416000000,250.0000000000,0,0,0,63,0
1068,100,0,2,100,100,0,0,0,0,0,100,100,0.0188575891,15.4145580134,50.0000000000,11.3617568171,1.0000000000,0.8416000000,250.0000000000,0,0,0,63,0
1069,100,0,2,100,100,0,0,0,0,0,100,100,0.0188575891,15.3957004243,50.0000000000,11.3617568171,1.0000000000,0.8416000000,250.0000000000,0,0,0,63,0
1070,100,0,2,100,100,0,0,0,0,0,100,100,0.0188575891,15.3768428353,50.0000000000,11.3617568171,1.0000000000,0.8416000000,250.0000000000,0,0,0,63,0
1071,100,0,2,100,100,0,0,1,102,394,100,100,0.0290690851,15.3477737501,50.0000000000,10.6043178317,1.0000000000,0.9656320000,217.8883881230,0,0,0,72,0
1072,100,0,2,100,100,0,0,0,0,0,100,100,0.0176674598,15.3301062903,50.0000000000,10.6043178317,1.0000000000,0.8416000000,250.0000000000,0,0,0,72,0
1073,100,0,2,100,100,0,0,0,0,0,100,100,0.0176674598,15.3124388305,50.0000000000,10.6043178317,1.0000000000,0.8416000000,250.0000000000,0,0,0,72,0
1074,100,0,2,100,100,0,0,0,0,0,100,100,0.0176674598,15.2947713707,50.0000000000,10.6043178317,1.0000000000,0.8416000000,250.0000000000,0,0,0,72,0
1075,100,0,2,100,100,0,0,0,0,0,100,100,0.0176674598,15.2771039109,50.0000000000,10.6043178317,1.0000000000,0.8416000000,250.0000000000,0,0,0,72,0
1076,100,0,7,100,100,0,0,1,107,879,100,100,0.0398837650,15.2372201459,14.2857142857,13.1291257896,1.0000000000,0.9717120000,216.5250609234,0,0,0,37,0
1077,100,0,7,100,100,0,0,0,0,0,100,100,0.0202561708,15.2169639752,14.2857142857,13.1291257896,1.0000000000,0.8416000000,250.0000000000,0,0,0,37,0
1078,100,0,7,100,100,0,0,0,0,0,100,100,0.0202561708,15.1967078044,14.2857142857,13.1291257896,1.0000000000,0.8416000000,250.0000000000,0,0,0,37,0
1079,100,0,7,100,100,0,0,0,0,0,100,100,0.0202561708,15.1764516336,14.2857142857,13.1291257896,1.0000000000,0.8416000000,250.0000000000,0,0,0,37,0
1080,100,0,7,100,100,0,0,0,0,0,100,100,0.0202561708,15.1561954629,14.2857142857,13.1291257896,1.0000000000,0.8416000000,250.0000000000,0,0,0,37,0
1081,100,0,6,100,100,0,0,1,106,782,100,100,0.0389438068,15.1172516560,16.6666666667,13.6340898849,1.0000000000,0.9704960000,216.7963597995,0,0,0,32,0
1082,100,0,6,100,100,0,0,0,0,0,100,100,0.0211355862,15.0961160698,16.6666666667,13.6340898849,1.0000000000,0.8416000000,250.0000000000,0,0,0,32,0
1083,100,0,6,100,100,0,0,0,0,0,100,100,0.0211355862,15.0749804836,16.6666666667,13.6340898849,1.0000000000,0.8416000000,250.0000000000,0,0,0,32,0
1084,100,0,6,100,100,0,0,0,0,0,100,100,0.0211355862,15.0538448974,16.6666666667,13.6340898849,1.0000000000,0.8416000000,250.0000000000,0,0,0,32,0
1085,100,0,6,100,100,0,0,0,0,0,100,100,0.0211355862,15.0327093112,16.6666666667,13.6340898849,1.0000000000,0.8416000000,250.0000000000,0,0,0,32,0
1086,100,0,8,100,100,0,0,1,108,976,100,100,0.0443494933,14.9883598180,12.5000000000,15.2331503494,1.0000000000,0.9729280000,216.2544402052,0,0,0,11,0
1087,100,0,8,100,100,0,0,0,0,0,100,100,0.0231183051,14.9652415129,12.5000000000,15.2331503494,1.0000000000,0.8416000000,250.0000000000,0,0,0,11,0
1088,100,0,8,100,100,0,0,0,0,0,100,100,0.0231183051,14.9421232078,12.5000000000,15.2331503494,1.0000000000,0.8416000000,250.0000000000,0,0,0,11,0
1089,100,0,8,100,100,0,0,0,0,0,100,100,0.0231183051,14.9190049028,12.5000000000,15.2331503494,1.0000000000,0.8416000000,250.0000000000,0,0,0,11,0
1090,100,0,8,100,100,0,0,0,0,0,100,100,0.0231183051,14.8958865977,12.5000000000,15.2331503494,1.0000000000,0.8416000000,250.0000000000,0,0,0,11,0
1091,100,0,4,100,100,0,0,1,104,588,100,100,0.0347156378,14.8611709599,25.0000000000,13.1291224991,1.0000000000,0.9680640000,217.3410022478,0,0,0,40,0
1092,100,0,4,100,100,0,0,0,0,0,100,100,0.0204151561,14.8407558038,25.0000000000,13.1291224991,1.0000000000,0.8416000000,250.0000000000,0,0,0,40,0
1093,100,0,4,100,100,0,0,0,0,0,100,100,0.0204151561,14.8203406477,25.0000000000,13.1291224991,1.0000000000,0.8416000000,250.0000000000,0,0,0,40,0
1094,100,0,4,100,100,0,0,0,0,0,100,100,0.0204151561,14.7999254916,25.0000000000,13.1291224991,1.0000000000,0.8416000000,250.0000000000,0,0,0,40,0
1095,100,0,4,100,100,0,0,0,0,0,100,100,0.0204151561,14.7795103355,25.0000000000,13.1291224991,1.0000000000,0.8416000000,250.0000000000,0,0,0,40,0
1096,100,0,14,100,100,0,0,1,114,1558,100,100,0.0552639181,14.7242464174,7.1428571429,15.5697597614,1.0000000000,0.9802240000,214.6448158788,0,0,0,1,0
1097,100,0,14,100,100,0,0,0,0,0,100,100,0.0233401995,14.7009062179,7.1428571429,15.5697597614,1.0000000000,0.8416000000,250.0000000000,0,0,0,1,0
1098,100,0,14,100,100,0,0,0,0,0,100,100,0.0233401995,14.6775660184,7.1428571429,15.5697597614,1.0000000000,0.8416000000,250.0000000000,0,0,0,1,0
1099,100,0,14,100,100,0,0,0,0,0,100,100,0.0233401995,14.6542258189,7.1428571429,15.5697597614,1.0000000000,0.8416000000,250.0000000000,0,0,0,1,0
1100,100,0,14,100,100,0,0,0,0,0,100,100,0.0233401995,14.6308856194,7.1428571429,15.5697597614,1.0000000000,0.8416000000,250.0000000000,0,0,0,1,0
1101,100,0,1,100,100,0,0,1,101,297,100,100,0.0280989480,14.6027866714,100.0000000000,11.1092784808,1.0000000000,0.9644160000,218.1631163315,0,0,0,67,0
1102,100,0,1,100,100,0,0,0,0,0,100,100,0.0185357182,14.5842509532,100.0000000000,11.1092784808,1.0000000000,0.8416000000,250.0000000000,0,0,0,67,0
1103,100,0,1,100,100,0,0,0,0,0,100,100,0.0185357182,14.5657152351,100.0000000000,11.1092784808,1.0000000000,0.8416000000,250.0000000000,0,0,0,67,0
1104,100,0,1,100,100,0,0,0,0,0,100,100,0.0185357182,14.5471795169,100.0000000000,11.1092784808,1.0000000000,0.8416000000,250.0000000000,0,0,0,67,0
1105,100,0,1,100,100,0,0,0,0,0,100,100,0.0185357182,14.5286437987,100.0000000000,11.1092784808,1.0000000000,0.8416000000,250.0000000000,0,0,0,67,0
1106,100,0,1,100,100,0,0,1,101,297,100,100,0.0277874823,14.5008563164,100.0000000000,11.1092668015,1.0000000000,0.9644160000,218.1631163315,0,0,0,67,0
1107,100,0,1,100,100,0,0,0,0,0,100,100,0.0183939113,14.4824624051,100.0000000000,11.1092668015,1.0000000000,0.8416000000,250.0000000000,0,0,0,67,0
1108,100,0,1,100,100,0,0,0,0,0,100,100,0.0183939113,14.4640684937,100.0000000000,11.1092668015,1.0000000000,0.8416000000,250.0000000000,0,0,0,67,0
1109,100,0,1,100,100,0,0,0,0,0,100,100,0.0183939113,14.4456745824,100.0000000000,11.1092668015,1.0000000000,0.8416000000,250.0000000000,0,0,0,67,0
1110,100,0,1,100,100,0,0,0,0,0,100,100,0.0183939113,14.4272806710,100.0000000000,11.1092668015,1.0000000000,0.8416000000,250.0000000000,0,0,0,67,0
1111,100,0,3,100,100,0,0,1,103,491,100,100,0.0332947653,14.3939859057,33.3333333333,13.2974576379,1.0000000000,0.9668480000,217.6143509631,0,0,0,39,0
1112,100,0,3,100,100,0,0,0,0,0,100,100,0.0208010093,14.3731848964,33.3333333333,13.2974576379,1.0000000000,0.8416000000,250.0000000000,0,0,0,39,0
1113,100,0,3,100,100,0,0,0,0,0,100,100,0.0208010093,14.3523838870,33.3333333333,13.2974576379,1.0000000000,0.8416000000,250.0000000000,0,0,0,39,0
1114,100,0,3,100,100,0,0,0,0,0,100,100,0.0208010093,14.3315828777,33.3333333333,13.2974576379,1.0000000000,0.8416000000,250.0000000000,0,0,0,39,0
1115,100,0,3,100,100,0,0,0,0,0,100,100,0.0208010093,14.3107818684,33.3333333333,13.2974576379,1.0000000000,0.8416000000,250.0000000000,0,0,0,39,0
1116,100,0,2,100,100,0,0,1,102,394,100,100,0.0306399857,14.2801418826,50.0000000000,12.2875191121,1.0000000000,0.9656320000,217.8883881230,0,0,0,52,0
1117,100,0,2,100,100,0,0,0,0,0,100,100,0.0197520051,14.2603898775,50.0000000000,12.2875191121,1.0000000000,0.8416000000,250.0000000000,0,0,0,52,0
1118,100,0,2,100,100,0,0,0,0,0,100,100,0.0197520051,14.2406378724,50.0000000000,12.2875191121,1.0000000000,0.8416000000,250.0000000000,0,0,0,52,0
1119,100,0,2,100,100,0,0,0,0,0,100,100,0.0197520051,14.2208858673,50.0000000000,12.2875191121,1.0000000000,0.8416000000,250.0000000000,0,0,0,52,0
1120,100,0,2,100,100,0,0,0,0,0,100,100,0.0197520051,14.2011338623,50.0000000000,12.2875191121,1.0000000000,0.8416000000,250.0000000000,0,0,0,52,0
1121,100,0,1,100,100,0,0,1,101,297,100,100,0.0271297088,14.1740041535,100.0000000000,10.4359835627,1.0000000000,0.9644160000,218.1631163315,0,0,0,75,0
1122,100,0,1,100,100,0,0,0,0,0,100,100,0.0177005493,14.1563036042,100.0000000000,10.4359835627,1.0000000000,0.8416000000,250.0000000000,0,0,0,75,0
1123,100,0,1,100,100,0,0,0,0,0,100,100,0.0177005493,14.1386030549,100.0000000000,10.4359835627,1.0000000000,0.8416000000,250.0000000000,0,0,0,75,0
1124,100,0,1,100,100,0,0,0,0,0,100,100,0.0177005493,14.1209025057,100.0000000000,10.4359835627,1.0000000000,0.8416000000,250.0000000000,0,0,0,75,0
1125,100,0,1,100,100,0,0,0,0,0,100,100,0.0177005493,14.1032019564,100.0000000000,10.4359835627,1.0000000000,0.8416000000,250.0000000000,0,0,0,75,0
1126,100,0,4,100,100,0,0,1,104,588,100,100,0.0370307779,14.0661711785,25.0000000000,14.8965000657,1.0000000000,0.9680640000,217.3410022478,0,0,0,19,0
1127,100,0,4,100,100,0,0,0,0,0,100,100,0.0229041634,14.0432670151,25.0000000000,14.8965000657,1.0000000000,0.8416000000,250.0000000000,0,0,0,19,0
1128,100,0,4,100,100,0,0,0,0,0,100,100,0.0229041634,14.0203628517,25.0000000000,14.8965000657,1.0000000000,0.8416000000,250.0000000000,0,0,0,19,0
1129,100,0,4,100,100,0,0,0,0,0,100,100,0.0229041634,13.9974586882,25.0000000000,14.8965000657,1.0000000000,0.8416000000,250.0000000000,0,0,0,19,0
1130,100,0,4,100,100,0,0,0,0,0,100,100,0.0229041634,13.9745545248,25.0000000000,14.8965000657,1.0000000000,0.8416000000,250.0000000000,0,0,0,19,0
1131,100,0,1,100,100,0,0,1,101,297,100,100,0.0280492332,13.9465052916,100.0000000000,11.0251212667,1.0000000000,0.9644160000,218.1631163315,0,0,0,68,0
1132,100,0,1,100,100,0,0,0,0,0,100,100,0.0183882136,13.9281170780,100.0000000000,11.0251212667,1.0000000000,0.8416000000,250.0000000000,0,0,0,68,0
1133,100,0,1,100,100,0,0,0,0,0,100,100,0.0183882136,13.9097288644,100.0000000000,11.0251212667,1.0000000000,0.8416000000,250.0000000000,0,0,0,68,0
1134,100,0,1,100,100,0,0,0,0,0,100,100,0.0183882136,13.8913406508,100.0000000000,11.0251212667,1.0000000000,0.8416000000,250.0000000000,0,0,0,68,0
1135,100,0,1,100,100,0,0,0,0,0,100,100,0.0183882136,13.8729524372,100.0000000000,11.0251212667,1.0000000000,0.8416000000,250.0000000000,0,0,0,68,0
1136,100,0,1,100,100,0,0,1,101,297,100,100,0.0277832876,13.8451691497,100.0000000000,11.1092669044,1.0000000000,0.9644160000,218.1631163315,0,0,0,67,0
1137,100,0,1,100,100,0,0,0,0,0,100,100,0.0183796469,13.8267895028,100.0000000000,11.1092669044,1.0000000000,0.8416000000,250.0000000000,0,0,0,67,0
1138,100,0,1,100,100,0,0,0,0,0,100,100,0.0183796469,13.8084098559,100.0000000000,11.1092669044,1.0000000000,0.8416000000,250.0000000000,0,0,0,67,0
1139,100,0,1,100,100,0,0,0,0,0,100,100,0.0183796469,13.7900302090,100.0000000000,11.1092669044,1.0000000000,0.8416000000,250.0000000000,0,0,0,67,0
1140,100,0,1,100,100,0,0,0,0,0,100,100,0.0183796469,13.7716505621,100.0000000000,11.1092669044,1.0000000000,0.8416000000,250.0000000000,0,0,0,67,0
1141,100,0,2,100,100,0,0,1,102,394,100,100,0.0334434185,13.7382071436,50.0000000000,14.4756807938,1.0000000000,0.9656320000,217.8883881230,0,0,0,26,0
1142,100,0,2,100,100,0,0,0,0,0,100,100,0.0228138071,13.7153933365,50.0000000000,14.4756807938,1.0000000000,0.8416000000,250.0000000000,0,0,0,26,0
1143,100,0,2,100,100,0,0,0,0,0,100,100,0.0228138071,13.6925795294,50.0000000000,14.4756807938,1.0000000000,0.8416000000,250.0000000000,0,0,0,26,0
1144,100,0,2,100,100,0,0,0,0,0,100,100,0.0228138071,13.6697657223,50.0000000000,14.4756807938,1.0000000000,0.8416000000,250.0000000000,0,0,0,26,0
1145,100,0,2,100,100,0,0,0,0,0,100,100,0.0228138071,13.6469519152,50.0000000000,14.4756807938,1.0000000000,0.8416000000,250.0000000000,0,0,0,26,0
1146,100,0,2,100,100,0,0,1,102,394,100,100,0.0300460732,13.6169058420,50.0000000000,11.3617452602,1.0000000000,0.9656320000,217.8883881230,0,0,0,63,0
1147,100,0,2,100,100,0,0,0,0,0,100,100,0.0190841211,13.5978217209,50.0000000000,11.3617452602,1.0000000000,0.8416000000,250.0000000000,0,0,0,63,0
1148,100,0,2,100,100,0,0,0,0,0,100,100,0.0190841211,13.5787375998,50.0000000000,11.3617452602,1.0000000000,0.8416000000,250.0000000000,0,0,0,63,0
1149,100,0,2,100,100,0,0,0,0,0,100,100,0.0190841211,13.5596534787,50.0000000000,11.3617452602,1.0000000000,0.8416000000,250.0000000000,0,0,0,63,0
1150,100,0,2,100,100,0,0,0,0,0,100,100,0.0190841211,13.5405693577,50.0000000000,11.3617452602,1.0000000000,0.8416000000,250.0000000000,0,0,0,63,0
1151,100,0,1,100,100,0,0,1,101,297,100,100,0.0283279394,13.5122414183,100.0000000000,11.2775889181,1.0000000000,0.9644160000,218.1631163315,0,0,0,65,0
1152,100,0,1,100,100,0,0,0,0,0,100,100,0.0189553522,13.4932860661,100.0000000000,11.2775889181,1.0000000000,0.8416000000,250.0000000000,0,0,0,65,0
1153,100,0,1,100,100,0,0,0,0,0,100,100,0.0189553522,13.4743307140,100.0000000000,11.2775889181,1.0000000000,0.8416000000,250.0000000000,0,0,0,65,0
1154,100,0,1,100,100,0,0,0,0,0,100,100,0.0189553522,13.4553753618,100.0000000000,11.2775889181,1.0000000000,0.8416000000,250.0000000000,0,0,0,65,0
1155,100,0,1,100,100,0,0,0,0,0,100,100,0.0189553522,13.4364200097,100.0000000000,11.2775889181,1.0000000000,0.8416000000,250.0000000000,0,0,0,65,0
1156,100,0,1,100,100,0,0,1,101,297,100,100,0.0269447535,13.4094752562,100.0000000000,9.5943848190,1.0000000000,0.9644160000,218.1631163315,0,0,0,85,0
1157,100,0,1,100,100,0,0,0,0,0,100,100,0.0165607547,13.3929145015,100.0000000000,9.5943848190,1.0000000000,0.8416000000,250.0000000000,0,0,0,85,0
1158,100,0,1,100,100,0,0,0,0,0,100,100,0.0165607547,13.3763537468,100.0000000000,9.5943848190,1.0000000000,0.8416000000,250.0000000000,0,0,0,85,0
1159,100,0,1,100,100,0,0,0,0,0,100,100,0.0165607547,13.3597929921,100.0000000000,9.5943848190,1.0000000000,0.8416000000,250.0000000000,0,0,0,85,0
1160,100,0,1,100,100,0,0,0,0,0,100,100,0.0165607547,13.3432322373,100.0000000000,9.5943848190,1.0000000000,0.8416000000,250.0000000000,0,0,0,85,0
1161,100,0,2,100,100,0,0,1,102,394,100,100,0.0293989562,13.3138332811,50.0000000000,10.5201541576,1.0000000000,0.9656320000,217.8883881230,0,0,0,73,0
1162,100,0,2,100,100,0,0,0,0,0,100,100,0.0176215635,13.2962117176,50.0000000000,10.5201541576,1.0000000000,0.8416000000,250.0000000000,0,0,0,73,0
1163,100,0,2,100,100,0,0,0,0,0,100,100,0.0176215635,13.2785901541,50.0000000000,10.5201541576,1.0000000000,0.8416000000,250.0000000000,0,0,0,73,0
1164,100,0,2,100,100,0,0,0,0,0,100,100,0.0176215635,13.2609685905,50.0000000000,10.5201541576,1.0000000000,0.8416000000,250.0000000000,0,0,0,73,0
1165,100,0,2,100,100,0,0,0,0,0,100,100,0.0176215635,13.2433470270,50.0000000000,10.5201541576,1.0000000000,0.8416000000,250.0000000000,0,0,0,73,0
1166,100,0,4,100,100,0,0,1,104,588,100,100,0.0369976066,13.2063494204,25.0000000000,14.9806482268,1.0000000000,0.9680640000,217.3410022478,0,0,0,18,0
1167,100,0,4,100,100,0,0,0,0,0,100,100,0.0228853563,13.1834640641,25.0000000000,14.9806482268,1.0000000000,0.8416000000,250.0000000000,0,0,0,18,0
1168,100,0,4,100,100,0,0,0,0,0,100,100,0.0228853563,13.1605787077,25.0000000000,14.9806482268,1.0000000000,0.8416000000,250.0000000000,0,0,0,18,0
1169,100,0,4,100,100,0,0,0,0,0,100,100,0.0228853563,13.1376933514,25.0000000000,14.9806482268,1.0000000000,0.8416000000,250.0000000000,0,0,0,18,0
1170,100,0,4,100,100,0,0,0,0,0,100,100,0.0228853563,13.1148079951,25.0000000000,14.9806482268,1.0000000000,0.8416000000,250.0000000000,0,0,0,18,0
1171,100,0,2,100,100,0,0,1,102,394,100,100,0.0295870578,13.0852209373,50.0000000000,11.2776015705,1.0000000000,0.9656320000,217.8883881230,0,0,0,64,0
1172,100,0,2,100,100,0,0,0,0,0,100,100,0.0184674137,13.0667535236,50.0000000000,11.2776015705,1.0000000000,0.8416000000,250.0000000000,0,0,0,64,0
1173,100,0,2,100,100,0,0,0,0,0,100,100,0.0184674137,13.0482861098,50.0000000000,11.2776015705,1.0000000000,0.8416000000,250.0000000000,0,0,0,64,0
1174,100,0,2,100,100,0,0,0,0,0,100,100,0.0184674137,13.0298186961,50.0000000000,11.2776015705,1.0000000000,0.8416000000,250.0000000000,0,0,0,64,0
1175,100,0,2,100,100,0,0,0,0,0,100,100,0.0184674137,13.0113512823,50.0000000000,11.2776015705,1.0000000000,0.8416000000,250.0000000000,0,0,0,64,0
1176,100,0,2,100,100,0,0,1,102,394,100,100,0.0353611509,12.9759901314,50.0000000000,15.2331036181,1.0000000000,0.9656320000,217.8883881230,0,0,0,17,0
1177,100,0,2,100,100,0,0,0,0,0,100,100,0.0246430906,12.9513470409,50.0000000000,15.2331036181,1.0000000000,0.8416000000,250.0000000000,0,0,0,17,0
1178,100,0,2,100,100,0,0,0,0,0,100,100,0.0246430906,12.9267039503,50.0000000000,15.2331036181,1.0000000000,0.8416000000,250.0000000000,0,0,0,17,0
1179,100,0,2,100,100,0,0,0,0,0,100,100,0.0246430906,12.9020608597,50.0000000000,15.2331036181,1.0000000000,0.8416000000,250.0000000000,0,0,0,17,0
1180,100,0,2,100,100,0,0,0,0,0,100,100,0.0246430906,12.8774177691,50.0000000000,15.2331036181,1.0000000000,0.8416000000,250.0000000000,0,0,0,17,0
1181,100,0,4,100,100,0,0,1,104,588,100,100,0.0374506165,12.8399671526,25.0000000000,14.8123183099,1.0000000000,0.9680640000,217.3410022478,0,0,0,20,0
1182,100,0,4,100,100,0,0,0,0,0,100,100,0.0232584964,12.8167086562,25.0000000000,14.8123183099,1.0000000000,0.8416000000,250.0000000000,0,0,0,20,0
1183,100,0,4,100,100,0,0,0,0,0,100,100,0.0232584964,12.7934501598,25.0000000000,14.8123183099,1.0000000000,0.8416000000,250.0000000000,0,0,0,20,0
1184,100,0,4,100,100,0,0,0,0,0,100,100,0.0232584964,12.7701916634,25.0000000000,14.8123183099,1.0000000000,0.8416000000,250.0000000000,0,0,0,20,0
1185,100,0,4,100,100,0,0,0,0,0,100,100,0.0232584964,12.7469331670,25.0000000000,14.8123183099,1.0000000000,0.8416000000,250.0000000000,0,0,0,20,0
1186,100,0,7,100,100,0,0,1,107,879,100,100,0.0432582592,12.7036749078,14.2857142857,15.4014615526,1.0000000000,0.9717120000,216.5250609234,0,0,0,10,0
1187,100,0,7,100,100,0,0,0,0,0,100,100,0.0237622567,12.6799126511,14.2857142857,15.4014615526,1.0000000000,0.8416000000,250.0000000000,0,0,0,10,0
1188,100,0,7,100,100,0,0,0,0,0,100,100,0.0237622567,12.6561503944,14.2857142857,15.4014615526,1.0000000000,0.8416000000,250.0000000000,0,0,0,10,0
1189,100,0,7,100,100,0,0,0,0,0,100,100,0.0237622567,12.6323881377,14.2857142857,15.4014615526,1.0000000000,0.8416000000,250.0000000000,0,0,0,10,0
1190,100,0,7,100,100,0,0,0,0,0,100,100,0.0237622567,12.6086258811,14.2857142857,15.4014615526,1.0000000000,0.8416000000,250.0000000000,0,0,0,10,0
1191,100,0,6,100,100,0,0,1,106,782,100,100,0.0404307339,12.5681951472,16.6666666667,14.8123363918,1.0000000000,0.9704960000,216.7963597995,0,0,0,18,0
1192,100,0,6,100,100,0,0,0,0,0,100,100,0.0227282365,12.5454669108,16.6666666667,14.8123363918,1.0000000000,0.8416000000,250.0000000000,0,0,0,18,0
1193,100,0,6,100,100,0,0,0,0,0,100,100,0.0227282365,12.5227386743,16.6666666667,14.8123363918,1.0000000000,0.8416000000,250.0000000000,0,0,0,18,0
1194,100,0,6,100,100,0,0,0,0,0,100,100,0.0227282365,12.5000104378,16.6666666667,14.8123363918,1.0000000000,0.8416000000,250.0000000000,0,0,0,18,0
1195,100,0,6,100,100,0,0,0,0,0,100,100,0.0227282365,12.4772822014,16.6666666667,14.8123363918,1.0000000000,0.8416000000,250.0000000000,0,0,0,18,0
1196,100,0,11,100,100,0,0,1,110,1267,100,100,0.0502952914,12.4269869100,9.0909090909,15.7380956218,1.0000000000,0.9753600000,215.7152230971,0,0,0,2,0
1197,100,0,11,100,100,0,0,0,0,0,100,100,0.0237368799,12.4032500301,9.0909090909,15.7380956218,1.0000000000,0.8416000000,250.0000000000,0,0,0,2,0
1198,100,0,11,100,100,0,0,0,0,0,100,100,0.0237368799,12.3795131502,9.0909090909,15.7380956218,1.0000000000,0.8416000000,250.0000000000,0,0,0,2,0
1199,100,0,11,100,100,0,0,0,0,0,100,100,0.0237368799,12.3557762703,9.0909090909,15.7380956218,1.0000000000,0.8416000000,250.0000000000,0,0,0,2,0
1200,100,0,11,100,100,0,0,0,0,0,100,100,0.0237368799,12.3320393904,9.0909090909,15.7380956218,1.0000000000,0.8416000000,250.0000000000,0,0,0,2,0
1201,100,0,1,100,100,0,0,1,101,297,100,100,0.0286647047,12.3033746857,100.0000000000,11.5300616640,1.0000000000,0.9644160000,218.1631163315,0,0,0,62,0
1202,100,0,1,100,100,0,0,0,0,0,100,100,0.0195154690,12.2838592167,100.0000000000,11.5300616640,1.0000000000,0.8416000000,250.0000000000,0,0,0,62,0
1203,100,0,1,100,100,0,0,0,0,0,100,100,0.0195154690,12.2643437476,100.0000000000,11.5300616640,1.0000000000,0.8416000000,250.0000000000,0,0,0,62,0
1204,100,0,1,100,100,0,0,0,0,0,100,100,0.0195154690,12.2448282786,100.0000000000,11.5300616640,1.0000000000,0.8416000000,250.0000000000,0,0,0,62,0
1205,100,0,1,100,100,0,0,0,0,0,100,100,0.0195154690,12.2253128096,100.0000000000,11.5300616640,1.0000000000,0.8416000000,250.0000000000,0,0,0,62,0
1206,100,0,1,100,100,0,0,1,101,297,100,100,0.0274921539,12.1978206556,100.0000000000,10.7726289262,1.0000000000,0.9644160000,218.1631163315,0,0,0,71,0
1207,100,0,1,100,100,0,0,0,0,0,100,100,0.0179098738,12.1799107818,100.0000000000,10.7726289262,1.0000000000,0.8416000000,250.0000000000,0,0,0,71,0
1208,100,0,1,100,100,0,0,0,0,0,100,100,0.0179098738,12.1620009080,100.0000000000,10.7726289262,1.0000000000,0.8416000000,250.0000000000,0,0,0,71,0
1209,100,0,1,100,100,0,0,0,0,0,100,100,0.0179098738,12.1440910341,100.0000000000,10.7726289262,1.0000000000,0.8416000000,250.0000000000,0,0,0,71,0
1210,100,0,1,100,100,0,0,0,0,0,100,100,0.0179098738,12.1261811603,100.0000000000,10.7726289262,1.0000000000,0.8416000000,250.0000000000,0,0,0,71,0
1211,100,0,1,100,100,0,0,1,101,297,100,100,0.0291052808,12.0970758795,100.0000000000,11.9508749329,1.0000000000,0.9644160000,218.1631163315,0,0,0,57,0
1212,100,0,1,100,100,0,0,0,0,0,100,100,0.0198115337,12.0772643457,100.0000000000,11.9508749329,1.0000000000,0.8416000000,250.0000000000,0,0,0,57,0
1213,100,0,1,100,100,0,0,0,0,0,100,100,0.0198115337,12.0574528120,100.0000000000,11.9508749329,1.0000000000,0.8416000000,250.0000000000,0,0,0,57,0
1214,100,0,1,100,100,0,0,0,0,0,100,100,0.0198115337,12.0376412783,100.0000000000,11.9508749329,1.0000000000,0.8416000000,250.0000000000,0,0,0,57,0
1215,100,0,1,100,100,0,0,0,0,0,100,100,0.0198115337,12.0178297445,100.0000000000,11.9508749329,1.0000000000,0.8416000000,250.0000000000,0,0,0,57,0
1216,100,0,1,100,100,0,0,1,101,297,100,100,0.0284661123,11.9893636322,100.0000000000,11.5300652034,1.0000000000,0.9644160000,218.1631163315,0,0,0,62,0
1217,100,0,1,100,100,0,0,0,0,0,100,100,0.0192762417,11.9700873905,100.0000000000,11.5300652034,1.0000000000,0.8416000000,250.0000000000,0,0,0,62,0
1218,100,0,1,100,100,0,0,0,0,0,100,100,0.0192762417,11.9508111488,100.0000000000,11.5300652034,1.0000000000,0.8416000000,250.0000000000,0,0,0,62,0
1219,100,0,1,100,100,0,0,0,0,0,100,100,0.0192762417,11.9315349071,100.0000000000,11.5300652034,1.0000000000,0.8416000000,250.0000000000,0,0,0,62,0
1220,100,0,1,100,100,0,0,0,0,0,100,100,0.0192762417,11.9122586654,100.0000000000,11.5300652034,1.0000000000,0.8416000000,250.0000000000,0,0,0,62,0
1221,100,0,1,100,100,0,0,1,101,297,100,100,0.0279407715,11.8843178939,100.0000000000,10.8567922018,1.0000000000,0.9644160000,218.1631163315,0,0,0,70,0
1222,100,0,1,100,100,0,0,0,0,0,100,100,0.0184111154,11.8659067785,100.0000000000,10.8567922018,1.0000000000,0.8416000000,250.0000000000,0,0,0,70,0
1223,100,0,1,100,100,0,0,0,0,0,100,100,0.0184111154,11.8474956630,100.0000000000,10.8567922018,1.0000000000,0.8416000000,250.0000000000,0,0,0,70,0
1224,100,0,1,100,100,0,0,0,0,0,100,100,0.0184111154,11.8290845476,100.0000000000,10.8567922018,1.0000000000,0.8416000000,250.0000000000,0,0,0,70,0
1225,100,0,1,100,100,0,0,0,0,0,100,100,0.0184111154,11.8106734322,100.0000000000,10.8567922018,1.0000000000,0.8416000000,250.0000000000,0,0,0,70,0
1226,100,0,4,100,100,0,0,1,104,588,100,100,0.0346948190,11.7759786131,25.0000000000,12.9608028445,1.0000000000,0.9680640000,217.3410022478,0,0,0,42,0
1227,100,0,4,100,100,0,0,0,0,0,100,100,0.0203522428,11.7556263703,25.0000000000,12.9608028445,1.0000000000,0.8416000000,250.0000000000,0,0,0,42,0
1228,100,0,4,100,100,0,0,0,0,0,100,100,0.0203522428,11.7352741276,25.0000000000,12.9608028445,1.0000000000,0.8416000000,250.0000000000,0,0,0,42,0
1229,100,0,4,100,100,0,0,0,0,0,100,100,0.0203522428,11.7149218848,25.0000000000,12.9608028445,1.0000000000,0.8416000000,250.0000000000,0,0,0,42,0
1230,100,0,4,100,100,0,0,0,0,0,100,100,0.0203522428,11.6945696420,25.0000000000,12.9608028445,1.0000000000,0.8416000000,250.0000000000,0,0,0,42,0
1231,100,0,1,100,100,0,0,1,101,297,100,100,0.0298039356,11.6647657064,100.0000000000,12.3716631194,1.0000000000,0.9644160000,218.1631163315,0,0,0,52,0
1232,100,0,1,100,100,0,0,0,0,0,100,100,0.0206894109,11.6440762956,100.0000000000,12.3716631194,1.0000000000,0.8416000000,250.0000000000,0,0,0,52,0
1233,100,0,1,100,100,0,0,0,0,0,100,100,0.0206894109,11.6233868847,100.0000000000,12.3716631194,1.0000000000,0.8416000000,250.0000000000,0,0,0,52,0
1234,100,0,1,100,100,0,0,0,0,0,100,100,0.0206894109,11.6026974738,100.0000000000,12.3716631194,1.0000000000,0.8416000000,250.0000000000,0,0,0,52,0
1235,100,0,1,100,100,0,0,0,0,0,100,100,0.0206894109,11.5820080630,100.0000000000,12.3716631194,1.0000000000,0.8416000000,250.0000000000,0,0,0,52,0
1236,100,0,1,100,100,0,0,1,101,297,100,100,0.0274515111,11.5545565519,100.0000000000,10.6884709914,1.0000000000,0.9644160000,218.1631163315,0,0,0,72,0
1237,100,0,1,100,100,0,0,0,0,0,100,100,0.0177927159,11.5367638360,100.0000000000,10.6884709914,1.0000000000,0.8416000000,250.0000000000,0,0,0,72,0
1238,100,0,1,100,100,0,0,0,0,0,100,100,0.0177927159,11.5189711200,100.0000000000,10.6884709914,1.0000000000,0.8416000000,250.0000000000,0,0,0,72,0
1239,100,0,1,100,100,0,0,0,0,0,100,100,0.0177927159,11.5011784041,100.0000000000,10.6884709914,1.0000000000,0.8416000000,250.0000000000,0,0,0,72,0
1240,100,0,1,100,100,0,0,0,0,0,100,100,0.0177927159,11.4833856882,100.0000000000,10.6884709914,1.0000000000,0.8416000000,250.0000000000,0,0,0,72,0
1241,100,0,2,100,100,0,0,1,102,394,100,100,0.0301713515,11.4532143368,50.0000000000,11.6984065819,1.0000000000,0.9656320000,217.8883881230,0,0,0,59,0
1242,100,0,2,100,100,0,0,0,0,0,100,100,0.0190085781,11.4342057587,50.0000000000,11.6984065819,1.0000000000,0.8416000000,250.0000000000,0,0,0,59,0
1243,100,0,2,100,100,0,0,0,0,0,100,100,0.0190085781,11.4151971806,50.0000000000,11.6984065819,1.0000000000,0.8416000000,250.0000000000,0,0,0,59,0
1244,100,0,2,100,100,0,0,0,0,0,100,100,0.0190085781,11.3961886026,50.0000000000,11.6984065819,1.0000000000,0.8416000000,250.0000000000,0,0,0,59,0
1245,100,0,2,100,100,0,0,0,0,0,100,100,0.0190085781,11.3771800245,50.0000000000,11.6984065819,1.0000000000,0.8416000000,250.0000000000,0,0,0,59,0
1246,100,0,1,100,100,0,0,1,101,297,100,100,0.0276941432,11.3494858813,100.0000000000,10.1835179118,1.0000000000,0.9644160000,218.1631163315,0,0,0,78,0
1247,100,0,1,100,100,0,0,0,0,0,100,100,0.0172170114,11.3322688699,100.0000000000,10.1835179118,1.0000000000,0.8416000000,250.0000000000,0,0,0,78,0
1248,100,0,1,100,100,0,0,0,0,0,100,100,0.0172170114,11.3150518585,100.0000000000,10.1835179118,1.0000000000,0.8416000000,250.0000000000,0,0,0,78,0
1249,100,0,1,100,100,0,0,0,0,0,100,100,0.0172170114,11.2978348470,100.0000000000,10.1835179118,1.0000000000,0.8416000000,250.0000000000,0,0,0,78,0
1250,100,0,1,100,100,0,0,0,0,0,100,100,0.0172170114,11.2806178356,100.0000000000,10.1835179118,1.0000000000,0.8416000000,250.0000000000,0,0,0,78,0
1251,100,0,2,100,100,0,0,1,102,394,100,100,0.0316359820,11.2489818536,50.0000000000,12.7083080832,1.0000000000,0.9656320000,217.8883881230,0,0,0,47,0
1252,100,0,2,100,100,0,0,0,0,0,100,100,0.0207868799,11.2281949737,50.0000000000,12.7083080832,1.0000000000,0.8416000000,250.0000000000,0,0,0,47,0
1253,100,0,2,100,100,0,0,0,0,0,100,100,0.0207868799,11.2074080938,50.0000000000,12.7083080832,1.0000000000,0.8416000000,250.0000000000,0,0,0,47,0
1254,100,0,2,100,100,0,0,0,0,0,100,100,0.0207868799,11.1866212140,50.0000000000,12.7083080832,1.0000000000,0.8416000000,250.0000000000,0,0,0,47,0
1255,100,0,2,100,100,0,0,0,0,0,100,100,0.0207868799,11.1658343341,50.0000000000,12.7083080832,1.0000000000,0.8416000000,250.0000000000,0,0,0,47,0
1256,100,0,1,100,100,0,0,1,101,297,100,100,0.0287318310,11.1371025031,100.0000000000,11.7825490728,1.0000000000,0.9644160000,218.1631163315,0,0,0,59,0
1257,100,0,1,100,100,0,0,0,0,0,100,100,0.0194873554,11.1176151476,100.0000000000,11.7825490728,1.0000000000,0.8416000000,250.0000000000,0,0,0,59,0
1258,100,0,1,100,100,0,0,0,0,0,100,100,0.0194873554,11.0981277922,100.0000000000,11.7825490728,1.0000000000,0.8416000000,250.0000000000,0,0,0,59,0
1259,100,0,1,100,100,0,0,0,0,0,100,100,0.0194873554,11.0786404367,100.0000000000,11.7825490728,1.0000000000,0.8416000000,250.0000000000,0,0,0,59,0
1260,100,0,1,100,100,0,0,0,0,0,100,100,0.0194873554,11.0591530813,100.0000000000,11.7825490728,1.0000000000,0.8416000000,250.0000000000,0,0,0,59,0
1261,100,0,4,100,100,0,0,1,104,588,100,100,0.0336287008,11.0255243805,25.0000000000,12.1192077091,1.0000000000,0.9680640000,217.3410022478,0,0,0,52,0
1262,100,0,4,100,100,0,0,0,0,0,100,100,0.0192162463,11.0063081342,25.0000000000,12.1192077091,1.0000000000,0.8416000000,250.0000000000,0,0,0,52,0
1263,100,0,4,100,100,0,0,0,0,0,100,100,0.0192162463,10.9870918879,25.0000000000,12.1192077091,1.0000000000,0.8416000000,250.0000000000,0,0,0,52,0
1264,100,0,4,100,100,0,0,0,0,0,100,100,0.0192162463,10.9678756417,25.0000000000,12.1192077091,1.0000000000,0.8416000000,250.0000000000,0,0,0,52,0
1265,100,0,4,100,100,0,0,0,0,0,100,100,0.0192162463,10.9486593954,25.0000000000,12.1192077091,1.0000000000,0.8416000000,250.0000000000,0,0,0,52,0
1266,100,0,4,100,100,0,0,1,104,588,100,100,0.0370987712,10.9115606241,25.0000000000,15.1489721207,1.0000000000,0.9680640000,217.3410022478,0,0,0,16,0
1267,100,0,4,100,100,0,0,0,0,0,100,100,0.0230118650,10.8885487591,25.0000000000,15.1489721207,1.0000000000,0.8416000000,250.0000000000,0,0,0,16,0
1268,100,0,4,100,100,0,0,0,0,0,100,100,0.0230118650,10.8655368941,25.0000000000,15.1489721207,1.0000000000,0.8416000000,250.0000000000,0,0,0,16,0
1269,100,0,4,100,100,0,0,0,0,0,100,100,0.0230118650,10.8425250290,25.0000000000,15.1489721207,1.0000000000,0.8416000000,250.0000000000,0,0,0,16,0
1270,100,0,4,100,100,0,0,0,0,0,100,100,0.0230118650,10.8195131640,25.0000000000,15.1489721207,1.0000000000,0.8416000000,250.0000000000,0,0,0,16,0
1271,100,0,1,100,100,0,0,1,101,297,100,100,0.0276801789,10.7918329851,100.0000000000,10.8567868713,1.0000000000,0.9644160000,218.1631163315,0,0,0,70,0
1272,100,0,1,100,100,0,0,0,0,0,100,100,0.0183096291,10.7735233560,100.0000000000,10.8567868713,1.0000000000,0.8416000000,250.0000000000,0,0,0,70,0
1273,100,0,1,100,100,0,0,0,0,0,100,100,0.0183096291,10.7552137269,100.0000000000,10.8567868713,1.0000000000,0.8416000000,250.0000000000,0,0,0,70,0
1274,100,0,1,100,100,0,0,0,0,0,100,100,0.0183096291,10.7369040978,100.0000000000,10.8567868713,1.0000000000,0.8416000000,250.0000000000,0,0,0,70,0
1275,100,0,1,100,100,0,0,0,0,0,100,100,0.0183096291,10.7185944687,100.0000000000,10.8567868713,1.0000000000,0.8416000000,250.0000000000,0,0,0,70,0
1276,100,0,1,100,100,0,0,1,101,297,100,100,0.0271801909,10.6914142778,100.0000000000,10.1835106913,1.0000000000,0.9644160000,218.1631163315,0,0,0,78,0
1277,100,0,1,100,100,0,0,0,0,0,100,100,0.0173546267,10.6740596511,100.0000000000,10.1835106913,1.0000000000,0.8416000000,250.0000000000,0,0,0,78,0
1278,100,0,1,100,100,0,0,0,0,0,100,100,0.0173546267,10.6567050245,100.0000000000,10.1835106913,1.0000000000,0.8416000000,250.0000000000,0,0,0,78,0
1279,100,0,1,100,100,0,0,0,0,0,100,100,0.0173546267,10.6393503978,100.0000000000,10.1835106913,1.0000000000,0.8416000000,250.0000000000,0,0,0,78,0
1280,100,0,1,100,100,0,0,0,0,0,100,100,0.0173546267,10.6219957712,100.0000000000,10.1835106913,1.0000000000,0.8416000000,250.0000000000,0,0,0,78,0
1281,100,0,4,100,100,0,0,1,104,588,100,100,0.0358681561,10.5861276150,25.0000000000,14.2232303695,1.0000000000,0.9680640000,217.3410022478,0,0,0,27,0
1282,100,0,4,100,100,0,0,0,0,0,100,100,0.0217183114,10.5644093036,25.0000000000,14.2232303695,1.0000000000,0.8416000000,250.0000000000,0,0,0,27,0
1283,100,0,4,100,100,0,0,0,0,0,100,100,0.0217183114,10.5426909922,25.0000000000,14.2232303695,1.0000000000,0.8416000000,250.0000000000,0,0,0,27,0
1284,100,0,4,100,100,0,0,0,0,0,100,100,0.0217183114,10.5209726808,25.0000000000,14.2232303695,1.0000000000,0.8416000000,250.0000000000,0,0,0,27,0
1285,100,0,4,100,100,0,0,0,0,0,100,100,0.0217183114,10.4992543694,25.0000000000,14.2232303695,1.0000000000,0.8416000000,250.0000000000,0,0,0,27,0
1286,100,0,2,100,100,0,0,1,102,394,100,100,0.0296744062,10.4695799632,50.0000000000,11.2775985982,1.0000000000,0.9656320000,217.8883881230,0,0,0,64,0
1287,100,0,2,100,100,0,0,0,0,0,100,100,0.0185161125,10.4510638507,50.0000000000,11.2775985982,1.0000000000,0.8416000000,250.0000000000,0,0,0,64,0
1288,100,0,2,100,100,0,0,0,0,0,100,100,0.0185161125,10.4325477382,50.0000000000,11.2775985982,1.0000000000,0.8416000000,250.0000000000,0,0,0,64,0
1289,100,0,2,100,100,0,0,0,0,0,100,100,0.0185161125,10.4140316258,50.0000000000,11.2775985982,1.0000000000,0.8416000000,250.0000000000,0,0,0,64,0
1290,100,0,2,100,100,0,0,0,0,0,100,100,0.0185161125,10.3955155133,50.0000000000,11.2775985982,1.0000000000,0.8416000000,250.0000000000,0,0,0,64,0
1291,100,0,8,100,100,0,0,1,108,976,100,100,0.0444100149,10.3511054984,12.5000000000,15.3172909660,1.0000000000,0.9729280000,216.2544402052,0,0,0,10,0
1292,100,0,8,100,100,0,0,0,0,0,100,100,0.0231870837,10.3279184147,12.5000000000,15.3172909660,1.0000000000,0.8416000000,250.0000000000,0,0,0,10,0
1293,100,0,8,100,100,0,0,0,0,0,100,100,0.0231870837,10.3047313310,12.5000000000,15.3172909660,1.0000000000,0.8416000000,250.0000000000,0,0,0,10,0
1294,100,0,8,100,100,0,0,0,0,0,100,100,0.0231870837,10.2815442472,12.5000000000,15.3172909660,1.0000000000,0.8416000000,250.0000000000,0,0,0,10,0
1295,100,0,8,100,100,0,0,0,0,0,100,100,0.0231870837,10.2583571635,12.5000000000,15.3172909660,1.0000000000,0.8416000000,250.0000000000,0,0,0,10,0
1296,100,0,14,100,100,0,0,1,114,1558,100,100,0.0537861647,10.2045709988,7.1428571429,14.4756811631,1.0000000000,0.9802240000,214.6448158788,0,0,0,14,0
1297,100,0,14,100,100,0,0,0,0,0,100,100,0.0218444717,10.1827265271,7.1428571429,14.4756811631,1.0000000000,0.8416000000,250.0000000000,0,0,0,14,0
1298,100,0,14,100,100,0,0,0,0,0,100,100,0.0218444717,10.1608820554,7.1428571429,14.4756811631,1.0000000000,0.8416000000,250.0000000000,0,0,0,14,0
1299,100,0,14,100,100,0,0,0,0,0,100,100,0.0218444717,10.1390375838,7.1428571429,14.4756811631,1.0000000000,0.8416000000,250.0000000000,0,0,0,14,0
1300,100,0,14,100,100,0,0,0,0,0,100,100,0.0218444717,10.1171931121,7.1428571429,14.4756811631,1.0000000000,0.8416000000,250.0000000000,0,0,0,14,0
1301,100,0,1,100,100,0,0,1,101,297,100,100,0.0281653807,10.0890277314,100.0000000000,11.1934231276,1.0000000000,0.9644160000,218.1631163315,0,0,0,66,0
1302,100,0,1,100,100,0,0,0,0,0,100,100,0.0188956781,10.0701320533,100.0000000000,11.1934231276,1.0000000000,0.8416000000,250.0000000000,0,0,0,66,0
1303,100,0,1,100,100,0,0,0,0,0,100,100,0.0188956781,10.0512363752,100.0000000000,11.1934231276,1.0000000000,0.8416000000,250.0000000000,0,0,0,66,0
1304,100,0,1,100,100,0,0,0,0,0,100,100,0.0188956781,10.0323406971,100.0000000000,11.1934231276,1.0000000000,0.8416000000,250.0000000000,0,0,0,66,0
1305,100,0,1,100,100,0,0,0,0,0,100,100,0.0188956781,10.0134450189,100.0000000000,11.1934231276,1.0000000000,0.8416000000,250.0000000000,0,0,0,66,0
1306,100,0,1,100,100,0,0,1,101,297,100,100,0.0291803796,9.9842646393,100.0000000000,11.9508658971,1.0000000000,0.9644160000,218.1631163315,0,0,0,57,0
1307,100,0,1,100,100,0,0,0,0,0,100,100,0.0200056641,9.9642589752,100.0000000000,11.9508658971,1.0000000000,0.8416000000,250.0000000000,0,0,0,57,0
1308,100,0,1,100,100,0,0,0,0,0,100,100,0.0200056641,9.9442533112,100.0000000000,11.9508658971,1.0000000000,0.8416000000,250.0000000000,0,0,0,57,0
1309,100,0,1,100,100,0,0,0,0,0,100,100,0.0200056641,9.9242476471,100.0000000000,11.9508658971,1.0000000000,0.8416000000,250.0000000000,0,0,0,57,0
1310,100,0,1,100,100,0,0,0,0,0,100,100,0.0200056641,9.9042419830,100.0000000000,11.9508658971,1.0000000000,0.8416000000,250.0000000000,0,0,0,57,0
1311,100,0,1,100,100,0,0,1,101,297,100,100,0.0274055849,9.8768363981,100.0000000000,9.8468713954,1.0000000000,0.9644160000,218.1631163315,0,0,0,82,0
1312,100,0,1,100,100,0,0,0,0,0,100,100,0.0170097492,9.8598266489,100.0000000000,9.8468713954,1.0000000000,0.8416000000,250.0000000000,0,0,0,82,0
1313,100,0,1,100,100,0,0,0,0,0,100,100,0.0170097492,9.8428168996,100.0000000000,9.8468713954,1.0000000000,0.8416000000,250.0000000000,0,0,0,82,0
1314,100,0,1,100,100,0,0,0,0,0,100,100,0.0170097492,9.8258071504,100.0000000000,9.8468713954,1.0000000000,0.8416000000,250.0000000000,0,0,0,82,0
1315,100,0,1,100,100,0,0,0,0,0,100,100,0.0170097492,9.8087974012,100.0000000000,9.8468713954,1.0000000000,0.8416000000,250.0000000000,0,0,0,82,0
1316,100,0,1,100,100,0,0,1,101,297,100,100,0.0294073002,9.7793901009,100.0000000000,12.2033455764,1.0000000000,0.9644160000,218.1631163315,0,0,0,54,0
1317,100,0,1,100,100,0,0,0,0,0,100,100,0.0202544689,9.7591356321,100.0000000000,12.2033455764,1.0000000000,0.8416000000,250.0000000000,0,0,0,54,0
1318,100,0,1,100,100,0,0,0,0,0,100,100,0.0202544689,9.7388811632,100.0000000000,12.2033455764,1.0000000000,0.8416000000,250.0000000000,0,0,0,54,0
1319,100,0,1,100,100,0,0,0,0,0,100,100,0.0202544689,9.7186266943,100.0000000000,12.2033455764,1.0000000000,0.8416000000,250.0000000000,0,0,0,54,0
1320,100,0,1,100,100,0,0,0,0,0,100,100,0.0202544689,9.6983722255,100.0000000000,12.2033455764,1.0000000000,0.8416000000,250.0000000000,0,0,0,54,0
1321,100,0,3,100,100,0,0,1,103,491,100,100,0.0352200844,9.6631521410,33.3333333333,14.2232025882,1.0000000000,0.9668480000,217.6143509631,0,0,0,28,0
1322,100,0,3,100,100,0,0,0,0,0,100,100,0.0227532091,9.6403989319,33.3333333333,14.2232025882,1.0000000000,0.8416000000,250.0000000000,0,0,0,28,0
1323,100,0,3,100,100,0,0,0,0,0,100,100,0.0227532091,9.6176457228,33.3333333333,14.2232025882,1.0000000000,0.8416000000,250.0000000000,0,0,0,28,0
1324,100,0,3,100,100,0,0,0,0,0,100,100,0.0227532091,9.5948925136,33.3333333333,14.2232025882,1.0000000000,0.8416000000,250.0000000000,0,0,0,28,0
1325,100,0,3,100,100,0,0,0,0,0,100,100,0.0227532091,9.5721393045,33.3333333333,14.2232025882,1.0000000000,0.8416000000,250.0000000000,0,0,0,28,0
1326,100,0,1,100,100,0,0,1,101,297,100,100,0.0287227034,9.5434166011,100.0000000000,11.7825479404,1.0000000000,0.9644160000,218.1631163315,0,0,0,59,0
1327,100,0,1,100,100,0,0,0,0,0,100,100,0.0194926781,9.5239239230,100.0000000000,11.7825479404,1.0000000000,0.8416000000,250.0000000000,0,0,0,59,0
1328,100,0,1,100,100,0,0,0,0,0,100,100,0.0194926781,9.5044312449,100.0000000000,11.7825479404,1.0000000000,0.8416000000,250.0000000000,0,0,0,59,0
1329,100,0,1,100,100,0,0,0,0,0,100,100,0.0194926781,9.4849385668,100.0000000000,11.7825479404,1.0000000000,0.8416000000,250.0000000000,0,0,0,59,0
1330,100,0,1,100,100,0,0,0,0,0,100,100,0.0194926781,9.4654458887,100.0000000000,11.7825479404,1.0000000000,0.8416000000,250.0000000000,0,0,0,59,0
1331,100,0,2,100,100,0,0,1,102,394,100,100,0.0297584718,9.4356874169,50.0000000000,11.2775992802,1.0000000000,0.9656320000,217.8883881230,0,0,0,64,0
1332,100,0,2,100,100,0,0,0,0,0,100,100,0.0184494723,9.4172379446,50.0000000000,11.2775992802,1.0000000000,0.8416000000,250.0000000000,0,0,0,64,0
1333,100,0,2,100,100,0,0,0,0,0,100,100,0.0184494723,9.3987884723,50.0000000000,11.2775992802,1.0000000000,0.8416000000,250.0000000000,0,0,0,64,0
1334,100,0,2,100,100,0,0,0,0,0,100,100,0.0184494723,9.3803390000,50.0000000000,11.2775992802,1.0000000000,0.8416000000,250.0000000000,0,0,0,64,0
1335,100,0,2,100,100,0,0,0,0,0,100,100,0.0184494723,9.3618895277,50.0000000000,11.2775992802,1.0000000000,0.8416000000,250.0000000000,0,0,0,64,0
1336,100,0,1,100,100,0,0,1,101,297,100,100,0.0287432046,9.3331463231,100.0000000000,11.6983801939,1.0000000000,0.9644160000,218.1631163315,0,0,0,60,0
1337,100,0,1,100,100,0,0,0,0,0,100,100,0.0196374577,9.3135088654,100.0000000000,11.6983801939,1.0000000000,0.8416000000,250.0000000000,0,0,0,60,0
1338,100,0,1,100,100,0,0,0,0,0,100,100,0.0196374577,9.2938714077,100.0000000000,11.6983801939,1.0000000000,0.8416000000,250.0000000000,0,0,0,60,0
1339,100,0,1,100,100,0,0,0,0,0,100,100,0.0196374577,9.2742339500,100.0000000000,11.6983801939,1.0000000000,0.8416000000,250.0000000000,0,0,0,60,0
1340,100,0,1,100,100,0,0,0,0,0,100,100,0.0196374577,9.2545964923,100.0000000000,11.6983801939,1.0000000000,0.8416000000,250.0000000000,0,0,0,60,0
1341,100,0,3,100,100,0,0,1,103,491,100,100,0.0312058788,9.2233906135,33.3333333333,10.9409534538,1.0000000000,0.9668480000,217.6143509631,0,0,0,67,0
1342,100,0,3,100,100,0,0,0,0,0,100,100,0.0182104435,9.2051801700,33.3333333333,10.9409534538,1.0000000000,0.8416000000,250.0000000000,0,0,0,67,0
1343,100,0,3,100,100,0,0,0,0,0,100,100,0.0182104435,9.1869697265,33.3333333333,10.9409534538,1.0000000000,0.8416000000,250.0000000000,0,0,0,67,0
1344,100,0,3,100,100,0,0,0,0,0,100,100,0.0182104435,9.1687592830,33.3333333333,10.9409534538,1.0000000000,0.8416000000,250.0000000000,0,0,0,67,0
1345,100,0,3,100,100,0,0,0,0,0,100,100,0.0182104435,9.1505488395,33.3333333333,10.9409534538,1.0000000000,0.8416000000,250.0000000000,0,0,0,67,0
1346,100,0,1,100,100,0,0,1,101,297,100,100,0.0271297088,9.1234191307,100.0000000000,10.4359835627,1.0000000000,0.9644160000,218.1631163315,0,0,0,75,0
1347,100,0,1,100,100,0,0,0,0,0,100,100,0.0177005493,9.1057185814,100.0000000000,10.4359835627,1.0000000000,0.8416000000,250.0000000000,0,0,0,75,0
1348,100,0,1,100,100,0,0,0,0,0,100,100,0.0177005493,9.0880180321,100.0000000000,10.4359835627,1.0000000000,0.8416000000,250.0000000000,0,0,0,75,0
1349,100,0,1,100,100,0,0,0,0,0,100,100,0.0177005493,9.0703174829,100.0000000000,10.4359835627,1.0000000000,0.8416000000,250.0000000000,0,0,0,75,0
1350,100,0,1,100,100,0,0,0,0,0,100,100,0.0177005493,9.0526169336,100.0000000000,10.4359835627,1.0000000000,0.8416000000,250.0000000000,0,0,0,75,0
1351,100,0,1,100,100,0,0,1,101,297,100,100,0.0286681386,9.0239487950,100.0000000000,11.5300652771,1.0000000000,0.9644160000,218.1631163315,0,0,0,62,0
1352,100,0,1,100,100,0,0,0,0,0,100,100,0.0194681038,9.0044806912,100.0000000000,11.5300652771,1.0000000000,0.8416000000,250.0000000000,0,0,0,62,0
1353,100,0,1,100,100,0,0,0,0,0,100,100,0.0194681038,8.9850125874,100.0000000000,11.5300652771,1.0000000000,0.8416000000,250.0000000000,0,0,0,62,0
1354,100,0,1,100,100,0,0,0,0,0,100,100,0.0194681038,8.9655444836,100.0000000000,11.5300652771,1.0000000000,0.8416000000,250.0000000000,0,0,0,62,0
1355,100,0,1,100,100,0,0,0,0,0,100,100,0.0194681038,8.9460763798,100.0000000000,11.5300652771,1.0000000000,0.8416000000,250.0000000000,0,0,0,62,0
1356,100,0,1,100,100,0,0,1,101,297,100,100,0.0273314107,8.9187449691,100.0000000000,10.0151917172,1.0000000000,0.9644160000,218.1631163315,0,0,0,80,0
1357,100,0,1,100,100,0,0,0,0,0,100,100,0.0170680714,8.9016768977,100.0000000000,10.0151917172,1.0000000000,0.8416000000,250.0000000000,0,0,0,80,0
1358,100,0,1,100,100,0,0,0,0,0,100,100,0.0170680714,8.8846088263,100.0000000000,10.0151917172,1.0000000000,0.8416000000,250.0000000000,0,0,0,80,0
1359,100,0,1,100,100,0,0,0,0,0,100,100,0.0170680714,8.8675407549,100.0000000000,10.0151917172,1.0000000000,0.8416000000,250.0000000000,0,0,0,80,0
1360,100,0,1,100,100,0,0,0,0,0,100,100,0.0170680714,8.8504726835,100.0000000000,10.0151917172,1.0000000000,0.8416000000,250.0000000000,0,0,0,80,0
1361,100,0,1,100,100,0,0,1,101,297,100,100,0.0278227401,8.8226499435,100.0000000000,10.4359994442,1.0000000000,0.9644160000,218.1631163315,0,0,0,75,0
1362,100,0,1,100,100,0,0,0,0,0,100,100,0.0175368238,8.8051131197,100.0000000000,10.4359994442,1.0000000000,0.8416000000,250.0000000000,0,0,0,75,0
1363,100,0,1,100,100,0,0,0,0,0,100,100,0.0175368238,8.7875762960,100.0000000000,10.4359994442,1.0000000000,0.8416000000,250.0000000000,0,0,0,75,0
1364,100,0,1,100,100,0,0,0,0,0,100,100,0.0175368238,8.7700394722,100.0000000000,10.4359994442,1.0000000000,0.8416000000,250.0000000000,0,0,0,75,0
1365,100,0,1,100,100,0,0,0,0,0,100,100,0.0175368238,8.7525026484,100.0000000000,10.4359994442,1.0000000000,0.8416000000,250.0000000000,0,0,0,75,0
1366,100,0,2,100,100,0,0,1,102,394,100,100,0.0300040180,8.7224986305,50.0000000000,11.8667321974,1.0000000000,0.9656320000,217.8883881230,0,0,0,57,0
1367,100,0,2,100,100,0,0,0,0,0,100,100,0.0190549045,8.7034437260,50.0000000000,11.8667321974,1.0000000000,0.8416000000,250.0000000000,0,0,0,57,0
1368,100,0,2,100,100,0,0,0,0,0,100,100,0.0190549045,8.6843888215,50.0000000000,11.8667321974,1.0000000000,0.8416000000,250.0000000000,0,0,0,57,0
1369,100,0,2,100,100,0,0,0,0,0,100,100,0.0190549045,8.6653339171,50.0000000000,11.8667321974,1.0000000000,0.8416000000,250.0000000000,0,0,0,57,0
1370,100,0,2,100,100,0,0,0,0,0,100,100,0.0190549045,8.6462790126,50.0000000000,11.8667321974,1.0000000000,0.8416000000,250.0000000000,0,0,0,57,0
1371,100,0,2,100,100,0,0,1,102,394,100,100,0.0307797427,8.6154992699,50.0000000000,12.2033538607,1.0000000000,0.9656320000,217.8883881230,0,0,0,53,0
1372,100,0,2,100,100,0,0,0,0,0,100,100,0.0200211615,8.5954781084,50.0000000000,12.2033538607,1.0000000000,0.8416000000,250.0000000000,0,0,0,53,0
1373,100,0,2,100,100,0,0,0,0,0,100,100,0.0200211615,8.5754569469,50.0000000000,12.2033538607,1.0000000000,0.8416000000,250.0000000000,0,0,0,53,0
1374,100,0,2,100,100,0,0,0,0,0,100,100,0.0200211615,8.5554357853,50.0000000000,12.2033538607,1.0000000000,0.8416000000,250.0000000000,0,0,0,53,0
1375,100,0,2,100,100,0,0,0,0,0,100,100,0.0200211615,8.5354146238,50.0000000000,12.2033538607,1.0000000000,0.8416000000,250.0000000000,0,0,0,53,0
1376,100,0,3,100,100,0,0,1,103,491,100,100,0.0359849631,8.4994296607,33.3333333333,15.2331320075,1.0000000000,0.9668480000,217.6143509631,0,0,0,16,0
1377,100,0,3,100,100,0,0,0,0,0,100,100,0.0236179136,8.4758117471,33.3333333333,15.2331320075,1.0000000000,0.8416000000,250.0000000000,0,0,0,16,0
1378,100,0,3,100,100,0,0,0,0,0,100,100,0.0236179136,8.4521938335,33.3333333333,15.2331320075,1.0000000000,0.8416000000,250.0000000000,0,0,0,16,0
1379,100,0,3,100,100,0,0,0,0,0,100,100,0.0236179136,8.4285759199,33.3333333333,15.2331320075,1.0000000000,0.8416000000,250.0000000000,0,0,0,16,0
1380,100,0,3,100,100,0,0,0,0,0,100,100,0.0236179136,8.4049580064,33.3333333333,15.2331320075,1.0000000000,0.8416000000,250.0000000000,0,0,0,16,0
1381,100,0,5,100,100,0,0,1,105,685,100,100,0.0378922302,8.3670657762,20.0000000000,13.8865642785,1.0000000000,0.9692800000,217.0683393859,0,0,0,30,0
1382,100,0,5,100,100,0,0,0,0,0,100,100,0.0218951921,8.3451705841,20.0000000000,13.8865642785,1.0000000000,0.8416000000,250.0000000000,0,0,0,30,0
1383,100,0,5,100,100,0,0,0,0,0,100,100,0.0218951921,8.3232753920,20.0000000000,13.8865642785,1.0000000000,0.8416000000,250.0000000000,0,0,0,30,0
1384,100,0,5,100,100,0,0,0,0,0,100,100,0.0218951921,8.3013801999,20.0000000000,13.8865642785,1.0000000000,0.8416000000,250.0000000000,0,0,0,30,0
1385,100,0,5,100,100,0,0,0,0,0,100,100,0.0218951921,8.2794850078,20.0000000000,13.8865642785,1.0000000000,0.8416000000,250.0000000000,0,0,0,30,0
1386,100,0,6,100,100,0,0,1,106,782,100,100,0.0405809511,8.2389040566,16.6666666667,14.7281783668,1.0000000000,0.9704960000,216.7963597995,0,0,0,19,0
1387,100,0,6,100,100,0,0,0,0,0,100,100,0.0228384952,8.2160655614,16.6666666667,14.7281783668,1.0000000000,0.8416000000,250.0000000000,0,0,0,19,0
1388,100,0,6,100,100,0,0,0,0,0,100,100,0.0228384952,8.1932270662,16.6666666667,14.7281783668,1.0000000000,0.8416000000,250.0000000000,0,0,0,19,0
1389,100,0,6,100,100,0,0,0,0,0,100,100,0.0228384952,8.1703885709,16.6666666667,14.7281783668,1.0000000000,0.8416000000,250.0000000000,0,0,0,19,0
1390,100,0,6,100,100,0,0,0,0,0,100,100,0.0228384952,8.1475500757,16.6666666667,14.7281783668,1.0000000000,0.8416000000,250.0000000000,0,0,0,19,0
1391,100,0,7,100,100,0,0,1,107,879,100,100,0.0428486062,8.1047014695,14.2857142857,15.5697734437,1.0000000000,0.9717120000,216.5250609234,0,0,0,8,0
1392,100,0,7,100,100,0,0,0,0,0,100,100,0.0234374257,8.0812640437,14.2857142857,15.5697734437,1.0000000000,0.8416000000,250.0000000000,0,0,0,8,0
1393,100,0,7,100,100,0,0,0,0,0,100,100,0.0234374257,8.0578266180,14.2857142857,15.5697734437,1.0000000000,0.8416000000,250.0000000000,0,0,0,8,0
1394,100,0,7,100,100,0,0,0,0,0,100,100,0.0234374257,8.0343891923,14.2857142857,15.5697734437,1.0000000000,0.8416000000,250.0000000000,0,0,0,8,0
1395,100,0,7,100,100,0,0,0,0,0,100,100,0.0234374257,8.0109517665,14.2857142857,15.5697734437,1.0000000000,0.8416000000,250.0000000000,0,0,0,8,0
1396,100,0,8,100,100,0,0,1,108,976,100,100,0.0452547017,7.9656970649,12.5000000000,15.9905727773,1.0000000000,0.9729280000,216.2544402052,0,0,0,2,0
1397,100,0,8,100,100,0,0,0,0,0,100,100,0.0240605825,7.9416364824,12.5000000000,15.9905727773,1.0000000000,0.8416000000,250.0000000000,0,0,0,2,0
1398,100,0,8,100,100,0,0,0,0,0,100,100,0.0240605825,7.9175758999,12.5000000000,15.9905727773,1.0000000000,0.8416000000,250.0000000000,0,0,0,2,0
1399,100,0,8,100,100,0,0,0,0,0,100,100,0.0240605825,7.8935153174,12.5000000000,15.9905727773,1.0000000000,0.8416000000,250.0000000000,0,0,0,2,0
1400,100,0,8,100,100,0,0,0,0,0,100,100,0.0240605825,7.8694547349,12.5000000000,15.9905727773,1.0000000000,0.8416000000,250.0000000000,0,0,0,2,0
1401,100,0,1,100,100,0,0,1,101,297,100,100,0.0275562968,7.8418984380,100.0000000000,10.5201546043,1.0000000000,0.9644160000,218.1631163315,0,0,0,74,0
1402,100,0,1,100,100,0,0,0,0,0,100,100,0.0178364948,7.8240619432,100.0000000000,10.5201546043,1.0000000000,0.8416000000,250.0000000000,0,0,0,74,0
1403,100,0,1,100,100,0,0,0,0,0,100,100,0.0178364948,7.8062254484,100.0000000000,10.5201546043,1.0000000000,0.8416000000,250.0000000000,0,0,0,74,0
1404,100,0,1,100,100,0,0,0,0,0,100,100,0.0178364948,7.7883889536,100.0000000000,10.5201546043,1.0000000000,0.8416000000,250.0000000000,0,0,0,74,0
1405,100,0,1,100,100,0,0,0,0,0,100,100,0.0178364948,7.7705524589,100.0000000000,10.5201546043,1.0000000000,0.8416000000,250.0000000000,0,0,0,74,0
1406,100,0,1,100,100,0,0,1,101,297,100,100,0.0274967135,7.7430557454,100.0000000000,10.1835165215,1.0000000000,0.9644160000,218.1631163315,0,0,0,78,0
1407,100,0,1,100,100,0,0,0,0,0,100,100,0.0174789848,7.7255767605,100.0000000000,10.1835165215,1.0000000000,0.8416000000,250.0000000000,0,0,0,78,0
1408,100,0,1,100,100,0,0,0,0,0,100,100,0.0174789848,7.7080977757,100.0000000000,10.1835165215,1.0000000000,0.8416000000,250.0000000000,0,0,0,78,0
1409,100,0,1,100,100,0,0,0,0,0,100,100,0.0174789848,7.6906187909,100.0000000000,10.1835165215,1.0000000000,0.8416000000,250.0000000000,0,0,0,78,0
1410,100,0,1,100,100,0,0,0,0,0,100,100,0.0174789848,7.6731398060,100.0000000000,10.1835165215,1.0000000000,0.8416000000,250.0000000000,0,0,0,78,0
1411,100,0,1,100,100,0,0,1,101,297,100,100,0.0285437720,7.6445960340,100.0000000000,11.4459018913,1.0000000000,0.9644160000,218.1631163315,0,0,0,63,0
1412,100,0,1,100,100,0,0,0,0,0,100,100,0.0193508097,7.6252452243,100.0000000000,11.4459018913,1.0000000000,0.8416000000,250.0000000000,0,0,0,63,0
1413,100,0,1,100,100,0,0,0,0,0,100,100,0.0193508097,7.6058944147,100.0000000000,11.4459018913,1.0000000000,0.8416000000,250.0000000000,0,0,0,63,0
1414,100,0,1,100,100,0,0,0,0,0,100,100,0.0193508097,7.5865436050,100.0000000000,11.4459018913,1.0000000000,0.8416000000,250.0000000000,0,0,0,63,0
1415,100,0,1,100,100,0,0,0,0,0,100,100,0.0193508097,7.5671927953,100.0000000000,11.4459018913,1.0000000000,0.8416000000,250.0000000000,0,0,0,63,0
1416,100,0,1,100,100,0,0,1,101,297,100,100,0.0277365760,7.5394562193,100.0000000000,11.1092649019,1.0000000000,0.9644160000,218.1631163315,0,0,0,67,0
1417,100,0,1,100,100,0,0,0,0,0,100,100,0.0183883903,7.5210678290,100.0000000000,11.1092649019,1.0000000000,0.8416000000,250.0000000000,0,0,0,67,0
1418,100,0,1,100,100,0,0,0,0,0,100,100,0.0183883903,7.5026794387,100.0000000000,11.1092649019,1.0000000000,0.8416000000,250.0000000000,0,0,0,67,0
1419,100,0,1,100,100,0,0,0,0,0,100,100,0.0183883903,7.4842910484,100.0000000000,11.1092649019,1.0000000000,0.8416000000,250.0000000000,0,0,0,67,0
1420,100,0,1,100,100,0,0,0,0,0,100,100,0.0183883903,7.4659026581,100.0000000000,11.1092649019,1.0000000000,0.8416000000,250.0000000000,0,0,0,67,0
1421,100,0,1,100,100,0,0,1,101,297,100,100,0.0268742636,7.4390283945,100.0000000000,9.6785448702,1.0000000000,0.9644160000,218.1631163315,0,0,0,84,0
1422,100,0,1,100,100,0,0,0,0,0,100,100,0.0166572764,7.4223711181,100.0000000000,9.6785448702,1.0000000000,0.8416000000,250.0000000000,0,0,0,84,0
1423,100,0,1,100,100,0,0,0,0,0,100,100,0.0166572764,7.4057138416,100.0000000000,9.6785448702,1.0000000000,0.8416000000,250.0000000000,0,0,0,84,0
1424,100,0,1,100,100,0,0,0,0,0,100,100,0.0166572764,7.3890565652,100.0000000000,9.6785448702,1.0000000000,0.8416000000,250.0000000000,0,0,0,84,0
1425,100,0,1,100,100,0,0,0,0,0,100,100,0.0166572764,7.3723992887,100.0000000000,9.6785448702,1.0000000000,0.8416000000,250.0000000000,0,0,0,84,0
1426,100,0,2,100,100,0,0,1,102,394,100,100,0.0325861581,7.3398131306,50.0000000000,13.3815832362,1.0000000000,0.9656320000,217.8883881230,0,0,0,39,0
1427,100,0,2,100,100,0,0,0,0,0,100,100,0.0217978187,7.3180153119,50.0000000000,13.3815832362,1.0000000000,0.8416000000,250.0000000000,0,0,0,39,0
1428,100,0,2,100,100,0,0,0,0,0,100,100,0.0217978187,7.2962174932,50.0000000000,13.3815832362,1.0000000000,0.8416000000,250.0000000000,0,0,0,39,0
1429,100,0,2,100,100,0,0,0,0,0,100,100,0.0217978187,7.2744196745,50.0000000000,13.3815832362,1.0000000000,0.8416000000,250.0000000000,0,0,0,39,0
1430,100,0,2,100,100,0,0,0,0,0,100,100,0.0217978187,7.2526218558,50.0000000000,13.3815832362,1.0000000000,0.8416000000,250.0000000000,0,0,0,39,0
1431,100,0,1,100,100,0,0,1,101,297,100,100,0.0287297662,7.2238920896,100.0000000000,11.7825490693,1.0000000000,0.9644160000,218.1631163315,0,0,0,59,0
1432,100,0,1,100,100,0,0,0,0,0,100,100,0.0195251919,7.2043668976,100.0000000000,11.7825490693,1.0000000000,0.8416000000,250.0000000000,0,0,0,59,0
1433,100,0,1,100,100,0,0,0,0,0,100,100,0.0195251919,7.1848417057,100.0000000000,11.7825490693,1.0000000000,0.8416000000,250.0000000000,0,0,0,59,0
1434,100,0,1,100,100,0,0,0,0,0,100,100,0.0195251919,7.1653165138,100.0000000000,11.7825490693,1.0000000000,0.8416000000,250.0000000000,0,0,0,59,0
1435,100,0,1,100,100,0,0,0,0,0,100,100,0.0195251919,7.1457913218,100.0000000000,11.7825490693,1.0000000000,0.8416000000,250.0000000000,0,0,0,59,0
1436,100,0,1,100,100,0,0,1,101,297,100,100,0.0278694386,7.1179218833,100.0000000000,11.0251097610,1.0000000000,0.9644160000,218.1631163315,0,0,0,68,0
1437,100,0,1,100,100,0,0,0,0,0,100,100,0.0184501488,7.0994717344,100.0000000000,11.0251097610,1.0000000000,0.8416000000,250.0000000000,0,0,0,68,0
1438,100,0,1,100,100,0,0,0,0,0,100,100,0.0184501488,7.0810215856,100.0000000000,11.0251097610,1.0000000000,0.8416000000,250.0000000000,0,0,0,68,0
1439,100,0,1,100,100,0,0,0,0,0,100,100,0.0184501488,7.0625714367,100.0000000000,11.0251097610,1.0000000000,0.8416000000,250.0000000000,0,0,0,68,0
1440,100,0,1,100,100,0,0,0,0,0,100,100,0.0184501488,7.0441212879,100.0000000000,11.0251097610,1.0000000000,0.8416000000,250.0000000000,0,0,0,68,0
1441,100,0,1,100,100,0,0,1,101,297,100,100,0.0308662796,7.0132550083,100.0000000000,12.8766148368,1.0000000000,0.9644160000,218.1631163315,0,0,0,46,0
1442,100,0,1,100,100,0,0,0,0,0,100,100,0.0218277716,6.9914272367,100.0000000000,12.8766148368,1.0000000000,0.8416000000,250.0000000000,0,0,0,46,0
1443,100,0,1,100,100,0,0,0,0,0,100,100,0.0218277716,6.9695994651,100.0000000000,12.8766148368,1.0000000000,0.8416000000,250.0000000000,0,0,0,46,0
1444,100,0,1,100,100,0,0,0,0,0,100,100,0.0218277716,6.9477716935,100.0000000000,12.8766148368,1.0000000000,0.8416000000,250.0000000000,0,0,0,46,0
1445,100,0,1,100,100,0,0,0,0,0,100,100,0.0218277716,6.9259439219,100.0000000000,12.8766148368,1.0000000000,0.8416000000,250.0000000000,0,0,0,46,0
1446,100,0,1,100,100,0,0,1,101,297,100,100,0.0274055849,6.8985383371,100.0000000000,9.8468713954,1.0000000000,0.9644160000,218.1631163315,0,0,0,82,0
1447,100,0,1,100,100,0,0,0,0,0,100,100,0.0170097492,6.8815285878,100.0000000000,9.8468713954,1.0000000000,0.8416000000,250.0000000000,0,0,0,82,0
1448,100,0,1,100,100,0,0,0,0,0,100,100,0.0170097492,6.8645188386,100.0000000000,9.8468713954,1.0000000000,0.8416000000,250.0000000000,0,0,0,82,0
1449,100,0,1,100,100,0,0,0,0,0,100,100,0.0170097492,6.8475090894,100.0000000000,9.8468713954,1.0000000000,0.8416000000,250.0000000000,0,0,0,82,0
1450,100,0,1,100,100,0,0,0,0,0,100,100,0.0170097492,6.8304993401,100.0000000000,9.8468713954,1.0000000000,0.8416000000,250.0000000000,0,0,0,82,0
1451,100,0,1,100,100,0,0,1,101,297,100,100,0.0273799582,6.8031193819,100.0000000000,10.2676704420,1.0000000000,0.9644160000,218.1631163315,0,0,0,77,0
1452,100,0,1,100,100,0,0,0,0,0,100,100,0.0175271261,6.7855922558,100.0000000000,10.2676704420,1.0000000000,0.8416000000,250.0000000000,0,0,0,77,0
1453,100,0,1,100,100,0,0,0,0,0,100,100,0.0175271261,6.7680651297,100.0000000000,10.2676704420,1.0000000000,0.8416000000,250.0000000000,0,0,0,77,0
1454,100,0,1,100,100,0,0,0,0,0,100,100,0.0175271261,6.7505380035,100.0000000000,10.2676704420,1.0000000000,0.8416000000,250.0000000000,0,0,0,77,0
1455,100,0,1,100,100,0,0,0,0,0,100,100,0.0175271261,6.7330108774,100.0000000000,10.2676704420,1.0000000000,0.8416000000,250.0000000000,0,0,0,77,0
1456,100,0,1,100,100,0,0,1,101,297,100,100,0.0274474250,6.7055634524,100.0000000000,9.5102290717,1.0000000000,0.9644160000,218.1631163315,0,0,0,86,0
1457,100,0,1,100,100,0,0,0,0,0,100,100,0.0165829785,6.6889804740,100.0000000000,9.5102290717,1.0000000000,0.8416000000,250.0000000000,0,0,0,86,0
1458,100,0,1,100,100,0,0,0,0,0,100,100,0.0165829785,6.6723974955,100.0000000000,9.5102290717,1.0000000000,0.8416000000,250.0000000000,0,0,0,86,0
1459,100,0,1,100,100,0,0,0,0,0,100,100,0.0165829785,6.6558145170,100.0000000000,9.5102290717,1.0000000000,0.8416000000,250.0000000000,0,0,0,86,0
1460,100,0,1,100,100,0,0,0,0,0,100,100,0.0165829785,6.6392315385,100.0000000000,9.5102290717,1.0000000000,0.8416000000,250.0000000000,0,0,0,86,0
1461,100,0,1,100,100,0,0,1,101,297,100,100,0.0270959105,6.6121356280,100.0000000000,9.8468679573,1.0000000000,0.9644160000,218.1631163315,0,0,0,82,0
1462,100,0,1,100,100,0,0,0,0,0,100,100,0.0168283778,6.5953072502,100.0000000000,9.8468679573,1.0000000000,0.8416000000,250.0000000000,0,0,0,82,0
1463,100,0,1,100,100,0,0,0,0,0,100,100,0.0168283778,6.5784788724,100.0000000000,9.8468679573,1.0000000000,0.8416000000,250.0000000000,0,0,0,82,0
1464,100,0,1,100,100,0,0,0,0,0,100,100,0.0168283778,6.5616504947,100.0000000000,9.8468679573,1.0000000000,0.8416000000,250.0000000000,0,0,0,82,0
1465,100,0,1,100,100,0,0,0,0,0,100,100,0.0168283778,6.5448221169,100.0000000000,9.8468679573,1.0000000000,0.8416000000,250.0000000000,0,0,0,82,0
1466,100,0,2,100,100,0,0,1,102,394,100,100,0.0306315835,6.5141905335,50.0000000000,12.2875247553,1.0000000000,0.9656320000,217.8883881230,0,0,0,52,0
1467,100,0,2,100,100,0,0,0,0,0,100,100,0.0198009329,6.4943896005,50.0000000000,12.2875247553,1.0000000000,0.8416000000,250.0000000000,0,0,0,52,0
1468,100,0,2,100,100,0,0,0,0,0,100,100,0.0198009329,6.4745886676,50.0000000000,12.2875247553,1.0000000000,0.8416000000,250.0000000000,0,0,0,52,0
1469,100,0,2,100,100,0,0,0,0,0,100,100,0.0198009329,6.4547877347,50.0000000000,12.2875247553,1.0000000000,0.8416000000,250.0000000000,0,0,0,52,0
1470,100,0,2,100,100,0,0,0,0,0,100,100,0.0198009329,6.4349868017,50.0000000000,12.2875247553,1.0000000000,0.8416000000,250.0000000000,0,0,0,52,0
1471,100,0,1,100,100,0,0,1,101,297,100,100,0.0273763289,6.4076104728,100.0000000000,10.1835140181,1.0000000000,0.9644160000,218.1631163315,0,0,0,78,0
1472,100,0,1,100,100,0,0,0,0,0,100,100,0.0173312011,6.3902792717,100.0000000000,10.1835140181,1.0000000000,0.8416000000,250.0000000000,0,0,0,78,0
1473,100,0,1,100,100,0,0,0,0,0,100,100,0.0173312011,6.3729480706,100.0000000000,10.1835140181,1.0000000000,0.8416000000,250.0000000000,0,0,0,78,0
1474,100,0,1,100,100,0,0,0,0,0,100,100,0.0173312011,6.3556168694,100.0000000000,10.1835140181,1.0000000000,0.8416000000,250.0000000000,0,0,0,78,0
1475,100,0,1,100,100,0,0,0,0,0,100,100,0.0173312011,6.3382856683,100.0000000000,10.1835140181,1.0000000000,0.8416000000,250.0000000000,0,0,0,78,0
1476,100,0,1,100,100,0,0,1,101,297,100,100,0.0276710513,6.3106146170,100.0000000000,10.8567944959,1.0000000000,0.9644160000,218.1631163315,0,0,0,70,0
1477,100,0,1,100,100,0,0,0,0,0,100,100,0.0181048961,6.2925097209,100.0000000000,10.8567944959,1.0000000000,0.8416000000,250.0000000000,0,0,0,70,0
1478,100,0,1,100,100,0,0,0,0,0,100,100,0.0181048961,6.2744048248,100.0000000000,10.8567944959,1.0000000000,0.8416000000,250.0000000000,0,0,0,70,0
1479,100,0,1,100,100,0,0,0,0,0,100,100,0.0181048961,6.2562999287,100.0000000000,10.8567944959,1.0000000000,0.8416000000,250.0000000000,0,0,0,70,0
1480,100,0,1,100,100,0,0,0,0,0,100,100,0.0181048961,6.2381950325,100.0000000000,10.8567944959,1.0000000000,0.8416000000,250.0000000000,0,0,0,70,0
1481,100,0,2,100,100,0,0,1,102,394,100,100,0.0292339583,6.2089610743,50.0000000000,10.6043119443,1.0000000000,0.9656320000,217.8883881230,0,0,0,72,0
1482,100,0,2,100,100,0,0,0,0,0,100,100,0.0176899315,6.1912711427,50.0000000000,10.6043119443,1.0000000000,0.8416000000,250.0000000000,0,0,0,72,0
1483,100,0,2,100,100,0,0,0,0,0,100,100,0.0176899315,6.1735812112,50.0000000000,10.6043119443,1.0000000000,0.8416000000,250.0000000000,0,0,0,72,0
1484,100,0,2,100,100,0,0,0,0,0,100,100,0.0176899315,6.1558912797,50.0000000000,10.6043119443,1.0000000000,0.8416000000,250.0000000000,0,0,0,72,0
1485,100,0,2,100,100,0,0,0,0,0,100,100,0.0176899315,6.1382013482,50.0000000000,10.6043119443,1.0000000000,0.8416000000,250.0000000000,0,0,0,72,0
1486,100,0,2,100,100,0,0,1,102,394,100,100,0.0297278386,6.1084735096,50.0000000000,11.1934381011,1.0000000000,0.9656320000,217.8883881230,0,0,0,65,0
1487,100,0,2,100,100,0,0,0,0,0,100,100,0.0183882313,6.0900852783,50.0000000000,11.1934381011,1.0000000000,0.8416000000,250.0000000000,0,0,0,65,0
1488,100,0,2,100,100,0,0,0,0,0,100,100,0.0183882313,6.0716970471,50.0000000000,11.1934381011,1.0000000000,0.8416000000,250.0000000000,0,0,0,65,0
1489,100,0,2,100,100,0,0,0,0,0,100,100,0.0183882313,6.0533088158,50.0000000000,11.1934381011,1.0000000000,0.8416000000,250.0000000000,0,0,0,65,0
1490,100,0,2,100,100,0,0,0,0,0,100,100,0.0183882313,6.0349205845,50.0000000000,11.1934381011,1.0000000000,0.8416000000,250.0000000000,0,0,0,65,0
1491,100,0,2,100,100,0,0,1,102,394,100,100,0.0297019901,6.0052185944,50.0000000000,11.3617591753,1.0000000000,0.9656320000,217.8883881230,0,0,0,63,0
1492,100,0,2,100,100,0,0,0,0,0,100,100,0.0186188032,5.9865997912,50.0000000000,11.3617591753,1.0000000000,0.8416000000,250.0000000000,0,0,0,63,0
1493,100,0,2,100,100,0,0,0,0,0,100,100,0.0186188032,5.9679809881,50.0000000000,11.3617591753,1.0000000000,0.8416000000,250.0000000000,0,0,0,63,0
1494,100,0,2,100,100,0,0,0,0,0,100,100,0.0186188032,5.9493621849,50.0000000000,11.3617591753,1.0000000000,0.8416000000,250.0000000000,0,0,0,63,0
1495,100,0,2,100,100,0,0,0,0,0,100,100,0.0186188032,5.9307433817,50.0000000000,11.3617591753,1.0000000000,0.8416000000,250.0000000000,0,0,0,63,0
1496,100,0,9,100,100,0,0,1,108,1073,100,100,0.0465398393,5.8842035424,11.1111111111,15.6539218866,1.0000000000,0.9729280000,216.2544402052,0,0,0,5,0
1497,100,0,9,100,100,0,0,0,0,0,100,100,0.0235789859,5.8606245565,11.1111111111,15.6539218866,1.0000000000,0.8416000000,250.0000000000,0,0,0,5,0
1498,100,0,9,100,100,0,0,0,0,0,100,100,0.0235789859,5.8370455706,11.1111111111,15.6539218866,1.0000000000,0.8416000000,250.0000000000,0,0,0,5,0
1499,100,0,9,100,100,0,0,0,0,0,100,100,0.0235789859,5.8134665847,11.1111111111,15.6539218866,1.0000000000,0.8416000000,250.0000000000,0,0,0,5,0
1500,100,0,9,100,100,0,0,0,0,0,100,100,0.0235789859,5.7898875988,11.1111111111,15.6539218866,1.0000000000,0.8416000000,250.0000000000,0,0,0,5,0
1501,100,0,1,100,100,0,0,1,101,297,100,100,0.0274332628,5.7624543360,100.0000000000,10.5201528563,1.0000000000,0.9644160000,218.1631163315,0,0,0,74,0
1502,100,0,1,100,100,0,0,0,0,0,100,100,0.0177226857,5.7447316503,100.0000000000,10.5201528563,1.0000000000,0.8416000000,250.0000000000,0,0,0,74,0
1503,100,0,1,100,100,0,0,0,0,0,100,100,0.0177226857,5.7270089646,100.0000000000,10.5201528563,1.0000000000,0.8416000000,250.0000000000,0,0,0,74,0
1504,100,0,1,100,100,0,0,0,0,0,100,100,0.0177226857,5.7092862789,100.0000000000,10.5201528563,1.0000000000,0.8416000000,250.0000000000,0,0,0,74,0
1505,100,0,1,100,100,0,0,0,0,0,100,100,0.0177226857,5.6915635931,100.0000000000,10.5201528563,1.0000000000,0.8416000000,250.0000000000,0,0,0,74,0
1506,100,0,1,100,100,0,0,1,101,297,100,100,0.0277832585,5.6637803347,100.0000000000,11.1092672155,1.0000000000,0.9644160000,218.1631163315,0,0,0,67,0
1507,100,0,1,100,100,0,0,0,0,0,100,100,0.0183711012,5.6454092335,100.0000000000,11.1092672155,1.0000000000,0.8416000000,250.0000000000,0,0,0,67,0
1508,100,0,1,100,100,0,0,0,0,0,100,100,0.0183711012,5.6270381322,100.0000000000,11.1092672155,1.0000000000,0.8416000000,250.0000000000,0,0,0,67,0
1509,100,0,1,100,100,0,0,0,0,0,100,100,0.0183711012,5.6086670310,100.0000000000,11.1092672155,1.0000000000,0.8416000000,250.0000000000,0,0,0,67,0
1510,100,0,1,100,100,0,0,0,0,0,100,100,0.0183711012,5.5902959298,100.0000000000,11.1092672155,1.0000000000,0.8416000000,250.0000000000,0,0,0,67,0
1511,100,0,1,100,100,0,0,1,101,297,100,100,0.0278891116,5.5624068182,100.0000000000,10.6043197406,1.0000000000,0.9644160000,218.1631163315,0,0,0,73,0
1512,100,0,1,100,100,0,0,0,0,0,100,100,0.0177462674,5.5446605508,100.0000000000,10.6043197406,1.0000000000,0.8416000000,250.0000000000,0,0,0,73,0
1513,100,0,1,100,100,0,0,0,0,0,100,100,0.0177462674,5.5269142833,100.0000000000,10.6043197406,1.0000000000,0.8416000000,250.0000000000,0,0,0,73,0
1514,100,0,1,100,100,0,0,0,0,0,100,100,0.0177462674,5.5091680159,100.0000000000,10.6043197406,1.0000000000,0.8416000000,250.0000000000,0,0,0,73,0
1515,100,0,1,100,100,0,0,0,0,0,100,100,0.0177462674,5.4914217485,100.0000000000,10.6043197406,1.0000000000,0.8416000000,250.0000000000,0,0,0,73,0
1516,100,0,1,100,100,0,0,1,101,297,100,100,0.0267707666,5.4646509819,100.0000000000,9.6785432925,1.0000000000,0.9644160000,218.1631163315,0,0,0,84,0
1517,100,0,1,100,100,0,0,0,0,0,100,100,0.0166473833,5.4480035986,100.0000000000,9.6785432925,1.0000000000,0.8416000000,250.0000000000,0,0,0,84,0
1518,100,0,1,100,100,0,0,0,0,0,100,100,0.0166473833,5.4313562152,100.0000000000,9.6785432925,1.0000000000,0.8416000000,250.0000000000,0,0,0,84,0
1519,100,0,1,100,100,0,0,0,0,0,100,100,0.0166473833,5.4147088319,100.0000000000,9.6785432925,1.0000000000,0.8416000000,250.0000000000,0,0,0,84,0
1520,100,0,1,100,100,0,0,0,0,0,100,100,0.0166473833,5.3980614486,100.0000000000,9.6785432925,1.0000000000,0.8416000000,250.0000000000,0,0,0,84,0
1521,100,0,1,100,100,0,0,1,101,297,100,100,0.0274716683,5.3705897802,100.0000000000,10.6043051259,1.0000000000,0.9644160000,218.1631163315,0,0,0,73,0
1522,100,0,1,100,100,0,0,0,0,0,100,100,0.0180206224,5.3525691578,100.0000000000,10.6043051259,1.0000000000,0.8416000000,250.0000000000,0,0,0,73,0
1523,100,0,1,100,100,0,0,0,0,0,100,100,0.0180206224,5.3345485354,100.0000000000,10.6043051259,1.0000000000,0.8416000000,250.0000000000,0,0,0,73,0
1524,100,0,1,100,100,0,0,0,0,0,100,100,0.0180206224,5.3165279130,100.0000000000,10.6043051259,1.0000000000,0.8416000000,250.0000000000,0,0,0,73,0
1525,100,0,1,100,100,0,0,0,0,0,100,100,0.0180206224,5.2985072906,100.0000000000,10.6043051259,1.0000000000,0.8416000000,250.0000000000,0,0,0,73,0
1526,100,0,2,100,100,0,0,1,102,394,100,100,0.0321065513,5.2664007393,50.0000000000,13.4657665986,1.0000000000,0.9656320000,217.8883881230,0,0,0,38,0
1527,100,0,2,100,100,0,0,0,0,0,100,100,0.0214021628,5.2449985765,50.0000000000,13.4657665986,1.0000000000,0.8416000000,250.0000000000,0,0,0,38,0
1528,100,0,2,100,100,0,0,0,0,0,100,100,0.0214021628,5.2235964138,50.0000000000,13.4657665986,1.0000000000,0.8416000000,250.0000000000,0,0,0,38,0
1529,100,0,2,100,100,0,0,0,0,0,100,100,0.0214021628,5.2021942510,50.0000000000,13.4657665986,1.0000000000,0.8416000000,250.0000000000,0,0,0,38,0
1530,100,0,2,100,100,0,0,0,0,0,100,100,0.0214021628,5.1807920882,50.0000000000,13.4657665986,1.0000000000,0.8416000000,250.0000000000,0,0,0,38,0
1531,100,0,1,100,100,0,0,1,101,297,100,100,0.0271801909,5.1536118974,100.0000000000,10.1835106913,1.0000000000,0.9644160000,218.1631163315,0,0,0,78,0
1532,100,0,1,100,100,0,0,0,0,0,100,100,0.0173546267,5.1362572707,100.0000000000,10.1835106913,1.0000000000,0.8416000000,250.0000000000,0,0,0,78,0
1533,100,0,1,100,100,0,0,0,0,0,100,100,0.0173546267,5.1189026441,100.0000000000,10.1835106913,1.0000000000,0.8416000000,250.0000000000,0,0,0,78,0
1534,100,0,1,100,100,0,0,0,0,0,100,100,0.0173546267,5.1015480174,100.0000000000,10.1835106913,1.0000000000,0.8416000000,250.0000000000,0,0,0,78,0
1535,100,0,1,100,100,0,0,0,0,0,100,100,0.0173546267,5.0841933908,100.0000000000,10.1835106913,1.0000000000,0.8416000000,250.0000000000,0,0,0,78,0
1536,100,0,1,100,100,0,0,1,101,297,100,100,0.0284015706,5.0557918202,100.0000000000,11.3617490562,1.0000000000,0.9644160000,218.1631163315,0,0,0,64,0
1537,100,0,1,100,100,0,0,0,0,0,100,100,0.0190446832,5.0367471370,100.0000000000,11.3617490562,1.0000000000,0.8416000000,250.0000000000,0,0,0,64,0
1538,100,0,1,100,100,0,0,0,0,0,100,100,0.0190446832,5.0177024538,100.0000000000,11.3617490562,1.0000000000,0.8416000000,250.0000000000,0,0,0,64,0
1539,100,0,1,100,100,0,0,0,0,0,100,100,0.0190446832,4.9986577707,100.0000000000,11.3617490562,1.0000000000,0.8416000000,250.0000000000,0,0,0,64,0
1540,100,0,1,100,100,0,0,0,0,0,100,100,0.0190446832,4.9796130875,100.0000000000,11.3617490562,1.0000000000,0.8416000000,250.0000000000,0,0,0,64,0
1541,100,0,1,100,100,0,0,1,101,297,100,100,0.0275023064,4.9521107811,100.0000000000,10.6043097652,1.0000000000,0.9644160000,218.1631163315,0,0,0,73,0
1542,100,0,1,100,100,0,0,0,0,0,100,100,0.0180154317,4.9340953493,100.0000000000,10.6043097652,1.0000000000,0.8416000000,250.0000000000,0,0,0,73,0
1543,100,0,1,100,100,0,0,0,0,0,100,100,0.0180154317,4.9160799176,100.0000000000,10.6043097652,1.0000000000,0.8416000000,250.0000000000,0,0,0,73,0
1544,100,0,1,100,100,0,0,0,0,0,100,100,0.0180154317,4.8980644859,100.0000000000,10.6043097652,1.0000000000,0.8416000000,250.0000000000,0,0,0,73,0
1545,100,0,1,100,100,0,0,0,0,0,100,100,0.0180154317,4.8800490542,100.0000000000,10.6043097652,1.0000000000,0.8416000000,250.0000000000,0,0,0,73,0
1546,100,0,1,100,100,0,0,1,101,297,100,100,0.0281830358,4.8518660183,100.0000000000,11.1934252674,1.0000000000,0.9644160000,218.1631163315,0,0,0,66,0
1547,100,0,1,100,100,0,0,0,0,0,100,100,0.0189037732,4.8329622452,100.0000000000,11.1934252674,1.0000000000,0.8416000000,250.0000000000,0,0,0,66,0
1548,100,0,1,100,100,0,0,0,0,0,100,100,0.0189037732,4.8140584720,100.0000000000,11.1934252674,1.0000000000,0.8416000000,250.0000000000,0,0,0,66,0
1549,100,0,1,100,100,0,0,0,0,0,100,100,0.0189037732,4.7951546988,100.0000000000,11.1934252674,1.0000000000,0.8416000000,250.0000000000,0,0,0,66,0
1550,100,0,1,100,100,0,0,0,0,0,100,100,0.0189037732,4.7762509256,100.0000000000,11.1934252674,1.0000000000,0.8416000000,250.0000000000,0,0,0,66,0
1551,100,0,1,100,100,0,0,1,101,297,100,100,0.0276801789,4.7485707467,100.0000000000,10.8567868713,1.0000000000,0.9644160000,218.1631163315,0,0,0,70,0
1552,100,0,1,100,100,0,0,0,0,0,100,100,0.0183096291,4.7302611176,100.0000000000,10.8567868713,1.0000000000,0.8416000000,250.0000000000,0,0,0,70,0
1553,100,0,1,100,100,0,0,0,0,0,100,100,0.0183096291,4.7119514885,100.0000000000,10.8567868713,1.0000000000,0.8416000000,250.0000000000,0,0,0,70,0
1554,100,0,1,100,100,0,0,0,0,0,100,100,0.0183096291,4.6936418594,100.0000000000,10.8567868713,1.0000000000,0.8416000000,250.0000000000,0,0,0,70,0
1555,100,0,1,100,100,0,0,0,0,0,100,100,0.0183096291,4.6753322303,100.0000000000,10.8567868713,1.0000000000,0.8416000000,250.0000000000,0,0,0,70,0
1556,100,0,1,100,100,0,0,1,101,297,100,100,0.0274515111,4.6478807192,100.0000000000,10.6884709914,1.0000000000,0.9644160000,218.1631163315,0,0,0,72,0
1557,100,0,1,100,100,0,0,0,0,0,100,100,0.0177927159,4.6300880033,100.0000000000,10.6884709914,1.0000000000,0.8416000000,250.0000000000,0,0,0,72,0
1558,100,0,1,100,100,0,0,0,0,0,100,100,0.0177927159,4.6122952874,100.0000000000,10.6884709914,1.0000000000,0.8416000000,250.0000000000,0,0,0,72,0
1559,100,0,1,100,100,0,0,0,0,0,100,100,0.0177927159,4.5945025715,100.0000000000,10.6884709914,1.0000000000,0.8416000000,250.0000000000,0,0,0,72,0
1560,100,0,1,100,100,0,0,0,0,0,100,100,0.0177927159,4.5767098556,100.0000000000,10.6884709914,1.0000000000,0.8416000000,250.0000000000,0,0,0,72,0
1561,100,0,1,100,100,0,0,1,101,297,100,100,0.0273064242,4.5494034314,100.0000000000,10.2676685546,1.0000000000,0.9644160000,218.1631163315,0,0,0,77,0
1562,100,0,1,100,100,0,0,0,0,0,100,100,0.0175182909,4.5318851405,100.0000000000,10.2676685546,1.0000000000,0.8416000000,250.0000000000,0,0,0,77,0
1563,100,0,1,100,100,0,0,0,0,0,100,100,0.0175182909,4.5143668496,100.0000000000,10.2676685546,1.0000000000,0.8416000000,250.0000000000,0,0,0,77,0
1564,100,0,1,100,100,0,0,0,0,0,100,100,0.0175182909,4.4968485587,100.0000000000,10.2676685546,1.0000000000,0.8416000000,250.0000000000,0,0,0,77,0
1565,100,0,1,100,100,0,0,0,0,0,100,100,0.0175182909,4.4793302677,100.0000000000,10.2676685546,1.0000000000,0.8416000000,250.0000000000,0,0,0,77,0
1566,100,0,2,100,100,0,0,1,102,394,100,100,0.0295031654,4.4498271024,50.0000000000,11.1092822596,1.0000000000,0.9656320000,217.8883881230,0,0,0,66,0
1567,100,0,2,100,100,0,0,0,0,0,100,100,0.0183180332,4.4315090692,50.0000000000,11.1092822596,1.0000000000,0.8416000000,250.0000000000,0,0,0,66,0
1568,100,0,2,100,100,0,0,0,0,0,100,100,0.0183180332,4.4131910360,50.0000000000,11.1092822596,1.0000000000,0.8416000000,250.0000000000,0,0,0,66,0
1569,100,0,2,100,100,0,0,0,0,0,100,100,0.0183180332,4.3948730028,50.0000000000,11.1092822596,1.0000000000,0.8416000000,250.0000000000,0,0,0,66,0
1570,100,0,2,100,100,0,0,0,0,0,100,100,0.0183180332,4.3765549696,50.0000000000,11.1092822596,1.0000000000,0.8416000000,250.0000000000,0,0,0,66,0
1571,100,0,1,100,100,0,0,1,101,297,100,100,0.0297595411,4.3467954285,100.0000000000,12.2874976748,1.0000000000,0.9644160000,218.1631163315,0,0,0,53,0
1572,100,0,1,100,100,0,0,0,0,0,100,100,0.0207116386,4.3260837899,100.0000000000,12.2874976748,1.0000000000,0.8416000000,250.0000000000,0,0,0,53,0
1573,100,0,1,100,100,0,0,0,0,0,100,100,0.0207116386,4.3053721513,100.0000000000,12.2874976748,1.0000000000,0.8416000000,250.0000000000,0,0,0,53,0
1574,100,0,1,100,100,0,0,0,0,0,100,100,0.0207116386,4.2846605126,100.0000000000,12.2874976748,1.0000000000,0.8416000000,250.0000000000,0,0,0,53,0
1575,100,0,1,100,100,0,0,0,0,0,100,100,0.0207116386,4.2639488740,100.0000000000,12.2874976748,1.0000000000,0.8416000000,250.0000000000,0,0,0,53,0
1576,100,0,1,100,100,0,0,1,101,297,100,100,0.0287432046,4.2352056694,100.0000000000,11.6983801939,1.0000000000,0.9644160000,218.1631163315,0,0,0,60,0
1577,100,0,1,100,100,0,0,0,0,0,100,100,0.0196374577,4.2155682117,100.0000000000,11.6983801939,1.0000000000,0.8416000000,250.0000000000,0,0,0,60,0
1578,100,0,1,100,100,0,0,0,0,0,100,100,0.0196374577,4.1959307540,100.0000000000,11.6983801939,1.0000000000,0.8416000000,250.0000000000,0,0,0,60,0
1579,100,0,1,100,100,0,0,0,0,0,100,100,0.0196374577,4.1762932963,100.0000000000,11.6983801939,1.0000000000,0.8416000000,250.0000000000,0,0,0,60,0
1580,100,0,1,100,100,0,0,0,0,0,100,100,0.0196374577,4.1566558386,100.0000000000,11.6983801939,1.0000000000,0.8416000000,250.0000000000,0,0,0,60,0
1581,100,0,3,100,100,0,0,1,103,491,100,100,0.0336966750,4.1229591636,33.3333333333,13.2132849012,1.0000000000,0.9668480000,217.6143509631,0,0,0,40,0
1582,100,0,3,100,100,0,0,0,0,0,100,100,0.0212005135,4.1017586501,33.3333333333,13.2132849012,1.0000000000,0.8416000000,250.0000000000,0,0,0,40,0
1583,100,0,3,100,100,0,0,0,0,0,100,100,0.0212005135,4.0805581365,33.3333333333,13.2132849012,1.0000000000,0.8416000000,250.0000000000,0,0,0,40,0
1584,100,0,3,100,100,0,0,0,0,0,100,100,0.0212005135,4.0593576230,33.3333333333,13.2132849012,1.0000000000,0.8416000000,250.0000000000,0,0,0,40,0
1585,100,0,3,100,100,0,0,0,0,0,100,100,0.0212005135,4.0381571094,33.3333333333,13.2132849012,1.0000000000,0.8416000000,250.0000000000,0,0,0,40,0
1586,100,0,1,100,100,0,0,1,101,297,100,100,0.0274242459,4.0107328635,100.0000000000,10.6043095150,1.0000000000,0.9644160000,218.1631163315,0,0,0,73,0
1587,100,0,1,100,100,0,0,0,0,0,100,100,0.0178768392,3.9928560243,100.0000000000,10.6043095150,1.0000000000,0.8416000000,250.0000000000,0,0,0,73,0
1588,100,0,1,100,100,0,0,0,0,0,100,100,0.0178768392,3.9749791851,100.0000000000,10.6043095150,1.0000000000,0.8416000000,250.0000000000,0,0,0,73,0
1589,100,0,1,100,100,0,0,0,0,0,100,100,0.0178768392,3.9571023459,100.0000000000,10.6043095150,1.0000000000,0.8416000000,250.0000000000,0,0,0,73,0
1590,100,0,1,100,100,0,0,0,0,0,100,100,0.0178768392,3.9392255066,100.0000000000,10.6043095150,1.0000000000,0.8416000000,250.0000000000,0,0,0,73,0
1591,100,0,2,100,100,0,0,1,102,394,100,100,0.0310765363,3.9081489703,50.0000000000,12.6241756794,1.0000000000,0.9656320000,217.8883881230,0,0,0,48,0
1592,100,0,2,100,100,0,0,0,0,0,100,100,0.0202168125,3.8879321578,50.0000000000,12.6241756794,1.0000000000,0.8416000000,250.0000000000,0,0,0,48,0
1593,100,0,2,100,100,0,0,0,0,0,100,100,0.0202168125,3.8677153453,50.0000000000,12.6241756794,1.0000000000,0.8416000000,250.0000000000,0,0,0,48,0
1594,100,0,2,100,100,0,0,0,0,0,100,100,0.0202168125,3.8474985327,50.0000000000,12.6241756794,1.0000000000,0.8416000000,250.0000000000,0,0,0,48,0
1595,100,0,2,100,100,0,0,0,0,0,100,100,0.0202168125,3.8272817202,50.0000000000,12.6241756794,1.0000000000,0.8416000000,250.0000000000,0,0,0,48,0
1596,100,0,11,100,100,0,0,1,111,1267,100,100,0.0503480044,3.7769337157,9.0909090909,15.7380811685,1.0000000000,0.9765760000,215.4466216659,0,0,0,2,0
1597,100,0,11,100,100,0,0,0,0,0,100,100,0.0237726465,3.7531610693,9.0909090909,15.7380811685,1.0000000000,0.8416000000,250.0000000000,0,0,0,2,0
1598,100,0,11,100,100,0,0,0,0,0,100,100,0.0237726465,3.7293884228,9.0909090909,15.7380811685,1.0000000000,0.8416000000,250.0000000000,0,0,0,2,0
1599,100,0,11,100,100,0,0,0,0,0,100,100,0.0237726465,3.7056157763,9.0909090909,15.7380811685,1.0000000000,0.8416000000,250.0000000000,0,0,0,2,0
1600,100,0,11,100,100,0,0,0,0,0,100,100,0.0237726465,3.6818431298,9.0909090909,15.7380811685,1.0000000000,0.8416000000,250.0000000000,0,0,0,2,0
1601,100,0,1,100,100,0,0,1,101,297,100,100,0.0286645025,3.6531786273,100.0000000000,11.6142246109,1.0000000000,0.9644160000,218.1631163315,0,0,0,61,0
1602,100,0,1,100,100,0,0,0,0,0,100,100,0.0194416777,3.6337369496,100.0000000000,11.6142246109,1.0000000000,0.8416000000,250.0000000000,0,0,0,61,0
1603,100,0,1,100,100,0,0,0,0,0,100,100,0.0194416777,3.6142952718,100.0000000000,11.6142246109,1.0000000000,0.8416000000,250.0000000000,0,0,0,61,0
1604,100,0,1,100,100,0,0,0,0,0,100,100,0.0194416777,3.5948535941,100.0000000000,11.6142246109,1.0000000000,0.8416000000,250.0000000000,0,0,0,61,0
1605,100,0,1,100,100,0,0,0,0,0,100,100,0.0194416777,3.5754119163,100.0000000000,11.6142246109,1.0000000000,0.8416000000,250.0000000000,0,0,0,61,0
1606,100,0,1,100,100,0,0,1,101,297,100,100,0.0277874823,3.5476244341,100.0000000000,11.1092668015,1.0000000000,0.9644160000,218.1631163315,0,0,0,67,0
1607,100,0,1,100,100,0,0,0,0,0,100,100,0.0183939113,3.5292305227,100.0000000000,11.1092668015,1.0000000000,0.8416000000,250.0000000000,0,0,0,67,0
1608,100,0,1,100,100,0,0,0,0,0,100,100,0.0183939113,3.5108366114,100.0000000000,11.1092668015,1.0000000000,0.8416000000,250.0000000000,0,0,0,67,0
1609,100,0,1,100,100,0,0,0,0,0,100,100,0.0183939113,3.4924427000,100.0000000000,11.1092668015,1.0000000000,0.8416000000,250.0000000000,0,0,0,67,0
1610,100,0,1,100,100,0,0,0,0,0,100,100,0.0183939113,3.4740487887,100.0000000000,11.1092668015,1.0000000000,0.8416000000,250.0000000000,0,0,0,67,0
1611,100,0,1,100,100,0,0,1,101,297,100,100,0.0285408189,3.4455079698,100.0000000000,11.4458989643,1.0000000000,0.9644160000,218.1631163315,0,0,0,63,0
1612,100,0,1,100,100,0,0,0,0,0,100,100,0.0193931552,3.4261148146,100.0000000000,11.4458989643,1.0000000000,0.8416000000,250.0000000000,0,0,0,63,0
1613,100,0,1,100,100,0,0,0,0,0,100,100,0.0193931552,3.4067216594,100.0000000000,11.4458989643,1.0000000000,0.8416000000,250.0000000000,0,0,0,63,0
1614,100,0,1,100,100,0,0,0,0,0,100,100,0.0193931552,3.3873285042,100.0000000000,11.4458989643,1.0000000000,0.8416000000,250.0000000000,0,0,0,63,0
1615,100,0,1,100,100,0,0,0,0,0,100,100,0.0193931552,3.3679353490,100.0000000000,11.4458989643,1.0000000000,0.8416000000,250.0000000000,0,0,0,63,0
1616,100,0,1,100,100,0,0,1,101,297,100,100,0.0270625765,3.3408727725,100.0000000000,10.1835075242,1.0000000000,0.9644160000,218.1631163315,0,0,0,78,0
1617,100,0,1,100,100,0,0,0,0,0,100,100,0.0172666086,3.3236061638,100.0000000000,10.1835075242,1.0000000000,0.8416000000,250.0000000000,0,0,0,78,0
1618,100,0,1,100,100,0,0,0,0,0,100,100,0.0172666086,3.3063395552,100.0000000000,10.1835075242,1.0000000000,0.8416000000,250.0000000000,0,0,0,78,0
1619,100,0,1,100,100,0,0,0,0,0,100,100,0.0172666086,3.2890729466,100.0000000000,10.1835075242,1.0000000000,0.8416000000,250.0000000000,0,0,0,78,0
1620,100,0,1,100,100,0,0,0,0,0,100,100,0.0172666086,3.2718063379,100.0000000000,10.1835075242,1.0000000000,0.8416000000,250.0000000000,0,0,0,78,0
1621,100,0,1,100,100,0,0,1,101,297,100,100,0.0268742636,3.2449320743,100.0000000000,9.6785448702,1.0000000000,0.9644160000,218.1631163315,0,0,0,84,0
1622,100,0,1,100,100,0,0,0,0,0,100,100,0.0166572764,3.2282747979,100.0000000000,9.6785448702,1.0000000000,0.8416000000,250.0000000000,0,0,0,84,0
1623,100,0,1,100,100,0,0,0,0,0,100,100,0.0166572764,3.2116175214,100.0000000000,9.6785448702,1.0000000000,0.8416000000,250.0000000000,0,0,0,84,0
1624,100,0,1,100,100,0,0,0,0,0,100,100,0.0166572764,3.1949602450,100.0000000000,9.6785448702,1.0000000000,0.8416000000,250.0000000000,0,0,0,84,0
1625,100,0,1,100,100,0,0,0,0,0,100,100,0.0166572764,3.1783029685,100.0000000000,9.6785448702,1.0000000000,0.8416000000,250.0000000000,0,0,0,84,0
1626,100,0,1,100,100,0,0,1,101,297,100,100,0.0277178374,3.1505851312,100.0000000000,10.6884719901,1.0000000000,0.9644160000,218.1631163315,0,0,0,72,0
1627,100,0,1,100,100,0,0,0,0,0,100,100,0.0181470062,3.1324381250,100.0000000000,10.6884719901,1.0000000000,0.8416000000,250.0000000000,0,0,0,72,0
1628,100,0,1,100,100,0,0,0,0,0,100,100,0.0181470062,3.1142911188,100.0000000000,10.6884719901,1.0000000000,0.8416000000,250.0000000000,0,0,0,72,0
1629,100,0,1,100,100,0,0,0,0,0,100,100,0.0181470062,3.0961441127,100.0000000000,10.6884719901,1.0000000000,0.8416000000,250.0000000000,0,0,0,72,0
1630,100,0,1,100,100,0,0,0,0,0,100,100,0.0181470062,3.0779971065,100.0000000000,10.6884719901,1.0000000000,0.8416000000,250.0000000000,0,0,0,72,0
1631,100,0,1,100,100,0,0,1,101,297,100,100,0.0267707666,3.0512263399,100.0000000000,9.6785432925,1.0000000000,0.9644160000,218.1631163315,0,0,0,84,0
1632,100,0,1,100,100,0,0,0,0,0,100,100,0.0166473833,3.0345789566,100.0000000000,9.6785432925,1.0000000000,0.8416000000,250.0000000000,0,0,0,84,0
1633,100,0,1,100,100,0,0,0,0,0,100,100,0.0166473833,3.0179315732,100.0000000000,9.6785432925,1.0000000000,0.8416000000,250.0000000000,0,0,0,84,0
1634,100,0,1,100,100,0,0,0,0,0,100,100,0.0166473833,3.0012841899,100.0000000000,9.6785432925,1.0000000000,0.8416000000,250.0000000000,0,0,0,84,0
1635,100,0,1,100,100,0,0,0,0,0,100,100,0.0166473833,2.9846368066,100.0000000000,9.6785432925,1.0000000000,0.8416000000,250.0000000000,0,0,0,84,0
1636,100,0,1,100,100,0,0,1,101,297,100,100,0.0274332628,2.9572035438,100.0000000000,10.5201528563,1.0000000000,0.9644160000,218.1631163315,0,0,0,74,0
1637,100,0,1,100,100,0,0,0,0,0,100,100,0.0177226857,2.9394808581,100.0000000000,10.5201528563,1.0000000000,0.8416000000,250.0000000000,0,0,0,74,0
1638,100,0,1,100,100,0,0,0,0,0,100,100,0.0177226857,2.9217581724,100.0000000000,10.5201528563,1.0000000000,0.8416000000,250.0000000000,0,0,0,74,0
1639,100,0,1,100,100,0,0,0,0,0,100,100,0.0177226857,2.9040354867,100.0000000000,10.5201528563,1.0000000000,0.8416000000,250.0000000000,0,0,0,74,0
1640,100,0,1,100,100,0,0,0,0,0,100,100,0.0177226857,2.8863128009,100.0000000000,10.5201528563,1.0000000000,0.8416000000,250.0000000000,0,0,0,74,0
1641,100,0,1,100,100,0,0,1,101,297,100,100,0.0291052808,2.8572075201,100.0000000000,11.9508749329,1.0000000000,0.9644160000,218.1631163315,0,0,0,57,0
1642,100,0,1,100,100,0,0,0,0,0,100,100,0.0198115337,2.8373959864,100.0000000000,11.9508749329,1.0000000000,0.8416000000,250.0000000000,0,0,0,57,0
1643,100,0,1,100,100,0,0,0,0,0,100,100,0.0198115337,2.8175844527,100.0000000000,11.9508749329,1.0000000000,0.8416000000,250.0000000000,0,0,0,57,0
1644,100,0,1,100,100,0,0,0,0,0,100,100,0.0198115337,2.7977729189,100.0000000000,11.9508749329,1.0000000000,0.8416000000,250.0000000000,0,0,0,57,0
1645,100,0,1,100,100,0,0,0,0,0,100,100,0.0198115337,2.7779613852,100.0000000000,11.9508749329,1.0000000000,0.8416000000,250.0000000000,0,0,0,57,0
1646,100,0,1,100,100,0,0,1,101,297,100,100,0.0297876592,2.7481737260,100.0000000000,12.2874986483,1.0000000000,0.9644160000,218.1631163315,0,0,0,53,0
1647,100,0,1,100,100,0,0,0,0,0,100,100,0.0207119371,2.7274617889,100.0000000000,12.2874986483,1.0000000000,0.8416000000,250.0000000000,0,0,0,53,0
1648,100,0,1,100,100,0,0,0,0,0,100,100,0.0207119371,2.7067498518,100.0000000000,12.2874986483,1.0000000000,0.8416000000,250.0000000000,0,0,0,53,0
1649,100,0,1,100,100,0,0,0,0,0,100,100,0.0207119371,2.6860379147,100.0000000000,12.2874986483,1.0000000000,0.8416000000,250.0000000000,0,0,0,53,0
1650,100,0,1,100,100,0,0,0,1,98,100,100,0.0182166729,2.6678212418,100.0000000000,9.5102268140,1.0000000000,0.8428160000,249.6393044271,0,0,1,86,0
1651,100,0,1,100,100,0,0,1,101,297,100,100,0.0298039356,2.6380173062,100.0000000000,12.3716631194,1.0000000000,0.9644160000,218.1631163315,0,0,0,52,0
1652,100,0,1,100,100,0,0,0,0,0,100,100,0.0206894109,2.6173278954,100.0000000000,12.3716631194,1.0000000000,0.8416000000,250.0000000000,0,0,0,52,0
1653,100,0,1,100,100,0,0,0,0,0,100,100,0.0206894109,2.5966384845,100.0000000000,12.3716631194,1.0000000000,0.8416000000,250.0000000000,0,0,0,52,0
1654,100,0,1,100,100,0,0,0,0,0,100,100,0.0206894109,2.5759490736,100.0000000000,12.3716631194,1.0000000000,0.8416000000,250.0000000000,0,0,0,52,0
1655,100,0,1,100,100,0,0,0,0,0,100,100,0.0206894109,2.5552596628,100.0000000000,12.3716631194,1.0000000000,0.8416000000,250.0000000000,0,0,0,52,0
1656,100,0,1,100,100,0,0,1,101,297,100,100,0.0286681386,2.5265915242,100.0000000000,11.5300652771,1.0000000000,0.9644160000,218.1631163315,0,0,0,62,0
1657,100,0,1,100,100,0,0,0,0,0,100,100,0.0194681038,2.5071234204,100.0000000000,11.5300652771,1.0000000000,0.8416000000,250.0000000000,0,0,0,62,0
1658,100,0,1,100,100,0,0,0,0,0,100,100,0.0194681038,2.4876553166,100.0000000000,11.5300652771,1.0000000000,0.8416000000,250.0000000000,0,0,0,62,0
1659,100,0,1,100,100,0,0,0,0,0,100,100,0.0194681038,2.4681872128,100.0000000000,11.5300652771,1.0000000000,0.8416000000,250.0000000000,0,0,0,62,0
1660,100,0,1,100,100,0,0,0,0,0,100,100,0.0194681038,2.4487191090,100.0000000000,11.5300652771,1.0000000000,0.8416000000,250.0000000000,0,0,0,62,0
1661,100,0,1,100,100,0,0,1,101,297,100,100,0.0280258728,2.4206932362,100.0000000000,11.1934280200,1.0000000000,0.9644160000,218.1631163315,0,0,0,66,0
1662,100,0,1,100,100,0,0,0,0,0,100,100,0.0187294160,2.4019638201,100.0000000000,11.1934280200,1.0000000000,0.8416000000,250.0000000000,0,0,0,66,0
1663,100,0,1,100,100,0,0,0,0,0,100,100,0.0187294160,2.3832344041,100.0000000000,11.1934280200,1.0000000000,0.8416000000,250.0000000000,0,0,0,66,0
1664,100,0,1,100,100,0,0,0,0,0,100,100,0.0187294160,2.3645049880,100.0000000000,11.1934280200,1.0000000000,0.8416000000,250.0000000000,0,0,0,66,0
1665,100,0,1,100,100,0,0,0,0,0,100,100,0.0187294160,2.3457755720,100.0000000000,11.1934280200,1.0000000000,0.8416000000,250.0000000000,0,0,0,66,0
1666,100,0,1,100,100,0,0,1,101,297,100,100,0.0280492332,2.3177263387,100.0000000000,11.0251212667,1.0000000000,0.9644160000,218.1631163315,0,0,0,68,0
1667,100,0,1,100,100,0,0,0,0,0,100,100,0.0183882136,2.2993381252,100.0000000000,11.0251212667,1.0000000000,0.8416000000,250.0000000000,0,0,0,68,0
1668,100,0,1,100,100,0,0,0,0,0,100,100,0.0183882136,2.2809499116,100.0000000000,11.0251212667,1.0000000000,0.8416000000,250.0000000000,0,0,0,68,0
1669,100,0,1,100,100,0,0,0,1,98,100,100,0.0182166729,2.2627332387,100.0000000000,9.5102268140,1.0000000000,0.8428160000,249.6393044271,0,0,1,86,0
1670,100,0,1,100,100,0,0,0,0,0,100,100,0.0164822063,2.2462510324,100.0000000000,9.5102268140,1.0000000000,0.8416000000,250.0000000000,0,0,0,86,0
1671,100,0,1,100,100,0,0,1,101,297,100,100,0.0285437720,2.2177072604,100.0000000000,11.4459018913,1.0000000000,0.9644160000,218.1631163315,0,0,0,63,0
1672,100,0,1,100,100,0,0,0,0,0,100,100,0.0193508097,2.1983564507,100.0000000000,11.4459018913,1.0000000000,0.8416000000,250.0000000000,0,0,0,63,0
1673,100,0,1,100,100,0,0,0,0,0,100,100,0.0193508097,2.1790056410,100.0000000000,11.4459018913,1.0000000000,0.8416000000,250.0000000000,0,0,0,63,0
1674,100,0,1,100,100,0,0,0,0,0,100,100,0.0193508097,2.1596548314,100.0000000000,11.4459018913,1.0000000000,0.8416000000,250.0000000000,0,0,0,63,0
1675,100,0,1,100,100,0,0,0,1,98,100,100,0.0191780204,2.1404768110,100.0000000000,10.1835165215,1.0000000000,0.8428160000,249.6393044271,0,0,1,78,0
1676,100,0,1,100,100,0,0,1,101,297,100,100,0.0283000255,2.1121767854,100.0000000000,10.9409667095,1.0000000000,0.9644160000,218.1631163315,0,0,0,69,0
1677,100,0,1,100,100,0,0,0,0,0,100,100,0.0183850934,2.0937916921,100.0000000000,10.9409667095,1.0000000000,0.8416000000,250.0000000000,0,0,0,69,0
1678,100,0,1,100,100,0,0,0,0,0,100,100,0.0183850934,2.0754065987,100.0000000000,10.9409667095,1.0000000000,0.8416000000,250.0000000000,0,0,0,69,0
1679,100,0,1,100,100,0,0,0,0,0,100,100,0.0183850934,2.0570215053,100.0000000000,10.9409667095,1.0000000000,0.8416000000,250.0000000000,0,0,0,69,0
1680,100,0,1,100,100,0,0,0,1,98,100,100,0.0184867361,2.0385347692,100.0000000000,9.6785478003,1.0000000000,0.8428160000,249.6393044271,0,0,1,84,0
1681,100,0,1,100,100,0,0,1,101,297,100,100,0.0270959105,2.0114388586,100.0000000000,9.8468679573,1.0000000000,0.9644160000,218.1631163315,0,0,0,82,0
1682,100,0,1,100,99,1,0,0,0,0,99,99,0.0167109898,1.9947278688,100.0000000000,9.8613208692,0.9900000000,0.8331840000,250.0000000000,0,0,0,81,0
1683,100,0,1,100,99,1,0,0,0,0,99,99,0.0167109898,1.9780168789,100.0000000000,9.8613208692,0.9900000000,0.8331840000,250.0000000000,0,0,0,81,0
1684,100,0,1,100,99,1,0,0,0,0,99,99,0.0167109898,1.9613058891,100.0000000000,9.8613208692,0.9900000000,0.8331840000,250.0000000000,0,0,0,81,0
1685,100,0,1,100,99,1,0,0,1,97,99,99,0.0191956625,1.9421102266,100.0000000000,10.3713837481,0.9900000000,0.8344000000,249.6356663471,0,0,1,75,0
1686,99,1,1,99,99,0,0,1,100,294,99,99,0.0284760800,1.9136341466,99.0000000000,11.6465261239,1.0000000000,0.9547840000,218.1603378356,0,0,0,60,0
1687,99,1,1,99,99,0,0,0,0,0,99,99,0.0194270935,1.8942070531,99.0000000000,11.6465261239,1.0000000000,0.8331840000,250.0000000000,0,0,0,60,0
1688,99,1,1,99,99,0,0,0,0,0,99,99,0.0194270935,1.8747799596,99.0000000000,11.6465261239,1.0000000000,0.8331840000,250.0000000000,0,0,0,60,0
1689,99,1,1,99,99,0,0,0,0,0,99,99,0.0194270935,1.8553528660,99.0000000000,11.6465261239,1.0000000000,0.8331840000,250.0000000000,0,0,0,60,0
1690,99,1,1,99,99,0,0,0,1,97,99,99,0.0190439125,1.8363089536,99.0000000000,10.2013699240,1.0000000000,0.8344000000,249.6356663471,0,0,1,77,0
1691,99,1,3,99,99,0,0,1,102,486,99,99,0.0336471092,1.8026618443,33.0000000000,13.8568037984,1.0000000000,0.9572160000,217.6060575669,0,0,0,32,0
1692,99,1,3,99,99,0,0,0,0,0,99,99,0.0213695837,1.7812922606,33.0000000000,13.8568037984,1.0000000000,0.8331840000,250.0000000000,0,0,0,32,0
1693,99,1,3,99,99,0,0,0,0,0,99,99,0.0213695837,1.7599226769,33.0000000000,13.8568037984,1.0000000000,0.8331840000,250.0000000000,0,0,0,32,0
1694,99,1,3,99,99,0,0,0,0,0,99,99,0.0213695837,1.7385530931,33.0000000000,13.8568037984,1.0000000000,0.8331840000,250.0000000000,0,0,0,32,0
1695,99,1,3,99,99,0,0,0,0,0,99,99,0.0213695837,1.7171835094,33.0000000000,13.8568037984,1.0000000000,0.8331840000,250.0000000000,0,0,0,32,0
1696,99,1,4,99,99,0,0,1,103,582,99,99,0.0362756527,1.6809078567,24.7500000000,14.3668795538,1.0000000000,0.9584320000,217.3299722881,0,0,0,25,0
1697,99,1,4,99,99,0,0,0,0,0,99,99,0.0221531725,1.6587546842,24.7500000000,14.3668795538,1.0000000000,0.8331840000,250.0000000000,0,0,0,25,0
1698,99,1,4,99,99,0,0,0,0,0,99,99,0.0221531725,1.6366015117,24.7500000000,14.3668795538,1.0000000000,0.8331840000,250.0000000000,0,0,0,25,0
1699,99,1,4,99,99,0,0,0,0,0,99,99,0.0221531725,1.6144483392,24.7500000000,14.3668795538,1.0000000000,0.8331840000,250.0000000000,0,0,0,25,0
1700,99,1,4,99,99,0,0,0,0,0,99,99,0.0221531725,1.5922951667,24.7500000000,14.3668795538,1.0000000000,0.8331840000,250.0000000000,0,0,0,25,0
1701,99,1,1,99,99,0,0,1,100,294,99,99,0.0264875502,1.5658076165,99.0000000000,9.6912951841,1.0000000000,0.9547840000,218.1603378356,0,0,0,83,0
1702,99,1,1,99,99,0,0,0,0,0,99,99,0.0165215124,1.5492861041,99.0000000000,9.6912951841,1.0000000000,0.8331840000,250.0000000000,0,0,0,83,0
1703,99,1,1,99,99,0,0,0,0,0,99,99,0.0165215124,1.5327645917,99.0000000000,9.6912951841,1.0000000000,0.8331840000,250.0000000000,0,0,0,83,0
1704,99,1,1,99,99,0,0,0,0,0,99,99,0.0165215124,1.5162430793,99.0000000000,9.6912951841,1.0000000000,0.8331840000,250.0000000000,0,0,0,83,0
1705,99,1,1,99,99,0,0,0,0,0,99,99,0.0165215124,1.4997215669,99.0000000000,9.6912951841,1.0000000000,0.8331840000,250.0000000000,0,0,0,83,0
1706,99,1,1,99,99,0,0,1,100,294,99,99,0.0289781072,1.4707434597,99.0000000000,11.9865713135,1.0000000000,0.9547840000,218.1603378356,0,0,0,56,0
1707,99,1,1,99,98,1,0,0,0,0,98,98,0.0196435204,1.4510999394,99.0000000000,11.9371270810,0.9898989899,0.8247680000,250.0000000000,0,0,0,56,0
1708,99,1,1,99,98,1,0,0,0,0,98,98,0.0196435204,1.4314564190,99.0000000000,11.9371270810,0.9898989899,0.8247680000,250.0000000000,0,0,0,56,0
1709,99,1,1,99,98,1,0,0,1,97,98,98,0.0191341389,1.4123222801,99.0000000000,10.4772219244,0.9898989899,0.8259840000,249.6319541299,0,0,1,73,0
1710,99,1,1,99,97,2,0,0,0,0,97,97,0.0173240528,1.3949982273,99.0000000000,10.4984711074,0.9797979798,0.8163520000,250.0000000000,0,0,0,72,0
1711,98,2,1,98,97,1,0,1,99,291,97,97,0.0275568279,1.3674413994,98.0000000000,11.2793247863,0.9897959184,0.9367360000,217.8714173470,0,0,0,63,0
1712,98,2,1,98,97,1,0,0,0,0,97,97,0.0183856789,1.3490557205,98.0000000000,11.2793247863,0.9897959184,0.8163520000,250.0000000000,0,0,0,63,0
1713,98,2,1,98,97,1,0,0,0,0,97,97,0.0183856789,1.3306700417,98.0000000000,11.2793247863,0.9897959184,0.8163520000,250.0000000000,0,0,0,63,0
1714,98,2,1,98,97,1,0,0,1,95,97,97,0.0189079006,1.3117621411,98.0000000000,10.4116994082,0.9897959184,0.8175680000,249.6281654859,0,0,1,73,0
1715,98,2,1,98,97,1,0,0,0,0,97,97,0.0172683489,1.2944937921,98.0000000000,10.4116994082,0.9897959184,0.8163520000,250.0000000000,0,0,0,73,0
1716,97,3,1,97,97,0,0,1,98,288,97,97,0.0269138018,1.2675799903,97.0000000000,10.6719904764,1.0000000000,0.9355200000,218.1546092013,0,0,0,70,0
1717,97,3,1,97,97,0,0,0,0,0,97,97,0.0172905021,1.2502894882,97.0000000000,10.6719904764,1.0000000000,0.8163520000,250.0000000000,0,0,0,70,0
1718,97,3,1,97,97,0,0,0,0,0,97,97,0.0172905021,1.2329989860,97.0000000000,10.6719904764,1.0000000000,0.8163520000,250.0000000000,0,0,0,70,0
1719,97,3,1,97,97,0,0,0,1,95,97,97,0.0187561505,1.2142428355,97.0000000000,10.2381801445,1.0000000000,0.8175680000,249.6281654859,0,0,1,75,0
1720,97,3,1,97,97,0,0,0,0,0,97,97,0.0171072750,1.1971355605,97.0000000000,10.2381801445,1.0000000000,0.8163520000,250.0000000000,0,0,0,75,0
1721,97,3,1,97,97,0,0,1,98,288,97,97,0.0263848133,1.1707507472,97.0000000000,10.4116917510,1.0000000000,0.9355200000,218.1546092013,0,0,0,73,0
1722,97,3,1,97,96,1,0,0,0,0,96,96,0.0170793987,1.1536713485,97.0000000000,10.4324792037,0.9896907216,0.8079360000,250.0000000000,0,0,0,72,0
1723,97,3,1,97,96,1,0,0,1,95,96,96,0.0180496195,1.1356217291,97.0000000000,9.9064847562,0.9896907216,0.8091520000,249.6242980305,0,0,1,78,0
1724,97,3,1,97,95,2,0,0,0,0,95,95,0.0162300985,1.1193916306,97.0000000000,9.9221724684,0.9793814433,0.7995200000,250.0000000000,0,0,0,77,0
1725,97,3,1,97,94,3,0,0,0,0,94,94,0.0161059790,1.1032856516,97.0000000000,9.9381948712,0.9690721649,0.7911040000,250.0000000000,0,0,0,76,0
1726,95,5,1,95,94,1,0,1,96,282,94,94,0.0261317002,1.0771539514,95.0000000000,10.2963288157,0.9894736842,0.9078400000,217.8533662319,0,0,0,72,0
1727,95,5,1,95,93,2,0,0,0,0,93,93,0.0163683091,1.0607856423,95.0000000000,10.3165455146,0.9789473684,0.7826880000,250.0000000000,0,0,0,71,0
1728,95,5,1,95,93,2,0,0,0,0,93,93,0.0163683091,1.0444173332,95.0000000000,10.3165455146,0.9789473684,0.7826880000,250.0000000000,0,0,0,71,0
1729,95,5,1,95,93,2,0,0,0,0,93,93,0.0163683091,1.0280490241,95.0000000000,10.3165455146,0.9789473684,0.7826880000,250.0000000000,0,0,0,71,0
1730,95,5,1,95,93,2,0,0,1,93,93,93,0.0172917947,1.0107572294,95.0000000000,9.7735645919,0.9789473684,0.7839040000,249.6121974119,0,0,1,77,0
1731,94,6,1,94,93,1,0,1,95,279,93,93,0.0266451805,0.9841120488,94.0000000000,11.4024732855,0.9893617021,0.8982080000,217.8470910969,0,0,0,59,0
1732,94,6,1,94,92,2,0,0,0,0,92,92,0.0176292364,0.9664828125,94.0000000000,11.3434551523,0.9787234043,0.7742720000,250.0000000000,0,0,0,59,0
1733,94,6,1,94,92,2,0,0,1,92,92,92,0.0171713040,0.9493115085,94.0000000000,9.7883216599,0.9787234043,0.7754880000,249.6079887761,0,0,1,76,0
1734,94,6,1,94,92,2,0,0,0,0,92,92,0.0155601228,0.9337513857,94.0000000000,9.7883216599,0.9787234043,0.7742720000,250.0000000000,0,0,0,76,0
1735,94,6,1,94,90,4,0,0,0,0,90,90,0.0152573361,0.9184940495,94.0000000000,9.8188146679,0.9574468085,0.7574400000,250.0000000000,0,0,0,74,0
1736,91,9,1,91,87,4,0,1,93,272,87,87,0.0255441834,0.8929498661,91.0000000000,11.6084296306,0.9560439560,0.8452800000,216.5530948325,0,0,0,53,0
1737,91,9,1,91,87,4,0,0,1,89,87,87,0.0174059790,0.8755438871,91.0000000000,10.6410781215,0.9560439560,0.7334080000,249.5854967494,0,0,1,63,0
1738,91,9,1,91,86,5,0,0,0,0,86,86,0.0157148604,0.8598290267,91.0000000000,10.6669495160,0.9450549451,0.7237760000,250.0000000000,0,0,0,62,0
1739,91,9,1,91,85,6,0,0,0,0,85,85,0.0155321528,0.8442968739,91.0000000000,10.6934290622,0.9340659341,0.7153600000,250.0000000000,0,0,0,61,0
1740,91,9,1,91,85,6,0,0,1,87,85,85,0.0168981129,0.8273987610,91.0000000000,10.5944243310,0.9340659341,0.7165760000,249.5757602822,0,0,1,62,0
1741,87,13,1,87,84,3,0,1,88,258,84,84,0.0244809779,0.8029177831,87.0000000000,11.4218691568,0.9655172414,0.8139520000,217.1331970436,0,0,0,53,0
1742,87,13,1,87,84,3,0,0,1,85,84,84,0.0158923628,0.7870254203,87.0000000000,9.9190068391,0.9655172414,0.7081600000,249.5707184817,0,0,1,68,0
1743,87,13,1,87,84,3,0,0,0,0,84,84,0.0144066380,0.7726187823,87.0000000000,9.9190068391,0.9655172414,0.7069440000,250.0000000000,0,0,0,68,0
1744,87,13,1,87,83,4,0,0,0,0,83,83,0.0142168710,0.7584019113,87.0000000000,9.9371129727,0.9540229885,0.6985280000,250.0000000000,0,0,0,67,0
1745,87,13,1,87,83,4,0,0,0,0,83,83,0.0142168710,0.7441850403,87.0000000000,9.9371129727,0.9540229885,0.6985280000,250.0000000000,0,0,0,67,0
1746,83,17,1,83,81,2,0,1,86,251,81,81,0.0228665265,0.7213185138,83.0000000000,10.2863791859,0.9759036145,0.7862720000,216.7494200480,0,0,0,62,0
1747,83,17,1,83,80,3,0,0,0,0,80,80,0.0140975537,0.7072209602,83.0000000000,10.3097567234,0.9638554217,0.6732800000,250.0000000000,0,0,0,61,0
1748,83,17,1,83,80,3,0,0,1,81,80,80,0.0162293513,0.6909916088,83.0000000000,10.9409523161,0.9638554217,0.6744960000,249.5492931018,0,0,1,55,0
1749,83,17,1,83,79,4,0,0,0,0,79,79,0.0146941590,0.6762974499,83.0000000000,10.9729124772,0.9518072289,0.6648640000,250.0000000000,0,0,0,54,0
1750,83,17,1,83,78,5,0,0,0,0,78,78,0.0144338978,0.6618635520,83.0000000000,10.8977932891,0.9397590361,0.6564480000,250.0000000000,0,0,0,54,0
1751,81,19,1,81,78,3,0,1,83,242,78,78,0.0218920956,0.6399714564,81.0000000000,9.8188207363,0.9629629630,0.7573760000,216.6849754943,0,0,0,64,0
1752,81,19,1,81,78,3,0,0,0,0,78,78,0.0132724412,0.6266990152,81.0000000000,9.8188207363,0.9629629630,0.6564480000,250.0000000000,0,0,0,64,0
1753,81,19,1,81,77,4,0,0,1,79,77,77,0.0147697115,0.6119293036,81.0000000000,9.9463396607,0.9506172840,0.6492480000,249.5317659816,0,0,1,62,0
1754,81,19,1,81,76,5,0,0,0,0,76,76,0.0131150051,0.5988142985,81.0000000000,9.8557361797,0.9382716049,0.6396160000,250.0000000000,0,0,0,62,0
1755,81,19,1,81,76,5,0,0,0,0,76,76,0.0131150051,0.5856992935,81.0000000000,9.8557361797,0.9382716049,0.6396160000,250.0000000000,0,0,0,62,0
1756,77,23,1,77,76,1,0,1,79,231,76,76,0.0221835110,0.5635157824,77.0000000000,11.6275220685,0.9870129870,0.7356800000,217.3553719008,0,0,0,46,0
1757,77,23,1,77,76,1,0,0,1,74,76,76,0.0150668777,0.5484489047,77.0000000000,10.5201664837,0.9870129870,0.6408320000,249.5256166983,0,0,1,56,0
1758,77,23,1,77,76,1,0,0,0,0,76,76,0.0137696976,0.5346792071,77.0000000000,10.5201664837,0.9870129870,0.6396160000,250.0000000000,0,0,0,56,0
1759,77,23,1,77,76,1,0,0,1,74,76,76,0.0151142407,0.5195649664,77.0000000000,10.7416336609,0.9870129870,0.6408320000,249.5256166983,0,0,1,54,0
1760,77,23,1,77,76,1,0,0,0,0,76,76,0.0138242701,0.5057406963,77.0000000000,10.7416336609,0.9870129870,0.6396160000,250.0000000000,0,0,0,54,0
1761,76,24,1,76,75,1,0,1,77,225,75,75,0.0217895382,0.4839511581,76.0000000000,11.5581196182,0.9868421053,0.7248320000,217.7056200609,0,0,0,46,0
1762,76,24,1,76,73,3,0,0,1,74,73,73,0.0147369411,0.4692142169,76.0000000000,10.8372056080,0.9605263158,0.6155840000,249.5061600042,0,0,1,51,0
1763,76,24,1,76,73,3,0,0,1,74,73,73,0.0148387415,0.4543754754,76.0000000000,10.9524915522,0.9605263158,0.6155840000,249.5061600042,0,0,1,50,0
1764,76,24,1,76,72,4,0,0,1,74,72,72,0.0141877310,0.4401877444,76.0000000000,10.2863855898,0.9473684211,0.6071680000,249.4993148519,0,0,1,55,0
1765,76,24,1,76,71,5,0,0,1,74,71,71,0.0143184310,0.4258693134,76.0000000000,10.7868728748,0.9342105263,0.5987520000,249.4922772701,0,0,1,50,0
1766,72,28,1,72,70,2,0,1,75,285,70,70,0.0202858256,0.4055834878,72.0000000000,10.2195851068,0.9722222222,0.6803200000,216.4863593603,0,0,1,54,0
1767,72,28,1,72,68,4,0,0,1,68,68,68,0.0135515530,0.3920319348,72.0000000000,10.7676872761,0.9444444444,0.5735040000,249.4699252316,0,0,1,48,0
1768,72,28,1,72,68,4,0,0,1,68,68,68,0.0153504834,0.3766814514,72.0000000000,12.3766160448,0.9444444444,0.5735040000,249.4699252316,0,0,1,35,0
1769,72,28,1,72,67,5,0,0,0,0,67,67,0.0138776579,0.3628037935,72.0000000000,12.3101144565,0.9305555556,0.5638720000,250.0000000000,0,0,0,35,0
1770,71,29,1,72,34,38,0,0,0,0,44,44,0.0079067390,0.3548970545,1.0000000000,8.4161313702,0.4722222222,0.3703040000,193.1818181818,0,1,0,34,0
1771,67,33,1,67,63,4,0,1,69,263,63,63,0.0186023635,0.3362946910,67.0000000000,10.0192014722,0.9402985075,0.6141120000,215.8433640769,0,0,1,50,0
1772,67,33,1,67,63,4,0,0,0,0,63,63,0.0108394759,0.3254552151,67.0000000000,10.0192014722,0.9402985075,0.5302080000,250.0000000000,0,0,0,50,0
1773,67,33,1,67,63,4,0,0,0,0,63,63,0.0108394759,0.3146157392,67.0000000000,10.0192014722,0.9402985075,0.5302080000,250.0000000000,0,0,0,50,0
1774,67,33,1,67,62,5,0,0,0,0,62,62,0.0106999088,0.3039158304,67.0000000000,10.0450577505,0.9253731343,0.5217920000,250.0000000000,0,0,0,49,0
1775,67,33,1,67,62,5,0,0,0,0,62,62,0.0106999088,0.2932159216,67.0000000000,10.0450577505,0.9253731343,0.5217920000,250.0000000000,0,0,0,49,0
1776,64,36,1,64,61,3,0,1,65,190,61,61,0.0175338741,0.2756820475,64.0000000000,10.6236415851,0.9531250000,0.5924160000,216.6450602279,0,0,0,44,0
1777,64,36,1,64,61,3,0,0,0,0,61,61,0.0110862250,0.2645958225,64.0000000000,10.6236415851,0.9531250000,0.5133760000,250.0000000000,0,0,0,44,0
1778,63,37,1,64,44,20,0,0,0,0,58,58,0.0103518735,0.2542439490,57.0000000000,13.7718631506,0.6875000000,0.4881280000,189.6551724138,1,0,0,43,0
1779,63,37,1,63,57,6,0,0,0,0,57,57,0.0096182906,0.2446256584,63.0000000000,9.7449963795,0.9047619048,0.4797120000,250.0000000000,0,0,0,47,0
1780,63,37,1,63,57,6,0,0,0,0,57,57,0.0096182906,0.2350073678,63.0000000000,9.7449963795,0.9047619048,0.4797120000,250.0000000000,0,0,0,47,0
1781,60,40,1,60,56,4,0,1,61,179,56,56,0.0161609986,0.2188463692,60.0000000000,10.8207273468,0.9333333333,0.5454720000,216.0037545465,0,0,0,39,0
1782,59,41,1,60,40,20,0,0,0,0,56,56,0.0100943219,0.2087520473,54.0000000000,15.1490274146,0.6666666667,0.4712960000,178.5714285714,1,0,0,39,0
1783,59,41,1,59,54,5,0,0,0,0,54,54,0.0094290251,0.1993230222,59.0000000000,9.9746777464,0.9152542373,0.4544640000,250.0000000000,0,0,0,43,0
1784,59,41,1,59,54,5,0,0,0,0,54,54,0.0094290251,0.1898939971,59.0000000000,9.9746777464,0.9152542373,0.4544640000,250.0000000000,0,0,0,43,0
1785,59,41,1,59,53,6,0,0,0,0,53,53,0.0093130214,0.1805809757,59.0000000000,10.0040865295,0.8983050847,0.4460480000,250.0000000000,0,0,0,42,0
1786,55,45,1,55,51,4,0,1,56,163,51,51,0.0147375579,0.1658434178,55.0000000000,10.2313750744,0.9272727273,0.4973120000,215.7679685992,0,0,0,39,0
1787,55,45,1,55,50,5,0,0,0,0,50,50,0.0087540184,0.1570893994,55.0000000000,10.2676792122,0.9090909091,0.4208000000,250.0000000000,0,0,0,38,0
1788,54,46,1,55,39,16,0,0,0,0,45,45,0.0074456498,0.1496437496,49.0000000000,11.0057026661,0.7090909091,0.3787200000,216.6666666667,1,0,0,38,0
1789,54,46,1,54,50,4,0,0,0,0,50,50,0.0090533158,0.1405904338,54.0000000000,10.6043217487,0.9259259259,0.4208000000,250.0000000000,0,0,0,36,0
1790,54,46,1,54,48,6,0,0,0,0,48,48,0.0086686739,0.1319217599,54.0000000000,10.5201619266,0.8888888889,0.4039680000,250.0000000000,0,0,0,35,0
1791,48,52,1,49,27,22,0,1,50,145,48,48,0.0144520614,0.1174696984,46.0000000000,21.5078786007,0.5510204082,0.4647680000,122.2287248692,1,0,0,26,0
1792,48,52,1,48,46,2,0,0,0,0,46,46,0.0083995126,0.1090701859,48.0000000000,10.6116400541,0.9583333333,0.3871360000,250.0000000000,0,0,0,33,0
1793,48,52,1,48,46,2,0,0,0,0,46,46,0.0083995126,0.1006706733,48.0000000000,10.6116400541,0.9583333333,0.3871360000,250.0000000000,0,0,0,33,0
1794,47,53,1,48,33,15,0,0,0,0,44,44,0.0079320248,0.0927386486,1.0000000000,8.4161338550,0.6875000000,0.3703040000,187.5000000000,0,1,0,33,0
1795,47,53,0,47,42,5,0,0,0,0,42,42,0.0065670237,0.0861716248,0.0000000000,8.4161406960,0.8936170213,0.3534720000,250.0000000000,0,0,0,42,0
1796,40,60,1,40,39,1,0,1,42,124,39,39,0.0116370889,0.0745345359,40.0000000000,10.3583199499,0.9750000000,0.3792960000,216.3376360415,0,0,0,29,0
1797,39,61,1,40,30,10,0,0,0,0,39,39,0.0068233478,0.0677111880,37.0000000000,13.4657787626,0.7500000000,0.3282240000,192.3076923077,1,0,0,29,0
1798,39,61,1,39,37,2,0,0,0,0,37,37,0.0076412601,0.0600699280,39.0000000000,12.5104231205,0.9487179487,0.3113920000,250.0000000000,0,0,0,18,0
1799,38,62,1,39,16,23,0,0,0,0,26,26,0.0050803414,0.0549895866,1.0000000000,8.4161363444,0.4102564103,0.2188160000,153.8461538462,0,1,0,16,0
1800,38,62,0,38,32,6,0,0,0,0,32,32,0.0049891695,0.0500004170,0.0000000000,8.4161398046,0.8421052632,0.2693120000,250.0000000000,0,0,0,32,0
1801,31,69,1,31,30,1,0,1,35,100,30,30,0.0091473074,0.0408531096,31.0000000000,11.2214808208,0.9677419355,0.2950400000,213.9370932755,0,0,0,19,0
1802,30,70,1,31,19,12,0,0,0,0,26,26,0.0048288651,0.0360242445,29.0000000000,14.6175153833,0.6129032258,0.2188160000,182.6923076923,1,0,0,18,0
1803,30,70,1,30,28,2,0,0,0,0,28,28,0.0052585101,0.0307657344,30.0000000000,11.1213198893,0.9333333333,0.2356480000,250.0000000000,0,0,0,18,0
1804,29,71,1,30,17,13,0,0,0,0,21,21,0.0036626619,0.0271030725,1.0000000000,8.4161321826,0.5666666667,0.1767360000,202.3809523810,0,1,0,17,0
1805,29,71,0,29,23,6,0,0,0,0,23,23,0.0034866384,0.0236164341,0.0000000000,8.4161323301,0.7931034483,0.1935680000,250.0000000000,0,0,0,23,0
1806,23,77,1,24,10,14,0,1,27,74,19,19,0.0063781111,0.0172383230,23.0000000000,23.5651652117,0.4166666667,0.1927360000,109.1648680060,1,0,0,9,0
1807,23,77,1,23,21,2,0,0,0,0,21,21,0.0039286013,0.0133097217,23.0000000000,11.2215055240,0.9130434783,0.1767360000,250.0000000000,0,0,0,13,0
1808,22,78,1,23,12,11,0,0,0,0,13,13,0.0020294042,0.0112803175,1.0000000000,8.4161240605,0.5217391304,0.1094080000,230.7692307692,0,1,0,12,0
1809,22,78,0,22,16,6,0,0,0,0,16,16,0.0024871239,0.0087931936,0.0000000000,8.4161410773,0.7272727273,0.1346560000,250.0000000000,0,0,0,16,0
1810,22,78,0,22,15,7,0,0,0,0,15,15,0.0023217068,0.0064714869,0.0000000000,8.4161396823,0.6818181818,0.1262400000,250.0000000000,0,0,0,15,0
1811,13,87,1,14,7,7,0,1,19,49,8,8,0.0033168636,0.0031546233,12.0000000000,10.8207241908,0.5000000000,0.0904320000,162.8627034678,1,0,0,6,0
1812,13,87,1,13,8,5,0,0,0,0,8,8,0.0014632285,0.0016913948,13.0000000000,10.5201486969,0.6153846154,0.0673280000,250.0000000000,0,0,0,5,0
1813,12,88,1,13,3,10,0,0,0,0,3,3,0.0004580594,0.0012333354,1.0000000000,8.4161237529,0.2307692308,0.0252480000,250.0000000000,0,1,0,3,0
1814,12,88,0,12,3,9,0,0,0,0,3,3,0.0004364933,0.0007968421,0.0000000000,8.4161214857,0.2500000000,0.0252480000,250.0000000000,0,0,0,3,0
1815,12,88,0,12,0,12,0,0,0,0,0,0,0.0000000000,0.0007968421,0.0000000000,0.0000000000,0.0000000000,0.0000000000,0.0000000000,0,0,0,0,0
1816,5,95,0,5,0,5,0,1,5,5,0,0,0.0006545164,0.0001423257,0.0000000000,0.0000000000,0.0000000000,0.0060800000,0.0000000000,1,0,0,0,0
1817,5,95,0,5,0,5,0,0,0,0,0,0,0.0000000000,0.0001423257,0.0000000000,0.0000000000,0.0000000000,0.0000000000,0.0000000000,0,0,0,0,0
1818,5,95,0,5,0,5,0,0,0,0,0,0,0.0000000000,0.0001423257,0.0000000000,0.0000000000,0.0000000000,0.0000000000,0.0000000000,0,0,0,0,0
1819,5,95,0,5,0,5,0,0,0,0,0,0,0.0000000000,0.0001423257,0.0000000000,0.0000000000,0.0000000000,0.0000000000,0.0000000000,0,0,0,0,0
1820,5,95,0,5,0,5,0,0,0,0,0,0,0.0000000000,0.0001423257,0.0000000000,0.0000000000,0.0000000000,0.0000000000,0.0000000000,0,0,0,0,0
1821,0,100,0,0,0,0,0,1,0,0,0,0,0.0001423257,0.0000000000,0.0000000000,0.0000000000,0.0000000000,0.0000000000,0.0000000000,1,1,0,0,0
