Round,Alive,Dead,ChainLength,Leader,Generated,Delivered,Lost,Data_TX,Data_RX,Energy_Used_J,Residual_Energy_J,Avg_Delay_ms,PDR,Round_Duration_s,Throughput_kbps,ChainRebuilt
1,100,0,100,0,100,100,0,100,100,0.0213081693,49.9786918307,800.0029675652,1.0000000000,0.8000000000,250.0000000000,0
2,100,0,100,1,100,100,0,100,100,0.0213141261,49.9573777047,800.0029765787,1.0000000000,0.8000000000,250.0000000000,0
3,100,0,100,2,100,100,0,100,100,0.0212922993,49.9360854054,800.0029409729,1.0000000000,0.8000000000,250.0000000000,0
4,100,0,100,3,100,100,0,100,100,0.0212866504,49.9147987550,800.0029303093,1.0000000000,0.8000000000,250.0000000000,0
5,100,0,100,4,100,100,0,100,100,0.0212774375,49.8935213175,800.0029109412,1.0000000000,0.8000000000,250.0000000000,0
6,100,0,100,5,100,100,0,100,100,0.0213260220,49.8721952954,800.0029933957,1.0000000000,0.8000000000,250.0000000000,0
7,100,0,100,6,100,100,0,100,100,0.0212611945,49.8509341009,800.0028657557,1.0000000000,0.8000000000,250.0000000000,0
8,100,0,100,7,100,100,0,100,100,0.0212725656,49.8296615354,800.0028993391,1.0000000000,0.8000000000,250.0000000000,0
9,100,0,100,8,100,100,0,100,100,0.0212843664,49.8083771690,800.0029257626,1.0000000000,0.8000000000,250.0000000000,0
10,100,0,100,9,100,100,0,100,100,0.0213139709,49.7870631981,800.0029763494,1.0000000000,0.8000000000,250.0000000000,0
11,100,0,100,10,100,100,0,100,100,0.0213063261,49.7657568720,800.0029646829,1.0000000000,0.8000000000,250.0000000000,0
12,100,0,100,11,100,100,0,100,100,0.0212614395,49.7444954325,800.0028666316,1.0000000000,0.8000000000,250.0000000000,0
13,100,0,100,12,100,100,0,100,100,0.0213000673,49.7231953652,800.0029545223,1.0000000000,0.8000000000,250.0000000000,0
14,100,0,100,13,100,100,0,100,100,0.0212683018,49.7019270635,800.0028880824,1.0000000000,0.8000000000,250.0000000000,0
15,100,0,100,14,100,100,0,100,100,0.0212560377,49.6806710257,800.0028442120,1.0000000000,0.8000000000,250.0000000000,0
16,100,0,100,15,100,100,0,100,100,0.0212757302,49.6593952955,800.0029070046,1.0000000000,0.8000000000,250.0000000000,0
17,100,0,100,16,100,100,0,100,100,0.0213030855,49.6380922100,800.0029594975,1.0000000000,0.8000000000,250.0000000000,0
18,100,0,100,17,100,100,0,100,100,0.0213060942,49.6167861158,800.0029643169,1.0000000000,0.8000000000,250.0000000000,0
19,100,0,100,18,100,100,0,100,100,0.0213004329,49.5954856829,800.0029551330,1.0000000000,0.8000000000,250.0000000000,0
20,100,0,100,19,100,100,0,100,100,0.0213014797,49.5741842032,800.0029568688,1.0000000000,0.8000000000,250.0000000000,0
21,100,0,100,20,100,100,0,100,100,0.0212671395,49.5529170638,800.0028847860,1.0000000000,0.8000000000,250.0000000000,0
22,100,0,100,21,100,100,0,100,100,0.0212584340,49.5316586297,800.0028550956,1.0000000000,0.8000000000,250.0000000000,0
23,100,0,100,22,100,100,0,100,100,0.0212557326,49.5104028972,800.0028426692,1.0000000000,0.8000000000,250.0000000000,0
24,100,0,100,23,100,100,0,100,100,0.0212645577,49.4891383394,800.0028770256,1.0000000000,0.8000000000,250.0000000000,0
25,100,0,100,24,100,100,0,100,100,0.0212920913,49.4678462481,800.0029405937,1.0000000000,0.8000000000,250.0000000000,0
26,100,0,100,25,100,100,0,100,100,0.0213184131,49.4465278350,800.0029828070,1.0000000000,0.8000000000,250.0000000000,0
27,100,0,100,26,100,100,0,100,100,0.0212612765,49.4252665585,800.0028660500,1.0000000000,0.8000000000,250.0000000000,0
28,100,0,100,27,100,100,0,100,100,0.0212999780,49.4039665805,800.0029543729,1.0000000000,0.8000000000,250.0000000000,0
29,100,0,100,28,100,100,0,100,100,0.0212648596,49.3827017208,800.0028779678,1.0000000000,0.8000000000,250.0000000000,0
30,100,0,100,29,100,100,0,100,100,0.0212976903,49.3614040305,800.0029504967,1.0000000000,0.8000000000,250.0000000000,0
31,100,0,100,30,100,100,0,100,100,0.0212676796,49.3401363509,800.0028863317,1.0000000000,0.8000000000,250.0000000000,0
32,100,0,100,31,100,100,0,100,100,0.0213064931,49.3188298578,800.0029649460,1.0000000000,0.8000000000,250.0000000000,0
33,100,0,100,32,100,100,0,100,100,0.0212934491,49.2975364087,800.0029430535,1.0000000000,0.8000000000,250.0000000000,0
34,100,0,100,33,100,100,0,100,100,0.0213043260,49.2762320828,800.0029615007,1.0000000000,0.8000000000,250.0000000000,0
35,100,0,100,34,100,100,0,100,100,0.0213278787,49.2549042041,800.0029958975,1.0000000000,0.8000000000,250.0000000000,0
36,100,0,100,35,100,100,0,100,100,0.0212573112,49.2336468929,800.0028502353,1.0000000000,0.8000000000,250.0000000000,0
37,100,0,100,36,100,100,0,100,100,0.0212704018,49.2123764911,800.0028937772,1.0000000000,0.8000000000,250.0000000000,0
38,100,0,100,37,100,100,0,100,100,0.0213170495,49.1910594416,800.0029808478,1.0000000000,0.8000000000,250.0000000000,0
39,100,0,100,38,100,100,0,100,100,0.0212764202,49.1697830214,800.0029086111,1.0000000000,0.8000000000,250.0000000000,0
40,100,0,100,39,100,100,0,100,100,0.0212636665,49.1485193549,800.0028741835,1.0000000000,0.8000000000,250.0000000000,0
41,100,0,100,40,100,100,0,100,100,0.0212593171,49.1272600378,800.0028586822,1.0000000000,0.8000000000,250.0000000000,0
42,100,0,100,41,100,100,0,100,100,0.0212578887,49.1060021491,800.0028527809,1.0000000000,0.8000000000,250.0000000000,0
43,100,0,100,42,100,100,0,100,100,0.0213255145,49.0846766346,800.0029927065,1.0000000000,0.8000000000,250.0000000000,0
44,100,0,100,43,100,100,0,100,100,0.0213023761,49.0633742585,800.0029583413,1.0000000000,0.8000000000,250.0000000000,0
45,100,0,100,44,100,100,0,100,100,0.0213034412,49.0420708173,800.0029600743,1.0000000000,0.8000000000,250.0000000000,0
46,100,0,100,45,100,100,0,100,100,0.0212811746,49.0207896427,800.0029191442,1.0000000000,0.8000000000,250.0000000000,0
47,100,0,100,46,100,100,0,100,100,0.0212902061,48.9994994366,800.0029371108,1.0000000000,0.8000000000,250.0000000000,0
48,100,0,100,47,100,100,0,100,100,0.0212816912,48.9782177454,800.0029202378,1.0000000000,0.8000000000,250.0000000000,0
49,100,0,100,48,100,100,0,100,100,0.0212617830,48.9569559624,800.0028678435,1.0000000000,0.8000000000,250.0000000000,0
50,100,0,100,49,100,100,0,100,100,0.0212962729,48.9356596895,800.0029480478,1.0000000000,0.8000000000,250.0000000000,0
51,100,0,100,50,100,100,0,100,100,0.0212937310,48.9143659585,800.0029435593,1.0000000000,0.8000000000,250.0000000000,0
52,100,0,100,51,100,100,0,100,100,0.0212620436,48.8931039149,800.0028687505,1.0000000000,0.8000000000,250.0000000000,0
53,100,0,100,52,100,100,0,100,100,0.0212674869,48.8718364280,800.0028857830,1.0000000000,0.8000000000,250.0000000000,0
54,100,0,100,53,100,100,0,100,100,0.0213221034,48.8505143246,800.0029880127,1.0000000000,0.8000000000,250.0000000000,0
55,100,0,100,54,100,100,0,100,100,0.0212752066,48.8292391180,800.0029057710,1.0000000000,0.8000000000,250.0000000000,0
56,100,0,100,55,100,100,0,100,100,0.0213117042,48.8079274138,800.0029729673,1.0000000000,0.8000000000,250.0000000000,0
57,100,0,100,56,100,100,0,100,100,0.0212520352,48.7866753786,800.0028181728,1.0000000000,0.8000000000,250.0000000000,0
58,100,0,100,57,100,100,0,100,100,0.0212910263,48.7653843523,800.0029386360,1.0000000000,0.8000000000,250.0000000000,0
59,100,0,100,58,100,100,0,100,100,0.0212848289,48.7440995234,800.0029266955,1.0000000000,0.8000000000,250.0000000000,0
60,100,0,100,59,100,100,0,100,100,0.0213003029,48.7227992205,800.0029549160,1.0000000000,0.8000000000,250.0000000000,0
61,100,0,100,60,100,100,0,100,100,0.0213075183,48.7014917023,800.0029665525,1.0000000000,0.8000000000,250.0000000000,0
62,100,0,100,61,100,100,0,100,100,0.0212551436,48.6802365586,800.0028395602,1.0000000000,0.8000000000,250.0000000000,0
63,100,0,100,62,100,100,0,100,100,0.0212600225,48.6589765362,800.0028614202,1.0000000000,0.8000000000,250.0000000000,0
64,100,0,100,63,100,100,0,100,100,0.0212657833,48.6377107529,800.0028807907,1.0000000000,0.8000000000,250.0000000000,0
65,100,0,100,64,100,100,0,100,100,0.0212564165,48.6164543364,800.0028460694,1.0000000000,0.8000000000,250.0000000000,0
66,100,0,100,65,100,100,0,100,100,0.0212960675,48.5951582689,800.0029476898,1.0000000000,0.8000000000,250.0000000000,0
67,100,0,100,66,100,100,0,100,100,0.0212507193,48.5739075496,800.0028007337,1.0000000000,0.8000000000,250.0000000000,0
68,100,0,100,67,100,100,0,100,100,0.0213106639,48.5525968857,800.0029713940,1.0000000000,0.8000000000,250.0000000000,0
69,100,0,100,68,100,100,0,100,100,0.0212551634,48.5313417223,800.0028396678,1.0000000000,0.8000000000,250.0000000000,0
70,100,0,100,69,100,100,0,100,100,0.0213104914,48.5100312309,800.0029711319,1.0000000000,0.8000000000,250.0000000000,0
71,100,0,100,70,100,100,0,100,100,0.0213145969,48.4887166340,800.0029772728,1.0000000000,0.8000000000,250.0000000000,0
72,100,0,100,71,100,100,0,100,100,0.0213091471,48.4674074868,800.0029690758,1.0000000000,0.8000000000,250.0000000000,0
73,100,0,100,72,100,100,0,100,100,0.0213180500,48.4460894368,800.0029822872,1.0000000000,0.8000000000,250.0000000000,0
74,100,0,100,73,100,100,0,100,100,0.0212711996,48.4248182372,800.0028958615,1.0000000000,0.8000000000,250.0000000000,0
75,100,0,100,74,100,100,0,100,100,0.0212731181,48.4035451191,800.0029007152,1.0000000000,0.8000000000,250.0000000000,0
76,100,0,100,75,100,100,0,100,100,0.0213144133,48.3822307058,800.0029770024,1.0000000000,0.8000000000,250.0000000000,0
77,100,0,100,76,100,100,0,100,100,0.0212667735,48.3609639323,800.0028837244,1.0000000000,0.8000000000,250.0000000000,0
78,100,0,100,77,100,100,0,100,100,0.0212895026,48.3396744297,800.0029357901,1.0000000000,0.8000000000,250.0000000000,0
79,100,0,100,78,100,100,0,100,100,0.0213080757,48.3183663540,800.0029674200,1.0000000000,0.8000000000,250.0000000000,0
80,100,0,100,79,100,100,0,100,100,0.0212586917,48.2971076624,800.0028561615,1.0000000000,0.8000000000,250.0000000000,0
81,100,0,100,80,100,100,0,100,100,0.0212883774,48.2758192849,800.0029336527,1.0000000000,0.8000000000,250.0000000000,0
82,100,0,100,81,100,100,0,100,100,0.0212770329,48.2545422520,800.0029100198,1.0000000000,0.8000000000,250.0000000000,0
83,100,0,100,82,100,100,0,100,100,0.0213208366,48.2332214154,800.0029862411,1.0000000000,0.8000000000,250.0000000000,0
84,100,0,100,83,100,100,0,100,100,0.0212539535,48.2119674619,800.0028326140,1.0000000000,0.8000000000,250.0000000000,0
85,100,0,100,84,100,100,0,100,100,0.0212727055,48.1906947564,800.0028996893,1.0000000000,0.8000000000,250.0000000000,0
86,100,0,100,85,100,100,0,100,100,0.0213013640,48.1693933924,800.0029566779,1.0000000000,0.8000000000,250.0000000000,0
87,100,0,100,86,100,100,0,100,100,0.0213079941,48.1480853983,800.0029672934,1.0000000000,0.8000000000,250.0000000000,0
88,100,0,100,87,100,100,0,100,100,0.0213018843,48.1267835139,800.0029575351,1.0000000000,0.8000000000,250.0000000000,0
89,100,0,100,88,100,100,0,100,100,0.0212749037,48.1055086103,800.0029050513,1.0000000000,0.8000000000,250.0000000000,0
90,100,0,100,89,100,100,0,100,100,0.0212863942,48.0842222160,800.0029298066,1.0000000000,0.8000000000,250.0000000000,0
91,100,0,100,90,100,100,0,100,100,0.0212883398,48.0629338763,800.0029335805,1.0000000000,0.8000000000,250.0000000000,0
92,100,0,100,91,100,100,0,100,100,0.0212526273,48.0416812490,800.0028232762,1.0000000000,0.8000000000,250.0000000000,0
93,100,0,100,92,100,100,0,100,100,0.0212586707,48.0204225783,800.0028560754,1.0000000000,0.8000000000,250.0000000000,0
94,100,0,100,93,100,100,0,100,100,0.0213040805,47.9991184978,800.0029611062,1.0000000000,0.8000000000,250.0000000000,0
95,100,0,100,94,100,100,0,100,100,0.0212869326,47.9778315652,800.0029308610,1.0000000000,0.8000000000,250.0000000000,0
96,100,0,100,95,100,100,0,100,100,0.0212854371,47.9565461281,800.0029279126,1.0000000000,0.8000000000,250.0000000000,0
97,100,0,100,96,100,100,0,100,100,0.0213009433,47.9352451848,800.0029559815,1.0000000000,0.8000000000,250.0000000000,0
98,100,0,100,97,100,100,0,100,100,0.0212893806,47.9139558042,800.0029355598,1.0000000000,0.8000000000,250.0000000000,0
99,100,0,100,98,100,100,0,100,100,0.0213037075,47.8926520966,800.0029605049,1.0000000000,0.8000000000,250.0000000000,0
100,100,0,100,99,100,100,0,100,100,0.0212724899,47.8713796067,800.0028991495,1.0000000000,0.8000000000,250.0000000000,0
101,100,0,100,0,100,100,0,100,100,0.0213081693,47.8500714374,800.0029675652,1.0000000000,0.8000000000,250.0000000000,0
102,100,0,100,1,100,100,0,100,100,0.0213141261,47.8287573114,800.0029765787,1.0000000000,0.8000000000,250.0000000000,0
103,100,0,100,2,100,100,0,100,100,0.0212922993,47.8074650121,800.0029409729,1.0000000000,0.8000000000,250.0000000000,0
104,100,0,100,3,100,100,0,100,100,0.0212866504,47.7861783617,800.0029303093,1.0000000000,0.8000000000,250.0000000000,0
105,100,0,100,4,100,100,0,100,100,0.0212774375,47.7649009242,800.0029109412,1.0000000000,0.8000000000,250.0000000000,0
106,100,0,100,5,100,100,0,100,100,0.0213260220,47.7435749021,800.0029933957,1.0000000000,0.8000000000,250.0000000000,0
107,100,0,100,6,100,100,0,100,100,0.0212611945,47.7223137076,800.0028657557,1.0000000000,0.8000000000,250.0000000000,0
108,100,0,100,7,100,100,0,100,100,0.0212725656,47.7010411421,800.0028993391,1.0000000000,0.8000000000,250.0000000000,0
109,100,0,100,8,100,100,0,100,100,0.0212843664,47.6797567757,800.0029257626,1.0000000000,0.8000000000,250.0000000000,0
110,100,0,100,9,100,100,0,100,100,0.0213139709,47.6584428048,800.0029763494,1.0000000000,0.8000000000,250.0000000000,0
111,100,0,100,10,100,100,0,100,100,0.0213063261,47.6371364787,800.0029646829,1.0000000000,0.8000000000,250.0000000000,0
112,100,0,100,11,100,100,0,100,100,0.0212614395,47.6158750392,800.0028666316,1.0000000000,0.8000000000,250.0000000000,0
113,100,0,100,12,100,100,0,100,100,0.0213000673,47.5945749719,800.0029545223,1.0000000000,0.8000000000,250.0000000000,0
114,100,0,100,13,100,100,0,100,100,0.0212683018,47.5733066702,800.0028880824,1.0000000000,0.8000000000,250.0000000000,0
115,100,0,100,14,100,100,0,100,100,0.0212560377,47.5520506324,800.0028442120,1.0000000000,0.8000000000,250.0000000000,0
116,100,0,100,15,100,100,0,100,100,0.0212757302,47.5307749022,800.0029070046,1.0000000000,0.8000000000,250.0000000000,0
117,100,0,100,16,100,100,0,100,100,0.0213030855,47.5094718167,800.0029594975,1.0000000000,0.8000000000,250.0000000000,0
118,100,0,100,17,100,100,0,100,100,0.0213060942,47.4881657225,800.0029643169,1.0000000000,0.8000000000,250.0000000000,0
119,100,0,100,18,100,100,0,100,100,0.0213004329,47.4668652896,800.0029551330,1.0000000000,0.8000000000,250.0000000000,0
120,100,0,100,19,100,100,0,100,100,0.0213014797,47.4455638099,800.0029568688,1.0000000000,0.8000000000,250.0000000000,0
121,100,0,100,20,100,100,0,100,100,0.0212671395,47.4242966705,800.0028847860,1.0000000000,0.8000000000,250.0000000000,0
122,100,0,100,21,100,100,0,100,100,0.0212584340,47.4030382364,800.0028550956,1.0000000000,0.8000000000,250.0000000000,0
123,100,0,100,22,100,100,0,100,100,0.0212557326,47.3817825039,800.0028426692,1.0000000000,0.8000000000,250.0000000000,0
124,100,0,100,23,100,100,0,100,100,0.0212645577,47.3605179461,800.0028770256,1.0000000000,0.8000000000,250.0000000000,0
125,100,0,100,24,100,100,0,100,100,0.0212920913,47.3392258548,800.0029405937,1.0000000000,0.8000000000,250.0000000000,0
126,100,0,100,25,100,100,0,100,100,0.0213184131,47.3179074417,800.0029828070,1.0000000000,0.8000000000,250.0000000000,0
127,100,0,100,26,100,100,0,100,100,0.0212612765,47.2966461652,800.0028660500,1.0000000000,0.8000000000,250.0000000000,0
128,100,0,100,27,100,100,0,100,100,0.0212999780,47.2753461872,800.0029543729,1.0000000000,0.8000000000,250.0000000000,0
129,100,0,100,28,100,100,0,100,100,0.0212648596,47.2540813275,800.0028779678,1.0000000000,0.8000000000,250.0000000000,0
130,100,0,100,29,100,100,0,100,100,0.0212976903,47.2327836372,800.0029504967,1.0000000000,0.8000000000,250.0000000000,0
131,100,0,100,30,100,100,0,100,100,0.0212676796,47.2115159576,800.0028863317,1.0000000000,0.8000000000,250.0000000000,0
132,100,0,100,31,100,100,0,100,100,0.0213064931,47.1902094645,800.0029649460,1.0000000000,0.8000000000,250.0000000000,0
133,100,0,100,32,100,100,0,100,100,0.0212934491,47.1689160154,800.0029430535,1.0000000000,0.8000000000,250.0000000000,0
134,100,0,100,33,100,100,0,100,100,0.0213043260,47.1476116895,800.0029615007,1.0000000000,0.8000000000,250.0000000000,0
135,100,0,100,34,100,100,0,100,100,0.0213278787,47.1262838108,800.0029958975,1.0000000000,0.8000000000,250.0000000000,0
136,100,0,100,35,100,100,0,100,100,0.0212573112,47.1050264996,800.0028502353,1.0000000000,0.8000000000,250.0000000000,0
137,100,0,100,36,100,100,0,100,100,0.0212704018,47.0837560978,800.0028937772,1.0000000000,0.8000000000,250.0000000000,0
138,100,0,100,37,100,100,0,100,100,0.0213170495,47.0624390483,800.0029808478,1.0000000000,0.8000000000,250.0000000000,0
139,100,0,100,38,100,100,0,100,100,0.0212764202,47.0411626281,800.0029086111,1.0000000000,0.8000000000,250.0000000000,0
140,100,0,100,39,100,100,0,100,100,0.0212636665,47.0198989616,800.0028741835,1.0000000000,0.8000000000,250.0000000000,0
141,100,0,100,40,100,100,0,100,100,0.0212593171,46.9986396445,800.0028586822,1.0000000000,0.8000000000,250.0000000000,0
142,100,0,100,41,100,100,0,100,100,0.0212578887,46.9773817558,800.0028527809,1.0000000000,0.8000000000,250.0000000000,0
143,100,0,100,42,100,100,0,100,100,0.0213255145,46.9560562413,800.0029927065,1.0000000000,0.8000000000,250.0000000000,0
144,100,0,100,43,100,100,0,100,100,0.0213023761,46.9347538652,800.0029583413,1.0000000000,0.8000000000,250.0000000000,0
145,100,0,100,44,100,100,0,100,100,0.0213034412,46.9134504240,800.0029600743,1.0000000000,0.8000000000,250.0000000000,0
146,100,0,100,45,100,100,0,100,100,0.0212811746,46.8921692494,800.0029191442,1.0000000000,0.8000000000,250.0000000000,0
147,100,0,100,46,100,100,0,100,100,0.0212902061,46.8708790433,800.0029371108,1.0000000000,0.8000000000,250.0000000000,0
148,100,0,100,47,100,100,0,100,100,0.0212816912,46.8495973521,800.0029202378,1.0000000000,0.8000000000,250.0000000000,0
149,100,0,100,48,100,100,0,100,100,0.0212617830,46.8283355691,800.0028678435,1.0000000000,0.8000000000,250.0000000000,0
150,100,0,100,49,100,100,0,100,100,0.0212962729,46.8070392962,800.0029480478,1.0000000000,0.8000000000,250.0000000000,0
151,100,0,100,50,100,100,0,100,100,0.0212937310,46.7857455652,800.0029435593,1.0000000000,0.8000000000,250.0000000000,0
152,100,0,100,51,100,100,0,100,100,0.0212620436,46.7644835216,800.0028687505,1.0000000000,0.8000000000,250.0000000000,0
153,100,0,100,52,100,100,0,100,100,0.0212674869,46.7432160347,800.0028857830,1.0000000000,0.8000000000,250.0000000000,0
154,100,0,100,53,100,100,0,100,100,0.0213221034,46.7218939313,800.0029880127,1.0000000000,0.8000000000,250.0000000000,0
155,100,0,100,54,100,100,0,100,100,0.0212752066,46.7006187247,800.0029057710,1.0000000000,0.8000000000,250.0000000000,0
156,100,0,100,55,100,100,0,100,100,0.0213117042,46.6793070205,800.0029729673,1.0000000000,0.8000000000,250.0000000000,0
157,100,0,100,56,100,100,0,100,100,0.0212520352,46.6580549853,800.0028181728,1.0000000000,0.8000000000,250.0000000000,0
158,100,0,100,57,100,100,0,100,100,0.0212910263,46.6367639590,800.0029386360,1.0000000000,0.8000000000,250.0000000000,0
159,100,0,100,58,100,100,0,100,100,0.0212848289,46.6154791301,800.0029266955,1.0000000000,0.8000000000,250.0000000000,0
160,100,0,100,59,100,100,0,100,100,0.0213003029,46.5941788272,800.0029549160,1.0000000000,0.8000000000,250.0000000000,0
161,100,0,100,60,100,100,0,100,100,0.0213075183,46.5728713090,800.0029665525,1.0000000000,0.8000000000,250.0000000000,0
162,100,0,100,61,100,100,0,100,100,0.0212551436,46.5516161653,800.0028395602,1.0000000000,0.8000000000,250.0000000000,0
163,100,0,100,62,100,100,0,100,100,0.0212600225,46.5303561429,800.0028614202,1.0000000000,0.8000000000,250.0000000000,0
164,100,0,100,63,100,100,0,100,100,0.0212657833,46.5090903596,800.0028807907,1.0000000000,0.8000000000,250.0000000000,0
165,100,0,100,64,100,100,0,100,100,0.0212564165,46.4878339431,800.0028460694,1.0000000000,0.8000000000,250.0000000000,0
166,100,0,100,65,100,100,0,100,100,0.0212960675,46.4665378756,800.0029476898,1.0000000000,0.8000000000,250.0000000000,0
167,100,0,100,66,100,100,0,100,100,0.0212507193,46.4452871563,800.0028007337,1.0000000000,0.8000000000,250.0000000000,0
168,100,0,100,67,100,100,0,100,100,0.0213106639,46.4239764924,800.0029713940,1.0000000000,0.8000000000,250.0000000000,0
169,100,0,100,68,100,100,0,100,100,0.0212551634,46.4027213290,800.0028396678,1.0000000000,0.8000000000,250.0000000000,0
170,100,0,100,69,100,100,0,100,100,0.0213104914,46.3814108376,800.0029711319,1.0000000000,0.8000000000,250.0000000000,0
171,100,0,100,70,100,100,0,100,100,0.0213145969,46.3600962407,800.0029772728,1.0000000000,0.8000000000,250.0000000000,0
172,100,0,100,71,100,100,0,100,100,0.0213091471,46.3387870935,800.0029690758,1.0000000000,0.8000000000,250.0000000000,0
173,100,0,100,72,100,100,0,100,100,0.0213180500,46.3174690435,800.0029822872,1.0000000000,0.8000000000,250.0000000000,0
174,100,0,100,73,100,100,0,100,100,0.0212711996,46.2961978439,800.0028958615,1.0000000000,0.8000000000,250.0000000000,0
175,100,0,100,74,100,100,0,100,100,0.0212731181,46.2749247258,800.0029007152,1.0000000000,0.8000000000,250.0000000000,0
176,100,0,100,75,100,100,0,100,100,0.0213144133,46.2536103125,800.0029770024,1.0000000000,0.8000000000,250.0000000000,0
177,100,0,100,76,100,100,0,100,100,0.0212667735,46.2323435390,800.0028837244,1.0000000000,0.8000000000,250.0000000000,0
178,100,0,100,77,100,100,0,100,100,0.0212895026,46.2110540364,800.0029357901,1.0000000000,0.8000000000,250.0000000000,0
179,100,0,100,78,100,100,0,100,100,0.0213080757,46.1897459607,800.0029674200,1.0000000000,0.8000000000,250.0000000000,0
180,100,0,100,79,100,100,0,100,100,0.0212586917,46.1684872691,800.0028561615,1.0000000000,0.8000000000,250.0000000000,0
181,100,0,100,80,100,100,0,100,100,0.0212883774,46.1471988916,800.0029336527,1.0000000000,0.8000000000,250.0000000000,0
182,100,0,100,81,100,100,0,100,100,0.0212770329,46.1259218587,800.0029100198,1.0000000000,0.8000000000,250.0000000000,0
183,100,0,100,82,100,100,0,100,100,0.0213208366,46.1046010221,800.0029862411,1.0000000000,0.8000000000,250.0000000000,0
184,100,0,100,83,100,100,0,100,100,0.0212539535,46.0833470686,800.0028326140,1.0000000000,0.8000000000,250.0000000000,0
185,100,0,100,84,100,100,0,100,100,0.0212727055,46.0620743631,800.0028996893,1.0000000000,0.8000000000,250.0000000000,0
186,100,0,100,85,100,100,0,100,100,0.0213013640,46.0407729991,800.0029566779,1.0000000000,0.8000000000,250.0000000000,0
187,100,0,100,86,100,100,0,100,100,0.0213079941,46.0194650050,800.0029672934,1.0000000000,0.8000000000,250.0000000000,0
188,100,0,100,87,100,100,0,100,100,0.0213018843,45.9981631206,800.0029575351,1.0000000000,0.8000000000,250.0000000000,0
189,100,0,100,88,100,100,0,100,100,0.0212749037,45.9768882170,800.0029050513,1.0000000000,0.8000000000,250.0000000000,0
190,100,0,100,89,100,100,0,100,100,0.0212863942,45.9556018227,800.0029298066,1.0000000000,0.8000000000,250.0000000000,0
191,100,0,100,90,100,100,0,100,100,0.0212883398,45.9343134830,800.0029335805,1.0000000000,0.8000000000,250.0000000000,0
192,100,0,100,91,100,100,0,100,100,0.0212526273,45.9130608557,800.0028232762,1.0000000000,0.8000000000,250.0000000000,0
193,100,0,100,92,100,100,0,100,100,0.0212586707,45.8918021850,800.0028560754,1.0000000000,0.8000000000,250.0000000000,0
194,100,0,100,93,100,100,0,100,100,0.0213040805,45.8704981045,800.0029611062,1.0000000000,0.8000000000,250.0000000000,0
195,100,0,100,94,100,100,0,100,100,0.0212869326,45.8492111719,800.0029308610,1.0000000000,0.8000000000,250.0000000000,0
196,100,0,100,95,100,100,0,100,100,0.0212854371,45.8279257348,800.0029279126,1.0000000000,0.8000000000,250.0000000000,0
197,100,0,100,96,100,100,0,100,100,0.0213009433,45.8066247915,800.0029559815,1.0000000000,0.8000000000,250.0000000000,0
198,100,0,100,97,100,100,0,100,100,0.0212893806,45.7853354109,800.0029355598,1.0000000000,0.8000000000,250.0000000000,0
199,100,0,100,98,100,100,0,100,100,0.0213037075,45.7640317034,800.0029605049,1.0000000000,0.8000000000,250.0000000000,0
200,100,0,100,99,100,100,0,100,100,0.0212724899,45.7427592134,800.0028991495,1.0000000000,0.8000000000,250.0000000000,0
201,100,0,100,0,100,100,0,100,100,0.0213081693,45.7214510441,800.0029675652,1.0000000000,0.8000000000,250.0000000000,0
202,100,0,100,1,100,100,0,100,100,0.0213141261,45.7001369181,800.0029765787,1.0000000000,0.8000000000,250.0000000000,0
203,100,0,100,2,100,100,0,100,100,0.0212922993,45.6788446188,800.0029409729,1.0000000000,0.8000000000,250.0000000000,0
204,100,0,100,3,100,100,0,100,100,0.0212866504,45.6575579684,800.0029303093,1.0000000000,0.8000000000,250.0000000000,0
205,100,0,100,4,100,100,0,100,100,0.0212774375,45.6362805309,800.0029109412,1.0000000000,0.8000000000,250.0000000000,0
206,100,0,100,5,100,100,0,100,100,0.0213260220,45.6149545088,800.0029933957,1.0000000000,0.8000000000,250.0000000000,0
207,100,0,100,6,100,100,0,100,100,0.0212611945,45.5936933143,800.0028657557,1.0000000000,0.8000000000,250.0000000000,0
208,100,0,100,7,100,100,0,100,100,0.0212725656,45.5724207488,800.0028993391,1.0000000000,0.8000000000,250.0000000000,0
209,100,0,100,8,100,100,0,100,100,0.0212843664,45.5511363824,800.0029257626,1.0000000000,0.8000000000,250.0000000000,0
210,100,0,100,9,100,100,0,100,100,0.0213139709,45.5298224115,800.0029763494,1.0000000000,0.8000000000,250.0000000000,0
211,100,0,100,10,100,100,0,100,100,0.0213063261,45.5085160854,800.0029646829,1.0000000000,0.8000000000,250.0000000000,0
212,100,0,100,11,100,100,0,100,100,0.0212614395,45.4872546459,800.0028666316,1.0000000000,0.8000000000,250.0000000000,0
213,100,0,100,12,100,100,0,100,100,0.0213000673,45.4659545786,800.0029545223,1.0000000000,0.8000000000,250.0000000000,0
214,100,0,100,13,100,100,0,100,100,0.0212683018,45.4446862769,800.0028880824,1.0000000000,0.8000000000,250.0000000000,0
215,100,0,100,14,100,100,0,100,100,0.0212560377,45.4234302391,800.0028442120,1.0000000000,0.8000000000,250.0000000000,0
216,100,0,100,15,100,100,0,100,100,0.0212757302,45.4021545089,800.0029070046,1.0000000000,0.8000000000,250.0000000000,0
217,100,0,100,16,100,100,0,100,100,0.0213030855,45.3808514234,800.0029594975,1.0000000000,0.8000000000,250.0000000000,0
218,100,0,100,17,100,100,0,100,100,0.0213060942,45.3595453292,800.0029643169,1.0000000000,0.8000000000,250.0000000000,0
219,100,0,100,18,100,100,0,100,100,0.0213004329,45.3382448963,800.0029551330,1.0000000000,0.8000000000,250.0000000000,0
220,100,0,100,19,100,100,0,100,100,0.0213014797,45.3169434166,800.0029568688,1.0000000000,0.8000000000,250.0000000000,0
221,100,0,100,20,100,100,0,100,100,0.0212671395,45.2956762772,800.0028847860,1.0000000000,0.8000000000,250.0000000000,0
222,100,0,100,21,100,100,0,100,100,0.0212584340,45.2744178431,800.0028550956,1.0000000000,0.8000000000,250.0000000000,0
223,100,0,100,22,100,100,0,100,100,0.0212557326,45.2531621106,800.0028426692,1.0000000000,0.8000000000,250.0000000000,0
224,100,0,100,23,100,100,0,100,100,0.0212645577,45.2318975528,800.0028770256,1.0000000000,0.8000000000,250.0000000000,0
225,100,0,100,24,100,100,0,100,100,0.0212920913,45.2106054615,800.0029405937,1.0000000000,0.8000000000,250.0000000000,0
226,100,0,100,25,100,100,0,100,100,0.0213184131,45.1892870484,800.0029828070,1.0000000000,0.8000000000,250.0000000000,0
227,100,0,100,26,100,100,0,100,100,0.0212612765,45.1680257719,800.0028660500,1.0000000000,0.8000000000,250.0000000000,0
228,100,0,100,27,100,100,0,100,100,0.0212999780,45.1467257939,800.0029543729,1.0000000000,0.8000000000,250.0000000000,0
229,100,0,100,28,100,100,0,100,100,0.0212648596,45.1254609342,800.0028779678,1.0000000000,0.8000000000,250.0000000000,0
230,100,0,100,29,100,100,0,100,100,0.0212976903,45.1041632439,800.0029504967,1.0000000000,0.8000000000,250.0000000000,0
231,100,0,100,30,100,100,0,100,100,0.0212676796,45.0828955643,800.0028863317,1.0000000000,0.8000000000,250.0000000000,0
232,100,0,100,31,100,100,0,100,100,0.0213064931,45.0615890712,800.0029649460,1.0000000000,0.8000000000,250.0000000000,0
233,100,0,100,32,100,100,0,100,100,0.0212934491,45.0402956221,800.0029430535,1.0000000000,0.8000000000,250.0000000000,0
234,100,0,100,33,100,100,0,100,100,0.0213043260,45.0189912962,800.0029615007,1.0000000000,0.8000000000,250.0000000000,0
235,100,0,100,34,100,100,0,100,100,0.0213278787,44.9976634175,800.0029958975,1.0000000000,0.8000000000,250.0000000000,0
236,100,0,100,35,100,100,0,100,100,0.0212573112,44.9764061063,800.0028502353,1.0000000000,0.8000000000,250.0000000000,0
237,100,0,100,36,100,100,0,100,100,0.0212704018,44.9551357045,800.0028937772,1.0000000000,0.8000000000,250.0000000000,0
238,100,0,100,37,100,100,0,100,100,0.0213170495,44.9338186550,800.0029808478,1.0000000000,0.8000000000,250.0000000000,0
239,100,0,100,38,100,100,0,100,100,0.0212764202,44.9125422348,800.0029086111,1.0000000000,0.8000000000,250.0000000000,0
240,100,0,100,39,100,100,0,100,100,0.0212636665,44.8912785683,800.0028741835,1.0000000000,0.8000000000,250.0000000000,0
241,100,0,100,40,100,100,0,100,100,0.0212593171,44.8700192512,800.0028586822,1.0000000000,0.8000000000,250.0000000000,0
242,100,0,100,41,100,100,0,100,100,0.0212578887,44.8487613625,800.0028527809,1.0000000000,0.8000000000,250.0000000000,0
243,100,0,100,42,100,100,0,100,100,0.0213255145,44.8274358480,800.0029927065,1.0000000000,0.8000000000,250.0000000000,0
244,100,0,100,43,100,100,0,100,100,0.0213023761,44.8061334719,800.0029583413,1.0000000000,0.8000000000,250.0000000000,0
245,100,0,100,44,100,100,0,100,100,0.0213034412,44.7848300307,800.0029600743,1.0000000000,0.8000000000,250.0000000000,0
246,100,0,100,45,100,100,0,100,100,0.0212811746,44.7635488561,800.0029191442,1.0000000000,0.8000000000,250.0000000000,0
247,100,0,100,46,100,100,0,100,100,0.0212902061,44.7422586500,800.0029371108,1.0000000000,0.8000000000,250.0000000000,0
248,100,0,100,47,100,100,0,100,100,0.0212816912,44.7209769588,800.0029202378,1.0000000000,0.8000000000,250.0000000000,0
249,100,0,100,48,100,100,0,100,100,0.0212617830,44.6997151758,800.0028678435,1.0000000000,0.8000000000,250.0000000000,0
250,100,0,100,49,100,100,0,100,100,0.0212962729,44.6784189029,800.0029480478,1.0000000000,0.8000000000,250.0000000000,0
251,100,0,100,50,100,100,0,100,100,0.0212937310,44.6571251719,800.0029435593,1.0000000000,0.8000000000,250.0000000000,0
252,100,0,100,51,100,100,0,100,100,0.0212620436,44.6358631283,800.0028687505,1.0000000000,0.8000000000,250.0000000000,0
253,100,0,100,52,100,100,0,100,100,0.0212674869,44.6145956414,800.0028857830,1.0000000000,0.8000000000,250.0000000000,0
254,100,0,100,53,100,100,0,100,100,0.0213221034,44.5932735380,800.0029880127,1.0000000000,0.8000000000,250.0000000000,0
255,100,0,100,54,100,100,0,100,100,0.0212752066,44.5719983314,800.0029057710,1.0000000000,0.8000000000,250.0000000000,0
256,100,0,100,55,100,100,0,100,100,0.0213117042,44.5506866272,800.0029729673,1.0000000000,0.8000000000,250.0000000000,0
257,100,0,100,56,100,100,0,100,100,0.0212520352,44.5294345920,800.0028181728,1.0000000000,0.8000000000,250.0000000000,0
258,100,0,100,57,100,100,0,100,100,0.0212910263,44.5081435657,800.0029386360,1.0000000000,0.8000000000,250.0000000000,0
259,100,0,100,58,100,100,0,100,100,0.0212848289,44.4868587368,800.0029266955,1.0000000000,0.8000000000,250.0000000000,0
260,100,0,100,59,100,100,0,100,100,0.0213003029,44.4655584339,800.0029549160,1.0000000000,0.8000000000,250.0000000000,0
261,100,0,100,60,100,100,0,100,100,0.0213075183,44.4442509157,800.0029665525,1.0000000000,0.8000000000,250.0000000000,0
262,100,0,100,61,100,100,0,100,100,0.0212551436,44.4229957720,800.0028395602,1.0000000000,0.8000000000,250.0000000000,0
263,100,0,100,62,100,100,0,100,100,0.0212600225,44.4017357496,800.0028614202,1.0000000000,0.8000000000,250.0000000000,0
264,100,0,100,63,100,100,0,100,100,0.0212657833,44.3804699663,800.0028807907,1.0000000000,0.8000000000,250.0000000000,0
265,100,0,100,64,100,100,0,100,100,0.0212564165,44.3592135498,800.0028460694,1.0000000000,0.8000000000,250.0000000000,0
266,100,0,100,65,100,100,0,100,100,0.0212960675,44.3379174823,800.0029476898,1.0000000000,0.8000000000,250.0000000000,0
267,100,0,100,66,100,100,0,100,100,0.0212507193,44.3166667630,800.0028007337,1.0000000000,0.8000000000,250.0000000000,0
268,100,0,100,67,100,100,0,100,100,0.0213106639,44.2953560991,800.0029713940,1.0000000000,0.8000000000,250.0000000000,0
269,100,0,100,68,100,100,0,100,100,0.0212551634,44.2741009357,800.0028396678,1.0000000000,0.8000000000,250.0000000000,0
270,100,0,100,69,100,100,0,100,100,0.0213104914,44.2527904443,800.0029711319,1.0000000000,0.8000000000,250.0000000000,0
271,100,0,100,70,100,100,0,100,100,0.0213145969,44.2314758474,800.0029772728,1.0000000000,0.8000000000,250.0000000000,0
272,100,0,100,71,100,100,0,100,100,0.0213091471,44.2101667002,800.0029690758,1.0000000000,0.8000000000,250.0000000000,0
273,100,0,100,72,100,100,0,100,100,0.0213180500,44.1888486502,800.0029822872,1.0000000000,0.8000000000,250.0000000000,0
274,100,0,100,73,100,100,0,100,100,0.0212711996,44.1675774506,800.0028958615,1.0000000000,0.8000000000,250.0000000000,0
275,100,0,100,74,100,100,0,100,100,0.0212731181,44.1463043325,800.0029007152,1.0000000000,0.8000000000,250.0000000000,0
276,100,0,100,75,100,100,0,100,100,0.0213144133,44.1249899192,800.0029770024,1.0000000000,0.8000000000,250.0000000000,0
277,100,0,100,76,100,100,0,100,100,0.0212667735,44.1037231457,800.0028837244,1.0000000000,0.8000000000,250.0000000000,0
278,100,0,100,77,100,100,0,100,100,0.0212895026,44.0824336431,800.0029357901,1.0000000000,0.8000000000,250.0000000000,0
279,100,0,100,78,100,100,0,100,100,0.0213080757,44.0611255674,800.0029674200,1.0000000000,0.8000000000,250.0000000000,0
280,100,0,100,79,100,100,0,100,100,0.0212586917,44.0398668758,800.0028561615,1.0000000000,0.8000000000,250.0000000000,0
281,100,0,100,80,100,100,0,100,100,0.0212883774,44.0185784983,800.0029336527,1.0000000000,0.8000000000,250.0000000000,0
282,100,0,100,81,100,100,0,100,100,0.0212770329,43.9973014654,800.0029100198,1.0000000000,0.8000000000,250.0000000000,0
283,100,0,100,82,100,100,0,100,100,0.0213208366,43.9759806288,800.0029862411,1.0000000000,0.8000000000,250.0000000000,0
284,100,0,100,83,100,100,0,100,100,0.0212539535,43.9547266753,800.0028326140,1.0000000000,0.8000000000,250.0000000000,0
285,100,0,100,84,100,100,0,100,100,0.0212727055,43.9334539698,800.0028996893,1.0000000000,0.8000000000,250.0000000000,0
286,100,0,100,85,100,100,0,100,100,0.0213013640,43.9121526058,800.0029566779,1.0000000000,0.8000000000,250.0000000000,0
287,100,0,100,86,100,100,0,100,100,0.0213079941,43.8908446117,800.0029672934,1.0000000000,0.8000000000,250.0000000000,0
288,100,0,100,87,100,100,0,100,100,0.0213018843,43.8695427273,800.0029575351,1.0000000000,0.8000000000,250.0000000000,0
289,100,0,100,88,100,100,0,100,100,0.0212749037,43.8482678237,800.0029050513,1.0000000000,0.8000000000,250.0000000000,0
290,100,0,100,89,100,100,0,100,100,0.0212863942,43.8269814294,800.0029298066,1.0000000000,0.8000000000,250.0000000000,0
291,100,0,100,90,100,100,0,100,100,0.0212883398,43.8056930897,800.0029335805,1.0000000000,0.8000000000,250.0000000000,0
292,100,0,100,91,100,100,0,100,100,0.0212526273,43.7844404624,800.0028232762,1.0000000000,0.8000000000,250.0000000000,0
293,100,0,100,92,100,100,0,100,100,0.0212586707,43.7631817917,800.0028560754,1.0000000000,0.8000000000,250.0000000000,0
294,100,0,100,93,100,100,0,100,100,0.0213040805,43.7418777112,800.0029611062,1.0000000000,0.8000000000,250.0000000000,0
295,100,0,100,94,100,100,0,100,100,0.0212869326,43.7205907786,800.0029308610,1.0000000000,0.8000000000,250.0000000000,0
296,100,0,100,95,100,100,0,100,100,0.0212854371,43.6993053415,800.0029279126,1.0000000000,0.8000000000,250.0000000000,0
297,100,0,100,96,100,100,0,100,100,0.0213009433,43.6780043982,800.0029559815,1.0000000000,0.8000000000,250.0000000000,0
298,100,0,100,97,100,100,0,100,100,0.0212893806,43.6567150176,800.0029355598,1.0000000000,0.8000000000,250.0000000000,0
299,100,0,100,98,100,100,0,100,100,0.0213037075,43.6354113101,800.0029605049,1.0000000000,0.8000000000,250.0000000000,0
300,100,0,100,99,100,100,0,100,100,0.0212724899,43.6141388201,800.0028991495,1.0000000000,0.8000000000,250.0000000000,0
301,100,0,100,0,100,100,0,100,100,0.0213081693,43.5928306508,800.0029675652,1.0000000000,0.8000000000,250.0000000000,0
302,100,0,100,1,100,100,0,100,100,0.0213141261,43.5715165248,800.0029765787,1.0000000000,0.8000000000,250.0000000000,0
303,100,0,100,2,100,100,0,100,100,0.0212922993,43.5502242255,800.0029409729,1.0000000000,0.8000000000,250.0000000000,0
304,100,0,100,3,100,100,0,100,100,0.0212866504,43.5289375751,800.0029303093,1.0000000000,0.8000000000,250.0000000000,0
305,100,0,100,4,100,100,0,100,100,0.0212774375,43.5076601376,800.0029109412,1.0000000000,0.8000000000,250.0000000000,0
306,100,0,100,5,100,100,0,100,100,0.0213260220,43.4863341155,800.0029933957,1.0000000000,0.8000000000,250.0000000000,0
307,100,0,100,6,100,100,0,100,100,0.0212611945,43.4650729210,800.0028657557,1.0000000000,0.8000000000,250.0000000000,0
308,100,0,100,7,100,100,0,100,100,0.0212725656,43.4438003555,800.0028993391,1.0000000000,0.8000000000,250.0000000000,0
309,100,0,100,8,100,100,0,100,100,0.0212843664,43.4225159891,800.0029257626,1.0000000000,0.8000000000,250.0000000000,0
310,100,0,100,9,100,100,0,100,100,0.0213139709,43.4012020182,800.0029763494,1.0000000000,0.8000000000,250.0000000000,0
311,100,0,100,10,100,100,0,100,100,0.0213063261,43.3798956921,800.0029646829,1.0000000000,0.8000000000,250.0000000000,0
312,100,0,100,11,100,100,0,100,100,0.0212614395,43.3586342526,800.0028666316,1.0000000000,0.8000000000,250.0000000000,0
313,100,0,100,12,100,100,0,100,100,0.0213000673,43.3373341853,800.0029545223,1.0000000000,0.8000000000,250.0000000000,0
314,100,0,100,13,100,100,0,100,100,0.0212683018,43.3160658836,800.0028880824,1.0000000000,0.8000000000,250.0000000000,0
315,100,0,100,14,100,100,0,100,100,0.0212560377,43.2948098458,800.0028442120,1.0000000000,0.8000000000,250.0000000000,0
316,100,0,100,15,100,100,0,100,100,0.0212757302,43.2735341156,800.0029070046,1.0000000000,0.8000000000,250.0000000000,0
317,100,0,100,16,100,100,0,100,100,0.0213030855,43.2522310301,800.0029594975,1.0000000000,0.8000000000,250.0000000000,0
318,100,0,100,17,100,100,0,100,100,0.0213060942,43.2309249359,800.0029643169,1.0000000000,0.8000000000,250.0000000000,0
319,100,0,100,18,100,100,0,100,100,0.0213004329,43.2096245030,800.0029551330,1.0000000000,0.8000000000,250.0000000000,0
320,100,0,100,19,100,100,0,100,100,0.0213014797,43.1883230233,800.0029568688,1.0000000000,0.8000000000,250.0000000000,0
321,100,0,100,20,100,100,0,100,100,0.0212671395,43.1670558839,800.0028847860,1.0000000000,0.8000000000,250.0000000000,0
322,100,0,100,21,100,100,0,100,100,0.0212584340,43.1457974498,800.0028550956,1.0000000000,0.8000000000,250.0000000000,0
323,100,0,100,22,100,100,0,100,100,0.0212557326,43.1245417173,800.0028426692,1.0000000000,0.8000000000,250.0000000000,0
324,100,0,100,23,100,100,0,100,100,0.0212645577,43.1032771595,800.0028770256,1.0000000000,0.8000000000,250.0000000000,0
325,100,0,100,24,100,100,0,100,100,0.0212920913,43.0819850682,800.0029405937,1.0000000000,0.8000000000,250.0000000000,0
326,100,0,100,25,100,100,0,100,100,0.0213184131,43.0606666551,800.0029828070,1.0000000000,0.8000000000,250.0000000000,0
327,100,0,100,26,100,100,0,100,100,0.0212612765,43.0394053786,800.0028660500,1.0000000000,0.8000000000,250.0000000000,0
328,100,0,100,27,100,100,0,100,100,0.0212999780,43.0181054006,800.0029543729,1.0000000000,0.8000000000,250.0000000000,0
329,100,0,100,28,100,100,0,100,100,0.0212648596,42.9968405409,800.0028779678,1.0000000000,0.8000000000,250.0000000000,0
330,100,0,100,29,100,100,0,100,100,0.0212976903,42.9755428506,800.0029504967,1.0000000000,0.8000000000,250.0000000000,0
331,100,0,100,30,100,100,0,100,100,0.0212676796,42.9542751710,800.0028863317,1.0000000000,0.8000000000,250.0000000000,0
332,100,0,100,31,100,100,0,100,100,0.0213064931,42.9329686779,800.0029649460,1.0000000000,0.8000000000,250.0000000000,0
333,100,0,100,32,100,100,0,100,100,0.0212934491,42.9116752288,800.0029430535,1.0000000000,0.8000000000,250.0000000000,0
334,100,0,100,33,100,100,0,100,100,0.0213043260,42.8903709029,800.0029615007,1.0000000000,0.8000000000,250.0000000000,0
335,100,0,100,34,100,100,0,100,100,0.0213278787,42.8690430242,800.0029958975,1.0000000000,0.8000000000,250.0000000000,0
336,100,0,100,35,100,100,0,100,100,0.0212573112,42.8477857130,800.0028502353,1.0000000000,0.8000000000,250.0000000000,0
337,100,0,100,36,100,100,0,100,100,0.0212704018,42.8265153112,800.0028937772,1.0000000000,0.8000000000,250.0000000000,0
338,100,0,100,37,100,100,0,100,100,0.0213170495,42.8051982617,800.0029808478,1.0000000000,0.8000000000,250.0000000000,0
339,100,0,100,38,100,100,0,100,100,0.0212764202,42.7839218415,800.0029086111,1.0000000000,0.8000000000,250.0000000000,0
340,100,0,100,39,100,100,0,100,100,0.0212636665,42.7626581750,800.0028741835,1.0000000000,0.8000000000,250.0000000000,0
341,100,0,100,40,100,100,0,100,100,0.0212593171,42.7413988579,800.0028586822,1.0000000000,0.8000000000,250.0000000000,0
342,100,0,100,41,100,100,0,100,100,0.0212578887,42.7201409692,800.0028527809,1.0000000000,0.8000000000,250.0000000000,0
343,100,0,100,42,100,100,0,100,100,0.0213255145,42.6988154547,800.0029927065,1.0000000000,0.8000000000,250.0000000000,0
344,100,0,100,43,100,100,0,100,100,0.0213023761,42.6775130786,800.0029583413,1.0000000000,0.8000000000,250.0000000000,0
345,100,0,100,44,100,100,0,100,100,0.0213034412,42.6562096374,800.0029600743,1.0000000000,0.8000000000,250.0000000000,0
346,100,0,100,45,100,100,0,100,100,0.0212811746,42.6349284628,800.0029191442,1.0000000000,0.8000000000,250.0000000000,0
347,100,0,100,46,100,100,0,100,100,0.0212902061,42.6136382567,800.0029371108,1.0000000000,0.8000000000,250.0000000000,0
348,100,0,100,47,100,100,0,100,100,0.0212816912,42.5923565655,800.0029202378,1.0000000000,0.8000000000,250.0000000000,0
349,100,0,100,48,100,100,0,100,100,0.0212617830,42.5710947825,800.0028678435,1.0000000000,0.8000000000,250.0000000000,0
350,100,0,100,49,100,100,0,100,100,0.0212962729,42.5497985096,800.0029480478,1.0000000000,0.8000000000,250.0000000000,0
351,100,0,100,50,100,100,0,100,100,0.0212937310,42.5285047786,800.0029435593,1.0000000000,0.8000000000,250.0000000000,0
352,100,0,100,51,100,100,0,100,100,0.0212620436,42.5072427350,800.0028687505,1.0000000000,0.8000000000,250.0000000000,0
353,100,0,100,52,100,100,0,100,100,0.0212674869,42.4859752481,800.0028857830,1.0000000000,0.8000000000,250.0000000000,0
354,100,0,100,53,100,100,0,100,100,0.0213221034,42.4646531447,800.0029880127,1.0000000000,0.8000000000,250.0000000000,0
355,100,0,100,54,100,100,0,100,100,0.0212752066,42.4433779381,800.0029057710,1.0000000000,0.8000000000,250.0000000000,0
356,100,0,100,55,100,100,0,100,100,0.0213117042,42.4220662339,800.0029729673,1.0000000000,0.8000000000,250.0000000000,0
357,100,0,100,56,100,100,0,100,100,0.0212520352,42.4008141987,800.0028181728,1.0000000000,0.8000000000,250.0000000000,0
358,100,0,100,57,100,100,0,100,100,0.0212910263,42.3795231724,800.0029386360,1.0000000000,0.8000000000,250.0000000000,0
359,100,0,100,58,100,100,0,100,100,0.0212848289,42.3582383435,800.0029266955,1.0000000000,0.8000000000,250.0000000000,0
360,100,0,100,59,100,100,0,100,100,0.0213003029,42.3369380406,800.0029549160,1.0000000000,0.8000000000,250.0000000000,0
361,100,0,100,60,100,100,0,100,100,0.0213075183,42.3156305224,800.0029665525,1.0000000000,0.8000000000,250.0000000000,0
362,100,0,100,61,100,100,0,100,100,0.0212551436,42.2943753788,800.0028395602,1.0000000000,0.8000000000,250.0000000000,0
363,100,0,100,62,100,100,0,100,100,0.0212600225,42.2731153563,800.0028614202,1.0000000000,0.8000000000,250.0000000000,0
364,100,0,100,63,100,100,0,100,100,0.0212657833,42.2518495730,800.0028807907,1.0000000000,0.8000000000,250.0000000000,0
365,100,0,100,64,100,100,0,100,100,0.0212564165,42.2305931565,800.0028460694,1.0000000000,0.8000000000,250.0000000000,0
366,100,0,100,65,100,100,0,100,100,0.0212960675,42.2092970890,800.0029476898,1.0000000000,0.8000000000,250.0000000000,0
367,100,0,100,66,100,100,0,100,100,0.0212507193,42.1880463697,800.0028007337,1.0000000000,0.8000000000,250.0000000000,0
368,100,0,100,67,100,100,0,100,100,0.0213106639,42.1667357058,800.0029713940,1.0000000000,0.8000000000,250.0000000000,0
369,100,0,100,68,100,100,0,100,100,0.0212551634,42.1454805424,800.0028396678,1.0000000000,0.8000000000,250.0000000000,0
370,100,0,100,69,100,100,0,100,100,0.0213104914,42.1241700510,800.0029711319,1.0000000000,0.8000000000,250.0000000000,0
371,100,0,100,70,100,100,0,100,100,0.0213145969,42.1028554541,800.0029772728,1.0000000000,0.8000000000,250.0000000000,0
372,100,0,100,71,100,100,0,100,100,0.0213091471,42.0815463069,800.0029690758,1.0000000000,0.8000000000,250.0000000000,0
373,100,0,100,72,100,100,0,100,100,0.0213180500,42.0602282569,800.0029822872,1.0000000000,0.8000000000,250.0000000000,0
374,100,0,100,73,100,100,0,100,100,0.0212711996,42.0389570573,800.0028958615,1.0000000000,0.8000000000,250.0000000000,0
375,100,0,100,74,100,100,0,100,100,0.0212731181,42.0176839392,800.0029007152,1.0000000000,0.8000000000,250.0000000000,0
376,100,0,100,75,100,100,0,100,100,0.0213144133,41.9963695259,800.0029770024,1.0000000000,0.8000000000,250.0000000000,0
377,100,0,100,76,100,100,0,100,100,0.0212667735,41.9751027524,800.0028837244,1.0000000000,0.8000000000,250.0000000000,0
378,100,0,100,77,100,100,0,100,100,0.0212895026,41.9538132498,800.0029357901,1.0000000000,0.8000000000,250.0000000000,0
379,100,0,100,78,100,100,0,100,100,0.0213080757,41.9325051741,800.0029674200,1.0000000000,0.8000000000,250.0000000000,0
380,100,0,100,79,100,100,0,100,100,0.0212586917,41.9112464825,800.0028561615,1.0000000000,0.8000000000,250.0000000000,0
381,100,0,100,80,100,100,0,100,100,0.0212883774,41.8899581050,800.0029336527,1.0000000000,0.8000000000,250.0000000000,0
382,100,0,100,81,100,100,0,100,100,0.0212770329,41.8686810721,800.0029100198,1.0000000000,0.8000000000,250.0000000000,0
383,100,0,100,82,100,100,0,100,100,0.0213208366,41.8473602355,800.0029862411,1.0000000000,0.8000000000,250.0000000000,0
384,100,0,100,83,100,100,0,100,100,0.0212539535,41.8261062820,800.0028326140,1.0000000000,0.8000000000,250.0000000000,0
385,100,0,100,84,100,100,0,100,100,0.0212727055,41.8048335765,800.0028996893,1.0000000000,0.8000000000,250.0000000000,0
386,100,0,100,85,100,100,0,100,100,0.0213013640,41.7835322125,800.0029566779,1.0000000000,0.8000000000,250.0000000000,0
387,100,0,100,86,100,100,0,100,100,0.0213079941,41.7622242184,800.0029672934,1.0000000000,0.8000000000,250.0000000000,0
388,100,0,100,87,100,100,0,100,100,0.0213018843,41.7409223340,800.0029575351,1.0000000000,0.8000000000,250.0000000000,0
389,100,0,100,88,100,100,0,100,100,0.0212749037,41.7196474304,800.0029050513,1.0000000000,0.8000000000,250.0000000000,0
390,100,0,100,89,100,100,0,100,100,0.0212863942,41.6983610361,800.0029298066,1.0000000000,0.8000000000,250.0000000000,0
391,100,0,100,90,100,100,0,100,100,0.0212883398,41.6770726964,800.0029335805,1.0000000000,0.8000000000,250.0000000000,0
392,100,0,100,91,100,100,0,100,100,0.0212526273,41.6558200691,800.0028232762,1.0000000000,0.8000000000,250.0000000000,0
393,100,0,100,92,100,100,0,100,100,0.0212586707,41.6345613984,800.0028560754,1.0000000000,0.8000000000,250.0000000000,0
394,100,0,100,93,100,100,0,100,100,0.0213040805,41.6132573179,800.0029611062,1.0000000000,0.8000000000,250.0000000000,0
395,100,0,100,94,100,100,0,100,100,0.0212869326,41.5919703853,800.0029308610,1.0000000000,0.8000000000,250.0000000000,0
396,100,0,100,95,100,100,0,100,100,0.0212854371,41.5706849482,800.0029279126,1.0000000000,0.8000000000,250.0000000000,0
397,100,0,100,96,100,100,0,100,100,0.0213009433,41.5493840049,800.0029559815,1.0000000000,0.8000000000,250.0000000000,0
398,100,0,100,97,100,100,0,100,100,0.0212893806,41.5280946243,800.0029355598,1.0000000000,0.8000000000,250.0000000000,0
399,100,0,100,98,100,100,0,100,100,0.0213037075,41.5067909168,800.0029605049,1.0000000000,0.8000000000,250.0000000000,0
400,100,0,100,99,100,100,0,100,100,0.0212724899,41.4855184268,800.0028991495,1.0000000000,0.8000000000,250.0000000000,0
401,100,0,100,0,100,100,0,100,100,0.0213081693,41.4642102575,800.0029675652,1.0000000000,0.8000000000,250.0000000000,0
402,100,0,100,1,100,100,0,100,100,0.0213141261,41.4428961315,800.0029765787,1.0000000000,0.8000000000,250.0000000000,0
403,100,0,100,2,100,100,0,100,100,0.0212922993,41.4216038322,800.0029409729,1.0000000000,0.8000000000,250.0000000000,0
404,100,0,100,3,100,100,0,100,100,0.0212866504,41.4003171818,800.0029303093,1.0000000000,0.8000000000,250.0000000000,0
405,100,0,100,4,100,100,0,100,100,0.0212774375,41.3790397443,800.0029109412,1.0000000000,0.8000000000,250.0000000000,0
406,100,0,100,5,100,100,0,100,100,0.0213260220,41.3577137222,800.0029933957,1.0000000000,0.8000000000,250.0000000000,0
407,100,0,100,6,100,100,0,100,100,0.0212611945,41.3364525277,800.0028657557,1.0000000000,0.8000000000,250.0000000000,0
408,100,0,100,7,100,100,0,100,100,0.0212725656,41.3151799622,800.0028993391,1.0000000000,0.8000000000,250.0000000000,0
409,100,0,100,8,100,100,0,100,100,0.0212843664,41.2938955958,800.0029257626,1.0000000000,0.8000000000,250.0000000000,0
410,100,0,100,9,100,100,0,100,100,0.0213139709,41.2725816249,800.0029763494,1.0000000000,0.8000000000,250.0000000000,0
411,100,0,100,10,100,100,0,100,100,0.0213063261,41.2512752988,800.0029646829,1.0000000000,0.8000000000,250.0000000000,0
412,100,0,100,11,100,100,0,100,100,0.0212614395,41.2300138593,800.0028666316,1.0000000000,0.8000000000,250.0000000000,0
413,100,0,100,12,100,100,0,100,100,0.0213000673,41.2087137920,800.0029545223,1.0000000000,0.8000000000,250.0000000000,0
414,100,0,100,13,100,100,0,100,100,0.0212683018,41.1874454903,800.0028880824,1.0000000000,0.8000000000,250.0000000000,0
415,100,0,100,14,100,100,0,100,100,0.0212560377,41.1661894525,800.0028442120,1.0000000000,0.8000000000,250.0000000000,0
416,100,0,100,15,100,100,0,100,100,0.0212757302,41.1449137223,800.0029070046,1.0000000000,0.8000000000,250.0000000000,0
417,100,0,100,16,100,100,0,100,100,0.0213030855,41.1236106368,800.0029594975,1.0000000000,0.8000000000,250.0000000000,0
418,100,0,100,17,100,100,0,100,100,0.0213060942,41.1023045427,800.0029643169,1.0000000000,0.8000000000,250.0000000000,0
419,100,0,100,18,100,100,0,100,100,0.0213004329,41.0810041097,800.0029551330,1.0000000000,0.8000000000,250.0000000000,0
420,100,0,100,19,100,100,0,100,100,0.0213014797,41.0597026300,800.0029568688,1.0000000000,0.8000000000,250.0000000000,0
421,100,0,100,20,100,100,0,100,100,0.0212671395,41.0384354906,800.0028847860,1.0000000000,0.8000000000,250.0000000000,0
422,100,0,100,21,100,100,0,100,100,0.0212584340,41.0171770565,800.0028550956,1.0000000000,0.8000000000,250.0000000000,0
423,100,0,100,22,100,100,0,100,100,0.0212557326,40.9959213240,800.0028426692,1.0000000000,0.8000000000,250.0000000000,0
424,100,0,100,23,100,100,0,100,100,0.0212645577,40.9746567662,800.0028770256,1.0000000000,0.8000000000,250.0000000000,0
425,100,0,100,24,100,100,0,100,100,0.0212920913,40.9533646749,800.0029405937,1.0000000000,0.8000000000,250.0000000000,0
426,100,0,100,25,100,100,0,100,100,0.0213184131,40.9320462618,800.0029828070,1.0000000000,0.8000000000,250.0000000000,0
427,100,0,100,26,100,100,0,100,100,0.0212612765,40.9107849853,800.0028660500,1.0000000000,0.8000000000,250.0000000000,0
428,100,0,100,27,100,100,0,100,100,0.0212999780,40.8894850073,800.0029543729,1.0000000000,0.8000000000,250.0000000000,0
429,100,0,100,28,100,100,0,100,100,0.0212648596,40.8682201477,800.0028779678,1.0000000000,0.8000000000,250.0000000000,0
430,100,0,100,29,100,100,0,100,100,0.0212976903,40.8469224573,800.0029504967,1.0000000000,0.8000000000,250.0000000000,0
431,100,0,100,30,100,100,0,100,100,0.0212676796,40.8256547777,800.0028863317,1.0000000000,0.8000000000,250.0000000000,0
432,100,0,100,31,100,100,0,100,100,0.0213064931,40.8043482846,800.0029649460,1.0000000000,0.8000000000,250.0000000000,0
433,100,0,100,32,100,100,0,100,100,0.0212934491,40.7830548355,800.0029430535,1.0000000000,0.8000000000,250.0000000000,0
434,100,0,100,33,100,100,0,100,100,0.0213043260,40.7617505096,800.0029615007,1.0000000000,0.8000000000,250.0000000000,0
435,100,0,100,34,100,100,0,100,100,0.0213278787,40.7404226309,800.0029958975,1.0000000000,0.8000000000,250.0000000000,0
436,100,0,100,35,100,100,0,100,100,0.0212573112,40.7191653197,800.0028502353,1.0000000000,0.8000000000,250.0000000000,0
437,100,0,100,36,100,100,0,100,100,0.0212704018,40.6978949179,800.0028937772,1.0000000000,0.8000000000,250.0000000000,0
438,100,0,100,37,100,100,0,100,100,0.0213170495,40.6765778684,800.0029808478,1.0000000000,0.8000000000,250.0000000000,0
439,100,0,100,38,100,100,0,100,100,0.0212764202,40.6553014482,800.0029086111,1.0000000000,0.8000000000,250.0000000000,0
440,100,0,100,39,100,100,0,100,100,0.0212636665,40.6340377817,800.0028741835,1.0000000000,0.8000000000,250.0000000000,0
441,100,0,100,40,100,100,0,100,100,0.0212593171,40.6127784646,800.0028586822,1.0000000000,0.8000000000,250.0000000000,0
442,100,0,100,41,100,100,0,100,100,0.0212578887,40.5915205759,800.0028527809,1.0000000000,0.8000000000,250.0000000000,0
443,100,0,100,42,100,100,0,100,100,0.0213255145,40.5701950614,800.0029927065,1.0000000000,0.8000000000,250.0000000000,0
444,100,0,100,43,100,100,0,100,100,0.0213023761,40.5488926853,800.0029583413,1.0000000000,0.8000000000,250.0000000000,0
445,100,0,100,44,100,100,0,100,100,0.0213034412,40.5275892441,800.0029600743,1.0000000000,0.8000000000,250.0000000000,0
446,100,0,100,45,100,100,0,100,100,0.0212811746,40.5063080695,800.0029191442,1.0000000000,0.8000000000,250.0000000000,0
447,100,0,100,46,100,100,0,100,100,0.0212902061,40.4850178634,800.0029371108,1.0000000000,0.8000000000,250.0000000000,0
448,100,0,100,47,100,100,0,100,100,0.0212816912,40.4637361722,800.0029202378,1.0000000000,0.8000000000,250.0000000000,0
449,100,0,100,48,100,100,0,100,100,0.0212617830,40.4424743892,800.0028678435,1.0000000000,0.8000000000,250.0000000000,0
450,100,0,100,49,100,100,0,100,100,0.0212962729,40.4211781163,800.0029480478,1.0000000000,0.8000000000,250.0000000000,0
451,100,0,100,50,100,100,0,100,100,0.0212937310,40.3998843853,800.0029435593,1.0000000000,0.8000000000,250.0000000000,0
452,100,0,100,51,100,100,0,100,100,0.0212620436,40.3786223417,800.0028687505,1.0000000000,0.8000000000,250.0000000000,0
453,100,0,100,52,100,100,0,100,100,0.0212674869,40.3573548548,800.0028857830,1.0000000000,0.8000000000,250.0000000000,0
454,100,0,100,53,100,100,0,100,100,0.0213221034,40.3360327514,800.0029880127,1.0000000000,0.8000000000,250.0000000000,0
455,100,0,100,54,100,100,0,100,100,0.0212752066,40.3147575448,800.0029057710,1.0000000000,0.8000000000,250.0000000000,0
456,100,0,100,55,100,100,0,100,100,0.0213117042,40.2934458406,800.0029729673,1.0000000000,0.8000000000,250.0000000000,0
457,100,0,100,56,100,100,0,100,100,0.0212520352,40.2721938054,800.0028181728,1.0000000000,0.8000000000,250.0000000000,0
458,100,0,100,57,100,100,0,100,100,0.0212910263,40.2509027791,800.0029386360,1.0000000000,0.8000000000,250.0000000000,0
459,100,0,100,58,100,100,0,100,100,0.0212848289,40.2296179502,800.0029266955,1.0000000000,0.8000000000,250.0000000000,0
460,100,0,100,59,100,100,0,100,100,0.0213003029,40.2083176473,800.0029549160,1.0000000000,0.8000000000,250.0000000000,0
461,100,0,100,60,100,100,0,100,100,0.0213075183,40.1870101291,800.0029665525,1.0000000000,0.8000000000,250.0000000000,0
462,100,0,100,61,100,100,0,100,100,0.0212551436,40.1657549855,800.0028395602,1.0000000000,0.8000000000,250.0000000000,0
463,100,0,100,62,100,100,0,100,100,0.0212600225,40.1444949630,800.0028614202,1.0000000000,0.8000000000,250.0000000000,0
464,100,0,100,63,100,100,0,100,100,0.0212657833,40.1232291797,800.0028807907,1.0000000000,0.8000000000,250.0000000000,0
465,100,0,100,64,100,100,0,100,100,0.0212564165,40.1019727632,800.0028460694,1.0000000000,0.8000000000,250.0000000000,0
466,100,0,100,65,100,100,0,100,100,0.0212960675,40.0806766957,800.0029476898,1.0000000000,0.8000000000,250.0000000000,0
467,100,0,100,66,100,100,0,100,100,0.0212507193,40.0594259764,800.0028007337,1.0000000000,0.8000000000,250.0000000000,0
468,100,0,100,67,100,100,0,100,100,0.0213106639,40.0381153125,800.0029713940,1.0000000000,0.8000000000,250.0000000000,0
469,100,0,100,68,100,100,0,100,100,0.0212551634,40.0168601491,800.0028396678,1.0000000000,0.8000000000,250.0000000000,0
470,100,0,100,69,100,100,0,100,100,0.0213104914,39.9955496577,800.0029711319,1.0000000000,0.8000000000,250.0000000000,0
471,100,0,100,70,100,100,0,100,100,0.0213145969,39.9742350608,800.0029772728,1.0000000000,0.8000000000,250.0000000000,0
472,100,0,100,71,100,100,0,100,100,0.0213091471,39.9529259136,800.0029690758,1.0000000000,0.8000000000,250.0000000000,0
473,100,0,100,72,100,100,0,100,100,0.0213180500,39.9316078636,800.0029822872,1.0000000000,0.8000000000,250.0000000000,0
474,100,0,100,73,100,100,0,100,100,0.0212711996,39.9103366640,800.0028958615,1.0000000000,0.8000000000,250.0000000000,0
475,100,0,100,74,100,100,0,100,100,0.0212731181,39.8890635459,800.0029007152,1.0000000000,0.8000000000,250.0000000000,0
476,100,0,100,75,100,100,0,100,100,0.0213144133,39.8677491326,800.0029770024,1.0000000000,0.8000000000,250.0000000000,0
477,100,0,100,76,100,100,0,100,100,0.0212667735,39.8464823591,800.0028837244,1.0000000000,0.8000000000,250.0000000000,0
478,100,0,100,77,100,100,0,100,100,0.0212895026,39.8251928565,800.0029357901,1.0000000000,0.8000000000,250.0000000000,0
479,100,0,100,78,100,100,0,100,100,0.0213080757,39.8038847808,800.0029674200,1.0000000000,0.8000000000,250.0000000000,0
480,100,0,100,79,100,100,0,100,100,0.0212586917,39.7826260892,800.0028561615,1.0000000000,0.8000000000,250.0000000000,0
481,100,0,100,80,100,100,0,100,100,0.0212883774,39.7613377117,800.0029336527,1.0000000000,0.8000000000,250.0000000000,0
482,100,0,100,81,100,100,0,100,100,0.0212770329,39.7400606788,800.0029100198,1.0000000000,0.8000000000,250.0000000000,0
483,100,0,100,82,100,100,0,100,100,0.0213208366,39.7187398422,800.0029862411,1.0000000000,0.8000000000,250.0000000000,0
484,100,0,100,83,100,100,0,100,100,0.0212539535,39.6974858887,800.0028326140,1.0000000000,0.8000000000,250.0000000000,0
485,100,0,100,84,100,100,0,100,100,0.0212727055,39.6762131832,800.0028996893,1.0000000000,0.8000000000,250.0000000000,0
486,100,0,100,85,100,100,0,100,100,0.0213013640,39.6549118192,800.0029566779,1.0000000000,0.8000000000,250.0000000000,0
487,100,0,100,86,100,100,0,100,100,0.0213079941,39.6336038251,800.0029672934,1.0000000000,0.8000000000,250.0000000000,0
488,100,0,100,87,100,100,0,100,100,0.0213018843,39.6123019407,800.0029575351,1.0000000000,0.8000000000,250.0000000000,0
489,100,0,100,88,100,100,0,100,100,0.0212749037,39.5910270371,800.0029050513,1.0000000000,0.8000000000,250.0000000000,0
490,100,0,100,89,100,100,0,100,100,0.0212863942,39.5697406429,800.0029298066,1.0000000000,0.8000000000,250.0000000000,0
491,100,0,100,90,100,100,0,100,100,0.0212883398,39.5484523031,800.0029335805,1.0000000000,0.8000000000,250.0000000000,0
492,100,0,100,91,100,100,0,100,100,0.0212526273,39.5271996758,800.0028232762,1.0000000000,0.8000000000,250.0000000000,0
493,100,0,100,92,100,100,0,100,100,0.0212586707,39.5059410051,800.0028560754,1.0000000000,0.8000000000,250.0000000000,0
494,100,0,100,93,100,100,0,100,100,0.0213040805,39.4846369246,800.0029611062,1.0000000000,0.8000000000,250.0000000000,0
495,100,0,100,94,100,100,0,100,100,0.0212869326,39.4633499920,800.0029308610,1.0000000000,0.8000000000,250.0000000000,0
496,100,0,100,95,100,100,0,100,100,0.0212854371,39.4420645549,800.0029279126,1.0000000000,0.8000000000,250.0000000000,0
497,100,0,100,96,100,100,0,100,100,0.0213009433,39.4207636116,800.0029559815,1.0000000000,0.8000000000,250.0000000000,0
498,100,0,100,97,100,100,0,100,100,0.0212893806,39.3994742310,800.0029355598,1.0000000000,0.8000000000,250.0000000000,0
499,100,0,100,98,100,100,0,100,100,0.0213037075,39.3781705235,800.0029605049,1.0000000000,0.8000000000,250.0000000000,0
500,100,0,100,99,100,100,0,100,100,0.0212724899,39.3568980335,800.0028991495,1.0000000000,0.8000000000,250.0000000000,0
501,100,0,100,0,100,100,0,100,100,0.0213081693,39.3355898642,800.0029675652,1.0000000000,0.8000000000,250.0000000000,0
502,100,0,100,1,100,100,0,100,100,0.0213141261,39.3142757382,800.0029765787,1.0000000000,0.8000000000,250.0000000000,0
503,100,0,100,2,100,100,0,100,100,0.0212922993,39.2929834389,800.0029409729,1.0000000000,0.8000000000,250.0000000000,0
504,100,0,100,3,100,100,0,100,100,0.0212866504,39.2716967885,800.0029303093,1.0000000000,0.8000000000,250.0000000000,0
505,100,0,100,4,100,100,0,100,100,0.0212774375,39.2504193510,800.0029109412,1.0000000000,0.8000000000,250.0000000000,0
506,100,0,100,5,100,100,0,100,100,0.0213260220,39.2290933289,800.0029933957,1.0000000000,0.8000000000,250.0000000000,0
507,100,0,100,6,100,100,0,100,100,0.0212611945,39.2078321344,800.0028657557,1.0000000000,0.8000000000,250.0000000000,0
508,100,0,100,7,100,100,0,100,100,0.0212725656,39.1865595689,800.0028993391,1.0000000000,0.8000000000,250.0000000000,0
509,100,0,100,8,100,100,0,100,100,0.0212843664,39.1652752025,800.0029257626,1.0000000000,0.8000000000,250.0000000000,0
510,100,0,100,9,100,100,0,100,100,0.0213139709,39.1439612316,800.0029763494,1.0000000000,0.8000000000,250.0000000000,0
511,100,0,100,10,100,100,0,100,100,0.0213063261,39.1226549055,800.0029646829,1.0000000000,0.8000000000,250.0000000000,0
512,100,0,100,11,100,100,0,100,100,0.0212614395,39.1013934660,800.0028666316,1.0000000000,0.8000000000,250.0000000000,0
513,100,0,100,12,100,100,0,100,100,0.0213000673,39.0800933987,800.0029545223,1.0000000000,0.8000000000,250.0000000000,0
514,100,0,100,13,100,100,0,100,100,0.0212683018,39.0588250970,800.0028880824,1.0000000000,0.8000000000,250.0000000000,0
515,100,0,100,14,100,100,0,100,100,0.0212560377,39.0375690592,800.0028442120,1.0000000000,0.8000000000,250.0000000000,0
516,100,0,100,15,100,100,0,100,100,0.0212757302,39.0162933290,800.0029070046,1.0000000000,0.8000000000,250.0000000000,0
517,100,0,100,16,100,100,0,100,100,0.0213030855,38.9949902435,800.0029594975,1.0000000000,0.8000000000,250.0000000000,0
518,100,0,100,17,100,100,0,100,100,0.0213060942,38.9736841494,800.0029643169,1.0000000000,0.8000000000,250.0000000000,0
519,100,0,100,18,100,100,0,100,100,0.0213004329,38.9523837164,800.0029551330,1.0000000000,0.8000000000,250.0000000000,0
520,100,0,100,19,100,100,0,100,100,0.0213014797,38.9310822367,800.0029568688,1.0000000000,0.8000000000,250.0000000000,0
521,100,0,100,20,100,100,0,100,100,0.0212671395,38.9098150973,800.0028847860,1.0000000000,0.8000000000,250.0000000000,0
522,100,0,100,21,100,100,0,100,100,0.0212584340,38.8885566632,800.0028550956,1.0000000000,0.8000000000,250.0000000000,0
523,100,0,100,22,100,100,0,100,100,0.0212557326,38.8673009307,800.0028426692,1.0000000000,0.8000000000,250.0000000000,0
524,100,0,100,23,100,100,0,100,100,0.0212645577,38.8460363729,800.0028770256,1.0000000000,0.8000000000,250.0000000000,0
525,100,0,100,24,100,100,0,100,100,0.0212920913,38.8247442816,800.0029405937,1.0000000000,0.8000000000,250.0000000000,0
526,100,0,100,25,100,100,0,100,100,0.0213184131,38.8034258685,800.0029828070,1.0000000000,0.8000000000,250.0000000000,0
527,100,0,100,26,100,100,0,100,100,0.0212612765,38.7821645920,800.0028660500,1.0000000000,0.8000000000,250.0000000000,0
528,100,0,100,27,100,100,0,100,100,0.0212999780,38.7608646140,800.0029543729,1.0000000000,0.8000000000,250.0000000000,0
529,100,0,100,28,100,100,0,100,100,0.0212648596,38.7395997544,800.0028779678,1.0000000000,0.8000000000,250.0000000000,0
530,100,0,100,29,100,100,0,100,100,0.0212976903,38.7183020640,800.0029504967,1.0000000000,0.8000000000,250.0000000000,0
531,100,0,100,30,100,100,0,100,100,0.0212676796,38.6970343844,800.0028863317,1.0000000000,0.8000000000,250.0000000000,0
532,100,0,100,31,100,100,0,100,100,0.0213064931,38.6757278913,800.0029649460,1.0000000000,0.8000000000,250.0000000000,0
533,100,0,100,32,100,100,0,100,100,0.0212934491,38.6544344422,800.0029430535,1.0000000000,0.8000000000,250.0000000000,0
534,100,0,100,33,100,100,0,100,100,0.0213043260,38.6331301163,800.0029615007,1.0000000000,0.8000000000,250.0000000000,0
535,100,0,100,34,100,100,0,100,100,0.0213278787,38.6118022376,800.0029958975,1.0000000000,0.8000000000,250.0000000000,0
536,100,0,100,35,100,100,0,100,100,0.0212573112,38.5905449264,800.0028502353,1.0000000000,0.8000000000,250.0000000000,0
537,100,0,100,36,100,100,0,100,100,0.0212704018,38.5692745246,800.0028937772,1.0000000000,0.8000000000,250.0000000000,0
538,100,0,100,37,100,100,0,100,100,0.0213170495,38.5479574751,800.0029808478,1.0000000000,0.8000000000,250.0000000000,0
539,100,0,100,38,100,100,0,100,100,0.0212764202,38.5266810549,800.0029086111,1.0000000000,0.8000000000,250.0000000000,0
540,100,0,100,39,100,100,0,100,100,0.0212636665,38.5054173884,800.0028741835,1.0000000000,0.8000000000,250.0000000000,0
541,100,0,100,40,100,100,0,100,100,0.0212593171,38.4841580713,800.0028586822,1.0000000000,0.8000000000,250.0000000000,0
542,100,0,100,41,100,100,0,100,100,0.0212578887,38.4629001826,800.0028527809,1.0000000000,0.8000000000,250.0000000000,0
543,100,0,100,42,100,100,0,100,100,0.0213255145,38.4415746681,800.0029927065,1.0000000000,0.8000000000,250.0000000000,0
544,100,0,100,43,100,100,0,100,100,0.0213023761,38.4202722920,800.0029583413,1.0000000000,0.8000000000,250.0000000000,0
545,100,0,100,44,100,100,0,100,100,0.0213034412,38.3989688508,800.0029600743,1.0000000000,0.8000000000,250.0000000000,0
546,100,0,100,45,100,100,0,100,100,0.0212811746,38.3776876762,800.0029191442,1.0000000000,0.8000000000,250.0000000000,0
547,100,0,100,46,100,100,0,100,100,0.0212902061,38.3563974701,800.0029371108,1.0000000000,0.8000000000,250.0000000000,0
548,100,0,100,47,100,100,0,100,100,0.0212816912,38.3351157789,800.0029202378,1.0000000000,0.8000000000,250.0000000000,0
549,100,0,100,48,100,100,0,100,100,0.0212617830,38.3138539959,800.0028678435,1.0000000000,0.8000000000,250.0000000000,0
550,100,0,100,49,100,100,0,100,100,0.0212962729,38.2925577230,800.0029480478,1.0000000000,0.8000000000,250.0000000000,0
551,100,0,100,50,100,100,0,100,100,0.0212937310,38.2712639920,800.0029435593,1.0000000000,0.8000000000,250.0000000000,0
552,100,0,100,51,100,100,0,100,100,0.0212620436,38.2500019484,800.0028687505,1.0000000000,0.8000000000,250.0000000000,0
553,100,0,100,52,100,100,0,100,100,0.0212674869,38.2287344615,800.0028857830,1.0000000000,0.8000000000,250.0000000000,0
554,100,0,100,53,100,100,0,100,100,0.0213221034,38.2074123581,800.0029880127,1.0000000000,0.8000000000,250.0000000000,0
555,100,0,100,54,100,100,0,100,100,0.0212752066,38.1861371515,800.0029057710,1.0000000000,0.8000000000,250.0000000000,0
556,100,0,100,55,100,100,0,100,100,0.0213117042,38.1648254473,800.0029729673,1.0000000000,0.8000000000,250.0000000000,0
557,100,0,100,56,100,100,0,100,100,0.0212520352,38.1435734121,800.0028181728,1.0000000000,0.8000000000,250.0000000000,0
558,100,0,100,57,100,100,0,100,100,0.0212910263,38.1222823858,800.0029386360,1.0000000000,0.8000000000,250.0000000000,0
559,100,0,100,58,100,100,0,100,100,0.0212848289,38.1009975569,800.0029266955,1.0000000000,0.8000000000,250.0000000000,0
560,100,0,100,59,100,100,0,100,100,0.0213003029,38.0796972540,800.0029549160,1.0000000000,0.8000000000,250.0000000000,0
561,100,0,100,60,100,100,0,100,100,0.0213075183,38.0583897358,800.0029665525,1.0000000000,0.8000000000,250.0000000000,0
562,100,0,100,61,100,100,0,100,100,0.0212551436,38.0371345922,800.0028395602,1.0000000000,0.8000000000,250.0000000000,0
563,100,0,100,62,100,100,0,100,100,0.0212600225,38.0158745697,800.0028614202,1.0000000000,0.8000000000,250.0000000000,0
564,100,0,100,63,100,100,0,100,100,0.0212657833,37.9946087864,800.0028807907,1.0000000000,0.8000000000,250.0000000000,0
565,100,0,100,64,100,100,0,100,100,0.0212564165,37.9733523699,800.0028460694,1.0000000000,0.8000000000,250.0000000000,0
566,100,0,100,65,100,100,0,100,100,0.0212960675,37.9520563024,800.0029476898,1.0000000000,0.8000000000,250.0000000000,0
567,100,0,100,66,100,100,0,100,100,0.0212507193,37.9308055831,800.0028007337,1.0000000000,0.8000000000,250.0000000000,0
568,100,0,100,67,100,100,0,100,100,0.0213106639,37.9094949192,800.0029713940,1.0000000000,0.8000000000,250.0000000000,0
569,100,0,100,68,100,100,0,100,100,0.0212551634,37.8882397558,800.0028396678,1.0000000000,0.8000000000,250.0000000000,0
570,100,0,100,69,100,100,0,100,100,0.0213104914,37.8669292644,800.0029711319,1.0000000000,0.8000000000,250.0000000000,0
571,100,0,100,70,100,100,0,100,100,0.0213145969,37.8456146675,800.0029772728,1.0000000000,0.8000000000,250.0000000000,0
572,100,0,100,71,100,100,0,100,100,0.0213091471,37.8243055203,800.0029690758,1.0000000000,0.8000000000,250.0000000000,0
573,100,0,100,72,100,100,0,100,100,0.0213180500,37.8029874703,800.0029822872,1.0000000000,0.8000000000,250.0000000000,0
574,100,0,100,73,100,100,0,100,100,0.0212711996,37.7817162707,800.0028958615,1.0000000000,0.8000000000,250.0000000000,0
575,100,0,100,74,100,100,0,100,100,0.0212731181,37.7604431526,800.0029007152,1.0000000000,0.8000000000,250.0000000000,0
576,100,0,100,75,100,100,0,100,100,0.0213144133,37.7391287393,800.0029770024,1.0000000000,0.8000000000,250.0000000000,0
577,100,0,100,76,100,100,0,100,100,0.0212667735,37.7178619658,800.0028837244,1.0000000000,0.8000000000,250.0000000000,0
578,100,0,100,77,100,100,0,100,100,0.0212895026,37.6965724632,800.0029357901,1.0000000000,0.8000000000,250.0000000000,0
579,100,0,100,78,100,100,0,100,100,0.0213080757,37.6752643875,800.0029674200,1.0000000000,0.8000000000,250.0000000000,0
580,100,0,100,79,100,100,0,100,100,0.0212586917,37.6540056959,800.0028561615,1.0000000000,0.8000000000,250.0000000000,0
581,100,0,100,80,100,100,0,100,100,0.0212883774,37.6327173184,800.0029336527,1.0000000000,0.8000000000,250.0000000000,0
582,100,0,100,81,100,100,0,100,100,0.0212770329,37.6114402855,800.0029100198,1.0000000000,0.8000000000,250.0000000000,0
583,100,0,100,82,100,100,0,100,100,0.0213208366,37.5901194489,800.0029862411,1.0000000000,0.8000000000,250.0000000000,0
584,100,0,100,83,100,100,0,100,100,0.0212539535,37.5688654954,800.0028326140,1.0000000000,0.8000000000,250.0000000000,0
585,100,0,100,84,100,100,0,100,100,0.0212727055,37.5475927899,800.0028996893,1.0000000000,0.8000000000,250.0000000000,0
586,100,0,100,85,100,100,0,100,100,0.0213013640,37.5262914259,800.0029566779,1.0000000000,0.8000000000,250.0000000000,0
587,100,0,100,86,100,100,0,100,100,0.0213079941,37.5049834318,800.0029672934,1.0000000000,0.8000000000,250.0000000000,0
588,100,0,100,87,100,100,0,100,100,0.0213018843,37.4836815474,800.0029575351,1.0000000000,0.8000000000,250.0000000000,0
589,100,0,100,88,100,100,0,100,100,0.0212749037,37.4624066438,800.0029050513,1.0000000000,0.8000000000,250.0000000000,0
590,100,0,100,89,100,100,0,100,100,0.0212863942,37.4411202496,800.0029298066,1.0000000000,0.8000000000,250.0000000000,0
591,100,0,100,90,100,100,0,100,100,0.0212883398,37.4198319098,800.0029335805,1.0000000000,0.8000000000,250.0000000000,0
592,100,0,100,91,100,100,0,100,100,0.0212526273,37.3985792825,800.0028232762,1.0000000000,0.8000000000,250.0000000000,0
593,100,0,100,92,100,100,0,100,100,0.0212586707,37.3773206118,800.0028560754,1.0000000000,0.8000000000,250.0000000000,0
594,100,0,100,93,100,100,0,100,100,0.0213040805,37.3560165313,800.0029611062,1.0000000000,0.8000000000,250.0000000000,0
595,100,0,100,94,100,100,0,100,100,0.0212869326,37.3347295987,800.0029308610,1.0000000000,0.8000000000,250.0000000000,0
596,100,0,100,95,100,100,0,100,100,0.0212854371,37.3134441616,800.0029279126,1.0000000000,0.8000000000,250.0000000000,0
597,100,0,100,96,100,100,0,100,100,0.0213009433,37.2921432183,800.0029559815,1.0000000000,0.8000000000,250.0000000000,0
598,100,0,100,97,100,100,0,100,100,0.0212893806,37.2708538377,800.0029355598,1.0000000000,0.8000000000,250.0000000000,0
599,100,0,100,98,100,100,0,100,100,0.0213037075,37.2495501302,800.0029605049,1.0000000000,0.8000000000,250.0000000000,0
600,100,0,100,99,100,100,0,100,100,0.0212724899,37.2282776402,800.0028991495,1.0000000000,0.8000000000,250.0000000000,0
601,100,0,100,0,100,100,0,100,100,0.0213081693,37.2069694710,800.0029675652,1.0000000000,0.8000000000,250.0000000000,0
602,100,0,100,1,100,100,0,100,100,0.0213141261,37.1856553449,800.0029765787,1.0000000000,0.8000000000,250.0000000000,0
603,100,0,100,2,100,100,0,100,100,0.0212922993,37.1643630456,800.0029409729,1.0000000000,0.8000000000,250.0000000000,0
604,100,0,100,3,100,100,0,100,100,0.0212866504,37.1430763952,800.0029303093,1.0000000000,0.8000000000,250.0000000000,0
605,100,0,100,4,100,100,0,100,100,0.0212774375,37.1217989577,800.0029109412,1.0000000000,0.8000000000,250.0000000000,0
606,100,0,100,5,100,100,0,100,100,0.0213260220,37.1004729356,800.0029933957,1.0000000000,0.8000000000,250.0000000000,0
607,100,0,100,6,100,100,0,100,100,0.0212611945,37.0792117411,800.0028657557,1.0000000000,0.8000000000,250.0000000000,0
608,100,0,100,7,100,100,0,100,100,0.0212725656,37.0579391756,800.0028993391,1.0000000000,0.8000000000,250.0000000000,0
609,100,0,100,8,100,100,0,100,100,0.0212843664,37.0366548092,800.0029257626,1.0000000000,0.8000000000,250.0000000000,0
610,100,0,100,9,100,100,0,100,100,0.0213139709,37.0153408383,800.0029763494,1.0000000000,0.8000000000,250.0000000000,0
611,100,0,100,10,100,100,0,100,100,0.0213063261,36.9940345122,800.0029646829,1.0000000000,0.8000000000,250.0000000000,0
612,100,0,100,11,100,100,0,100,100,0.0212614395,36.9727730727,800.0028666316,1.0000000000,0.8000000000,250.0000000000,0
613,100,0,100,12,100,100,0,100,100,0.0213000673,36.9514730054,800.0029545223,1.0000000000,0.8000000000,250.0000000000,0
614,100,0,100,13,100,100,0,100,100,0.0212683018,36.9302047037,800.0028880824,1.0000000000,0.8000000000,250.0000000000,0
615,100,0,100,14,100,100,0,100,100,0.0212560377,36.9089486659,800.0028442120,1.0000000000,0.8000000000,250.0000000000,0
616,100,0,100,15,100,100,0,100,100,0.0212757302,36.8876729357,800.0029070046,1.0000000000,0.8000000000,250.0000000000,0
617,100,0,100,16,100,100,0,100,100,0.0213030855,36.8663698502,800.0029594975,1.0000000000,0.8000000000,250.0000000000,0
618,100,0,100,17,100,100,0,100,100,0.0213060942,36.8450637561,800.0029643169,1.0000000000,0.8000000000,250.0000000000,0
619,100,0,100,18,100,100,0,100,100,0.0213004329,36.8237633231,800.0029551330,1.0000000000,0.8000000000,250.0000000000,0
620,100,0,100,19,100,100,0,100,100,0.0213014797,36.8024618434,800.0029568688,1.0000000000,0.8000000000,250.0000000000,0
621,100,0,100,20,100,100,0,100,100,0.0212671395,36.7811947040,800.0028847860,1.0000000000,0.8000000000,250.0000000000,0
622,100,0,100,21,100,100,0,100,100,0.0212584340,36.7599362699,800.0028550956,1.0000000000,0.8000000000,250.0000000000,0
623,100,0,100,22,100,100,0,100,100,0.0212557326,36.7386805374,800.0028426692,1.0000000000,0.8000000000,250.0000000000,0
624,100,0,100,23,100,100,0,100,100,0.0212645577,36.7174159796,800.0028770256,1.0000000000,0.8000000000,250.0000000000,0
625,100,0,100,24,100,100,0,100,100,0.0212920913,36.6961238883,800.0029405937,1.0000000000,0.8000000000,250.0000000000,0
626,100,0,100,25,100,100,0,100,100,0.0213184131,36.6748054752,800.0029828070,1.0000000000,0.8000000000,250.0000000000,0
627,100,0,100,26,100,100,0,100,100,0.0212612765,36.6535441987,800.0028660500,1.0000000000,0.8000000000,250.0000000000,0
628,100,0,100,27,100,100,0,100,100,0.0212999780,36.6322442207,800.0029543729,1.0000000000,0.8000000000,250.0000000000,0
629,100,0,100,28,100,100,0,100,100,0.0212648596,36.6109793611,800.0028779678,1.0000000000,0.8000000000,250.0000000000,0
630,100,0,100,29,100,100,0,100,100,0.0212976903,36.5896816708,800.0029504967,1.0000000000,0.8000000000,250.0000000000,0
631,100,0,100,30,100,100,0,100,100,0.0212676796,36.5684139911,800.0028863317,1.0000000000,0.8000000000,250.0000000000,0
632,100,0,100,31,100,100,0,100,100,0.0213064931,36.5471074980,800.0029649460,1.0000000000,0.8000000000,250.0000000000,0
633,100,0,100,32,100,100,0,100,100,0.0212934491,36.5258140489,800.0029430535,1.0000000000,0.8000000000,250.0000000000,0
634,100,0,100,33,100,100,0,100,100,0.0213043260,36.5045097230,800.0029615007,1.0000000000,0.8000000000,250.0000000000,0
635,100,0,100,34,100,100,0,100,100,0.0213278787,36.4831818443,800.0029958975,1.0000000000,0.8000000000,250.0000000000,0
636,100,0,100,35,100,100,0,100,100,0.0212573112,36.4619245331,800.0028502353,1.0000000000,0.8000000000,250.0000000000,0
637,100,0,100,36,100,100,0,100,100,0.0212704018,36.4406541313,800.0028937772,1.0000000000,0.8000000000,250.0000000000,0
638,100,0,100,37,100,100,0,100,100,0.0213170495,36.4193370818,800.0029808478,1.0000000000,0.8000000000,250.0000000000,0
639,100,0,100,38,100,100,0,100,100,0.0212764202,36.3980606616,800.0029086111,1.0000000000,0.8000000000,250.0000000000,0
640,100,0,100,39,100,100,0,100,100,0.0212636665,36.3767969951,800.0028741835,1.0000000000,0.8000000000,250.0000000000,0
641,100,0,100,40,100,100,0,100,100,0.0212593171,36.3555376780,800.0028586822,1.0000000000,0.8000000000,250.0000000000,0
642,100,0,100,41,100,100,0,100,100,0.0212578887,36.3342797893,800.0028527809,1.0000000000,0.8000000000,250.0000000000,0
643,100,0,100,42,100,100,0,100,100,0.0213255145,36.3129542748,800.0029927065,1.0000000000,0.8000000000,250.0000000000,0
644,100,0,100,43,100,100,0,100,100,0.0213023761,36.2916518987,800.0029583413,1.0000000000,0.8000000000,250.0000000000,0
645,100,0,100,44,100,100,0,100,100,0.0213034412,36.2703484575,800.0029600743,1.0000000000,0.8000000000,250.0000000000,0
646,100,0,100,45,100,100,0,100,100,0.0212811746,36.2490672829,800.0029191442,1.0000000000,0.8000000000,250.0000000000,0
647,100,0,100,46,100,100,0,100,100,0.0212902061,36.2277770768,800.0029371108,1.0000000000,0.8000000000,250.0000000000,0
648,100,0,100,47,100,100,0,100,100,0.0212816912,36.2064953856,800.0029202378,1.0000000000,0.8000000000,250.0000000000,0
649,100,0,100,48,100,100,0,100,100,0.0212617830,36.1852336026,800.0028678435,1.0000000000,0.8000000000,250.0000000000,0
650,100,0,100,49,100,100,0,100,100,0.0212962729,36.1639373297,800.0029480478,1.0000000000,0.8000000000,250.0000000000,0
651,100,0,100,50,100,100,0,100,100,0.0212937310,36.1426435987,800.0029435593,1.0000000000,0.8000000000,250.0000000000,0
652,100,0,100,51,100,100,0,100,100,0.0212620436,36.1213815551,800.0028687505,1.0000000000,0.8000000000,250.0000000000,0
653,100,0,100,52,100,100,0,100,100,0.0212674869,36.1001140682,800.0028857830,1.0000000000,0.8000000000,250.0000000000,0
654,100,0,100,53,100,100,0,100,100,0.0213221034,36.0787919648,800.0029880127,1.0000000000,0.8000000000,250.0000000000,0
655,100,0,100,54,100,100,0,100,100,0.0212752066,36.0575167582,800.0029057710,1.0000000000,0.8000000000,250.0000000000,0
656,100,0,100,55,100,100,0,100,100,0.0213117042,36.0362050540,800.0029729673,1.0000000000,0.8000000000,250.0000000000,0
657,100,0,100,56,100,100,0,100,100,0.0212520352,36.0149530188,800.0028181728,1.0000000000,0.8000000000,250.0000000000,0
658,100,0,100,57,100,100,0,100,100,0.0212910263,35.9936619925,800.0029386360,1.0000000000,0.8000000000,250.0000000000,0
659,100,0,100,58,100,100,0,100,100,0.0212848289,35.9723771636,800.0029266955,1.0000000000,0.8000000000,250.0000000000,0
660,100,0,100,59,100,100,0,100,100,0.0213003029,35.9510768607,800.0029549160,1.0000000000,0.8000000000,250.0000000000,0
661,100,0,100,60,100,100,0,100,100,0.0213075183,35.9297693425,800.0029665525,1.0000000000,0.8000000000,250.0000000000,0
662,100,0,100,61,100,100,0,100,100,0.0212551436,35.9085141989,800.0028395602,1.0000000000,0.8000000000,250.0000000000,0
663,100,0,100,62,100,100,0,100,100,0.0212600225,35.8872541764,800.0028614202,1.0000000000,0.8000000000,250.0000000000,0
664,100,0,100,63,100,100,0,100,100,0.0212657833,35.8659883931,800.0028807907,1.0000000000,0.8000000000,250.0000000000,0
665,100,0,100,64,100,100,0,100,100,0.0212564165,35.8447319766,800.0028460694,1.0000000000,0.8000000000,250.0000000000,0
666,100,0,100,65,100,100,0,100,100,0.0212960675,35.8234359091,800.0029476898,1.0000000000,0.8000000000,250.0000000000,0
667,100,0,100,66,100,100,0,100,100,0.0212507193,35.8021851898,800.0028007337,1.0000000000,0.8000000000,250.0000000000,0
668,100,0,100,67,100,100,0,100,100,0.0213106639,35.7808745259,800.0029713940,1.0000000000,0.8000000000,250.0000000000,0
669,100,0,100,68,100,100,0,100,100,0.0212551634,35.7596193625,800.0028396678,1.0000000000,0.8000000000,250.0000000000,0
670,100,0,100,69,100,100,0,100,100,0.0213104914,35.7383088711,800.0029711319,1.0000000000,0.8000000000,250.0000000000,0
671,100,0,100,70,100,100,0,100,100,0.0213145969,35.7169942742,800.0029772728,1.0000000000,0.8000000000,250.0000000000,0
672,100,0,100,71,100,100,0,100,100,0.0213091471,35.6956851270,800.0029690758,1.0000000000,0.8000000000,250.0000000000,0
673,100,0,100,72,100,100,0,100,100,0.0213180500,35.6743670770,800.0029822872,1.0000000000,0.8000000000,250.0000000000,0
674,100,0,100,73,100,100,0,100,100,0.0212711996,35.6530958774,800.0028958615,1.0000000000,0.8000000000,250.0000000000,0
675,100,0,100,74,100,100,0,100,100,0.0212731181,35.6318227593,800.0029007152,1.0000000000,0.8000000000,250.0000000000,0
676,100,0,100,75,100,100,0,100,100,0.0213144133,35.6105083460,800.0029770024,1.0000000000,0.8000000000,250.0000000000,0
677,100,0,100,76,100,100,0,100,100,0.0212667735,35.5892415725,800.0028837244,1.0000000000,0.8000000000,250.0000000000,0
678,100,0,100,77,100,100,0,100,100,0.0212895026,35.5679520699,800.0029357901,1.0000000000,0.8000000000,250.0000000000,0
679,100,0,100,78,100,100,0,100,100,0.0213080757,35.5466439942,800.0029674200,1.0000000000,0.8000000000,250.0000000000,0
680,100,0,100,79,100,100,0,100,100,0.0212586917,35.5253853026,800.0028561615,1.0000000000,0.8000000000,250.0000000000,0
681,100,0,100,80,100,100,0,100,100,0.0212883774,35.5040969251,800.0029336527,1.0000000000,0.8000000000,250.0000000000,0
682,100,0,100,81,100,100,0,100,100,0.0212770329,35.4828198922,800.0029100198,1.0000000000,0.8000000000,250.0000000000,0
683,100,0,100,82,100,100,0,100,100,0.0213208366,35.4614990556,800.0029862411,1.0000000000,0.8000000000,250.0000000000,0
684,100,0,100,83,100,100,0,100,100,0.0212539535,35.4402451021,800.0028326140,1.0000000000,0.8000000000,250.0000000000,0
685,100,0,100,84,100,100,0,100,100,0.0212727055,35.4189723966,800.0028996893,1.0000000000,0.8000000000,250.0000000000,0
686,100,0,100,85,100,100,0,100,100,0.0213013640,35.3976710326,800.0029566779,1.0000000000,0.8000000000,250.0000000000,0
687,100,0,100,86,100,100,0,100,100,0.0213079941,35.3763630385,800.0029672934,1.0000000000,0.8000000000,250.0000000000,0
688,100,0,100,87,100,100,0,100,100,0.0213018843,35.3550611541,800.0029575351,1.0000000000,0.8000000000,250.0000000000,0
689,100,0,100,88,100,100,0,100,100,0.0212749037,35.3337862505,800.0029050513,1.0000000000,0.8000000000,250.0000000000,0
690,100,0,100,89,100,100,0,100,100,0.0212863942,35.3124998563,800.0029298066,1.0000000000,0.8000000000,250.0000000000,0
691,100,0,100,90,100,100,0,100,100,0.0212883398,35.2912115165,800.0029335805,1.0000000000,0.8000000000,250.0000000000,0
692,100,0,100,91,100,100,0,100,100,0.0212526273,35.2699588892,800.0028232762,1.0000000000,0.8000000000,250.0000000000,0
693,100,0,100,92,100,100,0,100,100,0.0212586707,35.2487002185,800.0028560754,1.0000000000,0.8000000000,250.0000000000,0
694,100,0,100,93,100,100,0,100,100,0.0213040805,35.2273961380,800.0029611062,1.0000000000,0.8000000000,250.0000000000,0
695,100,0,100,94,100,100,0,100,100,0.0212869326,35.2061092054,800.0029308610,1.0000000000,0.8000000000,250.0000000000,0
696,100,0,100,95,100,100,0,100,100,0.0212854371,35.1848237683,800.0029279126,1.0000000000,0.8000000000,250.0000000000,0
697,100,0,100,96,100,100,0,100,100,0.0213009433,35.1635228250,800.0029559815,1.0000000000,0.8000000000,250.0000000000,0
698,100,0,100,97,100,100,0,100,100,0.0212893806,35.1422334444,800.0029355598,1.0000000000,0.8000000000,250.0000000000,0
699,100,0,100,98,100,100,0,100,100,0.0213037075,35.1209297369,800.0029605049,1.0000000000,0.8000000000,250.0000000000,0
700,100,0,100,99,100,100,0,100,100,0.0212724899,35.0996572469,800.0028991495,1.0000000000,0.8000000000,250.0000000000,0
701,100,0,100,0,100,100,0,100,100,0.0213081693,35.0783490777,800.0029675652,1.0000000000,0.8000000000,250.0000000000,0
702,100,0,100,1,100,100,0,100,100,0.0213141261,35.0570349516,800.0029765787,1.0000000000,0.8000000000,250.0000000000,0
703,100,0,100,2,100,100,0,100,100,0.0212922993,35.0357426523,800.0029409729,1.0000000000,0.8000000000,250.0000000000,0
704,100,0,100,3,100,100,0,100,100,0.0212866504,35.0144560019,800.0029303093,1.0000000000,0.8000000000,250.0000000000,0
705,100,0,100,4,100,100,0,100,100,0.0212774375,34.9931785644,800.0029109412,1.0000000000,0.8000000000,250.0000000000,0
706,100,0,100,5,100,100,0,100,100,0.0213260220,34.9718525424,800.0029933957,1.0000000000,0.8000000000,250.0000000000,0
707,100,0,100,6,100,100,0,100,100,0.0212611945,34.9505913478,800.0028657557,1.0000000000,0.8000000000,250.0000000000,0
708,100,0,100,7,100,100,0,100,100,0.0212725656,34.9293187823,800.0028993391,1.0000000000,0.8000000000,250.0000000000,0
709,100,0,100,8,100,100,0,100,100,0.0212843664,34.9080344159,800.0029257626,1.0000000000,0.8000000000,250.0000000000,0
710,100,0,100,9,100,100,0,100,100,0.0213139709,34.8867204450,800.0029763494,1.0000000000,0.8000000000,250.0000000000,0
711,100,0,100,10,100,100,0,100,100,0.0213063261,34.8654141189,800.0029646829,1.0000000000,0.8000000000,250.0000000000,0
712,100,0,100,11,100,100,0,100,100,0.0212614395,34.8441526794,800.0028666316,1.0000000000,0.8000000000,250.0000000000,0
713,100,0,100,12,100,100,0,100,100,0.0213000673,34.8228526121,800.0029545223,1.0000000000,0.8000000000,250.0000000000,0
714,100,0,100,13,100,100,0,100,100,0.0212683018,34.8015843104,800.0028880824,1.0000000000,0.8000000000,250.0000000000,0
715,100,0,100,14,100,100,0,100,100,0.0212560377,34.7803282726,800.0028442120,1.0000000000,0.8000000000,250.0000000000,0
716,100,0,100,15,100,100,0,100,100,0.0212757302,34.7590525425,800.0029070046,1.0000000000,0.8000000000,250.0000000000,0
717,100,0,100,16,100,100,0,100,100,0.0213030855,34.7377494569,800.0029594975,1.0000000000,0.8000000000,250.0000000000,0
718,100,0,100,17,100,100,0,100,100,0.0213060942,34.7164433628,800.0029643169,1.0000000000,0.8000000000,250.0000000000,0
719,100,0,100,18,100,100,0,100,100,0.0213004329,34.6951429298,800.0029551330,1.0000000000,0.8000000000,250.0000000000,0
720,100,0,100,19,100,100,0,100,100,0.0213014797,34.6738414501,800.0029568688,1.0000000000,0.8000000000,250.0000000000,0
721,100,0,100,20,100,100,0,100,100,0.0212671395,34.6525743107,800.0028847860,1.0000000000,0.8000000000,250.0000000000,0
722,100,0,100,21,100,100,0,100,100,0.0212584340,34.6313158766,800.0028550956,1.0000000000,0.8000000000,250.0000000000,0
723,100,0,100,22,100,100,0,100,100,0.0212557326,34.6100601441,800.0028426692,1.0000000000,0.8000000000,250.0000000000,0
724,100,0,100,23,100,100,0,100,100,0.0212645577,34.5887955863,800.0028770256,1.0000000000,0.8000000000,250.0000000000,0
725,100,0,100,24,100,100,0,100,100,0.0212920913,34.5675034950,800.0029405937,1.0000000000,0.8000000000,250.0000000000,0
726,100,0,100,25,100,100,0,100,100,0.0213184131,34.5461850819,800.0029828070,1.0000000000,0.8000000000,250.0000000000,0
727,100,0,100,26,100,100,0,100,100,0.0212612765,34.5249238054,800.0028660500,1.0000000000,0.8000000000,250.0000000000,0
728,100,0,100,27,100,100,0,100,100,0.0212999780,34.5036238274,800.0029543729,1.0000000000,0.8000000000,250.0000000000,0
729,100,0,100,28,100,100,0,100,100,0.0212648596,34.4823589678,800.0028779678,1.0000000000,0.8000000000,250.0000000000,0
730,100,0,100,29,100,100,0,100,100,0.0212976903,34.4610612775,800.0029504967,1.0000000000,0.8000000000,250.0000000000,0
731,100,0,100,30,100,100,0,100,100,0.0212676796,34.4397935978,800.0028863317,1.0000000000,0.8000000000,250.0000000000,0
732,100,0,100,31,100,100,0,100,100,0.0213064931,34.4184871048,800.0029649460,1.0000000000,0.8000000000,250.0000000000,0
733,100,0,100,32,100,100,0,100,100,0.0212934491,34.3971936556,800.0029430535,1.0000000000,0.8000000000,250.0000000000,0
734,100,0,100,33,100,100,0,100,100,0.0213043260,34.3758893297,800.0029615007,1.0000000000,0.8000000000,250.0000000000,0
735,100,0,100,34,100,100,0,100,100,0.0213278787,34.3545614510,800.0029958975,1.0000000000,0.8000000000,250.0000000000,0
736,100,0,100,35,100,100,0,100,100,0.0212573112,34.3333041398,800.0028502353,1.0000000000,0.8000000000,250.0000000000,0
737,100,0,100,36,100,100,0,100,100,0.0212704018,34.3120337380,800.0028937772,1.0000000000,0.8000000000,250.0000000000,0
738,100,0,100,37,100,100,0,100,100,0.0213170495,34.2907166885,800.0029808478,1.0000000000,0.8000000000,250.0000000000,0
739,100,0,100,38,100,100,0,100,100,0.0212764202,34.2694402683,800.0029086111,1.0000000000,0.8000000000,250.0000000000,0
740,100,0,100,39,100,100,0,100,100,0.0212636665,34.2481766018,800.0028741835,1.0000000000,0.8000000000,250.0000000000,0
741,100,0,100,40,100,100,0,100,100,0.0212593171,34.2269172847,800.0028586822,1.0000000000,0.8000000000,250.0000000000,0
742,100,0,100,41,100,100,0,100,100,0.0212578887,34.2056593960,800.0028527809,1.0000000000,0.8000000000,250.0000000000,0
743,100,0,100,42,100,100,0,100,100,0.0213255145,34.1843338815,800.0029927065,1.0000000000,0.8000000000,250.0000000000,0
744,100,0,100,43,100,100,0,100,100,0.0213023761,34.1630315054,800.0029583413,1.0000000000,0.8000000000,250.0000000000,0
745,100,0,100,44,100,100,0,100,100,0.0213034412,34.1417280642,800.0029600743,1.0000000000,0.8000000000,250.0000000000,0
746,100,0,100,45,100,100,0,100,100,0.0212811746,34.1204468896,800.0029191442,1.0000000000,0.8000000000,250.0000000000,0
747,100,0,100,46,100,100,0,100,100,0.0212902061,34.0991566835,800.0029371108,1.0000000000,0.8000000000,250.0000000000,0
748,100,0,100,47,100,100,0,100,100,0.0212816912,34.0778749923,800.0029202378,1.0000000000,0.8000000000,250.0000000000,0
749,100,0,100,48,100,100,0,100,100,0.0212617830,34.0566132093,800.0028678435,1.0000000000,0.8000000000,250.0000000000,0
750,100,0,100,49,100,100,0,100,100,0.0212962729,34.0353169364,800.0029480478,1.0000000000,0.8000000000,250.0000000000,0
751,100,0,100,50,100,100,0,100,100,0.0212937310,34.0140232054,800.0029435593,1.0000000000,0.8000000000,250.0000000000,0
752,100,0,100,51,100,100,0,100,100,0.0212620436,33.9927611618,800.0028687505,1.0000000000,0.8000000000,250.0000000000,0
753,100,0,100,52,100,100,0,100,100,0.0212674869,33.9714936749,800.0028857830,1.0000000000,0.8000000000,250.0000000000,0
754,100,0,100,53,100,100,0,100,100,0.0213221034,33.9501715715,800.0029880127,1.0000000000,0.8000000000,250.0000000000,0
755,100,0,100,54,100,100,0,100,100,0.0212752066,33.9288963649,800.0029057710,1.0000000000,0.8000000000,250.0000000000,0
756,100,0,100,55,100,100,0,100,100,0.0213117042,33.9075846607,800.0029729673,1.0000000000,0.8000000000,250.0000000000,0
757,100,0,100,56,100,100,0,100,100,0.0212520352,33.8863326255,800.0028181728,1.0000000000,0.8000000000,250.0000000000,0
758,100,0,100,57,100,100,0,100,100,0.0212910263,33.8650415992,800.0029386360,1.0000000000,0.8000000000,250.0000000000,0
759,100,0,100,58,100,100,0,100,100,0.0212848289,33.8437567703,800.0029266955,1.0000000000,0.8000000000,250.0000000000,0
760,100,0,100,59,100,100,0,100,100,0.0213003029,33.8224564674,800.0029549160,1.0000000000,0.8000000000,250.0000000000,0
761,100,0,100,60,100,100,0,100,100,0.0213075183,33.8011489492,800.0029665525,1.0000000000,0.8000000000,250.0000000000,0
762,100,0,100,61,100,100,0,100,100,0.0212551436,33.7798938056,800.0028395602,1.0000000000,0.8000000000,250.0000000000,0
763,100,0,100,62,100,100,0,100,100,0.0212600225,33.7586337831,800.0028614202,1.0000000000,0.8000000000,250.0000000000,0
764,100,0,100,63,100,100,0,100,100,0.0212657833,33.7373679998,800.0028807907,1.0000000000,0.8000000000,250.0000000000,0
765,100,0,100,64,100,100,0,100,100,0.0212564165,33.7161115833,800.0028460694,1.0000000000,0.8000000000,250.0000000000,0
766,100,0,100,65,100,100,0,100,100,0.0212960675,33.6948155158,800.0029476898,1.0000000000,0.8000000000,250.0000000000,0
767,100,0,100,66,100,100,0,100,100,0.0212507193,33.6735647965,800.0028007337,1.0000000000,0.8000000000,250.0000000000,0
768,100,0,100,67,100,100,0,100,100,0.0213106639,33.6522541326,800.0029713940,1.0000000000,0.8000000000,250.0000000000,0
769,100,0,100,68,100,100,0,100,100,0.0212551634,33.6309989692,800.0028396678,1.0000000000,0.8000000000,250.0000000000,0
770,100,0,100,69,100,100,0,100,100,0.0213104914,33.6096884778,800.0029711319,1.0000000000,0.8000000000,250.0000000000,0
771,100,0,100,70,100,100,0,100,100,0.0213145969,33.5883738809,800.0029772728,1.0000000000,0.8000000000,250.0000000000,0
772,100,0,100,71,100,100,0,100,100,0.0213091471,33.5670647337,800.0029690758,1.0000000000,0.8000000000,250.0000000000,0
773,100,0,100,72,100,100,0,100,100,0.0213180500,33.5457466837,800.0029822872,1.0000000000,0.8000000000,250.0000000000,0
774,100,0,100,73,100,100,0,100,100,0.0212711996,33.5244754841,800.0028958615,1.0000000000,0.8000000000,250.0000000000,0
775,100,0,100,74,100,100,0,100,100,0.0212731181,33.5032023660,800.0029007152,1.0000000000,0.8000000000,250.0000000000,0
776,100,0,100,75,100,100,0,100,100,0.0213144133,33.4818879527,800.0029770024,1.0000000000,0.8000000000,250.0000000000,0
777,100,0,100,76,100,100,0,100,100,0.0212667735,33.4606211792,800.0028837244,1.0000000000,0.8000000000,250.0000000000,0
778,100,0,100,77,100,100,0,100,100,0.0212895026,33.4393316766,800.0029357901,1.0000000000,0.8000000000,250.0000000000,0
779,100,0,100,78,100,100,0,100,100,0.0213080757,33.4180236009,800.0029674200,1.0000000000,0.8000000000,250.0000000000,0
780,100,0,100,79,100,100,0,100,100,0.0212586917,33.3967649093,800.0028561615,1.0000000000,0.8000000000,250.0000000000,0
781,100,0,100,80,100,100,0,100,100,0.0212883774,33.3754765318,800.0029336527,1.0000000000,0.8000000000,250.0000000000,0
782,100,0,100,81,100,100,0,100,100,0.0212770329,33.3541994989,800.0029100198,1.0000000000,0.8000000000,250.0000000000,0
783,100,0,100,82,100,100,0,100,100,0.0213208366,33.3328786623,800.0029862411,1.0000000000,0.8000000000,250.0000000000,0
784,100,0,100,83,100,100,0,100,100,0.0212539535,33.3116247088,800.0028326140,1.0000000000,0.8000000000,250.0000000000,0
785,100,0,100,84,100,100,0,100,100,0.0212727055,33.2903520033,800.0028996893,1.0000000000,0.8000000000,250.0000000000,0
786,100,0,100,85,100,100,0,100,100,0.0213013640,33.2690506393,800.0029566779,1.0000000000,0.8000000000,250.0000000000,0
787,100,0,100,86,100,100,0,100,100,0.0213079941,33.2477426452,800.0029672934,1.0000000000,0.8000000000,250.0000000000,0
788,100,0,100,87,100,100,0,100,100,0.0213018843,33.2264407608,800.0029575351,1.0000000000,0.8000000000,250.0000000000,0
789,100,0,100,88,100,100,0,100,100,0.0212749037,33.2051658572,800.0029050513,1.0000000000,0.8000000000,250.0000000000,0
790,100,0,100,89,100,100,0,100,100,0.0212863942,33.1838794630,800.0029298066,1.0000000000,0.8000000000,250.0000000000,0
791,100,0,100,90,100,100,0,100,100,0.0212883398,33.1625911232,800.0029335805,1.0000000000,0.8000000000,250.0000000000,0
792,100,0,100,91,100,100,0,100,100,0.0212526273,33.1413384959,800.0028232762,1.0000000000,0.8000000000,250.0000000000,0
793,100,0,100,92,100,100,0,100,100,0.0212586707,33.1200798252,800.0028560754,1.0000000000,0.8000000000,250.0000000000,0
794,100,0,100,93,100,100,0,100,100,0.0213040805,33.0987757447,800.0029611062,1.0000000000,0.8000000000,250.0000000000,0
795,100,0,100,94,100,100,0,100,100,0.0212869326,33.0774888121,800.0029308610,1.0000000000,0.8000000000,250.0000000000,0
796,100,0,100,95,100,100,0,100,100,0.0212854371,33.0562033750,800.0029279126,1.0000000000,0.8000000000,250.0000000000,0
797,100,0,100,96,100,100,0,100,100,0.0213009433,33.0349024317,800.0029559815,1.0000000000,0.8000000000,250.0000000000,0
798,100,0,100,97,100,100,0,100,100,0.0212893806,33.0136130511,800.0029355598,1.0000000000,0.8000000000,250.0000000000,0
799,100,0,100,98,100,100,0,100,100,0.0213037075,32.9923093436,800.0029605049,1.0000000000,0.8000000000,250.0000000000,0
800,100,0,100,99,100,100,0,100,100,0.0212724899,32.9710368536,800.0028991495,1.0000000000,0.8000000000,250.0000000000,0
801,100,0,100,0,100,100,0,100,100,0.0213081693,32.9497286844,800.0029675652,1.0000000000,0.8000000000,250.0000000000,0
802,100,0,100,1,100,100,0,100,100,0.0213141261,32.9284145583,800.0029765787,1.0000000000,0.8000000000,250.0000000000,0
803,100,0,100,2,100,100,0,100,100,0.0212922993,32.9071222590,800.0029409729,1.0000000000,0.8000000000,250.0000000000,0
804,100,0,100,3,100,100,0,100,100,0.0212866504,32.8858356086,800.0029303093,1.0000000000,0.8000000000,250.0000000000,0
805,100,0,100,4,100,100,0,100,100,0.0212774375,32.8645581711,800.0029109412,1.0000000000,0.8000000000,250.0000000000,0
806,100,0,100,5,100,100,0,100,100,0.0213260220,32.8432321491,800.0029933957,1.0000000000,0.8000000000,250.0000000000,0
807,100,0,100,6,100,100,0,100,100,0.0212611945,32.8219709546,800.0028657557,1.0000000000,0.8000000000,250.0000000000,0
808,100,0,100,7,100,100,0,100,100,0.0212725656,32.8006983890,800.0028993391,1.0000000000,0.8000000000,250.0000000000,0
809,100,0,100,8,100,100,0,100,100,0.0212843664,32.7794140226,800.0029257626,1.0000000000,0.8000000000,250.0000000000,0
810,100,0,100,9,100,100,0,100,100,0.0213139709,32.7581000517,800.0029763494,1.0000000000,0.8000000000,250.0000000000,0
811,100,0,100,10,100,100,0,100,100,0.0213063261,32.7367937256,800.0029646829,1.0000000000,0.8000000000,250.0000000000,0
812,100,0,100,11,100,100,0,100,100,0.0212614395,32.7155322861,800.0028666316,1.0000000000,0.8000000000,250.0000000000,0
813,100,0,100,12,100,100,0,100,100,0.0213000673,32.6942322188,800.0029545223,1.0000000000,0.8000000000,250.0000000000,0
814,100,0,100,13,100,100,0,100,100,0.0212683018,32.6729639171,800.0028880824,1.0000000000,0.8000000000,250.0000000000,0
815,100,0,100,14,100,100,0,100,100,0.0212560377,32.6517078793,800.0028442120,1.0000000000,0.8000000000,250.0000000000,0
816,100,0,100,15,100,100,0,100,100,0.0212757302,32.6304321492,800.0029070046,1.0000000000,0.8000000000,250.0000000000,0
817,100,0,100,16,100,100,0,100,100,0.0213030855,32.6091290636,800.0029594975,1.0000000000,0.8000000000,250.0000000000,0
818,100,0,100,17,100,100,0,100,100,0.0213060942,32.5878229695,800.0029643169,1.0000000000,0.8000000000,250.0000000000,0
819,100,0,100,18,100,100,0,100,100,0.0213004329,32.5665225365,800.0029551330,1.0000000000,0.8000000000,250.0000000000,0
820,100,0,100,19,100,100,0,100,100,0.0213014797,32.5452210568,800.0029568688,1.0000000000,0.8000000000,250.0000000000,0
821,100,0,100,20,100,100,0,100,100,0.0212671395,32.5239539174,800.0028847860,1.0000000000,0.8000000000,250.0000000000,0
822,100,0,100,21,100,100,0,100,100,0.0212584340,32.5026954833,800.0028550956,1.0000000000,0.8000000000,250.0000000000,0
823,100,0,100,22,100,100,0,100,100,0.0212557326,32.4814397508,800.0028426692,1.0000000000,0.8000000000,250.0000000000,0
824,100,0,100,23,100,100,0,100,100,0.0212645577,32.4601751930,800.0028770256,1.0000000000,0.8000000000,250.0000000000,0
825,100,0,100,24,100,100,0,100,100,0.0212920913,32.4388831017,800.0029405937,1.0000000000,0.8000000000,250.0000000000,0
826,100,0,100,25,100,100,0,100,100,0.0213184131,32.4175646886,800.0029828070,1.0000000000,0.8000000000,250.0000000000,0
827,100,0,100,26,100,100,0,100,100,0.0212612765,32.3963034121,800.0028660500,1.0000000000,0.8000000000,250.0000000000,0
828,100,0,100,27,100,100,0,100,100,0.0212999780,32.3750034341,800.0029543729,1.0000000000,0.8000000000,250.0000000000,0
829,100,0,100,28,100,100,0,100,100,0.0212648596,32.3537385745,800.0028779678,1.0000000000,0.8000000000,250.0000000000,0
830,100,0,100,29,100,100,0,100,100,0.0212976903,32.3324408842,800.0029504967,1.0000000000,0.8000000000,250.0000000000,0
831,100,0,100,30,100,100,0,100,100,0.0212676796,32.3111732045,800.0028863317,1.0000000000,0.8000000000,250.0000000000,0
832,100,0,100,31,100,100,0,100,100,0.0213064931,32.2898667115,800.0029649460,1.0000000000,0.8000000000,250.0000000000,0
833,100,0,100,32,100,100,0,100,100,0.0212934491,32.2685732624,800.0029430535,1.0000000000,0.8000000000,250.0000000000,0
834,100,0,100,33,100,100,0,100,100,0.0213043260,32.2472689364,800.0029615007,1.0000000000,0.8000000000,250.0000000000,0
835,100,0,100,34,100,100,0,100,100,0.0213278787,32.2259410577,800.0029958975,1.0000000000,0.8000000000,250.0000000000,0
836,100,0,100,35,100,100,0,100,100,0.0212573112,32.2046837465,800.0028502353,1.0000000000,0.8000000000,250.0000000000,0
837,100,0,100,36,100,100,0,100,100,0.0212704018,32.1834133447,800.0028937772,1.0000000000,0.8000000000,250.0000000000,0
838,100,0,100,37,100,100,0,100,100,0.0213170495,32.1620962952,800.0029808478,1.0000000000,0.8000000000,250.0000000000,0
839,100,0,100,38,100,100,0,100,100,0.0212764202,32.1408198750,800.0029086111,1.0000000000,0.8000000000,250.0000000000,0
840,100,0,100,39,100,100,0,100,100,0.0212636665,32.1195562085,800.0028741835,1.0000000000,0.8000000000,250.0000000000,0
841,100,0,100,40,100,100,0,100,100,0.0212593171,32.0982968914,800.0028586822,1.0000000000,0.8000000000,250.0000000000,0
842,100,0,100,41,100,100,0,100,100,0.0212578887,32.0770390027,800.0028527809,1.0000000000,0.8000000000,250.0000000000,0
843,100,0,100,42,100,100,0,100,100,0.0213255145,32.0557134882,800.0029927065,1.0000000000,0.8000000000,250.0000000000,0
844,100,0,100,43,100,100,0,100,100,0.0213023761,32.0344111121,800.0029583413,1.0000000000,0.8000000000,250.0000000000,0
845,100,0,100,44,100,100,0,100,100,0.0213034412,32.0131076709,800.0029600743,1.0000000000,0.8000000000,250.0000000000,0
846,100,0,100,45,100,100,0,100,100,0.0212811746,31.9918264963,800.0029191442,1.0000000000,0.8000000000,250.0000000000,0
847,100,0,100,46,100,100,0,100,100,0.0212902061,31.9705362902,800.0029371108,1.0000000000,0.8000000000,250.0000000000,0
848,100,0,100,47,100,100,0,100,100,0.0212816912,31.9492545990,800.0029202378,1.0000000000,0.8000000000,250.0000000000,0
849,100,0,100,48,100,100,0,100,100,0.0212617830,31.9279928160,800.0028678435,1.0000000000,0.8000000000,250.0000000000,0
850,100,0,100,49,100,100,0,100,100,0.0212962729,31.9066965431,800.0029480478,1.0000000000,0.8000000000,250.0000000000,0
851,100,0,100,50,100,100,0,100,100,0.0212937310,31.8854028121,800.0029435593,1.0000000000,0.8000000000,250.0000000000,0
852,100,0,100,51,100,100,0,100,100,0.0212620436,31.8641407685,800.0028687505,1.0000000000,0.8000000000,250.0000000000,0
853,100,0,100,52,100,100,0,100,100,0.0212674869,31.8428732816,800.0028857830,1.0000000000,0.8000000000,250.0000000000,0
854,100,0,100,53,100,100,0,100,100,0.0213221034,31.8215511782,800.0029880127,1.0000000000,0.8000000000,250.0000000000,0
855,100,0,100,54,100,100,0,100,100,0.0212752066,31.8002759716,800.0029057710,1.0000000000,0.8000000000,250.0000000000,0
856,100,0,100,55,100,100,0,100,100,0.0213117042,31.7789642674,800.0029729673,1.0000000000,0.8000000000,250.0000000000,0
857,100,0,100,56,100,100,0,100,100,0.0212520352,31.7577122322,800.0028181728,1.0000000000,0.8000000000,250.0000000000,0
858,100,0,100,57,100,100,0,100,100,0.0212910263,31.7364212059,800.0029386360,1.0000000000,0.8000000000,250.0000000000,0
859,100,0,100,58,100,100,0,100,100,0.0212848289,31.7151363770,800.0029266955,1.0000000000,0.8000000000,250.0000000000,0
860,100,0,100,59,100,100,0,100,100,0.0213003029,31.6938360741,800.0029549160,1.0000000000,0.8000000000,250.0000000000,0
861,100,0,100,60,100,100,0,100,100,0.0213075183,31.6725285559,800.0029665525,1.0000000000,0.8000000000,250.0000000000,0
862,100,0,100,61,100,100,0,100,100,0.0212551436,31.6512734123,800.0028395602,1.0000000000,0.8000000000,250.0000000000,0
863,100,0,100,62,100,100,0,100,100,0.0212600225,31.6300133898,800.0028614202,1.0000000000,0.8000000000,250.0000000000,0
864,100,0,100,63,100,100,0,100,100,0.0212657833,31.6087476065,800.0028807907,1.0000000000,0.8000000000,250.0000000000,0
865,100,0,100,64,100,100,0,100,100,0.0212564165,31.5874911900,800.0028460694,1.0000000000,0.8000000000,250.0000000000,0
866,100,0,100,65,100,100,0,100,100,0.0212960675,31.5661951225,800.0029476898,1.0000000000,0.8000000000,250.0000000000,0
867,100,0,100,66,100,100,0,100,100,0.0212507193,31.5449444032,800.0028007337,1.0000000000,0.8000000000,250.0000000000,0
868,100,0,100,67,100,100,0,100,100,0.0213106639,31.5236337393,800.0029713940,1.0000000000,0.8000000000,250.0000000000,0
869,100,0,100,68,100,100,0,100,100,0.0212551634,31.5023785759,800.0028396678,1.0000000000,0.8000000000,250.0000000000,0
870,100,0,100,69,100,100,0,100,100,0.0213104914,31.4810680845,800.0029711319,1.0000000000,0.8000000000,250.0000000000,0
871,100,0,100,70,100,100,0,100,100,0.0213145969,31.4597534876,800.0029772728,1.0000000000,0.8000000000,250.0000000000,0
872,100,0,100,71,100,100,0,100,100,0.0213091471,31.4384443404,800.0029690758,1.0000000000,0.8000000000,250.0000000000,0
873,100,0,100,72,100,100,0,100,100,0.0213180500,31.4171262904,800.0029822872,1.0000000000,0.8000000000,250.0000000000,0
874,100,0,100,73,100,100,0,100,100,0.0212711996,31.3958550908,800.0028958615,1.0000000000,0.8000000000,250.0000000000,0
875,100,0,100,74,100,100,0,100,100,0.0212731181,31.3745819727,800.0029007152,1.0000000000,0.8000000000,250.0000000000,0
876,100,0,100,75,100,100,0,100,100,0.0213144133,31.3532675594,800.0029770024,1.0000000000,0.8000000000,250.0000000000,0
877,100,0,100,76,100,100,0,100,100,0.0212667735,31.3320007859,800.0028837244,1.0000000000,0.8000000000,250.0000000000,0
878,100,0,100,77,100,100,0,100,100,0.0212895026,31.3107112833,800.0029357901,1.0000000000,0.8000000000,250.0000000000,0
879,100,0,100,78,100,100,0,100,100,0.0213080757,31.2894032076,800.0029674200,1.0000000000,0.8000000000,250.0000000000,0
880,100,0,100,79,100,100,0,100,100,0.0212586917,31.2681445160,800.0028561615,1.0000000000,0.8000000000,250.0000000000,0
881,100,0,100,80,100,100,0,100,100,0.0212883774,31.2468561385,800.0029336527,1.0000000000,0.8000000000,250.0000000000,0
882,100,0,100,81,100,100,0,100,100,0.0212770329,31.2255791056,800.0029100198,1.0000000000,0.8000000000,250.0000000000,0
883,100,0,100,82,100,100,0,100,100,0.0213208366,31.2042582690,800.0029862411,1.0000000000,0.8000000000,250.0000000000,0
884,100,0,100,83,100,100,0,100,100,0.0212539535,31.1830043155,800.0028326140,1.0000000000,0.8000000000,250.0000000000,0
885,100,0,100,84,100,100,0,100,100,0.0212727055,31.1617316100,800.0028996893,1.0000000000,0.8000000000,250.0000000000,0
886,100,0,100,85,100,100,0,100,100,0.0213013640,31.1404302460,800.0029566779,1.0000000000,0.8000000000,250.0000000000,0
887,100,0,100,86,100,100,0,100,100,0.0213079941,31.1191222519,800.0029672934,1.0000000000,0.8000000000,250.0000000000,0
888,100,0,100,87,100,100,0,100,100,0.0213018843,31.0978203675,800.0029575351,1.0000000000,0.8000000000,250.0000000000,0
889,100,0,100,88,100,100,0,100,100,0.0212749037,31.0765454639,800.0029050513,1.0000000000,0.8000000000,250.0000000000,0
890,100,0,100,89,100,100,0,100,100,0.0212863942,31.0552590697,800.0029298066,1.0000000000,0.8000000000,250.0000000000,0
891,100,0,100,90,100,100,0,100,100,0.0212883398,31.0339707299,800.0029335805,1.0000000000,0.8000000000,250.0000000000,0
892,100,0,100,91,100,100,0,100,100,0.0212526273,31.0127181026,800.0028232762,1.0000000000,0.8000000000,250.0000000000,0
893,100,0,100,92,100,100,0,100,100,0.0212586707,30.9914594319,800.0028560754,1.0000000000,0.8000000000,250.0000000000,0
894,100,0,100,93,100,100,0,100,100,0.0213040805,30.9701553514,800.0029611062,1.0000000000,0.8000000000,250.0000000000,0
895,100,0,100,94,100,100,0,100,100,0.0212869326,30.9488684188,800.0029308610,1.0000000000,0.8000000000,250.0000000000,0
896,100,0,100,95,100,100,0,100,100,0.0212854371,30.9275829817,800.0029279126,1.0000000000,0.8000000000,250.0000000000,0
897,100,0,100,96,100,100,0,100,100,0.0213009433,30.9062820384,800.0029559815,1.0000000000,0.8000000000,250.0000000000,0
898,100,0,100,97,100,100,0,100,100,0.0212893806,30.8849926578,800.0029355598,1.0000000000,0.8000000000,250.0000000000,0
899,100,0,100,98,100,100,0,100,100,0.0213037075,30.8636889503,800.0029605049,1.0000000000,0.8000000000,250.0000000000,0
900,100,0,100,99,100,100,0,100,100,0.0212724899,30.8424164603,800.0028991495,1.0000000000,0.8000000000,250.0000000000,0
901,100,0,100,0,100,100,0,100,100,0.0213081693,30.8211082911,800.0029675652,1.0000000000,0.8000000000,250.0000000000,0
902,100,0,100,1,100,100,0,100,100,0.0213141261,30.7997941650,800.0029765787,1.0000000000,0.8000000000,250.0000000000,0
903,100,0,100,2,100,100,0,100,100,0.0212922993,30.7785018657,800.0029409729,1.0000000000,0.8000000000,250.0000000000,0
904,100,0,100,3,100,100,0,100,100,0.0212866504,30.7572152153,800.0029303093,1.0000000000,0.8000000000,250.0000000000,0
905,100,0,100,4,100,100,0,100,100,0.0212774375,30.7359377778,800.0029109412,1.0000000000,0.8000000000,250.0000000000,0
906,100,0,100,5,100,100,0,100,100,0.0213260220,30.7146117558,800.0029933957,1.0000000000,0.8000000000,250.0000000000,0
907,100,0,100,6,100,100,0,100,100,0.0212611945,30.6933505613,800.0028657557,1.0000000000,0.8000000000,250.0000000000,0
908,100,0,100,7,100,100,0,100,100,0.0212725656,30.6720779957,800.0028993391,1.0000000000,0.8000000000,250.0000000000,0
909,100,0,100,8,100,100,0,100,100,0.0212843664,30.6507936293,800.0029257626,1.0000000000,0.8000000000,250.0000000000,0
910,100,0,100,9,100,100,0,100,100,0.0213139709,30.6294796584,800.0029763494,1.0000000000,0.8000000000,250.0000000000,0
911,100,0,100,10,100,100,0,100,100,0.0213063261,30.6081733323,800.0029646829,1.0000000000,0.8000000000,250.0000000000,0
912,100,0,100,11,100,100,0,100,100,0.0212614395,30.5869118928,800.0028666316,1.0000000000,0.8000000000,250.0000000000,0
913,100,0,100,12,100,100,0,100,100,0.0213000673,30.5656118255,800.0029545223,1.0000000000,0.8000000000,250.0000000000,0
914,100,0,100,13,100,100,0,100,100,0.0212683018,30.5443435238,800.0028880824,1.0000000000,0.8000000000,250.0000000000,0
915,100,0,100,14,100,100,0,100,100,0.0212560377,30.5230874860,800.0028442120,1.0000000000,0.8000000000,250.0000000000,0
916,100,0,100,15,100,100,0,100,100,0.0212757302,30.5018117559,800.0029070046,1.0000000000,0.8000000000,250.0000000000,0
917,100,0,100,16,100,100,0,100,100,0.0213030855,30.4805086703,800.0029594975,1.0000000000,0.8000000000,250.0000000000,0
918,100,0,100,17,100,100,0,100,100,0.0213060942,30.4592025762,800.0029643169,1.0000000000,0.8000000000,250.0000000000,0
919,100,0,100,18,100,100,0,100,100,0.0213004329,30.4379021432,800.0029551330,1.0000000000,0.8000000000,250.0000000000,0
920,100,0,100,19,100,100,0,100,100,0.0213014797,30.4166006635,800.0029568688,1.0000000000,0.8000000000,250.0000000000,0
921,100,0,100,20,100,100,0,100,100,0.0212671395,30.3953335241,800.0028847860,1.0000000000,0.8000000000,250.0000000000,0
922,100,0,100,21,100,100,0,100,100,0.0212584340,30.3740750900,800.0028550956,1.0000000000,0.8000000000,250.0000000000,0
923,100,0,100,22,100,100,0,100,100,0.0212557326,30.3528193575,800.0028426692,1.0000000000,0.8000000000,250.0000000000,0
924,100,0,100,23,100,100,0,100,100,0.0212645577,30.3315547997,800.0028770256,1.0000000000,0.8000000000,250.0000000000,0
925,100,0,100,24,100,100,0,100,100,0.0212920913,30.3102627084,800.0029405937,1.0000000000,0.8000000000,250.0000000000,0
926,100,0,100,25,100,100,0,100,100,0.0213184131,30.2889442953,800.0029828070,1.0000000000,0.8000000000,250.0000000000,0
927,100,0,100,26,100,100,0,100,100,0.0212612765,30.2676830188,800.0028660500,1.0000000000,0.8000000000,250.0000000000,0
928,100,0,100,27,100,100,0,100,100,0.0212999780,30.2463830408,800.0029543729,1.0000000000,0.8000000000,250.0000000000,0
929,100,0,100,28,100,100,0,100,100,0.0212648596,30.2251181812,800.0028779678,1.0000000000,0.8000000000,250.0000000000,0
930,100,0,100,29,100,100,0,100,100,0.0212976903,30.2038204909,800.0029504967,1.0000000000,0.8000000000,250.0000000000,0
931,100,0,100,30,100,100,0,100,100,0.0212676796,30.1825528112,800.0028863317,1.0000000000,0.8000000000,250.0000000000,0
932,100,0,100,31,100,100,0,100,100,0.0213064931,30.1612463182,800.0029649460,1.0000000000,0.8000000000,250.0000000000,0
933,100,0,100,32,100,100,0,100,100,0.0212934491,30.1399528691,800.0029430535,1.0000000000,0.8000000000,250.0000000000,0
934,100,0,100,33,100,100,0,100,100,0.0213043260,30.1186485431,800.0029615007,1.0000000000,0.8000000000,250.0000000000,0
935,100,0,100,34,100,100,0,100,100,0.0213278787,30.0973206644,800.0029958975,1.0000000000,0.8000000000,250.0000000000,0
936,100,0,100,35,100,100,0,100,100,0.0212573112,30.0760633532,800.0028502353,1.0000000000,0.8000000000,250.0000000000,0
937,100,0,100,36,100,100,0,100,100,0.0212704018,30.0547929514,800.0028937772,1.0000000000,0.8000000000,250.0000000000,0
938,100,0,100,37,100,100,0,100,100,0.0213170495,30.0334759019,800.0029808478,1.0000000000,0.8000000000,250.0000000000,0
939,100,0,100,38,100,100,0,100,100,0.0212764202,30.0121994817,800.0029086111,1.0000000000,0.8000000000,250.0000000000,0
940,100,0,100,39,100,100,0,100,100,0.0212636665,29.9909358152,800.0028741835,1.0000000000,0.8000000000,250.0000000000,0
941,100,0,100,40,100,100,0,100,100,0.0212593171,29.9696764981,800.0028586822,1.0000000000,0.8000000000,250.0000000000,0
942,100,0,100,41,100,100,0,100,100,0.0212578887,29.9484186094,800.0028527809,1.0000000000,0.8000000000,250.0000000000,0
943,100,0,100,42,100,100,0,100,100,0.0213255145,29.9270930949,800.0029927065,1.0000000000,0.8000000000,250.0000000000,0
944,100,0,100,43,100,100,0,100,100,0.0213023761,29.9057907188,800.0029583413,1.0000000000,0.8000000000,250.0000000000,0
945,100,0,100,44,100,100,0,100,100,0.0213034412,29.8844872776,800.0029600743,1.0000000000,0.8000000000,250.0000000000,0
946,100,0,100,45,100,100,0,100,100,0.0212811746,29.8632061030,800.0029191442,1.0000000000,0.8000000000,250.0000000000,0
947,100,0,100,46,100,100,0,100,100,0.0212902061,29.8419158969,800.0029371108,1.0000000000,0.8000000000,250.0000000000,0
948,100,0,100,47,100,100,0,100,100,0.0212816912,29.8206342057,800.0029202378,1.0000000000,0.8000000000,250.0000000000,0
949,100,0,100,48,100,100,0,100,100,0.0212617830,29.7993724227,800.0028678435,1.0000000000,0.8000000000,250.0000000000,0
950,100,0,100,49,100,100,0,100,100,0.0212962729,29.7780761498,800.0029480478,1.0000000000,0.8000000000,250.0000000000,0
951,100,0,100,50,100,100,0,100,100,0.0212937310,29.7567824188,800.0029435593,1.0000000000,0.8000000000,250.0000000000,0
952,100,0,100,51,100,100,0,100,100,0.0212620436,29.7355203752,800.0028687505,1.0000000000,0.8000000000,250.0000000000,0
953,100,0,100,52,100,100,0,100,100,0.0212674869,29.7142528883,800.0028857830,1.0000000000,0.8000000000,250.0000000000,0
954,100,0,100,53,100,100,0,100,100,0.0213221034,29.6929307849,800.0029880127,1.0000000000,0.8000000000,250.0000000000,0
955,100,0,100,54,100,100,0,100,100,0.0212752066,29.6716555783,800.0029057710,1.0000000000,0.8000000000,250.0000000000,0
956,100,0,100,55,100,100,0,100,100,0.0213117042,29.6503438741,800.0029729673,1.0000000000,0.8000000000,250.0000000000,0
957,100,0,100,56,100,100,0,100,100,0.0212520352,29.6290918389,800.0028181728,1.0000000000,0.8000000000,250.0000000000,0
958,100,0,100,57,100,100,0,100,100,0.0212910263,29.6078008126,800.0029386360,1.0000000000,0.8000000000,250.0000000000,0
959,100,0,100,58,100,100,0,100,100,0.0212848289,29.5865159837,800.0029266955,1.0000000000,0.8000000000,250.0000000000,0
960,100,0,100,59,100,100,0,100,100,0.0213003029,29.5652156808,800.0029549160,1.0000000000,0.8000000000,250.0000000000,0
961,100,0,100,60,100,100,0,100,100,0.0213075183,29.5439081626,800.0029665525,1.0000000000,0.8000000000,250.0000000000,0
962,100,0,100,61,100,100,0,100,100,0.0212551436,29.5226530190,800.0028395602,1.0000000000,0.8000000000,250.0000000000,0
963,100,0,100,62,100,100,0,100,100,0.0212600225,29.5013929965,800.0028614202,1.0000000000,0.8000000000,250.0000000000,0
964,100,0,100,63,100,100,0,100,100,0.0212657833,29.4801272133,800.0028807907,1.0000000000,0.8000000000,250.0000000000,0
965,100,0,100,64,100,100,0,100,100,0.0212564165,29.4588707967,800.0028460694,1.0000000000,0.8000000000,250.0000000000,0
966,100,0,100,65,100,100,0,100,100,0.0212960675,29.4375747292,800.0029476898,1.0000000000,0.8000000000,250.0000000000,0
967,100,0,100,66,100,100,0,100,100,0.0212507193,29.4163240099,800.0028007337,1.0000000000,0.8000000000,250.0000000000,0
968,100,0,100,67,100,100,0,100,100,0.0213106639,29.3950133460,800.0029713940,1.0000000000,0.8000000000,250.0000000000,0
969,100,0,100,68,100,100,0,100,100,0.0212551634,29.3737581826,800.0028396678,1.0000000000,0.8000000000,250.0000000000,0
970,100,0,100,69,100,100,0,100,100,0.0213104914,29.3524476912,800.0029711319,1.0000000000,0.8000000000,250.0000000000,0
971,100,0,100,70,100,100,0,100,100,0.0213145969,29.3311330943,800.0029772728,1.0000000000,0.8000000000,250.0000000000,0
972,100,0,100,71,100,100,0,100,100,0.0213091471,29.3098239471,800.0029690758,1.0000000000,0.8000000000,250.0000000000,0
973,100,0,100,72,100,100,0,100,100,0.0213180500,29.2885058971,800.0029822872,1.0000000000,0.8000000000,250.0000000000,0
974,100,0,100,73,100,100,0,100,100,0.0212711996,29.2672346975,800.0028958615,1.0000000000,0.8000000000,250.0000000000,0
975,100,0,100,74,100,100,0,100,100,0.0212731181,29.2459615794,800.0029007152,1.0000000000,0.8000000000,250.0000000000,0
976,100,0,100,75,100,100,0,100,100,0.0213144133,29.2246471661,800.0029770024,1.0000000000,0.8000000000,250.0000000000,0
977,100,0,100,76,100,100,0,100,100,0.0212667735,29.2033803926,800.0028837244,1.0000000000,0.8000000000,250.0000000000,0
978,100,0,100,77,100,100,0,100,100,0.0212895026,29.1820908900,800.0029357901,1.0000000000,0.8000000000,250.0000000000,0
979,100,0,100,78,100,100,0,100,100,0.0213080757,29.1607828143,800.0029674200,1.0000000000,0.8000000000,250.0000000000,0
980,100,0,100,79,100,100,0,100,100,0.0212586917,29.1395241227,800.0028561615,1.0000000000,0.8000000000,250.0000000000,0
981,100,0,100,80,100,100,0,100,100,0.0212883774,29.1182357452,800.0029336527,1.0000000000,0.8000000000,250.0000000000,0
982,100,0,100,81,100,100,0,100,100,0.0212770329,29.0969587123,800.0029100198,1.0000000000,0.8000000000,250.0000000000,0
983,100,0,100,82,100,100,0,100,100,0.0213208366,29.0756378757,800.0029862411,1.0000000000,0.8000000000,250.0000000000,0
984,100,0,100,83,100,100,0,100,100,0.0212539535,29.0543839222,800.0028326140,1.0000000000,0.8000000000,250.0000000000,0
985,100,0,100,84,100,100,0,100,100,0.0212727055,29.0331112167,800.0028996893,1.0000000000,0.8000000000,250.0000000000,0
986,100,0,100,85,100,100,0,100,100,0.0213013640,29.0118098527,800.0029566779,1.0000000000,0.8000000000,250.0000000000,0
987,100,0,100,86,100,100,0,100,100,0.0213079941,28.9905018586,800.0029672934,1.0000000000,0.8000000000,250.0000000000,0
988,100,0,100,87,100,100,0,100,100,0.0213018843,28.9691999742,800.0029575351,1.0000000000,0.8000000000,250.0000000000,0
989,100,0,100,88,100,100,0,100,100,0.0212749037,28.9479250706,800.0029050513,1.0000000000,0.8000000000,250.0000000000,0
990,100,0,100,89,100,100,0,100,100,0.0212863942,28.9266386764,800.0029298066,1.0000000000,0.8000000000,250.0000000000,0
991,100,0,100,90,100,100,0,100,100,0.0212883398,28.9053503366,800.0029335805,1.0000000000,0.8000000000,250.0000000000,0
992,100,0,100,91,100,100,0,100,100,0.0212526273,28.8840977093,800.0028232762,1.0000000000,0.8000000000,250.0000000000,0
993,100,0,100,92,100,100,0,100,100,0.0212586707,28.8628390386,800.0028560754,1.0000000000,0.8000000000,250.0000000000,0
994,100,0,100,93,100,100,0,100,100,0.0213040805,28.8415349581,800.0029611062,1.0000000000,0.8000000000,250.0000000000,0
995,100,0,100,94,100,100,0,100,100,0.0212869326,28.8202480255,800.0029308610,1.0000000000,0.8000000000,250.0000000000,0
996,100,0,100,95,100,100,0,100,100,0.0212854371,28.7989625884,800.0029279126,1.0000000000,0.8000000000,250.0000000000,0
997,100,0,100,96,100,100,0,100,100,0.0213009433,28.7776616451,800.0029559815,1.0000000000,0.8000000000,250.0000000000,0
998,100,0,100,97,100,100,0,100,100,0.0212893806,28.7563722645,800.0029355598,1.0000000000,0.8000000000,250.0000000000,0
999,100,0,100,98,100,100,0,100,100,0.0213037075,28.7350685570,800.0029605049,1.0000000000,0.8000000000,250.0000000000,0
1000,100,0,100,99,100,100,0,100,100,0.0212724899,28.7137960670,800.0028991495,1.0000000000,0.8000000000,250.0000000000,0
1001,100,0,100,0,100,100,0,100,100,0.0213081693,28.6924878978,800.0029675652,1.0000000000,0.8000000000,250.0000000000,0
1002,100,0,100,1,100,100,0,100,100,0.0213141261,28.6711737717,800.0029765787,1.0000000000,0.8000000000,250.0000000000,0
1003,100,0,100,2,100,100,0,100,100,0.0212922993,28.6498814724,800.0029409729,1.0000000000,0.8000000000,250.0000000000,0
1004,100,0,100,3,100,100,0,100,100,0.0212866504,28.6285948220,800.0029303093,1.0000000000,0.8000000000,250.0000000000,0
1005,100,0,100,4,100,100,0,100,100,0.0212774375,28.6073173845,800.0029109412,1.0000000000,0.8000000000,250.0000000000,0
1006,100,0,100,5,100,100,0,100,100,0.0213260220,28.5859913625,800.0029933957,1.0000000000,0.8000000000,250.0000000000,0
1007,100,0,100,6,100,100,0,100,100,0.0212611945,28.5647301680,800.0028657557,1.0000000000,0.8000000000,250.0000000000,0
1008,100,0,100,7,100,100,0,100,100,0.0212725656,28.5434576024,800.0028993391,1.0000000000,0.8000000000,250.0000000000,0
1009,100,0,100,8,100,100,0,100,100,0.0212843664,28.5221732360,800.0029257626,1.0000000000,0.8000000000,250.0000000000,0
1010,100,0,100,9,100,100,0,100,100,0.0213139709,28.5008592651,800.0029763494,1.0000000000,0.8000000000,250.0000000000,0
1011,100,0,100,10,100,100,0,100,100,0.0213063261,28.4795529390,800.0029646829,1.0000000000,0.8000000000,250.0000000000,0
1012,100,0,100,11,100,100,0,100,100,0.0212614395,28.4582914995,800.0028666316,1.0000000000,0.8000000000,250.0000000000,0
1013,100,0,100,12,100,100,0,100,100,0.0213000673,28.4369914322,800.0029545223,1.0000000000,0.8000000000,250.0000000000,0
1014,100,0,100,13,100,100,0,100,100,0.0212683018,28.4157231305,800.0028880824,1.0000000000,0.8000000000,250.0000000000,0
1015,100,0,100,14,100,100,0,100,100,0.0212560377,28.3944670927,800.0028442120,1.0000000000,0.8000000000,250.0000000000,0
1016,100,0,100,15,100,100,0,100,100,0.0212757302,28.3731913626,800.0029070046,1.0000000000,0.8000000000,250.0000000000,0
1017,100,0,100,16,100,100,0,100,100,0.0213030855,28.3518882770,800.0029594975,1.0000000000,0.8000000000,250.0000000000,0
1018,100,0,100,17,100,100,0,100,100,0.0213060942,28.3305821829,800.0029643169,1.0000000000,0.8000000000,250.0000000000,0
1019,100,0,100,18,100,100,0,100,100,0.0213004329,28.3092817499,800.0029551330,1.0000000000,0.8000000000,250.0000000000,0
1020,100,0,100,19,100,100,0,100,100,0.0213014797,28.2879802703,800.0029568688,1.0000000000,0.8000000000,250.0000000000,0
1021,100,0,100,20,100,100,0,100,100,0.0212671395,28.2667131308,800.0028847860,1.0000000000,0.8000000000,250.0000000000,0
1022,100,0,100,21,100,100,0,100,100,0.0212584340,28.2454546968,800.0028550956,1.0000000000,0.8000000000,250.0000000000,0
1023,100,0,100,22,100,100,0,100,100,0.0212557326,28.2241989642,800.0028426692,1.0000000000,0.8000000000,250.0000000000,0
1024,100,0,100,23,100,100,0,100,100,0.0212645577,28.2029344064,800.0028770256,1.0000000000,0.8000000000,250.0000000000,0
1025,100,0,100,24,100,100,0,100,100,0.0212920913,28.1816423151,800.0029405937,1.0000000000,0.8000000000,250.0000000000,0
1026,100,0,100,25,100,100,0,100,100,0.0213184131,28.1603239020,800.0029828070,1.0000000000,0.8000000000,250.0000000000,0
1027,100,0,100,26,100,100,0,100,100,0.0212612765,28.1390626255,800.0028660500,1.0000000000,0.8000000000,250.0000000000,0
1028,100,0,100,27,100,100,0,100,100,0.0212999780,28.1177626475,800.0029543729,1.0000000000,0.8000000000,250.0000000000,0
1029,100,0,100,28,100,100,0,100,100,0.0212648596,28.0964977879,800.0028779678,1.0000000000,0.8000000000,250.0000000000,0
1030,100,0,100,29,100,100,0,100,100,0.0212976903,28.0752000976,800.0029504967,1.0000000000,0.8000000000,250.0000000000,0
1031,100,0,100,30,100,100,0,100,100,0.0212676796,28.0539324179,800.0028863317,1.0000000000,0.8000000000,250.0000000000,0
1032,100,0,100,31,100,100,0,100,100,0.0213064931,28.0326259249,800.0029649460,1.0000000000,0.8000000000,250.0000000000,0
1033,100,0,100,32,100,100,0,100,100,0.0212934491,28.0113324758,800.0029430535,1.0000000000,0.8000000000,250.0000000000,0
1034,100,0,100,33,100,100,0,100,100,0.0213043260,27.9900281498,800.0029615007,1.0000000000,0.8000000000,250.0000000000,0
1035,100,0,100,34,100,100,0,100,100,0.0213278787,27.9687002711,800.0029958975,1.0000000000,0.8000000000,250.0000000000,0
1036,100,0,100,35,100,100,0,100,100,0.0212573112,27.9474429599,800.0028502353,1.0000000000,0.8000000000,250.0000000000,0
1037,100,0,100,36,100,100,0,100,100,0.0212704018,27.9261725581,800.0028937772,1.0000000000,0.8000000000,250.0000000000,0
1038,100,0,100,37,100,100,0,100,100,0.0213170495,27.9048555086,800.0029808478,1.0000000000,0.8000000000,250.0000000000,0
1039,100,0,100,38,100,100,0,100,100,0.0212764202,27.8835790884,800.0029086111,1.0000000000,0.8000000000,250.0000000000,0
1040,100,0,100,39,100,100,0,100,100,0.0212636665,27.8623154219,800.0028741835,1.0000000000,0.8000000000,250.0000000000,0
1041,100,0,100,40,100,100,0,100,100,0.0212593171,27.8410561048,800.0028586822,1.0000000000,0.8000000000,250.0000000000,0
1042,100,0,100,41,100,100,0,100,100,0.0212578887,27.8197982161,800.0028527809,1.0000000000,0.8000000000,250.0000000000,0
1043,100,0,100,42,100,100,0,100,100,0.0213255145,27.7984727016,800.0029927065,1.0000000000,0.8000000000,250.0000000000,0
1044,100,0,100,43,100,100,0,100,100,0.0213023761,27.7771703255,800.0029583413,1.0000000000,0.8000000000,250.0000000000,0
1045,100,0,100,44,100,100,0,100,100,0.0213034412,27.7558668843,800.0029600743,1.0000000000,0.8000000000,250.0000000000,0
1046,100,0,100,45,100,100,0,100,100,0.0212811746,27.7345857097,800.0029191442,1.0000000000,0.8000000000,250.0000000000,0
1047,100,0,100,46,100,100,0,100,100,0.0212902061,27.7132955036,800.0029371108,1.0000000000,0.8000000000,250.0000000000,0
1048,100,0,100,47,100,100,0,100,100,0.0212816912,27.6920138124,800.0029202378,1.0000000000,0.8000000000,250.0000000000,0
1049,100,0,100,48,100,100,0,100,100,0.0212617830,27.6707520294,800.0028678435,1.0000000000,0.8000000000,250.0000000000,0
1050,100,0,100,49,100,100,0,100,100,0.0212962729,27.6494557565,800.0029480478,1.0000000000,0.8000000000,250.0000000000,0
1051,100,0,100,50,100,100,0,100,100,0.0212937310,27.6281620255,800.0029435593,1.0000000000,0.8000000000,250.0000000000,0
1052,100,0,100,51,100,100,0,100,100,0.0212620436,27.6068999819,800.0028687505,1.0000000000,0.8000000000,250.0000000000,0
1053,100,0,100,52,100,100,0,100,100,0.0212674869,27.5856324950,800.0028857830,1.0000000000,0.8000000000,250.0000000000,0
1054,100,0,100,53,100,100,0,100,100,0.0213221034,27.5643103916,800.0029880127,1.0000000000,0.8000000000,250.0000000000,0
1055,100,0,100,54,100,100,0,100,100,0.0212752066,27.5430351850,800.0029057710,1.0000000000,0.8000000000,250.0000000000,0
1056,100,0,100,55,100,100,0,100,100,0.0213117042,27.5217234808,800.0029729673,1.0000000000,0.8000000000,250.0000000000,0
1057,100,0,100,56,100,100,0,100,100,0.0212520352,27.5004714456,800.0028181728,1.0000000000,0.8000000000,250.0000000000,0
1058,100,0,100,57,100,100,0,100,100,0.0212910263,27.4791804193,800.0029386360,1.0000000000,0.8000000000,250.0000000000,0
1059,100,0,100,58,100,100,0,100,100,0.0212848289,27.4578955904,800.0029266955,1.0000000000,0.8000000000,250.0000000000,0
1060,100,0,100,59,100,100,0,100,100,0.0213003029,27.4365952875,800.0029549160,1.0000000000,0.8000000000,250.0000000000,0
1061,100,0,100,60,100,100,0,100,100,0.0213075183,27.4152877693,800.0029665525,1.0000000000,0.8000000000,250.0000000000,0
1062,100,0,100,61,100,100,0,100,100,0.0212551436,27.3940326257,800.0028395602,1.0000000000,0.8000000000,250.0000000000,0
1063,100,0,100,62,100,100,0,100,100,0.0212600225,27.3727726032,800.0028614202,1.0000000000,0.8000000000,250.0000000000,0
1064,100,0,100,63,100,100,0,100,100,0.0212657833,27.3515068200,800.0028807907,1.0000000000,0.8000000000,250.0000000000,0
1065,100,0,100,64,100,100,0,100,100,0.0212564165,27.3302504034,800.0028460694,1.0000000000,0.8000000000,250.0000000000,0
1066,100,0,100,65,100,100,0,100,100,0.0212960675,27.3089543359,800.0029476898,1.0000000000,0.8000000000,250.0000000000,0
1067,100,0,100,66,100,100,0,100,100,0.0212507193,27.2877036166,800.0028007337,1.0000000000,0.8000000000,250.0000000000,0
1068,100,0,100,67,100,100,0,100,100,0.0213106639,27.2663929527,800.0029713940,1.0000000000,0.8000000000,250.0000000000,0
1069,100,0,100,68,100,100,0,100,100,0.0212551634,27.2451377893,800.0028396678,1.0000000000,0.8000000000,250.0000000000,0
1070,100,0,100,69,100,100,0,100,100,0.0213104914,27.2238272979,800.0029711319,1.0000000000,0.8000000000,250.0000000000,0
1071,100,0,100,70,100,100,0,100,100,0.0213145969,27.2025127010,800.0029772728,1.0000000000,0.8000000000,250.0000000000,0
1072,100,0,100,71,100,100,0,100,100,0.0213091471,27.1812035538,800.0029690758,1.0000000000,0.8000000000,250.0000000000,0
1073,100,0,100,72,100,100,0,100,100,0.0213180500,27.1598855038,800.0029822872,1.0000000000,0.8000000000,250.0000000000,0
1074,100,0,100,73,100,100,0,100,100,0.0212711996,27.1386143042,800.0028958615,1.0000000000,0.8000000000,250.0000000000,0
1075,100,0,100,74,100,100,0,100,100,0.0212731181,27.1173411861,800.0029007152,1.0000000000,0.8000000000,250.0000000000,0
1076,100,0,100,75,100,100,0,100,100,0.0213144133,27.0960267728,800.0029770024,1.0000000000,0.8000000000,250.0000000000,0
1077,100,0,100,76,100,100,0,100,100,0.0212667735,27.0747599993,800.0028837244,1.0000000000,0.8000000000,250.0000000000,0
1078,100,0,100,77,100,100,0,100,100,0.0212895026,27.0534704967,800.0029357901,1.0000000000,0.8000000000,250.0000000000,0
1079,100,0,100,78,100,100,0,100,100,0.0213080757,27.0321624210,800.0029674200,1.0000000000,0.8000000000,250.0000000000,0
1080,100,0,100,79,100,100,0,100,100,0.0212586917,27.0109037294,800.0028561615,1.0000000000,0.8000000000,250.0000000000,0
1081,100,0,100,80,100,100,0,100,100,0.0212883774,26.9896153519,800.0029336527,1.0000000000,0.8000000000,250.0000000000,0
1082,100,0,100,81,100,100,0,100,100,0.0212770329,26.9683383190,800.0029100198,1.0000000000,0.8000000000,250.0000000000,0
1083,100,0,100,82,100,100,0,100,100,0.0213208366,26.9470174824,800.0029862411,1.0000000000,0.8000000000,250.0000000000,0
1084,100,0,100,83,100,100,0,100,100,0.0212539535,26.9257635289,800.0028326140,1.0000000000,0.8000000000,250.0000000000,0
1085,100,0,100,84,100,100,0,100,100,0.0212727055,26.9044908234,800.0028996893,1.0000000000,0.8000000000,250.0000000000,0
1086,100,0,100,85,100,100,0,100,100,0.0213013640,26.8831894594,800.0029566779,1.0000000000,0.8000000000,250.0000000000,0
1087,100,0,100,86,100,100,0,100,100,0.0213079941,26.8618814653,800.0029672934,1.0000000000,0.8000000000,250.0000000000,0
1088,100,0,100,87,100,100,0,100,100,0.0213018843,26.8405795809,800.0029575351,1.0000000000,0.8000000000,250.0000000000,0
1089,100,0,100,88,100,100,0,100,100,0.0212749037,26.8193046773,800.0029050513,1.0000000000,0.8000000000,250.0000000000,0
1090,100,0,100,89,100,100,0,100,100,0.0212863942,26.7980182831,800.0029298066,1.0000000000,0.8000000000,250.0000000000,0
1091,100,0,100,90,100,100,0,100,100,0.0212883398,26.7767299433,800.0029335805,1.0000000000,0.8000000000,250.0000000000,0
1092,100,0,100,91,100,100,0,100,100,0.0212526273,26.7554773160,800.0028232762,1.0000000000,0.8000000000,250.0000000000,0
1093,100,0,100,92,100,100,0,100,100,0.0212586707,26.7342186453,800.0028560754,1.0000000000,0.8000000000,250.0000000000,0
1094,100,0,100,93,100,100,0,100,100,0.0213040805,26.7129145648,800.0029611062,1.0000000000,0.8000000000,250.0000000000,0
1095,100,0,100,94,100,100,0,100,100,0.0212869326,26.6916276322,800.0029308610,1.0000000000,0.8000000000,250.0000000000,0
1096,100,0,100,95,100,100,0,100,100,0.0212854371,26.6703421951,800.0029279126,1.0000000000,0.8000000000,250.0000000000,0
1097,100,0,100,96,100,100,0,100,100,0.0213009433,26.6490412518,800.0029559815,1.0000000000,0.8000000000,250.0000000000,0
1098,100,0,100,97,100,100,0,100,100,0.0212893806,26.6277518712,800.0029355598,1.0000000000,0.8000000000,250.0000000000,0
1099,100,0,100,98,100,100,0,100,100,0.0213037075,26.6064481637,800.0029605049,1.0000000000,0.8000000000,250.0000000000,0
1100,100,0,100,99,100,100,0,100,100,0.0212724899,26.5851756737,800.0028991495,1.0000000000,0.8000000000,250.0000000000,0
1101,100,0,100,0,100,100,0,100,100,0.0213081693,26.5638675045,800.0029675652,1.0000000000,0.8000000000,250.0000000000,0
1102,100,0,100,1,100,100,0,100,100,0.0213141261,26.5425533784,800.0029765787,1.0000000000,0.8000000000,250.0000000000,0
1103,100,0,100,2,100,100,0,100,100,0.0212922993,26.5212610791,800.0029409729,1.0000000000,0.8000000000,250.0000000000,0
1104,100,0,100,3,100,100,0,100,100,0.0212866504,26.4999744287,800.0029303093,1.0000000000,0.8000000000,250.0000000000,0
1105,100,0,100,4,100,100,0,100,100,0.0212774375,26.4786969912,800.0029109412,1.0000000000,0.8000000000,250.0000000000,0
1106,100,0,100,5,100,100,0,100,100,0.0213260220,26.4573709692,800.0029933957,1.0000000000,0.8000000000,250.0000000000,0
1107,100,0,100,6,100,100,0,100,100,0.0212611945,26.4361097747,800.0028657557,1.0000000000,0.8000000000,250.0000000000,0
1108,100,0,100,7,100,100,0,100,100,0.0212725656,26.4148372091,800.0028993391,1.0000000000,0.8000000000,250.0000000000,0
1109,100,0,100,8,100,100,0,100,100,0.0212843664,26.3935528427,800.0029257626,1.0000000000,0.8000000000,250.0000000000,0
1110,100,0,100,9,100,100,0,100,100,0.0213139709,26.3722388718,800.0029763494,1.0000000000,0.8000000000,250.0000000000,0
1111,100,0,100,10,100,100,0,100,100,0.0213063261,26.3509325457,800.0029646829,1.0000000000,0.8000000000,250.0000000000,0
1112,100,0,100,11,100,100,0,100,100,0.0212614395,26.3296711062,800.0028666316,1.0000000000,0.8000000000,250.0000000000,0
1113,100,0,100,12,100,100,0,100,100,0.0213000673,26.3083710389,800.0029545223,1.0000000000,0.8000000000,250.0000000000,0
1114,100,0,100,13,100,100,0,100,100,0.0212683018,26.2871027372,800.0028880824,1.0000000000,0.8000000000,250.0000000000,0
1115,100,0,100,14,100,100,0,100,100,0.0212560377,26.2658466994,800.0028442120,1.0000000000,0.8000000000,250.0000000000,0
1116,100,0,100,15,100,100,0,100,100,0.0212757302,26.2445709693,800.0029070046,1.0000000000,0.8000000000,250.0000000000,0
1117,100,0,100,16,100,100,0,100,100,0.0213030855,26.2232678837,800.0029594975,1.0000000000,0.8000000000,250.0000000000,0
1118,100,0,100,17,100,100,0,100,100,0.0213060942,26.2019617896,800.0029643169,1.0000000000,0.8000000000,250.0000000000,0
1119,100,0,100,18,100,100,0,100,100,0.0213004329,26.1806613566,800.0029551330,1.0000000000,0.8000000000,250.0000000000,0
1120,100,0,100,19,100,100,0,100,100,0.0213014797,26.1593598770,800.0029568688,1.0000000000,0.8000000000,250.0000000000,0
1121,100,0,100,20,100,100,0,100,100,0.0212671395,26.1380927375,800.0028847860,1.0000000000,0.8000000000,250.0000000000,0
1122,100,0,100,21,100,100,0,100,100,0.0212584340,26.1168343035,800.0028550956,1.0000000000,0.8000000000,250.0000000000,0
1123,100,0,100,22,100,100,0,100,100,0.0212557326,26.0955785709,800.0028426692,1.0000000000,0.8000000000,250.0000000000,0
1124,100,0,100,23,100,100,0,100,100,0.0212645577,26.0743140131,800.0028770256,1.0000000000,0.8000000000,250.0000000000,0
1125,100,0,100,24,100,100,0,100,100,0.0212920913,26.0530219218,800.0029405937,1.0000000000,0.8000000000,250.0000000000,0
1126,100,0,100,25,100,100,0,100,100,0.0213184131,26.0317035087,800.0029828070,1.0000000000,0.8000000000,250.0000000000,0
1127,100,0,100,26,100,100,0,100,100,0.0212612765,26.0104422322,800.0028660500,1.0000000000,0.8000000000,250.0000000000,0
1128,100,0,100,27,100,100,0,100,100,0.0212999780,25.9891422542,800.0029543729,1.0000000000,0.8000000000,250.0000000000,0
1129,100,0,100,28,100,100,0,100,100,0.0212648596,25.9678773946,800.0028779678,1.0000000000,0.8000000000,250.0000000000,0
1130,100,0,100,29,100,100,0,100,100,0.0212976903,25.9465797043,800.0029504967,1.0000000000,0.8000000000,250.0000000000,0
1131,100,0,100,30,100,100,0,100,100,0.0212676796,25.9253120246,800.0028863317,1.0000000000,0.8000000000,250.0000000000,0
1132,100,0,100,31,100,100,0,100,100,0.0213064931,25.9040055316,800.0029649460,1.0000000000,0.8000000000,250.0000000000,0
1133,100,0,100,32,100,100,0,100,100,0.0212934491,25.8827120825,800.0029430535,1.0000000000,0.8000000000,250.0000000000,0
1134,100,0,100,33,100,100,0,100,100,0.0213043260,25.8614077565,800.0029615007,1.0000000000,0.8000000000,250.0000000000,0
1135,100,0,100,34,100,100,0,100,100,0.0213278787,25.8400798778,800.0029958975,1.0000000000,0.8000000000,250.0000000000,0
1136,100,0,100,35,100,100,0,100,100,0.0212573112,25.8188225666,800.0028502353,1.0000000000,0.8000000000,250.0000000000,0
1137,100,0,100,36,100,100,0,100,100,0.0212704018,25.7975521648,800.0028937772,1.0000000000,0.8000000000,250.0000000000,0
1138,100,0,100,37,100,100,0,100,100,0.0213170495,25.7762351153,800.0029808478,1.0000000000,0.8000000000,250.0000000000,0
1139,100,0,100,38,100,100,0,100,100,0.0212764202,25.7549586951,800.0029086111,1.0000000000,0.8000000000,250.0000000000,0
1140,100,0,100,39,100,100,0,100,100,0.0212636665,25.7336950286,800.0028741835,1.0000000000,0.8000000000,250.0000000000,0
1141,100,0,100,40,100,100,0,100,100,0.0212593171,25.7124357115,800.0028586822,1.0000000000,0.8000000000,250.0000000000,0
1142,100,0,100,41,100,100,0,100,100,0.0212578887,25.6911778228,800.0028527809,1.0000000000,0.8000000000,250.0000000000,0
1143,100,0,100,42,100,100,0,100,100,0.0213255145,25.6698523083,800.0029927065,1.0000000000,0.8000000000,250.0000000000,0
1144,100,0,100,43,100,100,0,100,100,0.0213023761,25.6485499322,800.0029583413,1.0000000000,0.8000000000,250.0000000000,0
1145,100,0,100,44,100,100,0,100,100,0.0213034412,25.6272464910,800.0029600743,1.0000000000,0.8000000000,250.0000000000,0
1146,100,0,100,45,100,100,0,100,100,0.0212811746,25.6059653164,800.0029191442,1.0000000000,0.8000000000,250.0000000000,0
1147,100,0,100,46,100,100,0,100,100,0.0212902061,25.5846751103,800.0029371108,1.0000000000,0.8000000000,250.0000000000,0
1148,100,0,100,47,100,100,0,100,100,0.0212816912,25.5633934191,800.0029202378,1.0000000000,0.8000000000,250.0000000000,0
1149,100,0,100,48,100,100,0,100,100,0.0212617830,25.5421316361,800.0028678435,1.0000000000,0.8000000000,250.0000000000,0
1150,100,0,100,49,100,100,0,100,100,0.0212962729,25.5208353632,800.0029480478,1.0000000000,0.8000000000,250.0000000000,0
1151,100,0,100,50,100,100,0,100,100,0.0212937310,25.4995416322,800.0029435593,1.0000000000,0.8000000000,250.0000000000,0
1152,100,0,100,51,100,100,0,100,100,0.0212620436,25.4782795886,800.0028687505,1.0000000000,0.8000000000,250.0000000000,0
1153,100,0,100,52,100,100,0,100,100,0.0212674869,25.4570121017,800.0028857830,1.0000000000,0.8000000000,250.0000000000,0
1154,100,0,100,53,100,100,0,100,100,0.0213221034,25.4356899983,800.0029880127,1.0000000000,0.8000000000,250.0000000000,0
1155,100,0,100,54,100,100,0,100,100,0.0212752066,25.4144147917,800.0029057710,1.0000000000,0.8000000000,250.0000000000,0
1156,100,0,100,55,100,100,0,100,100,0.0213117042,25.3931030875,800.0029729673,1.0000000000,0.8000000000,250.0000000000,0
1157,100,0,100,56,100,100,0,100,100,0.0212520352,25.3718510523,800.0028181728,1.0000000000,0.8000000000,250.0000000000,0
1158,100,0,100,57,100,100,0,100,100,0.0212910263,25.3505600260,800.0029386360,1.0000000000,0.8000000000,250.0000000000,0
1159,100,0,100,58,100,100,0,100,100,0.0212848289,25.3292751971,800.0029266955,1.0000000000,0.8000000000,250.0000000000,0
1160,100,0,100,59,100,100,0,100,100,0.0213003029,25.3079748942,800.0029549160,1.0000000000,0.8000000000,250.0000000000,0
1161,100,0,100,60,100,100,0,100,100,0.0213075183,25.2866673760,800.0029665525,1.0000000000,0.8000000000,250.0000000000,0
1162,100,0,100,61,100,100,0,100,100,0.0212551436,25.2654122324,800.0028395602,1.0000000000,0.8000000000,250.0000000000,0
1163,100,0,100,62,100,100,0,100,100,0.0212600225,25.2441522099,800.0028614202,1.0000000000,0.8000000000,250.0000000000,0
1164,100,0,100,63,100,100,0,100,100,0.0212657833,25.2228864267,800.0028807907,1.0000000000,0.8000000000,250.0000000000,0
1165,100,0,100,64,100,100,0,100,100,0.0212564165,25.2016300101,800.0028460694,1.0000000000,0.8000000000,250.0000000000,0
1166,100,0,100,65,100,100,0,100,100,0.0212960675,25.1803339426,800.0029476898,1.0000000000,0.8000000000,250.0000000000,0
1167,100,0,100,66,100,100,0,100,100,0.0212507193,25.1590832233,800.0028007337,1.0000000000,0.8000000000,250.0000000000,0
1168,100,0,100,67,100,100,0,100,100,0.0213106639,25.1377725594,800.0029713940,1.0000000000,0.8000000000,250.0000000000,0
1169,100,0,100,68,100,100,0,100,100,0.0212551634,25.1165173960,800.0028396678,1.0000000000,0.8000000000,250.0000000000,0
1170,100,0,100,69,100,100,0,100,100,0.0213104914,25.0952069046,800.0029711319,1.0000000000,0.8000000000,250.0000000000,0
1171,100,0,100,70,100,100,0,100,100,0.0213145969,25.0738923077,800.0029772728,1.0000000000,0.8000000000,250.0000000000,0
1172,100,0,100,71,100,100,0,100,100,0.0213091471,25.0525831605,800.0029690758,1.0000000000,0.8000000000,250.0000000000,0
1173,100,0,100,72,100,100,0,100,100,0.0213180500,25.0312651105,800.0029822872,1.0000000000,0.8000000000,250.0000000000,0
1174,100,0,100,73,100,100,0,100,100,0.0212711996,25.0099939109,800.0028958615,1.0000000000,0.8000000000,250.0000000000,0
1175,100,0,100,74,100,100,0,100,100,0.0212731181,24.9887207928,800.0029007152,1.0000000000,0.8000000000,250.0000000000,0
1176,100,0,100,75,100,100,0,100,100,0.0213144133,24.9674063795,800.0029770024,1.0000000000,0.8000000000,250.0000000000,0
1177,100,0,100,76,100,100,0,100,100,0.0212667735,24.9461396060,800.0028837244,1.0000000000,0.8000000000,250.0000000000,0
1178,100,0,100,77,100,100,0,100,100,0.0212895026,24.9248501034,800.0029357901,1.0000000000,0.8000000000,250.0000000000,0
1179,100,0,100,78,100,100,0,100,100,0.0213080757,24.9035420277,800.0029674200,1.0000000000,0.8000000000,250.0000000000,0
1180,100,0,100,79,100,100,0,100,100,0.0212586917,24.8822833361,800.0028561615,1.0000000000,0.8000000000,250.0000000000,0
1181,100,0,100,80,100,100,0,100,100,0.0212883774,24.8609949586,800.0029336527,1.0000000000,0.8000000000,250.0000000000,0
1182,100,0,100,81,100,100,0,100,100,0.0212770329,24.8397179257,800.0029100198,1.0000000000,0.8000000000,250.0000000000,0
1183,100,0,100,82,100,100,0,100,100,0.0213208366,24.8183970891,800.0029862411,1.0000000000,0.8000000000,250.0000000000,0
1184,100,0,100,83,100,100,0,100,100,0.0212539535,24.7971431356,800.0028326140,1.0000000000,0.8000000000,250.0000000000,0
1185,100,0,100,84,100,100,0,100,100,0.0212727055,24.7758704301,800.0028996893,1.0000000000,0.8000000000,250.0000000000,0
1186,100,0,100,85,100,100,0,100,100,0.0213013640,24.7545690661,800.0029566779,1.0000000000,0.8000000000,250.0000000000,0
1187,100,0,100,86,100,100,0,100,100,0.0213079941,24.7332610720,800.0029672934,1.0000000000,0.8000000000,250.0000000000,0
1188,100,0,100,87,100,100,0,100,100,0.0213018843,24.7119591876,800.0029575351,1.0000000000,0.8000000000,250.0000000000,0
1189,100,0,100,88,100,100,0,100,100,0.0212749037,24.6906842840,800.0029050513,1.0000000000,0.8000000000,250.0000000000,0
1190,100,0,100,89,100,100,0,100,100,0.0212863942,24.6693978898,800.0029298066,1.0000000000,0.8000000000,250.0000000000,0
1191,100,0,100,90,100,100,0,100,100,0.0212883398,24.6481095500,800.0029335805,1.0000000000,0.8000000000,250.0000000000,0
1192,100,0,100,91,100,100,0,100,100,0.0212526273,24.6268569227,800.0028232762,1.0000000000,0.8000000000,250.0000000000,0
1193,100,0,100,92,100,100,0,100,100,0.0212586707,24.6055982520,800.0028560754,1.0000000000,0.8000000000,250.0000000000,0
1194,100,0,100,93,100,100,0,100,100,0.0213040805,24.5842941715,800.0029611062,1.0000000000,0.8000000000,250.0000000000,0
1195,100,0,100,94,100,100,0,100,100,0.0212869326,24.5630072389,800.0029308610,1.0000000000,0.8000000000,250.0000000000,0
1196,100,0,100,95,100,100,0,100,100,0.0212854371,24.5417218018,800.0029279126,1.0000000000,0.8000000000,250.0000000000,0
1197,100,0,100,96,100,100,0,100,100,0.0213009433,24.5204208585,800.0029559815,1.0000000000,0.8000000000,250.0000000000,0
1198,100,0,100,97,100,100,0,100,100,0.0212893806,24.4991314779,800.0029355598,1.0000000000,0.8000000000,250.0000000000,0
1199,100,0,100,98,100,100,0,100,100,0.0213037075,24.4778277704,800.0029605049,1.0000000000,0.8000000000,250.0000000000,0
1200,100,0,100,99,100,100,0,100,100,0.0212724899,24.4565552804,800.0028991495,1.0000000000,0.8000000000,250.0000000000,0
1201,100,0,100,0,100,100,0,100,100,0.0213081693,24.4352471112,800.0029675652,1.0000000000,0.8000000000,250.0000000000,0
1202,100,0,100,1,100,100,0,100,100,0.0213141261,24.4139329851,800.0029765787,1.0000000000,0.8000000000,250.0000000000,0
1203,100,0,100,2,100,100,0,100,100,0.0212922993,24.3926406858,800.0029409729,1.0000000000,0.8000000000,250.0000000000,0
1204,100,0,100,3,100,100,0,100,100,0.0212866504,24.3713540354,800.0029303093,1.0000000000,0.8000000000,250.0000000000,0
1205,100,0,100,4,100,100,0,100,100,0.0212774375,24.3500765979,800.0029109412,1.0000000000,0.8000000000,250.0000000000,0
1206,100,0,100,5,100,100,0,100,100,0.0213260220,24.3287505759,800.0029933957,1.0000000000,0.8000000000,250.0000000000,0
1207,100,0,100,6,100,100,0,100,100,0.0212611945,24.3074893814,800.0028657557,1.0000000000,0.8000000000,250.0000000000,0
1208,100,0,100,7,100,100,0,100,100,0.0212725656,24.2862168158,800.0028993391,1.0000000000,0.8000000000,250.0000000000,0
1209,100,0,100,8,100,100,0,100,100,0.0212843664,24.2649324494,800.0029257626,1.0000000000,0.8000000000,250.0000000000,0
1210,100,0,100,9,100,100,0,100,100,0.0213139709,24.2436184785,800.0029763494,1.0000000000,0.8000000000,250.0000000000,0
1211,100,0,100,10,100,100,0,100,100,0.0213063261,24.2223121524,800.0029646829,1.0000000000,0.8000000000,250.0000000000,0
1212,100,0,100,11,100,100,0,100,100,0.0212614395,24.2010507129,800.0028666316,1.0000000000,0.8000000000,250.0000000000,0
1213,100,0,100,12,100,100,0,100,100,0.0213000673,24.1797506456,800.0029545223,1.0000000000,0.8000000000,250.0000000000,0
1214,100,0,100,13,100,100,0,100,100,0.0212683018,24.1584823439,800.0028880824,1.0000000000,0.8000000000,250.0000000000,0
1215,100,0,100,14,100,100,0,100,100,0.0212560377,24.1372263061,800.0028442120,1.0000000000,0.8000000000,250.0000000000,0
1216,100,0,100,15,100,100,0,100,100,0.0212757302,24.1159505760,800.0029070046,1.0000000000,0.8000000000,250.0000000000,0
1217,100,0,100,16,100,100,0,100,100,0.0213030855,24.0946474905,800.0029594975,1.0000000000,0.8000000000,250.0000000000,0
1218,100,0,100,17,100,100,0,100,100,0.0213060942,24.0733413963,800.0029643169,1.0000000000,0.8000000000,250.0000000000,0
1219,100,0,100,18,100,100,0,100,100,0.0213004329,24.0520409633,800.0029551330,1.0000000000,0.8000000000,250.0000000000,0
1220,100,0,100,19,100,100,0,100,100,0.0213014797,24.0307394837,800.0029568688,1.0000000000,0.8000000000,250.0000000000,0
1221,100,0,100,20,100,100,0,100,100,0.0212671395,24.0094723442,800.0028847860,1.0000000000,0.8000000000,250.0000000000,0
1222,100,0,100,21,100,100,0,100,100,0.0212584340,23.9882139102,800.0028550956,1.0000000000,0.8000000000,250.0000000000,0
1223,100,0,100,22,100,100,0,100,100,0.0212557326,23.9669581776,800.0028426692,1.0000000000,0.8000000000,250.0000000000,0
1224,100,0,100,23,100,100,0,100,100,0.0212645577,23.9456936199,800.0028770256,1.0000000000,0.8000000000,250.0000000000,0
1225,100,0,100,24,100,100,0,100,100,0.0212920913,23.9244015285,800.0029405937,1.0000000000,0.8000000000,250.0000000000,0
1226,100,0,100,25,100,100,0,100,100,0.0213184131,23.9030831154,800.0029828070,1.0000000000,0.8000000000,250.0000000000,0
1227,100,0,100,26,100,100,0,100,100,0.0212612765,23.8818218389,800.0028660500,1.0000000000,0.8000000000,250.0000000000,0
1228,100,0,100,27,100,100,0,100,100,0.0212999780,23.8605218609,800.0029543729,1.0000000000,0.8000000000,250.0000000000,0
1229,100,0,100,28,100,100,0,100,100,0.0212648596,23.8392570013,800.0028779678,1.0000000000,0.8000000000,250.0000000000,0
1230,100,0,100,29,100,100,0,100,100,0.0212976903,23.8179593110,800.0029504967,1.0000000000,0.8000000000,250.0000000000,0
1231,100,0,100,30,100,100,0,100,100,0.0212676796,23.7966916314,800.0028863317,1.0000000000,0.8000000000,250.0000000000,0
1232,100,0,100,31,100,100,0,100,100,0.0213064931,23.7753851383,800.0029649460,1.0000000000,0.8000000000,250.0000000000,0
1233,100,0,100,32,100,100,0,100,100,0.0212934491,23.7540916892,800.0029430535,1.0000000000,0.8000000000,250.0000000000,0
1234,100,0,100,33,100,100,0,100,100,0.0213043260,23.7327873632,800.0029615007,1.0000000000,0.8000000000,250.0000000000,0
1235,100,0,100,34,100,100,0,100,100,0.0213278787,23.7114594845,800.0029958975,1.0000000000,0.8000000000,250.0000000000,0
1236,100,0,100,35,100,100,0,100,100,0.0212573112,23.6902021733,800.0028502353,1.0000000000,0.8000000000,250.0000000000,0
1237,100,0,100,36,100,100,0,100,100,0.0212704018,23.6689317715,800.0028937772,1.0000000000,0.8000000000,250.0000000000,0
1238,100,0,100,37,100,100,0,100,100,0.0213170495,23.6476147220,800.0029808478,1.0000000000,0.8000000000,250.0000000000,0
1239,100,0,100,38,100,100,0,100,100,0.0212764202,23.6263383018,800.0029086111,1.0000000000,0.8000000000,250.0000000000,0
1240,100,0,100,39,100,100,0,100,100,0.0212636665,23.6050746353,800.0028741835,1.0000000000,0.8000000000,250.0000000000,0
1241,100,0,100,40,100,100,0,100,100,0.0212593171,23.5838153182,800.0028586822,1.0000000000,0.8000000000,250.0000000000,0
1242,100,0,100,41,100,100,0,100,100,0.0212578887,23.5625574295,800.0028527809,1.0000000000,0.8000000000,250.0000000000,0
1243,100,0,100,42,100,100,0,100,100,0.0213255145,23.5412319150,800.0029927065,1.0000000000,0.8000000000,250.0000000000,0
1244,100,0,100,43,100,100,0,100,100,0.0213023761,23.5199295389,800.0029583413,1.0000000000,0.8000000000,250.0000000000,0
1245,100,0,100,44,100,100,0,100,100,0.0213034412,23.4986260977,800.0029600743,1.0000000000,0.8000000000,250.0000000000,0
1246,100,0,100,45,100,100,0,100,100,0.0212811746,23.4773449231,800.0029191442,1.0000000000,0.8000000000,250.0000000000,0
1247,100,0,100,46,100,100,0,100,100,0.0212902061,23.4560547170,800.0029371108,1.0000000000,0.8000000000,250.0000000000,0
1248,100,0,100,47,100,100,0,100,100,0.0212816912,23.4347730258,800.0029202378,1.0000000000,0.8000000000,250.0000000000,0
1249,100,0,100,48,100,100,0,100,100,0.0212617830,23.4135112428,800.0028678435,1.0000000000,0.8000000000,250.0000000000,0
1250,100,0,100,49,100,100,0,100,100,0.0212962729,23.3922149699,800.0029480478,1.0000000000,0.8000000000,250.0000000000,0
1251,100,0,100,50,100,100,0,100,100,0.0212937310,23.3709212389,800.0029435593,1.0000000000,0.8000000000,250.0000000000,0
1252,100,0,100,51,100,100,0,100,100,0.0212620436,23.3496591953,800.0028687505,1.0000000000,0.8000000000,250.0000000000,0
1253,100,0,100,52,100,100,0,100,100,0.0212674869,23.3283917084,800.0028857830,1.0000000000,0.8000000000,250.0000000000,0
1254,100,0,100,53,100,100,0,100,100,0.0213221034,23.3070696050,800.0029880127,1.0000000000,0.8000000000,250.0000000000,0
1255,100,0,100,54,100,100,0,100,100,0.0212752066,23.2857943984,800.0029057710,1.0000000000,0.8000000000,250.0000000000,0
1256,100,0,100,55,100,100,0,100,100,0.0213117042,23.2644826942,800.0029729673,1.0000000000,0.8000000000,250.0000000000,0
1257,100,0,100,56,100,100,0,100,100,0.0212520352,23.2432306590,800.0028181728,1.0000000000,0.8000000000,250.0000000000,0
1258,100,0,100,57,100,100,0,100,100,0.0212910263,23.2219396327,800.0029386360,1.0000000000,0.8000000000,250.0000000000,0
1259,100,0,100,58,100,100,0,100,100,0.0212848289,23.2006548038,800.0029266955,1.0000000000,0.8000000000,250.0000000000,0
1260,100,0,100,59,100,100,0,100,100,0.0213003029,23.1793545009,800.0029549160,1.0000000000,0.8000000000,250.0000000000,0
1261,100,0,100,60,100,100,0,100,100,0.0213075183,23.1580469827,800.0029665525,1.0000000000,0.8000000000,250.0000000000,0
1262,100,0,100,61,100,100,0,100,100,0.0212551436,23.1367918391,800.0028395602,1.0000000000,0.8000000000,250.0000000000,0
1263,100,0,100,62,100,100,0,100,100,0.0212600225,23.1155318166,800.0028614202,1.0000000000,0.8000000000,250.0000000000,0
1264,100,0,100,63,100,100,0,100,100,0.0212657833,23.0942660334,800.0028807907,1.0000000000,0.8000000000,250.0000000000,0
1265,100,0,100,64,100,100,0,100,100,0.0212564165,23.0730096168,800.0028460694,1.0000000000,0.8000000000,250.0000000000,0
1266,100,0,100,65,100,100,0,100,100,0.0212960675,23.0517135493,800.0029476898,1.0000000000,0.8000000000,250.0000000000,0
1267,100,0,100,66,100,100,0,100,100,0.0212507193,23.0304628300,800.0028007337,1.0000000000,0.8000000000,250.0000000000,0
1268,100,0,100,67,100,100,0,100,100,0.0213106639,23.0091521661,800.0029713940,1.0000000000,0.8000000000,250.0000000000,0
1269,100,0,100,68,100,100,0,100,100,0.0212551634,22.9878970027,800.0028396678,1.0000000000,0.8000000000,250.0000000000,0
1270,100,0,100,69,100,100,0,100,100,0.0213104914,22.9665865113,800.0029711319,1.0000000000,0.8000000000,250.0000000000,0
1271,100,0,100,70,100,100,0,100,100,0.0213145969,22.9452719144,800.0029772728,1.0000000000,0.8000000000,250.0000000000,0
1272,100,0,100,71,100,100,0,100,100,0.0213091471,22.9239627672,800.0029690758,1.0000000000,0.8000000000,250.0000000000,0
1273,100,0,100,72,100,100,0,100,100,0.0213180500,22.9026447172,800.0029822872,1.0000000000,0.8000000000,250.0000000000,0
1274,100,0,100,73,100,100,0,100,100,0.0212711996,22.8813735176,800.0028958615,1.0000000000,0.8000000000,250.0000000000,0
1275,100,0,100,74,100,100,0,100,100,0.0212731181,22.8601003995,800.0029007152,1.0000000000,0.8000000000,250.0000000000,0
1276,100,0,100,75,100,100,0,100,100,0.0213144133,22.8387859862,800.0029770024,1.0000000000,0.8000000000,250.0000000000,0
1277,100,0,100,76,100,100,0,100,100,0.0212667735,22.8175192127,800.0028837244,1.0000000000,0.8000000000,250.0000000000,0
1278,100,0,100,77,100,100,0,100,100,0.0212895026,22.7962297101,800.0029357901,1.0000000000,0.8000000000,250.0000000000,0
1279,100,0,100,78,100,100,0,100,100,0.0213080757,22.7749216344,800.0029674200,1.0000000000,0.8000000000,250.0000000000,0
1280,100,0,100,79,100,100,0,100,100,0.0212586917,22.7536629428,800.0028561615,1.0000000000,0.8000000000,250.0000000000,0
1281,100,0,100,80,100,100,0,100,100,0.0212883774,22.7323745653,800.0029336527,1.0000000000,0.8000000000,250.0000000000,0
1282,100,0,100,81,100,100,0,100,100,0.0212770329,22.7110975324,800.0029100198,1.0000000000,0.8000000000,250.0000000000,0
1283,100,0,100,82,100,100,0,100,100,0.0213208366,22.6897766958,800.0029862411,1.0000000000,0.8000000000,250.0000000000,0
1284,100,0,100,83,100,100,0,100,100,0.0212539535,22.6685227423,800.0028326140,1.0000000000,0.8000000000,250.0000000000,0
1285,100,0,100,84,100,100,0,100,100,0.0212727055,22.6472500368,800.0028996893,1.0000000000,0.8000000000,250.0000000000,0
1286,100,0,100,85,100,100,0,100,100,0.0213013640,22.6259486728,800.0029566779,1.0000000000,0.8000000000,250.0000000000,0
1287,100,0,100,86,100,100,0,100,100,0.0213079941,22.6046406787,800.0029672934,1.0000000000,0.8000000000,250.0000000000,0
1288,100,0,100,87,100,100,0,100,100,0.0213018843,22.5833387943,800.0029575351,1.0000000000,0.8000000000,250.0000000000,0
1289,100,0,100,88,100,100,0,100,100,0.0212749037,22.5620638907,800.0029050513,1.0000000000,0.8000000000,250.0000000000,0
1290,100,0,100,89,100,100,0,100,100,0.0212863942,22.5407774965,800.0029298066,1.0000000000,0.8000000000,250.0000000000,0
1291,100,0,100,90,100,100,0,100,100,0.0212883398,22.5194891567,800.0029335805,1.0000000000,0.8000000000,250.0000000000,0
1292,100,0,100,91,100,100,0,100,100,0.0212526273,22.4982365294,800.0028232762,1.0000000000,0.8000000000,250.0000000000,0
1293,100,0,100,92,100,100,0,100,100,0.0212586707,22.4769778587,800.0028560754,1.0000000000,0.8000000000,250.0000000000,0
1294,100,0,100,93,100,100,0,100,100,0.0213040805,22.4556737782,800.0029611062,1.0000000000,0.8000000000,250.0000000000,0
1295,100,0,100,94,100,100,0,100,100,0.0212869326,22.4343868456,800.0029308610,1.0000000000,0.8000000000,250.0000000000,0
1296,100,0,100,95,100,100,0,100,100,0.0212854371,22.4131014085,800.0029279126,1.0000000000,0.8000000000,250.0000000000,0
1297,100,0,100,96,100,100,0,100,100,0.0213009433,22.3918004652,800.0029559815,1.0000000000,0.8000000000,250.0000000000,0
1298,100,0,100,97,100,100,0,100,100,0.0212893806,22.3705110846,800.0029355598,1.0000000000,0.8000000000,250.0000000000,0
1299,100,0,100,98,100,100,0,100,100,0.0213037075,22.3492073771,800.0029605049,1.0000000000,0.8000000000,250.0000000000,0
1300,100,0,100,99,100,100,0,100,100,0.0212724899,22.3279348871,800.0028991495,1.0000000000,0.8000000000,250.0000000000,0
1301,100,0,100,0,100,100,0,100,100,0.0213081693,22.3066267179,800.0029675652,1.0000000000,0.8000000000,250.0000000000,0
1302,100,0,100,1,100,100,0,100,100,0.0213141261,22.2853125918,800.0029765787,1.0000000000,0.8000000000,250.0000000000,0
1303,100,0,100,2,100,100,0,100,100,0.0212922993,22.2640202925,800.0029409729,1.0000000000,0.8000000000,250.0000000000,0
1304,100,0,100,3,100,100,0,100,100,0.0212866504,22.2427336421,800.0029303093,1.0000000000,0.8000000000,250.0000000000,0
1305,100,0,100,4,100,100,0,100,100,0.0212774375,22.2214562046,800.0029109412,1.0000000000,0.8000000000,250.0000000000,0
1306,100,0,100,5,100,100,0,100,100,0.0213260220,22.2001301826,800.0029933957,1.0000000000,0.8000000000,250.0000000000,0
1307,100,0,100,6,100,100,0,100,100,0.0212611945,22.1788689881,800.0028657557,1.0000000000,0.8000000000,250.0000000000,0
1308,100,0,100,7,100,100,0,100,100,0.0212725656,22.1575964225,800.0028993391,1.0000000000,0.8000000000,250.0000000000,0
1309,100,0,100,8,100,100,0,100,100,0.0212843664,22.1363120561,800.0029257626,1.0000000000,0.8000000000,250.0000000000,0
1310,100,0,100,9,100,100,0,100,100,0.0213139709,22.1149980852,800.0029763494,1.0000000000,0.8000000000,250.0000000000,0
1311,100,0,100,10,100,100,0,100,100,0.0213063261,22.0936917591,800.0029646829,1.0000000000,0.8000000000,250.0000000000,0
1312,100,0,100,11,100,100,0,100,100,0.0212614395,22.0724303196,800.0028666316,1.0000000000,0.8000000000,250.0000000000,0
1313,100,0,100,12,100,100,0,100,100,0.0213000673,22.0511302523,800.0029545223,1.0000000000,0.8000000000,250.0000000000,0
1314,100,0,100,13,100,100,0,100,100,0.0212683018,22.0298619506,800.0028880824,1.0000000000,0.8000000000,250.0000000000,0
1315,100,0,100,14,100,100,0,100,100,0.0212560377,22.0086059128,800.0028442120,1.0000000000,0.8000000000,250.0000000000,0
1316,100,0,100,15,100,100,0,100,100,0.0212757302,21.9873301827,800.0029070046,1.0000000000,0.8000000000,250.0000000000,0
1317,100,0,100,16,100,100,0,100,100,0.0213030855,21.9660270972,800.0029594975,1.0000000000,0.8000000000,250.0000000000,0
1318,100,0,100,17,100,100,0,100,100,0.0213060942,21.9447210030,800.0029643169,1.0000000000,0.8000000000,250.0000000000,0
1319,100,0,100,18,100,100,0,100,100,0.0213004329,21.9234205700,800.0029551330,1.0000000000,0.8000000000,250.0000000000,0
1320,100,0,100,19,100,100,0,100,100,0.0213014797,21.9021190904,800.0029568688,1.0000000000,0.8000000000,250.0000000000,0
1321,100,0,100,20,100,100,0,100,100,0.0212671395,21.8808519509,800.0028847860,1.0000000000,0.8000000000,250.0000000000,0
1322,100,0,100,21,100,100,0,100,100,0.0212584340,21.8595935169,800.0028550956,1.0000000000,0.8000000000,250.0000000000,0
1323,100,0,100,22,100,100,0,100,100,0.0212557326,21.8383377843,800.0028426692,1.0000000000,0.8000000000,250.0000000000,0
1324,99,1,100,23,100,91,9,98,98,0.0207733621,21.8175644222,784.0025289381,0.9100000000,0.7840000000,232.1428571429,1
1325,99,1,99,24,99,99,0,99,99,0.0211721378,21.7963922844,792.0029308185,1.0000000000,0.7920000000,250.0000000000,0
1326,99,1,99,25,99,99,0,99,99,0.0211984596,21.7751938248,792.0029730318,1.0000000000,0.7920000000,250.0000000000,0
1327,99,1,99,26,99,99,0,99,99,0.0211413230,21.7540525018,792.0028562749,1.0000000000,0.7920000000,250.0000000000,0
1328,99,1,99,27,99,99,0,99,99,0.0211800245,21.7328724773,792.0029445977,1.0000000000,0.7920000000,250.0000000000,0
1329,99,1,99,28,99,99,0,99,99,0.0211449061,21.7117275712,792.0028681926,1.0000000000,0.7920000000,250.0000000000,0
1330,99,1,99,29,99,99,0,99,99,0.0211777368,21.6905498345,792.0029407215,1.0000000000,0.7920000000,250.0000000000,0
1331,99,1,99,30,99,99,0,99,99,0.0211477261,21.6694021084,792.0028765565,1.0000000000,0.7920000000,250.0000000000,0
1332,99,1,99,31,99,99,0,99,99,0.0211865396,21.6482155688,792.0029551708,1.0000000000,0.7920000000,250.0000000000,0
1333,99,1,99,32,99,99,0,99,99,0.0211734956,21.6270420732,792.0029332783,1.0000000000,0.7920000000,250.0000000000,0
1334,99,1,99,33,99,99,0,99,99,0.0211843724,21.6058577008,792.0029517256,1.0000000000,0.7920000000,250.0000000000,0
1335,99,1,99,34,99,99,0,99,99,0.0212079251,21.5846497757,792.0029861223,1.0000000000,0.7920000000,250.0000000000,0
1336,99,1,99,35,99,99,0,99,99,0.0211373577,21.5635124180,792.0028404602,1.0000000000,0.7920000000,250.0000000000,0
1337,99,1,99,36,99,99,0,99,99,0.0211504483,21.5423619697,792.0028840020,1.0000000000,0.7920000000,250.0000000000,0
1338,99,1,99,37,99,99,0,99,99,0.0211970960,21.5211648737,792.0029710726,1.0000000000,0.7920000000,250.0000000000,0
1339,99,1,99,38,99,99,0,99,99,0.0211564667,21.5000084071,792.0028988359,1.0000000000,0.7920000000,250.0000000000,0
1340,99,1,99,39,99,99,0,99,99,0.0211437129,21.4788646941,792.0028644084,1.0000000000,0.7920000000,250.0000000000,0
1341,99,1,99,40,99,99,0,99,99,0.0211393636,21.4577253305,792.0028489070,1.0000000000,0.7920000000,250.0000000000,0
1342,99,1,99,41,99,99,0,99,99,0.0211379352,21.4365873954,792.0028430058,1.0000000000,0.7920000000,250.0000000000,0
1343,99,1,99,42,99,99,0,99,99,0.0212055609,21.4153818344,792.0029829313,1.0000000000,0.7920000000,250.0000000000,0
1344,99,1,99,43,99,99,0,99,99,0.0211824226,21.3941994118,792.0029485661,1.0000000000,0.7920000000,250.0000000000,0
1345,99,1,99,44,99,99,0,99,99,0.0211834876,21.3730159242,792.0029502991,1.0000000000,0.7920000000,250.0000000000,0
1346,99,1,99,45,99,99,0,99,99,0.0211612211,21.3518547031,792.0029093690,1.0000000000,0.7920000000,250.0000000000,0
1347,99,1,99,46,99,99,0,99,99,0.0211702525,21.3306844505,792.0029273356,1.0000000000,0.7920000000,250.0000000000,0
1348,99,1,99,47,99,99,0,99,99,0.0211617376,21.3095227129,792.0029104627,1.0000000000,0.7920000000,250.0000000000,0
1349,99,1,99,48,99,99,0,99,99,0.0211418295,21.2883808834,792.0028580683,1.0000000000,0.7920000000,250.0000000000,0
1350,99,1,99,49,99,99,0,99,99,0.0211763194,21.2672045640,792.0029382726,1.0000000000,0.7920000000,250.0000000000,0
1351,99,1,99,50,99,99,0,99,99,0.0211737775,21.2460307866,792.0029337841,1.0000000000,0.7920000000,250.0000000000,0
1352,99,1,99,51,99,99,0,99,99,0.0211420901,21.2248886965,792.0028589753,1.0000000000,0.7920000000,250.0000000000,0
1353,99,1,99,52,99,99,0,99,99,0.0211475333,21.2037411632,792.0028760078,1.0000000000,0.7920000000,250.0000000000,0
1354,99,1,99,53,99,99,0,99,99,0.0212021499,21.1825390133,792.0029782375,1.0000000000,0.7920000000,250.0000000000,0
1355,99,1,99,54,99,99,0,99,99,0.0211552531,21.1613837602,792.0028959958,1.0000000000,0.7920000000,250.0000000000,0
1356,99,1,99,55,99,99,0,99,99,0.0211917507,21.1401920095,792.0029631921,1.0000000000,0.7920000000,250.0000000000,0
1357,99,1,99,56,99,99,0,99,99,0.0211320816,21.1190599279,792.0028083976,1.0000000000,0.7920000000,250.0000000000,0
1358,99,1,99,57,99,99,0,99,99,0.0211710728,21.0978888551,792.0029288608,1.0000000000,0.7920000000,250.0000000000,0
1359,99,1,99,58,99,99,0,99,99,0.0211648754,21.0767239797,792.0029169203,1.0000000000,0.7920000000,250.0000000000,0
1360,99,1,99,59,99,99,0,99,99,0.0211803493,21.0555436304,792.0029451408,1.0000000000,0.7920000000,250.0000000000,0
1361,99,1,99,60,99,99,0,99,99,0.0211875647,21.0343560657,792.0029567774,1.0000000000,0.7920000000,250.0000000000,0
1362,99,1,99,61,99,99,0,99,99,0.0211351901,21.0132208756,792.0028297851,1.0000000000,0.7920000000,250.0000000000,0
1363,99,1,99,62,99,99,0,99,99,0.0211400689,20.9920808066,792.0028516450,1.0000000000,0.7920000000,250.0000000000,0
1364,99,1,99,63,99,99,0,99,99,0.0211458297,20.9709349769,792.0028710155,1.0000000000,0.7920000000,250.0000000000,0
1365,99,1,99,64,99,99,0,99,99,0.0211364630,20.9497985139,792.0028362942,1.0000000000,0.7920000000,250.0000000000,0
1366,99,1,99,65,99,99,0,99,99,0.0211761140,20.9286224000,792.0029379146,1.0000000000,0.7920000000,250.0000000000,0
1367,99,1,99,66,99,99,0,99,99,0.0211307658,20.9074916342,792.0027909585,1.0000000000,0.7920000000,250.0000000000,0
1368,99,1,99,67,99,99,0,99,99,0.0211907103,20.8863009238,792.0029616188,1.0000000000,0.7920000000,250.0000000000,0
1369,99,1,99,68,99,99,0,99,99,0.0211352099,20.8651657139,792.0028298926,1.0000000000,0.7920000000,250.0000000000,0
1370,99,1,99,69,99,99,0,99,99,0.0211905379,20.8439751761,792.0029613567,1.0000000000,0.7920000000,250.0000000000,0
1371,99,1,99,70,99,99,0,99,99,0.0211946434,20.8227805327,792.0029674976,1.0000000000,0.7920000000,250.0000000000,0
1372,99,1,99,71,99,99,0,99,99,0.0211891936,20.8015913391,792.0029593006,1.0000000000,0.7920000000,250.0000000000,0
1373,99,1,99,72,99,99,0,99,99,0.0211980965,20.7803932426,792.0029725120,1.0000000000,0.7920000000,250.0000000000,0
1374,99,1,99,74,99,99,0,99,99,0.0211531646,20.7592400780,792.0028909400,1.0000000000,0.7920000000,250.0000000000,0
1375,99,1,99,74,99,99,0,99,99,0.0211531646,20.7380869135,792.0028909400,1.0000000000,0.7920000000,250.0000000000,0
1376,99,1,99,75,99,99,0,99,99,0.0211944598,20.7168924537,792.0029672273,1.0000000000,0.7920000000,250.0000000000,0
1377,99,1,99,76,99,99,0,99,99,0.0211468200,20.6957456337,792.0028739492,1.0000000000,0.7920000000,250.0000000000,0
1378,99,1,99,77,99,99,0,99,99,0.0211695491,20.6745760846,792.0029260149,1.0000000000,0.7920000000,250.0000000000,0
1379,99,1,99,78,99,99,0,99,99,0.0211881222,20.6533879625,792.0029576448,1.0000000000,0.7920000000,250.0000000000,0
1380,99,1,99,79,99,99,0,99,99,0.0211387381,20.6322492244,792.0028463864,1.0000000000,0.7920000000,250.0000000000,0
1381,99,1,99,80,99,99,0,99,99,0.0211684239,20.6110808004,792.0029238775,1.0000000000,0.7920000000,250.0000000000,0
1382,99,1,99,81,99,99,0,99,99,0.0211570794,20.5899237210,792.0029002446,1.0000000000,0.7920000000,250.0000000000,0
1383,99,1,99,82,99,99,0,99,99,0.0212008830,20.5687228380,792.0029764659,1.0000000000,0.7920000000,250.0000000000,0
1384,99,1,99,83,99,99,0,99,99,0.0211340000,20.5475888380,792.0028228389,1.0000000000,0.7920000000,250.0000000000,0
1385,99,1,99,84,99,99,0,99,99,0.0211527520,20.5264360861,792.0028899141,1.0000000000,0.7920000000,250.0000000000,0
1386,99,1,99,85,99,99,0,99,99,0.0211814105,20.5052546756,792.0029469027,1.0000000000,0.7920000000,250.0000000000,0
1387,99,1,99,86,99,99,0,99,99,0.0211880406,20.4840666350,792.0029575182,1.0000000000,0.7920000000,250.0000000000,0
1388,99,1,99,87,99,99,0,99,99,0.0211819308,20.4628847042,792.0029477599,1.0000000000,0.7920000000,250.0000000000,0
1389,99,1,99,88,99,99,0,99,99,0.0211549501,20.4417297541,792.0028952761,1.0000000000,0.7920000000,250.0000000000,0
1390,99,1,99,89,99,99,0,99,99,0.0211664407,20.4205633134,792.0029200314,1.0000000000,0.7920000000,250.0000000000,0
1391,99,1,99,90,99,99,0,99,99,0.0211683862,20.3993949271,792.0029238054,1.0000000000,0.7920000000,250.0000000000,0
1392,99,1,99,91,99,99,0,99,99,0.0211326738,20.3782622534,792.0028135010,1.0000000000,0.7920000000,250.0000000000,0
1393,99,1,99,92,99,99,0,99,99,0.0211387172,20.3571235362,792.0028463002,1.0000000000,0.7920000000,250.0000000000,0
1394,99,1,99,93,99,99,0,99,99,0.0211841269,20.3359394093,792.0029513310,1.0000000000,0.7920000000,250.0000000000,0
1395,99,1,99,94,99,99,0,99,99,0.0211669791,20.3147724302,792.0029210858,1.0000000000,0.7920000000,250.0000000000,0
1396,99,1,99,95,99,99,0,99,99,0.0211654836,20.2936069466,792.0029181374,1.0000000000,0.7920000000,250.0000000000,0
1397,99,1,99,96,99,99,0,99,99,0.0211809898,20.2724259568,792.0029462064,1.0000000000,0.7920000000,250.0000000000,0
1398,99,1,99,97,99,99,0,99,99,0.0211694271,20.2512565297,792.0029257847,1.0000000000,0.7920000000,250.0000000000,0
1399,99,1,99,98,99,99,0,99,99,0.0211837540,20.2300727758,792.0029507298,1.0000000000,0.7920000000,250.0000000000,0
1400,99,1,99,99,99,99,0,99,99,0.0211525364,20.2089202393,792.0028893743,1.0000000000,0.7920000000,250.0000000000,0
1401,99,1,99,0,99,99,0,99,99,0.0211882157,20.1877320236,792.0029577901,1.0000000000,0.7920000000,250.0000000000,0
1402,99,1,99,1,99,99,0,99,99,0.0211941725,20.1665378511,792.0029668035,1.0000000000,0.7920000000,250.0000000000,0
1403,99,1,99,2,99,99,0,99,99,0.0211723457,20.1453655054,792.0029311978,1.0000000000,0.7920000000,250.0000000000,0
1404,99,1,99,3,99,99,0,99,99,0.0211666969,20.1241988085,792.0029205341,1.0000000000,0.7920000000,250.0000000000,0
1405,99,1,99,4,99,99,0,99,99,0.0211574840,20.1030413244,792.0029011660,1.0000000000,0.7920000000,250.0000000000,0
1406,99,1,99,5,99,99,0,99,99,0.0212060685,20.0818352560,792.0029836205,1.0000000000,0.7920000000,250.0000000000,0
1407,99,1,99,6,99,99,0,99,99,0.0211412410,20.0606940150,792.0028559805,1.0000000000,0.7920000000,250.0000000000,0
1408,99,1,99,7,99,99,0,99,99,0.0211526120,20.0395414030,792.0028895640,1.0000000000,0.7920000000,250.0000000000,0
1409,99,1,99,8,99,99,0,99,99,0.0211644128,20.0183769901,792.0029159874,1.0000000000,0.7920000000,250.0000000000,0
1410,99,1,99,9,99,99,0,99,99,0.0211940174,19.9971829727,792.0029665743,1.0000000000,0.7920000000,250.0000000000,0
1411,99,1,99,10,99,99,0,99,99,0.0211863726,19.9759966002,792.0029549077,1.0000000000,0.7920000000,250.0000000000,0
1412,99,1,99,11,99,99,0,99,99,0.0211414860,19.9548551142,792.0028568564,1.0000000000,0.7920000000,250.0000000000,0
1413,99,1,99,12,99,99,0,99,99,0.0211801138,19.9336750005,792.0029447471,1.0000000000,0.7920000000,250.0000000000,0
1414,99,1,99,13,99,99,0,99,99,0.0211483482,19.9125266522,792.0028783073,1.0000000000,0.7920000000,250.0000000000,0
1415,99,1,99,14,99,99,0,99,99,0.0211360842,19.8913905680,792.0028344368,1.0000000000,0.7920000000,250.0000000000,0
1416,99,1,99,15,99,99,0,99,99,0.0211557766,19.8702347914,792.0028972294,1.0000000000,0.7920000000,250.0000000000,0
1417,99,1,99,16,99,99,0,99,99,0.0211831320,19.8490516594,792.0029497223,1.0000000000,0.7920000000,250.0000000000,0
1418,99,1,99,17,99,99,0,99,99,0.0211861407,19.8278655188,792.0029545417,1.0000000000,0.7920000000,250.0000000000,0
1419,99,1,99,18,99,99,0,99,99,0.0211804794,19.8066850393,792.0029453578,1.0000000000,0.7920000000,250.0000000000,0
1420,99,1,99,19,99,99,0,99,99,0.0211815261,19.7855035132,792.0029470936,1.0000000000,0.7920000000,250.0000000000,0
1421,99,1,99,20,99,99,0,99,99,0.0211471859,19.7643563273,792.0028750108,1.0000000000,0.7920000000,250.0000000000,0
1422,99,1,99,21,99,99,0,99,99,0.0211384805,19.7432178468,792.0028453204,1.0000000000,0.7920000000,250.0000000000,0
1423,99,1,99,22,99,99,0,99,99,0.0211357790,19.7220820677,792.0028328940,1.0000000000,0.7920000000,250.0000000000,0
1424,99,1,99,23,99,99,0,99,99,0.0211446042,19.7009374635,792.0028672504,1.0000000000,0.7920000000,250.0000000000,0
1425,99,1,99,24,99,99,0,99,99,0.0211721378,19.6797653257,792.0029308185,1.0000000000,0.7920000000,250.0000000000,0
1426,99,1,99,25,99,99,0,99,99,0.0211984596,19.6585668662,792.0029730318,1.0000000000,0.7920000000,250.0000000000,0
1427,99,1,99,26,99,99,0,99,99,0.0211413230,19.6374255432,792.0028562749,1.0000000000,0.7920000000,250.0000000000,0
1428,99,1,99,27,99,99,0,99,99,0.0211800245,19.6162455187,792.0029445977,1.0000000000,0.7920000000,250.0000000000,0
1429,99,1,99,28,99,99,0,99,99,0.0211449061,19.5951006126,792.0028681926,1.0000000000,0.7920000000,250.0000000000,0
1430,99,1,99,29,99,99,0,99,99,0.0211777368,19.5739228758,792.0029407215,1.0000000000,0.7920000000,250.0000000000,0
1431,99,1,99,30,99,99,0,99,99,0.0211477261,19.5527751497,792.0028765565,1.0000000000,0.7920000000,250.0000000000,0
1432,99,1,99,31,99,99,0,99,99,0.0211865396,19.5315886102,792.0029551708,1.0000000000,0.7920000000,250.0000000000,0
1433,99,1,99,32,99,99,0,99,99,0.0211734956,19.5104151146,792.0029332783,1.0000000000,0.7920000000,250.0000000000,0
1434,99,1,99,33,99,99,0,99,99,0.0211843724,19.4892307422,792.0029517256,1.0000000000,0.7920000000,250.0000000000,0
1435,99,1,99,34,99,99,0,99,99,0.0212079251,19.4680228171,792.0029861223,1.0000000000,0.7920000000,250.0000000000,0
1436,99,1,99,35,99,99,0,99,99,0.0211373577,19.4468854594,792.0028404602,1.0000000000,0.7920000000,250.0000000000,0
1437,99,1,99,36,99,99,0,99,99,0.0211504483,19.4257350111,792.0028840020,1.0000000000,0.7920000000,250.0000000000,0
1438,99,1,99,37,99,99,0,99,99,0.0211970960,19.4045379151,792.0029710726,1.0000000000,0.7920000000,250.0000000000,0
1439,99,1,99,38,99,99,0,99,99,0.0211564667,19.3833814484,792.0028988359,1.0000000000,0.7920000000,250.0000000000,0
1440,99,1,99,39,99,99,0,99,99,0.0211437129,19.3622377355,792.0028644084,1.0000000000,0.7920000000,250.0000000000,0
1441,99,1,99,40,99,99,0,99,99,0.0211393636,19.3410983719,792.0028489070,1.0000000000,0.7920000000,250.0000000000,0
1442,99,1,99,41,99,99,0,99,99,0.0211379352,19.3199604367,792.0028430058,1.0000000000,0.7920000000,250.0000000000,0
1443,99,1,99,42,99,99,0,99,99,0.0212055609,19.2987548758,792.0029829313,1.0000000000,0.7920000000,250.0000000000,0
1444,99,1,99,43,99,99,0,99,99,0.0211824226,19.2775724532,792.0029485661,1.0000000000,0.7920000000,250.0000000000,0
1445,99,1,99,44,99,99,0,99,99,0.0211834876,19.2563889655,792.0029502991,1.0000000000,0.7920000000,250.0000000000,0
1446,99,1,99,45,99,99,0,99,99,0.0211612211,19.2352277444,792.0029093690,1.0000000000,0.7920000000,250.0000000000,0
1447,99,1,99,46,99,99,0,99,99,0.0211702525,19.2140574919,792.0029273356,1.0000000000,0.7920000000,250.0000000000,0
1448,99,1,99,47,99,99,0,99,99,0.0211617376,19.1928957543,792.0029104627,1.0000000000,0.7920000000,250.0000000000,0
1449,99,1,99,48,99,99,0,99,99,0.0211418295,19.1717539248,792.0028580683,1.0000000000,0.7920000000,250.0000000000,0
1450,99,1,99,49,99,99,0,99,99,0.0211763194,19.1505776054,792.0029382726,1.0000000000,0.7920000000,250.0000000000,0
1451,99,1,99,50,99,99,0,99,99,0.0211737775,19.1294038279,792.0029337841,1.0000000000,0.7920000000,250.0000000000,0
1452,99,1,99,51,99,99,0,99,99,0.0211420901,19.1082617379,792.0028589753,1.0000000000,0.7920000000,250.0000000000,0
1453,99,1,99,52,99,99,0,99,99,0.0211475333,19.0871142045,792.0028760078,1.0000000000,0.7920000000,250.0000000000,0
1454,99,1,99,53,99,99,0,99,99,0.0212021499,19.0659120547,792.0029782375,1.0000000000,0.7920000000,250.0000000000,0
1455,99,1,99,54,99,99,0,99,99,0.0211552531,19.0447568016,792.0028959958,1.0000000000,0.7920000000,250.0000000000,0
1456,99,1,99,55,99,99,0,99,99,0.0211917507,19.0235650509,792.0029631921,1.0000000000,0.7920000000,250.0000000000,0
1457,99,1,99,56,99,99,0,99,99,0.0211320816,19.0024329692,792.0028083976,1.0000000000,0.7920000000,250.0000000000,0
1458,99,1,99,57,99,99,0,99,99,0.0211710728,18.9812618965,792.0029288608,1.0000000000,0.7920000000,250.0000000000,0
1459,99,1,99,58,99,99,0,99,99,0.0211648754,18.9600970211,792.0029169203,1.0000000000,0.7920000000,250.0000000000,0
1460,99,1,99,59,99,99,0,99,99,0.0211803493,18.9389166718,792.0029451408,1.0000000000,0.7920000000,250.0000000000,0
1461,99,1,99,60,99,99,0,99,99,0.0211875647,18.9177291070,792.0029567774,1.0000000000,0.7920000000,250.0000000000,0
1462,99,1,99,61,99,99,0,99,99,0.0211351901,18.8965939169,792.0028297851,1.0000000000,0.7920000000,250.0000000000,0
1463,99,1,99,62,99,99,0,99,99,0.0211400689,18.8754538480,792.0028516450,1.0000000000,0.7920000000,250.0000000000,0
1464,99,1,99,63,99,99,0,99,99,0.0211458297,18.8543080183,792.0028710155,1.0000000000,0.7920000000,250.0000000000,0
1465,99,1,99,64,99,99,0,99,99,0.0211364630,18.8331715553,792.0028362942,1.0000000000,0.7920000000,250.0000000000,0
1466,99,1,99,65,99,99,0,99,99,0.0211761140,18.8119954413,792.0029379146,1.0000000000,0.7920000000,250.0000000000,0
1467,99,1,99,66,99,99,0,99,99,0.0211307658,18.7908646755,792.0027909585,1.0000000000,0.7920000000,250.0000000000,0
1468,99,1,99,67,99,99,0,99,99,0.0211907103,18.7696739652,792.0029616188,1.0000000000,0.7920000000,250.0000000000,0
1469,99,1,99,68,99,99,0,99,99,0.0211352099,18.7485387553,792.0028298926,1.0000000000,0.7920000000,250.0000000000,0
1470,99,1,99,69,99,99,0,99,99,0.0211905379,18.7273482174,792.0029613567,1.0000000000,0.7920000000,250.0000000000,0
1471,99,1,99,70,99,99,0,99,99,0.0211946434,18.7061535740,792.0029674976,1.0000000000,0.7920000000,250.0000000000,0
1472,99,1,99,71,99,99,0,99,99,0.0211891936,18.6849643804,792.0029593006,1.0000000000,0.7920000000,250.0000000000,0
1473,99,1,99,72,99,99,0,99,99,0.0211980965,18.6637662840,792.0029725120,1.0000000000,0.7920000000,250.0000000000,0
1474,99,1,99,74,99,99,0,99,99,0.0211531646,18.6426131194,792.0028909400,1.0000000000,0.7920000000,250.0000000000,0
1475,99,1,99,74,99,99,0,99,99,0.0211531646,18.6214599549,792.0028909400,1.0000000000,0.7920000000,250.0000000000,0
1476,99,1,99,75,99,99,0,99,99,0.0211944598,18.6002654951,792.0029672273,1.0000000000,0.7920000000,250.0000000000,0
1477,99,1,99,76,99,99,0,99,99,0.0211468200,18.5791186751,792.0028739492,1.0000000000,0.7920000000,250.0000000000,0
1478,99,1,99,77,99,99,0,99,99,0.0211695491,18.5579491260,792.0029260149,1.0000000000,0.7920000000,250.0000000000,0
1479,99,1,99,78,99,99,0,99,99,0.0211881222,18.5367610039,792.0029576448,1.0000000000,0.7920000000,250.0000000000,0
1480,99,1,99,79,99,99,0,99,99,0.0211387381,18.5156222657,792.0028463864,1.0000000000,0.7920000000,250.0000000000,0
1481,99,1,99,80,99,99,0,99,99,0.0211684239,18.4944538418,792.0029238775,1.0000000000,0.7920000000,250.0000000000,0
1482,99,1,99,81,99,99,0,99,99,0.0211570794,18.4732967624,792.0029002446,1.0000000000,0.7920000000,250.0000000000,0
1483,99,1,99,82,99,99,0,99,99,0.0212008830,18.4520958794,792.0029764659,1.0000000000,0.7920000000,250.0000000000,0
1484,99,1,99,83,99,99,0,99,99,0.0211340000,18.4309618794,792.0028228389,1.0000000000,0.7920000000,250.0000000000,0
1485,99,1,99,84,99,99,0,99,99,0.0211527520,18.4098091274,792.0028899141,1.0000000000,0.7920000000,250.0000000000,0
1486,99,1,99,85,99,99,0,99,99,0.0211814105,18.3886277169,792.0029469027,1.0000000000,0.7920000000,250.0000000000,0
1487,99,1,99,86,99,99,0,99,99,0.0211880406,18.3674396764,792.0029575182,1.0000000000,0.7920000000,250.0000000000,0
1488,99,1,99,87,99,99,0,99,99,0.0211819308,18.3462577456,792.0029477599,1.0000000000,0.7920000000,250.0000000000,0
1489,99,1,99,88,99,99,0,99,99,0.0211549501,18.3251027954,792.0028952761,1.0000000000,0.7920000000,250.0000000000,0
1490,99,1,99,89,99,99,0,99,99,0.0211664407,18.3039363547,792.0029200314,1.0000000000,0.7920000000,250.0000000000,0
1491,99,1,99,90,99,99,0,99,99,0.0211683862,18.2827679685,792.0029238054,1.0000000000,0.7920000000,250.0000000000,0
1492,99,1,99,91,99,99,0,99,99,0.0211326738,18.2616352947,792.0028135010,1.0000000000,0.7920000000,250.0000000000,0
1493,99,1,99,92,99,99,0,99,99,0.0211387172,18.2404965776,792.0028463002,1.0000000000,0.7920000000,250.0000000000,0
1494,99,1,99,93,99,99,0,99,99,0.0211841269,18.2193124506,792.0029513310,1.0000000000,0.7920000000,250.0000000000,0
1495,99,1,99,94,99,99,0,99,99,0.0211669791,18.1981454716,792.0029210858,1.0000000000,0.7920000000,250.0000000000,0
1496,99,1,99,95,99,99,0,99,99,0.0211654836,18.1769799880,792.0029181374,1.0000000000,0.7920000000,250.0000000000,0
1497,99,1,99,96,99,99,0,99,99,0.0211809898,18.1557989982,792.0029462064,1.0000000000,0.7920000000,250.0000000000,0
1498,99,1,99,97,99,99,0,99,99,0.0211694271,18.1346295711,792.0029257847,1.0000000000,0.7920000000,250.0000000000,0
1499,99,1,99,98,99,99,0,99,99,0.0211837540,18.1134458171,792.0029507298,1.0000000000,0.7920000000,250.0000000000,0
1500,99,1,99,99,99,99,0,99,99,0.0211525364,18.0922932807,792.0028893743,1.0000000000,0.7920000000,250.0000000000,0
1501,99,1,99,0,99,99,0,99,99,0.0211882157,18.0711050650,792.0029577901,1.0000000000,0.7920000000,250.0000000000,0
1502,99,1,99,1,99,99,0,99,99,0.0211941725,18.0499108924,792.0029668035,1.0000000000,0.7920000000,250.0000000000,0
1503,99,1,99,2,99,99,0,99,99,0.0211723457,18.0287385467,792.0029311978,1.0000000000,0.7920000000,250.0000000000,0
1504,99,1,99,3,99,99,0,99,99,0.0211666969,18.0075718498,792.0029205341,1.0000000000,0.7920000000,250.0000000000,0
1505,99,1,99,4,99,99,0,99,99,0.0211574840,17.9864143658,792.0029011660,1.0000000000,0.7920000000,250.0000000000,0
1506,99,1,99,5,99,99,0,99,99,0.0212060685,17.9652082973,792.0029836205,1.0000000000,0.7920000000,250.0000000000,0
1507,99,1,99,6,99,99,0,99,99,0.0211412410,17.9440670564,792.0028559805,1.0000000000,0.7920000000,250.0000000000,0
1508,99,1,99,7,99,99,0,99,99,0.0211526120,17.9229144443,792.0028895640,1.0000000000,0.7920000000,250.0000000000,0
1509,99,1,99,8,99,99,0,99,99,0.0211644128,17.9017500315,792.0029159874,1.0000000000,0.7920000000,250.0000000000,0
1510,99,1,99,9,99,99,0,99,99,0.0211940174,17.8805560141,792.0029665743,1.0000000000,0.7920000000,250.0000000000,0
1511,99,1,99,10,99,99,0,99,99,0.0211863726,17.8593696415,792.0029549077,1.0000000000,0.7920000000,250.0000000000,0
1512,99,1,99,11,99,99,0,99,99,0.0211414860,17.8382281556,792.0028568564,1.0000000000,0.7920000000,250.0000000000,0
1513,99,1,99,12,99,99,0,99,99,0.0211801138,17.8170480418,792.0029447471,1.0000000000,0.7920000000,250.0000000000,0
1514,99,1,99,13,99,99,0,99,99,0.0211483482,17.7958996936,792.0028783073,1.0000000000,0.7920000000,250.0000000000,0
1515,99,1,99,14,99,99,0,99,99,0.0211360842,17.7747636094,792.0028344368,1.0000000000,0.7920000000,250.0000000000,0
1516,99,1,99,15,99,99,0,99,99,0.0211557766,17.7536078328,792.0028972294,1.0000000000,0.7920000000,250.0000000000,0
1517,99,1,99,16,99,99,0,99,99,0.0211831320,17.7324247008,792.0029497223,1.0000000000,0.7920000000,250.0000000000,0
1518,99,1,99,17,99,99,0,99,99,0.0211861407,17.7112385601,792.0029545417,1.0000000000,0.7920000000,250.0000000000,0
1519,99,1,99,18,99,99,0,99,99,0.0211804794,17.6900580807,792.0029453578,1.0000000000,0.7920000000,250.0000000000,0
1520,99,1,99,19,99,99,0,99,99,0.0211815261,17.6688765546,792.0029470936,1.0000000000,0.7920000000,250.0000000000,0
1521,99,1,99,20,99,99,0,99,99,0.0211471859,17.6477293686,792.0028750108,1.0000000000,0.7920000000,250.0000000000,0
1522,99,1,99,21,99,99,0,99,99,0.0211384805,17.6265908881,792.0028453204,1.0000000000,0.7920000000,250.0000000000,0
1523,99,1,99,22,99,99,0,99,99,0.0211357790,17.6054551091,792.0028328940,1.0000000000,0.7920000000,250.0000000000,0
1524,99,1,99,23,99,99,0,99,99,0.0211446042,17.5843105049,792.0028672504,1.0000000000,0.7920000000,250.0000000000,0
1525,99,1,99,24,99,99,0,99,99,0.0211721378,17.5631383671,792.0029308185,1.0000000000,0.7920000000,250.0000000000,0
1526,99,1,99,25,99,99,0,99,99,0.0211984596,17.5419399075,792.0029730318,1.0000000000,0.7920000000,250.0000000000,0
1527,99,1,99,26,99,99,0,99,99,0.0211413230,17.5207985845,792.0028562749,1.0000000000,0.7920000000,250.0000000000,0
1528,99,1,99,27,99,99,0,99,99,0.0211800245,17.4996185601,792.0029445977,1.0000000000,0.7920000000,250.0000000000,0
1529,99,1,99,28,99,99,0,99,99,0.0211449061,17.4784736540,792.0028681926,1.0000000000,0.7920000000,250.0000000000,0
1530,99,1,99,29,99,99,0,99,99,0.0211777368,17.4572959172,792.0029407215,1.0000000000,0.7920000000,250.0000000000,0
1531,99,1,99,30,99,99,0,99,99,0.0211477261,17.4361481911,792.0028765565,1.0000000000,0.7920000000,250.0000000000,0
1532,99,1,99,31,99,99,0,99,99,0.0211865396,17.4149616516,792.0029551708,1.0000000000,0.7920000000,250.0000000000,0
1533,99,1,99,32,99,99,0,99,99,0.0211734956,17.3937881560,792.0029332783,1.0000000000,0.7920000000,250.0000000000,0
1534,99,1,99,33,99,99,0,99,99,0.0211843724,17.3726037836,792.0029517256,1.0000000000,0.7920000000,250.0000000000,0
1535,99,1,99,34,99,99,0,99,99,0.0212079251,17.3513958584,792.0029861223,1.0000000000,0.7920000000,250.0000000000,0
1536,99,1,99,35,99,99,0,99,99,0.0211373577,17.3302585007,792.0028404602,1.0000000000,0.7920000000,250.0000000000,0
1537,99,1,99,36,99,99,0,99,99,0.0211504483,17.3091080525,792.0028840020,1.0000000000,0.7920000000,250.0000000000,0
1538,99,1,99,37,99,99,0,99,99,0.0211970960,17.2879109565,792.0029710726,1.0000000000,0.7920000000,250.0000000000,0
1539,99,1,99,38,99,99,0,99,99,0.0211564667,17.2667544898,792.0028988359,1.0000000000,0.7920000000,250.0000000000,0
1540,99,1,99,39,99,99,0,99,99,0.0211437129,17.2456107769,792.0028644084,1.0000000000,0.7920000000,250.0000000000,0
1541,99,1,99,40,99,99,0,99,99,0.0211393636,17.2244714133,792.0028489070,1.0000000000,0.7920000000,250.0000000000,0
1542,99,1,99,41,99,99,0,99,99,0.0211379352,17.2033334781,792.0028430058,1.0000000000,0.7920000000,250.0000000000,0
1543,99,1,99,42,99,99,0,99,99,0.0212055609,17.1821279172,792.0029829313,1.0000000000,0.7920000000,250.0000000000,0
1544,99,1,99,43,99,99,0,99,99,0.0211824226,17.1609454946,792.0029485661,1.0000000000,0.7920000000,250.0000000000,0
1545,99,1,99,44,99,99,0,99,99,0.0211834876,17.1397620069,792.0029502991,1.0000000000,0.7920000000,250.0000000000,0
1546,99,1,99,45,99,99,0,99,99,0.0211612211,17.1186007858,792.0029093690,1.0000000000,0.7920000000,250.0000000000,0
1547,99,1,99,46,99,99,0,99,99,0.0211702525,17.0974305333,792.0029273356,1.0000000000,0.7920000000,250.0000000000,0
1548,99,1,99,47,99,99,0,99,99,0.0211617376,17.0762687956,792.0029104627,1.0000000000,0.7920000000,250.0000000000,0
1549,99,1,99,48,99,99,0,99,99,0.0211418295,17.0551269661,792.0028580683,1.0000000000,0.7920000000,250.0000000000,0
1550,99,1,99,49,99,99,0,99,99,0.0211763194,17.0339506468,792.0029382726,1.0000000000,0.7920000000,250.0000000000,0
1551,99,1,99,50,99,99,0,99,99,0.0211737775,17.0127768693,792.0029337841,1.0000000000,0.7920000000,250.0000000000,0
1552,99,1,99,51,99,99,0,99,99,0.0211420901,16.9916347792,792.0028589753,1.0000000000,0.7920000000,250.0000000000,0
1553,99,1,99,52,99,99,0,99,99,0.0211475333,16.9704872459,792.0028760078,1.0000000000,0.7920000000,250.0000000000,0
1554,99,1,99,53,99,99,0,99,99,0.0212021499,16.9492850960,792.0029782375,1.0000000000,0.7920000000,250.0000000000,0
1555,99,1,99,54,99,99,0,99,99,0.0211552531,16.9281298429,792.0028959958,1.0000000000,0.7920000000,250.0000000000,0
1556,99,1,99,55,99,99,0,99,99,0.0211917507,16.9069380922,792.0029631921,1.0000000000,0.7920000000,250.0000000000,0
1557,99,1,99,56,99,99,0,99,99,0.0211320816,16.8858060106,792.0028083976,1.0000000000,0.7920000000,250.0000000000,0
1558,99,1,99,57,99,99,0,99,99,0.0211710728,16.8646349379,792.0029288608,1.0000000000,0.7920000000,250.0000000000,0
1559,99,1,99,58,99,99,0,99,99,0.0211648754,16.8434700624,792.0029169203,1.0000000000,0.7920000000,250.0000000000,0
1560,99,1,99,59,99,99,0,99,99,0.0211803493,16.8222897131,792.0029451408,1.0000000000,0.7920000000,250.0000000000,0
1561,99,1,99,60,99,99,0,99,99,0.0211875647,16.8011021484,792.0029567774,1.0000000000,0.7920000000,250.0000000000,0
1562,99,1,99,61,99,99,0,99,99,0.0211351901,16.7799669583,792.0028297851,1.0000000000,0.7920000000,250.0000000000,0
1563,99,1,99,62,99,99,0,99,99,0.0211400689,16.7588268894,792.0028516450,1.0000000000,0.7920000000,250.0000000000,0
1564,99,1,99,63,99,99,0,99,99,0.0211458297,16.7376810597,792.0028710155,1.0000000000,0.7920000000,250.0000000000,0
1565,99,1,99,64,99,99,0,99,99,0.0211364630,16.7165445967,792.0028362942,1.0000000000,0.7920000000,250.0000000000,0
1566,99,1,99,65,99,99,0,99,99,0.0211761140,16.6953684827,792.0029379146,1.0000000000,0.7920000000,250.0000000000,0
1567,99,1,99,66,99,99,0,99,99,0.0211307658,16.6742377169,792.0027909585,1.0000000000,0.7920000000,250.0000000000,0
1568,99,1,99,67,99,99,0,99,99,0.0211907103,16.6530470066,792.0029616188,1.0000000000,0.7920000000,250.0000000000,0
1569,99,1,99,68,99,99,0,99,99,0.0211352099,16.6319117967,792.0028298926,1.0000000000,0.7920000000,250.0000000000,0
1570,99,1,99,69,99,99,0,99,99,0.0211905379,16.6107212588,792.0029613567,1.0000000000,0.7920000000,250.0000000000,0
1571,99,1,99,70,99,99,0,99,99,0.0211946434,16.5895266154,792.0029674976,1.0000000000,0.7920000000,250.0000000000,0
1572,99,1,99,71,99,99,0,99,99,0.0211891936,16.5683374218,792.0029593006,1.0000000000,0.7920000000,250.0000000000,0
1573,99,1,99,72,99,99,0,99,99,0.0211980965,16.5471393253,792.0029725120,1.0000000000,0.7920000000,250.0000000000,0
1574,99,1,99,74,99,99,0,99,99,0.0211531646,16.5259861608,792.0028909400,1.0000000000,0.7920000000,250.0000000000,0
1575,99,1,99,74,99,99,0,99,99,0.0211531646,16.5048329962,792.0028909400,1.0000000000,0.7920000000,250.0000000000,0
1576,99,1,99,75,99,99,0,99,99,0.0211944598,16.4836385364,792.0029672273,1.0000000000,0.7920000000,250.0000000000,0
1577,99,1,99,76,99,99,0,99,99,0.0211468200,16.4624917165,792.0028739492,1.0000000000,0.7920000000,250.0000000000,0
1578,99,1,99,77,99,99,0,99,99,0.0211695491,16.4413221674,792.0029260149,1.0000000000,0.7920000000,250.0000000000,0
1579,99,1,99,78,99,99,0,99,99,0.0211881222,16.4201340452,792.0029576448,1.0000000000,0.7920000000,250.0000000000,0
1580,99,1,99,79,99,99,0,99,99,0.0211387381,16.3989953071,792.0028463864,1.0000000000,0.7920000000,250.0000000000,0
1581,99,1,99,80,99,99,0,99,99,0.0211684239,16.3778268832,792.0029238775,1.0000000000,0.7920000000,250.0000000000,0
1582,99,1,99,81,99,99,0,99,99,0.0211570794,16.3566698038,792.0029002446,1.0000000000,0.7920000000,250.0000000000,0
1583,99,1,99,82,99,99,0,99,99,0.0212008830,16.3354689208,792.0029764659,1.0000000000,0.7920000000,250.0000000000,0
1584,99,1,99,83,99,99,0,99,99,0.0211340000,16.3143349208,792.0028228389,1.0000000000,0.7920000000,250.0000000000,0
1585,99,1,99,84,99,99,0,99,99,0.0211527520,16.2931821688,792.0028899141,1.0000000000,0.7920000000,250.0000000000,0
1586,99,1,99,85,99,99,0,99,99,0.0211814105,16.2720007583,792.0029469027,1.0000000000,0.7920000000,250.0000000000,0
1587,99,1,99,86,99,99,0,99,99,0.0211880406,16.2508127177,792.0029575182,1.0000000000,0.7920000000,250.0000000000,0
1588,99,1,99,87,99,99,0,99,99,0.0211819308,16.2296307869,792.0029477599,1.0000000000,0.7920000000,250.0000000000,0
1589,99,1,99,88,99,99,0,99,99,0.0211549501,16.2084758368,792.0028952761,1.0000000000,0.7920000000,250.0000000000,0
1590,99,1,99,89,99,99,0,99,99,0.0211664407,16.1873093961,792.0029200314,1.0000000000,0.7920000000,250.0000000000,0
1591,99,1,99,90,99,99,0,99,99,0.0211683862,16.1661410099,792.0029238054,1.0000000000,0.7920000000,250.0000000000,0
1592,99,1,99,91,99,99,0,99,99,0.0211326738,16.1450083361,792.0028135010,1.0000000000,0.7920000000,250.0000000000,0
1593,99,1,99,92,99,99,0,99,99,0.0211387172,16.1238696190,792.0028463002,1.0000000000,0.7920000000,250.0000000000,0
1594,99,1,99,93,99,99,0,99,99,0.0211841269,16.1026854920,792.0029513310,1.0000000000,0.7920000000,250.0000000000,0
1595,99,1,99,94,99,99,0,99,99,0.0211669791,16.0815185129,792.0029210858,1.0000000000,0.7920000000,250.0000000000,0
1596,99,1,99,95,99,99,0,99,99,0.0211654836,16.0603530293,792.0029181374,1.0000000000,0.7920000000,250.0000000000,0
1597,99,1,99,96,99,99,0,99,99,0.0211809898,16.0391720396,792.0029462064,1.0000000000,0.7920000000,250.0000000000,0
1598,99,1,99,97,99,99,0,99,99,0.0211694271,16.0180026125,792.0029257847,1.0000000000,0.7920000000,250.0000000000,0
1599,99,1,99,98,99,99,0,99,99,0.0211837540,15.9968188585,792.0029507298,1.0000000000,0.7920000000,250.0000000000,0
1600,99,1,99,99,99,99,0,99,99,0.0211525364,15.9756663221,792.0028893743,1.0000000000,0.7920000000,250.0000000000,0
1601,99,1,99,0,99,99,0,99,99,0.0211882157,15.9544781064,792.0029577901,1.0000000000,0.7920000000,250.0000000000,0
1602,99,1,99,1,99,99,0,99,99,0.0211941725,15.9332839338,792.0029668035,1.0000000000,0.7920000000,250.0000000000,0
1603,99,1,99,2,99,99,0,99,99,0.0211723457,15.9121115881,792.0029311978,1.0000000000,0.7920000000,250.0000000000,0
1604,99,1,99,3,99,99,0,99,99,0.0211666969,15.8909448912,792.0029205341,1.0000000000,0.7920000000,250.0000000000,0
1605,99,1,99,4,99,99,0,99,99,0.0211574840,15.8697874072,792.0029011660,1.0000000000,0.7920000000,250.0000000000,0
1606,99,1,99,5,99,99,0,99,99,0.0212060685,15.8485813387,792.0029836205,1.0000000000,0.7920000000,250.0000000000,0
1607,99,1,99,6,99,99,0,99,99,0.0211412410,15.8274400977,792.0028559805,1.0000000000,0.7920000000,250.0000000000,0
1608,99,1,99,7,99,99,0,99,99,0.0211526120,15.8062874857,792.0028895640,1.0000000000,0.7920000000,250.0000000000,0
1609,99,1,99,8,99,99,0,99,99,0.0211644128,15.7851230729,792.0029159874,1.0000000000,0.7920000000,250.0000000000,0
1610,99,1,99,9,99,99,0,99,99,0.0211940174,15.7639290555,792.0029665743,1.0000000000,0.7920000000,250.0000000000,0
1611,99,1,99,10,99,99,0,99,99,0.0211863726,15.7427426829,792.0029549077,1.0000000000,0.7920000000,250.0000000000,0
1612,99,1,99,11,99,99,0,99,99,0.0211414860,15.7216011969,792.0028568564,1.0000000000,0.7920000000,250.0000000000,0
1613,99,1,99,12,99,99,0,99,99,0.0211801138,15.7004210832,792.0029447471,1.0000000000,0.7920000000,250.0000000000,0
1614,99,1,99,13,99,99,0,99,99,0.0211483482,15.6792727350,792.0028783073,1.0000000000,0.7920000000,250.0000000000,0
1615,99,1,99,14,99,99,0,99,99,0.0211360842,15.6581366508,792.0028344368,1.0000000000,0.7920000000,250.0000000000,0
1616,99,1,99,15,99,99,0,99,99,0.0211557766,15.6369808741,792.0028972294,1.0000000000,0.7920000000,250.0000000000,0
1617,99,1,99,16,99,99,0,99,99,0.0211831320,15.6157977421,792.0029497223,1.0000000000,0.7920000000,250.0000000000,0
1618,99,1,99,17,99,99,0,99,99,0.0211861407,15.5946116015,792.0029545417,1.0000000000,0.7920000000,250.0000000000,0
1619,99,1,99,18,99,99,0,99,99,0.0211804794,15.5734311221,792.0029453578,1.0000000000,0.7920000000,250.0000000000,0
1620,99,1,99,19,99,99,0,99,99,0.0211815261,15.5522495959,792.0029470936,1.0000000000,0.7920000000,250.0000000000,0
1621,99,1,99,20,99,99,0,99,99,0.0211471859,15.5311024100,792.0028750108,1.0000000000,0.7920000000,250.0000000000,0
1622,99,1,99,21,99,99,0,99,99,0.0211384805,15.5099639295,792.0028453204,1.0000000000,0.7920000000,250.0000000000,0
1623,99,1,99,22,99,99,0,99,99,0.0211357790,15.4888281505,792.0028328940,1.0000000000,0.7920000000,250.0000000000,0
1624,99,1,99,23,99,99,0,99,99,0.0211446042,15.4676835463,792.0028672504,1.0000000000,0.7920000000,250.0000000000,0
1625,99,1,99,24,99,99,0,99,99,0.0211721378,15.4465114085,792.0029308185,1.0000000000,0.7920000000,250.0000000000,0
1626,99,1,99,25,99,99,0,99,99,0.0211984596,15.4253129489,792.0029730318,1.0000000000,0.7920000000,250.0000000000,0
1627,99,1,99,26,99,99,0,99,99,0.0211413230,15.4041716259,792.0028562749,1.0000000000,0.7920000000,250.0000000000,0
1628,99,1,99,27,99,99,0,99,99,0.0211800245,15.3829916014,792.0029445977,1.0000000000,0.7920000000,250.0000000000,0
1629,99,1,99,28,99,99,0,99,99,0.0211449061,15.3618466953,792.0028681926,1.0000000000,0.7920000000,250.0000000000,0
1630,99,1,99,29,99,99,0,99,99,0.0211777368,15.3406689586,792.0029407215,1.0000000000,0.7920000000,250.0000000000,0
1631,99,1,99,30,99,99,0,99,99,0.0211477261,15.3195212325,792.0028765565,1.0000000000,0.7920000000,250.0000000000,0
1632,99,1,99,31,99,99,0,99,99,0.0211865396,15.2983346929,792.0029551708,1.0000000000,0.7920000000,250.0000000000,0
1633,99,1,99,32,99,99,0,99,99,0.0211734956,15.2771611974,792.0029332783,1.0000000000,0.7920000000,250.0000000000,0
1634,99,1,99,33,99,99,0,99,99,0.0211843724,15.2559768249,792.0029517256,1.0000000000,0.7920000000,250.0000000000,0
1635,99,1,99,34,99,99,0,99,99,0.0212079251,15.2347688998,792.0029861223,1.0000000000,0.7920000000,250.0000000000,0
1636,99,1,99,35,99,99,0,99,99,0.0211373577,15.2136315421,792.0028404602,1.0000000000,0.7920000000,250.0000000000,0
1637,99,1,99,36,99,99,0,99,99,0.0211504483,15.1924810938,792.0028840020,1.0000000000,0.7920000000,250.0000000000,0
1638,99,1,99,37,99,99,0,99,99,0.0211970960,15.1712839979,792.0029710726,1.0000000000,0.7920000000,250.0000000000,0
1639,99,1,99,38,99,99,0,99,99,0.0211564667,15.1501275312,792.0028988359,1.0000000000,0.7920000000,250.0000000000,0
1640,99,1,99,39,99,99,0,99,99,0.0211437129,15.1289838182,792.0028644084,1.0000000000,0.7920000000,250.0000000000,0
1641,99,1,99,40,99,99,0,99,99,0.0211393636,15.1078444546,792.0028489070,1.0000000000,0.7920000000,250.0000000000,0
1642,99,1,99,41,99,99,0,99,99,0.0211379352,15.0867065195,792.0028430058,1.0000000000,0.7920000000,250.0000000000,0
1643,99,1,99,42,99,99,0,99,99,0.0212055609,15.0655009585,792.0029829313,1.0000000000,0.7920000000,250.0000000000,0
1644,99,1,99,43,99,99,0,99,99,0.0211824226,15.0443185359,792.0029485661,1.0000000000,0.7920000000,250.0000000000,0
1645,99,1,99,44,99,99,0,99,99,0.0211834876,15.0231350483,792.0029502991,1.0000000000,0.7920000000,250.0000000000,0
1646,99,1,99,45,99,99,0,99,99,0.0211612211,15.0019738272,792.0029093690,1.0000000000,0.7920000000,250.0000000000,0
1647,99,1,99,46,99,99,0,99,99,0.0211702525,14.9808035747,792.0029273356,1.0000000000,0.7920000000,250.0000000000,0
1648,99,1,99,47,99,99,0,99,99,0.0211617376,14.9596418370,792.0029104627,1.0000000000,0.7920000000,250.0000000000,0
1649,99,1,99,48,99,99,0,99,99,0.0211418295,14.9385000075,792.0028580683,1.0000000000,0.7920000000,250.0000000000,0
1650,99,1,99,49,99,99,0,99,99,0.0211763194,14.9173236881,792.0029382726,1.0000000000,0.7920000000,250.0000000000,0
1651,99,1,99,50,99,99,0,99,99,0.0211737775,14.8961499107,792.0029337841,1.0000000000,0.7920000000,250.0000000000,0
1652,99,1,99,51,99,99,0,99,99,0.0211420901,14.8750078206,792.0028589753,1.0000000000,0.7920000000,250.0000000000,0
1653,99,1,99,52,99,99,0,99,99,0.0211475333,14.8538602873,792.0028760078,1.0000000000,0.7920000000,250.0000000000,0
1654,99,1,99,53,99,99,0,99,99,0.0212021499,14.8326581374,792.0029782375,1.0000000000,0.7920000000,250.0000000000,0
1655,99,1,99,54,99,99,0,99,99,0.0211552531,14.8115028843,792.0028959958,1.0000000000,0.7920000000,250.0000000000,0
1656,99,1,99,55,99,99,0,99,99,0.0211917507,14.7903111336,792.0029631921,1.0000000000,0.7920000000,250.0000000000,0
1657,99,1,99,56,99,99,0,99,99,0.0211320816,14.7691790520,792.0028083976,1.0000000000,0.7920000000,250.0000000000,0
1658,99,1,99,57,99,99,0,99,99,0.0211710728,14.7480079792,792.0029288608,1.0000000000,0.7920000000,250.0000000000,0
1659,99,1,99,58,99,99,0,99,99,0.0211648754,14.7268431038,792.0029169203,1.0000000000,0.7920000000,250.0000000000,0
1660,99,1,99,59,99,99,0,99,99,0.0211803493,14.7056627545,792.0029451408,1.0000000000,0.7920000000,250.0000000000,0
1661,99,1,99,60,99,99,0,99,99,0.0211875647,14.6844751898,792.0029567774,1.0000000000,0.7920000000,250.0000000000,0
1662,99,1,99,61,99,99,0,99,99,0.0211351901,14.6633399997,792.0028297851,1.0000000000,0.7920000000,250.0000000000,0
1663,99,1,99,62,99,99,0,99,99,0.0211400689,14.6421999307,792.0028516450,1.0000000000,0.7920000000,250.0000000000,0
1664,99,1,99,63,99,99,0,99,99,0.0211458297,14.6210541010,792.0028710155,1.0000000000,0.7920000000,250.0000000000,0
1665,99,1,99,64,99,99,0,99,99,0.0211364630,14.5999176380,792.0028362942,1.0000000000,0.7920000000,250.0000000000,0
1666,99,1,99,65,99,99,0,99,99,0.0211761140,14.5787415241,792.0029379146,1.0000000000,0.7920000000,250.0000000000,0
1667,99,1,99,66,99,99,0,99,99,0.0211307658,14.5576107583,792.0027909585,1.0000000000,0.7920000000,250.0000000000,0
1668,99,1,99,67,99,99,0,99,99,0.0211907103,14.5364200479,792.0029616188,1.0000000000,0.7920000000,250.0000000000,0
1669,99,1,99,68,99,99,0,99,99,0.0211352099,14.5152848381,792.0028298926,1.0000000000,0.7920000000,250.0000000000,0
1670,99,1,99,69,99,99,0,99,99,0.0211905379,14.4940943002,792.0029613567,1.0000000000,0.7920000000,250.0000000000,0
1671,99,1,99,70,99,99,0,99,99,0.0211946434,14.4728996568,792.0029674976,1.0000000000,0.7920000000,250.0000000000,0
1672,99,1,99,71,99,99,0,99,99,0.0211891936,14.4517104632,792.0029593006,1.0000000000,0.7920000000,250.0000000000,0
1673,99,1,99,72,99,99,0,99,99,0.0211980965,14.4305123667,792.0029725120,1.0000000000,0.7920000000,250.0000000000,0
1674,99,1,99,74,99,99,0,99,99,0.0211531646,14.4093592021,792.0028909400,1.0000000000,0.7920000000,250.0000000000,0
1675,99,1,99,74,99,99,0,99,99,0.0211531646,14.3882060376,792.0028909400,1.0000000000,0.7920000000,250.0000000000,0
1676,99,1,99,75,99,99,0,99,99,0.0211944598,14.3670115778,792.0029672273,1.0000000000,0.7920000000,250.0000000000,0
1677,99,1,99,76,99,99,0,99,99,0.0211468200,14.3458647578,792.0028739492,1.0000000000,0.7920000000,250.0000000000,0
1678,99,1,99,77,99,99,0,99,99,0.0211695491,14.3246952087,792.0029260149,1.0000000000,0.7920000000,250.0000000000,0
1679,99,1,99,78,99,99,0,99,99,0.0211881222,14.3035070866,792.0029576448,1.0000000000,0.7920000000,250.0000000000,0
1680,99,1,99,79,99,99,0,99,99,0.0211387381,14.2823683485,792.0028463864,1.0000000000,0.7920000000,250.0000000000,0
1681,99,1,99,80,99,99,0,99,99,0.0211684239,14.2611999246,792.0029238775,1.0000000000,0.7920000000,250.0000000000,0
1682,99,1,99,81,99,99,0,99,99,0.0211570794,14.2400428452,792.0029002446,1.0000000000,0.7920000000,250.0000000000,0
1683,99,1,99,82,99,99,0,99,99,0.0212008830,14.2188419621,792.0029764659,1.0000000000,0.7920000000,250.0000000000,0
1684,99,1,99,83,99,99,0,99,99,0.0211340000,14.1977079622,792.0028228389,1.0000000000,0.7920000000,250.0000000000,0
1685,99,1,99,84,99,99,0,99,99,0.0211527520,14.1765552102,792.0028899141,1.0000000000,0.7920000000,250.0000000000,0
1686,99,1,99,85,99,99,0,99,99,0.0211814105,14.1553737997,792.0029469027,1.0000000000,0.7920000000,250.0000000000,0
1687,99,1,99,86,99,99,0,99,99,0.0211880406,14.1341857591,792.0029575182,1.0000000000,0.7920000000,250.0000000000,0
1688,99,1,99,87,99,99,0,99,99,0.0211819308,14.1130038283,792.0029477599,1.0000000000,0.7920000000,250.0000000000,0
1689,99,1,99,88,99,99,0,99,99,0.0211549501,14.0918488782,792.0028952761,1.0000000000,0.7920000000,250.0000000000,0
1690,99,1,99,89,99,99,0,99,99,0.0211664407,14.0706824375,792.0029200314,1.0000000000,0.7920000000,250.0000000000,0
1691,99,1,99,90,99,99,0,99,99,0.0211683862,14.0495140513,792.0029238054,1.0000000000,0.7920000000,250.0000000000,0
1692,99,1,99,91,99,99,0,99,99,0.0211326738,14.0283813775,792.0028135010,1.0000000000,0.7920000000,250.0000000000,0
1693,99,1,99,92,99,99,0,99,99,0.0211387172,14.0072426603,792.0028463002,1.0000000000,0.7920000000,250.0000000000,0
1694,99,1,99,93,99,99,0,99,99,0.0211841269,13.9860585334,792.0029513310,1.0000000000,0.7920000000,250.0000000000,0
1695,99,1,99,94,99,99,0,99,99,0.0211669791,13.9648915543,792.0029210858,1.0000000000,0.7920000000,250.0000000000,0
1696,99,1,99,95,99,99,0,99,99,0.0211654836,13.9437260707,792.0029181374,1.0000000000,0.7920000000,250.0000000000,0
1697,99,1,99,96,99,99,0,99,99,0.0211809898,13.9225450809,792.0029462064,1.0000000000,0.7920000000,250.0000000000,0
1698,99,1,99,97,99,99,0,99,99,0.0211694271,13.9013756539,792.0029257847,1.0000000000,0.7920000000,250.0000000000,0
1699,99,1,99,98,99,99,0,99,99,0.0211837540,13.8801918999,792.0029507298,1.0000000000,0.7920000000,250.0000000000,0
1700,99,1,99,99,99,99,0,99,99,0.0211525364,13.8590393634,792.0028893743,1.0000000000,0.7920000000,250.0000000000,0
1701,99,1,99,0,99,99,0,99,99,0.0211882157,13.8378511477,792.0029577901,1.0000000000,0.7920000000,250.0000000000,0
1702,99,1,99,1,99,99,0,99,99,0.0211941725,13.8166569752,792.0029668035,1.0000000000,0.7920000000,250.0000000000,0
1703,99,1,99,2,99,99,0,99,99,0.0211723457,13.7954846295,792.0029311978,1.0000000000,0.7920000000,250.0000000000,0
1704,99,1,99,3,99,99,0,99,99,0.0211666969,13.7743179326,792.0029205341,1.0000000000,0.7920000000,250.0000000000,0
1705,99,1,99,4,99,99,0,99,99,0.0211574840,13.7531604486,792.0029011660,1.0000000000,0.7920000000,250.0000000000,0
1706,99,1,99,5,99,99,0,99,99,0.0212060685,13.7319543801,792.0029836205,1.0000000000,0.7920000000,250.0000000000,0
1707,99,1,99,6,99,99,0,99,99,0.0211412410,13.7108131391,792.0028559805,1.0000000000,0.7920000000,250.0000000000,0
1708,99,1,99,7,99,99,0,99,99,0.0211526120,13.6896605271,792.0028895640,1.0000000000,0.7920000000,250.0000000000,0
1709,99,1,99,8,99,99,0,99,99,0.0211644128,13.6684961142,792.0029159874,1.0000000000,0.7920000000,250.0000000000,0
1710,99,1,99,9,99,99,0,99,99,0.0211940174,13.6473020968,792.0029665743,1.0000000000,0.7920000000,250.0000000000,0
1711,99,1,99,10,99,99,0,99,99,0.0211863726,13.6261157243,792.0029549077,1.0000000000,0.7920000000,250.0000000000,0
1712,99,1,99,11,99,99,0,99,99,0.0211414860,13.6049742383,792.0028568564,1.0000000000,0.7920000000,250.0000000000,0
1713,99,1,99,12,99,99,0,99,99,0.0211801138,13.5837941246,792.0029447471,1.0000000000,0.7920000000,250.0000000000,0
1714,99,1,99,13,99,99,0,99,99,0.0211483482,13.5626457763,792.0028783073,1.0000000000,0.7920000000,250.0000000000,0
1715,99,1,99,14,99,99,0,99,99,0.0211360842,13.5415096921,792.0028344368,1.0000000000,0.7920000000,250.0000000000,0
1716,99,1,99,15,99,99,0,99,99,0.0211557766,13.5203539155,792.0028972294,1.0000000000,0.7920000000,250.0000000000,0
1717,99,1,99,16,99,99,0,99,99,0.0211831320,13.4991707835,792.0029497223,1.0000000000,0.7920000000,250.0000000000,0
1718,99,1,99,17,99,99,0,99,99,0.0211861407,13.4779846429,792.0029545417,1.0000000000,0.7920000000,250.0000000000,0
1719,99,1,99,18,99,99,0,99,99,0.0211804794,13.4568041634,792.0029453578,1.0000000000,0.7920000000,250.0000000000,0
1720,99,1,99,19,99,99,0,99,99,0.0211815261,13.4356226373,792.0029470936,1.0000000000,0.7920000000,250.0000000000,0
1721,99,1,99,20,99,99,0,99,99,0.0211471859,13.4144754514,792.0028750108,1.0000000000,0.7920000000,250.0000000000,0
1722,99,1,99,21,99,99,0,99,99,0.0211384805,13.3933369709,792.0028453204,1.0000000000,0.7920000000,250.0000000000,0
1723,99,1,99,22,99,99,0,99,99,0.0211357790,13.3722011918,792.0028328940,1.0000000000,0.7920000000,250.0000000000,0
1724,99,1,99,23,99,99,0,99,99,0.0211446042,13.3510565876,792.0028672504,1.0000000000,0.7920000000,250.0000000000,0
1725,99,1,99,24,99,99,0,99,99,0.0211721378,13.3298844499,792.0029308185,1.0000000000,0.7920000000,250.0000000000,0
1726,99,1,99,25,99,99,0,99,99,0.0211984596,13.3086859903,792.0029730318,1.0000000000,0.7920000000,250.0000000000,0
1727,99,1,99,26,99,99,0,99,99,0.0211413230,13.2875446673,792.0028562749,1.0000000000,0.7920000000,250.0000000000,0
1728,99,1,99,27,99,99,0,99,99,0.0211800245,13.2663646428,792.0029445977,1.0000000000,0.7920000000,250.0000000000,0
1729,99,1,99,28,99,99,0,99,99,0.0211449061,13.2452197367,792.0028681926,1.0000000000,0.7920000000,250.0000000000,0
1730,99,1,99,29,99,99,0,99,99,0.0211777368,13.2240419999,792.0029407215,1.0000000000,0.7920000000,250.0000000000,0
1731,99,1,99,30,99,99,0,99,99,0.0211477261,13.2028942739,792.0028765565,1.0000000000,0.7920000000,250.0000000000,0
1732,99,1,99,31,99,99,0,99,99,0.0211865396,13.1817077343,792.0029551708,1.0000000000,0.7920000000,250.0000000000,0
1733,99,1,99,32,99,99,0,99,99,0.0211734956,13.1605342387,792.0029332783,1.0000000000,0.7920000000,250.0000000000,0
1734,99,1,99,33,99,99,0,99,99,0.0211843724,13.1393498663,792.0029517256,1.0000000000,0.7920000000,250.0000000000,0
1735,99,1,99,34,99,99,0,99,99,0.0212079251,13.1181419412,792.0029861223,1.0000000000,0.7920000000,250.0000000000,0
1736,99,1,99,35,99,99,0,99,99,0.0211373577,13.0970045835,792.0028404602,1.0000000000,0.7920000000,250.0000000000,0
1737,99,1,99,36,99,99,0,99,99,0.0211504483,13.0758541352,792.0028840020,1.0000000000,0.7920000000,250.0000000000,0
1738,99,1,99,37,99,99,0,99,99,0.0211970960,13.0546570392,792.0029710726,1.0000000000,0.7920000000,250.0000000000,0
1739,99,1,99,38,99,99,0,99,99,0.0211564667,13.0335005726,792.0028988359,1.0000000000,0.7920000000,250.0000000000,0
1740,99,1,99,39,99,99,0,99,99,0.0211437129,13.0123568596,792.0028644084,1.0000000000,0.7920000000,250.0000000000,0
1741,99,1,99,40,99,99,0,99,99,0.0211393636,12.9912174960,792.0028489070,1.0000000000,0.7920000000,250.0000000000,0
1742,99,1,99,41,99,99,0,99,99,0.0211379352,12.9700795608,792.0028430058,1.0000000000,0.7920000000,250.0000000000,0
1743,99,1,99,42,99,99,0,99,99,0.0212055609,12.9488739999,792.0029829313,1.0000000000,0.7920000000,250.0000000000,0
1744,99,1,99,43,99,99,0,99,99,0.0211824226,12.9276915773,792.0029485661,1.0000000000,0.7920000000,250.0000000000,0
1745,99,1,99,44,99,99,0,99,99,0.0211834876,12.9065080897,792.0029502991,1.0000000000,0.7920000000,250.0000000000,0
1746,99,1,99,45,99,99,0,99,99,0.0211612211,12.8853468686,792.0029093690,1.0000000000,0.7920000000,250.0000000000,0
1747,99,1,99,46,99,99,0,99,99,0.0211702525,12.8641766160,792.0029273356,1.0000000000,0.7920000000,250.0000000000,0
1748,99,1,99,47,99,99,0,99,99,0.0211617376,12.8430148784,792.0029104627,1.0000000000,0.7920000000,250.0000000000,0
1749,99,1,99,48,99,99,0,99,99,0.0211418295,12.8218730489,792.0028580683,1.0000000000,0.7920000000,250.0000000000,0
1750,99,1,99,49,99,99,0,99,99,0.0211763194,12.8006967295,792.0029382726,1.0000000000,0.7920000000,250.0000000000,0
1751,99,1,99,50,99,99,0,99,99,0.0211737775,12.7795229520,792.0029337841,1.0000000000,0.7920000000,250.0000000000,0
1752,99,1,99,51,99,99,0,99,99,0.0211420901,12.7583808620,792.0028589753,1.0000000000,0.7920000000,250.0000000000,0
1753,99,1,99,52,99,99,0,99,99,0.0211475333,12.7372333286,792.0028760078,1.0000000000,0.7920000000,250.0000000000,0
1754,99,1,99,53,99,99,0,99,99,0.0212021499,12.7160311788,792.0029782375,1.0000000000,0.7920000000,250.0000000000,0
1755,99,1,99,54,99,99,0,99,99,0.0211552531,12.6948759257,792.0028959958,1.0000000000,0.7920000000,250.0000000000,0
1756,99,1,99,55,99,99,0,99,99,0.0211917507,12.6736841750,792.0029631921,1.0000000000,0.7920000000,250.0000000000,0
1757,99,1,99,56,99,99,0,99,99,0.0211320816,12.6525520933,792.0028083976,1.0000000000,0.7920000000,250.0000000000,0
1758,99,1,99,57,99,99,0,99,99,0.0211710728,12.6313810206,792.0029288608,1.0000000000,0.7920000000,250.0000000000,0
1759,99,1,99,58,99,99,0,99,99,0.0211648754,12.6102161452,792.0029169203,1.0000000000,0.7920000000,250.0000000000,0
1760,99,1,99,59,99,99,0,99,99,0.0211803493,12.5890357959,792.0029451408,1.0000000000,0.7920000000,250.0000000000,0
1761,99,1,99,60,99,99,0,99,99,0.0211875647,12.5678482311,792.0029567774,1.0000000000,0.7920000000,250.0000000000,0
1762,99,1,99,61,99,99,0,99,99,0.0211351901,12.5467130410,792.0028297851,1.0000000000,0.7920000000,250.0000000000,0
1763,99,1,99,62,99,99,0,99,99,0.0211400689,12.5255729721,792.0028516450,1.0000000000,0.7920000000,250.0000000000,0
1764,99,1,99,63,99,99,0,99,99,0.0211458297,12.5044271424,792.0028710155,1.0000000000,0.7920000000,250.0000000000,0
1765,99,1,99,64,99,99,0,99,99,0.0211364630,12.4832906794,792.0028362942,1.0000000000,0.7920000000,250.0000000000,0
1766,99,1,99,65,99,99,0,99,99,0.0211761140,12.4621145654,792.0029379146,1.0000000000,0.7920000000,250.0000000000,0
1767,99,1,99,66,99,99,0,99,99,0.0211307658,12.4409837996,792.0027909585,1.0000000000,0.7920000000,250.0000000000,0
1768,99,1,99,67,99,99,0,99,99,0.0211907103,12.4197930893,792.0029616188,1.0000000000,0.7920000000,250.0000000000,0
1769,99,1,99,68,99,99,0,99,99,0.0211352099,12.3986578794,792.0028298926,1.0000000000,0.7920000000,250.0000000000,0
1770,99,1,99,69,99,99,0,99,99,0.0211905379,12.3774673415,792.0029613567,1.0000000000,0.7920000000,250.0000000000,0
1771,99,1,99,70,99,99,0,99,99,0.0211946434,12.3562726981,792.0029674976,1.0000000000,0.7920000000,250.0000000000,0
1772,99,1,99,71,99,99,0,99,99,0.0211891936,12.3350835045,792.0029593006,1.0000000000,0.7920000000,250.0000000000,0
1773,99,1,99,72,99,99,0,99,99,0.0211980965,12.3138854081,792.0029725120,1.0000000000,0.7920000000,250.0000000000,0
1774,99,1,99,74,99,99,0,99,99,0.0211531646,12.2927322435,792.0028909400,1.0000000000,0.7920000000,250.0000000000,0
1775,99,1,99,74,99,99,0,99,99,0.0211531646,12.2715790790,792.0028909400,1.0000000000,0.7920000000,250.0000000000,0
1776,99,1,99,75,99,99,0,99,99,0.0211944598,12.2503846192,792.0029672273,1.0000000000,0.7920000000,250.0000000000,0
1777,99,1,99,76,99,99,0,99,99,0.0211468200,12.2292377992,792.0028739492,1.0000000000,0.7920000000,250.0000000000,0
1778,99,1,99,77,99,99,0,99,99,0.0211695491,12.2080682501,792.0029260149,1.0000000000,0.7920000000,250.0000000000,0
1779,99,1,99,78,99,99,0,99,99,0.0211881222,12.1868801280,792.0029576448,1.0000000000,0.7920000000,250.0000000000,0
1780,99,1,99,79,99,99,0,99,99,0.0211387381,12.1657413898,792.0028463864,1.0000000000,0.7920000000,250.0000000000,0
1781,99,1,99,80,99,99,0,99,99,0.0211684239,12.1445729659,792.0029238775,1.0000000000,0.7920000000,250.0000000000,0
1782,99,1,99,81,99,99,0,99,99,0.0211570794,12.1234158865,792.0029002446,1.0000000000,0.7920000000,250.0000000000,0
1783,99,1,99,82,99,99,0,99,99,0.0212008830,12.1022150035,792.0029764659,1.0000000000,0.7920000000,250.0000000000,0
1784,99,1,99,83,99,99,0,99,99,0.0211340000,12.0810810035,792.0028228389,1.0000000000,0.7920000000,250.0000000000,0
1785,99,1,99,84,99,99,0,99,99,0.0211527520,12.0599282516,792.0028899141,1.0000000000,0.7920000000,250.0000000000,0
1786,99,1,99,85,99,99,0,99,99,0.0211814105,12.0387468411,792.0029469027,1.0000000000,0.7920000000,250.0000000000,0
1787,99,1,99,86,99,99,0,99,99,0.0211880406,12.0175588005,792.0029575182,1.0000000000,0.7920000000,250.0000000000,0
1788,99,1,99,87,99,99,0,99,99,0.0211819308,11.9963768697,792.0029477599,1.0000000000,0.7920000000,250.0000000000,0
1789,99,1,99,88,99,99,0,99,99,0.0211549501,11.9752219195,792.0028952761,1.0000000000,0.7920000000,250.0000000000,0
1790,98,2,99,89,99,91,8,98,98,0.0208017846,11.9544201350,784.0025817191,0.9191919192,0.7840000000,232.1428571429,1
1791,98,2,98,90,98,98,0,98,98,0.0209693148,11.9334508201,784.0029326570,1.0000000000,0.7840000000,250.0000000000,0
1792,98,2,98,91,98,98,0,98,98,0.0209336024,11.9125172177,784.0028223527,1.0000000000,0.7840000000,250.0000000000,0
1793,98,2,98,92,98,98,0,98,98,0.0209396458,11.8915775719,784.0028551519,1.0000000000,0.7840000000,250.0000000000,0
1794,98,2,98,93,98,98,0,98,98,0.0209850556,11.8705925164,784.0029601827,1.0000000000,0.7840000000,250.0000000000,0
1795,98,2,98,95,98,98,0,98,98,0.0209664122,11.8496261041,784.0029269890,1.0000000000,0.7840000000,250.0000000000,0
1796,98,2,98,95,98,98,0,98,98,0.0209664122,11.8286596919,784.0029269890,1.0000000000,0.7840000000,250.0000000000,0
1797,98,2,98,96,98,98,0,98,98,0.0209819184,11.8076777735,784.0029550580,1.0000000000,0.7840000000,250.0000000000,0
1798,98,2,98,97,98,98,0,98,98,0.0209703557,11.7867074178,784.0029346363,1.0000000000,0.7840000000,250.0000000000,0
1799,98,2,98,98,98,98,0,98,98,0.0209846826,11.7657227352,784.0029595814,1.0000000000,0.7840000000,250.0000000000,0
1800,98,2,98,99,98,98,0,98,98,0.0209534650,11.7447692702,784.0028982260,1.0000000000,0.7840000000,250.0000000000,0
1801,98,2,98,0,98,98,0,98,98,0.0209891443,11.7237801258,784.0029666417,1.0000000000,0.7840000000,250.0000000000,0
1802,98,2,98,1,98,98,0,98,98,0.0209951012,11.7027850247,784.0029756552,1.0000000000,0.7840000000,250.0000000000,0
1803,98,2,98,2,98,98,0,98,98,0.0209732743,11.6818117503,784.0029400494,1.0000000000,0.7840000000,250.0000000000,0
1804,98,2,98,3,98,98,0,98,98,0.0209676255,11.6608441248,784.0029293858,1.0000000000,0.7840000000,250.0000000000,0
1805,98,2,98,4,98,98,0,98,98,0.0209584126,11.6398857122,784.0029100177,1.0000000000,0.7840000000,250.0000000000,0
1806,98,2,98,5,98,98,0,98,98,0.0210069971,11.6188787151,784.0029924722,1.0000000000,0.7840000000,250.0000000000,0
1807,98,2,98,6,98,98,0,98,98,0.0209421696,11.5979365455,784.0028648322,1.0000000000,0.7840000000,250.0000000000,0
1808,98,2,98,7,98,98,0,98,98,0.0209535406,11.5769830048,784.0028984156,1.0000000000,0.7840000000,250.0000000000,0
1809,98,2,98,8,98,98,0,98,98,0.0209653415,11.5560176634,784.0029248391,1.0000000000,0.7840000000,250.0000000000,0
1810,98,2,98,9,98,98,0,98,98,0.0209949460,11.5350227174,784.0029754259,1.0000000000,0.7840000000,250.0000000000,0
1811,98,2,98,10,98,98,0,98,98,0.0209873012,11.5140354162,784.0029637594,1.0000000000,0.7840000000,250.0000000000,0
1812,98,2,98,11,98,98,0,98,98,0.0209424146,11.4930930016,784.0028657081,1.0000000000,0.7840000000,250.0000000000,0
1813,98,2,98,12,98,98,0,98,98,0.0209810424,11.4721119592,784.0029535988,1.0000000000,0.7840000000,250.0000000000,0
1814,98,2,98,13,98,98,0,98,98,0.0209492768,11.4511626824,784.0028871589,1.0000000000,0.7840000000,250.0000000000,0
1815,98,2,98,14,98,98,0,98,98,0.0209370128,11.4302256696,784.0028432885,1.0000000000,0.7840000000,250.0000000000,0
1816,98,2,98,15,98,98,0,98,98,0.0209567053,11.4092689643,784.0029060811,1.0000000000,0.7840000000,250.0000000000,0
1817,98,2,98,16,98,98,0,98,98,0.0209840606,11.3882849037,784.0029585740,1.0000000000,0.7840000000,250.0000000000,0
1818,98,2,98,17,98,98,0,98,98,0.0209870693,11.3672978344,784.0029633934,1.0000000000,0.7840000000,250.0000000000,0
1819,98,2,98,18,98,98,0,98,98,0.0209814080,11.3463164264,784.0029542095,1.0000000000,0.7840000000,250.0000000000,0
1820,98,2,98,19,98,98,0,98,98,0.0209824548,11.3253339716,784.0029559452,1.0000000000,0.7840000000,250.0000000000,0
1821,98,2,98,20,98,98,0,98,98,0.0209481146,11.3043858571,784.0028838625,1.0000000000,0.7840000000,250.0000000000,0
1822,98,2,98,21,98,98,0,98,98,0.0209394091,11.2834464480,784.0028541721,1.0000000000,0.7840000000,250.0000000000,0
1823,98,2,98,22,98,98,0,98,98,0.0209367077,11.2625097403,784.0028417457,1.0000000000,0.7840000000,250.0000000000,0
1824,98,2,98,23,98,98,0,98,98,0.0209455328,11.2415642075,784.0028761021,1.0000000000,0.7840000000,250.0000000000,0
1825,98,2,98,24,98,98,0,98,98,0.0209730664,11.2205911411,784.0029396701,1.0000000000,0.7840000000,250.0000000000,0
1826,98,2,98,25,98,98,0,98,98,0.0209993882,11.1995917529,784.0029818835,1.0000000000,0.7840000000,250.0000000000,0
1827,98,2,98,26,98,98,0,98,98,0.0209422516,11.1786495013,784.0028651265,1.0000000000,0.7840000000,250.0000000000,0
1828,98,2,98,27,98,98,0,98,98,0.0209809531,11.1576685481,784.0029534494,1.0000000000,0.7840000000,250.0000000000,0
1829,98,2,98,28,98,98,0,98,98,0.0209458347,11.1367227134,784.0028770443,1.0000000000,0.7840000000,250.0000000000,0
1830,98,2,98,29,98,98,0,98,98,0.0209786654,11.1157440480,784.0029495731,1.0000000000,0.7840000000,250.0000000000,0
1831,98,2,98,30,98,98,0,98,98,0.0209486547,11.0947953933,784.0028854082,1.0000000000,0.7840000000,250.0000000000,0
1832,98,2,98,31,98,98,0,98,98,0.0209874682,11.0738079252,784.0029640225,1.0000000000,0.7840000000,250.0000000000,0
1833,98,2,98,32,98,98,0,98,98,0.0209744242,11.0528335010,784.0029421300,1.0000000000,0.7840000000,250.0000000000,0
1834,98,2,98,33,98,98,0,98,98,0.0209853010,11.0318481999,784.0029605772,1.0000000000,0.7840000000,250.0000000000,0
1835,98,2,98,34,98,98,0,98,98,0.0210088538,11.0108393462,784.0029949739,1.0000000000,0.7840000000,250.0000000000,0
1836,98,2,98,35,98,98,0,98,98,0.0209382863,10.9899010599,784.0028493118,1.0000000000,0.7840000000,250.0000000000,0
1837,98,2,98,36,98,98,0,98,98,0.0209513769,10.9689496830,784.0028928537,1.0000000000,0.7840000000,250.0000000000,0
1838,98,2,98,37,98,98,0,98,98,0.0209980246,10.9479516584,784.0029799243,1.0000000000,0.7840000000,250.0000000000,0
1839,98,2,98,38,98,98,0,98,98,0.0209573953,10.9269942631,784.0029076876,1.0000000000,0.7840000000,250.0000000000,0
1840,98,2,98,39,98,98,0,98,98,0.0209446416,10.9060496215,784.0028732600,1.0000000000,0.7840000000,250.0000000000,0
1841,98,2,98,40,98,98,0,98,98,0.0209402922,10.8851093293,784.0028577587,1.0000000000,0.7840000000,250.0000000000,0
1842,98,2,98,41,98,98,0,98,98,0.0209388638,10.8641704655,784.0028518574,1.0000000000,0.7840000000,250.0000000000,0
1843,98,2,98,42,98,98,0,98,98,0.0210064896,10.8431639760,784.0029917830,1.0000000000,0.7840000000,250.0000000000,0
1844,98,2,98,43,98,98,0,98,98,0.0209833512,10.8221806247,784.0029574178,1.0000000000,0.7840000000,250.0000000000,0
1845,98,2,98,44,98,98,0,98,98,0.0209844163,10.8011962085,784.0029591508,1.0000000000,0.7840000000,250.0000000000,0
1846,98,2,98,45,98,98,0,98,98,0.0209621497,10.7802340587,784.0029182207,1.0000000000,0.7840000000,250.0000000000,0
1847,98,2,98,46,98,98,0,98,98,0.0209711812,10.7592628776,784.0029361872,1.0000000000,0.7840000000,250.0000000000,0
1848,98,2,98,47,98,98,0,98,98,0.0209626663,10.7383002113,784.0029193143,1.0000000000,0.7840000000,250.0000000000,0
1849,98,2,98,48,98,98,0,98,98,0.0209427581,10.7173574532,784.0028669200,1.0000000000,0.7840000000,250.0000000000,0
1850,98,2,98,49,98,98,0,98,98,0.0209772480,10.6963802052,784.0029471243,1.0000000000,0.7840000000,250.0000000000,0
1851,98,2,98,50,98,98,0,98,98,0.0209747061,10.6754054991,784.0029426358,1.0000000000,0.7840000000,250.0000000000,0
1852,98,2,98,51,98,98,0,98,98,0.0209430187,10.6544624804,784.0028678269,1.0000000000,0.7840000000,250.0000000000,0
1853,98,2,98,52,98,98,0,98,98,0.0209484620,10.6335140185,784.0028848595,1.0000000000,0.7840000000,250.0000000000,0
1854,98,2,98,53,98,98,0,98,98,0.0210030785,10.6125109400,784.0029870892,1.0000000000,0.7840000000,250.0000000000,0
1855,98,2,98,54,98,98,0,98,98,0.0209561817,10.5915547583,784.0029048475,1.0000000000,0.7840000000,250.0000000000,0
1856,98,2,98,55,98,98,0,98,98,0.0209926793,10.5705620789,784.0029720437,1.0000000000,0.7840000000,250.0000000000,0
1857,98,2,98,56,98,98,0,98,98,0.0209330103,10.5496290687,784.0028172493,1.0000000000,0.7840000000,250.0000000000,0
1858,98,2,98,57,98,98,0,98,98,0.0209720014,10.5286570673,784.0029377125,1.0000000000,0.7840000000,250.0000000000,0
1859,98,2,98,58,98,98,0,98,98,0.0209658040,10.5076912633,784.0029257720,1.0000000000,0.7840000000,250.0000000000,0
1860,98,2,98,59,98,98,0,98,98,0.0209812779,10.4867099854,784.0029539925,1.0000000000,0.7840000000,250.0000000000,0
1861,98,2,98,60,98,98,0,98,98,0.0209884934,10.4657214920,784.0029656290,1.0000000000,0.7840000000,250.0000000000,0
1862,98,2,98,61,98,98,0,98,98,0.0209361187,10.4447853733,784.0028386367,1.0000000000,0.7840000000,250.0000000000,0
1863,98,2,98,62,98,98,0,98,98,0.0209409975,10.4238443757,784.0028604967,1.0000000000,0.7840000000,250.0000000000,0
1864,98,2,98,63,98,98,0,98,98,0.0209467583,10.4028976174,784.0028798672,1.0000000000,0.7840000000,250.0000000000,0
1865,98,2,98,64,98,98,0,98,98,0.0209373916,10.3819602258,784.0028451459,1.0000000000,0.7840000000,250.0000000000,0
1866,98,2,98,65,98,98,0,98,98,0.0209770426,10.3609831832,784.0029467663,1.0000000000,0.7840000000,250.0000000000,0
1867,98,2,98,66,98,98,0,98,98,0.0209316944,10.3400514888,784.0027998102,1.0000000000,0.7840000000,250.0000000000,0
1868,98,2,98,67,98,98,0,98,98,0.0209916389,10.3190598498,784.0029704705,1.0000000000,0.7840000000,250.0000000000,0
1869,98,2,98,68,98,98,0,98,98,0.0209361385,10.2981237113,784.0028387443,1.0000000000,0.7840000000,250.0000000000,0
1870,98,2,98,69,98,98,0,98,98,0.0209914665,10.2771322448,784.0029702084,1.0000000000,0.7840000000,250.0000000000,0
1871,98,2,98,70,98,98,0,98,98,0.0209955720,10.2561366728,784.0029763493,1.0000000000,0.7840000000,250.0000000000,0
1872,98,2,98,71,98,98,0,98,98,0.0209901222,10.2351465506,784.0029681522,1.0000000000,0.7840000000,250.0000000000,0
1873,98,2,98,72,98,98,0,98,98,0.0209990251,10.2141475255,784.0029813637,1.0000000000,0.7840000000,250.0000000000,0
1874,98,2,98,74,98,98,0,98,98,0.0209540932,10.1931934323,784.0028997917,1.0000000000,0.7840000000,250.0000000000,0
1875,98,2,98,74,98,98,0,98,98,0.0209540932,10.1722393391,784.0028997917,1.0000000000,0.7840000000,250.0000000000,0
1876,98,2,98,75,98,98,0,98,98,0.0209953884,10.1512439507,784.0029760789,1.0000000000,0.7840000000,250.0000000000,0
1877,98,2,98,76,98,98,0,98,98,0.0209477486,10.1302962021,784.0028828009,1.0000000000,0.7840000000,250.0000000000,0
1878,98,2,98,77,98,98,0,98,98,0.0209704777,10.1093257244,784.0029348666,1.0000000000,0.7840000000,250.0000000000,0
1879,98,2,98,78,98,98,0,98,98,0.0209890508,10.0883366737,784.0029664965,1.0000000000,0.7840000000,250.0000000000,0
1880,98,2,98,79,98,98,0,98,98,0.0209396667,10.0673970069,784.0028552380,1.0000000000,0.7840000000,250.0000000000,0
1881,98,2,98,80,98,98,0,98,98,0.0209693525,10.0464276544,784.0029327292,1.0000000000,0.7840000000,250.0000000000,0
1882,98,2,98,81,98,98,0,98,98,0.0209580080,10.0254696464,784.0029090963,1.0000000000,0.7840000000,250.0000000000,0
1883,98,2,98,82,98,98,0,98,98,0.0210018117,10.0044678347,784.0029853176,1.0000000000,0.7840000000,250.0000000000,0
1884,98,2,98,83,98,98,0,98,98,0.0209349286,9.9835329061,784.0028316905,1.0000000000,0.7840000000,250.0000000000,0
1885,98,2,98,84,98,98,0,98,98,0.0209536806,9.9625792255,784.0028987658,1.0000000000,0.7840000000,250.0000000000,0
1886,98,2,98,85,98,98,0,98,98,0.0209823391,9.9415968864,784.0029557544,1.0000000000,0.7840000000,250.0000000000,0
1887,98,2,98,86,98,98,0,98,98,0.0209889692,9.9206079172,784.0029663698,1.0000000000,0.7840000000,250.0000000000,0
1888,98,2,98,87,98,98,0,98,98,0.0209828594,9.8996250578,784.0029566115,1.0000000000,0.7840000000,250.0000000000,0
1889,98,2,98,88,98,98,0,98,98,0.0209558788,9.8786691790,784.0029041277,1.0000000000,0.7840000000,250.0000000000,0
1890,98,2,98,89,98,98,0,98,98,0.0209673693,9.8577018097,784.0029288831,1.0000000000,0.7840000000,250.0000000000,0
1891,98,2,98,90,98,98,0,98,98,0.0209693148,9.8367324949,784.0029326570,1.0000000000,0.7840000000,250.0000000000,0
1892,98,2,98,91,98,98,0,98,98,0.0209336024,9.8157988925,784.0028223527,1.0000000000,0.7840000000,250.0000000000,0
1893,98,2,98,92,98,98,0,98,98,0.0209396458,9.7948592467,784.0028551519,1.0000000000,0.7840000000,250.0000000000,0
1894,98,2,98,93,98,98,0,98,98,0.0209850556,9.7738741911,784.0029601827,1.0000000000,0.7840000000,250.0000000000,0
1895,98,2,98,95,98,98,0,98,98,0.0209664122,9.7529077789,784.0029269890,1.0000000000,0.7840000000,250.0000000000,0
1896,98,2,98,95,98,98,0,98,98,0.0209664122,9.7319413667,784.0029269890,1.0000000000,0.7840000000,250.0000000000,0
1897,98,2,98,96,98,98,0,98,98,0.0209819184,9.7109594483,784.0029550580,1.0000000000,0.7840000000,250.0000000000,0
1898,98,2,98,97,98,98,0,98,98,0.0209703557,9.6899890926,784.0029346363,1.0000000000,0.7840000000,250.0000000000,0
1899,98,2,98,98,98,98,0,98,98,0.0209846826,9.6690044100,784.0029595814,1.0000000000,0.7840000000,250.0000000000,0
1900,98,2,98,99,98,98,0,98,98,0.0209534650,9.6480509449,784.0028982260,1.0000000000,0.7840000000,250.0000000000,0
1901,98,2,98,0,98,98,0,98,98,0.0209891443,9.6270618006,784.0029666417,1.0000000000,0.7840000000,250.0000000000,0
1902,98,2,98,1,98,98,0,98,98,0.0209951012,9.6060666994,784.0029756552,1.0000000000,0.7840000000,250.0000000000,0
1903,98,2,98,2,98,98,0,98,98,0.0209732743,9.5850934251,784.0029400494,1.0000000000,0.7840000000,250.0000000000,0
1904,98,2,98,3,98,98,0,98,98,0.0209676255,9.5641257996,784.0029293858,1.0000000000,0.7840000000,250.0000000000,0
1905,98,2,98,4,98,98,0,98,98,0.0209584126,9.5431673869,784.0029100177,1.0000000000,0.7840000000,250.0000000000,0
1906,98,2,98,5,98,98,0,98,98,0.0210069971,9.5221603898,784.0029924722,1.0000000000,0.7840000000,250.0000000000,0
1907,98,2,98,6,98,98,0,98,98,0.0209421696,9.5012182203,784.0028648322,1.0000000000,0.7840000000,250.0000000000,0
1908,98,2,98,7,98,98,0,98,98,0.0209535406,9.4802646796,784.0028984156,1.0000000000,0.7840000000,250.0000000000,0
1909,98,2,98,8,98,98,0,98,98,0.0209653415,9.4592993381,784.0029248391,1.0000000000,0.7840000000,250.0000000000,0
1910,98,2,98,9,98,98,0,98,98,0.0209949460,9.4383043921,784.0029754259,1.0000000000,0.7840000000,250.0000000000,0
1911,98,2,98,10,98,98,0,98,98,0.0209873012,9.4173170910,784.0029637594,1.0000000000,0.7840000000,250.0000000000,0
1912,98,2,98,11,98,98,0,98,98,0.0209424146,9.3963746764,784.0028657081,1.0000000000,0.7840000000,250.0000000000,0
1913,98,2,98,12,98,98,0,98,98,0.0209810424,9.3753936340,784.0029535988,1.0000000000,0.7840000000,250.0000000000,0
1914,98,2,98,13,98,98,0,98,98,0.0209492768,9.3544443571,784.0028871589,1.0000000000,0.7840000000,250.0000000000,0
1915,98,2,98,14,98,98,0,98,98,0.0209370128,9.3335073443,784.0028432885,1.0000000000,0.7840000000,250.0000000000,0
1916,98,2,98,15,98,98,0,98,98,0.0209567053,9.3125506391,784.0029060811,1.0000000000,0.7840000000,250.0000000000,0
1917,98,2,98,16,98,98,0,98,98,0.0209840606,9.2915665785,784.0029585740,1.0000000000,0.7840000000,250.0000000000,0
1918,98,2,98,17,98,98,0,98,98,0.0209870693,9.2705795092,784.0029633934,1.0000000000,0.7840000000,250.0000000000,0
1919,98,2,98,18,98,98,0,98,98,0.0209814080,9.2495981011,784.0029542095,1.0000000000,0.7840000000,250.0000000000,0
1920,98,2,98,19,98,98,0,98,98,0.0209824548,9.2286156464,784.0029559452,1.0000000000,0.7840000000,250.0000000000,0
1921,98,2,98,20,98,98,0,98,98,0.0209481146,9.2076675318,784.0028838625,1.0000000000,0.7840000000,250.0000000000,0
1922,98,2,98,21,98,98,0,98,98,0.0209394091,9.1867281227,784.0028541721,1.0000000000,0.7840000000,250.0000000000,0
1923,98,2,98,22,98,98,0,98,98,0.0209367077,9.1657914151,784.0028417457,1.0000000000,0.7840000000,250.0000000000,0
1924,98,2,98,23,98,98,0,98,98,0.0209455328,9.1448458822,784.0028761021,1.0000000000,0.7840000000,250.0000000000,0
1925,98,2,98,24,98,98,0,98,98,0.0209730664,9.1238728158,784.0029396701,1.0000000000,0.7840000000,250.0000000000,0
1926,98,2,98,25,98,98,0,98,98,0.0209993882,9.1028734276,784.0029818835,1.0000000000,0.7840000000,250.0000000000,0
1927,98,2,98,26,98,98,0,98,98,0.0209422516,9.0819311760,784.0028651265,1.0000000000,0.7840000000,250.0000000000,0
1928,98,2,98,27,98,98,0,98,98,0.0209809531,9.0609502229,784.0029534494,1.0000000000,0.7840000000,250.0000000000,0
1929,98,2,98,28,98,98,0,98,98,0.0209458347,9.0400043882,784.0028770443,1.0000000000,0.7840000000,250.0000000000,0
1930,98,2,98,29,98,98,0,98,98,0.0209786654,9.0190257228,784.0029495731,1.0000000000,0.7840000000,250.0000000000,0
1931,98,2,98,30,98,98,0,98,98,0.0209486547,8.9980770681,784.0028854082,1.0000000000,0.7840000000,250.0000000000,0
1932,98,2,98,31,98,98,0,98,98,0.0209874682,8.9770895999,784.0029640225,1.0000000000,0.7840000000,250.0000000000,0
1933,98,2,98,32,98,98,0,98,98,0.0209744242,8.9561151757,784.0029421300,1.0000000000,0.7840000000,250.0000000000,0
1934,98,2,98,33,98,98,0,98,98,0.0209853010,8.9351298747,784.0029605772,1.0000000000,0.7840000000,250.0000000000,0
1935,98,2,98,34,98,98,0,98,98,0.0210088538,8.9141210209,784.0029949739,1.0000000000,0.7840000000,250.0000000000,0
1936,98,2,98,35,98,98,0,98,98,0.0209382863,8.8931827346,784.0028493118,1.0000000000,0.7840000000,250.0000000000,0
1937,98,2,98,36,98,98,0,98,98,0.0209513769,8.8722313577,784.0028928537,1.0000000000,0.7840000000,250.0000000000,0
1938,98,2,98,37,98,98,0,98,98,0.0209980246,8.8512333331,784.0029799243,1.0000000000,0.7840000000,250.0000000000,0
1939,98,2,98,38,98,98,0,98,98,0.0209573953,8.8302759378,784.0029076876,1.0000000000,0.7840000000,250.0000000000,0
1940,98,2,98,39,98,98,0,98,98,0.0209446416,8.8093312963,784.0028732600,1.0000000000,0.7840000000,250.0000000000,0
1941,98,2,98,40,98,98,0,98,98,0.0209402922,8.7883910041,784.0028577587,1.0000000000,0.7840000000,250.0000000000,0
1942,98,2,98,41,98,98,0,98,98,0.0209388638,8.7674521403,784.0028518574,1.0000000000,0.7840000000,250.0000000000,0
1943,98,2,98,42,98,98,0,98,98,0.0210064896,8.7464456507,784.0029917830,1.0000000000,0.7840000000,250.0000000000,0
1944,98,2,98,43,98,98,0,98,98,0.0209833512,8.7254622995,784.0029574178,1.0000000000,0.7840000000,250.0000000000,0
1945,98,2,98,44,98,98,0,98,98,0.0209844163,8.7044778832,784.0029591508,1.0000000000,0.7840000000,250.0000000000,0
1946,98,2,98,45,98,98,0,98,98,0.0209621497,8.6835157335,784.0029182207,1.0000000000,0.7840000000,250.0000000000,0
1947,98,2,98,46,98,98,0,98,98,0.0209711812,8.6625445523,784.0029361872,1.0000000000,0.7840000000,250.0000000000,0
1948,98,2,98,47,98,98,0,98,98,0.0209626663,8.6415818861,784.0029193143,1.0000000000,0.7840000000,250.0000000000,0
1949,98,2,98,48,98,98,0,98,98,0.0209427581,8.6206391279,784.0028669200,1.0000000000,0.7840000000,250.0000000000,0
1950,98,2,98,49,98,98,0,98,98,0.0209772480,8.5996618800,784.0029471243,1.0000000000,0.7840000000,250.0000000000,0
1951,98,2,98,50,98,98,0,98,98,0.0209747061,8.5786871739,784.0029426358,1.0000000000,0.7840000000,250.0000000000,0
1952,98,2,98,51,98,98,0,98,98,0.0209430187,8.5577441552,784.0028678269,1.0000000000,0.7840000000,250.0000000000,0
1953,98,2,98,52,98,98,0,98,98,0.0209484620,8.5367956932,784.0028848595,1.0000000000,0.7840000000,250.0000000000,0
1954,98,2,98,53,98,98,0,98,98,0.0210030785,8.5157926147,784.0029870892,1.0000000000,0.7840000000,250.0000000000,0
1955,98,2,98,54,98,98,0,98,98,0.0209561817,8.4948364330,784.0029048475,1.0000000000,0.7840000000,250.0000000000,0
1956,98,2,98,55,98,98,0,98,98,0.0209926793,8.4738437537,784.0029720437,1.0000000000,0.7840000000,250.0000000000,0
1957,98,2,98,56,98,98,0,98,98,0.0209330103,8.4529107435,784.0028172493,1.0000000000,0.7840000000,250.0000000000,0
1958,98,2,98,57,98,98,0,98,98,0.0209720014,8.4319387421,784.0029377125,1.0000000000,0.7840000000,250.0000000000,0
1959,98,2,98,58,98,98,0,98,98,0.0209658040,8.4109729381,784.0029257720,1.0000000000,0.7840000000,250.0000000000,0
1960,98,2,98,59,98,98,0,98,98,0.0209812779,8.3899916601,784.0029539925,1.0000000000,0.7840000000,250.0000000000,0
1961,98,2,98,60,98,98,0,98,98,0.0209884934,8.3690031668,784.0029656290,1.0000000000,0.7840000000,250.0000000000,0
1962,98,2,98,61,98,98,0,98,98,0.0209361187,8.3480670480,784.0028386367,1.0000000000,0.7840000000,250.0000000000,0
1963,98,2,98,62,98,98,0,98,98,0.0209409975,8.3271260505,784.0028604967,1.0000000000,0.7840000000,250.0000000000,0
1964,98,2,98,63,98,98,0,98,98,0.0209467583,8.3061792922,784.0028798672,1.0000000000,0.7840000000,250.0000000000,0
1965,98,2,98,64,98,98,0,98,98,0.0209373916,8.2852419006,784.0028451459,1.0000000000,0.7840000000,250.0000000000,0
1966,98,2,98,65,98,98,0,98,98,0.0209770426,8.2642648580,784.0029467663,1.0000000000,0.7840000000,250.0000000000,0
1967,98,2,98,66,98,98,0,98,98,0.0209316944,8.2433331635,784.0027998102,1.0000000000,0.7840000000,250.0000000000,0
1968,98,2,98,67,98,98,0,98,98,0.0209916389,8.2223415246,784.0029704705,1.0000000000,0.7840000000,250.0000000000,0
1969,98,2,98,68,98,98,0,98,98,0.0209361385,8.2014053861,784.0028387443,1.0000000000,0.7840000000,250.0000000000,0
1970,98,2,98,69,98,98,0,98,98,0.0209914665,8.1804139196,784.0029702084,1.0000000000,0.7840000000,250.0000000000,0
1971,98,2,98,70,98,98,0,98,98,0.0209955720,8.1594183475,784.0029763493,1.0000000000,0.7840000000,250.0000000000,0
1972,98,2,98,71,98,98,0,98,98,0.0209901222,8.1384282253,784.0029681522,1.0000000000,0.7840000000,250.0000000000,0
1973,98,2,98,72,98,98,0,98,98,0.0209990251,8.1174292002,784.0029813637,1.0000000000,0.7840000000,250.0000000000,0
1974,98,2,98,74,98,98,0,98,98,0.0209540932,8.0964751071,784.0028997917,1.0000000000,0.7840000000,250.0000000000,0
1975,98,2,98,74,98,98,0,98,98,0.0209540932,8.0755210139,784.0028997917,1.0000000000,0.7840000000,250.0000000000,0
1976,98,2,98,75,98,98,0,98,98,0.0209953884,8.0545256255,784.0029760789,1.0000000000,0.7840000000,250.0000000000,0
1977,98,2,98,76,98,98,0,98,98,0.0209477486,8.0335778769,784.0028828009,1.0000000000,0.7840000000,250.0000000000,0
1978,98,2,98,77,98,98,0,98,98,0.0209704777,8.0126073992,784.0029348666,1.0000000000,0.7840000000,250.0000000000,0
1979,98,2,98,78,98,98,0,98,98,0.0209890508,7.9916183484,784.0029664965,1.0000000000,0.7840000000,250.0000000000,0
1980,98,2,98,79,98,98,0,98,98,0.0209396667,7.9706786817,784.0028552380,1.0000000000,0.7840000000,250.0000000000,0
1981,98,2,98,80,98,98,0,98,98,0.0209693525,7.9497093291,784.0029327292,1.0000000000,0.7840000000,250.0000000000,0
1982,98,2,98,81,98,98,0,98,98,0.0209580080,7.9287513211,784.0029090963,1.0000000000,0.7840000000,250.0000000000,0
1983,98,2,98,82,98,98,0,98,98,0.0210018117,7.9077495095,784.0029853176,1.0000000000,0.7840000000,250.0000000000,0
1984,98,2,98,83,98,98,0,98,98,0.0209349286,7.8868145809,784.0028316905,1.0000000000,0.7840000000,250.0000000000,0
1985,98,2,98,84,98,98,0,98,98,0.0209536806,7.8658609003,784.0028987658,1.0000000000,0.7840000000,250.0000000000,0
1986,98,2,98,85,98,98,0,98,98,0.0209823391,7.8448785612,784.0029557544,1.0000000000,0.7840000000,250.0000000000,0
1987,98,2,98,86,98,98,0,98,98,0.0209889692,7.8238895920,784.0029663698,1.0000000000,0.7840000000,250.0000000000,0
1988,98,2,98,87,98,98,0,98,98,0.0209828594,7.8029067325,784.0029566115,1.0000000000,0.7840000000,250.0000000000,0
1989,98,2,98,88,98,98,0,98,98,0.0209558788,7.7819508538,784.0029041277,1.0000000000,0.7840000000,250.0000000000,0
1990,98,2,98,89,98,98,0,98,98,0.0209673693,7.7609834845,784.0029288831,1.0000000000,0.7840000000,250.0000000000,0
1991,98,2,98,90,98,98,0,98,98,0.0209693148,7.7400141696,784.0029326570,1.0000000000,0.7840000000,250.0000000000,0
1992,98,2,98,91,98,98,0,98,98,0.0209336024,7.7190805672,784.0028223527,1.0000000000,0.7840000000,250.0000000000,0
1993,98,2,98,92,98,98,0,98,98,0.0209396458,7.6981409215,784.0028551519,1.0000000000,0.7840000000,250.0000000000,0
1994,98,2,98,93,98,98,0,98,98,0.0209850556,7.6771558659,784.0029601827,1.0000000000,0.7840000000,250.0000000000,0
1995,98,2,98,95,98,98,0,98,98,0.0209664122,7.6561894537,784.0029269890,1.0000000000,0.7840000000,250.0000000000,0
1996,98,2,98,95,98,98,0,98,98,0.0209664122,7.6352230414,784.0029269890,1.0000000000,0.7840000000,250.0000000000,0
1997,98,2,98,96,98,98,0,98,98,0.0209819184,7.6142411231,784.0029550580,1.0000000000,0.7840000000,250.0000000000,0
1998,98,2,98,97,98,98,0,98,98,0.0209703557,7.5932707673,784.0029346363,1.0000000000,0.7840000000,250.0000000000,0
1999,98,2,98,98,98,98,0,98,98,0.0209846826,7.5722860847,784.0029595814,1.0000000000,0.7840000000,250.0000000000,0
2000,98,2,98,99,98,98,0,98,98,0.0209534650,7.5513326197,784.0028982260,1.0000000000,0.7840000000,250.0000000000,0
2001,98,2,98,0,98,98,0,98,98,0.0209891443,7.5303434754,784.0029666417,1.0000000000,0.7840000000,250.0000000000,0
2002,98,2,98,1,98,98,0,98,98,0.0209951012,7.5093483742,784.0029756552,1.0000000000,0.7840000000,250.0000000000,0
2003,98,2,98,2,98,98,0,98,98,0.0209732743,7.4883750999,784.0029400494,1.0000000000,0.7840000000,250.0000000000,0
2004,98,2,98,3,98,98,0,98,98,0.0209676255,7.4674074743,784.0029293858,1.0000000000,0.7840000000,250.0000000000,0
2005,98,2,98,4,98,98,0,98,98,0.0209584126,7.4464490617,784.0029100177,1.0000000000,0.7840000000,250.0000000000,0
2006,98,2,98,5,98,98,0,98,98,0.0210069971,7.4254420646,784.0029924722,1.0000000000,0.7840000000,250.0000000000,0
2007,98,2,98,6,98,98,0,98,98,0.0209421696,7.4044998950,784.0028648322,1.0000000000,0.7840000000,250.0000000000,0
2008,98,2,98,7,98,98,0,98,98,0.0209535406,7.3835463544,784.0028984156,1.0000000000,0.7840000000,250.0000000000,0
2009,98,2,98,8,98,98,0,98,98,0.0209653415,7.3625810129,784.0029248391,1.0000000000,0.7840000000,250.0000000000,0
2010,98,2,98,9,98,98,0,98,98,0.0209949460,7.3415860669,784.0029754259,1.0000000000,0.7840000000,250.0000000000,0
2011,98,2,98,10,98,98,0,98,98,0.0209873012,7.3205987657,784.0029637594,1.0000000000,0.7840000000,250.0000000000,0
2012,98,2,98,11,98,98,0,98,98,0.0209424146,7.2996563511,784.0028657081,1.0000000000,0.7840000000,250.0000000000,0
2013,98,2,98,12,98,98,0,98,98,0.0209810424,7.2786753087,784.0029535988,1.0000000000,0.7840000000,250.0000000000,0
2014,98,2,98,13,98,98,0,98,98,0.0209492768,7.2577260319,784.0028871589,1.0000000000,0.7840000000,250.0000000000,0
2015,98,2,98,14,98,98,0,98,98,0.0209370128,7.2367890191,784.0028432885,1.0000000000,0.7840000000,250.0000000000,0
2016,98,2,98,15,98,98,0,98,98,0.0209567053,7.2158323138,784.0029060811,1.0000000000,0.7840000000,250.0000000000,0
2017,98,2,98,16,98,98,0,98,98,0.0209840606,7.1948482532,784.0029585740,1.0000000000,0.7840000000,250.0000000000,0
2018,98,2,98,17,98,98,0,98,98,0.0209870693,7.1738611839,784.0029633934,1.0000000000,0.7840000000,250.0000000000,0
2019,98,2,98,18,98,98,0,98,98,0.0209814080,7.1528797759,784.0029542095,1.0000000000,0.7840000000,250.0000000000,0
2020,98,2,98,19,98,98,0,98,98,0.0209824548,7.1318973212,784.0029559452,1.0000000000,0.7840000000,250.0000000000,0
2021,98,2,98,20,98,98,0,98,98,0.0209481146,7.1109492066,784.0028838625,1.0000000000,0.7840000000,250.0000000000,0
2022,98,2,98,21,98,98,0,98,98,0.0209394091,7.0900097975,784.0028541721,1.0000000000,0.7840000000,250.0000000000,0
2023,98,2,98,22,98,98,0,98,98,0.0209367077,7.0690730898,784.0028417457,1.0000000000,0.7840000000,250.0000000000,0
2024,98,2,98,23,98,98,0,98,98,0.0209455328,7.0481275570,784.0028761021,1.0000000000,0.7840000000,250.0000000000,0
2025,98,2,98,24,98,98,0,98,98,0.0209730664,7.0271544906,784.0029396701,1.0000000000,0.7840000000,250.0000000000,0
2026,98,2,98,25,98,98,0,98,98,0.0209993882,7.0061551024,784.0029818835,1.0000000000,0.7840000000,250.0000000000,0
2027,98,2,98,26,98,98,0,98,98,0.0209422516,6.9852128508,784.0028651265,1.0000000000,0.7840000000,250.0000000000,0
2028,98,2,98,27,98,98,0,98,98,0.0209809531,6.9642318977,784.0029534494,1.0000000000,0.7840000000,250.0000000000,0
2029,98,2,98,28,98,98,0,98,98,0.0209458347,6.9432860630,784.0028770443,1.0000000000,0.7840000000,250.0000000000,0
2030,98,2,98,29,98,98,0,98,98,0.0209786654,6.9223073976,784.0029495731,1.0000000000,0.7840000000,250.0000000000,0
2031,98,2,98,30,98,98,0,98,98,0.0209486547,6.9013587429,784.0028854082,1.0000000000,0.7840000000,250.0000000000,0
2032,98,2,98,31,98,98,0,98,98,0.0209874682,6.8803712747,784.0029640225,1.0000000000,0.7840000000,250.0000000000,0
2033,98,2,98,32,98,98,0,98,98,0.0209744242,6.8593968505,784.0029421300,1.0000000000,0.7840000000,250.0000000000,0
2034,98,2,98,33,98,98,0,98,98,0.0209853010,6.8384115495,784.0029605772,1.0000000000,0.7840000000,250.0000000000,0
2035,98,2,98,34,98,98,0,98,98,0.0210088538,6.8174026957,784.0029949739,1.0000000000,0.7840000000,250.0000000000,0
2036,98,2,98,35,98,98,0,98,98,0.0209382863,6.7964644094,784.0028493118,1.0000000000,0.7840000000,250.0000000000,0
2037,98,2,98,36,98,98,0,98,98,0.0209513769,6.7755130325,784.0028928537,1.0000000000,0.7840000000,250.0000000000,0
2038,98,2,98,37,98,98,0,98,98,0.0209980246,6.7545150079,784.0029799243,1.0000000000,0.7840000000,250.0000000000,0
2039,98,2,98,38,98,98,0,98,98,0.0209573953,6.7335576126,784.0029076876,1.0000000000,0.7840000000,250.0000000000,0
2040,97,3,98,39,98,91,7,97,97,0.0206430182,6.7129145944,776.0025319623,0.9285714286,0.7760000000,234.5360824742,1
2041,97,3,97,40,97,97,0,97,97,0.0207360216,6.6921785728,776.0028392469,1.0000000000,0.7760000000,250.0000000000,0
2042,97,3,97,41,97,97,0,97,97,0.0207345932,6.6714439795,776.0028333457,1.0000000000,0.7760000000,250.0000000000,0
2043,96,4,97,42,97,6,91,96,96,0.0205121203,6.6509318593,768.0026300547,0.0618556701,0.7680000000,15.6250000000,1
2044,96,4,96,43,96,96,0,96,96,0.0204714434,6.6304604159,768.0028151328,1.0000000000,0.7680000000,250.0000000000,0
2045,96,4,96,44,96,96,0,96,96,0.0204725084,6.6099879075,768.0028168658,1.0000000000,0.7680000000,250.0000000000,0
2046,96,4,96,45,96,96,0,96,96,0.0204502418,6.5895376657,768.0027759357,1.0000000000,0.7680000000,250.0000000000,0
2047,96,4,96,47,96,96,0,96,96,0.0204507584,6.5690869073,768.0027770293,1.0000000000,0.7680000000,250.0000000000,0
2048,96,4,96,47,96,96,0,96,96,0.0204507584,6.5486361489,768.0027770293,1.0000000000,0.7680000000,250.0000000000,0
2049,96,4,96,48,96,96,0,96,96,0.0204308503,6.5282052986,768.0027246350,1.0000000000,0.7680000000,250.0000000000,0
2050,96,4,96,49,96,96,0,96,96,0.0204653401,6.5077399585,768.0028048393,1.0000000000,0.7680000000,250.0000000000,0
2051,96,4,96,50,96,96,0,96,96,0.0204627982,6.4872771603,768.0028003508,1.0000000000,0.7680000000,250.0000000000,0
2052,96,4,96,51,96,96,0,96,96,0.0204311108,6.4668460495,768.0027255420,1.0000000000,0.7680000000,250.0000000000,0
2053,96,4,96,52,96,96,0,96,96,0.0204365541,6.4464094954,768.0027425745,1.0000000000,0.7680000000,250.0000000000,0
2054,96,4,96,53,96,96,0,96,96,0.0204911706,6.4259183248,768.0028448042,1.0000000000,0.7680000000,250.0000000000,0
2055,96,4,96,54,96,96,0,96,96,0.0204442738,6.4054740509,768.0027625625,1.0000000000,0.7680000000,250.0000000000,0
2056,96,4,96,55,96,96,0,96,96,0.0204807714,6.3849932795,768.0028297588,1.0000000000,0.7680000000,250.0000000000,0
2057,96,4,96,56,96,96,0,96,96,0.0204211024,6.3645721771,768.0026749643,1.0000000000,0.7680000000,250.0000000000,0
2058,96,4,96,57,96,96,0,96,96,0.0204600935,6.3441120836,768.0027954275,1.0000000000,0.7680000000,250.0000000000,0
2059,96,4,96,58,96,96,0,96,96,0.0204538962,6.3236581874,768.0027834870,1.0000000000,0.7680000000,250.0000000000,0
2060,96,4,96,59,96,96,0,96,96,0.0204693701,6.3031888174,768.0028117075,1.0000000000,0.7680000000,250.0000000000,0
2061,96,4,96,60,96,96,0,96,96,0.0204765855,6.2827122319,768.0028233440,1.0000000000,0.7680000000,250.0000000000,0
2062,96,4,96,61,96,96,0,96,96,0.0204242108,6.2622880211,768.0026963517,1.0000000000,0.7680000000,250.0000000000,0
2063,96,4,96,62,96,96,0,96,96,0.0204290897,6.2418589314,768.0027182117,1.0000000000,0.7680000000,250.0000000000,0
2064,96,4,96,63,96,96,0,96,96,0.0204348505,6.2214240809,768.0027375822,1.0000000000,0.7680000000,250.0000000000,0
2065,96,4,96,64,96,96,0,96,96,0.0204254837,6.2009985972,768.0027028609,1.0000000000,0.7680000000,250.0000000000,0
2066,96,4,96,65,96,96,0,96,96,0.0204651347,6.1805334625,768.0028044813,1.0000000000,0.7680000000,250.0000000000,0
2067,96,4,96,66,96,96,0,96,96,0.0204197866,6.1601136759,768.0026575252,1.0000000000,0.7680000000,250.0000000000,0
2068,96,4,96,67,96,96,0,96,96,0.0204797311,6.1396339448,768.0028281855,1.0000000000,0.7680000000,250.0000000000,0
2069,96,4,96,68,96,96,0,96,96,0.0204242306,6.1192097142,768.0026964593,1.0000000000,0.7680000000,250.0000000000,0
2070,96,4,96,69,96,96,0,96,96,0.0204795586,6.0987301555,768.0028279234,1.0000000000,0.7680000000,250.0000000000,0
2071,96,4,96,70,96,96,0,96,96,0.0204836642,6.0782464914,768.0028340643,1.0000000000,0.7680000000,250.0000000000,0
2072,96,4,96,71,96,96,0,96,96,0.0204782143,6.0577682770,768.0028258673,1.0000000000,0.7680000000,250.0000000000,0
2073,96,4,96,72,96,96,0,96,96,0.0204871172,6.0372811598,768.0028390787,1.0000000000,0.7680000000,250.0000000000,0
2074,96,4,96,74,96,96,0,96,96,0.0204421853,6.0168389745,768.0027575067,1.0000000000,0.7680000000,250.0000000000,0
2075,96,4,96,74,96,96,0,96,96,0.0204421853,5.9963967892,768.0027575067,1.0000000000,0.7680000000,250.0000000000,0
2076,96,4,96,75,96,96,0,96,96,0.0204834805,5.9759133087,768.0028337939,1.0000000000,0.7680000000,250.0000000000,0
2077,96,4,96,76,96,96,0,96,96,0.0204358407,5.9554774680,768.0027405159,1.0000000000,0.7680000000,250.0000000000,0
2078,96,4,96,77,96,96,0,96,96,0.0204585698,5.9350188981,768.0027925816,1.0000000000,0.7680000000,250.0000000000,0
2079,96,4,96,78,96,96,0,96,96,0.0204771429,5.9145417552,768.0028242115,1.0000000000,0.7680000000,250.0000000000,0
2080,96,4,96,79,96,96,0,96,96,0.0204277589,5.8941139964,768.0027129530,1.0000000000,0.7680000000,250.0000000000,0
2081,96,4,96,80,96,96,0,96,96,0.0204574447,5.8736565517,768.0027904442,1.0000000000,0.7680000000,250.0000000000,0
2082,96,4,96,81,96,96,0,96,96,0.0204461002,5.8532104515,768.0027668113,1.0000000000,0.7680000000,250.0000000000,0
2083,96,4,96,83,96,96,0,96,96,0.0204230207,5.8327874308,768.0026894055,1.0000000000,0.7680000000,250.0000000000,0
2084,96,4,96,83,96,96,0,96,96,0.0204230207,5.8123644101,768.0026894055,1.0000000000,0.7680000000,250.0000000000,0
2085,96,4,96,84,96,96,0,96,96,0.0204417727,5.7919226374,768.0027564808,1.0000000000,0.7680000000,250.0000000000,0
2086,96,4,96,85,96,96,0,96,96,0.0204704312,5.7714522061,768.0028134694,1.0000000000,0.7680000000,250.0000000000,0
2087,96,4,96,86,96,96,0,96,96,0.0204770613,5.7509751448,768.0028240848,1.0000000000,0.7680000000,250.0000000000,0
2088,96,4,96,87,96,96,0,96,96,0.0204709515,5.7305041932,768.0028143266,1.0000000000,0.7680000000,250.0000000000,0
2089,96,4,96,88,96,96,0,96,96,0.0204439709,5.7100602224,768.0027618427,1.0000000000,0.7680000000,250.0000000000,0
2090,96,4,96,89,96,96,0,96,96,0.0204554614,5.6896047609,768.0027865981,1.0000000000,0.7680000000,250.0000000000,0
2091,96,4,96,90,96,96,0,96,96,0.0204574070,5.6691473539,768.0027903720,1.0000000000,0.7680000000,250.0000000000,0
2092,96,4,96,91,96,96,0,96,96,0.0204216945,5.6487256594,768.0026800677,1.0000000000,0.7680000000,250.0000000000,0
2093,96,4,96,92,96,96,0,96,96,0.0204277379,5.6282979215,768.0027128669,1.0000000000,0.7680000000,250.0000000000,0
2094,96,4,96,93,96,96,0,96,96,0.0204731477,5.6078247738,768.0028178977,1.0000000000,0.7680000000,250.0000000000,0
2095,96,4,96,95,96,96,0,96,96,0.0204545044,5.5873702695,768.0027847040,1.0000000000,0.7680000000,250.0000000000,0
2096,96,4,96,95,96,96,0,96,96,0.0204545044,5.5669157651,768.0027847040,1.0000000000,0.7680000000,250.0000000000,0
2097,96,4,96,96,96,96,0,96,96,0.0204700105,5.5464457546,768.0028127730,1.0000000000,0.7680000000,250.0000000000,0
2098,96,4,96,97,96,96,0,96,96,0.0204584478,5.5259873068,768.0027923513,1.0000000000,0.7680000000,250.0000000000,0
2099,96,4,96,98,96,96,0,96,96,0.0204727747,5.5055145320,768.0028172964,1.0000000000,0.7680000000,250.0000000000,0
2100,96,4,96,99,96,96,0,96,96,0.0204415572,5.4850729749,768.0027559410,1.0000000000,0.7680000000,250.0000000000,0
2101,96,4,96,0,96,96,0,96,96,0.0204772365,5.4645957384,768.0028243567,1.0000000000,0.7680000000,250.0000000000,0
2102,96,4,96,1,96,96,0,96,96,0.0204831933,5.4441125451,768.0028333702,1.0000000000,0.7680000000,250.0000000000,0
2103,96,4,96,2,96,96,0,96,96,0.0204613665,5.4236511786,768.0027977644,1.0000000000,0.7680000000,250.0000000000,0
2104,96,4,96,3,96,96,0,96,96,0.0204557176,5.4031954610,768.0027871008,1.0000000000,0.7680000000,250.0000000000,0
2105,96,4,96,4,96,96,0,96,96,0.0204465048,5.3827489562,768.0027677327,1.0000000000,0.7680000000,250.0000000000,0
2106,96,4,96,5,96,96,0,96,96,0.0204950892,5.3622538670,768.0028501872,1.0000000000,0.7680000000,250.0000000000,0
2107,96,4,96,6,96,96,0,96,96,0.0204302617,5.3418236053,768.0027225472,1.0000000000,0.7680000000,250.0000000000,0
2108,96,4,96,7,96,96,0,96,96,0.0204416328,5.3213819725,768.0027561306,1.0000000000,0.7680000000,250.0000000000,0
2109,96,4,96,8,96,96,0,96,96,0.0204534336,5.3009285389,768.0027825541,1.0000000000,0.7680000000,250.0000000000,0
2110,96,4,96,9,96,96,0,96,96,0.0204830382,5.2804455007,768.0028331409,1.0000000000,0.7680000000,250.0000000000,0
2111,96,4,96,10,96,96,0,96,96,0.0204753933,5.2599701074,768.0028214744,1.0000000000,0.7680000000,250.0000000000,0
2112,96,4,96,11,96,96,0,96,96,0.0204305067,5.2395396007,768.0027234231,1.0000000000,0.7680000000,250.0000000000,0
2113,96,4,96,12,96,96,0,96,96,0.0204691345,5.2190704662,768.0028113138,1.0000000000,0.7680000000,250.0000000000,0
2114,96,4,96,13,96,96,0,96,96,0.0204373690,5.1986330972,768.0027448739,1.0000000000,0.7680000000,250.0000000000,0
2115,96,4,96,14,96,96,0,96,96,0.0204251050,5.1782079923,768.0027010035,1.0000000000,0.7680000000,250.0000000000,0
2116,96,4,96,15,96,96,0,96,96,0.0204447974,5.1577631949,768.0027637961,1.0000000000,0.7680000000,250.0000000000,0
2117,96,4,96,16,96,96,0,96,96,0.0204721527,5.1372910422,768.0028162890,1.0000000000,0.7680000000,250.0000000000,0
2118,96,4,96,17,96,96,0,96,96,0.0204751614,5.1168158808,768.0028211084,1.0000000000,0.7680000000,250.0000000000,0
2119,96,4,96,18,96,96,0,96,96,0.0204695002,5.0963463806,768.0028119245,1.0000000000,0.7680000000,250.0000000000,0
2120,96,4,96,19,96,96,0,96,96,0.0204705469,5.0758758337,768.0028136603,1.0000000000,0.7680000000,250.0000000000,0
2121,96,4,96,20,96,96,0,96,96,0.0204362067,5.0554396270,768.0027415775,1.0000000000,0.7680000000,250.0000000000,0
2122,96,4,96,21,96,96,0,96,96,0.0204275012,5.0350121258,768.0027118871,1.0000000000,0.7680000000,250.0000000000,0
2123,96,4,96,22,96,96,0,96,96,0.0204247998,5.0145873260,768.0026994607,1.0000000000,0.7680000000,250.0000000000,0
2124,96,4,96,23,96,96,0,96,96,0.0204336250,4.9941537010,768.0027338171,1.0000000000,0.7680000000,250.0000000000,0
2125,96,4,96,24,96,96,0,96,96,0.0204611585,4.9736925425,768.0027973851,1.0000000000,0.7680000000,250.0000000000,0
2126,96,4,96,25,96,96,0,96,96,0.0204874803,4.9532050622,768.0028395985,1.0000000000,0.7680000000,250.0000000000,0
2127,96,4,96,26,96,96,0,96,96,0.0204303437,4.9327747184,768.0027228415,1.0000000000,0.7680000000,250.0000000000,0
2128,96,4,96,27,96,96,0,96,96,0.0204690452,4.9123056732,768.0028111644,1.0000000000,0.7680000000,250.0000000000,0
2129,96,4,96,28,96,96,0,96,96,0.0204339268,4.8918717464,768.0027347593,1.0000000000,0.7680000000,250.0000000000,0
2130,96,4,96,29,96,96,0,96,96,0.0204667575,4.8714049888,768.0028072881,1.0000000000,0.7680000000,250.0000000000,0
2131,96,4,96,30,96,96,0,96,96,0.0204367468,4.8509682420,768.0027431232,1.0000000000,0.7680000000,250.0000000000,0
2132,96,4,96,31,96,96,0,96,96,0.0204755603,4.8304926817,768.0028217375,1.0000000000,0.7680000000,250.0000000000,0
2133,96,4,96,32,96,96,0,96,96,0.0204625163,4.8100301654,768.0027998450,1.0000000000,0.7680000000,250.0000000000,0
2134,96,4,96,33,96,96,0,96,96,0.0204733932,4.7895567722,768.0028182922,1.0000000000,0.7680000000,250.0000000000,0
2135,96,4,96,34,96,96,0,96,96,0.0204969459,4.7690598263,768.0028526889,1.0000000000,0.7680000000,250.0000000000,0
2136,96,4,96,35,96,96,0,96,96,0.0204263784,4.7486334479,768.0027070268,1.0000000000,0.7680000000,250.0000000000,0
2137,96,4,96,36,96,96,0,96,96,0.0204394690,4.7281939789,768.0027505687,1.0000000000,0.7680000000,250.0000000000,0
2138,96,4,96,37,96,96,0,96,96,0.0204861167,4.7077078621,768.0028376393,1.0000000000,0.7680000000,250.0000000000,0
2139,96,4,96,38,96,96,0,96,96,0.0204454874,4.6872623747,768.0027654026,1.0000000000,0.7680000000,250.0000000000,0
2140,96,4,96,39,96,96,0,96,96,0.0204327337,4.6668296410,768.0027309750,1.0000000000,0.7680000000,250.0000000000,0
2141,96,4,96,40,96,96,0,96,96,0.0204283843,4.6464012567,768.0027154737,1.0000000000,0.7680000000,250.0000000000,0
2142,96,4,96,41,96,96,0,96,96,0.0204269559,4.6259743008,768.0027095724,1.0000000000,0.7680000000,250.0000000000,0
2143,96,4,96,42,96,96,0,96,96,0.0204945817,4.6054797191,768.0028494980,1.0000000000,0.7680000000,250.0000000000,0
2144,96,4,96,43,96,96,0,96,96,0.0204714434,4.5850082757,768.0028151328,1.0000000000,0.7680000000,250.0000000000,0
2145,96,4,96,44,96,96,0,96,96,0.0204725084,4.5645357673,768.0028168658,1.0000000000,0.7680000000,250.0000000000,0
2146,96,4,96,45,96,96,0,96,96,0.0204502418,4.5440855255,768.0027759357,1.0000000000,0.7680000000,250.0000000000,0
2147,96,4,96,47,96,96,0,96,96,0.0204507584,4.5236347671,768.0027770293,1.0000000000,0.7680000000,250.0000000000,0
2148,96,4,96,47,96,96,0,96,96,0.0204507584,4.5031840087,768.0027770293,1.0000000000,0.7680000000,250.0000000000,0
2149,96,4,96,48,96,96,0,96,96,0.0204308503,4.4827531584,768.0027246350,1.0000000000,0.7680000000,250.0000000000,0
2150,96,4,96,49,96,96,0,96,96,0.0204653401,4.4622878183,768.0028048393,1.0000000000,0.7680000000,250.0000000000,0
2151,96,4,96,50,96,96,0,96,96,0.0204627982,4.4418250201,768.0028003508,1.0000000000,0.7680000000,250.0000000000,0
2152,96,4,96,51,96,96,0,96,96,0.0204311108,4.4213939093,768.0027255420,1.0000000000,0.7680000000,250.0000000000,0
2153,96,4,96,52,96,96,0,96,96,0.0204365541,4.4009573552,768.0027425745,1.0000000000,0.7680000000,250.0000000000,0
2154,96,4,96,53,96,96,0,96,96,0.0204911706,4.3804661846,768.0028448042,1.0000000000,0.7680000000,250.0000000000,0
2155,96,4,96,54,96,96,0,96,96,0.0204442738,4.3600219107,768.0027625625,1.0000000000,0.7680000000,250.0000000000,0
2156,96,4,96,55,96,96,0,96,96,0.0204807714,4.3395411393,768.0028297588,1.0000000000,0.7680000000,250.0000000000,0
2157,96,4,96,56,96,96,0,96,96,0.0204211024,4.3191200369,768.0026749643,1.0000000000,0.7680000000,250.0000000000,0
2158,96,4,96,57,96,96,0,96,96,0.0204600935,4.2986599434,768.0027954275,1.0000000000,0.7680000000,250.0000000000,0
2159,96,4,96,58,96,96,0,96,96,0.0204538962,4.2782060472,768.0027834870,1.0000000000,0.7680000000,250.0000000000,0
2160,96,4,96,59,96,96,0,96,96,0.0204693701,4.2577366772,768.0028117075,1.0000000000,0.7680000000,250.0000000000,0
2161,96,4,96,60,96,96,0,96,96,0.0204765855,4.2372600917,768.0028233440,1.0000000000,0.7680000000,250.0000000000,0
2162,96,4,96,61,96,96,0,96,96,0.0204242108,4.2168358808,768.0026963517,1.0000000000,0.7680000000,250.0000000000,0
2163,96,4,96,62,96,96,0,96,96,0.0204290897,4.1964067912,768.0027182117,1.0000000000,0.7680000000,250.0000000000,0
2164,96,4,96,63,96,96,0,96,96,0.0204348505,4.1759719407,768.0027375822,1.0000000000,0.7680000000,250.0000000000,0
2165,96,4,96,64,96,96,0,96,96,0.0204254837,4.1555464570,768.0027028609,1.0000000000,0.7680000000,250.0000000000,0
2166,96,4,96,65,96,96,0,96,96,0.0204651347,4.1350813222,768.0028044813,1.0000000000,0.7680000000,250.0000000000,0
2167,96,4,96,66,96,96,0,96,96,0.0204197866,4.1146615357,768.0026575252,1.0000000000,0.7680000000,250.0000000000,0
2168,96,4,96,67,96,96,0,96,96,0.0204797311,4.0941818046,768.0028281855,1.0000000000,0.7680000000,250.0000000000,0
2169,96,4,96,68,96,96,0,96,96,0.0204242306,4.0737575740,768.0026964593,1.0000000000,0.7680000000,250.0000000000,0
2170,96,4,96,69,96,96,0,96,96,0.0204795586,4.0532780153,768.0028279234,1.0000000000,0.7680000000,250.0000000000,0
2171,96,4,96,70,96,96,0,96,96,0.0204836642,4.0327943512,768.0028340643,1.0000000000,0.7680000000,250.0000000000,0
2172,96,4,96,71,96,96,0,96,96,0.0204782143,4.0123161368,768.0028258673,1.0000000000,0.7680000000,250.0000000000,0
2173,96,4,96,72,96,96,0,96,96,0.0204871172,3.9918290196,768.0028390787,1.0000000000,0.7680000000,250.0000000000,0
2174,96,4,96,74,96,96,0,96,96,0.0204421853,3.9713868343,768.0027575067,1.0000000000,0.7680000000,250.0000000000,0
2175,96,4,96,74,96,96,0,96,96,0.0204421853,3.9509446490,768.0027575067,1.0000000000,0.7680000000,250.0000000000,0
2176,96,4,96,75,96,96,0,96,96,0.0204834805,3.9304611685,768.0028337939,1.0000000000,0.7680000000,250.0000000000,0
2177,96,4,96,76,96,96,0,96,96,0.0204358407,3.9100253277,768.0027405159,1.0000000000,0.7680000000,250.0000000000,0
2178,96,4,96,77,96,96,0,96,96,0.0204585698,3.8895667579,768.0027925816,1.0000000000,0.7680000000,250.0000000000,0
2179,96,4,96,78,96,96,0,96,96,0.0204771429,3.8690896150,768.0028242115,1.0000000000,0.7680000000,250.0000000000,0
2180,96,4,96,79,96,96,0,96,96,0.0204277589,3.8486618561,768.0027129530,1.0000000000,0.7680000000,250.0000000000,0
2181,96,4,96,80,96,96,0,96,96,0.0204574447,3.8282044115,768.0027904442,1.0000000000,0.7680000000,250.0000000000,0
2182,96,4,96,81,96,96,0,96,96,0.0204461002,3.8077583113,768.0027668113,1.0000000000,0.7680000000,250.0000000000,0
2183,96,4,96,83,96,96,0,96,96,0.0204230207,3.7873352906,768.0026894055,1.0000000000,0.7680000000,250.0000000000,0
2184,96,4,96,83,96,96,0,96,96,0.0204230207,3.7669122699,768.0026894055,1.0000000000,0.7680000000,250.0000000000,0
2185,96,4,96,84,96,96,0,96,96,0.0204417727,3.7464704972,768.0027564808,1.0000000000,0.7680000000,250.0000000000,0
2186,96,4,96,85,96,96,0,96,96,0.0204704312,3.7260000659,768.0028134694,1.0000000000,0.7680000000,250.0000000000,0
2187,96,4,96,86,96,96,0,96,96,0.0204770613,3.7055230046,768.0028240848,1.0000000000,0.7680000000,250.0000000000,0
2188,96,4,96,87,96,96,0,96,96,0.0204709515,3.6850520530,768.0028143266,1.0000000000,0.7680000000,250.0000000000,0
2189,96,4,96,88,96,96,0,96,96,0.0204439709,3.6646080821,768.0027618427,1.0000000000,0.7680000000,250.0000000000,0
2190,96,4,96,89,96,96,0,96,96,0.0204554614,3.6441526207,768.0027865981,1.0000000000,0.7680000000,250.0000000000,0
2191,96,4,96,90,96,96,0,96,96,0.0204574070,3.6236952137,768.0027903720,1.0000000000,0.7680000000,250.0000000000,0
2192,96,4,96,91,96,96,0,96,96,0.0204216945,3.6032735192,768.0026800677,1.0000000000,0.7680000000,250.0000000000,0
2193,96,4,96,92,96,96,0,96,96,0.0204277379,3.5828457813,768.0027128669,1.0000000000,0.7680000000,250.0000000000,0
2194,96,4,96,93,96,96,0,96,96,0.0204731477,3.5623726336,768.0028178977,1.0000000000,0.7680000000,250.0000000000,0
2195,96,4,96,95,96,96,0,96,96,0.0204545044,3.5419181292,768.0027847040,1.0000000000,0.7680000000,250.0000000000,0
2196,96,4,96,95,96,96,0,96,96,0.0204545044,3.5214636249,768.0027847040,1.0000000000,0.7680000000,250.0000000000,0
2197,96,4,96,96,96,96,0,96,96,0.0204700105,3.5009936144,768.0028127730,1.0000000000,0.7680000000,250.0000000000,0
2198,96,4,96,97,96,96,0,96,96,0.0204584478,3.4805351665,768.0027923513,1.0000000000,0.7680000000,250.0000000000,0
2199,96,4,96,98,96,96,0,96,96,0.0204727747,3.4600623918,768.0028172964,1.0000000000,0.7680000000,250.0000000000,0
2200,96,4,96,99,96,96,0,96,96,0.0204415572,3.4396208346,768.0027559410,1.0000000000,0.7680000000,250.0000000000,0
2201,96,4,96,0,96,96,0,96,96,0.0204772365,3.4191435982,768.0028243567,1.0000000000,0.7680000000,250.0000000000,0
2202,96,4,96,1,96,96,0,96,96,0.0204831933,3.3986604049,768.0028333702,1.0000000000,0.7680000000,250.0000000000,0
2203,96,4,96,2,96,96,0,96,96,0.0204613665,3.3781990384,768.0027977644,1.0000000000,0.7680000000,250.0000000000,0
2204,96,4,96,3,96,96,0,96,96,0.0204557176,3.3577433208,768.0027871008,1.0000000000,0.7680000000,250.0000000000,0
2205,96,4,96,4,96,96,0,96,96,0.0204465048,3.3372968160,768.0027677327,1.0000000000,0.7680000000,250.0000000000,0
2206,96,4,96,5,96,96,0,96,96,0.0204950892,3.3168017268,768.0028501872,1.0000000000,0.7680000000,250.0000000000,0
2207,96,4,96,6,96,96,0,96,96,0.0204302617,3.2963714650,768.0027225472,1.0000000000,0.7680000000,250.0000000000,0
2208,95,5,96,7,96,90,6,94,94,0.0199396264,3.2764318386,752.0024057146,0.9375000000,0.7520000000,239.3617021277,1
2209,95,5,95,8,95,95,0,95,95,0.0203230622,3.2561087765,760.0027756596,1.0000000000,0.7600000000,250.0000000000,0
2210,95,5,95,9,95,95,0,95,95,0.0203526667,3.2357561097,760.0028262464,1.0000000000,0.7600000000,250.0000000000,0
2211,95,5,95,10,95,95,0,95,95,0.0203450219,3.2154110879,760.0028145799,1.0000000000,0.7600000000,250.0000000000,0
2212,95,5,95,11,95,95,0,95,95,0.0203001353,3.1951109526,760.0027165286,1.0000000000,0.7600000000,250.0000000000,0
2213,95,5,95,12,95,95,0,95,95,0.0203387631,3.1747721895,760.0028044193,1.0000000000,0.7600000000,250.0000000000,0
2214,95,5,95,13,95,95,0,95,95,0.0203069975,3.1544651919,760.0027379794,1.0000000000,0.7600000000,250.0000000000,0
2215,95,5,95,14,95,95,0,95,95,0.0202947335,3.1341704584,760.0026941090,1.0000000000,0.7600000000,250.0000000000,0
2216,95,5,95,15,95,95,0,95,95,0.0203144260,3.1138560324,760.0027569016,1.0000000000,0.7600000000,250.0000000000,0
2217,95,5,95,16,95,95,0,95,95,0.0203417813,3.0935142511,760.0028093945,1.0000000000,0.7600000000,250.0000000000,0
2218,95,5,95,17,95,95,0,95,95,0.0203447900,3.0731694611,760.0028142139,1.0000000000,0.7600000000,250.0000000000,0
2219,95,5,95,18,95,95,0,95,95,0.0203391287,3.0528303324,760.0028050300,1.0000000000,0.7600000000,250.0000000000,0
2220,94,6,95,19,95,32,63,93,93,0.0200866092,3.0327437232,744.0026896458,0.3368421053,0.7440000000,86.0215053763,1
2221,94,6,94,20,94,94,0,94,94,0.0200957659,3.0126479573,752.0027174044,1.0000000000,0.7520000000,250.0000000000,0
2222,94,6,94,21,94,94,0,94,94,0.0200870604,2.9925608969,752.0026877140,1.0000000000,0.7520000000,250.0000000000,0
2223,94,6,94,22,94,94,0,94,94,0.0200843590,2.9724765379,752.0026752877,1.0000000000,0.7520000000,250.0000000000,0
2224,94,6,94,23,94,94,0,94,94,0.0200931841,2.9523833538,752.0027096440,1.0000000000,0.7520000000,250.0000000000,0
2225,94,6,94,24,94,94,0,94,94,0.0201207177,2.9322626361,752.0027732121,1.0000000000,0.7520000000,250.0000000000,0
2226,94,6,94,25,94,94,0,94,94,0.0201470395,2.9121155966,752.0028154255,1.0000000000,0.7520000000,250.0000000000,0
2227,94,6,94,26,94,94,0,94,94,0.0200899029,2.8920256937,752.0026986685,1.0000000000,0.7520000000,250.0000000000,0
2228,94,6,94,27,94,94,0,94,94,0.0201286044,2.8718970892,752.0027869914,1.0000000000,0.7520000000,250.0000000000,0
2229,94,6,94,28,94,94,0,94,94,0.0200934860,2.8518036032,752.0027105862,1.0000000000,0.7520000000,250.0000000000,0
2230,94,6,94,29,94,94,0,94,94,0.0201263167,2.8316772865,752.0027831151,1.0000000000,0.7520000000,250.0000000000,0
2231,94,6,94,30,94,94,0,94,94,0.0200963060,2.8115809805,752.0027189502,1.0000000000,0.7520000000,250.0000000000,0
2232,94,6,94,31,94,94,0,94,94,0.0201351195,2.7914458610,752.0027975644,1.0000000000,0.7520000000,250.0000000000,0
2233,94,6,94,32,94,94,0,94,94,0.0201220755,2.7713237855,752.0027756719,1.0000000000,0.7520000000,250.0000000000,0
2234,94,6,94,33,94,94,0,94,94,0.0201329523,2.7511908332,752.0027941192,1.0000000000,0.7520000000,250.0000000000,0
2235,94,6,94,34,94,94,0,94,94,0.0201565051,2.7310343281,752.0028285159,1.0000000000,0.7520000000,250.0000000000,0
2236,94,6,94,35,94,94,0,94,94,0.0200859376,2.7109483905,752.0026828538,1.0000000000,0.7520000000,250.0000000000,0
2237,94,6,94,36,94,94,0,94,94,0.0200990282,2.6908493623,752.0027263956,1.0000000000,0.7520000000,250.0000000000,0
2238,94,6,94,37,94,94,0,94,94,0.0201456759,2.6707036864,752.0028134663,1.0000000000,0.7520000000,250.0000000000,0
2239,94,6,94,38,94,94,0,94,94,0.0201050466,2.6505986398,752.0027412295,1.0000000000,0.7520000000,250.0000000000,0
2240,94,6,94,39,94,94,0,94,94,0.0200922929,2.6305063469,752.0027068020,1.0000000000,0.7520000000,250.0000000000,0
2241,94,6,94,40,94,94,0,94,94,0.0200879435,2.6104184034,752.0026913006,1.0000000000,0.7520000000,250.0000000000,0
2242,94,6,94,41,94,94,0,94,94,0.0200865151,2.5903318883,752.0026853994,1.0000000000,0.7520000000,250.0000000000,0
2243,94,6,94,42,94,94,0,94,94,0.0201541409,2.5701777474,752.0028253250,1.0000000000,0.7520000000,250.0000000000,0
2244,94,6,94,43,94,94,0,94,94,0.0201310025,2.5500467449,752.0027909598,1.0000000000,0.7520000000,250.0000000000,0
2245,94,6,94,44,94,94,0,94,94,0.0201320676,2.5299146773,752.0027926927,1.0000000000,0.7520000000,250.0000000000,0
2246,94,6,94,45,94,94,0,94,94,0.0201098010,2.5098048763,752.0027517626,1.0000000000,0.7520000000,250.0000000000,0
2247,94,6,94,47,94,94,0,94,94,0.0201103176,2.4896945587,752.0027528563,1.0000000000,0.7520000000,250.0000000000,0
2248,94,6,94,47,94,94,0,94,94,0.0201103176,2.4695842412,752.0027528563,1.0000000000,0.7520000000,250.0000000000,0
2249,94,6,94,48,94,94,0,94,94,0.0200904094,2.4494938317,752.0027004619,1.0000000000,0.7520000000,250.0000000000,0
2250,94,6,94,49,94,94,0,94,94,0.0201248993,2.4293689324,752.0027806662,1.0000000000,0.7520000000,250.0000000000,0
2251,94,6,94,50,94,94,0,94,94,0.0201223574,2.4092465751,752.0027761777,1.0000000000,0.7520000000,250.0000000000,0
2252,94,6,94,51,94,94,0,94,94,0.0200906700,2.3891559050,752.0027013689,1.0000000000,0.7520000000,250.0000000000,0
2253,94,6,94,52,94,94,0,94,94,0.0200961133,2.3690597918,752.0027184014,1.0000000000,0.7520000000,250.0000000000,0
2254,94,6,94,53,94,94,0,94,94,0.0201507298,2.3489090620,752.0028206311,1.0000000000,0.7520000000,250.0000000000,0
2255,94,6,94,54,94,94,0,94,94,0.0201038330,2.3288052290,752.0027383895,1.0000000000,0.7520000000,250.0000000000,0
2256,94,6,94,55,94,94,0,94,94,0.0201403306,2.3086648983,752.0028055857,1.0000000000,0.7520000000,250.0000000000,0
2257,94,6,94,56,94,94,0,94,94,0.0200806616,2.2885842368,752.0026507912,1.0000000000,0.7520000000,250.0000000000,0
2258,94,6,94,57,94,94,0,94,94,0.0201196527,2.2684645841,752.0027712544,1.0000000000,0.7520000000,250.0000000000,0
2259,94,6,94,58,94,94,0,94,94,0.0201134553,2.2483511288,752.0027593139,1.0000000000,0.7520000000,250.0000000000,0
2260,93,7,94,59,94,61,33,93,93,0.0199293408,2.2284217879,744.0027454077,0.6489361702,0.7440000000,163.9784946237,1
2261,93,7,93,60,93,93,0,93,93,0.0197965411,2.2086252468,744.0027589915,1.0000000000,0.7440000000,250.0000000000,0
2262,93,7,93,61,93,93,0,93,93,0.0197441665,2.1888810803,744.0026319992,1.0000000000,0.7440000000,250.0000000000,0
2263,93,7,93,62,93,93,0,93,93,0.0197490453,2.1691320350,744.0026538592,1.0000000000,0.7440000000,250.0000000000,0
2264,93,7,93,63,93,93,0,93,93,0.0197548061,2.1493772289,744.0026732297,1.0000000000,0.7440000000,250.0000000000,0
2265,93,7,93,64,93,93,0,93,93,0.0197454394,2.1296317896,744.0026385083,1.0000000000,0.7440000000,250.0000000000,0
2266,93,7,93,65,93,93,0,93,93,0.0197850904,2.1098466992,744.0027401287,1.0000000000,0.7440000000,250.0000000000,0
2267,93,7,93,66,93,93,0,93,93,0.0197397422,2.0901069570,744.0025931727,1.0000000000,0.7440000000,250.0000000000,0
2268,93,7,93,67,93,93,0,93,93,0.0197996867,2.0703072703,744.0027638329,1.0000000000,0.7440000000,250.0000000000,0
2269,93,7,93,68,93,93,0,93,93,0.0197441863,2.0505630840,744.0026321067,1.0000000000,0.7440000000,250.0000000000,0
2270,93,7,93,69,93,93,0,93,93,0.0197995143,2.0307635698,744.0027635709,1.0000000000,0.7440000000,250.0000000000,0
2271,93,7,93,70,93,93,0,93,93,0.0198036198,2.0109599500,744.0027697118,1.0000000000,0.7440000000,250.0000000000,0
2272,93,7,93,71,93,93,0,93,93,0.0197981700,1.9911617800,744.0027615147,1.0000000000,0.7440000000,250.0000000000,0
2273,93,7,93,72,93,93,0,93,93,0.0198070728,1.9713547071,744.0027747262,1.0000000000,0.7440000000,250.0000000000,0
2274,93,7,93,75,93,93,0,93,93,0.0198034362,1.9515512710,744.0027694414,1.0000000000,0.7440000000,250.0000000000,0
2275,93,7,93,75,93,93,0,93,93,0.0198034362,1.9317478348,744.0027694414,1.0000000000,0.7440000000,250.0000000000,0
2276,93,7,93,75,93,93,0,93,93,0.0198034362,1.9119443986,744.0027694414,1.0000000000,0.7440000000,250.0000000000,0
2277,93,7,93,76,93,93,0,93,93,0.0197557964,1.8921886023,744.0026761634,1.0000000000,0.7440000000,250.0000000000,0
2278,93,7,93,78,93,93,0,93,93,0.0197970985,1.8723915037,744.0027598590,1.0000000000,0.7440000000,250.0000000000,0
2279,93,7,93,78,93,93,0,93,93,0.0197970985,1.8525944052,744.0027598590,1.0000000000,0.7440000000,250.0000000000,0
2280,93,7,93,79,93,93,0,93,93,0.0197477145,1.8328466907,744.0026486005,1.0000000000,0.7440000000,250.0000000000,0
2281,93,7,93,80,93,93,0,93,93,0.0197774003,1.8130692904,744.0027260916,1.0000000000,0.7440000000,250.0000000000,0
2282,93,7,93,81,93,93,0,93,93,0.0197660558,1.7933032346,744.0027024588,1.0000000000,0.7440000000,250.0000000000,0
2283,92,8,93,83,93,90,3,91,91,0.0195234500,1.7737797846,728.0025520627,0.9677419355,0.7280000000,247.2527472527,1
2284,92,8,92,83,92,92,0,92,92,0.0195288270,1.7542509575,736.0025777747,1.0000000000,0.7360000000,250.0000000000,0
2285,92,8,92,84,92,92,0,92,92,0.0195475790,1.7347033785,736.0026448499,1.0000000000,0.7360000000,250.0000000000,0
2286,92,8,92,85,92,92,0,92,92,0.0195762376,1.7151271409,736.0027018385,1.0000000000,0.7360000000,250.0000000000,0
2287,92,8,92,86,92,92,0,92,92,0.0195828677,1.6955442733,736.0027124540,1.0000000000,0.7360000000,250.0000000000,0
2288,92,8,92,87,92,92,0,92,92,0.0195767579,1.6759675154,736.0027026957,1.0000000000,0.7360000000,250.0000000000,0
2289,92,8,92,88,92,92,0,92,92,0.0195497772,1.6564177382,736.0026502119,1.0000000000,0.7360000000,250.0000000000,0
2290,92,8,92,89,92,92,0,92,92,0.0195612678,1.6368564704,736.0026749672,1.0000000000,0.7360000000,250.0000000000,0
2291,92,8,92,90,92,92,0,92,92,0.0195632133,1.6172932571,736.0026787412,1.0000000000,0.7360000000,250.0000000000,0
2292,92,8,92,91,92,92,0,92,92,0.0195275008,1.5977657563,736.0025684368,1.0000000000,0.7360000000,250.0000000000,0
2293,92,8,92,92,92,92,0,92,92,0.0195335442,1.5782322121,736.0026012360,1.0000000000,0.7360000000,250.0000000000,0
2294,92,8,92,93,92,92,0,92,92,0.0195789540,1.5586532581,736.0027062668,1.0000000000,0.7360000000,250.0000000000,0
2295,91,9,92,95,92,72,20,91,91,0.0193927439,1.5392605142,728.0026409670,0.7826086957,0.7280000000,197.8021978022,1
2296,91,9,91,95,91,91,0,91,91,0.0193291520,1.5199313622,728.0026667797,1.0000000000,0.7280000000,250.0000000000,0
2297,90,10,91,96,91,65,26,89,89,0.0190454949,1.5008858673,712.0026016219,0.7142857143,0.7120000000,182.5842696629,1
2298,89,11,90,97,90,73,17,88,88,0.0188444915,1.4820413759,704.0025587809,0.8111111111,0.7040000000,207.3863636364,1
2299,89,11,89,98,89,89,0,89,89,0.0189326713,1.4631087046,712.0026595165,1.0000000000,0.7120000000,250.0000000000,0
2300,89,11,89,99,89,89,0,89,89,0.0189014537,1.4442072509,712.0025981611,1.0000000000,0.7120000000,250.0000000000,0
2301,89,11,89,0,89,89,0,89,89,0.0189371330,1.4252701179,712.0026665768,1.0000000000,0.7120000000,250.0000000000,0
2302,88,12,89,1,89,45,44,88,88,0.0187608705,1.4065092474,704.0026114456,0.5056179775,0.7040000000,127.8409090909,1
2303,88,12,88,2,88,88,0,88,88,0.0186793158,1.3878299316,704.0025965182,1.0000000000,0.7040000000,250.0000000000,0
2304,88,12,88,3,88,88,0,88,88,0.0186736670,1.3691562646,704.0025858546,1.0000000000,0.7040000000,250.0000000000,0
2305,88,12,88,4,88,88,0,88,88,0.0186644541,1.3504918105,704.0025664864,1.0000000000,0.7040000000,250.0000000000,0
2306,88,12,88,5,88,88,0,88,88,0.0187130386,1.3317787720,704.0026489410,1.0000000000,0.7040000000,250.0000000000,0
2307,88,12,88,6,88,88,0,88,88,0.0186482110,1.3131305609,704.0025213010,1.0000000000,0.7040000000,250.0000000000,0
2308,88,12,88,7,88,88,0,88,88,0.0186595821,1.2944709788,704.0025548844,1.0000000000,0.7040000000,250.0000000000,0
2309,87,13,88,9,88,43,45,86,86,0.0184630276,1.2760079513,688.0025014096,0.4886363636,0.6880000000,125.0000000000,1
2310,86,14,87,9,87,76,11,85,85,0.0182671346,1.2577408167,680.0025394121,0.8735632184,0.6800000000,223.5294117647,1
2311,86,14,86,10,86,86,0,86,86,0.0183118744,1.2394289422,688.0025893918,1.0000000000,0.6880000000,250.0000000000,0
2312,86,14,86,11,86,86,0,86,86,0.0182669878,1.2211619544,688.0024913406,1.0000000000,0.6880000000,250.0000000000,0
2313,85,15,86,12,86,40,46,84,84,0.0179999011,1.2031620533,672.0024886048,0.4651162791,0.6720000000,119.0476190476,1
2314,85,15,85,13,85,85,0,85,85,0.0180581467,1.1851039066,680.0024572268,1.0000000000,0.6800000000,250.0000000000,0
2315,84,16,85,14,85,61,24,84,84,0.0178993088,1.1672045978,672.0023568942,0.7176470588,0.6720000000,181.5476190476,1
2316,83,17,84,15,84,38,46,82,82,0.0175993403,1.1496052575,656.0023642535,0.4523809524,0.6560000000,115.8536585366,1
2317,83,17,83,16,83,83,0,83,83,0.0176712224,1.1319340351,664.0024781878,1.0000000000,0.6640000000,250.0000000000,0
2318,83,17,83,17,83,83,0,83,83,0.0176742311,1.1142598040,664.0024830072,1.0000000000,0.6640000000,250.0000000000,0
2319,83,17,83,18,83,83,0,83,83,0.0176685699,1.0965912341,664.0024738233,1.0000000000,0.6640000000,250.0000000000,0
2320,83,17,83,19,83,83,0,83,83,0.0176696166,1.0789216175,664.0024755591,1.0000000000,0.6640000000,250.0000000000,0
2321,83,17,83,20,83,83,0,83,83,0.0176352764,1.0612863411,664.0024034763,1.0000000000,0.6640000000,250.0000000000,0
2322,83,17,83,21,83,83,0,83,83,0.0176265710,1.0436597701,664.0023737859,1.0000000000,0.6640000000,250.0000000000,0
2323,83,17,83,22,83,83,0,83,83,0.0176238695,1.0260359006,664.0023613596,1.0000000000,0.6640000000,250.0000000000,0
2324,83,17,83,23,83,83,0,83,83,0.0176326947,1.0084032060,664.0023957159,1.0000000000,0.6640000000,250.0000000000,0
2325,83,17,83,25,83,83,0,83,83,0.0176865500,0.9907166559,664.0025014973,1.0000000000,0.6640000000,250.0000000000,0
2326,83,17,83,25,83,83,0,83,83,0.0176865500,0.9730301059,664.0025014973,1.0000000000,0.6640000000,250.0000000000,0
2327,81,19,83,26,83,77,6,80,80,0.0171948435,0.9558352624,640.0020598747,0.9277108434,0.6400000000,240.6250000000,1
2328,80,20,81,28,81,72,9,79,79,0.0170086018,0.9388266606,632.0021801051,0.8888888889,0.6320000000,227.8481012658,1
2329,78,22,80,28,80,39,41,77,77,0.0165848552,0.9222418054,616.0022652034,0.4875000000,0.6160000000,126.6233766234,1
2330,78,22,78,30,78,78,0,78,78,0.0166258408,0.9056159646,624.0023475738,1.0000000000,0.6240000000,250.0000000000,0
2331,78,22,78,30,78,78,0,78,78,0.0166258408,0.8889901237,624.0023475738,1.0000000000,0.6240000000,250.0000000000,0
2332,78,22,78,31,78,78,0,78,78,0.0166646543,0.8723254694,624.0024261881,1.0000000000,0.6240000000,250.0000000000,0
2333,76,24,78,32,78,0,78,74,74,0.0162116055,0.8561138639,0.0000000000,0.0000000000,0.5920000000,0.0000000000,1
2334,76,24,76,34,76,76,0,76,76,0.0162173347,0.8398965292,608.0025280664,1.0000000000,0.6080000000,250.0000000000,0
2335,76,24,76,34,76,76,0,76,76,0.0162173347,0.8236791945,608.0025280664,1.0000000000,0.6080000000,250.0000000000,0
2336,76,24,76,35,76,76,0,76,76,0.0161467673,0.8075324272,608.0023824043,1.0000000000,0.6080000000,250.0000000000,0
2337,75,25,76,36,76,72,4,74,74,0.0158195082,0.7917129190,592.0021927310,0.9473684211,0.5920000000,243.2432432432,1
2338,74,26,75,37,75,72,3,73,73,0.0157117739,0.7760011452,584.0022540896,0.9600000000,0.5840000000,246.5753424658,1
2339,73,27,74,38,74,22,52,73,73,0.0155792824,0.7604218627,584.0022820402,0.2972972973,0.5840000000,75.3424657534,1
2340,73,27,73,40,73,73,0,73,73,0.0155086013,0.7449132614,584.0022690695,1.0000000000,0.5840000000,250.0000000000,0
2341,70,30,73,40,73,9,64,69,69,0.0149894564,0.7299238051,552.0019881110,0.1232876712,0.5520000000,32.6086956522,1
2342,69,31,70,41,70,52,18,68,68,0.0148261561,0.7150976490,544.0021815036,0.7428571429,0.5440000000,191.1764705882,1
2343,66,34,69,42,69,14,55,63,63,0.0141865610,0.7009110880,504.0022358371,0.2028985507,0.5040000000,55.5555555556,1
2344,64,36,66,43,66,38,28,64,64,0.0137214508,0.6871896372,512.0020124854,0.5757575758,0.5120000000,148.4375000000,1
2345,62,38,64,48,64,27,37,62,62,0.0133121829,0.6738774543,496.0020504703,0.4218750000,0.4960000000,108.8709677419,1
2346,59,41,62,48,62,33,29,57,57,0.0126629286,0.6612145257,456.0019212325,0.5322580645,0.4560000000,144.7368421053,1
2347,59,41,59,48,59,59,0,59,59,0.0129315973,0.6482829284,472.0021835657,1.0000000000,0.4720000000,250.0000000000,0
2348,57,43,59,48,59,25,34,56,56,0.0124609188,0.6358220096,448.0021168356,0.4237288136,0.4480000000,111.6071428571,1
2349,55,45,57,48,57,27,30,53,53,0.0119605612,0.6238614483,424.0017990049,0.4736842105,0.4240000000,127.3584905660,1
2350,53,47,55,50,55,5,50,52,52,0.0117477663,0.6121136820,416.0021373236,0.0909090909,0.4160000000,24.0384615385,1
2351,51,49,53,50,53,34,19,51,51,0.0111429976,0.6009706844,408.0017997433,0.6415094340,0.4080000000,166.6666666667,1
2352,50,50,51,53,51,29,22,49,49,0.0107082013,0.5902624832,392.0017958578,0.5686274510,0.3920000000,147.9591836735,1
2353,49,51,50,53,50,19,31,49,49,0.0105730034,0.5796894798,392.0018058978,0.3800000000,0.3920000000,96.9387755102,1
2354,48,52,49,53,49,21,28,48,48,0.0103872979,0.5693021819,384.0017653190,0.4285714286,0.3840000000,109.3750000000,1
2355,46,54,48,55,48,41,7,45,45,0.0099120256,0.5593901563,360.0013524020,0.8541666667,0.3600000000,227.7777777778,1
2356,43,57,46,55,46,30,16,41,41,0.0092744089,0.5501157475,328.0014847992,0.6521739130,0.3280000000,182.9268292683,1
2357,40,60,43,57,43,7,36,39,39,0.0085745952,0.5415411522,312.0015100713,0.1627906977,0.3120000000,44.8717948718,1
2358,35,65,40,57,40,7,33,32,32,0.0075798548,0.5339612975,256.0010801059,0.1750000000,0.2560000000,54.6875000000,1
2359,26,74,35,60,35,0,35,24,24,0.0058692304,0.5280920671,0.0000000000,0.0000000000,0.1920000000,0.0000000000,1
2360,22,78,26,63,26,6,20,21,21,0.0048763282,0.5232157389,168.0011750875,0.2307692308,0.1680000000,71.4285714286,1
2361,21,79,22,63,22,0,22,21,21,0.0048088548,0.5184068841,0.0000000000,0.0000000000,0.1680000000,0.0000000000,1
2362,18,82,21,64,21,11,10,18,18,0.0042108951,0.5141959890,144.0012230029,0.5238095238,0.1440000000,152.7777777778,1
2363,10,90,18,64,18,3,15,5,5,0.0019507592,0.5122452298,40.0001766377,0.1666666667,0.0400000000,150.0000000000,1
2364,7,93,10,64,10,0,10,4,4,0.0014472300,0.5107979998,0.0000000000,0.0000000000,0.0320000000,0.0000000000,1
2365,5,95,7,14,7,0,7,3,3,0.0010347533,0.5097632465,0.0000000000,0.0000000000,0.0240000000,0.0000000000,1
2366,4,96,5,34,5,2,3,4,4,0.0010372887,0.5087259578,32.0005226718,0.4000000000,0.0320000000,125.0000000000,1
2367,3,97,4,34,4,1,3,3,3,0.0008212104,0.5079047474,24.0005357321,0.2500000000,0.0240000000,83.3333333333,1
2368,3,97,3,34,3,3,0,3,3,0.0011745087,0.5067302387,24.0006238011,1.0000000000,0.0240000000,250.0000000000,0
2369,3,97,3,34,3,3,0,3,3,0.0011745087,0.5055557300,24.0006238011,1.0000000000,0.0240000000,250.0000000000,0
2370,3,97,3,34,3,3,0,3,3,0.0011745087,0.5043812212,24.0006238011,1.0000000000,0.0240000000,250.0000000000,0
2371,2,98,3,34,3,1,2,2,2,0.0007948718,0.5035863495,16.0002169707,0.3333333333,0.0160000000,125.0000000000,1
2372,2,98,2,34,2,2,0,2,2,0.0009919688,0.5025943807,16.0006190186,1.0000000000,0.0160000000,250.0000000000,0
2373,2,98,2,34,2,2,0,2,2,0.0009919688,0.5016024119,16.0006190186,1.0000000000,0.0160000000,250.0000000000,0
2374,2,98,2,34,2,2,0,2,2,0.0009919688,0.5006104431,16.0006190186,1.0000000000,0.0160000000,250.0000000000,0
2375,2,98,2,34,2,2,0,2,2,0.0009919688,0.4996184743,16.0006190186,1.0000000000,0.0160000000,250.0000000000,0
2376,2,98,2,34,2,2,0,2,2,0.0009919688,0.4986265055,16.0006190186,1.0000000000,0.0160000000,250.0000000000,0
2377,2,98,2,34,2,2,0,2,2,0.0009919688,0.4976345366,16.0006190186,1.0000000000,0.0160000000,250.0000000000,0
2378,2,98,2,34,2,2,0,2,2,0.0009919688,0.4966425678,16.0006190186,1.0000000000,0.0160000000,250.0000000000,0
2379,2,98,2,34,2,2,0,2,2,0.0009919688,0.4956505990,16.0006190186,1.0000000000,0.0160000000,250.0000000000,0
2380,2,98,2,34,2,2,0,2,2,0.0009919688,0.4946586302,16.0006190186,1.0000000000,0.0160000000,250.0000000000,0
2381,2,98,2,34,2,2,0,2,2,0.0009919688,0.4936666614,16.0006190186,1.0000000000,0.0160000000,250.0000000000,0
2382,2,98,2,34,2,2,0,2,2,0.0009919688,0.4926746926,16.0006190186,1.0000000000,0.0160000000,250.0000000000,0
2383,2,98,2,34,2,2,0,2,2,0.0009919688,0.4916827238,16.0006190186,1.0000000000,0.0160000000,250.0000000000,0
2384,2,98,2,34,2,2,0,2,2,0.0009919688,0.4906907550,16.0006190186,1.0000000000,0.0160000000,250.0000000000,0
2385,2,98,2,34,2,2,0,2,2,0.0009919688,0.4896987862,16.0006190186,1.0000000000,0.0160000000,250.0000000000,0
2386,2,98,2,34,2,2,0,2,2,0.0009919688,0.4887068174,16.0006190186,1.0000000000,0.0160000000,250.0000000000,0
2387,2,98,2,34,2,2,0,2,2,0.0009919688,0.4877148486,16.0006190186,1.0000000000,0.0160000000,250.0000000000,0
2388,2,98,2,34,2,2,0,2,2,0.0009919688,0.4867228798,16.0006190186,1.0000000000,0.0160000000,250.0000000000,0
2389,2,98,2,34,2,2,0,2,2,0.0009919688,0.4857309110,16.0006190186,1.0000000000,0.0160000000,250.0000000000,0
2390,2,98,2,34,2,2,0,2,2,0.0009919688,0.4847389422,16.0006190186,1.0000000000,0.0160000000,250.0000000000,0
2391,2,98,2,34,2,2,0,2,2,0.0009919688,0.4837469734,16.0006190186,1.0000000000,0.0160000000,250.0000000000,0
2392,2,98,2,34,2,2,0,2,2,0.0009919688,0.4827550046,16.0006190186,1.0000000000,0.0160000000,250.0000000000,0
2393,2,98,2,34,2,2,0,2,2,0.0009919688,0.4817630358,16.0006190186,1.0000000000,0.0160000000,250.0000000000,0
2394,2,98,2,34,2,2,0,2,2,0.0009919688,0.4807710670,16.0006190186,1.0000000000,0.0160000000,250.0000000000,0
2395,2,98,2,34,2,2,0,2,2,0.0009919688,0.4797790982,16.0006190186,1.0000000000,0.0160000000,250.0000000000,0
2396,2,98,2,34,2,2,0,2,2,0.0009919688,0.4787871294,16.0006190186,1.0000000000,0.0160000000,250.0000000000,0
2397,2,98,2,34,2,2,0,2,2,0.0009919688,0.4777951605,16.0006190186,1.0000000000,0.0160000000,250.0000000000,0
2398,2,98,2,34,2,2,0,2,2,0.0009919688,0.4768031917,16.0006190186,1.0000000000,0.0160000000,250.0000000000,0
2399,2,98,2,34,2,2,0,2,2,0.0009919688,0.4758112229,16.0006190186,1.0000000000,0.0160000000,250.0000000000,0
2400,2,98,2,34,2,2,0,2,2,0.0009919688,0.4748192541,16.0006190186,1.0000000000,0.0160000000,250.0000000000,0
2401,2,98,2,34,2,2,0,2,2,0.0009919688,0.4738272853,16.0006190186,1.0000000000,0.0160000000,250.0000000000,0
2402,2,98,2,34,2,2,0,2,2,0.0009919688,0.4728353165,16.0006190186,1.0000000000,0.0160000000,250.0000000000,0
2403,2,98,2,34,2,2,0,2,2,0.0009919688,0.4718433477,16.0006190186,1.0000000000,0.0160000000,250.0000000000,0
2404,2,98,2,34,2,2,0,2,2,0.0009919688,0.4708513789,16.0006190186,1.0000000000,0.0160000000,250.0000000000,0
2405,2,98,2,34,2,2,0,2,2,0.0009919688,0.4698594101,16.0006190186,1.0000000000,0.0160000000,250.0000000000,0
2406,2,98,2,34,2,2,0,2,2,0.0009919688,0.4688674413,16.0006190186,1.0000000000,0.0160000000,250.0000000000,0
2407,2,98,2,34,2,2,0,2,2,0.0009919688,0.4678754725,16.0006190186,1.0000000000,0.0160000000,250.0000000000,0
2408,2,98,2,34,2,2,0,2,2,0.0009919688,0.4668835037,16.0006190186,1.0000000000,0.0160000000,250.0000000000,0
2409,2,98,2,34,2,2,0,2,2,0.0009919688,0.4658915349,16.0006190186,1.0000000000,0.0160000000,250.0000000000,0
2410,2,98,2,34,2,2,0,2,2,0.0009919688,0.4648995661,16.0006190186,1.0000000000,0.0160000000,250.0000000000,0
2411,2,98,2,34,2,2,0,2,2,0.0009919688,0.4639075973,16.0006190186,1.0000000000,0.0160000000,250.0000000000,0
2412,2,98,2,34,2,2,0,2,2,0.0009919688,0.4629156285,16.0006190186,1.0000000000,0.0160000000,250.0000000000,0
2413,2,98,2,34,2,2,0,2,2,0.0009919688,0.4619236597,16.0006190186,1.0000000000,0.0160000000,250.0000000000,0
2414,2,98,2,34,2,2,0,2,2,0.0009919688,0.4609316909,16.0006190186,1.0000000000,0.0160000000,250.0000000000,0
2415,2,98,2,34,2,2,0,2,2,0.0009919688,0.4599397221,16.0006190186,1.0000000000,0.0160000000,250.0000000000,0
2416,2,98,2,34,2,2,0,2,2,0.0009919688,0.4589477533,16.0006190186,1.0000000000,0.0160000000,250.0000000000,0
2417,2,98,2,34,2,2,0,2,2,0.0009919688,0.4579557845,16.0006190186,1.0000000000,0.0160000000,250.0000000000,0
2418,2,98,2,34,2,2,0,2,2,0.0009919688,0.4569638156,16.0006190186,1.0000000000,0.0160000000,250.0000000000,0
2419,2,98,2,34,2,2,0,2,2,0.0009919688,0.4559718468,16.0006190186,1.0000000000,0.0160000000,250.0000000000,0
2420,2,98,2,34,2,2,0,2,2,0.0009919688,0.4549798780,16.0006190186,1.0000000000,0.0160000000,250.0000000000,0
2421,2,98,2,34,2,2,0,2,2,0.0009919688,0.4539879092,16.0006190186,1.0000000000,0.0160000000,250.0000000000,0
2422,2,98,2,34,2,2,0,2,2,0.0009919688,0.4529959404,16.0006190186,1.0000000000,0.0160000000,250.0000000000,0
2423,2,98,2,34,2,2,0,2,2,0.0009919688,0.4520039716,16.0006190186,1.0000000000,0.0160000000,250.0000000000,0
2424,2,98,2,34,2,2,0,2,2,0.0009919688,0.4510120028,16.0006190186,1.0000000000,0.0160000000,250.0000000000,0
2425,2,98,2,34,2,2,0,2,2,0.0009919688,0.4500200340,16.0006190186,1.0000000000,0.0160000000,250.0000000000,0
2426,2,98,2,34,2,2,0,2,2,0.0009919688,0.4490280652,16.0006190186,1.0000000000,0.0160000000,250.0000000000,0
2427,2,98,2,34,2,2,0,2,2,0.0009919688,0.4480360964,16.0006190186,1.0000000000,0.0160000000,250.0000000000,0
2428,2,98,2,34,2,2,0,2,2,0.0009919688,0.4470441276,16.0006190186,1.0000000000,0.0160000000,250.0000000000,0
2429,2,98,2,34,2,2,0,2,2,0.0009919688,0.4460521588,16.0006190186,1.0000000000,0.0160000000,250.0000000000,0
2430,2,98,2,34,2,2,0,2,2,0.0009919688,0.4450601900,16.0006190186,1.0000000000,0.0160000000,250.0000000000,0
2431,2,98,2,34,2,2,0,2,2,0.0009919688,0.4440682212,16.0006190186,1.0000000000,0.0160000000,250.0000000000,0
2432,2,98,2,34,2,2,0,2,2,0.0009919688,0.4430762524,16.0006190186,1.0000000000,0.0160000000,250.0000000000,0
2433,2,98,2,34,2,2,0,2,2,0.0009919688,0.4420842836,16.0006190186,1.0000000000,0.0160000000,250.0000000000,0
2434,2,98,2,34,2,2,0,2,2,0.0009919688,0.4410923148,16.0006190186,1.0000000000,0.0160000000,250.0000000000,0
2435,2,98,2,34,2,2,0,2,2,0.0009919688,0.4401003460,16.0006190186,1.0000000000,0.0160000000,250.0000000000,0
2436,2,98,2,42,2,2,0,2,2,0.0009896046,0.4391107414,16.0006158277,1.0000000000,0.0160000000,250.0000000000,0
2437,2,98,2,42,2,2,0,2,2,0.0009896046,0.4381211367,16.0006158277,1.0000000000,0.0160000000,250.0000000000,0
2438,2,98,2,42,2,2,0,2,2,0.0009896046,0.4371315321,16.0006158277,1.0000000000,0.0160000000,250.0000000000,0
2439,2,98,2,42,2,2,0,2,2,0.0009896046,0.4361419275,16.0006158277,1.0000000000,0.0160000000,250.0000000000,0
2440,2,98,2,42,2,2,0,2,2,0.0009896046,0.4351523229,16.0006158277,1.0000000000,0.0160000000,250.0000000000,0
2441,2,98,2,42,2,2,0,2,2,0.0009896046,0.4341627183,16.0006158277,1.0000000000,0.0160000000,250.0000000000,0
2442,2,98,2,42,2,2,0,2,2,0.0009896046,0.4331731137,16.0006158277,1.0000000000,0.0160000000,250.0000000000,0
2443,2,98,2,42,2,2,0,2,2,0.0009896046,0.4321835091,16.0006158277,1.0000000000,0.0160000000,250.0000000000,0
2444,2,98,2,34,2,2,0,2,2,0.0009919688,0.4311915403,16.0006190186,1.0000000000,0.0160000000,250.0000000000,0
2445,2,98,2,34,2,2,0,2,2,0.0009919688,0.4301995715,16.0006190186,1.0000000000,0.0160000000,250.0000000000,0
2446,2,98,2,34,2,2,0,2,2,0.0009919688,0.4292076027,16.0006190186,1.0000000000,0.0160000000,250.0000000000,0
2447,2,98,2,34,2,2,0,2,2,0.0009919688,0.4282156339,16.0006190186,1.0000000000,0.0160000000,250.0000000000,0
2448,2,98,2,34,2,2,0,2,2,0.0009919688,0.4272236651,16.0006190186,1.0000000000,0.0160000000,250.0000000000,0
2449,2,98,2,34,2,2,0,2,2,0.0009919688,0.4262316962,16.0006190186,1.0000000000,0.0160000000,250.0000000000,0
2450,2,98,2,34,2,2,0,2,2,0.0009919688,0.4252397274,16.0006190186,1.0000000000,0.0160000000,250.0000000000,0
2451,2,98,2,34,2,2,0,2,2,0.0009919688,0.4242477586,16.0006190186,1.0000000000,0.0160000000,250.0000000000,0
2452,2,98,2,34,2,2,0,2,2,0.0009919688,0.4232557898,16.0006190186,1.0000000000,0.0160000000,250.0000000000,0
2453,2,98,2,34,2,2,0,2,2,0.0009919688,0.4222638210,16.0006190186,1.0000000000,0.0160000000,250.0000000000,0
2454,2,98,2,34,2,2,0,2,2,0.0009919688,0.4212718522,16.0006190186,1.0000000000,0.0160000000,250.0000000000,0
2455,2,98,2,34,2,2,0,2,2,0.0009919688,0.4202798834,16.0006190186,1.0000000000,0.0160000000,250.0000000000,0
2456,2,98,2,34,2,2,0,2,2,0.0009919688,0.4192879146,16.0006190186,1.0000000000,0.0160000000,250.0000000000,0
2457,2,98,2,34,2,2,0,2,2,0.0009919688,0.4182959458,16.0006190186,1.0000000000,0.0160000000,250.0000000000,0
2458,2,98,2,34,2,2,0,2,2,0.0009919688,0.4173039770,16.0006190186,1.0000000000,0.0160000000,250.0000000000,0
2459,2,98,2,34,2,2,0,2,2,0.0009919688,0.4163120082,16.0006190186,1.0000000000,0.0160000000,250.0000000000,0
2460,2,98,2,34,2,2,0,2,2,0.0009919688,0.4153200394,16.0006190186,1.0000000000,0.0160000000,250.0000000000,0
2461,2,98,2,34,2,2,0,2,2,0.0009919688,0.4143280706,16.0006190186,1.0000000000,0.0160000000,250.0000000000,0
2462,2,98,2,34,2,2,0,2,2,0.0009919688,0.4133361018,16.0006190186,1.0000000000,0.0160000000,250.0000000000,0
2463,2,98,2,34,2,2,0,2,2,0.0009919688,0.4123441330,16.0006190186,1.0000000000,0.0160000000,250.0000000000,0
2464,2,98,2,34,2,2,0,2,2,0.0009919688,0.4113521642,16.0006190186,1.0000000000,0.0160000000,250.0000000000,0
2465,2,98,2,34,2,2,0,2,2,0.0009919688,0.4103601954,16.0006190186,1.0000000000,0.0160000000,250.0000000000,0
2466,2,98,2,34,2,2,0,2,2,0.0009919688,0.4093682266,16.0006190186,1.0000000000,0.0160000000,250.0000000000,0
2467,2,98,2,34,2,2,0,2,2,0.0009919688,0.4083762578,16.0006190186,1.0000000000,0.0160000000,250.0000000000,0
2468,2,98,2,34,2,2,0,2,2,0.0009919688,0.4073842890,16.0006190186,1.0000000000,0.0160000000,250.0000000000,0
2469,2,98,2,34,2,2,0,2,2,0.0009919688,0.4063923202,16.0006190186,1.0000000000,0.0160000000,250.0000000000,0
2470,2,98,2,34,2,2,0,2,2,0.0009919688,0.4054003513,16.0006190186,1.0000000000,0.0160000000,250.0000000000,0
2471,2,98,2,34,2,2,0,2,2,0.0009919688,0.4044083825,16.0006190186,1.0000000000,0.0160000000,250.0000000000,0
2472,2,98,2,34,2,2,0,2,2,0.0009919688,0.4034164137,16.0006190186,1.0000000000,0.0160000000,250.0000000000,0
2473,2,98,2,34,2,2,0,2,2,0.0009919688,0.4024244449,16.0006190186,1.0000000000,0.0160000000,250.0000000000,0
2474,2,98,2,34,2,2,0,2,2,0.0009919688,0.4014324761,16.0006190186,1.0000000000,0.0160000000,250.0000000000,0
2475,2,98,2,34,2,2,0,2,2,0.0009919688,0.4004405073,16.0006190186,1.0000000000,0.0160000000,250.0000000000,0
2476,2,98,2,34,2,2,0,2,2,0.0009919688,0.3994485385,16.0006190186,1.0000000000,0.0160000000,250.0000000000,0
2477,2,98,2,34,2,2,0,2,2,0.0009919688,0.3984565697,16.0006190186,1.0000000000,0.0160000000,250.0000000000,0
2478,2,98,2,34,2,2,0,2,2,0.0009919688,0.3974646009,16.0006190186,1.0000000000,0.0160000000,250.0000000000,0
2479,2,98,2,34,2,2,0,2,2,0.0009919688,0.3964726321,16.0006190186,1.0000000000,0.0160000000,250.0000000000,0
2480,2,98,2,34,2,2,0,2,2,0.0009919688,0.3954806633,16.0006190186,1.0000000000,0.0160000000,250.0000000000,0
2481,2,98,2,34,2,2,0,2,2,0.0009919688,0.3944886945,16.0006190186,1.0000000000,0.0160000000,250.0000000000,0
2482,2,98,2,34,2,2,0,2,2,0.0009919688,0.3934967257,16.0006190186,1.0000000000,0.0160000000,250.0000000000,0
2483,2,98,2,34,2,2,0,2,2,0.0009919688,0.3925047569,16.0006190186,1.0000000000,0.0160000000,250.0000000000,0
2484,2,98,2,34,2,2,0,2,2,0.0009919688,0.3915127881,16.0006190186,1.0000000000,0.0160000000,250.0000000000,0
2485,2,98,2,34,2,2,0,2,2,0.0009919688,0.3905208193,16.0006190186,1.0000000000,0.0160000000,250.0000000000,0
2486,2,98,2,34,2,2,0,2,2,0.0009919688,0.3895288505,16.0006190186,1.0000000000,0.0160000000,250.0000000000,0
2487,2,98,2,34,2,2,0,2,2,0.0009919688,0.3885368817,16.0006190186,1.0000000000,0.0160000000,250.0000000000,0
2488,2,98,2,34,2,2,0,2,2,0.0009919688,0.3875449129,16.0006190186,1.0000000000,0.0160000000,250.0000000000,0
2489,2,98,2,34,2,2,0,2,2,0.0009919688,0.3865529441,16.0006190186,1.0000000000,0.0160000000,250.0000000000,0
2490,2,98,2,34,2,2,0,2,2,0.0009919688,0.3855609752,16.0006190186,1.0000000000,0.0160000000,250.0000000000,0
2491,2,98,2,34,2,2,0,2,2,0.0009919688,0.3845690064,16.0006190186,1.0000000000,0.0160000000,250.0000000000,0
2492,2,98,2,34,2,2,0,2,2,0.0009919688,0.3835770376,16.0006190186,1.0000000000,0.0160000000,250.0000000000,0
2493,2,98,2,34,2,2,0,2,2,0.0009919688,0.3825850688,16.0006190186,1.0000000000,0.0160000000,250.0000000000,0
2494,2,98,2,34,2,2,0,2,2,0.0009919688,0.3815931000,16.0006190186,1.0000000000,0.0160000000,250.0000000000,0
2495,2,98,2,34,2,2,0,2,2,0.0009919688,0.3806011312,16.0006190186,1.0000000000,0.0160000000,250.0000000000,0
2496,2,98,2,34,2,2,0,2,2,0.0009919688,0.3796091624,16.0006190186,1.0000000000,0.0160000000,250.0000000000,0
2497,2,98,2,34,2,2,0,2,2,0.0009919688,0.3786171936,16.0006190186,1.0000000000,0.0160000000,250.0000000000,0
2498,2,98,2,34,2,2,0,2,2,0.0009919688,0.3776252248,16.0006190186,1.0000000000,0.0160000000,250.0000000000,0
2499,2,98,2,34,2,2,0,2,2,0.0009919688,0.3766332560,16.0006190186,1.0000000000,0.0160000000,250.0000000000,0
2500,2,98,2,34,2,2,0,2,2,0.0009919688,0.3756412872,16.0006190186,1.0000000000,0.0160000000,250.0000000000,0
2501,2,98,2,34,2,2,0,2,2,0.0009919688,0.3746493184,16.0006190186,1.0000000000,0.0160000000,250.0000000000,0
2502,2,98,2,34,2,2,0,2,2,0.0009919688,0.3736573496,16.0006190186,1.0000000000,0.0160000000,250.0000000000,0
2503,2,98,2,34,2,2,0,2,2,0.0009919688,0.3726653808,16.0006190186,1.0000000000,0.0160000000,250.0000000000,0
2504,2,98,2,34,2,2,0,2,2,0.0009919688,0.3716734120,16.0006190186,1.0000000000,0.0160000000,250.0000000000,0
2505,2,98,2,34,2,2,0,2,2,0.0009919688,0.3706814432,16.0006190186,1.0000000000,0.0160000000,250.0000000000,0
2506,2,98,2,34,2,2,0,2,2,0.0009919688,0.3696894744,16.0006190186,1.0000000000,0.0160000000,250.0000000000,0
2507,2,98,2,34,2,2,0,2,2,0.0009919688,0.3686975056,16.0006190186,1.0000000000,0.0160000000,250.0000000000,0
2508,2,98,2,34,2,2,0,2,2,0.0009919688,0.3677055368,16.0006190186,1.0000000000,0.0160000000,250.0000000000,0
2509,2,98,2,34,2,2,0,2,2,0.0009919688,0.3667135680,16.0006190186,1.0000000000,0.0160000000,250.0000000000,0
2510,2,98,2,34,2,2,0,2,2,0.0009919688,0.3657215992,16.0006190186,1.0000000000,0.0160000000,250.0000000000,0
2511,2,98,2,34,2,2,0,2,2,0.0009919688,0.3647296303,16.0006190186,1.0000000000,0.0160000000,250.0000000000,0
2512,2,98,2,34,2,2,0,2,2,0.0009919688,0.3637376615,16.0006190186,1.0000000000,0.0160000000,250.0000000000,0
2513,2,98,2,34,2,2,0,2,2,0.0009919688,0.3627456927,16.0006190186,1.0000000000,0.0160000000,250.0000000000,0
2514,2,98,2,34,2,2,0,2,2,0.0009919688,0.3617537239,16.0006190186,1.0000000000,0.0160000000,250.0000000000,0
2515,2,98,2,34,2,2,0,2,2,0.0009919688,0.3607617551,16.0006190186,1.0000000000,0.0160000000,250.0000000000,0
2516,2,98,2,34,2,2,0,2,2,0.0009919688,0.3597697863,16.0006190186,1.0000000000,0.0160000000,250.0000000000,0
2517,2,98,2,34,2,2,0,2,2,0.0009919688,0.3587778175,16.0006190186,1.0000000000,0.0160000000,250.0000000000,0
2518,2,98,2,34,2,2,0,2,2,0.0009919688,0.3577858487,16.0006190186,1.0000000000,0.0160000000,250.0000000000,0
2519,2,98,2,34,2,2,0,2,2,0.0009919688,0.3567938799,16.0006190186,1.0000000000,0.0160000000,250.0000000000,0
2520,2,98,2,34,2,2,0,2,2,0.0009919688,0.3558019111,16.0006190186,1.0000000000,0.0160000000,250.0000000000,0
2521,2,98,2,34,2,2,0,2,2,0.0009919688,0.3548099423,16.0006190186,1.0000000000,0.0160000000,250.0000000000,0
2522,2,98,2,34,2,2,0,2,2,0.0009919688,0.3538179735,16.0006190186,1.0000000000,0.0160000000,250.0000000000,0
2523,2,98,2,34,2,2,0,2,2,0.0009919688,0.3528260047,16.0006190186,1.0000000000,0.0160000000,250.0000000000,0
2524,2,98,2,34,2,2,0,2,2,0.0009919688,0.3518340359,16.0006190186,1.0000000000,0.0160000000,250.0000000000,0
2525,2,98,2,34,2,2,0,2,2,0.0009919688,0.3508420671,16.0006190186,1.0000000000,0.0160000000,250.0000000000,0
2526,2,98,2,34,2,2,0,2,2,0.0009919688,0.3498500983,16.0006190186,1.0000000000,0.0160000000,250.0000000000,0
2527,2,98,2,34,2,2,0,2,2,0.0009919688,0.3488581295,16.0006190186,1.0000000000,0.0160000000,250.0000000000,0
2528,2,98,2,34,2,2,0,2,2,0.0009919688,0.3478661607,16.0006190186,1.0000000000,0.0160000000,250.0000000000,0
2529,2,98,2,34,2,2,0,2,2,0.0009919688,0.3468741919,16.0006190186,1.0000000000,0.0160000000,250.0000000000,0
2530,2,98,2,34,2,2,0,2,2,0.0009919688,0.3458822231,16.0006190186,1.0000000000,0.0160000000,250.0000000000,0
2531,2,98,2,34,2,2,0,2,2,0.0009919688,0.3448902542,16.0006190186,1.0000000000,0.0160000000,250.0000000000,0
2532,2,98,2,34,2,2,0,2,2,0.0009919688,0.3438982854,16.0006190186,1.0000000000,0.0160000000,250.0000000000,0
2533,2,98,2,34,2,2,0,2,2,0.0009919688,0.3429063166,16.0006190186,1.0000000000,0.0160000000,250.0000000000,0
2534,2,98,2,34,2,2,0,2,2,0.0009919688,0.3419143478,16.0006190186,1.0000000000,0.0160000000,250.0000000000,0
2535,2,98,2,34,2,2,0,2,2,0.0009919688,0.3409223790,16.0006190186,1.0000000000,0.0160000000,250.0000000000,0
2536,2,98,2,42,2,2,0,2,2,0.0009896046,0.3399327744,16.0006158277,1.0000000000,0.0160000000,250.0000000000,0
2537,2,98,2,42,2,2,0,2,2,0.0009896046,0.3389431698,16.0006158277,1.0000000000,0.0160000000,250.0000000000,0
2538,2,98,2,42,2,2,0,2,2,0.0009896046,0.3379535652,16.0006158277,1.0000000000,0.0160000000,250.0000000000,0
2539,2,98,2,42,2,2,0,2,2,0.0009896046,0.3369639606,16.0006158277,1.0000000000,0.0160000000,250.0000000000,0
2540,2,98,2,42,2,2,0,2,2,0.0009896046,0.3359743560,16.0006158277,1.0000000000,0.0160000000,250.0000000000,0
2541,2,98,2,42,2,2,0,2,2,0.0009896046,0.3349847514,16.0006158277,1.0000000000,0.0160000000,250.0000000000,0
2542,2,98,2,42,2,2,0,2,2,0.0009896046,0.3339951468,16.0006158277,1.0000000000,0.0160000000,250.0000000000,0
2543,2,98,2,42,2,2,0,2,2,0.0009896046,0.3330055421,16.0006158277,1.0000000000,0.0160000000,250.0000000000,0
2544,2,98,2,34,2,2,0,2,2,0.0009919688,0.3320135733,16.0006190186,1.0000000000,0.0160000000,250.0000000000,0
2545,2,98,2,34,2,2,0,2,2,0.0009919688,0.3310216045,16.0006190186,1.0000000000,0.0160000000,250.0000000000,0
2546,2,98,2,34,2,2,0,2,2,0.0009919688,0.3300296357,16.0006190186,1.0000000000,0.0160000000,250.0000000000,0
2547,2,98,2,34,2,2,0,2,2,0.0009919688,0.3290376669,16.0006190186,1.0000000000,0.0160000000,250.0000000000,0
2548,2,98,2,34,2,2,0,2,2,0.0009919688,0.3280456981,16.0006190186,1.0000000000,0.0160000000,250.0000000000,0
2549,2,98,2,34,2,2,0,2,2,0.0009919688,0.3270537293,16.0006190186,1.0000000000,0.0160000000,250.0000000000,0
2550,2,98,2,34,2,2,0,2,2,0.0009919688,0.3260617605,16.0006190186,1.0000000000,0.0160000000,250.0000000000,0
2551,2,98,2,34,2,2,0,2,2,0.0009919688,0.3250697917,16.0006190186,1.0000000000,0.0160000000,250.0000000000,0
2552,2,98,2,34,2,2,0,2,2,0.0009919688,0.3240778229,16.0006190186,1.0000000000,0.0160000000,250.0000000000,0
2553,2,98,2,34,2,2,0,2,2,0.0009919688,0.3230858541,16.0006190186,1.0000000000,0.0160000000,250.0000000000,0
2554,2,98,2,34,2,2,0,2,2,0.0009919688,0.3220938853,16.0006190186,1.0000000000,0.0160000000,250.0000000000,0
2555,2,98,2,34,2,2,0,2,2,0.0009919688,0.3211019165,16.0006190186,1.0000000000,0.0160000000,250.0000000000,0
2556,2,98,2,34,2,2,0,2,2,0.0009919688,0.3201099477,16.0006190186,1.0000000000,0.0160000000,250.0000000000,0
2557,2,98,2,34,2,2,0,2,2,0.0009919688,0.3191179789,16.0006190186,1.0000000000,0.0160000000,250.0000000000,0
2558,2,98,2,34,2,2,0,2,2,0.0009919688,0.3181260101,16.0006190186,1.0000000000,0.0160000000,250.0000000000,0
2559,2,98,2,34,2,2,0,2,2,0.0009919688,0.3171340413,16.0006190186,1.0000000000,0.0160000000,250.0000000000,0
2560,2,98,2,34,2,2,0,2,2,0.0009919688,0.3161420725,16.0006190186,1.0000000000,0.0160000000,250.0000000000,0
2561,2,98,2,34,2,2,0,2,2,0.0009919688,0.3151501037,16.0006190186,1.0000000000,0.0160000000,250.0000000000,0
2562,2,98,2,34,2,2,0,2,2,0.0009919688,0.3141581349,16.0006190186,1.0000000000,0.0160000000,250.0000000000,0
2563,2,98,2,34,2,2,0,2,2,0.0009919688,0.3131661660,16.0006190186,1.0000000000,0.0160000000,250.0000000000,0
2564,2,98,2,34,2,2,0,2,2,0.0009919688,0.3121741972,16.0006190186,1.0000000000,0.0160000000,250.0000000000,0
2565,2,98,2,34,2,2,0,2,2,0.0009919688,0.3111822284,16.0006190186,1.0000000000,0.0160000000,250.0000000000,0
2566,2,98,2,34,2,2,0,2,2,0.0009919688,0.3101902596,16.0006190186,1.0000000000,0.0160000000,250.0000000000,0
2567,2,98,2,34,2,2,0,2,2,0.0009919688,0.3091982908,16.0006190186,1.0000000000,0.0160000000,250.0000000000,0
2568,2,98,2,34,2,2,0,2,2,0.0009919688,0.3082063220,16.0006190186,1.0000000000,0.0160000000,250.0000000000,0
2569,2,98,2,34,2,2,0,2,2,0.0009919688,0.3072143532,16.0006190186,1.0000000000,0.0160000000,250.0000000000,0
2570,2,98,2,34,2,2,0,2,2,0.0009919688,0.3062223844,16.0006190186,1.0000000000,0.0160000000,250.0000000000,0
2571,2,98,2,34,2,2,0,2,2,0.0009919688,0.3052304156,16.0006190186,1.0000000000,0.0160000000,250.0000000000,0
2572,2,98,2,34,2,2,0,2,2,0.0009919688,0.3042384468,16.0006190186,1.0000000000,0.0160000000,250.0000000000,0
2573,2,98,2,34,2,2,0,2,2,0.0009919688,0.3032464780,16.0006190186,1.0000000000,0.0160000000,250.0000000000,0
2574,2,98,2,34,2,2,0,2,2,0.0009919688,0.3022545092,16.0006190186,1.0000000000,0.0160000000,250.0000000000,0
2575,2,98,2,34,2,2,0,2,2,0.0009919688,0.3012625404,16.0006190186,1.0000000000,0.0160000000,250.0000000000,0
2576,2,98,2,34,2,2,0,2,2,0.0009919688,0.3002705716,16.0006190186,1.0000000000,0.0160000000,250.0000000000,0
2577,2,98,2,34,2,2,0,2,2,0.0009919688,0.2992786028,16.0006190186,1.0000000000,0.0160000000,250.0000000000,0
2578,2,98,2,34,2,2,0,2,2,0.0009919688,0.2982866340,16.0006190186,1.0000000000,0.0160000000,250.0000000000,0
2579,2,98,2,34,2,2,0,2,2,0.0009919688,0.2972946652,16.0006190186,1.0000000000,0.0160000000,250.0000000000,0
2580,2,98,2,34,2,2,0,2,2,0.0009919688,0.2963026964,16.0006190186,1.0000000000,0.0160000000,250.0000000000,0
2581,2,98,2,34,2,2,0,2,2,0.0009919688,0.2953107276,16.0006190186,1.0000000000,0.0160000000,250.0000000000,0
2582,2,98,2,34,2,2,0,2,2,0.0009919688,0.2943187588,16.0006190186,1.0000000000,0.0160000000,250.0000000000,0
2583,2,98,2,34,2,2,0,2,2,0.0009919688,0.2933267899,16.0006190186,1.0000000000,0.0160000000,250.0000000000,0
2584,2,98,2,34,2,2,0,2,2,0.0009919688,0.2923348211,16.0006190186,1.0000000000,0.0160000000,250.0000000000,0
2585,2,98,2,34,2,2,0,2,2,0.0009919688,0.2913428523,16.0006190186,1.0000000000,0.0160000000,250.0000000000,0
2586,2,98,2,34,2,2,0,2,2,0.0009919688,0.2903508835,16.0006190186,1.0000000000,0.0160000000,250.0000000000,0
2587,2,98,2,34,2,2,0,2,2,0.0009919688,0.2893589147,16.0006190186,1.0000000000,0.0160000000,250.0000000000,0
2588,2,98,2,34,2,2,0,2,2,0.0009919688,0.2883669459,16.0006190186,1.0000000000,0.0160000000,250.0000000000,0
2589,2,98,2,34,2,2,0,2,2,0.0009919688,0.2873749771,16.0006190186,1.0000000000,0.0160000000,250.0000000000,0
2590,2,98,2,34,2,2,0,2,2,0.0009919688,0.2863830083,16.0006190186,1.0000000000,0.0160000000,250.0000000000,0
2591,2,98,2,34,2,2,0,2,2,0.0009919688,0.2853910395,16.0006190186,1.0000000000,0.0160000000,250.0000000000,0
2592,2,98,2,34,2,2,0,2,2,0.0009919688,0.2843990707,16.0006190186,1.0000000000,0.0160000000,250.0000000000,0
2593,2,98,2,34,2,2,0,2,2,0.0009919688,0.2834071019,16.0006190186,1.0000000000,0.0160000000,250.0000000000,0
2594,2,98,2,34,2,2,0,2,2,0.0009919688,0.2824151331,16.0006190186,1.0000000000,0.0160000000,250.0000000000,0
2595,2,98,2,34,2,2,0,2,2,0.0009919688,0.2814231643,16.0006190186,1.0000000000,0.0160000000,250.0000000000,0
2596,2,98,2,34,2,2,0,2,2,0.0009919688,0.2804311955,16.0006190186,1.0000000000,0.0160000000,250.0000000000,0
2597,2,98,2,34,2,2,0,2,2,0.0009919688,0.2794392267,16.0006190186,1.0000000000,0.0160000000,250.0000000000,0
2598,2,98,2,34,2,2,0,2,2,0.0009919688,0.2784472579,16.0006190186,1.0000000000,0.0160000000,250.0000000000,0
2599,2,98,2,34,2,2,0,2,2,0.0009919688,0.2774552891,16.0006190186,1.0000000000,0.0160000000,250.0000000000,0
2600,2,98,2,34,2,2,0,2,2,0.0009919688,0.2764633203,16.0006190186,1.0000000000,0.0160000000,250.0000000000,0
2601,2,98,2,34,2,2,0,2,2,0.0009919688,0.2754713515,16.0006190186,1.0000000000,0.0160000000,250.0000000000,0
2602,2,98,2,34,2,2,0,2,2,0.0009919688,0.2744793827,16.0006190186,1.0000000000,0.0160000000,250.0000000000,0
2603,2,98,2,34,2,2,0,2,2,0.0009919688,0.2734874139,16.0006190186,1.0000000000,0.0160000000,250.0000000000,0
2604,2,98,2,34,2,2,0,2,2,0.0009919688,0.2724954450,16.0006190186,1.0000000000,0.0160000000,250.0000000000,0
2605,2,98,2,34,2,2,0,2,2,0.0009919688,0.2715034762,16.0006190186,1.0000000000,0.0160000000,250.0000000000,0
2606,2,98,2,34,2,2,0,2,2,0.0009919688,0.2705115074,16.0006190186,1.0000000000,0.0160000000,250.0000000000,0
2607,2,98,2,34,2,2,0,2,2,0.0009919688,0.2695195386,16.0006190186,1.0000000000,0.0160000000,250.0000000000,0
2608,2,98,2,34,2,2,0,2,2,0.0009919688,0.2685275698,16.0006190186,1.0000000000,0.0160000000,250.0000000000,0
2609,2,98,2,34,2,2,0,2,2,0.0009919688,0.2675356010,16.0006190186,1.0000000000,0.0160000000,250.0000000000,0
2610,2,98,2,34,2,2,0,2,2,0.0009919688,0.2665436322,16.0006190186,1.0000000000,0.0160000000,250.0000000000,0
2611,2,98,2,34,2,2,0,2,2,0.0009919688,0.2655516634,16.0006190186,1.0000000000,0.0160000000,250.0000000000,0
2612,2,98,2,34,2,2,0,2,2,0.0009919688,0.2645596946,16.0006190186,1.0000000000,0.0160000000,250.0000000000,0
2613,2,98,2,34,2,2,0,2,2,0.0009919688,0.2635677258,16.0006190186,1.0000000000,0.0160000000,250.0000000000,0
2614,2,98,2,34,2,2,0,2,2,0.0009919688,0.2625757570,16.0006190186,1.0000000000,0.0160000000,250.0000000000,0
2615,2,98,2,34,2,2,0,2,2,0.0009919688,0.2615837882,16.0006190186,1.0000000000,0.0160000000,250.0000000000,0
2616,2,98,2,34,2,2,0,2,2,0.0009919688,0.2605918194,16.0006190186,1.0000000000,0.0160000000,250.0000000000,0
2617,2,98,2,34,2,2,0,2,2,0.0009919688,0.2595998506,16.0006190186,1.0000000000,0.0160000000,250.0000000000,0
2618,2,98,2,34,2,2,0,2,2,0.0009919688,0.2586078818,16.0006190186,1.0000000000,0.0160000000,250.0000000000,0
2619,2,98,2,34,2,2,0,2,2,0.0009919688,0.2576159130,16.0006190186,1.0000000000,0.0160000000,250.0000000000,0
2620,2,98,2,34,2,2,0,2,2,0.0009919688,0.2566239442,16.0006190186,1.0000000000,0.0160000000,250.0000000000,0
2621,2,98,2,34,2,2,0,2,2,0.0009919688,0.2556319754,16.0006190186,1.0000000000,0.0160000000,250.0000000000,0
2622,2,98,2,34,2,2,0,2,2,0.0009919688,0.2546400066,16.0006190186,1.0000000000,0.0160000000,250.0000000000,0
2623,2,98,2,34,2,2,0,2,2,0.0009919688,0.2536480378,16.0006190186,1.0000000000,0.0160000000,250.0000000000,0
2624,2,98,2,34,2,2,0,2,2,0.0009919688,0.2526560689,16.0006190186,1.0000000000,0.0160000000,250.0000000000,0
2625,2,98,2,34,2,2,0,2,2,0.0009919688,0.2516641001,16.0006190186,1.0000000000,0.0160000000,250.0000000000,0
2626,2,98,2,34,2,2,0,2,2,0.0009919688,0.2506721313,16.0006190186,1.0000000000,0.0160000000,250.0000000000,0
2627,2,98,2,34,2,2,0,2,2,0.0009919688,0.2496801625,16.0006190186,1.0000000000,0.0160000000,250.0000000000,0
2628,2,98,2,34,2,2,0,2,2,0.0009919688,0.2486881937,16.0006190186,1.0000000000,0.0160000000,250.0000000000,0
2629,2,98,2,34,2,2,0,2,2,0.0009919688,0.2476962249,16.0006190186,1.0000000000,0.0160000000,250.0000000000,0
2630,2,98,2,34,2,2,0,2,2,0.0009919688,0.2467042561,16.0006190186,1.0000000000,0.0160000000,250.0000000000,0
2631,2,98,2,34,2,2,0,2,2,0.0009919688,0.2457122873,16.0006190186,1.0000000000,0.0160000000,250.0000000000,0
2632,2,98,2,34,2,2,0,2,2,0.0009919688,0.2447203185,16.0006190186,1.0000000000,0.0160000000,250.0000000000,0
2633,2,98,2,34,2,2,0,2,2,0.0009919688,0.2437283497,16.0006190186,1.0000000000,0.0160000000,250.0000000000,0
2634,2,98,2,34,2,2,0,2,2,0.0009919688,0.2427363809,16.0006190186,1.0000000000,0.0160000000,250.0000000000,0
2635,2,98,2,34,2,2,0,2,2,0.0009919688,0.2417444121,16.0006190186,1.0000000000,0.0160000000,250.0000000000,0
2636,2,98,2,42,2,2,0,2,2,0.0009896046,0.2407548075,16.0006158277,1.0000000000,0.0160000000,250.0000000000,0
2637,2,98,2,42,2,2,0,2,2,0.0009896046,0.2397652029,16.0006158277,1.0000000000,0.0160000000,250.0000000000,0
2638,2,98,2,42,2,2,0,2,2,0.0009896046,0.2387755983,16.0006158277,1.0000000000,0.0160000000,250.0000000000,0
2639,2,98,2,42,2,2,0,2,2,0.0009896046,0.2377859937,16.0006158277,1.0000000000,0.0160000000,250.0000000000,0
2640,2,98,2,42,2,2,0,2,2,0.0009896046,0.2367963890,16.0006158277,1.0000000000,0.0160000000,250.0000000000,0
2641,2,98,2,42,2,2,0,2,2,0.0009896046,0.2358067844,16.0006158277,1.0000000000,0.0160000000,250.0000000000,0
2642,2,98,2,42,2,2,0,2,2,0.0009896046,0.2348171798,16.0006158277,1.0000000000,0.0160000000,250.0000000000,0
2643,2,98,2,42,2,2,0,2,2,0.0009896046,0.2338275752,16.0006158277,1.0000000000,0.0160000000,250.0000000000,0
2644,2,98,2,34,2,2,0,2,2,0.0009919688,0.2328356064,16.0006190186,1.0000000000,0.0160000000,250.0000000000,0
2645,2,98,2,34,2,2,0,2,2,0.0009919688,0.2318436376,16.0006190186,1.0000000000,0.0160000000,250.0000000000,0
2646,2,98,2,34,2,2,0,2,2,0.0009919688,0.2308516688,16.0006190186,1.0000000000,0.0160000000,250.0000000000,0
2647,2,98,2,34,2,2,0,2,2,0.0009919688,0.2298597000,16.0006190186,1.0000000000,0.0160000000,250.0000000000,0
2648,2,98,2,34,2,2,0,2,2,0.0009919688,0.2288677312,16.0006190186,1.0000000000,0.0160000000,250.0000000000,0
2649,2,98,2,34,2,2,0,2,2,0.0009919688,0.2278757624,16.0006190186,1.0000000000,0.0160000000,250.0000000000,0
2650,2,98,2,34,2,2,0,2,2,0.0009919688,0.2268837936,16.0006190186,1.0000000000,0.0160000000,250.0000000000,0
2651,2,98,2,34,2,2,0,2,2,0.0009919688,0.2258918248,16.0006190186,1.0000000000,0.0160000000,250.0000000000,0
2652,2,98,2,34,2,2,0,2,2,0.0009919688,0.2248998560,16.0006190186,1.0000000000,0.0160000000,250.0000000000,0
2653,2,98,2,34,2,2,0,2,2,0.0009919688,0.2239078872,16.0006190186,1.0000000000,0.0160000000,250.0000000000,0
2654,2,98,2,34,2,2,0,2,2,0.0009919688,0.2229159184,16.0006190186,1.0000000000,0.0160000000,250.0000000000,0
2655,2,98,2,34,2,2,0,2,2,0.0009919688,0.2219239495,16.0006190186,1.0000000000,0.0160000000,250.0000000000,0
2656,2,98,2,34,2,2,0,2,2,0.0009919688,0.2209319807,16.0006190186,1.0000000000,0.0160000000,250.0000000000,0
2657,2,98,2,34,2,2,0,2,2,0.0009919688,0.2199400119,16.0006190186,1.0000000000,0.0160000000,250.0000000000,0
2658,2,98,2,34,2,2,0,2,2,0.0009919688,0.2189480431,16.0006190186,1.0000000000,0.0160000000,250.0000000000,0
2659,2,98,2,34,2,2,0,2,2,0.0009919688,0.2179560743,16.0006190186,1.0000000000,0.0160000000,250.0000000000,0
2660,2,98,2,34,2,2,0,2,2,0.0009919688,0.2169641055,16.0006190186,1.0000000000,0.0160000000,250.0000000000,0
2661,2,98,2,34,2,2,0,2,2,0.0009919688,0.2159721367,16.0006190186,1.0000000000,0.0160000000,250.0000000000,0
2662,2,98,2,34,2,2,0,2,2,0.0009919688,0.2149801679,16.0006190186,1.0000000000,0.0160000000,250.0000000000,0
2663,2,98,2,34,2,2,0,2,2,0.0009919688,0.2139881991,16.0006190186,1.0000000000,0.0160000000,250.0000000000,0
2664,2,98,2,34,2,2,0,2,2,0.0009919688,0.2129962303,16.0006190186,1.0000000000,0.0160000000,250.0000000000,0
2665,2,98,2,34,2,2,0,2,2,0.0009919688,0.2120042615,16.0006190186,1.0000000000,0.0160000000,250.0000000000,0
2666,2,98,2,34,2,2,0,2,2,0.0009919688,0.2110122927,16.0006190186,1.0000000000,0.0160000000,250.0000000000,0
2667,2,98,2,34,2,2,0,2,2,0.0009919688,0.2100203239,16.0006190186,1.0000000000,0.0160000000,250.0000000000,0
2668,2,98,2,34,2,2,0,2,2,0.0009919688,0.2090283551,16.0006190186,1.0000000000,0.0160000000,250.0000000000,0
2669,2,98,2,34,2,2,0,2,2,0.0009919688,0.2080363863,16.0006190186,1.0000000000,0.0160000000,250.0000000000,0
2670,2,98,2,34,2,2,0,2,2,0.0009919688,0.2070444175,16.0006190186,1.0000000000,0.0160000000,250.0000000000,0
2671,2,98,2,34,2,2,0,2,2,0.0009919688,0.2060524487,16.0006190186,1.0000000000,0.0160000000,250.0000000000,0
2672,2,98,2,34,2,2,0,2,2,0.0009919688,0.2050604799,16.0006190186,1.0000000000,0.0160000000,250.0000000000,0
2673,2,98,2,34,2,2,0,2,2,0.0009919688,0.2040685111,16.0006190186,1.0000000000,0.0160000000,250.0000000000,0
2674,2,98,2,34,2,2,0,2,2,0.0009919688,0.2030765423,16.0006190186,1.0000000000,0.0160000000,250.0000000000,0
2675,2,98,2,34,2,2,0,2,2,0.0009919688,0.2020845735,16.0006190186,1.0000000000,0.0160000000,250.0000000000,0
2676,2,98,2,34,2,2,0,2,2,0.0009919688,0.2010926046,16.0006190186,1.0000000000,0.0160000000,250.0000000000,0
2677,2,98,2,34,2,2,0,2,2,0.0009919688,0.2001006358,16.0006190186,1.0000000000,0.0160000000,250.0000000000,0
2678,2,98,2,34,2,2,0,2,2,0.0009919688,0.1991086670,16.0006190186,1.0000000000,0.0160000000,250.0000000000,0
2679,2,98,2,34,2,2,0,2,2,0.0009919688,0.1981166982,16.0006190186,1.0000000000,0.0160000000,250.0000000000,0
2680,2,98,2,34,2,2,0,2,2,0.0009919688,0.1971247294,16.0006190186,1.0000000000,0.0160000000,250.0000000000,0
2681,2,98,2,34,2,2,0,2,2,0.0009919688,0.1961327606,16.0006190186,1.0000000000,0.0160000000,250.0000000000,0
2682,2,98,2,34,2,2,0,2,2,0.0009919688,0.1951407918,16.0006190186,1.0000000000,0.0160000000,250.0000000000,0
2683,2,98,2,34,2,2,0,2,2,0.0009919688,0.1941488230,16.0006190186,1.0000000000,0.0160000000,250.0000000000,0
2684,2,98,2,34,2,2,0,2,2,0.0009919688,0.1931568542,16.0006190186,1.0000000000,0.0160000000,250.0000000000,0
2685,2,98,2,34,2,2,0,2,2,0.0009919688,0.1921648854,16.0006190186,1.0000000000,0.0160000000,250.0000000000,0
2686,2,98,2,34,2,2,0,2,2,0.0009919688,0.1911729166,16.0006190186,1.0000000000,0.0160000000,250.0000000000,0
2687,2,98,2,34,2,2,0,2,2,0.0009919688,0.1901809478,16.0006190186,1.0000000000,0.0160000000,250.0000000000,0
2688,2,98,2,34,2,2,0,2,2,0.0009919688,0.1891889790,16.0006190186,1.0000000000,0.0160000000,250.0000000000,0
2689,2,98,2,34,2,2,0,2,2,0.0009919688,0.1881970102,16.0006190186,1.0000000000,0.0160000000,250.0000000000,0
2690,2,98,2,34,2,2,0,2,2,0.0009919688,0.1872050414,16.0006190186,1.0000000000,0.0160000000,250.0000000000,0
2691,2,98,2,34,2,2,0,2,2,0.0009919688,0.1862130726,16.0006190186,1.0000000000,0.0160000000,250.0000000000,0
2692,2,98,2,34,2,2,0,2,2,0.0009919688,0.1852211038,16.0006190186,1.0000000000,0.0160000000,250.0000000000,0
2693,2,98,2,34,2,2,0,2,2,0.0009919688,0.1842291350,16.0006190186,1.0000000000,0.0160000000,250.0000000000,0
2694,2,98,2,34,2,2,0,2,2,0.0009919688,0.1832371662,16.0006190186,1.0000000000,0.0160000000,250.0000000000,0
2695,2,98,2,34,2,2,0,2,2,0.0009919688,0.1822451974,16.0006190186,1.0000000000,0.0160000000,250.0000000000,0
2696,2,98,2,34,2,2,0,2,2,0.0009919688,0.1812532285,16.0006190186,1.0000000000,0.0160000000,250.0000000000,0
2697,2,98,2,34,2,2,0,2,2,0.0009919688,0.1802612597,16.0006190186,1.0000000000,0.0160000000,250.0000000000,0
2698,2,98,2,34,2,2,0,2,2,0.0009919688,0.1792692909,16.0006190186,1.0000000000,0.0160000000,250.0000000000,0
2699,2,98,2,34,2,2,0,2,2,0.0009919688,0.1782773221,16.0006190186,1.0000000000,0.0160000000,250.0000000000,0
2700,2,98,2,34,2,2,0,2,2,0.0009919688,0.1772853533,16.0006190186,1.0000000000,0.0160000000,250.0000000000,0
2701,2,98,2,34,2,2,0,2,2,0.0009919688,0.1762933845,16.0006190186,1.0000000000,0.0160000000,250.0000000000,0
2702,2,98,2,34,2,2,0,2,2,0.0009919688,0.1753014157,16.0006190186,1.0000000000,0.0160000000,250.0000000000,0
2703,2,98,2,34,2,2,0,2,2,0.0009919688,0.1743094469,16.0006190186,1.0000000000,0.0160000000,250.0000000000,0
2704,2,98,2,34,2,2,0,2,2,0.0009919688,0.1733174781,16.0006190186,1.0000000000,0.0160000000,250.0000000000,0
2705,2,98,2,34,2,2,0,2,2,0.0009919688,0.1723255093,16.0006190186,1.0000000000,0.0160000000,250.0000000000,0
2706,2,98,2,34,2,2,0,2,2,0.0009919688,0.1713335405,16.0006190186,1.0000000000,0.0160000000,250.0000000000,0
2707,2,98,2,34,2,2,0,2,2,0.0009919688,0.1703415717,16.0006190186,1.0000000000,0.0160000000,250.0000000000,0
2708,2,98,2,34,2,2,0,2,2,0.0009919688,0.1693496029,16.0006190186,1.0000000000,0.0160000000,250.0000000000,0
2709,2,98,2,34,2,2,0,2,2,0.0009919688,0.1683576341,16.0006190186,1.0000000000,0.0160000000,250.0000000000,0
2710,2,98,2,34,2,2,0,2,2,0.0009919688,0.1673656653,16.0006190186,1.0000000000,0.0160000000,250.0000000000,0
2711,2,98,2,34,2,2,0,2,2,0.0009919688,0.1663736965,16.0006190186,1.0000000000,0.0160000000,250.0000000000,0
2712,2,98,2,34,2,2,0,2,2,0.0009919688,0.1653817277,16.0006190186,1.0000000000,0.0160000000,250.0000000000,0
2713,2,98,2,34,2,2,0,2,2,0.0009919688,0.1643897589,16.0006190186,1.0000000000,0.0160000000,250.0000000000,0
2714,2,98,2,34,2,2,0,2,2,0.0009919688,0.1633977901,16.0006190186,1.0000000000,0.0160000000,250.0000000000,0
2715,2,98,2,34,2,2,0,2,2,0.0009919688,0.1624058213,16.0006190186,1.0000000000,0.0160000000,250.0000000000,0
2716,2,98,2,34,2,2,0,2,2,0.0009919688,0.1614138525,16.0006190186,1.0000000000,0.0160000000,250.0000000000,0
2717,2,98,2,34,2,2,0,2,2,0.0009919688,0.1604218836,16.0006190186,1.0000000000,0.0160000000,250.0000000000,0
2718,2,98,2,34,2,2,0,2,2,0.0009919688,0.1594299148,16.0006190186,1.0000000000,0.0160000000,250.0000000000,0
2719,2,98,2,34,2,2,0,2,2,0.0009919688,0.1584379460,16.0006190186,1.0000000000,0.0160000000,250.0000000000,0
2720,2,98,2,34,2,2,0,2,2,0.0009919688,0.1574459772,16.0006190186,1.0000000000,0.0160000000,250.0000000000,0
2721,2,98,2,34,2,2,0,2,2,0.0009919688,0.1564540084,16.0006190186,1.0000000000,0.0160000000,250.0000000000,0
2722,2,98,2,34,2,2,0,2,2,0.0009919688,0.1554620396,16.0006190186,1.0000000000,0.0160000000,250.0000000000,0
2723,2,98,2,34,2,2,0,2,2,0.0009919688,0.1544700708,16.0006190186,1.0000000000,0.0160000000,250.0000000000,0
2724,2,98,2,34,2,2,0,2,2,0.0009919688,0.1534781020,16.0006190186,1.0000000000,0.0160000000,250.0000000000,0
2725,2,98,2,34,2,2,0,2,2,0.0009919688,0.1524861332,16.0006190186,1.0000000000,0.0160000000,250.0000000000,0
2726,2,98,2,34,2,2,0,2,2,0.0009919688,0.1514941644,16.0006190186,1.0000000000,0.0160000000,250.0000000000,0
2727,2,98,2,34,2,2,0,2,2,0.0009919688,0.1505021956,16.0006190186,1.0000000000,0.0160000000,250.0000000000,0
2728,2,98,2,34,2,2,0,2,2,0.0009919688,0.1495102268,16.0006190186,1.0000000000,0.0160000000,250.0000000000,0
2729,2,98,2,34,2,2,0,2,2,0.0009919688,0.1485182580,16.0006190186,1.0000000000,0.0160000000,250.0000000000,0
2730,2,98,2,34,2,2,0,2,2,0.0009919688,0.1475262892,16.0006190186,1.0000000000,0.0160000000,250.0000000000,0
2731,2,98,2,34,2,2,0,2,2,0.0009919688,0.1465343204,16.0006190186,1.0000000000,0.0160000000,250.0000000000,0
2732,2,98,2,34,2,2,0,2,2,0.0009919688,0.1455423516,16.0006190186,1.0000000000,0.0160000000,250.0000000000,0
2733,2,98,2,34,2,2,0,2,2,0.0009919688,0.1445503828,16.0006190186,1.0000000000,0.0160000000,250.0000000000,0
2734,2,98,2,34,2,2,0,2,2,0.0009919688,0.1435584140,16.0006190186,1.0000000000,0.0160000000,250.0000000000,0
2735,2,98,2,34,2,2,0,2,2,0.0009919688,0.1425664452,16.0006190186,1.0000000000,0.0160000000,250.0000000000,0
2736,2,98,2,42,2,2,0,2,2,0.0009896046,0.1415768405,16.0006158277,1.0000000000,0.0160000000,250.0000000000,0
2737,2,98,2,42,2,2,0,2,2,0.0009896046,0.1405872359,16.0006158277,1.0000000000,0.0160000000,250.0000000000,0
2738,2,98,2,42,2,2,0,2,2,0.0009896046,0.1395976313,16.0006158277,1.0000000000,0.0160000000,250.0000000000,0
2739,2,98,2,42,2,2,0,2,2,0.0009896046,0.1386080267,16.0006158277,1.0000000000,0.0160000000,250.0000000000,0
2740,2,98,2,42,2,2,0,2,2,0.0009896046,0.1376184221,16.0006158277,1.0000000000,0.0160000000,250.0000000000,0
2741,2,98,2,42,2,2,0,2,2,0.0009896046,0.1366288175,16.0006158277,1.0000000000,0.0160000000,250.0000000000,0
2742,2,98,2,42,2,2,0,2,2,0.0009896046,0.1356392129,16.0006158277,1.0000000000,0.0160000000,250.0000000000,0
2743,1,99,2,42,2,0,2,0,0,0.0007432060,0.1348960069,0.0000000000,0.0000000000,0.0000000000,0.0000000000,1
2744,1,99,1,-1,1,1,0,1,1,0.0001774290,0.1347185779,8.0002074032,1.0000000000,0.0080000000,250.0000000000,0
2745,1,99,1,-1,1,1,0,1,1,0.0001774290,0.1345411489,8.0002074032,1.0000000000,0.0080000000,250.0000000000,0
2746,1,99,1,-1,1,1,0,1,1,0.0001774290,0.1343637200,8.0002074032,1.0000000000,0.0080000000,250.0000000000,0
2747,1,99,1,-1,1,1,0,1,1,0.0001774290,0.1341862910,8.0002074032,1.0000000000,0.0080000000,250.0000000000,0
2748,1,99,1,-1,1,1,0,1,1,0.0001774290,0.1340088620,8.0002074032,1.0000000000,0.0080000000,250.0000000000,0
2749,1,99,1,-1,1,1,0,1,1,0.0001774290,0.1338314331,8.0002074032,1.0000000000,0.0080000000,250.0000000000,0
2750,1,99,1,-1,1,1,0,1,1,0.0001774290,0.1336540041,8.0002074032,1.0000000000,0.0080000000,250.0000000000,0
2751,1,99,1,-1,1,1,0,1,1,0.0001774290,0.1334765751,8.0002074032,1.0000000000,0.0080000000,250.0000000000,0
2752,1,99,1,-1,1,1,0,1,1,0.0001774290,0.1332991462,8.0002074032,1.0000000000,0.0080000000,250.0000000000,0
2753,1,99,1,-1,1,1,0,1,1,0.0001774290,0.1331217172,8.0002074032,1.0000000000,0.0080000000,250.0000000000,0
2754,1,99,1,-1,1,1,0,1,1,0.0001774290,0.1329442882,8.0002074032,1.0000000000,0.0080000000,250.0000000000,0
2755,1,99,1,-1,1,1,0,1,1,0.0001774290,0.1327668593,8.0002074032,1.0000000000,0.0080000000,250.0000000000,0
2756,1,99,1,-1,1,1,0,1,1,0.0001774290,0.1325894303,8.0002074032,1.0000000000,0.0080000000,250.0000000000,0
2757,1,99,1,-1,1,1,0,1,1,0.0001774290,0.1324120013,8.0002074032,1.0000000000,0.0080000000,250.0000000000,0
2758,1,99,1,-1,1,1,0,1,1,0.0001774290,0.1322345724,8.0002074032,1.0000000000,0.0080000000,250.0000000000,0
2759,1,99,1,-1,1,1,0,1,1,0.0001774290,0.1320571434,8.0002074032,1.0000000000,0.0080000000,250.0000000000,0
2760,1,99,1,-1,1,1,0,1,1,0.0001774290,0.1318797144,8.0002074032,1.0000000000,0.0080000000,250.0000000000,0
2761,1,99,1,-1,1,1,0,1,1,0.0001774290,0.1317022855,8.0002074032,1.0000000000,0.0080000000,250.0000000000,0
2762,1,99,1,-1,1,1,0,1,1,0.0001774290,0.1315248565,8.0002074032,1.0000000000,0.0080000000,250.0000000000,0
2763,1,99,1,-1,1,1,0,1,1,0.0001774290,0.1313474275,8.0002074032,1.0000000000,0.0080000000,250.0000000000,0
2764,1,99,1,-1,1,1,0,1,1,0.0001774290,0.1311699986,8.0002074032,1.0000000000,0.0080000000,250.0000000000,0
2765,1,99,1,-1,1,1,0,1,1,0.0001774290,0.1309925696,8.0002074032,1.0000000000,0.0080000000,250.0000000000,0
2766,1,99,1,-1,1,1,0,1,1,0.0001774290,0.1308151406,8.0002074032,1.0000000000,0.0080000000,250.0000000000,0
2767,1,99,1,-1,1,1,0,1,1,0.0001774290,0.1306377117,8.0002074032,1.0000000000,0.0080000000,250.0000000000,0
2768,1,99,1,-1,1,1,0,1,1,0.0001774290,0.1304602827,8.0002074032,1.0000000000,0.0080000000,250.0000000000,0
2769,1,99,1,-1,1,1,0,1,1,0.0001774290,0.1302828537,8.0002074032,1.0000000000,0.0080000000,250.0000000000,0
2770,1,99,1,-1,1,1,0,1,1,0.0001774290,0.1301054248,8.0002074032,1.0000000000,0.0080000000,250.0000000000,0
2771,1,99,1,-1,1,1,0,1,1,0.0001774290,0.1299279958,8.0002074032,1.0000000000,0.0080000000,250.0000000000,0
2772,1,99,1,-1,1,1,0,1,1,0.0001774290,0.1297505668,8.0002074032,1.0000000000,0.0080000000,250.0000000000,0
2773,1,99,1,-1,1,1,0,1,1,0.0001774290,0.1295731379,8.0002074032,1.0000000000,0.0080000000,250.0000000000,0
2774,1,99,1,-1,1,1,0,1,1,0.0001774290,0.1293957089,8.0002074032,1.0000000000,0.0080000000,250.0000000000,0
2775,1,99,1,-1,1,1,0,1,1,0.0001774290,0.1292182799,8.0002074032,1.0000000000,0.0080000000,250.0000000000,0
2776,1,99,1,-1,1,1,0,1,1,0.0001774290,0.1290408510,8.0002074032,1.0000000000,0.0080000000,250.0000000000,0
2777,1,99,1,-1,1,1,0,1,1,0.0001774290,0.1288634220,8.0002074032,1.0000000000,0.0080000000,250.0000000000,0
2778,1,99,1,-1,1,1,0,1,1,0.0001774290,0.1286859930,8.0002074032,1.0000000000,0.0080000000,250.0000000000,0
2779,1,99,1,-1,1,1,0,1,1,0.0001774290,0.1285085641,8.0002074032,1.0000000000,0.0080000000,250.0000000000,0
2780,1,99,1,-1,1,1,0,1,1,0.0001774290,0.1283311351,8.0002074032,1.0000000000,0.0080000000,250.0000000000,0
2781,1,99,1,-1,1,1,0,1,1,0.0001774290,0.1281537061,8.0002074032,1.0000000000,0.0080000000,250.0000000000,0
2782,1,99,1,-1,1,1,0,1,1,0.0001774290,0.1279762772,8.0002074032,1.0000000000,0.0080000000,250.0000000000,0
2783,1,99,1,-1,1,1,0,1,1,0.0001774290,0.1277988482,8.0002074032,1.0000000000,0.0080000000,250.0000000000,0
2784,1,99,1,-1,1,1,0,1,1,0.0001774290,0.1276214192,8.0002074032,1.0000000000,0.0080000000,250.0000000000,0
2785,1,99,1,-1,1,1,0,1,1,0.0001774290,0.1274439903,8.0002074032,1.0000000000,0.0080000000,250.0000000000,0
2786,1,99,1,-1,1,1,0,1,1,0.0001774290,0.1272665613,8.0002074032,1.0000000000,0.0080000000,250.0000000000,0
2787,1,99,1,-1,1,1,0,1,1,0.0001774290,0.1270891323,8.0002074032,1.0000000000,0.0080000000,250.0000000000,0
2788,1,99,1,-1,1,1,0,1,1,0.0001774290,0.1269117034,8.0002074032,1.0000000000,0.0080000000,250.0000000000,0
2789,1,99,1,-1,1,1,0,1,1,0.0001774290,0.1267342744,8.0002074032,1.0000000000,0.0080000000,250.0000000000,0
2790,1,99,1,-1,1,1,0,1,1,0.0001774290,0.1265568454,8.0002074032,1.0000000000,0.0080000000,250.0000000000,0
2791,1,99,1,-1,1,1,0,1,1,0.0001774290,0.1263794165,8.0002074032,1.0000000000,0.0080000000,250.0000000000,0
2792,1,99,1,-1,1,1,0,1,1,0.0001774290,0.1262019875,8.0002074032,1.0000000000,0.0080000000,250.0000000000,0
2793,1,99,1,-1,1,1,0,1,1,0.0001774290,0.1260245585,8.0002074032,1.0000000000,0.0080000000,250.0000000000,0
2794,1,99,1,-1,1,1,0,1,1,0.0001774290,0.1258471296,8.0002074032,1.0000000000,0.0080000000,250.0000000000,0
2795,1,99,1,-1,1,1,0,1,1,0.0001774290,0.1256697006,8.0002074032,1.0000000000,0.0080000000,250.0000000000,0
2796,1,99,1,-1,1,1,0,1,1,0.0001774290,0.1254922716,8.0002074032,1.0000000000,0.0080000000,250.0000000000,0
2797,1,99,1,-1,1,1,0,1,1,0.0001774290,0.1253148427,8.0002074032,1.0000000000,0.0080000000,250.0000000000,0
2798,1,99,1,-1,1,1,0,1,1,0.0001774290,0.1251374137,8.0002074032,1.0000000000,0.0080000000,250.0000000000,0
2799,1,99,1,-1,1,1,0,1,1,0.0001774290,0.1249599847,8.0002074032,1.0000000000,0.0080000000,250.0000000000,0
2800,1,99,1,-1,1,1,0,1,1,0.0001774290,0.1247825558,8.0002074032,1.0000000000,0.0080000000,250.0000000000,0
2801,1,99,1,-1,1,1,0,1,1,0.0001774290,0.1246051268,8.0002074032,1.0000000000,0.0080000000,250.0000000000,0
2802,1,99,1,-1,1,1,0,1,1,0.0001774290,0.1244276978,8.0002074032,1.0000000000,0.0080000000,250.0000000000,0
2803,1,99,1,-1,1,1,0,1,1,0.0001774290,0.1242502689,8.0002074032,1.0000000000,0.0080000000,250.0000000000,0
2804,1,99,1,-1,1,1,0,1,1,0.0001774290,0.1240728399,8.0002074032,1.0000000000,0.0080000000,250.0000000000,0
2805,1,99,1,-1,1,1,0,1,1,0.0001774290,0.1238954109,8.0002074032,1.0000000000,0.0080000000,250.0000000000,0
2806,1,99,1,-1,1,1,0,1,1,0.0001774290,0.1237179820,8.0002074032,1.0000000000,0.0080000000,250.0000000000,0
2807,1,99,1,-1,1,1,0,1,1,0.0001774290,0.1235405530,8.0002074032,1.0000000000,0.0080000000,250.0000000000,0
2808,1,99,1,-1,1,1,0,1,1,0.0001774290,0.1233631240,8.0002074032,1.0000000000,0.0080000000,250.0000000000,0
2809,1,99,1,-1,1,1,0,1,1,0.0001774290,0.1231856951,8.0002074032,1.0000000000,0.0080000000,250.0000000000,0
2810,1,99,1,-1,1,1,0,1,1,0.0001774290,0.1230082661,8.0002074032,1.0000000000,0.0080000000,250.0000000000,0
2811,1,99,1,-1,1,1,0,1,1,0.0001774290,0.1228308371,8.0002074032,1.0000000000,0.0080000000,250.0000000000,0
2812,1,99,1,-1,1,1,0,1,1,0.0001774290,0.1226534082,8.0002074032,1.0000000000,0.0080000000,250.0000000000,0
2813,1,99,1,-1,1,1,0,1,1,0.0001774290,0.1224759792,8.0002074032,1.0000000000,0.0080000000,250.0000000000,0
2814,1,99,1,-1,1,1,0,1,1,0.0001774290,0.1222985502,8.0002074032,1.0000000000,0.0080000000,250.0000000000,0
2815,1,99,1,-1,1,1,0,1,1,0.0001774290,0.1221211213,8.0002074032,1.0000000000,0.0080000000,250.0000000000,0
2816,1,99,1,-1,1,1,0,1,1,0.0001774290,0.1219436923,8.0002074032,1.0000000000,0.0080000000,250.0000000000,0
2817,1,99,1,-1,1,1,0,1,1,0.0001774290,0.1217662633,8.0002074032,1.0000000000,0.0080000000,250.0000000000,0
2818,1,99,1,-1,1,1,0,1,1,0.0001774290,0.1215888344,8.0002074032,1.0000000000,0.0080000000,250.0000000000,0
2819,1,99,1,-1,1,1,0,1,1,0.0001774290,0.1214114054,8.0002074032,1.0000000000,0.0080000000,250.0000000000,0
2820,1,99,1,-1,1,1,0,1,1,0.0001774290,0.1212339764,8.0002074032,1.0000000000,0.0080000000,250.0000000000,0
2821,1,99,1,-1,1,1,0,1,1,0.0001774290,0.1210565475,8.0002074032,1.0000000000,0.0080000000,250.0000000000,0
2822,1,99,1,-1,1,1,0,1,1,0.0001774290,0.1208791185,8.0002074032,1.0000000000,0.0080000000,250.0000000000,0
2823,1,99,1,-1,1,1,0,1,1,0.0001774290,0.1207016895,8.0002074032,1.0000000000,0.0080000000,250.0000000000,0
2824,1,99,1,-1,1,1,0,1,1,0.0001774290,0.1205242606,8.0002074032,1.0000000000,0.0080000000,250.0000000000,0
2825,1,99,1,-1,1,1,0,1,1,0.0001774290,0.1203468316,8.0002074032,1.0000000000,0.0080000000,250.0000000000,0
2826,1,99,1,-1,1,1,0,1,1,0.0001774290,0.1201694026,8.0002074032,1.0000000000,0.0080000000,250.0000000000,0
2827,1,99,1,-1,1,1,0,1,1,0.0001774290,0.1199919737,8.0002074032,1.0000000000,0.0080000000,250.0000000000,0
2828,1,99,1,-1,1,1,0,1,1,0.0001774290,0.1198145447,8.0002074032,1.0000000000,0.0080000000,250.0000000000,0
2829,1,99,1,-1,1,1,0,1,1,0.0001774290,0.1196371157,8.0002074032,1.0000000000,0.0080000000,250.0000000000,0
2830,1,99,1,-1,1,1,0,1,1,0.0001774290,0.1194596868,8.0002074032,1.0000000000,0.0080000000,250.0000000000,0
2831,1,99,1,-1,1,1,0,1,1,0.0001774290,0.1192822578,8.0002074032,1.0000000000,0.0080000000,250.0000000000,0
2832,1,99,1,-1,1,1,0,1,1,0.0001774290,0.1191048288,8.0002074032,1.0000000000,0.0080000000,250.0000000000,0
2833,1,99,1,-1,1,1,0,1,1,0.0001774290,0.1189273999,8.0002074032,1.0000000000,0.0080000000,250.0000000000,0
2834,1,99,1,-1,1,1,0,1,1,0.0001774290,0.1187499709,8.0002074032,1.0000000000,0.0080000000,250.0000000000,0
2835,1,99,1,-1,1,1,0,1,1,0.0001774290,0.1185725419,8.0002074032,1.0000000000,0.0080000000,250.0000000000,0
2836,1,99,1,-1,1,1,0,1,1,0.0001774290,0.1183951130,8.0002074032,1.0000000000,0.0080000000,250.0000000000,0
2837,1,99,1,-1,1,1,0,1,1,0.0001774290,0.1182176840,8.0002074032,1.0000000000,0.0080000000,250.0000000000,0
2838,1,99,1,-1,1,1,0,1,1,0.0001774290,0.1180402551,8.0002074032,1.0000000000,0.0080000000,250.0000000000,0
2839,1,99,1,-1,1,1,0,1,1,0.0001774290,0.1178628261,8.0002074032,1.0000000000,0.0080000000,250.0000000000,0
2840,1,99,1,-1,1,1,0,1,1,0.0001774290,0.1176853971,8.0002074032,1.0000000000,0.0080000000,250.0000000000,0
2841,1,99,1,-1,1,1,0,1,1,0.0001774290,0.1175079682,8.0002074032,1.0000000000,0.0080000000,250.0000000000,0
2842,1,99,1,-1,1,1,0,1,1,0.0001774290,0.1173305392,8.0002074032,1.0000000000,0.0080000000,250.0000000000,0
2843,1,99,1,-1,1,1,0,1,1,0.0001774290,0.1171531102,8.0002074032,1.0000000000,0.0080000000,250.0000000000,0
2844,1,99,1,-1,1,1,0,1,1,0.0001774290,0.1169756813,8.0002074032,1.0000000000,0.0080000000,250.0000000000,0
2845,1,99,1,-1,1,1,0,1,1,0.0001774290,0.1167982523,8.0002074032,1.0000000000,0.0080000000,250.0000000000,0
2846,1,99,1,-1,1,1,0,1,1,0.0001774290,0.1166208233,8.0002074032,1.0000000000,0.0080000000,250.0000000000,0
2847,1,99,1,-1,1,1,0,1,1,0.0001774290,0.1164433944,8.0002074032,1.0000000000,0.0080000000,250.0000000000,0
2848,1,99,1,-1,1,1,0,1,1,0.0001774290,0.1162659654,8.0002074032,1.0000000000,0.0080000000,250.0000000000,0
2849,1,99,1,-1,1,1,0,1,1,0.0001774290,0.1160885364,8.0002074032,1.0000000000,0.0080000000,250.0000000000,0
2850,1,99,1,-1,1,1,0,1,1,0.0001774290,0.1159111075,8.0002074032,1.0000000000,0.0080000000,250.0000000000,0
2851,1,99,1,-1,1,1,0,1,1,0.0001774290,0.1157336785,8.0002074032,1.0000000000,0.0080000000,250.0000000000,0
2852,1,99,1,-1,1,1,0,1,1,0.0001774290,0.1155562495,8.0002074032,1.0000000000,0.0080000000,250.0000000000,0
2853,1,99,1,-1,1,1,0,1,1,0.0001774290,0.1153788206,8.0002074032,1.0000000000,0.0080000000,250.0000000000,0
2854,1,99,1,-1,1,1,0,1,1,0.0001774290,0.1152013916,8.0002074032,1.0000000000,0.0080000000,250.0000000000,0
2855,1,99,1,-1,1,1,0,1,1,0.0001774290,0.1150239626,8.0002074032,1.0000000000,0.0080000000,250.0000000000,0
2856,1,99,1,-1,1,1,0,1,1,0.0001774290,0.1148465337,8.0002074032,1.0000000000,0.0080000000,250.0000000000,0
2857,1,99,1,-1,1,1,0,1,1,0.0001774290,0.1146691047,8.0002074032,1.0000000000,0.0080000000,250.0000000000,0
2858,1,99,1,-1,1,1,0,1,1,0.0001774290,0.1144916757,8.0002074032,1.0000000000,0.0080000000,250.0000000000,0
2859,1,99,1,-1,1,1,0,1,1,0.0001774290,0.1143142468,8.0002074032,1.0000000000,0.0080000000,250.0000000000,0
2860,1,99,1,-1,1,1,0,1,1,0.0001774290,0.1141368178,8.0002074032,1.0000000000,0.0080000000,250.0000000000,0
2861,1,99,1,-1,1,1,0,1,1,0.0001774290,0.1139593888,8.0002074032,1.0000000000,0.0080000000,250.0000000000,0
2862,1,99,1,-1,1,1,0,1,1,0.0001774290,0.1137819599,8.0002074032,1.0000000000,0.0080000000,250.0000000000,0
2863,1,99,1,-1,1,1,0,1,1,0.0001774290,0.1136045309,8.0002074032,1.0000000000,0.0080000000,250.0000000000,0
2864,1,99,1,-1,1,1,0,1,1,0.0001774290,0.1134271019,8.0002074032,1.0000000000,0.0080000000,250.0000000000,0
2865,1,99,1,-1,1,1,0,1,1,0.0001774290,0.1132496730,8.0002074032,1.0000000000,0.0080000000,250.0000000000,0
2866,1,99,1,-1,1,1,0,1,1,0.0001774290,0.1130722440,8.0002074032,1.0000000000,0.0080000000,250.0000000000,0
2867,1,99,1,-1,1,1,0,1,1,0.0001774290,0.1128948150,8.0002074032,1.0000000000,0.0080000000,250.0000000000,0
2868,1,99,1,-1,1,1,0,1,1,0.0001774290,0.1127173861,8.0002074032,1.0000000000,0.0080000000,250.0000000000,0
2869,1,99,1,-1,1,1,0,1,1,0.0001774290,0.1125399571,8.0002074032,1.0000000000,0.0080000000,250.0000000000,0
2870,1,99,1,-1,1,1,0,1,1,0.0001774290,0.1123625281,8.0002074032,1.0000000000,0.0080000000,250.0000000000,0
2871,1,99,1,-1,1,1,0,1,1,0.0001774290,0.1121850992,8.0002074032,1.0000000000,0.0080000000,250.0000000000,0
2872,1,99,1,-1,1,1,0,1,1,0.0001774290,0.1120076702,8.0002074032,1.0000000000,0.0080000000,250.0000000000,0
2873,1,99,1,-1,1,1,0,1,1,0.0001774290,0.1118302412,8.0002074032,1.0000000000,0.0080000000,250.0000000000,0
2874,1,99,1,-1,1,1,0,1,1,0.0001774290,0.1116528123,8.0002074032,1.0000000000,0.0080000000,250.0000000000,0
2875,1,99,1,-1,1,1,0,1,1,0.0001774290,0.1114753833,8.0002074032,1.0000000000,0.0080000000,250.0000000000,0
2876,1,99,1,-1,1,1,0,1,1,0.0001774290,0.1112979543,8.0002074032,1.0000000000,0.0080000000,250.0000000000,0
2877,1,99,1,-1,1,1,0,1,1,0.0001774290,0.1111205254,8.0002074032,1.0000000000,0.0080000000,250.0000000000,0
2878,1,99,1,-1,1,1,0,1,1,0.0001774290,0.1109430964,8.0002074032,1.0000000000,0.0080000000,250.0000000000,0
2879,1,99,1,-1,1,1,0,1,1,0.0001774290,0.1107656674,8.0002074032,1.0000000000,0.0080000000,250.0000000000,0
2880,1,99,1,-1,1,1,0,1,1,0.0001774290,0.1105882385,8.0002074032,1.0000000000,0.0080000000,250.0000000000,0
2881,1,99,1,-1,1,1,0,1,1,0.0001774290,0.1104108095,8.0002074032,1.0000000000,0.0080000000,250.0000000000,0
2882,1,99,1,-1,1,1,0,1,1,0.0001774290,0.1102333805,8.0002074032,1.0000000000,0.0080000000,250.0000000000,0
2883,1,99,1,-1,1,1,0,1,1,0.0001774290,0.1100559516,8.0002074032,1.0000000000,0.0080000000,250.0000000000,0
2884,1,99,1,-1,1,1,0,1,1,0.0001774290,0.1098785226,8.0002074032,1.0000000000,0.0080000000,250.0000000000,0
2885,1,99,1,-1,1,1,0,1,1,0.0001774290,0.1097010936,8.0002074032,1.0000000000,0.0080000000,250.0000000000,0
2886,1,99,1,-1,1,1,0,1,1,0.0001774290,0.1095236647,8.0002074032,1.0000000000,0.0080000000,250.0000000000,0
2887,1,99,1,-1,1,1,0,1,1,0.0001774290,0.1093462357,8.0002074032,1.0000000000,0.0080000000,250.0000000000,0
2888,1,99,1,-1,1,1,0,1,1,0.0001774290,0.1091688067,8.0002074032,1.0000000000,0.0080000000,250.0000000000,0
2889,1,99,1,-1,1,1,0,1,1,0.0001774290,0.1089913778,8.0002074032,1.0000000000,0.0080000000,250.0000000000,0
2890,1,99,1,-1,1,1,0,1,1,0.0001774290,0.1088139488,8.0002074032,1.0000000000,0.0080000000,250.0000000000,0
2891,1,99,1,-1,1,1,0,1,1,0.0001774290,0.1086365198,8.0002074032,1.0000000000,0.0080000000,250.0000000000,0
2892,1,99,1,-1,1,1,0,1,1,0.0001774290,0.1084590909,8.0002074032,1.0000000000,0.0080000000,250.0000000000,0
2893,1,99,1,-1,1,1,0,1,1,0.0001774290,0.1082816619,8.0002074032,1.0000000000,0.0080000000,250.0000000000,0
2894,1,99,1,-1,1,1,0,1,1,0.0001774290,0.1081042329,8.0002074032,1.0000000000,0.0080000000,250.0000000000,0
2895,1,99,1,-1,1,1,0,1,1,0.0001774290,0.1079268040,8.0002074032,1.0000000000,0.0080000000,250.0000000000,0
2896,1,99,1,-1,1,1,0,1,1,0.0001774290,0.1077493750,8.0002074032,1.0000000000,0.0080000000,250.0000000000,0
2897,1,99,1,-1,1,1,0,1,1,0.0001774290,0.1075719460,8.0002074032,1.0000000000,0.0080000000,250.0000000000,0
2898,1,99,1,-1,1,1,0,1,1,0.0001774290,0.1073945171,8.0002074032,1.0000000000,0.0080000000,250.0000000000,0
2899,1,99,1,-1,1,1,0,1,1,0.0001774290,0.1072170881,8.0002074032,1.0000000000,0.0080000000,250.0000000000,0
2900,1,99,1,-1,1,1,0,1,1,0.0001774290,0.1070396591,8.0002074032,1.0000000000,0.0080000000,250.0000000000,0
2901,1,99,1,-1,1,1,0,1,1,0.0001774290,0.1068622302,8.0002074032,1.0000000000,0.0080000000,250.0000000000,0
2902,1,99,1,-1,1,1,0,1,1,0.0001774290,0.1066848012,8.0002074032,1.0000000000,0.0080000000,250.0000000000,0
2903,1,99,1,-1,1,1,0,1,1,0.0001774290,0.1065073722,8.0002074032,1.0000000000,0.0080000000,250.0000000000,0
2904,1,99,1,-1,1,1,0,1,1,0.0001774290,0.1063299433,8.0002074032,1.0000000000,0.0080000000,250.0000000000,0
2905,1,99,1,-1,1,1,0,1,1,0.0001774290,0.1061525143,8.0002074032,1.0000000000,0.0080000000,250.0000000000,0
2906,1,99,1,-1,1,1,0,1,1,0.0001774290,0.1059750853,8.0002074032,1.0000000000,0.0080000000,250.0000000000,0
2907,1,99,1,-1,1,1,0,1,1,0.0001774290,0.1057976564,8.0002074032,1.0000000000,0.0080000000,250.0000000000,0
2908,1,99,1,-1,1,1,0,1,1,0.0001774290,0.1056202274,8.0002074032,1.0000000000,0.0080000000,250.0000000000,0
2909,1,99,1,-1,1,1,0,1,1,0.0001774290,0.1054427984,8.0002074032,1.0000000000,0.0080000000,250.0000000000,0
2910,1,99,1,-1,1,1,0,1,1,0.0001774290,0.1052653695,8.0002074032,1.0000000000,0.0080000000,250.0000000000,0
2911,1,99,1,-1,1,1,0,1,1,0.0001774290,0.1050879405,8.0002074032,1.0000000000,0.0080000000,250.0000000000,0
2912,1,99,1,-1,1,1,0,1,1,0.0001774290,0.1049105115,8.0002074032,1.0000000000,0.0080000000,250.0000000000,0
2913,1,99,1,-1,1,1,0,1,1,0.0001774290,0.1047330826,8.0002074032,1.0000000000,0.0080000000,250.0000000000,0
2914,1,99,1,-1,1,1,0,1,1,0.0001774290,0.1045556536,8.0002074032,1.0000000000,0.0080000000,250.0000000000,0
2915,1,99,1,-1,1,1,0,1,1,0.0001774290,0.1043782246,8.0002074032,1.0000000000,0.0080000000,250.0000000000,0
2916,1,99,1,-1,1,1,0,1,1,0.0001774290,0.1042007957,8.0002074032,1.0000000000,0.0080000000,250.0000000000,0
2917,1,99,1,-1,1,1,0,1,1,0.0001774290,0.1040233667,8.0002074032,1.0000000000,0.0080000000,250.0000000000,0
2918,1,99,1,-1,1,1,0,1,1,0.0001774290,0.1038459377,8.0002074032,1.0000000000,0.0080000000,250.0000000000,0
2919,1,99,1,-1,1,1,0,1,1,0.0001774290,0.1036685088,8.0002074032,1.0000000000,0.0080000000,250.0000000000,0
2920,1,99,1,-1,1,1,0,1,1,0.0001774290,0.1034910798,8.0002074032,1.0000000000,0.0080000000,250.0000000000,0
2921,1,99,1,-1,1,1,0,1,1,0.0001774290,0.1033136508,8.0002074032,1.0000000000,0.0080000000,250.0000000000,0
2922,1,99,1,-1,1,1,0,1,1,0.0001774290,0.1031362219,8.0002074032,1.0000000000,0.0080000000,250.0000000000,0
2923,1,99,1,-1,1,1,0,1,1,0.0001774290,0.1029587929,8.0002074032,1.0000000000,0.0080000000,250.0000000000,0
2924,1,99,1,-1,1,1,0,1,1,0.0001774290,0.1027813639,8.0002074032,1.0000000000,0.0080000000,250.0000000000,0
2925,1,99,1,-1,1,1,0,1,1,0.0001774290,0.1026039350,8.0002074032,1.0000000000,0.0080000000,250.0000000000,0
2926,1,99,1,-1,1,1,0,1,1,0.0001774290,0.1024265060,8.0002074032,1.0000000000,0.0080000000,250.0000000000,0
2927,1,99,1,-1,1,1,0,1,1,0.0001774290,0.1022490770,8.0002074032,1.0000000000,0.0080000000,250.0000000000,0
2928,1,99,1,-1,1,1,0,1,1,0.0001774290,0.1020716481,8.0002074032,1.0000000000,0.0080000000,250.0000000000,0
2929,1,99,1,-1,1,1,0,1,1,0.0001774290,0.1018942191,8.0002074032,1.0000000000,0.0080000000,250.0000000000,0
2930,1,99,1,-1,1,1,0,1,1,0.0001774290,0.1017167901,8.0002074032,1.0000000000,0.0080000000,250.0000000000,0
2931,1,99,1,-1,1,1,0,1,1,0.0001774290,0.1015393612,8.0002074032,1.0000000000,0.0080000000,250.0000000000,0
2932,1,99,1,-1,1,1,0,1,1,0.0001774290,0.1013619322,8.0002074032,1.0000000000,0.0080000000,250.0000000000,0
2933,1,99,1,-1,1,1,0,1,1,0.0001774290,0.1011845032,8.0002074032,1.0000000000,0.0080000000,250.0000000000,0
2934,1,99,1,-1,1,1,0,1,1,0.0001774290,0.1010070743,8.0002074032,1.0000000000,0.0080000000,250.0000000000,0
2935,1,99,1,-1,1,1,0,1,1,0.0001774290,0.1008296453,8.0002074032,1.0000000000,0.0080000000,250.0000000000,0
2936,1,99,1,-1,1,1,0,1,1,0.0001774290,0.1006522163,8.0002074032,1.0000000000,0.0080000000,250.0000000000,0
2937,1,99,1,-1,1,1,0,1,1,0.0001774290,0.1004747874,8.0002074032,1.0000000000,0.0080000000,250.0000000000,0
2938,1,99,1,-1,1,1,0,1,1,0.0001774290,0.1002973584,8.0002074032,1.0000000000,0.0080000000,250.0000000000,0
2939,1,99,1,-1,1,1,0,1,1,0.0001774290,0.1001199294,8.0002074032,1.0000000000,0.0080000000,250.0000000000,0
2940,1,99,1,-1,1,1,0,1,1,0.0001774290,0.0999425005,8.0002074032,1.0000000000,0.0080000000,250.0000000000,0
2941,1,99,1,-1,1,1,0,1,1,0.0001774290,0.0997650715,8.0002074032,1.0000000000,0.0080000000,250.0000000000,0
2942,1,99,1,-1,1,1,0,1,1,0.0001774290,0.0995876425,8.0002074032,1.0000000000,0.0080000000,250.0000000000,0
2943,1,99,1,-1,1,1,0,1,1,0.0001774290,0.0994102136,8.0002074032,1.0000000000,0.0080000000,250.0000000000,0
2944,1,99,1,-1,1,1,0,1,1,0.0001774290,0.0992327846,8.0002074032,1.0000000000,0.0080000000,250.0000000000,0
2945,1,99,1,-1,1,1,0,1,1,0.0001774290,0.0990553556,8.0002074032,1.0000000000,0.0080000000,250.0000000000,0
2946,1,99,1,-1,1,1,0,1,1,0.0001774290,0.0988779267,8.0002074032,1.0000000000,0.0080000000,250.0000000000,0
2947,1,99,1,-1,1,1,0,1,1,0.0001774290,0.0987004977,8.0002074032,1.0000000000,0.0080000000,250.0000000000,0
2948,1,99,1,-1,1,1,0,1,1,0.0001774290,0.0985230687,8.0002074032,1.0000000000,0.0080000000,250.0000000000,0
2949,1,99,1,-1,1,1,0,1,1,0.0001774290,0.0983456398,8.0002074032,1.0000000000,0.0080000000,250.0000000000,0
2950,1,99,1,-1,1,1,0,1,1,0.0001774290,0.0981682108,8.0002074032,1.0000000000,0.0080000000,250.0000000000,0
2951,1,99,1,-1,1,1,0,1,1,0.0001774290,0.0979907819,8.0002074032,1.0000000000,0.0080000000,250.0000000000,0
2952,1,99,1,-1,1,1,0,1,1,0.0001774290,0.0978133529,8.0002074032,1.0000000000,0.0080000000,250.0000000000,0
2953,1,99,1,-1,1,1,0,1,1,0.0001774290,0.0976359239,8.0002074032,1.0000000000,0.0080000000,250.0000000000,0
2954,1,99,1,-1,1,1,0,1,1,0.0001774290,0.0974584950,8.0002074032,1.0000000000,0.0080000000,250.0000000000,0
2955,1,99,1,-1,1,1,0,1,1,0.0001774290,0.0972810660,8.0002074032,1.0000000000,0.0080000000,250.0000000000,0
2956,1,99,1,-1,1,1,0,1,1,0.0001774290,0.0971036370,8.0002074032,1.0000000000,0.0080000000,250.0000000000,0
2957,1,99,1,-1,1,1,0,1,1,0.0001774290,0.0969262081,8.0002074032,1.0000000000,0.0080000000,250.0000000000,0
2958,1,99,1,-1,1,1,0,1,1,0.0001774290,0.0967487791,8.0002074032,1.0000000000,0.0080000000,250.0000000000,0
2959,1,99,1,-1,1,1,0,1,1,0.0001774290,0.0965713501,8.0002074032,1.0000000000,0.0080000000,250.0000000000,0
2960,1,99,1,-1,1,1,0,1,1,0.0001774290,0.0963939212,8.0002074032,1.0000000000,0.0080000000,250.0000000000,0
2961,1,99,1,-1,1,1,0,1,1,0.0001774290,0.0962164922,8.0002074032,1.0000000000,0.0080000000,250.0000000000,0
2962,1,99,1,-1,1,1,0,1,1,0.0001774290,0.0960390632,8.0002074032,1.0000000000,0.0080000000,250.0000000000,0
2963,1,99,1,-1,1,1,0,1,1,0.0001774290,0.0958616343,8.0002074032,1.0000000000,0.0080000000,250.0000000000,0
2964,1,99,1,-1,1,1,0,1,1,0.0001774290,0.0956842053,8.0002074032,1.0000000000,0.0080000000,250.0000000000,0
2965,1,99,1,-1,1,1,0,1,1,0.0001774290,0.0955067763,8.0002074032,1.0000000000,0.0080000000,250.0000000000,0
2966,1,99,1,-1,1,1,0,1,1,0.0001774290,0.0953293474,8.0002074032,1.0000000000,0.0080000000,250.0000000000,0
2967,1,99,1,-1,1,1,0,1,1,0.0001774290,0.0951519184,8.0002074032,1.0000000000,0.0080000000,250.0000000000,0
2968,1,99,1,-1,1,1,0,1,1,0.0001774290,0.0949744894,8.0002074032,1.0000000000,0.0080000000,250.0000000000,0
2969,1,99,1,-1,1,1,0,1,1,0.0001774290,0.0947970605,8.0002074032,1.0000000000,0.0080000000,250.0000000000,0
2970,1,99,1,-1,1,1,0,1,1,0.0001774290,0.0946196315,8.0002074032,1.0000000000,0.0080000000,250.0000000000,0
2971,1,99,1,-1,1,1,0,1,1,0.0001774290,0.0944422025,8.0002074032,1.0000000000,0.0080000000,250.0000000000,0
2972,1,99,1,-1,1,1,0,1,1,0.0001774290,0.0942647736,8.0002074032,1.0000000000,0.0080000000,250.0000000000,0
2973,1,99,1,-1,1,1,0,1,1,0.0001774290,0.0940873446,8.0002074032,1.0000000000,0.0080000000,250.0000000000,0
2974,1,99,1,-1,1,1,0,1,1,0.0001774290,0.0939099156,8.0002074032,1.0000000000,0.0080000000,250.0000000000,0
2975,1,99,1,-1,1,1,0,1,1,0.0001774290,0.0937324867,8.0002074032,1.0000000000,0.0080000000,250.0000000000,0
2976,1,99,1,-1,1,1,0,1,1,0.0001774290,0.0935550577,8.0002074032,1.0000000000,0.0080000000,250.0000000000,0
2977,1,99,1,-1,1,1,0,1,1,0.0001774290,0.0933776287,8.0002074032,1.0000000000,0.0080000000,250.0000000000,0
2978,1,99,1,-1,1,1,0,1,1,0.0001774290,0.0932001998,8.0002074032,1.0000000000,0.0080000000,250.0000000000,0
2979,1,99,1,-1,1,1,0,1,1,0.0001774290,0.0930227708,8.0002074032,1.0000000000,0.0080000000,250.0000000000,0
2980,1,99,1,-1,1,1,0,1,1,0.0001774290,0.0928453418,8.0002074032,1.0000000000,0.0080000000,250.0000000000,0
2981,1,99,1,-1,1,1,0,1,1,0.0001774290,0.0926679129,8.0002074032,1.0000000000,0.0080000000,250.0000000000,0
2982,1,99,1,-1,1,1,0,1,1,0.0001774290,0.0924904839,8.0002074032,1.0000000000,0.0080000000,250.0000000000,0
2983,1,99,1,-1,1,1,0,1,1,0.0001774290,0.0923130549,8.0002074032,1.0000000000,0.0080000000,250.0000000000,0
2984,1,99,1,-1,1,1,0,1,1,0.0001774290,0.0921356260,8.0002074032,1.0000000000,0.0080000000,250.0000000000,0
2985,1,99,1,-1,1,1,0,1,1,0.0001774290,0.0919581970,8.0002074032,1.0000000000,0.0080000000,250.0000000000,0
2986,1,99,1,-1,1,1,0,1,1,0.0001774290,0.0917807680,8.0002074032,1.0000000000,0.0080000000,250.0000000000,0
2987,1,99,1,-1,1,1,0,1,1,0.0001774290,0.0916033391,8.0002074032,1.0000000000,0.0080000000,250.0000000000,0
2988,1,99,1,-1,1,1,0,1,1,0.0001774290,0.0914259101,8.0002074032,1.0000000000,0.0080000000,250.0000000000,0
2989,1,99,1,-1,1,1,0,1,1,0.0001774290,0.0912484811,8.0002074032,1.0000000000,0.0080000000,250.0000000000,0
2990,1,99,1,-1,1,1,0,1,1,0.0001774290,0.0910710522,8.0002074032,1.0000000000,0.0080000000,250.0000000000,0
2991,1,99,1,-1,1,1,0,1,1,0.0001774290,0.0908936232,8.0002074032,1.0000000000,0.0080000000,250.0000000000,0
2992,1,99,1,-1,1,1,0,1,1,0.0001774290,0.0907161942,8.0002074032,1.0000000000,0.0080000000,250.0000000000,0
2993,1,99,1,-1,1,1,0,1,1,0.0001774290,0.0905387653,8.0002074032,1.0000000000,0.0080000000,250.0000000000,0
2994,1,99,1,-1,1,1,0,1,1,0.0001774290,0.0903613363,8.0002074032,1.0000000000,0.0080000000,250.0000000000,0
2995,1,99,1,-1,1,1,0,1,1,0.0001774290,0.0901839073,8.0002074032,1.0000000000,0.0080000000,250.0000000000,0
2996,1,99,1,-1,1,1,0,1,1,0.0001774290,0.0900064784,8.0002074032,1.0000000000,0.0080000000,250.0000000000,0
2997,1,99,1,-1,1,1,0,1,1,0.0001774290,0.0898290494,8.0002074032,1.0000000000,0.0080000000,250.0000000000,0
2998,1,99,1,-1,1,1,0,1,1,0.0001774290,0.0896516204,8.0002074032,1.0000000000,0.0080000000,250.0000000000,0
2999,1,99,1,-1,1,1,0,1,1,0.0001774290,0.0894741915,8.0002074032,1.0000000000,0.0080000000,250.0000000000,0
3000,1,99,1,-1,1,1,0,1,1,0.0001774290,0.0892967625,8.0002074032,1.0000000000,0.0080000000,250.0000000000,0
3001,1,99,1,-1,1,1,0,1,1,0.0001774290,0.0891193335,8.0002074032,1.0000000000,0.0080000000,250.0000000000,0
3002,1,99,1,-1,1,1,0,1,1,0.0001774290,0.0889419046,8.0002074032,1.0000000000,0.0080000000,250.0000000000,0
3003,1,99,1,-1,1,1,0,1,1,0.0001774290,0.0887644756,8.0002074032,1.0000000000,0.0080000000,250.0000000000,0
3004,1,99,1,-1,1,1,0,1,1,0.0001774290,0.0885870466,8.0002074032,1.0000000000,0.0080000000,250.0000000000,0
3005,1,99,1,-1,1,1,0,1,1,0.0001774290,0.0884096177,8.0002074032,1.0000000000,0.0080000000,250.0000000000,0
3006,1,99,1,-1,1,1,0,1,1,0.0001774290,0.0882321887,8.0002074032,1.0000000000,0.0080000000,250.0000000000,0
3007,1,99,1,-1,1,1,0,1,1,0.0001774290,0.0880547597,8.0002074032,1.0000000000,0.0080000000,250.0000000000,0
3008,1,99,1,-1,1,1,0,1,1,0.0001774290,0.0878773308,8.0002074032,1.0000000000,0.0080000000,250.0000000000,0
3009,1,99,1,-1,1,1,0,1,1,0.0001774290,0.0876999018,8.0002074032,1.0000000000,0.0080000000,250.0000000000,0
3010,1,99,1,-1,1,1,0,1,1,0.0001774290,0.0875224728,8.0002074032,1.0000000000,0.0080000000,250.0000000000,0
3011,1,99,1,-1,1,1,0,1,1,0.0001774290,0.0873450439,8.0002074032,1.0000000000,0.0080000000,250.0000000000,0
3012,1,99,1,-1,1,1,0,1,1,0.0001774290,0.0871676149,8.0002074032,1.0000000000,0.0080000000,250.0000000000,0
3013,1,99,1,-1,1,1,0,1,1,0.0001774290,0.0869901859,8.0002074032,1.0000000000,0.0080000000,250.0000000000,0
3014,1,99,1,-1,1,1,0,1,1,0.0001774290,0.0868127570,8.0002074032,1.0000000000,0.0080000000,250.0000000000,0
3015,1,99,1,-1,1,1,0,1,1,0.0001774290,0.0866353280,8.0002074032,1.0000000000,0.0080000000,250.0000000000,0
3016,1,99,1,-1,1,1,0,1,1,0.0001774290,0.0864578990,8.0002074032,1.0000000000,0.0080000000,250.0000000000,0
3017,1,99,1,-1,1,1,0,1,1,0.0001774290,0.0862804701,8.0002074032,1.0000000000,0.0080000000,250.0000000000,0
3018,1,99,1,-1,1,1,0,1,1,0.0001774290,0.0861030411,8.0002074032,1.0000000000,0.0080000000,250.0000000000,0
3019,1,99,1,-1,1,1,0,1,1,0.0001774290,0.0859256121,8.0002074032,1.0000000000,0.0080000000,250.0000000000,0
3020,1,99,1,-1,1,1,0,1,1,0.0001774290,0.0857481832,8.0002074032,1.0000000000,0.0080000000,250.0000000000,0
3021,1,99,1,-1,1,1,0,1,1,0.0001774290,0.0855707542,8.0002074032,1.0000000000,0.0080000000,250.0000000000,0
3022,1,99,1,-1,1,1,0,1,1,0.0001774290,0.0853933252,8.0002074032,1.0000000000,0.0080000000,250.0000000000,0
3023,1,99,1,-1,1,1,0,1,1,0.0001774290,0.0852158963,8.0002074032,1.0000000000,0.0080000000,250.0000000000,0
3024,1,99,1,-1,1,1,0,1,1,0.0001774290,0.0850384673,8.0002074032,1.0000000000,0.0080000000,250.0000000000,0
3025,1,99,1,-1,1,1,0,1,1,0.0001774290,0.0848610383,8.0002074032,1.0000000000,0.0080000000,250.0000000000,0
3026,1,99,1,-1,1,1,0,1,1,0.0001774290,0.0846836094,8.0002074032,1.0000000000,0.0080000000,250.0000000000,0
3027,1,99,1,-1,1,1,0,1,1,0.0001774290,0.0845061804,8.0002074032,1.0000000000,0.0080000000,250.0000000000,0
3028,1,99,1,-1,1,1,0,1,1,0.0001774290,0.0843287514,8.0002074032,1.0000000000,0.0080000000,250.0000000000,0
3029,1,99,1,-1,1,1,0,1,1,0.0001774290,0.0841513225,8.0002074032,1.0000000000,0.0080000000,250.0000000000,0
3030,1,99,1,-1,1,1,0,1,1,0.0001774290,0.0839738935,8.0002074032,1.0000000000,0.0080000000,250.0000000000,0
3031,1,99,1,-1,1,1,0,1,1,0.0001774290,0.0837964645,8.0002074032,1.0000000000,0.0080000000,250.0000000000,0
3032,1,99,1,-1,1,1,0,1,1,0.0001774290,0.0836190356,8.0002074032,1.0000000000,0.0080000000,250.0000000000,0
3033,1,99,1,-1,1,1,0,1,1,0.0001774290,0.0834416066,8.0002074032,1.0000000000,0.0080000000,250.0000000000,0
3034,1,99,1,-1,1,1,0,1,1,0.0001774290,0.0832641776,8.0002074032,1.0000000000,0.0080000000,250.0000000000,0
3035,1,99,1,-1,1,1,0,1,1,0.0001774290,0.0830867487,8.0002074032,1.0000000000,0.0080000000,250.0000000000,0
3036,1,99,1,-1,1,1,0,1,1,0.0001774290,0.0829093197,8.0002074032,1.0000000000,0.0080000000,250.0000000000,0
3037,1,99,1,-1,1,1,0,1,1,0.0001774290,0.0827318907,8.0002074032,1.0000000000,0.0080000000,250.0000000000,0
3038,1,99,1,-1,1,1,0,1,1,0.0001774290,0.0825544618,8.0002074032,1.0000000000,0.0080000000,250.0000000000,0
3039,1,99,1,-1,1,1,0,1,1,0.0001774290,0.0823770328,8.0002074032,1.0000000000,0.0080000000,250.0000000000,0
3040,1,99,1,-1,1,1,0,1,1,0.0001774290,0.0821996038,8.0002074032,1.0000000000,0.0080000000,250.0000000000,0
3041,1,99,1,-1,1,1,0,1,1,0.0001774290,0.0820221749,8.0002074032,1.0000000000,0.0080000000,250.0000000000,0
3042,1,99,1,-1,1,1,0,1,1,0.0001774290,0.0818447459,8.0002074032,1.0000000000,0.0080000000,250.0000000000,0
3043,1,99,1,-1,1,1,0,1,1,0.0001774290,0.0816673169,8.0002074032,1.0000000000,0.0080000000,250.0000000000,0
3044,1,99,1,-1,1,1,0,1,1,0.0001774290,0.0814898880,8.0002074032,1.0000000000,0.0080000000,250.0000000000,0
3045,1,99,1,-1,1,1,0,1,1,0.0001774290,0.0813124590,8.0002074032,1.0000000000,0.0080000000,250.0000000000,0
3046,1,99,1,-1,1,1,0,1,1,0.0001774290,0.0811350300,8.0002074032,1.0000000000,0.0080000000,250.0000000000,0
3047,1,99,1,-1,1,1,0,1,1,0.0001774290,0.0809576011,8.0002074032,1.0000000000,0.0080000000,250.0000000000,0
3048,1,99,1,-1,1,1,0,1,1,0.0001774290,0.0807801721,8.0002074032,1.0000000000,0.0080000000,250.0000000000,0
3049,1,99,1,-1,1,1,0,1,1,0.0001774290,0.0806027431,8.0002074032,1.0000000000,0.0080000000,250.0000000000,0
3050,1,99,1,-1,1,1,0,1,1,0.0001774290,0.0804253142,8.0002074032,1.0000000000,0.0080000000,250.0000000000,0
3051,1,99,1,-1,1,1,0,1,1,0.0001774290,0.0802478852,8.0002074032,1.0000000000,0.0080000000,250.0000000000,0
3052,1,99,1,-1,1,1,0,1,1,0.0001774290,0.0800704562,8.0002074032,1.0000000000,0.0080000000,250.0000000000,0
3053,1,99,1,-1,1,1,0,1,1,0.0001774290,0.0798930273,8.0002074032,1.0000000000,0.0080000000,250.0000000000,0
3054,1,99,1,-1,1,1,0,1,1,0.0001774290,0.0797155983,8.0002074032,1.0000000000,0.0080000000,250.0000000000,0
3055,1,99,1,-1,1,1,0,1,1,0.0001774290,0.0795381693,8.0002074032,1.0000000000,0.0080000000,250.0000000000,0
3056,1,99,1,-1,1,1,0,1,1,0.0001774290,0.0793607404,8.0002074032,1.0000000000,0.0080000000,250.0000000000,0
3057,1,99,1,-1,1,1,0,1,1,0.0001774290,0.0791833114,8.0002074032,1.0000000000,0.0080000000,250.0000000000,0
3058,1,99,1,-1,1,1,0,1,1,0.0001774290,0.0790058824,8.0002074032,1.0000000000,0.0080000000,250.0000000000,0
3059,1,99,1,-1,1,1,0,1,1,0.0001774290,0.0788284535,8.0002074032,1.0000000000,0.0080000000,250.0000000000,0
3060,1,99,1,-1,1,1,0,1,1,0.0001774290,0.0786510245,8.0002074032,1.0000000000,0.0080000000,250.0000000000,0
3061,1,99,1,-1,1,1,0,1,1,0.0001774290,0.0784735955,8.0002074032,1.0000000000,0.0080000000,250.0000000000,0
3062,1,99,1,-1,1,1,0,1,1,0.0001774290,0.0782961666,8.0002074032,1.0000000000,0.0080000000,250.0000000000,0
3063,1,99,1,-1,1,1,0,1,1,0.0001774290,0.0781187376,8.0002074032,1.0000000000,0.0080000000,250.0000000000,0
3064,1,99,1,-1,1,1,0,1,1,0.0001774290,0.0779413087,8.0002074032,1.0000000000,0.0080000000,250.0000000000,0
3065,1,99,1,-1,1,1,0,1,1,0.0001774290,0.0777638797,8.0002074032,1.0000000000,0.0080000000,250.0000000000,0
3066,1,99,1,-1,1,1,0,1,1,0.0001774290,0.0775864507,8.0002074032,1.0000000000,0.0080000000,250.0000000000,0
3067,1,99,1,-1,1,1,0,1,1,0.0001774290,0.0774090218,8.0002074032,1.0000000000,0.0080000000,250.0000000000,0
3068,1,99,1,-1,1,1,0,1,1,0.0001774290,0.0772315928,8.0002074032,1.0000000000,0.0080000000,250.0000000000,0
3069,1,99,1,-1,1,1,0,1,1,0.0001774290,0.0770541638,8.0002074032,1.0000000000,0.0080000000,250.0000000000,0
3070,1,99,1,-1,1,1,0,1,1,0.0001774290,0.0768767349,8.0002074032,1.0000000000,0.0080000000,250.0000000000,0
3071,1,99,1,-1,1,1,0,1,1,0.0001774290,0.0766993059,8.0002074032,1.0000000000,0.0080000000,250.0000000000,0
3072,1,99,1,-1,1,1,0,1,1,0.0001774290,0.0765218769,8.0002074032,1.0000000000,0.0080000000,250.0000000000,0
3073,1,99,1,-1,1,1,0,1,1,0.0001774290,0.0763444480,8.0002074032,1.0000000000,0.0080000000,250.0000000000,0
3074,1,99,1,-1,1,1,0,1,1,0.0001774290,0.0761670190,8.0002074032,1.0000000000,0.0080000000,250.0000000000,0
3075,1,99,1,-1,1,1,0,1,1,0.0001774290,0.0759895900,8.0002074032,1.0000000000,0.0080000000,250.0000000000,0
3076,1,99,1,-1,1,1,0,1,1,0.0001774290,0.0758121611,8.0002074032,1.0000000000,0.0080000000,250.0000000000,0
3077,1,99,1,-1,1,1,0,1,1,0.0001774290,0.0756347321,8.0002074032,1.0000000000,0.0080000000,250.0000000000,0
3078,1,99,1,-1,1,1,0,1,1,0.0001774290,0.0754573031,8.0002074032,1.0000000000,0.0080000000,250.0000000000,0
3079,1,99,1,-1,1,1,0,1,1,0.0001774290,0.0752798742,8.0002074032,1.0000000000,0.0080000000,250.0000000000,0
3080,1,99,1,-1,1,1,0,1,1,0.0001774290,0.0751024452,8.0002074032,1.0000000000,0.0080000000,250.0000000000,0
3081,1,99,1,-1,1,1,0,1,1,0.0001774290,0.0749250162,8.0002074032,1.0000000000,0.0080000000,250.0000000000,0
3082,1,99,1,-1,1,1,0,1,1,0.0001774290,0.0747475873,8.0002074032,1.0000000000,0.0080000000,250.0000000000,0
3083,1,99,1,-1,1,1,0,1,1,0.0001774290,0.0745701583,8.0002074032,1.0000000000,0.0080000000,250.0000000000,0
3084,1,99,1,-1,1,1,0,1,1,0.0001774290,0.0743927293,8.0002074032,1.0000000000,0.0080000000,250.0000000000,0
3085,1,99,1,-1,1,1,0,1,1,0.0001774290,0.0742153004,8.0002074032,1.0000000000,0.0080000000,250.0000000000,0
3086,1,99,1,-1,1,1,0,1,1,0.0001774290,0.0740378714,8.0002074032,1.0000000000,0.0080000000,250.0000000000,0
3087,1,99,1,-1,1,1,0,1,1,0.0001774290,0.0738604424,8.0002074032,1.0000000000,0.0080000000,250.0000000000,0
3088,1,99,1,-1,1,1,0,1,1,0.0001774290,0.0736830135,8.0002074032,1.0000000000,0.0080000000,250.0000000000,0
3089,1,99,1,-1,1,1,0,1,1,0.0001774290,0.0735055845,8.0002074032,1.0000000000,0.0080000000,250.0000000000,0
3090,1,99,1,-1,1,1,0,1,1,0.0001774290,0.0733281555,8.0002074032,1.0000000000,0.0080000000,250.0000000000,0
3091,1,99,1,-1,1,1,0,1,1,0.0001774290,0.0731507266,8.0002074032,1.0000000000,0.0080000000,250.0000000000,0
3092,1,99,1,-1,1,1,0,1,1,0.0001774290,0.0729732976,8.0002074032,1.0000000000,0.0080000000,250.0000000000,0
3093,1,99,1,-1,1,1,0,1,1,0.0001774290,0.0727958686,8.0002074032,1.0000000000,0.0080000000,250.0000000000,0
3094,1,99,1,-1,1,1,0,1,1,0.0001774290,0.0726184397,8.0002074032,1.0000000000,0.0080000000,250.0000000000,0
3095,1,99,1,-1,1,1,0,1,1,0.0001774290,0.0724410107,8.0002074032,1.0000000000,0.0080000000,250.0000000000,0
3096,1,99,1,-1,1,1,0,1,1,0.0001774290,0.0722635817,8.0002074032,1.0000000000,0.0080000000,250.0000000000,0
3097,1,99,1,-1,1,1,0,1,1,0.0001774290,0.0720861528,8.0002074032,1.0000000000,0.0080000000,250.0000000000,0
3098,1,99,1,-1,1,1,0,1,1,0.0001774290,0.0719087238,8.0002074032,1.0000000000,0.0080000000,250.0000000000,0
3099,1,99,1,-1,1,1,0,1,1,0.0001774290,0.0717312948,8.0002074032,1.0000000000,0.0080000000,250.0000000000,0
3100,1,99,1,-1,1,1,0,1,1,0.0001774290,0.0715538659,8.0002074032,1.0000000000,0.0080000000,250.0000000000,0
3101,1,99,1,-1,1,1,0,1,1,0.0001774290,0.0713764369,8.0002074032,1.0000000000,0.0080000000,250.0000000000,0
3102,1,99,1,-1,1,1,0,1,1,0.0001774290,0.0711990079,8.0002074032,1.0000000000,0.0080000000,250.0000000000,0
3103,1,99,1,-1,1,1,0,1,1,0.0001774290,0.0710215790,8.0002074032,1.0000000000,0.0080000000,250.0000000000,0
3104,1,99,1,-1,1,1,0,1,1,0.0001774290,0.0708441500,8.0002074032,1.0000000000,0.0080000000,250.0000000000,0
3105,1,99,1,-1,1,1,0,1,1,0.0001774290,0.0706667210,8.0002074032,1.0000000000,0.0080000000,250.0000000000,0
3106,1,99,1,-1,1,1,0,1,1,0.0001774290,0.0704892921,8.0002074032,1.0000000000,0.0080000000,250.0000000000,0
3107,1,99,1,-1,1,1,0,1,1,0.0001774290,0.0703118631,8.0002074032,1.0000000000,0.0080000000,250.0000000000,0
3108,1,99,1,-1,1,1,0,1,1,0.0001774290,0.0701344341,8.0002074032,1.0000000000,0.0080000000,250.0000000000,0
3109,1,99,1,-1,1,1,0,1,1,0.0001774290,0.0699570052,8.0002074032,1.0000000000,0.0080000000,250.0000000000,0
3110,1,99,1,-1,1,1,0,1,1,0.0001774290,0.0697795762,8.0002074032,1.0000000000,0.0080000000,250.0000000000,0
3111,1,99,1,-1,1,1,0,1,1,0.0001774290,0.0696021472,8.0002074032,1.0000000000,0.0080000000,250.0000000000,0
3112,1,99,1,-1,1,1,0,1,1,0.0001774290,0.0694247183,8.0002074032,1.0000000000,0.0080000000,250.0000000000,0
3113,1,99,1,-1,1,1,0,1,1,0.0001774290,0.0692472893,8.0002074032,1.0000000000,0.0080000000,250.0000000000,0
3114,1,99,1,-1,1,1,0,1,1,0.0001774290,0.0690698603,8.0002074032,1.0000000000,0.0080000000,250.0000000000,0
3115,1,99,1,-1,1,1,0,1,1,0.0001774290,0.0688924314,8.0002074032,1.0000000000,0.0080000000,250.0000000000,0
3116,1,99,1,-1,1,1,0,1,1,0.0001774290,0.0687150024,8.0002074032,1.0000000000,0.0080000000,250.0000000000,0
3117,1,99,1,-1,1,1,0,1,1,0.0001774290,0.0685375734,8.0002074032,1.0000000000,0.0080000000,250.0000000000,0
3118,1,99,1,-1,1,1,0,1,1,0.0001774290,0.0683601445,8.0002074032,1.0000000000,0.0080000000,250.0000000000,0
3119,1,99,1,-1,1,1,0,1,1,0.0001774290,0.0681827155,8.0002074032,1.0000000000,0.0080000000,250.0000000000,0
3120,1,99,1,-1,1,1,0,1,1,0.0001774290,0.0680052865,8.0002074032,1.0000000000,0.0080000000,250.0000000000,0
3121,1,99,1,-1,1,1,0,1,1,0.0001774290,0.0678278576,8.0002074032,1.0000000000,0.0080000000,250.0000000000,0
3122,1,99,1,-1,1,1,0,1,1,0.0001774290,0.0676504286,8.0002074032,1.0000000000,0.0080000000,250.0000000000,0
3123,1,99,1,-1,1,1,0,1,1,0.0001774290,0.0674729996,8.0002074032,1.0000000000,0.0080000000,250.0000000000,0
3124,1,99,1,-1,1,1,0,1,1,0.0001774290,0.0672955707,8.0002074032,1.0000000000,0.0080000000,250.0000000000,0
3125,1,99,1,-1,1,1,0,1,1,0.0001774290,0.0671181417,8.0002074032,1.0000000000,0.0080000000,250.0000000000,0
3126,1,99,1,-1,1,1,0,1,1,0.0001774290,0.0669407127,8.0002074032,1.0000000000,0.0080000000,250.0000000000,0
3127,1,99,1,-1,1,1,0,1,1,0.0001774290,0.0667632838,8.0002074032,1.0000000000,0.0080000000,250.0000000000,0
3128,1,99,1,-1,1,1,0,1,1,0.0001774290,0.0665858548,8.0002074032,1.0000000000,0.0080000000,250.0000000000,0
3129,1,99,1,-1,1,1,0,1,1,0.0001774290,0.0664084258,8.0002074032,1.0000000000,0.0080000000,250.0000000000,0
3130,1,99,1,-1,1,1,0,1,1,0.0001774290,0.0662309969,8.0002074032,1.0000000000,0.0080000000,250.0000000000,0
3131,1,99,1,-1,1,1,0,1,1,0.0001774290,0.0660535679,8.0002074032,1.0000000000,0.0080000000,250.0000000000,0
3132,1,99,1,-1,1,1,0,1,1,0.0001774290,0.0658761389,8.0002074032,1.0000000000,0.0080000000,250.0000000000,0
3133,1,99,1,-1,1,1,0,1,1,0.0001774290,0.0656987100,8.0002074032,1.0000000000,0.0080000000,250.0000000000,0
3134,1,99,1,-1,1,1,0,1,1,0.0001774290,0.0655212810,8.0002074032,1.0000000000,0.0080000000,250.0000000000,0
3135,1,99,1,-1,1,1,0,1,1,0.0001774290,0.0653438520,8.0002074032,1.0000000000,0.0080000000,250.0000000000,0
3136,1,99,1,-1,1,1,0,1,1,0.0001774290,0.0651664231,8.0002074032,1.0000000000,0.0080000000,250.0000000000,0
3137,1,99,1,-1,1,1,0,1,1,0.0001774290,0.0649889941,8.0002074032,1.0000000000,0.0080000000,250.0000000000,0
3138,1,99,1,-1,1,1,0,1,1,0.0001774290,0.0648115651,8.0002074032,1.0000000000,0.0080000000,250.0000000000,0
3139,1,99,1,-1,1,1,0,1,1,0.0001774290,0.0646341362,8.0002074032,1.0000000000,0.0080000000,250.0000000000,0
3140,1,99,1,-1,1,1,0,1,1,0.0001774290,0.0644567072,8.0002074032,1.0000000000,0.0080000000,250.0000000000,0
3141,1,99,1,-1,1,1,0,1,1,0.0001774290,0.0642792782,8.0002074032,1.0000000000,0.0080000000,250.0000000000,0
3142,1,99,1,-1,1,1,0,1,1,0.0001774290,0.0641018493,8.0002074032,1.0000000000,0.0080000000,250.0000000000,0
3143,1,99,1,-1,1,1,0,1,1,0.0001774290,0.0639244203,8.0002074032,1.0000000000,0.0080000000,250.0000000000,0
3144,1,99,1,-1,1,1,0,1,1,0.0001774290,0.0637469913,8.0002074032,1.0000000000,0.0080000000,250.0000000000,0
3145,1,99,1,-1,1,1,0,1,1,0.0001774290,0.0635695624,8.0002074032,1.0000000000,0.0080000000,250.0000000000,0
3146,1,99,1,-1,1,1,0,1,1,0.0001774290,0.0633921334,8.0002074032,1.0000000000,0.0080000000,250.0000000000,0
3147,1,99,1,-1,1,1,0,1,1,0.0001774290,0.0632147044,8.0002074032,1.0000000000,0.0080000000,250.0000000000,0
3148,1,99,1,-1,1,1,0,1,1,0.0001774290,0.0630372755,8.0002074032,1.0000000000,0.0080000000,250.0000000000,0
3149,1,99,1,-1,1,1,0,1,1,0.0001774290,0.0628598465,8.0002074032,1.0000000000,0.0080000000,250.0000000000,0
3150,1,99,1,-1,1,1,0,1,1,0.0001774290,0.0626824175,8.0002074032,1.0000000000,0.0080000000,250.0000000000,0
3151,1,99,1,-1,1,1,0,1,1,0.0001774290,0.0625049886,8.0002074032,1.0000000000,0.0080000000,250.0000000000,0
3152,1,99,1,-1,1,1,0,1,1,0.0001774290,0.0623275596,8.0002074032,1.0000000000,0.0080000000,250.0000000000,0
3153,1,99,1,-1,1,1,0,1,1,0.0001774290,0.0621501306,8.0002074032,1.0000000000,0.0080000000,250.0000000000,0
3154,1,99,1,-1,1,1,0,1,1,0.0001774290,0.0619727017,8.0002074032,1.0000000000,0.0080000000,250.0000000000,0
3155,1,99,1,-1,1,1,0,1,1,0.0001774290,0.0617952727,8.0002074032,1.0000000000,0.0080000000,250.0000000000,0
3156,1,99,1,-1,1,1,0,1,1,0.0001774290,0.0616178437,8.0002074032,1.0000000000,0.0080000000,250.0000000000,0
3157,1,99,1,-1,1,1,0,1,1,0.0001774290,0.0614404148,8.0002074032,1.0000000000,0.0080000000,250.0000000000,0
3158,1,99,1,-1,1,1,0,1,1,0.0001774290,0.0612629858,8.0002074032,1.0000000000,0.0080000000,250.0000000000,0
3159,1,99,1,-1,1,1,0,1,1,0.0001774290,0.0610855568,8.0002074032,1.0000000000,0.0080000000,250.0000000000,0
3160,1,99,1,-1,1,1,0,1,1,0.0001774290,0.0609081279,8.0002074032,1.0000000000,0.0080000000,250.0000000000,0
3161,1,99,1,-1,1,1,0,1,1,0.0001774290,0.0607306989,8.0002074032,1.0000000000,0.0080000000,250.0000000000,0
3162,1,99,1,-1,1,1,0,1,1,0.0001774290,0.0605532699,8.0002074032,1.0000000000,0.0080000000,250.0000000000,0
3163,1,99,1,-1,1,1,0,1,1,0.0001774290,0.0603758410,8.0002074032,1.0000000000,0.0080000000,250.0000000000,0
3164,1,99,1,-1,1,1,0,1,1,0.0001774290,0.0601984120,8.0002074032,1.0000000000,0.0080000000,250.0000000000,0
3165,1,99,1,-1,1,1,0,1,1,0.0001774290,0.0600209830,8.0002074032,1.0000000000,0.0080000000,250.0000000000,0
3166,1,99,1,-1,1,1,0,1,1,0.0001774290,0.0598435541,8.0002074032,1.0000000000,0.0080000000,250.0000000000,0
3167,1,99,1,-1,1,1,0,1,1,0.0001774290,0.0596661251,8.0002074032,1.0000000000,0.0080000000,250.0000000000,0
3168,1,99,1,-1,1,1,0,1,1,0.0001774290,0.0594886961,8.0002074032,1.0000000000,0.0080000000,250.0000000000,0
3169,1,99,1,-1,1,1,0,1,1,0.0001774290,0.0593112672,8.0002074032,1.0000000000,0.0080000000,250.0000000000,0
3170,1,99,1,-1,1,1,0,1,1,0.0001774290,0.0591338382,8.0002074032,1.0000000000,0.0080000000,250.0000000000,0
3171,1,99,1,-1,1,1,0,1,1,0.0001774290,0.0589564092,8.0002074032,1.0000000000,0.0080000000,250.0000000000,0
3172,1,99,1,-1,1,1,0,1,1,0.0001774290,0.0587789803,8.0002074032,1.0000000000,0.0080000000,250.0000000000,0
3173,1,99,1,-1,1,1,0,1,1,0.0001774290,0.0586015513,8.0002074032,1.0000000000,0.0080000000,250.0000000000,0
3174,1,99,1,-1,1,1,0,1,1,0.0001774290,0.0584241223,8.0002074032,1.0000000000,0.0080000000,250.0000000000,0
3175,1,99,1,-1,1,1,0,1,1,0.0001774290,0.0582466934,8.0002074032,1.0000000000,0.0080000000,250.0000000000,0
3176,1,99,1,-1,1,1,0,1,1,0.0001774290,0.0580692644,8.0002074032,1.0000000000,0.0080000000,250.0000000000,0
3177,1,99,1,-1,1,1,0,1,1,0.0001774290,0.0578918355,8.0002074032,1.0000000000,0.0080000000,250.0000000000,0
3178,1,99,1,-1,1,1,0,1,1,0.0001774290,0.0577144065,8.0002074032,1.0000000000,0.0080000000,250.0000000000,0
3179,1,99,1,-1,1,1,0,1,1,0.0001774290,0.0575369775,8.0002074032,1.0000000000,0.0080000000,250.0000000000,0
3180,1,99,1,-1,1,1,0,1,1,0.0001774290,0.0573595486,8.0002074032,1.0000000000,0.0080000000,250.0000000000,0
3181,1,99,1,-1,1,1,0,1,1,0.0001774290,0.0571821196,8.0002074032,1.0000000000,0.0080000000,250.0000000000,0
3182,1,99,1,-1,1,1,0,1,1,0.0001774290,0.0570046906,8.0002074032,1.0000000000,0.0080000000,250.0000000000,0
3183,1,99,1,-1,1,1,0,1,1,0.0001774290,0.0568272617,8.0002074032,1.0000000000,0.0080000000,250.0000000000,0
3184,1,99,1,-1,1,1,0,1,1,0.0001774290,0.0566498327,8.0002074032,1.0000000000,0.0080000000,250.0000000000,0
3185,1,99,1,-1,1,1,0,1,1,0.0001774290,0.0564724037,8.0002074032,1.0000000000,0.0080000000,250.0000000000,0
3186,1,99,1,-1,1,1,0,1,1,0.0001774290,0.0562949748,8.0002074032,1.0000000000,0.0080000000,250.0000000000,0
3187,1,99,1,-1,1,1,0,1,1,0.0001774290,0.0561175458,8.0002074032,1.0000000000,0.0080000000,250.0000000000,0
3188,1,99,1,-1,1,1,0,1,1,0.0001774290,0.0559401168,8.0002074032,1.0000000000,0.0080000000,250.0000000000,0
3189,1,99,1,-1,1,1,0,1,1,0.0001774290,0.0557626879,8.0002074032,1.0000000000,0.0080000000,250.0000000000,0
3190,1,99,1,-1,1,1,0,1,1,0.0001774290,0.0555852589,8.0002074032,1.0000000000,0.0080000000,250.0000000000,0
3191,1,99,1,-1,1,1,0,1,1,0.0001774290,0.0554078299,8.0002074032,1.0000000000,0.0080000000,250.0000000000,0
3192,1,99,1,-1,1,1,0,1,1,0.0001774290,0.0552304010,8.0002074032,1.0000000000,0.0080000000,250.0000000000,0
3193,1,99,1,-1,1,1,0,1,1,0.0001774290,0.0550529720,8.0002074032,1.0000000000,0.0080000000,250.0000000000,0
3194,1,99,1,-1,1,1,0,1,1,0.0001774290,0.0548755430,8.0002074032,1.0000000000,0.0080000000,250.0000000000,0
3195,1,99,1,-1,1,1,0,1,1,0.0001774290,0.0546981141,8.0002074032,1.0000000000,0.0080000000,250.0000000000,0
3196,1,99,1,-1,1,1,0,1,1,0.0001774290,0.0545206851,8.0002074032,1.0000000000,0.0080000000,250.0000000000,0
3197,1,99,1,-1,1,1,0,1,1,0.0001774290,0.0543432561,8.0002074032,1.0000000000,0.0080000000,250.0000000000,0
3198,1,99,1,-1,1,1,0,1,1,0.0001774290,0.0541658272,8.0002074032,1.0000000000,0.0080000000,250.0000000000,0
3199,1,99,1,-1,1,1,0,1,1,0.0001774290,0.0539883982,8.0002074032,1.0000000000,0.0080000000,250.0000000000,0
3200,1,99,1,-1,1,1,0,1,1,0.0001774290,0.0538109692,8.0002074032,1.0000000000,0.0080000000,250.0000000000,0
3201,1,99,1,-1,1,1,0,1,1,0.0001774290,0.0536335403,8.0002074032,1.0000000000,0.0080000000,250.0000000000,0
3202,1,99,1,-1,1,1,0,1,1,0.0001774290,0.0534561113,8.0002074032,1.0000000000,0.0080000000,250.0000000000,0
3203,1,99,1,-1,1,1,0,1,1,0.0001774290,0.0532786823,8.0002074032,1.0000000000,0.0080000000,250.0000000000,0
3204,1,99,1,-1,1,1,0,1,1,0.0001774290,0.0531012534,8.0002074032,1.0000000000,0.0080000000,250.0000000000,0
3205,1,99,1,-1,1,1,0,1,1,0.0001774290,0.0529238244,8.0002074032,1.0000000000,0.0080000000,250.0000000000,0
3206,1,99,1,-1,1,1,0,1,1,0.0001774290,0.0527463954,8.0002074032,1.0000000000,0.0080000000,250.0000000000,0
3207,1,99,1,-1,1,1,0,1,1,0.0001774290,0.0525689665,8.0002074032,1.0000000000,0.0080000000,250.0000000000,0
3208,1,99,1,-1,1,1,0,1,1,0.0001774290,0.0523915375,8.0002074032,1.0000000000,0.0080000000,250.0000000000,0
3209,1,99,1,-1,1,1,0,1,1,0.0001774290,0.0522141085,8.0002074032,1.0000000000,0.0080000000,250.0000000000,0
3210,1,99,1,-1,1,1,0,1,1,0.0001774290,0.0520366796,8.0002074032,1.0000000000,0.0080000000,250.0000000000,0
3211,1,99,1,-1,1,1,0,1,1,0.0001774290,0.0518592506,8.0002074032,1.0000000000,0.0080000000,250.0000000000,0
3212,1,99,1,-1,1,1,0,1,1,0.0001774290,0.0516818216,8.0002074032,1.0000000000,0.0080000000,250.0000000000,0
3213,1,99,1,-1,1,1,0,1,1,0.0001774290,0.0515043927,8.0002074032,1.0000000000,0.0080000000,250.0000000000,0
3214,1,99,1,-1,1,1,0,1,1,0.0001774290,0.0513269637,8.0002074032,1.0000000000,0.0080000000,250.0000000000,0
3215,1,99,1,-1,1,1,0,1,1,0.0001774290,0.0511495347,8.0002074032,1.0000000000,0.0080000000,250.0000000000,0
3216,1,99,1,-1,1,1,0,1,1,0.0001774290,0.0509721058,8.0002074032,1.0000000000,0.0080000000,250.0000000000,0
3217,1,99,1,-1,1,1,0,1,1,0.0001774290,0.0507946768,8.0002074032,1.0000000000,0.0080000000,250.0000000000,0
3218,1,99,1,-1,1,1,0,1,1,0.0001774290,0.0506172478,8.0002074032,1.0000000000,0.0080000000,250.0000000000,0
3219,1,99,1,-1,1,1,0,1,1,0.0001774290,0.0504398189,8.0002074032,1.0000000000,0.0080000000,250.0000000000,0
3220,1,99,1,-1,1,1,0,1,1,0.0001774290,0.0502623899,8.0002074032,1.0000000000,0.0080000000,250.0000000000,0
3221,1,99,1,-1,1,1,0,1,1,0.0001774290,0.0500849609,8.0002074032,1.0000000000,0.0080000000,250.0000000000,0
3222,1,99,1,-1,1,1,0,1,1,0.0001774290,0.0499075320,8.0002074032,1.0000000000,0.0080000000,250.0000000000,0
3223,1,99,1,-1,1,1,0,1,1,0.0001774290,0.0497301030,8.0002074032,1.0000000000,0.0080000000,250.0000000000,0
3224,1,99,1,-1,1,1,0,1,1,0.0001774290,0.0495526740,8.0002074032,1.0000000000,0.0080000000,250.0000000000,0
3225,1,99,1,-1,1,1,0,1,1,0.0001774290,0.0493752451,8.0002074032,1.0000000000,0.0080000000,250.0000000000,0
3226,1,99,1,-1,1,1,0,1,1,0.0001774290,0.0491978161,8.0002074032,1.0000000000,0.0080000000,250.0000000000,0
3227,1,99,1,-1,1,1,0,1,1,0.0001774290,0.0490203871,8.0002074032,1.0000000000,0.0080000000,250.0000000000,0
3228,1,99,1,-1,1,1,0,1,1,0.0001774290,0.0488429582,8.0002074032,1.0000000000,0.0080000000,250.0000000000,0
3229,1,99,1,-1,1,1,0,1,1,0.0001774290,0.0486655292,8.0002074032,1.0000000000,0.0080000000,250.0000000000,0
3230,1,99,1,-1,1,1,0,1,1,0.0001774290,0.0484881002,8.0002074032,1.0000000000,0.0080000000,250.0000000000,0
3231,1,99,1,-1,1,1,0,1,1,0.0001774290,0.0483106713,8.0002074032,1.0000000000,0.0080000000,250.0000000000,0
3232,1,99,1,-1,1,1,0,1,1,0.0001774290,0.0481332423,8.0002074032,1.0000000000,0.0080000000,250.0000000000,0
3233,1,99,1,-1,1,1,0,1,1,0.0001774290,0.0479558133,8.0002074032,1.0000000000,0.0080000000,250.0000000000,0
3234,1,99,1,-1,1,1,0,1,1,0.0001774290,0.0477783844,8.0002074032,1.0000000000,0.0080000000,250.0000000000,0
3235,1,99,1,-1,1,1,0,1,1,0.0001774290,0.0476009554,8.0002074032,1.0000000000,0.0080000000,250.0000000000,0
3236,1,99,1,-1,1,1,0,1,1,0.0001774290,0.0474235264,8.0002074032,1.0000000000,0.0080000000,250.0000000000,0
3237,1,99,1,-1,1,1,0,1,1,0.0001774290,0.0472460975,8.0002074032,1.0000000000,0.0080000000,250.0000000000,0
3238,1,99,1,-1,1,1,0,1,1,0.0001774290,0.0470686685,8.0002074032,1.0000000000,0.0080000000,250.0000000000,0
3239,1,99,1,-1,1,1,0,1,1,0.0001774290,0.0468912395,8.0002074032,1.0000000000,0.0080000000,250.0000000000,0
3240,1,99,1,-1,1,1,0,1,1,0.0001774290,0.0467138106,8.0002074032,1.0000000000,0.0080000000,250.0000000000,0
3241,1,99,1,-1,1,1,0,1,1,0.0001774290,0.0465363816,8.0002074032,1.0000000000,0.0080000000,250.0000000000,0
3242,1,99,1,-1,1,1,0,1,1,0.0001774290,0.0463589526,8.0002074032,1.0000000000,0.0080000000,250.0000000000,0
3243,1,99,1,-1,1,1,0,1,1,0.0001774290,0.0461815237,8.0002074032,1.0000000000,0.0080000000,250.0000000000,0
3244,1,99,1,-1,1,1,0,1,1,0.0001774290,0.0460040947,8.0002074032,1.0000000000,0.0080000000,250.0000000000,0
3245,1,99,1,-1,1,1,0,1,1,0.0001774290,0.0458266657,8.0002074032,1.0000000000,0.0080000000,250.0000000000,0
3246,1,99,1,-1,1,1,0,1,1,0.0001774290,0.0456492368,8.0002074032,1.0000000000,0.0080000000,250.0000000000,0
3247,1,99,1,-1,1,1,0,1,1,0.0001774290,0.0454718078,8.0002074032,1.0000000000,0.0080000000,250.0000000000,0
3248,1,99,1,-1,1,1,0,1,1,0.0001774290,0.0452943788,8.0002074032,1.0000000000,0.0080000000,250.0000000000,0
3249,1,99,1,-1,1,1,0,1,1,0.0001774290,0.0451169499,8.0002074032,1.0000000000,0.0080000000,250.0000000000,0
3250,1,99,1,-1,1,1,0,1,1,0.0001774290,0.0449395209,8.0002074032,1.0000000000,0.0080000000,250.0000000000,0
3251,1,99,1,-1,1,1,0,1,1,0.0001774290,0.0447620919,8.0002074032,1.0000000000,0.0080000000,250.0000000000,0
3252,1,99,1,-1,1,1,0,1,1,0.0001774290,0.0445846630,8.0002074032,1.0000000000,0.0080000000,250.0000000000,0
3253,1,99,1,-1,1,1,0,1,1,0.0001774290,0.0444072340,8.0002074032,1.0000000000,0.0080000000,250.0000000000,0
3254,1,99,1,-1,1,1,0,1,1,0.0001774290,0.0442298050,8.0002074032,1.0000000000,0.0080000000,250.0000000000,0
3255,1,99,1,-1,1,1,0,1,1,0.0001774290,0.0440523761,8.0002074032,1.0000000000,0.0080000000,250.0000000000,0
3256,1,99,1,-1,1,1,0,1,1,0.0001774290,0.0438749471,8.0002074032,1.0000000000,0.0080000000,250.0000000000,0
3257,1,99,1,-1,1,1,0,1,1,0.0001774290,0.0436975181,8.0002074032,1.0000000000,0.0080000000,250.0000000000,0
3258,1,99,1,-1,1,1,0,1,1,0.0001774290,0.0435200892,8.0002074032,1.0000000000,0.0080000000,250.0000000000,0
3259,1,99,1,-1,1,1,0,1,1,0.0001774290,0.0433426602,8.0002074032,1.0000000000,0.0080000000,250.0000000000,0
3260,1,99,1,-1,1,1,0,1,1,0.0001774290,0.0431652312,8.0002074032,1.0000000000,0.0080000000,250.0000000000,0
3261,1,99,1,-1,1,1,0,1,1,0.0001774290,0.0429878023,8.0002074032,1.0000000000,0.0080000000,250.0000000000,0
3262,1,99,1,-1,1,1,0,1,1,0.0001774290,0.0428103733,8.0002074032,1.0000000000,0.0080000000,250.0000000000,0
3263,1,99,1,-1,1,1,0,1,1,0.0001774290,0.0426329443,8.0002074032,1.0000000000,0.0080000000,250.0000000000,0
3264,1,99,1,-1,1,1,0,1,1,0.0001774290,0.0424555154,8.0002074032,1.0000000000,0.0080000000,250.0000000000,0
3265,1,99,1,-1,1,1,0,1,1,0.0001774290,0.0422780864,8.0002074032,1.0000000000,0.0080000000,250.0000000000,0
3266,1,99,1,-1,1,1,0,1,1,0.0001774290,0.0421006574,8.0002074032,1.0000000000,0.0080000000,250.0000000000,0
3267,1,99,1,-1,1,1,0,1,1,0.0001774290,0.0419232285,8.0002074032,1.0000000000,0.0080000000,250.0000000000,0
3268,1,99,1,-1,1,1,0,1,1,0.0001774290,0.0417457995,8.0002074032,1.0000000000,0.0080000000,250.0000000000,0
3269,1,99,1,-1,1,1,0,1,1,0.0001774290,0.0415683705,8.0002074032,1.0000000000,0.0080000000,250.0000000000,0
3270,1,99,1,-1,1,1,0,1,1,0.0001774290,0.0413909416,8.0002074032,1.0000000000,0.0080000000,250.0000000000,0
3271,1,99,1,-1,1,1,0,1,1,0.0001774290,0.0412135126,8.0002074032,1.0000000000,0.0080000000,250.0000000000,0
3272,1,99,1,-1,1,1,0,1,1,0.0001774290,0.0410360836,8.0002074032,1.0000000000,0.0080000000,250.0000000000,0
3273,1,99,1,-1,1,1,0,1,1,0.0001774290,0.0408586547,8.0002074032,1.0000000000,0.0080000000,250.0000000000,0
3274,1,99,1,-1,1,1,0,1,1,0.0001774290,0.0406812257,8.0002074032,1.0000000000,0.0080000000,250.0000000000,0
3275,1,99,1,-1,1,1,0,1,1,0.0001774290,0.0405037967,8.0002074032,1.0000000000,0.0080000000,250.0000000000,0
3276,1,99,1,-1,1,1,0,1,1,0.0001774290,0.0403263678,8.0002074032,1.0000000000,0.0080000000,250.0000000000,0
3277,1,99,1,-1,1,1,0,1,1,0.0001774290,0.0401489388,8.0002074032,1.0000000000,0.0080000000,250.0000000000,0
3278,1,99,1,-1,1,1,0,1,1,0.0001774290,0.0399715098,8.0002074032,1.0000000000,0.0080000000,250.0000000000,0
3279,1,99,1,-1,1,1,0,1,1,0.0001774290,0.0397940809,8.0002074032,1.0000000000,0.0080000000,250.0000000000,0
3280,1,99,1,-1,1,1,0,1,1,0.0001774290,0.0396166519,8.0002074032,1.0000000000,0.0080000000,250.0000000000,0
3281,1,99,1,-1,1,1,0,1,1,0.0001774290,0.0394392229,8.0002074032,1.0000000000,0.0080000000,250.0000000000,0
3282,1,99,1,-1,1,1,0,1,1,0.0001774290,0.0392617940,8.0002074032,1.0000000000,0.0080000000,250.0000000000,0
3283,1,99,1,-1,1,1,0,1,1,0.0001774290,0.0390843650,8.0002074032,1.0000000000,0.0080000000,250.0000000000,0
3284,1,99,1,-1,1,1,0,1,1,0.0001774290,0.0389069360,8.0002074032,1.0000000000,0.0080000000,250.0000000000,0
3285,1,99,1,-1,1,1,0,1,1,0.0001774290,0.0387295071,8.0002074032,1.0000000000,0.0080000000,250.0000000000,0
3286,1,99,1,-1,1,1,0,1,1,0.0001774290,0.0385520781,8.0002074032,1.0000000000,0.0080000000,250.0000000000,0
3287,1,99,1,-1,1,1,0,1,1,0.0001774290,0.0383746491,8.0002074032,1.0000000000,0.0080000000,250.0000000000,0
3288,1,99,1,-1,1,1,0,1,1,0.0001774290,0.0381972202,8.0002074032,1.0000000000,0.0080000000,250.0000000000,0
3289,1,99,1,-1,1,1,0,1,1,0.0001774290,0.0380197912,8.0002074032,1.0000000000,0.0080000000,250.0000000000,0
3290,1,99,1,-1,1,1,0,1,1,0.0001774290,0.0378423623,8.0002074032,1.0000000000,0.0080000000,250.0000000000,0
3291,1,99,1,-1,1,1,0,1,1,0.0001774290,0.0376649333,8.0002074032,1.0000000000,0.0080000000,250.0000000000,0
3292,1,99,1,-1,1,1,0,1,1,0.0001774290,0.0374875043,8.0002074032,1.0000000000,0.0080000000,250.0000000000,0
3293,1,99,1,-1,1,1,0,1,1,0.0001774290,0.0373100754,8.0002074032,1.0000000000,0.0080000000,250.0000000000,0
3294,1,99,1,-1,1,1,0,1,1,0.0001774290,0.0371326464,8.0002074032,1.0000000000,0.0080000000,250.0000000000,0
3295,1,99,1,-1,1,1,0,1,1,0.0001774290,0.0369552174,8.0002074032,1.0000000000,0.0080000000,250.0000000000,0
3296,1,99,1,-1,1,1,0,1,1,0.0001774290,0.0367777885,8.0002074032,1.0000000000,0.0080000000,250.0000000000,0
3297,1,99,1,-1,1,1,0,1,1,0.0001774290,0.0366003595,8.0002074032,1.0000000000,0.0080000000,250.0000000000,0
3298,1,99,1,-1,1,1,0,1,1,0.0001774290,0.0364229305,8.0002074032,1.0000000000,0.0080000000,250.0000000000,0
3299,1,99,1,-1,1,1,0,1,1,0.0001774290,0.0362455016,8.0002074032,1.0000000000,0.0080000000,250.0000000000,0
3300,1,99,1,-1,1,1,0,1,1,0.0001774290,0.0360680726,8.0002074032,1.0000000000,0.0080000000,250.0000000000,0
3301,1,99,1,-1,1,1,0,1,1,0.0001774290,0.0358906436,8.0002074032,1.0000000000,0.0080000000,250.0000000000,0
3302,1,99,1,-1,1,1,0,1,1,0.0001774290,0.0357132147,8.0002074032,1.0000000000,0.0080000000,250.0000000000,0
3303,1,99,1,-1,1,1,0,1,1,0.0001774290,0.0355357857,8.0002074032,1.0000000000,0.0080000000,250.0000000000,0
3304,1,99,1,-1,1,1,0,1,1,0.0001774290,0.0353583567,8.0002074032,1.0000000000,0.0080000000,250.0000000000,0
3305,1,99,1,-1,1,1,0,1,1,0.0001774290,0.0351809278,8.0002074032,1.0000000000,0.0080000000,250.0000000000,0
3306,1,99,1,-1,1,1,0,1,1,0.0001774290,0.0350034988,8.0002074032,1.0000000000,0.0080000000,250.0000000000,0
3307,1,99,1,-1,1,1,0,1,1,0.0001774290,0.0348260698,8.0002074032,1.0000000000,0.0080000000,250.0000000000,0
3308,1,99,1,-1,1,1,0,1,1,0.0001774290,0.0346486409,8.0002074032,1.0000000000,0.0080000000,250.0000000000,0
3309,1,99,1,-1,1,1,0,1,1,0.0001774290,0.0344712119,8.0002074032,1.0000000000,0.0080000000,250.0000000000,0
3310,1,99,1,-1,1,1,0,1,1,0.0001774290,0.0342937829,8.0002074032,1.0000000000,0.0080000000,250.0000000000,0
3311,1,99,1,-1,1,1,0,1,1,0.0001774290,0.0341163540,8.0002074032,1.0000000000,0.0080000000,250.0000000000,0
3312,1,99,1,-1,1,1,0,1,1,0.0001774290,0.0339389250,8.0002074032,1.0000000000,0.0080000000,250.0000000000,0
3313,1,99,1,-1,1,1,0,1,1,0.0001774290,0.0337614960,8.0002074032,1.0000000000,0.0080000000,250.0000000000,0
3314,1,99,1,-1,1,1,0,1,1,0.0001774290,0.0335840671,8.0002074032,1.0000000000,0.0080000000,250.0000000000,0
3315,1,99,1,-1,1,1,0,1,1,0.0001774290,0.0334066381,8.0002074032,1.0000000000,0.0080000000,250.0000000000,0
3316,1,99,1,-1,1,1,0,1,1,0.0001774290,0.0332292091,8.0002074032,1.0000000000,0.0080000000,250.0000000000,0
3317,1,99,1,-1,1,1,0,1,1,0.0001774290,0.0330517802,8.0002074032,1.0000000000,0.0080000000,250.0000000000,0
3318,1,99,1,-1,1,1,0,1,1,0.0001774290,0.0328743512,8.0002074032,1.0000000000,0.0080000000,250.0000000000,0
3319,1,99,1,-1,1,1,0,1,1,0.0001774290,0.0326969222,8.0002074032,1.0000000000,0.0080000000,250.0000000000,0
3320,1,99,1,-1,1,1,0,1,1,0.0001774290,0.0325194933,8.0002074032,1.0000000000,0.0080000000,250.0000000000,0
3321,1,99,1,-1,1,1,0,1,1,0.0001774290,0.0323420643,8.0002074032,1.0000000000,0.0080000000,250.0000000000,0
3322,1,99,1,-1,1,1,0,1,1,0.0001774290,0.0321646353,8.0002074032,1.0000000000,0.0080000000,250.0000000000,0
3323,1,99,1,-1,1,1,0,1,1,0.0001774290,0.0319872064,8.0002074032,1.0000000000,0.0080000000,250.0000000000,0
3324,1,99,1,-1,1,1,0,1,1,0.0001774290,0.0318097774,8.0002074032,1.0000000000,0.0080000000,250.0000000000,0
3325,1,99,1,-1,1,1,0,1,1,0.0001774290,0.0316323484,8.0002074032,1.0000000000,0.0080000000,250.0000000000,0
3326,1,99,1,-1,1,1,0,1,1,0.0001774290,0.0314549195,8.0002074032,1.0000000000,0.0080000000,250.0000000000,0
3327,1,99,1,-1,1,1,0,1,1,0.0001774290,0.0312774905,8.0002074032,1.0000000000,0.0080000000,250.0000000000,0
3328,1,99,1,-1,1,1,0,1,1,0.0001774290,0.0311000615,8.0002074032,1.0000000000,0.0080000000,250.0000000000,0
3329,1,99,1,-1,1,1,0,1,1,0.0001774290,0.0309226326,8.0002074032,1.0000000000,0.0080000000,250.0000000000,0
3330,1,99,1,-1,1,1,0,1,1,0.0001774290,0.0307452036,8.0002074032,1.0000000000,0.0080000000,250.0000000000,0
3331,1,99,1,-1,1,1,0,1,1,0.0001774290,0.0305677746,8.0002074032,1.0000000000,0.0080000000,250.0000000000,0
3332,1,99,1,-1,1,1,0,1,1,0.0001774290,0.0303903457,8.0002074032,1.0000000000,0.0080000000,250.0000000000,0
3333,1,99,1,-1,1,1,0,1,1,0.0001774290,0.0302129167,8.0002074032,1.0000000000,0.0080000000,250.0000000000,0
3334,1,99,1,-1,1,1,0,1,1,0.0001774290,0.0300354877,8.0002074032,1.0000000000,0.0080000000,250.0000000000,0
3335,1,99,1,-1,1,1,0,1,1,0.0001774290,0.0298580588,8.0002074032,1.0000000000,0.0080000000,250.0000000000,0
3336,1,99,1,-1,1,1,0,1,1,0.0001774290,0.0296806298,8.0002074032,1.0000000000,0.0080000000,250.0000000000,0
3337,1,99,1,-1,1,1,0,1,1,0.0001774290,0.0295032008,8.0002074032,1.0000000000,0.0080000000,250.0000000000,0
3338,1,99,1,-1,1,1,0,1,1,0.0001774290,0.0293257719,8.0002074032,1.0000000000,0.0080000000,250.0000000000,0
3339,1,99,1,-1,1,1,0,1,1,0.0001774290,0.0291483429,8.0002074032,1.0000000000,0.0080000000,250.0000000000,0
3340,1,99,1,-1,1,1,0,1,1,0.0001774290,0.0289709139,8.0002074032,1.0000000000,0.0080000000,250.0000000000,0
3341,1,99,1,-1,1,1,0,1,1,0.0001774290,0.0287934850,8.0002074032,1.0000000000,0.0080000000,250.0000000000,0
3342,1,99,1,-1,1,1,0,1,1,0.0001774290,0.0286160560,8.0002074032,1.0000000000,0.0080000000,250.0000000000,0
3343,1,99,1,-1,1,1,0,1,1,0.0001774290,0.0284386270,8.0002074032,1.0000000000,0.0080000000,250.0000000000,0
3344,1,99,1,-1,1,1,0,1,1,0.0001774290,0.0282611981,8.0002074032,1.0000000000,0.0080000000,250.0000000000,0
3345,1,99,1,-1,1,1,0,1,1,0.0001774290,0.0280837691,8.0002074032,1.0000000000,0.0080000000,250.0000000000,0
3346,1,99,1,-1,1,1,0,1,1,0.0001774290,0.0279063401,8.0002074032,1.0000000000,0.0080000000,250.0000000000,0
3347,1,99,1,-1,1,1,0,1,1,0.0001774290,0.0277289112,8.0002074032,1.0000000000,0.0080000000,250.0000000000,0
3348,1,99,1,-1,1,1,0,1,1,0.0001774290,0.0275514822,8.0002074032,1.0000000000,0.0080000000,250.0000000000,0
3349,1,99,1,-1,1,1,0,1,1,0.0001774290,0.0273740532,8.0002074032,1.0000000000,0.0080000000,250.0000000000,0
3350,1,99,1,-1,1,1,0,1,1,0.0001774290,0.0271966243,8.0002074032,1.0000000000,0.0080000000,250.0000000000,0
3351,1,99,1,-1,1,1,0,1,1,0.0001774290,0.0270191953,8.0002074032,1.0000000000,0.0080000000,250.0000000000,0
3352,1,99,1,-1,1,1,0,1,1,0.0001774290,0.0268417663,8.0002074032,1.0000000000,0.0080000000,250.0000000000,0
3353,1,99,1,-1,1,1,0,1,1,0.0001774290,0.0266643374,8.0002074032,1.0000000000,0.0080000000,250.0000000000,0
3354,1,99,1,-1,1,1,0,1,1,0.0001774290,0.0264869084,8.0002074032,1.0000000000,0.0080000000,250.0000000000,0
3355,1,99,1,-1,1,1,0,1,1,0.0001774290,0.0263094794,8.0002074032,1.0000000000,0.0080000000,250.0000000000,0
3356,1,99,1,-1,1,1,0,1,1,0.0001774290,0.0261320505,8.0002074032,1.0000000000,0.0080000000,250.0000000000,0
3357,1,99,1,-1,1,1,0,1,1,0.0001774290,0.0259546215,8.0002074032,1.0000000000,0.0080000000,250.0000000000,0
3358,1,99,1,-1,1,1,0,1,1,0.0001774290,0.0257771925,8.0002074032,1.0000000000,0.0080000000,250.0000000000,0
3359,1,99,1,-1,1,1,0,1,1,0.0001774290,0.0255997636,8.0002074032,1.0000000000,0.0080000000,250.0000000000,0
3360,1,99,1,-1,1,1,0,1,1,0.0001774290,0.0254223346,8.0002074032,1.0000000000,0.0080000000,250.0000000000,0
3361,1,99,1,-1,1,1,0,1,1,0.0001774290,0.0252449056,8.0002074032,1.0000000000,0.0080000000,250.0000000000,0
3362,1,99,1,-1,1,1,0,1,1,0.0001774290,0.0250674767,8.0002074032,1.0000000000,0.0080000000,250.0000000000,0
3363,1,99,1,-1,1,1,0,1,1,0.0001774290,0.0248900477,8.0002074032,1.0000000000,0.0080000000,250.0000000000,0
3364,1,99,1,-1,1,1,0,1,1,0.0001774290,0.0247126187,8.0002074032,1.0000000000,0.0080000000,250.0000000000,0
3365,1,99,1,-1,1,1,0,1,1,0.0001774290,0.0245351898,8.0002074032,1.0000000000,0.0080000000,250.0000000000,0
3366,1,99,1,-1,1,1,0,1,1,0.0001774290,0.0243577608,8.0002074032,1.0000000000,0.0080000000,250.0000000000,0
3367,1,99,1,-1,1,1,0,1,1,0.0001774290,0.0241803318,8.0002074032,1.0000000000,0.0080000000,250.0000000000,0
3368,1,99,1,-1,1,1,0,1,1,0.0001774290,0.0240029029,8.0002074032,1.0000000000,0.0080000000,250.0000000000,0
3369,1,99,1,-1,1,1,0,1,1,0.0001774290,0.0238254739,8.0002074032,1.0000000000,0.0080000000,250.0000000000,0
3370,1,99,1,-1,1,1,0,1,1,0.0001774290,0.0236480449,8.0002074032,1.0000000000,0.0080000000,250.0000000000,0
3371,1,99,1,-1,1,1,0,1,1,0.0001774290,0.0234706160,8.0002074032,1.0000000000,0.0080000000,250.0000000000,0
3372,1,99,1,-1,1,1,0,1,1,0.0001774290,0.0232931870,8.0002074032,1.0000000000,0.0080000000,250.0000000000,0
3373,1,99,1,-1,1,1,0,1,1,0.0001774290,0.0231157580,8.0002074032,1.0000000000,0.0080000000,250.0000000000,0
3374,1,99,1,-1,1,1,0,1,1,0.0001774290,0.0229383291,8.0002074032,1.0000000000,0.0080000000,250.0000000000,0
3375,1,99,1,-1,1,1,0,1,1,0.0001774290,0.0227609001,8.0002074032,1.0000000000,0.0080000000,250.0000000000,0
3376,1,99,1,-1,1,1,0,1,1,0.0001774290,0.0225834711,8.0002074032,1.0000000000,0.0080000000,250.0000000000,0
3377,1,99,1,-1,1,1,0,1,1,0.0001774290,0.0224060422,8.0002074032,1.0000000000,0.0080000000,250.0000000000,0
3378,1,99,1,-1,1,1,0,1,1,0.0001774290,0.0222286132,8.0002074032,1.0000000000,0.0080000000,250.0000000000,0
3379,1,99,1,-1,1,1,0,1,1,0.0001774290,0.0220511842,8.0002074032,1.0000000000,0.0080000000,250.0000000000,0
3380,1,99,1,-1,1,1,0,1,1,0.0001774290,0.0218737553,8.0002074032,1.0000000000,0.0080000000,250.0000000000,0
3381,1,99,1,-1,1,1,0,1,1,0.0001774290,0.0216963263,8.0002074032,1.0000000000,0.0080000000,250.0000000000,0
3382,1,99,1,-1,1,1,0,1,1,0.0001774290,0.0215188973,8.0002074032,1.0000000000,0.0080000000,250.0000000000,0
3383,1,99,1,-1,1,1,0,1,1,0.0001774290,0.0213414684,8.0002074032,1.0000000000,0.0080000000,250.0000000000,0
3384,1,99,1,-1,1,1,0,1,1,0.0001774290,0.0211640394,8.0002074032,1.0000000000,0.0080000000,250.0000000000,0
3385,1,99,1,-1,1,1,0,1,1,0.0001774290,0.0209866104,8.0002074032,1.0000000000,0.0080000000,250.0000000000,0
3386,1,99,1,-1,1,1,0,1,1,0.0001774290,0.0208091815,8.0002074032,1.0000000000,0.0080000000,250.0000000000,0
3387,1,99,1,-1,1,1,0,1,1,0.0001774290,0.0206317525,8.0002074032,1.0000000000,0.0080000000,250.0000000000,0
3388,1,99,1,-1,1,1,0,1,1,0.0001774290,0.0204543235,8.0002074032,1.0000000000,0.0080000000,250.0000000000,0
3389,1,99,1,-1,1,1,0,1,1,0.0001774290,0.0202768946,8.0002074032,1.0000000000,0.0080000000,250.0000000000,0
3390,1,99,1,-1,1,1,0,1,1,0.0001774290,0.0200994656,8.0002074032,1.0000000000,0.0080000000,250.0000000000,0
3391,1,99,1,-1,1,1,0,1,1,0.0001774290,0.0199220366,8.0002074032,1.0000000000,0.0080000000,250.0000000000,0
3392,1,99,1,-1,1,1,0,1,1,0.0001774290,0.0197446077,8.0002074032,1.0000000000,0.0080000000,250.0000000000,0
3393,1,99,1,-1,1,1,0,1,1,0.0001774290,0.0195671787,8.0002074032,1.0000000000,0.0080000000,250.0000000000,0
3394,1,99,1,-1,1,1,0,1,1,0.0001774290,0.0193897497,8.0002074032,1.0000000000,0.0080000000,250.0000000000,0
3395,1,99,1,-1,1,1,0,1,1,0.0001774290,0.0192123208,8.0002074032,1.0000000000,0.0080000000,250.0000000000,0
3396,1,99,1,-1,1,1,0,1,1,0.0001774290,0.0190348918,8.0002074032,1.0000000000,0.0080000000,250.0000000000,0
3397,1,99,1,-1,1,1,0,1,1,0.0001774290,0.0188574628,8.0002074032,1.0000000000,0.0080000000,250.0000000000,0
3398,1,99,1,-1,1,1,0,1,1,0.0001774290,0.0186800339,8.0002074032,1.0000000000,0.0080000000,250.0000000000,0
3399,1,99,1,-1,1,1,0,1,1,0.0001774290,0.0185026049,8.0002074032,1.0000000000,0.0080000000,250.0000000000,0
3400,1,99,1,-1,1,1,0,1,1,0.0001774290,0.0183251759,8.0002074032,1.0000000000,0.0080000000,250.0000000000,0
3401,1,99,1,-1,1,1,0,1,1,0.0001774290,0.0181477470,8.0002074032,1.0000000000,0.0080000000,250.0000000000,0
3402,1,99,1,-1,1,1,0,1,1,0.0001774290,0.0179703180,8.0002074032,1.0000000000,0.0080000000,250.0000000000,0
3403,1,99,1,-1,1,1,0,1,1,0.0001774290,0.0177928891,8.0002074032,1.0000000000,0.0080000000,250.0000000000,0
3404,1,99,1,-1,1,1,0,1,1,0.0001774290,0.0176154601,8.0002074032,1.0000000000,0.0080000000,250.0000000000,0
3405,1,99,1,-1,1,1,0,1,1,0.0001774290,0.0174380311,8.0002074032,1.0000000000,0.0080000000,250.0000000000,0
3406,1,99,1,-1,1,1,0,1,1,0.0001774290,0.0172606022,8.0002074032,1.0000000000,0.0080000000,250.0000000000,0
3407,1,99,1,-1,1,1,0,1,1,0.0001774290,0.0170831732,8.0002074032,1.0000000000,0.0080000000,250.0000000000,0
3408,1,99,1,-1,1,1,0,1,1,0.0001774290,0.0169057442,8.0002074032,1.0000000000,0.0080000000,250.0000000000,0
3409,1,99,1,-1,1,1,0,1,1,0.0001774290,0.0167283153,8.0002074032,1.0000000000,0.0080000000,250.0000000000,0
3410,1,99,1,-1,1,1,0,1,1,0.0001774290,0.0165508863,8.0002074032,1.0000000000,0.0080000000,250.0000000000,0
3411,1,99,1,-1,1,1,0,1,1,0.0001774290,0.0163734573,8.0002074032,1.0000000000,0.0080000000,250.0000000000,0
3412,1,99,1,-1,1,1,0,1,1,0.0001774290,0.0161960284,8.0002074032,1.0000000000,0.0080000000,250.0000000000,0
3413,1,99,1,-1,1,1,0,1,1,0.0001774290,0.0160185994,8.0002074032,1.0000000000,0.0080000000,250.0000000000,0
3414,1,99,1,-1,1,1,0,1,1,0.0001774290,0.0158411704,8.0002074032,1.0000000000,0.0080000000,250.0000000000,0
3415,1,99,1,-1,1,1,0,1,1,0.0001774290,0.0156637415,8.0002074032,1.0000000000,0.0080000000,250.0000000000,0
3416,1,99,1,-1,1,1,0,1,1,0.0001774290,0.0154863125,8.0002074032,1.0000000000,0.0080000000,250.0000000000,0
3417,1,99,1,-1,1,1,0,1,1,0.0001774290,0.0153088835,8.0002074032,1.0000000000,0.0080000000,250.0000000000,0
3418,1,99,1,-1,1,1,0,1,1,0.0001774290,0.0151314546,8.0002074032,1.0000000000,0.0080000000,250.0000000000,0
3419,1,99,1,-1,1,1,0,1,1,0.0001774290,0.0149540256,8.0002074032,1.0000000000,0.0080000000,250.0000000000,0
3420,1,99,1,-1,1,1,0,1,1,0.0001774290,0.0147765966,8.0002074032,1.0000000000,0.0080000000,250.0000000000,0
3421,1,99,1,-1,1,1,0,1,1,0.0001774290,0.0145991677,8.0002074032,1.0000000000,0.0080000000,250.0000000000,0
3422,1,99,1,-1,1,1,0,1,1,0.0001774290,0.0144217387,8.0002074032,1.0000000000,0.0080000000,250.0000000000,0
3423,1,99,1,-1,1,1,0,1,1,0.0001774290,0.0142443097,8.0002074032,1.0000000000,0.0080000000,250.0000000000,0
3424,1,99,1,-1,1,1,0,1,1,0.0001774290,0.0140668808,8.0002074032,1.0000000000,0.0080000000,250.0000000000,0
3425,1,99,1,-1,1,1,0,1,1,0.0001774290,0.0138894518,8.0002074032,1.0000000000,0.0080000000,250.0000000000,0
3426,1,99,1,-1,1,1,0,1,1,0.0001774290,0.0137120228,8.0002074032,1.0000000000,0.0080000000,250.0000000000,0
3427,1,99,1,-1,1,1,0,1,1,0.0001774290,0.0135345939,8.0002074032,1.0000000000,0.0080000000,250.0000000000,0
3428,1,99,1,-1,1,1,0,1,1,0.0001774290,0.0133571649,8.0002074032,1.0000000000,0.0080000000,250.0000000000,0
3429,1,99,1,-1,1,1,0,1,1,0.0001774290,0.0131797359,8.0002074032,1.0000000000,0.0080000000,250.0000000000,0
3430,1,99,1,-1,1,1,0,1,1,0.0001774290,0.0130023070,8.0002074032,1.0000000000,0.0080000000,250.0000000000,0
3431,1,99,1,-1,1,1,0,1,1,0.0001774290,0.0128248780,8.0002074032,1.0000000000,0.0080000000,250.0000000000,0
3432,1,99,1,-1,1,1,0,1,1,0.0001774290,0.0126474490,8.0002074032,1.0000000000,0.0080000000,250.0000000000,0
3433,1,99,1,-1,1,1,0,1,1,0.0001774290,0.0124700201,8.0002074032,1.0000000000,0.0080000000,250.0000000000,0
3434,1,99,1,-1,1,1,0,1,1,0.0001774290,0.0122925911,8.0002074032,1.0000000000,0.0080000000,250.0000000000,0
3435,1,99,1,-1,1,1,0,1,1,0.0001774290,0.0121151621,8.0002074032,1.0000000000,0.0080000000,250.0000000000,0
3436,1,99,1,-1,1,1,0,1,1,0.0001774290,0.0119377332,8.0002074032,1.0000000000,0.0080000000,250.0000000000,0
3437,1,99,1,-1,1,1,0,1,1,0.0001774290,0.0117603042,8.0002074032,1.0000000000,0.0080000000,250.0000000000,0
3438,1,99,1,-1,1,1,0,1,1,0.0001774290,0.0115828752,8.0002074032,1.0000000000,0.0080000000,250.0000000000,0
3439,1,99,1,-1,1,1,0,1,1,0.0001774290,0.0114054463,8.0002074032,1.0000000000,0.0080000000,250.0000000000,0
3440,1,99,1,-1,1,1,0,1,1,0.0001774290,0.0112280173,8.0002074032,1.0000000000,0.0080000000,250.0000000000,0
3441,1,99,1,-1,1,1,0,1,1,0.0001774290,0.0110505883,8.0002074032,1.0000000000,0.0080000000,250.0000000000,0
3442,1,99,1,-1,1,1,0,1,1,0.0001774290,0.0108731594,8.0002074032,1.0000000000,0.0080000000,250.0000000000,0
3443,1,99,1,-1,1,1,0,1,1,0.0001774290,0.0106957304,8.0002074032,1.0000000000,0.0080000000,250.0000000000,0
3444,1,99,1,-1,1,1,0,1,1,0.0001774290,0.0105183014,8.0002074032,1.0000000000,0.0080000000,250.0000000000,0
3445,1,99,1,-1,1,1,0,1,1,0.0001774290,0.0103408725,8.0002074032,1.0000000000,0.0080000000,250.0000000000,0
3446,1,99,1,-1,1,1,0,1,1,0.0001774290,0.0101634435,8.0002074032,1.0000000000,0.0080000000,250.0000000000,0
3447,1,99,1,-1,1,1,0,1,1,0.0001774290,0.0099860145,8.0002074032,1.0000000000,0.0080000000,250.0000000000,0
3448,1,99,1,-1,1,1,0,1,1,0.0001774290,0.0098085856,8.0002074032,1.0000000000,0.0080000000,250.0000000000,0
3449,1,99,1,-1,1,1,0,1,1,0.0001774290,0.0096311566,8.0002074032,1.0000000000,0.0080000000,250.0000000000,0
3450,1,99,1,-1,1,1,0,1,1,0.0001774290,0.0094537276,8.0002074032,1.0000000000,0.0080000000,250.0000000000,0
3451,1,99,1,-1,1,1,0,1,1,0.0001774290,0.0092762987,8.0002074032,1.0000000000,0.0080000000,250.0000000000,0
3452,1,99,1,-1,1,1,0,1,1,0.0001774290,0.0090988697,8.0002074032,1.0000000000,0.0080000000,250.0000000000,0
3453,1,99,1,-1,1,1,0,1,1,0.0001774290,0.0089214407,8.0002074032,1.0000000000,0.0080000000,250.0000000000,0
3454,1,99,1,-1,1,1,0,1,1,0.0001774290,0.0087440118,8.0002074032,1.0000000000,0.0080000000,250.0000000000,0
3455,1,99,1,-1,1,1,0,1,1,0.0001774290,0.0085665828,8.0002074032,1.0000000000,0.0080000000,250.0000000000,0
3456,1,99,1,-1,1,1,0,1,1,0.0001774290,0.0083891538,8.0002074032,1.0000000000,0.0080000000,250.0000000000,0
3457,1,99,1,-1,1,1,0,1,1,0.0001774290,0.0082117249,8.0002074032,1.0000000000,0.0080000000,250.0000000000,0
3458,1,99,1,-1,1,1,0,1,1,0.0001774290,0.0080342959,8.0002074032,1.0000000000,0.0080000000,250.0000000000,0
3459,1,99,1,-1,1,1,0,1,1,0.0001774290,0.0078568669,8.0002074032,1.0000000000,0.0080000000,250.0000000000,0
3460,1,99,1,-1,1,1,0,1,1,0.0001774290,0.0076794380,8.0002074032,1.0000000000,0.0080000000,250.0000000000,0
3461,1,99,1,-1,1,1,0,1,1,0.0001774290,0.0075020090,8.0002074032,1.0000000000,0.0080000000,250.0000000000,0
3462,1,99,1,-1,1,1,0,1,1,0.0001774290,0.0073245800,8.0002074032,1.0000000000,0.0080000000,250.0000000000,0
3463,1,99,1,-1,1,1,0,1,1,0.0001774290,0.0071471511,8.0002074032,1.0000000000,0.0080000000,250.0000000000,0
3464,1,99,1,-1,1,1,0,1,1,0.0001774290,0.0069697221,8.0002074032,1.0000000000,0.0080000000,250.0000000000,0
3465,1,99,1,-1,1,1,0,1,1,0.0001774290,0.0067922931,8.0002074032,1.0000000000,0.0080000000,250.0000000000,0
3466,1,99,1,-1,1,1,0,1,1,0.0001774290,0.0066148642,8.0002074032,1.0000000000,0.0080000000,250.0000000000,0
3467,1,99,1,-1,1,1,0,1,1,0.0001774290,0.0064374352,8.0002074032,1.0000000000,0.0080000000,250.0000000000,0
3468,1,99,1,-1,1,1,0,1,1,0.0001774290,0.0062600062,8.0002074032,1.0000000000,0.0080000000,250.0000000000,0
3469,1,99,1,-1,1,1,0,1,1,0.0001774290,0.0060825773,8.0002074032,1.0000000000,0.0080000000,250.0000000000,0
3470,1,99,1,-1,1,1,0,1,1,0.0001774290,0.0059051483,8.0002074032,1.0000000000,0.0080000000,250.0000000000,0
3471,1,99,1,-1,1,1,0,1,1,0.0001774290,0.0057277193,8.0002074032,1.0000000000,0.0080000000,250.0000000000,0
3472,1,99,1,-1,1,1,0,1,1,0.0001774290,0.0055502904,8.0002074032,1.0000000000,0.0080000000,250.0000000000,0
3473,1,99,1,-1,1,1,0,1,1,0.0001774290,0.0053728614,8.0002074032,1.0000000000,0.0080000000,250.0000000000,0
3474,1,99,1,-1,1,1,0,1,1,0.0001774290,0.0051954324,8.0002074032,1.0000000000,0.0080000000,250.0000000000,0
3475,1,99,1,-1,1,1,0,1,1,0.0001774290,0.0050180035,8.0002074032,1.0000000000,0.0080000000,250.0000000000,0
3476,1,99,1,-1,1,1,0,1,1,0.0001774290,0.0048405745,8.0002074032,1.0000000000,0.0080000000,250.0000000000,0
3477,1,99,1,-1,1,1,0,1,1,0.0001774290,0.0046631455,8.0002074032,1.0000000000,0.0080000000,250.0000000000,0
3478,1,99,1,-1,1,1,0,1,1,0.0001774290,0.0044857166,8.0002074032,1.0000000000,0.0080000000,250.0000000000,0
3479,1,99,1,-1,1,1,0,1,1,0.0001774290,0.0043082876,8.0002074032,1.0000000000,0.0080000000,250.0000000000,0
3480,1,99,1,-1,1,1,0,1,1,0.0001774290,0.0041308586,8.0002074032,1.0000000000,0.0080000000,250.0000000000,0
3481,1,99,1,-1,1,1,0,1,1,0.0001774290,0.0039534297,8.0002074032,1.0000000000,0.0080000000,250.0000000000,0
3482,1,99,1,-1,1,1,0,1,1,0.0001774290,0.0037760007,8.0002074032,1.0000000000,0.0080000000,250.0000000000,0
3483,1,99,1,-1,1,1,0,1,1,0.0001774290,0.0035985717,8.0002074032,1.0000000000,0.0080000000,250.0000000000,0
3484,1,99,1,-1,1,1,0,1,1,0.0001774290,0.0034211428,8.0002074032,1.0000000000,0.0080000000,250.0000000000,0
3485,1,99,1,-1,1,1,0,1,1,0.0001774290,0.0032437138,8.0002074032,1.0000000000,0.0080000000,250.0000000000,0
3486,1,99,1,-1,1,1,0,1,1,0.0001774290,0.0030662848,8.0002074032,1.0000000000,0.0080000000,250.0000000000,0
3487,1,99,1,-1,1,1,0,1,1,0.0001774290,0.0028888559,8.0002074032,1.0000000000,0.0080000000,250.0000000000,0
3488,1,99,1,-1,1,1,0,1,1,0.0001774290,0.0027114269,8.0002074032,1.0000000000,0.0080000000,250.0000000000,0
3489,1,99,1,-1,1,1,0,1,1,0.0001774290,0.0025339979,8.0002074032,1.0000000000,0.0080000000,250.0000000000,0
3490,1,99,1,-1,1,1,0,1,1,0.0001774290,0.0023565690,8.0002074032,1.0000000000,0.0080000000,250.0000000000,0
3491,1,99,1,-1,1,1,0,1,1,0.0001774290,0.0021791400,8.0002074032,1.0000000000,0.0080000000,250.0000000000,0
3492,1,99,1,-1,1,1,0,1,1,0.0001774290,0.0020017110,8.0002074032,1.0000000000,0.0080000000,250.0000000000,0
3493,1,99,1,-1,1,1,0,1,1,0.0001774290,0.0018242821,8.0002074032,1.0000000000,0.0080000000,250.0000000000,0
3494,1,99,1,-1,1,1,0,1,1,0.0001774290,0.0016468531,8.0002074032,1.0000000000,0.0080000000,250.0000000000,0
3495,1,99,1,-1,1,1,0,1,1,0.0001774290,0.0014694241,8.0002074032,1.0000000000,0.0080000000,250.0000000000,0
3496,1,99,1,-1,1,1,0,1,1,0.0001774290,0.0012919952,8.0002074032,1.0000000000,0.0080000000,250.0000000000,0
3497,1,99,1,-1,1,1,0,1,1,0.0001774290,0.0011145662,8.0002074032,1.0000000000,0.0080000000,250.0000000000,0
3498,1,99,1,-1,1,1,0,1,1,0.0001774290,0.0009371372,8.0002074032,1.0000000000,0.0080000000,250.0000000000,0
3499,1,99,1,-1,1,1,0,1,1,0.0001774290,0.0007597083,8.0002074032,1.0000000000,0.0080000000,250.0000000000,0
3500,1,99,1,-1,1,1,0,1,1,0.0001774290,0.0005822793,8.0002074032,1.0000000000,0.0080000000,250.0000000000,0
3501,1,99,1,-1,1,1,0,1,1,0.0001774290,0.0004048503,8.0002074032,1.0000000000,0.0080000000,250.0000000000,0
3502,1,99,1,-1,1,1,0,1,1,0.0001774290,0.0002274214,8.0002074032,1.0000000000,0.0080000000,250.0000000000,0
3503,1,99,1,-1,1,1,0,1,1,0.0001774290,0.0000499924,8.0002074032,1.0000000000,0.0080000000,250.0000000000,0
3504,0,100,1,-1,1,0,1,0,0,0.0000499924,0.0000000000,0.0000000000,0.0000000000,0.0000000000,0.0000000000,0
