Round,Alive,Dead,CH_Count,Generated,Delivered,Lost,Unclustered,LEACH_Epoch,Control_TX,Control_RX,Data_TX,Data_RX,Energy_Used_J,Residual_Energy_J,Avg_Cluster_Size,Avg_Delay_ms,PDR,Round_Duration_s,Throughput_kbps
1,100,0,6,100,100,0,0,1,105,782,100,100,0.0422878298,48.4177121702,16.6666666667,16.3272682061,1.0000000000,0.9692800000,217.0683393859
2,100,0,9,100,100,0,0,1,108,1073,100,100,0.0459848478,48.3717273224,11.1111111111,16.0747548215,1.0000000000,0.9729280000,216.2544402052
3,100,0,2,100,100,0,0,1,102,394,100,100,0.0357925909,48.3359347315,50.0000000000,16.6638505395,1.0000000000,0.9656320000,217.8883881230
4,100,0,5,100,100,0,0,1,105,685,100,100,0.0391306159,48.2968041157,20.0000000000,16.4114015726,1.0000000000,0.9692800000,217.0683393859
5,100,0,4,100,100,0,0,1,104,588,100,100,0.0384622143,48.2583419014,25.0000000000,16.4956084352,1.0000000000,0.9680640000,217.3410022478
6,100,0,9,100,100,0,0,1,109,1073,100,100,0.0457708976,48.2125710038,11.1111111111,16.0747378696,1.0000000000,0.9741440000,215.9844951054
7,100,0,3,100,100,0,0,1,103,491,100,100,0.0363851107,48.1761858931,33.3333333333,16.5797008135,1.0000000000,0.9668480000,217.6143509631
8,100,0,4,100,100,0,0,1,104,588,100,100,0.0382129981,48.1379728950,25.0000000000,16.4955501999,1.0000000000,0.9680640000,217.3410022478
9,100,0,4,100,100,0,0,1,104,588,100,100,0.0396917863,48.0982811087,25.0000000000,16.4956106374,1.0000000000,0.9680640000,217.3410022478
10,100,0,4,100,100,0,0,1,104,588,100,100,0.0385388957,48.0597422130,25.0000000000,16.4955235536,1.0000000000,0.9680640000,217.3410022478
11,100,0,10,100,100,0,0,1,110,1170,100,100,0.0475449092,48.0121973038,10.0000000000,15.9905653590,1.0000000000,0.9753600000,215.7152230971
12,100,0,3,100,100,0,0,1,103,491,100,100,0.0370533439,47.9751439599,33.3333333333,16.5797350748,1.0000000000,0.9668480000,217.6143509631
13,100,0,8,100,100,0,0,1,108,976,100,100,0.0441455583,47.9309984016,12.5000000000,16.1589057193,1.0000000000,0.9729280000,216.2544402052
14,100,0,7,100,100,0,0,1,107,879,100,100,0.0423715433,47.8886268583,14.2857142857,16.2430433151,1.0000000000,0.9717120000,216.5250609234
15,100,0,6,100,100,0,0,1,106,782,100,100,0.0410476962,47.8475791621,16.6666666667,16.3272097520,1.0000000000,0.9704960000,216.7963597995
16,100,0,2,100,100,0,0,1,102,394,100,100,0.0366482125,47.8109309496,50.0000000000,16.6639182911,1.0000000000,0.9656320000,217.8883881230
17,100,0,4,100,100,0,0,1,104,588,100,100,0.0393250816,47.7716058680,25.0000000000,16.4955870581,1.0000000000,0.9680640000,217.3410022478
18,100,0,3,100,100,0,0,1,103,491,100,100,0.0366987814,47.7349070866,33.3333333333,16.5797041982,1.0000000000,0.9668480000,217.6143509631
19,100,0,2,100,100,0,0,1,102,394,100,100,0.0374484562,47.6974586304,50.0000000000,16.6639804415,1.0000000000,0.9656320000,217.8883881230
20,100,0,5,100,100,0,0,1,105,685,100,100,0.0395157174,47.6579429130,20.0000000000,16.4114161020,1.0000000000,0.9692800000,217.0683393859
21,100,0,4,100,100,0,0,2,104,588,100,100,0.0375736856,47.6203692274,25.0000000000,16.4955339781,1.0000000000,0.9680640000,217.3410022478
22,100,0,5,100,100,0,0,2,105,685,100,100,0.0396478299,47.5807213975,20.0000000000,16.4113817904,1.0000000000,0.9692800000,217.0683393859
23,100,0,4,100,100,0,0,2,104,588,100,100,0.0382800958,47.5424413017,25.0000000000,16.4955512822,1.0000000000,0.9680640000,217.3410022478
24,100,0,7,100,100,0,0,2,107,879,100,100,0.0426265434,47.4998147584,14.2857142857,16.2430696407,1.0000000000,0.9717120000,216.5250609234
25,100,0,4,100,100,0,0,2,104,588,100,100,0.0379069221,47.4619078362,25.0000000000,16.4955587615,1.0000000000,0.9680640000,217.3410022478
26,100,0,6,100,100,0,0,2,106,782,100,100,0.0406498198,47.4212580164,16.6666666667,16.3272321818,1.0000000000,0.9704960000,216.7963597995
27,100,0,5,100,100,0,0,2,105,685,100,100,0.0397850572,47.3814729592,20.0000000000,16.4114023249,1.0000000000,0.9692800000,217.0683393859
28,100,0,7,100,100,0,0,2,107,879,100,100,0.0424327773,47.3390401820,14.2857142857,16.2430476275,1.0000000000,0.9717120000,216.5250609234
29,100,0,5,100,100,0,0,2,105,685,100,100,0.0399314568,47.2991087251,20.0000000000,16.4114214509,1.0000000000,0.9692800000,217.0683393859
30,100,0,4,100,100,0,0,2,104,588,100,100,0.0379574512,47.2611512740,25.0000000000,16.4955557993,1.0000000000,0.9680640000,217.3410022478
31,100,0,6,100,100,0,0,2,106,782,100,100,0.0411976934,47.2199535806,16.6666666667,16.3272326626,1.0000000000,0.9704960000,216.7963597995
32,100,0,7,100,100,0,0,2,107,879,100,100,0.0427372855,47.1772162951,14.2857142857,16.2430944477,1.0000000000,0.9717120000,216.5250609234
33,100,0,4,100,100,0,0,2,104,588,100,100,0.0380630836,47.1391532115,25.0000000000,16.4955536663,1.0000000000,0.9680640000,217.3410022478
34,100,0,5,100,100,0,0,2,105,685,100,100,0.0391215683,47.1000316431,20.0000000000,16.4114222468,1.0000000000,0.9692800000,217.0683393859
35,100,0,5,100,100,0,0,2,105,685,100,100,0.0393233706,47.0607082725,20.0000000000,16.4113926048,1.0000000000,0.9692800000,217.0683393859
36,100,0,4,100,100,0,0,2,104,588,100,100,0.0383075761,47.0224006964,25.0000000000,16.4955558859,1.0000000000,0.9680640000,217.3410022478
37,100,0,4,100,100,0,0,2,104,588,100,100,0.0392772164,46.9831234800,25.0000000000,16.4956218932,1.0000000000,0.9680640000,217.3410022478
38,100,0,5,100,100,0,0,2,105,685,100,100,0.0395461238,46.9435773562,20.0000000000,16.4113882244,1.0000000000,0.9692800000,217.0683393859
39,100,0,7,100,100,0,0,2,107,879,100,100,0.0421240883,46.9014532679,14.2857142857,16.2430663168,1.0000000000,0.9717120000,216.5250609234
40,100,0,2,100,100,0,0,2,102,394,100,100,0.0359789182,46.8654743497,50.0000000000,16.6638478202,1.0000000000,0.9656320000,217.8883881230
41,100,0,10,100,100,0,0,3,110,1170,100,100,0.0470891285,46.8183852212,10.0000000000,15.9905644242,1.0000000000,0.9753600000,215.7152230971
42,100,0,5,100,100,0,0,3,105,685,100,100,0.0388264918,46.7795587294,20.0000000000,16.4113752997,1.0000000000,0.9692800000,217.0683393859
43,100,0,2,100,100,0,0,3,102,394,100,100,0.0368956865,46.7426630429,50.0000000000,16.6638745720,1.0000000000,0.9656320000,217.8883881230
44,100,0,2,100,100,0,0,3,102,394,100,100,0.0358133052,46.7068497376,50.0000000000,16.6638942889,1.0000000000,0.9656320000,217.8883881230
45,100,0,4,100,100,0,0,3,104,588,100,100,0.0377380232,46.6691117145,25.0000000000,16.4955615369,1.0000000000,0.9680640000,217.3410022478
46,100,0,3,100,100,0,0,3,103,491,100,100,0.0375621450,46.6315495695,33.3333333333,16.5797009953,1.0000000000,0.9668480000,217.6143509631
47,100,0,9,100,100,0,0,3,109,1073,100,100,0.0453867068,46.5861628627,11.1111111111,16.0747481626,1.0000000000,0.9741440000,215.9844951054
48,100,0,5,100,100,0,0,3,104,685,100,100,0.0423409306,46.5438219321,20.0000000000,16.4114596928,1.0000000000,0.9680640000,217.3410022478
49,100,0,6,100,100,0,0,3,106,782,100,100,0.0408023302,46.5030196019,16.6666666667,16.3272167404,1.0000000000,0.9704960000,216.7963597995
50,100,0,5,100,100,0,0,3,105,685,100,100,0.0403492967,46.4626703051,20.0000000000,16.4114285766,1.0000000000,0.9692800000,217.0683393859
51,100,0,10,100,100,0,0,3,110,1170,100,100,0.0472144193,46.4154558858,10.0000000000,15.9905799425,1.0000000000,0.9753600000,215.7152230971
52,100,0,3,100,100,0,0,3,103,491,100,100,0.0372865229,46.3781693629,33.3333333333,16.5797220641,1.0000000000,0.9668480000,217.6143509631
53,100,0,1,100,100,0,0,3,101,297,100,100,0.0360233717,46.3421459912,100.0000000000,16.7480322231,1.0000000000,0.9644160000,218.1631163315
54,100,0,1,100,100,0,0,3,101,297,100,100,0.0455833040,46.2965626872,100.0000000000,16.7482413507,1.0000000000,0.9644160000,218.1631163315
55,100,0,4,100,100,0,0,3,104,588,100,100,0.0386949986,46.2578676886,25.0000000000,16.4955239347,1.0000000000,0.9680640000,217.3410022478
56,100,0,4,100,100,0,0,3,104,588,100,100,0.0386126131,46.2192550756,25.0000000000,16.4955710408,1.0000000000,0.9680640000,217.3410022478
57,100,0,6,100,100,0,0,3,106,782,100,100,0.0413346847,46.1779203909,16.6666666667,16.3272334236,1.0000000000,0.9704960000,216.7963597995
58,100,0,4,100,100,0,0,3,104,588,100,100,0.0396943099,46.1382260809,25.0000000000,16.4955490427,1.0000000000,0.9680640000,217.3410022478
59,100,0,10,100,100,0,0,3,110,1170,100,100,0.0470713556,46.0911547254,10.0000000000,15.9905769549,1.0000000000,0.9753600000,215.7152230971
60,100,0,6,100,100,0,0,3,106,782,100,100,0.0409163240,46.0502384014,16.6666666667,16.3272362652,1.0000000000,0.9704960000,216.7963597995
61,100,0,2,100,100,0,0,4,102,394,100,100,0.0354703507,46.0147680506,50.0000000000,16.6638769780,1.0000000000,0.9656320000,217.8883881230
62,100,0,2,100,100,0,0,4,102,394,100,100,0.0364376622,45.9783303884,50.0000000000,16.6638913573,1.0000000000,0.9656320000,217.8883881230
63,100,0,3,100,100,0,0,4,103,491,100,100,0.0402603674,45.9380700211,33.3333333333,16.5798314446,1.0000000000,0.9668480000,217.6143509631
64,100,0,3,100,100,0,0,4,103,491,100,100,0.0369232955,45.9011467256,33.3333333333,16.5797517396,1.0000000000,0.9668480000,217.6143509631
65,100,0,8,100,100,0,0,4,108,976,100,100,0.0444413557,45.8567053699,12.5000000000,16.1588914213,1.0000000000,0.9729280000,216.2544402052
66,100,0,4,100,100,0,0,4,104,588,100,100,0.0378629772,45.8188423928,25.0000000000,16.4955965077,1.0000000000,0.9680640000,217.3410022478
67,100,0,2,100,100,0,0,4,102,394,100,100,0.0364966537,45.7823457391,50.0000000000,16.6639605783,1.0000000000,0.9656320000,217.8883881230
68,100,0,10,100,100,0,0,4,110,1170,100,100,0.0473332911,45.7350124480,10.0000000000,15.9905792819,1.0000000000,0.9753600000,215.7152230971
69,100,0,3,100,100,0,0,4,103,491,100,100,0.0372722314,45.6977402165,33.3333333333,16.5797637240,1.0000000000,0.9668480000,217.6143509631
70,100,0,6,100,100,0,0,4,106,782,100,100,0.0404291452,45.6573110713,16.6666666667,16.3272164760,1.0000000000,0.9704960000,216.7963597995
71,100,0,4,100,100,0,0,4,104,588,100,100,0.0392103739,45.6181006974,25.0000000000,16.4955734470,1.0000000000,0.9680640000,217.3410022478
72,100,0,6,100,100,0,0,4,106,782,100,100,0.0412423593,45.5768583381,16.6666666667,16.3272166753,1.0000000000,0.9704960000,216.7963597995
73,100,0,8,100,100,0,0,4,108,976,100,100,0.0441045760,45.5327537621,12.5000000000,16.1589189513,1.0000000000,0.9729280000,216.2544402052
74,100,0,4,100,100,0,0,4,104,588,100,100,0.0380384052,45.4947153569,25.0000000000,16.4955324312,1.0000000000,0.9680640000,217.3410022478
75,100,0,5,100,100,0,0,4,105,685,100,100,0.0396098818,45.4551054751,20.0000000000,16.4113746411,1.0000000000,0.9692800000,217.0683393859
76,100,0,4,100,100,0,0,4,104,588,100,100,0.0384119165,45.4166935586,25.0000000000,16.4955534890,1.0000000000,0.9680640000,217.3410022478
77,100,0,6,100,100,0,0,4,106,782,100,100,0.0413683559,45.3753252028,16.6666666667,16.3272488157,1.0000000000,0.9704960000,216.7963597995
78,100,0,6,100,100,0,0,4,106,782,100,100,0.0415596727,45.3337655301,16.6666666667,16.3272307395,1.0000000000,0.9704960000,216.7963597995
79,100,0,7,100,100,0,0,4,106,879,100,100,0.0421219488,45.2916435813,14.2857142857,16.2430564784,1.0000000000,0.9704960000,216.7963597995
80,100,0,7,100,100,0,0,4,107,879,100,100,0.0431126128,45.2485309685,14.2857142857,16.2430743828,1.0000000000,0.9717120000,216.5250609234
81,100,0,5,100,100,0,0,5,105,685,100,100,0.0396381250,45.2088928435,20.0000000000,16.4113930282,1.0000000000,0.9692800000,217.0683393859
82,100,0,5,100,100,0,0,5,105,685,100,100,0.0393848288,45.1695080147,20.0000000000,16.4114007811,1.0000000000,0.9692800000,217.0683393859
83,100,0,8,100,100,0,0,5,108,976,100,100,0.0445929435,45.1249150711,12.5000000000,16.1588943899,1.0000000000,0.9729280000,216.2544402052
84,100,0,5,100,100,0,0,5,105,685,100,100,0.0392886020,45.0856264691,20.0000000000,16.4113881061,1.0000000000,0.9692800000,217.0683393859
85,100,0,6,100,100,0,0,5,106,782,100,100,0.0404865964,45.0451398727,16.6666666667,16.3272115714,1.0000000000,0.9704960000,216.7963597995
86,100,0,6,100,100,0,0,5,106,782,100,100,0.0406313014,45.0045085713,16.6666666667,16.3272376645,1.0000000000,0.9704960000,216.7963597995
87,100,0,3,100,100,0,0,5,103,491,100,100,0.0371628909,44.9673456804,33.3333333333,16.5797222840,1.0000000000,0.9668480000,217.6143509631
88,100,0,5,100,100,0,0,5,105,685,100,100,0.0397351109,44.9276105695,20.0000000000,16.4113690311,1.0000000000,0.9692800000,217.0683393859
89,100,0,6,100,100,0,0,5,106,782,100,100,0.0435116333,44.8840989362,16.6666666667,16.3272801807,1.0000000000,0.9704960000,216.7963597995
90,100,0,4,100,100,0,0,5,104,588,100,100,0.0390834992,44.8450154370,25.0000000000,16.4956393880,1.0000000000,0.9680640000,217.3410022478
91,100,0,4,100,100,0,0,5,104,588,100,100,0.0378102963,44.8072051408,25.0000000000,16.4955780603,1.0000000000,0.9680640000,217.3410022478
92,100,0,6,100,100,0,0,5,106,782,100,100,0.0406753125,44.7665298282,16.6666666667,16.3272222778,1.0000000000,0.9704960000,216.7963597995
93,100,0,5,100,100,0,0,5,105,685,100,100,0.0397754116,44.7267544167,20.0000000000,16.4114239558,1.0000000000,0.9692800000,217.0683393859
94,100,0,6,100,100,0,0,5,106,782,100,100,0.0414925041,44.6852619126,16.6666666667,16.3272180845,1.0000000000,0.9704960000,216.7963597995
95,100,0,6,100,100,0,0,5,106,782,100,100,0.0412292827,44.6440326299,16.6666666667,16.3272113959,1.0000000000,0.9704960000,216.7963597995
96,100,0,2,100,100,0,0,5,102,394,100,100,0.0364734689,44.6075591611,50.0000000000,16.6639688694,1.0000000000,0.9656320000,217.8883881230
97,100,0,6,100,100,0,0,5,106,782,100,100,0.0407453324,44.5668138287,16.6666666667,16.3272146859,1.0000000000,0.9704960000,216.7963597995
98,100,0,7,100,100,0,0,5,107,879,100,100,0.0425365725,44.5242772562,14.2857142857,16.2430597131,1.0000000000,0.9717120000,216.5250609234
99,100,0,5,100,100,0,0,5,105,685,100,100,0.0401875679,44.4840896882,20.0000000000,16.4114184661,1.0000000000,0.9692800000,217.0683393859
100,100,0,0,100,100,0,100,5,0,0,100,100,0.0153333457,44.4687563425,0.0000000000,8.4161324089,1.0000000000,0.8416000000,250.0000000000
101,100,0,3,100,100,0,0,6,103,491,100,100,0.0373401329,44.4314162096,33.3333333333,16.5797094571,1.0000000000,0.9668480000,217.6143509631
102,100,0,7,100,100,0,0,6,106,879,100,100,0.0430122713,44.3884039384,14.2857142857,16.2430867686,1.0000000000,0.9704960000,216.7963597995
103,100,0,8,100,100,0,0,6,108,976,100,100,0.0443421660,44.3440617724,12.5000000000,16.1588889068,1.0000000000,0.9729280000,216.2544402052
104,100,0,2,100,100,0,0,6,102,394,100,100,0.0355425079,44.3085192645,50.0000000000,16.6638850966,1.0000000000,0.9656320000,217.8883881230
105,100,0,5,100,100,0,0,6,105,685,100,100,0.0391209197,44.2693983447,20.0000000000,16.4113870137,1.0000000000,0.9692800000,217.0683393859
106,100,0,1,100,100,0,0,6,101,297,100,100,0.0491864846,44.2202118602,100.0000000000,16.7482816917,1.0000000000,0.9644160000,218.1631163315
107,100,0,2,100,100,0,0,6,102,394,100,100,0.0361484723,44.1840633878,50.0000000000,16.6638668600,1.0000000000,0.9656320000,217.8883881230
108,100,0,4,100,100,0,0,6,104,588,100,100,0.0375014746,44.1465619132,25.0000000000,16.4955856865,1.0000000000,0.9680640000,217.3410022478
109,100,0,5,100,100,0,0,6,105,685,100,100,0.0397263124,44.1068356008,20.0000000000,16.4113936825,1.0000000000,0.9692800000,217.0683393859
110,100,0,4,100,100,0,0,6,104,588,100,100,0.0383314008,44.0685042000,25.0000000000,16.4956095028,1.0000000000,0.9680640000,217.3410022478
111,100,0,8,100,100,0,0,6,108,976,100,100,0.0441653081,44.0243388919,12.5000000000,16.1589301797,1.0000000000,0.9729280000,216.2544402052
112,100,0,7,100,100,0,0,6,107,879,100,100,0.0423081036,43.9820307883,14.2857142857,16.2430426892,1.0000000000,0.9717120000,216.5250609234
113,100,0,6,100,100,0,0,6,106,782,100,100,0.0415796033,43.9404511850,16.6666666667,16.3272263147,1.0000000000,0.9704960000,216.7963597995
114,100,0,4,100,100,0,0,6,104,588,100,100,0.0380208075,43.9024303776,25.0000000000,16.4955275034,1.0000000000,0.9680640000,217.3410022478
115,100,0,5,100,100,0,0,6,105,685,100,100,0.0406587634,43.8617716142,20.0000000000,16.4114276316,1.0000000000,0.9692800000,217.0683393859
116,100,0,8,100,100,0,0,6,108,976,100,100,0.0436374867,43.8181341275,12.5000000000,16.1588958192,1.0000000000,0.9729280000,216.2544402052
117,100,0,4,100,100,0,0,6,104,588,100,100,0.0385046664,43.7796294611,25.0000000000,16.4956003077,1.0000000000,0.9680640000,217.3410022478
118,100,0,5,100,100,0,0,6,105,685,100,100,0.0402155485,43.7394139126,20.0000000000,16.4113972310,1.0000000000,0.9692800000,217.0683393859
119,100,0,6,100,100,0,0,6,106,782,100,100,0.0417892658,43.6976246468,16.6666666667,16.3272539686,1.0000000000,0.9704960000,216.7963597995
120,100,0,6,100,100,0,0,6,106,782,100,100,0.0407616527,43.6568629941,16.6666666667,16.3272227851,1.0000000000,0.9704960000,216.7963597995
121,100,0,5,100,100,0,0,7,105,685,100,100,0.0406021553,43.6162608388,20.0000000000,16.4114251053,1.0000000000,0.9692800000,217.0683393859
122,100,0,5,100,100,0,0,7,105,685,100,100,0.0429132882,43.5733475506,20.0000000000,16.4114827903,1.0000000000,0.9692800000,217.0683393859
123,100,0,8,100,100,0,0,7,108,976,100,100,0.0440848924,43.5292626582,12.5000000000,16.1588897857,1.0000000000,0.9729280000,216.2544402052
124,100,0,6,100,100,0,0,7,106,782,100,100,0.0407959279,43.4884667303,16.6666666667,16.3272480124,1.0000000000,0.9704960000,216.7963597995
125,100,0,9,100,100,0,0,7,109,1073,100,100,0.0453934569,43.4430732734,11.1111111111,16.0747347680,1.0000000000,0.9741440000,215.9844951054
126,100,0,3,100,100,0,0,7,103,491,100,100,0.0365553603,43.4065179131,33.3333333333,16.5797119940,1.0000000000,0.9668480000,217.6143509631
127,100,0,3,100,100,0,0,7,103,491,100,100,0.0364289989,43.3700889142,33.3333333333,16.5797114909,1.0000000000,0.9668480000,217.6143509631
128,100,0,6,100,100,0,0,7,106,782,100,100,0.0417320576,43.3283568567,16.6666666667,16.3272659294,1.0000000000,0.9704960000,216.7963597995
129,100,0,5,100,100,0,0,7,105,685,100,100,0.0394286732,43.2889281835,20.0000000000,16.4113690549,1.0000000000,0.9692800000,217.0683393859
130,100,0,3,100,100,0,0,7,103,491,100,100,0.0378846985,43.2510434850,33.3333333333,16.5797488665,1.0000000000,0.9668480000,217.6143509631
131,100,0,4,100,100,0,0,7,104,588,100,100,0.0375824942,43.2134609908,25.0000000000,16.4955415941,1.0000000000,0.9680640000,217.3410022478
132,100,0,8,100,100,0,0,7,108,976,100,100,0.0441303983,43.1693305925,12.5000000000,16.1589064607,1.0000000000,0.9729280000,216.2544402052
133,100,0,3,100,100,0,0,7,103,491,100,100,0.0365285573,43.1328020352,33.3333333333,16.5797135974,1.0000000000,0.9668480000,217.6143509631
134,100,0,4,100,100,0,0,7,104,588,100,100,0.0381880353,43.0946139999,25.0000000000,16.4955534999,1.0000000000,0.9680640000,217.3410022478
135,100,0,6,100,100,0,0,7,106,782,100,100,0.0423370049,43.0522769950,16.6666666667,16.3272658172,1.0000000000,0.9704960000,216.7963597995
136,100,0,3,100,100,0,0,7,103,491,100,100,0.0370916572,43.0151853378,33.3333333333,16.5796985764,1.0000000000,0.9668480000,217.6143509631
137,100,0,4,100,100,0,0,7,104,588,100,100,0.0392866335,42.9758987043,25.0000000000,16.4955993692,1.0000000000,0.9680640000,217.3410022478
138,100,0,6,100,100,0,0,7,106,782,100,100,0.0406804334,42.9352182709,16.6666666667,16.3272471672,1.0000000000,0.9704960000,216.7963597995
139,100,0,2,100,100,0,0,7,102,394,100,100,0.0366222008,42.8985960700,50.0000000000,16.6638770877,1.0000000000,0.9656320000,217.8883881230
140,100,0,7,100,100,0,0,7,107,879,100,100,0.0425703704,42.8560256996,14.2857142857,16.2430697620,1.0000000000,0.9717120000,216.5250609234
141,100,0,3,100,100,0,0,8,103,491,100,100,0.0464213096,42.8096043900,33.3333333333,16.5799036297,1.0000000000,0.9668480000,217.6143509631
142,100,0,5,100,100,0,0,8,105,685,100,100,0.0401758690,42.7694285210,20.0000000000,16.4113876935,1.0000000000,0.9692800000,217.0683393859
143,100,0,3,100,100,0,0,8,103,491,100,100,0.0386477673,42.7307807538,33.3333333333,16.5797426434,1.0000000000,0.9668480000,217.6143509631
144,100,0,7,100,100,0,0,8,107,879,100,100,0.0426375158,42.6881432379,14.2857142857,16.2430950175,1.0000000000,0.9717120000,216.5250609234
145,100,0,3,100,100,0,0,8,103,491,100,100,0.0367591272,42.6513841108,33.3333333333,16.5796887653,1.0000000000,0.9668480000,217.6143509631
146,100,0,6,100,100,0,0,8,106,782,100,100,0.0423783308,42.6090057800,16.6666666667,16.3272639585,1.0000000000,0.9704960000,216.7963597995
147,100,0,7,100,100,0,0,8,107,879,100,100,0.0425917611,42.5664140189,14.2857142857,16.2430542682,1.0000000000,0.9717120000,216.5250609234
148,100,0,1,100,100,0,0,8,101,297,100,100,0.0491864846,42.5172275344,100.0000000000,16.7482816917,1.0000000000,0.9644160000,218.1631163315
149,100,0,4,100,100,0,0,8,104,588,100,100,0.0383172898,42.4789102446,25.0000000000,16.4955517232,1.0000000000,0.9680640000,217.3410022478
150,100,0,6,100,100,0,0,8,106,782,100,100,0.0412543151,42.4376559295,16.6666666667,16.3272464655,1.0000000000,0.9704960000,216.7963597995
151,100,0,6,100,100,0,0,8,106,782,100,100,0.0412174263,42.3964385032,16.6666666667,16.3272593108,1.0000000000,0.9704960000,216.7963597995
152,100,0,5,100,100,0,0,8,105,685,100,100,0.0394316171,42.3570068862,20.0000000000,16.4113850065,1.0000000000,0.9692800000,217.0683393859
153,100,0,5,100,100,0,0,8,105,685,100,100,0.0390071042,42.3179997820,20.0000000000,16.4114061159,1.0000000000,0.9692800000,217.0683393859
154,100,0,1,100,100,0,0,8,101,297,100,100,0.0390372939,42.2789624881,100.0000000000,16.7481533667,1.0000000000,0.9644160000,218.1631163315
155,100,0,3,100,100,0,0,8,103,491,100,100,0.0391669736,42.2397955145,33.3333333333,16.5797613084,1.0000000000,0.9668480000,217.6143509631
156,100,0,5,100,100,0,0,8,105,685,100,100,0.0398733622,42.1999221523,20.0000000000,16.4114046348,1.0000000000,0.9692800000,217.0683393859
157,100,0,13,100,100,0,0,8,112,1461,100,100,0.0523018630,42.1476202892,7.6923076923,15.7380843353,1.0000000000,0.9777920000,215.1786883100
158,100,0,7,100,100,0,0,8,107,879,100,100,0.0427116439,42.1049086454,14.2857142857,16.2430803584,1.0000000000,0.9717120000,216.5250609234
159,100,0,7,100,100,0,0,8,107,879,100,100,0.0426069228,42.0623017226,14.2857142857,16.2430668057,1.0000000000,0.9717120000,216.5250609234
160,100,0,3,100,100,0,0,8,103,491,100,100,0.0367791827,42.0255225398,33.3333333333,16.5796833793,1.0000000000,0.9668480000,217.6143509631
161,100,0,6,100,100,0,0,9,106,782,100,100,0.0419060005,41.9836165394,16.6666666667,16.3272423488,1.0000000000,0.9704960000,216.7963597995
162,100,0,5,100,100,0,0,9,105,685,100,100,0.0395511439,41.9440653954,20.0000000000,16.4113796926,1.0000000000,0.9692800000,217.0683393859
163,100,0,4,100,100,0,0,9,104,588,100,100,0.0380572860,41.9060081095,25.0000000000,16.4955431965,1.0000000000,0.9680640000,217.3410022478
164,100,0,2,100,100,0,0,9,102,394,100,100,0.0386798525,41.8673282570,50.0000000000,16.6639380707,1.0000000000,0.9656320000,217.8883881230
165,100,0,6,100,100,0,0,9,106,782,100,100,0.0412701392,41.8260581178,16.6666666667,16.3272220139,1.0000000000,0.9704960000,216.7963597995
166,100,0,6,100,100,0,0,9,106,782,100,100,0.0406457038,41.7854124141,16.6666666667,16.3272282121,1.0000000000,0.9704960000,216.7963597995
167,100,0,3,100,100,0,0,9,103,491,100,100,0.0369238434,41.7484885707,33.3333333333,16.5797270268,1.0000000000,0.9668480000,217.6143509631
168,100,0,5,100,100,0,0,9,105,685,100,100,0.0400989031,41.7083896676,20.0000000000,16.4113967387,1.0000000000,0.9692800000,217.0683393859
169,100,0,6,100,100,0,0,9,106,782,100,100,0.0408669090,41.6675227586,16.6666666667,16.3272289541,1.0000000000,0.9704960000,216.7963597995
170,100,0,2,100,100,0,0,9,102,394,100,100,0.0391590653,41.6283636933,50.0000000000,16.6639916301,1.0000000000,0.9656320000,217.8883881230
171,100,0,5,100,100,0,0,9,105,685,100,100,0.0393396687,41.5890240246,20.0000000000,16.4114395737,1.0000000000,0.9692800000,217.0683393859
172,100,0,4,100,100,0,0,9,104,588,100,100,0.0391751675,41.5498488571,25.0000000000,16.4956210168,1.0000000000,0.9680640000,217.3410022478
173,100,0,4,100,100,0,0,9,104,588,100,100,0.0380388527,41.5118100044,25.0000000000,16.4955819062,1.0000000000,0.9680640000,217.3410022478
174,100,0,4,100,100,0,0,9,104,588,100,100,0.0381819219,41.4736280826,25.0000000000,16.4955599045,1.0000000000,0.9680640000,217.3410022478
175,100,0,10,100,100,0,0,9,109,1170,100,100,0.0477704501,41.4258576325,10.0000000000,15.9905841602,1.0000000000,0.9741440000,215.9844951054
176,100,0,8,100,100,0,0,9,108,976,100,100,0.0449206298,41.3809370026,12.5000000000,16.1588851515,1.0000000000,0.9729280000,216.2544402052
177,100,0,4,100,100,0,0,9,104,588,100,100,0.0374050093,41.3435319933,25.0000000000,16.4955571595,1.0000000000,0.9680640000,217.3410022478
178,100,0,8,100,100,0,0,9,108,976,100,100,0.0441402186,41.2993917747,12.5000000000,16.1589206149,1.0000000000,0.9729280000,216.2544402052
179,100,0,5,100,100,0,0,9,105,685,100,100,0.0392879480,41.2601038267,20.0000000000,16.4113900683,1.0000000000,0.9692800000,217.0683393859
180,100,0,3,100,100,0,0,9,103,491,100,100,0.0368694708,41.2232343559,33.3333333333,16.5796861003,1.0000000000,0.9668480000,217.6143509631
181,100,0,6,100,100,0,0,10,106,782,100,100,0.0410364377,41.1821979181,16.6666666667,16.3272324078,1.0000000000,0.9704960000,216.7963597995
182,100,0,8,100,100,0,0,10,108,976,100,100,0.0437496903,41.1384482279,12.5000000000,16.1589010701,1.0000000000,0.9729280000,216.2544402052
183,100,0,1,100,100,0,0,10,101,297,100,100,0.0363391154,41.1021091125,100.0000000000,16.7480639530,1.0000000000,0.9644160000,218.1631163315
184,100,0,6,100,100,0,0,10,106,782,100,100,0.0408117501,41.0612973623,16.6666666667,16.3272490682,1.0000000000,0.9704960000,216.7963597995
185,100,0,4,100,100,0,0,10,104,588,100,100,0.0379684983,41.0233288640,25.0000000000,16.4955398773,1.0000000000,0.9680640000,217.3410022478
186,100,0,3,100,100,0,0,10,103,491,100,100,0.0375214392,40.9858074248,33.3333333333,16.5796773445,1.0000000000,0.9668480000,217.6143509631
187,100,0,6,100,100,0,0,10,106,782,100,100,0.0435984529,40.9422089719,16.6666666667,16.3272697506,1.0000000000,0.9704960000,216.7963597995
188,100,0,8,100,100,0,0,10,108,976,100,100,0.0440389218,40.8981700501,12.5000000000,16.1589079212,1.0000000000,0.9729280000,216.2544402052
189,100,0,4,100,100,0,0,10,104,588,100,100,0.0390522321,40.8591178180,25.0000000000,16.4955283371,1.0000000000,0.9680640000,217.3410022478
190,100,0,6,100,100,0,0,10,106,782,100,100,0.0412974426,40.8178203753,16.6666666667,16.3272585986,1.0000000000,0.9704960000,216.7963597995
191,100,0,7,100,100,0,0,10,107,879,100,100,0.0430290410,40.7747913343,14.2857142857,16.2431068166,1.0000000000,0.9717120000,216.5250609234
192,100,0,4,100,100,0,0,10,104,588,100,100,0.0383408962,40.7364504381,25.0000000000,16.4955444402,1.0000000000,0.9680640000,217.3410022478
193,100,0,7,100,100,0,0,10,107,879,100,100,0.0424393507,40.6940110874,14.2857142857,16.2430411818,1.0000000000,0.9717120000,216.5250609234
194,100,0,5,100,100,0,0,10,105,685,100,100,0.0398544454,40.6541566420,20.0000000000,16.4114039242,1.0000000000,0.9692800000,217.0683393859
195,100,0,6,100,100,0,0,10,106,782,100,100,0.0410749336,40.6130817084,16.6666666667,16.3272184140,1.0000000000,0.9704960000,216.7963597995
196,100,0,5,100,100,0,0,10,105,685,100,100,0.0401442685,40.5729374399,20.0000000000,16.4113922293,1.0000000000,0.9692800000,217.0683393859
197,100,0,4,100,100,0,0,10,104,588,100,100,0.0387760668,40.5341613731,25.0000000000,16.4955400001,1.0000000000,0.9680640000,217.3410022478
198,100,0,4,100,100,0,0,10,104,588,100,100,0.0393279201,40.4948334530,25.0000000000,16.4955820836,1.0000000000,0.9680640000,217.3410022478
199,100,0,2,100,100,0,0,10,102,394,100,100,0.0368524682,40.4579809848,50.0000000000,16.6639447148,1.0000000000,0.9656320000,217.8883881230
200,100,0,4,100,100,0,0,10,104,588,100,100,0.0393753268,40.4186056580,25.0000000000,16.4955706446,1.0000000000,0.9680640000,217.3410022478
201,100,0,8,100,100,0,0,11,108,976,100,100,0.0440763866,40.3745292714,12.5000000000,16.1589035178,1.0000000000,0.9729280000,216.2544402052
202,100,0,1,100,100,0,0,11,101,297,100,100,0.0450650136,40.3294642578,100.0000000000,16.7482409956,1.0000000000,0.9644160000,218.1631163315
203,100,0,3,100,100,0,0,11,103,491,100,100,0.0369271254,40.2925371324,33.3333333333,16.5797060689,1.0000000000,0.9668480000,217.6143509631
204,100,0,4,100,100,0,0,11,104,588,100,100,0.0379016297,40.2546355027,25.0000000000,16.4955520530,1.0000000000,0.9680640000,217.3410022478
205,100,0,7,100,100,0,0,11,107,879,100,100,0.0420787136,40.2125567891,14.2857142857,16.2430530592,1.0000000000,0.9717120000,216.5250609234
206,100,0,10,100,100,0,0,11,110,1170,100,100,0.0470698413,40.1654869478,10.0000000000,15.9905751564,1.0000000000,0.9753600000,215.7152230971
207,100,0,6,100,100,0,0,11,106,782,100,100,0.0404367591,40.1250501887,16.6666666667,16.3272178152,1.0000000000,0.9704960000,216.7963597995
208,100,0,10,100,100,0,0,11,110,1170,100,100,0.0472345717,40.0778156170,10.0000000000,15.9905682043,1.0000000000,0.9753600000,215.7152230971
209,100,0,3,100,100,0,0,11,103,491,100,100,0.0390338626,40.0387817544,33.3333333333,16.5797983402,1.0000000000,0.9668480000,217.6143509631
210,100,0,1,100,100,0,0,11,101,297,100,100,0.0368338167,40.0019479377,100.0000000000,16.7480671728,1.0000000000,0.9644160000,218.1631163315
211,100,0,8,100,100,0,0,11,108,976,100,100,0.0439322930,39.9580156447,12.5000000000,16.1588925261,1.0000000000,0.9729280000,216.2544402052
212,100,0,4,100,100,0,0,11,104,588,100,100,0.0382037393,39.9198119054,25.0000000000,16.4955400653,1.0000000000,0.9680640000,217.3410022478
213,100,0,3,100,100,0,0,11,103,491,100,100,0.0370879452,39.8827239602,33.3333333333,16.5797001856,1.0000000000,0.9668480000,217.6143509631
214,100,0,4,100,100,0,0,11,104,588,100,100,0.0382227782,39.8445011819,25.0000000000,16.4955911775,1.0000000000,0.9680640000,217.3410022478
215,100,0,4,100,100,0,0,11,104,588,100,100,0.0392415687,39.8052596133,25.0000000000,16.4956244728,1.0000000000,0.9680640000,217.3410022478
216,100,0,7,100,100,0,0,11,107,879,100,100,0.0420546182,39.7632049951,14.2857142857,16.2430613952,1.0000000000,0.9717120000,216.5250609234
217,100,0,4,100,100,0,0,11,104,588,100,100,0.0377511774,39.7254538177,25.0000000000,16.4955610994,1.0000000000,0.9680640000,217.3410022478
218,100,0,6,100,100,0,0,11,106,782,100,100,0.0413710257,39.6840827920,16.6666666667,16.3272826367,1.0000000000,0.9704960000,216.7963597995
219,100,0,4,100,100,0,0,11,104,588,100,100,0.0376881892,39.6463946028,25.0000000000,16.4955245080,1.0000000000,0.9680640000,217.3410022478
220,100,0,3,100,100,0,0,11,103,491,100,100,0.0368150674,39.6095795354,33.3333333333,16.5797621629,1.0000000000,0.9668480000,217.6143509631
221,100,0,6,100,100,0,0,12,106,782,100,100,0.0405259444,39.5690535910,16.6666666667,16.3272251183,1.0000000000,0.9704960000,216.7963597995
222,100,0,6,100,100,0,0,12,106,782,100,100,0.0413701561,39.5276834348,16.6666666667,16.3272690943,1.0000000000,0.9704960000,216.7963597995
223,100,0,2,100,100,0,0,12,102,394,100,100,0.0358075287,39.4918759061,50.0000000000,16.6638969328,1.0000000000,0.9656320000,217.8883881230
224,100,0,4,100,100,0,0,12,104,588,100,100,0.0381774335,39.4536984727,25.0000000000,16.4956112366,1.0000000000,0.9680640000,217.3410022478
225,100,0,2,100,100,0,0,12,102,394,100,100,0.0361757771,39.4175226955,50.0000000000,16.6638883183,1.0000000000,0.9656320000,217.8883881230
226,100,0,11,100,100,0,0,12,111,1267,100,100,0.0488661719,39.3686565237,9.0909090909,15.9064142210,1.0000000000,0.9765760000,215.4466216659
227,100,0,5,100,100,0,0,12,105,685,100,100,0.0401183635,39.3285381601,20.0000000000,16.4113882907,1.0000000000,0.9692800000,217.0683393859
228,100,0,6,100,100,0,0,12,106,782,100,100,0.0410510087,39.2874871514,16.6666666667,16.3272283570,1.0000000000,0.9704960000,216.7963597995
229,100,0,4,100,100,0,0,12,104,588,100,100,0.0383697469,39.2491174045,25.0000000000,16.4955511059,1.0000000000,0.9680640000,217.3410022478
230,100,0,7,100,100,0,0,12,107,879,100,100,0.0424041537,39.2067132508,14.2857142857,16.2430467186,1.0000000000,0.9717120000,216.5250609234
231,100,0,1,100,100,0,0,12,101,297,100,100,0.0382071184,39.1685061324,100.0000000000,16.7481164748,1.0000000000,0.9644160000,218.1631163315
232,100,0,6,100,100,0,0,12,106,782,100,100,0.0415070882,39.1269990441,16.6666666667,16.3272167082,1.0000000000,0.9704960000,216.7963597995
233,100,0,4,100,100,0,0,12,104,588,100,100,0.0397304796,39.0872685645,25.0000000000,16.4956390061,1.0000000000,0.9680640000,217.3410022478
234,100,0,1,100,100,0,0,12,101,297,100,100,0.0422579151,39.0450106494,100.0000000000,16.7482087212,1.0000000000,0.9644160000,218.1631163315
235,100,0,5,100,100,0,0,12,105,685,100,100,0.0399601291,39.0050505203,20.0000000000,16.4113863606,1.0000000000,0.9692800000,217.0683393859
236,100,0,4,100,100,0,0,12,104,588,100,100,0.0385601608,38.9664903594,25.0000000000,16.4955466892,1.0000000000,0.9680640000,217.3410022478
237,100,0,13,100,100,0,0,12,113,1461,100,100,0.0519020984,38.9145882610,7.6923076923,15.7380815090,1.0000000000,0.9790080000,214.9114205400
238,100,0,4,100,100,0,0,12,104,588,100,100,0.0380626419,38.8765256192,25.0000000000,16.4955281918,1.0000000000,0.9680640000,217.3410022478
239,100,0,5,100,100,0,0,12,105,685,100,100,0.0400665133,38.8364591059,20.0000000000,16.4113924068,1.0000000000,0.9692800000,217.0683393859
240,100,0,4,100,100,0,0,12,103,588,100,100,0.0404996316,38.7959594742,25.0000000000,16.4956332161,1.0000000000,0.9668480000,217.6143509631
241,100,0,4,100,100,0,0,13,104,588,100,100,0.0381190602,38.7578404141,25.0000000000,16.4955839733,1.0000000000,0.9680640000,217.3410022478
242,100,0,3,100,100,0,0,13,103,491,100,100,0.0367755356,38.7210648784,33.3333333333,16.5797235809,1.0000000000,0.9668480000,217.6143509631
243,100,0,3,100,100,0,0,13,103,491,100,100,0.0385419053,38.6825229731,33.3333333333,16.5797918831,1.0000000000,0.9668480000,217.6143509631
244,100,0,9,100,100,0,0,13,109,1073,100,100,0.0452906606,38.6372323125,11.1111111111,16.0747278087,1.0000000000,0.9741440000,215.9844951054
245,100,0,5,100,100,0,0,13,105,685,100,100,0.0387944148,38.5984378977,20.0000000000,16.4113693606,1.0000000000,0.9692800000,217.0683393859
246,100,0,4,100,100,0,0,13,104,588,100,100,0.0376442951,38.5607936026,25.0000000000,16.4955326469,1.0000000000,0.9680640000,217.3410022478
247,100,0,7,100,100,0,0,13,107,879,100,100,0.0424118805,38.5183817221,14.2857142857,16.2430465957,1.0000000000,0.9717120000,216.5250609234
248,100,0,5,100,100,0,0,13,104,685,100,100,0.0402636511,38.4781180709,20.0000000000,16.4114156948,1.0000000000,0.9680640000,217.3410022478
249,100,0,6,100,100,0,0,13,106,782,100,100,0.0405089909,38.4376090801,16.6666666667,16.3272225229,1.0000000000,0.9704960000,216.7963597995
250,100,0,7,100,100,0,0,13,107,879,100,100,0.0427108148,38.3948982652,14.2857142857,16.2431139731,1.0000000000,0.9717120000,216.5250609234
251,100,0,2,100,100,0,0,13,102,394,100,100,0.0433898368,38.3515084285,50.0000000000,16.6640402297,1.0000000000,0.9656320000,217.8883881230
252,100,0,5,100,100,0,0,13,105,685,100,100,0.0394203445,38.3120880840,20.0000000000,16.4114206234,1.0000000000,0.9692800000,217.0683393859
253,100,0,4,100,100,0,0,13,104,588,100,100,0.0373942552,38.2746938288,25.0000000000,16.4955471922,1.0000000000,0.9680640000,217.3410022478
254,100,0,3,100,100,0,0,13,103,491,100,100,0.0381441036,38.2365497253,33.3333333333,16.5797512349,1.0000000000,0.9668480000,217.6143509631
255,100,0,4,100,100,0,0,13,104,588,100,100,0.0385945000,38.1979552253,25.0000000000,16.4955899682,1.0000000000,0.9680640000,217.3410022478
256,100,0,6,100,100,0,0,13,106,782,100,100,0.0406435113,38.1573117140,16.6666666667,16.3272253719,1.0000000000,0.9704960000,216.7963597995
257,100,0,8,100,100,0,0,13,108,976,100,100,0.0438527102,38.1134590038,12.5000000000,16.1589070849,1.0000000000,0.9729280000,216.2544402052
258,100,0,6,100,100,0,0,13,106,782,100,100,0.0411019030,38.0723571008,16.6666666667,16.3272060843,1.0000000000,0.9704960000,216.7963597995
259,100,0,4,100,100,0,0,13,104,588,100,100,0.0410411645,38.0313159363,25.0000000000,16.4956230368,1.0000000000,0.9680640000,217.3410022478
260,100,0,5,100,100,0,0,13,105,685,100,100,0.0399735770,37.9913423594,20.0000000000,16.4113918119,1.0000000000,0.9692800000,217.0683393859
261,100,0,6,100,100,0,0,14,106,782,100,100,0.0415020056,37.9498403538,16.6666666667,16.3272611902,1.0000000000,0.9704960000,216.7963597995
262,100,0,5,100,100,0,0,14,105,685,100,100,0.0389517181,37.9108886357,20.0000000000,16.4113893292,1.0000000000,0.9692800000,217.0683393859
263,100,0,7,100,100,0,0,14,107,879,100,100,0.0437351061,37.8671535296,14.2857142857,16.2430947578,1.0000000000,0.9717120000,216.5250609234
264,100,0,4,100,100,0,0,14,104,588,100,100,0.0383963106,37.8287572190,25.0000000000,16.4955767557,1.0000000000,0.9680640000,217.3410022478
265,100,0,8,100,100,0,0,14,108,976,100,100,0.0438410746,37.7849161444,12.5000000000,16.1588874686,1.0000000000,0.9729280000,216.2544402052
266,100,0,6,100,100,0,0,14,106,782,100,100,0.0426622165,37.7422539279,16.6666666667,16.3272345366,1.0000000000,0.9704960000,216.7963597995
267,100,0,5,100,100,0,0,14,105,685,100,100,0.0393294207,37.7029245072,20.0000000000,16.4114095213,1.0000000000,0.9692800000,217.0683393859
268,100,0,5,100,100,0,0,14,105,685,100,100,0.0400814043,37.6628431029,20.0000000000,16.4113872985,1.0000000000,0.9692800000,217.0683393859
269,100,0,4,100,100,0,0,14,104,588,100,100,0.0394345141,37.6234085888,25.0000000000,16.4956201572,1.0000000000,0.9680640000,217.3410022478
270,100,0,3,100,100,0,0,14,103,491,100,100,0.0372931340,37.5861154548,33.3333333333,16.5797361247,1.0000000000,0.9668480000,217.6143509631
271,100,0,4,100,100,0,0,14,104,588,100,100,0.0382495407,37.5478659141,25.0000000000,16.4955318932,1.0000000000,0.9680640000,217.3410022478
272,100,0,6,100,100,0,0,14,106,782,100,100,0.0411944727,37.5066714414,16.6666666667,16.3272355747,1.0000000000,0.9704960000,216.7963597995
273,100,0,3,100,100,0,0,14,103,491,100,100,0.0370850235,37.4695864178,33.3333333333,16.5797713205,1.0000000000,0.9668480000,217.6143509631
274,100,0,5,100,100,0,0,14,105,685,100,100,0.0390566632,37.4305297546,20.0000000000,16.4113796598,1.0000000000,0.9692800000,217.0683393859
275,100,0,5,100,100,0,0,14,105,685,100,100,0.0404501778,37.3900795768,20.0000000000,16.4114597094,1.0000000000,0.9692800000,217.0683393859
276,100,0,2,100,100,0,0,14,102,394,100,100,0.0362284605,37.3538511162,50.0000000000,16.6638756634,1.0000000000,0.9656320000,217.8883881230
277,100,0,8,100,100,0,0,14,107,976,100,100,0.0448155737,37.3090355425,12.5000000000,16.1588870854,1.0000000000,0.9717120000,216.5250609234
278,100,0,6,100,100,0,0,14,106,782,100,100,0.0422810325,37.2667545100,16.6666666667,16.3272504010,1.0000000000,0.9704960000,216.7963597995
279,100,0,7,100,100,0,0,14,107,879,100,100,0.0426059937,37.2241485163,14.2857142857,16.2430454636,1.0000000000,0.9717120000,216.5250609234
280,100,0,1,100,100,0,0,14,101,297,100,100,0.0446641702,37.1794843460,100.0000000000,16.7482478594,1.0000000000,0.9644160000,218.1631163315
281,100,0,8,100,100,0,0,15,108,976,100,100,0.0437797238,37.1357046223,12.5000000000,16.1588843304,1.0000000000,0.9729280000,216.2544402052
282,100,0,10,100,100,0,0,15,110,1170,100,100,0.0472768133,37.0884278089,10.0000000000,15.9905621874,1.0000000000,0.9753600000,215.7152230971
283,100,0,3,100,100,0,0,15,103,491,100,100,0.0374318436,37.0509959654,33.3333333333,16.5797330925,1.0000000000,0.9668480000,217.6143509631
284,100,0,1,100,100,0,0,15,101,297,100,100,0.0366092460,37.0143867194,100.0000000000,16.7480608230,1.0000000000,0.9644160000,218.1631163315
285,100,0,6,100,100,0,0,15,106,782,100,100,0.0408670672,36.9735196521,16.6666666667,16.3272473122,1.0000000000,0.9704960000,216.7963597995
286,100,0,2,100,100,0,0,15,102,394,100,100,0.0361560332,36.9373636189,50.0000000000,16.6638836369,1.0000000000,0.9656320000,217.8883881230
287,100,0,4,100,100,0,0,15,104,588,100,100,0.0391353241,36.8982282948,25.0000000000,16.4955916007,1.0000000000,0.9680640000,217.3410022478
288,100,0,9,100,100,0,0,15,109,1073,100,100,0.0456934694,36.8525348254,11.1111111111,16.0747229487,1.0000000000,0.9741440000,215.9844951054
289,100,0,7,100,100,0,0,15,107,879,100,100,0.0428988180,36.8096360073,14.2857142857,16.2430643334,1.0000000000,0.9717120000,216.5250609234
290,100,0,6,100,100,0,0,15,106,782,100,100,0.0411923807,36.7684436266,16.6666666667,16.3272133923,1.0000000000,0.9704960000,216.7963597995
291,100,0,4,100,100,0,0,15,104,588,100,100,0.0418562736,36.7265873530,25.0000000000,16.4956252846,1.0000000000,0.9680640000,217.3410022478
292,100,0,7,100,100,0,0,15,107,879,100,100,0.0422571871,36.6843301659,14.2857142857,16.2430773496,1.0000000000,0.9717120000,216.5250609234
293,100,0,3,100,100,0,0,15,103,491,100,100,0.0385597775,36.6457703884,33.3333333333,16.5797667713,1.0000000000,0.9668480000,217.6143509631
294,100,0,3,100,100,0,0,15,103,491,100,100,0.0372378549,36.6085325335,33.3333333333,16.5796884938,1.0000000000,0.9668480000,217.6143509631
295,100,0,2,100,100,0,0,15,102,394,100,100,0.0389616739,36.5695708596,50.0000000000,16.6639853301,1.0000000000,0.9656320000,217.8883881230
296,100,0,5,100,100,0,0,15,105,685,100,100,0.0414241237,36.5281467359,20.0000000000,16.4114342884,1.0000000000,0.9692800000,217.0683393859
297,100,0,5,100,100,0,0,15,105,685,100,100,0.0423549184,36.4857918176,20.0000000000,16.4114506212,1.0000000000,0.9692800000,217.0683393859
298,100,0,2,100,100,0,0,15,102,394,100,100,0.0370072948,36.4487845227,50.0000000000,16.6639360891,1.0000000000,0.9656320000,217.8883881230
299,100,0,5,100,100,0,0,15,105,685,100,100,0.0396511975,36.4091333252,20.0000000000,16.4113942357,1.0000000000,0.9692800000,217.0683393859
300,100,0,8,100,100,0,0,15,108,976,100,100,0.0442542411,36.3648790841,12.5000000000,16.1588923510,1.0000000000,0.9729280000,216.2544402052
301,100,0,7,100,100,0,0,16,107,879,100,100,0.0420225919,36.3228564922,14.2857142857,16.2430598622,1.0000000000,0.9717120000,216.5250609234
302,100,0,5,100,100,0,0,16,105,685,100,100,0.0409829786,36.2818735135,20.0000000000,16.4113974448,1.0000000000,0.9692800000,217.0683393859
303,100,0,9,100,100,0,0,16,109,1073,100,100,0.0455962096,36.2362773040,11.1111111111,16.0747392381,1.0000000000,0.9741440000,215.9844951054
304,100,0,9,100,100,0,0,16,109,1073,100,100,0.0458264112,36.1904508927,11.1111111111,16.0747446407,1.0000000000,0.9741440000,215.9844951054
305,100,0,5,100,100,0,0,16,105,685,100,100,0.0401445677,36.1503063250,20.0000000000,16.4114125729,1.0000000000,0.9692800000,217.0683393859
306,100,0,3,100,100,0,0,16,103,491,100,100,0.0401687267,36.1101375983,33.3333333333,16.5797986819,1.0000000000,0.9668480000,217.6143509631
307,100,0,3,100,100,0,0,16,103,491,100,100,0.0372563116,36.0728812867,33.3333333333,16.5797108367,1.0000000000,0.9668480000,217.6143509631
308,100,0,5,100,100,0,0,16,105,685,100,100,0.0389669688,36.0339143179,20.0000000000,16.4114111144,1.0000000000,0.9692800000,217.0683393859
309,100,0,5,100,100,0,0,16,105,685,100,100,0.0401483547,35.9937659632,20.0000000000,16.4114133733,1.0000000000,0.9692800000,217.0683393859
310,100,0,5,100,100,0,0,16,105,685,100,100,0.0393549496,35.9544110136,20.0000000000,16.4113874260,1.0000000000,0.9692800000,217.0683393859
311,100,0,4,100,100,0,0,16,104,588,100,100,0.0380786691,35.9163323445,25.0000000000,16.4955309079,1.0000000000,0.9680640000,217.3410022478
312,100,0,6,100,100,0,0,16,106,782,100,100,0.0410121969,35.8753201476,16.6666666667,16.3271955346,1.0000000000,0.9704960000,216.7963597995
313,100,0,5,100,100,0,0,16,105,685,100,100,0.0394326650,35.8358874826,20.0000000000,16.4114094782,1.0000000000,0.9692800000,217.0683393859
314,100,0,7,100,100,0,0,16,107,879,100,100,0.0423502340,35.7935372486,14.2857142857,16.2430506360,1.0000000000,0.9717120000,216.5250609234
315,100,0,5,100,100,0,0,16,105,685,100,100,0.0400147470,35.7535225016,20.0000000000,16.4114049267,1.0000000000,0.9692800000,217.0683393859
316,100,0,2,100,100,0,0,16,102,394,100,100,0.0363419991,35.7171805025,50.0000000000,16.6638701410,1.0000000000,0.9656320000,217.8883881230
317,100,0,5,100,100,0,0,16,105,685,100,100,0.0399492499,35.6772312526,20.0000000000,16.4114207425,1.0000000000,0.9692800000,217.0683393859
318,100,0,4,100,100,0,0,16,104,588,100,100,0.0373688838,35.6398623687,25.0000000000,16.4955629703,1.0000000000,0.9680640000,217.3410022478
319,100,0,2,100,100,0,0,16,102,394,100,100,0.0367611182,35.6031012506,50.0000000000,16.6639043417,1.0000000000,0.9656320000,217.8883881230
320,100,0,4,100,100,0,0,16,104,588,100,100,0.0375729865,35.5655282641,25.0000000000,16.4955790241,1.0000000000,0.9680640000,217.3410022478
321,100,0,3,100,100,0,0,17,103,491,100,100,0.0387027240,35.5268255401,33.3333333333,16.5797888916,1.0000000000,0.9668480000,217.6143509631
322,100,0,10,100,100,0,0,17,110,1170,100,100,0.0469997573,35.4798257828,10.0000000000,15.9905544395,1.0000000000,0.9753600000,215.7152230971
323,100,0,6,100,100,0,0,17,106,782,100,100,0.0407701063,35.4390556765,16.6666666667,16.3271982416,1.0000000000,0.9704960000,216.7963597995
324,100,0,8,100,100,0,0,17,108,976,100,100,0.0437235131,35.3953321634,12.5000000000,16.1588883707,1.0000000000,0.9729280000,216.2544402052
325,100,0,4,100,100,0,0,17,104,588,100,100,0.0396646124,35.3556675510,25.0000000000,16.4955715100,1.0000000000,0.9680640000,217.3410022478
326,100,0,4,100,100,0,0,17,104,588,100,100,0.0401891222,35.3154784288,25.0000000000,16.4955874259,1.0000000000,0.9680640000,217.3410022478
327,100,0,7,100,100,0,0,17,107,879,100,100,0.0434830159,35.2719954129,14.2857142857,16.2431124527,1.0000000000,0.9717120000,216.5250609234
328,100,0,2,100,100,0,0,17,102,394,100,100,0.0377112983,35.2342841146,50.0000000000,16.6638941710,1.0000000000,0.9656320000,217.8883881230
329,100,0,8,100,100,0,0,17,108,976,100,100,0.0446354492,35.1896486654,12.5000000000,16.1589019993,1.0000000000,0.9729280000,216.2544402052
330,100,0,8,100,100,0,0,17,108,976,100,100,0.0440673522,35.1455813132,12.5000000000,16.1588913572,1.0000000000,0.9729280000,216.2544402052
331,100,0,5,100,100,0,0,17,105,685,100,100,0.0390257480,35.1065555652,20.0000000000,16.4113847676,1.0000000000,0.9692800000,217.0683393859
332,100,0,2,100,100,0,0,17,102,394,100,100,0.0370846561,35.0694709091,50.0000000000,16.6639025410,1.0000000000,0.9656320000,217.8883881230
333,100,0,2,100,100,0,0,17,102,394,100,100,0.0357137554,35.0337571537,50.0000000000,16.6638990376,1.0000000000,0.9656320000,217.8883881230
334,100,0,4,100,100,0,0,17,103,588,100,100,0.0389702917,34.9947868620,25.0000000000,16.4955907358,1.0000000000,0.9668480000,217.6143509631
335,100,0,4,100,100,0,0,17,104,588,100,100,0.0384770304,34.9563098316,25.0000000000,16.4955478528,1.0000000000,0.9680640000,217.3410022478
336,100,0,5,100,100,0,0,17,105,685,100,100,0.0392055756,34.9171042559,20.0000000000,16.4114263055,1.0000000000,0.9692800000,217.0683393859
337,100,0,4,100,100,0,0,17,104,588,100,100,0.0409507378,34.8761535181,25.0000000000,16.4956085711,1.0000000000,0.9680640000,217.3410022478
338,100,0,5,100,100,0,0,17,105,685,100,100,0.0400214567,34.8361320615,20.0000000000,16.4114387178,1.0000000000,0.9692800000,217.0683393859
339,100,0,5,100,100,0,0,17,105,685,100,100,0.0397714856,34.7963605759,20.0000000000,16.4114271521,1.0000000000,0.9692800000,217.0683393859
340,100,0,4,100,100,0,0,17,104,588,100,100,0.0385177419,34.7578428339,25.0000000000,16.4955812980,1.0000000000,0.9680640000,217.3410022478
341,100,0,4,100,100,0,0,18,104,588,100,100,0.0385387718,34.7193040622,25.0000000000,16.4955713840,1.0000000000,0.9680640000,217.3410022478
342,100,0,8,100,100,0,0,18,108,976,100,100,0.0443493756,34.6749546866,12.5000000000,16.1589233256,1.0000000000,0.9729280000,216.2544402052
343,100,0,2,100,100,0,0,18,102,394,100,100,0.0373506802,34.6376040064,50.0000000000,16.6639872088,1.0000000000,0.9656320000,217.8883881230
344,100,0,5,100,100,0,0,18,105,685,100,100,0.0397133736,34.5978906328,20.0000000000,16.4113905776,1.0000000000,0.9692800000,217.0683393859
345,100,0,3,100,100,0,0,18,103,491,100,100,0.0373170048,34.5605736281,33.3333333333,16.5797494829,1.0000000000,0.9668480000,217.6143509631
346,100,0,4,100,100,0,0,18,104,588,100,100,0.0396121448,34.5209614832,25.0000000000,16.4955450457,1.0000000000,0.9680640000,217.3410022478
347,100,0,7,100,100,0,0,18,107,879,100,100,0.0422870514,34.4786744318,14.2857142857,16.2430720031,1.0000000000,0.9717120000,216.5250609234
348,100,0,4,100,100,0,0,18,104,588,100,100,0.0382123051,34.4404621267,25.0000000000,16.4955869902,1.0000000000,0.9680640000,217.3410022478
349,100,0,7,100,100,0,0,18,107,879,100,100,0.0434895412,34.3969725855,14.2857142857,16.2430982032,1.0000000000,0.9717120000,216.5250609234
350,100,0,11,100,100,0,0,18,111,1267,100,100,0.0486563861,34.3483161994,9.0909090909,15.9064124464,1.0000000000,0.9765760000,215.4466216659
351,100,0,5,100,100,0,0,18,105,685,100,100,0.0403070870,34.3080091124,20.0000000000,16.4113721855,1.0000000000,0.9692800000,217.0683393859
352,100,0,8,100,100,0,0,18,108,976,100,100,0.0437146355,34.2642944769,12.5000000000,16.1588940794,1.0000000000,0.9729280000,216.2544402052
353,100,0,2,100,100,0,0,18,102,394,100,100,0.0357767074,34.2285177695,50.0000000000,16.6638900132,1.0000000000,0.9656320000,217.8883881230
354,100,0,5,100,100,0,0,18,105,685,100,100,0.0400975346,34.1884202349,20.0000000000,16.4113932321,1.0000000000,0.9692800000,217.0683393859
355,100,0,7,100,100,0,0,18,107,879,100,100,0.0423503235,34.1460699114,14.2857142857,16.2430491885,1.0000000000,0.9717120000,216.5250609234
356,100,0,5,100,100,0,0,18,105,685,100,100,0.0400120284,34.1060578830,20.0000000000,16.4114192772,1.0000000000,0.9692800000,217.0683393859
357,100,0,4,100,100,0,0,18,104,588,100,100,0.0383792102,34.0676786728,25.0000000000,16.4955685772,1.0000000000,0.9680640000,217.3410022478
358,100,0,4,100,100,0,0,18,104,588,100,100,0.0382260476,34.0294526251,25.0000000000,16.4955715928,1.0000000000,0.9680640000,217.3410022478
359,100,0,1,100,100,0,0,18,101,297,100,100,0.0362383384,33.9932142867,100.0000000000,16.7480506196,1.0000000000,0.9644160000,218.1631163315
360,100,0,4,100,100,0,0,18,104,588,100,100,0.0390020806,33.9542122061,25.0000000000,16.4956114281,1.0000000000,0.9680640000,217.3410022478
361,100,0,5,100,100,0,0,19,105,685,100,100,0.0388037482,33.9154084580,20.0000000000,16.4113560643,1.0000000000,0.9692800000,217.0683393859
362,100,0,4,100,100,0,0,19,104,588,100,100,0.0397593503,33.8756491077,25.0000000000,16.4955517273,1.0000000000,0.9680640000,217.3410022478
363,100,0,8,100,100,0,0,19,108,976,100,100,0.0444754100,33.8311736976,12.5000000000,16.1589075767,1.0000000000,0.9729280000,216.2544402052
364,100,0,6,100,100,0,0,19,106,782,100,100,0.0408414978,33.7903321999,16.6666666667,16.3272577878,1.0000000000,0.9704960000,216.7963597995
365,100,0,6,100,100,0,0,19,106,782,100,100,0.0408750022,33.7494571977,16.6666666667,16.3272676742,1.0000000000,0.9704960000,216.7963597995
366,100,0,3,100,100,0,0,19,103,491,100,100,0.0373552385,33.7121019592,33.3333333333,16.5797344568,1.0000000000,0.9668480000,217.6143509631
367,100,0,5,100,100,0,0,19,105,685,100,100,0.0393854111,33.6727165480,20.0000000000,16.4113683106,1.0000000000,0.9692800000,217.0683393859
368,100,0,6,100,100,0,0,19,106,782,100,100,0.0410483731,33.6316681750,16.6666666667,16.3272147718,1.0000000000,0.9704960000,216.7963597995
369,100,0,5,100,100,0,0,19,105,685,100,100,0.0410575440,33.5906106310,20.0000000000,16.4114591778,1.0000000000,0.9692800000,217.0683393859
370,100,0,5,100,100,0,0,19,105,685,100,100,0.0395384992,33.5510721318,20.0000000000,16.4113882669,1.0000000000,0.9692800000,217.0683393859
371,100,0,6,100,100,0,0,19,106,782,100,100,0.0419737375,33.5090983942,16.6666666667,16.3272693639,1.0000000000,0.9704960000,216.7963597995
372,100,0,3,100,100,0,0,19,103,491,100,100,0.0391756941,33.4699227001,33.3333333333,16.5797200915,1.0000000000,0.9668480000,217.6143509631
373,100,0,6,100,100,0,0,19,105,782,100,100,0.0429253452,33.4269973549,16.6666666667,16.3272872854,1.0000000000,0.9692800000,217.0683393859
374,100,0,6,100,100,0,0,19,106,782,100,100,0.0411489214,33.3858484335,16.6666666667,16.3272031375,1.0000000000,0.9704960000,216.7963597995
375,100,0,2,100,100,0,0,19,102,394,100,100,0.0393724156,33.3464760179,50.0000000000,16.6639745664,1.0000000000,0.9656320000,217.8883881230
376,100,0,4,100,100,0,0,19,104,588,100,100,0.0396912308,33.3067847871,25.0000000000,16.4956338715,1.0000000000,0.9680640000,217.3410022478
377,100,0,2,100,100,0,0,19,102,394,100,100,0.0358330730,33.2709517141,50.0000000000,16.6638973751,1.0000000000,0.9656320000,217.8883881230
378,100,0,5,100,100,0,0,19,105,685,100,100,0.0401548501,33.2307968640,20.0000000000,16.4114215807,1.0000000000,0.9692800000,217.0683393859
379,100,0,9,100,100,0,0,19,109,1073,100,100,0.0457775970,33.1850192670,11.1111111111,16.0747473063,1.0000000000,0.9741440000,215.9844951054
380,100,0,4,100,100,0,0,19,104,588,100,100,0.0380516861,33.1469675809,25.0000000000,16.4955249463,1.0000000000,0.9680640000,217.3410022478
381,100,0,3,100,100,0,0,20,103,491,100,100,0.0376524259,33.1093151549,33.3333333333,16.5797502258,1.0000000000,0.9668480000,217.6143509631
382,100,0,4,100,100,0,0,20,104,588,100,100,0.0379840018,33.0713311531,25.0000000000,16.4955577026,1.0000000000,0.9680640000,217.3410022478
383,100,0,5,100,100,0,0,20,105,685,100,100,0.0399199151,33.0314112380,20.0000000000,16.4113601932,1.0000000000,0.9692800000,217.0683393859
384,100,0,4,100,100,0,0,20,104,588,100,100,0.0377354461,32.9936757919,25.0000000000,16.4955585086,1.0000000000,0.9680640000,217.3410022478
385,100,0,6,100,100,0,0,20,106,782,100,100,0.0404455147,32.9532302772,16.6666666667,16.3272309230,1.0000000000,0.9704960000,216.7963597995
386,100,0,8,100,100,0,0,20,108,976,100,100,0.0439317261,32.9092985511,12.5000000000,16.1588943452,1.0000000000,0.9729280000,216.2544402052
387,100,0,3,100,100,0,0,20,103,491,100,100,0.0371121195,32.8721864316,33.3333333333,16.5797814312,1.0000000000,0.9668480000,217.6143509631
388,100,0,3,100,100,0,0,20,103,491,100,100,0.0381826344,32.8340037972,33.3333333333,16.5798169593,1.0000000000,0.9668480000,217.6143509631
389,100,0,7,100,100,0,0,20,107,879,100,100,0.0427864687,32.7912173285,14.2857142857,16.2430683458,1.0000000000,0.9717120000,216.5250609234
390,100,0,6,100,100,0,0,20,106,782,100,100,0.0409408520,32.7502764766,16.6666666667,16.3272199017,1.0000000000,0.9704960000,216.7963597995
391,100,0,3,100,100,0,0,20,103,491,100,100,0.0373047067,32.7129717698,33.3333333333,16.5797411345,1.0000000000,0.9668480000,217.6143509631
392,100,0,3,100,100,0,0,20,103,491,100,100,0.0376162949,32.6753554750,33.3333333333,16.5797446457,1.0000000000,0.9668480000,217.6143509631
393,100,0,6,100,100,0,0,20,106,782,100,100,0.0414381864,32.6339172886,16.6666666667,16.3272027351,1.0000000000,0.9704960000,216.7963597995
394,100,0,4,100,100,0,0,20,104,588,100,100,0.0380180287,32.5958992598,25.0000000000,16.4955474241,1.0000000000,0.9680640000,217.3410022478
395,100,0,9,100,100,0,0,20,109,1073,100,100,0.0453653151,32.5505339447,11.1111111111,16.0747437229,1.0000000000,0.9741440000,215.9844951054
396,100,0,5,100,100,0,0,20,105,685,100,100,0.0402901719,32.5102437728,20.0000000000,16.4114375919,1.0000000000,0.9692800000,217.0683393859
397,100,0,5,100,100,0,0,20,105,685,100,100,0.0394699325,32.4707738403,20.0000000000,16.4113751735,1.0000000000,0.9692800000,217.0683393859
398,100,0,9,100,100,0,0,20,109,1073,100,100,0.0455116247,32.4252622155,11.1111111111,16.0747537509,1.0000000000,0.9741440000,215.9844951054
399,100,0,5,100,100,0,0,20,105,685,100,100,0.0406621063,32.3846001092,20.0000000000,16.4113743861,1.0000000000,0.9692800000,217.0683393859
400,100,0,2,100,100,0,0,20,102,394,100,100,0.0358108296,32.3487892796,50.0000000000,16.6638790538,1.0000000000,0.9656320000,217.8883881230
401,100,0,8,100,100,0,0,21,107,976,100,100,0.0442020760,32.3045872036,12.5000000000,16.1589142143,1.0000000000,0.9717120000,216.5250609234
402,100,0,6,100,100,0,0,21,106,782,100,100,0.0414155719,32.2631716317,16.6666666667,16.3272470360,1.0000000000,0.9704960000,216.7963597995
403,100,0,4,100,100,0,0,21,104,588,100,100,0.0381473908,32.2250242409,25.0000000000,16.4955434905,1.0000000000,0.9680640000,217.3410022478
404,100,0,5,100,100,0,0,21,105,685,100,100,0.0403596270,32.1846646139,20.0000000000,16.4114075771,1.0000000000,0.9692800000,217.0683393859
405,100,0,5,100,100,0,0,21,105,685,100,100,0.0396358198,32.1450287941,20.0000000000,16.4114313696,1.0000000000,0.9692800000,217.0683393859
406,100,0,8,100,100,0,0,21,108,976,100,100,0.0436592779,32.1013695162,12.5000000000,16.1588997347,1.0000000000,0.9729280000,216.2544402052
407,100,0,3,100,100,0,0,21,103,491,100,100,0.0366636749,32.0647058413,33.3333333333,16.5797487095,1.0000000000,0.9668480000,217.6143509631
408,100,0,5,100,100,0,0,21,105,685,100,100,0.0397434208,32.0249624205,20.0000000000,16.4113861723,1.0000000000,0.9692800000,217.0683393859
409,100,0,3,100,100,0,0,21,103,491,100,100,0.0367791630,31.9881832575,33.3333333333,16.5796845782,1.0000000000,0.9668480000,217.6143509631
410,100,0,9,100,100,0,0,21,109,1073,100,100,0.0459097316,31.9422735259,11.1111111111,16.0747450938,1.0000000000,0.9741440000,215.9844951054
411,100,0,5,100,100,0,0,21,105,685,100,100,0.0388692949,31.9034042310,20.0000000000,16.4113981313,1.0000000000,0.9692800000,217.0683393859
412,100,0,5,100,100,0,0,21,105,685,100,100,0.0390382417,31.8643659893,20.0000000000,16.4113812622,1.0000000000,0.9692800000,217.0683393859
413,100,0,4,100,100,0,0,21,104,588,100,100,0.0382107679,31.8261552214,25.0000000000,16.4955572106,1.0000000000,0.9680640000,217.3410022478
414,100,0,4,100,100,0,0,21,104,588,100,100,0.0386938404,31.7874613811,25.0000000000,16.4955172955,1.0000000000,0.9680640000,217.3410022478
415,100,0,5,100,100,0,0,21,105,685,100,100,0.0428923530,31.7445690280,20.0000000000,16.4114503218,1.0000000000,0.9692800000,217.0683393859
416,100,0,4,100,100,0,0,21,104,588,100,100,0.0388635735,31.7057054546,25.0000000000,16.4956188660,1.0000000000,0.9680640000,217.3410022478
417,100,0,6,100,100,0,0,21,106,782,100,100,0.0413267652,31.6643786894,16.6666666667,16.3272360115,1.0000000000,0.9704960000,216.7963597995
418,100,0,4,100,100,0,0,21,104,588,100,100,0.0397449995,31.6246336899,25.0000000000,16.4955613668,1.0000000000,0.9680640000,217.3410022478
419,100,0,5,100,100,0,0,21,105,685,100,100,0.0391272313,31.5855064585,20.0000000000,16.4113653026,1.0000000000,0.9692800000,217.0683393859
420,100,0,2,100,100,0,0,21,102,394,100,100,0.0383871447,31.5471193138,50.0000000000,16.6639707553,1.0000000000,0.9656320000,217.8883881230
421,100,0,3,100,100,0,0,22,103,491,100,100,0.0366814881,31.5104378257,33.3333333333,16.5797484837,1.0000000000,0.9668480000,217.6143509631
422,100,0,1,100,100,0,0,22,101,297,100,100,0.0414220723,31.4690157533,100.0000000000,16.7481807015,1.0000000000,0.9644160000,218.1631163315
423,100,0,8,100,100,0,0,22,108,976,100,100,0.0440074347,31.4250083186,12.5000000000,16.1589108325,1.0000000000,0.9729280000,216.2544402052
424,100,0,8,100,100,0,0,22,108,976,100,100,0.0439698109,31.3810385077,12.5000000000,16.1589061211,1.0000000000,0.9729280000,216.2544402052
425,100,0,4,100,100,0,0,22,104,588,100,100,0.0377679229,31.3432705849,25.0000000000,16.4955347688,1.0000000000,0.9680640000,217.3410022478
426,100,0,11,100,100,0,0,22,111,1267,100,100,0.0489311661,31.2943394187,9.0909090909,15.9064187634,1.0000000000,0.9765760000,215.4466216659
427,100,0,2,100,100,0,0,22,102,394,100,100,0.0375650750,31.2567743437,50.0000000000,16.6639411991,1.0000000000,0.9656320000,217.8883881230
428,100,0,7,100,100,0,0,22,107,879,100,100,0.0426346472,31.2141396965,14.2857142857,16.2430682181,1.0000000000,0.9717120000,216.5250609234
429,100,0,5,100,100,0,0,22,105,685,100,100,0.0390001803,31.1751395162,20.0000000000,16.4113778235,1.0000000000,0.9692800000,217.0683393859
430,100,0,3,100,100,0,0,22,103,491,100,100,0.0382942930,31.1368452232,33.3333333333,16.5798041892,1.0000000000,0.9668480000,217.6143509631
431,100,0,4,100,100,0,0,22,104,588,100,100,0.0388904250,31.0979547982,25.0000000000,16.4956227509,1.0000000000,0.9680640000,217.3410022478
432,100,0,2,100,100,0,0,22,102,394,100,100,0.0354703490,31.0624844491,50.0000000000,16.6638912375,1.0000000000,0.9656320000,217.8883881230
433,100,0,4,100,100,0,0,22,104,588,100,100,0.0387803597,31.0237040894,25.0000000000,16.4955305536,1.0000000000,0.9680640000,217.3410022478
434,100,0,7,100,100,0,0,22,107,879,100,100,0.0428546945,30.9808493949,14.2857142857,16.2430730485,1.0000000000,0.9717120000,216.5250609234
435,100,0,7,100,100,0,0,22,107,879,100,100,0.0426270767,30.9382223182,14.2857142857,16.2430431732,1.0000000000,0.9717120000,216.5250609234
436,100,0,5,100,100,0,0,22,105,685,100,100,0.0389837075,30.8992386107,20.0000000000,16.4113591776,1.0000000000,0.9692800000,217.0683393859
437,100,0,7,100,100,0,0,22,107,879,100,100,0.0420236081,30.8572150026,14.2857142857,16.2430528691,1.0000000000,0.9717120000,216.5250609234
438,100,0,3,100,100,0,0,22,103,491,100,100,0.0388156029,30.8183993996,33.3333333333,16.5797412226,1.0000000000,0.9668480000,217.6143509631
439,100,0,6,100,100,0,0,22,106,782,100,100,0.0448780943,30.7735213053,16.6666666667,16.3273324839,1.0000000000,0.9704960000,216.7963597995
440,100,0,3,100,100,0,0,22,103,491,100,100,0.0408556426,30.7326656627,33.3333333333,16.5797993579,1.0000000000,0.9668480000,217.6143509631
441,100,0,4,100,100,0,0,23,104,588,100,100,0.0383910644,30.6942745982,25.0000000000,16.4955273807,1.0000000000,0.9680640000,217.3410022478
442,100,0,5,100,100,0,0,23,104,685,100,100,0.0404892198,30.6537853784,20.0000000000,16.4114077842,1.0000000000,0.9680640000,217.3410022478
443,100,0,5,100,100,0,0,23,105,685,100,100,0.0393101809,30.6144751975,20.0000000000,16.4113885605,1.0000000000,0.9692800000,217.0683393859
444,100,0,9,100,100,0,0,23,108,1073,100,100,0.0454524143,30.5690227832,11.1111111111,16.0747578206,1.0000000000,0.9729280000,216.2544402052
445,100,0,2,100,100,0,0,23,102,394,100,100,0.0367524902,30.5322702931,50.0000000000,16.6638732596,1.0000000000,0.9656320000,217.8883881230
446,100,0,5,100,100,0,0,23,105,685,100,100,0.0396822091,30.4925880839,20.0000000000,16.4113951511,1.0000000000,0.9692800000,217.0683393859
447,100,0,9,100,100,0,0,23,109,1073,100,100,0.0454579994,30.4471300845,11.1111111111,16.0747505014,1.0000000000,0.9741440000,215.9844951054
448,100,0,5,100,100,0,0,23,105,685,100,100,0.0392014953,30.4079285892,20.0000000000,16.4113920093,1.0000000000,0.9692800000,217.0683393859
449,100,0,3,100,100,0,0,23,103,491,100,100,0.0398627653,30.3680658239,33.3333333333,16.5797921707,1.0000000000,0.9668480000,217.6143509631
450,100,0,8,100,100,0,0,23,108,976,100,100,0.0442121444,30.3238536796,12.5000000000,16.1588994347,1.0000000000,0.9729280000,216.2544402052
451,100,0,7,100,100,0,0,23,107,879,100,100,0.0423272745,30.2815264051,14.2857142857,16.2430512293,1.0000000000,0.9717120000,216.5250609234
452,100,0,4,100,100,0,0,23,104,588,100,100,0.0408363655,30.2406900396,25.0000000000,16.4956511414,1.0000000000,0.9680640000,217.3410022478
453,100,0,1,100,100,0,0,23,101,297,100,100,0.0368338167,30.2038562229,100.0000000000,16.7480671728,1.0000000000,0.9644160000,218.1631163315
454,100,0,1,100,100,0,0,23,101,297,100,100,0.0370504795,30.1668057433,100.0000000000,16.7480735757,1.0000000000,0.9644160000,218.1631163315
455,100,0,8,100,100,0,0,23,108,976,100,100,0.0441151234,30.1226906199,12.5000000000,16.1589256939,1.0000000000,0.9729280000,216.2544402052
456,100,0,5,100,100,0,0,23,105,685,100,100,0.0390783994,30.0836122205,20.0000000000,16.4114122536,1.0000000000,0.9692800000,217.0683393859
457,100,0,6,100,100,0,0,23,106,782,100,100,0.0412469429,30.0423652776,16.6666666667,16.3272445927,1.0000000000,0.9704960000,216.7963597995
458,100,0,3,100,100,0,0,23,103,491,100,100,0.0370040262,30.0053612515,33.3333333333,16.5796940054,1.0000000000,0.9668480000,217.6143509631
459,100,0,4,100,100,0,0,23,104,588,100,100,0.0381240300,29.9672372215,25.0000000000,16.4955444660,1.0000000000,0.9680640000,217.3410022478
460,100,0,6,100,100,0,0,23,106,782,100,100,0.0409893359,29.9262478855,16.6666666667,16.3272054105,1.0000000000,0.9704960000,216.7963597995
461,100,0,6,100,100,0,0,24,106,782,100,100,0.0409375966,29.8853102890,16.6666666667,16.3272354949,1.0000000000,0.9704960000,216.7963597995
462,100,0,3,100,100,0,0,24,103,491,100,100,0.0402284135,29.8450818755,33.3333333333,16.5798361435,1.0000000000,0.9668480000,217.6143509631
463,100,0,3,100,100,0,0,24,103,491,100,100,0.0387541454,29.8063277301,33.3333333333,16.5797710796,1.0000000000,0.9668480000,217.6143509631
464,100,0,5,100,100,0,0,24,105,685,100,100,0.0400720425,29.7662556876,20.0000000000,16.4113702369,1.0000000000,0.9692800000,217.0683393859
465,100,0,4,100,100,0,0,24,104,588,100,100,0.0387888783,29.7274668093,25.0000000000,16.4955636072,1.0000000000,0.9680640000,217.3410022478
466,100,0,5,100,100,0,0,24,105,685,100,100,0.0390609899,29.6884058194,20.0000000000,16.4113956951,1.0000000000,0.9692800000,217.0683393859
467,100,0,8,100,100,0,0,24,108,976,100,100,0.0437815984,29.6446242210,12.5000000000,16.1588793068,1.0000000000,0.9729280000,216.2544402052
468,100,0,6,100,100,0,0,24,106,782,100,100,0.0406370971,29.6039871239,16.6666666667,16.3272223572,1.0000000000,0.9704960000,216.7963597995
469,100,0,6,100,100,0,0,24,106,782,100,100,0.0411175381,29.5628695858,16.6666666667,16.3272230489,1.0000000000,0.9704960000,216.7963597995
470,100,0,9,100,100,0,0,24,109,1073,100,100,0.0457223404,29.5171472455,11.1111111111,16.0747295037,1.0000000000,0.9741440000,215.9844951054
471,100,0,5,100,100,0,0,24,105,685,100,100,0.0394316374,29.4777156080,20.0000000000,16.4113879171,1.0000000000,0.9692800000,217.0683393859
472,100,0,10,100,100,0,0,24,110,1170,100,100,0.0473440326,29.4303715754,10.0000000000,15.9905699248,1.0000000000,0.9753600000,215.7152230971
473,100,0,2,100,100,0,0,24,102,394,100,100,0.0391472875,29.3912242879,50.0000000000,16.6639659358,1.0000000000,0.9656320000,217.8883881230
474,100,0,3,100,100,0,0,24,103,491,100,100,0.0386186669,29.3526056209,33.3333333333,16.5797563560,1.0000000000,0.9668480000,217.6143509631
475,100,0,5,100,100,0,0,24,105,685,100,100,0.0392462777,29.3133593432,20.0000000000,16.4114024771,1.0000000000,0.9692800000,217.0683393859
476,100,0,4,100,100,0,0,24,104,588,100,100,0.0387542630,29.2746050802,25.0000000000,16.4955297433,1.0000000000,0.9680640000,217.3410022478
477,100,0,6,100,100,0,0,24,106,782,100,100,0.0410771091,29.2335279710,16.6666666667,16.3272701110,1.0000000000,0.9704960000,216.7963597995
478,100,0,3,100,100,0,0,24,103,491,100,100,0.0390722469,29.1944557241,33.3333333333,16.5798158839,1.0000000000,0.9668480000,217.6143509631
479,100,0,3,100,100,0,0,24,103,491,100,100,0.0372519017,29.1572038224,33.3333333333,16.5797652774,1.0000000000,0.9668480000,217.6143509631
480,100,0,4,100,100,0,0,24,104,588,100,100,0.0396895470,29.1175142754,25.0000000000,16.4955849011,1.0000000000,0.9680640000,217.3410022478
481,100,0,3,100,100,0,0,25,103,491,100,100,0.0369147734,29.0805995020,33.3333333333,16.5797345405,1.0000000000,0.9668480000,217.6143509631
482,100,0,4,100,100,0,0,25,104,588,100,100,0.0375193629,29.0430801390,25.0000000000,16.4955283886,1.0000000000,0.9680640000,217.3410022478
483,100,0,10,100,100,0,0,25,110,1170,100,100,0.0481721462,28.9949079928,10.0000000000,15.9905852810,1.0000000000,0.9753600000,215.7152230971
484,100,0,5,100,100,0,0,25,105,685,100,100,0.0393401005,28.9555678923,20.0000000000,16.4114082910,1.0000000000,0.9692800000,217.0683393859
485,100,0,1,100,100,0,0,25,101,297,100,100,0.0461210313,28.9094468609,100.0000000000,16.7482666163,1.0000000000,0.9644160000,218.1631163315
486,100,0,5,100,100,0,0,25,105,685,100,100,0.0392916544,28.8701552065,20.0000000000,16.4113978853,1.0000000000,0.9692800000,217.0683393859
487,100,0,6,100,100,0,0,25,106,782,100,100,0.0410751029,28.8290801036,16.6666666667,16.3272290798,1.0000000000,0.9704960000,216.7963597995
488,100,0,7,100,100,0,0,25,107,879,100,100,0.0421715720,28.7869085316,14.2857142857,16.2430652022,1.0000000000,0.9717120000,216.5250609234
489,100,0,6,100,100,0,0,25,106,782,100,100,0.0410786897,28.7458298419,16.6666666667,16.3272219879,1.0000000000,0.9704960000,216.7963597995
490,100,0,6,100,100,0,0,25,106,782,100,100,0.0406625626,28.7051672792,16.6666666667,16.3272176390,1.0000000000,0.9704960000,216.7963597995
491,100,0,8,100,100,0,0,25,108,976,100,100,0.0449437458,28.6602235334,12.5000000000,16.1589073308,1.0000000000,0.9729280000,216.2544402052
492,100,0,5,100,100,0,0,25,105,685,100,100,0.0400350408,28.6201884926,20.0000000000,16.4114049157,1.0000000000,0.9692800000,217.0683393859
493,100,0,4,100,100,0,0,25,104,588,100,100,0.0382807377,28.5819077549,25.0000000000,16.4955682448,1.0000000000,0.9680640000,217.3410022478
494,100,0,5,100,100,0,0,25,105,685,100,100,0.0403928687,28.5415148863,20.0000000000,16.4113727161,1.0000000000,0.9692800000,217.0683393859
495,100,0,3,100,100,0,0,25,103,491,100,100,0.0411846931,28.5003301931,33.3333333333,16.5798209230,1.0000000000,0.9668480000,217.6143509631
496,100,0,3,100,100,0,0,25,103,491,100,100,0.0370602166,28.4632699765,33.3333333333,16.5797418751,1.0000000000,0.9668480000,217.6143509631
497,100,0,6,100,100,0,0,25,106,782,100,100,0.0409772877,28.4222926889,16.6666666667,16.3272078851,1.0000000000,0.9704960000,216.7963597995
498,100,0,1,100,100,0,0,25,101,297,100,100,0.0456880843,28.3766046046,100.0000000000,16.7482422173,1.0000000000,0.9644160000,218.1631163315
499,100,0,8,100,100,0,0,25,107,976,100,100,0.0441624913,28.3324421133,12.5000000000,16.1589206199,1.0000000000,0.9717120000,216.5250609234
500,100,0,4,100,100,0,0,25,104,588,100,100,0.0380644966,28.2943776166,25.0000000000,16.4955351389,1.0000000000,0.9680640000,217.3410022478
501,100,0,3,100,100,0,0,26,103,491,100,100,0.0378329198,28.2565446968,33.3333333333,16.5798039575,1.0000000000,0.9668480000,217.6143509631
502,100,0,5,100,100,0,0,26,105,685,100,100,0.0395111644,28.2170335324,20.0000000000,16.4113909163,1.0000000000,0.9692800000,217.0683393859
503,100,0,2,100,100,0,0,26,102,394,100,100,0.0397186955,28.1773148369,50.0000000000,16.6639671992,1.0000000000,0.9656320000,217.8883881230
504,100,0,8,100,100,0,0,26,107,976,100,100,0.0463733855,28.1309414514,12.5000000000,16.1589775377,1.0000000000,0.9717120000,216.5250609234
505,100,0,5,100,100,0,0,26,105,685,100,100,0.0397204989,28.0912209524,20.0000000000,16.4113685765,1.0000000000,0.9692800000,217.0683393859
506,100,0,5,100,100,0,0,26,105,685,100,100,0.0400378555,28.0511830969,20.0000000000,16.4113910663,1.0000000000,0.9692800000,217.0683393859
507,100,0,5,100,100,0,0,26,105,685,100,100,0.0392737719,28.0119093250,20.0000000000,16.4113962993,1.0000000000,0.9692800000,217.0683393859
508,100,0,3,100,100,0,0,26,103,491,100,100,0.0374156232,27.9744937019,33.3333333333,16.5797200811,1.0000000000,0.9668480000,217.6143509631
509,100,0,5,100,100,0,0,26,105,685,100,100,0.0401320774,27.9343616244,20.0000000000,16.4114211716,1.0000000000,0.9692800000,217.0683393859
510,100,0,2,100,100,0,0,26,102,394,100,100,0.0379240686,27.8964375558,50.0000000000,16.6638997724,1.0000000000,0.9656320000,217.8883881230
511,100,0,8,100,100,0,0,26,108,976,100,100,0.0436158390,27.8528217168,12.5000000000,16.1588974269,1.0000000000,0.9729280000,216.2544402052
512,100,0,7,100,100,0,0,26,107,879,100,100,0.0424171262,27.8104045906,14.2857142857,16.2430537111,1.0000000000,0.9717120000,216.5250609234
513,100,0,5,100,100,0,0,26,105,685,100,100,0.0424138215,27.7679907691,20.0000000000,16.4115012136,1.0000000000,0.9692800000,217.0683393859
514,100,0,9,100,100,0,0,26,108,1073,100,100,0.0462848040,27.7217059651,11.1111111111,16.0747498190,1.0000000000,0.9729280000,216.2544402052
515,100,0,1,100,100,0,0,26,101,297,100,100,0.0409250774,27.6807808877,100.0000000000,16.7481703916,1.0000000000,0.9644160000,218.1631163315
516,100,0,1,100,100,0,0,26,101,297,100,100,0.0483836934,27.6323971943,100.0000000000,16.7482732012,1.0000000000,0.9644160000,218.1631163315
517,100,0,3,100,100,0,0,26,103,491,100,100,0.0371627201,27.5952344742,33.3333333333,16.5797064145,1.0000000000,0.9668480000,217.6143509631
518,100,0,11,100,100,0,0,26,111,1267,100,100,0.0488464739,27.5463880003,9.0909090909,15.9064064546,1.0000000000,0.9765760000,215.4466216659
519,100,0,6,100,100,0,0,26,106,782,100,100,0.0411873102,27.5052006901,16.6666666667,16.3272152845,1.0000000000,0.9704960000,216.7963597995
520,100,0,6,100,100,0,0,26,106,782,100,100,0.0416214560,27.4635792340,16.6666666667,16.3272081192,1.0000000000,0.9704960000,216.7963597995
521,100,0,8,100,100,0,0,27,108,976,100,100,0.0446185148,27.4189607192,12.5000000000,16.1589307459,1.0000000000,0.9729280000,216.2544402052
522,100,0,5,100,100,0,0,27,105,685,100,100,0.0391293730,27.3798313462,20.0000000000,16.4113925004,1.0000000000,0.9692800000,217.0683393859
523,100,0,5,100,100,0,0,27,105,685,100,100,0.0398370347,27.3399943115,20.0000000000,16.4114078782,1.0000000000,0.9692800000,217.0683393859
524,100,0,5,100,100,0,0,27,105,685,100,100,0.0389549636,27.3010393480,20.0000000000,16.4113683104,1.0000000000,0.9692800000,217.0683393859
525,100,0,4,100,100,0,0,27,104,588,100,100,0.0379773845,27.2630619635,25.0000000000,16.4955583982,1.0000000000,0.9680640000,217.3410022478
526,100,0,4,100,100,0,0,27,104,588,100,100,0.0410567008,27.2220052627,25.0000000000,16.4956438752,1.0000000000,0.9680640000,217.3410022478
527,100,0,7,100,100,0,0,27,107,879,100,100,0.0426832388,27.1793220239,14.2857142857,16.2430412190,1.0000000000,0.9717120000,216.5250609234
528,100,0,3,100,100,0,0,27,103,491,100,100,0.0370708576,27.1422511663,33.3333333333,16.5797082964,1.0000000000,0.9668480000,217.6143509631
529,100,0,6,100,100,0,0,27,106,782,100,100,0.0414263457,27.1008248206,16.6666666667,16.3272284759,1.0000000000,0.9704960000,216.7963597995
530,100,0,3,100,100,0,0,27,103,491,100,100,0.0396064320,27.0612183885,33.3333333333,16.5797952966,1.0000000000,0.9668480000,217.6143509631
531,100,0,6,100,100,0,0,27,106,782,100,100,0.0407359956,27.0204823929,16.6666666667,16.3272349278,1.0000000000,0.9704960000,216.7963597995
532,100,0,5,100,100,0,0,27,105,685,100,100,0.0395215593,26.9809608336,20.0000000000,16.4113867026,1.0000000000,0.9692800000,217.0683393859
533,100,0,6,100,100,0,0,27,106,782,100,100,0.0412885175,26.9396723160,16.6666666667,16.3272160608,1.0000000000,0.9704960000,216.7963597995
534,100,0,5,100,100,0,0,27,105,685,100,100,0.0390498358,26.9006224803,20.0000000000,16.4114095074,1.0000000000,0.9692800000,217.0683393859
535,100,0,3,100,100,0,0,27,103,491,100,100,0.0393957998,26.8612266805,33.3333333333,16.5797712119,1.0000000000,0.9668480000,217.6143509631
536,100,0,6,100,100,0,0,27,106,782,100,100,0.0404939987,26.8207326818,16.6666666667,16.3272250420,1.0000000000,0.9704960000,216.7963597995
537,100,0,7,100,100,0,0,27,107,879,100,100,0.0424663760,26.7782663058,14.2857142857,16.2430632750,1.0000000000,0.9717120000,216.5250609234
538,100,0,8,100,100,0,0,27,108,976,100,100,0.0441890401,26.7340772656,12.5000000000,16.1588994381,1.0000000000,0.9729280000,216.2544402052
539,100,0,1,100,100,0,0,27,101,297,100,100,0.0392878916,26.6947893741,100.0000000000,16.7481396803,1.0000000000,0.9644160000,218.1631163315
540,100,0,3,100,100,0,0,27,103,491,100,100,0.0373841972,26.6574051769,33.3333333333,16.5797099662,1.0000000000,0.9668480000,217.6143509631
541,100,0,5,100,100,0,0,28,105,685,100,100,0.0394425453,26.6179626316,20.0000000000,16.4114180434,1.0000000000,0.9692800000,217.0683393859
542,100,0,2,100,100,0,0,28,102,394,100,100,0.0384303037,26.5795323279,50.0000000000,16.6639919293,1.0000000000,0.9656320000,217.8883881230
543,100,0,8,100,100,0,0,28,107,976,100,100,0.0440310482,26.5355012797,12.5000000000,16.1589178465,1.0000000000,0.9717120000,216.5250609234
544,100,0,4,100,100,0,0,28,104,588,100,100,0.0389477626,26.4965535171,25.0000000000,16.4955936577,1.0000000000,0.9680640000,217.3410022478
545,100,0,1,100,100,0,0,28,101,297,100,100,0.0426903767,26.4538631403,100.0000000000,16.7482099104,1.0000000000,0.9644160000,218.1631163315
546,100,0,8,100,100,0,0,28,108,976,100,100,0.0440077328,26.4098554075,12.5000000000,16.1588847749,1.0000000000,0.9729280000,216.2544402052
547,100,0,6,100,100,0,0,28,106,782,100,100,0.0407806575,26.3690747500,16.6666666667,16.3272125584,1.0000000000,0.9704960000,216.7963597995
548,100,0,9,100,100,0,0,28,109,1073,100,100,0.0453837486,26.3236910014,11.1111111111,16.0747313731,1.0000000000,0.9741440000,215.9844951054
549,100,0,6,100,100,0,0,28,106,782,100,100,0.0411916344,26.2824993670,16.6666666667,16.3272424059,1.0000000000,0.9704960000,216.7963597995
550,100,0,2,100,100,0,0,28,102,394,100,100,0.0371961015,26.2453032654,50.0000000000,16.6639700949,1.0000000000,0.9656320000,217.8883881230
551,100,0,7,100,100,0,0,28,107,879,100,100,0.0422236470,26.2030796184,14.2857142857,16.2430529268,1.0000000000,0.9717120000,216.5250609234
552,100,0,1,100,100,0,0,28,101,297,100,100,0.0369678616,26.1661117568,100.0000000000,16.7480706793,1.0000000000,0.9644160000,218.1631163315
553,100,0,1,100,100,0,0,28,101,297,100,100,0.0421144816,26.1239972752,100.0000000000,16.7481981559,1.0000000000,0.9644160000,218.1631163315
554,100,0,8,100,100,0,0,28,108,976,100,100,0.0440222693,26.0799750059,12.5000000000,16.1588888193,1.0000000000,0.9729280000,216.2544402052
555,100,0,7,100,100,0,0,28,107,879,100,100,0.0422824385,26.0376925673,14.2857142857,16.2430553258,1.0000000000,0.9717120000,216.5250609234
556,100,0,10,100,100,0,0,28,109,1170,100,100,0.0469707167,25.9907218507,10.0000000000,15.9905678783,1.0000000000,0.9741440000,215.9844951054
557,100,0,7,100,100,0,0,28,107,879,100,100,0.0424261631,25.9482956876,14.2857142857,16.2430475117,1.0000000000,0.9717120000,216.5250609234
558,100,0,1,100,100,0,0,28,101,297,100,100,0.0442492720,25.9040464156,100.0000000000,16.7482301124,1.0000000000,0.9644160000,218.1631163315
559,100,0,4,100,100,0,0,28,104,588,100,100,0.0392078895,25.8648385261,25.0000000000,16.4955832672,1.0000000000,0.9680640000,217.3410022478
560,100,0,3,100,100,0,0,28,103,491,100,100,0.0393621955,25.8254763307,33.3333333333,16.5797762716,1.0000000000,0.9668480000,217.6143509631
561,100,0,7,100,100,0,0,29,107,879,100,100,0.0424448724,25.7830314583,14.2857142857,16.2430601653,1.0000000000,0.9717120000,216.5250609234
562,100,0,7,100,100,0,0,29,107,879,100,100,0.0426012158,25.7404302424,14.2857142857,16.2430604565,1.0000000000,0.9717120000,216.5250609234
563,100,0,7,100,100,0,0,29,107,879,100,100,0.0431281040,25.6973021384,14.2857142857,16.2430589066,1.0000000000,0.9717120000,216.5250609234
564,100,0,2,100,100,0,0,29,102,394,100,100,0.0359619003,25.6613402382,50.0000000000,16.6638834821,1.0000000000,0.9656320000,217.8883881230
565,100,0,3,100,100,0,0,29,103,491,100,100,0.0366060439,25.6247341943,33.3333333333,16.5797001584,1.0000000000,0.9668480000,217.6143509631
566,100,0,4,100,100,0,0,29,104,588,100,100,0.0390179730,25.5857162212,25.0000000000,16.4955465531,1.0000000000,0.9680640000,217.3410022478
567,100,0,8,100,100,0,0,29,108,976,100,100,0.0441083140,25.5416079072,12.5000000000,16.1589186535,1.0000000000,0.9729280000,216.2544402052
568,100,0,8,100,100,0,0,29,107,976,100,100,0.0442444478,25.4973634594,12.5000000000,16.1588845758,1.0000000000,0.9717120000,216.5250609234
569,100,0,3,100,100,0,0,29,103,491,100,100,0.0378384198,25.4595250396,33.3333333333,16.5797497599,1.0000000000,0.9668480000,217.6143509631
570,100,0,5,100,100,0,0,29,105,685,100,100,0.0409500064,25.4185750332,20.0000000000,16.4114469821,1.0000000000,0.9692800000,217.0683393859
571,100,0,10,100,100,0,0,29,108,1170,100,100,0.0473897925,25.3711852407,10.0000000000,15.9905612677,1.0000000000,0.9729280000,216.2544402052
572,100,0,1,100,100,0,0,29,101,297,100,100,0.0398835434,25.3313016974,100.0000000000,16.7481711256,1.0000000000,0.9644160000,218.1631163315
573,100,0,4,100,100,0,0,29,104,588,100,100,0.0385056096,25.2927960877,25.0000000000,16.4955199535,1.0000000000,0.9680640000,217.3410022478
574,100,0,7,100,100,0,0,29,107,879,100,100,0.0421947404,25.2506013473,14.2857142857,16.2430443480,1.0000000000,0.9717120000,216.5250609234
575,100,0,4,100,100,0,0,29,104,588,100,100,0.0399476492,25.2106536981,25.0000000000,16.4955616324,1.0000000000,0.9680640000,217.3410022478
576,100,0,3,100,100,0,0,29,103,491,100,100,0.0373843297,25.1732693684,33.3333333333,16.5797944811,1.0000000000,0.9668480000,217.6143509631
577,100,0,7,100,100,0,0,29,107,879,100,100,0.0437025563,25.1295668121,14.2857142857,16.2430910143,1.0000000000,0.9717120000,216.5250609234
578,100,0,2,100,100,0,0,29,102,394,100,100,0.0366222081,25.0929446041,50.0000000000,16.6639502973,1.0000000000,0.9656320000,217.8883881230
579,100,0,4,100,100,0,0,29,104,588,100,100,0.0384190920,25.0545255121,25.0000000000,16.4955967988,1.0000000000,0.9680640000,217.3410022478
580,100,0,4,100,100,0,0,29,104,588,100,100,0.0398548590,25.0146706531,25.0000000000,16.4956180279,1.0000000000,0.9680640000,217.3410022478
581,100,0,5,100,100,0,0,30,105,685,100,100,0.0401683900,24.9745022631,20.0000000000,16.4113905038,1.0000000000,0.9692800000,217.0683393859
582,100,0,5,100,100,0,0,30,105,685,100,100,0.0391102883,24.9353919748,20.0000000000,16.4113945060,1.0000000000,0.9692800000,217.0683393859
583,100,0,9,100,100,0,0,30,109,1073,100,100,0.0458571659,24.8895348089,11.1111111111,16.0747532684,1.0000000000,0.9741440000,215.9844951054
584,100,0,7,100,100,0,0,30,107,879,100,100,0.0434271539,24.8461076550,14.2857142857,16.2430783547,1.0000000000,0.9717120000,216.5250609234
585,100,0,6,100,100,0,0,30,106,782,100,100,0.0411721970,24.8049354580,16.6666666667,16.3272032006,1.0000000000,0.9704960000,216.7963597995
586,100,0,5,100,100,0,0,30,105,685,100,100,0.0398790931,24.7650563649,20.0000000000,16.4113906533,1.0000000000,0.9692800000,217.0683393859
587,100,0,5,100,100,0,0,30,105,685,100,100,0.0410879941,24.7239683709,20.0000000000,16.4114558272,1.0000000000,0.9692800000,217.0683393859
588,100,0,7,100,100,0,0,30,107,879,100,100,0.0424032139,24.6815651570,14.2857142857,16.2430706230,1.0000000000,0.9717120000,216.5250609234
589,100,0,5,100,100,0,0,30,105,685,100,100,0.0394454613,24.6421196956,20.0000000000,16.4113894309,1.0000000000,0.9692800000,217.0683393859
590,100,0,7,100,100,0,0,30,107,879,100,100,0.0426197800,24.5994999156,14.2857142857,16.2430573175,1.0000000000,0.9717120000,216.5250609234
591,100,0,5,100,100,0,0,30,105,685,100,100,0.0393122067,24.5601877088,20.0000000000,16.4113891804,1.0000000000,0.9692800000,217.0683393859
592,100,0,3,100,100,0,0,30,103,491,100,100,0.0391025921,24.5210851168,33.3333333333,16.5798018173,1.0000000000,0.9668480000,217.6143509631
593,100,0,1,100,100,0,0,30,101,297,100,100,0.0381443316,24.4829407852,100.0000000000,16.7481165379,1.0000000000,0.9644160000,218.1631163315
594,100,0,6,100,100,0,0,30,105,782,100,100,0.0410990297,24.4418417555,16.6666666667,16.3272294005,1.0000000000,0.9692800000,217.0683393859
595,100,0,1,100,100,0,0,30,101,297,100,100,0.0435408024,24.3983009531,100.0000000000,16.7482196302,1.0000000000,0.9644160000,218.1631163315
596,100,0,6,100,100,0,0,30,106,782,100,100,0.0417281126,24.3565728405,16.6666666667,16.3272426461,1.0000000000,0.9704960000,216.7963597995
597,100,0,1,100,100,0,0,30,101,297,100,100,0.0414220723,24.3151507681,100.0000000000,16.7481807015,1.0000000000,0.9644160000,218.1631163315
598,100,0,5,100,100,0,0,30,105,685,100,100,0.0404689693,24.2746817988,20.0000000000,16.4113861124,1.0000000000,0.9692800000,217.0683393859
599,100,0,6,100,100,0,0,30,106,782,100,100,0.0403714977,24.2343103011,16.6666666667,16.3272246315,1.0000000000,0.9704960000,216.7963597995
600,100,0,5,100,100,0,0,30,105,685,100,100,0.0399429187,24.1943673824,20.0000000000,16.4114204368,1.0000000000,0.9692800000,217.0683393859
601,100,0,7,100,100,0,0,31,107,879,100,100,0.0421053226,24.1522620599,14.2857142857,16.2430478958,1.0000000000,0.9717120000,216.5250609234
602,100,0,3,100,100,0,0,31,103,491,100,100,0.0391474730,24.1131145869,33.3333333333,16.5797597464,1.0000000000,0.9668480000,217.6143509631
603,100,0,4,100,100,0,0,31,104,588,100,100,0.0381777076,24.0749368793,25.0000000000,16.4955463945,1.0000000000,0.9680640000,217.3410022478
604,100,0,5,100,100,0,0,31,105,685,100,100,0.0398370255,24.0350998537,20.0000000000,16.4114211371,1.0000000000,0.9692800000,217.0683393859
605,100,0,5,100,100,0,0,31,105,685,100,100,0.0409229578,23.9941768959,20.0000000000,16.4114439488,1.0000000000,0.9692800000,217.0683393859
606,100,0,6,100,100,0,0,31,106,782,100,100,0.0415201753,23.9526567206,16.6666666667,16.3272264091,1.0000000000,0.9704960000,216.7963597995
607,100,0,4,100,100,0,0,31,104,588,100,100,0.0382270441,23.9144296765,25.0000000000,16.4955440639,1.0000000000,0.9680640000,217.3410022478
608,100,0,5,100,100,0,0,31,105,685,100,100,0.0398448304,23.8745848461,20.0000000000,16.4113810382,1.0000000000,0.9692800000,217.0683393859
609,100,0,5,100,100,0,0,31,105,685,100,100,0.0390858235,23.8354990227,20.0000000000,16.4113806841,1.0000000000,0.9692800000,217.0683393859
610,100,0,4,100,100,0,0,31,104,588,100,100,0.0390538094,23.7964452132,25.0000000000,16.4955919055,1.0000000000,0.9680640000,217.3410022478
611,100,0,7,100,100,0,0,31,107,879,100,100,0.0433111934,23.7531340199,14.2857142857,16.2430716928,1.0000000000,0.9717120000,216.5250609234
612,100,0,5,100,100,0,0,31,105,685,100,100,0.0400106059,23.7131234139,20.0000000000,16.4114365779,1.0000000000,0.9692800000,217.0683393859
613,100,0,11,100,100,0,0,31,111,1267,100,100,0.0488384650,23.6642849489,9.0909090909,15.9064228034,1.0000000000,0.9765760000,215.4466216659
614,100,0,8,100,100,0,0,31,108,976,100,100,0.0446805955,23.6196043534,12.5000000000,16.1588834412,1.0000000000,0.9729280000,216.2544402052
615,100,0,3,100,100,0,0,31,103,491,100,100,0.0373091418,23.5822952116,33.3333333333,16.5796985386,1.0000000000,0.9668480000,217.6143509631
616,100,0,4,100,100,0,0,31,104,588,100,100,0.0396363375,23.5426588741,25.0000000000,16.4955580461,1.0000000000,0.9680640000,217.3410022478
617,100,0,4,100,100,0,0,31,104,588,100,100,0.0399176828,23.5027411913,25.0000000000,16.4955670267,1.0000000000,0.9680640000,217.3410022478
618,100,0,2,100,100,0,0,31,102,394,100,100,0.0387745758,23.4639666155,50.0000000000,16.6640041685,1.0000000000,0.9656320000,217.8883881230
619,100,0,5,100,100,0,0,31,105,685,100,100,0.0400078333,23.4239587822,20.0000000000,16.4114265088,1.0000000000,0.9692800000,217.0683393859
620,100,0,3,100,100,0,0,31,103,491,100,100,0.0367329421,23.3872258401,33.3333333333,16.5797626256,1.0000000000,0.9668480000,217.6143509631
621,100,0,6,100,100,0,0,32,106,782,100,100,0.0416536747,23.3455721653,16.6666666667,16.3272586289,1.0000000000,0.9704960000,216.7963597995
622,100,0,7,100,100,0,0,32,107,879,100,100,0.0422440532,23.3033281122,14.2857142857,16.2430641311,1.0000000000,0.9717120000,216.5250609234
623,100,0,6,100,100,0,0,32,106,782,100,100,0.0433610036,23.2599671085,16.6666666667,16.3272517995,1.0000000000,0.9704960000,216.7963597995
624,100,0,5,100,100,0,0,32,105,685,100,100,0.0400821728,23.2198849358,20.0000000000,16.4113905768,1.0000000000,0.9692800000,217.0683393859
625,100,0,4,100,100,0,0,32,104,588,100,100,0.0383531848,23.1815317510,25.0000000000,16.4955585230,1.0000000000,0.9680640000,217.3410022478
626,100,0,8,100,100,0,0,32,108,976,100,100,0.0440433502,23.1374884009,12.5000000000,16.1589103936,1.0000000000,0.9729280000,216.2544402052
627,100,0,2,100,100,0,0,32,102,394,100,100,0.0370315915,23.1004568093,50.0000000000,16.6639059651,1.0000000000,0.9656320000,217.8883881230
628,100,0,4,100,100,0,0,32,104,588,100,100,0.0396584908,23.0607983185,25.0000000000,16.4955747238,1.0000000000,0.9680640000,217.3410022478
629,100,0,7,100,100,0,0,32,107,879,100,100,0.0425780318,23.0182202867,14.2857142857,16.2430482855,1.0000000000,0.9717120000,216.5250609234
630,100,0,8,100,100,0,0,32,108,976,100,100,0.0439093852,22.9743109015,12.5000000000,16.1588876632,1.0000000000,0.9729280000,216.2544402052
631,100,0,8,100,100,0,0,32,108,976,100,100,0.0440653386,22.9302455629,12.5000000000,16.1588916129,1.0000000000,0.9729280000,216.2544402052
632,100,0,1,100,100,0,0,32,101,297,100,100,0.0455833040,22.8846622589,100.0000000000,16.7482413507,1.0000000000,0.9644160000,218.1631163315
633,100,0,6,100,100,0,0,32,106,782,100,100,0.0406664241,22.8439958348,16.6666666667,16.3272335021,1.0000000000,0.9704960000,216.7963597995
634,100,0,6,100,100,0,0,32,106,782,100,100,0.0405564287,22.8034394061,16.6666666667,16.3272064772,1.0000000000,0.9704960000,216.7963597995
635,100,0,3,100,100,0,0,32,103,491,100,100,0.0385102684,22.7649291377,33.3333333333,16.5797403587,1.0000000000,0.9668480000,217.6143509631
636,100,0,3,100,100,0,0,32,103,491,100,100,0.0369715224,22.7279576153,33.3333333333,16.5797459546,1.0000000000,0.9668480000,217.6143509631
637,100,0,5,100,100,0,0,32,105,685,100,100,0.0393391153,22.6886185000,20.0000000000,16.4114193927,1.0000000000,0.9692800000,217.0683393859
638,100,0,5,100,100,0,0,32,105,685,100,100,0.0400037173,22.6486147827,20.0000000000,16.4114336575,1.0000000000,0.9692800000,217.0683393859
639,100,0,4,100,100,0,0,32,104,588,100,100,0.0391514507,22.6094633321,25.0000000000,16.4956076993,1.0000000000,0.9680640000,217.3410022478
640,100,0,2,100,100,0,0,32,102,394,100,100,0.0394352881,22.5700280440,50.0000000000,16.6639897141,1.0000000000,0.9656320000,217.8883881230
641,100,0,5,100,100,0,0,33,105,685,100,100,0.0396017520,22.5304262920,20.0000000000,16.4114089334,1.0000000000,0.9692800000,217.0683393859
642,100,0,3,100,100,0,0,33,103,491,100,100,0.0367617444,22.4936645475,33.3333333333,16.5796946178,1.0000000000,0.9668480000,217.6143509631
643,100,0,6,100,100,0,0,33,106,782,100,100,0.0414536522,22.4522108953,16.6666666667,16.3272307295,1.0000000000,0.9704960000,216.7963597995
644,100,0,5,100,100,0,0,33,105,685,100,100,0.0404987589,22.4117121364,20.0000000000,16.4114125300,1.0000000000,0.9692800000,217.0683393859
645,100,0,8,100,100,0,0,33,108,976,100,100,0.0435767691,22.3681353672,12.5000000000,16.1588737900,1.0000000000,0.9729280000,216.2544402052
646,100,0,7,100,100,0,0,33,107,879,100,100,0.0419917914,22.3261435758,14.2857142857,16.2430527722,1.0000000000,0.9717120000,216.5250609234
647,100,0,7,100,100,0,0,33,107,879,100,100,0.0428243655,22.2833192103,14.2857142857,16.2430670449,1.0000000000,0.9717120000,216.5250609234
648,100,0,5,100,100,0,0,33,105,685,100,100,0.0400018479,22.2433173624,20.0000000000,16.4114337304,1.0000000000,0.9692800000,217.0683393859
649,100,0,4,100,100,0,0,33,104,588,100,100,0.0395538497,22.2037635127,25.0000000000,16.4956006247,1.0000000000,0.9680640000,217.3410022478
650,100,0,3,100,100,0,0,33,103,491,100,100,0.0388910639,22.1648724489,33.3333333333,16.5797934734,1.0000000000,0.9668480000,217.6143509631
651,100,0,6,100,100,0,0,33,106,782,100,100,0.0414461485,22.1234263004,16.6666666667,16.3272543622,1.0000000000,0.9704960000,216.7963597995
652,100,0,5,100,100,0,0,33,105,685,100,100,0.0397777755,22.0836485248,20.0000000000,16.4114159082,1.0000000000,0.9692800000,217.0683393859
653,100,0,6,100,100,0,0,33,106,782,100,100,0.0411558440,22.0424926809,16.6666666667,16.3272477658,1.0000000000,0.9704960000,216.7963597995
654,100,0,4,100,100,0,0,33,104,588,100,100,0.0391225958,22.0033700851,25.0000000000,16.4956109387,1.0000000000,0.9680640000,217.3410022478
655,100,0,1,100,100,0,0,33,101,297,100,100,0.0405093044,21.9628607807,100.0000000000,16.7481811774,1.0000000000,0.9644160000,218.1631163315
656,100,0,5,100,100,0,0,33,105,685,100,100,0.0393518677,21.9235089129,20.0000000000,16.4114043567,1.0000000000,0.9692800000,217.0683393859
657,100,0,3,100,100,0,0,33,103,491,100,100,0.0372270618,21.8862818512,33.3333333333,16.5797105340,1.0000000000,0.9668480000,217.6143509631
658,100,0,9,100,100,0,0,33,109,1073,100,100,0.0455128716,21.8407689796,11.1111111111,16.0747233732,1.0000000000,0.9741440000,215.9844951054
659,100,0,6,100,100,0,0,33,106,782,100,100,0.0410680239,21.7997009557,16.6666666667,16.3272277087,1.0000000000,0.9704960000,216.7963597995
660,100,0,2,100,100,0,0,33,102,394,100,100,0.0366617287,21.7630392270,50.0000000000,16.6639362528,1.0000000000,0.9656320000,217.8883881230
661,100,0,6,100,100,0,0,34,106,782,100,100,0.0414213150,21.7216179120,16.6666666667,16.3272387494,1.0000000000,0.9704960000,216.7963597995
662,100,0,5,100,100,0,0,34,105,685,100,100,0.0393010801,21.6823168319,20.0000000000,16.4113966308,1.0000000000,0.9692800000,217.0683393859
663,100,0,5,100,100,0,0,34,105,685,100,100,0.0404912546,21.6418255773,20.0000000000,16.4114209095,1.0000000000,0.9692800000,217.0683393859
664,100,0,5,100,100,0,0,34,105,685,100,100,0.0395074156,21.6023181617,20.0000000000,16.4113902229,1.0000000000,0.9692800000,217.0683393859
665,100,0,5,100,100,0,0,34,105,685,100,100,0.0395576041,21.5627605576,20.0000000000,16.4113848703,1.0000000000,0.9692800000,217.0683393859
666,100,0,7,100,100,0,0,34,107,879,100,100,0.0422161871,21.5205443705,14.2857142857,16.2430754877,1.0000000000,0.9717120000,216.5250609234
667,100,0,4,100,100,0,0,34,104,588,100,100,0.0375171895,21.4830271810,25.0000000000,16.4955720338,1.0000000000,0.9680640000,217.3410022478
668,100,0,3,100,100,0,0,34,103,491,100,100,0.0374809130,21.4455462680,33.3333333333,16.5797451228,1.0000000000,0.9668480000,217.6143509631
669,100,0,8,100,100,0,0,34,108,976,100,100,0.0438806218,21.4016656462,12.5000000000,16.1588909135,1.0000000000,0.9729280000,216.2544402052
670,100,0,2,100,100,0,0,34,102,394,100,100,0.0364994593,21.3651661869,50.0000000000,16.6639370394,1.0000000000,0.9656320000,217.8883881230
671,100,0,3,100,100,0,0,34,103,491,100,100,0.0390202649,21.3261459220,33.3333333333,16.5797507781,1.0000000000,0.9668480000,217.6143509631
672,100,0,5,100,100,0,0,34,105,685,100,100,0.0398518932,21.2862940288,20.0000000000,16.4113744690,1.0000000000,0.9692800000,217.0683393859
673,100,0,3,100,100,0,0,34,103,491,100,100,0.0380935483,21.2482004805,33.3333333333,16.5797214763,1.0000000000,0.9668480000,217.6143509631
674,100,0,4,100,100,0,0,34,104,588,100,100,0.0386695143,21.2095309662,25.0000000000,16.4955820285,1.0000000000,0.9680640000,217.3410022478
675,100,0,4,100,100,0,0,34,104,588,100,100,0.0423575262,21.1671734400,25.0000000000,16.4956526673,1.0000000000,0.9680640000,217.3410022478
676,100,0,5,100,100,0,0,34,105,685,100,100,0.0395723114,21.1276011286,20.0000000000,16.4113935753,1.0000000000,0.9692800000,217.0683393859
677,100,0,3,100,100,0,0,34,103,491,100,100,0.0378312860,21.0897698425,33.3333333333,16.5797215569,1.0000000000,0.9668480000,217.6143509631
678,100,0,9,100,100,0,0,34,109,1073,100,100,0.0455510277,21.0442188148,11.1111111111,16.0747427682,1.0000000000,0.9741440000,215.9844951054
679,100,0,5,100,100,0,0,34,105,685,100,100,0.0394037989,21.0048150159,20.0000000000,16.4113941342,1.0000000000,0.9692800000,217.0683393859
680,100,0,9,100,100,0,0,34,109,1073,100,100,0.0467832032,20.9580318126,11.1111111111,16.0747278363,1.0000000000,0.9741440000,215.9844951054
681,100,0,8,100,100,0,0,35,108,976,100,100,0.0438702959,20.9141615168,12.5000000000,16.1588967043,1.0000000000,0.9729280000,216.2544402052
682,100,0,2,100,100,0,0,35,102,394,100,100,0.0374562302,20.8767052865,50.0000000000,16.6638894890,1.0000000000,0.9656320000,217.8883881230
683,100,0,3,100,100,0,0,35,103,491,100,100,0.0366993868,20.8400058998,33.3333333333,16.5797167792,1.0000000000,0.9668480000,217.6143509631
684,100,0,4,100,100,0,0,35,104,588,100,100,0.0396608050,20.8003450947,25.0000000000,16.4956080322,1.0000000000,0.9680640000,217.3410022478
685,100,0,4,100,100,0,0,35,104,588,100,100,0.0386197764,20.7617253183,25.0000000000,16.4955270939,1.0000000000,0.9680640000,217.3410022478
686,100,0,8,100,100,0,0,35,108,976,100,100,0.0438370933,20.7178882249,12.5000000000,16.1588881685,1.0000000000,0.9729280000,216.2544402052
687,100,0,6,100,100,0,0,35,106,782,100,100,0.0406315389,20.6772566861,16.6666666667,16.3272284679,1.0000000000,0.9704960000,216.7963597995
688,100,0,7,100,100,0,0,35,107,879,100,100,0.0421024918,20.6351541943,14.2857142857,16.2430426813,1.0000000000,0.9717120000,216.5250609234
689,100,0,5,100,100,0,0,35,105,685,100,100,0.0410125045,20.5941416898,20.0000000000,16.4114124364,1.0000000000,0.9692800000,217.0683393859
690,100,0,1,100,100,0,0,35,101,297,100,100,0.0360710474,20.5580706424,100.0000000000,16.7480476673,1.0000000000,0.9644160000,218.1631163315
691,100,0,6,100,100,0,0,35,106,782,100,100,0.0410288495,20.5170417929,16.6666666667,16.3272446596,1.0000000000,0.9704960000,216.7963597995
692,100,0,4,100,100,0,0,35,104,588,100,100,0.0390913534,20.4779504394,25.0000000000,16.4955466541,1.0000000000,0.9680640000,217.3410022478
693,100,0,2,100,100,0,0,35,102,394,100,100,0.0358955931,20.4420548463,50.0000000000,16.6638723324,1.0000000000,0.9656320000,217.8883881230
694,100,0,6,100,100,0,0,35,106,782,100,100,0.0409202536,20.4011345927,16.6666666667,16.3272321284,1.0000000000,0.9704960000,216.7963597995
695,100,0,8,100,100,0,0,35,108,976,100,100,0.0438678352,20.3572667575,12.5000000000,16.1589254017,1.0000000000,0.9729280000,216.2544402052
696,100,0,4,100,100,0,0,35,104,588,100,100,0.0385453759,20.3187213816,25.0000000000,16.4955578940,1.0000000000,0.9680640000,217.3410022478
697,100,0,4,100,100,0,0,35,104,588,100,100,0.0377103737,20.2810110080,25.0000000000,16.4955358896,1.0000000000,0.9680640000,217.3410022478
698,100,0,4,100,100,0,0,35,104,588,100,100,0.0387138219,20.2422971861,25.0000000000,16.4955670776,1.0000000000,0.9680640000,217.3410022478
699,100,0,5,100,100,0,0,35,105,685,100,100,0.0402796428,20.2020175433,20.0000000000,16.4114360599,1.0000000000,0.9692800000,217.0683393859
700,100,0,9,100,100,0,0,35,109,1073,100,100,0.0451716842,20.1568458591,11.1111111111,16.0747260161,1.0000000000,0.9741440000,215.9844951054
701,100,0,3,100,100,0,0,36,103,491,100,100,0.0367378523,20.1201080068,33.3333333333,16.5797094706,1.0000000000,0.9668480000,217.6143509631
702,100,0,1,100,100,0,0,36,101,297,100,100,0.0409765419,20.0791314649,100.0000000000,16.7481835474,1.0000000000,0.9644160000,218.1631163315
703,100,0,2,100,100,0,0,36,102,394,100,100,0.0380788797,20.0410525852,50.0000000000,16.6639964826,1.0000000000,0.9656320000,217.8883881230
704,100,0,10,100,100,0,0,36,110,1170,100,100,0.0471724091,19.9938801761,10.0000000000,15.9905677802,1.0000000000,0.9753600000,215.7152230971
705,100,0,5,100,100,0,0,36,105,685,100,100,0.0396270512,19.9542531249,20.0000000000,16.4113805407,1.0000000000,0.9692800000,217.0683393859
706,100,0,3,100,100,0,0,36,103,491,100,100,0.0390486137,19.9152045112,33.3333333333,16.5797344593,1.0000000000,0.9668480000,217.6143509631
707,100,0,6,100,100,0,0,36,106,782,100,100,0.0411561235,19.8740483877,16.6666666667,16.3271999736,1.0000000000,0.9704960000,216.7963597995
708,100,0,3,100,100,0,0,36,103,491,100,100,0.0384477681,19.8356006196,33.3333333333,16.5797996470,1.0000000000,0.9668480000,217.6143509631
709,100,0,8,100,100,0,0,36,108,976,100,100,0.0439756225,19.7916249972,12.5000000000,16.1589055898,1.0000000000,0.9729280000,216.2544402052
710,100,0,6,100,100,0,0,36,106,782,100,100,0.0419052019,19.7497197952,16.6666666667,16.3272345359,1.0000000000,0.9704960000,216.7963597995
711,100,0,3,100,100,0,0,36,103,491,100,100,0.0366126993,19.7131070959,33.3333333333,16.5797067355,1.0000000000,0.9668480000,217.6143509631
712,100,0,7,100,100,0,0,36,107,879,100,100,0.0425466224,19.6705604735,14.2857142857,16.2430786808,1.0000000000,0.9717120000,216.5250609234
713,100,0,6,100,100,0,0,36,106,782,100,100,0.0412509839,19.6293094896,16.6666666667,16.3272208041,1.0000000000,0.9704960000,216.7963597995
714,100,0,6,100,100,0,0,36,106,782,100,100,0.0407972605,19.5885122291,16.6666666667,16.3272195482,1.0000000000,0.9704960000,216.7963597995
715,100,0,3,100,100,0,0,36,103,491,100,100,0.0371701849,19.5513420442,33.3333333333,16.5797466686,1.0000000000,0.9668480000,217.6143509631
716,100,0,4,100,100,0,0,36,104,588,100,100,0.0387153845,19.5126266597,25.0000000000,16.4956113611,1.0000000000,0.9680640000,217.3410022478
717,100,0,10,100,100,0,0,36,110,1170,100,100,0.0475270816,19.4650995781,10.0000000000,15.9905978454,1.0000000000,0.9753600000,215.7152230971
718,100,0,4,100,100,0,0,36,104,588,100,100,0.0376423277,19.4274572504,25.0000000000,16.4955573553,1.0000000000,0.9680640000,217.3410022478
719,100,0,3,100,100,0,0,36,103,491,100,100,0.0377841320,19.3896731184,33.3333333333,16.5797718609,1.0000000000,0.9668480000,217.6143509631
720,100,0,7,100,100,0,0,36,107,879,100,100,0.0427691331,19.3469039853,14.2857142857,16.2430773465,1.0000000000,0.9717120000,216.5250609234
721,100,0,4,100,100,0,0,37,104,588,100,100,0.0373948281,19.3095091572,25.0000000000,16.4955333069,1.0000000000,0.9680640000,217.3410022478
722,100,0,3,100,100,0,0,37,103,491,100,100,0.0375479608,19.2719611964,33.3333333333,16.5796798927,1.0000000000,0.9668480000,217.6143509631
723,100,0,5,100,100,0,0,37,105,685,100,100,0.0414321736,19.2305290228,20.0000000000,16.4114524317,1.0000000000,0.9692800000,217.0683393859
724,100,0,7,100,100,0,0,37,107,879,100,100,0.0420307924,19.1884982303,14.2857142857,16.2430735308,1.0000000000,0.9717120000,216.5250609234
725,100,0,3,100,100,0,0,37,103,491,100,100,0.0370189750,19.1514792553,33.3333333333,16.5797004867,1.0000000000,0.9668480000,217.6143509631
726,100,0,5,100,100,0,0,37,105,685,100,100,0.0403488595,19.1111303958,20.0000000000,16.4114480134,1.0000000000,0.9692800000,217.0683393859
727,100,0,6,100,100,0,0,37,106,782,100,100,0.0428868563,19.0682435395,16.6666666667,16.3273188818,1.0000000000,0.9704960000,216.7963597995
728,100,0,6,100,100,0,0,37,106,782,100,100,0.0410615586,19.0271819809,16.6666666667,16.3272123578,1.0000000000,0.9704960000,216.7963597995
729,100,0,4,100,100,0,0,37,104,588,100,100,0.0392248765,18.9879571043,25.0000000000,16.4955652750,1.0000000000,0.9680640000,217.3410022478
730,100,0,2,100,100,0,0,37,102,394,100,100,0.0403099884,18.9476471159,50.0000000000,16.6639721933,1.0000000000,0.9656320000,217.8883881230
731,100,0,7,100,100,0,0,37,107,879,100,100,0.0419660722,18.9056810438,14.2857142857,16.2430514551,1.0000000000,0.9717120000,216.5250609234
732,100,0,5,100,100,0,0,37,105,685,100,100,0.0396549105,18.8660261333,20.0000000000,16.4113979838,1.0000000000,0.9692800000,217.0683393859
733,100,0,3,100,100,0,0,37,103,491,100,100,0.0373314066,18.8286947267,33.3333333333,16.5797368691,1.0000000000,0.9668480000,217.6143509631
734,100,0,3,100,100,0,0,37,103,491,100,100,0.0370175812,18.7916771454,33.3333333333,16.5797128234,1.0000000000,0.9668480000,217.6143509631
735,100,0,5,100,100,0,0,37,105,685,100,100,0.0401178415,18.7515593039,20.0000000000,16.4113750994,1.0000000000,0.9692800000,217.0683393859
736,100,0,7,100,100,0,0,37,107,879,100,100,0.0421883746,18.7093709293,14.2857142857,16.2430568444,1.0000000000,0.9717120000,216.5250609234
737,100,0,6,100,100,0,0,37,106,782,100,100,0.0435598359,18.6658110934,16.6666666667,16.3272762569,1.0000000000,0.9704960000,216.7963597995
738,100,0,8,100,100,0,0,37,108,976,100,100,0.0444288549,18.6213822385,12.5000000000,16.1589220915,1.0000000000,0.9729280000,216.2544402052
739,100,0,5,100,100,0,0,37,105,685,100,100,0.0394454887,18.5819367498,20.0000000000,16.4113979553,1.0000000000,0.9692800000,217.0683393859
740,100,0,6,100,100,0,0,37,106,782,100,100,0.0407915595,18.5411451903,16.6666666667,16.3272285283,1.0000000000,0.9704960000,216.7963597995
741,100,0,3,100,100,0,0,38,103,491,100,100,0.0363175844,18.5048276059,33.3333333333,16.5797040493,1.0000000000,0.9668480000,217.6143509631
742,100,0,6,100,100,0,0,38,106,782,100,100,0.0407342181,18.4640933878,16.6666666667,16.3272219778,1.0000000000,0.9704960000,216.7963597995
743,100,0,4,100,100,0,0,38,104,588,100,100,0.0399264825,18.4241669053,25.0000000000,16.4956546073,1.0000000000,0.9680640000,217.3410022478
744,100,0,7,100,100,0,0,38,107,879,100,100,0.0422335119,18.3819333934,14.2857142857,16.2430427931,1.0000000000,0.9717120000,216.5250609234
745,100,0,4,100,100,0,0,38,104,588,100,100,0.0382019746,18.3437314188,25.0000000000,16.4955867156,1.0000000000,0.9680640000,217.3410022478
746,100,0,4,100,100,0,0,38,104,588,100,100,0.0389413982,18.3047900207,25.0000000000,16.4955268485,1.0000000000,0.9680640000,217.3410022478
747,100,0,6,100,100,0,0,38,106,782,100,100,0.0408966626,18.2638933581,16.6666666667,16.3272131218,1.0000000000,0.9704960000,216.7963597995
748,100,0,7,100,100,0,0,38,107,879,100,100,0.0435392000,18.2203541581,14.2857142857,16.2430727359,1.0000000000,0.9717120000,216.5250609234
749,100,0,4,100,100,0,0,38,104,588,100,100,0.0399516233,18.1804025348,25.0000000000,16.4956265042,1.0000000000,0.9680640000,217.3410022478
750,100,0,3,100,100,0,0,38,103,491,100,100,0.0371691221,18.1432334127,33.3333333333,16.5797654500,1.0000000000,0.9668480000,217.6143509631
751,100,0,4,100,100,0,0,38,104,588,100,100,0.0399684980,18.1032649147,25.0000000000,16.4956415335,1.0000000000,0.9680640000,217.3410022478
752,100,0,7,100,100,0,0,38,107,879,100,100,0.0422595470,18.0610053678,14.2857142857,16.2430766277,1.0000000000,0.9717120000,216.5250609234
753,100,0,6,100,100,0,0,38,106,782,100,100,0.0411717903,18.0198335775,16.6666666667,16.3272396532,1.0000000000,0.9704960000,216.7963597995
754,100,0,3,100,100,0,0,38,103,491,100,100,0.0371601419,17.9826734356,33.3333333333,16.5797712677,1.0000000000,0.9668480000,217.6143509631
755,100,0,4,100,100,0,0,38,104,588,100,100,0.0387017360,17.9439716996,25.0000000000,16.4955735254,1.0000000000,0.9680640000,217.3410022478
756,100,0,11,100,100,0,0,38,111,1267,100,100,0.0488115613,17.8951601382,9.0909090909,15.9064205157,1.0000000000,0.9765760000,215.4466216659
757,100,0,5,100,100,0,0,38,105,685,100,100,0.0388199421,17.8563401962,20.0000000000,16.4113926558,1.0000000000,0.9692800000,217.0683393859
758,100,0,4,100,100,0,0,38,104,588,100,100,0.0381788113,17.8181613849,25.0000000000,16.4955411012,1.0000000000,0.9680640000,217.3410022478
759,100,0,7,100,100,0,0,38,107,879,100,100,0.0427535050,17.7754078799,14.2857142857,16.2430575678,1.0000000000,0.9717120000,216.5250609234
760,100,0,1,100,100,0,0,38,101,297,100,100,0.0354783395,17.7399295404,100.0000000000,16.7480094712,1.0000000000,0.9644160000,218.1631163315
761,100,0,4,100,100,0,0,39,104,588,100,100,0.0384559526,17.7014735878,25.0000000000,16.4956039604,1.0000000000,0.9680640000,217.3410022478
762,100,0,5,100,100,0,0,39,105,685,100,100,0.0394702801,17.6620033077,20.0000000000,16.4113780503,1.0000000000,0.9692800000,217.0683393859
763,100,0,3,100,100,0,0,39,103,491,100,100,0.0371698161,17.6248334915,33.3333333333,16.5797417235,1.0000000000,0.9668480000,217.6143509631
764,100,0,8,100,100,0,0,39,108,976,100,100,0.0448620659,17.5799714257,12.5000000000,16.1589124959,1.0000000000,0.9729280000,216.2544402052
765,100,0,5,100,100,0,0,39,105,685,100,100,0.0392041788,17.5407672469,20.0000000000,16.4113877528,1.0000000000,0.9692800000,217.0683393859
766,100,0,4,100,100,0,0,39,104,588,100,100,0.0377642520,17.5030029949,25.0000000000,16.4955737644,1.0000000000,0.9680640000,217.3410022478
767,100,0,3,100,100,0,0,39,103,491,100,100,0.0386433804,17.4643596145,33.3333333333,16.5797898344,1.0000000000,0.9668480000,217.6143509631
768,100,0,5,100,100,0,0,39,105,685,100,100,0.0392210028,17.4251386118,20.0000000000,16.4113543730,1.0000000000,0.9692800000,217.0683393859
769,100,0,3,100,100,0,0,39,103,491,100,100,0.0381990381,17.3869395737,33.3333333333,16.5797751809,1.0000000000,0.9668480000,217.6143509631
770,100,0,7,100,100,0,0,39,107,879,100,100,0.0425200157,17.3444195580,14.2857142857,16.2430418115,1.0000000000,0.9717120000,216.5250609234
771,100,0,7,100,100,0,0,39,107,879,100,100,0.0430414571,17.3013781009,14.2857142857,16.2431137226,1.0000000000,0.9717120000,216.5250609234
772,100,0,8,100,100,0,0,39,108,976,100,100,0.0440169644,17.2573611365,12.5000000000,16.1589266958,1.0000000000,0.9729280000,216.2544402052
773,100,0,2,100,100,0,0,39,102,394,100,100,0.0379156508,17.2194454857,50.0000000000,16.6639989888,1.0000000000,0.9656320000,217.8883881230
774,100,0,9,100,100,0,0,39,109,1073,100,100,0.0452907070,17.1741547787,11.1111111111,16.0747258784,1.0000000000,0.9741440000,215.9844951054
775,100,0,6,100,100,0,0,39,106,782,100,100,0.0405520231,17.1336027556,16.6666666667,16.3272127092,1.0000000000,0.9704960000,216.7963597995
776,100,0,7,100,100,0,0,39,107,879,100,100,0.0428411599,17.0907615957,14.2857142857,16.2430944942,1.0000000000,0.9717120000,216.5250609234
777,100,0,6,100,100,0,0,39,105,782,100,100,0.0433567252,17.0474048705,16.6666666667,16.3272577131,1.0000000000,0.9692800000,217.0683393859
778,100,0,5,100,100,0,0,39,105,685,100,100,0.0397117009,17.0076931696,20.0000000000,16.4113736421,1.0000000000,0.9692800000,217.0683393859
779,100,0,1,100,100,0,0,39,101,297,100,100,0.0370058573,16.9706873124,100.0000000000,16.7480813581,1.0000000000,0.9644160000,218.1631163315
780,100,0,2,100,100,0,0,39,102,394,100,100,0.0364400512,16.9342472612,50.0000000000,16.6638768126,1.0000000000,0.9656320000,217.8883881230
781,100,0,4,100,100,0,0,40,104,588,100,100,0.0395307868,16.8947164744,25.0000000000,16.4956485765,1.0000000000,0.9680640000,217.3410022478
782,100,0,6,100,100,0,0,40,106,782,100,100,0.0406670757,16.8540493987,16.6666666667,16.3272471309,1.0000000000,0.9704960000,216.7963597995
783,100,0,3,100,100,0,0,40,103,491,100,100,0.0453674360,16.8086819627,33.3333333333,16.5798853536,1.0000000000,0.9668480000,217.6143509631
784,100,0,6,100,100,0,0,40,106,782,100,100,0.0406635272,16.7680184355,16.6666666667,16.3272280313,1.0000000000,0.9704960000,216.7963597995
785,100,0,1,100,100,0,0,40,101,297,100,100,0.0445716691,16.7234467664,100.0000000000,16.7482406975,1.0000000000,0.9644160000,218.1631163315
786,100,0,7,100,100,0,0,40,107,879,100,100,0.0421711330,16.6812756334,14.2857142857,16.2430579467,1.0000000000,0.9717120000,216.5250609234
787,100,0,7,100,100,0,0,40,107,879,100,100,0.0420099884,16.6392656451,14.2857142857,16.2430510996,1.0000000000,0.9717120000,216.5250609234
788,100,0,3,100,100,0,0,40,103,491,100,100,0.0369262140,16.6023394311,33.3333333333,16.5797751896,1.0000000000,0.9668480000,217.6143509631
789,100,0,6,100,100,0,0,40,106,782,100,100,0.0414605975,16.5608788335,16.6666666667,16.3272194408,1.0000000000,0.9704960000,216.7963597995
790,100,0,4,100,100,0,0,40,104,588,100,100,0.0380085586,16.5228702749,25.0000000000,16.4955279401,1.0000000000,0.9680640000,217.3410022478
791,100,0,6,100,100,0,0,40,106,782,100,100,0.0411416849,16.4817285901,16.6666666667,16.3272321157,1.0000000000,0.9704960000,216.7963597995
792,100,0,5,100,100,0,0,40,105,685,100,100,0.0402819562,16.4414466339,20.0000000000,16.4113847407,1.0000000000,0.9692800000,217.0683393859
793,100,0,7,100,100,0,0,40,106,879,100,100,0.0421179778,16.3993286561,14.2857142857,16.2430461777,1.0000000000,0.9704960000,216.7963597995
794,100,0,4,100,100,0,0,40,104,588,100,100,0.0394845735,16.3598440826,25.0000000000,16.4955612073,1.0000000000,0.9680640000,217.3410022478
795,100,0,12,100,100,0,0,40,112,1364,100,100,0.0503422188,16.3095018638,8.3333333333,15.8222476937,1.0000000000,0.9777920000,215.1786883100
796,100,0,1,100,100,0,0,40,101,297,100,100,0.0419559407,16.2675459231,100.0000000000,16.7482012038,1.0000000000,0.9644160000,218.1631163315
797,100,0,3,100,100,0,0,40,103,491,100,100,0.0430670113,16.2244789119,33.3333333333,16.5798465425,1.0000000000,0.9668480000,217.6143509631
798,100,0,4,100,100,0,0,40,104,588,100,100,0.0382770463,16.1862018656,25.0000000000,16.4955220670,1.0000000000,0.9680640000,217.3410022478
799,100,0,6,100,100,0,0,40,106,782,100,100,0.0410050965,16.1451967691,16.6666666667,16.3272148358,1.0000000000,0.9704960000,216.7963597995
800,100,0,5,100,100,0,0,40,105,685,100,100,0.0392776885,16.1059190806,20.0000000000,16.4113933401,1.0000000000,0.9692800000,217.0683393859
801,100,0,8,100,100,0,0,41,108,976,100,100,0.0441078298,16.0618112507,12.5000000000,16.1589141579,1.0000000000,0.9729280000,216.2544402052
802,100,0,5,100,100,0,0,41,105,685,100,100,0.0396692979,16.0221419529,20.0000000000,16.4114004791,1.0000000000,0.9692800000,217.0683393859
803,100,0,8,100,100,0,0,41,108,976,100,100,0.0437197147,15.9784222381,12.5000000000,16.1589037549,1.0000000000,0.9729280000,216.2544402052
804,100,0,6,100,100,0,0,41,106,782,100,100,0.0407454370,15.9376768011,16.6666666667,16.3272470582,1.0000000000,0.9704960000,216.7963597995
805,100,0,7,100,100,0,0,41,107,879,100,100,0.0433967613,15.8942800398,14.2857142857,16.2430755350,1.0000000000,0.9717120000,216.5250609234
806,100,0,6,100,100,0,0,41,106,782,100,100,0.0409106096,15.8533694302,16.6666666667,16.3272248147,1.0000000000,0.9704960000,216.7963597995
807,100,0,2,100,100,0,0,41,102,394,100,100,0.0371210173,15.8162484129,50.0000000000,16.6638747903,1.0000000000,0.9656320000,217.8883881230
808,100,0,6,100,100,0,0,41,106,782,100,100,0.0416577681,15.7745906448,16.6666666667,16.3272117660,1.0000000000,0.9704960000,216.7963597995
809,100,0,6,100,100,0,0,41,106,782,100,100,0.0409142766,15.7336763681,16.6666666667,16.3272050845,1.0000000000,0.9704960000,216.7963597995
810,100,0,1,100,100,0,0,41,101,297,100,100,0.0413267423,15.6923496259,100.0000000000,16.7481959097,1.0000000000,0.9644160000,218.1631163315
811,100,0,4,100,100,0,0,41,104,588,100,100,0.0385474239,15.6538022020,25.0000000000,16.4955722727,1.0000000000,0.9680640000,217.3410022478
812,100,0,3,100,100,0,0,41,103,491,100,100,0.0367566003,15.6170456016,33.3333333333,16.5797370537,1.0000000000,0.9668480000,217.6143509631
813,100,0,4,100,100,0,0,41,104,588,100,100,0.0394855186,15.5775600831,25.0000000000,16.4955821592,1.0000000000,0.9680640000,217.3410022478
814,100,0,5,100,100,0,0,41,104,685,100,100,0.0406913450,15.5368687381,20.0000000000,16.4114675630,1.0000000000,0.9680640000,217.3410022478
815,100,0,6,100,100,0,0,41,106,782,100,100,0.0409964405,15.4958722976,16.6666666667,16.3272397691,1.0000000000,0.9704960000,216.7963597995
816,100,0,1,100,100,0,0,41,101,297,100,100,0.0409250774,15.4549472202,100.0000000000,16.7481703916,1.0000000000,0.9644160000,218.1631163315
817,100,0,9,100,100,0,0,41,109,1073,100,100,0.0452235112,15.4097237090,11.1111111111,16.0747186926,1.0000000000,0.9741440000,215.9844951054
818,100,0,6,100,100,0,0,41,106,782,100,100,0.0409837680,15.3687399410,16.6666666667,16.3272264512,1.0000000000,0.9704960000,216.7963597995
819,100,0,6,100,100,0,0,41,106,782,100,100,0.0408018874,15.3279380537,16.6666666667,16.3272051882,1.0000000000,0.9704960000,216.7963597995
820,100,0,1,100,100,0,0,41,101,297,100,100,0.0383545913,15.2895834623,100.0000000000,16.7481139056,1.0000000000,0.9644160000,218.1631163315
821,100,0,4,100,100,0,0,42,104,588,100,100,0.0387883819,15.2507950805,25.0000000000,16.4955670228,1.0000000000,0.9680640000,217.3410022478
822,100,0,2,100,100,0,0,42,102,394,100,100,0.0381342319,15.2126608486,50.0000000000,16.6639239294,1.0000000000,0.9656320000,217.8883881230
823,100,0,5,100,100,0,0,42,105,685,100,100,0.0394213216,15.1732395269,20.0000000000,16.4114096947,1.0000000000,0.9692800000,217.0683393859
824,100,0,7,100,100,0,0,42,107,879,100,100,0.0422849533,15.1309545736,14.2857142857,16.2430878295,1.0000000000,0.9717120000,216.5250609234
825,100,0,2,100,100,0,0,42,102,394,100,100,0.0370260481,15.0939285255,50.0000000000,16.6639615983,1.0000000000,0.9656320000,217.8883881230
826,100,0,8,100,100,0,0,42,108,976,100,100,0.0438438199,15.0500847055,12.5000000000,16.1588967088,1.0000000000,0.9729280000,216.2544402052
827,100,0,4,100,100,0,0,42,104,588,100,100,0.0386143993,15.0114703062,25.0000000000,16.4955565494,1.0000000000,0.9680640000,217.3410022478
828,100,0,3,100,100,0,0,42,103,491,100,100,0.0376384922,14.9738318141,33.3333333333,16.5796792874,1.0000000000,0.9668480000,217.6143509631
829,100,0,2,100,100,0,0,42,102,394,100,100,0.0421848099,14.9316470042,50.0000000000,16.6640384564,1.0000000000,0.9656320000,217.8883881230
830,100,0,6,100,100,0,0,42,106,782,100,100,0.0403411302,14.8913058740,16.6666666667,16.3272091628,1.0000000000,0.9704960000,216.7963597995
831,100,0,5,100,100,0,0,42,105,685,100,100,0.0396652840,14.8516405900,20.0000000000,16.4113883044,1.0000000000,0.9692800000,217.0683393859
832,100,0,7,100,100,0,0,42,107,879,100,100,0.0422181464,14.8094224436,14.2857142857,16.2430720339,1.0000000000,0.9717120000,216.5250609234
833,100,0,5,100,100,0,0,42,105,685,100,100,0.0401164192,14.7693060244,20.0000000000,16.4114300030,1.0000000000,0.9692800000,217.0683393859
834,100,0,7,100,100,0,0,42,106,879,100,100,0.0424380913,14.7268679331,14.2857142857,16.2430770981,1.0000000000,0.9704960000,216.7963597995
835,100,0,1,100,100,0,0,42,101,297,100,100,0.0392297869,14.6876381463,100.0000000000,16.7481573949,1.0000000000,0.9644160000,218.1631163315
836,100,0,9,100,100,0,0,42,109,1073,100,100,0.0453756350,14.6422625112,11.1111111111,16.0747307635,1.0000000000,0.9741440000,215.9844951054
837,100,0,7,100,100,0,0,42,107,879,100,100,0.0428116092,14.5994509020,14.2857142857,16.2430762096,1.0000000000,0.9717120000,216.5250609234
838,100,0,7,100,100,0,0,42,107,879,100,100,0.0427753172,14.5566755848,14.2857142857,16.2430528361,1.0000000000,0.9717120000,216.5250609234
839,100,0,4,100,100,0,0,42,104,588,100,100,0.0389427289,14.5177328559,25.0000000000,16.4955513689,1.0000000000,0.9680640000,217.3410022478
840,100,0,5,100,100,0,0,42,105,685,100,100,0.0394874291,14.4782454267,20.0000000000,16.4113910970,1.0000000000,0.9692800000,217.0683393859
841,100,0,6,100,100,0,0,43,106,782,100,100,0.0410070729,14.4372383538,16.6666666667,16.3272306715,1.0000000000,0.9704960000,216.7963597995
842,100,0,3,100,100,0,0,43,103,491,100,100,0.0374135597,14.3998247941,33.3333333333,16.5797694119,1.0000000000,0.9668480000,217.6143509631
843,100,0,2,100,100,0,0,43,102,394,100,100,0.0386178680,14.3612069261,50.0000000000,16.6639494225,1.0000000000,0.9656320000,217.8883881230
844,100,0,2,100,100,0,0,43,102,394,100,100,0.0367095158,14.3244974103,50.0000000000,16.6639682164,1.0000000000,0.9656320000,217.8883881230
845,100,0,9,100,100,0,0,43,109,1073,100,100,0.0461356335,14.2783617768,11.1111111111,16.0747228395,1.0000000000,0.9741440000,215.9844951054
846,100,0,8,100,100,0,0,43,108,976,100,100,0.0435948124,14.2347669644,12.5000000000,16.1588853048,1.0000000000,0.9729280000,216.2544402052
847,100,0,7,100,100,0,0,43,107,879,100,100,0.0424138554,14.1923531090,14.2857142857,16.2430810130,1.0000000000,0.9717120000,216.5250609234
848,100,0,5,100,100,0,0,43,104,685,100,100,0.0412561888,14.1510969202,20.0000000000,16.4113733432,1.0000000000,0.9680640000,217.3410022478
849,100,0,4,100,100,0,0,43,104,588,100,100,0.0381070364,14.1129898838,25.0000000000,16.4955669879,1.0000000000,0.9680640000,217.3410022478
850,100,0,7,100,100,0,0,43,107,879,100,100,0.0426887276,14.0703011562,14.2857142857,16.2430405593,1.0000000000,0.9717120000,216.5250609234
851,100,0,7,100,100,0,0,43,107,879,100,100,0.0441463626,14.0261547936,14.2857142857,16.2430992937,1.0000000000,0.9717120000,216.5250609234
852,100,0,5,100,100,0,0,43,105,685,100,100,0.0394761450,13.9866786487,20.0000000000,16.4113789186,1.0000000000,0.9692800000,217.0683393859
853,100,0,5,100,100,0,0,43,105,685,100,100,0.0404123154,13.9462663333,20.0000000000,16.4114249195,1.0000000000,0.9692800000,217.0683393859
854,100,0,5,100,100,0,0,43,105,685,100,100,0.0398144945,13.9064518388,20.0000000000,16.4114090788,1.0000000000,0.9692800000,217.0683393859
855,100,0,3,100,100,0,0,43,103,491,100,100,0.0373550906,13.8690967482,33.3333333333,16.5797311034,1.0000000000,0.9668480000,217.6143509631
856,100,0,8,100,100,0,0,43,108,976,100,100,0.0449714768,13.8241252714,12.5000000000,16.1589036584,1.0000000000,0.9729280000,216.2544402052
857,100,0,3,100,100,0,0,43,103,491,100,100,0.0372310027,13.7868942687,33.3333333333,16.5797105429,1.0000000000,0.9668480000,217.6143509631
858,100,0,2,100,100,0,0,43,102,394,100,100,0.0357795999,13.7511146687,50.0000000000,16.6638972705,1.0000000000,0.9656320000,217.8883881230
859,100,0,4,100,100,0,0,43,104,588,100,100,0.0376644101,13.7134502587,25.0000000000,16.4955442325,1.0000000000,0.9680640000,217.3410022478
860,100,0,5,100,100,0,0,43,105,685,100,100,0.0405136745,13.6729365842,20.0000000000,16.4114093034,1.0000000000,0.9692800000,217.0683393859
861,100,0,4,100,100,0,0,44,104,588,100,100,0.0400235677,13.6329130165,25.0000000000,16.4955950014,1.0000000000,0.9680640000,217.3410022478
862,100,0,4,100,100,0,0,44,104,588,100,100,0.0387688520,13.5941441645,25.0000000000,16.4955819844,1.0000000000,0.9680640000,217.3410022478
863,100,0,10,100,100,0,0,44,109,1170,100,100,0.0472709762,13.5468731882,10.0000000000,15.9905630625,1.0000000000,0.9741440000,215.9844951054
864,100,0,4,100,100,0,0,44,104,588,100,100,0.0411264541,13.5057467341,25.0000000000,16.4956310194,1.0000000000,0.9680640000,217.3410022478
865,100,0,8,100,100,0,0,44,108,976,100,100,0.0445198816,13.4612268526,12.5000000000,16.1589110658,1.0000000000,0.9729280000,216.2544402052
866,100,0,8,100,100,0,0,44,108,976,100,100,0.0443899758,13.4168368768,12.5000000000,16.1588875622,1.0000000000,0.9729280000,216.2544402052
867,100,0,2,100,100,0,0,44,102,394,100,100,0.0356349078,13.3812019690,50.0000000000,16.6638594156,1.0000000000,0.9656320000,217.8883881230
868,100,0,5,100,100,0,0,44,105,685,100,100,0.0395184057,13.3416835633,20.0000000000,16.4114138541,1.0000000000,0.9692800000,217.0683393859
869,100,0,6,100,100,0,0,44,106,782,100,100,0.0412392103,13.3004443530,16.6666666667,16.3272398705,1.0000000000,0.9704960000,216.7963597995
870,100,0,6,100,100,0,0,44,106,782,100,100,0.0425438556,13.2579004974,16.6666666667,16.3272636923,1.0000000000,0.9704960000,216.7963597995
871,100,0,4,100,100,0,0,44,104,588,100,100,0.0373437644,13.2205567330,25.0000000000,16.4955463123,1.0000000000,0.9680640000,217.3410022478
872,100,0,3,100,100,0,0,44,103,491,100,100,0.0364234826,13.1841332504,33.3333333333,16.5797333055,1.0000000000,0.9668480000,217.6143509631
873,100,0,3,100,100,0,0,44,103,491,100,100,0.0373274232,13.1468058272,33.3333333333,16.5797247241,1.0000000000,0.9668480000,217.6143509631
874,100,0,2,100,100,0,0,44,102,394,100,100,0.0394889147,13.1073169126,50.0000000000,16.6640074064,1.0000000000,0.9656320000,217.8883881230
875,100,0,4,100,100,0,0,44,104,588,100,100,0.0379305975,13.0693863151,25.0000000000,16.4955369511,1.0000000000,0.9680640000,217.3410022478
876,100,0,7,100,100,0,0,44,107,879,100,100,0.0425532422,13.0268330729,14.2857142857,16.2430853270,1.0000000000,0.9717120000,216.5250609234
877,100,0,5,100,100,0,0,44,105,685,100,100,0.0395349689,12.9872981040,20.0000000000,16.4114215390,1.0000000000,0.9692800000,217.0683393859
878,100,0,5,100,100,0,0,44,105,685,100,100,0.0389646568,12.9483334472,20.0000000000,16.4113814172,1.0000000000,0.9692800000,217.0683393859
879,100,0,4,100,100,0,0,44,104,588,100,100,0.0384240143,12.9099094329,25.0000000000,16.4955244839,1.0000000000,0.9680640000,217.3410022478
880,100,0,6,100,100,0,0,44,106,782,100,100,0.0406567362,12.8692526967,16.6666666667,16.3272221144,1.0000000000,0.9704960000,216.7963597995
881,100,0,9,100,100,0,0,45,109,1073,100,100,0.0459885651,12.8232641317,11.1111111111,16.0747383411,1.0000000000,0.9741440000,215.9844951054
882,100,0,5,100,100,0,0,45,105,685,100,100,0.0395810510,12.7836830807,20.0000000000,16.4113762744,1.0000000000,0.9692800000,217.0683393859
883,100,0,4,100,100,0,0,45,104,588,100,100,0.0378181314,12.7458649493,25.0000000000,16.4955565382,1.0000000000,0.9680640000,217.3410022478
884,100,0,5,100,100,0,0,45,105,685,100,100,0.0392117955,12.7066531538,20.0000000000,16.4114021948,1.0000000000,0.9692800000,217.0683393859
885,100,0,8,100,100,0,0,45,108,976,100,100,0.0446742075,12.6619789463,12.5000000000,16.1588961462,1.0000000000,0.9729280000,216.2544402052
886,100,0,1,100,100,0,0,45,101,297,100,100,0.0368338167,12.6251451296,100.0000000000,16.7480671728,1.0000000000,0.9644160000,218.1631163315
887,100,0,3,100,100,0,0,45,103,491,100,100,0.0370452473,12.5880998822,33.3333333333,16.5797108865,1.0000000000,0.9668480000,217.6143509631
888,100,0,6,100,100,0,0,45,106,782,100,100,0.0407621935,12.5473376888,16.6666666667,16.3272311712,1.0000000000,0.9704960000,216.7963597995
889,100,0,4,100,100,0,0,45,104,588,100,100,0.0378616992,12.5094759896,25.0000000000,16.4955316510,1.0000000000,0.9680640000,217.3410022478
890,100,0,4,100,100,0,0,45,104,588,100,100,0.0393148700,12.4701611196,25.0000000000,16.4956185517,1.0000000000,0.9680640000,217.3410022478
891,100,0,3,100,100,0,0,45,103,491,100,100,0.0390896181,12.4310715015,33.3333333333,16.5797562040,1.0000000000,0.9668480000,217.6143509631
892,100,0,4,100,100,0,0,45,104,588,100,100,0.0385195732,12.3925519283,25.0000000000,16.4955584903,1.0000000000,0.9680640000,217.3410022478
893,100,0,6,100,100,0,0,45,106,782,100,100,0.0421479652,12.3504039630,16.6666666667,16.3272423342,1.0000000000,0.9704960000,216.7963597995
894,100,0,3,100,100,0,0,45,103,491,100,100,0.0370504988,12.3133534642,33.3333333333,16.5797270026,1.0000000000,0.9668480000,217.6143509631
895,100,0,5,100,100,0,0,45,105,685,100,100,0.0393972598,12.2739562044,20.0000000000,16.4113784898,1.0000000000,0.9692800000,217.0683393859
896,100,0,8,100,100,0,0,45,108,976,100,100,0.0441986173,12.2297575871,12.5000000000,16.1589211431,1.0000000000,0.9729280000,216.2544402052
897,100,0,7,100,100,0,0,45,107,879,100,100,0.0421052946,12.1876522925,14.2857142857,16.2430539455,1.0000000000,0.9717120000,216.5250609234
898,100,0,6,100,100,0,0,45,106,782,100,100,0.0411479210,12.1465043715,16.6666666667,16.3272406179,1.0000000000,0.9704960000,216.7963597995
899,100,0,5,100,100,0,0,45,105,685,100,100,0.0396146021,12.1068897694,20.0000000000,16.4114094325,1.0000000000,0.9692800000,217.0683393859
900,100,0,4,100,100,0,0,45,104,588,100,100,0.0384225312,12.0684672383,25.0000000000,16.4956060225,1.0000000000,0.9680640000,217.3410022478
901,100,0,5,100,100,0,0,46,105,685,100,100,0.0410459754,12.0274212629,20.0000000000,16.4114347371,1.0000000000,0.9692800000,217.0683393859
902,100,0,7,100,100,0,0,46,107,879,100,100,0.0423482372,11.9850730257,14.2857142857,16.2430642055,1.0000000000,0.9717120000,216.5250609234
903,100,0,7,100,100,0,0,46,107,879,100,100,0.0421865409,11.9428864849,14.2857142857,16.2430572420,1.0000000000,0.9717120000,216.5250609234
904,100,0,7,100,100,0,0,46,107,879,100,100,0.0420375066,11.9008489783,14.2857142857,16.2430572470,1.0000000000,0.9717120000,216.5250609234
905,100,0,1,100,100,0,0,46,101,297,100,100,0.0393152295,11.8615337488,100.0000000000,16.7481533297,1.0000000000,0.9644160000,218.1631163315
906,100,0,6,100,100,0,0,46,106,782,100,100,0.0409206305,11.8206131183,16.6666666667,16.3272291920,1.0000000000,0.9704960000,216.7963597995
907,100,0,5,100,100,0,0,46,105,685,100,100,0.0391749761,11.7814381422,20.0000000000,16.4113745522,1.0000000000,0.9692800000,217.0683393859
908,100,0,3,100,100,0,0,46,103,491,100,100,0.0370843191,11.7443538231,33.3333333333,16.5796783132,1.0000000000,0.9668480000,217.6143509631
909,100,0,3,100,100,0,0,46,103,491,100,100,0.0378115060,11.7065423171,33.3333333333,16.5797997105,1.0000000000,0.9668480000,217.6143509631
910,100,0,5,100,100,0,0,46,105,685,100,100,0.0393842966,11.6671580205,20.0000000000,16.4114127062,1.0000000000,0.9692800000,217.0683393859
911,100,0,6,100,100,0,0,46,106,782,100,100,0.0410749429,11.6260830775,16.6666666667,16.3272463511,1.0000000000,0.9704960000,216.7963597995
912,100,0,4,100,100,0,0,46,104,588,100,100,0.0385858569,11.5874972206,25.0000000000,16.4955700714,1.0000000000,0.9680640000,217.3410022478
913,100,0,4,100,100,0,0,46,104,588,100,100,0.0380449165,11.5494523041,25.0000000000,16.4955374058,1.0000000000,0.9680640000,217.3410022478
914,100,0,6,100,100,0,0,46,106,782,100,100,0.0410082367,11.5084440674,16.6666666667,16.3272217142,1.0000000000,0.9704960000,216.7963597995
915,100,0,3,100,100,0,0,46,103,491,100,100,0.0367217006,11.4717223668,33.3333333333,16.5797028645,1.0000000000,0.9668480000,217.6143509631
916,100,0,6,100,100,0,0,46,106,782,100,100,0.0405068641,11.4312155027,16.6666666667,16.3272344216,1.0000000000,0.9704960000,216.7963597995
917,100,0,5,100,100,0,0,46,105,685,100,100,0.0395868833,11.3916286194,20.0000000000,16.4114138748,1.0000000000,0.9692800000,217.0683393859
918,100,0,2,100,100,0,0,46,102,394,100,100,0.0359567776,11.3556718418,50.0000000000,16.6638645167,1.0000000000,0.9656320000,217.8883881230
919,100,0,6,100,100,0,0,46,106,782,100,100,0.0409857307,11.3146861111,16.6666666667,16.3272200381,1.0000000000,0.9704960000,216.7963597995
920,100,0,9,100,100,0,0,46,109,1073,100,100,0.0455385059,11.2691476053,11.1111111111,16.0747362757,1.0000000000,0.9741440000,215.9844951054
921,100,0,7,100,100,0,0,47,107,879,100,100,0.0434683758,11.2256792295,14.2857142857,16.2431187007,1.0000000000,0.9717120000,216.5250609234
922,100,0,5,100,100,0,0,47,105,685,100,100,0.0391576176,11.1865216118,20.0000000000,16.4113981197,1.0000000000,0.9692800000,217.0683393859
923,100,0,1,100,100,0,0,47,101,297,100,100,0.0442464607,11.1422751511,100.0000000000,16.7482297932,1.0000000000,0.9644160000,218.1631163315
924,100,0,7,100,100,0,0,47,106,879,100,100,0.0422629000,11.1000122511,14.2857142857,16.2430642748,1.0000000000,0.9704960000,216.7963597995
925,100,0,5,100,100,0,0,47,105,685,100,100,0.0401005052,11.0599117459,20.0000000000,16.4114301917,1.0000000000,0.9692800000,217.0683393859
926,100,0,3,100,100,0,0,47,103,491,100,100,0.0376173609,11.0222943850,33.3333333333,16.5797108077,1.0000000000,0.9668480000,217.6143509631
927,100,0,4,100,100,0,0,47,104,588,100,100,0.0379022690,10.9843921160,25.0000000000,16.4955372572,1.0000000000,0.9680640000,217.3410022478
928,100,0,4,100,100,0,0,47,104,588,100,100,0.0404963786,10.9438957374,25.0000000000,16.4956161012,1.0000000000,0.9680640000,217.3410022478
929,100,0,4,100,100,0,0,47,104,588,100,100,0.0384247569,10.9054709805,25.0000000000,16.4955526753,1.0000000000,0.9680640000,217.3410022478
930,100,0,5,100,100,0,0,47,105,685,100,100,0.0391193409,10.8663516396,20.0000000000,16.4113774732,1.0000000000,0.9692800000,217.0683393859
931,100,0,6,100,100,0,0,47,106,782,100,100,0.0415165748,10.8248350648,16.6666666667,16.3272282725,1.0000000000,0.9704960000,216.7963597995
932,100,0,4,100,100,0,0,47,104,588,100,100,0.0380521114,10.7867829534,25.0000000000,16.4955506463,1.0000000000,0.9680640000,217.3410022478
933,100,0,7,100,100,0,0,47,107,879,100,100,0.0424196021,10.7443633513,14.2857142857,16.2430782423,1.0000000000,0.9717120000,216.5250609234
934,100,0,10,100,100,0,0,47,110,1170,100,100,0.0476941959,10.6966691554,10.0000000000,15.9905648734,1.0000000000,0.9753600000,215.7152230971
935,100,0,4,100,100,0,0,47,104,588,100,100,0.0392422509,10.6574269045,25.0000000000,16.4956002824,1.0000000000,0.9680640000,217.3410022478
936,100,0,3,100,100,0,0,47,103,491,100,100,0.0369670215,10.6204598830,33.3333333333,16.5797713979,1.0000000000,0.9668480000,217.6143509631
937,100,0,3,100,100,0,0,47,103,491,100,100,0.0381558790,10.5823040040,33.3333333333,16.5797895617,1.0000000000,0.9668480000,217.6143509631
938,100,0,5,100,100,0,0,47,105,685,100,100,0.0401705394,10.5421334646,20.0000000000,16.4113615483,1.0000000000,0.9692800000,217.0683393859
939,100,0,8,100,100,0,0,47,108,976,100,100,0.0440855181,10.4980479465,12.5000000000,16.1589063817,1.0000000000,0.9729280000,216.2544402052
940,100,0,5,100,100,0,0,47,105,685,100,100,0.0405644379,10.4574835086,20.0000000000,16.4114256591,1.0000000000,0.9692800000,217.0683393859
941,100,0,8,100,100,0,0,48,108,976,100,100,0.0437871805,10.4136963281,12.5000000000,16.1588994215,1.0000000000,0.9729280000,216.2544402052
942,100,0,3,100,100,0,0,48,103,491,100,100,0.0363532747,10.3773430534,33.3333333333,16.5797386389,1.0000000000,0.9668480000,217.6143509631
943,100,0,3,100,100,0,0,48,103,491,100,100,0.0369765001,10.3403665532,33.3333333333,16.5797647931,1.0000000000,0.9668480000,217.6143509631
944,100,0,7,100,100,0,0,48,107,879,100,100,0.0423769212,10.2979896320,14.2857142857,16.2430634699,1.0000000000,0.9717120000,216.5250609234
945,100,0,5,100,100,0,0,48,105,685,100,100,0.0395658224,10.2584238096,20.0000000000,16.4113742716,1.0000000000,0.9692800000,217.0683393859
946,100,0,6,100,100,0,0,48,106,782,100,100,0.0415442040,10.2168796056,16.6666666667,16.3272173640,1.0000000000,0.9704960000,216.7963597995
947,100,0,6,100,100,0,0,48,106,782,100,100,0.0408119622,10.1760676434,16.6666666667,16.3272324105,1.0000000000,0.9704960000,216.7963597995
948,100,0,7,100,100,0,0,48,106,879,100,100,0.0430597023,10.1330079411,14.2857142857,16.2430934192,1.0000000000,0.9704960000,216.7963597995
949,100,0,7,100,100,0,0,48,107,879,100,100,0.0436300023,10.0893779388,14.2857142857,16.2430441428,1.0000000000,0.9717120000,216.5250609234
950,100,0,5,100,100,0,0,48,105,685,100,100,0.0398806798,10.0494972590,20.0000000000,16.4114147087,1.0000000000,0.9692800000,217.0683393859
951,100,0,6,100,100,0,0,48,106,782,100,100,0.0415043562,10.0079929028,16.6666666667,16.3272355120,1.0000000000,0.9704960000,216.7963597995
952,100,0,4,100,100,0,0,48,104,588,100,100,0.0391132416,9.9688796612,25.0000000000,16.4955619261,1.0000000000,0.9680640000,217.3410022478
953,100,0,4,100,100,0,0,48,104,588,100,100,0.0386524444,9.9302272168,25.0000000000,16.4956062742,1.0000000000,0.9680640000,217.3410022478
954,100,0,3,100,100,0,0,48,103,491,100,100,0.0384849175,9.8917422993,33.3333333333,16.5797627190,1.0000000000,0.9668480000,217.6143509631
955,100,0,8,100,100,0,0,48,108,976,100,100,0.0442114067,9.8475308927,12.5000000000,16.1588988147,1.0000000000,0.9729280000,216.2544402052
956,100,0,4,100,100,0,0,48,104,588,100,100,0.0379171047,9.8096137880,25.0000000000,16.4955874165,1.0000000000,0.9680640000,217.3410022478
957,100,0,4,100,100,0,0,48,104,588,100,100,0.0391811888,9.7704325992,25.0000000000,16.4956056566,1.0000000000,0.9680640000,217.3410022478
958,100,0,2,100,100,0,0,48,102,394,100,100,0.0362893577,9.7341432416,50.0000000000,16.6638604797,1.0000000000,0.9656320000,217.8883881230
959,100,0,6,100,100,0,0,48,106,782,100,100,0.0406486473,9.6934945943,16.6666666667,16.3272175687,1.0000000000,0.9704960000,216.7963597995
960,100,0,2,100,100,0,0,48,102,394,100,100,0.0392933136,9.6542012807,50.0000000000,16.6640175262,1.0000000000,0.9656320000,217.8883881230
961,100,0,3,100,100,0,0,49,103,491,100,100,0.0366450838,9.6175561968,33.3333333333,16.5797151386,1.0000000000,0.9668480000,217.6143509631
962,100,0,5,100,100,0,0,49,105,685,100,100,0.0395973842,9.5779588126,20.0000000000,16.4113792242,1.0000000000,0.9692800000,217.0683393859
963,100,0,6,100,100,0,0,49,106,782,100,100,0.0407937457,9.5371650669,16.6666666667,16.3272174874,1.0000000000,0.9704960000,216.7963597995
964,100,0,2,100,100,0,0,49,102,394,100,100,0.0377778701,9.4993871968,50.0000000000,16.6639002397,1.0000000000,0.9656320000,217.8883881230
965,100,0,6,100,100,0,0,49,106,782,100,100,0.0415359667,9.4578512301,16.6666666667,16.3272532573,1.0000000000,0.9704960000,216.7963597995
966,100,0,10,100,100,0,0,49,110,1170,100,100,0.0470841196,9.4107671104,10.0000000000,15.9905593349,1.0000000000,0.9753600000,215.7152230971
967,100,0,8,100,100,0,0,49,108,976,100,100,0.0440747917,9.3666923188,12.5000000000,16.1589292685,1.0000000000,0.9729280000,216.2544402052
968,100,0,3,100,100,0,0,49,103,491,100,100,0.0370878857,9.3296044331,33.3333333333,16.5796941040,1.0000000000,0.9668480000,217.6143509631
969,100,0,6,100,100,0,0,49,106,782,100,100,0.0410444990,9.2885599341,16.6666666667,16.3272148428,1.0000000000,0.9704960000,216.7963597995
970,100,0,4,100,100,0,0,49,104,588,100,100,0.0402964919,9.2482634422,25.0000000000,16.4955919788,1.0000000000,0.9680640000,217.3410022478
971,100,0,6,100,100,0,0,49,106,782,100,100,0.0414452709,9.2068181713,16.6666666667,16.3272647049,1.0000000000,0.9704960000,216.7963597995
972,100,0,5,100,100,0,0,49,105,685,100,100,0.0398140606,9.1670041107,20.0000000000,16.4113863828,1.0000000000,0.9692800000,217.0683393859
973,100,0,4,100,100,0,0,49,104,588,100,100,0.0380457326,9.1289583781,25.0000000000,16.4955646351,1.0000000000,0.9680640000,217.3410022478
974,100,0,2,100,100,0,0,49,102,394,100,100,0.0361590890,9.0927992891,50.0000000000,16.6638844918,1.0000000000,0.9656320000,217.8883881230
975,100,0,4,100,100,0,0,49,104,588,100,100,0.0395741104,9.0532251787,25.0000000000,16.4955604341,1.0000000000,0.9680640000,217.3410022478
976,100,0,7,100,100,0,0,49,106,879,100,100,0.0431442795,9.0100808992,14.2857142857,16.2430833357,1.0000000000,0.9704960000,216.7963597995
977,100,0,5,100,100,0,0,49,105,685,100,100,0.0396701934,8.9704107058,20.0000000000,16.4114243336,1.0000000000,0.9692800000,217.0683393859
978,100,0,6,100,100,0,0,49,106,782,100,100,0.0410397792,8.9293709266,16.6666666667,16.3272354679,1.0000000000,0.9704960000,216.7963597995
979,100,0,4,100,100,0,0,49,104,588,100,100,0.0382307021,8.8911402245,25.0000000000,16.4955238950,1.0000000000,0.9680640000,217.3410022478
980,100,0,4,100,100,0,0,49,104,588,100,100,0.0382909266,8.8528492979,25.0000000000,16.4955921383,1.0000000000,0.9680640000,217.3410022478
981,100,0,1,100,100,0,0,50,101,297,100,100,0.0424186200,8.8104306779,100.0000000000,16.7482083385,1.0000000000,0.9644160000,218.1631163315
982,100,0,5,100,100,0,0,50,105,685,100,100,0.0427533429,8.7676773351,20.0000000000,16.4114653534,1.0000000000,0.9692800000,217.0683393859
983,100,0,5,100,100,0,0,50,105,685,100,100,0.0409328989,8.7267444362,20.0000000000,16.4114055213,1.0000000000,0.9692800000,217.0683393859
984,100,0,4,100,100,0,0,50,104,588,100,100,0.0378952432,8.6888491931,25.0000000000,16.4955610990,1.0000000000,0.9680640000,217.3410022478
985,100,0,4,100,100,0,0,50,104,588,100,100,0.0380172774,8.6508319157,25.0000000000,16.4955563203,1.0000000000,0.9680640000,217.3410022478
986,100,0,3,100,100,0,0,50,103,491,100,100,0.0383495769,8.6124823388,33.3333333333,16.5797335435,1.0000000000,0.9668480000,217.6143509631
987,100,0,7,100,100,0,0,50,107,879,100,100,0.0427421682,8.5697401705,14.2857142857,16.2430656730,1.0000000000,0.9717120000,216.5250609234
988,100,0,6,100,100,0,0,50,106,782,100,100,0.0420110161,8.5277291545,16.6666666667,16.3272502329,1.0000000000,0.9704960000,216.7963597995
989,100,0,5,100,100,0,0,50,105,685,100,100,0.0394198379,8.4883093165,20.0000000000,16.4113833072,1.0000000000,0.9692800000,217.0683393859
990,100,0,8,100,100,0,0,50,108,976,100,100,0.0443845302,8.4439247864,12.5000000000,16.1589014811,1.0000000000,0.9729280000,216.2544402052
991,100,0,2,100,100,0,0,50,102,394,100,100,0.0357491130,8.4081756733,50.0000000000,16.6638468792,1.0000000000,0.9656320000,217.8883881230
992,100,0,4,100,100,0,0,50,104,588,100,100,0.0383233029,8.3698523704,25.0000000000,16.4956078158,1.0000000000,0.9680640000,217.3410022478
993,100,0,9,100,100,0,0,50,109,1073,100,100,0.0460337361,8.3238186343,11.1111111111,16.0747507797,1.0000000000,0.9741440000,215.9844951054
994,100,0,5,100,100,0,0,50,105,685,100,100,0.0395368168,8.2842818175,20.0000000000,16.4114052511,1.0000000000,0.9692800000,217.0683393859
995,100,0,8,100,100,0,0,50,108,976,100,100,0.0439630273,8.2403187903,12.5000000000,16.1589202063,1.0000000000,0.9729280000,216.2544402052
996,100,0,5,100,100,0,0,50,105,685,100,100,0.0394148413,8.2009039490,20.0000000000,16.4113840804,1.0000000000,0.9692800000,217.0683393859
997,100,0,3,100,100,0,0,50,103,491,100,100,0.0373702656,8.1635336834,33.3333333333,16.5797225886,1.0000000000,0.9668480000,217.6143509631
998,100,0,4,100,100,0,0,50,104,588,100,100,0.0384569514,8.1250767319,25.0000000000,16.4955524707,1.0000000000,0.9680640000,217.3410022478
999,100,0,7,100,100,0,0,50,107,879,100,100,0.0423717206,8.0827050113,14.2857142857,16.2430701408,1.0000000000,0.9717120000,216.5250609234
1000,100,0,5,100,100,0,0,50,105,685,100,100,0.0393386084,8.0433664029,20.0000000000,16.4113674942,1.0000000000,0.9692800000,217.0683393859
1001,100,0,3,100,100,0,0,51,103,491,100,100,0.0393683239,8.0039980790,33.3333333333,16.5797748170,1.0000000000,0.9668480000,217.6143509631
1002,100,0,5,100,100,0,0,51,105,685,100,100,0.0401410742,7.9638570048,20.0000000000,16.4114169835,1.0000000000,0.9692800000,217.0683393859
1003,100,0,5,100,100,0,0,51,105,685,100,100,0.0396534573,7.9242035475,20.0000000000,16.4114088135,1.0000000000,0.9692800000,217.0683393859
1004,100,0,7,100,100,0,0,51,107,879,100,100,0.0429112809,7.8812922667,14.2857142857,16.2430722626,1.0000000000,0.9717120000,216.5250609234
1005,100,0,3,100,100,0,0,51,103,491,100,100,0.0394578583,7.8418344083,33.3333333333,16.5797953022,1.0000000000,0.9668480000,217.6143509631
1006,100,0,4,100,100,0,0,51,104,588,100,100,0.0385842119,7.8032501965,25.0000000000,16.4955549707,1.0000000000,0.9680640000,217.3410022478
1007,100,0,2,100,100,0,0,51,102,394,100,100,0.0387472044,7.7645029921,50.0000000000,16.6639392325,1.0000000000,0.9656320000,217.8883881230
1008,100,0,4,100,100,0,0,51,104,588,100,100,0.0410374771,7.7234655149,25.0000000000,16.4956450723,1.0000000000,0.9680640000,217.3410022478
1009,100,0,6,100,100,0,0,51,106,782,100,100,0.0410310569,7.6824344581,16.6666666667,16.3272067480,1.0000000000,0.9704960000,216.7963597995
1010,100,0,12,100,100,0,0,51,110,1364,100,100,0.0509368472,7.6314976109,8.3333333333,15.8222500890,1.0000000000,0.9753600000,215.7152230971
1011,100,0,4,100,100,0,0,51,104,588,100,100,0.0392261366,7.5922714743,25.0000000000,16.4955860170,1.0000000000,0.9680640000,217.3410022478
1012,100,0,4,100,100,0,0,51,104,588,100,100,0.0396931108,7.5525783635,25.0000000000,16.4956359519,1.0000000000,0.9680640000,217.3410022478
1013,100,0,6,100,100,0,0,51,106,782,100,100,0.0408190942,7.5117592693,16.6666666667,16.3272212929,1.0000000000,0.9704960000,216.7963597995
1014,100,0,5,100,100,0,0,51,105,685,100,100,0.0399247772,7.4718344921,20.0000000000,16.4114012408,1.0000000000,0.9692800000,217.0683393859
1015,100,0,10,100,100,0,0,51,109,1170,100,100,0.0470295515,7.4248049406,10.0000000000,15.9905702865,1.0000000000,0.9741440000,215.9844951054
1016,100,0,8,100,100,0,0,51,108,976,100,100,0.0441482483,7.3806566922,12.5000000000,16.1588860109,1.0000000000,0.9729280000,216.2544402052
1017,100,0,3,100,100,0,0,51,103,491,100,100,0.0374880270,7.3431686652,33.3333333333,16.5797536732,1.0000000000,0.9668480000,217.6143509631
1018,100,0,2,100,100,0,0,51,102,394,100,100,0.0386842854,7.3044843797,50.0000000000,16.6639855818,1.0000000000,0.9656320000,217.8883881230
1019,99,1,3,100,16,84,0,51,103,491,57,57,0.0266216828,7.2778626969,5.6666666667,15.7802258538,0.1600000000,0.6049600000,55.6466543243
1020,99,1,4,99,99,0,0,51,103,582,99,99,0.0382226295,7.2396400674,24.7500000000,16.4921657033,1.0000000000,0.9584320000,217.3299722881
1021,99,1,3,99,99,0,0,52,102,486,99,99,0.0362118018,7.2034282656,33.0000000000,16.5771377372,1.0000000000,0.9572160000,217.6060575669
1022,99,1,4,99,99,0,0,52,103,582,99,99,0.0384295469,7.1649987187,24.7500000000,16.4921494309,1.0000000000,0.9584320000,217.3299722881
1023,99,1,2,99,99,0,0,52,101,390,99,99,0.0378066426,7.1271920762,49.5000000000,16.6622879034,1.0000000000,0.9560000000,217.8828451883
1024,99,1,3,99,99,0,0,52,102,486,99,99,0.0368185776,7.0903734985,33.0000000000,16.5771807430,1.0000000000,0.9572160000,217.6060575669
1025,99,1,8,99,99,0,0,52,107,966,99,99,0.0435957783,7.0467777202,12.3750000000,16.1520928047,1.0000000000,0.9632960000,216.2326014019
1026,99,1,5,99,99,0,0,52,104,678,99,99,0.0398668720,7.0069108482,19.8000000000,16.4071726368,1.0000000000,0.9596480000,217.0545866818
1027,99,1,7,99,99,0,0,52,106,870,99,99,0.0416279905,6.9652828577,14.1428571429,16.2371192209,1.0000000000,0.9620800000,216.5059038749
1028,99,1,9,99,99,0,0,52,108,1062,99,99,0.0456346969,6.9196481608,11.0000000000,16.0670689440,1.0000000000,0.9645120000,215.9599880561
1029,99,1,2,99,99,0,0,52,101,390,99,99,0.0402851099,6.8793630509,49.5000000000,16.6622937806,1.0000000000,0.9560000000,217.8828451883
1030,99,1,7,99,99,0,0,52,106,870,99,99,0.0419994176,6.8373636333,14.1428571429,16.2371314073,1.0000000000,0.9620800000,216.5059038749
1031,99,1,6,99,99,0,0,52,105,774,99,99,0.0410721710,6.7962914623,16.5000000000,16.3221808803,1.0000000000,0.9608640000,216.7798980917
1032,99,1,7,99,99,0,0,52,106,870,99,99,0.0420063209,6.7542851414,14.1428571429,16.2371151323,1.0000000000,0.9620800000,216.5059038749
1033,99,1,7,99,99,0,0,52,106,870,99,99,0.0418903621,6.7123947793,14.1428571429,16.2371319023,1.0000000000,0.9620800000,216.5059038749
1034,99,1,4,99,99,0,0,52,103,582,99,99,0.0370446246,6.6753501546,24.7500000000,16.4921442335,1.0000000000,0.9584320000,217.3299722881
1035,99,1,6,99,99,0,0,52,105,774,99,99,0.0409809564,6.6343691982,16.5000000000,16.3221176566,1.0000000000,0.9608640000,216.7798980917
1036,99,1,2,99,99,0,0,52,101,390,99,99,0.0395718430,6.5947973552,49.5000000000,16.6622919243,1.0000000000,0.9560000000,217.8828451883
1037,99,1,3,99,99,0,0,52,102,486,99,99,0.0362794766,6.5585178786,33.0000000000,16.5772126939,1.0000000000,0.9572160000,217.6060575669
1038,99,1,7,99,99,0,0,52,106,870,99,99,0.0420795171,6.5164383615,14.1428571429,16.2371085290,1.0000000000,0.9620800000,216.5059038749
1039,99,1,4,99,99,0,0,52,103,582,99,99,0.0386892780,6.4777490834,24.7500000000,16.4921511918,1.0000000000,0.9584320000,217.3299722881
1040,99,1,3,99,99,0,0,52,102,486,99,99,0.0368282603,6.4409208231,33.0000000000,16.5771298388,1.0000000000,0.9572160000,217.6060575669
1041,99,1,2,99,99,0,0,53,101,390,99,99,0.0365756624,6.4043451606,49.5000000000,16.6622564676,1.0000000000,0.9560000000,217.8828451883
1042,99,1,6,99,99,0,0,53,105,774,99,99,0.0402454011,6.3640997596,16.5000000000,16.3221026859,1.0000000000,0.9608640000,216.7798980917
1043,99,1,5,99,99,0,0,53,104,678,99,99,0.0395049312,6.3245948283,19.8000000000,16.4071870004,1.0000000000,0.9596480000,217.0545866818
1044,99,1,6,99,99,0,0,53,105,774,99,99,0.0409153735,6.2836794548,16.5000000000,16.3221334954,1.0000000000,0.9608640000,216.7798980917
1045,98,2,1,99,0,99,0,53,100,294,53,53,0.0215465151,6.2621329397,1.0000000000,0.0000000000,0.0000000000,0.5676480000,0.0000000000
1046,98,2,8,98,98,0,0,53,106,956,98,98,0.0435823292,6.2185506105,12.2500000000,16.1451748392,1.0000000000,0.9536640000,216.2103214549
1047,97,3,3,97,97,0,0,53,100,476,97,97,0.0360828797,6.1824677308,32.3333333333,16.5719290534,1.0000000000,0.9379520000,217.5889597762
1048,97,3,13,97,97,0,0,53,110,1416,97,97,0.0506212826,6.1318464482,7.4615384615,15.7042441803,1.0000000000,0.9501120000,214.8041494055
1049,96,4,2,96,96,0,0,53,69,391,96,96,0.0358639322,6.0959825160,48.0000000000,16.6568960639,1.0000000000,0.8918400000,226.4800861141
1050,96,4,2,96,96,0,0,53,98,378,96,96,0.0356881323,6.0602943837,48.0000000000,16.6569296355,1.0000000000,0.9271040000,217.8655253348
1051,96,4,5,96,96,0,0,53,101,657,96,96,0.0375870432,6.0227073405,19.2000000000,16.3938648313,1.0000000000,0.9307520000,217.0116207110
1052,96,4,5,96,96,0,0,53,101,657,96,96,0.0381743540,5.9845329865,19.2000000000,16.3938817052,1.0000000000,0.9307520000,217.0116207110
1053,96,4,5,96,96,0,0,53,101,657,96,96,0.0374626967,5.9470702898,19.2000000000,16.3938752148,1.0000000000,0.9307520000,217.0116207110
1054,96,4,4,96,96,0,0,53,100,564,96,96,0.0369430160,5.9101272738,24.0000000000,16.4815611903,1.0000000000,0.9295360000,217.2955108785
1055,96,4,5,96,96,0,0,53,101,657,96,96,0.0379606388,5.8721666350,19.2000000000,16.3938569248,1.0000000000,0.9307520000,217.0116207110
1056,96,4,7,96,96,0,0,53,103,843,96,96,0.0405846560,5.8315819790,13.7142857143,16.2185379659,1.0000000000,0.9331840000,216.4460599410
1057,96,4,2,96,96,0,0,53,98,378,96,96,0.0359042253,5.7956777537,48.0000000000,16.6569256965,1.0000000000,0.9271040000,217.8655253348
1058,96,4,6,96,96,0,0,53,102,750,96,96,0.0398444359,5.7558333179,16.0000000000,16.3061689439,1.0000000000,0.9319680000,216.7284713638
1059,96,4,5,96,96,0,0,53,101,657,96,96,0.0391518396,5.7166814783,19.2000000000,16.3939287128,1.0000000000,0.9307520000,217.0116207110
1060,96,4,5,96,96,0,0,53,100,657,96,96,0.0395300502,5.6771514281,19.2000000000,16.3939326287,1.0000000000,0.9295360000,217.2955108785
1061,96,4,6,96,96,0,0,54,102,750,96,96,0.0390399195,5.6381115086,16.0000000000,16.3061856983,1.0000000000,0.9319680000,216.7284713638
1062,96,4,7,96,96,0,0,54,103,843,96,96,0.0404709617,5.5976405469,13.7142857143,16.2185314400,1.0000000000,0.9331840000,216.4460599410
1063,96,4,2,96,96,0,0,54,98,378,96,96,0.0359243928,5.5617161541,48.0000000000,16.6569554009,1.0000000000,0.9271040000,217.8655253348
1064,96,4,6,96,96,0,0,54,102,750,96,96,0.0400412188,5.5216749353,16.0000000000,16.3062050457,1.0000000000,0.9319680000,216.7284713638
1065,96,4,4,96,96,0,0,54,100,564,96,96,0.0366284121,5.4850465232,24.0000000000,16.4815217431,1.0000000000,0.9295360000,217.2955108785
1066,96,4,6,96,96,0,0,54,102,750,96,96,0.0392499093,5.4457966139,16.0000000000,16.3061845424,1.0000000000,0.9319680000,216.7284713638
1067,96,4,9,96,95,1,0,54,105,1029,95,95,0.0436861104,5.4021105035,10.6666666667,16.0348775155,0.9895833333,0.9272000000,215.5737704918
1068,95,5,4,96,63,33,0,54,100,564,68,68,0.0320443803,5.3700661232,16.2500000000,16.4314668586,0.6562500000,0.6938880000,191.0279468733
1069,93,7,5,93,93,0,0,54,98,641,93,93,0.0377100634,5.3323560598,18.6000000000,16.3797607508,1.0000000000,0.9018560000,216.9659014299
1070,93,7,3,93,93,0,0,54,96,456,93,93,0.0356672803,5.2966887794,31.0000000000,16.5608030477,1.0000000000,0.8994240000,217.5525669762
1071,93,7,2,93,92,1,0,54,95,366,92,92,0.0347126492,5.2619761303,46.5000000000,16.6493068706,0.9892473118,0.8897920000,217.5429763360
1072,92,8,7,92,92,0,0,54,99,814,92,92,0.0392373078,5.2227388224,13.1428571429,16.1918414032,1.0000000000,0.8946560000,216.3602546677
1073,91,9,8,91,91,0,0,54,99,888,91,91,0.0406243400,5.1821144824,11.3750000000,16.0923100045,1.0000000000,0.8862400000,216.0408015887
1074,91,9,6,91,91,0,0,54,97,710,91,91,0.0367526232,5.1453618592,15.1666666667,16.2772871354,1.0000000000,0.8838080000,216.6352873022
1075,91,9,3,91,91,0,0,54,94,446,91,91,0.0338290772,5.1115327820,30.3333333333,16.5548220876,1.0000000000,0.8801600000,217.5331757862
1076,91,9,4,91,91,0,0,54,95,534,91,91,0.0355482953,5.0759844867,22.7500000000,16.4623363403,1.0000000000,0.8813760000,217.2330537705
1077,91,9,6,91,91,0,0,54,97,710,91,91,0.0379258650,5.0380586218,15.1666666667,16.2773200861,1.0000000000,0.8838080000,216.6352873022
1078,91,9,2,91,91,0,0,54,93,358,91,91,0.0341732414,5.0038853803,45.5000000000,16.6473155280,1.0000000000,0.8789440000,217.8341282266
1079,91,9,3,91,91,0,0,54,94,446,91,91,0.0333004358,4.9705849445,30.3333333333,16.5547555169,1.0000000000,0.8801600000,217.5331757862
1080,91,9,2,91,91,0,0,54,93,358,91,91,0.0338155428,4.9367694017,45.5000000000,16.6473010686,1.0000000000,0.8789440000,217.8341282266
1081,91,9,2,91,91,0,0,55,93,358,91,91,0.0348170637,4.9019523380,45.5000000000,16.6473225889,1.0000000000,0.8789440000,217.8341282266
1082,91,9,9,91,91,0,0,55,100,974,91,91,0.0414561489,4.8604961891,10.1111111111,15.9998371600,1.0000000000,0.8874560000,215.7447805863
1083,91,9,8,91,91,0,0,55,99,886,91,91,0.0403888264,4.8201073627,11.3750000000,16.0923187468,1.0000000000,0.8862400000,216.0408015887
1084,91,9,4,91,91,0,0,55,95,534,91,91,0.0349367954,4.7851705674,22.7500000000,16.4622912976,1.0000000000,0.8813760000,217.2330537705
1085,91,9,1,91,91,0,0,55,92,270,91,91,0.0360974371,4.7490731303,91.0000000000,16.7398322041,1.0000000000,0.8777280000,218.1359145430
1086,91,9,5,91,91,0,0,55,96,622,91,91,0.0354704515,4.7136026788,18.2000000000,16.3697630054,1.0000000000,0.8825920000,216.9337587470
1087,91,9,2,91,90,1,0,55,93,358,90,90,0.0322837934,4.6813188855,45.5000000000,16.6451821642,0.9890109890,0.8705280000,217.5231583591
1088,90,10,7,90,90,0,0,55,97,790,90,90,0.0382814969,4.6430373885,12.8571428571,16.1776322452,1.0000000000,0.8753920000,216.3145196666
1089,90,10,2,90,90,0,0,55,92,354,90,90,0.0339579784,4.6090794101,45.0000000000,16.6452367871,1.0000000000,0.8693120000,217.8274313480
1090,89,11,4,89,89,0,0,55,93,524,89,89,0.0341935520,4.5748858582,22.2500000000,16.4539797006,1.0000000000,0.8621120000,217.2061170706
1091,89,11,4,89,89,0,0,55,93,522,89,89,0.0331689335,4.5417169247,22.2500000000,16.4539416909,1.0000000000,0.8621120000,217.2061170706
1092,89,11,4,89,89,0,0,55,93,522,89,89,0.0341316358,4.5075852888,22.2500000000,16.4539629221,1.0000000000,0.8621120000,217.2061170706
1093,89,11,5,89,89,0,0,55,94,608,89,89,0.0346595171,4.4729257717,17.8000000000,16.3593949827,1.0000000000,0.8633280000,216.9001816227
1094,89,11,3,89,89,0,0,55,91,436,89,89,0.0361604152,4.4367653565,29.6666666667,16.5486510606,1.0000000000,0.8596800000,217.8205844035
1095,89,11,5,89,89,0,0,55,94,608,89,89,0.0359515666,4.4008137900,17.8000000000,16.3594394591,1.0000000000,0.8633280000,216.9001816227
1096,89,11,5,89,89,0,0,55,94,608,89,89,0.0352606514,4.3655531386,17.8000000000,16.3593862687,1.0000000000,0.8633280000,216.9001816227
1097,88,12,5,88,88,0,0,55,93,602,88,88,0.0351127577,4.3304403809,17.6000000000,16.3540437411,1.0000000000,0.8536960000,216.8828247995
1098,87,13,7,87,87,0,0,55,94,764,87,87,0.0382335734,4.2922068075,12.4285714286,16.1550413802,1.0000000000,0.8464960000,216.2420141383
1099,87,13,3,87,87,0,0,55,90,426,87,87,0.0316675982,4.2605392093,29.0000000000,16.5420126186,1.0000000000,0.8416320000,217.4917303525
1100,87,13,3,87,87,0,0,55,90,426,87,87,0.0330740574,4.2274651518,29.0000000000,16.5420808934,1.0000000000,0.8416320000,217.4917303525
1101,87,13,5,87,87,0,0,56,92,594,87,87,0.0366029978,4.1908621541,17.4000000000,16.3485989935,1.0000000000,0.8440640000,216.8650718429
1102,87,13,5,87,87,0,0,56,92,594,87,87,0.0351650881,4.1556970660,17.4000000000,16.3485374755,1.0000000000,0.8440640000,216.8650718429
1103,87,13,4,87,87,0,0,56,91,510,87,87,0.0339979929,4.1216990730,21.7500000000,16.4452947008,1.0000000000,0.8428480000,217.1779490489
1104,87,13,4,87,87,0,0,56,91,510,87,87,0.0325377718,4.0891613012,21.7500000000,16.4452905052,1.0000000000,0.8428480000,217.1779490489
1105,87,13,4,87,87,0,0,56,91,510,87,87,0.0339116229,4.0552496783,21.7500000000,16.4453167275,1.0000000000,0.8428480000,217.1779490489
1106,86,14,5,86,86,0,0,56,91,589,86,86,0.0347602683,4.0204894100,17.2000000000,16.3429075554,1.0000000000,0.8344320000,216.8469090351
1107,86,14,4,86,86,0,0,56,90,504,86,86,0.0335821015,3.9869073085,21.5000000000,16.4407701010,1.0000000000,0.8332160000,217.1633766034
1108,86,14,4,86,86,0,0,56,90,504,86,86,0.0336148362,3.9532924723,21.5000000000,16.4408144805,1.0000000000,0.8332160000,217.1633766034
1109,86,14,6,86,86,0,0,56,92,670,86,86,0.0352808550,3.9180116173,14.3333333333,16.2450216296,1.0000000000,0.8356480000,216.5313624876
1110,86,14,7,86,86,0,0,56,93,753,86,86,0.0363910856,3.8816205317,12.2857142857,16.1471667248,1.0000000000,0.8368640000,216.2167329459
1111,86,14,2,86,86,0,0,56,88,338,86,86,0.0353805140,3.8462400177,43.0000000000,16.6366049029,1.0000000000,0.8307840000,217.7990909791
1112,86,14,5,86,86,0,0,56,91,587,86,86,0.0353545925,3.8108854252,17.2000000000,16.3428892275,1.0000000000,0.8344320000,216.8469090351
1113,86,14,4,86,86,0,0,56,90,504,86,86,0.0330459986,3.7778394266,21.5000000000,16.4407984502,1.0000000000,0.8332160000,217.1633766034
1114,86,14,3,86,86,0,0,56,89,421,86,86,0.0334694466,3.7443699800,28.6666666667,16.5386655087,1.0000000000,0.8320000000,217.4807692308
1115,86,14,4,86,86,0,0,56,90,504,86,86,0.0349442988,3.7094256812,21.5000000000,16.4408378750,1.0000000000,0.8332160000,217.1633766034
1116,86,14,8,86,86,0,0,56,94,836,86,86,0.0378594886,3.6715661926,10.7500000000,16.0492888255,1.0000000000,0.8380800000,215.9030164185
1117,86,14,2,86,86,0,0,56,88,338,86,86,0.0322451398,3.6393210529,43.0000000000,16.6365514136,1.0000000000,0.8307840000,217.7990909791
1118,86,14,3,86,86,0,0,56,89,421,86,86,0.0322894577,3.6070315951,28.6666666667,16.5386784972,1.0000000000,0.8320000000,217.4807692308
1119,86,14,3,86,86,0,0,56,89,421,86,86,0.0321456992,3.5748858960,28.6666666667,16.5386479608,1.0000000000,0.8320000000,217.4807692308
1120,85,15,4,85,85,0,0,56,89,498,85,85,0.0328108474,3.5420750485,21.2500000000,16.4361901477,1.0000000000,0.8235840000,217.1484633019
1121,85,15,7,85,85,0,0,57,92,744,85,85,0.0362245832,3.5058504653,12.1428571429,16.1391257571,1.0000000000,0.8272320000,216.1908630227
1122,85,15,1,85,85,0,0,57,86,252,85,85,0.0307310954,3.4751193699,85.0000000000,16.7331882339,1.0000000000,0.8199360000,218.1145845529
1123,85,15,7,85,85,0,0,57,91,744,85,85,0.0368969951,3.4382223748,12.1428571429,16.1391555196,1.0000000000,0.8260160000,216.5091233100
1124,85,15,3,85,85,0,0,57,88,416,85,85,0.0312119248,3.4070104499,28.3333333333,16.5351715443,1.0000000000,0.8223680000,217.4695513444
1125,84,16,7,84,84,0,0,57,91,737,84,84,0.0359933701,3.3710170798,12.0000000000,16.1308829114,1.0000000000,0.8176000000,216.1643835616
1126,84,16,4,84,84,0,0,57,88,492,84,84,0.0332562191,3.3377608607,21.0000000000,16.4314837486,1.0000000000,0.8139520000,217.1331970436
1127,84,16,2,84,84,0,0,57,86,330,84,84,0.0317063134,3.3060545473,42.0000000000,16.6318893416,1.0000000000,0.8115200000,217.7839116719
1128,84,16,2,84,84,0,0,57,86,330,84,84,0.0306100465,3.2754445008,42.0000000000,16.6318579870,1.0000000000,0.8115200000,217.7839116719
1129,84,16,5,84,84,0,0,57,89,573,84,84,0.0328243981,3.2426201027,16.8000000000,16.3312554748,1.0000000000,0.8151680000,216.8092957525
1130,84,16,2,84,84,0,0,57,86,330,84,84,0.0375241641,3.2050959386,42.0000000000,16.6319912949,1.0000000000,0.8115200000,217.7839116719
1131,83,17,6,83,83,0,0,57,89,647,83,83,0.0340228750,3.1710730636,13.8333333333,16.2238060329,1.0000000000,0.8067520000,216.4630518424
1132,83,17,6,83,83,0,0,57,89,646,83,83,0.0336141212,3.1374589424,13.8333333333,16.2238281133,1.0000000000,0.8067520000,216.4630518424
1133,82,18,2,83,20,63,0,57,85,326,59,59,0.0243708020,3.1130881404,10.5000000000,16.4114756687,0.2409638554,0.5999040000,70.1445564624
1134,82,18,4,82,82,0,0,57,86,480,82,82,0.0315673657,3.0815207746,20.5000000000,16.4216821118,1.0000000000,0.7946880000,217.1015543207
1135,82,18,4,82,82,0,0,57,86,480,82,82,0.0322395165,3.0492812581,20.5000000000,16.4216937613,1.0000000000,0.7946880000,217.1015543207
1136,82,18,4,82,82,0,0,57,86,480,82,82,0.0321625668,3.0171186913,20.5000000000,16.4216780651,1.0000000000,0.7946880000,217.1015543207
1137,82,18,6,82,81,1,0,57,88,638,81,81,0.0339650760,2.9831536153,13.6666666667,16.2087977287,0.9878048780,0.7887040000,216.0810646326
1138,81,19,5,81,81,0,0,57,87,558,81,81,0.0326519477,2.9505016676,16.2000000000,16.3126996009,1.0000000000,0.7874880000,216.4147263196
1139,81,19,5,81,81,0,0,57,86,552,81,81,0.0337254051,2.9167762625,16.2000000000,16.3127426334,1.0000000000,0.7862720000,216.7494200480
1140,81,19,2,81,81,0,0,57,83,318,81,81,0.0301427472,2.8866335153,40.5000000000,16.6244606437,1.0000000000,0.7826240000,217.7597415873
1141,80,20,3,81,54,27,0,58,84,396,64,64,0.0256217181,2.8610117972,18.3333333333,16.5205402753,0.6666666667,0.6407680000,177.3122253296
1142,80,20,8,80,80,0,0,58,88,776,80,80,0.0350302770,2.8259815202,10.0000000000,15.9905800434,1.0000000000,0.7802880000,215.7152230971
1143,78,22,3,80,12,68,0,58,83,391,45,45,0.0206263144,2.8053552058,4.6666666667,16.1309016096,0.1500000000,0.4796480000,52.6386016412
1144,78,22,6,78,78,0,0,58,84,606,78,78,0.0329029500,2.7724522558,13.0000000000,16.1848479787,1.0000000000,0.7585920000,216.3376360415
1145,78,22,1,78,78,0,0,58,79,231,78,78,0.0334374039,2.7390148519,78.0000000000,16.7244546023,1.0000000000,0.7525120000,218.0855587685
1146,77,23,2,77,77,0,0,58,79,303,77,77,0.0293567849,2.7096580671,38.5000000000,16.6136616307,1.0000000000,0.7440960000,217.7245946760
1147,76,24,5,76,76,0,0,58,81,522,76,76,0.0307845900,2.6788734771,15.2000000000,16.2785434803,1.0000000000,0.7381120000,216.6392092257
1148,75,25,4,75,75,0,0,58,79,438,75,75,0.0297052223,2.6491682547,18.7500000000,16.3834014299,1.0000000000,0.7272640000,216.9776037312
1149,75,25,4,75,75,0,0,58,79,438,75,75,0.0292129362,2.6199553186,18.7500000000,16.3833791891,1.0000000000,0.7272640000,216.9776037312
1150,75,25,3,75,75,0,0,58,78,366,75,75,0.0277963976,2.5921589210,25.0000000000,16.4956167059,1.0000000000,0.7260480000,217.3410022478
1151,75,25,4,75,75,0,0,58,79,438,75,75,0.0297607148,2.5623982062,18.7500000000,16.3834143506,1.0000000000,0.7272640000,216.9776037312
1152,75,25,1,75,75,0,0,58,76,222,75,75,0.0282358156,2.5341623906,75.0000000000,16.7200149516,1.0000000000,0.7236160000,218.0714633176
1153,74,26,3,74,74,0,0,58,77,361,74,74,0.0279222088,2.5062401817,24.6666666667,16.4910199400,1.0000000000,0.7164160000,217.3262462033
1154,73,27,4,73,73,0,0,58,77,429,73,73,0.0288615592,2.4773786225,18.2500000000,16.3711146728,1.0000000000,0.7080000000,216.9378531073
1155,72,28,6,73,56,17,0,58,79,566,56,56,0.0258081820,2.4515704405,9.5000000000,16.0807723665,0.7671232877,0.5673600000,207.6706147772
1156,72,28,8,72,72,0,0,58,80,696,72,72,0.0318736300,2.4196968105,9.0000000000,15.8971003463,1.0000000000,0.7032320000,215.4168183473
1157,72,28,4,72,72,0,0,58,76,420,72,72,0.0281146923,2.3915821183,18.0000000000,16.3647038383,1.0000000000,0.6983680000,216.9171554252
1158,72,28,4,72,72,0,0,58,76,420,72,72,0.0278057292,2.3637763891,18.0000000000,16.3647008176,1.0000000000,0.6983680000,216.9171554252
1159,72,28,2,72,72,0,0,58,74,282,72,72,0.0306271858,2.3331492033,36.0000000000,16.5985517198,1.0000000000,0.6959360000,217.6751885231
1160,72,28,3,72,72,0,0,58,75,351,72,72,0.0262925242,2.3068566791,24.0000000000,16.4815733519,1.0000000000,0.6971520000,217.2955108785
1161,71,29,3,71,71,0,0,59,75,350,71,71,0.0281980371,2.2786586420,23.6666666667,16.4766793420,1.0000000000,0.6887360000,216.8958788273
1162,71,29,2,71,71,0,0,59,73,278,71,71,0.0286965984,2.2499620436,35.5000000000,16.5952623723,1.0000000000,0.6863040000,217.6644752180
1163,71,29,5,71,71,0,0,59,76,482,71,71,0.0304603084,2.2195017352,14.2000000000,16.2396039414,1.0000000000,0.6899520000,216.5136125412
1164,71,29,5,71,71,0,0,59,75,482,71,71,0.0313174199,2.1881843153,14.2000000000,16.2396172065,1.0000000000,0.6887360000,216.8958788273
1165,71,29,4,71,71,0,0,59,75,414,71,71,0.0276641101,2.1605202052,17.7500000000,16.3581166814,1.0000000000,0.6887360000,216.8958788273
1166,71,29,6,71,70,1,0,59,77,550,70,70,0.0293118887,2.1312083165,11.8333333333,16.1108548271,0.9859154930,0.6827520000,215.7152230971
1167,70,30,2,70,70,0,0,59,72,276,70,70,0.0276126730,2.1035956436,35.0000000000,16.5918681323,1.0000000000,0.6766720000,217.6534569186
1168,70,30,1,70,70,0,0,59,71,207,70,70,0.0362405122,2.0673551314,70.0000000000,16.7122205908,1.0000000000,0.6754560000,218.0452908850
1169,69,31,3,70,50,20,0,59,73,341,57,57,0.0222699028,2.0450852286,17.0000000000,16.4955840686,0.7142857143,0.5684800000,185.0548831973
1170,67,33,4,68,34,34,0,59,72,398,67,67,0.0269997218,2.0180855068,8.7500000000,16.0896561179,0.5000000000,0.6514240000,109.8148057179
1171,67,33,5,67,67,0,0,59,72,454,67,67,0.0267061483,1.9913793585,13.4000000000,16.2041763081,1.0000000000,0.6514240000,216.3997642089
1172,67,33,6,67,67,0,0,59,73,518,67,67,0.0273290255,1.9640503330,11.1666666667,16.0785258521,1.0000000000,0.6526400000,215.9965677862
1173,67,33,1,67,66,1,0,59,68,198,66,66,0.0304808197,1.9335695133,67.0000000000,16.7048778759,0.9850746269,0.6381440000,217.6060575669
1174,67,33,5,67,66,1,0,59,71,454,66,66,0.0267511326,1.9068183806,13.4000000000,16.1946637857,0.9850746269,0.6417920000,216.3691663343
1175,65,35,3,66,26,40,0,59,69,324,40,40,0.0187388497,1.8880795309,9.0000000000,16.1848782822,0.3939393939,0.4205440000,130.0791355958
1176,65,35,3,65,65,0,0,59,68,316,65,65,0.0267617789,1.8613177520,21.6666666667,16.4438714913,1.0000000000,0.6297280000,217.1731287159
1177,65,35,6,65,65,0,0,59,71,502,65,65,0.0269887551,1.8343289969,10.8333333333,16.0553397299,1.0000000000,0.6333760000,215.9222957611
1178,65,35,1,65,65,0,0,59,66,192,65,65,0.0336094965,1.8007195004,65.0000000000,16.7029740079,1.0000000000,0.6272960000,218.0150997296
1179,65,35,2,65,65,0,0,59,67,254,65,65,0.0250064967,1.7757130036,32.5000000000,16.5733410520,1.0000000000,0.6285120000,217.5932997302
1180,64,36,3,65,42,23,0,59,68,316,50,50,0.0207489028,1.7549641008,14.3333333333,16.4315077064,0.6461538462,0.5034880000,175.5116308631
1181,64,36,3,64,64,0,0,60,67,311,64,64,0.0244384523,1.7305256485,21.3333333333,16.4377554508,1.0000000000,0.6200960000,217.1534730106
1182,64,36,3,64,64,0,0,60,67,311,64,64,0.0253871562,1.7051384923,21.3333333333,16.4377892427,1.0000000000,0.6200960000,217.1534730106
1183,64,36,5,64,64,0,0,60,69,433,64,64,0.0255476710,1.6795908213,12.8000000000,16.1747165210,1.0000000000,0.6225280000,216.3051300504
1184,64,36,4,64,64,0,0,60,68,372,64,64,0.0239283686,1.6556624527,16.0000000000,16.3062219023,1.0000000000,0.6213120000,216.7284713638
1185,64,36,4,64,64,0,0,60,68,372,64,64,0.0294339120,1.6262285407,16.0000000000,16.3063625104,1.0000000000,0.6213120000,216.7284713638
1186,64,36,3,64,63,1,0,60,67,311,63,63,0.0238267163,1.6024018243,21.3333333333,16.4315044539,0.9843750000,0.6116800000,216.7015432906
1187,62,38,3,63,39,24,0,60,67,310,46,46,0.0189896617,1.5834121627,13.3333333333,16.4006636110,0.6190476190,0.4686080000,175.1058453974
1188,61,39,2,62,26,36,0,60,64,242,29,29,0.0143949720,1.5690171907,13.5000000000,16.5086215000,0.4193548387,0.3218880000,169.9473108659
1189,61,39,3,61,61,0,0,60,64,296,61,61,0.0238496229,1.5451675678,20.3333333333,16.4183665762,1.0000000000,0.5912000000,217.0906630582
1190,61,39,4,61,61,0,0,60,65,354,61,61,0.0239314654,1.5212361024,15.2500000000,16.2803911156,1.0000000000,0.5924160000,216.6450602279
1191,59,41,1,60,0,60,0,60,61,177,13,13,0.0087675232,1.5124685792,1.0000000000,0.0000000000,0.0000000000,0.1835840000,0.0000000000
1192,58,42,1,58,58,0,0,60,59,171,58,58,0.0281967787,1.4842718005,58.0000000000,16.6873124235,1.0000000000,0.5598720000,217.9641060814
1193,58,42,2,58,58,0,0,60,60,226,58,58,0.0243925290,1.4598792715,29.0000000000,16.5421110332,1.0000000000,0.5610880000,217.4917303525
1194,58,42,2,58,58,0,0,60,60,226,58,58,0.0262950994,1.4335841722,29.0000000000,16.5421635158,1.0000000000,0.5610880000,217.4917303525
1195,58,42,5,58,58,0,0,60,63,391,58,58,0.0231507007,1.4104334715,11.6000000000,16.1067143635,1.0000000000,0.5647360000,216.0868087035
1196,58,42,4,58,58,0,0,60,62,336,58,58,0.0225931904,1.3878402811,14.5000000000,16.2518429820,1.0000000000,0.5635200000,216.5530948325
1197,58,42,4,58,58,0,0,60,62,336,58,58,0.0244767924,1.3633634887,14.5000000000,16.2518865108,1.0000000000,0.5635200000,216.5530948325
1198,58,42,3,58,58,0,0,60,61,281,58,58,0.0212026107,1.3421608780,19.3333333333,16.3969286807,1.0000000000,0.5623040000,217.0213976781
1199,57,43,6,57,57,0,0,60,63,443,57,57,0.0237591168,1.3184017612,9.5000000000,15.9463255277,1.0000000000,0.5563200000,215.5737704918
1200,57,43,1,57,57,0,0,60,58,168,57,57,0.0256400691,1.2927616921,57.0000000000,16.6847356558,1.0000000000,0.5502400000,217.9558011050
1201,57,43,3,57,57,0,0,61,60,276,57,57,0.0231407098,1.2696209823,19.0000000000,16.3893553303,1.0000000000,0.5526720000,216.9966996700
1202,56,44,1,57,0,57,0,61,58,168,47,47,0.0182178486,1.2514031337,1.0000000000,0.0000000000,0.0000000000,0.4660800000,0.0000000000
1203,55,45,3,55,55,0,0,61,59,307,55,55,0.0218246698,1.2295784639,18.3333333333,16.3732110029,1.0000000000,0.5346240000,216.4511881247
1204,54,46,2,54,54,0,0,61,56,210,54,54,0.0224755681,1.2071028958,27.0000000000,16.5206123603,1.0000000000,0.5225600000,217.4219228414
1205,54,46,3,54,53,1,0,61,57,261,53,53,0.0206590417,1.1864438541,18.0000000000,16.3558897436,0.9814814815,0.5153600000,216.3769015834
1206,52,48,0,52,52,0,52,61,13,65,52,52,0.0104461496,1.1759977045,0.0000000000,8.4161666623,1.0000000000,0.4534400000,241.2844036697
1207,52,48,5,52,51,1,0,61,57,349,51,51,0.0201929114,1.1558047931,10.4000000000,16.0071336084,0.9807692308,0.4985280000,215.2416714808
1208,51,49,4,51,51,0,0,61,55,294,51,51,0.0198613117,1.1359434814,12.7500000000,16.1721640720,1.0000000000,0.4960960000,216.2968457718
1209,51,49,4,51,51,0,0,61,54,294,51,51,0.0202474999,1.1156959815,12.7500000000,16.1721940468,1.0000000000,0.4948800000,216.8283220175
1210,50,50,2,51,28,23,0,61,53,198,28,28,0.0133597625,1.1023362190,14.5000000000,16.5317676435,0.5490196078,0.3000960000,196.3105139689
1211,50,50,3,50,50,0,0,61,53,241,50,50,0.0196489096,1.0826873094,16.6666666667,16.3273296468,1.0000000000,0.4852480000,216.7963597995
1212,49,51,2,49,49,0,0,61,51,192,49,49,0.0231283974,1.0595589120,24.5000000000,16.4888785859,1.0000000000,0.4744000000,217.3187183811
1213,49,51,1,49,49,0,0,61,50,144,49,49,0.0251336895,1.0344252225,49.0000000000,16.6606864725,1.0000000000,0.4731840000,217.8771894231
1214,49,51,1,49,46,3,0,61,50,144,46,46,0.0241572155,1.0102680071,49.0000000000,16.6494820248,0.9387755102,0.4479360000,216.0665809401
1215,47,53,2,47,46,1,0,61,42,210,46,46,0.0179939681,0.9922740389,23.5000000000,16.4663697642,0.9787234043,0.4382080000,220.8631517453
1216,46,54,2,46,45,1,0,61,48,178,45,45,0.0180348982,0.9742391407,23.0000000000,16.4582498182,0.9782608696,0.4370880000,216.6154184054
1217,45,55,5,45,45,0,0,61,50,300,45,45,0.0183688307,0.9558703100,9.0000000000,15.8971445402,1.0000000000,0.4395200000,215.4168183473
1218,44,56,2,45,19,26,0,61,47,174,22,22,0.0107477032,0.9451226069,10.0000000000,16.3893645260,0.4222222222,0.2423040000,164.9828314844
1219,43,57,1,43,41,2,0,61,44,126,41,41,0.0205296036,0.9245930032,43.0000000000,16.6271646857,0.9534883721,0.3985600000,216.4391810518
1220,42,58,2,42,41,1,0,61,44,162,41,41,0.0157410836,0.9088519196,21.0000000000,16.4217562577,0.9761904762,0.3985600000,216.4391810518
1221,41,59,1,41,41,0,0,62,42,121,41,41,0.0196107263,0.8892411934,41.0000000000,16.6271485168,1.0000000000,0.3961280000,217.7679941837
1222,40,60,3,40,39,1,0,62,43,194,39,39,0.0157064160,0.8735347774,13.3333333333,16.1849121486,0.9750000000,0.3805120000,215.6462871079
1223,40,60,1,40,39,1,0,62,41,117,39,39,0.0169206917,0.8566140857,40.0000000000,16.6165595387,0.9750000000,0.3780800000,217.0334320779
1224,38,62,4,39,21,18,0,62,43,223,25,25,0.0120020216,0.8446120641,5.5000000000,15.6299692775,0.5384615385,0.2626880000,168.1995370934
1225,38,62,3,38,38,0,0,62,41,181,38,38,0.0141482599,0.8304638042,12.6666666667,16.1678307070,1.0000000000,0.3696640000,216.2828947368
1226,38,62,2,38,38,0,0,62,40,146,38,38,0.0185136040,0.8119502001,19.0000000000,16.3894575566,1.0000000000,0.3684480000,216.9966996700
1227,38,62,1,38,37,1,0,62,39,111,37,37,0.0179691181,0.7939810820,38.0000000000,16.6049314742,0.9736842105,0.3588160000,216.9579951842
1228,37,63,2,38,17,21,0,62,40,146,34,34,0.0138211824,0.7801598996,9.5000000000,16.3372674286,0.4473684211,0.3347840000,106.8390365131
1229,36,64,1,36,36,0,0,62,38,107,36,36,0.0184156732,0.7617442264,36.0000000000,16.5986422208,1.0000000000,0.3491840000,216.9171554252
1230,36,64,1,36,36,0,0,62,37,105,36,36,0.0183969357,0.7433472907,36.0000000000,16.5986423635,1.0000000000,0.3479680000,217.6751885231
1231,36,64,6,36,35,1,0,62,42,270,35,35,0.0146402703,0.7287070204,6.0000000000,15.3894787835,0.9722222222,0.3456320000,213.0589760207
1232,35,65,2,35,34,1,0,62,37,135,34,34,0.0132643984,0.7154426220,17.5000000000,16.3372255543,0.9714285714,0.3311360000,216.0320834944
1233,34,66,2,34,34,0,0,62,36,130,34,34,0.0128642197,0.7025784023,17.0000000000,16.3372422875,1.0000000000,0.3299200000,216.8283220175
1234,34,66,1,34,34,0,0,62,35,99,34,34,0.0156792630,0.6868991393,34.0000000000,16.5848574834,1.0000000000,0.3287040000,217.6304517134
1235,34,66,3,34,34,0,0,62,36,161,34,34,0.0146961392,0.6722030001,11.3333333333,16.0897460208,1.0000000000,0.3299200000,216.8283220175
1236,34,66,1,34,33,1,0,62,35,99,33,33,0.0178287569,0.6543742432,34.0000000000,16.5774315403,0.9705882353,0.3202880000,216.7798980917
1237,33,67,2,33,32,1,0,62,35,126,32,32,0.0136027661,0.6407714771,16.5000000000,16.3063287178,0.9696969697,0.3118720000,215.8834393597
1238,33,67,1,33,32,1,0,62,34,96,32,32,0.0157854672,0.6249860099,33.0000000000,16.5693991542,0.9696969697,0.3106560000,216.7284713638
1239,32,68,0,33,32,1,33,62,0,0,32,32,0.0056544488,0.6193315612,0.0000000000,8.4161762447,0.9696969697,0.2693120000,250.0000000000
1240,32,68,0,32,32,0,32,62,0,0,32,32,0.0056064386,0.6137251225,0.0000000000,8.4161762447,1.0000000000,0.2693120000,250.0000000000
1241,32,68,1,32,32,0,0,63,33,93,32,32,0.0154780241,0.5982470984,32.0000000000,16.5694122173,1.0000000000,0.3094400000,217.5801447777
1242,32,68,1,32,32,0,0,63,33,93,32,32,0.0161360677,0.5821110307,32.0000000000,16.5694031334,1.0000000000,0.3094400000,217.5801447777
1243,32,68,1,32,31,1,0,63,33,93,31,31,0.0168305551,0.5652804756,32.0000000000,16.5609826096,0.9687500000,0.3010240000,216.6737535878
1244,31,69,1,32,0,32,0,63,33,93,20,20,0.0103213448,0.5549591308,1.0000000000,0.0000000000,0.0000000000,0.2084480000,0.0000000000
1245,31,69,1,31,30,1,0,63,32,90,30,30,0.0137338267,0.5412253041,31.0000000000,16.5518627828,0.9677419355,0.2913920000,216.6154184054
1246,30,70,3,30,30,0,0,63,33,141,30,30,0.0125502677,0.5286750364,10.0000000000,15.9907100691,1.0000000000,0.2926080000,215.7152230971
1247,30,70,1,30,30,0,0,63,31,87,30,30,0.0144314994,0.5142435370,30.0000000000,16.5518944725,1.0000000000,0.2901760000,217.5231583591
1248,30,70,1,30,30,0,0,63,31,87,30,30,0.0135191763,0.5007243607,30.0000000000,16.5518379008,1.0000000000,0.2901760000,217.5231583591
1249,30,70,4,30,30,0,0,63,34,168,30,30,0.0122101785,0.4885141823,7.5000000000,15.7101262615,1.0000000000,0.2938240000,214.8224787628
1250,30,70,1,30,30,0,0,63,31,87,30,30,0.0140190667,0.4744951156,30.0000000000,16.5518788664,1.0000000000,0.2901760000,217.5231583591
1251,29,71,2,30,12,18,0,63,32,114,20,20,0.0082597498,0.4662353657,7.0000000000,16.1309212927,0.4000000000,0.2072320000,121.8344657196
1252,28,72,2,28,28,0,0,63,31,109,28,28,0.0112891955,0.4549461703,14.0000000000,16.2311713941,1.0000000000,0.2733440000,215.5232966518
1253,28,72,1,28,27,1,0,63,29,81,27,27,0.0122599745,0.4426861958,28.0000000000,16.5206746951,0.9642857143,0.2624960000,216.4147263196
1254,28,72,1,28,27,1,0,63,29,81,27,27,0.0145704777,0.4281157181,28.0000000000,16.5207278463,0.9642857143,0.2624960000,216.4147263196
1255,28,72,2,28,27,1,0,63,30,106,27,27,0.0103724717,0.4177432464,14.0000000000,16.2088873341,0.9642857143,0.2637120000,215.4168183473
1256,26,74,1,26,26,0,0,63,28,77,26,26,0.0138305063,0.4039127400,26.0000000000,16.5087386024,1.0000000000,0.2528640000,216.3376360415
1257,26,74,2,26,26,0,0,63,28,98,26,26,0.0113359205,0.3925768196,13.0000000000,16.1849793510,1.0000000000,0.2528640000,216.3376360415
1258,26,74,1,26,26,0,0,63,27,75,26,26,0.0122784611,0.3802983585,26.0000000000,16.5086882931,1.0000000000,0.2516480000,217.3830111902
1259,26,74,1,26,26,0,0,63,27,75,26,26,0.0127194030,0.3675789555,26.0000000000,16.5087041952,1.0000000000,0.2516480000,217.3830111902
1260,26,74,1,26,25,1,0,63,27,75,25,25,0.0107825552,0.3567964003,26.0000000000,16.4957021784,0.9615384615,0.2432320000,216.2544402052
1261,25,75,1,26,0,26,0,64,27,75,15,15,0.0069589164,0.3498374839,1.0000000000,0.0000000000,0.0000000000,0.1590720000,0.0000000000
1262,23,77,1,24,0,24,0,64,26,71,18,18,0.0090646219,0.3407728620,1.0000000000,0.0000000000,0.0000000000,0.1831040000,0.0000000000
1263,22,78,1,22,22,0,0,64,23,63,22,22,0.0099345413,0.3308383207,22.0000000000,16.4498215524,1.0000000000,0.2131200000,217.1921921922
1264,21,79,1,22,0,22,0,64,23,63,14,14,0.0085493796,0.3222889412,1.0000000000,0.0000000000,0.0000000000,0.1457920000,0.0000000000
1265,21,79,1,21,21,0,0,64,22,60,21,21,0.0087251036,0.3135638376,21.0000000000,16.4315692506,1.0000000000,0.2034880000,217.1331970436
1266,21,79,1,21,21,0,0,64,22,60,21,21,0.0119242986,0.3016395390,21.0000000000,16.4316915216,1.0000000000,0.2034880000,217.1331970436
1267,21,79,1,21,21,0,0,64,22,60,21,21,0.0106680399,0.2909714991,21.0000000000,16.4316638126,1.0000000000,0.2034880000,217.1331970436
1268,21,79,3,21,21,0,0,64,23,96,21,21,0.0087745882,0.2821969109,7.0000000000,15.6300076685,1.0000000000,0.2047040000,215.8433640769
1269,21,79,1,21,21,0,0,64,22,60,21,21,0.0117465066,0.2704504043,21.0000000000,16.4316858827,1.0000000000,0.2034880000,217.1331970436
1270,20,80,2,20,20,0,0,64,22,75,20,20,0.0077274613,0.2627229430,10.0000000000,15.9906912245,1.0000000000,0.1950720000,215.7152230971
1271,20,80,4,20,20,0,0,64,24,108,20,20,0.0079760577,0.2547468853,5.0000000000,15.1490540872,1.0000000000,0.1975040000,213.0589760207
1272,20,80,1,20,20,0,0,64,21,57,20,20,0.0100601275,0.2446867577,20.0000000000,16.4116162941,1.0000000000,0.1938560000,217.0683393859
1273,20,80,1,20,20,0,0,64,21,57,20,20,0.0094511695,0.2352355883,20.0000000000,16.4116234822,1.0000000000,0.1938560000,217.0683393859
1274,20,80,1,20,18,2,0,64,21,57,18,18,0.0077809971,0.2274545912,20.0000000000,16.3647893950,0.9000000000,0.1770240000,213.9370932755
1275,19,81,0,19,19,0,19,64,0,0,19,19,0.0033417555,0.2241128357,0.0000000000,8.4161766934,1.0000000000,0.1599040000,250.0000000000
1276,17,83,0,18,17,1,18,64,0,0,17,17,0.0031776019,0.2209352337,0.0000000000,8.4161774069,0.9444444444,0.1430720000,250.0000000000
1277,17,83,1,17,17,0,0,64,18,48,17,17,0.0091162438,0.2118189899,17.0000000000,16.3373766653,1.0000000000,0.1649600000,216.8283220175
1278,17,83,0,17,17,0,17,64,0,0,17,17,0.0029891236,0.2088298663,0.0000000000,8.4161774069,1.0000000000,0.1430720000,250.0000000000
1279,17,83,0,17,17,0,17,64,0,0,17,17,0.0029891236,0.2058407427,0.0000000000,8.4161774069,1.0000000000,0.1430720000,250.0000000000
1280,17,83,0,17,17,0,17,64,0,0,17,17,0.0029891236,0.2028516190,0.0000000000,8.4161774069,1.0000000000,0.1430720000,250.0000000000
1281,17,83,1,17,17,0,0,65,18,48,17,17,0.0086341841,0.1942174349,17.0000000000,16.3373609860,1.0000000000,0.1649600000,216.8283220175
1282,17,83,1,17,17,0,0,65,18,48,17,17,0.0081946683,0.1860227667,17.0000000000,16.3373661649,1.0000000000,0.1649600000,216.8283220175
1283,17,83,1,17,17,0,0,65,18,48,17,17,0.0076344231,0.1783883435,17.0000000000,16.3373081131,1.0000000000,0.1649600000,216.8283220175
1284,17,83,1,17,16,1,0,65,18,48,16,16,0.0073340332,0.1710543103,17.0000000000,16.3063701051,0.9411764706,0.1565440000,215.0449713818
1285,17,83,1,17,15,2,0,65,18,48,15,15,0.0073233417,0.1637309687,17.0000000000,16.2713202079,0.8823529412,0.1481280000,213.0589760207
1286,15,85,1,15,15,0,0,65,16,43,15,15,0.0070297885,0.1567011801,15.0000000000,16.2713546635,1.0000000000,0.1456960000,216.6154184054
1287,15,85,3,15,14,1,0,65,18,66,14,14,0.0053898494,0.1513113307,5.0000000000,15.0288180664,0.9333333333,0.1397120000,210.8337150710
1288,15,85,1,15,13,2,0,65,16,42,13,13,0.0062835846,0.1450277461,15.0000000000,16.1850029062,0.8666666667,0.1288640000,212.2547802334
1289,13,87,1,13,13,0,0,65,15,39,13,13,0.0054833407,0.1395444055,13.0000000000,16.1849381654,1.0000000000,0.1276480000,214.2767610930
1290,12,88,1,12,12,0,0,65,14,35,12,12,0.0061575751,0.1333868303,12.0000000000,16.1310820185,1.0000000000,0.1180160000,213.9370932755
1291,12,88,1,12,12,0,0,65,13,33,12,12,0.0067981494,0.1265886809,12.0000000000,16.1311175016,1.0000000000,0.1168000000,216.1643835616
1292,12,88,1,12,12,0,0,65,13,33,12,12,0.0051018411,0.1214868398,12.0000000000,16.1310223392,1.0000000000,0.1168000000,216.1643835616
1293,12,88,0,12,12,0,12,65,0,0,12,12,0.0021125456,0.1193742942,0.0000000000,8.4161774653,1.0000000000,0.1009920000,250.0000000000
1294,12,88,0,12,12,0,12,65,0,0,12,12,0.0021125456,0.1172617485,0.0000000000,8.4161774653,1.0000000000,0.1009920000,250.0000000000
1295,12,88,0,12,12,0,12,65,0,0,12,12,0.0021125456,0.1151492029,0.0000000000,8.4161774653,1.0000000000,0.1009920000,250.0000000000
1296,11,89,0,12,11,1,12,65,0,0,11,11,0.0020947064,0.1130544965,0.0000000000,8.4161783724,0.9166666667,0.0925760000,250.0000000000
1297,11,89,0,11,11,0,11,65,0,0,11,11,0.0019437064,0.1111107902,0.0000000000,8.4161783724,1.0000000000,0.0925760000,250.0000000000
1298,10,90,0,11,10,1,11,65,0,0,10,10,0.0018553437,0.1092554465,0.0000000000,8.4161807032,0.9090909091,0.0841600000,250.0000000000
1299,10,90,0,10,10,0,10,65,0,0,10,10,0.0017824544,0.1074729921,0.0000000000,8.4161807032,1.0000000000,0.0841600000,250.0000000000
1300,10,90,0,10,10,0,10,65,0,0,10,10,0.0017824544,0.1056905376,0.0000000000,8.4161807032,1.0000000000,0.0841600000,250.0000000000
1301,9,91,1,10,0,10,0,66,11,27,9,9,0.0048968918,0.1007936459,1.0000000000,0.0000000000,0.0000000000,0.0891200000,0.0000000000
1302,8,92,1,8,8,0,0,66,9,21,8,8,0.0037254346,0.0970682113,8.0000000000,15.7804012289,1.0000000000,0.0782720000,215.0449713818
1303,8,92,1,8,8,0,0,66,9,21,8,8,0.0048269527,0.0922412586,8.0000000000,15.7804581320,1.0000000000,0.0782720000,215.0449713818
1304,8,92,1,8,8,0,0,66,9,21,8,8,0.0039662589,0.0882749997,8.0000000000,15.7803861193,1.0000000000,0.0782720000,215.0449713818
1305,8,92,1,8,8,0,0,66,9,21,8,8,0.0039782478,0.0842967519,8.0000000000,15.7803832016,1.0000000000,0.0782720000,215.0449713818
1306,8,92,1,8,7,1,0,66,9,21,7,7,0.0034071015,0.0808896503,8.0000000000,15.6300936810,0.8750000000,0.0698560000,210.8337150710
1307,7,93,1,7,7,0,0,66,9,20,7,7,0.0032410311,0.0776486192,7.0000000000,15.6300699662,1.0000000000,0.0698560000,210.8337150710
1308,7,93,1,7,7,0,0,66,8,18,7,7,0.0032001888,0.0744484304,7.0000000000,15.6301151705,1.0000000000,0.0686400000,214.5687645688
1309,7,93,1,7,7,0,0,66,8,18,7,7,0.0027506297,0.0716978006,7.0000000000,15.6300405901,1.0000000000,0.0686400000,214.5687645688
1310,7,93,0,7,7,0,7,66,0,0,7,7,0.0012681205,0.0704296801,0.0000000000,8.4161850531,1.0000000000,0.0589120000,250.0000000000
1311,7,93,0,7,7,0,7,66,0,0,7,7,0.0012681205,0.0691615596,0.0000000000,8.4161850531,1.0000000000,0.0589120000,250.0000000000
1312,7,93,0,7,7,0,7,66,0,0,7,7,0.0012681205,0.0678934390,0.0000000000,8.4161850531,1.0000000000,0.0589120000,250.0000000000
1313,7,93,0,7,7,0,7,66,0,0,7,7,0.0012681205,0.0666253185,0.0000000000,8.4161850531,1.0000000000,0.0589120000,250.0000000000
1314,7,93,0,7,7,0,7,66,0,0,7,7,0.0012681205,0.0653571979,0.0000000000,8.4161850531,1.0000000000,0.0589120000,250.0000000000
1315,7,93,0,7,7,0,7,66,0,0,7,7,0.0012681205,0.0640890774,0.0000000000,8.4161850531,1.0000000000,0.0589120000,250.0000000000
1316,7,93,0,7,7,0,7,66,0,0,7,7,0.0012681205,0.0628209569,0.0000000000,8.4161850531,1.0000000000,0.0589120000,250.0000000000
1317,7,93,0,7,7,0,7,66,0,0,7,7,0.0012681205,0.0615528363,0.0000000000,8.4161850531,1.0000000000,0.0589120000,250.0000000000
1318,7,93,0,7,7,0,7,66,0,0,7,7,0.0012681205,0.0602847158,0.0000000000,8.4161850531,1.0000000000,0.0589120000,250.0000000000
1319,7,93,0,7,7,0,7,66,0,0,7,7,0.0012681205,0.0590165952,0.0000000000,8.4161850531,1.0000000000,0.0589120000,250.0000000000
1320,7,93,0,7,7,0,7,66,0,0,7,7,0.0012681205,0.0577484747,0.0000000000,8.4161850531,1.0000000000,0.0589120000,250.0000000000
1321,7,93,2,7,7,0,0,67,9,22,7,7,0.0025429382,0.0552055365,3.5000000000,14.4276787787,1.0000000000,0.0698560000,210.8337150710
1322,7,93,1,7,7,0,0,67,8,18,7,7,0.0036259822,0.0515795543,7.0000000000,15.6301145847,1.0000000000,0.0686400000,214.5687645688
1323,7,93,1,7,7,0,0,67,8,18,7,7,0.0027506297,0.0488289246,7.0000000000,15.6300405901,1.0000000000,0.0686400000,214.5687645688
1324,6,94,1,7,0,7,0,67,8,18,6,6,0.0031627948,0.0456661297,1.0000000000,0.0000000000,0.0000000000,0.0602240000,0.0000000000
1325,6,94,1,6,6,0,0,67,7,15,6,6,0.0026831973,0.0429829324,6.0000000000,15.4297162976,1.0000000000,0.0590080000,213.9370932755
1326,6,94,1,6,6,0,0,67,7,15,6,6,0.0030391000,0.0399438324,6.0000000000,15.4297139093,1.0000000000,0.0590080000,213.9370932755
1327,6,94,0,6,6,0,6,67,0,0,6,6,0.0010728985,0.0388709339,0.0000000000,8.4161817450,1.0000000000,0.0504960000,250.0000000000
1328,6,94,0,6,6,0,6,67,0,0,6,6,0.0010728985,0.0377980355,0.0000000000,8.4161817450,1.0000000000,0.0504960000,250.0000000000
1329,6,94,0,6,6,0,6,67,0,0,6,6,0.0010728985,0.0367251370,0.0000000000,8.4161817450,1.0000000000,0.0504960000,250.0000000000
1330,6,94,0,6,6,0,6,67,0,0,6,6,0.0010728985,0.0356522385,0.0000000000,8.4161817450,1.0000000000,0.0504960000,250.0000000000
1331,6,94,0,6,6,0,6,67,0,0,6,6,0.0010728985,0.0345793400,0.0000000000,8.4161817450,1.0000000000,0.0504960000,250.0000000000
1332,6,94,0,6,6,0,6,67,0,0,6,6,0.0010728985,0.0335064416,0.0000000000,8.4161817450,1.0000000000,0.0504960000,250.0000000000
1333,6,94,0,6,6,0,6,67,0,0,6,6,0.0010728985,0.0324335431,0.0000000000,8.4161817450,1.0000000000,0.0504960000,250.0000000000
1334,6,94,0,6,6,0,6,67,0,0,6,6,0.0010728985,0.0313606446,0.0000000000,8.4161817450,1.0000000000,0.0504960000,250.0000000000
1335,6,94,0,6,6,0,6,67,0,0,6,6,0.0010728985,0.0302877462,0.0000000000,8.4161817450,1.0000000000,0.0504960000,250.0000000000
1336,6,94,0,6,6,0,6,67,0,0,6,6,0.0010728985,0.0292148477,0.0000000000,8.4161817450,1.0000000000,0.0504960000,250.0000000000
1337,6,94,0,6,6,0,6,67,0,0,6,6,0.0010728985,0.0281419492,0.0000000000,8.4161817450,1.0000000000,0.0504960000,250.0000000000
1338,6,94,0,6,6,0,6,67,0,0,6,6,0.0010728985,0.0270690508,0.0000000000,8.4161817450,1.0000000000,0.0504960000,250.0000000000
1339,5,95,0,6,5,1,6,67,0,0,5,5,0.0009087726,0.0261602782,0.0000000000,8.4161785447,0.8333333333,0.0420800000,250.0000000000
1340,5,95,0,5,5,0,5,67,0,0,5,5,0.0008831315,0.0252771467,0.0000000000,8.4161785447,1.0000000000,0.0420800000,250.0000000000
1341,5,95,1,5,5,0,0,68,6,12,5,5,0.0023830945,0.0228940523,5.0000000000,15.1491559053,1.0000000000,0.0493760000,213.0589760207
1342,5,95,1,5,5,0,0,68,6,12,5,5,0.0025427750,0.0203512773,5.0000000000,15.1491938336,1.0000000000,0.0493760000,213.0589760207
1343,3,97,1,3,3,0,0,68,5,9,3,3,0.0012132472,0.0191380301,3.0000000000,14.0269288150,1.0000000000,0.0313280000,201.4811031665
1344,3,97,1,3,3,0,0,68,4,6,3,3,0.0010544764,0.0180835537,3.0000000000,14.0269246759,1.0000000000,0.0301120000,209.6174282678
1345,3,97,0,3,3,0,3,68,0,0,3,3,0.0005177907,0.0175657630,0.0000000000,8.4161729661,1.0000000000,0.0252480000,250.0000000000
1346,3,97,0,3,3,0,3,68,0,0,3,3,0.0005177907,0.0170479723,0.0000000000,8.4161729661,1.0000000000,0.0252480000,250.0000000000
1347,3,97,0,3,3,0,3,68,0,0,3,3,0.0005177907,0.0165301816,0.0000000000,8.4161729661,1.0000000000,0.0252480000,250.0000000000
1348,3,97,0,3,3,0,3,68,0,0,3,3,0.0005177907,0.0160123909,0.0000000000,8.4161729661,1.0000000000,0.0252480000,250.0000000000
1349,3,97,0,3,3,0,3,68,0,0,3,3,0.0005177907,0.0154946002,0.0000000000,8.4161729661,1.0000000000,0.0252480000,250.0000000000
1350,3,97,0,3,3,0,3,68,0,0,3,3,0.0005177907,0.0149768096,0.0000000000,8.4161729661,1.0000000000,0.0252480000,250.0000000000
1351,3,97,0,3,3,0,3,68,0,0,3,3,0.0005177907,0.0144590189,0.0000000000,8.4161729661,1.0000000000,0.0252480000,250.0000000000
1352,3,97,0,3,3,0,3,68,0,0,3,3,0.0005177907,0.0139412282,0.0000000000,8.4161729661,1.0000000000,0.0252480000,250.0000000000
1353,3,97,0,3,3,0,3,68,0,0,3,3,0.0005177907,0.0134234375,0.0000000000,8.4161729661,1.0000000000,0.0252480000,250.0000000000
1354,2,98,0,3,2,1,3,68,0,0,2,2,0.0004053748,0.0130180627,0.0000000000,8.4161749288,0.6666666667,0.0168320000,250.0000000000
1355,2,98,0,2,2,0,2,68,0,0,2,2,0.0003479615,0.0126701012,0.0000000000,8.4161749288,1.0000000000,0.0168320000,250.0000000000
1356,2,98,0,2,2,0,2,68,0,0,2,2,0.0003479615,0.0123221398,0.0000000000,8.4161749288,1.0000000000,0.0168320000,250.0000000000
1357,2,98,0,2,2,0,2,68,0,0,2,2,0.0003479615,0.0119741783,0.0000000000,8.4161749288,1.0000000000,0.0168320000,250.0000000000
1358,2,98,0,2,2,0,2,68,0,0,2,2,0.0003479615,0.0116262169,0.0000000000,8.4161749288,1.0000000000,0.0168320000,250.0000000000
1359,2,98,0,2,2,0,2,68,0,0,2,2,0.0003479615,0.0112782554,0.0000000000,8.4161749288,1.0000000000,0.0168320000,250.0000000000
1360,2,98,0,2,2,0,2,68,0,0,2,2,0.0003479615,0.0109302940,0.0000000000,8.4161749288,1.0000000000,0.0168320000,250.0000000000
1361,2,98,1,2,2,0,0,69,3,3,2,2,0.0007263774,0.0102039165,2.0000000000,12.6242459520,1.0000000000,0.0204800000,205.4687500000
1362,2,98,1,2,2,0,0,69,3,3,2,2,0.0007092502,0.0094946663,2.0000000000,12.6242200992,1.0000000000,0.0204800000,205.4687500000
1363,2,98,0,2,2,0,2,69,0,0,2,2,0.0003479615,0.0091467049,0.0000000000,8.4161749288,1.0000000000,0.0168320000,250.0000000000
1364,2,98,0,2,2,0,2,69,0,0,2,2,0.0003479615,0.0087987434,0.0000000000,8.4161749288,1.0000000000,0.0168320000,250.0000000000
1365,1,99,0,2,1,1,2,69,0,0,1,1,0.0002970502,0.0085016932,0.0000000000,8.4161878552,0.5000000000,0.0084160000,250.0000000000
1366,1,99,0,1,1,0,1,69,0,0,1,1,0.0001825443,0.0083191489,0.0000000000,8.4161878552,1.0000000000,0.0084160000,250.0000000000
1367,1,99,0,1,1,0,1,69,0,0,1,1,0.0001825443,0.0081366045,0.0000000000,8.4161878552,1.0000000000,0.0084160000,250.0000000000
1368,1,99,0,1,1,0,1,69,0,0,1,1,0.0001825443,0.0079540602,0.0000000000,8.4161878552,1.0000000000,0.0084160000,250.0000000000
1369,1,99,0,1,1,0,1,69,0,0,1,1,0.0001825443,0.0077715158,0.0000000000,8.4161878552,1.0000000000,0.0084160000,250.0000000000
1370,1,99,0,1,1,0,1,69,0,0,1,1,0.0001825443,0.0075889715,0.0000000000,8.4161878552,1.0000000000,0.0084160000,250.0000000000
1371,1,99,0,1,1,0,1,69,0,0,1,1,0.0001825443,0.0074064272,0.0000000000,8.4161878552,1.0000000000,0.0084160000,250.0000000000
1372,1,99,0,1,1,0,1,69,0,0,1,1,0.0001825443,0.0072238828,0.0000000000,8.4161878552,1.0000000000,0.0084160000,250.0000000000
1373,1,99,0,1,1,0,1,69,0,0,1,1,0.0001825443,0.0070413385,0.0000000000,8.4161878552,1.0000000000,0.0084160000,250.0000000000
1374,1,99,0,1,1,0,1,69,0,0,1,1,0.0001825443,0.0068587941,0.0000000000,8.4161878552,1.0000000000,0.0084160000,250.0000000000
1375,1,99,0,1,1,0,1,69,0,0,1,1,0.0001825443,0.0066762498,0.0000000000,8.4161878552,1.0000000000,0.0084160000,250.0000000000
1376,1,99,0,1,1,0,1,69,0,0,1,1,0.0001825443,0.0064937055,0.0000000000,8.4161878552,1.0000000000,0.0084160000,250.0000000000
1377,1,99,0,1,1,0,1,69,0,0,1,1,0.0001825443,0.0063111611,0.0000000000,8.4161878552,1.0000000000,0.0084160000,250.0000000000
1378,1,99,0,1,1,0,1,69,0,0,1,1,0.0001825443,0.0061286168,0.0000000000,8.4161878552,1.0000000000,0.0084160000,250.0000000000
1379,1,99,0,1,1,0,1,69,0,0,1,1,0.0001825443,0.0059460724,0.0000000000,8.4161878552,1.0000000000,0.0084160000,250.0000000000
1380,1,99,0,1,1,0,1,69,0,0,1,1,0.0001825443,0.0057635281,0.0000000000,8.4161878552,1.0000000000,0.0084160000,250.0000000000
1381,1,99,1,1,1,0,0,70,1,0,1,1,0.0003678643,0.0053956638,1.0000000000,8.4161878552,1.0000000000,0.0096320000,218.4385382060
1382,1,99,0,1,1,0,1,70,0,0,1,1,0.0001825443,0.0052131194,0.0000000000,8.4161878552,1.0000000000,0.0084160000,250.0000000000
1383,1,99,0,1,1,0,1,70,0,0,1,1,0.0001825443,0.0050305751,0.0000000000,8.4161878552,1.0000000000,0.0084160000,250.0000000000
1384,1,99,0,1,1,0,1,70,0,0,1,1,0.0001825443,0.0048480307,0.0000000000,8.4161878552,1.0000000000,0.0084160000,250.0000000000
1385,1,99,0,1,1,0,1,70,0,0,1,1,0.0001825443,0.0046654864,0.0000000000,8.4161878552,1.0000000000,0.0084160000,250.0000000000
1386,1,99,0,1,1,0,1,70,0,0,1,1,0.0001825443,0.0044829421,0.0000000000,8.4161878552,1.0000000000,0.0084160000,250.0000000000
1387,1,99,0,1,1,0,1,70,0,0,1,1,0.0001825443,0.0043003977,0.0000000000,8.4161878552,1.0000000000,0.0084160000,250.0000000000
1388,1,99,0,1,1,0,1,70,0,0,1,1,0.0001825443,0.0041178534,0.0000000000,8.4161878552,1.0000000000,0.0084160000,250.0000000000
1389,1,99,0,1,1,0,1,70,0,0,1,1,0.0001825443,0.0039353090,0.0000000000,8.4161878552,1.0000000000,0.0084160000,250.0000000000
1390,1,99,0,1,1,0,1,70,0,0,1,1,0.0001825443,0.0037527647,0.0000000000,8.4161878552,1.0000000000,0.0084160000,250.0000000000
1391,1,99,0,1,1,0,1,70,0,0,1,1,0.0001825443,0.0035702204,0.0000000000,8.4161878552,1.0000000000,0.0084160000,250.0000000000
1392,1,99,0,1,1,0,1,70,0,0,1,1,0.0001825443,0.0033876760,0.0000000000,8.4161878552,1.0000000000,0.0084160000,250.0000000000
1393,1,99,0,1,1,0,1,70,0,0,1,1,0.0001825443,0.0032051317,0.0000000000,8.4161878552,1.0000000000,0.0084160000,250.0000000000
1394,1,99,0,1,1,0,1,70,0,0,1,1,0.0001825443,0.0030225873,0.0000000000,8.4161878552,1.0000000000,0.0084160000,250.0000000000
1395,1,99,0,1,1,0,1,70,0,0,1,1,0.0001825443,0.0028400430,0.0000000000,8.4161878552,1.0000000000,0.0084160000,250.0000000000
1396,1,99,0,1,1,0,1,70,0,0,1,1,0.0001825443,0.0026574987,0.0000000000,8.4161878552,1.0000000000,0.0084160000,250.0000000000
1397,1,99,0,1,1,0,1,70,0,0,1,1,0.0001825443,0.0024749543,0.0000000000,8.4161878552,1.0000000000,0.0084160000,250.0000000000
1398,1,99,0,1,1,0,1,70,0,0,1,1,0.0001825443,0.0022924100,0.0000000000,8.4161878552,1.0000000000,0.0084160000,250.0000000000
1399,1,99,0,1,1,0,1,70,0,0,1,1,0.0001825443,0.0021098657,0.0000000000,8.4161878552,1.0000000000,0.0084160000,250.0000000000
1400,1,99,0,1,1,0,1,70,0,0,1,1,0.0001825443,0.0019273213,0.0000000000,8.4161878552,1.0000000000,0.0084160000,250.0000000000
1401,1,99,1,1,1,0,0,71,1,0,1,1,0.0003678643,0.0015594570,1.0000000000,8.4161878552,1.0000000000,0.0096320000,218.4385382060
1402,1,99,0,1,1,0,1,71,0,0,1,1,0.0001825443,0.0013769126,0.0000000000,8.4161878552,1.0000000000,0.0084160000,250.0000000000
1403,1,99,0,1,1,0,1,71,0,0,1,1,0.0001825443,0.0011943683,0.0000000000,8.4161878552,1.0000000000,0.0084160000,250.0000000000
1404,1,99,0,1,1,0,1,71,0,0,1,1,0.0001825443,0.0010118240,0.0000000000,8.4161878552,1.0000000000,0.0084160000,250.0000000000
1405,1,99,0,1,1,0,1,71,0,0,1,1,0.0001825443,0.0008292796,0.0000000000,8.4161878552,1.0000000000,0.0084160000,250.0000000000
1406,1,99,0,1,1,0,1,71,0,0,1,1,0.0001825443,0.0006467353,0.0000000000,8.4161878552,1.0000000000,0.0084160000,250.0000000000
1407,1,99,0,1,1,0,1,71,0,0,1,1,0.0001825443,0.0004641909,0.0000000000,8.4161878552,1.0000000000,0.0084160000,250.0000000000
1408,1,99,0,1,1,0,1,71,0,0,1,1,0.0001825443,0.0002816466,0.0000000000,8.4161878552,1.0000000000,0.0084160000,250.0000000000
1409,1,99,0,1,1,0,1,71,0,0,1,1,0.0001825443,0.0000991023,0.0000000000,8.4161878552,1.0000000000,0.0084160000,250.0000000000
1410,0,100,0,0,0,0,0,71,0,0,0,0,0.0000991023,0.0000000000,0.0000000000,0.0000000000,0.0000000000,0.0000000000,0.0000000000
