Round,Alive,Dead,CH_Count,Generated,Delivered,Lost,Unclustered,Control_TX,Control_RX,Data_TX,Data_RX,Energy_Used_J,Residual_Energy_J,Avg_Cluster_Size,Avg_Delay_ms,PDR,Round_Duration_s,Throughput_kbps
1,100,0,26,100,100,0,0,116,2722,100,100,0.0512607254,49.9487392746,3.8461538462,13.9201712242,1.0000000000,0.8928000000,224.0143369176
2,100,0,20,100,100,0,0,117,2140,100,100,0.0452608286,49.9034784459,5.0000000000,14.4001679064,1.0000000000,0.8936000000,223.8137869293
3,100,0,21,100,100,0,0,119,2237,100,100,0.0461545710,49.8573238749,4.7619047619,14.3201654121,1.0000000000,0.8952000000,223.4137622878
4,100,0,10,100,100,0,0,110,1170,100,100,0.0354247441,49.8218991308,10.0000000000,15.2001874390,1.0000000000,0.8880000000,225.2252252252
5,100,0,17,100,100,0,0,115,1849,100,100,0.0420397498,49.7798593811,5.8823529412,14.6401681360,1.0000000000,0.8920000000,224.2152466368
6,100,0,15,100,100,0,0,113,1655,100,100,0.0400153010,49.7398440801,6.6666666667,14.8001530217,1.0000000000,0.8904000000,224.6181491465
7,100,0,14,100,100,0,0,114,1558,100,100,0.0390392521,49.7008048280,7.1428571429,14.8801835679,1.0000000000,0.8912000000,224.4165170557
8,100,0,20,100,100,0,0,115,2140,100,100,0.0451584958,49.6556463321,5.0000000000,14.4001745689,1.0000000000,0.8920000000,224.2152466368
9,100,0,19,100,100,0,0,115,2043,100,100,0.0440103980,49.6116359341,5.2631578947,14.4801559794,1.0000000000,0.8920000000,224.2152466368
10,100,0,13,100,100,0,0,111,1461,100,100,0.0384663003,49.5731696338,7.6923076923,14.9602020419,1.0000000000,0.8888000000,225.0225022502
11,100,0,28,100,100,0,0,121,2916,100,100,0.0530567433,49.5201128905,3.5714285714,13.7601614930,1.0000000000,0.8968000000,223.0151650312
12,100,0,12,100,100,0,0,112,1364,100,100,0.0366285241,49.4834843663,8.3333333333,15.0401651836,1.0000000000,0.8896000000,224.8201438849
13,100,0,20,100,100,0,0,116,2140,100,100,0.0452170756,49.4382672908,5.0000000000,14.4001735996,1.0000000000,0.8928000000,224.0143369176
14,100,0,13,100,100,0,0,113,1461,100,100,0.0380089609,49.4002583299,7.6923076923,14.9601735286,1.0000000000,0.8904000000,224.6181491465
15,100,0,26,100,100,0,0,119,2722,100,100,0.0511629790,49.3490953509,3.8461538462,13.9201669048,1.0000000000,0.8952000000,223.4137622878
16,100,0,14,100,100,0,0,113,1558,100,100,0.0388607010,49.3102346499,7.1428571429,14.8801741703,1.0000000000,0.8904000000,224.6181491465
17,100,0,17,100,100,0,0,115,1849,100,100,0.0418600056,49.2683746442,5.8823529412,14.6401605599,1.0000000000,0.8920000000,224.2152466368
18,100,0,15,100,100,0,0,113,1655,100,100,0.0400480671,49.2283265772,6.6666666667,14.8001758915,1.0000000000,0.8904000000,224.6181491465
19,100,0,11,100,100,0,0,111,1267,100,100,0.0367935108,49.1915330664,9.0909090909,15.1201943815,1.0000000000,0.8888000000,225.0225022502
20,100,0,18,100,100,0,0,114,1946,100,100,0.0430339526,49.1484991138,5.5555555556,14.5601644837,1.0000000000,0.8912000000,224.4165170557
21,100,0,16,100,100,0,0,114,1752,100,100,0.0412879209,49.1072111929,6.2500000000,14.7201751503,1.0000000000,0.8912000000,224.4165170557
22,100,0,14,100,100,0,0,113,1558,100,100,0.0395759668,49.0676352261,7.1428571429,14.8801898986,1.0000000000,0.8904000000,224.6181491465
23,100,0,21,100,100,0,0,117,2237,100,100,0.0466599830,49.0209752431,4.7619047619,14.3201894471,1.0000000000,0.8936000000,223.8137869293
24,100,0,10,100,100,0,0,110,1170,100,100,0.0361825942,48.9847926490,10.0000000000,15.2002013767,1.0000000000,0.8880000000,225.2252252252
25,100,0,22,100,100,0,0,120,2334,100,100,0.0475519910,48.9372406580,4.5454545455,14.2401850741,1.0000000000,0.8960000000,223.2142857143
26,100,0,13,100,100,0,0,112,1461,100,100,0.0384637938,48.8987768642,7.6923076923,14.9601919656,1.0000000000,0.8896000000,224.8201438849
27,100,0,18,100,100,0,0,114,1946,100,100,0.0434026777,48.8553741865,5.5555555556,14.5601848339,1.0000000000,0.8912000000,224.4165170557
28,100,0,15,100,100,0,0,112,1655,100,100,0.0405912673,48.8147829191,6.6666666667,14.8001761782,1.0000000000,0.8896000000,224.8201438849
29,100,0,21,100,100,0,0,118,2237,100,100,0.0462596757,48.7685232435,4.7619047619,14.3201736579,1.0000000000,0.8944000000,223.6135957066
30,100,0,9,100,100,0,0,109,1073,100,100,0.0340669081,48.7344563354,11.1111111111,15.2801707494,1.0000000000,0.8872000000,225.4283137962
31,100,0,20,100,100,0,0,119,2140,100,100,0.0454548694,48.6890014660,5.0000000000,14.4001815061,1.0000000000,0.8952000000,223.4137622878
32,100,0,12,100,100,0,0,110,1364,100,100,0.0374528460,48.6515486200,8.3333333333,15.0401818915,1.0000000000,0.8880000000,225.2252252252
33,100,0,16,100,100,0,0,112,1752,100,100,0.0411595241,48.6103890959,6.2500000000,14.7201765176,1.0000000000,0.8896000000,224.8201438849
34,100,0,13,100,100,0,0,112,1461,100,100,0.0379423758,48.5724467201,7.6923076923,14.9601680165,1.0000000000,0.8896000000,224.8201438849
35,100,0,20,100,100,0,0,119,2140,100,100,0.0450316217,48.5274150985,5.0000000000,14.4001501948,1.0000000000,0.8952000000,223.4137622878
36,100,0,20,100,100,0,0,115,2140,100,100,0.0451234808,48.4822916177,5.0000000000,14.4001700621,1.0000000000,0.8920000000,224.2152466368
37,100,0,19,100,100,0,0,115,2043,100,100,0.0440681728,48.4382234448,5.2631578947,14.4801732677,1.0000000000,0.8920000000,224.2152466368
38,100,0,11,100,100,0,0,111,1267,100,100,0.0361742849,48.4020491599,9.0909090909,15.1201732016,1.0000000000,0.8888000000,225.0225022502
39,100,0,26,100,100,0,0,122,2722,100,100,0.0509383785,48.3511107813,3.8461538462,13.9201565069,1.0000000000,0.8976000000,222.8163992870
40,100,0,14,100,100,0,0,112,1558,100,100,0.0394606536,48.3116501277,7.1428571429,14.8801901468,1.0000000000,0.8896000000,224.8201438849
41,100,0,12,100,100,0,0,112,1364,100,100,0.0373782098,48.2742719179,8.3333333333,15.0401862147,1.0000000000,0.8896000000,224.8201438849
42,100,0,9,100,100,0,0,109,1073,100,100,0.0349482937,48.2393236242,11.1111111111,15.2801932718,1.0000000000,0.8872000000,225.4283137962
43,100,0,18,100,100,0,0,115,1946,100,100,0.0434839867,48.1958396375,5.5555555556,14.5601885503,1.0000000000,0.8920000000,224.2152466368
44,100,0,9,100,100,0,0,109,1073,100,100,0.0346210647,48.1612185728,11.1111111111,15.2802051571,1.0000000000,0.8872000000,225.4283137962
45,100,0,22,100,100,0,0,118,2334,100,100,0.0470977778,48.1141207950,4.5454545455,14.2401605615,1.0000000000,0.8944000000,223.6135957066
46,100,0,9,100,100,0,0,107,1073,100,100,0.0356959406,48.0784248545,11.1111111111,15.2802106270,1.0000000000,0.8856000000,225.8355916893
47,100,0,18,100,100,0,0,114,1946,100,100,0.0434246238,48.0350002307,5.5555555556,14.5601861234,1.0000000000,0.8912000000,224.4165170557
48,100,0,12,100,100,0,0,111,1364,100,100,0.0375082244,47.9974920063,8.3333333333,15.0401827328,1.0000000000,0.8888000000,225.0225022502
49,100,0,16,100,100,0,0,115,1752,100,100,0.0411620468,47.9563299595,6.2500000000,14.7201792668,1.0000000000,0.8920000000,224.2152466368
50,100,0,20,100,100,0,0,115,2140,100,100,0.0455419477,47.9107880118,5.0000000000,14.4001873473,1.0000000000,0.8920000000,224.2152466368
51,100,0,19,100,100,0,0,114,2043,100,100,0.0440752599,47.8667127519,5.2631578947,14.4801614567,1.0000000000,0.8912000000,224.4165170557
52,100,0,10,100,100,0,0,110,1170,100,100,0.0353198157,47.8313929362,10.0000000000,15.2001941272,1.0000000000,0.8880000000,225.2252252252
53,100,0,21,100,100,0,0,118,2237,100,100,0.0461284982,47.7852644380,4.7619047619,14.3201643539,1.0000000000,0.8944000000,223.6135957066
54,100,0,15,100,100,0,0,111,1655,100,100,0.0400293756,47.7452350624,6.6666666667,14.8001798339,1.0000000000,0.8888000000,225.0225022502
55,100,0,22,100,100,0,0,119,2334,100,100,0.0469250534,47.6983100091,4.5454545455,14.2401567299,1.0000000000,0.8952000000,223.4137622878
56,100,0,8,100,100,0,0,108,976,100,100,0.0337348880,47.6645751211,12.5000000000,15.3602119800,1.0000000000,0.8864000000,225.6317689531
57,100,0,14,100,100,0,0,112,1558,100,100,0.0392115829,47.6253635382,7.1428571429,14.8801747275,1.0000000000,0.8896000000,224.8201438849
58,100,0,18,100,100,0,0,115,1946,100,100,0.0427903522,47.5825731860,5.5555555556,14.5601574591,1.0000000000,0.8920000000,224.2152466368
59,100,0,15,100,100,0,0,115,1655,100,100,0.0401066892,47.5424664968,6.6666666667,14.8001725199,1.0000000000,0.8920000000,224.2152466368
60,100,0,17,100,100,0,0,115,1849,100,100,0.0423429912,47.5001235056,5.8823529412,14.6401813858,1.0000000000,0.8920000000,224.2152466368
61,100,0,18,100,100,0,0,114,1946,100,100,0.0432219508,47.4569015548,5.5555555556,14.5601708029,1.0000000000,0.8912000000,224.4165170557
62,100,0,9,100,100,0,0,109,1073,100,100,0.0346923496,47.4222092051,11.1111111111,15.2802021431,1.0000000000,0.8872000000,225.4283137962
63,100,0,15,100,100,0,0,115,1655,100,100,0.0404569369,47.3817522682,6.6666666667,14.8001885948,1.0000000000,0.8920000000,224.2152466368
64,100,0,17,100,100,0,0,115,1849,100,100,0.0427812288,47.3389710394,5.8823529412,14.6401967421,1.0000000000,0.8920000000,224.2152466368
65,100,0,16,100,100,0,0,114,1752,100,100,0.0414839894,47.2974870500,6.2500000000,14.7201813789,1.0000000000,0.8912000000,224.4165170557
66,100,0,17,100,100,0,0,114,1849,100,100,0.0424621429,47.2550249071,5.8823529412,14.6401952528,1.0000000000,0.8912000000,224.4165170557
67,100,0,12,100,100,0,0,112,1364,100,100,0.0372521919,47.2177727152,8.3333333333,15.0401840554,1.0000000000,0.8896000000,224.8201438849
68,100,0,13,100,100,0,0,110,1461,100,100,0.0378386667,47.1799340485,7.6923076923,14.9601682105,1.0000000000,0.8880000000,225.2252252252
69,100,0,23,100,100,0,0,119,2431,100,100,0.0482580445,47.1316760040,4.3478260870,14.1601713851,1.0000000000,0.8952000000,223.4137622878
70,100,0,11,100,100,0,0,111,1267,100,100,0.0359608829,47.0957151211,9.0909090909,15.1201626330,1.0000000000,0.8888000000,225.0225022502
71,100,0,14,100,100,0,0,114,1558,100,100,0.0391893170,47.0565258041,7.1428571429,14.8801798128,1.0000000000,0.8912000000,224.4165170557
72,100,0,13,100,100,0,0,111,1461,100,100,0.0381966583,47.0183291458,7.6923076923,14.9601803493,1.0000000000,0.8888000000,225.0225022502
73,100,0,21,100,100,0,0,117,2237,100,100,0.0465788258,46.9717503200,4.7619047619,14.3201848491,1.0000000000,0.8936000000,223.8137869293
74,100,0,21,100,100,0,0,111,2237,100,100,0.0462342363,46.9255160837,4.7619047619,14.3201799353,1.0000000000,0.8888000000,225.0225022502
75,100,0,26,100,100,0,0,121,2722,100,100,0.0509572407,46.8745588429,3.8461538462,13.9201573584,1.0000000000,0.8968000000,223.0151650312
76,100,0,8,100,100,0,0,108,976,100,100,0.0335535580,46.8410052849,12.5000000000,15.3601855469,1.0000000000,0.8864000000,225.6317689531
77,100,0,21,100,100,0,0,118,2237,100,100,0.0458632359,46.7951420490,4.7619047619,14.3201609545,1.0000000000,0.8944000000,223.6135957066
78,100,0,9,100,100,0,0,108,1073,100,100,0.0347045604,46.7604374886,11.1111111111,15.2802045216,1.0000000000,0.8864000000,225.6317689531
79,100,0,23,100,100,0,0,118,2431,100,100,0.0476856532,46.7127518354,4.3478260870,14.1601531078,1.0000000000,0.8944000000,223.6135957066
80,100,0,12,100,100,0,0,111,1364,100,100,0.0371150224,46.6756368130,8.3333333333,15.0401847754,1.0000000000,0.8888000000,225.0225022502
81,100,0,14,100,100,0,0,112,1558,100,100,0.0391884263,46.6364483867,7.1428571429,14.8801774843,1.0000000000,0.8896000000,224.8201438849
82,100,0,12,100,100,0,0,111,1364,100,100,0.0372509050,46.5991974817,8.3333333333,15.0401886845,1.0000000000,0.8888000000,225.0225022502
83,100,0,12,100,100,0,0,112,1364,100,100,0.0370104248,46.5621870569,8.3333333333,15.0401696780,1.0000000000,0.8896000000,224.8201438849
84,100,0,8,100,100,0,0,108,976,100,100,0.0344574473,46.5277296096,12.5000000000,15.3602214132,1.0000000000,0.8864000000,225.6317689531
85,100,0,20,100,100,0,0,114,2140,100,100,0.0452088843,46.4825207253,5.0000000000,14.4001814619,1.0000000000,0.8912000000,224.4165170557
86,100,0,12,100,100,0,0,111,1364,100,100,0.0372926581,46.4452280673,8.3333333333,15.0401825091,1.0000000000,0.8888000000,225.0225022502
87,100,0,17,100,100,0,0,114,1849,100,100,0.0425549743,46.4026730930,5.8823529412,14.6401911669,1.0000000000,0.8912000000,224.4165170557
88,100,0,9,100,100,0,0,108,1073,100,100,0.0342257270,46.3684473659,11.1111111111,15.2801794811,1.0000000000,0.8864000000,225.6317689531
89,100,0,22,100,100,0,0,117,2334,100,100,0.0471923939,46.3212549720,4.5454545455,14.2401720678,1.0000000000,0.8936000000,223.8137869293
90,100,0,11,100,100,0,0,109,1267,100,100,0.0364580318,46.2847969403,9.0909090909,15.1201789452,1.0000000000,0.8872000000,225.4283137962
91,100,0,22,100,100,0,0,117,2334,100,100,0.0475036596,46.2372932807,4.5454545455,14.2401850068,1.0000000000,0.8936000000,223.8137869293
92,100,0,12,100,100,0,0,112,1364,100,100,0.0373855808,46.1999076999,8.3333333333,15.0401826879,1.0000000000,0.8896000000,224.8201438849
93,100,0,18,100,100,0,0,115,1946,100,100,0.0431018702,46.1568058297,5.5555555556,14.5601708878,1.0000000000,0.8920000000,224.2152466368
94,100,0,11,100,100,0,0,110,1267,100,100,0.0359585896,46.1208472401,9.0909090909,15.1201777304,1.0000000000,0.8880000000,225.2252252252
95,100,0,26,100,100,0,0,119,2722,100,100,0.0510866075,46.0697606326,3.8461538462,13.9201605252,1.0000000000,0.8952000000,223.4137622878
96,100,0,12,100,100,0,0,111,1364,100,100,0.0368230108,46.0329376218,8.3333333333,15.0401597316,1.0000000000,0.8888000000,225.0225022502
97,100,0,18,100,100,0,0,115,1946,100,100,0.0432793931,45.9896582287,5.5555555556,14.5601830629,1.0000000000,0.8920000000,224.2152466368
98,100,0,10,100,100,0,0,109,1170,100,100,0.0354985019,45.9541597268,10.0000000000,15.2001793925,1.0000000000,0.8872000000,225.4283137962
99,100,0,26,100,100,0,0,121,2722,100,100,0.0506328154,45.9035269114,3.8461538462,13.9201512479,1.0000000000,0.8968000000,223.0151650312
100,100,0,14,100,100,0,0,112,1558,100,100,0.0390468359,45.8644800755,7.1428571429,14.8801539799,1.0000000000,0.8896000000,224.8201438849
101,100,0,20,100,100,0,0,117,2140,100,100,0.0454788589,45.8190012166,5.0000000000,14.4001818821,1.0000000000,0.8936000000,223.8137869293
102,100,0,12,100,100,0,0,112,1364,100,100,0.0385561796,45.7804450370,8.3333333333,15.0402048375,1.0000000000,0.8896000000,224.8201438849
103,100,0,14,100,100,0,0,113,1558,100,100,0.0401539415,45.7402910955,7.1428571429,14.8802083702,1.0000000000,0.8904000000,224.6181491465
104,100,0,12,100,100,0,0,112,1364,100,100,0.0375797398,45.7027113556,8.3333333333,15.0401910941,1.0000000000,0.8896000000,224.8201438849
105,100,0,19,100,100,0,0,115,2043,100,100,0.0445097826,45.6582015730,5.2631578947,14.4801885683,1.0000000000,0.8920000000,224.2152466368
106,100,0,12,100,100,0,0,111,1364,100,100,0.0372869513,45.6209146217,8.3333333333,15.0401949576,1.0000000000,0.8888000000,225.0225022502
107,100,0,18,100,100,0,0,116,1946,100,100,0.0429311380,45.5779834837,5.5555555556,14.5601551825,1.0000000000,0.8928000000,224.0143369176
108,100,0,10,100,100,0,0,110,1170,100,100,0.0352001705,45.5427833132,10.0000000000,15.2001814087,1.0000000000,0.8880000000,225.2252252252
109,100,0,18,100,100,0,0,115,1946,100,100,0.0432523003,45.4995310129,5.5555555556,14.5601745117,1.0000000000,0.8920000000,224.2152466368
110,100,0,14,100,100,0,0,111,1558,100,100,0.0392365954,45.4602944175,7.1428571429,14.8801723318,1.0000000000,0.8888000000,225.0225022502
111,100,0,10,100,100,0,0,109,1170,100,100,0.0353316211,45.4249627964,10.0000000000,15.2001840692,1.0000000000,0.8872000000,225.4283137962
112,100,0,17,100,100,0,0,115,1849,100,100,0.0423152894,45.3826475070,5.8823529412,14.6401804099,1.0000000000,0.8920000000,224.2152466368
113,100,0,19,100,100,0,0,114,2043,100,100,0.0438733240,45.3387741830,5.2631578947,14.4801611970,1.0000000000,0.8912000000,224.4165170557
114,100,0,9,100,100,0,0,109,1073,100,100,0.0353409428,45.3034332402,11.1111111111,15.2802188535,1.0000000000,0.8872000000,225.4283137962
115,100,0,13,100,100,0,0,112,1461,100,100,0.0384021031,45.2650311371,7.6923076923,14.9601911813,1.0000000000,0.8896000000,224.8201438849
116,100,0,13,100,100,0,0,110,1461,100,100,0.0381991321,45.2268320050,7.6923076923,14.9601683169,1.0000000000,0.8880000000,225.2252252252
117,100,0,22,100,100,0,0,120,2334,100,100,0.0469078908,45.1799241142,4.5454545455,14.2401610009,1.0000000000,0.8960000000,223.2142857143
118,100,0,13,100,100,0,0,112,1461,100,100,0.0383859309,45.1415381833,7.6923076923,14.9601772494,1.0000000000,0.8896000000,224.8201438849
119,100,0,29,100,100,0,0,120,3013,100,100,0.0538637730,45.0876744103,3.4482758621,13.6801605500,1.0000000000,0.8960000000,223.2142857143
120,100,0,10,100,100,0,0,110,1170,100,100,0.0359983387,45.0516760715,10.0000000000,15.2002180064,1.0000000000,0.8880000000,225.2252252252
121,100,0,16,100,100,0,0,114,1752,100,100,0.0408156764,45.0108603952,6.2500000000,14.7201505382,1.0000000000,0.8912000000,224.4165170557
122,100,0,17,100,100,0,0,113,1849,100,100,0.0428389263,44.9680214689,5.8823529412,14.6401945806,1.0000000000,0.8904000000,224.6181491465
123,100,0,14,100,100,0,0,113,1558,100,100,0.0390066341,44.9290148348,7.1428571429,14.8801697811,1.0000000000,0.8904000000,224.6181491465
124,100,0,16,100,100,0,0,112,1752,100,100,0.0413312670,44.8876835678,6.2500000000,14.7201798420,1.0000000000,0.8896000000,224.8201438849
125,100,0,12,100,100,0,0,110,1364,100,100,0.0370764369,44.8506071309,8.3333333333,15.0401653709,1.0000000000,0.8880000000,225.2252252252
126,100,0,13,100,100,0,0,111,1461,100,100,0.0386062297,44.8120009012,7.6923076923,14.9601951002,1.0000000000,0.8888000000,225.0225022502
127,100,0,17,100,100,0,0,114,1849,100,100,0.0422010355,44.7697998657,5.8823529412,14.6401701826,1.0000000000,0.8912000000,224.4165170557
128,100,0,12,100,100,0,0,110,1364,100,100,0.0380528289,44.7317470368,8.3333333333,15.0402148926,1.0000000000,0.8880000000,225.2252252252
129,100,0,20,100,100,0,0,113,2140,100,100,0.0452947621,44.6864522748,5.0000000000,14.4001753069,1.0000000000,0.8904000000,224.6181491465
130,100,0,6,100,100,0,0,105,782,100,100,0.0352649365,44.6511873382,16.6666666667,15.5202618057,1.0000000000,0.8840000000,226.2443438914
131,100,0,20,100,100,0,0,115,2140,100,100,0.0452565801,44.6059307582,5.0000000000,14.4001798371,1.0000000000,0.8920000000,224.2152466368
132,100,0,13,100,100,0,0,112,1461,100,100,0.0384838061,44.5674469521,7.6923076923,14.9601918635,1.0000000000,0.8896000000,224.8201438849
133,100,0,19,100,100,0,0,116,2043,100,100,0.0444474885,44.5229994635,5.2631578947,14.4801818062,1.0000000000,0.8928000000,224.0143369176
134,100,0,13,100,100,0,0,110,1461,100,100,0.0381069615,44.4848925021,7.6923076923,14.9601827152,1.0000000000,0.8880000000,225.2252252252
135,100,0,16,100,100,0,0,114,1752,100,100,0.0410176180,44.4438748841,6.2500000000,14.7201669983,1.0000000000,0.8912000000,224.4165170557
136,100,0,21,100,100,0,0,117,2237,100,100,0.0458208700,44.3980540142,4.7619047619,14.3201519339,1.0000000000,0.8936000000,223.8137869293
137,100,0,13,100,100,0,0,112,1461,100,100,0.0380568129,44.3599972013,7.6923076923,14.9601702396,1.0000000000,0.8896000000,224.8201438849
138,100,0,11,100,100,0,0,110,1267,100,100,0.0369896802,44.3230075211,9.0909090909,15.1201996402,1.0000000000,0.8880000000,225.2252252252
139,100,0,21,100,100,0,0,117,2237,100,100,0.0456436361,44.2773638849,4.7619047619,14.3201572148,1.0000000000,0.8936000000,223.8137869293
140,100,0,9,100,100,0,0,109,1073,100,100,0.0341124444,44.2432514405,11.1111111111,15.2801644419,1.0000000000,0.8872000000,225.4283137962
141,100,0,19,100,100,0,0,118,2043,100,100,0.0442583420,44.1989930985,5.2631578947,14.4801747308,1.0000000000,0.8944000000,223.6135957066
142,100,0,14,100,100,0,0,113,1558,100,100,0.0391863850,44.1598067135,7.1428571429,14.8801832893,1.0000000000,0.8904000000,224.6181491465
143,100,0,16,100,100,0,0,114,1752,100,100,0.0412159298,44.1185907838,6.2500000000,14.7201837240,1.0000000000,0.8912000000,224.4165170557
144,100,0,14,100,100,0,0,111,1558,100,100,0.0392370325,44.0793537513,7.1428571429,14.8801804161,1.0000000000,0.8888000000,225.0225022502
145,100,0,19,100,100,0,0,116,2043,100,100,0.0444417375,44.0349120137,5.2631578947,14.4801816967,1.0000000000,0.8928000000,224.0143369176
146,100,0,8,100,100,0,0,107,976,100,100,0.0348206068,44.0000914070,12.5000000000,15.3602299095,1.0000000000,0.8856000000,225.8355916893
147,100,0,16,100,100,0,0,113,1752,100,100,0.0414544979,43.9586369091,6.2500000000,14.7201791284,1.0000000000,0.8904000000,224.6181491465
148,100,0,8,100,100,0,0,107,976,100,100,0.0338934696,43.9247434395,12.5000000000,15.3601715028,1.0000000000,0.8856000000,225.8355916893
149,100,0,16,100,100,0,0,114,1752,100,100,0.0410098223,43.8837336172,6.2500000000,14.7201678795,1.0000000000,0.8912000000,224.4165170557
150,100,0,12,100,100,0,0,111,1364,100,100,0.0371259196,43.8466076975,8.3333333333,15.0401769635,1.0000000000,0.8888000000,225.0225022502
151,100,0,17,100,100,0,0,116,1849,100,100,0.0424600375,43.8041476600,5.8823529412,14.6401838942,1.0000000000,0.8928000000,224.0143369176
152,100,0,16,100,100,0,0,113,1752,100,100,0.0410240747,43.7631235853,6.2500000000,14.7201660403,1.0000000000,0.8904000000,224.6181491465
153,100,0,14,100,100,0,0,113,1558,100,100,0.0394747043,43.7236488809,7.1428571429,14.8801920169,1.0000000000,0.8904000000,224.6181491465
154,100,0,11,100,100,0,0,110,1267,100,100,0.0359177995,43.6877310815,9.0909090909,15.1201741514,1.0000000000,0.8880000000,225.2252252252
155,100,0,22,100,100,0,0,117,2334,100,100,0.0474444478,43.6402866337,4.5454545455,14.2401861785,1.0000000000,0.8936000000,223.8137869293
156,100,0,10,100,100,0,0,110,1170,100,100,0.0350380286,43.6052486051,10.0000000000,15.2001719694,1.0000000000,0.8880000000,225.2252252252
157,100,0,14,100,100,0,0,113,1558,100,100,0.0385776183,43.5666709868,7.1428571429,14.8801525989,1.0000000000,0.8904000000,224.6181491465
158,100,0,6,100,100,0,0,106,782,100,100,0.0313964685,43.5352745184,16.6666666667,15.5201940233,1.0000000000,0.8848000000,226.0397830018
159,100,0,21,100,100,0,0,118,2237,100,100,0.0457342436,43.4895402748,4.7619047619,14.3201573734,1.0000000000,0.8944000000,223.6135957066
160,100,0,12,100,100,0,0,111,1364,100,100,0.0371188312,43.4524214436,8.3333333333,15.0401703945,1.0000000000,0.8888000000,225.0225022502
161,100,0,18,100,100,0,0,116,1946,100,100,0.0432218942,43.4091995494,5.5555555556,14.5601757492,1.0000000000,0.8928000000,224.0143369176
162,100,0,14,100,100,0,0,114,1558,100,100,0.0396730302,43.3695265192,7.1428571429,14.8802046132,1.0000000000,0.8912000000,224.4165170557
163,100,0,17,100,100,0,0,113,1849,100,100,0.0421298584,43.3273966608,5.8823529412,14.6401782439,1.0000000000,0.8904000000,224.6181491465
164,100,0,14,100,100,0,0,113,1558,100,100,0.0391682289,43.2882284319,7.1428571429,14.8801781234,1.0000000000,0.8904000000,224.6181491465
165,100,0,18,100,100,0,0,117,1946,100,100,0.0430417997,43.2451866322,5.5555555556,14.5601594123,1.0000000000,0.8936000000,223.8137869293
166,100,0,13,100,100,0,0,113,1461,100,100,0.0381570520,43.2070295802,7.6923076923,14.9601785798,1.0000000000,0.8904000000,224.6181491465
167,100,0,19,100,100,0,0,116,2043,100,100,0.0440983073,43.1629312729,5.2631578947,14.4801706765,1.0000000000,0.8928000000,224.0143369176
168,100,0,12,100,100,0,0,110,1364,100,100,0.0371189207,43.1258123522,8.3333333333,15.0401685613,1.0000000000,0.8880000000,225.2252252252
169,100,0,14,100,100,0,0,112,1558,100,100,0.0388553919,43.0869569603,7.1428571429,14.8801556412,1.0000000000,0.8896000000,224.8201438849
170,100,0,15,100,100,0,0,114,1655,100,100,0.0401132732,43.0468436871,6.6666666667,14.8001694959,1.0000000000,0.8912000000,224.4165170557
171,100,0,16,100,100,0,0,115,1752,100,100,0.0412969470,43.0055467402,6.2500000000,14.7201873037,1.0000000000,0.8920000000,224.2152466368
172,100,0,15,100,100,0,0,114,1655,100,100,0.0399573492,42.9655893909,6.6666666667,14.8001731119,1.0000000000,0.8912000000,224.4165170557
173,100,0,17,100,100,0,0,114,1849,100,100,0.0421505876,42.9234388033,5.8823529412,14.6401728059,1.0000000000,0.8912000000,224.4165170557
174,100,0,9,100,100,0,0,109,1073,100,100,0.0343505548,42.8890882484,11.1111111111,15.2801884106,1.0000000000,0.8872000000,225.4283137962
175,100,0,16,100,100,0,0,114,1752,100,100,0.0411948346,42.8478934138,6.2500000000,14.7201697233,1.0000000000,0.8912000000,224.4165170557
176,100,0,9,100,100,0,0,108,1073,100,100,0.0344798825,42.8134135313,11.1111111111,15.2801841782,1.0000000000,0.8864000000,225.6317689531
177,100,0,15,100,100,0,0,114,1655,100,100,0.0404445835,42.7729689478,6.6666666667,14.8001946560,1.0000000000,0.8912000000,224.4165170557
178,100,0,10,100,100,0,0,110,1170,100,100,0.0359283601,42.7370405877,10.0000000000,15.2001971765,1.0000000000,0.8880000000,225.2252252252
179,100,0,27,100,100,0,0,123,2819,100,100,0.0517017514,42.6853388363,3.7037037037,13.8401509587,1.0000000000,0.8984000000,222.6179875334
180,100,0,11,100,100,0,0,111,1267,100,100,0.0365420347,42.6487968016,9.0909090909,15.1201957977,1.0000000000,0.8888000000,225.0225022502
181,100,0,17,100,100,0,0,116,1849,100,100,0.0420828191,42.6067139825,5.8823529412,14.6401603202,1.0000000000,0.8928000000,224.0143369176
182,100,0,10,100,100,0,0,109,1170,100,100,0.0354107576,42.5713032249,10.0000000000,15.2001848581,1.0000000000,0.8872000000,225.4283137962
183,100,0,15,100,100,0,0,115,1655,100,100,0.0401423335,42.5311608914,6.6666666667,14.8001797633,1.0000000000,0.8920000000,224.2152466368
184,100,0,11,100,100,0,0,111,1267,100,100,0.0364034842,42.4947574072,9.0909090909,15.1201949839,1.0000000000,0.8888000000,225.0225022502
185,100,0,13,100,100,0,0,112,1461,100,100,0.0382515866,42.4565058205,7.6923076923,14.9601758337,1.0000000000,0.8896000000,224.8201438849
186,100,0,9,100,100,0,0,109,1073,100,100,0.0349674744,42.4215383462,11.1111111111,15.2802069349,1.0000000000,0.8872000000,225.4283137962
187,100,0,23,100,100,0,0,119,2431,100,100,0.0484089906,42.3731293556,4.3478260870,14.1601724234,1.0000000000,0.8952000000,223.4137622878
188,100,0,7,100,100,0,0,107,879,100,100,0.0326689933,42.3404603623,14.2857142857,15.4401843165,1.0000000000,0.8856000000,225.8355916893
189,100,0,18,100,100,0,0,116,1946,100,100,0.0435430692,42.2969172930,5.5555555556,14.5601896586,1.0000000000,0.8928000000,224.0143369176
190,100,0,10,100,100,0,0,108,1170,100,100,0.0354329580,42.2614843350,10.0000000000,15.2001843445,1.0000000000,0.8864000000,225.6317689531
191,100,0,18,100,100,0,0,114,1946,100,100,0.0434107331,42.2180736019,5.5555555556,14.5601800614,1.0000000000,0.8912000000,224.4165170557
192,100,0,10,100,100,0,0,110,1170,100,100,0.0355923906,42.1824812113,10.0000000000,15.2001836212,1.0000000000,0.8880000000,225.2252252252
193,100,0,12,100,100,0,0,112,1364,100,100,0.0368473610,42.1456338504,8.3333333333,15.0401739596,1.0000000000,0.8896000000,224.8201438849
194,100,0,11,100,100,0,0,111,1267,100,100,0.0361329226,42.1095009277,9.0909090909,15.1201726885,1.0000000000,0.8888000000,225.0225022502
195,100,0,13,100,100,0,0,112,1461,100,100,0.0380244323,42.0714764954,7.6923076923,14.9601664069,1.0000000000,0.8896000000,224.8201438849
196,100,0,11,100,100,0,0,110,1267,100,100,0.0360077657,42.0354687297,9.0909090909,15.1201712012,1.0000000000,0.8880000000,225.2252252252
197,100,0,19,100,100,0,0,114,2043,100,100,0.0442277759,41.9912409538,5.2631578947,14.4801765758,1.0000000000,0.8912000000,224.4165170557
198,100,0,11,100,100,0,0,111,1267,100,100,0.0360400009,41.9552009530,9.0909090909,15.1201782232,1.0000000000,0.8888000000,225.0225022502
199,100,0,21,100,100,0,0,118,2237,100,100,0.0459374107,41.9092635422,4.7619047619,14.3201643357,1.0000000000,0.8944000000,223.6135957066
200,100,0,10,100,100,0,0,110,1170,100,100,0.0351739232,41.8740896190,10.0000000000,15.2001734597,1.0000000000,0.8880000000,225.2252252252
201,100,0,19,100,100,0,0,117,2043,100,100,0.0445745293,41.8295150898,5.2631578947,14.4801895059,1.0000000000,0.8936000000,223.8137869293
202,100,0,8,100,100,0,0,108,976,100,100,0.0338126763,41.7957024134,12.5000000000,15.3602080798,1.0000000000,0.8864000000,225.6317689531
203,100,0,16,100,100,0,0,115,1752,100,100,0.0413714966,41.7543309168,6.2500000000,14.7201823623,1.0000000000,0.8920000000,224.2152466368
204,100,0,5,100,100,0,0,105,685,100,100,0.0302893877,41.7240415292,20.0000000000,15.6001964897,1.0000000000,0.8840000000,226.2443438914
205,100,0,19,100,100,0,0,114,2043,100,100,0.0443764183,41.6796651109,5.2631578947,14.4801813154,1.0000000000,0.8912000000,224.4165170557
206,100,0,14,100,100,0,0,110,1558,100,100,0.0400252449,41.6396398660,7.1428571429,14.8802008145,1.0000000000,0.8880000000,225.2252252252
207,100,0,15,100,100,0,0,114,1655,100,100,0.0400898196,41.5995500464,6.6666666667,14.8001732609,1.0000000000,0.8912000000,224.4165170557
208,100,0,8,100,100,0,0,108,976,100,100,0.0338660266,41.5656840198,12.5000000000,15.3601994129,1.0000000000,0.8864000000,225.6317689531
209,100,0,21,100,100,0,0,116,2237,100,100,0.0461782140,41.5195058058,4.7619047619,14.3201689823,1.0000000000,0.8928000000,224.0143369176
210,100,0,7,100,100,0,0,107,879,100,100,0.0341783778,41.4853274280,14.2857142857,15.4402324926,1.0000000000,0.8856000000,225.8355916893
211,100,0,17,100,100,0,0,117,1849,100,100,0.0419633000,41.4433641280,5.8823529412,14.6401605964,1.0000000000,0.8936000000,223.8137869293
212,100,0,12,100,100,0,0,111,1364,100,100,0.0376127026,41.4057514254,8.3333333333,15.0401977543,1.0000000000,0.8888000000,225.0225022502
213,100,0,12,100,100,0,0,112,1364,100,100,0.0375096224,41.3682418031,8.3333333333,15.0401858024,1.0000000000,0.8896000000,224.8201438849
214,100,0,10,100,100,0,0,108,1170,100,100,0.0356557121,41.3325860909,10.0000000000,15.2001937765,1.0000000000,0.8864000000,225.6317689531
215,100,0,22,100,100,0,0,117,2334,100,100,0.0473638826,41.2852222084,4.5454545455,14.2401777245,1.0000000000,0.8936000000,223.8137869293
216,100,0,10,100,100,0,0,110,1170,100,100,0.0354012935,41.2498209149,10.0000000000,15.2001811498,1.0000000000,0.8880000000,225.2252252252
217,100,0,17,100,100,0,0,115,1849,100,100,0.0417732582,41.2080476567,5.8823529412,14.6401666524,1.0000000000,0.8920000000,224.2152466368
218,100,0,13,100,100,0,0,112,1461,100,100,0.0380839161,41.1699637406,7.6923076923,14.9601656165,1.0000000000,0.8896000000,224.8201438849
219,100,0,11,100,100,0,0,111,1267,100,100,0.0360783808,41.1338853599,9.0909090909,15.1201741513,1.0000000000,0.8888000000,225.0225022502
220,100,0,16,100,100,0,0,114,1752,100,100,0.0413043993,41.0925809606,6.2500000000,14.7201842505,1.0000000000,0.8912000000,224.4165170557
221,100,0,12,100,100,0,0,109,1364,100,100,0.0375430451,41.0550379155,8.3333333333,15.0401850659,1.0000000000,0.8872000000,225.4283137962
222,100,0,10,100,100,0,0,109,1170,100,100,0.0352749393,41.0197629762,10.0000000000,15.2001936648,1.0000000000,0.8872000000,225.4283137962
223,100,0,8,100,100,0,0,107,976,100,100,0.0339858964,40.9857770797,12.5000000000,15.3601976997,1.0000000000,0.8856000000,225.8355916893
224,100,0,14,100,100,0,0,110,1558,100,100,0.0399218815,40.9458551983,7.1428571429,14.8802081812,1.0000000000,0.8880000000,225.2252252252
225,100,0,10,100,100,0,0,110,1170,100,100,0.0355830212,40.9102721771,10.0000000000,15.2001829594,1.0000000000,0.8880000000,225.2252252252
226,100,0,3,100,100,0,0,103,491,100,100,0.0306172496,40.8796549275,33.3333333333,15.7602371721,1.0000000000,0.8824000000,226.6545784225
227,100,0,16,100,100,0,0,115,1752,100,100,0.0411327808,40.8385221466,6.2500000000,14.7201736590,1.0000000000,0.8920000000,224.2152466368
228,100,0,14,100,100,0,0,112,1558,100,100,0.0393064215,40.7992157251,7.1428571429,14.8801862431,1.0000000000,0.8896000000,224.8201438849
229,100,0,19,100,100,0,0,115,2043,100,100,0.0442756121,40.7549401130,5.2631578947,14.4801761347,1.0000000000,0.8920000000,224.2152466368
230,100,0,11,100,100,0,0,110,1267,100,100,0.0367888487,40.7181512642,9.0909090909,15.1201837267,1.0000000000,0.8880000000,225.2252252252
231,100,0,15,100,100,0,0,114,1655,100,100,0.0402070533,40.6779442109,6.6666666667,14.8001663265,1.0000000000,0.8912000000,224.4165170557
232,100,0,6,100,100,0,0,106,782,100,100,0.0325976783,40.6453465326,16.6666666667,15.5202076181,1.0000000000,0.8848000000,226.0397830018
233,100,0,17,100,100,0,0,113,1849,100,100,0.0417797341,40.6035667985,5.8823529412,14.6401661291,1.0000000000,0.8904000000,224.6181491465
234,100,0,9,100,100,0,0,109,1073,100,100,0.0341449419,40.5694218566,11.1111111111,15.2801757726,1.0000000000,0.8872000000,225.4283137962
235,100,0,19,100,100,0,0,116,2043,100,100,0.0446551907,40.5247666658,5.2631578947,14.4801961590,1.0000000000,0.8928000000,224.0143369176
236,100,0,10,100,100,0,0,108,1170,100,100,0.0375042845,40.4872623813,10.0000000000,15.2002301685,1.0000000000,0.8864000000,225.6317689531
237,100,0,22,100,100,0,0,119,2334,100,100,0.0466788905,40.4405834908,4.5454545455,14.2401604523,1.0000000000,0.8952000000,223.4137622878
238,100,0,10,100,100,0,0,110,1170,100,100,0.0352188758,40.4053646150,10.0000000000,15.2001625590,1.0000000000,0.8880000000,225.2252252252
239,100,0,14,100,100,0,0,112,1558,100,100,0.0388499936,40.3665146214,7.1428571429,14.8801632128,1.0000000000,0.8896000000,224.8201438849
240,100,0,8,100,100,0,0,108,976,100,100,0.0347988518,40.3317157697,12.5000000000,15.3602205949,1.0000000000,0.8864000000,225.6317689531
241,100,0,10,100,100,0,0,110,1170,100,100,0.0353850300,40.2963307396,10.0000000000,15.2001903567,1.0000000000,0.8880000000,225.2252252252
242,100,0,11,100,100,0,0,107,1267,100,100,0.0363161096,40.2600146300,9.0909090909,15.1201811663,1.0000000000,0.8856000000,225.8355916893
243,100,0,22,100,100,0,0,116,2334,100,100,0.0472503743,40.2127642558,4.5454545455,14.2401762624,1.0000000000,0.8928000000,224.0143369176
244,100,0,8,100,100,0,0,108,976,100,100,0.0335507044,40.1792135513,12.5000000000,15.3602063827,1.0000000000,0.8864000000,225.6317689531
245,100,0,18,100,100,0,0,113,1946,100,100,0.0433780111,40.1358355402,5.5555555556,14.5601890695,1.0000000000,0.8904000000,224.6181491465
246,100,0,9,100,100,0,0,109,1073,100,100,0.0346100433,40.1012254970,11.1111111111,15.2801814447,1.0000000000,0.8872000000,225.4283137962
247,100,0,15,100,100,0,0,113,1655,100,100,0.0403186039,40.0609068930,6.6666666667,14.8001880996,1.0000000000,0.8904000000,224.6181491465
248,100,0,14,100,100,0,0,113,1558,100,100,0.0391199567,40.0217869363,7.1428571429,14.8801728746,1.0000000000,0.8904000000,224.6181491465
249,100,0,10,100,100,0,0,109,1170,100,100,0.0354275511,39.9863593852,10.0000000000,15.2001874134,1.0000000000,0.8872000000,225.4283137962
250,100,0,10,100,100,0,0,110,1170,100,100,0.0352945161,39.9510648691,10.0000000000,15.2001862296,1.0000000000,0.8880000000,225.2252252252
251,100,0,20,100,100,0,0,116,2140,100,100,0.0452067827,39.9058580864,5.0000000000,14.4001783535,1.0000000000,0.8928000000,224.0143369176
252,100,0,13,100,100,0,0,112,1461,100,100,0.0384941505,39.8673639359,7.6923076923,14.9601812313,1.0000000000,0.8896000000,224.8201438849
253,100,0,14,100,100,0,0,114,1558,100,100,0.0393790700,39.8279848659,7.1428571429,14.8801880387,1.0000000000,0.8912000000,224.4165170557
254,100,0,10,100,100,0,0,110,1170,100,100,0.0362294943,39.7917553716,10.0000000000,15.2001957304,1.0000000000,0.8880000000,225.2252252252
255,100,0,14,100,100,0,0,113,1558,100,100,0.0394947221,39.7522606495,7.1428571429,14.8801935239,1.0000000000,0.8904000000,224.6181491465
256,100,0,14,100,100,0,0,113,1558,100,100,0.0386865432,39.7135741063,7.1428571429,14.8801564953,1.0000000000,0.8904000000,224.6181491465
257,100,0,13,100,100,0,0,112,1461,100,100,0.0384202134,39.6751538929,7.6923076923,14.9601892365,1.0000000000,0.8896000000,224.8201438849
258,100,0,14,100,100,0,0,112,1558,100,100,0.0389050195,39.6362488735,7.1428571429,14.8801708219,1.0000000000,0.8896000000,224.8201438849
259,100,0,18,100,100,0,0,116,1946,100,100,0.0427127877,39.5935360857,5.5555555556,14.5601676778,1.0000000000,0.8928000000,224.0143369176
260,100,0,8,100,100,0,0,108,976,100,100,0.0337833301,39.5597527557,12.5000000000,15.3602072947,1.0000000000,0.8864000000,225.6317689531
261,100,0,12,100,100,0,0,111,1364,100,100,0.0377434570,39.5220092987,8.3333333333,15.0401973521,1.0000000000,0.8888000000,225.0225022502
262,100,0,9,100,100,0,0,106,1073,100,100,0.0366633378,39.4853459610,11.1111111111,15.2802158777,1.0000000000,0.8848000000,226.0397830018
263,100,0,17,100,100,0,0,112,1849,100,100,0.0421673768,39.4431785842,5.8823529412,14.6401770183,1.0000000000,0.8896000000,224.8201438849
264,100,0,11,100,100,0,0,110,1267,100,100,0.0361731901,39.4070053941,9.0909090909,15.1201806645,1.0000000000,0.8880000000,225.2252252252
265,100,0,15,100,100,0,0,112,1655,100,100,0.0408407940,39.3661646001,6.6666666667,14.8002070293,1.0000000000,0.8896000000,224.8201438849
266,100,0,4,100,100,0,0,104,588,100,100,0.0305580055,39.3356065947,25.0000000000,15.6802076423,1.0000000000,0.8832000000,226.4492753623
267,100,0,10,100,100,0,0,110,1170,100,100,0.0356426689,39.2999639258,10.0000000000,15.2001944156,1.0000000000,0.8880000000,225.2252252252
268,100,0,14,100,100,0,0,114,1558,100,100,0.0392158775,39.2607480483,7.1428571429,14.8801853634,1.0000000000,0.8912000000,224.4165170557
269,100,0,13,100,100,0,0,112,1461,100,100,0.0380433776,39.2227046707,7.6923076923,14.9601648312,1.0000000000,0.8896000000,224.8201438849
270,100,0,9,100,100,0,0,108,1073,100,100,0.0345515053,39.1881531653,11.1111111111,15.2801987905,1.0000000000,0.8864000000,225.6317689531
271,100,0,16,100,100,0,0,114,1752,100,100,0.0409669263,39.1471862390,6.2500000000,14.7201593516,1.0000000000,0.8912000000,224.4165170557
272,100,0,10,100,100,0,0,109,1170,100,100,0.0360753607,39.1111108783,10.0000000000,15.2002142925,1.0000000000,0.8872000000,225.4283137962
273,100,0,15,100,100,0,0,114,1655,100,100,0.0397355920,39.0713752863,6.6666666667,14.8001645075,1.0000000000,0.8912000000,224.4165170557
274,100,0,8,100,100,0,0,108,976,100,100,0.0345137652,39.0368615211,12.5000000000,15.3602066592,1.0000000000,0.8864000000,225.6317689531
275,100,0,20,100,100,0,0,118,2140,100,100,0.0454265600,38.9914349611,5.0000000000,14.4001820652,1.0000000000,0.8944000000,223.6135957066
276,100,0,14,100,100,0,0,114,1558,100,100,0.0390926528,38.9523423083,7.1428571429,14.8801705703,1.0000000000,0.8912000000,224.4165170557
277,100,0,15,100,100,0,0,114,1655,100,100,0.0397407649,38.9126015433,6.6666666667,14.8001692686,1.0000000000,0.8912000000,224.4165170557
278,100,0,3,100,100,0,0,103,491,100,100,0.0326149787,38.8799865647,33.3333333333,15.7602663465,1.0000000000,0.8824000000,226.6545784225
279,100,0,16,100,100,0,0,114,1752,100,100,0.0407335300,38.8392530346,6.2500000000,14.7201625015,1.0000000000,0.8912000000,224.4165170557
280,100,0,8,100,100,0,0,107,976,100,100,0.0351695033,38.8040835314,12.5000000000,15.3602188838,1.0000000000,0.8856000000,225.8355916893
281,100,0,13,100,100,0,0,112,1461,100,100,0.0382825326,38.7658009987,7.6923076923,14.9601709991,1.0000000000,0.8896000000,224.8201438849
282,100,0,9,100,100,0,0,108,1073,100,100,0.0349328988,38.7308681000,11.1111111111,15.2801984215,1.0000000000,0.8864000000,225.6317689531
283,100,0,17,100,100,0,0,116,1849,100,100,0.0425267052,38.6883413947,5.8823529412,14.6401911552,1.0000000000,0.8928000000,224.0143369176
284,100,0,9,100,100,0,0,109,1073,100,100,0.0343917740,38.6539496208,11.1111111111,15.2801963805,1.0000000000,0.8872000000,225.4283137962
285,100,0,17,100,100,0,0,115,1849,100,100,0.0421546542,38.6117949666,5.8823529412,14.6401699046,1.0000000000,0.8920000000,224.2152466368
286,100,0,4,100,100,0,0,104,588,100,100,0.0340195386,38.5777754280,25.0000000000,15.6802678340,1.0000000000,0.8832000000,226.4492753623
287,100,0,16,100,100,0,0,112,1752,100,100,0.0414119463,38.5363634816,6.2500000000,14.7201861289,1.0000000000,0.8896000000,224.8201438849
288,100,0,6,100,100,0,0,106,782,100,100,0.0324938371,38.5038696445,16.6666666667,15.5202111703,1.0000000000,0.8848000000,226.0397830018
289,100,0,11,100,100,0,0,110,1267,100,100,0.0365030835,38.4673665610,9.0909090909,15.1202016615,1.0000000000,0.8880000000,225.2252252252
290,100,0,11,100,100,0,0,111,1267,100,100,0.0361740094,38.4311925515,9.0909090909,15.1201823537,1.0000000000,0.8888000000,225.0225022502
291,100,0,9,100,100,0,0,109,1073,100,100,0.0352220127,38.3959705389,11.1111111111,15.2802040762,1.0000000000,0.8872000000,225.4283137962
292,100,0,8,100,100,0,0,108,976,100,100,0.0332708480,38.3626996909,12.5000000000,15.3601925294,1.0000000000,0.8864000000,225.6317689531
293,100,0,11,100,100,0,0,110,1267,100,100,0.0367103884,38.3259893025,9.0909090909,15.1202108630,1.0000000000,0.8880000000,225.2252252252
294,100,0,10,100,100,0,0,109,1170,100,100,0.0357454085,38.2902438940,10.0000000000,15.2001906468,1.0000000000,0.8872000000,225.4283137962
295,100,0,14,100,100,0,0,114,1558,100,100,0.0395452035,38.2506986906,7.1428571429,14.8801938976,1.0000000000,0.8912000000,224.4165170557
296,100,0,9,100,100,0,0,109,1073,100,100,0.0341497804,38.2165489102,11.1111111111,15.2801898827,1.0000000000,0.8872000000,225.4283137962
297,100,0,12,100,100,0,0,112,1364,100,100,0.0368600208,38.1796888893,8.3333333333,15.0401729395,1.0000000000,0.8896000000,224.8201438849
298,100,0,10,100,100,0,0,109,1170,100,100,0.0351125082,38.1445763811,10.0000000000,15.2001728356,1.0000000000,0.8872000000,225.4283137962
299,100,0,19,100,100,0,0,119,2043,100,100,0.0438164030,38.1007599781,5.2631578947,14.4801668278,1.0000000000,0.8952000000,223.4137622878
300,100,0,6,100,100,0,0,106,782,100,100,0.0313774472,38.0693825309,16.6666666667,15.5201965274,1.0000000000,0.8848000000,226.0397830018
301,100,0,14,100,100,0,0,112,1558,100,100,0.0391977723,38.0301847586,7.1428571429,14.8801736474,1.0000000000,0.8896000000,224.8201438849
302,100,0,9,100,100,0,0,108,1073,100,100,0.0341032163,37.9960815423,11.1111111111,15.2801792577,1.0000000000,0.8864000000,225.6317689531
303,100,0,9,100,100,0,0,109,1073,100,100,0.0339576760,37.9621238663,11.1111111111,15.2801742511,1.0000000000,0.8872000000,225.4283137962
304,100,0,10,100,100,0,0,109,1170,100,100,0.0356714117,37.9264524546,10.0000000000,15.2001925191,1.0000000000,0.8872000000,225.4283137962
305,100,0,14,100,100,0,0,113,1558,100,100,0.0390585442,37.8873939104,7.1428571429,14.8801606261,1.0000000000,0.8904000000,224.6181491465
306,100,0,7,100,100,0,0,107,879,100,100,0.0330065525,37.8543873580,14.2857142857,15.4402079413,1.0000000000,0.8856000000,225.8355916893
307,100,0,19,100,100,0,0,115,2043,100,100,0.0440991583,37.8102881997,5.2631578947,14.4801626935,1.0000000000,0.8920000000,224.2152466368
308,100,0,14,100,100,0,0,113,1558,100,100,0.0395881455,37.7707000542,7.1428571429,14.8802039173,1.0000000000,0.8904000000,224.6181491465
309,100,0,12,100,100,0,0,111,1364,100,100,0.0372210008,37.7334790534,8.3333333333,15.0401788314,1.0000000000,0.8888000000,225.0225022502
310,100,0,8,100,100,0,0,107,976,100,100,0.0333496453,37.7001294081,12.5000000000,15.3601912040,1.0000000000,0.8856000000,225.8355916893
311,100,0,13,100,100,0,0,110,1461,100,100,0.0382321213,37.6618972868,7.6923076923,14.9601837007,1.0000000000,0.8880000000,225.2252252252
312,100,0,13,100,100,0,0,111,1461,100,100,0.0385082295,37.6233890573,7.6923076923,14.9601913034,1.0000000000,0.8888000000,225.0225022502
313,100,0,12,100,100,0,0,112,1364,100,100,0.0372313367,37.5861577206,8.3333333333,15.0401900279,1.0000000000,0.8896000000,224.8201438849
314,100,0,11,100,100,0,0,110,1267,100,100,0.0370448765,37.5491128441,9.0909090909,15.1201927242,1.0000000000,0.8880000000,225.2252252252
315,100,0,16,100,100,0,0,114,1752,100,100,0.0410017827,37.5081110614,6.2500000000,14.7201806583,1.0000000000,0.8912000000,224.4165170557
316,100,0,11,100,100,0,0,111,1267,100,100,0.0364273527,37.4716837087,9.0909090909,15.1201905657,1.0000000000,0.8888000000,225.0225022502
317,100,0,9,100,100,0,0,109,1073,100,100,0.0341574224,37.4375262863,11.1111111111,15.2801905419,1.0000000000,0.8872000000,225.4283137962
318,100,0,10,100,100,0,0,110,1170,100,100,0.0354335400,37.4020927463,10.0000000000,15.2001874765,1.0000000000,0.8880000000,225.2252252252
319,100,0,15,100,100,0,0,114,1655,100,100,0.0398060282,37.3622867181,6.6666666667,14.8001653811,1.0000000000,0.8912000000,224.4165170557
320,100,0,9,100,100,0,0,108,1073,100,100,0.0344228326,37.3278638855,11.1111111111,15.2801870531,1.0000000000,0.8864000000,225.6317689531
321,100,0,10,100,100,0,0,109,1170,100,100,0.0351649130,37.2926989725,10.0000000000,15.2001765659,1.0000000000,0.8872000000,225.4283137962
322,100,0,9,100,100,0,0,108,1073,100,100,0.0343589238,37.2583400487,11.1111111111,15.2801877521,1.0000000000,0.8864000000,225.6317689531
323,100,0,12,100,100,0,0,111,1364,100,100,0.0376170495,37.2207229992,8.3333333333,15.0401939976,1.0000000000,0.8888000000,225.0225022502
324,100,0,5,100,100,0,0,105,685,100,100,0.0311233902,37.1895996090,20.0000000000,15.6002025836,1.0000000000,0.8840000000,226.2443438914
325,100,0,13,100,100,0,0,111,1461,100,100,0.0381555472,37.1514440619,7.6923076923,14.9601749354,1.0000000000,0.8888000000,225.0225022502
326,100,0,16,100,100,0,0,113,1752,100,100,0.0415216837,37.1099223782,6.2500000000,14.7201918607,1.0000000000,0.8904000000,224.6181491465
327,100,0,15,100,100,0,0,114,1655,100,100,0.0399762638,37.0699461144,6.6666666667,14.8001573617,1.0000000000,0.8912000000,224.4165170557
328,100,0,11,100,100,0,0,111,1267,100,100,0.0364848321,37.0334612823,9.0909090909,15.1201957661,1.0000000000,0.8888000000,225.0225022502
329,100,0,11,100,100,0,0,111,1267,100,100,0.0362107137,36.9972505686,9.0909090909,15.1201846254,1.0000000000,0.8888000000,225.0225022502
330,100,0,13,100,100,0,0,112,1461,100,100,0.0378719299,36.9593786386,7.6923076923,14.9601615580,1.0000000000,0.8896000000,224.8201438849
331,100,0,12,100,100,0,0,112,1364,100,100,0.0372563895,36.9221222491,8.3333333333,15.0401756941,1.0000000000,0.8896000000,224.8201438849
332,100,0,11,100,100,0,0,111,1267,100,100,0.0363197014,36.8858025477,9.0909090909,15.1201869407,1.0000000000,0.8888000000,225.0225022502
333,100,0,12,100,100,0,0,112,1364,100,100,0.0373609875,36.8484415602,8.3333333333,15.0401913581,1.0000000000,0.8896000000,224.8201438849
334,100,0,8,100,100,0,0,108,976,100,100,0.0333715505,36.8150700097,12.5000000000,15.3601765483,1.0000000000,0.8864000000,225.6317689531
335,100,0,14,100,100,0,0,112,1558,100,100,0.0393531674,36.7757168423,7.1428571429,14.8801853507,1.0000000000,0.8896000000,224.8201438849
336,100,0,6,100,100,0,0,105,782,100,100,0.0340669549,36.7416498874,16.6666666667,15.5202384190,1.0000000000,0.8840000000,226.2443438914
337,100,0,17,100,100,0,0,114,1849,100,100,0.0418288183,36.6998210690,5.8823529412,14.6401702829,1.0000000000,0.8912000000,224.4165170557
338,100,0,12,100,100,0,0,112,1364,100,100,0.0372717055,36.6625493636,8.3333333333,15.0401868216,1.0000000000,0.8896000000,224.8201438849
339,100,0,13,100,100,0,0,112,1461,100,100,0.0381972397,36.6243521239,7.6923076923,14.9601783339,1.0000000000,0.8896000000,224.8201438849
340,100,0,9,100,100,0,0,109,1073,100,100,0.0349685352,36.5893835886,11.1111111111,15.2802156825,1.0000000000,0.8872000000,225.4283137962
341,100,0,12,100,100,0,0,111,1364,100,100,0.0369702060,36.5524133827,8.3333333333,15.0401649913,1.0000000000,0.8888000000,225.0225022502
342,100,0,10,100,100,0,0,109,1170,100,100,0.0354177711,36.5169956116,10.0000000000,15.2001943146,1.0000000000,0.8872000000,225.4283137962
343,100,0,10,100,100,0,0,110,1170,100,100,0.0365828959,36.4804127157,10.0000000000,15.2002033100,1.0000000000,0.8880000000,225.2252252252
344,100,0,8,100,100,0,0,108,976,100,100,0.0336419945,36.4467707212,12.5000000000,15.3601934429,1.0000000000,0.8864000000,225.6317689531
345,100,0,10,100,100,0,0,109,1170,100,100,0.0351898432,36.4115808780,10.0000000000,15.2001773984,1.0000000000,0.8872000000,225.4283137962
346,100,0,7,100,100,0,0,107,879,100,100,0.0331342653,36.3784466127,14.2857142857,15.4402036542,1.0000000000,0.8856000000,225.8355916893
347,100,0,15,100,100,0,0,113,1655,100,100,0.0402293394,36.3382172733,6.6666666667,14.8001794541,1.0000000000,0.8904000000,224.6181491465
348,100,0,7,100,100,0,0,107,879,100,100,0.0328403001,36.3053769732,14.2857142857,15.4402066526,1.0000000000,0.8856000000,225.8355916893
349,100,0,18,100,100,0,0,116,1946,100,100,0.0430143308,36.2623626425,5.5555555556,14.5601589446,1.0000000000,0.8928000000,224.0143369176
350,100,0,5,100,100,0,0,105,685,100,100,0.0306348563,36.2317277862,20.0000000000,15.6002037828,1.0000000000,0.8840000000,226.2443438914
351,100,0,6,100,100,0,0,106,782,100,100,0.0321551267,36.1995726594,16.6666666667,15.5201963849,1.0000000000,0.8848000000,226.0397830018
352,100,0,12,100,100,0,0,112,1364,100,100,0.0371176647,36.1624549947,8.3333333333,15.0401813248,1.0000000000,0.8896000000,224.8201438849
353,100,0,14,100,100,0,0,110,1558,100,100,0.0393296418,36.1231253529,7.1428571429,14.8801840012,1.0000000000,0.8880000000,225.2252252252
354,100,0,8,100,100,0,0,108,976,100,100,0.0336818826,36.0894434703,12.5000000000,15.3602083822,1.0000000000,0.8864000000,225.6317689531
355,100,0,15,100,100,0,0,112,1655,100,100,0.0398338401,36.0496096302,6.6666666667,14.8001734946,1.0000000000,0.8896000000,224.8201438849
356,100,0,14,100,100,0,0,113,1558,100,100,0.0394086862,36.0102009440,7.1428571429,14.8801872242,1.0000000000,0.8904000000,224.6181491465
357,100,0,16,100,100,0,0,114,1752,100,100,0.0413616150,35.9688393289,6.2500000000,14.7201707204,1.0000000000,0.8912000000,224.4165170557
358,100,0,7,100,100,0,0,107,879,100,100,0.0330694430,35.9357698860,14.2857142857,15.4402099649,1.0000000000,0.8856000000,225.8355916893
359,100,0,15,100,100,0,0,115,1655,100,100,0.0396688149,35.8961010711,6.6666666667,14.8001607575,1.0000000000,0.8920000000,224.2152466368
360,100,0,10,100,100,0,0,110,1170,100,100,0.0355455747,35.8605554964,10.0000000000,15.2001946121,1.0000000000,0.8880000000,225.2252252252
361,100,0,14,100,100,0,0,112,1558,100,100,0.0392448146,35.8213106818,7.1428571429,14.8801793066,1.0000000000,0.8896000000,224.8201438849
362,100,0,6,100,100,0,0,106,782,100,100,0.0314502468,35.7898604351,16.6666666667,15.5201981068,1.0000000000,0.8848000000,226.0397830018
363,100,0,12,100,100,0,0,111,1364,100,100,0.0370415824,35.7528188527,8.3333333333,15.0401498297,1.0000000000,0.8888000000,225.0225022502
364,100,0,5,100,100,0,0,105,685,100,100,0.0312445573,35.7215742954,20.0000000000,15.6002241564,1.0000000000,0.8840000000,226.2443438914
365,100,0,10,100,100,0,0,109,1170,100,100,0.0350182104,35.6865560850,10.0000000000,15.2001804081,1.0000000000,0.8872000000,225.4283137962
366,100,0,10,100,100,0,0,109,1170,100,100,0.0353085607,35.6512475243,10.0000000000,15.2001870097,1.0000000000,0.8872000000,225.4283137962
367,100,0,11,100,100,0,0,111,1267,100,100,0.0359082675,35.6153392567,9.0909090909,15.1201704281,1.0000000000,0.8888000000,225.0225022502
368,100,0,12,100,100,0,0,112,1364,100,100,0.0374228944,35.5779163623,8.3333333333,15.0401907214,1.0000000000,0.8896000000,224.8201438849
369,100,0,7,100,100,0,0,107,879,100,100,0.0326653359,35.5452510264,14.2857142857,15.4402005742,1.0000000000,0.8856000000,225.8355916893
370,100,0,9,100,100,0,0,108,1073,100,100,0.0349419805,35.5103090459,11.1111111111,15.2802127295,1.0000000000,0.8864000000,225.6317689531
371,100,0,17,100,100,0,0,117,1849,100,100,0.0420670919,35.4682419539,5.8823529412,14.6401651914,1.0000000000,0.8936000000,223.8137869293
372,100,0,4,100,100,0,0,104,588,100,100,0.0309579561,35.4372839979,25.0000000000,15.6802367893,1.0000000000,0.8832000000,226.4492753623
373,100,0,14,100,100,0,0,113,1558,100,100,0.0389629994,35.3983209985,7.1428571429,14.8801662592,1.0000000000,0.8904000000,224.6181491465
374,100,0,8,100,100,0,0,108,976,100,100,0.0336056938,35.3647153047,12.5000000000,15.3601907416,1.0000000000,0.8864000000,225.6317689531
375,100,0,14,100,100,0,0,113,1558,100,100,0.0393271837,35.3253881210,7.1428571429,14.8801899215,1.0000000000,0.8904000000,224.6181491465
376,100,0,7,100,100,0,0,107,879,100,100,0.0335269057,35.2918612153,14.2857142857,15.4402115886,1.0000000000,0.8856000000,225.8355916893
377,100,0,13,100,100,0,0,113,1461,100,100,0.0380497379,35.2538114774,7.6923076923,14.9601784424,1.0000000000,0.8904000000,224.6181491465
378,100,0,10,100,100,0,0,110,1170,100,100,0.0348656104,35.2189458670,10.0000000000,15.2001787509,1.0000000000,0.8880000000,225.2252252252
379,100,0,13,100,100,0,0,111,1461,100,100,0.0379480097,35.1809978572,7.6923076923,14.9601619538,1.0000000000,0.8888000000,225.0225022502
380,100,0,7,100,100,0,0,107,879,100,100,0.0323594483,35.1486384090,14.2857142857,15.4401921107,1.0000000000,0.8856000000,225.8355916893
381,100,0,12,100,100,0,0,112,1364,100,100,0.0370317860,35.1116066229,8.3333333333,15.0401757979,1.0000000000,0.8896000000,224.8201438849
382,100,0,8,100,100,0,0,108,976,100,100,0.0334013412,35.0782052817,12.5000000000,15.3601973563,1.0000000000,0.8864000000,225.6317689531
383,100,0,15,100,100,0,0,115,1655,100,100,0.0401597152,35.0380455665,6.6666666667,14.8001671795,1.0000000000,0.8920000000,224.2152466368
384,100,0,9,100,100,0,0,109,1073,100,100,0.0350070992,35.0030384673,11.1111111111,15.2801714272,1.0000000000,0.8872000000,225.4283137962
385,100,0,8,100,100,0,0,108,976,100,100,0.0335896622,34.9694488051,12.5000000000,15.3602127357,1.0000000000,0.8864000000,225.6317689531
386,100,0,11,100,100,0,0,111,1267,100,100,0.0364928513,34.9329559537,9.0909090909,15.1201928224,1.0000000000,0.8888000000,225.0225022502
387,100,0,14,100,100,0,0,112,1558,100,100,0.0389551337,34.8940008200,7.1428571429,14.8801545729,1.0000000000,0.8896000000,224.8201438849
388,100,0,5,100,100,0,0,105,685,100,100,0.0308369062,34.8631639138,20.0000000000,15.6002049486,1.0000000000,0.8840000000,226.2443438914
389,100,0,14,100,100,0,0,110,1558,100,100,0.0394782561,34.8236856578,7.1428571429,14.8801830599,1.0000000000,0.8880000000,225.2252252252
390,100,0,5,100,100,0,0,105,685,100,100,0.0306747533,34.7930109045,20.0000000000,15.6002134280,1.0000000000,0.8840000000,226.2443438914
391,100,0,9,100,100,0,0,109,1073,100,100,0.0342468174,34.7587640872,11.1111111111,15.2801902697,1.0000000000,0.8872000000,225.4283137962
392,100,0,6,100,100,0,0,106,782,100,100,0.0324406745,34.7263234127,16.6666666667,15.5202053661,1.0000000000,0.8848000000,226.0397830018
393,100,0,7,100,100,0,0,107,879,100,100,0.0339907921,34.6923326206,14.2857142857,15.4402227281,1.0000000000,0.8856000000,225.8355916893
394,100,0,6,100,100,0,0,106,782,100,100,0.0345024367,34.6578301839,16.6666666667,15.5202450100,1.0000000000,0.8848000000,226.0397830018
395,100,0,16,100,100,0,0,116,1752,100,100,0.0414323315,34.6163978523,6.2500000000,14.7201875182,1.0000000000,0.8928000000,224.0143369176
396,100,0,7,100,100,0,0,107,879,100,100,0.0329236559,34.5834741964,14.2857142857,15.4401969111,1.0000000000,0.8856000000,225.8355916893
397,100,0,9,100,100,0,0,109,1073,100,100,0.0342756367,34.5491985598,11.1111111111,15.2801966581,1.0000000000,0.8872000000,225.4283137962
398,100,0,16,100,100,0,0,115,1752,100,100,0.0408606311,34.5083379287,6.2500000000,14.7201662015,1.0000000000,0.8920000000,224.2152466368
399,100,0,18,100,100,0,0,116,1946,100,100,0.0429477250,34.4653902037,5.5555555556,14.5601608095,1.0000000000,0.8928000000,224.0143369176
400,100,0,3,100,100,0,0,103,491,100,100,0.0332527655,34.4321374382,33.3333333333,15.7602627575,1.0000000000,0.8824000000,226.6545784225
401,100,0,14,100,100,0,0,113,1558,100,100,0.0392159031,34.3929215351,7.1428571429,14.8801776949,1.0000000000,0.8904000000,224.6181491465
402,100,0,4,100,100,0,0,104,588,100,100,0.0316405401,34.3612809950,25.0000000000,15.6802479477,1.0000000000,0.8832000000,226.4492753623
403,100,0,17,100,100,0,0,115,1849,100,100,0.0421214065,34.3191595885,5.8823529412,14.6401722964,1.0000000000,0.8920000000,224.2152466368
404,100,0,5,100,100,0,0,105,685,100,100,0.0309682839,34.2881913046,20.0000000000,15.6002060469,1.0000000000,0.8840000000,226.2443438914
405,100,0,16,100,100,0,0,112,1752,100,100,0.0420068409,34.2461844637,6.2500000000,14.7201998087,1.0000000000,0.8896000000,224.8201438849
406,100,0,5,100,100,0,0,105,685,100,100,0.0314285531,34.2147559107,20.0000000000,15.6002192023,1.0000000000,0.8840000000,226.2443438914
407,100,0,13,100,100,0,0,112,1461,100,100,0.0383161062,34.1764398045,7.6923076923,14.9601677869,1.0000000000,0.8896000000,224.8201438849
408,100,0,9,100,100,0,0,109,1073,100,100,0.0349503842,34.1414894203,11.1111111111,15.2802076090,1.0000000000,0.8872000000,225.4283137962
409,100,0,8,100,100,0,0,108,976,100,100,0.0348067091,34.1066827112,12.5000000000,15.3602266072,1.0000000000,0.8864000000,225.6317689531
410,100,0,6,100,100,0,0,105,782,100,100,0.0322348873,34.0744478238,16.6666666667,15.5202094841,1.0000000000,0.8840000000,226.2443438914
411,100,0,5,100,100,0,0,105,685,100,100,0.0317186999,34.0427291240,20.0000000000,15.6002255864,1.0000000000,0.8840000000,226.2443438914
412,100,0,12,100,100,0,0,112,1364,100,100,0.0370797793,34.0056493447,8.3333333333,15.0401729917,1.0000000000,0.8896000000,224.8201438849
413,100,0,14,100,100,0,0,113,1558,100,100,0.0389570922,33.9666922525,7.1428571429,14.8801676013,1.0000000000,0.8904000000,224.6181491465
414,100,0,4,100,100,0,0,104,588,100,100,0.0304339595,33.9362582930,25.0000000000,15.6801884966,1.0000000000,0.8832000000,226.4492753623
415,100,0,9,100,100,0,0,109,1073,100,100,0.0340504044,33.9022078886,11.1111111111,15.2801791817,1.0000000000,0.8872000000,225.4283137962
416,100,0,8,100,100,0,0,108,976,100,100,0.0333452410,33.8688626476,12.5000000000,15.3601898874,1.0000000000,0.8864000000,225.6317689531
417,100,0,5,100,100,0,0,105,685,100,100,0.0315853004,33.8372773472,20.0000000000,15.6002117927,1.0000000000,0.8840000000,226.2443438914
418,100,0,11,100,100,0,0,111,1267,100,100,0.0360151784,33.8012621688,9.0909090909,15.1201724435,1.0000000000,0.8888000000,225.0225022502
419,100,0,17,100,100,0,0,115,1849,100,100,0.0418543823,33.7594077866,5.8823529412,14.6401680557,1.0000000000,0.8920000000,224.2152466368
420,100,0,5,100,100,0,0,105,685,100,100,0.0311784999,33.7282292866,20.0000000000,15.6002054682,1.0000000000,0.8840000000,226.2443438914
421,100,0,7,100,100,0,0,107,879,100,100,0.0332376051,33.6949916815,14.2857142857,15.4402104428,1.0000000000,0.8856000000,225.8355916893
422,100,0,19,100,100,0,0,115,2043,100,100,0.0442517282,33.6507399533,5.2631578947,14.4801790523,1.0000000000,0.8920000000,224.2152466368
423,100,0,10,100,100,0,0,110,1170,100,100,0.0354063731,33.6153335802,10.0000000000,15.2001849929,1.0000000000,0.8880000000,225.2252252252
424,100,0,11,100,100,0,0,110,1267,100,100,0.0365362198,33.5787973604,9.0909090909,15.1201961375,1.0000000000,0.8880000000,225.2252252252
425,100,0,15,100,100,0,0,114,1655,100,100,0.0405644416,33.5382329188,6.6666666667,14.8001953121,1.0000000000,0.8912000000,224.4165170557
426,100,0,7,100,100,0,0,107,879,100,100,0.0337444263,33.5044884925,14.2857142857,15.4402174813,1.0000000000,0.8856000000,225.8355916893
427,100,0,10,100,100,0,0,110,1170,100,100,0.0350924231,33.4693960694,10.0000000000,15.2001715808,1.0000000000,0.8880000000,225.2252252252
428,100,0,9,100,100,0,0,108,1073,100,100,0.0343473147,33.4350487547,11.1111111111,15.2801794292,1.0000000000,0.8864000000,225.6317689531
429,100,0,12,100,100,0,0,110,1364,100,100,0.0372055484,33.3978432063,8.3333333333,15.0401816370,1.0000000000,0.8880000000,225.2252252252
430,100,0,12,100,100,0,0,111,1364,100,100,0.0373594537,33.3604837526,8.3333333333,15.0401927941,1.0000000000,0.8888000000,225.0225022502
431,100,0,13,100,100,0,0,113,1461,100,100,0.0381518943,33.3223318584,7.6923076923,14.9601837574,1.0000000000,0.8904000000,224.6181491465
432,100,0,7,100,100,0,0,107,879,100,100,0.0330646831,33.2892671753,14.2857142857,15.4402035411,1.0000000000,0.8856000000,225.8355916893
433,100,0,7,100,100,0,0,107,879,100,100,0.0321514441,33.2571157311,14.2857142857,15.4401912393,1.0000000000,0.8856000000,225.8355916893
434,100,0,12,100,100,0,0,110,1364,100,100,0.0371414793,33.2199742518,8.3333333333,15.0401820906,1.0000000000,0.8880000000,225.2252252252
435,100,0,8,100,100,0,0,108,976,100,100,0.0338725264,33.1861017254,12.5000000000,15.3601888825,1.0000000000,0.8864000000,225.6317689531
436,100,0,6,100,100,0,0,106,782,100,100,0.0314579393,33.1546437862,16.6666666667,15.5201991728,1.0000000000,0.8848000000,226.0397830018
437,100,0,11,100,100,0,0,111,1267,100,100,0.0361190345,33.1185247516,9.0909090909,15.1201676341,1.0000000000,0.8888000000,225.0225022502
438,100,0,3,100,100,0,0,103,491,100,100,0.0320316551,33.0864930966,33.3333333333,15.7602903061,1.0000000000,0.8824000000,226.6545784225
439,100,0,10,100,100,0,0,109,1170,100,100,0.0357918202,33.0507012763,10.0000000000,15.2001827927,1.0000000000,0.8872000000,225.4283137962
440,100,0,9,100,100,0,0,109,1073,100,100,0.0342713415,33.0164299349,11.1111111111,15.2801824978,1.0000000000,0.8872000000,225.4283137962
441,100,0,10,100,100,0,0,110,1170,100,100,0.0360382287,32.9803917062,10.0000000000,15.2001970176,1.0000000000,0.8880000000,225.2252252252
442,100,0,11,100,100,0,0,111,1267,100,100,0.0365509523,32.9438407539,9.0909090909,15.1201781200,1.0000000000,0.8888000000,225.0225022502
443,100,0,7,100,100,0,0,107,879,100,100,0.0329077341,32.9109330198,14.2857142857,15.4402101326,1.0000000000,0.8856000000,225.8355916893
444,100,0,5,100,100,0,0,105,685,100,100,0.0321396591,32.8787933607,20.0000000000,15.6002372245,1.0000000000,0.8840000000,226.2443438914
445,100,0,11,100,100,0,0,110,1267,100,100,0.0360768262,32.8427165345,9.0909090909,15.1201629119,1.0000000000,0.8880000000,225.2252252252
446,100,0,11,100,100,0,0,110,1267,100,100,0.0362342573,32.8064822772,9.0909090909,15.1201839359,1.0000000000,0.8880000000,225.2252252252
447,100,0,7,100,100,0,0,107,879,100,100,0.0327599998,32.7737222774,14.2857142857,15.4401840290,1.0000000000,0.8856000000,225.8355916893
448,100,0,4,100,100,0,0,104,588,100,100,0.0305939735,32.7431283039,25.0000000000,15.6802229307,1.0000000000,0.8832000000,226.4492753623
449,100,0,12,100,100,0,0,112,1364,100,100,0.0369751774,32.7061531266,8.3333333333,15.0401655807,1.0000000000,0.8896000000,224.8201438849
450,100,0,10,100,100,0,0,110,1170,100,100,0.0355206838,32.6706324427,10.0000000000,15.2001996272,1.0000000000,0.8880000000,225.2252252252
451,100,0,6,100,100,0,0,106,782,100,100,0.0328720826,32.6377603602,16.6666666667,15.5202284029,1.0000000000,0.8848000000,226.0397830018
452,100,0,10,100,100,0,0,110,1170,100,100,0.0354005046,32.6023598555,10.0000000000,15.2001955554,1.0000000000,0.8880000000,225.2252252252
453,100,0,9,100,100,0,0,108,1073,100,100,0.0339053814,32.5684544741,11.1111111111,15.2801822834,1.0000000000,0.8864000000,225.6317689531
454,100,0,10,100,100,0,0,109,1170,100,100,0.0356338782,32.5328205959,10.0000000000,15.2001940880,1.0000000000,0.8872000000,225.4283137962
455,100,0,11,100,100,0,0,111,1267,100,100,0.0361220678,32.4966985281,9.0909090909,15.1201747058,1.0000000000,0.8888000000,225.0225022502
456,100,0,6,100,100,0,0,106,782,100,100,0.0313438033,32.4653547248,16.6666666667,15.5202035462,1.0000000000,0.8848000000,226.0397830018
457,100,0,7,100,100,0,0,107,879,100,100,0.0335936598,32.4317610651,14.2857142857,15.4402291984,1.0000000000,0.8856000000,225.8355916893
458,100,0,11,100,100,0,0,111,1267,100,100,0.0358539172,32.3959071479,9.0909090909,15.1201686733,1.0000000000,0.8888000000,225.0225022502
459,100,0,8,100,100,0,0,108,976,100,100,0.0329091395,32.3629980084,12.5000000000,15.3601771359,1.0000000000,0.8864000000,225.6317689531
460,100,0,6,100,100,0,0,106,782,100,100,0.0322794053,32.3307186031,16.6666666667,15.5202075532,1.0000000000,0.8848000000,226.0397830018
461,100,0,9,100,100,0,0,109,1073,100,100,0.0349530626,32.2957655405,11.1111111111,15.2802148701,1.0000000000,0.8872000000,225.4283137962
462,100,0,6,100,100,0,0,106,782,100,100,0.0319483955,32.2638171450,16.6666666667,15.5202114146,1.0000000000,0.8848000000,226.0397830018
463,100,0,5,100,100,0,0,104,685,100,100,0.0316347577,32.2321823873,20.0000000000,15.6002273060,1.0000000000,0.8832000000,226.4492753623
464,100,0,14,100,100,0,0,113,1558,100,100,0.0391630825,32.1930193048,7.1428571429,14.8801738011,1.0000000000,0.8904000000,224.6181491465
465,100,0,11,100,100,0,0,111,1267,100,100,0.0363498046,32.1566695002,9.0909090909,15.1201947575,1.0000000000,0.8888000000,225.0225022502
466,100,0,9,100,100,0,0,109,1073,100,100,0.0342701054,32.1223993948,11.1111111111,15.2801915196,1.0000000000,0.8872000000,225.4283137962
467,100,0,13,100,100,0,0,113,1461,100,100,0.0390163004,32.0833830943,7.6923076923,14.9601927538,1.0000000000,0.8904000000,224.6181491465
468,100,0,8,100,100,0,0,108,976,100,100,0.0331452566,32.0502378378,12.5000000000,15.3601823071,1.0000000000,0.8864000000,225.6317689531
469,100,0,13,100,100,0,0,112,1461,100,100,0.0380908681,32.0121469696,7.6923076923,14.9601706539,1.0000000000,0.8896000000,224.8201438849
470,100,0,6,100,100,0,0,106,782,100,100,0.0322728582,31.9798741114,16.6666666667,15.5202067373,1.0000000000,0.8848000000,226.0397830018
471,100,0,11,100,100,0,0,111,1267,100,100,0.0358368697,31.9440372417,9.0909090909,15.1201644645,1.0000000000,0.8888000000,225.0225022502
472,100,0,9,100,100,0,0,109,1073,100,100,0.0345779366,31.9094593051,11.1111111111,15.2802080262,1.0000000000,0.8872000000,225.4283137962
473,100,0,10,100,100,0,0,110,1170,100,100,0.0351476793,31.8743116258,10.0000000000,15.2001706051,1.0000000000,0.8880000000,225.2252252252
474,100,0,6,100,100,0,0,106,782,100,100,0.0318941064,31.8424175194,16.6666666667,15.5202157138,1.0000000000,0.8848000000,226.0397830018
475,100,0,11,100,100,0,0,109,1267,100,100,0.0360843663,31.8063331531,9.0909090909,15.1201746205,1.0000000000,0.8872000000,225.4283137962
476,100,0,5,100,100,0,0,105,685,100,100,0.0309908627,31.7753422903,20.0000000000,15.6001937659,1.0000000000,0.8840000000,226.2443438914
477,100,0,10,100,100,0,0,109,1170,100,100,0.0352357087,31.7401065816,10.0000000000,15.2001736555,1.0000000000,0.8872000000,225.4283137962
478,100,0,9,100,100,0,0,109,1073,100,100,0.0354510514,31.7046555302,11.1111111111,15.2802275972,1.0000000000,0.8872000000,225.4283137962
479,100,0,9,100,100,0,0,109,1073,100,100,0.0341652354,31.6704902948,11.1111111111,15.2801784592,1.0000000000,0.8872000000,225.4283137962
480,100,0,5,100,100,0,0,105,685,100,100,0.0314726549,31.6390176399,20.0000000000,15.6001950855,1.0000000000,0.8840000000,226.2443438914
481,100,0,9,100,100,0,0,109,1073,100,100,0.0350318449,31.6039857951,11.1111111111,15.2802073918,1.0000000000,0.8872000000,225.4283137962
482,100,0,15,100,100,0,0,115,1655,100,100,0.0403618034,31.5636239916,6.6666666667,14.8001884404,1.0000000000,0.8920000000,224.2152466368
483,100,0,7,100,100,0,0,106,879,100,100,0.0328820578,31.5307419338,14.2857142857,15.4401827680,1.0000000000,0.8848000000,226.0397830018
484,100,0,2,100,100,0,0,102,394,100,100,0.0373525807,31.4933893531,50.0000000000,15.8403441799,1.0000000000,0.8816000000,226.8602540835
485,100,0,12,100,100,0,0,112,1364,100,100,0.0372764569,31.4561128962,8.3333333333,15.0401807103,1.0000000000,0.8896000000,224.8201438849
486,100,0,7,100,100,0,0,106,879,100,100,0.0332252931,31.4228876031,14.2857142857,15.4402287122,1.0000000000,0.8848000000,226.0397830018
487,100,0,13,100,100,0,0,112,1461,100,100,0.0385199647,31.3843676384,7.6923076923,14.9601899027,1.0000000000,0.8896000000,224.8201438849
488,100,0,11,100,100,0,0,110,1267,100,100,0.0361239427,31.3482436957,9.0909090909,15.1201721211,1.0000000000,0.8880000000,225.2252252252
489,100,0,9,100,100,0,0,109,1073,100,100,0.0352030019,31.3130406938,11.1111111111,15.2801967951,1.0000000000,0.8872000000,225.4283137962
490,100,0,5,100,100,0,0,105,685,100,100,0.0313057444,31.2817349494,20.0000000000,15.6001973682,1.0000000000,0.8840000000,226.2443438914
491,100,0,14,100,100,0,0,112,1558,100,100,0.0391895721,31.2425453773,7.1428571429,14.8801805019,1.0000000000,0.8896000000,224.8201438849
492,100,0,4,100,100,0,0,104,588,100,100,0.0314760808,31.2110692965,25.0000000000,15.6802539642,1.0000000000,0.8832000000,226.4492753623
493,100,0,6,100,100,0,0,106,782,100,100,0.0320520815,31.1790172150,16.6666666667,15.5202138179,1.0000000000,0.8848000000,226.0397830018
494,100,0,15,100,100,0,0,114,1655,100,100,0.0404689430,31.1385482720,6.6666666667,14.8001927998,1.0000000000,0.8912000000,224.4165170557
495,100,0,5,100,100,0,0,105,685,100,100,0.0315882222,31.1069600497,20.0000000000,15.6002102376,1.0000000000,0.8840000000,226.2443438914
496,100,0,8,100,100,0,0,108,976,100,100,0.0331571316,31.0738029182,12.5000000000,15.3601816230,1.0000000000,0.8864000000,225.6317689531
497,100,0,15,100,100,0,0,113,1655,100,100,0.0405906722,31.0332122459,6.6666666667,14.8001908333,1.0000000000,0.8904000000,224.6181491465
498,100,0,6,100,100,0,0,106,782,100,100,0.0319203885,31.0012918574,16.6666666667,15.5201957581,1.0000000000,0.8848000000,226.0397830018
499,100,0,12,100,100,0,0,111,1364,100,100,0.0374522657,30.9638395918,8.3333333333,15.0401940779,1.0000000000,0.8888000000,225.0225022502
500,100,0,5,100,100,0,0,105,685,100,100,0.0315024843,30.9323371075,20.0000000000,15.6002140638,1.0000000000,0.8840000000,226.2443438914
501,100,0,12,100,100,0,0,111,1364,100,100,0.0374620403,30.8948750672,8.3333333333,15.0401805174,1.0000000000,0.8888000000,225.0225022502
502,100,0,4,100,100,0,0,104,588,100,100,0.0336320021,30.8612430652,25.0000000000,15.6802659864,1.0000000000,0.8832000000,226.4492753623
503,100,0,15,100,100,0,0,114,1655,100,100,0.0403631745,30.8208798907,6.6666666667,14.8001657706,1.0000000000,0.8912000000,224.4165170557
504,100,0,3,100,100,0,0,103,491,100,100,0.0311676795,30.7897122112,33.3333333333,15.7602385263,1.0000000000,0.8824000000,226.6545784225
505,100,0,9,100,100,0,0,109,1073,100,100,0.0343697061,30.7553425051,11.1111111111,15.2801928350,1.0000000000,0.8872000000,225.4283137962
506,100,0,8,100,100,0,0,108,976,100,100,0.0334598720,30.7218826330,12.5000000000,15.3601886413,1.0000000000,0.8864000000,225.6317689531
507,100,0,5,100,100,0,0,105,685,100,100,0.0311665429,30.6907160901,20.0000000000,15.6002310763,1.0000000000,0.8840000000,226.2443438914
508,100,0,7,100,100,0,0,107,879,100,100,0.0320718240,30.6586442662,14.2857142857,15.4401739588,1.0000000000,0.8856000000,225.8355916893
509,100,0,3,100,100,0,0,103,491,100,100,0.0305521026,30.6280921636,33.3333333333,15.7602269946,1.0000000000,0.8824000000,226.6545784225
510,100,0,10,100,100,0,0,110,1170,100,100,0.0361101118,30.5919820518,10.0000000000,15.2002009093,1.0000000000,0.8880000000,225.2252252252
511,100,0,10,100,100,0,0,109,1170,100,100,0.0350671414,30.5569149104,10.0000000000,15.2001760203,1.0000000000,0.8872000000,225.4283137962
512,100,0,10,100,100,0,0,109,1170,100,100,0.0360431663,30.5208717440,10.0000000000,15.2002030895,1.0000000000,0.8872000000,225.4283137962
513,100,0,6,100,100,0,0,106,782,100,100,0.0326505361,30.4882212080,16.6666666667,15.5202126737,1.0000000000,0.8848000000,226.0397830018
514,100,0,10,100,100,0,0,110,1170,100,100,0.0351492520,30.4530719560,10.0000000000,15.2001786462,1.0000000000,0.8880000000,225.2252252252
515,100,0,8,100,100,0,0,108,976,100,100,0.0336513183,30.4194206376,12.5000000000,15.3601961987,1.0000000000,0.8864000000,225.6317689531
516,100,0,5,100,100,0,0,105,685,100,100,0.0317900876,30.3876305500,20.0000000000,15.6002289795,1.0000000000,0.8840000000,226.2443438914
517,100,0,10,100,100,0,0,110,1170,100,100,0.0359374825,30.3516930675,10.0000000000,15.2002111195,1.0000000000,0.8880000000,225.2252252252
518,100,0,7,100,100,0,0,107,879,100,100,0.0332905410,30.3184025266,14.2857142857,15.4402121547,1.0000000000,0.8856000000,225.8355916893
519,100,0,7,100,100,0,0,106,879,100,100,0.0331809693,30.2852215573,14.2857142857,15.4401848226,1.0000000000,0.8848000000,226.0397830018
520,100,0,6,100,100,0,0,106,782,100,100,0.0350047993,30.2502167580,16.6666666667,15.5202641651,1.0000000000,0.8848000000,226.0397830018
521,100,0,6,100,100,0,0,106,782,100,100,0.0328808167,30.2173359412,16.6666666667,15.5202166485,1.0000000000,0.8848000000,226.0397830018
522,100,0,2,100,100,0,0,102,394,100,100,0.0343321768,30.1830037645,50.0000000000,15.8403116218,1.0000000000,0.8816000000,226.8602540835
523,100,0,10,100,100,0,0,109,1170,100,100,0.0351925913,30.1478111732,10.0000000000,15.2001773659,1.0000000000,0.8872000000,225.4283137962
524,100,0,9,100,100,0,0,109,1073,100,100,0.0341791233,30.1136320499,11.1111111111,15.2801834212,1.0000000000,0.8872000000,225.4283137962
525,100,0,6,100,100,0,0,105,782,100,100,0.0323863562,30.0812456937,16.6666666667,15.5202088414,1.0000000000,0.8840000000,226.2443438914
526,100,0,5,100,100,0,0,105,685,100,100,0.0316177658,30.0496279278,20.0000000000,15.6002215882,1.0000000000,0.8840000000,226.2443438914
527,100,0,14,100,100,0,0,112,1558,100,100,0.0391230249,30.0105049030,7.1428571429,14.8801770641,1.0000000000,0.8896000000,224.8201438849
528,100,0,4,100,100,0,0,104,588,100,100,0.0306566962,29.9798482068,25.0000000000,15.6802101424,1.0000000000,0.8832000000,226.4492753623
529,100,0,11,100,100,0,0,109,1267,100,100,0.0362683580,29.9435798487,9.0909090909,15.1201917337,1.0000000000,0.8872000000,225.4283137962
530,100,0,13,100,100,0,0,113,1461,100,100,0.0380429317,29.9055369170,7.6923076923,14.9601761866,1.0000000000,0.8904000000,224.6181491465
531,100,0,9,100,100,0,0,109,1073,100,100,0.0350643741,29.8704725429,11.1111111111,15.2801919615,1.0000000000,0.8872000000,225.4283137962
532,100,0,4,100,100,0,0,104,588,100,100,0.0299760484,29.8404964945,25.0000000000,15.6801871156,1.0000000000,0.8832000000,226.4492753623
533,100,0,18,100,100,0,0,115,1946,100,100,0.0431796369,29.7973168576,5.5555555556,14.5601770491,1.0000000000,0.8920000000,224.2152466368
534,100,0,3,100,100,0,0,103,491,100,100,0.0309838805,29.7663329771,33.3333333333,15.7602589529,1.0000000000,0.8824000000,226.6545784225
535,100,0,9,100,100,0,0,109,1073,100,100,0.0341803419,29.7321526353,11.1111111111,15.2801825765,1.0000000000,0.8872000000,225.4283137962
536,100,0,5,100,100,0,0,105,685,100,100,0.0316408850,29.7005117503,20.0000000000,15.6002156930,1.0000000000,0.8840000000,226.2443438914
537,100,0,7,100,100,0,0,106,879,100,100,0.0346272651,29.6658844853,14.2857142857,15.4402299508,1.0000000000,0.8848000000,226.0397830018
538,100,0,7,100,100,0,0,107,879,100,100,0.0331552672,29.6327292180,14.2857142857,15.4402193723,1.0000000000,0.8856000000,225.8355916893
539,100,0,13,100,100,0,0,113,1461,100,100,0.0377904056,29.5949388124,7.6923076923,14.9601514430,1.0000000000,0.8904000000,224.6181491465
540,100,0,2,100,100,0,0,102,394,100,100,0.0335720967,29.5613667157,50.0000000000,15.8402820585,1.0000000000,0.8816000000,226.8602540835
541,100,0,6,100,100,0,0,106,782,100,100,0.0321489304,29.5292177853,16.6666666667,15.5202107935,1.0000000000,0.8848000000,226.0397830018
542,100,0,7,100,100,0,0,107,879,100,100,0.0327006961,29.4965170892,14.2857142857,15.4402035379,1.0000000000,0.8856000000,225.8355916893
543,100,0,13,100,100,0,0,111,1461,100,100,0.0387343011,29.4577827881,7.6923076923,14.9601975738,1.0000000000,0.8888000000,225.0225022502
544,100,0,6,100,100,0,0,106,782,100,100,0.0322485388,29.4255342493,16.6666666667,15.5202299781,1.0000000000,0.8848000000,226.0397830018
545,100,0,9,100,100,0,0,109,1073,100,100,0.0347619646,29.3907722847,11.1111111111,15.2802091962,1.0000000000,0.8872000000,225.4283137962
546,100,0,6,100,100,0,0,106,782,100,100,0.0322272672,29.3585450174,16.6666666667,15.5202170388,1.0000000000,0.8848000000,226.0397830018
547,100,0,7,100,100,0,0,107,879,100,100,0.0327898228,29.3257551946,14.2857142857,15.4402134054,1.0000000000,0.8856000000,225.8355916893
548,100,0,8,100,100,0,0,108,976,100,100,0.0333140099,29.2924411847,12.5000000000,15.3601785621,1.0000000000,0.8864000000,225.6317689531
549,100,0,7,100,100,0,0,107,879,100,100,0.0332994300,29.2591417547,14.2857142857,15.4402062963,1.0000000000,0.8856000000,225.8355916893
550,100,0,4,100,100,0,0,104,588,100,100,0.0309608390,29.2281809157,25.0000000000,15.6802190483,1.0000000000,0.8832000000,226.4492753623
551,100,0,10,100,100,0,0,110,1170,100,100,0.0353229519,29.1928579638,10.0000000000,15.2001715883,1.0000000000,0.8880000000,225.2252252252
552,100,0,6,100,100,0,0,106,782,100,100,0.0321759072,29.1606820565,16.6666666667,15.5202092891,1.0000000000,0.8848000000,226.0397830018
553,100,0,7,100,100,0,0,107,879,100,100,0.0332641132,29.1274179433,14.2857142857,15.4402254380,1.0000000000,0.8856000000,225.8355916893
554,100,0,8,100,100,0,0,108,976,100,100,0.0340640787,29.0933538646,12.5000000000,15.3602012152,1.0000000000,0.8864000000,225.6317689531
555,100,0,7,100,100,0,0,107,879,100,100,0.0331007180,29.0602531466,14.2857142857,15.4402075358,1.0000000000,0.8856000000,225.8355916893
556,100,0,7,100,100,0,0,106,879,100,100,0.0340146628,29.0262384838,14.2857142857,15.4402222738,1.0000000000,0.8848000000,226.0397830018
557,100,0,7,100,100,0,0,107,879,100,100,0.0324784336,28.9937600502,14.2857142857,15.4401740641,1.0000000000,0.8856000000,225.8355916893
558,100,0,7,100,100,0,0,107,879,100,100,0.0326048911,28.9611551592,14.2857142857,15.4401888451,1.0000000000,0.8856000000,225.8355916893
559,100,0,11,100,100,0,0,111,1267,100,100,0.0358499321,28.9253052271,9.0909090909,15.1201714916,1.0000000000,0.8888000000,225.0225022502
560,100,0,7,100,100,0,0,107,879,100,100,0.0326731639,28.8926320631,14.2857142857,15.4402083820,1.0000000000,0.8856000000,225.8355916893
561,100,0,7,100,100,0,0,106,879,100,100,0.0328584710,28.8597735921,14.2857142857,15.4401901215,1.0000000000,0.8848000000,226.0397830018
562,100,0,5,100,100,0,0,105,685,100,100,0.0312457166,28.8285278755,20.0000000000,15.6002158895,1.0000000000,0.8840000000,226.2443438914
563,100,0,12,100,100,0,0,111,1364,100,100,0.0376872808,28.7908405947,8.3333333333,15.0401971548,1.0000000000,0.8888000000,225.0225022502
564,100,0,7,100,100,0,0,107,879,100,100,0.0328905794,28.7579500153,14.2857142857,15.4402036444,1.0000000000,0.8856000000,225.8355916893
565,100,0,9,100,100,0,0,108,1073,100,100,0.0346774745,28.7232725408,11.1111111111,15.2801955698,1.0000000000,0.8864000000,225.6317689531
566,100,0,10,100,100,0,0,109,1170,100,100,0.0362423283,28.6870302125,10.0000000000,15.2002084877,1.0000000000,0.8872000000,225.4283137962
567,100,0,6,100,100,0,0,106,782,100,100,0.0332592255,28.6537709870,16.6666666667,15.5202266691,1.0000000000,0.8848000000,226.0397830018
568,100,0,7,100,100,0,0,107,879,100,100,0.0329146475,28.6208563396,14.2857142857,15.4402075972,1.0000000000,0.8856000000,225.8355916893
569,100,0,10,100,100,0,0,110,1170,100,100,0.0354761518,28.5853801877,10.0000000000,15.2001870289,1.0000000000,0.8880000000,225.2252252252
570,100,0,5,100,100,0,0,105,685,100,100,0.0307395788,28.5546406089,20.0000000000,15.6001945467,1.0000000000,0.8840000000,226.2443438914
571,100,0,12,100,100,0,0,110,1364,100,100,0.0372645368,28.5173760720,8.3333333333,15.0401853985,1.0000000000,0.8880000000,225.2252252252
572,100,0,8,100,100,0,0,108,976,100,100,0.0337610443,28.4836150277,12.5000000000,15.3602027403,1.0000000000,0.8864000000,225.6317689531
573,100,0,4,100,100,0,0,104,588,100,100,0.0312857641,28.4523292636,25.0000000000,15.6802283031,1.0000000000,0.8832000000,226.4492753623
574,100,0,9,100,100,0,0,109,1073,100,100,0.0345955113,28.4177337523,11.1111111111,15.2801935160,1.0000000000,0.8872000000,225.4283137962
575,100,0,10,100,100,0,0,109,1170,100,100,0.0364336556,28.3813000968,10.0000000000,15.2002010462,1.0000000000,0.8872000000,225.4283137962
576,100,0,5,100,100,0,0,105,685,100,100,0.0310160376,28.3502840591,20.0000000000,15.6002028522,1.0000000000,0.8840000000,226.2443438914
577,100,0,8,100,100,0,0,108,976,100,100,0.0343424866,28.3159415726,12.5000000000,15.3602141173,1.0000000000,0.8864000000,225.6317689531
578,100,0,8,100,100,0,0,107,976,100,100,0.0334954480,28.2824461246,12.5000000000,15.3601814927,1.0000000000,0.8856000000,225.8355916893
579,100,0,9,100,100,0,0,108,1073,100,100,0.0353058892,28.2471402354,11.1111111111,15.2801935280,1.0000000000,0.8864000000,225.6317689531
580,100,0,4,100,100,0,0,104,588,100,100,0.0333400589,28.2138001765,25.0000000000,15.6802810074,1.0000000000,0.8832000000,226.4492753623
581,100,0,16,100,100,0,0,113,1752,100,100,0.0417007350,28.1720994415,6.2500000000,14.7201936690,1.0000000000,0.8904000000,224.6181491465
582,100,0,7,100,100,0,0,107,879,100,100,0.0326278925,28.1394715490,14.2857142857,15.4402031705,1.0000000000,0.8856000000,225.8355916893
583,100,0,5,100,100,0,0,105,685,100,100,0.0308751810,28.1085963680,20.0000000000,15.6001946054,1.0000000000,0.8840000000,226.2443438914
584,100,0,4,100,100,0,0,104,588,100,100,0.0314001246,28.0771962434,25.0000000000,15.6802200563,1.0000000000,0.8832000000,226.4492753623
585,100,0,8,100,100,0,0,108,976,100,100,0.0337253458,28.0434708976,12.5000000000,15.3602049011,1.0000000000,0.8864000000,225.6317689531
586,100,0,6,100,100,0,0,106,782,100,100,0.0326770204,28.0107938772,16.6666666667,15.5202164979,1.0000000000,0.8848000000,226.0397830018
587,100,0,13,100,100,0,0,112,1461,100,100,0.0381388992,27.9726549780,7.6923076923,14.9601779026,1.0000000000,0.8896000000,224.8201438849
588,100,0,4,100,100,0,0,104,588,100,100,0.0309311967,27.9417237813,25.0000000000,15.6802245536,1.0000000000,0.8832000000,226.4492753623
589,100,0,7,100,100,0,0,107,879,100,100,0.0335311189,27.9081926624,14.2857142857,15.4402133817,1.0000000000,0.8856000000,225.8355916893
590,100,0,6,100,100,0,0,106,782,100,100,0.0343793383,27.8738133241,16.6666666667,15.5202364752,1.0000000000,0.8848000000,226.0397830018
591,100,0,7,100,100,0,0,107,879,100,100,0.0328715300,27.8409417941,14.2857142857,15.4402153701,1.0000000000,0.8856000000,225.8355916893
592,100,0,7,100,100,0,0,107,879,100,100,0.0327118911,27.8082299029,14.2857142857,15.4402015271,1.0000000000,0.8856000000,225.8355916893
593,100,0,9,100,100,0,0,108,1073,100,100,0.0347881395,27.7734417634,11.1111111111,15.2802065517,1.0000000000,0.8864000000,225.6317689531
594,100,0,5,100,100,0,0,105,685,100,100,0.0317752195,27.7416665440,20.0000000000,15.6002142314,1.0000000000,0.8840000000,226.2443438914
595,100,0,6,100,100,0,0,106,782,100,100,0.0314829758,27.7101835682,16.6666666667,15.5201798947,1.0000000000,0.8848000000,226.0397830018
596,100,0,7,100,100,0,0,107,879,100,100,0.0329228638,27.6772607043,14.2857142857,15.4401876557,1.0000000000,0.8856000000,225.8355916893
597,100,0,5,100,100,0,0,105,685,100,100,0.0331191180,27.6441415863,20.0000000000,15.6002370721,1.0000000000,0.8840000000,226.2443438914
598,100,0,8,100,100,0,0,108,976,100,100,0.0327615614,27.6113800249,12.5000000000,15.3601723303,1.0000000000,0.8864000000,225.6317689531
599,100,0,15,100,100,0,0,115,1655,100,100,0.0396373199,27.5717427050,6.6666666667,14.8001639385,1.0000000000,0.8920000000,224.2152466368
600,100,0,7,100,100,0,0,107,879,100,100,0.0327478497,27.5389948553,14.2857142857,15.4402121944,1.0000000000,0.8856000000,225.8355916893
601,100,0,8,100,100,0,0,108,976,100,100,0.0350261425,27.5039687128,12.5000000000,15.3602287653,1.0000000000,0.8864000000,225.6317689531
602,100,0,11,100,100,0,0,110,1267,100,100,0.0361952362,27.4677734766,9.0909090909,15.1201727566,1.0000000000,0.8880000000,225.2252252252
603,100,0,10,100,100,0,0,110,1170,100,100,0.0356597617,27.4321137149,10.0000000000,15.2001815850,1.0000000000,0.8880000000,225.2252252252
604,100,0,5,100,100,0,0,105,685,100,100,0.0309687263,27.4011449886,20.0000000000,15.6001926209,1.0000000000,0.8840000000,226.2443438914
605,100,0,9,100,100,0,0,109,1073,100,100,0.0342888548,27.3668561338,11.1111111111,15.2801865831,1.0000000000,0.8872000000,225.4283137962
606,100,0,4,100,100,0,0,104,588,100,100,0.0300040195,27.3368521143,25.0000000000,15.6802000044,1.0000000000,0.8832000000,226.4492753623
607,100,0,7,100,100,0,0,106,879,100,100,0.0331559641,27.3036961502,14.2857142857,15.4401939977,1.0000000000,0.8848000000,226.0397830018
608,100,0,7,100,100,0,0,107,879,100,100,0.0338871671,27.2698089831,14.2857142857,15.4402267069,1.0000000000,0.8856000000,225.8355916893
609,100,0,3,100,100,0,0,103,491,100,100,0.0320654879,27.2377434952,33.3333333333,15.7602373129,1.0000000000,0.8824000000,226.6545784225
610,100,0,6,100,100,0,0,106,782,100,100,0.0325763125,27.2051671826,16.6666666667,15.5202132722,1.0000000000,0.8848000000,226.0397830018
611,100,0,15,100,100,0,0,114,1655,100,100,0.0399605704,27.1652066123,6.6666666667,14.8001635847,1.0000000000,0.8912000000,224.4165170557
612,100,0,2,100,100,0,0,102,394,100,100,0.0367699586,27.1284366536,50.0000000000,15.8403399756,1.0000000000,0.8816000000,226.8602540835
613,100,0,6,100,100,0,0,106,782,100,100,0.0314854806,27.0969511731,16.6666666667,15.5201898262,1.0000000000,0.8848000000,226.0397830018
614,100,0,9,100,100,0,0,109,1073,100,100,0.0342267834,27.0627243897,11.1111111111,15.2801915274,1.0000000000,0.8872000000,225.4283137962
615,100,0,7,100,100,0,0,107,879,100,100,0.0333274867,27.0293969030,14.2857142857,15.4402201352,1.0000000000,0.8856000000,225.8355916893
616,100,0,4,100,100,0,0,104,588,100,100,0.0304534531,26.9989434499,25.0000000000,15.6802154129,1.0000000000,0.8832000000,226.4492753623
617,100,0,12,100,100,0,0,112,1364,100,100,0.0372193208,26.9617241290,8.3333333333,15.0401836369,1.0000000000,0.8896000000,224.8201438849
618,100,0,8,100,100,0,0,108,976,100,100,0.0337198068,26.9280043223,12.5000000000,15.3601929952,1.0000000000,0.8864000000,225.6317689531
619,100,0,8,100,100,0,0,108,976,100,100,0.0332735857,26.8947307366,12.5000000000,15.3601867865,1.0000000000,0.8864000000,225.6317689531
620,100,0,12,100,100,0,0,109,1364,100,100,0.0377971865,26.8569335500,8.3333333333,15.0401995450,1.0000000000,0.8872000000,225.4283137962
621,100,0,8,100,100,0,0,108,976,100,100,0.0342147244,26.8227188256,12.5000000000,15.3602061972,1.0000000000,0.8864000000,225.6317689531
622,100,0,4,100,100,0,0,104,588,100,100,0.0319208443,26.7907979812,25.0000000000,15.6802536969,1.0000000000,0.8832000000,226.4492753623
623,100,0,8,100,100,0,0,108,976,100,100,0.0332221505,26.7575758307,12.5000000000,15.3601746594,1.0000000000,0.8864000000,225.6317689531
624,100,0,6,100,100,0,0,106,782,100,100,0.0326081801,26.7249676507,16.6666666667,15.5202117494,1.0000000000,0.8848000000,226.0397830018
625,100,0,6,100,100,0,0,106,782,100,100,0.0331698585,26.6917977922,16.6666666667,15.5202346295,1.0000000000,0.8848000000,226.0397830018
626,100,0,6,100,100,0,0,105,782,100,100,0.0339822011,26.6578155911,16.6666666667,15.5202320593,1.0000000000,0.8840000000,226.2443438914
627,100,0,8,100,100,0,0,108,976,100,100,0.0336875149,26.6241280763,12.5000000000,15.3601864267,1.0000000000,0.8864000000,225.6317689531
628,100,0,6,100,100,0,0,106,782,100,100,0.0311272792,26.5930007971,16.6666666667,15.5201875219,1.0000000000,0.8848000000,226.0397830018
629,100,0,8,100,100,0,0,108,976,100,100,0.0334318069,26.5595689902,12.5000000000,15.3601991617,1.0000000000,0.8864000000,225.6317689531
630,100,0,3,100,100,0,0,103,491,100,100,0.0312059564,26.5283630338,33.3333333333,15.7602662638,1.0000000000,0.8824000000,226.6545784225
631,100,0,6,100,100,0,0,106,782,100,100,0.0323001959,26.4960628379,16.6666666667,15.5202140742,1.0000000000,0.8848000000,226.0397830018
632,100,0,5,100,100,0,0,105,685,100,100,0.0317651382,26.4642976997,20.0000000000,15.6002341363,1.0000000000,0.8840000000,226.2443438914
633,100,0,4,100,100,0,0,104,588,100,100,0.0314841367,26.4328135630,25.0000000000,15.6802573188,1.0000000000,0.8832000000,226.4492753623
634,100,0,6,100,100,0,0,106,782,100,100,0.0325174715,26.4002960915,16.6666666667,15.5202142841,1.0000000000,0.8848000000,226.0397830018
635,100,0,6,100,100,0,0,106,782,100,100,0.0326164528,26.3676796387,16.6666666667,15.5202051550,1.0000000000,0.8848000000,226.0397830018
636,100,0,5,100,100,0,0,105,685,100,100,0.0315906349,26.3360890038,20.0000000000,15.6002040239,1.0000000000,0.8840000000,226.2443438914
637,100,0,7,100,100,0,0,107,879,100,100,0.0329918406,26.3030971632,14.2857142857,15.4401918726,1.0000000000,0.8856000000,225.8355916893
638,100,0,12,100,100,0,0,112,1364,100,100,0.0381314829,26.2649656803,8.3333333333,15.0402071983,1.0000000000,0.8896000000,224.8201438849
639,100,0,6,100,100,0,0,106,782,100,100,0.0323854233,26.2325802569,16.6666666667,15.5202113580,1.0000000000,0.8848000000,226.0397830018
640,100,0,5,100,100,0,0,105,685,100,100,0.0322224496,26.2003578073,20.0000000000,15.6002365679,1.0000000000,0.8840000000,226.2443438914
641,100,0,6,100,100,0,0,106,782,100,100,0.0323583642,26.1679994431,16.6666666667,15.5202025160,1.0000000000,0.8848000000,226.0397830018
642,100,0,3,100,100,0,0,103,491,100,100,0.0304283235,26.1375711196,33.3333333333,15.7602358303,1.0000000000,0.8824000000,226.6545784225
643,100,0,6,100,100,0,0,106,782,100,100,0.0323112832,26.1052598364,16.6666666667,15.5201952282,1.0000000000,0.8848000000,226.0397830018
644,100,0,7,100,100,0,0,107,879,100,100,0.0345682616,26.0706915748,14.2857142857,15.4402216190,1.0000000000,0.8856000000,225.8355916893
645,100,0,5,100,100,0,0,105,685,100,100,0.0317062729,26.0389853019,20.0000000000,15.6002193843,1.0000000000,0.8840000000,226.2443438914
646,100,0,5,100,100,0,0,105,685,100,100,0.0309209461,26.0080643558,20.0000000000,15.6002086363,1.0000000000,0.8840000000,226.2443438914
647,100,0,8,100,100,0,0,108,976,100,100,0.0334404012,25.9746239546,12.5000000000,15.3601710617,1.0000000000,0.8864000000,225.6317689531
648,100,0,2,100,100,0,0,102,394,100,100,0.0373078405,25.9373161141,50.0000000000,15.8403451434,1.0000000000,0.8816000000,226.8602540835
649,100,0,4,100,100,0,0,104,588,100,100,0.0318723736,25.9054437405,25.0000000000,15.6802339391,1.0000000000,0.8832000000,226.4492753623
650,100,0,12,100,100,0,0,111,1364,100,100,0.0371646751,25.8682790654,8.3333333333,15.0401851148,1.0000000000,0.8888000000,225.0225022502
651,100,0,3,100,100,0,0,103,491,100,100,0.0301591381,25.8381199273,33.3333333333,15.7602295365,1.0000000000,0.8824000000,226.6545784225
652,100,0,3,100,100,0,0,103,491,100,100,0.0308208819,25.8072990454,33.3333333333,15.7602276929,1.0000000000,0.8824000000,226.6545784225
653,100,0,7,100,100,0,0,107,879,100,100,0.0328486629,25.7744503826,14.2857142857,15.4402107832,1.0000000000,0.8856000000,225.8355916893
654,100,0,3,100,100,0,0,103,491,100,100,0.0321363593,25.7423140233,33.3333333333,15.7602611086,1.0000000000,0.8824000000,226.6545784225
655,100,0,9,100,100,0,0,108,1073,100,100,0.0345240534,25.7077899699,11.1111111111,15.2801878004,1.0000000000,0.8864000000,225.6317689531
656,100,0,7,100,100,0,0,107,879,100,100,0.0348212563,25.6729687137,14.2857142857,15.4402180338,1.0000000000,0.8856000000,225.8355916893
657,100,0,4,100,100,0,0,104,588,100,100,0.0334624468,25.6395062669,25.0000000000,15.6802593972,1.0000000000,0.8832000000,226.4492753623
658,100,0,7,100,100,0,0,107,879,100,100,0.0328876408,25.6066186261,14.2857142857,15.4402251055,1.0000000000,0.8856000000,225.8355916893
659,100,0,11,100,100,0,0,111,1267,100,100,0.0358870097,25.5707316164,9.0909090909,15.1201789803,1.0000000000,0.8888000000,225.0225022502
660,100,0,5,100,100,0,0,105,685,100,100,0.0317602668,25.5389713495,20.0000000000,15.6002207830,1.0000000000,0.8840000000,226.2443438914
661,100,0,4,100,100,0,0,104,588,100,100,0.0323772058,25.5065941437,25.0000000000,15.6802564803,1.0000000000,0.8832000000,226.4492753623
662,100,0,8,100,100,0,0,106,976,100,100,0.0350734931,25.4715206506,12.5000000000,15.3602395410,1.0000000000,0.8848000000,226.0397830018
663,100,0,9,100,100,0,0,108,1073,100,100,0.0345962544,25.4369243962,11.1111111111,15.2801890866,1.0000000000,0.8864000000,225.6317689531
664,100,0,2,100,100,0,0,102,394,100,100,0.0378684893,25.3990559069,50.0000000000,15.8403325616,1.0000000000,0.8816000000,226.8602540835
665,100,0,10,100,100,0,0,110,1170,100,100,0.0351603159,25.3638955910,10.0000000000,15.2001787038,1.0000000000,0.8880000000,225.2252252252
666,100,0,4,100,100,0,0,104,588,100,100,0.0315019230,25.3323936680,25.0000000000,15.6802551516,1.0000000000,0.8832000000,226.4492753623
667,100,0,9,100,100,0,0,109,1073,100,100,0.0354344995,25.2969591685,11.1111111111,15.2802201885,1.0000000000,0.8872000000,225.4283137962
668,100,0,6,100,100,0,0,106,782,100,100,0.0336970275,25.2632621411,16.6666666667,15.5202243026,1.0000000000,0.8848000000,226.0397830018
669,100,0,3,100,100,0,0,103,491,100,100,0.0336814552,25.2295806859,33.3333333333,15.7602658715,1.0000000000,0.8824000000,226.6545784225
670,100,0,3,100,100,0,0,103,491,100,100,0.0325090540,25.1970716319,33.3333333333,15.7602450420,1.0000000000,0.8824000000,226.6545784225
671,100,0,13,100,100,0,0,113,1461,100,100,0.0383119210,25.1587597108,7.6923076923,14.9601939978,1.0000000000,0.8904000000,224.6181491465
672,100,0,6,100,100,0,0,106,782,100,100,0.0317416195,25.1270180913,16.6666666667,15.5201794759,1.0000000000,0.8848000000,226.0397830018
673,100,0,9,100,100,0,0,109,1073,100,100,0.0349184230,25.0920996683,11.1111111111,15.2802023157,1.0000000000,0.8872000000,225.4283137962
674,100,0,7,100,100,0,0,107,879,100,100,0.0321356410,25.0599640274,14.2857142857,15.4401768380,1.0000000000,0.8856000000,225.8355916893
675,100,0,6,100,100,0,0,106,782,100,100,0.0330031011,25.0269609263,16.6666666667,15.5202402752,1.0000000000,0.8848000000,226.0397830018
676,100,0,8,100,100,0,0,108,976,100,100,0.0341707058,24.9927902205,12.5000000000,15.3602138904,1.0000000000,0.8864000000,225.6317689531
677,100,0,7,100,100,0,0,107,879,100,100,0.0329833134,24.9598069071,14.2857142857,15.4402154142,1.0000000000,0.8856000000,225.8355916893
678,100,0,10,100,100,0,0,110,1170,100,100,0.0354727569,24.9243341502,10.0000000000,15.2001842133,1.0000000000,0.8880000000,225.2252252252
679,100,0,5,100,100,0,0,105,685,100,100,0.0323551841,24.8919789661,20.0000000000,15.6002234297,1.0000000000,0.8840000000,226.2443438914
680,100,0,10,100,100,0,0,110,1170,100,100,0.0359781983,24.8560007678,10.0000000000,15.2001995075,1.0000000000,0.8880000000,225.2252252252
681,100,0,6,100,100,0,0,106,782,100,100,0.0320335883,24.8239671795,16.6666666667,15.5202167177,1.0000000000,0.8848000000,226.0397830018
682,100,0,9,100,100,0,0,109,1073,100,100,0.0346810979,24.7892860816,11.1111111111,15.2801931491,1.0000000000,0.8872000000,225.4283137962
683,100,0,7,100,100,0,0,107,879,100,100,0.0325646745,24.7567214071,14.2857142857,15.4401985032,1.0000000000,0.8856000000,225.8355916893
684,100,0,4,100,100,0,0,104,588,100,100,0.0321296934,24.7245917137,25.0000000000,15.6802331333,1.0000000000,0.8832000000,226.4492753623
685,100,0,5,100,100,0,0,105,685,100,100,0.0314138427,24.6931778710,20.0000000000,15.6002210428,1.0000000000,0.8840000000,226.2443438914
686,100,0,7,100,100,0,0,107,879,100,100,0.0339078449,24.6592700261,14.2857142857,15.4402225346,1.0000000000,0.8856000000,225.8355916893
687,100,0,5,100,100,0,0,105,685,100,100,0.0322478485,24.6270221776,20.0000000000,15.6002550738,1.0000000000,0.8840000000,226.2443438914
688,100,0,5,100,100,0,0,105,685,100,100,0.0318904746,24.5951317029,20.0000000000,15.6002135478,1.0000000000,0.8840000000,226.2443438914
689,100,0,8,100,100,0,0,108,976,100,100,0.0337016226,24.5614300803,12.5000000000,15.3601999159,1.0000000000,0.8864000000,225.6317689531
690,100,0,5,100,100,0,0,105,685,100,100,0.0303691777,24.5310609027,20.0000000000,15.6002049115,1.0000000000,0.8840000000,226.2443438914
691,100,0,5,100,100,0,0,105,685,100,100,0.0331596432,24.4979012595,20.0000000000,15.6002468462,1.0000000000,0.8840000000,226.2443438914
692,100,0,6,100,100,0,0,106,782,100,100,0.0325090383,24.4653922212,16.6666666667,15.5202385173,1.0000000000,0.8848000000,226.0397830018
693,100,0,7,100,100,0,0,107,879,100,100,0.0324081074,24.4329841138,14.2857142857,15.4401946156,1.0000000000,0.8856000000,225.8355916893
694,100,0,4,100,100,0,0,104,588,100,100,0.0307548337,24.4022292800,25.0000000000,15.6802002838,1.0000000000,0.8832000000,226.4492753623
695,100,0,9,100,100,0,0,109,1073,100,100,0.0341654849,24.3680637951,11.1111111111,15.2801815032,1.0000000000,0.8872000000,225.4283137962
696,100,0,2,100,100,0,0,102,394,100,100,0.0325440846,24.3355197105,50.0000000000,15.8402721919,1.0000000000,0.8816000000,226.8602540835
697,100,0,3,100,100,0,0,103,491,100,100,0.0322167479,24.3033029627,33.3333333333,15.7602290679,1.0000000000,0.8824000000,226.6545784225
698,100,0,7,100,100,0,0,107,879,100,100,0.0343101522,24.2689928104,14.2857142857,15.4402129882,1.0000000000,0.8856000000,225.8355916893
699,100,0,7,100,100,0,0,107,879,100,100,0.0362988018,24.2326940086,14.2857142857,15.4402574132,1.0000000000,0.8856000000,225.8355916893
700,100,0,6,100,100,0,0,106,782,100,100,0.0342910187,24.1984029899,16.6666666667,15.5202623105,1.0000000000,0.8848000000,226.0397830018
701,100,0,5,100,100,0,0,105,685,100,100,0.0331346302,24.1652683597,20.0000000000,15.6002516333,1.0000000000,0.8840000000,226.2443438914
702,100,0,6,100,100,0,0,105,782,100,100,0.0321519525,24.1331164072,16.6666666667,15.5202013253,1.0000000000,0.8840000000,226.2443438914
703,100,0,6,100,100,0,0,106,782,100,100,0.0317172845,24.1013991227,16.6666666667,15.5201947387,1.0000000000,0.8848000000,226.0397830018
704,100,0,8,100,100,0,0,108,976,100,100,0.0331628332,24.0682362895,12.5000000000,15.3601788914,1.0000000000,0.8864000000,225.6317689531
705,100,0,3,100,100,0,0,103,491,100,100,0.0413272427,24.0269090467,33.3333333333,15.7603548529,1.0000000000,0.8824000000,226.6545784225
706,100,0,2,100,100,0,0,102,394,100,100,0.0397721967,23.9871368501,50.0000000000,15.8403741123,1.0000000000,0.8816000000,226.8602540835
707,100,0,8,100,100,0,0,108,976,100,100,0.0330026512,23.9541341989,12.5000000000,15.3601817955,1.0000000000,0.8864000000,225.6317689531
708,100,0,4,100,100,0,0,104,588,100,100,0.0307910096,23.9233431892,25.0000000000,15.6802299002,1.0000000000,0.8832000000,226.4492753623
709,100,0,2,100,100,0,0,102,394,100,100,0.0355146305,23.8878285587,50.0000000000,15.8403255543,1.0000000000,0.8816000000,226.8602540835
710,100,0,6,100,100,0,0,106,782,100,100,0.0321665412,23.8556620176,16.6666666667,15.5202056544,1.0000000000,0.8848000000,226.0397830018
711,100,0,4,100,100,0,0,104,588,100,100,0.0300143767,23.8256476408,25.0000000000,15.6801932142,1.0000000000,0.8832000000,226.4492753623
712,100,0,5,100,100,0,0,105,685,100,100,0.0311414116,23.7945062292,20.0000000000,15.6002194503,1.0000000000,0.8840000000,226.2443438914
713,100,0,5,100,100,0,0,105,685,100,100,0.0329012418,23.7616049874,20.0000000000,15.6002275330,1.0000000000,0.8840000000,226.2443438914
714,100,0,3,100,100,0,0,103,491,100,100,0.0326343089,23.7289706786,33.3333333333,15.7602448351,1.0000000000,0.8824000000,226.6545784225
715,100,0,7,100,100,0,0,107,879,100,100,0.0323423214,23.6966283572,14.2857142857,15.4401886943,1.0000000000,0.8856000000,225.8355916893
716,100,0,8,100,100,0,0,108,976,100,100,0.0331840440,23.6634443132,12.5000000000,15.3601769431,1.0000000000,0.8864000000,225.6317689531
717,100,0,4,100,100,0,0,104,588,100,100,0.0321288663,23.6313154468,25.0000000000,15.6802576763,1.0000000000,0.8832000000,226.4492753623
718,100,0,7,100,100,0,0,106,879,100,100,0.0330525188,23.5982629281,14.2857142857,15.4401863864,1.0000000000,0.8848000000,226.0397830018
719,100,0,8,100,100,0,0,106,976,100,100,0.0370606069,23.5612023212,12.5000000000,15.3602499645,1.0000000000,0.8848000000,226.0397830018
720,100,0,3,100,100,0,0,103,491,100,100,0.0362671695,23.5249351516,33.3333333333,15.7603242549,1.0000000000,0.8824000000,226.6545784225
721,100,0,6,100,100,0,0,106,782,100,100,0.0324096049,23.4925255468,16.6666666667,15.5202178577,1.0000000000,0.8848000000,226.0397830018
722,100,0,8,100,100,0,0,108,976,100,100,0.0338876702,23.4586378765,12.5000000000,15.3602068932,1.0000000000,0.8864000000,225.6317689531
723,100,0,7,100,100,0,0,107,879,100,100,0.0330257822,23.4256120943,14.2857142857,15.4402001677,1.0000000000,0.8856000000,225.8355916893
724,100,0,5,100,100,0,0,105,685,100,100,0.0317949482,23.3938171462,20.0000000000,15.6002370195,1.0000000000,0.8840000000,226.2443438914
725,100,0,4,100,100,0,0,104,588,100,100,0.0328697947,23.3609473515,25.0000000000,15.6802400270,1.0000000000,0.8832000000,226.4492753623
726,100,0,2,100,100,0,0,102,394,100,100,0.0361967339,23.3247506176,50.0000000000,15.8403265923,1.0000000000,0.8816000000,226.8602540835
727,100,0,10,100,100,0,0,110,1170,100,100,0.0351064171,23.2896442005,10.0000000000,15.2001845449,1.0000000000,0.8880000000,225.2252252252
728,100,0,4,100,100,0,0,104,588,100,100,0.0314638767,23.2581803237,25.0000000000,15.6802498361,1.0000000000,0.8832000000,226.4492753623
729,100,0,3,100,100,0,0,103,491,100,100,0.0312934091,23.2268869146,33.3333333333,15.7602656312,1.0000000000,0.8824000000,226.6545784225
730,100,0,5,100,100,0,0,105,685,100,100,0.0330897276,23.1937971870,20.0000000000,15.6002288300,1.0000000000,0.8840000000,226.2443438914
731,100,0,6,100,100,0,0,106,782,100,100,0.0321308624,23.1616663247,16.6666666667,15.5202076254,1.0000000000,0.8848000000,226.0397830018
732,100,0,2,100,100,0,0,102,394,100,100,0.0356229676,23.1260433571,50.0000000000,15.8403224462,1.0000000000,0.8816000000,226.8602540835
733,100,0,6,100,100,0,0,106,782,100,100,0.0318065272,23.0942368299,16.6666666667,15.5202030616,1.0000000000,0.8848000000,226.0397830018
734,100,0,5,100,100,0,0,105,685,100,100,0.0320780240,23.0621588059,20.0000000000,15.6002243574,1.0000000000,0.8840000000,226.2443438914
735,100,0,5,100,100,0,0,105,685,100,100,0.0309624745,23.0311963314,20.0000000000,15.6001916550,1.0000000000,0.8840000000,226.2443438914
736,100,0,4,100,100,0,0,104,588,100,100,0.0319224814,22.9992738500,25.0000000000,15.6802414671,1.0000000000,0.8832000000,226.4492753623
737,100,0,4,100,100,0,0,104,588,100,100,0.0315906710,22.9676831790,25.0000000000,15.6802370646,1.0000000000,0.8832000000,226.4492753623
738,100,0,6,100,100,0,0,105,782,100,100,0.0331844077,22.9344987713,16.6666666667,15.5202291930,1.0000000000,0.8840000000,226.2443438914
739,100,0,16,100,100,0,0,116,1752,100,100,0.0408666455,22.8936321258,6.2500000000,14.7201725612,1.0000000000,0.8928000000,224.0143369176
740,100,0,4,100,100,0,0,104,588,100,100,0.0321689420,22.8614631838,25.0000000000,15.6802539389,1.0000000000,0.8832000000,226.4492753623
741,100,0,3,100,100,0,0,103,491,100,100,0.0301916861,22.8312714978,33.3333333333,15.7602289860,1.0000000000,0.8824000000,226.6545784225
742,100,0,3,100,100,0,0,103,491,100,100,0.0299434586,22.8013280392,33.3333333333,15.7602274444,1.0000000000,0.8824000000,226.6545784225
743,100,0,7,100,100,0,0,107,879,100,100,0.0333327141,22.7679953250,14.2857142857,15.4402143276,1.0000000000,0.8856000000,225.8355916893
744,100,0,4,100,100,0,0,104,588,100,100,0.0303659135,22.7376294115,25.0000000000,15.6802166811,1.0000000000,0.8832000000,226.4492753623
745,100,0,4,100,100,0,0,104,588,100,100,0.0348013085,22.7028281031,25.0000000000,15.6802768825,1.0000000000,0.8832000000,226.4492753623
746,100,0,4,100,100,0,0,104,588,100,100,0.0317944784,22.6710336247,25.0000000000,15.6802405972,1.0000000000,0.8832000000,226.4492753623
747,100,0,6,100,100,0,0,106,782,100,100,0.0337856199,22.6372480048,16.6666666667,15.5202305410,1.0000000000,0.8848000000,226.0397830018
748,100,0,5,100,100,0,0,105,685,100,100,0.0322817369,22.6049662679,20.0000000000,15.6002435542,1.0000000000,0.8840000000,226.2443438914
749,100,0,5,100,100,0,0,105,685,100,100,0.0308002280,22.5741660399,20.0000000000,15.6002139467,1.0000000000,0.8840000000,226.2443438914
750,100,0,3,100,100,0,0,103,491,100,100,0.0300942467,22.5440717932,33.3333333333,15.7602230463,1.0000000000,0.8824000000,226.6545784225
751,100,0,10,100,100,0,0,110,1170,100,100,0.0351780207,22.5088937725,10.0000000000,15.2001870751,1.0000000000,0.8880000000,225.2252252252
752,100,0,5,100,100,0,0,105,685,100,100,0.0316645677,22.4772292048,20.0000000000,15.6002277445,1.0000000000,0.8840000000,226.2443438914
753,100,0,3,100,100,0,0,103,491,100,100,0.0307484860,22.4464807188,33.3333333333,15.7602595606,1.0000000000,0.8824000000,226.6545784225
754,100,0,6,100,100,0,0,106,782,100,100,0.0322535188,22.4142272000,16.6666666667,15.5202048784,1.0000000000,0.8848000000,226.0397830018
755,100,0,6,100,100,0,0,106,782,100,100,0.0327129180,22.3815142820,16.6666666667,15.5202071152,1.0000000000,0.8848000000,226.0397830018
756,100,0,2,100,100,0,0,102,394,100,100,0.0346718194,22.3468424626,50.0000000000,15.8403189694,1.0000000000,0.8816000000,226.8602540835
757,100,0,5,100,100,0,0,105,685,100,100,0.0321951599,22.3146473027,20.0000000000,15.6002211119,1.0000000000,0.8840000000,226.2443438914
758,100,0,8,100,100,0,0,108,976,100,100,0.0334777633,22.2811695394,12.5000000000,15.3602012793,1.0000000000,0.8864000000,225.6317689531
759,100,0,6,100,100,0,0,106,782,100,100,0.0319625767,22.2492069628,16.6666666667,15.5202000083,1.0000000000,0.8848000000,226.0397830018
760,100,0,5,100,100,0,0,105,685,100,100,0.0302490156,22.2189579472,20.0000000000,15.6001961460,1.0000000000,0.8840000000,226.2443438914
761,100,0,2,100,100,0,0,102,394,100,100,0.0336528185,22.1853051287,50.0000000000,15.8402874951,1.0000000000,0.8816000000,226.8602540835
762,100,0,3,100,100,0,0,103,491,100,100,0.0300677983,22.1552373304,33.3333333333,15.7602064571,1.0000000000,0.8824000000,226.6545784225
763,100,0,7,100,100,0,0,107,879,100,100,0.0331524558,22.1220848745,14.2857142857,15.4402044476,1.0000000000,0.8856000000,225.8355916893
764,100,0,5,100,100,0,0,105,685,100,100,0.0309260904,22.0911587842,20.0000000000,15.6001947906,1.0000000000,0.8840000000,226.2443438914
765,100,0,4,100,100,0,0,104,588,100,100,0.0308333340,22.0603254501,25.0000000000,15.6802221212,1.0000000000,0.8832000000,226.4492753623
766,100,0,3,100,100,0,0,103,491,100,100,0.0327675520,22.0275578981,33.3333333333,15.7602641511,1.0000000000,0.8824000000,226.6545784225
767,100,0,10,100,100,0,0,110,1170,100,100,0.0357061048,21.9918517933,10.0000000000,15.2001739776,1.0000000000,0.8880000000,225.2252252252
768,100,0,4,100,100,0,0,104,588,100,100,0.0321985520,21.9596532413,25.0000000000,15.6802590588,1.0000000000,0.8832000000,226.4492753623
769,100,0,9,100,100,0,0,109,1073,100,100,0.0344688709,21.9251843704,11.1111111111,15.2801888975,1.0000000000,0.8872000000,225.4283137962
770,100,0,6,100,100,0,0,106,782,100,100,0.0327785391,21.8924058313,16.6666666667,15.5202279570,1.0000000000,0.8848000000,226.0397830018
771,100,0,5,100,100,0,0,105,685,100,100,0.0306257659,21.8617800654,20.0000000000,15.6002251624,1.0000000000,0.8840000000,226.2443438914
772,100,0,2,100,100,0,0,102,394,100,100,0.0344672587,21.8273128067,50.0000000000,15.8403067245,1.0000000000,0.8816000000,226.8602540835
773,100,0,7,100,100,0,0,107,879,100,100,0.0336542556,21.7936585511,14.2857142857,15.4402046211,1.0000000000,0.8856000000,225.8355916893
774,100,0,10,100,100,0,0,108,1170,100,100,0.0351957042,21.7584628469,10.0000000000,15.2001865652,1.0000000000,0.8864000000,225.6317689531
775,100,0,8,100,100,0,0,108,976,100,100,0.0331985984,21.7252642485,12.5000000000,15.3601688846,1.0000000000,0.8864000000,225.6317689531
776,100,0,6,100,100,0,0,106,782,100,100,0.0332727666,21.6919914818,16.6666666667,15.5202373709,1.0000000000,0.8848000000,226.0397830018
777,100,0,7,100,100,0,0,107,879,100,100,0.0334635913,21.6585278906,14.2857142857,15.4402173473,1.0000000000,0.8856000000,225.8355916893
778,100,0,2,100,100,0,0,102,394,100,100,0.0331251516,21.6254027389,50.0000000000,15.8402714329,1.0000000000,0.8816000000,226.8602540835
779,100,0,9,100,100,0,0,109,1073,100,100,0.0340672749,21.5913354640,11.1111111111,15.2801797241,1.0000000000,0.8872000000,225.4283137962
780,100,0,8,100,100,0,0,108,976,100,100,0.0348037524,21.5565317116,12.5000000000,15.3602298193,1.0000000000,0.8864000000,225.6317689531
781,100,0,7,100,100,0,0,107,879,100,100,0.0324810933,21.5240506183,14.2857142857,15.4401977211,1.0000000000,0.8856000000,225.8355916893
782,100,0,6,100,100,0,0,106,782,100,100,0.0317552156,21.4922954027,16.6666666667,15.5201888671,1.0000000000,0.8848000000,226.0397830018
783,100,0,5,100,100,0,0,105,685,100,100,0.0330089034,21.4592864993,20.0000000000,15.6002436958,1.0000000000,0.8840000000,226.2443438914
784,100,0,5,100,100,0,0,105,685,100,100,0.0312470410,21.4280394582,20.0000000000,15.6002163340,1.0000000000,0.8840000000,226.2443438914
785,100,0,6,100,100,0,0,106,782,100,100,0.0321985172,21.3958409410,16.6666666667,15.5202143449,1.0000000000,0.8848000000,226.0397830018
786,100,0,2,100,100,0,0,102,394,100,100,0.0375272219,21.3583137192,50.0000000000,15.8403569435,1.0000000000,0.8816000000,226.8602540835
787,100,0,5,100,100,0,0,105,685,100,100,0.0310479310,21.3272657881,20.0000000000,15.6002156528,1.0000000000,0.8840000000,226.2443438914
788,100,0,5,100,100,0,0,105,685,100,100,0.0314044438,21.2958613443,20.0000000000,15.6002132663,1.0000000000,0.8840000000,226.2443438914
789,100,0,6,100,100,0,0,106,782,100,100,0.0316931098,21.2641682345,16.6666666667,15.5202113373,1.0000000000,0.8848000000,226.0397830018
790,100,0,7,100,100,0,0,106,879,100,100,0.0326986179,21.2314696165,14.2857142857,15.4401960873,1.0000000000,0.8848000000,226.0397830018
791,100,0,9,100,100,0,0,109,1073,100,100,0.0341072811,21.1973623354,11.1111111111,15.2801724527,1.0000000000,0.8872000000,225.4283137962
792,100,0,6,100,100,0,0,106,782,100,100,0.0327663136,21.1645960218,16.6666666667,15.5202083758,1.0000000000,0.8848000000,226.0397830018
793,100,0,4,100,100,0,0,104,588,100,100,0.0312068244,21.1333891974,25.0000000000,15.6802230198,1.0000000000,0.8832000000,226.4492753623
794,100,0,5,100,100,0,0,105,685,100,100,0.0315752920,21.1018139054,20.0000000000,15.6002092549,1.0000000000,0.8840000000,226.2443438914
795,100,0,4,100,100,0,0,104,588,100,100,0.0304611602,21.0713527452,25.0000000000,15.6802250034,1.0000000000,0.8832000000,226.4492753623
796,100,0,5,100,100,0,0,105,685,100,100,0.0307708252,21.0405819200,20.0000000000,15.6001892781,1.0000000000,0.8840000000,226.2443438914
797,100,0,4,100,100,0,0,104,588,100,100,0.0316956619,21.0088862581,25.0000000000,15.6802184316,1.0000000000,0.8832000000,226.4492753623
798,100,0,4,100,100,0,0,104,588,100,100,0.0359713165,20.9729149415,25.0000000000,15.6802922420,1.0000000000,0.8832000000,226.4492753623
799,100,0,13,100,100,0,0,112,1461,100,100,0.0391851057,20.9337298358,7.6923076923,14.9602065980,1.0000000000,0.8896000000,224.8201438849
800,100,0,7,100,100,0,0,107,879,100,100,0.0328282171,20.9009016187,14.2857142857,15.4402024258,1.0000000000,0.8856000000,225.8355916893
801,100,0,2,100,100,0,0,102,394,100,100,0.0346824946,20.8662191242,50.0000000000,15.8403098426,1.0000000000,0.8816000000,226.8602540835
802,100,0,3,100,100,0,0,103,491,100,100,0.0340123931,20.8322067311,33.3333333333,15.7602923625,1.0000000000,0.8824000000,226.6545784225
803,100,0,9,100,100,0,0,109,1073,100,100,0.0351144177,20.7970923134,11.1111111111,15.2802209462,1.0000000000,0.8872000000,225.4283137962
804,100,0,5,100,100,0,0,105,685,100,100,0.0326753868,20.7644169266,20.0000000000,15.6002336123,1.0000000000,0.8840000000,226.2443438914
805,100,0,3,100,100,0,0,103,491,100,100,0.0303830141,20.7340339125,33.3333333333,15.7602404532,1.0000000000,0.8824000000,226.6545784225
806,100,0,6,100,100,0,0,106,782,100,100,0.0323785753,20.7016553372,16.6666666667,15.5202264648,1.0000000000,0.8848000000,226.0397830018
807,100,0,3,100,100,0,0,103,491,100,100,0.0301806872,20.6714746500,33.3333333333,15.7602267449,1.0000000000,0.8824000000,226.6545784225
808,100,0,3,100,100,0,0,103,491,100,100,0.0302412891,20.6412333608,33.3333333333,15.7602211938,1.0000000000,0.8824000000,226.6545784225
809,100,0,7,100,100,0,0,107,879,100,100,0.0322614184,20.6089719424,14.2857142857,15.4401860572,1.0000000000,0.8856000000,225.8355916893
810,100,0,2,100,100,0,0,102,394,100,100,0.0370314431,20.5719404993,50.0000000000,15.8403484136,1.0000000000,0.8816000000,226.8602540835
811,100,0,8,100,100,0,0,107,976,100,100,0.0346989329,20.5372415664,12.5000000000,15.3602075342,1.0000000000,0.8856000000,225.8355916893
812,100,0,4,100,100,0,0,104,588,100,100,0.0311841162,20.5060574502,25.0000000000,15.6802289752,1.0000000000,0.8832000000,226.4492753623
813,100,0,5,100,100,0,0,105,685,100,100,0.0313524536,20.4747049967,20.0000000000,15.6002157705,1.0000000000,0.8840000000,226.2443438914
814,100,0,4,100,100,0,0,104,588,100,100,0.0305067414,20.4441982553,25.0000000000,15.6802199324,1.0000000000,0.8832000000,226.4492753623
815,100,0,6,100,100,0,0,106,782,100,100,0.0320277552,20.4121705001,16.6666666667,15.5202152343,1.0000000000,0.8848000000,226.0397830018
816,100,0,4,100,100,0,0,104,588,100,100,0.0318688809,20.3803016191,25.0000000000,15.6802538621,1.0000000000,0.8832000000,226.4492753623
817,100,0,2,100,100,0,0,102,394,100,100,0.0394481356,20.3408534835,50.0000000000,15.8403570258,1.0000000000,0.8816000000,226.8602540835
818,100,0,3,100,100,0,0,103,491,100,100,0.0328784362,20.3079750473,33.3333333333,15.7602759628,1.0000000000,0.8824000000,226.6545784225
819,100,0,9,100,100,0,0,109,1073,100,100,0.0348415675,20.2731334798,11.1111111111,15.2801894730,1.0000000000,0.8872000000,225.4283137962
820,100,0,3,100,100,0,0,103,491,100,100,0.0296957879,20.2434376919,33.3333333333,15.7602135641,1.0000000000,0.8824000000,226.6545784225
821,100,0,5,100,100,0,0,105,685,100,100,0.0314165502,20.2120211417,20.0000000000,15.6001820806,1.0000000000,0.8840000000,226.2443438914
822,100,0,3,100,100,0,0,103,491,100,100,0.0337872627,20.1782338790,33.3333333333,15.7602845580,1.0000000000,0.8824000000,226.6545784225
823,100,0,5,100,100,0,0,105,685,100,100,0.0319926112,20.1462412678,20.0000000000,15.6002226445,1.0000000000,0.8840000000,226.2443438914
824,100,0,4,100,100,0,0,104,588,100,100,0.0324503988,20.1137908690,25.0000000000,15.6802482156,1.0000000000,0.8832000000,226.4492753623
825,100,0,7,100,100,0,0,107,879,100,100,0.0326768391,20.0811140299,14.2857142857,15.4401926205,1.0000000000,0.8856000000,225.8355916893
826,100,0,4,100,100,0,0,104,588,100,100,0.0317970618,20.0493169681,25.0000000000,15.6802196704,1.0000000000,0.8832000000,226.4492753623
827,100,0,6,100,100,0,0,106,782,100,100,0.0320173928,20.0172995754,16.6666666667,15.5202143190,1.0000000000,0.8848000000,226.0397830018
828,100,0,8,100,100,0,0,108,976,100,100,0.0338346653,19.9834649101,12.5000000000,15.3601960358,1.0000000000,0.8864000000,225.6317689531
829,100,0,3,100,100,0,0,103,491,100,100,0.0300200048,19.9534449053,33.3333333333,15.7602184906,1.0000000000,0.8824000000,226.6545784225
830,100,0,4,100,100,0,0,104,588,100,100,0.0340391363,19.9194057690,25.0000000000,15.6802628190,1.0000000000,0.8832000000,226.4492753623
831,100,0,2,100,100,0,0,102,394,100,100,0.0320571594,19.8873486096,50.0000000000,15.8402587421,1.0000000000,0.8816000000,226.8602540835
832,100,0,6,100,100,0,0,106,782,100,100,0.0332729407,19.8540756689,16.6666666667,15.5202413905,1.0000000000,0.8848000000,226.0397830018
833,100,0,4,100,100,0,0,104,588,100,100,0.0335838852,19.8204917837,25.0000000000,15.6802552718,1.0000000000,0.8832000000,226.4492753623
834,100,0,4,100,100,0,0,104,588,100,100,0.0336305060,19.7868612776,25.0000000000,15.6802474477,1.0000000000,0.8832000000,226.4492753623
835,100,0,8,100,100,0,0,108,976,100,100,0.0328854935,19.7539757841,12.5000000000,15.3601716457,1.0000000000,0.8864000000,225.6317689531
836,100,0,3,100,100,0,0,103,491,100,100,0.0356562020,19.7183195821,33.3333333333,15.7603150808,1.0000000000,0.8824000000,226.6545784225
837,100,0,2,100,100,0,0,102,394,100,100,0.0314586237,19.6868609584,50.0000000000,15.8402443085,1.0000000000,0.8816000000,226.8602540835
838,100,0,4,100,100,0,0,104,588,100,100,0.0310263781,19.6558345804,25.0000000000,15.6802407228,1.0000000000,0.8832000000,226.4492753623
839,100,0,16,100,100,0,0,116,1752,100,100,0.0410888448,19.6147457356,6.2500000000,14.7201832401,1.0000000000,0.8928000000,224.0143369176
840,100,0,5,100,100,0,0,105,685,100,100,0.0328129779,19.5819327576,20.0000000000,15.6002259179,1.0000000000,0.8840000000,226.2443438914
841,100,0,3,100,100,0,0,103,491,100,100,0.0313299351,19.5506028225,33.3333333333,15.7602793639,1.0000000000,0.8824000000,226.6545784225
842,100,0,3,100,100,0,0,103,491,100,100,0.0342974193,19.5163054032,33.3333333333,15.7602929204,1.0000000000,0.8824000000,226.6545784225
843,100,0,2,100,100,0,0,102,394,100,100,0.0374521073,19.4788532959,50.0000000000,15.8403503063,1.0000000000,0.8816000000,226.8602540835
844,100,0,6,100,100,0,0,106,782,100,100,0.0321829127,19.4466703832,16.6666666667,15.5201836587,1.0000000000,0.8848000000,226.0397830018
845,100,0,6,100,100,0,0,106,782,100,100,0.0318952632,19.4147751200,16.6666666667,15.5202003526,1.0000000000,0.8848000000,226.0397830018
846,100,0,8,100,100,0,0,107,976,100,100,0.0338814106,19.3808937094,12.5000000000,15.3602033896,1.0000000000,0.8856000000,225.8355916893
847,100,0,2,100,100,0,0,102,394,100,100,0.0360669619,19.3448267476,50.0000000000,15.8403160278,1.0000000000,0.8816000000,226.8602540835
848,100,0,2,100,100,0,0,102,394,100,100,0.0318043917,19.3130223558,50.0000000000,15.8402563673,1.0000000000,0.8816000000,226.8602540835
849,100,0,5,100,100,0,0,105,685,100,100,0.0333042640,19.2797180918,20.0000000000,15.6002386055,1.0000000000,0.8840000000,226.2443438914
850,100,0,9,100,100,0,0,109,1073,100,100,0.0341986527,19.2455194391,11.1111111111,15.2801837972,1.0000000000,0.8872000000,225.4283137962
851,100,0,4,100,100,0,0,104,588,100,100,0.0317460843,19.2137733549,25.0000000000,15.6802498610,1.0000000000,0.8832000000,226.4492753623
852,100,0,4,100,100,0,0,104,588,100,100,0.0326427341,19.1811306208,25.0000000000,15.6802527679,1.0000000000,0.8832000000,226.4492753623
853,100,0,6,100,100,0,0,105,782,100,100,0.0331999300,19.1479306908,16.6666666667,15.5202222407,1.0000000000,0.8840000000,226.2443438914
854,100,0,5,100,100,0,0,105,685,100,100,0.0305844238,19.1173462670,20.0000000000,15.6002041714,1.0000000000,0.8840000000,226.2443438914
855,100,0,5,100,100,0,0,105,685,100,100,0.0324407807,19.0849054862,20.0000000000,15.6002525373,1.0000000000,0.8840000000,226.2443438914
856,100,0,3,100,100,0,0,103,491,100,100,0.0335290594,19.0513764269,33.3333333333,15.7602659125,1.0000000000,0.8824000000,226.6545784225
857,100,0,3,100,100,0,0,103,491,100,100,0.0302725560,19.0211038709,33.3333333333,15.7602144240,1.0000000000,0.8824000000,226.6545784225
858,100,0,3,100,100,0,0,103,491,100,100,0.0330738832,18.9880299877,33.3333333333,15.7602769655,1.0000000000,0.8824000000,226.6545784225
859,100,0,8,100,100,0,0,108,976,100,100,0.0347809988,18.9532489889,12.5000000000,15.3602122555,1.0000000000,0.8864000000,225.6317689531
860,100,0,5,100,100,0,0,105,685,100,100,0.0316962193,18.9215527696,20.0000000000,15.6002267469,1.0000000000,0.8840000000,226.2443438914
861,100,0,2,100,100,0,0,102,394,100,100,0.0326527905,18.8888999791,50.0000000000,15.8402741398,1.0000000000,0.8816000000,226.8602540835
862,100,0,2,100,100,0,0,102,394,100,100,0.0359142000,18.8529857791,50.0000000000,15.8403301113,1.0000000000,0.8816000000,226.8602540835
863,100,0,8,100,100,0,0,108,976,100,100,0.0342268338,18.8187589453,12.5000000000,15.3602160471,1.0000000000,0.8864000000,225.6317689531
864,100,0,2,100,100,0,0,102,394,100,100,0.0400167802,18.7787421651,50.0000000000,15.8403571118,1.0000000000,0.8816000000,226.8602540835
865,100,0,3,100,100,0,0,103,491,100,100,0.0334949938,18.7452471713,33.3333333333,15.7602744001,1.0000000000,0.8824000000,226.6545784225
866,100,0,3,100,100,0,0,103,491,100,100,0.0307338008,18.7145133705,33.3333333333,15.7602513687,1.0000000000,0.8824000000,226.6545784225
867,100,0,2,100,100,0,0,102,394,100,100,0.0355135776,18.6789997929,50.0000000000,15.8403254179,1.0000000000,0.8816000000,226.8602540835
868,100,0,4,100,100,0,0,104,588,100,100,0.0307893039,18.6482104890,25.0000000000,15.6802399960,1.0000000000,0.8832000000,226.4492753623
869,100,0,6,100,100,0,0,106,782,100,100,0.0314349492,18.6167755398,16.6666666667,15.5202018357,1.0000000000,0.8848000000,226.0397830018
870,100,0,2,100,100,0,0,102,394,100,100,0.0335033986,18.5832721412,50.0000000000,15.8402831722,1.0000000000,0.8816000000,226.8602540835
871,100,0,4,100,100,0,0,104,588,100,100,0.0308414252,18.5524307160,25.0000000000,15.6802129052,1.0000000000,0.8832000000,226.4492753623
872,100,0,4,100,100,0,0,104,588,100,100,0.0320209092,18.5204098068,25.0000000000,15.6802630786,1.0000000000,0.8832000000,226.4492753623
873,100,0,3,100,100,0,0,103,491,100,100,0.0299229450,18.4904868618,33.3333333333,15.7602121167,1.0000000000,0.8824000000,226.6545784225
874,100,0,8,100,100,0,0,107,976,100,100,0.0337441102,18.4567427516,12.5000000000,15.3601944758,1.0000000000,0.8856000000,225.8355916893
875,100,0,3,100,100,0,0,103,491,100,100,0.0299240152,18.4268187364,33.3333333333,15.7602049402,1.0000000000,0.8824000000,226.6545784225
876,100,0,2,100,100,0,0,102,394,100,100,0.0333506673,18.3934680691,50.0000000000,15.8402881965,1.0000000000,0.8816000000,226.8602540835
877,100,0,4,100,100,0,0,104,588,100,100,0.0302423777,18.3632256914,25.0000000000,15.6802321096,1.0000000000,0.8832000000,226.4492753623
878,100,0,7,100,100,0,0,107,879,100,100,0.0334778432,18.3297478482,14.2857142857,15.4402166105,1.0000000000,0.8856000000,225.8355916893
879,100,0,4,100,100,0,0,104,588,100,100,0.0309030015,18.2988448466,25.0000000000,15.6802171416,1.0000000000,0.8832000000,226.4492753623
880,100,0,5,100,100,0,0,105,685,100,100,0.0321102034,18.2667346432,20.0000000000,15.6002373791,1.0000000000,0.8840000000,226.2443438914
881,100,0,7,100,100,0,0,107,879,100,100,0.0325386714,18.2341959719,14.2857142857,15.4401959079,1.0000000000,0.8856000000,225.8355916893
882,100,0,2,100,100,0,0,102,394,100,100,0.0346011914,18.1995947805,50.0000000000,15.8403020149,1.0000000000,0.8816000000,226.8602540835
883,100,0,2,100,100,0,0,102,394,100,100,0.0330079581,18.1665868224,50.0000000000,15.8402810349,1.0000000000,0.8816000000,226.8602540835
884,100,0,3,100,100,0,0,103,491,100,100,0.0339129956,18.1326738268,33.3333333333,15.7602843108,1.0000000000,0.8824000000,226.6545784225
885,100,0,3,100,100,0,0,103,491,100,100,0.0310749079,18.1015989190,33.3333333333,15.7602552628,1.0000000000,0.8824000000,226.6545784225
886,100,0,4,100,100,0,0,104,588,100,100,0.0315126106,18.0700863083,25.0000000000,15.6802355706,1.0000000000,0.8832000000,226.4492753623
887,100,0,4,100,100,0,0,104,588,100,100,0.0309718035,18.0391145048,25.0000000000,15.6802531248,1.0000000000,0.8832000000,226.4492753623
888,100,0,2,100,100,0,0,102,394,100,100,0.0327799700,18.0063345348,50.0000000000,15.8402673054,1.0000000000,0.8816000000,226.8602540835
889,100,0,3,100,100,0,0,103,491,100,100,0.0301675395,17.9761669953,33.3333333333,15.7602349894,1.0000000000,0.8824000000,226.6545784225
890,100,0,4,100,100,0,0,104,588,100,100,0.0319945476,17.9441724477,25.0000000000,15.6802475668,1.0000000000,0.8832000000,226.4492753623
891,100,0,4,100,100,0,0,104,588,100,100,0.0308414112,17.9133310366,25.0000000000,15.6802070298,1.0000000000,0.8832000000,226.4492753623
892,100,0,2,100,100,0,0,102,394,100,100,0.0329306200,17.8804004165,50.0000000000,15.8402834040,1.0000000000,0.8816000000,226.8602540835
893,100,0,6,100,100,0,0,106,782,100,100,0.0315086941,17.8488917225,16.6666666667,15.5201966199,1.0000000000,0.8848000000,226.0397830018
894,100,0,4,100,100,0,0,104,588,100,100,0.0307513537,17.8181403688,25.0000000000,15.6802207994,1.0000000000,0.8832000000,226.4492753623
895,100,0,6,100,100,0,0,106,782,100,100,0.0318072615,17.7863331072,16.6666666667,15.5202192527,1.0000000000,0.8848000000,226.0397830018
896,100,0,2,100,100,0,0,102,394,100,100,0.0406625524,17.7456705548,50.0000000000,15.8403665840,1.0000000000,0.8816000000,226.8602540835
897,100,0,5,100,100,0,0,105,685,100,100,0.0306046328,17.7150659220,20.0000000000,15.6002072339,1.0000000000,0.8840000000,226.2443438914
898,100,0,5,100,100,0,0,105,685,100,100,0.0317326515,17.6833332705,20.0000000000,15.6002124343,1.0000000000,0.8840000000,226.2443438914
899,100,0,7,100,100,0,0,107,879,100,100,0.0322174874,17.6511157831,14.2857142857,15.4401928610,1.0000000000,0.8856000000,225.8355916893
900,100,0,2,100,100,0,0,102,394,100,100,0.0346682495,17.6164475336,50.0000000000,15.8403169313,1.0000000000,0.8816000000,226.8602540835
901,100,0,3,100,100,0,0,103,491,100,100,0.0355455594,17.5809019742,33.3333333333,15.7603177832,1.0000000000,0.8824000000,226.6545784225
902,100,0,3,100,100,0,0,103,491,100,100,0.0306181978,17.5502837763,33.3333333333,15.7602500580,1.0000000000,0.8824000000,226.6545784225
903,100,0,5,100,100,0,0,105,685,100,100,0.0317341765,17.5185495998,20.0000000000,15.6002245757,1.0000000000,0.8840000000,226.2443438914
904,100,0,7,100,100,0,0,107,879,100,100,0.0325514271,17.4859981728,14.2857142857,15.4402005734,1.0000000000,0.8856000000,225.8355916893
905,100,0,4,100,100,0,0,104,588,100,100,0.0311805082,17.4548176646,25.0000000000,15.6802248554,1.0000000000,0.8832000000,226.4492753623
906,100,0,4,100,100,0,0,104,588,100,100,0.0299233848,17.4248942797,25.0000000000,15.6802189306,1.0000000000,0.8832000000,226.4492753623
907,100,0,4,100,100,0,0,103,588,100,100,0.0359071131,17.3889871666,25.0000000000,15.6803038822,1.0000000000,0.8824000000,226.6545784225
908,100,0,5,100,100,0,0,105,685,100,100,0.0326618540,17.3563253126,20.0000000000,15.6002476397,1.0000000000,0.8840000000,226.2443438914
909,100,0,5,100,100,0,0,105,685,100,100,0.0306670853,17.3256582273,20.0000000000,15.6002000666,1.0000000000,0.8840000000,226.2443438914
910,100,0,2,100,100,0,0,102,394,100,100,0.0362215298,17.2894366975,50.0000000000,15.8403275764,1.0000000000,0.8816000000,226.8602540835
911,100,0,3,100,100,0,0,103,491,100,100,0.0312949541,17.2581417433,33.3333333333,15.7602436442,1.0000000000,0.8824000000,226.6545784225
912,100,0,2,100,100,0,0,102,394,100,100,0.0395854787,17.2185562646,50.0000000000,15.8403647458,1.0000000000,0.8816000000,226.8602540835
913,100,0,4,100,100,0,0,104,588,100,100,0.0317154324,17.1868408322,25.0000000000,15.6802128701,1.0000000000,0.8832000000,226.4492753623
914,100,0,4,100,100,0,0,104,588,100,100,0.0311290936,17.1557117386,25.0000000000,15.6802301830,1.0000000000,0.8832000000,226.4492753623
915,100,0,5,100,100,0,0,105,685,100,100,0.0316468472,17.1240648914,20.0000000000,15.6002208028,1.0000000000,0.8840000000,226.2443438914
916,100,0,5,100,100,0,0,105,685,100,100,0.0310721783,17.0929927130,20.0000000000,15.6002073628,1.0000000000,0.8840000000,226.2443438914
917,100,0,3,100,100,0,0,103,491,100,100,0.0348207441,17.0581719689,33.3333333333,15.7602912743,1.0000000000,0.8824000000,226.6545784225
918,100,0,7,100,100,0,0,107,879,100,100,0.0328062736,17.0253656953,14.2857142857,15.4402112637,1.0000000000,0.8856000000,225.8355916893
919,100,0,7,100,100,0,0,107,879,100,100,0.0335489268,16.9918167685,14.2857142857,15.4402024502,1.0000000000,0.8856000000,225.8355916893
920,100,0,2,100,100,0,0,102,394,100,100,0.0336321642,16.9581846042,50.0000000000,15.8402742455,1.0000000000,0.8816000000,226.8602540835
921,100,0,2,100,100,0,0,102,394,100,100,0.0332904817,16.9248941226,50.0000000000,15.8402976784,1.0000000000,0.8816000000,226.8602540835
922,100,0,2,100,100,0,0,102,394,100,100,0.0339551807,16.8909389419,50.0000000000,15.8403034217,1.0000000000,0.8816000000,226.8602540835
923,100,0,8,100,100,0,0,107,976,100,100,0.0337707306,16.8571682113,12.5000000000,15.3601948593,1.0000000000,0.8856000000,225.8355916893
924,100,0,4,100,100,0,0,104,588,100,100,0.0306268798,16.8265413314,25.0000000000,15.6802263737,1.0000000000,0.8832000000,226.4492753623
925,100,0,2,100,100,0,0,102,394,100,100,0.0340277377,16.7925135937,50.0000000000,15.8403022377,1.0000000000,0.8816000000,226.8602540835
926,100,0,4,100,100,0,0,104,588,100,100,0.0303189147,16.7621946790,25.0000000000,15.6802189988,1.0000000000,0.8832000000,226.4492753623
927,100,0,2,100,100,0,0,102,394,100,100,0.0314507638,16.7307439152,50.0000000000,15.8402405802,1.0000000000,0.8816000000,226.8602540835
928,100,0,2,100,100,0,0,102,394,100,100,0.0328225829,16.6979213323,50.0000000000,15.8402599682,1.0000000000,0.8816000000,226.8602540835
929,100,0,3,100,100,0,0,103,491,100,100,0.0330495168,16.6648718155,33.3333333333,15.7602845857,1.0000000000,0.8824000000,226.6545784225
930,100,0,4,100,100,0,0,104,588,100,100,0.0324903819,16.6323814337,25.0000000000,15.6802428033,1.0000000000,0.8832000000,226.4492753623
931,100,0,5,100,100,0,0,105,685,100,100,0.0334164327,16.5989650010,20.0000000000,15.6002655590,1.0000000000,0.8840000000,226.2443438914
932,100,0,6,100,100,0,0,106,782,100,100,0.0320566182,16.5669083828,16.6666666667,15.5201982217,1.0000000000,0.8848000000,226.0397830018
933,100,0,2,100,100,0,0,102,394,100,100,0.0378780250,16.5290303578,50.0000000000,15.8403425353,1.0000000000,0.8816000000,226.8602540835
934,100,0,4,100,100,0,0,104,588,100,100,0.0300572380,16.4989731198,25.0000000000,15.6802115219,1.0000000000,0.8832000000,226.4492753623
935,100,0,5,100,100,0,0,105,685,100,100,0.0314296149,16.4675435049,20.0000000000,15.6002229387,1.0000000000,0.8840000000,226.2443438914
936,100,0,2,100,100,0,0,102,394,100,100,0.0342620484,16.4332814565,50.0000000000,15.8402903067,1.0000000000,0.8816000000,226.8602540835
937,100,0,3,100,100,0,0,103,491,100,100,0.0318774286,16.4014040279,33.3333333333,15.7602462487,1.0000000000,0.8824000000,226.6545784225
938,100,0,3,100,100,0,0,103,491,100,100,0.0313366063,16.3700674216,33.3333333333,15.7602646771,1.0000000000,0.8824000000,226.6545784225
939,100,0,7,100,100,0,0,107,879,100,100,0.0332253073,16.3368421143,14.2857142857,15.4402217754,1.0000000000,0.8856000000,225.8355916893
940,100,0,2,100,100,0,0,102,394,100,100,0.0378895935,16.2989525208,50.0000000000,15.8403419823,1.0000000000,0.8816000000,226.8602540835
941,100,0,2,100,100,0,0,102,394,100,100,0.0349299786,16.2640225423,50.0000000000,15.8403096662,1.0000000000,0.8816000000,226.8602540835
942,100,0,2,100,100,0,0,102,394,100,100,0.0372583933,16.2267641490,50.0000000000,15.8403402108,1.0000000000,0.8816000000,226.8602540835
943,100,0,7,100,100,0,0,107,879,100,100,0.0328248536,16.1939392954,14.2857142857,15.4402002902,1.0000000000,0.8856000000,225.8355916893
944,100,0,5,100,100,0,0,105,685,100,100,0.0327179304,16.1612213650,20.0000000000,15.6002198082,1.0000000000,0.8840000000,226.2443438914
945,100,0,3,100,100,0,0,103,491,100,100,0.0305119330,16.1307094320,33.3333333333,15.7602334826,1.0000000000,0.8824000000,226.6545784225
946,100,0,2,100,100,0,0,102,394,100,100,0.0410291513,16.0896802807,50.0000000000,15.8403814439,1.0000000000,0.8816000000,226.8602540835
947,100,0,6,100,100,0,0,106,782,100,100,0.0311482367,16.0585320440,16.6666666667,15.5201805765,1.0000000000,0.8848000000,226.0397830018
948,100,0,2,100,100,0,0,102,394,100,100,0.0369717622,16.0215602818,50.0000000000,15.8403434126,1.0000000000,0.8816000000,226.8602540835
949,100,0,2,100,100,0,0,102,394,100,100,0.0375169983,15.9840432834,50.0000000000,15.8403561961,1.0000000000,0.8816000000,226.8602540835
950,100,0,4,100,100,0,0,104,588,100,100,0.0299331369,15.9541101466,25.0000000000,15.6802002931,1.0000000000,0.8832000000,226.4492753623
951,100,0,3,100,100,0,0,103,491,100,100,0.0305352476,15.9235748989,33.3333333333,15.7602331392,1.0000000000,0.8824000000,226.6545784225
952,100,0,2,100,100,0,0,102,394,100,100,0.0378113988,15.8857635002,50.0000000000,15.8403529784,1.0000000000,0.8816000000,226.8602540835
953,100,0,3,100,100,0,0,103,491,100,100,0.0344832494,15.8512802508,33.3333333333,15.7602975677,1.0000000000,0.8824000000,226.6545784225
954,100,0,3,100,100,0,0,103,491,100,100,0.0319468206,15.8193334302,33.3333333333,15.7602643968,1.0000000000,0.8824000000,226.6545784225
955,100,0,5,100,100,0,0,105,685,100,100,0.0331641395,15.7861692907,20.0000000000,15.6002387732,1.0000000000,0.8840000000,226.2443438914
956,100,0,4,100,100,0,0,104,588,100,100,0.0326836824,15.7534856082,25.0000000000,15.6802604077,1.0000000000,0.8832000000,226.4492753623
957,100,0,2,100,100,0,0,102,394,100,100,0.0362215298,15.7172640784,50.0000000000,15.8403275764,1.0000000000,0.8816000000,226.8602540835
958,100,0,5,100,100,0,0,105,685,100,100,0.0313506991,15.6859133793,20.0000000000,15.6002042102,1.0000000000,0.8840000000,226.2443438914
959,100,0,12,100,100,0,0,112,1364,100,100,0.0372881329,15.6486252464,8.3333333333,15.0401859400,1.0000000000,0.8896000000,224.8201438849
960,100,0,2,100,100,0,0,102,394,100,100,0.0357200560,15.6129051904,50.0000000000,15.8403180609,1.0000000000,0.8816000000,226.8602540835
961,100,0,3,100,100,0,0,103,491,100,100,0.0310034602,15.5819017302,33.3333333333,15.7602668895,1.0000000000,0.8824000000,226.6545784225
962,100,0,2,100,100,0,0,102,394,100,100,0.0393675869,15.5425341433,50.0000000000,15.8403470152,1.0000000000,0.8816000000,226.8602540835
963,100,0,3,100,100,0,0,103,491,100,100,0.0309525052,15.5115816381,33.3333333333,15.7602466078,1.0000000000,0.8824000000,226.6545784225
964,100,0,4,100,100,0,0,104,588,100,100,0.0305122017,15.4810694364,25.0000000000,15.6802074584,1.0000000000,0.8832000000,226.4492753623
965,100,0,3,100,100,0,0,103,491,100,100,0.0323524490,15.4487169873,33.3333333333,15.7602521069,1.0000000000,0.8824000000,226.6545784225
966,100,0,4,100,100,0,0,104,588,100,100,0.0322082924,15.4165086949,25.0000000000,15.6802318660,1.0000000000,0.8832000000,226.4492753623
967,100,0,3,100,100,0,0,103,491,100,100,0.0374520035,15.3790566914,33.3333333333,15.7603258776,1.0000000000,0.8824000000,226.6545784225
968,100,0,6,100,100,0,0,106,782,100,100,0.0321902070,15.3468664844,16.6666666667,15.5202094972,1.0000000000,0.8848000000,226.0397830018
969,100,0,5,100,100,0,0,105,685,100,100,0.0306020343,15.3162644501,20.0000000000,15.6001910813,1.0000000000,0.8840000000,226.2443438914
970,100,0,2,100,100,0,0,102,394,100,100,0.0361106708,15.2801537793,50.0000000000,15.8403208159,1.0000000000,0.8816000000,226.8602540835
971,100,0,3,100,100,0,0,103,491,100,100,0.0309474737,15.2492063056,33.3333333333,15.7602520120,1.0000000000,0.8824000000,226.6545784225
972,100,0,3,100,100,0,0,103,491,100,100,0.0317911067,15.2174151988,33.3333333333,15.7602717810,1.0000000000,0.8824000000,226.6545784225
973,100,0,2,100,100,0,0,102,394,100,100,0.0340146670,15.1834005318,50.0000000000,15.8403045221,1.0000000000,0.8816000000,226.8602540835
974,100,0,2,100,100,0,0,102,394,100,100,0.0342522152,15.1491483166,50.0000000000,15.8403019323,1.0000000000,0.8816000000,226.8602540835
975,100,0,3,100,100,0,0,103,491,100,100,0.0305626776,15.1185856390,33.3333333333,15.7602484794,1.0000000000,0.8824000000,226.6545784225
976,100,0,2,100,100,0,0,102,394,100,100,0.0323844608,15.0862011782,50.0000000000,15.8402497862,1.0000000000,0.8816000000,226.8602540835
977,100,0,4,100,100,0,0,104,588,100,100,0.0311244308,15.0550767474,25.0000000000,15.6802282969,1.0000000000,0.8832000000,226.4492753623
978,100,0,3,100,100,0,0,103,491,100,100,0.0307601178,15.0243166296,33.3333333333,15.7602393283,1.0000000000,0.8824000000,226.6545784225
979,100,0,4,100,100,0,0,104,588,100,100,0.0339167805,14.9903998491,25.0000000000,15.6802553218,1.0000000000,0.8832000000,226.4492753623
980,100,0,3,100,100,0,0,103,491,100,100,0.0312899615,14.9591098877,33.3333333333,15.7602482101,1.0000000000,0.8824000000,226.6545784225
981,100,0,3,100,100,0,0,103,491,100,100,0.0359162687,14.9231936189,33.3333333333,15.7603161045,1.0000000000,0.8824000000,226.6545784225
982,100,0,4,100,100,0,0,104,588,100,100,0.0309759027,14.8922177162,25.0000000000,15.6802512952,1.0000000000,0.8832000000,226.4492753623
983,100,0,4,100,100,0,0,104,588,100,100,0.0307960074,14.8614217087,25.0000000000,15.6802194695,1.0000000000,0.8832000000,226.4492753623
984,100,0,4,100,100,0,0,104,588,100,100,0.0312741117,14.8301475970,25.0000000000,15.6802209913,1.0000000000,0.8832000000,226.4492753623
985,100,0,3,100,100,0,0,103,491,100,100,0.0328133402,14.7973342568,33.3333333333,15.7602508146,1.0000000000,0.8824000000,226.6545784225
986,100,0,4,100,100,0,0,104,588,100,100,0.0316781571,14.7656560997,25.0000000000,15.6802353550,1.0000000000,0.8832000000,226.4492753623
987,100,0,4,100,100,0,0,104,588,100,100,0.0340726165,14.7315834833,25.0000000000,15.6802707573,1.0000000000,0.8832000000,226.4492753623
988,100,0,3,100,100,0,0,103,491,100,100,0.0310243077,14.7005591756,33.3333333333,15.7602594072,1.0000000000,0.8824000000,226.6545784225
989,100,0,4,100,100,0,0,104,588,100,100,0.0302167466,14.6703424290,25.0000000000,15.6802143478,1.0000000000,0.8832000000,226.4492753623
990,100,0,3,100,100,0,0,103,491,100,100,0.0303151140,14.6400273150,33.3333333333,15.7602377319,1.0000000000,0.8824000000,226.6545784225
991,100,0,2,100,100,0,0,102,394,100,100,0.0374217579,14.6026055570,50.0000000000,15.8403520905,1.0000000000,0.8816000000,226.8602540835
992,100,0,4,100,100,0,0,104,588,100,100,0.0300019585,14.5726035985,25.0000000000,15.6802038772,1.0000000000,0.8832000000,226.4492753623
993,100,0,2,100,100,0,0,102,394,100,100,0.0347380019,14.5378655966,50.0000000000,15.8402988457,1.0000000000,0.8816000000,226.8602540835
994,100,0,3,100,100,0,0,103,491,100,100,0.0317028729,14.5061627237,33.3333333333,15.7602795133,1.0000000000,0.8824000000,226.6545784225
995,100,0,3,100,100,0,0,103,491,100,100,0.0324370552,14.4737256684,33.3333333333,15.7602411433,1.0000000000,0.8824000000,226.6545784225
996,100,0,2,100,100,0,0,102,394,100,100,0.0405951291,14.4331305393,50.0000000000,15.8403594659,1.0000000000,0.8816000000,226.8602540835
997,100,0,3,100,100,0,0,103,491,100,100,0.0310715030,14.4020590364,33.3333333333,15.7602244738,1.0000000000,0.8824000000,226.6545784225
998,100,0,4,100,100,0,0,104,588,100,100,0.0307985967,14.3712604397,25.0000000000,15.6802219400,1.0000000000,0.8832000000,226.4492753623
999,100,0,4,100,100,0,0,104,588,100,100,0.0339821497,14.3372782900,25.0000000000,15.6802614728,1.0000000000,0.8832000000,226.4492753623
1000,100,0,3,100,100,0,0,103,491,100,100,0.0305985596,14.3066797305,33.3333333333,15.7602475257,1.0000000000,0.8824000000,226.6545784225
1001,100,0,3,100,100,0,0,103,491,100,100,0.0308607746,14.2758189558,33.3333333333,15.7602670732,1.0000000000,0.8824000000,226.6545784225
1002,100,0,3,100,100,0,0,103,491,100,100,0.0324613273,14.2433576285,33.3333333333,15.7602591486,1.0000000000,0.8824000000,226.6545784225
1003,100,0,3,100,100,0,0,103,491,100,100,0.0310961996,14.2122614289,33.3333333333,15.7602403374,1.0000000000,0.8824000000,226.6545784225
1004,100,0,3,100,100,0,0,103,491,100,100,0.0301618453,14.1820995836,33.3333333333,15.7602324145,1.0000000000,0.8824000000,226.6545784225
1005,100,0,2,100,100,0,0,102,394,100,100,0.0326069332,14.1494926504,50.0000000000,15.8402775558,1.0000000000,0.8816000000,226.8602540835
1006,100,0,5,100,100,0,0,105,685,100,100,0.0331069354,14.1163857150,20.0000000000,15.6002441896,1.0000000000,0.8840000000,226.2443438914
1007,100,0,6,100,100,0,0,106,782,100,100,0.0318451369,14.0845405781,16.6666666667,15.5202033921,1.0000000000,0.8848000000,226.0397830018
1008,100,0,2,100,100,0,0,102,394,100,100,0.0342592620,14.0502813162,50.0000000000,15.8403129625,1.0000000000,0.8816000000,226.8602540835
1009,100,0,2,100,100,0,0,102,394,100,100,0.0371388790,14.0131424372,50.0000000000,15.8403364135,1.0000000000,0.8816000000,226.8602540835
1010,100,0,2,100,100,0,0,102,394,100,100,0.0398948403,13.9732475969,50.0000000000,15.8403756590,1.0000000000,0.8816000000,226.8602540835
1011,100,0,2,100,100,0,0,102,394,100,100,0.0343613328,13.9388862641,50.0000000000,15.8402911626,1.0000000000,0.8816000000,226.8602540835
1012,100,0,4,100,100,0,0,104,588,100,100,0.0302757414,13.9086105227,25.0000000000,15.6802344386,1.0000000000,0.8832000000,226.4492753623
1013,100,0,4,100,100,0,0,104,588,100,100,0.0313041208,13.8773064019,25.0000000000,15.6802416213,1.0000000000,0.8832000000,226.4492753623
1014,100,0,5,100,100,0,0,105,685,100,100,0.0321856180,13.8451207839,20.0000000000,15.6002175923,1.0000000000,0.8840000000,226.2443438914
1015,100,0,2,100,100,0,0,102,394,100,100,0.0325215069,13.8125992770,50.0000000000,15.8402684548,1.0000000000,0.8816000000,226.8602540835
1016,100,0,3,100,100,0,0,103,491,100,100,0.0312675791,13.7813316978,33.3333333333,15.7602342017,1.0000000000,0.8824000000,226.6545784225
1017,100,0,3,100,100,0,0,103,491,100,100,0.0313301574,13.7500015404,33.3333333333,15.7602468645,1.0000000000,0.8824000000,226.6545784225
1018,100,0,8,100,100,0,0,108,976,100,100,0.0330435576,13.7169579828,12.5000000000,15.3601752517,1.0000000000,0.8864000000,225.6317689531
1019,100,0,5,100,100,0,0,105,685,100,100,0.0312122939,13.6857456889,20.0000000000,15.6002090459,1.0000000000,0.8840000000,226.2443438914
1020,100,0,3,100,100,0,0,103,491,100,100,0.0336645440,13.6520811448,33.3333333333,15.7602837085,1.0000000000,0.8824000000,226.6545784225
1021,100,0,2,100,100,0,0,102,394,100,100,0.0339683264,13.6181128184,50.0000000000,15.8402898896,1.0000000000,0.8816000000,226.8602540835
1022,100,0,2,100,100,0,0,102,394,100,100,0.0357185538,13.5823942646,50.0000000000,15.8403197921,1.0000000000,0.8816000000,226.8602540835
1023,100,0,5,100,100,0,0,105,685,100,100,0.0319598415,13.5504344231,20.0000000000,15.6002390632,1.0000000000,0.8840000000,226.2443438914
1024,100,0,2,100,100,0,0,102,394,100,100,0.0365477023,13.5138867208,50.0000000000,15.8403273028,1.0000000000,0.8816000000,226.8602540835
1025,100,0,2,100,100,0,0,102,394,100,100,0.0329728020,13.4809139188,50.0000000000,15.8402571315,1.0000000000,0.8816000000,226.8602540835
1026,100,0,2,100,100,0,0,102,394,100,100,0.0374503699,13.4434635489,50.0000000000,15.8403510313,1.0000000000,0.8816000000,226.8602540835
1027,100,0,2,100,100,0,0,102,394,100,100,0.0353784618,13.4080850872,50.0000000000,15.8403122964,1.0000000000,0.8816000000,226.8602540835
1028,100,0,5,100,100,0,0,105,685,100,100,0.0316302438,13.3764548434,20.0000000000,15.6002080968,1.0000000000,0.8840000000,226.2443438914
1029,100,0,2,100,100,0,0,102,394,100,100,0.0403552949,13.3360995484,50.0000000000,15.8403734061,1.0000000000,0.8816000000,226.8602540835
1030,100,0,2,100,100,0,0,102,394,100,100,0.0350559860,13.3010435625,50.0000000000,15.8403144839,1.0000000000,0.8816000000,226.8602540835
1031,100,0,3,100,100,0,0,103,491,100,100,0.0328025959,13.2682409666,33.3333333333,15.7602612034,1.0000000000,0.8824000000,226.6545784225
1032,100,0,2,100,100,0,0,102,394,100,100,0.0363881523,13.2318528143,50.0000000000,15.8403370053,1.0000000000,0.8816000000,226.8602540835
1033,100,0,2,100,100,0,0,102,394,100,100,0.0366178008,13.1952350135,50.0000000000,15.8403355596,1.0000000000,0.8816000000,226.8602540835
1034,100,0,2,100,100,0,0,102,394,100,100,0.0341510701,13.1610839434,50.0000000000,15.8403036725,1.0000000000,0.8816000000,226.8602540835
1035,100,0,2,100,100,0,0,102,394,100,100,0.0321062025,13.1289777409,50.0000000000,15.8402475324,1.0000000000,0.8816000000,226.8602540835
1036,100,0,3,100,100,0,0,103,491,100,100,0.0318785212,13.0970992198,33.3333333333,15.7602766374,1.0000000000,0.8824000000,226.6545784225
1037,100,0,2,100,100,0,0,102,394,100,100,0.0338978206,13.0632013992,50.0000000000,15.8402972017,1.0000000000,0.8816000000,226.8602540835
1038,100,0,5,100,100,0,0,105,685,100,100,0.0326936290,13.0305077702,20.0000000000,15.6002399061,1.0000000000,0.8840000000,226.2443438914
1039,100,0,2,100,100,0,0,102,394,100,100,0.0372435587,12.9932642116,50.0000000000,15.8403416999,1.0000000000,0.8816000000,226.8602540835
1040,100,0,2,100,100,0,0,102,394,100,100,0.0409438881,12.9523203235,50.0000000000,15.8403785715,1.0000000000,0.8816000000,226.8602540835
1041,100,0,3,100,100,0,0,103,491,100,100,0.0312353601,12.9210849634,33.3333333333,15.7602403636,1.0000000000,0.8824000000,226.6545784225
1042,100,0,2,100,100,0,0,102,394,100,100,0.0346911631,12.8863938004,50.0000000000,15.8403064589,1.0000000000,0.8816000000,226.8602540835
1043,100,0,4,100,100,0,0,104,588,100,100,0.0322574214,12.8541363790,25.0000000000,15.6802582312,1.0000000000,0.8832000000,226.4492753623
1044,100,0,2,100,100,0,0,102,394,100,100,0.0325819037,12.8215544753,50.0000000000,15.8402674088,1.0000000000,0.8816000000,226.8602540835
1045,100,0,4,100,100,0,0,104,588,100,100,0.0303193857,12.7912350896,25.0000000000,15.6802209996,1.0000000000,0.8832000000,226.4492753623
1046,100,0,2,100,100,0,0,102,394,100,100,0.0376157526,12.7536193370,50.0000000000,15.8403426592,1.0000000000,0.8816000000,226.8602540835
1047,100,0,2,100,100,0,0,102,394,100,100,0.0372068722,12.7164124648,50.0000000000,15.8403540151,1.0000000000,0.8816000000,226.8602540835
1048,100,0,2,100,100,0,0,102,394,100,100,0.0370898563,12.6793226085,50.0000000000,15.8403258166,1.0000000000,0.8816000000,226.8602540835
1049,100,0,2,100,100,0,0,102,394,100,100,0.0365844709,12.6427381376,50.0000000000,15.8403268664,1.0000000000,0.8816000000,226.8602540835
1050,100,0,2,100,100,0,0,102,394,100,100,0.0397721967,12.6029659409,50.0000000000,15.8403741123,1.0000000000,0.8816000000,226.8602540835
1051,100,0,2,100,100,0,0,102,394,100,100,0.0356796169,12.5672863240,50.0000000000,15.8403319802,1.0000000000,0.8816000000,226.8602540835
1052,100,0,4,100,100,0,0,104,588,100,100,0.0303422369,12.5369440871,25.0000000000,15.6802100483,1.0000000000,0.8832000000,226.4492753623
1053,100,0,2,100,100,0,0,102,394,100,100,0.0324521317,12.5044919554,50.0000000000,15.8402568444,1.0000000000,0.8816000000,226.8602540835
1054,100,0,2,100,100,0,0,102,394,100,100,0.0367647173,12.4677272382,50.0000000000,15.8403310141,1.0000000000,0.8816000000,226.8602540835
1055,100,0,3,100,100,0,0,103,491,100,100,0.0301741316,12.4375531065,33.3333333333,15.7602244135,1.0000000000,0.8824000000,226.6545784225
1056,100,0,3,100,100,0,0,103,491,100,100,0.0300369756,12.4075161309,33.3333333333,15.7602220705,1.0000000000,0.8824000000,226.6545784225
1057,100,0,2,100,100,0,0,102,394,100,100,0.0354502241,12.3720659068,50.0000000000,15.8402954385,1.0000000000,0.8816000000,226.8602540835
1058,100,0,3,100,100,0,0,103,491,100,100,0.0351180150,12.3369478918,33.3333333333,15.7602900581,1.0000000000,0.8824000000,226.6545784225
1059,100,0,2,100,100,0,0,102,394,100,100,0.0353437473,12.3016041445,50.0000000000,15.8403183525,1.0000000000,0.8816000000,226.8602540835
1060,100,0,5,100,100,0,0,105,685,100,100,0.0324323193,12.2691718252,20.0000000000,15.6002353378,1.0000000000,0.8840000000,226.2443438914
1061,100,0,4,100,100,0,0,104,588,100,100,0.0316332489,12.2375385763,25.0000000000,15.6802563118,1.0000000000,0.8832000000,226.4492753623
1062,100,0,2,100,100,0,0,102,394,100,100,0.0375992036,12.1999393727,50.0000000000,15.8403561875,1.0000000000,0.8816000000,226.8602540835
1063,100,0,3,100,100,0,0,103,491,100,100,0.0312797099,12.1686596628,33.3333333333,15.7602486728,1.0000000000,0.8824000000,226.6545784225
1064,100,0,2,100,100,0,0,102,394,100,100,0.0346313477,12.1340283152,50.0000000000,15.8403102788,1.0000000000,0.8816000000,226.8602540835
1065,100,0,2,100,100,0,0,102,394,100,100,0.0348954762,12.0991328389,50.0000000000,15.8403182188,1.0000000000,0.8816000000,226.8602540835
1066,100,0,2,100,100,0,0,102,394,100,100,0.0356057240,12.0635271149,50.0000000000,15.8403104092,1.0000000000,0.8816000000,226.8602540835
1067,100,0,3,100,100,0,0,103,491,100,100,0.0311144622,12.0324126528,33.3333333333,15.7602356676,1.0000000000,0.8824000000,226.6545784225
1068,100,0,2,100,100,0,0,102,394,100,100,0.0329613219,11.9994513309,50.0000000000,15.8402835652,1.0000000000,0.8816000000,226.8602540835
1069,100,0,2,100,100,0,0,102,394,100,100,0.0342466040,11.9652047269,50.0000000000,15.8403005150,1.0000000000,0.8816000000,226.8602540835
1070,100,0,2,100,100,0,0,102,394,100,100,0.0342592620,11.9309454650,50.0000000000,15.8403129625,1.0000000000,0.8816000000,226.8602540835
1071,100,0,2,100,100,0,0,102,394,100,100,0.0335834137,11.8973620512,50.0000000000,15.8402824347,1.0000000000,0.8816000000,226.8602540835
1072,100,0,2,100,100,0,0,102,394,100,100,0.0370804383,11.8602816129,50.0000000000,15.8403301478,1.0000000000,0.8816000000,226.8602540835
1073,100,0,3,100,100,0,0,103,491,100,100,0.0329017808,11.8273798321,33.3333333333,15.7602645461,1.0000000000,0.8824000000,226.6545784225
1074,100,0,2,100,100,0,0,102,394,100,100,0.0354956964,11.7918841357,50.0000000000,15.8403206772,1.0000000000,0.8816000000,226.8602540835
1075,100,0,2,100,100,0,0,102,394,100,100,0.0358581494,11.7560259863,50.0000000000,15.8403327712,1.0000000000,0.8816000000,226.8602540835
1076,100,0,2,100,100,0,0,102,394,100,100,0.0378011752,11.7182248110,50.0000000000,15.8403522310,1.0000000000,0.8816000000,226.8602540835
1077,100,0,2,100,100,0,0,102,394,100,100,0.0320657489,11.6861590621,50.0000000000,15.8402634806,1.0000000000,0.8816000000,226.8602540835
1078,100,0,4,100,100,0,0,104,588,100,100,0.0312415560,11.6549175061,25.0000000000,15.6802350069,1.0000000000,0.8832000000,226.4492753623
1079,100,0,5,100,100,0,0,105,685,100,100,0.0315947111,11.6233227950,20.0000000000,15.6002108844,1.0000000000,0.8840000000,226.2443438914
1080,100,0,2,100,100,0,0,102,394,100,100,0.0340380891,11.5892847058,50.0000000000,15.8402942870,1.0000000000,0.8816000000,226.8602540835
1081,100,0,2,100,100,0,0,102,394,100,100,0.0365426743,11.5527420316,50.0000000000,15.8403346407,1.0000000000,0.8816000000,226.8602540835
1082,100,0,2,100,100,0,0,102,394,100,100,0.0374629400,11.5152790915,50.0000000000,15.8403535000,1.0000000000,0.8816000000,226.8602540835
1083,100,0,2,100,100,0,0,102,394,100,100,0.0398870082,11.4753920833,50.0000000000,15.8403465474,1.0000000000,0.8816000000,226.8602540835
1084,100,0,3,100,100,0,0,103,491,100,100,0.0324917413,11.4429003421,33.3333333333,15.7602645783,1.0000000000,0.8824000000,226.6545784225
1085,100,0,2,100,100,0,0,102,394,100,100,0.0325658032,11.4103345388,50.0000000000,15.8402580338,1.0000000000,0.8816000000,226.8602540835
1086,100,0,2,100,100,0,0,102,394,100,100,0.0382518497,11.3720826891,50.0000000000,15.8403522368,1.0000000000,0.8816000000,226.8602540835
1087,100,0,3,100,100,0,0,103,491,100,100,0.0325914143,11.3394912748,33.3333333333,15.7602522617,1.0000000000,0.8824000000,226.6545784225
1088,100,0,4,100,100,0,0,103,588,100,100,0.0311304908,11.3083607840,25.0000000000,15.6802237810,1.0000000000,0.8824000000,226.6545784225
1089,100,0,4,100,100,0,0,104,588,100,100,0.0313237480,11.2770370359,25.0000000000,15.6802301742,1.0000000000,0.8832000000,226.4492753623
1090,100,0,3,100,100,0,0,103,491,100,100,0.0315131998,11.2455238361,33.3333333333,15.7602474454,1.0000000000,0.8824000000,226.6545784225
1091,100,0,2,100,100,0,0,102,394,100,100,0.0345048848,11.2110189513,50.0000000000,15.8403050515,1.0000000000,0.8816000000,226.8602540835
1092,100,0,2,100,100,0,0,102,394,100,100,0.0405880541,11.1704308972,50.0000000000,15.8403610429,1.0000000000,0.8816000000,226.8602540835
1093,100,0,2,100,100,0,0,102,394,100,100,0.0326069332,11.1378239640,50.0000000000,15.8402775558,1.0000000000,0.8816000000,226.8602540835
1094,100,0,2,100,100,0,0,102,394,100,100,0.0367556559,11.1010683080,50.0000000000,15.8403430169,1.0000000000,0.8816000000,226.8602540835
1095,100,0,2,100,100,0,0,102,394,100,100,0.0362853679,11.0647829401,50.0000000000,15.8403333297,1.0000000000,0.8816000000,226.8602540835
1096,100,0,2,100,100,0,0,102,394,100,100,0.0355901389,11.0291928012,50.0000000000,15.8403130248,1.0000000000,0.8816000000,226.8602540835
1097,100,0,3,100,100,0,0,103,491,100,100,0.0353143511,10.9938784501,33.3333333333,15.7602980937,1.0000000000,0.8824000000,226.6545784225
1098,100,0,2,100,100,0,0,102,394,100,100,0.0335001417,10.9603783085,50.0000000000,15.8402781031,1.0000000000,0.8816000000,226.8602540835
1099,100,0,3,100,100,0,0,103,491,100,100,0.0401887685,10.9201895399,33.3333333333,15.7603471273,1.0000000000,0.8824000000,226.6545784225
1100,100,0,2,100,100,0,0,102,394,100,100,0.0344870809,10.8857024591,50.0000000000,15.8403051159,1.0000000000,0.8816000000,226.8602540835
1101,100,0,2,100,100,0,0,102,394,100,100,0.0371310737,10.8485713854,50.0000000000,15.8403282119,1.0000000000,0.8816000000,226.8602540835
1102,100,0,3,100,100,0,0,103,491,100,100,0.0305626111,10.8180087742,33.3333333333,15.7602461680,1.0000000000,0.8824000000,226.6545784225
1103,100,0,2,100,100,0,0,102,394,100,100,0.0374704147,10.7805383595,50.0000000000,15.8403516487,1.0000000000,0.8816000000,226.8602540835
1104,100,0,2,100,100,0,0,102,394,100,100,0.0356229676,10.7449153920,50.0000000000,15.8403224462,1.0000000000,0.8816000000,226.8602540835
1105,100,0,3,100,100,0,0,103,491,100,100,0.0308409119,10.7140744801,33.3333333333,15.7602361601,1.0000000000,0.8824000000,226.6545784225
1106,100,0,3,100,100,0,0,103,491,100,100,0.0320050909,10.6820693892,33.3333333333,15.7602591993,1.0000000000,0.8824000000,226.6545784225
1107,100,0,2,100,100,0,0,102,394,100,100,0.0331704797,10.6488989095,50.0000000000,15.8402946179,1.0000000000,0.8816000000,226.8602540835
1108,100,0,3,100,100,0,0,103,491,100,100,0.0328303257,10.6160685837,33.3333333333,15.7602701360,1.0000000000,0.8824000000,226.6545784225
1109,100,0,2,100,100,0,0,102,394,100,100,0.0343101573,10.5817584265,50.0000000000,15.8402893013,1.0000000000,0.8816000000,226.8602540835
1110,100,0,2,100,100,0,0,102,394,100,100,0.0329453904,10.5488130361,50.0000000000,15.8402685033,1.0000000000,0.8816000000,226.8602540835
1111,100,0,2,100,100,0,0,102,394,100,100,0.0362193115,10.5125937246,50.0000000000,15.8403303293,1.0000000000,0.8816000000,226.8602540835
1112,100,0,2,100,100,0,0,102,394,100,100,0.0343445252,10.4782491994,50.0000000000,15.8403158349,1.0000000000,0.8816000000,226.8602540835
1113,100,0,2,100,100,0,0,102,394,100,100,0.0381798679,10.4400693314,50.0000000000,15.8403529928,1.0000000000,0.8816000000,226.8602540835
1114,100,0,5,100,100,0,0,105,685,100,100,0.0312749197,10.4087944117,20.0000000000,15.6001976655,1.0000000000,0.8840000000,226.2443438914
1115,100,0,2,100,100,0,0,102,394,100,100,0.0346356937,10.3741587180,50.0000000000,15.8402934624,1.0000000000,0.8816000000,226.8602540835
1116,100,0,2,100,100,0,0,102,394,100,100,0.0355202286,10.3386384894,50.0000000000,15.8403168019,1.0000000000,0.8816000000,226.8602540835
1117,100,0,3,100,100,0,0,103,491,100,100,0.0306844232,10.3079540662,33.3333333333,15.7602309659,1.0000000000,0.8824000000,226.6545784225
1118,100,0,3,100,100,0,0,103,491,100,100,0.0342829576,10.2736711086,33.3333333333,15.7602830684,1.0000000000,0.8824000000,226.6545784225
1119,100,0,5,100,100,0,0,105,685,100,100,0.0312595797,10.2424115289,20.0000000000,15.6002347371,1.0000000000,0.8840000000,226.2443438914
1120,100,0,2,100,100,0,0,102,394,100,100,0.0341020041,10.2083095249,50.0000000000,15.8402870182,1.0000000000,0.8816000000,226.8602540835
1121,100,0,2,100,100,0,0,102,394,100,100,0.0371103440,10.1711991809,50.0000000000,15.8403306734,1.0000000000,0.8816000000,226.8602540835
1122,100,0,2,100,100,0,0,102,394,100,100,0.0341306097,10.1370685712,50.0000000000,15.8403090233,1.0000000000,0.8816000000,226.8602540835
1123,100,0,2,100,100,0,0,102,394,100,100,0.0335855679,10.1034830032,50.0000000000,15.8402872040,1.0000000000,0.8816000000,226.8602540835
1124,100,0,2,100,100,0,0,102,394,100,100,0.0338994414,10.0695835619,50.0000000000,15.8402995027,1.0000000000,0.8816000000,226.8602540835
1125,100,0,2,100,100,0,0,102,394,100,100,0.0343554649,10.0352280970,50.0000000000,15.8403007286,1.0000000000,0.8816000000,226.8602540835
1126,100,0,2,100,100,0,0,102,394,100,100,0.0353054726,9.9999226243,50.0000000000,15.8403145016,1.0000000000,0.8816000000,226.8602540835
1127,100,0,2,100,100,0,0,102,394,100,100,0.0341134756,9.9658091487,50.0000000000,15.8403069753,1.0000000000,0.8816000000,226.8602540835
1128,100,0,2,100,100,0,0,102,394,100,100,0.0341219433,9.9316872054,50.0000000000,15.8402894503,1.0000000000,0.8816000000,226.8602540835
1129,100,0,2,100,100,0,0,102,394,100,100,0.0342106052,9.8974766002,50.0000000000,15.8403134044,1.0000000000,0.8816000000,226.8602540835
1130,100,0,3,100,100,0,0,103,491,100,100,0.0333403854,9.8641362148,33.3333333333,15.7602660821,1.0000000000,0.8824000000,226.6545784225
1131,100,0,2,100,100,0,0,102,394,100,100,0.0365934642,9.8275427506,50.0000000000,15.8403313566,1.0000000000,0.8816000000,226.8602540835
1132,100,0,2,100,100,0,0,102,394,100,100,0.0358390854,9.7917036652,50.0000000000,15.8403234742,1.0000000000,0.8816000000,226.8602540835
1133,100,0,6,100,100,0,0,106,782,100,100,0.0330239875,9.7586796776,16.6666666667,15.5202399991,1.0000000000,0.8848000000,226.0397830018
1134,100,0,2,100,100,0,0,102,394,100,100,0.0317191285,9.7269605492,50.0000000000,15.8402534949,1.0000000000,0.8816000000,226.8602540835
1135,100,0,2,100,100,0,0,102,394,100,100,0.0344992756,9.6924612736,50.0000000000,15.8403031664,1.0000000000,0.8816000000,226.8602540835
1136,100,0,2,100,100,0,0,102,394,100,100,0.0325959077,9.6598653659,50.0000000000,15.8402730434,1.0000000000,0.8816000000,226.8602540835
1137,100,0,2,100,100,0,0,102,394,100,100,0.0373315757,9.6225337902,50.0000000000,15.8403466243,1.0000000000,0.8816000000,226.8602540835
1138,100,0,2,100,100,0,0,102,394,100,100,0.0347994858,9.5877343044,50.0000000000,15.8403196691,1.0000000000,0.8816000000,226.8602540835
1139,100,0,6,100,100,0,0,105,782,100,100,0.0403550968,9.5473792076,16.6666666667,15.5203168962,1.0000000000,0.8840000000,226.2443438914
1140,100,0,2,100,100,0,0,102,394,100,100,0.0398870082,9.5074921994,50.0000000000,15.8403465474,1.0000000000,0.8816000000,226.8602540835
1141,100,0,2,100,100,0,0,102,394,100,100,0.0322825592,9.4752096402,50.0000000000,15.8402649103,1.0000000000,0.8816000000,226.8602540835
1142,100,0,2,100,100,0,0,102,394,100,100,0.0358581494,9.4393514908,50.0000000000,15.8403327712,1.0000000000,0.8816000000,226.8602540835
1143,100,0,3,100,100,0,0,103,491,100,100,0.0331113803,9.4062401104,33.3333333333,15.7602625888,1.0000000000,0.8824000000,226.6545784225
1144,100,0,2,100,100,0,0,102,394,100,100,0.0335227193,9.3727173912,50.0000000000,15.8402818401,1.0000000000,0.8816000000,226.8602540835
1145,100,0,2,100,100,0,0,102,394,100,100,0.0343948760,9.3383225151,50.0000000000,15.8402925720,1.0000000000,0.8816000000,226.8602540835
1146,100,0,2,100,100,0,0,102,394,100,100,0.0376168209,9.3007056943,50.0000000000,15.8403398837,1.0000000000,0.8816000000,226.8602540835
1147,100,0,2,100,100,0,0,102,394,100,100,0.0323787767,9.2683269175,50.0000000000,15.8402415079,1.0000000000,0.8816000000,226.8602540835
1148,100,0,2,100,100,0,0,102,394,100,100,0.0370898563,9.2312370612,50.0000000000,15.8403258166,1.0000000000,0.8816000000,226.8602540835
1149,100,0,2,100,100,0,0,102,394,100,100,0.0331704797,9.1980665815,50.0000000000,15.8402946179,1.0000000000,0.8816000000,226.8602540835
1150,100,0,2,100,100,0,0,102,394,100,100,0.0342444584,9.1638221230,50.0000000000,15.8402878256,1.0000000000,0.8816000000,226.8602540835
1151,100,0,4,100,100,0,0,104,588,100,100,0.0316394208,9.1321827022,25.0000000000,15.6802618583,1.0000000000,0.8832000000,226.4492753623
1152,100,0,2,100,100,0,0,102,394,100,100,0.0353558376,9.0968268646,50.0000000000,15.8403099311,1.0000000000,0.8816000000,226.8602540835
1153,100,0,2,100,100,0,0,102,394,100,100,0.0344295129,9.0623973517,50.0000000000,15.8402987691,1.0000000000,0.8816000000,226.8602540835
1154,100,0,2,100,100,0,0,102,394,100,100,0.0366284724,9.0257688793,50.0000000000,15.8403484966,1.0000000000,0.8816000000,226.8602540835
1155,100,0,2,100,100,0,0,102,394,100,100,0.0395975556,8.9861713238,50.0000000000,15.8403613487,1.0000000000,0.8816000000,226.8602540835
1156,100,0,2,100,100,0,0,102,394,100,100,0.0407123638,8.9454589600,50.0000000000,15.8403678467,1.0000000000,0.8816000000,226.8602540835
1157,100,0,2,100,100,0,0,102,394,100,100,0.0366056341,8.9088533259,50.0000000000,15.8403335257,1.0000000000,0.8816000000,226.8602540835
1158,100,0,2,100,100,0,0,102,394,100,100,0.0358890933,8.8729642326,50.0000000000,15.8403337407,1.0000000000,0.8816000000,226.8602540835
1159,100,0,3,100,100,0,0,103,491,100,100,0.0359198298,8.8370444028,33.3333333333,15.7603095796,1.0000000000,0.8824000000,226.6545784225
1160,100,0,2,100,100,0,0,102,394,100,100,0.0346083930,8.8024360098,50.0000000000,15.8402900313,1.0000000000,0.8816000000,226.8602540835
1161,100,0,3,100,100,0,0,103,491,100,100,0.0315896248,8.7708463850,33.3333333333,15.7602636804,1.0000000000,0.8824000000,226.6545784225
1162,100,0,2,100,100,0,0,102,394,100,100,0.0325502426,8.7382961424,50.0000000000,15.8402771151,1.0000000000,0.8816000000,226.8602540835
1163,100,0,2,100,100,0,0,102,394,100,100,0.0352331156,8.7030630268,50.0000000000,15.8403227080,1.0000000000,0.8816000000,226.8602540835
1164,100,0,3,100,100,0,0,103,491,100,100,0.0322840335,8.6707789933,33.3333333333,15.7602721216,1.0000000000,0.8824000000,226.6545784225
1165,100,0,3,100,100,0,0,103,491,100,100,0.0303603772,8.6404186161,33.3333333333,15.7602259294,1.0000000000,0.8824000000,226.6545784225
1166,100,0,2,100,100,0,0,102,394,100,100,0.0344992756,8.6059193405,50.0000000000,15.8403031664,1.0000000000,0.8816000000,226.8602540835
1167,100,0,4,100,100,0,0,104,588,100,100,0.0309175782,8.5750017623,25.0000000000,15.6802280857,1.0000000000,0.8832000000,226.4492753623
1168,100,0,2,100,100,0,0,102,394,100,100,0.0328164200,8.5421853423,50.0000000000,15.8402691823,1.0000000000,0.8816000000,226.8602540835
1169,100,0,3,100,100,0,0,103,491,100,100,0.0306998895,8.5114854528,33.3333333333,15.7602568898,1.0000000000,0.8824000000,226.6545784225
1170,100,0,2,100,100,0,0,102,394,100,100,0.0343482046,8.4771372482,50.0000000000,15.8402985495,1.0000000000,0.8816000000,226.8602540835
1171,100,0,3,100,100,0,0,103,491,100,100,0.0311102576,8.4460269906,33.3333333333,15.7602481235,1.0000000000,0.8824000000,226.6545784225
1172,100,0,4,100,100,0,0,104,588,100,100,0.0324230566,8.4136039340,25.0000000000,15.6802686992,1.0000000000,0.8832000000,226.4492753623
1173,100,0,2,100,100,0,0,102,394,100,100,0.0406625524,8.3729413816,50.0000000000,15.8403665840,1.0000000000,0.8816000000,226.8602540835
1174,100,0,2,100,100,0,0,102,394,100,100,0.0353078500,8.3376335317,50.0000000000,15.8403109931,1.0000000000,0.8816000000,226.8602540835
1175,100,0,2,100,100,0,0,102,394,100,100,0.0346292574,8.3030042742,50.0000000000,15.8403156620,1.0000000000,0.8816000000,226.8602540835
1176,100,0,2,100,100,0,0,102,394,100,100,0.0344557958,8.2685484784,50.0000000000,15.8402757898,1.0000000000,0.8816000000,226.8602540835
1177,100,0,2,100,100,0,0,102,394,100,100,0.0371103440,8.2314381344,50.0000000000,15.8403306734,1.0000000000,0.8816000000,226.8602540835
1178,100,0,2,100,100,0,0,102,394,100,100,0.0357430709,8.1956950635,50.0000000000,15.8403213143,1.0000000000,0.8816000000,226.8602540835
1179,100,0,2,100,100,0,0,102,394,100,100,0.0326729946,8.1630220689,50.0000000000,15.8402830086,1.0000000000,0.8816000000,226.8602540835
1180,100,0,2,100,100,0,0,102,394,100,100,0.0346835628,8.1283385061,50.0000000000,15.8403070671,1.0000000000,0.8816000000,226.8602540835
1181,100,0,2,100,100,0,0,102,394,100,100,0.0320959453,8.0962425607,50.0000000000,15.8402507249,1.0000000000,0.8816000000,226.8602540835
1182,100,0,2,100,100,0,0,102,394,100,100,0.0372502725,8.0589922882,50.0000000000,15.8403387966,1.0000000000,0.8816000000,226.8602540835
1183,100,0,2,100,100,0,0,102,394,100,100,0.0370314431,8.0219608451,50.0000000000,15.8403484136,1.0000000000,0.8816000000,226.8602540835
1184,100,0,2,100,100,0,0,102,394,100,100,0.0355401654,7.9864206798,50.0000000000,15.8403171331,1.0000000000,0.8816000000,226.8602540835
1185,100,0,2,100,100,0,0,102,394,100,100,0.0332180836,7.9532025962,50.0000000000,15.8402940397,1.0000000000,0.8816000000,226.8602540835
1186,100,0,2,100,100,0,0,102,394,100,100,0.0340025003,7.9192000959,50.0000000000,15.8403024881,1.0000000000,0.8816000000,226.8602540835
1187,100,0,3,100,100,0,0,103,491,100,100,0.0345127952,7.8846873007,33.3333333333,15.7602804614,1.0000000000,0.8824000000,226.6545784225
1188,100,0,2,100,100,0,0,102,394,100,100,0.0329532454,7.8517340553,50.0000000000,15.8402903592,1.0000000000,0.8816000000,226.8602540835
1189,100,0,2,100,100,0,0,102,394,100,100,0.0374424524,7.8142916029,50.0000000000,15.8403486432,1.0000000000,0.8816000000,226.8602540835
1190,100,0,2,100,100,0,0,102,394,100,100,0.0345239493,7.7797676536,50.0000000000,15.8403121722,1.0000000000,0.8816000000,226.8602540835
1191,100,0,2,100,100,0,0,102,394,100,100,0.0366049396,7.7431627139,50.0000000000,15.8403312495,1.0000000000,0.8816000000,226.8602540835
1192,100,0,2,100,100,0,0,102,394,100,100,0.0371665014,7.7059962125,50.0000000000,15.8403359241,1.0000000000,0.8816000000,226.8602540835
1193,100,0,2,100,100,0,0,102,394,100,100,0.0365311338,7.6694650787,50.0000000000,15.8403312103,1.0000000000,0.8816000000,226.8602540835
1194,100,0,2,100,100,0,0,102,394,100,100,0.0360812764,7.6333838023,50.0000000000,15.8403219080,1.0000000000,0.8816000000,226.8602540835
1195,100,0,2,100,100,0,0,102,394,100,100,0.0355135776,7.5978702247,50.0000000000,15.8403254179,1.0000000000,0.8816000000,226.8602540835
1196,100,0,5,100,100,0,0,105,685,100,100,0.0382251110,7.5596451137,20.0000000000,15.6002971934,1.0000000000,0.8840000000,226.2443438914
1197,100,0,2,100,100,0,0,102,394,100,100,0.0377362842,7.5219088295,50.0000000000,15.8403463412,1.0000000000,0.8816000000,226.8602540835
1198,100,0,2,100,100,0,0,102,394,100,100,0.0328803034,7.4890285261,50.0000000000,15.8402893562,1.0000000000,0.8816000000,226.8602540835
1199,100,0,2,100,100,0,0,102,394,100,100,0.0376889346,7.4513395914,50.0000000000,15.8403246868,1.0000000000,0.8816000000,226.8602540835
1200,100,0,2,100,100,0,0,102,394,100,100,0.0366178008,7.4147217906,50.0000000000,15.8403355596,1.0000000000,0.8816000000,226.8602540835
1201,100,0,2,100,100,0,0,102,394,100,100,0.0399648596,7.3747569310,50.0000000000,15.8403553078,1.0000000000,0.8816000000,226.8602540835
1202,100,0,2,100,100,0,0,102,394,100,100,0.0330185810,7.3417383500,50.0000000000,15.8402847465,1.0000000000,0.8816000000,226.8602540835
1203,100,0,2,100,100,0,0,102,394,100,100,0.0377752582,7.3039630919,50.0000000000,15.8403258957,1.0000000000,0.8816000000,226.8602540835
1204,100,0,2,100,100,0,0,102,394,100,100,0.0355731562,7.2683899356,50.0000000000,15.8403211835,1.0000000000,0.8816000000,226.8602540835
1205,100,0,2,100,100,0,0,102,394,100,100,0.0353008662,7.2330890695,50.0000000000,15.8403191285,1.0000000000,0.8816000000,226.8602540835
1206,100,0,2,100,100,0,0,102,394,100,100,0.0324919881,7.2005970814,50.0000000000,15.8402670554,1.0000000000,0.8816000000,226.8602540835
1207,100,0,2,100,100,0,0,102,394,100,100,0.0334140786,7.1671830028,50.0000000000,15.8402723267,1.0000000000,0.8816000000,226.8602540835
1208,100,0,2,100,100,0,0,102,394,100,100,0.0356796169,7.1315033859,50.0000000000,15.8403319802,1.0000000000,0.8816000000,226.8602540835
1209,100,0,2,100,100,0,0,102,394,100,100,0.0332312040,7.0982721819,50.0000000000,15.8402817390,1.0000000000,0.8816000000,226.8602540835
1210,100,0,2,100,100,0,0,102,394,100,100,0.0398948403,7.0583773416,50.0000000000,15.8403756590,1.0000000000,0.8816000000,226.8602540835
1211,100,0,2,100,100,0,0,102,394,100,100,0.0365845360,7.0217928056,50.0000000000,15.8403304038,1.0000000000,0.8816000000,226.8602540835
1212,100,0,2,100,100,0,0,102,394,100,100,0.0322769518,6.9895158538,50.0000000000,15.8402666781,1.0000000000,0.8816000000,226.8602540835
1213,100,0,2,100,100,0,0,102,394,100,100,0.0346134045,6.9549024493,50.0000000000,15.8403025287,1.0000000000,0.8816000000,226.8602540835
1214,100,0,2,100,100,0,0,102,394,100,100,0.0327167274,6.9221857219,50.0000000000,15.8402606925,1.0000000000,0.8816000000,226.8602540835
1215,100,0,2,100,100,0,0,102,394,100,100,0.0346970340,6.8874886879,50.0000000000,15.8403122126,1.0000000000,0.8816000000,226.8602540835
1216,100,0,2,100,100,0,0,102,394,100,100,0.0379105985,6.8495780894,50.0000000000,15.8403395379,1.0000000000,0.8816000000,226.8602540835
1217,100,0,2,100,100,0,0,102,394,100,100,0.0339105030,6.8156675864,50.0000000000,15.8402938569,1.0000000000,0.8816000000,226.8602540835
1218,100,0,2,100,100,0,0,102,394,100,100,0.0345801044,6.7810874820,50.0000000000,15.8403078690,1.0000000000,0.8816000000,226.8602540835
1219,100,0,4,100,100,0,0,104,588,100,100,0.0315774389,6.7495100431,25.0000000000,15.6802441706,1.0000000000,0.8832000000,226.4492753623
1220,100,0,2,100,100,0,0,102,394,100,100,0.0376281456,6.7118818975,50.0000000000,15.8403583541,1.0000000000,0.8816000000,226.8602540835
1221,100,0,2,100,100,0,0,102,394,100,100,0.0355280885,6.6763538090,50.0000000000,15.8403205302,1.0000000000,0.8816000000,226.8602540835
1222,100,0,2,100,100,0,0,102,394,100,100,0.0357378281,6.6406159809,50.0000000000,15.8403316656,1.0000000000,0.8816000000,226.8602540835
1223,100,0,2,100,100,0,0,102,394,100,100,0.0367314421,6.6038845388,50.0000000000,15.8403319213,1.0000000000,0.8816000000,226.8602540835
1224,100,0,2,100,100,0,0,102,394,100,100,0.0370590021,6.5668255367,50.0000000000,15.8403472180,1.0000000000,0.8816000000,226.8602540835
1225,100,0,2,100,100,0,0,102,394,100,100,0.0370367294,6.5297888073,50.0000000000,15.8403253597,1.0000000000,0.8816000000,226.8602540835
1226,100,0,2,100,100,0,0,102,394,100,100,0.0365311338,6.4932576735,50.0000000000,15.8403312103,1.0000000000,0.8816000000,226.8602540835
1227,100,0,2,100,100,0,0,102,394,100,100,0.0325297459,6.4607279276,50.0000000000,15.8402767155,1.0000000000,0.8816000000,226.8602540835
1228,100,0,2,100,100,0,0,102,394,100,100,0.0372087683,6.4235191593,50.0000000000,15.8403380892,1.0000000000,0.8816000000,226.8602540835
1229,100,0,2,100,100,0,0,102,394,100,100,0.0328081152,6.3907110441,50.0000000000,15.8402696999,1.0000000000,0.8816000000,226.8602540835
1230,100,0,2,100,100,0,0,102,394,100,100,0.0366308715,6.3540801726,50.0000000000,15.8403332753,1.0000000000,0.8816000000,226.8602540835
1231,100,0,2,100,100,0,0,102,394,100,100,0.0361106708,6.3179695018,50.0000000000,15.8403208159,1.0000000000,0.8816000000,226.8602540835
1232,100,0,2,100,100,0,0,102,394,100,100,0.0352808987,6.2826886031,50.0000000000,15.8403129885,1.0000000000,0.8816000000,226.8602540835
1233,100,0,2,100,100,0,0,102,394,100,100,0.0367803811,6.2459082220,50.0000000000,15.8403397322,1.0000000000,0.8816000000,226.8602540835
1234,100,0,2,100,100,0,0,102,394,100,100,0.0357295998,6.2101786222,50.0000000000,15.8403161688,1.0000000000,0.8816000000,226.8602540835
1235,100,0,2,100,100,0,0,102,394,100,100,0.0357185538,6.1744600684,50.0000000000,15.8403197921,1.0000000000,0.8816000000,226.8602540835
1236,100,0,2,100,100,0,0,102,394,100,100,0.0346564347,6.1398036337,50.0000000000,15.8403166563,1.0000000000,0.8816000000,226.8602540835
1237,100,0,2,100,100,0,0,102,394,100,100,0.0354351211,6.1043685126,50.0000000000,15.8403127622,1.0000000000,0.8816000000,226.8602540835
1238,100,0,2,100,100,0,0,102,394,100,100,0.0326383932,6.0717301194,50.0000000000,15.8402824389,1.0000000000,0.8816000000,226.8602540835
1239,100,0,3,100,100,0,0,103,491,100,100,0.0320645836,6.0396655359,33.3333333333,15.7602403036,1.0000000000,0.8824000000,226.6545784225
1240,100,0,2,100,100,0,0,102,394,100,100,0.0339100175,6.0057555184,50.0000000000,15.8402980278,1.0000000000,0.8816000000,226.8602540835
1241,100,0,2,100,100,0,0,102,394,100,100,0.0354233074,5.9703322109,50.0000000000,15.8403156774,1.0000000000,0.8816000000,226.8602540835
1242,100,0,2,100,100,0,0,102,394,100,100,0.0340426380,5.9362895729,50.0000000000,15.8402794424,1.0000000000,0.8816000000,226.8602540835
1243,100,0,2,100,100,0,0,102,394,100,100,0.0375650959,5.8987244770,50.0000000000,15.8403501899,1.0000000000,0.8816000000,226.8602540835
1244,100,0,2,100,100,0,0,102,394,100,100,0.0350888447,5.8636356323,50.0000000000,15.8403076906,1.0000000000,0.8816000000,226.8602540835
1245,100,0,2,100,100,0,0,102,394,100,100,0.0379029186,5.8257327137,50.0000000000,15.8403348459,1.0000000000,0.8816000000,226.8602540835
1246,100,0,2,100,100,0,0,102,394,100,100,0.0329995966,5.7927331171,50.0000000000,15.8402874161,1.0000000000,0.8816000000,226.8602540835
1247,100,0,2,100,100,0,0,102,394,100,100,0.0399719345,5.7527611826,50.0000000000,15.8403537308,1.0000000000,0.8816000000,226.8602540835
1248,100,0,2,100,100,0,0,102,394,100,100,0.0337460228,5.7190151598,50.0000000000,15.8402923691,1.0000000000,0.8816000000,226.8602540835
1249,100,0,2,100,100,0,0,102,394,100,100,0.0365934642,5.6824216956,50.0000000000,15.8403313566,1.0000000000,0.8816000000,226.8602540835
1250,100,0,2,100,100,0,0,102,394,100,100,0.0342218816,5.6481998140,50.0000000000,15.8403142882,1.0000000000,0.8816000000,226.8602540835
1251,100,0,2,100,100,0,0,102,394,100,100,0.0344818357,5.6137179782,50.0000000000,15.8402925472,1.0000000000,0.8816000000,226.8602540835
1252,100,0,2,100,100,0,0,102,394,100,100,0.0348714676,5.5788465107,50.0000000000,15.8403189132,1.0000000000,0.8816000000,226.8602540835
1253,100,0,2,100,100,0,0,102,394,100,100,0.0322223650,5.5466241457,50.0000000000,15.8402635962,1.0000000000,0.8816000000,226.8602540835
1254,100,0,2,100,100,0,0,102,394,100,100,0.0349076894,5.5117164563,50.0000000000,15.8403187326,1.0000000000,0.8816000000,226.8602540835
1255,100,0,2,100,100,0,0,102,394,100,100,0.0376042121,5.4741122442,50.0000000000,15.8403392289,1.0000000000,0.8816000000,226.8602540835
1256,100,0,2,100,100,0,0,102,394,100,100,0.0341365306,5.4399757136,50.0000000000,15.8403013026,1.0000000000,0.8816000000,226.8602540835
1257,100,0,2,100,100,0,0,102,394,100,100,0.0373579198,5.4026177938,50.0000000000,15.8403463372,1.0000000000,0.8816000000,226.8602540835
1258,100,0,2,100,100,0,0,102,394,100,100,0.0325297459,5.3700880479,50.0000000000,15.8402767155,1.0000000000,0.8816000000,226.8602540835
1259,100,0,4,100,100,0,0,104,588,100,100,0.0313701636,5.3387178843,25.0000000000,15.6802404927,1.0000000000,0.8832000000,226.4492753623
1260,100,0,2,100,100,0,0,102,394,100,100,0.0354193745,5.3032985099,50.0000000000,15.8403128114,1.0000000000,0.8816000000,226.8602540835
1261,100,0,2,100,100,0,0,102,394,100,100,0.0370583303,5.2662401796,50.0000000000,15.8403264029,1.0000000000,0.8816000000,226.8602540835
1262,100,0,2,100,100,0,0,102,394,100,100,0.0330185810,5.2332215986,50.0000000000,15.8402847465,1.0000000000,0.8816000000,226.8602540835
1263,100,0,2,100,100,0,0,102,394,100,100,0.0367977113,5.1964238873,50.0000000000,15.8403358478,1.0000000000,0.8816000000,226.8602540835
1264,100,0,2,100,100,0,0,102,394,100,100,0.0366119788,5.1598119085,50.0000000000,15.8403254637,1.0000000000,0.8816000000,226.8602540835
1265,100,0,2,100,100,0,0,102,394,100,100,0.0408952313,5.1189166772,50.0000000000,15.8403790133,1.0000000000,0.8816000000,226.8602540835
1266,100,0,2,100,100,0,0,102,394,100,100,0.0364142594,5.0825024178,50.0000000000,15.8403278734,1.0000000000,0.8816000000,226.8602540835
1267,100,0,2,100,100,0,0,102,394,100,100,0.0344170458,5.0480853720,50.0000000000,15.8402837564,1.0000000000,0.8816000000,226.8602540835
1268,100,0,2,100,100,0,0,102,394,100,100,0.0325365894,5.0155487826,50.0000000000,15.8402657593,1.0000000000,0.8816000000,226.8602540835
1269,100,0,2,100,100,0,0,102,394,100,100,0.0354378571,4.9801109255,50.0000000000,15.8403117497,1.0000000000,0.8816000000,226.8602540835
1270,100,0,2,100,100,0,0,102,394,100,100,0.0369683583,4.9431425672,50.0000000000,15.8403482003,1.0000000000,0.8816000000,226.8602540835
1271,100,0,2,100,100,0,0,102,394,100,100,0.0327236564,4.9104189108,50.0000000000,15.8402853113,1.0000000000,0.8816000000,226.8602540835
1272,100,0,2,100,100,0,0,102,394,100,100,0.0356360048,4.8747829059,50.0000000000,15.8403265475,1.0000000000,0.8816000000,226.8602540835
1273,100,0,2,100,100,0,0,102,394,100,100,0.0336540256,4.8411288804,50.0000000000,15.8402837379,1.0000000000,0.8816000000,226.8602540835
1274,100,0,2,100,100,0,0,102,394,100,100,0.0371746258,4.8039542546,50.0000000000,15.8403341169,1.0000000000,0.8816000000,226.8602540835
1275,100,0,2,100,100,0,0,102,394,100,100,0.0365006472,4.7674536074,50.0000000000,15.8403423168,1.0000000000,0.8816000000,226.8602540835
1276,100,0,2,100,100,0,0,102,394,100,100,0.0344472768,4.7330063306,50.0000000000,15.8403056036,1.0000000000,0.8816000000,226.8602540835
1277,100,0,2,100,100,0,0,102,394,100,100,0.0336528185,4.6993535121,50.0000000000,15.8402874951,1.0000000000,0.8816000000,226.8602540835
1278,100,0,2,100,100,0,0,102,394,100,100,0.0359039765,4.6634495356,50.0000000000,15.8403293639,1.0000000000,0.8816000000,226.8602540835
1279,100,0,2,100,100,0,0,102,394,100,100,0.0357374597,4.6277120759,50.0000000000,15.8403198970,1.0000000000,0.8816000000,226.8602540835
1280,100,0,2,100,100,0,0,102,394,100,100,0.0333703696,4.5943417063,50.0000000000,15.8402675386,1.0000000000,0.8816000000,226.8602540835
1281,100,0,2,100,100,0,0,102,394,100,100,0.0364096671,4.5579320392,50.0000000000,15.8403188815,1.0000000000,0.8816000000,226.8602540835
1282,100,0,2,100,100,0,0,102,394,100,100,0.0397721967,4.5181598425,50.0000000000,15.8403741123,1.0000000000,0.8816000000,226.8602540835
1283,100,0,2,100,100,0,0,102,394,100,100,0.0329735166,4.4851863259,50.0000000000,15.8402816158,1.0000000000,0.8816000000,226.8602540835
1284,100,0,2,100,100,0,0,102,394,100,100,0.0345785956,4.4506077303,50.0000000000,15.8403133593,1.0000000000,0.8816000000,226.8602540835
1285,100,0,2,100,100,0,0,102,394,100,100,0.0357071759,4.4149005544,50.0000000000,15.8403307846,1.0000000000,0.8816000000,226.8602540835
1286,100,0,2,100,100,0,0,102,394,100,100,0.0342749162,4.3806256382,50.0000000000,15.8402907180,1.0000000000,0.8816000000,226.8602540835
1287,100,0,2,100,100,0,0,102,394,100,100,0.0364617285,4.3441639097,50.0000000000,15.8403218688,1.0000000000,0.8816000000,226.8602540835
1288,100,0,2,100,100,0,0,102,394,100,100,0.0331618923,4.3110020174,50.0000000000,15.8402749800,1.0000000000,0.8816000000,226.8602540835
1289,100,0,2,100,100,0,0,102,394,100,100,0.0335909874,4.2774110299,50.0000000000,15.8402996879,1.0000000000,0.8816000000,226.8602540835
1290,100,0,2,100,100,0,0,102,394,100,100,0.0351883713,4.2422226586,50.0000000000,15.8403138170,1.0000000000,0.8816000000,226.8602540835
1291,100,0,2,100,100,0,0,102,394,100,100,0.0340277377,4.2081949209,50.0000000000,15.8403022377,1.0000000000,0.8816000000,226.8602540835
1292,100,0,2,100,100,0,0,102,394,100,100,0.0344625069,4.1737324140,50.0000000000,15.8403036028,1.0000000000,0.8816000000,226.8602540835
1293,100,0,2,100,100,0,0,102,394,100,100,0.0346835628,4.1390488512,50.0000000000,15.8403070671,1.0000000000,0.8816000000,226.8602540835
1294,100,0,2,100,100,0,0,102,394,100,100,0.0343355099,4.1047133412,50.0000000000,15.8402849963,1.0000000000,0.8816000000,226.8602540835
1295,100,0,2,100,100,0,0,102,394,100,100,0.0324128995,4.0723004417,50.0000000000,15.8402693951,1.0000000000,0.8816000000,226.8602540835
1296,100,0,2,100,100,0,0,102,394,100,100,0.0346947077,4.0376057340,50.0000000000,15.8403103564,1.0000000000,0.8816000000,226.8602540835
1297,100,0,2,100,100,0,0,102,394,100,100,0.0374311759,4.0001745581,50.0000000000,15.8403477594,1.0000000000,0.8816000000,226.8602540835
1298,100,0,2,100,100,0,0,102,394,100,100,0.0340859166,3.9660886415,50.0000000000,15.8403081709,1.0000000000,0.8816000000,226.8602540835
1299,100,0,3,100,100,0,0,103,491,100,100,0.0359780844,3.9301105571,33.3333333333,15.7603081471,1.0000000000,0.8824000000,226.6545784225
1300,100,0,2,100,100,0,0,102,394,100,100,0.0324521317,3.8976584255,50.0000000000,15.8402568444,1.0000000000,0.8816000000,226.8602540835
1301,100,0,2,100,100,0,0,102,394,100,100,0.0354712951,3.8621871303,50.0000000000,15.8403146154,1.0000000000,0.8816000000,226.8602540835
1302,100,0,2,100,100,0,0,102,394,100,100,0.0329357756,3.8292513547,50.0000000000,15.8402786501,1.0000000000,0.8816000000,226.8602540835
1303,100,0,2,100,100,0,0,102,394,100,100,0.0378272719,3.7914240828,50.0000000000,15.8403301662,1.0000000000,0.8816000000,226.8602540835
1304,100,0,2,100,100,0,0,102,394,100,100,0.0322896342,3.7591344486,50.0000000000,15.8402633333,1.0000000000,0.8816000000,226.8602540835
1305,100,0,2,100,100,0,0,102,394,100,100,0.0336463529,3.7254880957,50.0000000000,15.8402923095,1.0000000000,0.8816000000,226.8602540835
1306,100,0,2,100,100,0,0,102,394,100,100,0.0348100011,3.6906780946,50.0000000000,15.8403202783,1.0000000000,0.8816000000,226.8602540835
1307,100,0,2,100,100,0,0,102,394,100,100,0.0347063805,3.6559717141,50.0000000000,15.8403056657,1.0000000000,0.8816000000,226.8602540835
1308,100,0,2,100,100,0,0,102,394,100,100,0.0314950302,3.6244766839,50.0000000000,15.8402454541,1.0000000000,0.8816000000,226.8602540835
1309,100,0,2,100,100,0,0,102,394,100,100,0.0360812764,3.5883954075,50.0000000000,15.8403219080,1.0000000000,0.8816000000,226.8602540835
1310,100,0,2,100,100,0,0,102,394,100,100,0.0375646022,3.5508308053,50.0000000000,15.8403556178,1.0000000000,0.8816000000,226.8602540835
1311,99,1,2,100,99,1,0,102,394,99,99,0.0364654970,3.5143653083,49.5000000000,15.8387048134,0.9900000000,0.8736000000,226.6483516484
1312,99,1,2,99,99,0,0,101,390,99,99,0.0368633065,3.4775020018,49.5000000000,15.8387224506,1.0000000000,0.8728000000,226.8560953254
1313,99,1,2,99,99,0,0,101,390,99,99,0.0363669345,3.4411350673,49.5000000000,15.8387279801,1.0000000000,0.8728000000,226.8560953254
1314,99,1,2,99,99,0,0,101,390,99,99,0.0329610677,3.4081739996,49.5000000000,15.8386786306,1.0000000000,0.8728000000,226.8560953254
1315,99,1,2,99,99,0,0,101,390,99,99,0.0317472778,3.3764267218,49.5000000000,15.8386319884,1.0000000000,0.8728000000,226.8560953254
1316,99,1,2,99,99,0,0,101,390,99,99,0.0336774617,3.3427492601,49.5000000000,15.8386812836,1.0000000000,0.8728000000,226.8560953254
1317,99,1,2,99,99,0,0,101,390,99,99,0.0370637165,3.3056855436,49.5000000000,15.8387338980,1.0000000000,0.8728000000,226.8560953254
1318,99,1,2,99,99,0,0,101,390,99,99,0.0344415732,3.2712439704,49.5000000000,15.8386865295,1.0000000000,0.8728000000,226.8560953254
1319,99,1,2,99,99,0,0,101,390,99,99,0.0355888956,3.2356550748,49.5000000000,15.8387192884,1.0000000000,0.8728000000,226.8560953254
1320,99,1,2,99,99,0,0,101,390,99,99,0.0365424888,3.1991125860,49.5000000000,15.8387260334,1.0000000000,0.8728000000,226.8560953254
1321,99,1,2,99,99,0,0,101,390,99,99,0.0351103034,3.1640022826,49.5000000000,15.8387004360,1.0000000000,0.8728000000,226.8560953254
1322,98,2,2,99,98,1,0,101,390,98,98,0.0360301317,3.1279721508,49.0000000000,15.8370645134,0.9898989899,0.8648000000,226.6419981499
1323,98,2,2,98,98,0,0,100,386,98,98,0.0328110560,3.0951610948,49.0000000000,15.8370163729,1.0000000000,0.8640000000,226.8518518519
1324,98,2,2,98,98,0,0,100,386,98,98,0.0340449786,3.0611161162,49.0000000000,15.8370212834,1.0000000000,0.8640000000,226.8518518519
1325,98,2,2,98,98,0,0,100,386,98,98,0.0330044935,3.0281116227,49.0000000000,15.8370236577,1.0000000000,0.8640000000,226.8518518519
1326,98,2,2,98,98,0,0,100,386,98,98,0.0389619076,2.9891497152,49.0000000000,15.8370884834,1.0000000000,0.8640000000,226.8518518519
1327,98,2,2,98,98,0,0,100,386,98,98,0.0369816383,2.9521680769,49.0000000000,15.8370737549,1.0000000000,0.8640000000,226.8518518519
1328,98,2,2,98,98,0,0,100,386,98,98,0.0348717999,2.9172962770,49.0000000000,15.8370456512,1.0000000000,0.8640000000,226.8518518519
1329,97,3,2,98,97,1,0,100,386,97,97,0.0334871440,2.8838091330,48.5000000000,15.8353648531,0.9897959184,0.8560000000,226.6355140187
1330,96,4,2,97,96,1,0,99,382,96,96,0.0331613801,2.8506477528,48.0000000000,15.8336293629,0.9896907216,0.8472000000,226.6288951841
1331,96,4,3,96,96,0,0,99,471,96,96,0.0290605112,2.8215872417,32.0000000000,15.7502239763,1.0000000000,0.8472000000,226.6288951841
1332,96,4,2,96,96,0,0,98,378,96,96,0.0330569822,2.7885302595,48.0000000000,15.8336301346,1.0000000000,0.8464000000,226.8431001890
1333,96,4,2,96,96,0,0,98,378,96,96,0.0312956597,2.7572345998,48.0000000000,15.8336109668,1.0000000000,0.8464000000,226.8431001890
1334,96,4,2,96,96,0,0,98,378,96,96,0.0343504551,2.7228841447,48.0000000000,15.8336471509,1.0000000000,0.8464000000,226.8431001890
1335,96,4,2,96,96,0,0,98,378,96,96,0.0343646622,2.6885194825,48.0000000000,15.8336649131,1.0000000000,0.8464000000,226.8431001890
1336,96,4,2,96,96,0,0,98,378,96,96,0.0364972169,2.6520222656,48.0000000000,15.8336866318,1.0000000000,0.8464000000,226.8431001890
1337,96,4,2,96,96,0,0,98,378,96,96,0.0315522266,2.6204700390,48.0000000000,15.8336009391,1.0000000000,0.8464000000,226.8431001890
1338,96,4,2,96,96,0,0,98,378,96,96,0.0317723826,2.5886976563,48.0000000000,15.8336067241,1.0000000000,0.8464000000,226.8431001890
1339,96,4,2,96,96,0,0,98,378,96,96,0.0331003019,2.5555973544,48.0000000000,15.8336305882,1.0000000000,0.8464000000,226.8431001890
1340,96,4,2,96,96,0,0,98,378,96,96,0.0332270032,2.5223703512,48.0000000000,15.8336410358,1.0000000000,0.8464000000,226.8431001890
1341,96,4,2,96,96,0,0,98,378,96,96,0.0349751075,2.4873952437,48.0000000000,15.8336434859,1.0000000000,0.8464000000,226.8431001890
1342,96,4,2,96,96,0,0,98,378,96,96,0.0338655366,2.4535297071,48.0000000000,15.8336509871,1.0000000000,0.8464000000,226.8431001890
1343,96,4,2,96,96,0,0,98,378,96,96,0.0314199085,2.4221097986,48.0000000000,15.8336045910,1.0000000000,0.8464000000,226.8431001890
1344,96,4,2,96,96,0,0,98,378,96,96,0.0333501755,2.3887596231,48.0000000000,15.8336420059,1.0000000000,0.8464000000,226.8431001890
1345,96,4,2,96,96,0,0,98,378,96,96,0.0333610361,2.3553985870,48.0000000000,15.8336442339,1.0000000000,0.8464000000,226.8431001890
1346,96,4,2,96,96,0,0,98,378,96,96,0.0313476177,2.3240509693,48.0000000000,15.8336166590,1.0000000000,0.8464000000,226.8431001890
1347,96,4,2,96,96,0,0,98,378,96,96,0.0318135425,2.2922374268,48.0000000000,15.8336198412,1.0000000000,0.8464000000,226.8431001890
1348,95,5,2,96,95,1,0,98,378,95,95,0.0340000091,2.2582374177,47.5000000000,15.8319021916,0.9895833333,0.8384000000,226.6221374046
1349,95,5,2,95,95,0,0,97,374,95,95,0.0328423315,2.2253950862,47.5000000000,15.8318911870,1.0000000000,0.8376000000,226.8385864374
1350,94,6,2,94,94,0,0,96,372,94,94,0.0297210453,2.1956740409,47.0000000000,15.8300321383,1.0000000000,0.8288000000,226.8339768340
1351,94,6,2,94,94,0,0,96,370,94,94,0.0322448303,2.1634292105,47.0000000000,15.8300818206,1.0000000000,0.8288000000,226.8339768340
1352,93,7,2,94,93,1,0,96,370,93,93,0.0329286987,2.1305005119,46.5000000000,15.8282467369,0.9893617021,0.8208000000,226.6081871345
1353,93,7,2,93,93,0,0,95,366,93,93,0.0321374233,2.0983630885,46.5000000000,15.8282522034,1.0000000000,0.8200000000,226.8292682927
1354,93,7,2,93,93,0,0,95,366,93,93,0.0323499455,2.0660131430,46.5000000000,15.8282738934,1.0000000000,0.8200000000,226.8292682927
1355,93,7,2,93,93,0,0,95,366,93,93,0.0310022299,2.0350109131,46.5000000000,15.8282546113,1.0000000000,0.8200000000,226.8292682927
1356,93,7,2,93,93,0,0,95,366,93,93,0.0298365157,2.0051743974,46.5000000000,15.8282055938,1.0000000000,0.8200000000,226.8292682927
1357,93,7,2,93,93,0,0,95,366,93,93,0.0313851967,1.9737892007,46.5000000000,15.8282421011,1.0000000000,0.8200000000,226.8292682927
1358,93,7,2,93,93,0,0,95,366,93,93,0.0300746043,1.9437145965,46.5000000000,15.8282123908,1.0000000000,0.8200000000,226.8292682927
1359,92,8,2,93,92,1,0,95,366,92,92,0.0303039544,1.9134106420,46.0000000000,15.8263482425,0.9892473118,0.8120000000,226.6009852217
1360,92,8,2,92,92,0,0,94,362,92,92,0.0343011026,1.8791095395,46.0000000000,15.8264110623,1.0000000000,0.8112000000,226.8244575937
1361,92,8,2,92,92,0,0,94,362,92,92,0.0364237187,1.8426858208,46.0000000000,15.8264304629,1.0000000000,0.8112000000,226.8244575937
1362,92,8,2,92,92,0,0,94,362,92,92,0.0336649685,1.8090208524,46.0000000000,15.8264011479,1.0000000000,0.8112000000,226.8244575937
1363,92,8,2,92,92,0,0,94,362,92,92,0.0318603815,1.7771604709,46.0000000000,15.8263996637,1.0000000000,0.8112000000,226.8244575937
1364,91,9,2,91,91,0,0,93,360,91,91,0.0328997490,1.7442607219,45.5000000000,15.8245004131,1.0000000000,0.8024000000,226.8195413759
1365,91,9,2,91,91,0,0,93,358,91,91,0.0309305508,1.7133301711,45.5000000000,15.8244695759,1.0000000000,0.8024000000,226.8195413759
1366,91,9,2,91,91,0,0,93,358,91,91,0.0301295746,1.6832005965,45.5000000000,15.8244433172,1.0000000000,0.8024000000,226.8195413759
1367,91,9,3,91,91,0,0,94,446,91,91,0.0318348560,1.6513657405,30.3333333333,15.7365440449,1.0000000000,0.8032000000,226.5936254980
1368,91,9,2,91,91,0,0,93,358,91,91,0.0306006135,1.6207651271,45.5000000000,15.8244606719,1.0000000000,0.8024000000,226.8195413759
1369,88,12,1,91,30,61,0,93,358,88,88,0.0292923549,1.5914727722,30.0000000000,15.7335419266,0.3296703297,0.7784000000,77.0811921891
1370,85,15,1,88,30,58,0,90,346,85,85,0.0322745099,1.5591982623,30.0000000000,15.7335298532,0.3409090909,0.7520000000,79.7872340426
1371,82,18,2,84,82,2,0,86,331,82,82,0.0287893543,1.5304089079,41.0000000000,15.8051786658,0.9761904762,0.7248000000,226.2693156733
1372,77,23,1,82,30,52,0,84,322,77,77,0.0279548374,1.5024540705,30.0000000000,15.7334997909,0.3658536585,0.6832000000,87.8220140515
1373,74,26,2,77,74,3,0,79,302,74,74,0.0249415006,1.4775125700,37.0000000000,15.7840769232,0.9610389610,0.6552000000,225.8852258852
1374,73,27,2,74,73,1,0,76,290,73,73,0.0256780477,1.4518345223,36.5000000000,15.7811371101,0.9864864865,0.6448000000,226.4267990074
1375,70,30,2,72,70,2,0,75,285,70,70,0.0236697163,1.4281648059,35.0000000000,15.7717071837,0.9722222222,0.6200000000,225.8064516129
1376,67,33,2,69,67,2,0,71,270,67,67,0.0227365098,1.4054282961,33.5000000000,15.7614463634,0.9710144928,0.5928000000,226.0458839406
1377,65,35,2,66,65,1,0,68,260,65,65,0.0205703357,1.3848579604,32.5000000000,15.7540922790,0.9848484848,0.5744000000,226.3231197772
1378,60,40,2,65,60,5,0,67,254,60,60,0.0216083159,1.3632496445,30.0000000000,15.7336183543,0.9230769231,0.5336000000,224.8875562219
1379,58,42,2,59,58,1,0,61,232,58,58,0.0185987963,1.3446508482,29.0000000000,15.7243831443,0.9830508475,0.5128000000,226.2090483619
1380,56,44,2,57,56,1,0,59,224,56,56,0.0181842915,1.3264665567,28.0000000000,15.7145486941,0.9824561404,0.4952000000,226.1712439418
1381,53,47,2,56,53,3,0,58,218,53,53,0.0175683634,1.3088981932,26.5000000000,15.6983880018,0.9464285714,0.4704000000,225.3401360544
1382,50,50,2,52,50,2,0,55,205,50,50,0.0164105612,1.2924876320,25.0000000000,15.6802186466,0.9615384615,0.4440000000,225.2252252252
1383,47,53,1,50,30,20,0,52,194,47,47,0.0148556552,1.2776319768,30.0000000000,15.7334753896,0.6000000000,0.4176000000,143.6781609195
1384,45,55,1,47,30,17,0,49,182,45,45,0.0136468016,1.2639851752,30.0000000000,15.7334420210,0.6382978723,0.3992000000,150.3006012024
1385,41,59,2,45,41,4,0,47,174,41,41,0.0140071035,1.2499780717,20.5000000000,15.6100125139,0.9111111111,0.3656000000,224.2888402626
1386,37,63,3,41,37,4,0,44,196,37,37,0.0114966172,1.2384814545,12.3333333333,15.3515182590,0.9024390244,0.3312000000,223.4299516908
1387,35,65,2,37,35,2,0,39,142,35,35,0.0106760773,1.2278053771,17.5000000000,15.5430434260,0.9459459459,0.3112000000,224.9357326478
1388,33,67,2,35,33,2,0,37,134,33,33,0.0103203876,1.2174849896,16.5000000000,15.5153790867,0.9428571429,0.2936000000,224.7956403270
1389,30,70,1,33,30,3,0,35,126,30,30,0.0087816606,1.2087033290,30.0000000000,15.7334755106,0.9090909091,0.2680000000,223.8805970149
1390,30,70,1,30,30,0,0,31,87,30,30,0.0080939603,1.2006093687,30.0000000000,15.7334979473,1.0000000000,0.2648000000,226.5861027190
1391,30,70,1,30,30,0,0,31,87,30,30,0.0079370104,1.1926723583,30.0000000000,15.7334562561,1.0000000000,0.2648000000,226.5861027190
1392,30,70,1,30,30,0,0,31,87,30,30,0.0079782278,1.1846941305,30.0000000000,15.7334642405,1.0000000000,0.2648000000,226.5861027190
1393,30,70,1,30,30,0,0,31,87,30,30,0.0081084997,1.1765856308,30.0000000000,15.7335058472,1.0000000000,0.2648000000,226.5861027190
1394,30,70,1,30,30,0,0,31,87,30,30,0.0078933015,1.1686923293,30.0000000000,15.7334402959,1.0000000000,0.2648000000,226.5861027190
1395,30,70,1,30,30,0,0,31,87,30,30,0.0081149653,1.1605773640,30.0000000000,15.7334897994,1.0000000000,0.2648000000,226.5861027190
1396,30,70,1,30,30,0,0,31,87,30,30,0.0081028885,1.1524744755,30.0000000000,15.7335011231,1.0000000000,0.2648000000,226.5861027190
1397,30,70,1,30,30,0,0,31,87,30,30,0.0078256306,1.1446488449,30.0000000000,15.7334167686,1.0000000000,0.2648000000,226.5861027190
1398,30,70,1,30,30,0,0,31,87,30,30,0.0079711528,1.1366776921,30.0000000000,15.7334694971,1.0000000000,0.2648000000,226.5861027190
1399,30,70,1,30,30,0,0,31,87,30,30,0.0082783300,1.1283993621,30.0000000000,15.7335293986,1.0000000000,0.2648000000,226.5861027190
1400,30,70,1,30,30,0,0,31,87,30,30,0.0084329493,1.1199664128,30.0000000000,15.7335419266,1.0000000000,0.2648000000,226.5861027190
1401,30,70,1,30,30,0,0,31,87,30,30,0.0082793829,1.1116870299,30.0000000000,15.7335298532,1.0000000000,0.2648000000,226.5861027190
1402,30,70,1,30,30,0,0,31,87,30,30,0.0080824198,1.1036046101,30.0000000000,15.7334865128,1.0000000000,0.2648000000,226.5861027190
1403,30,70,1,30,30,0,0,31,87,30,30,0.0080823918,1.0955222183,30.0000000000,15.7334997909,1.0000000000,0.2648000000,226.5861027190
1404,30,70,1,30,30,0,0,31,87,30,30,0.0080126571,1.0875095612,30.0000000000,15.7334718550,1.0000000000,0.2648000000,226.5861027190
1405,30,70,1,30,30,0,0,31,87,30,30,0.0083269868,1.0791825745,30.0000000000,15.7335279258,1.0000000000,0.2648000000,226.5861027190
1406,30,70,1,30,30,0,0,31,87,30,30,0.0080456511,1.0711369233,30.0000000000,15.7334879674,1.0000000000,0.2648000000,226.5861027190
1407,30,70,1,30,30,0,0,31,87,30,30,0.0080954625,1.0630414609,30.0000000000,15.7334921764,1.0000000000,0.2648000000,226.5861027190
1408,30,70,1,30,30,0,0,31,87,30,30,0.0082896064,1.0547518544,30.0000000000,15.7335323446,1.0000000000,0.2648000000,226.5861027190
1409,30,70,1,30,30,0,0,31,87,30,30,0.0080702251,1.0466816294,30.0000000000,15.7334930110,1.0000000000,0.2648000000,226.5861027190
1410,30,70,1,30,30,0,0,31,87,30,30,0.0082144919,1.0384671375,30.0000000000,15.7335102207,1.0000000000,0.2648000000,226.5861027190
1411,30,70,1,30,30,0,0,31,87,30,30,0.0079076160,1.0305595215,30.0000000000,15.7334598963,1.0000000000,0.2648000000,226.5861027190
1412,30,70,1,30,30,0,0,31,87,30,30,0.0079655454,1.0225939761,30.0000000000,15.7334753896,1.0000000000,0.2648000000,226.5861027190
1413,30,70,1,30,30,0,0,31,87,30,30,0.0078849967,1.0147089795,30.0000000000,15.7334420210,1.0000000000,0.2648000000,226.5861027190
1414,30,70,1,30,30,0,0,31,87,30,30,0.0083069419,1.0064020375,30.0000000000,15.7335258679,1.0000000000,0.2648000000,226.5861027190
1415,30,70,1,30,30,0,0,31,87,30,30,0.0079370104,0.9984650271,30.0000000000,15.7334562561,1.0000000000,0.2648000000,226.5861027190
1416,30,70,1,30,30,0,0,31,87,30,30,0.0083615882,0.9901034389,30.0000000000,15.7335298247,1.0000000000,0.2648000000,226.5861027190
1417,30,70,1,30,30,0,0,31,87,30,30,0.0080950286,0.9820084104,30.0000000000,15.7334886956,1.0000000000,0.2648000000,226.5861027190
1418,30,70,1,30,30,0,0,31,87,30,30,0.0080230735,0.9739853369,30.0000000000,15.7334755106,1.0000000000,0.2648000000,226.5861027190
1419,30,70,1,30,30,0,0,31,87,30,30,0.0080939603,0.9658913766,30.0000000000,15.7334979473,1.0000000000,0.2648000000,226.5861027190
1420,30,70,1,30,30,0,0,31,87,30,30,0.0084122500,0.9574791266,30.0000000000,15.7335375005,1.0000000000,0.2648000000,226.5861027190
1421,30,70,1,30,30,0,0,31,87,30,30,0.0079782278,0.9495008988,30.0000000000,15.7334642405,1.0000000000,0.2648000000,226.5861027190
1422,30,70,1,30,30,0,0,31,87,30,30,0.0084548120,0.9410460868,30.0000000000,15.7335485251,1.0000000000,0.2648000000,226.5861027190
1423,30,70,1,30,30,0,0,31,87,30,30,0.0078933015,0.9331527853,30.0000000000,15.7334402959,1.0000000000,0.2648000000,226.5861027190
1424,30,70,1,30,30,0,0,31,87,30,30,0.0081084997,0.9250442856,30.0000000000,15.7335058472,1.0000000000,0.2648000000,226.5861027190
1425,30,70,1,30,30,0,0,31,87,30,30,0.0081149653,0.9169293202,30.0000000000,15.7334897994,1.0000000000,0.2648000000,226.5861027190
1426,30,70,1,30,30,0,0,31,87,30,30,0.0081028885,0.9088264318,30.0000000000,15.7335011231,1.0000000000,0.2648000000,226.5861027190
1427,30,70,1,30,30,0,0,31,87,30,30,0.0079711528,0.9008552789,30.0000000000,15.7334694971,1.0000000000,0.2648000000,226.5861027190
1428,30,70,1,30,30,0,0,31,87,30,30,0.0082783300,0.8925769489,30.0000000000,15.7335293986,1.0000000000,0.2648000000,226.5861027190
1429,30,70,1,30,30,0,0,31,87,30,30,0.0080824198,0.8844945292,30.0000000000,15.7334865128,1.0000000000,0.2648000000,226.5861027190
1430,30,70,1,30,30,0,0,31,87,30,30,0.0082793829,0.8762151462,30.0000000000,15.7335298532,1.0000000000,0.2648000000,226.5861027190
1431,30,70,1,30,30,0,0,31,87,30,30,0.0080823918,0.8681327545,30.0000000000,15.7334997909,1.0000000000,0.2648000000,226.5861027190
1432,30,70,1,30,30,0,0,31,87,30,30,0.0078256306,0.8603071239,30.0000000000,15.7334167686,1.0000000000,0.2648000000,226.5861027190
1433,30,70,1,30,30,0,0,31,87,30,30,0.0080126571,0.8522944668,30.0000000000,15.7334718550,1.0000000000,0.2648000000,226.5861027190
1434,30,70,1,30,30,0,0,31,87,30,30,0.0084329493,0.8438615175,30.0000000000,15.7335419266,1.0000000000,0.2648000000,226.5861027190
1435,30,70,1,30,30,0,0,31,87,30,30,0.0080456511,0.8358158663,30.0000000000,15.7334879674,1.0000000000,0.2648000000,226.5861027190
1436,30,70,1,30,30,0,0,31,87,30,30,0.0080954625,0.8277204039,30.0000000000,15.7334921764,1.0000000000,0.2648000000,226.5861027190
1437,30,70,1,30,30,0,0,31,87,30,30,0.0080702251,0.8196501788,30.0000000000,15.7334930110,1.0000000000,0.2648000000,226.5861027190
1438,30,70,1,30,30,0,0,31,87,30,30,0.0079076160,0.8117425628,30.0000000000,15.7334598963,1.0000000000,0.2648000000,226.5861027190
1439,30,70,1,30,30,0,0,31,87,30,30,0.0078849967,0.8038575662,30.0000000000,15.7334420210,1.0000000000,0.2648000000,226.5861027190
1440,30,70,1,30,30,0,0,31,87,30,30,0.0079655454,0.7958920208,30.0000000000,15.7334753896,1.0000000000,0.2648000000,226.5861027190
1441,30,70,1,30,30,0,0,31,87,30,30,0.0082896064,0.7876024143,30.0000000000,15.7335323446,1.0000000000,0.2648000000,226.5861027190
1442,30,70,1,30,30,0,0,31,87,30,30,0.0083269868,0.7792754276,30.0000000000,15.7335279258,1.0000000000,0.2648000000,226.5861027190
1443,30,70,1,30,30,0,0,31,87,30,30,0.0082144919,0.7710609357,30.0000000000,15.7335102207,1.0000000000,0.2648000000,226.5861027190
1444,30,70,1,30,30,0,0,31,87,30,30,0.0083069419,0.7627539938,30.0000000000,15.7335258679,1.0000000000,0.2648000000,226.5861027190
1445,30,70,1,30,30,0,0,31,87,30,30,0.0080950286,0.7546589652,30.0000000000,15.7334886956,1.0000000000,0.2648000000,226.5861027190
1446,30,70,1,30,30,0,0,31,87,30,30,0.0079370104,0.7467219548,30.0000000000,15.7334562561,1.0000000000,0.2648000000,226.5861027190
1447,30,70,1,30,30,0,0,31,87,30,30,0.0080230735,0.7386988813,30.0000000000,15.7334755106,1.0000000000,0.2648000000,226.5861027190
1448,30,70,1,30,30,0,0,31,87,30,30,0.0080939603,0.7306049210,30.0000000000,15.7334979473,1.0000000000,0.2648000000,226.5861027190
1449,30,70,1,30,30,0,0,31,87,30,30,0.0083615882,0.7222433328,30.0000000000,15.7335298247,1.0000000000,0.2648000000,226.5861027190
1450,30,70,1,30,30,0,0,31,87,30,30,0.0079782278,0.7142651050,30.0000000000,15.7334642405,1.0000000000,0.2648000000,226.5861027190
1451,30,70,1,30,30,0,0,31,87,30,30,0.0084122500,0.7058528550,30.0000000000,15.7335375005,1.0000000000,0.2648000000,226.5861027190
1452,30,70,1,30,30,0,0,31,87,30,30,0.0078933015,0.6979595535,30.0000000000,15.7334402959,1.0000000000,0.2648000000,226.5861027190
1453,30,70,1,30,30,0,0,31,87,30,30,0.0081084997,0.6898510538,30.0000000000,15.7335058472,1.0000000000,0.2648000000,226.5861027190
1454,30,70,1,30,30,0,0,31,87,30,30,0.0084548120,0.6813962418,30.0000000000,15.7335485251,1.0000000000,0.2648000000,226.5861027190
1455,30,70,1,30,30,0,0,31,87,30,30,0.0081149653,0.6732812765,30.0000000000,15.7334897994,1.0000000000,0.2648000000,226.5861027190
1456,30,70,1,30,30,0,0,31,87,30,30,0.0079711528,0.6653101237,30.0000000000,15.7334694971,1.0000000000,0.2648000000,226.5861027190
1457,30,70,1,30,30,0,0,31,87,30,30,0.0080824198,0.6572277039,30.0000000000,15.7334865128,1.0000000000,0.2648000000,226.5861027190
1458,30,70,1,30,30,0,0,31,87,30,30,0.0081028885,0.6491248154,30.0000000000,15.7335011231,1.0000000000,0.2648000000,226.5861027190
1459,30,70,1,30,30,0,0,31,87,30,30,0.0078256306,0.6412991848,30.0000000000,15.7334167686,1.0000000000,0.2648000000,226.5861027190
1460,30,70,1,30,30,0,0,31,87,30,30,0.0080823918,0.6332167930,30.0000000000,15.7334997909,1.0000000000,0.2648000000,226.5861027190
1461,30,70,1,30,30,0,0,31,87,30,30,0.0082783300,0.6249384631,30.0000000000,15.7335293986,1.0000000000,0.2648000000,226.5861027190
1462,30,70,1,30,30,0,0,31,87,30,30,0.0080126571,0.6169258060,30.0000000000,15.7334718550,1.0000000000,0.2648000000,226.5861027190
1463,30,70,1,30,30,0,0,31,87,30,30,0.0082793829,0.6086464231,30.0000000000,15.7335298532,1.0000000000,0.2648000000,226.5861027190
1464,30,70,1,30,30,0,0,31,87,30,30,0.0079076160,0.6007388071,30.0000000000,15.7334598963,1.0000000000,0.2648000000,226.5861027190
1465,30,70,1,30,30,0,0,31,87,30,30,0.0080456511,0.5926931559,30.0000000000,15.7334879674,1.0000000000,0.2648000000,226.5861027190
1466,30,70,1,30,30,0,0,31,87,30,30,0.0078849967,0.5848081593,30.0000000000,15.7334420210,1.0000000000,0.2648000000,226.5861027190
1467,30,70,1,30,30,0,0,31,87,30,30,0.0080702251,0.5767379342,30.0000000000,15.7334930110,1.0000000000,0.2648000000,226.5861027190
1468,30,70,1,30,30,0,0,31,87,30,30,0.0079655454,0.5687723888,30.0000000000,15.7334753896,1.0000000000,0.2648000000,226.5861027190
1469,30,70,1,30,30,0,0,31,87,30,30,0.0080954625,0.5606769264,30.0000000000,15.7334921764,1.0000000000,0.2648000000,226.5861027190
1470,30,70,1,30,30,0,0,31,87,30,30,0.0084329493,0.5522439770,30.0000000000,15.7335419266,1.0000000000,0.2648000000,226.5861027190
1471,30,70,1,30,30,0,0,31,87,30,30,0.0082896064,0.5439543706,30.0000000000,15.7335323446,1.0000000000,0.2648000000,226.5861027190
1472,30,70,1,30,30,0,0,31,87,30,30,0.0078933015,0.5360610691,30.0000000000,15.7334402959,1.0000000000,0.2648000000,226.5861027190
1473,30,70,1,30,30,0,0,31,87,30,30,0.0083069419,0.5277541272,30.0000000000,15.7335258679,1.0000000000,0.2648000000,226.5861027190
1474,30,70,1,30,30,0,0,31,87,30,30,0.0080950286,0.5196590986,30.0000000000,15.7334886956,1.0000000000,0.2648000000,226.5861027190
1475,30,70,1,30,30,0,0,31,87,30,30,0.0082144919,0.5114446067,30.0000000000,15.7335102207,1.0000000000,0.2648000000,226.5861027190
1476,30,70,1,30,30,0,0,31,87,30,30,0.0083269868,0.5031176200,30.0000000000,15.7335279258,1.0000000000,0.2648000000,226.5861027190
1477,30,70,1,30,30,0,0,31,87,30,30,0.0079370104,0.4951806096,30.0000000000,15.7334562561,1.0000000000,0.2648000000,226.5861027190
1478,30,70,1,30,30,0,0,31,87,30,30,0.0080230735,0.4871575361,30.0000000000,15.7334755106,1.0000000000,0.2648000000,226.5861027190
1479,30,70,1,30,30,0,0,31,87,30,30,0.0079782278,0.4791793083,30.0000000000,15.7334642405,1.0000000000,0.2648000000,226.5861027190
1480,30,70,1,30,30,0,0,31,87,30,30,0.0083615882,0.4708177201,30.0000000000,15.7335298247,1.0000000000,0.2648000000,226.5861027190
1481,30,70,1,30,30,0,0,31,87,30,30,0.0084548120,0.4623629081,30.0000000000,15.7335485251,1.0000000000,0.2648000000,226.5861027190
1482,30,70,1,30,30,0,0,31,87,30,30,0.0080939603,0.4542689478,30.0000000000,15.7334979473,1.0000000000,0.2648000000,226.5861027190
1483,30,70,1,30,30,0,0,31,87,30,30,0.0081084997,0.4461604481,30.0000000000,15.7335058472,1.0000000000,0.2648000000,226.5861027190
1484,30,70,1,30,30,0,0,31,87,30,30,0.0084122500,0.4377481981,30.0000000000,15.7335375005,1.0000000000,0.2648000000,226.5861027190
1485,30,70,1,30,30,0,0,31,87,30,30,0.0081149653,0.4296332328,30.0000000000,15.7334897994,1.0000000000,0.2648000000,226.5861027190
1486,30,70,1,30,30,0,0,31,87,30,30,0.0079711528,0.4216620799,30.0000000000,15.7334694971,1.0000000000,0.2648000000,226.5861027190
1487,30,70,1,30,30,0,0,31,87,30,30,0.0081028885,0.4135591915,30.0000000000,15.7335011231,1.0000000000,0.2648000000,226.5861027190
1488,30,70,1,30,30,0,0,31,87,30,30,0.0078256306,0.4057335609,30.0000000000,15.7334167686,1.0000000000,0.2648000000,226.5861027190
1489,30,70,1,30,30,0,0,31,87,30,30,0.0080824198,0.3976511411,30.0000000000,15.7334865128,1.0000000000,0.2648000000,226.5861027190
1490,30,70,1,30,30,0,0,31,87,30,30,0.0080823918,0.3895687493,30.0000000000,15.7334997909,1.0000000000,0.2648000000,226.5861027190
1491,30,70,1,30,30,0,0,31,87,30,30,0.0080126571,0.3815560922,30.0000000000,15.7334718550,1.0000000000,0.2648000000,226.5861027190
1492,30,70,1,30,30,0,0,31,87,30,30,0.0082783300,0.3732777622,30.0000000000,15.7335293986,1.0000000000,0.2648000000,226.5861027190
1493,30,70,1,30,30,0,0,31,87,30,30,0.0079076160,0.3653701462,30.0000000000,15.7334598963,1.0000000000,0.2648000000,226.5861027190
1494,30,70,1,30,30,0,0,31,87,30,30,0.0078849967,0.3574851496,30.0000000000,15.7334420210,1.0000000000,0.2648000000,226.5861027190
1495,30,70,1,30,30,0,0,31,87,30,30,0.0082793829,0.3492057667,30.0000000000,15.7335298532,1.0000000000,0.2648000000,226.5861027190
1496,30,70,1,30,30,0,0,31,87,30,30,0.0080456511,0.3411601155,30.0000000000,15.7334879674,1.0000000000,0.2648000000,226.5861027190
1497,30,70,1,30,30,0,0,31,87,30,30,0.0079655454,0.3331945702,30.0000000000,15.7334753896,1.0000000000,0.2648000000,226.5861027190
1498,30,70,1,30,30,0,0,31,87,30,30,0.0080702251,0.3251243451,30.0000000000,15.7334930110,1.0000000000,0.2648000000,226.5861027190
1499,30,70,1,30,30,0,0,31,87,30,30,0.0080954625,0.3170288826,30.0000000000,15.7334921764,1.0000000000,0.2648000000,226.5861027190
1500,30,70,1,30,30,0,0,31,87,30,30,0.0084329493,0.3085959333,30.0000000000,15.7335419266,1.0000000000,0.2648000000,226.5861027190
1501,30,70,1,30,30,0,0,31,87,30,30,0.0079370104,0.3006589229,30.0000000000,15.7334562561,1.0000000000,0.2648000000,226.5861027190
1502,30,70,1,30,30,0,0,31,87,30,30,0.0082144919,0.2924444310,30.0000000000,15.7335102207,1.0000000000,0.2648000000,226.5861027190
1503,30,70,1,30,30,0,0,31,87,30,30,0.0080230735,0.2844213575,30.0000000000,15.7334755106,1.0000000000,0.2648000000,226.5861027190
1504,30,70,1,30,30,0,0,31,87,30,30,0.0082896064,0.2761317511,30.0000000000,15.7335323446,1.0000000000,0.2648000000,226.5861027190
1505,30,70,1,30,30,0,0,31,87,30,30,0.0080950286,0.2680367225,30.0000000000,15.7334886956,1.0000000000,0.2648000000,226.5861027190
1506,30,70,1,30,30,0,0,31,87,30,30,0.0079782278,0.2600584947,30.0000000000,15.7334642405,1.0000000000,0.2648000000,226.5861027190
1507,30,70,1,30,30,0,0,31,87,30,30,0.0083269868,0.2517315080,30.0000000000,15.7335279258,1.0000000000,0.2648000000,226.5861027190
1508,30,70,1,30,30,0,0,31,87,30,30,0.0080939603,0.2436375477,30.0000000000,15.7334979473,1.0000000000,0.2648000000,226.5861027190
1509,30,70,1,30,30,0,0,31,87,30,30,0.0078933015,0.2357442462,30.0000000000,15.7334402959,1.0000000000,0.2648000000,226.5861027190
1510,30,70,1,30,30,0,0,31,87,30,30,0.0083069419,0.2274373043,30.0000000000,15.7335258679,1.0000000000,0.2648000000,226.5861027190
1511,30,70,1,30,30,0,0,31,87,30,30,0.0083615882,0.2190757161,30.0000000000,15.7335298247,1.0000000000,0.2648000000,226.5861027190
1512,30,70,1,30,30,0,0,31,87,30,30,0.0081084997,0.2109672163,30.0000000000,15.7335058472,1.0000000000,0.2648000000,226.5861027190
1513,30,70,1,30,30,0,0,31,87,30,30,0.0084122500,0.2025549663,30.0000000000,15.7335375005,1.0000000000,0.2648000000,226.5861027190
1514,30,70,1,30,30,0,0,31,87,30,30,0.0081149653,0.1944400010,30.0000000000,15.7334897994,1.0000000000,0.2648000000,226.5861027190
1515,30,70,1,30,30,0,0,31,87,30,30,0.0079711528,0.1864688482,30.0000000000,15.7334694971,1.0000000000,0.2648000000,226.5861027190
1516,30,70,1,30,30,0,0,31,87,30,30,0.0078256306,0.1786432176,30.0000000000,15.7334167686,1.0000000000,0.2648000000,226.5861027190
1517,30,70,1,30,30,0,0,31,87,30,30,0.0084548120,0.1701884056,30.0000000000,15.7335485251,1.0000000000,0.2648000000,226.5861027190
1518,30,70,1,30,30,0,0,31,87,30,30,0.0081028885,0.1620855171,30.0000000000,15.7335011231,1.0000000000,0.2648000000,226.5861027190
1519,30,70,1,30,30,0,0,31,87,30,30,0.0080824198,0.1540030974,30.0000000000,15.7334865128,1.0000000000,0.2648000000,226.5861027190
1520,30,70,1,30,30,0,0,31,87,30,30,0.0080126571,0.1459904403,30.0000000000,15.7334718550,1.0000000000,0.2648000000,226.5861027190
1521,30,70,1,30,30,0,0,31,87,30,30,0.0080823918,0.1379080485,30.0000000000,15.7334997909,1.0000000000,0.2648000000,226.5861027190
1522,30,70,1,30,30,0,0,31,87,30,30,0.0078849967,0.1300230518,30.0000000000,15.7334420210,1.0000000000,0.2648000000,226.5861027190
1523,30,70,1,30,30,0,0,31,87,30,30,0.0079076160,0.1221154358,30.0000000000,15.7334598963,1.0000000000,0.2648000000,226.5861027190
1524,30,70,1,30,30,0,0,31,87,30,30,0.0080456511,0.1140697847,30.0000000000,15.7334879674,1.0000000000,0.2648000000,226.5861027190
1525,30,70,1,30,30,0,0,31,87,30,30,0.0079655454,0.1061042393,30.0000000000,15.7334753896,1.0000000000,0.2648000000,226.5861027190
1526,30,70,1,30,30,0,0,31,87,30,30,0.0082783300,0.0978259093,30.0000000000,15.7335293986,1.0000000000,0.2648000000,226.5861027190
1527,30,70,1,30,30,0,0,31,87,30,30,0.0080702251,0.0897556843,30.0000000000,15.7334930110,1.0000000000,0.2648000000,226.5861027190
1528,30,70,1,30,30,0,0,31,87,30,30,0.0082793829,0.0814763014,30.0000000000,15.7335298532,1.0000000000,0.2648000000,226.5861027190
1529,30,70,1,30,30,0,0,31,87,30,30,0.0080954625,0.0733808389,30.0000000000,15.7334921764,1.0000000000,0.2648000000,226.5861027190
1530,30,70,1,30,30,0,0,31,87,30,30,0.0079370104,0.0654438285,30.0000000000,15.7334562561,1.0000000000,0.2648000000,226.5861027190
1531,30,70,1,30,30,0,0,31,87,30,30,0.0080230735,0.0574207550,30.0000000000,15.7334755106,1.0000000000,0.2648000000,226.5861027190
1532,28,72,0,30,0,30,0,31,87,28,28,0.0077447491,0.0496760059,0.0000000000,0.0000000000,0.0000000000,0.2488000000,0.0000000000
1533,27,73,0,28,0,28,0,29,81,27,27,0.0075636954,0.0421123106,0.0000000000,0.0000000000,0.0000000000,0.2392000000,0.0000000000
1534,25,75,0,27,0,27,0,28,78,25,25,0.0071729817,0.0349393288,0.0000000000,0.0000000000,0.0000000000,0.2224000000,0.0000000000
1535,23,77,1,25,23,2,0,26,72,23,23,0.0063882269,0.0285511019,23.0000000000,15.6523299843,0.9200000000,0.2048000000,224.6093750000
1536,20,80,1,23,20,3,0,24,66,20,20,0.0055168634,0.0230342385,20.0000000000,15.6001050336,0.8695652174,0.1792000000,223.2142857143
1537,18,82,1,20,18,2,0,21,57,18,18,0.0050377476,0.0179964909,18.0000000000,15.5557226840,0.9000000000,0.1608000000,223.8805970149
1538,17,83,1,18,17,1,0,19,51,17,17,0.0047996045,0.0131968864,17.0000000000,15.5296122769,0.9444444444,0.1512000000,224.8677248677
1539,13,87,1,17,13,4,0,18,48,13,13,0.0041751298,0.0090217566,13.0000000000,15.3848025225,0.7647058824,0.1184000000,219.5945945946
1540,10,90,1,13,10,3,0,14,36,10,10,0.0029318934,0.0060898631,10.0000000000,15.2001787941,0.7692307692,0.0912000000,219.2982456140
1541,9,91,1,10,9,1,0,11,27,9,9,0.0026554185,0.0034344447,9.0000000000,15.1112896579,0.9000000000,0.0808000000,222.7722772277
1542,6,94,0,7,0,7,0,8,19,6,6,0.0018382526,0.0015961920,0.0000000000,0.0000000000,0.0000000000,0.0544000000,0.0000000000
1543,3,97,0,5,0,5,0,6,12,3,3,0.0009691251,0.0006270669,0.0000000000,0.0000000000,0.0000000000,0.0288000000,0.0000000000
1544,1,99,0,3,0,3,0,4,6,1,1,0.0004998388,0.0001272282,0.0000000000,0.0000000000,0.0000000000,0.0112000000,0.0000000000
1545,0,100,0,1,0,1,0,1,0,0,0,0.0001272282,0.0000000000,0.0000000000,0.0000000000,0.0000000000,0.0008000000,0.0000000000
