Round,Alive,Dead,CH_Count,Generated,Delivered,Lost,Unclustered,LEACH_Epoch,Control_TX,Control_RX,Data_TX,Data_RX,Energy_Used_J,Residual_Energy_J,Avg_Cluster_Size,Avg_Delay_ms,PDR,Round_Duration_s,Throughput_kbps
1,100,0,6,100,100,0,0,1,105,782,100,100,0.0326426921,49.9673573079,16.6666666667,15.5202282061,1.0000000000,0.8840000000,226.2443438914
2,100,0,9,100,100,0,0,1,108,1073,100,100,0.0343729546,49.9329843533,11.1111111111,15.2801948215,1.0000000000,0.8864000000,225.6317689531
3,100,0,2,100,100,0,0,1,102,394,100,100,0.0289048371,49.9040795162,50.0000000000,15.8401705395,1.0000000000,0.8816000000,226.8602540835
4,100,0,5,100,100,0,0,1,105,685,100,100,0.0303062609,49.8737732553,20.0000000000,15.6002015726,1.0000000000,0.8840000000,226.2443438914
5,100,0,4,100,100,0,0,1,104,588,100,100,0.0302460174,49.8435272379,25.0000000000,15.6802484352,1.0000000000,0.8832000000,226.4492753623
6,100,0,9,100,100,0,0,1,109,1073,100,100,0.0341701840,49.8093570540,11.1111111111,15.2801778696,1.0000000000,0.8872000000,225.4283137962
7,100,0,3,100,100,0,0,1,103,491,100,100,0.0288953816,49.7804616724,33.3333333333,15.7601808135,1.0000000000,0.8824000000,226.6545784225
8,100,0,4,100,100,0,0,1,104,588,100,100,0.0300162902,49.7504453822,25.0000000000,15.6801901999,1.0000000000,0.8832000000,226.4492753623
9,100,0,4,100,100,0,0,1,104,588,100,100,0.0313646685,49.7190807137,25.0000000000,15.6802506374,1.0000000000,0.8832000000,226.4492753623
10,100,0,4,100,100,0,0,1,104,588,100,100,0.0303091603,49.6887715534,25.0000000000,15.6801635536,1.0000000000,0.8832000000,226.4492753623
11,100,0,10,100,100,0,0,1,110,1170,100,100,0.0352376960,49.6535338574,10.0000000000,15.2001653590,1.0000000000,0.8880000000,225.2252252252
12,100,0,3,100,100,0,0,1,103,491,100,100,0.0295054671,49.6240283904,33.3333333333,15.7602150748,1.0000000000,0.8824000000,226.6545784225
13,100,0,8,100,100,0,0,1,108,976,100,100,0.0332353509,49.5907930394,12.5000000000,15.3601857193,1.0000000000,0.8864000000,225.6317689531
14,100,0,7,100,100,0,0,1,107,879,100,100,0.0321633840,49.5586296555,14.2857142857,15.4401633151,1.0000000000,0.8856000000,225.8355916893
15,100,0,6,100,100,0,0,1,106,782,100,100,0.0315026033,49.5271270522,16.6666666667,15.5201697520,1.0000000000,0.8848000000,226.0397830018
16,100,0,2,100,100,0,0,1,102,394,100,100,0.0296848728,49.4974421794,50.0000000000,15.8402382911,1.0000000000,0.8816000000,226.8602540835
17,100,0,4,100,100,0,0,1,104,588,100,100,0.0310286946,49.4664134848,25.0000000000,15.6802270581,1.0000000000,0.8832000000,226.4492753623
18,100,0,3,100,100,0,0,1,103,491,100,100,0.0291814520,49.4372320329,33.3333333333,15.7601841982,1.0000000000,0.8824000000,226.6545784225
19,100,0,2,100,100,0,0,1,102,394,100,100,0.0304157912,49.4068162417,50.0000000000,15.8403004415,1.0000000000,0.8816000000,226.8602540835
20,100,0,5,100,100,0,0,1,105,685,100,100,0.0306577355,49.3761585062,20.0000000000,15.6002161020,1.0000000000,0.8840000000,226.2443438914
21,100,0,4,100,100,0,0,2,104,588,100,100,0.0294301149,49.3467283913,25.0000000000,15.6801739781,1.0000000000,0.8832000000,226.4492753623
22,100,0,5,100,100,0,0,2,105,685,100,100,0.0307745400,49.3159538512,20.0000000000,15.6001817904,1.0000000000,0.8840000000,226.2443438914
23,100,0,4,100,100,0,0,2,104,588,100,100,0.0300751612,49.2858786900,25.0000000000,15.6801912822,1.0000000000,0.8832000000,226.4492753623
24,100,0,7,100,100,0,0,2,107,879,100,100,0.0323961517,49.2534825383,14.2857142857,15.4401896407,1.0000000000,0.8856000000,225.8355916893
25,100,0,4,100,100,0,0,2,104,588,100,100,0.0297346556,49.2237478827,25.0000000000,15.6801987615,1.0000000000,0.8832000000,226.4492753623
26,100,0,6,100,100,0,0,2,106,782,100,100,0.0311416853,49.1926061974,16.6666666667,15.5201921818,1.0000000000,0.8848000000,226.0397830018
27,100,0,5,100,100,0,0,2,105,685,100,100,0.0309037400,49.1617024575,20.0000000000,15.6002023249,1.0000000000,0.8840000000,226.2443438914
28,100,0,7,100,100,0,0,2,107,879,100,100,0.0322159765,49.1294864810,14.2857142857,15.4401676275,1.0000000000,0.8856000000,225.8355916893
29,100,0,5,100,100,0,0,2,105,685,100,100,0.0310342170,49.0984522640,20.0000000000,15.6002214509,1.0000000000,0.8840000000,226.2443438914
30,100,0,4,100,100,0,0,2,104,588,100,100,0.0297806020,49.0686716620,25.0000000000,15.6801957993,1.0000000000,0.8832000000,226.4492753623
31,100,0,6,100,100,0,0,2,106,782,100,100,0.0316422645,49.0370293975,16.6666666667,15.5201926626,1.0000000000,0.8848000000,226.0397830018
32,100,0,7,100,100,0,0,2,107,879,100,100,0.0325012719,49.0045281256,14.2857142857,15.4402144477,1.0000000000,0.8856000000,225.8355916893
33,100,0,4,100,100,0,0,2,104,588,100,100,0.0298784551,48.9746496705,25.0000000000,15.6801936663,1.0000000000,0.8832000000,226.4492753623
34,100,0,5,100,100,0,0,2,105,685,100,100,0.0303003798,48.9443492906,20.0000000000,15.6002222468,1.0000000000,0.8840000000,226.2443438914
35,100,0,5,100,100,0,0,2,105,685,100,100,0.0304807105,48.9138685801,20.0000000000,15.6001926048,1.0000000000,0.8840000000,226.2443438914
36,100,0,4,100,100,0,0,2,104,588,100,100,0.0301014911,48.8837670890,25.0000000000,15.6801958859,1.0000000000,0.8832000000,226.4492753623
37,100,0,4,100,100,0,0,2,104,588,100,100,0.0309853512,48.8527817378,25.0000000000,15.6802618932,1.0000000000,0.8832000000,226.4492753623
38,100,0,5,100,100,0,0,2,105,685,100,100,0.0306819835,48.8220997543,20.0000000000,15.6001882244,1.0000000000,0.8840000000,226.2443438914
39,100,0,7,100,100,0,0,2,107,879,100,100,0.0319397589,48.7901599954,14.2857142857,15.4401863168,1.0000000000,0.8856000000,225.8355916893
40,100,0,2,100,100,0,0,2,102,394,100,100,0.0290749670,48.7610850284,50.0000000000,15.8401678202,1.0000000000,0.8816000000,226.8602540835
41,100,0,10,100,100,0,0,3,110,1170,100,100,0.0348253921,48.7262596364,10.0000000000,15.2001644242,1.0000000000,0.8880000000,225.2252252252
42,100,0,5,100,100,0,0,3,105,685,100,100,0.0300261331,48.6962335032,20.0000000000,15.6001752997,1.0000000000,0.8840000000,226.2443438914
43,100,0,2,100,100,0,0,3,102,394,100,100,0.0299110475,48.6663224557,50.0000000000,15.8401945720,1.0000000000,0.8816000000,226.8602540835
44,100,0,2,100,100,0,0,3,102,394,100,100,0.0289235060,48.6373989497,50.0000000000,15.8402142889,1.0000000000,0.8816000000,226.8602540835
45,100,0,4,100,100,0,0,3,104,588,100,100,0.0295828592,48.6078160905,25.0000000000,15.6802015369,1.0000000000,0.8832000000,226.4492753623
46,100,0,3,100,100,0,0,3,103,491,100,100,0.0299687438,48.5778473467,33.3333333333,15.7601809953,1.0000000000,0.8824000000,226.6545784225
47,100,0,9,100,100,0,0,3,109,1073,100,100,0.0338220730,48.5440252737,11.1111111111,15.2801881626,1.0000000000,0.8872000000,225.4283137962
48,100,0,5,100,100,0,0,3,104,685,100,100,0.0332354550,48.5107898187,20.0000000000,15.6002596928,1.0000000000,0.8832000000,226.4492753623
49,100,0,6,100,100,0,0,3,106,782,100,100,0.0312792907,48.4795105280,16.6666666667,15.5201767404,1.0000000000,0.8848000000,226.0397830018
50,100,0,5,100,100,0,0,3,105,685,100,100,0.0314147371,48.4480957909,20.0000000000,15.6002285766,1.0000000000,0.8840000000,226.2443438914
51,100,0,10,100,100,0,0,3,110,1170,100,100,0.0349363050,48.4131594859,10.0000000000,15.2001799425,1.0000000000,0.8880000000,225.2252252252
52,100,0,3,100,100,0,0,3,103,491,100,100,0.0297186357,48.3834408503,33.3333333333,15.7602020641,1.0000000000,0.8824000000,226.6545784225
53,100,0,1,100,100,0,0,3,101,297,100,100,0.0296668044,48.3537740459,100.0000000000,15.9201922231,1.0000000000,0.8808000000,227.0663033606
54,100,0,1,100,100,0,0,3,101,297,100,100,0.0383888830,48.3153851629,100.0000000000,15.9204013507,1.0000000000,0.8808000000,227.0663033606
55,100,0,4,100,100,0,0,3,104,588,100,100,0.0304548486,48.2849303143,25.0000000000,15.6801639347,1.0000000000,0.8832000000,226.4492753623
56,100,0,4,100,100,0,0,3,104,588,100,100,0.0303797993,48.2545505149,25.0000000000,15.6802110408,1.0000000000,0.8832000000,226.4492753623
57,100,0,6,100,100,0,0,3,106,782,100,100,0.0317640441,48.2227864709,16.6666666667,15.5201934236,1.0000000000,0.8848000000,226.0397830018
58,100,0,4,100,100,0,0,3,104,588,100,100,0.0313638979,48.1914225729,25.0000000000,15.6801890427,1.0000000000,0.8832000000,226.4492753623
59,100,0,10,100,100,0,0,3,110,1170,100,100,0.0348097981,48.1566127749,10.0000000000,15.2001769549,1.0000000000,0.8880000000,225.2252252252
60,100,0,6,100,100,0,0,3,106,782,100,100,0.0313849024,48.1252278725,16.6666666667,15.5201962652,1.0000000000,0.8848000000,226.0397830018
61,100,0,2,100,100,0,0,4,102,394,100,100,0.0286096405,48.0966182320,50.0000000000,15.8401969780,1.0000000000,0.8816000000,226.8602540835
62,100,0,2,100,100,0,0,4,102,394,100,100,0.0294948653,48.0671233667,50.0000000000,15.8402113573,1.0000000000,0.8816000000,226.8602540835
63,100,0,3,100,100,0,0,4,103,491,100,100,0.0324255372,48.0346978295,33.3333333333,15.7603114446,1.0000000000,0.8824000000,226.6545784225
64,100,0,3,100,100,0,0,4,103,491,100,100,0.0293863950,48.0053114346,33.3333333333,15.7602317396,1.0000000000,0.8824000000,226.6545784225
65,100,0,8,100,100,0,0,4,108,976,100,100,0.0335022262,47.9718092084,12.5000000000,15.3601714213,1.0000000000,0.8864000000,225.6317689531
66,100,0,4,100,100,0,0,4,104,588,100,100,0.0296989661,47.9421102423,25.0000000000,15.6802365077,1.0000000000,0.8832000000,226.4492753623
67,100,0,2,100,100,0,0,4,102,394,100,100,0.0295490394,47.9125612029,50.0000000000,15.8402805783,1.0000000000,0.8816000000,226.8602540835
68,100,0,10,100,100,0,0,4,110,1170,100,100,0.0350432339,47.8775179691,10.0000000000,15.2001792819,1.0000000000,0.8880000000,225.2252252252
69,100,0,3,100,100,0,0,4,103,491,100,100,0.0297030112,47.8478149579,33.3333333333,15.7602437240,1.0000000000,0.8824000000,226.6545784225
70,100,0,6,100,100,0,0,4,106,782,100,100,0.0309400748,47.8168748831,16.6666666667,15.5201764760,1.0000000000,0.8848000000,226.0397830018
71,100,0,4,100,100,0,0,4,104,588,100,100,0.0309260827,47.7859488003,25.0000000000,15.6802134470,1.0000000000,0.8832000000,226.4492753623
72,100,0,6,100,100,0,0,4,106,782,100,100,0.0316824187,47.7542663816,16.6666666667,15.5201766753,1.0000000000,0.8848000000,226.0397830018
73,100,0,8,100,100,0,0,4,108,976,100,100,0.0331994522,47.7210669294,12.5000000000,15.3601989513,1.0000000000,0.8864000000,225.6317689531
74,100,0,4,100,100,0,0,4,104,588,100,100,0.0298550911,47.6912118383,25.0000000000,15.6801724312,1.0000000000,0.8832000000,226.4492753623
75,100,0,5,100,100,0,0,4,105,685,100,100,0.0307427464,47.6604690919,20.0000000000,15.6001746411,1.0000000000,0.8840000000,226.2443438914
76,100,0,4,100,100,0,0,4,104,588,100,100,0.0301959502,47.6302731417,25.0000000000,15.6801934890,1.0000000000,0.8832000000,226.4492753623
77,100,0,6,100,100,0,0,4,106,782,100,100,0.0317964241,47.5984767176,16.6666666667,15.5202088157,1.0000000000,0.8848000000,226.0397830018
78,100,0,6,100,100,0,0,4,106,782,100,100,0.0319668440,47.5665098736,16.6666666667,15.5201907395,1.0000000000,0.8848000000,226.0397830018
79,100,0,7,100,100,0,0,4,106,879,100,100,0.0319447425,47.5345651311,14.2857142857,15.4401764784,1.0000000000,0.8848000000,226.0397830018
80,100,0,7,100,100,0,0,4,107,879,100,100,0.0328383184,47.5017268127,14.2857142857,15.4401943828,1.0000000000,0.8856000000,225.8355916893
81,100,0,5,100,100,0,0,5,105,685,100,100,0.0307639609,47.4709628518,20.0000000000,15.6001930282,1.0000000000,0.8840000000,226.2443438914
82,100,0,5,100,100,0,0,5,105,685,100,100,0.0305371121,47.4404257398,20.0000000000,15.6002007811,1.0000000000,0.8840000000,226.2443438914
83,100,0,8,100,100,0,0,5,108,976,100,100,0.0336387786,47.4067869612,12.5000000000,15.3601743899,1.0000000000,0.8864000000,225.6317689531
84,100,0,5,100,100,0,0,5,105,685,100,100,0.0304481749,47.3763387863,20.0000000000,15.6001881061,1.0000000000,0.8840000000,226.2443438914
85,100,0,6,100,100,0,0,5,106,782,100,100,0.0309935375,47.3453452489,16.6666666667,15.5201715714,1.0000000000,0.8848000000,226.0397830018
86,100,0,6,100,100,0,0,5,106,782,100,100,0.0311256313,47.3142196176,16.6666666667,15.5201976645,1.0000000000,0.8848000000,226.0397830018
87,100,0,3,100,100,0,0,5,103,491,100,100,0.0296071705,47.2846124471,33.3333333333,15.7602022840,1.0000000000,0.8824000000,226.6545784225
88,100,0,5,100,100,0,0,5,105,685,100,100,0.0308548338,47.2537576133,20.0000000000,15.6001690311,1.0000000000,0.8840000000,226.2443438914
89,100,0,6,100,100,0,0,5,106,782,100,100,0.0337552051,47.2200024082,16.6666666667,15.5202401807,1.0000000000,0.8848000000,226.0397830018
90,100,0,4,100,100,0,0,5,104,588,100,100,0.0308113492,47.1891910589,25.0000000000,15.6802793880,1.0000000000,0.8832000000,226.4492753623
91,100,0,4,100,100,0,0,5,104,588,100,100,0.0296502367,47.1595408222,25.0000000000,15.6802180603,1.0000000000,0.8832000000,226.4492753623
92,100,0,6,100,100,0,0,5,106,782,100,100,0.0311641190,47.1283767032,16.6666666667,15.5201822778,1.0000000000,0.8848000000,226.0397830018
93,100,0,5,100,100,0,0,5,105,685,100,100,0.0308922502,47.0974844531,20.0000000000,15.6002239558,1.0000000000,0.8840000000,226.2443438914
94,100,0,6,100,100,0,0,5,106,782,100,100,0.0319037504,47.0655807027,16.6666666667,15.5201780845,1.0000000000,0.8848000000,226.0397830018
95,100,0,6,100,100,0,0,5,106,782,100,100,0.0316705967,47.0339101059,16.6666666667,15.5201713959,1.0000000000,0.8848000000,226.0397830018
96,100,0,2,100,100,0,0,5,102,394,100,100,0.0295282245,47.0043818815,50.0000000000,15.8402888694,1.0000000000,0.8816000000,226.8602540835
97,100,0,6,100,100,0,0,5,106,782,100,100,0.0312294049,46.9731524766,16.6666666667,15.5201746859,1.0000000000,0.8848000000,226.0397830018
98,100,0,7,100,100,0,0,5,107,879,100,100,0.0323131888,46.9408392878,14.2857142857,15.4401797131,1.0000000000,0.8856000000,225.8355916893
99,100,0,5,100,100,0,0,5,105,685,100,100,0.0312672947,46.9095719931,20.0000000000,15.6002184661,1.0000000000,0.8840000000,226.2443438914
100,100,0,0,100,100,0,100,5,0,0,100,100,0.0135754237,46.8959965694,0.0000000000,8.0001324089,1.0000000000,0.8000000000,250.0000000000
101,100,0,3,100,100,0,0,6,103,491,100,100,0.0297686850,46.8662278844,33.3333333333,15.7601894571,1.0000000000,0.8824000000,226.6545784225
102,100,0,7,100,100,0,0,6,106,879,100,100,0.0327569521,46.8334709323,14.2857142857,15.4402067686,1.0000000000,0.8848000000,226.0397830018
103,100,0,8,100,100,0,0,6,108,976,100,100,0.0334112530,46.8000596793,12.5000000000,15.3601689068,1.0000000000,0.8864000000,225.6317689531
104,100,0,2,100,100,0,0,6,102,394,100,100,0.0286770226,46.7713826566,50.0000000000,15.8402050966,1.0000000000,0.8816000000,226.8602540835
105,100,0,5,100,100,0,0,6,105,685,100,100,0.0302966091,46.7410860475,20.0000000000,15.6001870137,1.0000000000,0.8840000000,226.2443438914
106,100,0,1,100,100,0,0,6,101,297,100,100,0.0416768087,46.6994092389,100.0000000000,15.9204416917,1.0000000000,0.8808000000,227.0663033606
107,100,0,2,100,100,0,0,6,102,394,100,100,0.0292280948,46.6701811441,50.0000000000,15.8401868600,1.0000000000,0.8816000000,226.8602540835
108,100,0,4,100,100,0,0,6,104,588,100,100,0.0293697095,46.6408114346,25.0000000000,15.6802256865,1.0000000000,0.8832000000,226.4492753623
109,100,0,5,100,100,0,0,6,105,685,100,100,0.0308437285,46.6099677061,20.0000000000,15.6001936825,1.0000000000,0.8840000000,226.2443438914
110,100,0,4,100,100,0,0,6,104,588,100,100,0.0301256972,46.5798420089,25.0000000000,15.6802495028,1.0000000000,0.8832000000,226.4492753623
111,100,0,8,100,100,0,0,6,108,976,100,100,0.0332570129,46.5465849960,12.5000000000,15.3602101797,1.0000000000,0.8864000000,225.6317689531
112,100,0,7,100,100,0,0,6,107,879,100,100,0.0321032043,46.5144817917,14.2857142857,15.4401626892,1.0000000000,0.8856000000,225.8355916893
113,100,0,6,100,100,0,0,6,106,782,100,100,0.0319850661,46.4824967256,16.6666666667,15.5201863147,1.0000000000,0.8848000000,226.0397830018
114,100,0,4,100,100,0,0,6,104,588,100,100,0.0298359719,46.4526607537,25.0000000000,15.6801675034,1.0000000000,0.8832000000,226.4492753623
115,100,0,5,100,100,0,0,6,105,685,100,100,0.0316998654,46.4209608884,20.0000000000,15.6002276316,1.0000000000,0.8840000000,226.2443438914
116,100,0,8,100,100,0,0,6,108,976,100,100,0.0327724399,46.3881884485,12.5000000000,15.3601758192,1.0000000000,0.8864000000,225.6317689531
117,100,0,4,100,100,0,0,6,104,588,100,100,0.0302813086,46.3579071398,25.0000000000,15.6802403077,1.0000000000,0.8832000000,226.4492753623
118,100,0,5,100,100,0,0,6,105,685,100,100,0.0312946221,46.3266125177,20.0000000000,15.6001972310,1.0000000000,0.8840000000,226.2443438914
119,100,0,6,100,100,0,0,6,106,782,100,100,0.0321788010,46.2944337167,16.6666666667,15.5202139686,1.0000000000,0.8848000000,226.0397830018
120,100,0,6,100,100,0,0,6,106,782,100,100,0.0312442841,46.2631894325,16.6666666667,15.5201827851,1.0000000000,0.8848000000,226.0397830018
121,100,0,5,100,100,0,0,7,105,685,100,100,0.0316445708,46.2315448617,20.0000000000,15.6002251053,1.0000000000,0.8840000000,226.2443438914
122,100,0,5,100,100,0,0,7,105,685,100,100,0.0337516517,46.1977932100,20.0000000000,15.6002827903,1.0000000000,0.8840000000,226.2443438914
123,100,0,8,100,100,0,0,7,108,976,100,100,0.0331769592,46.1646162508,12.5000000000,15.3601697857,1.0000000000,0.8864000000,225.6317689531
124,100,0,6,100,100,0,0,7,106,782,100,100,0.0312784518,46.1333377990,16.6666666667,15.5202080124,1.0000000000,0.8848000000,226.0397830018
125,100,0,9,100,100,0,0,7,109,1073,100,100,0.0338259137,46.0995118853,11.1111111111,15.2801747680,1.0000000000,0.8872000000,225.4283137962
126,100,0,3,100,100,0,0,7,103,491,100,100,0.0290530297,46.0704588556,33.3333333333,15.7601919940,1.0000000000,0.8824000000,226.6545784225
127,100,0,3,100,100,0,0,7,103,491,100,100,0.0289372312,46.0415216243,33.3333333333,15.7601914909,1.0000000000,0.8824000000,226.6545784225
128,100,0,6,100,100,0,0,7,106,782,100,100,0.0321264611,46.0093951632,16.6666666667,15.5202259294,1.0000000000,0.8848000000,226.0397830018
129,100,0,5,100,100,0,0,7,105,685,100,100,0.0305719696,45.9788231936,20.0000000000,15.6001690549,1.0000000000,0.8840000000,226.2443438914
130,100,0,3,100,100,0,0,7,103,491,100,100,0.0302612364,45.9485619572,33.3333333333,15.7602288665,1.0000000000,0.8824000000,226.6545784225
131,100,0,4,100,100,0,0,7,104,588,100,100,0.0294386253,45.9191233319,25.0000000000,15.6801815941,1.0000000000,0.8832000000,226.4492753623
132,100,0,8,100,100,0,0,7,108,976,100,100,0.0332195962,45.8859037357,12.5000000000,15.3601864607,1.0000000000,0.8864000000,225.6317689531
133,100,0,3,100,100,0,0,7,103,491,100,100,0.0290253953,45.8568783404,33.3333333333,15.7601935974,1.0000000000,0.8824000000,226.6545784225
134,100,0,4,100,100,0,0,7,104,588,100,100,0.0299921216,45.8268862188,25.0000000000,15.6801934999,1.0000000000,0.8832000000,226.4492753623
135,100,0,6,100,100,0,0,7,106,782,100,100,0.0326816292,45.7942045897,16.6666666667,15.5202258172,1.0000000000,0.8848000000,226.0397830018
136,100,0,3,100,100,0,0,7,103,491,100,100,0.0295400174,45.7646645723,33.3333333333,15.7601785764,1.0000000000,0.8824000000,226.6545784225
137,100,0,4,100,100,0,0,7,104,588,100,100,0.0309920908,45.7336724815,25.0000000000,15.6802393692,1.0000000000,0.8832000000,226.4492753623
138,100,0,6,100,100,0,0,7,106,782,100,100,0.0311715779,45.7025009036,16.6666666667,15.5202071672,1.0000000000,0.8848000000,226.0397830018
139,100,0,2,100,100,0,0,7,102,394,100,100,0.0296601004,45.6728408033,50.0000000000,15.8401970877,1.0000000000,0.8816000000,226.8602540835
140,100,0,7,100,100,0,0,7,107,879,100,100,0.0323468196,45.6404939837,14.2857142857,15.4401897620,1.0000000000,0.8856000000,225.8355916893
141,100,0,3,100,100,0,0,8,103,491,100,100,0.0380487850,45.6024451987,33.3333333333,15.7603836297,1.0000000000,0.8824000000,226.6545784225
142,100,0,5,100,100,0,0,8,105,685,100,100,0.0312514479,45.5711937508,20.0000000000,15.6001876935,1.0000000000,0.8840000000,226.2443438914
143,100,0,3,100,100,0,0,8,103,491,100,100,0.0309635658,45.5402301850,33.3333333333,15.7602226434,1.0000000000,0.8824000000,226.6545784225
144,100,0,7,100,100,0,0,8,107,879,100,100,0.0324082977,45.5078218873,14.2857142857,15.4402150175,1.0000000000,0.8856000000,225.8355916893
145,100,0,3,100,100,0,0,8,103,491,100,100,0.0292361101,45.4785857772,33.3333333333,15.7601687653,1.0000000000,0.8824000000,226.6545784225
146,100,0,6,100,100,0,0,8,106,782,100,100,0.0327155963,45.4458701809,16.6666666667,15.5202239585,1.0000000000,0.8848000000,226.0397830018
147,100,0,7,100,100,0,0,8,107,879,100,100,0.0323655355,45.4135046454,14.2857142857,15.4401742682,1.0000000000,0.8856000000,225.8355916893
148,100,0,1,100,100,0,0,8,101,297,100,100,0.0416768087,45.3718278368,100.0000000000,15.9204416917,1.0000000000,0.8808000000,227.0663033606
149,100,0,4,100,100,0,0,8,104,588,100,100,0.0301075312,45.3417203056,25.0000000000,15.6801917232,1.0000000000,0.8832000000,226.4492753623
150,100,0,6,100,100,0,0,8,106,782,100,100,0.0316927671,45.3100275385,16.6666666667,15.5202064655,1.0000000000,0.8848000000,226.0397830018
151,100,0,6,100,100,0,0,8,106,782,100,100,0.0316620940,45.2783654445,16.6666666667,15.5202193108,1.0000000000,0.8848000000,226.0397830018
152,100,0,5,100,100,0,0,8,105,685,100,100,0.0305758328,45.2477896117,20.0000000000,15.6001850065,1.0000000000,0.8840000000,226.2443438914
153,100,0,5,100,100,0,0,8,105,685,100,100,0.0301931838,45.2175964279,20.0000000000,15.6002061159,1.0000000000,0.8840000000,226.2443438914
154,100,0,1,100,100,0,0,8,101,297,100,100,0.0324167591,45.1851796688,100.0000000000,15.9203133667,1.0000000000,0.8808000000,227.0663033606
155,100,0,3,100,100,0,0,8,103,491,100,100,0.0314323701,45.1537472987,33.3333333333,15.7602413084,1.0000000000,0.8824000000,226.6545784225
156,100,0,5,100,100,0,0,8,105,685,100,100,0.0309782553,45.1227690435,20.0000000000,15.6002046348,1.0000000000,0.8840000000,226.2443438914
157,100,0,13,100,100,0,0,8,112,1461,100,100,0.0379370758,45.0848319676,7.6923076923,14.9601643353,1.0000000000,0.8896000000,224.8201438849
158,100,0,7,100,100,0,0,8,107,879,100,100,0.0324762630,45.0523557046,14.2857142857,15.4402003584,1.0000000000,0.8856000000,225.8355916893
159,100,0,7,100,100,0,0,8,107,879,100,100,0.0323792739,45.0199764307,14.2857142857,15.4401868057,1.0000000000,0.8856000000,225.8355916893
160,100,0,3,100,100,0,0,8,103,491,100,100,0.0292535897,44.9907228410,33.3333333333,15.7601633793,1.0000000000,0.8824000000,226.6545784225
161,100,0,6,100,100,0,0,9,106,782,100,100,0.0322835243,44.9584393167,16.6666666667,15.5202023488,1.0000000000,0.8848000000,226.0397830018
162,100,0,5,100,100,0,0,9,105,685,100,100,0.0306844846,44.9277548321,20.0000000000,15.6001796926,1.0000000000,0.8840000000,226.2443438914
163,100,0,4,100,100,0,0,9,104,588,100,100,0.0298710620,44.8978837700,25.0000000000,15.6801831965,1.0000000000,0.8832000000,226.4492753623
164,100,0,2,100,100,0,0,9,102,394,100,100,0.0315412758,44.8663424942,50.0000000000,15.8402580707,1.0000000000,0.8816000000,226.8602540835
165,100,0,6,100,100,0,0,9,106,782,100,100,0.0317072109,44.8346352833,16.6666666667,15.5201820139,1.0000000000,0.8848000000,226.0397830018
166,100,0,6,100,100,0,0,9,106,782,100,100,0.0311385456,44.8034967377,16.6666666667,15.5201882121,1.0000000000,0.8848000000,226.0397830018
167,100,0,3,100,100,0,0,9,103,491,100,100,0.0293872988,44.7741094389,33.3333333333,15.7602070268,1.0000000000,0.8824000000,226.6545784225
168,100,0,5,100,100,0,0,9,105,685,100,100,0.0311859933,44.7429234456,20.0000000000,15.6001967387,1.0000000000,0.8840000000,226.2443438914
169,100,0,6,100,100,0,0,9,106,782,100,100,0.0313374655,44.7115859801,16.6666666667,15.5201889541,1.0000000000,0.8848000000,226.0397830018
170,100,0,2,100,100,0,0,9,102,394,100,100,0.0319744441,44.6796115360,50.0000000000,15.8403116301,1.0000000000,0.8816000000,226.8602540835
171,100,0,5,100,100,0,0,9,105,685,100,100,0.0304980431,44.6491134929,20.0000000000,15.6002395737,1.0000000000,0.8840000000,226.2443438914
172,100,0,4,100,100,0,0,9,104,588,100,100,0.0308922921,44.6182212008,25.0000000000,15.6802610168,1.0000000000,0.8832000000,226.4492753623
173,100,0,4,100,100,0,0,9,104,588,100,100,0.0298551551,44.5883660457,25.0000000000,15.6802219062,1.0000000000,0.8832000000,226.4492753623
174,100,0,4,100,100,0,0,9,104,588,100,100,0.0299889420,44.5583771037,25.0000000000,15.6801999045,1.0000000000,0.8832000000,226.4492753623
175,100,0,10,100,100,0,0,9,109,1170,100,100,0.0354551206,44.5229219831,10.0000000000,15.2001841602,1.0000000000,0.8872000000,225.4283137962
176,100,0,8,100,100,0,0,9,108,976,100,100,0.0339326918,44.4889892913,12.5000000000,15.3601651515,1.0000000000,0.8864000000,225.6317689531
177,100,0,4,100,100,0,0,9,104,588,100,100,0.0292794380,44.4597098533,25.0000000000,15.6801971595,1.0000000000,0.8832000000,226.4492753623
178,100,0,8,100,100,0,0,9,108,976,100,100,0.0332305406,44.4264793127,12.5000000000,15.3602006149,1.0000000000,0.8864000000,225.6317689531
179,100,0,5,100,100,0,0,9,105,685,100,100,0.0304467332,44.3960325795,20.0000000000,15.6001900683,1.0000000000,0.8840000000,226.2443438914
180,100,0,3,100,100,0,0,9,103,491,100,100,0.0293387592,44.3666938203,33.3333333333,15.7601661003,1.0000000000,0.8824000000,226.6545784225
181,100,0,6,100,100,0,0,10,106,782,100,100,0.0314946290,44.3351991913,16.6666666667,15.5201924078,1.0000000000,0.8848000000,226.0397830018
182,100,0,8,100,100,0,0,10,108,976,100,100,0.0328743356,44.3023248557,12.5000000000,15.3601810701,1.0000000000,0.8864000000,225.6317689531
183,100,0,1,100,100,0,0,10,101,297,100,100,0.0299545880,44.2723702677,100.0000000000,15.9202239530,1.0000000000,0.8808000000,227.0663033606
184,100,0,6,100,100,0,0,10,106,782,100,100,0.0312926326,44.2410776351,16.6666666667,15.5202090682,1.0000000000,0.8848000000,226.0397830018
185,100,0,4,100,100,0,0,10,104,588,100,100,0.0297891512,44.2112884839,25.0000000000,15.6801798773,1.0000000000,0.8832000000,226.4492753623
186,100,0,3,100,100,0,0,10,103,491,100,100,0.0299305016,44.1813579823,33.3333333333,15.7601573445,1.0000000000,0.8824000000,226.6545784225
187,100,0,6,100,100,0,0,10,106,782,100,100,0.0338291248,44.1475288574,16.6666666667,15.5202297506,1.0000000000,0.8848000000,226.0397830018
188,100,0,8,100,100,0,0,10,108,976,100,100,0.0331390593,44.1143897982,12.5000000000,15.3601879212,1.0000000000,0.8864000000,225.6317689531
189,100,0,4,100,100,0,0,10,104,588,100,100,0.0307806001,44.0836091981,25.0000000000,15.6801683371,1.0000000000,0.8832000000,226.4492753623
190,100,0,6,100,100,0,0,10,106,782,100,100,0.0317334329,44.0518757652,16.6666666667,15.5202185986,1.0000000000,0.8848000000,226.0397830018
191,100,0,7,100,100,0,0,10,107,879,100,100,0.0327678028,44.0191079624,14.2857142857,15.4402268166,1.0000000000,0.8856000000,225.8355916893
192,100,0,4,100,100,0,0,10,104,588,100,100,0.0301304594,43.9889775030,25.0000000000,15.6801844402,1.0000000000,0.8832000000,226.4492753623
193,100,0,7,100,100,0,0,10,107,879,100,100,0.0322231289,43.9567543741,14.2857142857,15.4401611818,1.0000000000,0.8856000000,225.8355916893
194,100,0,5,100,100,0,0,10,105,685,100,100,0.0309658239,43.9257885502,20.0000000000,15.6002039242,1.0000000000,0.8840000000,226.2443438914
195,100,0,6,100,100,0,0,10,106,782,100,100,0.0315254574,43.8942630929,16.6666666667,15.5201784140,1.0000000000,0.8848000000,226.0397830018
196,100,0,5,100,100,0,0,10,105,685,100,100,0.0312320483,43.8630310446,20.0000000000,15.6001922293,1.0000000000,0.8840000000,226.2443438914
197,100,0,4,100,100,0,0,10,104,588,100,100,0.0305300600,43.8325009846,25.0000000000,15.6801800001,1.0000000000,0.8832000000,226.4492753623
198,100,0,4,100,100,0,0,10,104,588,100,100,0.0310305306,43.8014704540,25.0000000000,15.6802220836,1.0000000000,0.8832000000,226.4492753623
199,100,0,2,100,100,0,0,10,102,394,100,100,0.0298700440,43.7716004100,50.0000000000,15.8402647148,1.0000000000,0.8816000000,226.8602540835
200,100,0,4,100,100,0,0,10,104,588,100,100,0.0310760525,43.7405243575,25.0000000000,15.6802106446,1.0000000000,0.8832000000,226.4492753623
201,100,0,8,100,100,0,0,11,108,976,100,100,0.0331709860,43.7073533715,12.5000000000,15.3601835178,1.0000000000,0.8864000000,225.6317689531
202,100,0,1,100,100,0,0,11,101,297,100,100,0.0379179898,43.6694353816,100.0000000000,15.9204009956,1.0000000000,0.8808000000,227.0663033606
203,100,0,3,100,100,0,0,11,103,491,100,100,0.0293910613,43.6400443203,33.3333333333,15.7601860689,1.0000000000,0.8824000000,226.6545784225
204,100,0,4,100,100,0,0,11,104,588,100,100,0.0297317849,43.6103125354,25.0000000000,15.6801920530,1.0000000000,0.8832000000,226.4492753623
205,100,0,7,100,100,0,0,11,107,879,100,100,0.0318954615,43.5784170739,14.2857142857,15.4401730592,1.0000000000,0.8856000000,225.8355916893
206,100,0,10,100,100,0,0,11,110,1170,100,100,0.0348082512,43.5436088228,10.0000000000,15.2001751564,1.0000000000,0.8880000000,225.2252252252
207,100,0,6,100,100,0,0,11,106,782,100,100,0.0309482091,43.5126606137,16.6666666667,15.5201778152,1.0000000000,0.8848000000,226.0397830018
208,100,0,10,100,100,0,0,11,110,1170,100,100,0.0349571691,43.4777034446,10.0000000000,15.2001682043,1.0000000000,0.8880000000,225.2252252252
209,100,0,3,100,100,0,0,11,103,491,100,100,0.0313146207,43.4463888239,33.3333333333,15.7602783402,1.0000000000,0.8824000000,226.6545784225
210,100,0,1,100,100,0,0,11,101,297,100,100,0.0304065818,43.4159822421,100.0000000000,15.9202271728,1.0000000000,0.8808000000,227.0663033606
211,100,0,8,100,100,0,0,11,108,976,100,100,0.0330379478,43.3829442943,12.5000000000,15.3601725261,1.0000000000,0.8864000000,225.6317689531
212,100,0,4,100,100,0,0,11,104,588,100,100,0.0300021668,43.3529421275,25.0000000000,15.6801800653,1.0000000000,0.8832000000,226.4492753623
213,100,0,3,100,100,0,0,11,103,491,100,100,0.0295346250,43.3234075025,33.3333333333,15.7601801856,1.0000000000,0.8824000000,226.6545784225
214,100,0,4,100,100,0,0,11,104,588,100,100,0.0300249390,43.2933825636,25.0000000000,15.6802311775,1.0000000000,0.8832000000,226.4492753623
215,100,0,4,100,100,0,0,11,104,588,100,100,0.0309548936,43.2624276699,25.0000000000,15.6802644728,1.0000000000,0.8832000000,226.4492753623
216,100,0,7,100,100,0,0,11,107,879,100,100,0.0318769753,43.2305506946,14.2857142857,15.4401813952,1.0000000000,0.8856000000,225.8355916893
217,100,0,4,100,100,0,0,11,104,588,100,100,0.0295947316,43.2009559630,25.0000000000,15.6802010994,1.0000000000,0.8832000000,226.4492753623
218,100,0,6,100,100,0,0,11,106,782,100,100,0.0318021363,43.1691538267,16.6666666667,15.5202426367,1.0000000000,0.8848000000,226.0397830018
219,100,0,4,100,100,0,0,11,104,588,100,100,0.0295335642,43.1396202626,25.0000000000,15.6801645080,1.0000000000,0.8832000000,226.4492753623
220,100,0,3,100,100,0,0,11,103,491,100,100,0.0292900016,43.1103302609,33.3333333333,15.7602421629,1.0000000000,0.8824000000,226.6545784225
221,100,0,6,100,100,0,0,12,106,782,100,100,0.0310285356,43.0793017254,16.6666666667,15.5201851183,1.0000000000,0.8848000000,226.0397830018
222,100,0,6,100,100,0,0,12,106,782,100,100,0.0318021478,43.0474995776,16.6666666667,15.5202290943,1.0000000000,0.8848000000,226.0397830018
223,100,0,2,100,100,0,0,12,102,394,100,100,0.0289183023,43.0185812753,50.0000000000,15.8402169328,1.0000000000,0.8816000000,226.8602540835
224,100,0,4,100,100,0,0,12,104,588,100,100,0.0299868522,42.9885944232,25.0000000000,15.6802512366,1.0000000000,0.8832000000,226.4492753623
225,100,0,2,100,100,0,0,12,102,394,100,100,0.0292546101,42.9593398130,50.0000000000,15.8402083183,1.0000000000,0.8816000000,226.8602540835
226,100,0,11,100,100,0,0,12,111,1267,100,100,0.0358988035,42.9234410096,9.0909090909,15.1201742210,1.0000000000,0.8888000000,225.0225022502
227,100,0,5,100,100,0,0,12,105,685,100,100,0.0312030435,42.8922379661,20.0000000000,15.6001882907,1.0000000000,0.8840000000,226.2443438914
228,100,0,6,100,100,0,0,12,106,782,100,100,0.0315069509,42.8607310152,16.6666666667,15.5201883570,1.0000000000,0.8848000000,226.0397830018
229,100,0,4,100,100,0,0,12,104,588,100,100,0.0301552661,42.8305757491,25.0000000000,15.6801911059,1.0000000000,0.8832000000,226.4492753623
230,100,0,7,100,100,0,0,12,107,879,100,100,0.0321921173,42.7983836318,14.2857142857,15.4401667186,1.0000000000,0.8856000000,225.8355916893
231,100,0,1,100,100,0,0,12,101,297,100,100,0.0316602223,42.7667234096,100.0000000000,15.9202764748,1.0000000000,0.8808000000,227.0663033606
232,100,0,6,100,100,0,0,12,106,782,100,100,0.0319216061,42.7348018034,16.6666666667,15.5201767082,1.0000000000,0.8848000000,226.0397830018
233,100,0,4,100,100,0,0,12,104,588,100,100,0.0313975143,42.7034042891,25.0000000000,15.6802790061,1.0000000000,0.8832000000,226.4492753623
234,100,0,1,100,100,0,0,12,101,297,100,100,0.0353538111,42.6680504780,100.0000000000,15.9203687212,1.0000000000,0.8808000000,227.0663033606
235,100,0,5,100,100,0,0,12,105,685,100,100,0.0310595683,42.6369909097,20.0000000000,15.6001863606,1.0000000000,0.8840000000,226.2443438914
236,100,0,4,100,100,0,0,12,104,588,100,100,0.0303298756,42.6066610342,25.0000000000,15.6801866892,1.0000000000,0.8832000000,226.4492753623
237,100,0,13,100,100,0,0,12,113,1461,100,100,0.0375705893,42.5690904449,7.6923076923,14.9601615090,1.0000000000,0.8904000000,224.6181491465
238,100,0,4,100,100,0,0,12,104,588,100,100,0.0298748467,42.5392155982,25.0000000000,15.6801681918,1.0000000000,0.8832000000,226.4492753623
239,100,0,5,100,100,0,0,12,105,685,100,100,0.0311556239,42.5080599743,20.0000000000,15.6001924068,1.0000000000,0.8840000000,226.2443438914
240,100,0,4,100,100,0,0,12,103,588,100,100,0.0321100054,42.4759499689,25.0000000000,15.6802732161,1.0000000000,0.8824000000,226.6545784225
241,100,0,4,100,100,0,0,13,104,588,100,100,0.0299301893,42.4460197796,25.0000000000,15.6802239733,1.0000000000,0.8832000000,226.4492753623
242,100,0,3,100,100,0,0,13,103,491,100,100,0.0292540803,42.4167656993,33.3333333333,15.7602035809,1.0000000000,0.8824000000,226.6545784225
243,100,0,3,100,100,0,0,13,103,491,100,100,0.0308630809,42.3859026185,33.3333333333,15.7602718831,1.0000000000,0.8824000000,226.6545784225
244,100,0,9,100,100,0,0,13,109,1073,100,100,0.0337290607,42.3521735578,11.1111111111,15.2801678087,1.0000000000,0.8872000000,225.4283137962
245,100,0,5,100,100,0,0,13,105,685,100,100,0.0299961448,42.3221774130,20.0000000000,15.6001693606,1.0000000000,0.8840000000,226.2443438914
246,100,0,4,100,100,0,0,13,104,588,100,100,0.0294948539,42.2926825591,25.0000000000,15.6801726469,1.0000000000,0.8832000000,226.4492753623
247,100,0,7,100,100,0,0,13,107,879,100,100,0.0321978563,42.2604847028,14.2857142857,15.4401665957,1.0000000000,0.8856000000,225.8355916893
248,100,0,5,100,100,0,0,13,104,685,100,100,0.0313419337,42.2291427691,20.0000000000,15.6002156948,1.0000000000,0.8832000000,226.4492753623
249,100,0,6,100,100,0,0,13,106,782,100,100,0.0310138496,42.1981289195,16.6666666667,15.5201825229,1.0000000000,0.8848000000,226.0397830018
250,100,0,7,100,100,0,0,13,107,879,100,100,0.0324788468,42.1656500728,14.2857142857,15.4402339731,1.0000000000,0.8856000000,225.8355916893
251,100,0,2,100,100,0,0,13,102,394,100,100,0.0358378289,42.1298122439,50.0000000000,15.8403602297,1.0000000000,0.8816000000,226.8602540835
252,100,0,5,100,100,0,0,13,105,685,100,100,0.0305709114,42.0992413325,20.0000000000,15.6002206234,1.0000000000,0.8840000000,226.2443438914
253,100,0,4,100,100,0,0,13,104,588,100,100,0.0292697658,42.0699715667,25.0000000000,15.6801871922,1.0000000000,0.8832000000,226.4492753623
254,100,0,3,100,100,0,0,13,103,491,100,100,0.0305006786,42.0394708880,33.3333333333,15.7602312349,1.0000000000,0.8824000000,226.6545784225
255,100,0,4,100,100,0,0,13,104,588,100,100,0.0303642426,42.0091066455,25.0000000000,15.6802299682,1.0000000000,0.8832000000,226.4492753623
256,100,0,6,100,100,0,0,13,106,782,100,100,0.0311369208,41.9779697246,16.6666666667,15.5201853719,1.0000000000,0.8848000000,226.0397830018
257,100,0,8,100,100,0,0,13,108,976,100,100,0.0329718000,41.9449979246,12.5000000000,15.3601870849,1.0000000000,0.8864000000,225.6317689531
258,100,0,6,100,100,0,0,13,106,782,100,100,0.0315493092,41.9134486154,16.6666666667,15.5201660843,1.0000000000,0.8848000000,226.0397830018
259,100,0,4,100,100,0,0,13,104,588,100,100,0.0325964917,41.8808521237,25.0000000000,15.6802630368,1.0000000000,0.8832000000,226.4492753623
260,100,0,5,100,100,0,0,13,105,685,100,100,0.0310702574,41.8497818663,20.0000000000,15.6001918119,1.0000000000,0.8840000000,226.2443438914
261,100,0,6,100,100,0,0,14,106,782,100,100,0.0319184778,41.8178633884,16.6666666667,15.5202211902,1.0000000000,0.8848000000,226.0397830018
262,100,0,5,100,100,0,0,14,105,685,100,100,0.0301428890,41.7877204994,20.0000000000,15.6001893292,1.0000000000,0.8840000000,226.2443438914
263,100,0,7,100,100,0,0,14,107,879,100,100,0.0334038975,41.7543166019,14.2857142857,15.4402147578,1.0000000000,0.8856000000,225.8355916893
264,100,0,4,100,100,0,0,14,104,588,100,100,0.0301828883,41.7241337136,25.0000000000,15.6802167557,1.0000000000,0.8832000000,226.4492753623
265,100,0,8,100,100,0,0,14,108,976,100,100,0.0329544348,41.6911792788,12.5000000000,15.3601674686,1.0000000000,0.8864000000,225.6317689531
266,100,0,6,100,100,0,0,14,106,782,100,100,0.0329745974,41.6582046815,16.6666666667,15.5201945366,1.0000000000,0.8848000000,226.0397830018
267,100,0,5,100,100,0,0,14,105,685,100,100,0.0304868131,41.6277178683,20.0000000000,15.6002095213,1.0000000000,0.8840000000,226.2443438914
268,100,0,5,100,100,0,0,14,105,685,100,100,0.0311706258,41.5965472426,20.0000000000,15.6001872985,1.0000000000,0.8840000000,226.2443438914
269,100,0,4,100,100,0,0,14,104,588,100,100,0.0311288300,41.5654184126,25.0000000000,15.6802601572,1.0000000000,0.8832000000,226.4492753623
270,100,0,3,100,100,0,0,14,103,491,100,100,0.0297188108,41.5356996017,33.3333333333,15.7602161247,1.0000000000,0.8824000000,226.6545784225
271,100,0,4,100,100,0,0,14,104,588,100,100,0.0300461321,41.5056534696,25.0000000000,15.6801718932,1.0000000000,0.8832000000,226.4492753623
272,100,0,6,100,100,0,0,14,106,782,100,100,0.0316401434,41.4740133262,16.6666666667,15.5201955747,1.0000000000,0.8848000000,226.0397830018
273,100,0,3,100,100,0,0,14,103,491,100,100,0.0295364684,41.4444768578,33.3333333333,15.7602513205,1.0000000000,0.8824000000,226.6545784225
274,100,0,5,100,100,0,0,14,105,685,100,100,0.0302356609,41.4142411969,20.0000000000,15.6001796598,1.0000000000,0.8840000000,226.2443438914
275,100,0,5,100,100,0,0,14,105,685,100,100,0.0315088847,41.3827323122,20.0000000000,15.6002597094,1.0000000000,0.8840000000,226.2443438914
276,100,0,2,100,100,0,0,14,102,394,100,100,0.0293011828,41.3534311294,50.0000000000,15.8401956634,1.0000000000,0.8816000000,226.8602540835
277,100,0,8,100,100,0,0,14,107,976,100,100,0.0338505568,41.3195805726,12.5000000000,15.3601670854,1.0000000000,0.8856000000,225.8355916893
278,100,0,6,100,100,0,0,14,106,782,100,100,0.0326253854,41.2869551871,16.6666666667,15.5202104010,1.0000000000,0.8848000000,226.0397830018
279,100,0,7,100,100,0,0,14,107,879,100,100,0.0323727807,41.2545824065,14.2857142857,15.4401654636,1.0000000000,0.8856000000,225.8355916893
280,100,0,1,100,100,0,0,14,101,297,100,100,0.0375473524,41.2170350540,100.0000000000,15.9204078594,1.0000000000,0.8808000000,227.0663033606
281,100,0,8,100,100,0,0,15,108,976,100,100,0.0329007800,41.1841342741,12.5000000000,15.3601643304,1.0000000000,0.8864000000,225.6317689531
282,100,0,10,100,100,0,0,15,110,1170,100,100,0.0349930599,41.1491412142,10.0000000000,15.2001621874,1.0000000000,0.8880000000,225.2252252252
283,100,0,3,100,100,0,0,15,103,491,100,100,0.0298502799,41.1192909343,33.3333333333,15.7602130925,1.0000000000,0.8824000000,226.6545784225
284,100,0,1,100,100,0,0,15,101,297,100,100,0.0302017213,41.0890892129,100.0000000000,15.9202208230,1.0000000000,0.8808000000,227.0663033606
285,100,0,6,100,100,0,0,15,106,782,100,100,0.0313409220,41.0577482910,16.6666666667,15.5202073122,1.0000000000,0.8848000000,226.0397830018
286,100,0,2,100,100,0,0,15,102,394,100,100,0.0292347416,41.0285135494,50.0000000000,15.8402036369,1.0000000000,0.8816000000,226.8602540835
287,100,0,4,100,100,0,0,15,104,588,100,100,0.0308506812,40.9976628683,25.0000000000,15.6802316007,1.0000000000,0.8832000000,226.4492753623
288,100,0,9,100,100,0,0,15,109,1073,100,100,0.0341001226,40.9635627457,11.1111111111,15.2801629487,1.0000000000,0.8872000000,225.4283137962
289,100,0,7,100,100,0,0,15,107,879,100,100,0.0326456160,40.9309171297,14.2857142857,15.4401843334,1.0000000000,0.8856000000,225.8355916893
290,100,0,6,100,100,0,0,15,106,782,100,100,0.0316357339,40.8992813958,16.6666666667,15.5201733923,1.0000000000,0.8848000000,226.0397830018
291,100,0,4,100,100,0,0,15,104,588,100,100,0.0333375048,40.8659438910,25.0000000000,15.6802652846,1.0000000000,0.8832000000,226.4492753623
292,100,0,7,100,100,0,0,15,107,879,100,100,0.0320619265,40.8338819646,14.2857142857,15.4401973496,1.0000000000,0.8856000000,225.8355916893
293,100,0,3,100,100,0,0,15,103,491,100,100,0.0308803835,40.8030015810,33.3333333333,15.7602467713,1.0000000000,0.8824000000,226.6545784225
294,100,0,3,100,100,0,0,15,103,491,100,100,0.0296698327,40.7733317484,33.3333333333,15.7601684938,1.0000000000,0.8824000000,226.6545784225
295,100,0,2,100,100,0,0,15,102,394,100,100,0.0317947578,40.7415369905,50.0000000000,15.8403053301,1.0000000000,0.8816000000,226.8602540835
296,100,0,5,100,100,0,0,15,105,685,100,100,0.0323951589,40.7091418316,20.0000000000,15.6002342884,1.0000000000,0.8840000000,226.2443438914
297,100,0,5,100,100,0,0,15,105,685,100,100,0.0332436286,40.6758982029,20.0000000000,15.6002506212,1.0000000000,0.8840000000,226.2443438914
298,100,0,2,100,100,0,0,15,102,394,100,100,0.0300118467,40.6458863563,50.0000000000,15.8402560891,1.0000000000,0.8816000000,226.8602540835
299,100,0,5,100,100,0,0,15,105,685,100,100,0.0307793531,40.6151070032,20.0000000000,15.6001942357,1.0000000000,0.8840000000,226.2443438914
300,100,0,8,100,100,0,0,15,108,976,100,100,0.0333333203,40.5817736829,12.5000000000,15.3601723510,1.0000000000,0.8864000000,225.6317689531
301,100,0,7,100,100,0,0,16,107,879,100,100,0.0318472776,40.5499264053,14.2857142857,15.4401798622,1.0000000000,0.8856000000,225.8355916893
302,100,0,5,100,100,0,0,16,105,685,100,100,0.0319928298,40.5179335754,20.0000000000,15.6001974448,1.0000000000,0.8840000000,226.2443438914
303,100,0,9,100,100,0,0,16,109,1073,100,100,0.0340126280,40.4839209474,11.1111111111,15.2801792381,1.0000000000,0.8872000000,225.4283137962
304,100,0,9,100,100,0,0,16,109,1073,100,100,0.0342224880,40.4496984594,11.1111111111,15.2801846407,1.0000000000,0.8872000000,225.4283137962
305,100,0,5,100,100,0,0,16,105,685,100,100,0.0312284591,40.4184700003,20.0000000000,15.6002125729,1.0000000000,0.8840000000,226.2443438914
306,100,0,3,100,100,0,0,16,103,491,100,100,0.0323428153,40.3861271850,33.3333333333,15.7602786819,1.0000000000,0.8824000000,226.6545784225
307,100,0,3,100,100,0,0,16,103,491,100,100,0.0296925463,40.3564346387,33.3333333333,15.7601908367,1.0000000000,0.8824000000,226.6545784225
308,100,0,5,100,100,0,0,16,105,685,100,100,0.0301568931,40.3262777456,20.0000000000,15.6002111144,1.0000000000,0.8840000000,226.2443438914
309,100,0,5,100,100,0,0,16,105,685,100,100,0.0312311766,40.2950465690,20.0000000000,15.6002133733,1.0000000000,0.8840000000,226.2443438914
310,100,0,5,100,100,0,0,16,105,685,100,100,0.0305098862,40.2645366829,20.0000000000,15.6001874260,1.0000000000,0.8840000000,226.2443438914
311,100,0,4,100,100,0,0,16,104,588,100,100,0.0298901237,40.2346465592,25.0000000000,15.6801709079,1.0000000000,0.8832000000,226.4492753623
312,100,0,6,100,100,0,0,16,106,782,100,100,0.0314693688,40.2031771904,16.6666666667,15.5201555346,1.0000000000,0.8848000000,226.0397830018
313,100,0,5,100,100,0,0,16,105,685,100,100,0.0305801131,40.1725970774,20.0000000000,15.6002094782,1.0000000000,0.8840000000,226.2443438914
314,100,0,7,100,100,0,0,16,107,879,100,100,0.0321452378,40.1404518396,14.2857142857,15.4401706360,1.0000000000,0.8856000000,225.8355916893
315,100,0,5,100,100,0,0,16,105,685,100,100,0.0311109420,40.1093408976,20.0000000000,15.6002049267,1.0000000000,0.8840000000,226.2443438914
316,100,0,2,100,100,0,0,16,102,394,100,100,0.0294052801,40.0799356175,50.0000000000,15.8401901410,1.0000000000,0.8816000000,226.8602540835
317,100,0,5,100,100,0,0,16,105,685,100,100,0.0310506455,40.0488849720,20.0000000000,15.6002207425,1.0000000000,0.8840000000,226.2443438914
318,100,0,4,100,100,0,0,16,104,588,100,100,0.0292465901,40.0196383819,25.0000000000,15.6802029703,1.0000000000,0.8832000000,226.4492753623
319,100,0,2,100,100,0,0,16,102,394,100,100,0.0297875708,39.9898508111,50.0000000000,15.8402243417,1.0000000000,0.8816000000,226.8602540835
320,100,0,4,100,100,0,0,16,104,588,100,100,0.0294334180,39.9604173930,25.0000000000,15.6802190241,1.0000000000,0.8832000000,226.4492753623
321,100,0,3,100,100,0,0,17,103,491,100,100,0.0310107193,39.9294066738,33.3333333333,15.7602688916,1.0000000000,0.8824000000,226.6545784225
322,100,0,10,100,100,0,0,17,110,1170,100,100,0.0347387398,39.8946679340,10.0000000000,15.2001544395,1.0000000000,0.8880000000,225.2252252252
323,100,0,6,100,100,0,0,17,106,782,100,100,0.0312472309,39.8634207031,16.6666666667,15.5201582416,1.0000000000,0.8848000000,226.0397830018
324,100,0,8,100,100,0,0,17,108,976,100,100,0.0328469994,39.8305737037,12.5000000000,15.3601683707,1.0000000000,0.8864000000,225.6317689531
325,100,0,4,100,100,0,0,17,104,588,100,100,0.0313398466,39.7992338572,25.0000000000,15.6802115100,1.0000000000,0.8832000000,226.4492753623
326,100,0,4,100,100,0,0,17,104,588,100,100,0.0318162729,39.7674175842,25.0000000000,15.6802274259,1.0000000000,0.8832000000,226.4492753623
327,100,0,7,100,100,0,0,17,107,879,100,100,0.0331809434,39.7342366408,14.2857142857,15.4402324527,1.0000000000,0.8856000000,225.8355916893
328,100,0,2,100,100,0,0,17,102,394,100,100,0.0306582558,39.7035783851,50.0000000000,15.8402141710,1.0000000000,0.8816000000,226.8602540835
329,100,0,8,100,100,0,0,17,108,976,100,100,0.0336825217,39.6698958634,12.5000000000,15.3601819993,1.0000000000,0.8864000000,225.6317689531
330,100,0,8,100,100,0,0,17,108,976,100,100,0.0331612895,39.6367345739,12.5000000000,15.3601713572,1.0000000000,0.8864000000,225.6317689531
331,100,0,5,100,100,0,0,17,105,685,100,100,0.0302109523,39.6065236216,20.0000000000,15.6001847676,1.0000000000,0.8840000000,226.2443438914
332,100,0,2,100,100,0,0,17,102,394,100,100,0.0300833912,39.5764402304,50.0000000000,15.8402225410,1.0000000000,0.8816000000,226.8602540835
333,100,0,2,100,100,0,0,17,102,394,100,100,0.0288334839,39.5476067466,50.0000000000,15.8402190376,1.0000000000,0.8816000000,226.8602540835
334,100,0,4,100,100,0,0,17,103,588,100,100,0.0307110610,39.5168956855,25.0000000000,15.6802307358,1.0000000000,0.8824000000,226.6545784225
335,100,0,4,100,100,0,0,17,104,588,100,100,0.0302548785,39.4866408071,25.0000000000,15.6801878528,1.0000000000,0.8832000000,226.4492753623
336,100,0,5,100,100,0,0,17,105,685,100,100,0.0303761037,39.4562647034,20.0000000000,15.6002263055,1.0000000000,0.8840000000,226.2443438914
337,100,0,4,100,100,0,0,17,104,588,100,100,0.0325102333,39.4237544700,25.0000000000,15.6802485711,1.0000000000,0.8832000000,226.4492753623
338,100,0,5,100,100,0,0,17,105,685,100,100,0.0311155423,39.3926389277,20.0000000000,15.6002387178,1.0000000000,0.8840000000,226.2443438914
339,100,0,5,100,100,0,0,17,105,685,100,100,0.0308932275,39.3617457002,20.0000000000,15.6002271521,1.0000000000,0.8840000000,226.2443438914
340,100,0,4,100,100,0,0,17,104,588,100,100,0.0302915177,39.3314541825,25.0000000000,15.6802212980,1.0000000000,0.8832000000,226.4492753623
341,100,0,4,100,100,0,0,18,104,588,100,100,0.0303096908,39.3011444917,25.0000000000,15.6802113840,1.0000000000,0.8832000000,226.4492753623
342,100,0,8,100,100,0,0,18,108,976,100,100,0.0334226128,39.2677218789,12.5000000000,15.3602033256,1.0000000000,0.8864000000,225.6317689531
343,100,0,2,100,100,0,0,18,102,394,100,100,0.0303271736,39.2373947053,50.0000000000,15.8403072088,1.0000000000,0.8816000000,226.8602540835
344,100,0,5,100,100,0,0,18,105,685,100,100,0.0308337637,39.2065609415,20.0000000000,15.6001905776,1.0000000000,0.8840000000,226.2443438914
345,100,0,3,100,100,0,0,18,103,491,100,100,0.0297452181,39.1768157235,33.3333333333,15.7602294829,1.0000000000,0.8824000000,226.6545784225
346,100,0,4,100,100,0,0,18,104,588,100,100,0.0312888663,39.1455268571,25.0000000000,15.6801850457,1.0000000000,0.8832000000,226.4492753623
347,100,0,7,100,100,0,0,18,107,879,100,100,0.0320892637,39.1134375934,14.2857142857,15.4401920031,1.0000000000,0.8856000000,225.8355916893
348,100,0,4,100,100,0,0,18,104,588,100,100,0.0300159812,39.0834216122,25.0000000000,15.6802269902,1.0000000000,0.8832000000,226.4492753623
349,100,0,7,100,100,0,0,18,107,879,100,100,0.0331864090,39.0502352031,14.2857142857,15.4402182032,1.0000000000,0.8856000000,225.8355916893
350,100,0,11,100,100,0,0,18,111,1267,100,100,0.0357066627,39.0145285404,9.0909090909,15.1201724464,1.0000000000,0.8888000000,225.0225022502
351,100,0,5,100,100,0,0,18,105,685,100,100,0.0313726674,38.9831558730,20.0000000000,15.6001721855,1.0000000000,0.8840000000,226.2443438914
352,100,0,8,100,100,0,0,18,108,976,100,100,0.0328428645,38.9503130085,12.5000000000,15.3601740794,1.0000000000,0.8864000000,225.6317689531
353,100,0,2,100,100,0,0,18,102,394,100,100,0.0288888837,38.9214241248,50.0000000000,15.8402100132,1.0000000000,0.8816000000,226.8602540835
354,100,0,5,100,100,0,0,18,105,685,100,100,0.0311835816,38.8902405432,20.0000000000,15.6001932321,1.0000000000,0.8840000000,226.2443438914
355,100,0,7,100,100,0,0,18,107,879,100,100,0.0321407821,38.8580997611,14.2857142857,15.4401691885,1.0000000000,0.8856000000,225.8355916893
356,100,0,5,100,100,0,0,18,105,685,100,100,0.0311093018,38.8269904593,20.0000000000,15.6002192772,1.0000000000,0.8840000000,226.2443438914
357,100,0,4,100,100,0,0,18,104,588,100,100,0.0301668540,38.7968236053,25.0000000000,15.6802085772,1.0000000000,0.8832000000,226.4492753623
358,100,0,4,100,100,0,0,18,104,588,100,100,0.0300291888,38.7667944165,25.0000000000,15.6802115928,1.0000000000,0.8832000000,226.4492753623
359,100,0,1,100,100,0,0,18,101,297,100,100,0.0298632279,38.7369311886,100.0000000000,15.9202106196,1.0000000000,0.8808000000,227.0663033606
360,100,0,4,100,100,0,0,18,104,588,100,100,0.0307344838,38.7061967048,25.0000000000,15.6802514281,1.0000000000,0.8832000000,226.4492753623
361,100,0,5,100,100,0,0,19,105,685,100,100,0.0300037302,38.6761929745,20.0000000000,15.6001560643,1.0000000000,0.8840000000,226.2443438914
362,100,0,4,100,100,0,0,19,104,588,100,100,0.0314238048,38.6447691697,25.0000000000,15.6801917273,1.0000000000,0.8832000000,226.4492753623
363,100,0,8,100,100,0,0,19,108,976,100,100,0.0335329281,38.6112362416,12.5000000000,15.3601875767,1.0000000000,0.8864000000,225.6317689531
364,100,0,6,100,100,0,0,19,106,782,100,100,0.0313197433,38.5799164983,16.6666666667,15.5202177878,1.0000000000,0.8848000000,226.0397830018
365,100,0,6,100,100,0,0,19,106,782,100,100,0.0313500511,38.5485664472,16.6666666667,15.5202276742,1.0000000000,0.8848000000,226.0397830018
366,100,0,3,100,100,0,0,19,103,491,100,100,0.0297807060,38.5187857411,33.3333333333,15.7602144568,1.0000000000,0.8824000000,226.6545784225
367,100,0,5,100,100,0,0,19,105,685,100,100,0.0305338449,38.4882518962,20.0000000000,15.6001683106,1.0000000000,0.8840000000,226.2443438914
368,100,0,6,100,100,0,0,19,106,782,100,100,0.0315053416,38.4567465547,16.6666666667,15.5201747718,1.0000000000,0.8848000000,226.0397830018
369,100,0,5,100,100,0,0,19,105,685,100,100,0.0320590947,38.4246874599,20.0000000000,15.6002591778,1.0000000000,0.8840000000,226.2443438914
370,100,0,5,100,100,0,0,19,105,685,100,100,0.0306755947,38.3940118652,20.0000000000,15.6001882669,1.0000000000,0.8840000000,226.2443438914
371,100,0,6,100,100,0,0,19,106,782,100,100,0.0323497644,38.3616621008,16.6666666667,15.5202293639,1.0000000000,0.8848000000,226.0397830018
372,100,0,3,100,100,0,0,19,103,491,100,100,0.0314438779,38.3302182229,33.3333333333,15.7602000915,1.0000000000,0.8824000000,226.6545784225
373,100,0,6,100,100,0,0,19,105,782,100,100,0.0332255797,38.2969926433,16.6666666667,15.5202472854,1.0000000000,0.8840000000,226.2443438914
374,100,0,6,100,100,0,0,19,106,782,100,100,0.0315911465,38.2654014968,16.6666666667,15.5201631375,1.0000000000,0.8848000000,226.0397830018
375,100,0,2,100,100,0,0,19,102,394,100,100,0.0321692421,38.2332322547,50.0000000000,15.8402945664,1.0000000000,0.8816000000,226.8602540835
376,100,0,4,100,100,0,0,19,104,588,100,100,0.0313660621,38.2018661925,25.0000000000,15.6802738715,1.0000000000,0.8832000000,226.4492753623
377,100,0,2,100,100,0,0,19,102,394,100,100,0.0289407277,38.1729254648,50.0000000000,15.8402173751,1.0000000000,0.8816000000,226.8602540835
378,100,0,5,100,100,0,0,19,105,685,100,100,0.0312375374,38.1416879274,20.0000000000,15.6002215807,1.0000000000,0.8840000000,226.2443438914
379,100,0,9,100,100,0,0,19,109,1073,100,100,0.0341767182,38.1075112092,11.1111111111,15.2801873063,1.0000000000,0.8872000000,225.4283137962
380,100,0,4,100,100,0,0,19,104,588,100,100,0.0298658735,38.0776453357,25.0000000000,15.6801649463,1.0000000000,0.8832000000,226.4492753623
381,100,0,3,100,100,0,0,20,103,491,100,100,0.0300525232,38.0475928125,33.3333333333,15.7602302258,1.0000000000,0.8824000000,226.6545784225
382,100,0,4,100,100,0,0,20,104,588,100,100,0.0298049989,38.0177878136,25.0000000000,15.6801977026,1.0000000000,0.8832000000,226.4492753623
383,100,0,5,100,100,0,0,20,105,685,100,100,0.0310203343,37.9867674793,20.0000000000,15.6001601932,1.0000000000,0.8840000000,226.2443438914
384,100,0,4,100,100,0,0,20,104,588,100,100,0.0295793342,37.9571881451,25.0000000000,15.6801985086,1.0000000000,0.8832000000,226.4492753623
385,100,0,6,100,100,0,0,20,106,782,100,100,0.0309574074,37.9262307377,16.6666666667,15.5201909230,1.0000000000,0.8848000000,226.0397830018
386,100,0,8,100,100,0,0,20,108,976,100,100,0.0330390893,37.8931916484,12.5000000000,15.3601743452,1.0000000000,0.8864000000,225.6317689531
387,100,0,3,100,100,0,0,20,103,491,100,100,0.0295602541,37.8636313943,33.3333333333,15.7602614312,1.0000000000,0.8824000000,226.6545784225
388,100,0,3,100,100,0,0,20,103,491,100,100,0.0305355608,37.8330958335,33.3333333333,15.7602969593,1.0000000000,0.8824000000,226.6545784225
389,100,0,7,100,100,0,0,20,107,879,100,100,0.0325408704,37.8005549631,14.2857142857,15.4401883458,1.0000000000,0.8856000000,225.8355916893
390,100,0,6,100,100,0,0,20,106,782,100,100,0.0314097764,37.7691451867,16.6666666667,15.5201799017,1.0000000000,0.8848000000,226.0397830018
391,100,0,3,100,100,0,0,20,103,491,100,100,0.0297365929,37.7394085938,33.3333333333,15.7602211345,1.0000000000,0.8824000000,226.6545784225
392,100,0,3,100,100,0,0,20,103,491,100,100,0.0300173288,37.7093912650,33.3333333333,15.7602246457,1.0000000000,0.8824000000,226.6545784225
393,100,0,6,100,100,0,0,20,106,782,100,100,0.0318594712,37.6775317938,16.6666666667,15.5201627351,1.0000000000,0.8848000000,226.0397830018
394,100,0,4,100,100,0,0,20,104,588,100,100,0.0298366539,37.6476951399,25.0000000000,15.6801874241,1.0000000000,0.8832000000,226.4492753623
395,100,0,9,100,100,0,0,20,109,1073,100,100,0.0338012585,37.6138938814,11.1111111111,15.2801837229,1.0000000000,0.8872000000,225.4283137962
396,100,0,5,100,100,0,0,20,105,685,100,100,0.0313605540,37.5825333274,20.0000000000,15.6002375919,1.0000000000,0.8840000000,226.2443438914
397,100,0,5,100,100,0,0,20,105,685,100,100,0.0306120186,37.5519213088,20.0000000000,15.6001751735,1.0000000000,0.8840000000,226.2443438914
398,100,0,9,100,100,0,0,20,109,1073,100,100,0.0339358742,37.5179854346,11.1111111111,15.2801937509,1.0000000000,0.8872000000,225.4283137962
399,100,0,5,100,100,0,0,20,105,685,100,100,0.0316964930,37.4862889416,20.0000000000,15.6001743861,1.0000000000,0.8840000000,226.2443438914
400,100,0,2,100,100,0,0,20,102,394,100,100,0.0289223914,37.4573665502,50.0000000000,15.8401990538,1.0000000000,0.8816000000,226.8602540835
401,100,0,8,100,100,0,0,21,107,976,100,100,0.0332926928,37.4240738573,12.5000000000,15.3601942143,1.0000000000,0.8856000000,225.8355916893
402,100,0,6,100,100,0,0,21,106,782,100,100,0.0318404326,37.3922334247,16.6666666667,15.5202070360,1.0000000000,0.8848000000,226.0397830018
403,100,0,4,100,100,0,0,21,104,588,100,100,0.0299556896,37.3622777351,25.0000000000,15.6801834905,1.0000000000,0.8832000000,226.4492753623
404,100,0,5,100,100,0,0,21,105,685,100,100,0.0314249844,37.3308527507,20.0000000000,15.6002075771,1.0000000000,0.8840000000,226.2443438914
405,100,0,5,100,100,0,0,21,105,685,100,100,0.0307662910,37.3000864597,20.0000000000,15.6002313696,1.0000000000,0.8840000000,226.2443438914
406,100,0,8,100,100,0,0,21,108,976,100,100,0.0327925992,37.2672938606,12.5000000000,15.3601797347,1.0000000000,0.8864000000,225.6317689531
407,100,0,3,100,100,0,0,21,103,491,100,100,0.0291507443,37.2381431163,33.3333333333,15.7602287095,1.0000000000,0.8824000000,226.6545784225
408,100,0,5,100,100,0,0,21,105,685,100,100,0.0308593127,37.2072838036,20.0000000000,15.6001861723,1.0000000000,0.8840000000,226.2443438914
409,100,0,3,100,100,0,0,21,103,491,100,100,0.0292550436,37.1780287601,33.3333333333,15.7601645782,1.0000000000,0.8824000000,226.6545784225
410,100,0,9,100,100,0,0,21,109,1073,100,100,0.0342975303,37.1437312298,11.1111111111,15.2801850938,1.0000000000,0.8872000000,225.4283137962
411,100,0,5,100,100,0,0,21,105,685,100,100,0.0300666669,37.1136645629,20.0000000000,15.6001981313,1.0000000000,0.8840000000,226.2443438914
412,100,0,5,100,100,0,0,21,105,685,100,100,0.0302183357,37.0834462272,20.0000000000,15.6001812622,1.0000000000,0.8840000000,226.2443438914
413,100,0,4,100,100,0,0,21,104,588,100,100,0.0300088352,37.0534373920,25.0000000000,15.6801972106,1.0000000000,0.8832000000,226.4492753623
414,100,0,4,100,100,0,0,21,104,588,100,100,0.0304537927,37.0229835993,25.0000000000,15.6801572955,1.0000000000,0.8832000000,226.4492753623
415,100,0,5,100,100,0,0,21,105,685,100,100,0.0337314011,36.9892521981,20.0000000000,15.6002503218,1.0000000000,0.8840000000,226.2443438914
416,100,0,4,100,100,0,0,21,104,588,100,100,0.0306093141,36.9586428841,25.0000000000,15.6802588660,1.0000000000,0.8832000000,226.4492753623
417,100,0,6,100,100,0,0,21,106,782,100,100,0.0317566186,36.9268862655,16.6666666667,15.5201960115,1.0000000000,0.8848000000,226.0397830018
418,100,0,4,100,100,0,0,21,104,588,100,100,0.0314104692,36.8954757963,25.0000000000,15.6802013668,1.0000000000,0.8832000000,226.4492753623
419,100,0,5,100,100,0,0,21,105,685,100,100,0.0302984109,36.8651773854,20.0000000000,15.6001653026,1.0000000000,0.8840000000,226.2443438914
420,100,0,2,100,100,0,0,21,102,394,100,100,0.0312691973,36.8339081881,50.0000000000,15.8402907553,1.0000000000,0.8816000000,226.8602540835
421,100,0,3,100,100,0,0,22,103,491,100,100,0.0291662175,36.8047419706,33.3333333333,15.7602284837,1.0000000000,0.8824000000,226.6545784225
422,100,0,1,100,100,0,0,22,101,297,100,100,0.0345922635,36.7701497071,100.0000000000,15.9203407015,1.0000000000,0.8808000000,227.0663033606
423,100,0,8,100,100,0,0,22,108,976,100,100,0.0331113134,36.7370383937,12.5000000000,15.3601908325,1.0000000000,0.8864000000,225.6317689531
424,100,0,8,100,100,0,0,22,108,976,100,100,0.0330737800,36.7039646137,12.5000000000,15.3601861211,1.0000000000,0.8864000000,225.6317689531
425,100,0,4,100,100,0,0,22,104,588,100,100,0.0296072910,36.6743573227,25.0000000000,15.6801747688,1.0000000000,0.8832000000,226.4492753623
426,100,0,11,100,100,0,0,22,111,1267,100,100,0.0359596231,36.6383976996,9.0909090909,15.1201787634,1.0000000000,0.8888000000,225.0225022502
427,100,0,2,100,100,0,0,22,102,394,100,100,0.0305217339,36.6078759658,50.0000000000,15.8402611991,1.0000000000,0.8816000000,226.8602540835
428,100,0,7,100,100,0,0,22,107,879,100,100,0.0324007896,36.5754751762,14.2857142857,15.4401882181,1.0000000000,0.8856000000,225.8355916893
429,100,0,5,100,100,0,0,22,105,685,100,100,0.0301846039,36.5452905723,20.0000000000,15.6001778235,1.0000000000,0.8840000000,226.2443438914
430,100,0,3,100,100,0,0,22,103,491,100,100,0.0306391355,36.5146514368,33.3333333333,15.7602841892,1.0000000000,0.8824000000,226.6545784225
431,100,0,4,100,100,0,0,22,104,588,100,100,0.0306336802,36.4840177567,25.0000000000,15.6802627509,1.0000000000,0.8832000000,226.4492753623
432,100,0,2,100,100,0,0,22,102,394,100,100,0.0286102767,36.4554074799,50.0000000000,15.8402112375,1.0000000000,0.8816000000,226.8602540835
433,100,0,4,100,100,0,0,22,104,588,100,100,0.0305320641,36.4248754158,25.0000000000,15.6801705536,1.0000000000,0.8832000000,226.4492753623
434,100,0,7,100,100,0,0,22,107,879,100,100,0.0326039662,36.3922714496,14.2857142857,15.4401930485,1.0000000000,0.8856000000,225.8355916893
435,100,0,7,100,100,0,0,22,107,879,100,100,0.0323910327,36.3598804169,14.2857142857,15.4401631732,1.0000000000,0.8856000000,225.8355916893
436,100,0,5,100,100,0,0,22,105,685,100,100,0.0301695816,36.3297108353,20.0000000000,15.6001591776,1.0000000000,0.8840000000,226.2443438914
437,100,0,7,100,100,0,0,22,107,879,100,100,0.0318465003,36.2978643350,14.2857142857,15.4401728691,1.0000000000,0.8856000000,225.8355916893
438,100,0,3,100,100,0,0,22,103,491,100,100,0.0311099638,36.2667543712,33.3333333333,15.7602212226,1.0000000000,0.8824000000,226.6545784225
439,100,0,6,100,100,0,0,22,106,782,100,100,0.0349919063,36.2317624649,16.6666666667,15.5202924839,1.0000000000,0.8848000000,226.0397830018
440,100,0,3,100,100,0,0,22,103,491,100,100,0.0329740590,36.1987884059,33.3333333333,15.7602793579,1.0000000000,0.8824000000,226.6545784225
441,100,0,4,100,100,0,0,23,104,588,100,100,0.0301726342,36.1686157718,25.0000000000,15.6801673807,1.0000000000,0.8832000000,226.4492753623
442,100,0,5,100,100,0,0,23,104,685,100,100,0.0315496931,36.1370660787,20.0000000000,15.6002077842,1.0000000000,0.8832000000,226.4492753623
443,100,0,5,100,100,0,0,23,105,685,100,100,0.0304671032,36.1065989756,20.0000000000,15.6001885605,1.0000000000,0.8840000000,226.2443438914
444,100,0,9,100,100,0,0,23,108,1073,100,100,0.0338883966,36.0727105789,11.1111111111,15.2801978206,1.0000000000,0.8864000000,225.6317689531
445,100,0,2,100,100,0,0,23,102,394,100,100,0.0297779825,36.0429325965,50.0000000000,15.8401932596,1.0000000000,0.8816000000,226.8602540835
446,100,0,5,100,100,0,0,23,105,685,100,100,0.0308046385,36.0121279580,20.0000000000,15.6001951511,1.0000000000,0.8840000000,226.2443438914
447,100,0,9,100,100,0,0,23,109,1073,100,100,0.0338878887,35.9782400693,11.1111111111,15.2801905014,1.0000000000,0.8872000000,225.4283137962
448,100,0,5,100,100,0,0,23,105,685,100,100,0.0303714392,35.9478686301,20.0000000000,15.6001920093,1.0000000000,0.8840000000,226.2443438914
449,100,0,3,100,100,0,0,23,103,491,100,100,0.0320624828,35.9158061473,33.3333333333,15.7602721707,1.0000000000,0.8824000000,226.6545784225
450,100,0,8,100,100,0,0,23,108,976,100,100,0.0332909784,35.8825151690,12.5000000000,15.3601794347,1.0000000000,0.8864000000,225.6317689531
451,100,0,7,100,100,0,0,23,107,879,100,100,0.0321201730,35.8503949960,14.2857142857,15.4401712293,1.0000000000,0.8856000000,225.8355916893
452,100,0,4,100,100,0,0,23,104,588,100,100,0.0324104956,35.8179845003,25.0000000000,15.6802911414,1.0000000000,0.8832000000,226.4492753623
453,100,0,1,100,100,0,0,23,101,297,100,100,0.0304065818,35.7875779186,100.0000000000,15.9202271728,1.0000000000,0.8808000000,227.0663033606
454,100,0,1,100,100,0,0,23,101,297,100,100,0.0306046268,35.7569732917,100.0000000000,15.9202335757,1.0000000000,0.8808000000,227.0663033606
455,100,0,8,100,100,0,0,23,108,976,100,100,0.0332114000,35.7237618918,12.5000000000,15.3602056939,1.0000000000,0.8864000000,225.6317689531
456,100,0,5,100,100,0,0,23,105,685,100,100,0.0302591046,35.6935027872,20.0000000000,15.6002122536,1.0000000000,0.8840000000,226.2443438914
457,100,0,6,100,100,0,0,23,106,782,100,100,0.0316860746,35.6618167125,16.6666666667,15.5202045927,1.0000000000,0.8848000000,226.0397830018
458,100,0,3,100,100,0,0,23,103,491,100,100,0.0294622524,35.6323544601,33.3333333333,15.7601740054,1.0000000000,0.8824000000,226.6545784225
459,100,0,4,100,100,0,0,23,104,588,100,100,0.0299300050,35.6024244552,25.0000000000,15.6801844660,1.0000000000,0.8832000000,226.4492753623
460,100,0,6,100,100,0,0,23,106,782,100,100,0.0314479457,35.5709765095,16.6666666667,15.5201654105,1.0000000000,0.8848000000,226.0397830018
461,100,0,6,100,100,0,0,24,106,782,100,100,0.0314030354,35.5395734741,16.6666666667,15.5201954949,1.0000000000,0.8848000000,226.0397830018
462,100,0,3,100,100,0,0,24,103,491,100,100,0.0324039015,35.5071695726,33.3333333333,15.7603161435,1.0000000000,0.8824000000,226.6545784225
463,100,0,3,100,100,0,0,24,103,491,100,100,0.0310581284,35.4761114442,33.3333333333,15.7602510796,1.0000000000,0.8824000000,226.6545784225
464,100,0,5,100,100,0,0,24,105,685,100,100,0.0311573503,35.4449540939,20.0000000000,15.6001702369,1.0000000000,0.8840000000,226.2443438914
465,100,0,4,100,100,0,0,24,104,588,100,100,0.0305412110,35.4144128829,25.0000000000,15.6802036072,1.0000000000,0.8832000000,226.4492753623
466,100,0,5,100,100,0,0,24,105,685,100,100,0.0302418255,35.3841710574,20.0000000000,15.6001956951,1.0000000000,0.8840000000,226.2443438914
467,100,0,8,100,100,0,0,24,108,976,100,100,0.0328995331,35.3512715243,12.5000000000,15.3601593068,1.0000000000,0.8864000000,225.6317689531
468,100,0,6,100,100,0,0,24,106,782,100,100,0.0311290558,35.3201424686,16.6666666667,15.5201823572,1.0000000000,0.8848000000,226.0397830018
469,100,0,6,100,100,0,0,24,106,782,100,100,0.0315666662,35.2885758024,16.6666666667,15.5201830489,1.0000000000,0.8848000000,226.0397830018
470,100,0,9,100,100,0,0,24,109,1073,100,100,0.0341236490,35.2544521534,11.1111111111,15.2801695037,1.0000000000,0.8872000000,225.4283137962
471,100,0,5,100,100,0,0,24,105,685,100,100,0.0305779925,35.2238741609,20.0000000000,15.6001879171,1.0000000000,0.8840000000,226.2443438914
472,100,0,10,100,100,0,0,24,110,1170,100,100,0.0350576814,35.1888164795,10.0000000000,15.2001699248,1.0000000000,0.8880000000,225.2252252252
473,100,0,2,100,100,0,0,24,102,394,100,100,0.0319609164,35.1568555630,50.0000000000,15.8402859358,1.0000000000,0.8816000000,226.8602540835
474,100,0,3,100,100,0,0,24,103,491,100,100,0.0309330561,35.1259225069,33.3333333333,15.7602363560,1.0000000000,0.8824000000,226.6545784225
475,100,0,5,100,100,0,0,24,105,685,100,100,0.0304127114,35.0955097955,20.0000000000,15.6002024771,1.0000000000,0.8840000000,226.2443438914
476,100,0,4,100,100,0,0,24,104,588,100,100,0.0305110854,35.0649987101,25.0000000000,15.6801697433,1.0000000000,0.8832000000,226.4492753623
477,100,0,6,100,100,0,0,24,106,782,100,100,0.0315355198,35.0334631903,16.6666666667,15.5202301110,1.0000000000,0.8848000000,226.0397830018
478,100,0,3,100,100,0,0,24,103,491,100,100,0.0313438098,35.0021193805,33.3333333333,15.7602958839,1.0000000000,0.8824000000,226.6545784225
479,100,0,3,100,100,0,0,24,103,491,100,100,0.0296863171,34.9724330634,33.3333333333,15.7602452774,1.0000000000,0.8824000000,226.6545784225
480,100,0,4,100,100,0,0,24,104,588,100,100,0.0313596230,34.9410734404,25.0000000000,15.6802249011,1.0000000000,0.8832000000,226.4492753623
481,100,0,3,100,100,0,0,25,103,491,100,100,0.0293802794,34.9116931610,33.3333333333,15.7602145405,1.0000000000,0.8824000000,226.6545784225
482,100,0,4,100,100,0,0,25,104,588,100,100,0.0293813618,34.8823117992,25.0000000000,15.6801683886,1.0000000000,0.8832000000,226.4492753623
483,100,0,10,100,100,0,0,25,110,1170,100,100,0.0358092332,34.8465025660,10.0000000000,15.2001852810,1.0000000000,0.8880000000,225.2252252252
484,100,0,5,100,100,0,0,25,105,685,100,100,0.0304967083,34.8160058576,20.0000000000,15.6002082910,1.0000000000,0.8840000000,226.2443438914
485,100,0,1,100,100,0,0,25,101,297,100,100,0.0388762373,34.7771296204,100.0000000000,15.9204266163,1.0000000000,0.8808000000,227.0663033606
486,100,0,5,100,100,0,0,25,105,685,100,100,0.0304520989,34.7466775215,20.0000000000,15.6001978853,1.0000000000,0.8840000000,226.2443438914
487,100,0,6,100,100,0,0,25,106,782,100,100,0.0315277436,34.7151497778,16.6666666667,15.5201890798,1.0000000000,0.8848000000,226.0397830018
488,100,0,7,100,100,0,0,25,107,879,100,100,0.0319843156,34.6831654622,14.2857142857,15.4401852022,1.0000000000,0.8856000000,225.8355916893
489,100,0,6,100,100,0,0,25,106,782,100,100,0.0315325088,34.6516329535,16.6666666667,15.5201819879,1.0000000000,0.8848000000,226.0397830018
490,100,0,6,100,100,0,0,25,106,782,100,100,0.0311541655,34.6204787879,16.6666666667,15.5201776390,1.0000000000,0.8848000000,226.0397830018
491,100,0,8,100,100,0,0,25,108,976,100,100,0.0339569202,34.5865218677,12.5000000000,15.3601873308,1.0000000000,0.8864000000,225.6317689531
492,100,0,5,100,100,0,0,25,105,685,100,100,0.0311305255,34.5553913422,20.0000000000,15.6002049157,1.0000000000,0.8840000000,226.2443438914
493,100,0,4,100,100,0,0,25,104,588,100,100,0.0300777936,34.5253135486,25.0000000000,15.6802082448,1.0000000000,0.8832000000,226.4492753623
494,100,0,5,100,100,0,0,25,105,685,100,100,0.0314541768,34.4938593718,20.0000000000,15.6001727161,1.0000000000,0.8840000000,226.2443438914
495,100,0,3,100,100,0,0,25,103,491,100,100,0.0332741901,34.4605851816,33.3333333333,15.7603009230,1.0000000000,0.8824000000,226.6545784225
496,100,0,3,100,100,0,0,25,103,491,100,100,0.0295095450,34.4310756366,33.3333333333,15.7602218751,1.0000000000,0.8824000000,226.6545784225
497,100,0,6,100,100,0,0,25,106,782,100,100,0.0314391257,34.3996365109,16.6666666667,15.5201678851,1.0000000000,0.8848000000,226.0397830018
498,100,0,1,100,100,0,0,25,101,297,100,100,0.0384845203,34.3611519906,100.0000000000,15.9204022173,1.0000000000,0.8808000000,227.0663033606
499,100,0,8,100,100,0,0,25,107,976,100,100,0.0332595695,34.3278924211,12.5000000000,15.3602006199,1.0000000000,0.8856000000,225.8355916893
500,100,0,4,100,100,0,0,25,104,588,100,100,0.0298792533,34.2980131678,25.0000000000,15.6801751389,1.0000000000,0.8832000000,226.4492753623
501,100,0,3,100,100,0,0,26,103,491,100,100,0.0302197974,34.2677933704,33.3333333333,15.7602839575,1.0000000000,0.8824000000,226.6545784225
502,100,0,5,100,100,0,0,26,105,685,100,100,0.0306508161,34.2371425544,20.0000000000,15.6001909163,1.0000000000,0.8840000000,226.2443438914
503,100,0,2,100,100,0,0,26,102,394,100,100,0.0324902530,34.2046523014,50.0000000000,15.8402871992,1.0000000000,0.8816000000,226.8602540835
504,100,0,8,100,100,0,0,26,107,976,100,100,0.0352699418,34.1693823595,12.5000000000,15.3602575377,1.0000000000,0.8856000000,225.8355916893
505,100,0,5,100,100,0,0,26,105,685,100,100,0.0308384368,34.1385439227,20.0000000000,15.6001685765,1.0000000000,0.8840000000,226.2443438914
506,100,0,5,100,100,0,0,26,105,685,100,100,0.0311282475,34.1074156752,20.0000000000,15.6001910663,1.0000000000,0.8840000000,226.2443438914
507,100,0,5,100,100,0,0,26,105,685,100,100,0.0304333603,34.0769823149,20.0000000000,15.6001962993,1.0000000000,0.8840000000,226.2443438914
508,100,0,3,100,100,0,0,26,103,491,100,100,0.0298353675,34.0471469474,33.3333333333,15.7602000811,1.0000000000,0.8824000000,226.6545784225
509,100,0,5,100,100,0,0,26,105,685,100,100,0.0312184266,34.0159285208,20.0000000000,15.6002211716,1.0000000000,0.8840000000,226.2443438914
510,100,0,2,100,100,0,0,26,102,394,100,100,0.0308533467,33.9850751741,50.0000000000,15.8402197724,1.0000000000,0.8816000000,226.8602540835
511,100,0,8,100,100,0,0,26,108,976,100,100,0.0327537493,33.9523214248,12.5000000000,15.3601774269,1.0000000000,0.8864000000,225.6317689531
512,100,0,7,100,100,0,0,26,107,879,100,100,0.0322025035,33.9201189213,14.2857142857,15.4401737111,1.0000000000,0.8856000000,225.8355916893
513,100,0,5,100,100,0,0,26,105,685,100,100,0.0332983072,33.8868206141,20.0000000000,15.6003012136,1.0000000000,0.8840000000,226.2443438914
514,100,0,9,100,100,0,0,26,108,1073,100,100,0.0346437540,33.8521768601,11.1111111111,15.2801898190,1.0000000000,0.8864000000,225.6317689531
515,100,0,1,100,100,0,0,26,101,297,100,100,0.0341387706,33.8180380895,100.0000000000,15.9203303916,1.0000000000,0.8808000000,227.0663033606
516,100,0,1,100,100,0,0,26,101,297,100,100,0.0409443028,33.7770937868,100.0000000000,15.9204332012,1.0000000000,0.8808000000,227.0663033606
517,100,0,3,100,100,0,0,26,103,491,100,100,0.0296024926,33.7474912942,33.3333333333,15.7601864145,1.0000000000,0.8824000000,226.6545784225
518,100,0,11,100,100,0,0,26,111,1267,100,100,0.0358790835,33.7116122107,9.0909090909,15.1201664546,1.0000000000,0.8888000000,225.0225022502
519,100,0,6,100,100,0,0,26,106,782,100,100,0.0316289462,33.6799832645,16.6666666667,15.5201752845,1.0000000000,0.8848000000,226.0397830018
520,100,0,6,100,100,0,0,26,106,782,100,100,0.0320247321,33.6479585324,16.6666666667,15.5201681192,1.0000000000,0.8848000000,226.0397830018
521,100,0,8,100,100,0,0,27,108,976,100,100,0.0336697714,33.6142887611,12.5000000000,15.3602107459,1.0000000000,0.8864000000,225.6317689531
522,100,0,5,100,100,0,0,27,105,685,100,100,0.0303036184,33.5839851427,20.0000000000,15.6001925004,1.0000000000,0.8840000000,226.2443438914
523,100,0,5,100,100,0,0,27,105,685,100,100,0.0309473142,33.5530378285,20.0000000000,15.6002078782,1.0000000000,0.8840000000,226.2443438914
524,100,0,5,100,100,0,0,27,105,685,100,100,0.0301436668,33.5228941617,20.0000000000,15.6001683104,1.0000000000,0.8840000000,226.2443438914
525,100,0,4,100,100,0,0,27,104,588,100,100,0.0297990535,33.4930951082,25.0000000000,15.6801983982,1.0000000000,0.8832000000,226.4492753623
526,100,0,4,100,100,0,0,27,104,588,100,100,0.0326054224,33.4604896858,25.0000000000,15.6802838752,1.0000000000,0.8832000000,226.4492753623
527,100,0,7,100,100,0,0,27,107,879,100,100,0.0324427596,33.4280469262,14.2857142857,15.4401612190,1.0000000000,0.8856000000,225.8355916893
528,100,0,3,100,100,0,0,27,103,491,100,100,0.0295182564,33.3985286698,33.3333333333,15.7601882964,1.0000000000,0.8824000000,226.6545784225
529,100,0,6,100,100,0,0,27,106,782,100,100,0.0318465923,33.3666820775,16.6666666667,15.5201884759,1.0000000000,0.8848000000,226.0397830018
530,100,0,3,100,100,0,0,27,103,491,100,100,0.0318296528,33.3348524247,33.3333333333,15.7602752966,1.0000000000,0.8824000000,226.6545784225
531,100,0,6,100,100,0,0,27,106,782,100,100,0.0312233914,33.3036290334,16.6666666667,15.5201949278,1.0000000000,0.8848000000,226.0397830018
532,100,0,5,100,100,0,0,27,105,685,100,100,0.0306627036,33.2729663298,20.0000000000,15.6001867026,1.0000000000,0.8840000000,226.2443438914
533,100,0,6,100,100,0,0,27,106,782,100,100,0.0317235875,33.2412427423,16.6666666667,15.5201760608,1.0000000000,0.8848000000,226.0397830018
534,100,0,5,100,100,0,0,27,105,685,100,100,0.0302339007,33.2110088416,20.0000000000,15.6002095074,1.0000000000,0.8840000000,226.2443438914
535,100,0,3,100,100,0,0,27,103,491,100,100,0.0316425814,33.1793662602,33.3333333333,15.7602512119,1.0000000000,0.8824000000,226.6545784225
536,100,0,6,100,100,0,0,27,106,782,100,100,0.0310005837,33.1483656766,16.6666666667,15.5201850420,1.0000000000,0.8848000000,226.0397830018
537,100,0,7,100,100,0,0,27,107,879,100,100,0.0322510221,33.1161146544,14.2857142857,15.4401832750,1.0000000000,0.8856000000,225.8355916893
538,100,0,8,100,100,0,0,27,108,976,100,100,0.0332755953,33.0828390591,12.5000000000,15.3601794381,1.0000000000,0.8864000000,225.6317689531
539,100,0,1,100,100,0,0,27,101,297,100,100,0.0326461093,33.0501929498,100.0000000000,15.9202996803,1.0000000000,0.8808000000,227.0663033606
540,100,0,3,100,100,0,0,27,103,491,100,100,0.0298056122,33.0203873375,33.3333333333,15.7601899662,1.0000000000,0.8824000000,226.6545784225
541,100,0,5,100,100,0,0,28,105,685,100,100,0.0305900587,32.9897972789,20.0000000000,15.6002180434,1.0000000000,0.8840000000,226.2443438914
542,100,0,2,100,100,0,0,28,102,394,100,100,0.0313092123,32.9584880666,50.0000000000,15.8403119293,1.0000000000,0.8816000000,226.8602540835
543,100,0,8,100,100,0,0,28,107,976,100,100,0.0331408783,32.9253471883,12.5000000000,15.3601978465,1.0000000000,0.8856000000,225.8355916893
544,100,0,4,100,100,0,0,28,104,588,100,100,0.0306860847,32.8946611037,25.0000000000,15.6802336577,1.0000000000,0.8832000000,226.4492753623
545,100,0,1,100,100,0,0,28,101,297,100,100,0.0357513295,32.8589097742,100.0000000000,15.9203699104,1.0000000000,0.8808000000,227.0663033606
546,100,0,8,100,100,0,0,28,108,976,100,100,0.0331072238,32.8258025504,12.5000000000,15.3601647749,1.0000000000,0.8864000000,225.6317689531
547,100,0,6,100,100,0,0,28,106,782,100,100,0.0312601873,32.7945423631,16.6666666667,15.5201725584,1.0000000000,0.8848000000,226.0397830018
548,100,0,9,100,100,0,0,28,109,1073,100,100,0.0338164281,32.7607259350,11.1111111111,15.2801713731,1.0000000000,0.8872000000,225.4283137962
549,100,0,6,100,100,0,0,28,106,782,100,100,0.0316359398,32.7290899952,16.6666666667,15.5202024059,1.0000000000,0.8848000000,226.0397830018
550,100,0,2,100,100,0,0,28,102,394,100,100,0.0301841250,32.6989058702,50.0000000000,15.8402900949,1.0000000000,0.8816000000,226.8602540835
551,100,0,7,100,100,0,0,28,107,879,100,100,0.0320280488,32.6668778213,14.2857142857,15.4401729268,1.0000000000,0.8856000000,225.8355916893
552,100,0,1,100,100,0,0,28,101,297,100,100,0.0305288906,32.6363489307,100.0000000000,15.9202306793,1.0000000000,0.8808000000,227.0663033606
553,100,0,1,100,100,0,0,28,101,297,100,100,0.0352258135,32.6011231172,100.0000000000,15.9203581559,1.0000000000,0.8808000000,227.0663033606
554,100,0,8,100,100,0,0,28,108,976,100,100,0.0331213491,32.5680017681,12.5000000000,15.3601688193,1.0000000000,0.8864000000,225.6317689531
555,100,0,7,100,100,0,0,28,107,879,100,100,0.0320799558,32.5359218123,14.2857142857,15.4401753258,1.0000000000,0.8856000000,225.8355916893
556,100,0,10,100,100,0,0,28,109,1170,100,100,0.0347235096,32.5011983027,10.0000000000,15.2001678783,1.0000000000,0.8872000000,225.4283137962
557,100,0,7,100,100,0,0,28,107,879,100,100,0.0322111640,32.4689871387,14.2857142857,15.4401675117,1.0000000000,0.8856000000,225.8355916893
558,100,0,1,100,100,0,0,28,101,297,100,100,0.0371731363,32.4318140024,100.0000000000,15.9203901124,1.0000000000,0.8808000000,227.0663033606
559,100,0,4,100,100,0,0,28,104,588,100,100,0.0309197811,32.4008942212,25.0000000000,15.6802232672,1.0000000000,0.8832000000,226.4492753623
560,100,0,3,100,100,0,0,28,103,491,100,100,0.0316070828,32.3692871384,33.3333333333,15.7602562716,1.0000000000,0.8824000000,226.6545784225
561,100,0,7,100,100,0,0,29,107,879,100,100,0.0322299366,32.3370572018,14.2857142857,15.4401801653,1.0000000000,0.8856000000,225.8355916893
562,100,0,7,100,100,0,0,29,107,879,100,100,0.0323732059,32.3046839959,14.2857142857,15.4401804565,1.0000000000,0.8856000000,225.8355916893
563,100,0,7,100,100,0,0,29,107,879,100,100,0.0328515074,32.2718324885,14.2857142857,15.4401789066,1.0000000000,0.8856000000,225.8355916893
564,100,0,2,100,100,0,0,29,102,394,100,100,0.0290592806,32.2427732079,50.0000000000,15.8402034821,1.0000000000,0.8816000000,226.8602540835
565,100,0,3,100,100,0,0,29,103,491,100,100,0.0290967690,32.2136764388,33.3333333333,15.7601801584,1.0000000000,0.8824000000,226.6545784225
566,100,0,4,100,100,0,0,29,104,588,100,100,0.0307510580,32.1829253808,25.0000000000,15.6801865531,1.0000000000,0.8832000000,226.4492753623
567,100,0,8,100,100,0,0,29,108,976,100,100,0.0332043573,32.1497210235,12.5000000000,15.3601986535,1.0000000000,0.8864000000,225.6317689531
568,100,0,8,100,100,0,0,29,107,976,100,100,0.0333298601,32.1163911634,12.5000000000,15.3601645758,1.0000000000,0.8856000000,225.8355916893
569,100,0,3,100,100,0,0,29,103,491,100,100,0.0302214496,32.0861697138,33.3333333333,15.7602297599,1.0000000000,0.8824000000,226.6545784225
570,100,0,5,100,100,0,0,29,105,685,100,100,0.0319673838,32.0542023301,20.0000000000,15.6002469821,1.0000000000,0.8840000000,226.2443438914
571,100,0,10,100,100,0,0,29,108,1170,100,100,0.0351085656,32.0190937644,10.0000000000,15.2001612677,1.0000000000,0.8864000000,225.6317689531
572,100,0,1,100,100,0,0,29,101,297,100,100,0.0331887704,31.9859049940,100.0000000000,15.9203311256,1.0000000000,0.8808000000,227.0663033606
573,100,0,4,100,100,0,0,29,104,588,100,100,0.0302766727,31.9556283213,25.0000000000,15.6801599535,1.0000000000,0.8832000000,226.4492753623
574,100,0,7,100,100,0,0,29,107,879,100,100,0.0319996007,31.9236287206,14.2857142857,15.4401643480,1.0000000000,0.8856000000,225.8355916893
575,100,0,4,100,100,0,0,29,104,588,100,100,0.0315970955,31.8920316251,25.0000000000,15.6802016324,1.0000000000,0.8832000000,226.4492753623
576,100,0,3,100,100,0,0,29,103,491,100,100,0.0298101544,31.8622214708,33.3333333333,15.7602744811,1.0000000000,0.8824000000,226.6545784225
577,100,0,7,100,100,0,0,29,107,879,100,100,0.0333757107,31.8288457601,14.2857142857,15.4402110143,1.0000000000,0.8856000000,225.8355916893
578,100,0,2,100,100,0,0,29,102,394,100,100,0.0296630272,31.7991827329,50.0000000000,15.8402702973,1.0000000000,0.8816000000,226.8602540835
579,100,0,4,100,100,0,0,29,104,588,100,100,0.0302062211,31.7689765117,25.0000000000,15.6802367988,1.0000000000,0.8832000000,226.4492753623
580,100,0,4,100,100,0,0,29,104,588,100,100,0.0315153944,31.7374611174,25.0000000000,15.6802580279,1.0000000000,0.8832000000,226.4492753623
581,100,0,5,100,100,0,0,30,105,685,100,100,0.0312488337,31.7062122837,20.0000000000,15.6001905038,1.0000000000,0.8840000000,226.2443438914
582,100,0,5,100,100,0,0,30,105,685,100,100,0.0302843587,31.6759279250,20.0000000000,15.6001945060,1.0000000000,0.8840000000,226.2443438914
583,100,0,9,100,100,0,0,30,109,1073,100,100,0.0342523793,31.6416755457,11.1111111111,15.2801932684,1.0000000000,0.8872000000,225.4283137962
584,100,0,7,100,100,0,0,30,107,879,100,100,0.0331247300,31.6085508156,14.2857142857,15.4401983547,1.0000000000,0.8856000000,225.8355916893
585,100,0,6,100,100,0,0,30,106,782,100,100,0.0316159012,31.5769349144,16.6666666667,15.5201632006,1.0000000000,0.8848000000,226.0397830018
586,100,0,5,100,100,0,0,30,105,685,100,100,0.0309855470,31.5459493674,20.0000000000,15.6001906533,1.0000000000,0.8840000000,226.2443438914
587,100,0,5,100,100,0,0,30,105,685,100,100,0.0320886998,31.5138606677,20.0000000000,15.6002558272,1.0000000000,0.8840000000,226.2443438914
588,100,0,7,100,100,0,0,30,107,879,100,100,0.0321920843,31.4816685834,14.2857142857,15.4401906230,1.0000000000,0.8856000000,225.8355916893
589,100,0,5,100,100,0,0,30,105,685,100,100,0.0305931081,31.4510754753,20.0000000000,15.6001894309,1.0000000000,0.8840000000,226.2443438914
590,100,0,7,100,100,0,0,30,107,879,100,100,0.0323872648,31.4186882104,14.2857142857,15.4401773175,1.0000000000,0.8856000000,225.8355916893
591,100,0,5,100,100,0,0,30,105,685,100,100,0.0304685143,31.3882196961,20.0000000000,15.6001891804,1.0000000000,0.8840000000,226.2443438914
592,100,0,3,100,100,0,0,30,103,491,100,100,0.0313718448,31.3568478513,33.3333333333,15.7602818173,1.0000000000,0.8824000000,226.6545784225
593,100,0,1,100,100,0,0,30,101,297,100,100,0.0316034276,31.3252444237,100.0000000000,15.9202765379,1.0000000000,0.8808000000,227.0663033606
594,100,0,6,100,100,0,0,30,105,782,100,100,0.0315588032,31.2936856205,16.6666666667,15.5201894005,1.0000000000,0.8840000000,226.2443438914
595,100,0,1,100,100,0,0,30,101,297,100,100,0.0365270817,31.2571585387,100.0000000000,15.9203796302,1.0000000000,0.8808000000,227.0663033606
596,100,0,6,100,100,0,0,30,106,782,100,100,0.0321227023,31.2250358364,16.6666666667,15.5202026461,1.0000000000,0.8848000000,226.0397830018
597,100,0,1,100,100,0,0,30,101,297,100,100,0.0345922635,31.1904435729,100.0000000000,15.9203407015,1.0000000000,0.8808000000,227.0663033606
598,100,0,5,100,100,0,0,30,105,685,100,100,0.0315220203,31.1589215527,20.0000000000,15.6001861124,1.0000000000,0.8840000000,226.2443438914
599,100,0,6,100,100,0,0,30,106,782,100,100,0.0308885409,31.1280330117,16.6666666667,15.5201846315,1.0000000000,0.8848000000,226.0397830018
600,100,0,5,100,100,0,0,30,105,685,100,100,0.0310470080,31.0969860037,20.0000000000,15.6002204368,1.0000000000,0.8840000000,226.2443438914
601,100,0,7,100,100,0,0,31,107,879,100,100,0.0319189873,31.0650670164,14.2857142857,15.4401678958,1.0000000000,0.8856000000,225.8355916893
602,100,0,3,100,100,0,0,31,103,491,100,100,0.0314144503,31.0336525661,33.3333333333,15.7602397464,1.0000000000,0.8824000000,226.6545784225
603,100,0,4,100,100,0,0,31,104,588,100,100,0.0299799690,31.0036725971,25.0000000000,15.6801863945,1.0000000000,0.8832000000,226.4492753623
604,100,0,5,100,100,0,0,31,105,685,100,100,0.0309467847,30.9727258124,20.0000000000,15.6002211371,1.0000000000,0.8840000000,226.2443438914
605,100,0,5,100,100,0,0,31,105,685,100,100,0.0319412180,30.9407845943,20.0000000000,15.6002439488,1.0000000000,0.8840000000,226.2443438914
606,100,0,6,100,100,0,0,31,106,782,100,100,0.0319319183,30.9088526760,16.6666666667,15.5201864091,1.0000000000,0.8848000000,226.0397830018
607,100,0,4,100,100,0,0,31,104,588,100,100,0.0300252139,30.8788274622,25.0000000000,15.6801840639,1.0000000000,0.8832000000,226.4492753623
608,100,0,5,100,100,0,0,31,105,685,100,100,0.0309539536,30.8478735085,20.0000000000,15.6001810382,1.0000000000,0.8840000000,226.2443438914
609,100,0,5,100,100,0,0,31,105,685,100,100,0.0302643823,30.8176091262,20.0000000000,15.6001806841,1.0000000000,0.8840000000,226.2443438914
610,100,0,4,100,100,0,0,31,104,588,100,100,0.0307811534,30.7868279729,25.0000000000,15.6802319055,1.0000000000,0.8832000000,226.4492753623
611,100,0,7,100,100,0,0,31,107,879,100,100,0.0330228857,30.7538050872,14.2857142857,15.4401916928,1.0000000000,0.8856000000,225.8355916893
612,100,0,5,100,100,0,0,31,105,685,100,100,0.0311076723,30.7226974149,20.0000000000,15.6002365779,1.0000000000,0.8840000000,226.2443438914
613,100,0,11,100,100,0,0,31,111,1267,100,100,0.0358772129,30.6868202020,9.0909090909,15.1201828034,1.0000000000,0.8888000000,225.0225022502
614,100,0,8,100,100,0,0,31,108,976,100,100,0.0337178871,30.6531023149,12.5000000000,15.3601634412,1.0000000000,0.8864000000,225.6317689531
615,100,0,3,100,100,0,0,31,103,491,100,100,0.0297395363,30.6233627786,33.3333333333,15.7601785386,1.0000000000,0.8824000000,226.6545784225
616,100,0,4,100,100,0,0,31,104,588,100,100,0.0313164433,30.5920463353,25.0000000000,15.6801980461,1.0000000000,0.8832000000,226.4492753623
617,100,0,4,100,100,0,0,31,104,588,100,100,0.0315677641,30.5604785712,25.0000000000,15.6802070267,1.0000000000,0.8832000000,226.4492753623
618,100,0,2,100,100,0,0,31,102,394,100,100,0.0316230219,30.5288555493,50.0000000000,15.8403241685,1.0000000000,0.8816000000,226.8602540835
619,100,0,5,100,100,0,0,31,105,685,100,100,0.0311038111,30.4977517382,20.0000000000,15.6002265088,1.0000000000,0.8840000000,226.2443438914
620,100,0,3,100,100,0,0,31,103,491,100,100,0.0292145104,30.4685372278,33.3333333333,15.7602426256,1.0000000000,0.8824000000,226.6545784225
621,100,0,6,100,100,0,0,32,106,782,100,100,0.0320550016,30.4364822262,16.6666666667,15.5202186289,1.0000000000,0.8848000000,226.0397830018
622,100,0,7,100,100,0,0,32,107,879,100,100,0.0320467384,30.4044354878,14.2857142857,15.4401841311,1.0000000000,0.8856000000,225.8355916893
623,100,0,6,100,100,0,0,32,106,782,100,100,0.0336136134,30.3708218744,16.6666666667,15.5202117995,1.0000000000,0.8848000000,226.0397830018
624,100,0,5,100,100,0,0,32,105,685,100,100,0.0311734241,30.3396484504,20.0000000000,15.6001905768,1.0000000000,0.8840000000,226.2443438914
625,100,0,4,100,100,0,0,32,104,588,100,100,0.0301411755,30.3095072749,25.0000000000,15.6801985230,1.0000000000,0.8832000000,226.4492753623
626,100,0,8,100,100,0,0,32,108,976,100,100,0.0331408368,30.2763664381,12.5000000000,15.3601903936,1.0000000000,0.8864000000,225.6317689531
627,100,0,2,100,100,0,0,32,102,394,100,100,0.0300324368,30.2463340013,50.0000000000,15.8402259651,1.0000000000,0.8816000000,226.8602540835
628,100,0,4,100,100,0,0,32,104,588,100,100,0.0313328252,30.2150011761,25.0000000000,15.6802147238,1.0000000000,0.8832000000,226.4492753623
629,100,0,7,100,100,0,0,32,107,879,100,100,0.0323512753,30.1826499008,14.2857142857,15.4401682855,1.0000000000,0.8856000000,225.8355916893
630,100,0,8,100,100,0,0,32,108,976,100,100,0.0330163737,30.1496335270,12.5000000000,15.3601676632,1.0000000000,0.8864000000,225.6317689531
631,100,0,8,100,100,0,0,32,108,976,100,100,0.0331602883,30.1164732388,12.5000000000,15.3601716129,1.0000000000,0.8864000000,225.6317689531
632,100,0,1,100,100,0,0,32,101,297,100,100,0.0383888830,30.0780843558,100.0000000000,15.9204013507,1.0000000000,0.8808000000,227.0663033606
633,100,0,6,100,100,0,0,32,106,782,100,100,0.0311596524,30.0469247034,16.6666666667,15.5201935021,1.0000000000,0.8848000000,226.0397830018
634,100,0,6,100,100,0,0,32,106,782,100,100,0.0310541075,30.0158705958,16.6666666667,15.5201664772,1.0000000000,0.8848000000,226.0397830018
635,100,0,3,100,100,0,0,32,103,491,100,100,0.0308336540,29.9850369419,33.3333333333,15.7602203587,1.0000000000,0.8824000000,226.6545784225
636,100,0,3,100,100,0,0,32,103,491,100,100,0.0294316328,29.9556053090,33.3333333333,15.7602259546,1.0000000000,0.8824000000,226.6545784225
637,100,0,5,100,100,0,0,32,105,685,100,100,0.0304965447,29.9251087643,20.0000000000,15.6002193927,1.0000000000,0.8840000000,226.2443438914
638,100,0,5,100,100,0,0,32,105,685,100,100,0.0311027603,29.8940060040,20.0000000000,15.6002336575,1.0000000000,0.8840000000,226.2443438914
639,100,0,4,100,100,0,0,32,104,588,100,100,0.0308716683,29.8631343356,25.0000000000,15.6802476993,1.0000000000,0.8832000000,226.4492753623
640,100,0,2,100,100,0,0,32,102,394,100,100,0.0322269516,29.8309073840,50.0000000000,15.8403097141,1.0000000000,0.8816000000,226.8602540835
641,100,0,5,100,100,0,0,33,105,685,100,100,0.0307348043,29.8001725797,20.0000000000,15.6002089334,1.0000000000,0.8840000000,226.2443438914
642,100,0,3,100,100,0,0,33,103,491,100,100,0.0292385317,29.7709340480,33.3333333333,15.7601746178,1.0000000000,0.8824000000,226.6545784225
643,100,0,6,100,100,0,0,33,106,782,100,100,0.0318689081,29.7390651399,16.6666666667,15.5201907295,1.0000000000,0.8848000000,226.0397830018
644,100,0,5,100,100,0,0,33,105,685,100,100,0.0315545857,29.7075105542,20.0000000000,15.6002125300,1.0000000000,0.8840000000,226.2443438914
645,100,0,8,100,100,0,0,33,108,976,100,100,0.0327117196,29.6747988346,12.5000000000,15.3601537900,1.0000000000,0.8864000000,225.6317689531
646,100,0,7,100,100,0,0,33,107,879,100,100,0.0318186850,29.6429801497,14.2857142857,15.4401727722,1.0000000000,0.8856000000,225.8355916893
647,100,0,7,100,100,0,0,33,107,879,100,100,0.0325734585,29.6104066912,14.2857142857,15.4401870449,1.0000000000,0.8856000000,225.8355916893
648,100,0,5,100,100,0,0,33,105,685,100,100,0.0310989020,29.5793077891,20.0000000000,15.6002337304,1.0000000000,0.8840000000,226.2443438914
649,100,0,4,100,100,0,0,33,104,588,100,100,0.0312344782,29.5480733110,25.0000000000,15.6802406247,1.0000000000,0.8832000000,226.4492753623
650,100,0,3,100,100,0,0,33,103,491,100,100,0.0311803739,29.5168929371,33.3333333333,15.7602734734,1.0000000000,0.8824000000,226.6545784225
651,100,0,6,100,100,0,0,33,106,782,100,100,0.0318694655,29.4850234716,16.6666666667,15.5202143622,1.0000000000,0.8848000000,226.0397830018
652,100,0,5,100,100,0,0,33,105,685,100,100,0.0308934606,29.4541300110,20.0000000000,15.6002159082,1.0000000000,0.8840000000,226.2443438914
653,100,0,6,100,100,0,0,33,106,782,100,100,0.0316038781,29.4225261329,16.6666666667,15.5202077658,1.0000000000,0.8848000000,226.0397830018
654,100,0,4,100,100,0,0,33,104,588,100,100,0.0308488263,29.3916773066,25.0000000000,15.6802509387,1.0000000000,0.8832000000,226.4492753623
655,100,0,1,100,100,0,0,33,101,297,100,100,0.0337577980,29.3579195086,100.0000000000,15.9203411774,1.0000000000,0.8808000000,227.0663033606
656,100,0,5,100,100,0,0,33,105,685,100,100,0.0305050674,29.3274144412,20.0000000000,15.6002043567,1.0000000000,0.8840000000,226.2443438914
657,100,0,3,100,100,0,0,33,103,491,100,100,0.0296662339,29.2977482073,33.3333333333,15.7601905340,1.0000000000,0.8824000000,226.6545784225
658,100,0,9,100,100,0,0,33,109,1073,100,100,0.0339307058,29.2638175015,11.1111111111,15.2801633732,1.0000000000,0.8872000000,225.4283137962
659,100,0,6,100,100,0,0,33,106,782,100,100,0.0315216136,29.2322958879,16.6666666667,15.5201877087,1.0000000000,0.8848000000,226.0397830018
660,100,0,2,100,100,0,0,33,102,394,100,100,0.0296950398,29.2026008481,50.0000000000,15.8402562528,1.0000000000,0.8816000000,226.8602540835
661,100,0,6,100,100,0,0,34,106,782,100,100,0.0318462393,29.1707546088,16.6666666667,15.5201987494,1.0000000000,0.8848000000,226.0397830018
662,100,0,5,100,100,0,0,34,105,685,100,100,0.0304600428,29.1402945660,20.0000000000,15.6001966308,1.0000000000,0.8840000000,226.2443438914
663,100,0,5,100,100,0,0,34,105,685,100,100,0.0315438603,29.1087507057,20.0000000000,15.6002209095,1.0000000000,0.8840000000,226.2443438914
664,100,0,5,100,100,0,0,34,105,685,100,100,0.0306463076,29.0781043981,20.0000000000,15.6001902229,1.0000000000,0.8840000000,226.2443438914
665,100,0,5,100,100,0,0,34,105,685,100,100,0.0306928433,29.0474115548,20.0000000000,15.6001848703,1.0000000000,0.8840000000,226.2443438914
666,100,0,7,100,100,0,0,34,107,879,100,100,0.0320225663,29.0153889885,14.2857142857,15.4401954877,1.0000000000,0.8856000000,225.8355916893
667,100,0,4,100,100,0,0,34,104,588,100,100,0.0293815431,28.9860074454,25.0000000000,15.6802120338,1.0000000000,0.8832000000,226.4492753623
668,100,0,3,100,100,0,0,34,103,491,100,100,0.0298944759,28.9561129694,33.3333333333,15.7602251228,1.0000000000,0.8824000000,226.6545784225
669,100,0,8,100,100,0,0,34,108,976,100,100,0.0329922705,28.9231206989,12.5000000000,15.3601709135,1.0000000000,0.8864000000,225.6317689531
670,100,0,2,100,100,0,0,34,102,394,100,100,0.0295495677,28.8935711312,50.0000000000,15.8402570394,1.0000000000,0.8816000000,226.8602540835
671,100,0,3,100,100,0,0,34,103,491,100,100,0.0313015646,28.8622695666,33.3333333333,15.7602307781,1.0000000000,0.8824000000,226.6545784225
672,100,0,5,100,100,0,0,34,105,685,100,100,0.0309586094,28.8313109572,20.0000000000,15.6001744690,1.0000000000,0.8840000000,226.2443438914
673,100,0,3,100,100,0,0,34,103,491,100,100,0.0304512390,28.8008597182,33.3333333333,15.7602014763,1.0000000000,0.8824000000,226.6545784225
674,100,0,4,100,100,0,0,34,104,588,100,100,0.0304326881,28.7704270300,25.0000000000,15.6802220285,1.0000000000,0.8832000000,226.4492753623
675,100,0,4,100,100,0,0,34,104,588,100,100,0.0337974913,28.7366295387,25.0000000000,15.6802926673,1.0000000000,0.8832000000,226.4492753623
676,100,0,5,100,100,0,0,34,105,685,100,100,0.0307085102,28.7059210285,20.0000000000,15.6001935753,1.0000000000,0.8840000000,226.2443438914
677,100,0,3,100,100,0,0,34,103,491,100,100,0.0302133715,28.6757076570,33.3333333333,15.7602015569,1.0000000000,0.8824000000,226.6545784225
678,100,0,9,100,100,0,0,34,109,1073,100,100,0.0339702837,28.6417373733,11.1111111111,15.2801827682,1.0000000000,0.8872000000,225.4283137962
679,100,0,5,100,100,0,0,34,105,685,100,100,0.0305514725,28.6111859008,20.0000000000,15.6001941342,1.0000000000,0.8840000000,226.2443438914
680,100,0,9,100,100,0,0,34,109,1073,100,100,0.0350940691,28.5760918316,11.1111111111,15.2801678363,1.0000000000,0.8872000000,225.4283137962
681,100,0,8,100,100,0,0,35,108,976,100,100,0.0329866747,28.5431051569,12.5000000000,15.3601767043,1.0000000000,0.8864000000,225.6317689531
682,100,0,2,100,100,0,0,35,102,394,100,100,0.0304235456,28.5126816113,50.0000000000,15.8402094890,1.0000000000,0.8816000000,226.8602540835
683,100,0,3,100,100,0,0,35,103,491,100,100,0.0291812364,28.4835003749,33.3333333333,15.7601967792,1.0000000000,0.8824000000,226.6545784225
684,100,0,4,100,100,0,0,35,104,588,100,100,0.0313366826,28.4521636923,25.0000000000,15.6802480322,1.0000000000,0.8832000000,226.4492753623
685,100,0,4,100,100,0,0,35,104,588,100,100,0.0303845878,28.4217791045,25.0000000000,15.6801670939,1.0000000000,0.8832000000,226.4492753623
686,100,0,8,100,100,0,0,35,108,976,100,100,0.0329508233,28.3888282812,12.5000000000,15.3601681685,1.0000000000,0.8864000000,225.6317689531
687,100,0,6,100,100,0,0,35,106,782,100,100,0.0311253195,28.3577029617,16.6666666667,15.5201884679,1.0000000000,0.8848000000,226.0397830018
688,100,0,7,100,100,0,0,35,107,879,100,100,0.0319185541,28.3257844076,14.2857142857,15.4401626813,1.0000000000,0.8856000000,225.8355916893
689,100,0,5,100,100,0,0,35,105,685,100,100,0.0320199673,28.2937644403,20.0000000000,15.6002124364,1.0000000000,0.8840000000,226.2443438914
690,100,0,1,100,100,0,0,35,101,297,100,100,0.0297106111,28.2640538292,100.0000000000,15.9202076673,1.0000000000,0.8808000000,227.0663033606
691,100,0,6,100,100,0,0,35,106,782,100,100,0.0314891349,28.2325646943,16.6666666667,15.5202046596,1.0000000000,0.8848000000,226.0397830018
692,100,0,4,100,100,0,0,35,104,588,100,100,0.0308183033,28.2017463911,25.0000000000,15.6801866541,1.0000000000,0.8832000000,226.4492753623
693,100,0,2,100,100,0,0,35,102,394,100,100,0.0289995308,28.1727468603,50.0000000000,15.8401923324,1.0000000000,0.8816000000,226.8602540835
694,100,0,6,100,100,0,0,35,106,782,100,100,0.0313903780,28.1413564823,16.6666666667,15.5201921284,1.0000000000,0.8848000000,226.0397830018
695,100,0,8,100,100,0,0,35,108,976,100,100,0.0329836988,28.1083727835,12.5000000000,15.3602054017,1.0000000000,0.8864000000,225.6317689531
696,100,0,4,100,100,0,0,35,104,588,100,100,0.0303159199,28.0780568636,25.0000000000,15.6801978940,1.0000000000,0.8832000000,226.4492753623
697,100,0,4,100,100,0,0,35,104,588,100,100,0.0295552260,28.0485016375,25.0000000000,15.6801758896,1.0000000000,0.8832000000,226.4492753623
698,100,0,4,100,100,0,0,35,104,588,100,100,0.0304705784,28.0180310591,25.0000000000,15.6802070776,1.0000000000,0.8832000000,226.4492753623
699,100,0,5,100,100,0,0,35,105,685,100,100,0.0313558428,27.9866752163,20.0000000000,15.6002360599,1.0000000000,0.8840000000,226.2443438914
700,100,0,9,100,100,0,0,35,109,1073,100,100,0.0336240913,27.9530511249,11.1111111111,15.2801660161,1.0000000000,0.8872000000,225.4283137962
701,100,0,3,100,100,0,0,36,103,491,100,100,0.0292196926,27.9238314323,33.3333333333,15.7601894706,1.0000000000,0.8824000000,226.6545784225
702,100,0,1,100,100,0,0,36,101,297,100,100,0.0341853983,27.8896460340,100.0000000000,15.9203435474,1.0000000000,0.8808000000,227.0663033606
703,100,0,2,100,100,0,0,36,102,394,100,100,0.0309914863,27.8586545477,50.0000000000,15.8403164826,1.0000000000,0.8816000000,226.8602540835
704,100,0,10,100,100,0,0,36,110,1170,100,100,0.0348986392,27.8237559085,10.0000000000,15.2001677802,1.0000000000,0.8880000000,225.2252252252
705,100,0,5,100,100,0,0,36,105,685,100,100,0.0307566505,27.7929992580,20.0000000000,15.6001805407,1.0000000000,0.8840000000,226.2443438914
706,100,0,3,100,100,0,0,36,103,491,100,100,0.0313255822,27.7616736758,33.3333333333,15.7602144593,1.0000000000,0.8824000000,226.6545784225
707,100,0,6,100,100,0,0,36,106,782,100,100,0.0316015088,27.7300721670,16.6666666667,15.5201599736,1.0000000000,0.8848000000,226.0397830018
708,100,0,3,100,100,0,0,36,103,491,100,100,0.0307801448,27.6992920222,33.3333333333,15.7602796470,1.0000000000,0.8824000000,226.6545784225
709,100,0,8,100,100,0,0,36,108,976,100,100,0.0330814969,27.6662105252,12.5000000000,15.3601855898,1.0000000000,0.8864000000,225.6317689531
710,100,0,6,100,100,0,0,36,106,782,100,100,0.0322818878,27.6339286375,16.6666666667,15.5201945359,1.0000000000,0.8848000000,226.0397830018
711,100,0,3,100,100,0,0,36,103,491,100,100,0.0291029631,27.6048256744,33.3333333333,15.7601867355,1.0000000000,0.8824000000,226.6545784225
712,100,0,7,100,100,0,0,36,107,879,100,100,0.0323246711,27.5725010033,14.2857142857,15.4401986808,1.0000000000,0.8856000000,225.8355916893
713,100,0,6,100,100,0,0,36,106,782,100,100,0.0316857362,27.5408152671,16.6666666667,15.5201808041,1.0000000000,0.8848000000,226.0397830018
714,100,0,6,100,100,0,0,36,106,782,100,100,0.0312734463,27.5095418208,16.6666666667,15.5201795482,1.0000000000,0.8848000000,226.0397830018
715,100,0,3,100,100,0,0,36,103,491,100,100,0.0296142524,27.4799275684,33.3333333333,15.7602266686,1.0000000000,0.8824000000,226.6545784225
716,100,0,4,100,100,0,0,36,104,588,100,100,0.0304740577,27.4494535107,25.0000000000,15.6802513611,1.0000000000,0.8832000000,226.4492753623
717,100,0,10,100,100,0,0,36,110,1170,100,100,0.0352237529,27.4142297578,10.0000000000,15.2001978454,1.0000000000,0.8880000000,225.2252252252
718,100,0,4,100,100,0,0,36,104,588,100,100,0.0294957376,27.3847340202,25.0000000000,15.6801973553,1.0000000000,0.8832000000,226.4492753623
719,100,0,3,100,100,0,0,36,103,491,100,100,0.0301728017,27.3545612185,33.3333333333,15.7602518609,1.0000000000,0.8824000000,226.6545784225
720,100,0,7,100,100,0,0,36,107,879,100,100,0.0325265460,27.3220346725,14.2857142857,15.4401973465,1.0000000000,0.8856000000,225.8355916893
721,100,0,4,100,100,0,0,37,104,588,100,100,0.0292680346,27.2927666379,25.0000000000,15.6801733069,1.0000000000,0.8832000000,226.4492753623
722,100,0,3,100,100,0,0,37,103,491,100,100,0.0299559606,27.2628106773,33.3333333333,15.7601598927,1.0000000000,0.8824000000,226.6545784225
723,100,0,5,100,100,0,0,37,105,685,100,100,0.0324004619,27.2304102154,20.0000000000,15.6002524317,1.0000000000,0.8840000000,226.2443438914
724,100,0,7,100,100,0,0,37,107,879,100,100,0.0318570993,27.1985531161,14.2857142857,15.4401935308,1.0000000000,0.8856000000,225.8355916893
725,100,0,3,100,100,0,0,37,103,491,100,100,0.0294717965,27.1690813196,33.3333333333,15.7601804867,1.0000000000,0.8824000000,226.6545784225
726,100,0,5,100,100,0,0,37,105,685,100,100,0.0314156654,27.1376656542,20.0000000000,15.6002480134,1.0000000000,0.8840000000,226.2443438914
727,100,0,6,100,100,0,0,37,106,782,100,100,0.0331835953,27.1044820589,16.6666666667,15.5202788818,1.0000000000,0.8848000000,226.0397830018
728,100,0,6,100,100,0,0,37,106,782,100,100,0.0315176029,27.0729644560,16.6666666667,15.5201723578,1.0000000000,0.8848000000,226.0397830018
729,100,0,4,100,100,0,0,37,104,588,100,100,0.0309326155,27.0420318405,25.0000000000,15.6802052750,1.0000000000,0.8832000000,226.4492753623
730,100,0,2,100,100,0,0,37,102,394,100,100,0.0330253627,27.0090064778,50.0000000000,15.8402921933,1.0000000000,0.8816000000,226.8602540835
731,100,0,7,100,100,0,0,37,107,879,100,100,0.0317950026,26.9772114752,14.2857142857,15.4401714551,1.0000000000,0.8856000000,225.8355916893
732,100,0,5,100,100,0,0,37,105,685,100,100,0.0307810771,26.9464303981,20.0000000000,15.6001979838,1.0000000000,0.8840000000,226.2443438914
733,100,0,3,100,100,0,0,37,103,491,100,100,0.0297562090,26.9166741891,33.3333333333,15.7602168691,1.0000000000,0.8824000000,226.6545784225
734,100,0,3,100,100,0,0,37,103,491,100,100,0.0294732102,26.8872009789,33.3333333333,15.7601928234,1.0000000000,0.8824000000,226.6545784225
735,100,0,5,100,100,0,0,37,105,685,100,100,0.0312006989,26.8560002799,20.0000000000,15.6001750994,1.0000000000,0.8840000000,226.2443438914
736,100,0,7,100,100,0,0,37,107,879,100,100,0.0319945443,26.8240057356,14.2857142857,15.4401768444,1.0000000000,0.8856000000,225.8355916893
737,100,0,6,100,100,0,0,37,106,782,100,100,0.0337967950,26.7902089406,16.6666666667,15.5202362569,1.0000000000,0.8848000000,226.0397830018
738,100,0,8,100,100,0,0,37,108,976,100,100,0.0334934558,26.7567154848,12.5000000000,15.3602020915,1.0000000000,0.8864000000,225.6317689531
739,100,0,5,100,100,0,0,37,105,685,100,100,0.0305921222,26.7261233626,20.0000000000,15.6001979553,1.0000000000,0.8840000000,226.2443438914
740,100,0,6,100,100,0,0,37,106,782,100,100,0.0312704123,26.6948529503,16.6666666667,15.5201885283,1.0000000000,0.8848000000,226.0397830018
741,100,0,3,100,100,0,0,38,103,491,100,100,0.0288346311,26.6660183191,33.3333333333,15.7601840493,1.0000000000,0.8824000000,226.6545784225
742,100,0,6,100,100,0,0,38,106,782,100,100,0.0312178212,26.6348004979,16.6666666667,15.5201819778,1.0000000000,0.8848000000,226.0397830018
743,100,0,4,100,100,0,0,38,104,588,100,100,0.0315793897,26.6032211082,25.0000000000,15.6802946073,1.0000000000,0.8832000000,226.4492753623
744,100,0,7,100,100,0,0,38,107,879,100,100,0.0320372104,26.5711838979,14.2857142857,15.4401627931,1.0000000000,0.8856000000,225.8355916893
745,100,0,4,100,100,0,0,38,104,588,100,100,0.0300057408,26.5411781570,25.0000000000,15.6802267156,1.0000000000,0.8832000000,226.4492753623
746,100,0,4,100,100,0,0,38,104,588,100,100,0.0306801989,26.5104979582,25.0000000000,15.6801668485,1.0000000000,0.8832000000,226.4492753623
747,100,0,6,100,100,0,0,38,106,782,100,100,0.0313630206,26.4791349376,16.6666666667,15.5201731218,1.0000000000,0.8848000000,226.0397830018
748,100,0,7,100,100,0,0,38,107,879,100,100,0.0332242942,26.4459106434,14.2857142857,15.4401927359,1.0000000000,0.8856000000,225.8355916893
749,100,0,4,100,100,0,0,38,104,588,100,100,0.0316024667,26.4143081767,25.0000000000,15.6802665042,1.0000000000,0.8832000000,226.4492753623
750,100,0,3,100,100,0,0,38,103,491,100,100,0.0296115511,26.3846966256,33.3333333333,15.7602454500,1.0000000000,0.8824000000,226.6545784225
751,100,0,4,100,100,0,0,38,104,588,100,100,0.0316196348,26.3530769908,25.0000000000,15.6802815335,1.0000000000,0.8832000000,226.4492753623
752,100,0,7,100,100,0,0,38,107,879,100,100,0.0320634486,26.3210135422,14.2857142857,15.4401966277,1.0000000000,0.8856000000,225.8355916893
753,100,0,6,100,100,0,0,38,106,782,100,100,0.0316146447,26.2893988975,16.6666666667,15.5201996532,1.0000000000,0.8848000000,226.0397830018
754,100,0,3,100,100,0,0,38,103,491,100,100,0.0296041400,26.2597947574,33.3333333333,15.7602512677,1.0000000000,0.8824000000,226.6545784225
755,100,0,4,100,100,0,0,38,104,588,100,100,0.0304583065,26.2293364509,25.0000000000,15.6802135254,1.0000000000,0.8832000000,226.4492753623
756,100,0,11,100,100,0,0,38,111,1267,100,100,0.0358497730,26.1934866779,9.0909090909,15.1201805157,1.0000000000,0.8888000000,225.0225022502
757,100,0,5,100,100,0,0,38,105,685,100,100,0.0300217297,26.1634649482,20.0000000000,15.6001926558,1.0000000000,0.8840000000,226.2443438914
758,100,0,4,100,100,0,0,38,104,588,100,100,0.0299796140,26.1334853343,25.0000000000,15.6801811012,1.0000000000,0.8832000000,226.4492753623
759,100,0,7,100,100,0,0,38,107,879,100,100,0.0325095597,26.1009757746,14.2857142857,15.4401775678,1.0000000000,0.8856000000,225.8355916893
760,100,0,1,100,100,0,0,38,101,297,100,100,0.0291697685,26.0718060061,100.0000000000,15.9201694712,1.0000000000,0.8808000000,227.0663033606
761,100,0,4,100,100,0,0,39,104,588,100,100,0.0302356540,26.0415703520,25.0000000000,15.6802439604,1.0000000000,0.8832000000,226.4492753623
762,100,0,5,100,100,0,0,39,105,685,100,100,0.0306141922,26.0109561599,20.0000000000,15.6001780503,1.0000000000,0.8840000000,226.2443438914
763,100,0,3,100,100,0,0,39,103,491,100,100,0.0296095120,25.9813466479,33.3333333333,15.7602217235,1.0000000000,0.8824000000,226.6545784225
764,100,0,8,100,100,0,0,39,108,976,100,100,0.0338897945,25.9474568534,12.5000000000,15.3601924959,1.0000000000,0.8864000000,225.6317689531
765,100,0,5,100,100,0,0,39,105,685,100,100,0.0303693793,25.9170874741,20.0000000000,15.6001877528,1.0000000000,0.8840000000,226.2443438914
766,100,0,4,100,100,0,0,39,104,588,100,100,0.0296066850,25.8874807890,25.0000000000,15.6802137644,1.0000000000,0.8832000000,226.4492753623
767,100,0,3,100,100,0,0,39,103,491,100,100,0.0309547985,25.8565259905,33.3333333333,15.7602698344,1.0000000000,0.8824000000,226.6545784225
768,100,0,5,100,100,0,0,39,105,685,100,100,0.0303820941,25.8261438964,20.0000000000,15.6001543730,1.0000000000,0.8840000000,226.2443438914
769,100,0,3,100,100,0,0,39,103,491,100,100,0.0305479971,25.7955958993,33.3333333333,15.7602551809,1.0000000000,0.8824000000,226.6545784225
770,100,0,7,100,100,0,0,39,107,879,100,100,0.0322940705,25.7633018288,14.2857142857,15.4401618115,1.0000000000,0.8856000000,225.8355916893
771,100,0,7,100,100,0,0,39,107,879,100,100,0.0327807302,25.7305210986,14.2857142857,15.4402337226,1.0000000000,0.8856000000,225.8355916893
772,100,0,8,100,100,0,0,39,108,976,100,100,0.0331208713,25.6974002273,12.5000000000,15.3602066958,1.0000000000,0.8864000000,225.6317689531
773,100,0,2,100,100,0,0,39,102,394,100,100,0.0308422067,25.6665580207,50.0000000000,15.8403189888,1.0000000000,0.8816000000,226.8602540835
774,100,0,9,100,100,0,0,39,109,1073,100,100,0.0337271081,25.6328309125,11.1111111111,15.2801658784,1.0000000000,0.8872000000,225.4283137962
775,100,0,6,100,100,0,0,39,106,782,100,100,0.0310526919,25.6017782206,16.6666666667,15.5201727092,1.0000000000,0.8848000000,226.0397830018
776,100,0,7,100,100,0,0,39,107,879,100,100,0.0325926102,25.5691856104,14.2857142857,15.4402144942,1.0000000000,0.8856000000,225.8355916893
777,100,0,6,100,100,0,0,39,105,782,100,100,0.0336192026,25.5355664078,16.6666666667,15.5202177131,1.0000000000,0.8840000000,226.2443438914
778,100,0,5,100,100,0,0,39,105,685,100,100,0.0308325930,25.5047338148,20.0000000000,15.6001736421,1.0000000000,0.8840000000,226.2443438914
779,100,0,1,100,100,0,0,39,101,297,100,100,0.0305638573,25.4741699575,100.0000000000,15.9202413581,1.0000000000,0.8808000000,227.0663033606
780,100,0,2,100,100,0,0,39,102,394,100,100,0.0294949129,25.4446750446,50.0000000000,15.8401968126,1.0000000000,0.8816000000,226.8602540835
781,100,0,4,100,100,0,0,40,104,588,100,100,0.0312180412,25.4134570034,25.0000000000,15.6802885765,1.0000000000,0.8832000000,226.4492753623
782,100,0,6,100,100,0,0,40,106,782,100,100,0.0311598729,25.3822971305,16.6666666667,15.5202071309,1.0000000000,0.8848000000,226.0397830018
783,100,0,3,100,100,0,0,40,103,491,100,100,0.0370860064,25.3452111242,33.3333333333,15.7603653536,1.0000000000,0.8824000000,226.6545784225
784,100,0,6,100,100,0,0,40,106,782,100,100,0.0311546560,25.3140564682,16.6666666667,15.5201880313,1.0000000000,0.8848000000,226.0397830018
785,100,0,1,100,100,0,0,40,101,297,100,100,0.0374648040,25.2765916642,100.0000000000,15.9204006975,1.0000000000,0.8808000000,227.0663033606
786,100,0,7,100,100,0,0,40,107,879,100,100,0.0319818438,25.2446098204,14.2857142857,15.4401779467,1.0000000000,0.8856000000,225.8355916893
787,100,0,7,100,100,0,0,40,107,879,100,100,0.0318338679,25.2127759526,14.2857142857,15.4401710996,1.0000000000,0.8856000000,225.8355916893
788,100,0,3,100,100,0,0,40,103,491,100,100,0.0293918026,25.1833841499,33.3333333333,15.7602551896,1.0000000000,0.8824000000,226.6545784225
789,100,0,6,100,100,0,0,40,106,782,100,100,0.0318816127,25.1515025372,16.6666666667,15.5201794408,1.0000000000,0.8848000000,226.0397830018
790,100,0,4,100,100,0,0,40,104,588,100,100,0.0298261701,25.1216763671,25.0000000000,15.6801679401,1.0000000000,0.8832000000,226.4492753623
791,100,0,6,100,100,0,0,40,106,782,100,100,0.0315908683,25.0900854988,16.6666666667,15.5201921157,1.0000000000,0.8848000000,226.0397830018
792,100,0,5,100,100,0,0,40,105,685,100,100,0.0313534013,25.0587320975,20.0000000000,15.6001847407,1.0000000000,0.8840000000,226.2443438914
793,100,0,7,100,100,0,0,40,106,879,100,100,0.0319377576,25.0267943399,14.2857142857,15.4401661777,1.0000000000,0.8848000000,226.0397830018
794,100,0,4,100,100,0,0,40,104,588,100,100,0.0311743114,24.9956200285,25.0000000000,15.6802012073,1.0000000000,0.8832000000,226.4492753623
795,100,0,12,100,100,0,0,40,112,1364,100,100,0.0366964318,24.9589235967,8.3333333333,15.0401676937,1.0000000000,0.8896000000,224.8201438849
796,100,0,1,100,100,0,0,40,101,297,100,100,0.0350780079,24.9238455888,100.0000000000,15.9203612038,1.0000000000,0.8808000000,227.0663033606
797,100,0,3,100,100,0,0,40,103,491,100,100,0.0349921053,24.8888534835,33.3333333333,15.7603265425,1.0000000000,0.8824000000,226.6545784225
798,100,0,4,100,100,0,0,40,104,588,100,100,0.0300706360,24.8587828475,25.0000000000,15.6801620670,1.0000000000,0.8832000000,226.4492753623
799,100,0,6,100,100,0,0,40,106,782,100,100,0.0314608314,24.8273220162,16.6666666667,15.5201748358,1.0000000000,0.8848000000,226.0397830018
800,100,0,5,100,100,0,0,40,105,685,100,100,0.0304393874,24.7968826287,20.0000000000,15.6001933401,1.0000000000,0.8840000000,226.2443438914
801,100,0,8,100,100,0,0,41,108,976,100,100,0.0331988730,24.7636837558,12.5000000000,15.3601941579,1.0000000000,0.8864000000,225.6317689531
802,100,0,5,100,100,0,0,41,105,685,100,100,0.0307943650,24.7328893907,20.0000000000,15.6002004791,1.0000000000,0.8840000000,226.2443438914
803,100,0,8,100,100,0,0,41,108,976,100,100,0.0328482659,24.7000411248,12.5000000000,15.3601837549,1.0000000000,0.8864000000,225.6317689531
804,100,0,6,100,100,0,0,41,106,782,100,100,0.0312305113,24.6688106136,16.6666666667,15.5202070582,1.0000000000,0.8848000000,226.0397830018
805,100,0,7,100,100,0,0,41,107,879,100,100,0.0330962874,24.6357143262,14.2857142857,15.4401955350,1.0000000000,0.8856000000,225.8355916893
806,100,0,6,100,100,0,0,41,106,782,100,100,0.0313783904,24.6043359358,16.6666666667,15.5201848147,1.0000000000,0.8848000000,226.0397830018
807,100,0,2,100,100,0,0,41,102,394,100,100,0.0301189979,24.5742169378,50.0000000000,15.8401947903,1.0000000000,0.8816000000,226.8602540835
808,100,0,6,100,100,0,0,41,106,782,100,100,0.0320608032,24.5421561346,16.6666666667,15.5201717660,1.0000000000,0.8848000000,226.0397830018
809,100,0,6,100,100,0,0,41,106,782,100,100,0.0313839185,24.5107722161,16.6666666667,15.5201650845,1.0000000000,0.8848000000,226.0397830018
810,100,0,1,100,100,0,0,41,101,297,100,100,0.0345033288,24.4762688873,100.0000000000,15.9203559097,1.0000000000,0.8808000000,227.0663033606
811,100,0,4,100,100,0,0,41,104,588,100,100,0.0303177764,24.4459511109,25.0000000000,15.6802122727,1.0000000000,0.8832000000,226.4492753623
812,100,0,3,100,100,0,0,41,103,491,100,100,0.0292348887,24.4167162222,33.3333333333,15.7602170537,1.0000000000,0.8824000000,226.6545784225
813,100,0,4,100,100,0,0,41,104,588,100,100,0.0311728743,24.3855433479,25.0000000000,15.6802221592,1.0000000000,0.8832000000,226.4492753623
814,100,0,5,100,100,0,0,41,104,685,100,100,0.0317368551,24.3538064928,20.0000000000,15.6002675630,1.0000000000,0.8832000000,226.4492753623
815,100,0,6,100,100,0,0,41,106,782,100,100,0.0314571099,24.3223493828,16.6666666667,15.5201997691,1.0000000000,0.8848000000,226.0397830018
816,100,0,1,100,100,0,0,41,101,297,100,100,0.0341387706,24.2882106122,100.0000000000,15.9203303916,1.0000000000,0.8808000000,227.0663033606
817,100,0,9,100,100,0,0,41,109,1073,100,100,0.0336693047,24.2545413075,11.1111111111,15.2801586926,1.0000000000,0.8872000000,225.4283137962
818,100,0,6,100,100,0,0,41,106,782,100,100,0.0314458008,24.2230955067,16.6666666667,15.5201864512,1.0000000000,0.8848000000,226.0397830018
819,100,0,6,100,100,0,0,41,106,782,100,100,0.0312806035,24.1918149031,16.6666666667,15.5201651882,1.0000000000,0.8848000000,226.0397830018
820,100,0,1,100,100,0,0,41,101,297,100,100,0.0317940000,24.1600209031,100.0000000000,15.9202739056,1.0000000000,0.8808000000,227.0663033606
821,100,0,4,100,100,0,0,42,104,588,100,100,0.0305405649,24.1294803382,25.0000000000,15.6802070228,1.0000000000,0.8832000000,226.4492753623
822,100,0,2,100,100,0,0,42,102,394,100,100,0.0310394922,24.0984408459,50.0000000000,15.8402439294,1.0000000000,0.8816000000,226.8602540835
823,100,0,5,100,100,0,0,42,105,685,100,100,0.0305692958,24.0678715502,20.0000000000,15.6002096947,1.0000000000,0.8840000000,226.2443438914
824,100,0,7,100,100,0,0,42,107,879,100,100,0.0320887676,24.0357827826,14.2857142857,15.4402078295,1.0000000000,0.8856000000,225.8355916893
825,100,0,2,100,100,0,0,42,102,394,100,100,0.0300292543,24.0057535283,50.0000000000,15.8402815983,1.0000000000,0.8816000000,226.8602540835
826,100,0,8,100,100,0,0,42,108,976,100,100,0.0329602738,23.9727932545,12.5000000000,15.3601767088,1.0000000000,0.8864000000,225.6317689531
827,100,0,4,100,100,0,0,42,104,588,100,100,0.0303768232,23.9424164313,25.0000000000,15.6801965494,1.0000000000,0.8832000000,226.4492753623
828,100,0,3,100,100,0,0,42,103,491,100,100,0.0300388321,23.9123775993,33.3333333333,15.7601592874,1.0000000000,0.8824000000,226.6545784225
829,100,0,2,100,100,0,0,42,102,394,100,100,0.0347342678,23.8776433314,50.0000000000,15.8403584564,1.0000000000,0.8816000000,226.8602540835
830,100,0,6,100,100,0,0,42,106,782,100,100,0.0308595984,23.8467837330,16.6666666667,15.5201691628,1.0000000000,0.8848000000,226.0397830018
831,100,0,5,100,100,0,0,42,105,685,100,100,0.0307926749,23.8159910582,20.0000000000,15.6001883044,1.0000000000,0.8840000000,226.2443438914
832,100,0,7,100,100,0,0,42,107,879,100,100,0.0320251120,23.7839659461,14.2857142857,15.4401920339,1.0000000000,0.8856000000,225.8355916893
833,100,0,5,100,100,0,0,42,105,685,100,100,0.0312031683,23.7527627779,20.0000000000,15.6002300030,1.0000000000,0.8840000000,226.2443438914
834,100,0,7,100,100,0,0,42,106,879,100,100,0.0322340382,23.7205287397,14.2857142857,15.4401970981,1.0000000000,0.8848000000,226.0397830018
835,100,0,1,100,100,0,0,42,101,297,100,100,0.0325922453,23.6879364945,100.0000000000,15.9203173949,1.0000000000,0.8808000000,227.0663033606
836,100,0,9,100,100,0,0,42,109,1073,100,100,0.0338083892,23.6541281052,11.1111111111,15.2801707635,1.0000000000,0.8872000000,225.4283137962
837,100,0,7,100,100,0,0,42,107,879,100,100,0.0325654541,23.6215626512,14.2857142857,15.4401962096,1.0000000000,0.8856000000,225.8355916893
838,100,0,7,100,100,0,0,42,107,879,100,100,0.0325328184,23.5890298328,14.2857142857,15.4401728361,1.0000000000,0.8856000000,225.8355916893
839,100,0,4,100,100,0,0,42,104,588,100,100,0.0306774669,23.5583523659,25.0000000000,15.6801913689,1.0000000000,0.8832000000,226.4492753623
840,100,0,5,100,100,0,0,42,105,685,100,100,0.0306289479,23.5277234180,20.0000000000,15.6001910970,1.0000000000,0.8840000000,226.2443438914
841,100,0,6,100,100,0,0,43,106,782,100,100,0.0314667647,23.4962566533,16.6666666667,15.5201906715,1.0000000000,0.8848000000,226.0397830018
842,100,0,3,100,100,0,0,43,103,491,100,100,0.0298339393,23.4664227140,33.3333333333,15.7602494119,1.0000000000,0.8824000000,226.6545784225
843,100,0,2,100,100,0,0,43,102,394,100,100,0.0314805962,23.4349421178,50.0000000000,15.8402694225,1.0000000000,0.8816000000,226.8602540835
844,100,0,2,100,100,0,0,43,102,394,100,100,0.0297440616,23.4051980562,50.0000000000,15.8402882164,1.0000000000,0.8816000000,226.8602540835
845,100,0,9,100,100,0,0,43,109,1073,100,100,0.0344969691,23.3707010871,11.1111111111,15.2801628395,1.0000000000,0.8872000000,225.4283137962
846,100,0,8,100,100,0,0,43,108,976,100,100,0.0327327029,23.3379683842,12.5000000000,15.3601653048,1.0000000000,0.8864000000,225.6317689531
847,100,0,7,100,100,0,0,43,107,879,100,100,0.0322057247,23.3057626595,14.2857142857,15.4402010130,1.0000000000,0.8856000000,225.8355916893
848,100,0,5,100,100,0,0,43,104,685,100,100,0.0322524983,23.2735101612,20.0000000000,15.6001733432,1.0000000000,0.8832000000,226.4492753623
849,100,0,4,100,100,0,0,43,104,588,100,100,0.0299170789,23.2435930823,25.0000000000,15.6802069879,1.0000000000,0.8832000000,226.4492753623
850,100,0,7,100,100,0,0,43,107,879,100,100,0.0324496881,23.2111433941,14.2857142857,15.4401605593,1.0000000000,0.8856000000,225.8355916893
851,100,0,7,100,100,0,0,43,107,879,100,100,0.0337779309,23.1773654632,14.2857142857,15.4402192937,1.0000000000,0.8856000000,225.8355916893
852,100,0,5,100,100,0,0,43,105,685,100,100,0.0306181774,23.1467472858,20.0000000000,15.6001789186,1.0000000000,0.8840000000,226.2443438914
853,100,0,5,100,100,0,0,43,105,685,100,100,0.0314725190,23.1152747668,20.0000000000,15.6002249195,1.0000000000,0.8840000000,226.2443438914
854,100,0,5,100,100,0,0,43,105,685,100,100,0.0309288943,23.0843458725,20.0000000000,15.6002090788,1.0000000000,0.8840000000,226.2443438914
855,100,0,3,100,100,0,0,43,103,491,100,100,0.0297807844,23.0545650881,33.3333333333,15.7602111034,1.0000000000,0.8824000000,226.6545784225
856,100,0,8,100,100,0,0,43,108,976,100,100,0.0339888803,23.0205762078,12.5000000000,15.3601836584,1.0000000000,0.8864000000,225.6317689531
857,100,0,3,100,100,0,0,43,103,491,100,100,0.0296711627,22.9909050452,33.3333333333,15.7601905429,1.0000000000,0.8824000000,226.6545784225
858,100,0,2,100,100,0,0,43,102,394,100,100,0.0288914760,22.9620135691,50.0000000000,15.8402172705,1.0000000000,0.8816000000,226.8602540835
859,100,0,4,100,100,0,0,43,104,588,100,100,0.0295132864,22.9325002827,25.0000000000,15.6801842325,1.0000000000,0.8832000000,226.4492753623
860,100,0,5,100,100,0,0,43,105,685,100,100,0.0315661540,22.9009341287,20.0000000000,15.6002093034,1.0000000000,0.8840000000,226.2443438914
861,100,0,4,100,100,0,0,44,104,588,100,100,0.0316643821,22.8692697466,25.0000000000,15.6802350014,1.0000000000,0.8832000000,226.4492753623
862,100,0,4,100,100,0,0,44,104,588,100,100,0.0305187399,22.8387510068,25.0000000000,15.6802219844,1.0000000000,0.8832000000,226.4492753623
863,100,0,10,100,100,0,0,44,109,1170,100,100,0.0349907684,22.8037602384,10.0000000000,15.2001630625,1.0000000000,0.8872000000,225.4283137962
864,100,0,4,100,100,0,0,44,104,588,100,100,0.0326683441,22.7710918943,25.0000000000,15.6802710194,1.0000000000,0.8832000000,226.4492753623
865,100,0,8,100,100,0,0,44,108,976,100,100,0.0335777648,22.7375141295,12.5000000000,15.3601910658,1.0000000000,0.8864000000,225.6317689531
866,100,0,8,100,100,0,0,44,108,976,100,100,0.0334575570,22.7040565726,12.5000000000,15.3601675622,1.0000000000,0.8864000000,225.6317689531
867,100,0,2,100,100,0,0,44,102,394,100,100,0.0287607258,22.6752958468,50.0000000000,15.8401794156,1.0000000000,0.8816000000,226.8602540835
868,100,0,5,100,100,0,0,44,105,685,100,100,0.0306596587,22.6446361881,20.0000000000,15.6002138541,1.0000000000,0.8840000000,226.2443438914
869,100,0,6,100,100,0,0,44,106,782,100,100,0.0316775517,22.6129586364,16.6666666667,15.5201998705,1.0000000000,0.8848000000,226.0397830018
870,100,0,6,100,100,0,0,44,106,782,100,100,0.0328643024,22.5800943340,16.6666666667,15.5202236923,1.0000000000,0.8848000000,226.0397830018
871,100,0,4,100,100,0,0,44,104,588,100,100,0.0292235253,22.5508708087,25.0000000000,15.6801863123,1.0000000000,0.8832000000,226.4492753623
872,100,0,3,100,100,0,0,44,103,491,100,100,0.0289324409,22.5219383678,33.3333333333,15.7602133055,1.0000000000,0.8824000000,226.6545784225
873,100,0,3,100,100,0,0,44,103,491,100,100,0.0297538737,22.4921844941,33.3333333333,15.7602047241,1.0000000000,0.8824000000,226.6545784225
874,100,0,2,100,100,0,0,44,102,394,100,100,0.0322774730,22.4599070210,50.0000000000,15.8403274064,1.0000000000,0.8816000000,226.8602540835
875,100,0,4,100,100,0,0,44,104,588,100,100,0.0297552854,22.4301517356,25.0000000000,15.6801769511,1.0000000000,0.8832000000,226.4492753623
876,100,0,7,100,100,0,0,44,107,879,100,100,0.0323320252,22.3978197104,14.2857142857,15.4402053270,1.0000000000,0.8856000000,225.8355916893
877,100,0,5,100,100,0,0,44,105,685,100,100,0.0306756258,22.3671440846,20.0000000000,15.6002215390,1.0000000000,0.8840000000,226.2443438914
878,100,0,5,100,100,0,0,44,105,685,100,100,0.0301539666,22.3369901180,20.0000000000,15.6001814172,1.0000000000,0.8840000000,226.2443438914
879,100,0,4,100,100,0,0,44,104,588,100,100,0.0302076590,22.3067824589,25.0000000000,15.6801644839,1.0000000000,0.8832000000,226.4492753623
880,100,0,6,100,100,0,0,44,106,782,100,100,0.0311469600,22.2756354989,16.6666666667,15.5201821144,1.0000000000,0.8848000000,226.0397830018
881,100,0,9,100,100,0,0,45,109,1073,100,100,0.0343674841,22.2412680149,11.1111111111,15.2801783411,1.0000000000,0.8872000000,225.4283137962
882,100,0,5,100,100,0,0,45,105,685,100,100,0.0307099100,22.2105581048,20.0000000000,15.6001762744,1.0000000000,0.8840000000,226.2443438914
883,100,0,4,100,100,0,0,45,104,588,100,100,0.0296546113,22.1809034936,25.0000000000,15.6801965382,1.0000000000,0.8832000000,226.4492753623
884,100,0,5,100,100,0,0,45,105,685,100,100,0.0303787824,22.1505247111,20.0000000000,15.6002021948,1.0000000000,0.8840000000,226.2443438914
885,100,0,8,100,100,0,0,45,108,976,100,100,0.0337159994,22.1168087117,12.5000000000,15.3601761462,1.0000000000,0.8864000000,225.6317689531
886,100,0,1,100,100,0,0,45,101,297,100,100,0.0304065818,22.0864021300,100.0000000000,15.9202271728,1.0000000000,0.8808000000,227.0663033606
887,100,0,3,100,100,0,0,45,103,491,100,100,0.0294996056,22.0569025244,33.3333333333,15.7601908865,1.0000000000,0.8824000000,226.6545784225
888,100,0,6,100,100,0,0,45,106,782,100,100,0.0312430006,22.0256595237,16.6666666667,15.5201911712,1.0000000000,0.8848000000,226.0397830018
889,100,0,4,100,100,0,0,45,104,588,100,100,0.0296926283,21.9959668954,25.0000000000,15.6801716510,1.0000000000,0.8832000000,226.4492753623
890,100,0,4,100,100,0,0,45,104,588,100,100,0.0310217814,21.9649451140,25.0000000000,15.6802585517,1.0000000000,0.8832000000,226.4492753623
891,100,0,3,100,100,0,0,45,103,491,100,100,0.0313640872,21.9335810268,33.3333333333,15.7602362040,1.0000000000,0.8824000000,226.6545784225
892,100,0,4,100,100,0,0,45,104,588,100,100,0.0302942315,21.9032867953,25.0000000000,15.6801984903,1.0000000000,0.8832000000,226.4492753623
893,100,0,6,100,100,0,0,45,106,782,100,100,0.0325068886,21.8707799067,16.6666666667,15.5202023342,1.0000000000,0.8848000000,226.0397830018
894,100,0,3,100,100,0,0,45,103,491,100,100,0.0295033603,21.8412765463,33.3333333333,15.7602070026,1.0000000000,0.8824000000,226.6545784225
895,100,0,5,100,100,0,0,45,105,685,100,100,0.0305450881,21.8107314583,20.0000000000,15.6001784898,1.0000000000,0.8840000000,226.2443438914
896,100,0,8,100,100,0,0,45,108,976,100,100,0.0332865062,21.7774449521,12.5000000000,15.3602011431,1.0000000000,0.8864000000,225.6317689531
897,100,0,7,100,100,0,0,45,107,879,100,100,0.0319195132,21.7455254389,14.2857142857,15.4401739455,1.0000000000,0.8856000000,225.8355916893
898,100,0,6,100,100,0,0,45,106,782,100,100,0.0315972216,21.7139282173,16.6666666667,15.5202006179,1.0000000000,0.8848000000,226.0397830018
899,100,0,5,100,100,0,0,45,105,685,100,100,0.0307449625,21.6831832548,20.0000000000,15.6002094325,1.0000000000,0.8840000000,226.2443438914
900,100,0,4,100,100,0,0,45,104,588,100,100,0.0302079166,21.6529753381,25.0000000000,15.6802460225,1.0000000000,0.8832000000,226.4492753623
901,100,0,5,100,100,0,0,46,105,685,100,100,0.0320510811,21.6209242571,20.0000000000,15.6002347371,1.0000000000,0.8840000000,226.2443438914
902,100,0,7,100,100,0,0,46,107,879,100,100,0.0321427410,21.5887815161,14.2857142857,15.4401842055,1.0000000000,0.8856000000,225.8355916893
903,100,0,7,100,100,0,0,46,107,879,100,100,0.0319964370,21.5567850791,14.2857142857,15.4401772420,1.0000000000,0.8856000000,225.8355916893
904,100,0,7,100,100,0,0,46,107,879,100,100,0.0318586933,21.5249263858,14.2857142857,15.4401772470,1.0000000000,0.8856000000,225.8355916893
905,100,0,1,100,100,0,0,46,101,297,100,100,0.0326687451,21.4922576407,100.0000000000,15.9203133297,1.0000000000,0.8808000000,227.0663033606
906,100,0,6,100,100,0,0,46,106,782,100,100,0.0313869853,21.4608706554,16.6666666667,15.5201891920,1.0000000000,0.8848000000,226.0397830018
907,100,0,5,100,100,0,0,46,105,685,100,100,0.0303431353,21.4305275200,20.0000000000,15.6001745522,1.0000000000,0.8840000000,226.2443438914
908,100,0,3,100,100,0,0,46,103,491,100,100,0.0295341041,21.4009934159,33.3333333333,15.7601583132,1.0000000000,0.8824000000,226.6545784225
909,100,0,3,100,100,0,0,46,103,491,100,100,0.0301972580,21.3707961579,33.3333333333,15.7602797105,1.0000000000,0.8824000000,226.6545784225
910,100,0,5,100,100,0,0,46,105,685,100,100,0.0305366552,21.3402595027,20.0000000000,15.6002127062,1.0000000000,0.8840000000,226.2443438914
911,100,0,6,100,100,0,0,46,106,782,100,100,0.0315323820,21.3087271207,16.6666666667,15.5202063511,1.0000000000,0.8848000000,226.0397830018
912,100,0,4,100,100,0,0,46,104,588,100,100,0.0303542738,21.2783728469,25.0000000000,15.6802100714,1.0000000000,0.8832000000,226.4492753623
913,100,0,4,100,100,0,0,46,104,588,100,100,0.0298588891,21.2485139578,25.0000000000,15.6801774058,1.0000000000,0.8832000000,226.4492753623
914,100,0,6,100,100,0,0,46,106,782,100,100,0.0314683257,21.2170456321,16.6666666667,15.5201817142,1.0000000000,0.8848000000,226.0397830018
915,100,0,3,100,100,0,0,46,103,491,100,100,0.0292033289,21.1878423032,33.3333333333,15.7601828645,1.0000000000,0.8824000000,226.6545784225
916,100,0,6,100,100,0,0,46,106,782,100,100,0.0310131633,21.1568291399,16.6666666667,15.5201944216,1.0000000000,0.8848000000,226.0397830018
917,100,0,5,100,100,0,0,46,105,685,100,100,0.0307244480,21.1261046919,20.0000000000,15.6002138748,1.0000000000,0.8840000000,226.2443438914
918,100,0,2,100,100,0,0,46,102,394,100,100,0.0290555049,21.0970491871,50.0000000000,15.8401845167,1.0000000000,0.8816000000,226.8602540835
919,100,0,6,100,100,0,0,46,106,782,100,100,0.0314471494,21.0656020377,16.6666666667,15.5201800381,1.0000000000,0.8848000000,226.0397830018
920,100,0,9,100,100,0,0,46,109,1073,100,100,0.0339567062,21.0316453315,11.1111111111,15.2801762757,1.0000000000,0.8872000000,225.4283137962
921,100,0,7,100,100,0,0,47,107,879,100,100,0.0331693210,20.9984760105,14.2857142857,15.4402387007,1.0000000000,0.8856000000,225.8355916893
922,100,0,5,100,100,0,0,47,105,685,100,100,0.0303303915,20.9681456190,20.0000000000,15.6001981197,1.0000000000,0.8840000000,226.2443438914
923,100,0,1,100,100,0,0,47,101,297,100,100,0.0371707063,20.9309749127,100.0000000000,15.9203897932,1.0000000000,0.8808000000,227.0663033606
924,100,0,7,100,100,0,0,47,106,879,100,100,0.0320729406,20.8989019721,14.2857142857,15.4401842748,1.0000000000,0.8848000000,226.0397830018
925,100,0,5,100,100,0,0,47,105,685,100,100,0.0311896698,20.8677123023,20.0000000000,15.6002301917,1.0000000000,0.8840000000,226.2443438914
926,100,0,3,100,100,0,0,47,103,491,100,100,0.0300158024,20.8376965000,33.3333333333,15.7601908077,1.0000000000,0.8824000000,226.6545784225
927,100,0,4,100,100,0,0,47,104,588,100,100,0.0297294542,20.8079670457,25.0000000000,15.6801772572,1.0000000000,0.8832000000,226.4492753623
928,100,0,4,100,100,0,0,47,104,588,100,100,0.0320978367,20.7758692090,25.0000000000,15.6802561012,1.0000000000,0.8832000000,226.4492753623
929,100,0,4,100,100,0,0,47,104,588,100,100,0.0302058529,20.7456633562,25.0000000000,15.6801926753,1.0000000000,0.8832000000,226.4492753623
930,100,0,5,100,100,0,0,47,105,685,100,100,0.0302911891,20.7153721670,20.0000000000,15.6001774732,1.0000000000,0.8840000000,226.2443438914
931,100,0,6,100,100,0,0,47,106,782,100,100,0.0319350095,20.6834371576,16.6666666667,15.5201882725,1.0000000000,0.8848000000,226.0397830018
932,100,0,4,100,100,0,0,47,104,588,100,100,0.0298663731,20.6535707845,25.0000000000,15.6801906463,1.0000000000,0.8832000000,226.4492753623
933,100,0,7,100,100,0,0,47,107,879,100,100,0.0322080261,20.6213627584,14.2857142857,15.4401982423,1.0000000000,0.8856000000,225.8355916893
934,100,0,10,100,100,0,0,47,110,1170,100,100,0.0353691030,20.5859936554,10.0000000000,15.2001648734,1.0000000000,0.8880000000,225.2252252252
935,100,0,4,100,100,0,0,47,104,588,100,100,0.0309558727,20.5550377827,25.0000000000,15.6802402824,1.0000000000,0.8832000000,226.4492753623
936,100,0,3,100,100,0,0,47,103,491,100,100,0.0294293772,20.5256084055,33.3333333333,15.7602513979,1.0000000000,0.8824000000,226.6545784225
937,100,0,3,100,100,0,0,47,103,491,100,100,0.0305104161,20.4950979894,33.3333333333,15.7602695617,1.0000000000,0.8824000000,226.6545784225
938,100,0,5,100,100,0,0,47,105,685,100,100,0.0312472797,20.4638507097,20.0000000000,15.6001615483,1.0000000000,0.8840000000,226.2443438914
939,100,0,8,100,100,0,0,47,108,976,100,100,0.0331801075,20.4306706022,12.5000000000,15.3601863817,1.0000000000,0.8864000000,225.6317689531
940,100,0,5,100,100,0,0,47,105,685,100,100,0.0316071246,20.3990634776,20.0000000000,15.6002256591,1.0000000000,0.8840000000,226.2443438914
941,100,0,8,100,100,0,0,48,108,976,100,100,0.0329100333,20.3661534443,12.5000000000,15.3601794215,1.0000000000,0.8864000000,225.6317689531
942,100,0,3,100,100,0,0,48,103,491,100,100,0.0288679045,20.3372855397,33.3333333333,15.7602186389,1.0000000000,0.8824000000,226.6545784225
943,100,0,3,100,100,0,0,48,103,491,100,100,0.0294369845,20.3078485552,33.3333333333,15.7602447931,1.0000000000,0.8824000000,226.6545784225
944,100,0,7,100,100,0,0,48,107,879,100,100,0.0321701919,20.2756783634,14.2857142857,15.4401834699,1.0000000000,0.8856000000,225.8355916893
945,100,0,5,100,100,0,0,48,105,685,100,100,0.0307003885,20.2449779748,20.0000000000,15.6001742716,1.0000000000,0.8840000000,226.2443438914
946,100,0,6,100,100,0,0,48,106,782,100,100,0.0319490541,20.2130289207,16.6666666667,15.5201773640,1.0000000000,0.8848000000,226.0397830018
947,100,0,6,100,100,0,0,48,106,782,100,100,0.0312909589,20.1817379618,16.6666666667,15.5201924105,1.0000000000,0.8848000000,226.0397830018
948,100,0,7,100,100,0,0,48,106,879,100,100,0.0328001768,20.1489377849,14.2857142857,15.4402134192,1.0000000000,0.8848000000,226.0397830018
949,100,0,7,100,100,0,0,48,107,879,100,100,0.0333136911,20.1156240938,14.2857142857,15.4401641428,1.0000000000,0.8856000000,225.8355916893
950,100,0,5,100,100,0,0,48,105,685,100,100,0.0309867623,20.0846373315,20.0000000000,15.6002147087,1.0000000000,0.8840000000,226.2443438914
951,100,0,6,100,100,0,0,48,106,782,100,100,0.0319210226,20.0527163089,16.6666666667,15.5201955120,1.0000000000,0.8848000000,226.0397830018
952,100,0,4,100,100,0,0,48,104,588,100,100,0.0308311228,20.0218851861,25.0000000000,15.6802019261,1.0000000000,0.8832000000,226.4492753623
953,100,0,4,100,100,0,0,48,104,588,100,100,0.0304150497,19.9914701365,25.0000000000,15.6802462742,1.0000000000,0.8832000000,226.4492753623
954,100,0,3,100,100,0,0,48,103,491,100,100,0.0308090082,19.9606611282,33.3333333333,15.7602427190,1.0000000000,0.8824000000,226.6545784225
955,100,0,8,100,100,0,0,48,108,976,100,100,0.0332905871,19.9273705411,12.5000000000,15.3601788147,1.0000000000,0.8864000000,225.6317689531
956,100,0,4,100,100,0,0,48,104,588,100,100,0.0297467776,19.8976237636,25.0000000000,15.6802274165,1.0000000000,0.8832000000,226.4492753623
957,100,0,4,100,100,0,0,48,104,588,100,100,0.0308961789,19.8667275847,25.0000000000,15.6802456566,1.0000000000,0.8832000000,226.4492753623
958,100,0,2,100,100,0,0,48,102,394,100,100,0.0293598665,19.8373677182,50.0000000000,15.8401804797,1.0000000000,0.8816000000,226.8602540835
959,100,0,6,100,100,0,0,48,106,782,100,100,0.0311385261,19.8062291921,16.6666666667,15.5201775687,1.0000000000,0.8848000000,226.0397830018
960,100,0,2,100,100,0,0,48,102,394,100,100,0.0320974136,19.7741317785,50.0000000000,15.8403375262,1.0000000000,0.8816000000,226.8602540835
961,100,0,3,100,100,0,0,49,103,491,100,100,0.0291314113,19.7450003672,33.3333333333,15.7601951386,1.0000000000,0.8824000000,226.6545784225
962,100,0,5,100,100,0,0,49,105,685,100,100,0.0307262766,19.7142740906,20.0000000000,15.6001792242,1.0000000000,0.8840000000,226.2443438914
963,100,0,6,100,100,0,0,49,106,782,100,100,0.0312699504,19.6830041401,16.6666666667,15.5201774874,1.0000000000,0.8848000000,226.0397830018
964,100,0,2,100,100,0,0,49,102,394,100,100,0.0307187892,19.6522853509,50.0000000000,15.8402202397,1.0000000000,0.8816000000,226.8602540835
965,100,0,6,100,100,0,0,49,106,782,100,100,0.0319493087,19.6203360422,16.6666666667,15.5202132573,1.0000000000,0.8848000000,226.0397830018
966,100,0,10,100,100,0,0,49,110,1170,100,100,0.0348218069,19.5855142353,10.0000000000,15.2001593349,1.0000000000,0.8880000000,225.2252252252
967,100,0,8,100,100,0,0,49,108,976,100,100,0.0331739148,19.5523403205,12.5000000000,15.3602092685,1.0000000000,0.8864000000,225.6317689531
968,100,0,3,100,100,0,0,49,103,491,100,100,0.0295332028,19.5228071176,33.3333333333,15.7601741040,1.0000000000,0.8824000000,226.6545784225
969,100,0,6,100,100,0,0,49,106,782,100,100,0.0315014486,19.4913056691,16.6666666667,15.5201748428,1.0000000000,0.8848000000,226.0397830018
970,100,0,4,100,100,0,0,49,104,588,100,100,0.0319116416,19.4593940275,25.0000000000,15.6802319788,1.0000000000,0.8832000000,226.4492753623
971,100,0,6,100,100,0,0,49,106,782,100,100,0.0318727630,19.4275212646,16.6666666667,15.5202247049,1.0000000000,0.8848000000,226.0397830018
972,100,0,5,100,100,0,0,49,105,685,100,100,0.0309261246,19.3965951399,20.0000000000,15.6001863828,1.0000000000,0.8840000000,226.2443438914
973,100,0,4,100,100,0,0,49,104,588,100,100,0.0298618827,19.3667332573,25.0000000000,15.6802046351,1.0000000000,0.8832000000,226.4492753623
974,100,0,2,100,100,0,0,49,102,394,100,100,0.0292376347,19.3374956226,50.0000000000,15.8402044918,1.0000000000,0.8816000000,226.8602540835
975,100,0,4,100,100,0,0,49,104,588,100,100,0.0312549954,19.3062406271,25.0000000000,15.6802004341,1.0000000000,0.8832000000,226.4492753623
976,100,0,7,100,100,0,0,49,106,879,100,100,0.0328785279,19.2733620992,14.2857142857,15.4402033357,1.0000000000,0.8848000000,226.0397830018
977,100,0,5,100,100,0,0,49,105,685,100,100,0.0307962056,19.2425658937,20.0000000000,15.6002243336,1.0000000000,0.8840000000,226.2443438914
978,100,0,6,100,100,0,0,49,106,782,100,100,0.0314950983,19.2110707954,16.6666666667,15.5201954679,1.0000000000,0.8848000000,226.0397830018
979,100,0,4,100,100,0,0,49,104,588,100,100,0.0300292799,19.1810415155,25.0000000000,15.6801638950,1.0000000000,0.8832000000,226.4492753623
980,100,0,4,100,100,0,0,49,104,588,100,100,0.0300868120,19.1509547035,25.0000000000,15.6802321383,1.0000000000,0.8832000000,226.4492753623
981,100,0,1,100,100,0,0,50,101,297,100,100,0.0355004406,19.1154542628,100.0000000000,15.9203683385,1.0000000000,0.8808000000,227.0663033606
982,100,0,5,100,100,0,0,50,105,685,100,100,0.0336035537,19.0818507091,20.0000000000,15.6002653534,1.0000000000,0.8840000000,226.2443438914
983,100,0,5,100,100,0,0,50,105,685,100,100,0.0319491929,19.0499015162,20.0000000000,15.6002055213,1.0000000000,0.8840000000,226.2443438914
984,100,0,4,100,100,0,0,50,104,588,100,100,0.0297242368,19.0201772794,25.0000000000,15.6802010990,1.0000000000,0.8832000000,226.4492753623
985,100,0,4,100,100,0,0,50,104,588,100,100,0.0298353502,18.9903419292,25.0000000000,15.6801963203,1.0000000000,0.8832000000,226.4492753623
986,100,0,3,100,100,0,0,50,103,491,100,100,0.0306914672,18.9596504620,33.3333333333,15.7602135435,1.0000000000,0.8824000000,226.6545784225
987,100,0,7,100,100,0,0,50,107,879,100,100,0.0324981997,18.9271522623,14.2857142857,15.4401856730,1.0000000000,0.8856000000,225.8355916893
988,100,0,6,100,100,0,0,50,106,782,100,100,0.0323792742,18.8947729881,16.6666666667,15.5202102329,1.0000000000,0.8848000000,226.0397830018
989,100,0,5,100,100,0,0,50,105,685,100,100,0.0305675900,18.8642053981,20.0000000000,15.6001833072,1.0000000000,0.8840000000,226.2443438914
990,100,0,8,100,100,0,0,50,108,976,100,100,0.0334513662,18.8307540319,12.5000000000,15.3601814811,1.0000000000,0.8864000000,225.6317689531
991,100,0,2,100,100,0,0,50,102,394,100,100,0.0288646845,18.8018893474,50.0000000000,15.8401668792,1.0000000000,0.8816000000,226.8602540835
992,100,0,4,100,100,0,0,50,104,588,100,100,0.0301194530,18.7717698944,25.0000000000,15.6802478158,1.0000000000,0.8832000000,226.4492753623
993,100,0,9,100,100,0,0,50,109,1073,100,100,0.0344111557,18.7373587387,11.1111111111,15.2801907797,1.0000000000,0.8872000000,225.4283137962
994,100,0,5,100,100,0,0,50,105,685,100,100,0.0306762833,18.7066824554,20.0000000000,15.6002052511,1.0000000000,0.8840000000,226.2443438914
995,100,0,8,100,100,0,0,50,108,976,100,100,0.0330719178,18.6736105376,12.5000000000,15.3602002063,1.0000000000,0.8864000000,225.6317689531
996,100,0,5,100,100,0,0,50,105,685,100,100,0.0305623657,18.6430481719,20.0000000000,15.6001840804,1.0000000000,0.8840000000,226.2443438914
997,100,0,3,100,100,0,0,50,103,491,100,100,0.0297971271,18.6132510449,33.3333333333,15.7602025886,1.0000000000,0.8824000000,226.6545784225
998,100,0,4,100,100,0,0,50,104,588,100,100,0.0302332917,18.5830177532,25.0000000000,15.6801924707,1.0000000000,0.8832000000,226.4492753623
999,100,0,7,100,100,0,0,50,107,879,100,100,0.0321633176,18.5508544355,14.2857142857,15.4401901408,1.0000000000,0.8856000000,225.8355916893
1000,100,0,5,100,100,0,0,50,105,685,100,100,0.0304914976,18.5203629379,20.0000000000,15.6001674942,1.0000000000,0.8840000000,226.2443438914
1001,100,0,3,100,100,0,0,51,103,491,100,100,0.0316182056,18.4887447323,33.3333333333,15.7602548170,1.0000000000,0.8824000000,226.6545784225
1002,100,0,5,100,100,0,0,51,105,685,100,100,0.0312257029,18.4575190294,20.0000000000,15.6002169835,1.0000000000,0.8840000000,226.2443438914
1003,100,0,5,100,100,0,0,51,105,685,100,100,0.0307819912,18.4267370382,20.0000000000,15.6002088135,1.0000000000,0.8840000000,226.2443438914
1004,100,0,7,100,100,0,0,51,107,879,100,100,0.0326539497,18.3940830885,14.2857142857,15.4401922626,1.0000000000,0.8856000000,225.8355916893
1005,100,0,3,100,100,0,0,51,103,491,100,100,0.0316953000,18.3623877886,33.3333333333,15.7602753022,1.0000000000,0.8824000000,226.6545784225
1006,100,0,4,100,100,0,0,51,104,588,100,100,0.0303523294,18.3320354592,25.0000000000,15.6801949707,1.0000000000,0.8832000000,226.4492753623
1007,100,0,2,100,100,0,0,51,102,394,100,100,0.0315972123,18.3004382469,50.0000000000,15.8402592325,1.0000000000,0.8816000000,226.8602540835
1008,100,0,4,100,100,0,0,51,104,588,100,100,0.0325928491,18.2678453978,25.0000000000,15.6802850723,1.0000000000,0.8832000000,226.4492753623
1009,100,0,6,100,100,0,0,51,106,782,100,100,0.0314838807,18.2363615171,16.6666666667,15.5201667480,1.0000000000,0.8848000000,226.0397830018
1010,100,0,12,100,100,0,0,51,110,1364,100,100,0.0372451451,18.1991163720,8.3333333333,15.0401700890,1.0000000000,0.8880000000,225.2252252252
1011,100,0,4,100,100,0,0,51,104,588,100,100,0.0309359170,18.1681804550,25.0000000000,15.6802260170,1.0000000000,0.8832000000,226.4492753623
1012,100,0,4,100,100,0,0,51,104,588,100,100,0.0313616240,18.1368188310,25.0000000000,15.6802759519,1.0000000000,0.8832000000,226.4492753623
1013,100,0,6,100,100,0,0,51,106,782,100,100,0.0312945430,18.1055242879,16.6666666667,15.5201812929,1.0000000000,0.8848000000,226.0397830018
1014,100,0,5,100,100,0,0,51,105,685,100,100,0.0310259698,18.0744983181,20.0000000000,15.6002012408,1.0000000000,0.8840000000,226.2443438914
1015,100,0,10,100,100,0,0,51,109,1170,100,100,0.0347765611,18.0397217570,10.0000000000,15.2001702865,1.0000000000,0.8872000000,225.4283137962
1016,100,0,8,100,100,0,0,51,108,976,100,100,0.0332332428,18.0064885142,12.5000000000,15.3601660109,1.0000000000,0.8864000000,225.6317689531
1017,100,0,3,100,100,0,0,51,103,491,100,100,0.0299005610,17.9765879532,33.3333333333,15.7602336732,1.0000000000,0.8824000000,226.6545784225
1018,100,0,2,100,100,0,0,51,102,394,100,100,0.0315401563,17.9450477969,50.0000000000,15.8403055818,1.0000000000,0.8816000000,226.8602540835
1019,100,0,3,100,100,0,0,51,103,491,100,100,0.0316556535,17.9133921434,33.3333333333,15.7602172819,1.0000000000,0.8824000000,226.6545784225
1020,100,0,4,100,100,0,0,51,104,588,100,100,0.0303719579,17.8830201855,25.0000000000,15.6802055640,1.0000000000,0.8832000000,226.4492753623
1021,100,0,3,100,100,0,0,52,103,491,100,100,0.0302052018,17.8528149837,33.3333333333,15.7601735988,1.0000000000,0.8824000000,226.6545784225
1022,100,0,4,100,100,0,0,52,104,588,100,100,0.0300607361,17.8227542476,25.0000000000,15.6802092870,1.0000000000,0.8832000000,226.4492753623
1023,100,0,2,100,100,0,0,52,102,394,100,100,0.0315220313,17.7912322162,50.0000000000,15.8403249212,1.0000000000,0.8816000000,226.8602540835
1024,100,0,4,100,100,0,0,52,104,588,100,100,0.0298386101,17.7613936061,25.0000000000,15.6801986507,1.0000000000,0.8832000000,226.4492753623
1025,100,0,7,100,100,0,0,52,107,879,100,100,0.0319753539,17.7294182522,14.2857142857,15.4401758350,1.0000000000,0.8856000000,225.8355916893
1026,100,0,6,100,100,0,0,52,106,782,100,100,0.0313290481,17.6980892041,16.6666666667,15.5201957037,1.0000000000,0.8848000000,226.0397830018
1027,100,0,8,100,100,0,0,52,108,976,100,100,0.0331013735,17.6649878305,12.5000000000,15.3601666258,1.0000000000,0.8864000000,225.6317689531
1028,100,0,7,100,100,0,0,52,107,879,100,100,0.0325156212,17.6324722093,14.2857142857,15.4401695496,1.0000000000,0.8856000000,225.8355916893
1029,100,0,2,100,100,0,0,52,102,394,100,100,0.0296897993,17.6027824101,50.0000000000,15.8402494449,1.0000000000,0.8816000000,226.8602540835
1030,100,0,8,100,100,0,0,52,108,976,100,100,0.0332622498,17.5695201603,12.5000000000,15.3601861497,1.0000000000,0.8864000000,225.6317689531
1031,100,0,6,100,100,0,0,52,105,782,100,100,0.0329665169,17.5365536434,16.6666666667,15.5202490993,1.0000000000,0.8840000000,226.2443438914
1032,100,0,7,100,100,0,0,52,106,879,100,100,0.0325169744,17.5040366690,14.2857142857,15.4401949261,1.0000000000,0.8848000000,226.0397830018
1033,100,0,5,100,100,0,0,52,105,685,100,100,0.0300782843,17.4739583848,20.0000000000,15.6001942180,1.0000000000,0.8840000000,226.2443438914
1034,100,0,5,100,100,0,0,52,105,685,100,100,0.0308369449,17.4431214399,20.0000000000,15.6001662995,1.0000000000,0.8840000000,226.2443438914
1035,100,0,6,100,100,0,0,52,106,782,100,100,0.0323141688,17.4108072711,16.6666666667,15.5201979848,1.0000000000,0.8848000000,226.0397830018
1036,100,0,2,100,100,0,0,52,102,394,100,100,0.0319585943,17.3788486768,50.0000000000,15.8402597188,1.0000000000,0.8816000000,226.8602540835
1037,100,0,6,100,100,0,0,52,106,782,100,100,0.0321148631,17.3467338137,16.6666666667,15.5202213581,1.0000000000,0.8848000000,226.0397830018
1038,100,0,7,100,100,0,0,52,106,879,100,100,0.0326618043,17.3140720094,14.2857142857,15.4401794318,1.0000000000,0.8848000000,226.0397830018
1039,100,0,2,100,100,0,0,52,102,394,100,100,0.0296783710,17.2843936384,50.0000000000,15.8402043057,1.0000000000,0.8816000000,226.8602540835
1040,100,0,3,100,100,0,0,52,103,491,100,100,0.0295546403,17.2548389981,33.3333333333,15.7602319190,1.0000000000,0.8824000000,226.6545784225
1041,100,0,2,100,100,0,0,53,102,394,100,100,0.0344996630,17.2203393351,50.0000000000,15.8403766500,1.0000000000,0.8816000000,226.8602540835
1042,100,0,7,100,100,0,0,53,107,879,100,100,0.0322148412,17.1881244939,14.2857142857,15.4401720626,1.0000000000,0.8856000000,225.8355916893
1043,100,0,5,100,100,0,0,53,105,685,100,100,0.0308871442,17.1572373497,20.0000000000,15.6001762651,1.0000000000,0.8840000000,226.2443438914
1044,100,0,5,100,100,0,0,53,105,685,100,100,0.0301870632,17.1270502865,20.0000000000,15.6001793952,1.0000000000,0.8840000000,226.2443438914
1045,100,0,1,100,100,0,0,53,101,297,100,100,0.0379179898,17.0891322966,100.0000000000,15.9204009956,1.0000000000,0.8808000000,227.0663033606
1046,100,0,9,100,100,0,0,53,109,1073,100,100,0.0347241384,17.0544081583,11.1111111111,15.2801887417,1.0000000000,0.8872000000,225.4283137962
1047,100,0,4,100,100,0,0,53,104,588,100,100,0.0299314490,17.0244767093,25.0000000000,15.6801867573,1.0000000000,0.8832000000,226.4492753623
1048,100,0,13,100,100,0,0,53,112,1461,100,100,0.0381038749,16.9863728344,7.6923076923,14.9601851839,1.0000000000,0.8896000000,224.8201438849
1049,100,0,2,100,100,0,0,53,102,394,100,100,0.0321086224,16.9542642120,50.0000000000,15.8402755697,1.0000000000,0.8816000000,226.8602540835
1050,100,0,2,100,100,0,0,53,102,394,100,100,0.0321858803,16.9220783317,50.0000000000,15.8402815686,1.0000000000,0.8816000000,226.8602540835
1051,100,0,6,100,100,0,0,53,106,782,100,100,0.0313893041,16.8906890276,16.6666666667,15.5201740118,1.0000000000,0.8848000000,226.0397830018
1052,100,0,5,100,100,0,0,53,105,685,100,100,0.0304498062,16.8602392213,20.0000000000,15.6001868379,1.0000000000,0.8840000000,226.2443438914
1053,100,0,5,100,100,0,0,53,105,685,100,100,0.0309155395,16.8293236818,20.0000000000,15.6002344367,1.0000000000,0.8840000000,226.2443438914
1054,100,0,3,100,100,0,0,53,103,491,100,100,0.0304108382,16.7989128436,33.3333333333,15.7602206197,1.0000000000,0.8824000000,226.6545784225
1055,100,0,7,100,100,0,0,53,107,879,100,100,0.0323292211,16.7665836225,14.2857142857,15.4401826531,1.0000000000,0.8856000000,225.8355916893
1056,100,0,4,100,100,0,0,53,104,588,100,100,0.0304195830,16.7361640395,25.0000000000,15.6801936515,1.0000000000,0.8832000000,226.4492753623
1057,100,0,4,100,100,0,0,53,104,588,100,100,0.0304009314,16.7057631081,25.0000000000,15.6801678199,1.0000000000,0.8832000000,226.4492753623
1058,100,0,4,100,100,0,0,53,104,588,100,100,0.0328885463,16.6728745618,25.0000000000,15.6802973673,1.0000000000,0.8832000000,226.4492753623
1059,100,0,5,100,100,0,0,53,105,685,100,100,0.0304720574,16.6424025044,20.0000000000,15.6002174919,1.0000000000,0.8840000000,226.2443438914
1060,100,0,7,100,100,0,0,53,107,879,100,100,0.0327605379,16.6096419665,14.2857142857,15.4401988899,1.0000000000,0.8856000000,225.8355916893
1061,100,0,7,100,100,0,0,54,107,879,100,100,0.0319106187,16.5777313478,14.2857142857,15.4401748423,1.0000000000,0.8856000000,225.8355916893
1062,100,0,6,100,100,0,0,54,106,782,100,100,0.0310687072,16.5466626406,16.6666666667,15.5201753323,1.0000000000,0.8848000000,226.0397830018
1063,100,0,4,100,100,0,0,54,104,588,100,100,0.0304609190,16.5162017215,25.0000000000,15.6802356302,1.0000000000,0.8832000000,226.4492753623
1064,100,0,4,100,100,0,0,54,104,588,100,100,0.0311071176,16.4850946039,25.0000000000,15.6802696179,1.0000000000,0.8832000000,226.4492753623
1065,100,0,5,100,100,0,0,54,105,685,100,100,0.0302169352,16.4548776687,20.0000000000,15.6001956451,1.0000000000,0.8840000000,226.2443438914
1066,100,0,7,100,100,0,0,54,107,879,100,100,0.0319473124,16.4229303563,14.2857142857,15.4401695470,1.0000000000,0.8856000000,225.8355916893
1067,100,0,7,100,100,0,0,54,107,879,100,100,0.0319647554,16.3909656009,14.2857142857,15.4401751451,1.0000000000,0.8856000000,225.8355916893
1068,100,0,4,100,100,0,0,54,104,588,100,100,0.0313785725,16.3595870285,25.0000000000,15.6801879277,1.0000000000,0.8832000000,226.4492753623
1069,100,0,5,100,100,0,0,54,105,685,100,100,0.0309786829,16.3286083456,20.0000000000,15.6002288403,1.0000000000,0.8840000000,226.2443438914
1070,100,0,4,100,100,0,0,54,103,588,100,100,0.0305613034,16.2980470422,25.0000000000,15.6802390601,1.0000000000,0.8824000000,226.6545784225
1071,100,0,7,100,100,0,0,54,107,879,100,100,0.0323747200,16.2656723222,14.2857142857,15.4401838126,1.0000000000,0.8856000000,225.8355916893
1072,100,0,8,100,100,0,0,54,108,976,100,100,0.0332351811,16.2324371410,12.5000000000,15.3601915600,1.0000000000,0.8864000000,225.6317689531
1073,100,0,6,100,100,0,0,54,106,782,100,100,0.0316491577,16.2007879833,16.6666666667,15.5201846366,1.0000000000,0.8848000000,226.0397830018
1074,100,0,4,100,100,0,0,54,104,588,100,100,0.0295460684,16.1712419149,25.0000000000,15.6801961933,1.0000000000,0.8832000000,226.4492753623
1075,100,0,1,100,100,0,0,54,101,297,100,100,0.0371707063,16.1340712086,100.0000000000,15.9203897932,1.0000000000,0.8808000000,227.0663033606
1076,100,0,3,100,100,0,0,54,103,491,100,100,0.0292420536,16.1048291549,33.3333333333,15.7602232269,1.0000000000,0.8824000000,226.6545784225
1077,100,0,6,100,100,0,0,54,106,782,100,100,0.0315534762,16.0732756787,16.6666666667,15.5201659691,1.0000000000,0.8848000000,226.0397830018
1078,100,0,6,100,100,0,0,54,106,782,100,100,0.0314354189,16.0418402598,16.6666666667,15.5201944587,1.0000000000,0.8848000000,226.0397830018
1079,100,0,3,100,100,0,0,54,103,491,100,100,0.0297136325,16.0121266274,33.3333333333,15.7601924006,1.0000000000,0.8824000000,226.6545784225
1080,100,0,3,100,100,0,0,54,103,491,100,100,0.0295402768,15.9825863505,33.3333333333,15.7602152894,1.0000000000,0.8824000000,226.6545784225
1081,100,0,5,100,100,0,0,55,105,685,100,100,0.0305913237,15.9519950268,20.0000000000,15.6001737917,1.0000000000,0.8840000000,226.2443438914
1082,100,0,6,100,100,0,0,55,106,782,100,100,0.0316963125,15.9202987143,16.6666666667,15.5201894697,1.0000000000,0.8848000000,226.0397830018
1083,100,0,6,100,100,0,0,55,106,782,100,100,0.0314457512,15.8888529632,16.6666666667,15.5202166611,1.0000000000,0.8848000000,226.0397830018
1084,100,0,7,100,100,0,0,55,107,879,100,100,0.0320452127,15.8568077505,14.2857142857,15.4401876523,1.0000000000,0.8856000000,225.8355916893
1085,100,0,4,100,100,0,0,55,104,588,100,100,0.0294448131,15.8273629374,25.0000000000,15.6801748888,1.0000000000,0.8832000000,226.4492753623
1086,100,0,1,100,100,0,0,55,101,297,100,100,0.0353538111,15.7920091263,100.0000000000,15.9203687212,1.0000000000,0.8808000000,227.0663033606
1087,100,0,6,100,100,0,0,55,106,782,100,100,0.0318218477,15.7601872786,16.6666666667,15.5201638360,1.0000000000,0.8848000000,226.0397830018
1088,100,0,7,100,100,0,0,55,107,879,100,100,0.0321614782,15.7280258003,14.2857142857,15.4401975979,1.0000000000,0.8856000000,225.8355916893
1089,100,0,6,100,100,0,0,55,106,782,100,100,0.0310615653,15.6969642350,16.6666666667,15.5202047258,1.0000000000,0.8848000000,226.0397830018
1090,100,0,8,100,100,0,0,55,108,976,100,100,0.0332189617,15.6637452733,12.5000000000,15.3601812648,1.0000000000,0.8864000000,225.6317689531
1091,100,0,1,100,100,0,0,55,101,297,100,100,0.0326687451,15.6310765282,100.0000000000,15.9203133297,1.0000000000,0.8808000000,227.0663033606
1092,100,0,6,100,100,0,0,55,106,782,100,100,0.0311394524,15.5999370758,16.6666666667,15.5201921228,1.0000000000,0.8848000000,226.0397830018
1093,100,0,5,100,100,0,0,55,105,685,100,100,0.0317611408,15.5681759350,20.0000000000,15.6002220617,1.0000000000,0.8840000000,226.2443438914
1094,100,0,4,100,100,0,0,55,104,588,100,100,0.0303246926,15.5378512425,25.0000000000,15.6801902150,1.0000000000,0.8832000000,226.4492753623
1095,100,0,5,100,100,0,0,55,105,685,100,100,0.0312567534,15.5065944890,20.0000000000,15.6002055467,1.0000000000,0.8840000000,226.2443438914
1096,100,0,4,100,100,0,0,55,104,588,100,100,0.0310734913,15.4755209978,25.0000000000,15.6802028871,1.0000000000,0.8832000000,226.4492753623
1097,100,0,5,100,100,0,0,55,105,685,100,100,0.0318344285,15.4436865693,20.0000000000,15.6002324767,1.0000000000,0.8840000000,226.2443438914
1098,100,0,4,100,100,0,0,55,104,588,100,100,0.0298378066,15.4138487627,25.0000000000,15.6802016082,1.0000000000,0.8832000000,226.4492753623
1099,100,0,3,100,100,0,0,55,103,491,100,100,0.0302770405,15.3835717222,33.3333333333,15.7601949539,1.0000000000,0.8824000000,226.6545784225
1100,100,0,7,100,100,0,0,55,107,879,100,100,0.0320655380,15.3515061842,14.2857142857,15.4401738583,1.0000000000,0.8856000000,225.8355916893
1101,100,0,5,100,100,0,0,56,105,685,100,100,0.0306304975,15.3208756867,20.0000000000,15.6001785233,1.0000000000,0.8840000000,226.2443438914
1102,100,0,5,100,100,0,0,56,105,685,100,100,0.0304381327,15.2904375540,20.0000000000,15.6001948758,1.0000000000,0.8840000000,226.2443438914
1103,100,0,5,100,100,0,0,56,105,685,100,100,0.0304277401,15.2600098139,20.0000000000,15.6002126539,1.0000000000,0.8840000000,226.2443438914
1104,100,0,5,100,100,0,0,56,105,685,100,100,0.0313986364,15.2286111775,20.0000000000,15.6001862994,1.0000000000,0.8840000000,226.2443438914
1105,100,0,6,100,100,0,0,56,106,782,100,100,0.0314482421,15.1971629354,16.6666666667,15.5201811972,1.0000000000,0.8848000000,226.0397830018
1106,100,0,5,100,100,0,0,56,105,685,100,100,0.0316592865,15.1655036489,20.0000000000,15.6002111913,1.0000000000,0.8840000000,226.2443438914
1107,100,0,4,100,100,0,0,56,104,588,100,100,0.0297328968,15.1357707521,25.0000000000,15.6801722024,1.0000000000,0.8832000000,226.4492753623
1108,100,0,4,100,100,0,0,56,104,588,100,100,0.0298791609,15.1058915913,25.0000000000,15.6801931044,1.0000000000,0.8832000000,226.4492753623
1109,100,0,4,100,100,0,0,56,104,588,100,100,0.0309844102,15.0749071810,25.0000000000,15.6802070602,1.0000000000,0.8832000000,226.4492753623
1110,100,0,4,100,100,0,0,56,104,588,100,100,0.0293638068,15.0455433742,25.0000000000,15.6802131949,1.0000000000,0.8832000000,226.4492753623
1111,100,0,7,100,100,0,0,56,107,879,100,100,0.0328456276,15.0126977466,14.2857142857,15.4402029149,1.0000000000,0.8856000000,225.8355916893
1112,100,0,4,100,100,0,0,56,104,588,100,100,0.0298738142,14.9828239324,25.0000000000,15.6802302803,1.0000000000,0.8832000000,226.4492753623
1113,100,0,5,100,100,0,0,56,105,685,100,100,0.0309468283,14.9518771042,20.0000000000,15.6001758697,1.0000000000,0.8840000000,226.2443438914
1114,100,0,7,100,100,0,0,56,107,879,100,100,0.0326294920,14.9192476122,14.2857142857,15.4402059302,1.0000000000,0.8856000000,225.8355916893
1115,100,0,6,100,100,0,0,56,106,782,100,100,0.0324599075,14.8867877047,16.6666666667,15.5202338128,1.0000000000,0.8848000000,226.0397830018
1116,100,0,8,100,100,0,0,56,108,976,100,100,0.0334399502,14.8533477545,12.5000000000,15.3601717238,1.0000000000,0.8864000000,225.6317689531
1117,100,0,6,100,100,0,0,56,106,782,100,100,0.0335928470,14.8197549074,16.6666666667,15.5202290157,1.0000000000,0.8848000000,226.0397830018
1118,100,0,4,100,100,0,0,56,104,588,100,100,0.0298070113,14.7899478961,25.0000000000,15.6801949843,1.0000000000,0.8832000000,226.4492753623
1119,100,0,3,100,100,0,0,56,103,491,100,100,0.0290394506,14.7609084455,33.3333333333,15.7602029547,1.0000000000,0.8824000000,226.6545784225
1120,100,0,3,100,100,0,0,56,103,491,100,100,0.0296236658,14.7312847797,33.3333333333,15.7602255993,1.0000000000,0.8824000000,226.6545784225
1121,100,0,7,100,100,0,0,57,107,879,100,100,0.0322445263,14.6990402533,14.2857142857,15.4401921983,1.0000000000,0.8856000000,225.8355916893
1122,100,0,3,100,100,0,0,57,103,491,100,100,0.0313271509,14.6677131024,33.3333333333,15.7602468808,1.0000000000,0.8824000000,226.6545784225
1123,100,0,4,100,100,0,0,57,104,588,100,100,0.0295468797,14.6381662227,25.0000000000,15.6802001813,1.0000000000,0.8832000000,226.4492753623
1124,100,0,7,100,100,0,0,57,107,879,100,100,0.0325181006,14.6056481222,14.2857142857,15.4401640535,1.0000000000,0.8856000000,225.8355916893
1125,100,0,1,100,100,0,0,57,101,297,100,100,0.0359700252,14.5696780969,100.0000000000,15.9203766394,1.0000000000,0.8808000000,227.0663033606
1126,100,0,7,100,100,0,0,57,107,879,100,100,0.0325951407,14.5370829562,14.2857142857,15.4401711342,1.0000000000,0.8856000000,225.8355916893
1127,100,0,6,100,100,0,0,57,106,782,100,100,0.0320734751,14.5050094811,16.6666666667,15.5201758944,1.0000000000,0.8848000000,226.0397830018
1128,100,0,4,100,100,0,0,57,104,588,100,100,0.0296195576,14.4753899235,25.0000000000,15.6802203765,1.0000000000,0.8832000000,226.4492753623
1129,100,0,7,100,100,0,0,57,107,879,100,100,0.0321315606,14.4432583629,14.2857142857,15.4401633278,1.0000000000,0.8856000000,225.8355916893
1130,100,0,2,100,100,0,0,57,102,394,100,100,0.0314584128,14.4117999500,50.0000000000,15.8403387047,1.0000000000,0.8816000000,226.8602540835
1131,100,0,9,100,100,0,0,57,109,1073,100,100,0.0342471006,14.3775528495,11.1111111111,15.2801827599,1.0000000000,0.8872000000,225.4283137962
1132,100,0,5,100,100,0,0,57,105,685,100,100,0.0304725467,14.3470803027,20.0000000000,15.6002075059,1.0000000000,0.8840000000,226.2443438914
1133,100,0,2,100,100,0,0,57,102,394,100,100,0.0315412758,14.3155390269,50.0000000000,15.8402580707,1.0000000000,0.8816000000,226.8602540835
1134,100,0,4,100,100,0,0,57,104,588,100,100,0.0316336285,14.2839053985,25.0000000000,15.6802210867,1.0000000000,0.8832000000,226.4492753623
1135,100,0,6,100,100,0,0,57,106,782,100,100,0.0317725536,14.2521328449,16.6666666667,15.5201788417,1.0000000000,0.8848000000,226.0397830018
1136,100,0,6,100,100,0,0,57,106,782,100,100,0.0318031146,14.2203297303,16.6666666667,15.5201970895,1.0000000000,0.8848000000,226.0397830018
1137,100,0,4,100,100,0,0,57,104,588,100,100,0.0307561287,14.1895736016,25.0000000000,15.6802341953,1.0000000000,0.8832000000,226.4492753623
1138,100,0,3,100,100,0,0,57,103,491,100,100,0.0312243760,14.1583492256,33.3333333333,15.7602595968,1.0000000000,0.8824000000,226.6545784225
1139,100,0,5,100,100,0,0,57,105,685,100,100,0.0307967531,14.1275524725,20.0000000000,15.6001897590,1.0000000000,0.8840000000,226.2443438914
1140,100,0,8,100,100,0,0,57,108,976,100,100,0.0328389791,14.0947134934,12.5000000000,15.3601650698,1.0000000000,0.8864000000,225.6317689531
1141,100,0,5,100,100,0,0,58,105,685,100,100,0.0307410709,14.0639724225,20.0000000000,15.6001934311,1.0000000000,0.8840000000,226.2443438914
1142,100,0,2,100,100,0,0,58,102,394,100,100,0.0308077703,14.0331646522,50.0000000000,15.8402377636,1.0000000000,0.8816000000,226.8602540835
1143,100,0,6,100,100,0,0,58,106,782,100,100,0.0316455695,14.0015190827,16.6666666667,15.5201740179,1.0000000000,0.8848000000,226.0397830018
1144,100,0,6,100,100,0,0,58,106,782,100,100,0.0317325251,13.9697865577,16.6666666667,15.5201819457,1.0000000000,0.8848000000,226.0397830018
1145,100,0,2,100,100,0,0,58,102,394,100,100,0.0289939632,13.9407925945,50.0000000000,15.8402179840,1.0000000000,0.8816000000,226.8602540835
1146,100,0,7,100,100,0,0,58,107,879,100,100,0.0325023442,13.9082902503,14.2857142857,15.4401852566,1.0000000000,0.8856000000,225.8355916893
1147,100,0,11,100,100,0,0,58,111,1267,100,100,0.0361405816,13.8721496686,9.0909090909,15.1201895965,1.0000000000,0.8888000000,225.0225022502
1148,100,0,5,100,100,0,0,58,105,685,100,100,0.0315570381,13.8405926306,20.0000000000,15.6002340537,1.0000000000,0.8840000000,226.2443438914
1149,100,0,6,100,100,0,0,58,106,782,100,100,0.0318238415,13.8087687890,16.6666666667,15.5201758776,1.0000000000,0.8848000000,226.0397830018
1150,100,0,4,100,100,0,0,58,104,588,100,100,0.0302379262,13.7785308628,25.0000000000,15.6802020109,1.0000000000,0.8832000000,226.4492753623
1151,100,0,5,100,100,0,0,58,105,685,100,100,0.0304070034,13.7481238594,20.0000000000,15.6001998530,1.0000000000,0.8840000000,226.2443438914
1152,100,0,3,100,100,0,0,58,103,491,100,100,0.0292922759,13.7188315835,33.3333333333,15.7602153022,1.0000000000,0.8824000000,226.6545784225
1153,100,0,4,100,100,0,0,58,104,588,100,100,0.0299221256,13.6889094579,25.0000000000,15.6801700003,1.0000000000,0.8832000000,226.4492753623
1154,100,0,8,100,100,0,0,58,108,976,100,100,0.0331095598,13.6557998981,12.5000000000,15.3601738581,1.0000000000,0.8864000000,225.6317689531
1155,100,0,2,100,100,0,0,58,102,394,100,100,0.0312725414,13.6245273567,50.0000000000,15.8402651221,1.0000000000,0.8816000000,226.8602540835
1156,100,0,3,100,100,0,0,58,103,491,100,100,0.0295070942,13.5950202625,33.3333333333,15.7601925158,1.0000000000,0.8824000000,226.6545784225
1157,100,0,9,100,100,0,0,58,108,1073,100,100,0.0342422938,13.5607779688,11.1111111111,15.2801668845,1.0000000000,0.8864000000,225.6317689531
1158,100,0,3,100,100,0,0,58,103,491,100,100,0.0299643912,13.5308135776,33.3333333333,15.7602189818,1.0000000000,0.8824000000,226.6545784225
1159,100,0,5,100,100,0,0,58,105,685,100,100,0.0303674071,13.5004461704,20.0000000000,15.6001823972,1.0000000000,0.8840000000,226.2443438914
1160,100,0,4,100,100,0,0,58,104,588,100,100,0.0305013502,13.4699448202,25.0000000000,15.6802445903,1.0000000000,0.8832000000,226.4492753623
1161,100,0,4,100,100,0,0,59,104,588,100,100,0.0294862656,13.4404585547,25.0000000000,15.6801852488,1.0000000000,0.8832000000,226.4492753623
1162,100,0,8,100,100,0,0,59,108,976,100,100,0.0328303999,13.4076281548,12.5000000000,15.3601590658,1.0000000000,0.8864000000,225.6317689531
1163,100,0,8,100,100,0,0,59,108,976,100,100,0.0332074875,13.3744206672,12.5000000000,15.3601445106,1.0000000000,0.8864000000,225.6317689531
1164,100,0,3,100,100,0,0,59,103,491,100,100,0.0296350165,13.3447856507,33.3333333333,15.7601982552,1.0000000000,0.8824000000,226.6545784225
1165,100,0,4,100,100,0,0,59,104,588,100,100,0.0323478507,13.3124378000,25.0000000000,15.6802049530,1.0000000000,0.8832000000,226.4492753623
1166,100,0,6,100,100,0,0,59,106,782,100,100,0.0321525951,13.2802852049,16.6666666667,15.5202183399,1.0000000000,0.8848000000,226.0397830018
1167,100,0,2,100,100,0,0,59,102,394,100,100,0.0294676558,13.2508175491,50.0000000000,15.8402087272,1.0000000000,0.8816000000,226.8602540835
1168,100,0,3,100,100,0,0,59,103,491,100,100,0.0289823927,13.2218351564,33.3333333333,15.7602169900,1.0000000000,0.8824000000,226.6545784225
1169,100,0,7,100,100,0,0,59,107,879,100,100,0.0320517424,13.1897834139,14.2857142857,15.4401535117,1.0000000000,0.8856000000,225.8355916893
1170,100,0,3,100,100,0,0,59,103,491,100,100,0.0321740702,13.1576093437,33.3333333333,15.7602741793,1.0000000000,0.8824000000,226.6545784225
1171,100,0,3,100,100,0,0,59,103,491,100,100,0.0290619674,13.1285473764,33.3333333333,15.7602126150,1.0000000000,0.8824000000,226.6545784225
1172,100,0,4,100,100,0,0,59,104,588,100,100,0.0309226108,13.0976247656,25.0000000000,15.6802268364,1.0000000000,0.8832000000,226.4492753623
1173,100,0,6,100,100,0,0,59,106,782,100,100,0.0326392641,13.0649855015,16.6666666667,15.5202274291,1.0000000000,0.8848000000,226.0397830018
1174,100,0,4,100,100,0,0,59,104,588,100,100,0.0302745230,13.0347109785,25.0000000000,15.6801825933,1.0000000000,0.8832000000,226.4492753623
1175,100,0,5,100,100,0,0,59,105,685,100,100,0.0317492175,13.0029617611,20.0000000000,15.6002542308,1.0000000000,0.8840000000,226.2443438914
1176,100,0,6,100,100,0,0,59,106,782,100,100,0.0328522090,12.9701095521,16.6666666667,15.5202738275,1.0000000000,0.8848000000,226.0397830018
1177,100,0,11,100,100,0,0,59,111,1267,100,100,0.0359546311,12.9341549210,9.0909090909,15.1201927412,1.0000000000,0.8888000000,225.0225022502
1178,100,0,2,100,100,0,0,59,102,394,100,100,0.0293449530,12.9048099680,50.0000000000,15.8402451540,1.0000000000,0.8816000000,226.8602540835
1179,100,0,6,100,100,0,0,59,106,782,100,100,0.0322035049,12.8726064631,16.6666666667,15.5201829044,1.0000000000,0.8848000000,226.0397830018
1180,100,0,5,100,100,0,0,59,104,685,100,100,0.0306202241,12.8419862390,20.0000000000,15.6002078700,1.0000000000,0.8832000000,226.4492753623
1181,100,0,4,100,100,0,0,60,104,588,100,100,0.0324385838,12.8095476553,25.0000000000,15.6802835088,1.0000000000,0.8832000000,226.4492753623
1182,100,0,7,100,100,0,0,60,106,879,100,100,0.0326027462,12.7769449090,14.2857142857,15.4401928465,1.0000000000,0.8848000000,226.0397830018
1183,100,0,6,100,100,0,0,60,106,782,100,100,0.0320054273,12.7449394817,16.6666666667,15.5202124994,1.0000000000,0.8848000000,226.0397830018
1184,100,0,7,100,100,0,0,60,107,879,100,100,0.0324840899,12.7124553918,14.2857142857,15.4401702824,1.0000000000,0.8856000000,225.8355916893
1185,100,0,4,100,100,0,0,60,104,588,100,100,0.0321572387,12.6802981531,25.0000000000,15.6802217733,1.0000000000,0.8832000000,226.4492753623
1186,100,0,5,100,100,0,0,60,105,685,100,100,0.0325475281,12.6477506250,20.0000000000,15.6002121385,1.0000000000,0.8840000000,226.2443438914
1187,100,0,7,100,100,0,0,60,107,879,100,100,0.0318786126,12.6158720124,14.2857142857,15.4401729372,1.0000000000,0.8856000000,225.8355916893
1188,100,0,1,100,100,0,0,60,101,297,100,100,0.0331887704,12.5826832420,100.0000000000,15.9203311256,1.0000000000,0.8808000000,227.0663033606
1189,100,0,4,100,100,0,0,60,104,588,100,100,0.0306774598,12.5520057822,25.0000000000,15.6802451330,1.0000000000,0.8832000000,226.4492753623
1190,100,0,5,100,100,0,0,60,105,685,100,100,0.0310138578,12.5209919243,20.0000000000,15.6002038793,1.0000000000,0.8840000000,226.2443438914
1191,100,0,7,100,100,0,0,60,107,879,100,100,0.0324549411,12.4885369832,14.2857142857,15.4401832222,1.0000000000,0.8856000000,225.8355916893
1192,100,0,3,100,100,0,0,60,103,491,100,100,0.0292858269,12.4592511563,33.3333333333,15.7602090704,1.0000000000,0.8824000000,226.6545784225
1193,100,0,6,100,100,0,0,60,106,782,100,100,0.0312740103,12.4279771460,16.6666666667,15.5201893171,1.0000000000,0.8848000000,226.0397830018
1194,100,0,3,100,100,0,0,60,103,491,100,100,0.0292222715,12.3987548745,33.3333333333,15.7601797630,1.0000000000,0.8824000000,226.6545784225
1195,100,0,5,100,100,0,0,60,105,685,100,100,0.0310710547,12.3676838199,20.0000000000,15.6001824378,1.0000000000,0.8840000000,226.2443438914
1196,100,0,2,100,100,0,0,60,102,394,100,100,0.0286133828,12.3390704371,50.0000000000,15.8402006716,1.0000000000,0.8816000000,226.8602540835
1197,100,0,7,100,100,0,0,60,107,879,100,100,0.0327172048,12.3063532323,14.2857142857,15.4402031730,1.0000000000,0.8856000000,225.8355916893
1198,100,0,4,100,100,0,0,60,104,588,100,100,0.0304575659,12.2758956663,25.0000000000,15.6801994041,1.0000000000,0.8832000000,226.4492753623
1199,100,0,6,100,100,0,0,60,106,782,100,100,0.0313688368,12.2445268295,16.6666666667,15.5201867101,1.0000000000,0.8848000000,226.0397830018
1200,100,0,7,100,100,0,0,60,107,879,100,100,0.0320045294,12.2125223001,14.2857142857,15.4401930361,1.0000000000,0.8856000000,225.8355916893
1201,100,0,5,100,100,0,0,61,105,685,100,100,0.0338830371,12.1786392630,20.0000000000,15.6002752972,1.0000000000,0.8840000000,226.2443438914
1202,100,0,5,100,100,0,0,61,105,685,100,100,0.0309202634,12.1477189996,20.0000000000,15.6002090743,1.0000000000,0.8840000000,226.2443438914
1203,100,0,8,100,100,0,0,61,108,976,100,100,0.0332491252,12.1144698744,12.5000000000,15.3602213315,1.0000000000,0.8864000000,225.6317689531
1204,100,0,1,100,100,0,0,61,101,297,100,100,0.0378110374,12.0766588370,100.0000000000,15.9204074963,1.0000000000,0.8808000000,227.0663033606
1205,100,0,8,100,100,0,0,61,108,976,100,100,0.0331651301,12.0434937069,12.5000000000,15.3601670554,1.0000000000,0.8864000000,225.6317689531
1206,100,0,5,100,100,0,0,61,105,685,100,100,0.0307339370,12.0127597699,20.0000000000,15.6001927976,1.0000000000,0.8840000000,226.2443438914
1207,100,0,5,100,100,0,0,61,105,685,100,100,0.0305062408,11.9822535291,20.0000000000,15.6001710942,1.0000000000,0.8840000000,226.2443438914
1208,100,0,4,100,100,0,0,61,104,588,100,100,0.0299057295,11.9523477996,25.0000000000,15.6801903324,1.0000000000,0.8832000000,226.4492753623
1209,100,0,4,100,100,0,0,61,104,588,100,100,0.0330463846,11.9193014150,25.0000000000,15.6803018001,1.0000000000,0.8832000000,226.4492753623
1210,100,0,7,100,100,0,0,61,107,879,100,100,0.0325261783,11.8867752367,14.2857142857,15.4401917882,1.0000000000,0.8856000000,225.8355916893
1211,100,0,3,100,100,0,0,61,103,491,100,100,0.0301018363,11.8566734004,33.3333333333,15.7602702950,1.0000000000,0.8824000000,226.6545784225
1212,100,0,11,100,100,0,0,61,111,1267,100,100,0.0357757529,11.8208976475,9.0909090909,15.1201646983,1.0000000000,0.8888000000,225.0225022502
1213,100,0,7,100,100,0,0,61,107,879,100,100,0.0321430302,11.7887546173,14.2857142857,15.4401714203,1.0000000000,0.8856000000,225.8355916893
1214,100,0,2,100,100,0,0,61,102,394,100,100,0.0290837287,11.7596708886,50.0000000000,15.8401746914,1.0000000000,0.8816000000,226.8602540835
1215,100,0,5,100,100,0,0,61,105,685,100,100,0.0315258162,11.7281450724,20.0000000000,15.6002307673,1.0000000000,0.8840000000,226.2443438914
1216,100,0,4,100,100,0,0,61,104,588,100,100,0.0302568560,11.6978882163,25.0000000000,15.6801623798,1.0000000000,0.8832000000,226.4492753623
1217,100,0,5,100,100,0,0,61,105,685,100,100,0.0310672772,11.6668209392,20.0000000000,15.6001973840,1.0000000000,0.8840000000,226.2443438914
1218,100,0,3,100,100,0,0,61,103,491,100,100,0.0290364238,11.6377845154,33.3333333333,15.7601960191,1.0000000000,0.8824000000,226.6545784225
1219,100,0,3,100,100,0,0,61,103,491,100,100,0.0286041063,11.6091804091,33.3333333333,15.7601962499,1.0000000000,0.8824000000,226.6545784225
1220,100,0,5,100,100,0,0,61,105,685,100,100,0.0323888673,11.5767915418,20.0000000000,15.6002123526,1.0000000000,0.8840000000,226.2443438914
1221,100,0,12,100,100,0,0,62,112,1364,100,100,0.0367065009,11.5400850410,8.3333333333,15.0401577857,1.0000000000,0.8896000000,224.8201438849
1222,100,0,11,100,100,0,0,62,111,1267,100,100,0.0362829338,11.5038021071,9.0909090909,15.1201942789,1.0000000000,0.8888000000,225.0225022502
1223,100,0,5,100,100,0,0,62,105,685,100,100,0.0302483878,11.4735537193,20.0000000000,15.6001598039,1.0000000000,0.8840000000,226.2443438914
1224,100,0,3,100,100,0,0,62,103,491,100,100,0.0304628538,11.4430908655,33.3333333333,15.7602632205,1.0000000000,0.8824000000,226.6545784225
1225,100,0,4,100,100,0,0,62,104,588,100,100,0.0321572901,11.4109335754,25.0000000000,15.6802238697,1.0000000000,0.8832000000,226.4492753623
1226,100,0,1,100,100,0,0,62,101,297,100,100,0.0360704445,11.3748631309,100.0000000000,15.9203722040,1.0000000000,0.8808000000,227.0663033606
1227,100,0,4,100,100,0,0,62,104,588,100,100,0.0312612883,11.3436018426,25.0000000000,15.6802050151,1.0000000000,0.8832000000,226.4492753623
1228,100,0,6,100,100,0,0,62,106,782,100,100,0.0312006695,11.3124011731,16.6666666667,15.5201828596,1.0000000000,0.8848000000,226.0397830018
1229,100,0,4,100,100,0,0,62,104,588,100,100,0.0304273104,11.2819738627,25.0000000000,15.6801661479,1.0000000000,0.8832000000,226.4492753623
1230,100,0,5,100,100,0,0,62,105,685,100,100,0.0329805819,11.2489932808,20.0000000000,15.6002043649,1.0000000000,0.8840000000,226.2443438914
1231,100,0,3,100,100,0,0,62,103,491,100,100,0.0294185026,11.2195747782,33.3333333333,15.7602069611,1.0000000000,0.8824000000,226.6545784225
1232,100,0,3,100,100,0,0,62,103,491,100,100,0.0299053164,11.1896694618,33.3333333333,15.7602474648,1.0000000000,0.8824000000,226.6545784225
1233,100,0,1,100,100,0,0,62,101,297,100,100,0.0303471442,11.1593223176,100.0000000000,15.9202409425,1.0000000000,0.8808000000,227.0663033606
1234,100,0,6,100,100,0,0,62,106,782,100,100,0.0319634172,11.1273589004,16.6666666667,15.5202253603,1.0000000000,0.8848000000,226.0397830018
1235,100,0,9,100,100,0,0,62,109,1073,100,100,0.0342172534,11.0931416471,11.1111111111,15.2802027777,1.0000000000,0.8872000000,225.4283137962
1236,100,0,4,100,100,0,0,62,104,588,100,100,0.0299196623,11.0632219848,25.0000000000,15.6801753538,1.0000000000,0.8832000000,226.4492753623
1237,100,0,5,100,100,0,0,62,105,685,100,100,0.0310133938,11.0322085910,20.0000000000,15.6002099953,1.0000000000,0.8840000000,226.2443438914
1238,100,0,6,100,100,0,0,62,106,782,100,100,0.0319474855,11.0002611055,16.6666666667,15.5202214293,1.0000000000,0.8848000000,226.0397830018
1239,100,0,3,100,100,0,0,62,103,491,100,100,0.0307718962,10.9694892093,33.3333333333,15.7602922414,1.0000000000,0.8824000000,226.6545784225
1240,100,0,5,100,100,0,0,62,105,685,100,100,0.0312752552,10.9382139541,20.0000000000,15.6002111740,1.0000000000,0.8840000000,226.2443438914
1241,100,0,4,100,100,0,0,63,104,588,100,100,0.0296278328,10.9085861213,25.0000000000,15.6801696720,1.0000000000,0.8832000000,226.4492753623
1242,100,0,1,100,100,0,0,63,101,297,100,100,0.0341387706,10.8744473507,100.0000000000,15.9203303916,1.0000000000,0.8808000000,227.0663033606
1243,100,0,6,100,100,0,0,63,106,782,100,100,0.0317585524,10.8426887984,16.6666666667,15.5201651835,1.0000000000,0.8848000000,226.0397830018
1244,100,0,4,100,100,0,0,63,104,588,100,100,0.0296504596,10.8130383387,25.0000000000,15.6802451916,1.0000000000,0.8832000000,226.4492753623
1245,100,0,9,100,100,0,0,63,109,1073,100,100,0.0341944264,10.7788439123,11.1111111111,15.2801975828,1.0000000000,0.8872000000,225.4283137962
1246,100,0,6,100,100,0,0,63,105,782,100,100,0.0323236081,10.7465203042,16.6666666667,15.5202049171,1.0000000000,0.8840000000,226.2443438914
1247,100,0,3,100,100,0,0,63,103,491,100,100,0.0304634616,10.7160568426,33.3333333333,15.7602586092,1.0000000000,0.8824000000,226.6545784225
1248,100,0,6,100,100,0,0,63,106,782,100,100,0.0309751583,10.6850816844,16.6666666667,15.5201679187,1.0000000000,0.8848000000,226.0397830018
1249,100,0,2,100,100,0,0,63,102,394,100,100,0.0298878771,10.6551938072,50.0000000000,15.8402785402,1.0000000000,0.8816000000,226.8602540835
1250,100,0,9,100,100,0,0,63,109,1073,100,100,0.0337600628,10.6214337444,11.1111111111,15.2801773284,1.0000000000,0.8872000000,225.4283137962
1251,100,0,6,100,100,0,0,63,106,782,100,100,0.0313170533,10.5901166912,16.6666666667,15.5201945011,1.0000000000,0.8848000000,226.0397830018
1252,100,0,7,100,100,0,0,63,107,879,100,100,0.0320005400,10.5581161511,14.2857142857,15.4401736762,1.0000000000,0.8856000000,225.8355916893
1253,100,0,5,100,100,0,0,63,105,685,100,100,0.0305654423,10.5275507088,20.0000000000,15.6001741308,1.0000000000,0.8840000000,226.2443438914
1254,100,0,2,100,100,0,0,63,102,394,100,100,0.0291052109,10.4984454979,50.0000000000,15.8402353484,1.0000000000,0.8816000000,226.8602540835
1255,100,0,7,100,100,0,0,63,107,879,100,100,0.0322573071,10.4661881908,14.2857142857,15.4401927083,1.0000000000,0.8856000000,225.8355916893
1256,100,0,2,100,100,0,0,63,102,394,100,100,0.0287174034,10.4374707873,50.0000000000,15.8401929497,1.0000000000,0.8816000000,226.8602540835
1257,100,0,9,100,100,0,0,63,109,1073,100,100,0.0343274483,10.4031433391,11.1111111111,15.2802047536,1.0000000000,0.8872000000,225.4283137962
1258,100,0,3,100,100,0,0,63,103,491,100,100,0.0287342998,10.3744090392,33.3333333333,15.7601691890,1.0000000000,0.8824000000,226.6545784225
1259,100,0,4,100,100,0,0,63,104,588,100,100,0.0300452556,10.3443637836,25.0000000000,15.6801886229,1.0000000000,0.8832000000,226.4492753623
1260,100,0,5,100,100,0,0,63,105,685,100,100,0.0307555145,10.3136082691,20.0000000000,15.6001974794,1.0000000000,0.8840000000,226.2443438914
1261,100,0,3,100,100,0,0,64,103,491,100,100,0.0295834237,10.2840248454,33.3333333333,15.7601806685,1.0000000000,0.8824000000,226.6545784225
1262,100,0,4,100,100,0,0,64,104,588,100,100,0.0293799969,10.2546448485,25.0000000000,15.6801923919,1.0000000000,0.8832000000,226.4492753623
1263,100,0,2,100,100,0,0,64,102,394,100,100,0.0315831843,10.2230616641,50.0000000000,15.8403061559,1.0000000000,0.8816000000,226.8602540835
1264,100,0,3,100,100,0,0,64,103,491,100,100,0.0312406963,10.1918209678,33.3333333333,15.7602968815,1.0000000000,0.8824000000,226.6545784225
1265,100,0,9,100,100,0,0,64,109,1073,100,100,0.0338505487,10.1579704191,11.1111111111,15.2801716246,1.0000000000,0.8872000000,225.4283137962
1266,100,0,5,100,100,0,0,64,105,685,100,100,0.0314911751,10.1264792440,20.0000000000,15.6002173973,1.0000000000,0.8840000000,226.2443438914
1267,100,0,6,100,100,0,0,64,106,782,100,100,0.0312019139,10.0952773300,16.6666666667,15.5201733925,1.0000000000,0.8848000000,226.0397830018
1268,100,0,6,100,100,0,0,64,106,782,100,100,0.0310098655,10.0642674645,16.6666666667,15.5201679889,1.0000000000,0.8848000000,226.0397830018
1269,100,0,5,100,100,0,0,64,105,685,100,100,0.0315611938,10.0327062707,20.0000000000,15.6002227401,1.0000000000,0.8840000000,226.2443438914
1270,100,0,5,100,100,0,0,64,105,685,100,100,0.0304243297,10.0022819410,20.0000000000,15.6001989595,1.0000000000,0.8840000000,226.2443438914
1271,100,0,4,100,100,0,0,64,104,588,100,100,0.0306975177,9.9715844233,25.0000000000,15.6801835437,1.0000000000,0.8832000000,226.4492753623
1272,100,0,4,100,100,0,0,64,104,588,100,100,0.0298441307,9.9417402927,25.0000000000,15.6802115547,1.0000000000,0.8832000000,226.4492753623
1273,100,0,10,100,100,0,0,64,110,1170,100,100,0.0349602325,9.9067800602,10.0000000000,15.2001746911,1.0000000000,0.8880000000,225.2252252252
1274,100,0,6,100,100,0,0,64,106,782,100,100,0.0310496006,9.8757304595,16.6666666667,15.5202058006,1.0000000000,0.8848000000,226.0397830018
1275,100,0,3,100,100,0,0,64,103,491,100,100,0.0324562553,9.8432742043,33.3333333333,15.7602991915,1.0000000000,0.8824000000,226.6545784225
1276,100,0,5,100,100,0,0,64,105,685,100,100,0.0310784063,9.8121957979,20.0000000000,15.6002051296,1.0000000000,0.8840000000,226.2443438914
1277,100,0,5,100,100,0,0,64,105,685,100,100,0.0321591216,9.7800366763,20.0000000000,15.6002691729,1.0000000000,0.8840000000,226.2443438914
1278,100,0,2,100,100,0,0,64,102,394,100,100,0.0308590231,9.7491776532,50.0000000000,15.8402254912,1.0000000000,0.8816000000,226.8602540835
1279,100,0,5,100,100,0,0,64,105,685,100,100,0.0310278303,9.7181498229,20.0000000000,15.6001544506,1.0000000000,0.8840000000,226.2443438914
1280,100,0,8,100,100,0,0,64,107,976,100,100,0.0336186393,9.6845311836,12.5000000000,15.3601760717,1.0000000000,0.8856000000,225.8355916893
1281,100,0,3,100,100,0,0,65,103,491,100,100,0.0294114587,9.6551197249,33.3333333333,15.7602455696,1.0000000000,0.8824000000,226.6545784225
1282,100,0,6,100,100,0,0,65,106,782,100,100,0.0309926939,9.6241270310,16.6666666667,15.5201778381,1.0000000000,0.8848000000,226.0397830018
1283,100,0,1,100,100,0,0,65,101,297,100,100,0.0355004406,9.5886265904,100.0000000000,15.9203683385,1.0000000000,0.8808000000,227.0663033606
1284,100,0,5,100,100,0,0,65,105,685,100,100,0.0309124969,9.5577140935,20.0000000000,15.6001873421,1.0000000000,0.8840000000,226.2443438914
1285,100,0,4,100,100,0,0,65,104,588,100,100,0.0304125548,9.5273015387,25.0000000000,15.6802187547,1.0000000000,0.8832000000,226.4492753623
1286,100,0,6,100,100,0,0,65,106,782,100,100,0.0325079650,9.4947935737,16.6666666667,15.5202081285,1.0000000000,0.8848000000,226.0397830018
1287,100,0,5,100,100,0,0,65,105,685,100,100,0.0301310486,9.4646625251,20.0000000000,15.6001775687,1.0000000000,0.8840000000,226.2443438914
1288,100,0,3,100,100,0,0,65,103,491,100,100,0.0296654881,9.4349970370,33.3333333333,15.7602266263,1.0000000000,0.8824000000,226.6545784225
1289,100,0,1,100,100,0,0,65,101,297,100,100,0.0323473589,9.4026496781,100.0000000000,15.9202905052,1.0000000000,0.8808000000,227.0663033606
1290,100,0,6,100,100,0,0,65,106,782,100,100,0.0310903180,9.3715593601,16.6666666667,15.5202004429,1.0000000000,0.8848000000,226.0397830018
1291,100,0,2,100,100,0,0,65,102,394,100,100,0.0317034560,9.3398559040,50.0000000000,15.8403535708,1.0000000000,0.8816000000,226.8602540835
1292,100,0,9,100,100,0,0,65,108,1073,100,100,0.0344446380,9.3054112660,11.1111111111,15.2801689744,1.0000000000,0.8864000000,225.6317689531
1293,100,0,7,100,100,0,0,65,107,879,100,100,0.0322724923,9.2731387738,14.2857142857,15.4401844020,1.0000000000,0.8856000000,225.8355916893
1294,100,0,6,100,100,0,0,65,106,782,100,100,0.0323639645,9.2407748093,16.6666666667,15.5202028641,1.0000000000,0.8848000000,226.0397830018
1295,100,0,3,100,100,0,0,65,103,491,100,100,0.0296154767,9.2111593326,33.3333333333,15.7601972135,1.0000000000,0.8824000000,226.6545784225
1296,100,0,11,100,100,0,0,65,110,1267,100,100,0.0368594037,9.1742999288,9.0909090909,15.1201758683,1.0000000000,0.8880000000,225.2252252252
1297,100,0,2,100,100,0,0,65,102,394,100,100,0.0340199116,9.1402800172,50.0000000000,15.8403343322,1.0000000000,0.8816000000,226.8602540835
1298,100,0,4,100,100,0,0,65,104,588,100,100,0.0315247495,9.1087552678,25.0000000000,15.6802304988,1.0000000000,0.8832000000,226.4492753623
1299,100,0,6,100,100,0,0,65,106,782,100,100,0.0314930601,9.0772622076,16.6666666667,15.5202029342,1.0000000000,0.8848000000,226.0397830018
1300,100,0,10,100,100,0,0,65,110,1170,100,100,0.0350293516,9.0422328561,10.0000000000,15.2001741682,1.0000000000,0.8880000000,225.2252252252
1301,100,0,1,100,100,0,0,66,101,297,100,100,0.0345033288,9.0077295272,100.0000000000,15.9203559097,1.0000000000,0.8808000000,227.0663033606
1302,100,0,6,100,100,0,0,66,106,782,100,100,0.0313710506,8.9763584767,16.6666666667,15.5202147763,1.0000000000,0.8848000000,226.0397830018
1303,100,0,7,100,100,0,0,66,107,879,100,100,0.0321324831,8.9442259936,14.2857142857,15.4401707340,1.0000000000,0.8856000000,225.8355916893
1304,100,0,2,100,100,0,0,66,102,394,100,100,0.0314365087,8.9127894850,50.0000000000,15.8403227659,1.0000000000,0.8816000000,226.8602540835
1305,100,0,2,100,100,0,0,66,102,394,100,100,0.0314153204,8.8813741645,50.0000000000,15.8402430439,1.0000000000,0.8816000000,226.8602540835
1306,100,0,5,100,100,0,0,66,105,685,100,100,0.0309396184,8.8504345461,20.0000000000,15.6001667746,1.0000000000,0.8840000000,226.2443438914
1307,100,0,4,100,100,0,0,66,104,588,100,100,0.0305157245,8.8199188216,25.0000000000,15.6802420320,1.0000000000,0.8832000000,226.4492753623
1308,100,0,6,100,100,0,0,66,106,782,100,100,0.0312507556,8.7886680660,16.6666666667,15.5201805990,1.0000000000,0.8848000000,226.0397830018
1309,100,0,2,100,100,0,0,66,102,394,100,100,0.0324052349,8.7562628311,50.0000000000,15.8402849393,1.0000000000,0.8816000000,226.8602540835
1310,100,0,6,100,100,0,0,66,106,782,100,100,0.0311257473,8.7251370838,16.6666666667,15.5202184893,1.0000000000,0.8848000000,226.0397830018
1311,100,0,5,100,100,0,0,66,105,685,100,100,0.0300501854,8.6950868984,20.0000000000,15.6001931912,1.0000000000,0.8840000000,226.2443438914
1312,100,0,4,100,100,0,0,66,104,588,100,100,0.0332502217,8.6618366767,25.0000000000,15.6803120784,1.0000000000,0.8832000000,226.4492753623
1313,100,0,9,100,100,0,0,66,109,1073,100,100,0.0339680282,8.6278686485,11.1111111111,15.2801826619,1.0000000000,0.8872000000,225.4283137962
1314,100,0,10,100,100,0,0,66,110,1170,100,100,0.0347444598,8.5931241887,10.0000000000,15.2001627829,1.0000000000,0.8880000000,225.2252252252
1315,100,0,8,100,100,0,0,66,108,976,100,100,0.0337192826,8.5594049062,12.5000000000,15.3601720049,1.0000000000,0.8864000000,225.6317689531
1316,100,0,3,100,100,0,0,66,103,491,100,100,0.0303869696,8.5290179366,33.3333333333,15.7601855162,1.0000000000,0.8824000000,226.6545784225
1317,100,0,8,100,100,0,0,66,108,976,100,100,0.0329479999,8.4960699367,12.5000000000,15.3601632369,1.0000000000,0.8864000000,225.6317689531
1318,100,0,4,100,100,0,0,66,104,588,100,100,0.0292380165,8.4668319202,25.0000000000,15.6801532283,1.0000000000,0.8832000000,226.4492753623
1319,100,0,3,100,100,0,0,66,103,491,100,100,0.0288063653,8.4380255549,33.3333333333,15.7602192733,1.0000000000,0.8824000000,226.6545784225
1320,100,0,5,100,100,0,0,66,105,685,100,100,0.0310240983,8.4070014567,20.0000000000,15.6002305669,1.0000000000,0.8840000000,226.2443438914
1321,100,0,6,100,100,0,0,67,106,782,100,100,0.0323450946,8.3746563621,16.6666666667,15.5201663489,1.0000000000,0.8848000000,226.0397830018
1322,100,0,8,100,100,0,0,67,108,976,100,100,0.0330104517,8.3416459104,12.5000000000,15.3601826894,1.0000000000,0.8864000000,225.6317689531
1323,100,0,5,100,100,0,0,67,105,685,100,100,0.0305532565,8.3110926538,20.0000000000,15.6002097873,1.0000000000,0.8840000000,226.2443438914
1324,100,0,4,100,100,0,0,67,104,588,100,100,0.0304258199,8.2806668340,25.0000000000,15.6801897285,1.0000000000,0.8832000000,226.4492753623
1325,100,0,3,100,100,0,0,67,103,491,100,100,0.0311997862,8.2494670477,33.3333333333,15.7602523700,1.0000000000,0.8824000000,226.6545784225
1326,100,0,2,100,100,0,0,67,102,394,100,100,0.0340975192,8.2153695286,50.0000000000,15.8403455396,1.0000000000,0.8816000000,226.8602540835
1327,100,0,4,100,100,0,0,67,104,588,100,100,0.0299412730,8.1854282556,25.0000000000,15.6801987158,1.0000000000,0.8832000000,226.4492753623
1328,100,0,5,100,100,0,0,67,105,685,100,100,0.0303885471,8.1550397085,20.0000000000,15.6002004370,1.0000000000,0.8840000000,226.2443438914
1329,100,0,5,100,100,0,0,67,105,685,100,100,0.0303699489,8.1246697596,20.0000000000,15.6001710754,1.0000000000,0.8840000000,226.2443438914
1330,100,0,1,100,100,0,0,67,101,297,100,100,0.0407357045,8.0839340552,100.0000000000,15.9204385303,1.0000000000,0.8808000000,227.0663033606
1331,100,0,6,100,100,0,0,67,106,782,100,100,0.0328297251,8.0511043300,16.6666666667,15.5201938420,1.0000000000,0.8848000000,226.0397830018
1332,100,0,5,100,100,0,0,67,105,685,100,100,0.0308256591,8.0202786709,20.0000000000,15.6002081011,1.0000000000,0.8840000000,226.2443438914
1333,100,0,2,100,100,0,0,67,102,394,100,100,0.0307205269,7.9895581440,50.0000000000,15.8402416781,1.0000000000,0.8816000000,226.8602540835
1334,100,0,3,100,100,0,0,67,103,491,100,100,0.0338449424,7.9557132016,33.3333333333,15.7603293639,1.0000000000,0.8824000000,226.6545784225
1335,100,0,6,100,100,0,0,67,106,782,100,100,0.0320060976,7.9237071040,16.6666666667,15.5202148234,1.0000000000,0.8848000000,226.0397830018
1336,100,0,9,100,100,0,0,67,109,1073,100,100,0.0343835283,7.8893235757,11.1111111111,15.2801787621,1.0000000000,0.8872000000,225.4283137962
1337,100,0,7,100,100,0,0,67,107,879,100,100,0.0321444381,7.8571791375,14.2857142857,15.4401854097,1.0000000000,0.8856000000,225.8355916893
1338,100,0,5,100,100,0,0,67,105,685,100,100,0.0305658797,7.8266132579,20.0000000000,15.6001849387,1.0000000000,0.8840000000,226.2443438914
1339,100,0,4,100,100,0,0,67,104,588,100,100,0.0312074688,7.7954057891,25.0000000000,15.6802097193,1.0000000000,0.8832000000,226.4492753623
1340,100,0,10,100,100,0,0,67,110,1170,100,100,0.0348517116,7.7605540775,10.0000000000,15.2001800157,1.0000000000,0.8880000000,225.2252252252
1341,100,0,6,100,100,0,0,68,106,782,100,100,0.0333138186,7.7272402589,16.6666666667,15.5201960855,1.0000000000,0.8848000000,226.0397830018
1342,100,0,1,100,100,0,0,68,101,297,100,100,0.0371707063,7.6900695526,100.0000000000,15.9203897932,1.0000000000,0.8808000000,227.0663033606
1343,100,0,11,100,100,0,0,68,110,1267,100,100,0.0359086549,7.6541608977,9.0909090909,15.1201785542,1.0000000000,0.8880000000,225.2252252252
1344,100,0,6,100,100,0,0,68,106,782,100,100,0.0329783339,7.6211825638,16.6666666667,15.5202662652,1.0000000000,0.8848000000,226.0397830018
1345,100,0,2,100,100,0,0,68,102,394,100,100,0.0304479539,7.5907346100,50.0000000000,15.8402014005,1.0000000000,0.8816000000,226.8602540835
1346,100,0,4,100,100,0,0,68,104,588,100,100,0.0294037673,7.5613308427,25.0000000000,15.6801996347,1.0000000000,0.8832000000,226.4492753623
1347,100,0,9,100,100,0,0,68,108,1073,100,100,0.0359985761,7.5253322667,11.1111111111,15.2802235962,1.0000000000,0.8864000000,225.6317689531
1348,100,0,3,100,100,0,0,68,103,491,100,100,0.0300489187,7.4952833480,33.3333333333,15.7602484843,1.0000000000,0.8824000000,226.6545784225
1349,100,0,2,100,100,0,0,68,102,394,100,100,0.0295420323,7.4657413157,50.0000000000,15.8402590415,1.0000000000,0.8816000000,226.8602540835
1350,100,0,1,100,100,0,0,68,101,297,100,100,0.0320904216,7.4336508941,100.0000000000,15.9202890303,1.0000000000,0.8808000000,227.0663033606
1351,100,0,8,100,100,0,0,68,108,976,100,100,0.0330470749,7.4006038192,12.5000000000,15.3601579839,1.0000000000,0.8864000000,225.6317689531
1352,100,0,5,100,100,0,0,68,105,685,100,100,0.0301382560,7.3704655632,20.0000000000,15.6001693939,1.0000000000,0.8840000000,226.2443438914
1353,100,0,6,100,100,0,0,68,106,782,100,100,0.0312630383,7.3392025249,16.6666666667,15.5201912892,1.0000000000,0.8848000000,226.0397830018
1354,100,0,7,100,100,0,0,68,107,879,100,100,0.0321337030,7.3070688219,14.2857142857,15.4401897741,1.0000000000,0.8856000000,225.8355916893
1355,100,0,7,100,100,0,0,68,107,879,100,100,0.0331632687,7.2739055532,14.2857142857,15.4402143648,1.0000000000,0.8856000000,225.8355916893
1356,100,0,2,100,100,0,0,68,102,394,100,100,0.0290480676,7.2448574857,50.0000000000,15.8401605766,1.0000000000,0.8816000000,226.8602540835
1357,100,0,6,100,100,0,0,68,106,782,100,100,0.0310489095,7.2138085762,16.6666666667,15.5201642421,1.0000000000,0.8848000000,226.0397830018
1358,100,0,1,100,100,0,0,68,101,297,100,100,0.0302473798,7.1835611963,100.0000000000,15.9202360582,1.0000000000,0.8808000000,227.0663033606
1359,100,0,3,100,100,0,0,68,103,491,100,100,0.0332641968,7.1502969996,33.3333333333,15.7602817672,1.0000000000,0.8824000000,226.6545784225
1360,100,0,10,100,100,0,0,68,110,1170,100,100,0.0348169647,7.1154800349,10.0000000000,15.2001784716,1.0000000000,0.8880000000,225.2252252252
1361,100,0,6,100,100,0,0,69,106,782,100,100,0.0314330749,7.0840469600,16.6666666667,15.5202003637,1.0000000000,0.8848000000,226.0397830018
1362,100,0,4,100,100,0,0,69,104,588,100,100,0.0308274030,7.0532195570,25.0000000000,15.6802326216,1.0000000000,0.8832000000,226.4492753623
1363,100,0,3,100,100,0,0,69,103,491,100,100,0.0298852380,7.0233343190,33.3333333333,15.7602396531,1.0000000000,0.8824000000,226.6545784225
1364,100,0,5,100,100,0,0,69,105,685,100,100,0.0319280425,6.9914062765,20.0000000000,15.6002428464,1.0000000000,0.8840000000,226.2443438914
1365,100,0,8,100,100,0,0,69,108,976,100,100,0.0331705546,6.9582357219,12.5000000000,15.3601987100,1.0000000000,0.8864000000,225.6317689531
1366,100,0,3,100,100,0,0,69,103,491,100,100,0.0297431361,6.9284925858,33.3333333333,15.7602017326,1.0000000000,0.8824000000,226.6545784225
1367,100,0,4,100,100,0,0,69,104,588,100,100,0.0298530985,6.8986394873,25.0000000000,15.6802009709,1.0000000000,0.8832000000,226.4492753623
1368,100,0,5,100,100,0,0,69,105,685,100,100,0.0310534846,6.8675860027,20.0000000000,15.6001687912,1.0000000000,0.8840000000,226.2443438914
1369,100,0,3,100,100,0,0,69,103,491,100,100,0.0297997469,6.8377862558,33.3333333333,15.7602112755,1.0000000000,0.8824000000,226.6545784225
1370,100,0,8,100,100,0,0,69,108,976,100,100,0.0328926653,6.8048935906,12.5000000000,15.3601841685,1.0000000000,0.8864000000,225.6317689531
1371,100,0,3,100,100,0,0,69,103,491,100,100,0.0291994624,6.7756941281,33.3333333333,15.7601995110,1.0000000000,0.8824000000,226.6545784225
1372,100,0,4,100,100,0,0,69,104,588,100,100,0.0302924961,6.7454016320,25.0000000000,15.6802392171,1.0000000000,0.8832000000,226.4492753623
1373,100,0,5,100,100,0,0,69,105,685,100,100,0.0301928106,6.7152088214,20.0000000000,15.6001746455,1.0000000000,0.8840000000,226.2443438914
1374,100,0,6,100,100,0,0,69,106,782,100,100,0.0312283452,6.6839804763,16.6666666667,15.5202051351,1.0000000000,0.8848000000,226.0397830018
1375,100,0,7,100,100,0,0,69,107,879,100,100,0.0328295409,6.6511509354,14.2857142857,15.4401688996,1.0000000000,0.8856000000,225.8355916893
1376,100,0,6,100,100,0,0,69,106,782,100,100,0.0319222065,6.6192287289,16.6666666667,15.5201764682,1.0000000000,0.8848000000,226.0397830018
1377,100,0,5,100,100,0,0,69,105,685,100,100,0.0316184426,6.5876102863,20.0000000000,15.6001982703,1.0000000000,0.8840000000,226.2443438914
1378,100,0,5,100,100,0,0,69,105,685,100,100,0.0306373600,6.5569729263,20.0000000000,15.6002263939,1.0000000000,0.8840000000,226.2443438914
1379,100,0,4,100,100,0,0,69,104,588,100,100,0.0304603175,6.5265126088,25.0000000000,15.6801907370,1.0000000000,0.8832000000,226.4492753623
1380,100,0,6,100,100,0,0,69,106,782,100,100,0.0311960027,6.4953166061,16.6666666667,15.5201827585,1.0000000000,0.8848000000,226.0397830018
1381,100,0,5,100,100,0,0,70,105,685,100,100,0.0311572024,6.4641594036,20.0000000000,15.6002510904,1.0000000000,0.8840000000,226.2443438914
1382,100,0,3,100,100,0,0,70,103,491,100,100,0.0316366831,6.4325227206,33.3333333333,15.7602583502,1.0000000000,0.8824000000,226.6545784225
1383,99,1,9,100,80,20,0,70,108,1073,84,84,0.0306522294,6.4018704911,9.0000000000,15.2001891613,0.8000000000,0.7584000000,210.9704641350
1384,99,1,4,99,99,0,0,70,103,582,99,99,0.0303563232,6.3715141680,24.7500000000,15.6770096073,1.0000000000,0.8744000000,226.4409881061
1385,99,1,9,99,99,0,0,70,108,1062,99,99,0.0335613700,6.3379527980,11.0000000000,15.2729134671,1.0000000000,0.8784000000,225.4098360656
1386,98,2,6,99,69,30,0,70,105,774,83,83,0.0277129422,6.3102398558,11.6666666667,15.4204467229,0.6969696970,0.7480000000,184.4919786096
1387,98,2,8,98,98,0,0,70,106,956,98,98,0.0321617026,6.2780781532,12.2500000000,15.3471047064,1.0000000000,0.8688000000,225.5985267035
1388,98,2,6,98,98,0,0,70,104,766,98,98,0.0315464612,6.2465316920,16.3333333333,15.5103826233,1.0000000000,0.8672000000,226.0147601476
1389,97,3,7,98,71,27,0,70,105,861,71,71,0.0254019748,6.2211297173,10.2857142857,15.3241279890,0.7244897959,0.6520000000,217.7914110429
1390,97,3,4,97,97,0,0,70,101,570,97,97,0.0287570877,6.1923726296,24.2500000000,15.6703310818,1.0000000000,0.8568000000,226.4239028945
1391,97,3,2,97,97,0,0,70,99,382,97,97,0.0311644986,6.1612081310,48.5000000000,15.8353159975,1.0000000000,0.8552000000,226.8475210477
1392,97,3,5,97,97,0,0,70,102,664,97,97,0.0303083780,6.1308997531,19.4000000000,15.5878515940,1.0000000000,0.8576000000,226.2126865672
1393,97,3,4,97,97,0,0,70,101,570,97,97,0.0285504266,6.1023493265,24.2500000000,15.6702820488,1.0000000000,0.8568000000,226.4239028945
1394,96,4,4,97,57,40,0,70,101,570,86,86,0.0267978705,6.0755514560,14.5000000000,15.5791800172,0.5876288660,0.7688000000,148.2830385016
1395,96,4,3,96,96,0,0,70,99,471,96,96,0.0287406583,6.0468107978,32.0000000000,15.7502116010,1.0000000000,0.8472000000,226.6288951841
1396,96,4,5,96,96,0,0,70,101,657,96,96,0.0293935682,6.0174172296,19.2000000000,15.5835168653,1.0000000000,0.8488000000,226.2016965127
1397,96,4,4,96,96,0,0,70,100,564,96,96,0.0301518513,5.9872653783,24.0000000000,15.6669339994,1.0000000000,0.8480000000,226.4150943396
1398,96,4,2,96,96,0,0,70,98,378,96,96,0.0314304505,5.9558349278,48.0000000000,15.8336721377,1.0000000000,0.8464000000,226.8431001890
1399,96,4,7,96,96,0,0,70,103,843,96,96,0.0311311299,5.9247037978,13.7142857143,15.4168600524,1.0000000000,0.8504000000,225.7761053622
1400,96,4,3,96,96,0,0,70,99,471,96,96,0.0277112889,5.8969925090,32.0000000000,15.7501888896,1.0000000000,0.8472000000,226.6288951841
1401,96,4,8,96,96,0,0,71,104,936,96,96,0.0318722342,5.8651202747,12.0000000000,15.3335166420,1.0000000000,0.8512000000,225.5639097744
1402,96,4,3,96,96,0,0,71,99,471,96,96,0.0284884772,5.8366317975,32.0000000000,15.7501746830,1.0000000000,0.8472000000,226.6288951841
1403,96,4,2,96,96,0,0,71,98,378,96,96,0.0287841380,5.8078476594,48.0000000000,15.8335710191,1.0000000000,0.8464000000,226.8431001890
1404,96,4,7,96,96,0,0,71,103,843,96,96,0.0309724636,5.7768751959,13.7142857143,15.4168592782,1.0000000000,0.8504000000,225.7761053622
1405,96,4,7,96,96,0,0,71,103,843,96,96,0.0309806553,5.7458945405,13.7142857143,15.4168542835,1.0000000000,0.8504000000,225.7761053622
1406,96,4,3,96,96,0,0,71,99,471,96,96,0.0290181008,5.7168764398,32.0000000000,15.7502167595,1.0000000000,0.8472000000,226.6288951841
1407,96,4,8,96,96,0,0,71,104,936,96,96,0.0319435604,5.6849328794,12.0000000000,15.3335416009,1.0000000000,0.8512000000,225.5639097744
1408,96,4,4,96,96,0,0,71,100,564,96,96,0.0285801484,5.6563527310,24.0000000000,15.6668507857,1.0000000000,0.8480000000,226.4150943396
1409,96,4,5,96,96,0,0,71,101,657,96,96,0.0300135159,5.6263392151,19.2000000000,15.5835356688,1.0000000000,0.8488000000,226.2016965127
1410,96,4,3,96,96,0,0,71,99,471,96,96,0.0285019501,5.5978372650,32.0000000000,15.7502083568,1.0000000000,0.8472000000,226.6288951841
1411,96,4,8,96,96,0,0,71,104,936,96,96,0.0321190419,5.5657182231,12.0000000000,15.3335346959,1.0000000000,0.8512000000,225.5639097744
1412,95,5,6,96,60,36,0,71,102,750,95,95,0.0297878617,5.5359303614,10.1666666667,15.3335326021,0.6250000000,0.8416000000,142.5855513308
1413,95,5,6,95,95,0,0,71,101,742,95,95,0.0297250301,5.5062053313,15.8333333333,15.4949518345,1.0000000000,0.8408000000,225.9752616556
1414,95,5,2,95,95,0,0,71,97,374,95,95,0.0281686060,5.4780367252,47.5000000000,15.8317880913,1.0000000000,0.8376000000,226.8385864374
1415,95,5,4,95,95,0,0,71,99,558,95,95,0.0279035718,5.4501331535,23.7500000000,15.6633731307,1.0000000000,0.8392000000,226.4061010486
1416,94,6,4,95,56,39,0,71,99,558,69,69,0.0224448005,5.4276883529,14.2500000000,15.5716792293,0.5894736842,0.6312000000,177.4397972117
1417,94,6,2,94,94,0,0,71,96,370,94,94,0.0287717238,5.3989166292,47.0000000000,15.8300256111,1.0000000000,0.8288000000,226.8339768340
1418,94,6,5,94,94,0,0,71,99,643,94,94,0.0284859432,5.3704306860,18.8000000000,15.5746489538,1.0000000000,0.8312000000,226.1790182868
1419,94,6,5,94,94,0,0,71,99,643,94,94,0.0302622570,5.3401684290,18.8000000000,15.5747438236,1.0000000000,0.8312000000,226.1790182868
1420,94,6,4,94,94,0,0,71,98,552,94,94,0.0281853878,5.3119830412,23.5000000000,15.6597689002,1.0000000000,0.8304000000,226.3969171484
1421,94,6,4,94,94,0,0,72,98,552,94,94,0.0281456402,5.2838374010,23.5000000000,15.6597982604,1.0000000000,0.8304000000,226.3969171484
1422,94,6,8,94,94,0,0,72,102,916,94,94,0.0311109694,5.2527264316,11.7500000000,15.3193572311,1.0000000000,0.8336000000,225.5278310940
1423,94,6,5,94,94,0,0,72,99,643,94,94,0.0281807000,5.2245457315,18.8000000000,15.5746632978,1.0000000000,0.8312000000,226.1790182868
1424,94,6,5,94,94,0,0,72,99,643,94,94,0.0289841953,5.1955615363,18.8000000000,15.5747147352,1.0000000000,0.8312000000,226.1790182868
1425,94,6,7,94,94,0,0,72,101,825,94,94,0.0302986669,5.1652628694,13.4285714286,15.4044374014,1.0000000000,0.8328000000,225.7444764649
1426,94,6,8,94,94,0,0,72,102,916,94,94,0.0312183616,5.1340445078,11.7500000000,15.3193757192,1.0000000000,0.8336000000,225.5278310940
1427,94,6,5,94,94,0,0,72,99,643,94,94,0.0287935459,5.1052509620,18.8000000000,15.5746402506,1.0000000000,0.8312000000,226.1790182868
1428,94,6,5,94,94,0,0,72,99,643,94,94,0.0290191716,5.0762317904,18.8000000000,15.5746786066,1.0000000000,0.8312000000,226.1790182868
1429,94,6,3,94,94,0,0,72,97,461,94,94,0.0287702294,5.0474615610,31.3333333333,15.7448837257,1.0000000000,0.8296000000,226.6152362584
1430,94,6,4,94,94,0,0,72,98,552,94,94,0.0284139185,5.0190476425,23.5000000000,15.6597979949,1.0000000000,0.8304000000,226.3969171484
1431,93,7,2,94,47,47,0,72,96,370,79,79,0.0231144818,4.9959331607,24.0000000000,15.8300006264,0.5000000000,0.7088000000,132.6185101580
1432,93,7,4,93,93,0,0,72,97,546,93,93,0.0283141439,4.9676190168,23.2500000000,15.6561510384,1.0000000000,0.8216000000,226.3875365141
1433,93,7,5,93,92,1,0,72,98,636,92,92,0.0285272309,4.9390917859,18.6000000000,15.5654314096,0.9892473118,0.8144000000,225.9332023576
1434,93,7,3,93,92,1,0,72,96,456,92,92,0.0273030913,4.9117886946,31.0000000000,15.7393207454,0.9892473118,0.8128000000,226.3779527559
1435,91,9,4,92,49,43,0,72,96,543,87,87,0.0274704148,4.8843182799,12.5000000000,15.5104247761,0.5326086957,0.7728000000,126.8115942029
1436,91,9,3,91,91,0,0,72,94,446,91,91,0.0268335568,4.8574847231,30.3333333333,15.7364936738,1.0000000000,0.8032000000,226.5936254980
1437,91,9,7,91,91,0,0,72,98,798,91,91,0.0291292501,4.8283554730,13.0000000000,15.3848159749,1.0000000000,0.8064000000,225.6944444444
1438,91,9,3,91,91,0,0,72,94,446,91,91,0.0270876513,4.8012678217,30.3333333333,15.7364922268,1.0000000000,0.8032000000,226.5936254980
1439,91,9,5,91,91,0,0,72,96,622,91,91,0.0278198674,4.7734479542,18.2000000000,15.5606269518,1.0000000000,0.8048000000,226.1431411531
1440,91,9,3,91,91,0,0,72,94,446,91,91,0.0289265954,4.7445213589,30.3333333333,15.7364891764,1.0000000000,0.8032000000,226.5936254980
1441,90,10,3,91,50,41,0,73,94,446,76,76,0.0231991019,4.7213222569,17.0000000000,15.6802307639,0.5494505495,0.6832000000,146.3700234192
1442,90,10,4,90,90,0,0,73,94,528,90,90,0.0292970609,4.6920251960,22.5000000000,15.6447105098,1.0000000000,0.7952000000,226.3581488934
1443,90,10,1,90,90,0,0,73,91,267,90,90,0.0296647941,4.6623604019,90.0000000000,15.9114263140,1.0000000000,0.7928000000,227.0433905146
1444,90,10,6,90,90,0,0,73,96,702,90,90,0.0288680728,4.6334923291,15.0000000000,15.4668590334,1.0000000000,0.7968000000,225.9036144578
1445,90,10,9,90,90,0,0,73,99,963,90,90,0.0303614885,4.6031308406,10.0000000000,15.2001762603,1.0000000000,0.7992000000,225.2252252252
1446,90,10,6,90,90,0,0,73,96,702,90,90,0.0284911863,4.5746396542,15.0000000000,15.4668899590,1.0000000000,0.7968000000,225.9036144578
1447,90,10,6,90,90,0,0,73,96,702,90,90,0.0283049673,4.5463346870,15.0000000000,15.4668561927,1.0000000000,0.7968000000,225.9036144578
1448,90,10,5,90,90,0,0,73,95,615,90,90,0.0281418281,4.5181928589,18.0000000000,15.5557800001,1.0000000000,0.7960000000,226.1306532663
1449,90,10,2,90,90,0,0,73,92,354,90,90,0.0282020669,4.4899907920,45.0000000000,15.8225624318,1.0000000000,0.7936000000,226.8145161290
1450,90,10,4,90,90,0,0,73,94,528,90,90,0.0269751097,4.4630156823,22.5000000000,15.6446605891,1.0000000000,0.7952000000,226.3581488934
1451,90,10,7,90,90,0,0,73,97,789,90,90,0.0298629658,4.4331527165,12.8571428571,15.3779990926,1.0000000000,0.7976000000,225.6770310933
1452,90,10,2,90,90,0,0,73,92,354,90,90,0.0281706927,4.4049820238,45.0000000000,15.8224947423,1.0000000000,0.7936000000,226.8145161290
1453,90,10,8,90,89,1,0,73,98,876,89,89,0.0299088186,4.3750732052,11.2500000000,15.2810952835,0.9888888889,0.7904000000,225.2024291498
1454,88,12,5,88,88,0,0,73,79,654,88,88,0.0281711933,4.3469020119,17.6000000000,15.5457002191,1.0000000000,0.7672000000,229.4056308655
1455,88,12,1,88,88,0,0,73,89,261,88,88,0.0316328114,4.3152692005,88.0000000000,15.9094611100,1.0000000000,0.7752000000,227.0381836945
1456,87,13,5,88,60,28,0,73,93,601,80,80,0.0250622697,4.2902069308,12.2000000000,15.4668740836,0.6818181818,0.7144000000,167.9731243001
1457,87,13,3,87,87,0,0,73,90,426,87,87,0.0257479836,4.2644589472,29.0000000000,15.7243702772,1.0000000000,0.7680000000,226.5625000000
1458,87,13,6,87,87,0,0,73,93,678,87,87,0.0279356122,4.2365233350,14.5000000000,15.4484998664,1.0000000000,0.7704000000,225.8566978193
1459,87,13,2,87,87,0,0,73,89,342,87,87,0.0255755424,4.2109477926,43.5000000000,15.8163282082,1.0000000000,0.7672000000,226.7987486966
1460,87,13,5,87,87,0,0,73,92,594,87,87,0.0290251707,4.1819226219,17.4000000000,15.5405215924,1.0000000000,0.7696000000,226.0914760915
1461,87,13,5,87,87,0,0,74,92,594,87,87,0.0272280067,4.1546946152,17.4000000000,15.5404382351,1.0000000000,0.7696000000,226.0914760915
1462,87,13,3,87,86,1,0,74,90,426,86,86,0.0264773765,4.1282172387,29.0000000000,15.7211974174,0.9885057471,0.7600000000,226.3157894737
1463,87,13,7,87,86,1,0,74,94,762,86,86,0.0274580173,4.1007592214,12.4285714286,15.3490276301,0.9885057471,0.7632000000,225.3668763103
1464,86,14,2,86,86,0,0,74,88,340,86,86,0.0254208058,4.0753384156,43.0000000000,15.8141849019,1.0000000000,0.7584000000,226.7932489451
1465,86,14,4,86,86,0,0,74,90,504,86,86,0.0252384321,4.0500999835,21.5000000000,15.6281144029,1.0000000000,0.7600000000,226.3157894737
1466,86,14,3,86,86,0,0,74,89,421,86,86,0.0258242403,4.0242757432,28.6666666667,15.7211583858,1.0000000000,0.7592000000,226.5542676502
1467,86,14,6,86,86,0,0,74,91,670,86,86,0.0280673505,3.9962083927,14.3333333333,15.4421129991,1.0000000000,0.7608000000,226.0778128286
1468,86,14,5,86,85,1,0,74,91,587,85,85,0.0271496976,3.9690586951,17.2000000000,15.5296463327,0.9883720930,0.7528000000,225.8235919235
1469,85,15,7,85,85,0,0,74,91,747,85,85,0.0276132019,3.9414454932,12.1428571429,15.3413983840,1.0000000000,0.7528000000,225.8235919235
1470,85,15,3,85,85,0,0,74,88,416,85,85,0.0258448633,3.9156006299,28.3333333333,15.7178928526,1.0000000000,0.7504000000,226.5458422175
1471,85,15,4,85,85,0,0,74,89,498,85,85,0.0260492116,3.8895514183,21.2500000000,15.6237560275,1.0000000000,0.7512000000,226.3045793397
1472,85,15,5,85,85,0,0,74,90,580,85,85,0.0262433348,3.8633080835,17.0000000000,15.5296270550,1.0000000000,0.7520000000,226.0638297872
1473,85,15,4,85,85,0,0,74,89,498,85,85,0.0254475099,3.8378605736,21.2500000000,15.6237502177,1.0000000000,0.7512000000,226.3045793397
1474,85,15,5,85,85,0,0,74,90,580,85,85,0.0261616636,3.8116989101,17.0000000000,15.5296350860,1.0000000000,0.7520000000,226.0638297872
1475,83,17,2,84,22,62,0,74,86,331,62,62,0.0192555353,3.7924433748,11.5000000000,15.6366642177,0.2619047619,0.5648000000,77.9036827195
1476,83,17,3,83,83,0,0,74,86,406,83,83,0.0250575146,3.7673858601,27.6666666667,15.7110426133,1.0000000000,0.7328000000,226.5283842795
1477,83,17,4,83,83,0,0,74,87,486,83,83,0.0255892950,3.7417965652,20.7500000000,15.6146853046,1.0000000000,0.7336000000,226.2813522356
1478,83,17,7,83,83,0,0,74,89,726,83,83,0.0273659197,3.7144306455,11.8571428571,15.3255337749,1.0000000000,0.7352000000,225.7889009793
1479,83,17,1,83,83,0,0,74,84,246,83,83,0.0300102376,3.6844204079,83.0000000000,15.9039893502,1.0000000000,0.7312000000,227.0240700219
1480,83,17,6,83,82,1,0,74,89,646,82,82,0.0259005414,3.6585198665,13.8333333333,15.4148285441,0.9879518072,0.7272000000,225.5225522552
1481,83,17,3,83,82,1,0,75,86,406,82,82,0.0249348106,3.6335850559,27.6666666667,15.7075830962,0.9879518072,0.7248000000,226.2693156733
1482,82,18,7,82,82,0,0,75,89,720,82,82,0.0269206779,3.6066643780,11.7142857143,15.3172945668,1.0000000000,0.7272000000,225.5225522552
1483,82,18,4,82,82,0,0,75,86,480,82,82,0.0243434440,3.5823209340,20.5000000000,15.6099999827,1.0000000000,0.7248000000,226.2693156733
1484,82,18,1,82,81,1,0,75,83,243,81,81,0.0318342233,3.5504867108,82.0000000000,15.9016496483,0.9878048780,0.7144000000,226.7637178052
1485,81,19,7,81,80,1,0,75,88,710,80,80,0.0268095761,3.5236771347,11.5714285714,15.3002405010,0.9876543210,0.7104000000,225.2252252252
1486,80,20,5,80,80,0,0,75,85,545,80,80,0.0245794722,3.4990976625,16.0000000000,15.5001971056,1.0000000000,0.7080000000,225.9887005650
1487,79,21,1,79,79,0,0,75,80,234,79,79,0.0282158710,3.4708817915,79.0000000000,15.8990844257,1.0000000000,0.6960000000,227.0114942529
1488,79,21,1,79,79,0,0,75,80,234,79,79,0.0337373432,3.4371444483,79.0000000000,15.8991817215,1.0000000000,0.6960000000,227.0114942529
1489,79,21,4,79,79,0,0,75,83,462,79,79,0.0263000091,3.4108444391,19.7500000000,15.5951873353,1.0000000000,0.6984000000,226.2313860252
1490,79,21,7,79,78,1,0,75,86,690,78,78,0.0263730470,3.3844713921,11.2857142857,15.2822869765,0.9873417722,0.6928000000,225.1732101617
1491,78,22,5,78,78,0,0,75,83,531,78,78,0.0237677631,3.3607036290,15.6000000000,15.4873712183,1.0000000000,0.6904000000,225.9559675550
1492,78,22,2,78,78,0,0,75,80,306,78,78,0.0231742804,3.3375293486,39.0000000000,15.7951300409,1.0000000000,0.6880000000,226.7441860465
1493,78,22,4,78,78,0,0,75,82,456,78,78,0.0249435175,3.3125858312,19.5000000000,15.5899735171,1.0000000000,0.6896000000,226.2180974478
1494,78,22,3,78,78,0,0,75,81,381,78,78,0.0249306015,3.2876552296,26.0000000000,15.6925550426,1.0000000000,0.6888000000,226.4808362369
1495,78,22,5,78,78,0,0,75,82,531,78,78,0.0251844803,3.2624707493,15.6000000000,15.4874327325,1.0000000000,0.6896000000,226.2180974478
1496,78,22,7,78,78,0,0,75,85,681,78,78,0.0254363110,3.2370344383,11.1428571429,15.2822559837,1.0000000000,0.6920000000,225.4335260116
1497,78,22,1,78,78,0,0,75,79,231,78,78,0.0282893960,3.2087450424,78.0000000000,15.8978099725,1.0000000000,0.6872000000,227.0081490105
1498,78,22,2,78,78,0,0,75,80,306,78,78,0.0247663847,3.1839786577,39.0000000000,15.7951035105,1.0000000000,0.6880000000,226.7441860465
1499,78,22,4,78,78,0,0,75,82,456,78,78,0.0252913945,3.1586872631,19.5000000000,15.5899950015,1.0000000000,0.6896000000,226.2180974478
1500,78,22,6,78,78,0,0,75,83,606,78,78,0.0243927694,3.1342944937,13.0000000000,15.3848442734,1.0000000000,0.6904000000,225.9559675550
1501,78,22,1,78,78,0,0,76,79,231,78,78,0.0282731397,3.1060213541,78.0000000000,15.8978086313,1.0000000000,0.6872000000,227.0081490105
1502,78,22,4,78,77,1,0,76,82,456,77,77,0.0238396466,3.0821817075,19.5000000000,15.5846359616,0.9871794872,0.6816000000,225.9389671362
1503,77,23,4,77,77,0,0,76,81,452,77,77,0.0236579557,3.0585237518,19.2500000000,15.5846336760,1.0000000000,0.6808000000,226.2044653349
1504,77,23,4,77,77,0,0,76,81,450,77,77,0.0269505558,3.0315731960,19.2500000000,15.5847037519,1.0000000000,0.6808000000,226.2044653349
1505,77,23,1,77,77,0,0,76,78,228,77,77,0.0259930731,3.0055801229,77.0000000000,15.8964356987,1.0000000000,0.6784000000,227.0047169811
1506,77,23,4,77,77,0,0,76,81,450,77,77,0.0242025227,2.9813776002,19.2500000000,15.5846557140,1.0000000000,0.6808000000,226.2044653349
1507,77,23,6,77,77,0,0,76,83,598,77,77,0.0249631763,2.9564144239,12.8333333333,15.3768613312,1.0000000000,0.6824000000,225.6740914420
1508,77,23,3,77,77,0,0,76,80,376,77,77,0.0240176515,2.9323967724,25.6666666667,15.6885997348,1.0000000000,0.6800000000,226.4705882353
1509,77,23,3,77,77,0,0,76,80,376,77,77,0.0231707401,2.9092260323,25.6666666667,15.6885665673,1.0000000000,0.6800000000,226.4705882353
1510,77,23,4,77,77,0,0,76,81,450,77,77,0.0239045194,2.8853215129,19.2500000000,15.5846502041,1.0000000000,0.6808000000,226.2044653349
1511,77,23,3,77,77,0,0,76,80,376,77,77,0.0230740549,2.8622474579,25.6666666667,15.6885862835,1.0000000000,0.6800000000,226.4705882353
1512,77,23,2,77,77,0,0,76,79,302,77,77,0.0246068641,2.8376405938,38.5000000000,15.7924564790,1.0000000000,0.6792000000,226.7373380448
1513,75,25,4,75,75,0,0,76,79,441,75,75,0.0226713034,2.8149692904,18.7500000000,15.5735532434,1.0000000000,0.6632000000,226.1761158022
1514,75,25,5,75,75,0,0,76,80,510,75,75,0.0252351093,2.7897341811,15.0000000000,15.4669588904,1.0000000000,0.6640000000,225.9036144578
1515,74,26,3,74,74,0,0,76,77,362,74,74,0.0239987684,2.7657354127,24.6666666667,15.6759876530,1.0000000000,0.6536000000,226.4381884945
1516,74,26,5,74,73,1,0,76,79,503,73,73,0.0232712081,2.7424642046,14.8000000000,15.4522935913,0.9864864865,0.6472000000,225.5871446230
1517,74,26,1,74,73,1,0,76,75,219,73,73,0.0244836090,2.7179805956,74.0000000000,15.8907183261,0.9864864865,0.6440000000,226.7080745342
1518,74,26,2,74,73,1,0,76,76,290,73,73,0.0220813561,2.6958992395,37.0000000000,15.7810867379,0.9864864865,0.6448000000,226.4267990074
1519,73,27,7,73,73,0,0,76,80,638,73,73,0.0238858539,2.6720133856,10.4285714286,15.2330795610,1.0000000000,0.6480000000,225.3086419753
1520,71,29,10,72,51,21,0,76,82,844,66,66,0.0244234051,2.6475899805,5.2000000000,14.5884364669,0.7083333333,0.5936000000,171.8328840970
1521,71,29,1,71,71,0,0,77,72,210,71,71,0.0257355212,2.6218544593,71.0000000000,15.8876955289,1.0000000000,0.6256000000,226.9820971867
1522,71,29,4,71,71,0,0,77,75,414,71,71,0.0225558161,2.5992986432,17.7500000000,15.5495351565,1.0000000000,0.6280000000,226.1146496815
1523,71,29,6,71,71,0,0,77,77,550,71,71,0.0228864972,2.5764121460,11.8333333333,15.3241841650,1.0000000000,0.6296000000,225.5400254130
1524,71,29,4,71,71,0,0,77,75,414,71,71,0.0226772572,2.5537348888,17.7500000000,15.5495743597,1.0000000000,0.6280000000,226.1146496815
1525,71,29,5,71,71,0,0,77,76,482,71,71,0.0217667861,2.5319681027,14.2000000000,15.4368439693,1.0000000000,0.6288000000,225.8269720102
1526,71,29,3,71,71,0,0,77,74,346,71,71,0.0234695141,2.5084985886,23.6666666667,15.6622743726,1.0000000000,0.6272000000,226.4030612245
1527,70,30,10,70,70,0,0,77,79,818,70,70,0.0245420541,2.4839565345,7.0000000000,14.8573323115,1.0000000000,0.6232000000,224.6469833119
1528,70,30,3,70,70,0,0,77,73,341,70,70,0.0221209296,2.4618356049,23.3333333333,15.6574147680,1.0000000000,0.6184000000,226.3906856404
1529,70,30,5,70,70,0,0,77,75,475,70,70,0.0219251962,2.4399104087,14.0000000000,15.4288097847,1.0000000000,0.6200000000,225.8064516129
1530,70,30,3,70,70,0,0,77,73,341,70,70,0.0218557640,2.4180546447,23.3333333333,15.6574371215,1.0000000000,0.6184000000,226.3906856404
1531,70,30,2,70,70,0,0,77,72,274,70,70,0.0216627746,2.3963918701,35.0000000000,15.7717337019,1.0000000000,0.6176000000,226.6839378238
1532,70,30,3,70,70,0,0,77,73,341,70,70,0.0207684662,2.3756234040,23.3333333333,15.6573803481,1.0000000000,0.6184000000,226.3906856404
1533,70,30,2,70,69,1,0,77,72,274,69,69,0.0220241717,2.3535992323,35.0000000000,15.7684366198,0.9857142857,0.6096000000,226.3779527559
1534,69,31,7,69,69,0,0,77,76,600,69,69,0.0223140140,2.3312852183,9.8571428571,15.1886087247,1.0000000000,0.6128000000,225.1958224543
1535,69,31,1,69,69,0,0,77,70,204,69,69,0.0248603072,2.3064249112,69.0000000000,15.8844250617,1.0000000000,0.6080000000,226.9736842105
1536,69,31,1,69,69,0,0,77,70,204,69,69,0.0271449256,2.2792799856,69.0000000000,15.8844577105,1.0000000000,0.6080000000,226.9736842105
1537,69,31,4,69,69,0,0,77,73,402,69,69,0.0206185442,2.2586614414,17.2500000000,15.5364510724,1.0000000000,0.6104000000,226.0812581913
1538,69,31,1,69,69,0,0,77,70,204,69,69,0.0231595969,2.2355018445,69.0000000000,15.8843735454,1.0000000000,0.6080000000,226.9736842105
1539,69,31,3,69,69,0,0,77,72,336,69,69,0.0205167345,2.2149851099,23.0000000000,15.6524421112,1.0000000000,0.6096000000,226.3779527559
1540,69,31,3,69,69,0,0,77,72,336,69,69,0.0208338024,2.1941513076,23.0000000000,15.6524476832,1.0000000000,0.6096000000,226.3779527559
1541,68,32,2,69,31,38,0,78,71,270,33,33,0.0120318258,2.1821194817,16.0000000000,15.7422316340,0.4492753623,0.3208000000,193.2668329177
1542,68,32,3,68,68,0,0,78,71,331,68,68,0.0201926003,2.1619268814,22.6666666667,15.6472937487,1.0000000000,0.6008000000,226.3648468708
1543,68,32,2,68,68,0,0,78,70,266,68,68,0.0216977176,2.1402291638,34.0000000000,15.7650298065,1.0000000000,0.6000000000,226.6666666667
1544,68,32,7,68,68,0,0,78,75,591,68,68,0.0221478990,2.1180812648,9.7142857143,15.1766854017,1.0000000000,0.6040000000,225.1655629139
1545,67,33,7,67,67,0,0,78,75,590,67,67,0.0214719108,2.0966093540,9.5714285714,15.1643897944,1.0000000000,0.5960000000,224.8322147651
1546,67,33,8,67,67,0,0,78,75,646,67,67,0.0226420458,2.0739673082,8.3750000000,15.0449981591,1.0000000000,0.5960000000,224.8322147651
1547,67,33,4,67,67,0,0,78,71,390,67,67,0.0209580630,2.0530092452,16.7500000000,15.5226630412,1.0000000000,0.5928000000,226.0458839406
1548,67,33,5,67,67,0,0,78,72,454,67,67,0.0215984048,2.0314108403,13.4000000000,15.4032151982,1.0000000000,0.5936000000,225.7412398922
1549,67,33,1,67,67,0,0,78,68,198,67,67,0.0251277343,2.0062831060,67.0000000000,15.8809805620,1.0000000000,0.5904000000,226.9647696477
1550,67,33,2,67,67,0,0,78,69,262,67,67,0.0211824813,1.9851006247,33.5000000000,15.7614557612,1.0000000000,0.5912000000,226.6576454668
1551,66,34,5,67,38,29,0,78,72,454,45,45,0.0157239460,1.9693766787,7.8000000000,15.1581141345,0.5671641791,0.4176000000,181.9923371648
1552,66,34,2,66,66,0,0,78,68,258,66,66,0.0245772535,1.9447994253,33.0000000000,15.7579389307,1.0000000000,0.5824000000,226.6483516484
1553,66,34,1,66,66,0,0,78,67,195,66,66,0.0224181138,1.9223813115,66.0000000000,15.8791191427,1.0000000000,0.5816000000,226.9601100413
1554,66,34,3,66,66,0,0,78,69,321,66,66,0.0195507874,1.9028305241,22.0000000000,15.6366288305,1.0000000000,0.5832000000,226.3374485597
1555,66,34,2,66,66,0,0,78,68,258,66,66,0.0201979364,1.8826325877,33.0000000000,15.7578801543,1.0000000000,0.5824000000,226.6483516484
1556,66,34,3,66,66,0,0,78,69,321,66,66,0.0201720986,1.8624604891,22.0000000000,15.6366217987,1.0000000000,0.5832000000,226.3374485597
1557,65,35,1,65,65,0,0,78,44,201,65,65,0.0226467083,1.8398137808,65.0000000000,15.8772736471,1.0000000000,0.5552000000,234.1498559078
1558,65,35,2,65,65,0,0,78,67,254,65,65,0.0210025109,1.8188112699,32.5000000000,15.7541593183,1.0000000000,0.5736000000,226.6387726639
1559,65,35,3,65,65,0,0,78,68,316,65,65,0.0241312791,1.7946799908,21.6666666667,15.6311186779,1.0000000000,0.5744000000,226.3231197772
1560,65,35,4,65,63,2,0,78,69,378,63,63,0.0200519793,1.7746280115,16.2500000000,15.4923312803,0.9692307692,0.5592000000,225.3218884120
1561,65,35,4,65,63,2,0,79,69,378,63,63,0.0190410901,1.7555869214,16.2500000000,15.4922989436,0.9692307692,0.5592000000,225.3218884120
1562,63,37,3,63,63,0,0,79,68,314,63,63,0.0182944383,1.7372924830,21.0000000000,15.6192565277,1.0000000000,0.5584000000,225.6446991404
1563,63,37,3,63,63,0,0,79,66,306,63,63,0.0197977740,1.7174947091,21.0000000000,15.6193192755,1.0000000000,0.5568000000,226.2931034483
1564,63,37,1,63,63,0,0,79,64,186,63,63,0.0228988398,1.6945958692,63.0000000000,15.8733833709,1.0000000000,0.5552000000,226.9452449568
1565,63,37,4,63,63,0,0,79,67,366,63,63,0.0192206424,1.6753752268,15.7500000000,15.4923107095,1.0000000000,0.5576000000,225.9684361549
1566,63,37,1,63,63,0,0,79,64,186,63,63,0.0249748399,1.6504003869,63.0000000000,15.8734238950,1.0000000000,0.5552000000,226.9452449568
1567,62,38,3,62,62,0,0,79,65,301,62,62,0.0193054344,1.6310949525,20.6666666667,15.6131902703,1.0000000000,0.5480000000,226.2773722628
1568,62,38,3,62,62,0,0,79,65,301,62,62,0.0201467120,1.6109482405,20.6666666667,15.6132199390,1.0000000000,0.5480000000,226.2773722628
1569,62,38,3,62,62,0,0,79,65,301,62,62,0.0193282614,1.5916199791,20.6666666667,15.6131881975,1.0000000000,0.5480000000,226.2773722628
1570,61,39,7,62,56,6,0,79,69,537,58,58,0.0192000563,1.5724199229,8.1428571429,15.1430794065,0.9032258065,0.5192000000,215.7164869029
1571,61,39,2,61,61,0,0,79,63,238,61,61,0.0212531993,1.5511667235,30.5000000000,15.7380413068,1.0000000000,0.5384000000,226.5973254086
1572,61,39,1,61,60,1,0,79,62,180,60,60,0.0278163572,1.5233503663,61.0000000000,15.8671294622,0.9836065574,0.5296000000,226.5861027190
1573,61,39,3,61,60,1,0,79,64,296,60,60,0.0185496781,1.5048006881,20.3333333333,15.6002892390,0.9836065574,0.5312000000,225.9036144578
1574,61,39,4,61,59,2,0,79,65,354,59,59,0.0189758899,1.4858247982,15.2500000000,15.4579038088,0.9672131148,0.5240000000,225.1908396947
1575,59,41,4,59,58,1,0,79,63,348,58,58,0.0192000430,1.4666247552,14.7500000000,15.4485632694,0.9830508475,0.5144000000,225.5054432348
1576,58,42,5,58,58,0,0,79,63,391,58,58,0.0176105511,1.4490142040,11.6000000000,15.3105573192,1.0000000000,0.5144000000,225.5054432348
1577,57,43,2,58,17,41,0,79,60,226,36,36,0.0124531336,1.4365610705,9.0000000000,15.5296965416,0.2931034483,0.3360000000,101.1904761905
1578,57,43,5,57,57,0,0,79,62,384,57,57,0.0175147972,1.4190462733,11.4000000000,15.2984721254,1.0000000000,0.5056000000,225.4746835443
1579,56,44,1,56,55,1,0,79,46,182,55,55,0.0197870496,1.3992592237,56.0000000000,15.8549007497,0.9821428571,0.4768000000,230.7046979866
1580,56,44,2,56,55,1,0,79,58,218,55,55,0.0165855611,1.3826736626,28.0000000000,15.7093865451,0.9821428571,0.4864000000,226.1513157895
1581,56,44,3,56,55,1,0,80,59,271,55,55,0.0177748973,1.3648987653,18.6666666667,15.5639177186,0.9821428571,0.4872000000,225.7799671593
1582,53,47,5,54,38,16,0,80,59,422,44,44,0.0150937076,1.3498050577,7.8000000000,15.1581282997,0.7037037037,0.3992000000,190.3807615230
1583,53,47,2,53,52,1,0,80,55,206,52,52,0.0176135636,1.3321914940,26.5000000000,15.6926313723,0.9811320755,0.4600000000,226.0869565217
1584,53,47,1,53,52,1,0,80,54,156,52,52,0.0217555426,1.3104359514,53.0000000000,15.8465761498,0.9811320755,0.4592000000,226.4808362369
1585,51,49,3,52,32,20,0,80,55,251,37,37,0.0115913769,1.2988445745,11.0000000000,15.5002304617,0.6153846154,0.3400000000,188.2352941176
1586,50,50,4,51,26,25,0,80,55,294,49,49,0.0155708497,1.2832737248,6.7500000000,15.0771380481,0.5098039216,0.4360000000,119.2660550459
1587,50,50,3,50,50,0,0,80,53,241,50,50,0.0155221253,1.2677515995,16.6666666667,15.5202609624,1.0000000000,0.4424000000,226.0397830018
1588,49,51,1,49,49,0,0,80,51,146,49,49,0.0194870943,1.2482645052,49.0000000000,15.8371275852,1.0000000000,0.4328000000,226.4325323475
1589,49,51,3,49,49,0,0,80,52,236,49,49,0.0164405596,1.2318239456,16.3333333333,15.5105317017,1.0000000000,0.4336000000,226.0147601476
1590,49,51,1,49,48,1,0,80,50,144,48,48,0.0190415491,1.2127823964,49.0000000000,15.8337289828,0.9795918367,0.4240000000,226.4150943396
1591,47,53,2,48,4,44,0,80,50,186,24,24,0.0109084001,1.2018739964,2.5000000000,14.0003093893,0.0833333333,0.2320000000,34.4827586207
1592,47,53,3,47,47,0,0,80,50,226,47,47,0.0164898574,1.1853841390,15.6666666667,15.4896801694,1.0000000000,0.4160000000,225.9615384615
1593,47,53,1,47,47,0,0,80,48,138,47,47,0.0188127246,1.1665714143,47.0000000000,15.8301983326,1.0000000000,0.4144000000,226.8339768340
1594,47,53,1,47,47,0,0,80,48,138,47,47,0.0180246888,1.1485467255,47.0000000000,15.8301765117,1.0000000000,0.4144000000,226.8339768340
1595,47,53,4,47,47,0,0,80,51,270,47,47,0.0149818240,1.1335649015,11.7500000000,15.3194321592,1.0000000000,0.4168000000,225.5278310940
1596,47,53,3,47,47,0,0,80,50,226,47,47,0.0143435122,1.1192213894,15.6666666667,15.4896415023,1.0000000000,0.4160000000,225.9615384615
1597,47,53,5,47,46,1,0,80,52,314,46,46,0.0166957167,1.1025256727,9.4000000000,15.1307539266,0.9787234043,0.4096000000,224.6093750000
1598,47,53,2,47,46,1,0,80,49,182,46,46,0.0144676070,1.0880580657,23.5000000000,15.6524629971,0.9787234043,0.4072000000,225.9332023576
1599,47,53,3,47,44,3,0,80,50,226,44,44,0.0133745944,1.0746834713,15.6666666667,15.4548083118,0.9361702128,0.3920000000,224.4897959184
1600,46,54,3,46,44,2,0,80,50,225,44,44,0.0158271039,1.0588563674,15.3333333333,15.4548719588,0.9565217391,0.3920000000,224.4897959184
1601,46,54,3,46,44,2,0,81,49,221,44,44,0.0137866006,1.0450697668,15.3333333333,15.4548192388,0.9565217391,0.3912000000,224.9488752556
1602,43,57,2,44,19,25,0,81,47,173,42,42,0.0128684244,1.0322013424,10.0000000000,15.5792324141,0.4318181818,0.3736000000,101.7130620985
1603,43,57,5,43,43,0,0,81,48,286,43,43,0.0139538811,1.0182474613,8.6000000000,15.0700285934,1.0000000000,0.3824000000,224.8953974895
1604,43,57,1,43,43,0,0,81,44,126,43,43,0.0154117515,1.0028357099,43.0000000000,15.8143048767,1.0000000000,0.3792000000,226.7932489451
1605,43,57,3,43,43,0,0,81,46,206,43,43,0.0136044581,0.9892312518,14.3333333333,15.4421433165,1.0000000000,0.3808000000,225.8403361345
1606,43,57,2,43,43,0,0,81,45,166,43,43,0.0152473313,0.9739839205,21.5000000000,15.6282498273,1.0000000000,0.3800000000,226.3157894737
1607,43,57,2,43,43,0,0,81,45,166,43,43,0.0138625475,0.9601213730,21.5000000000,15.6282265333,1.0000000000,0.3800000000,226.3157894737
1608,43,57,1,43,43,0,0,81,44,126,43,43,0.0184445003,0.9416768728,43.0000000000,15.8143784047,1.0000000000,0.3792000000,226.7932489451
1609,43,57,2,43,43,0,0,81,45,166,43,43,0.0166291958,0.9250476770,21.5000000000,15.6282771936,1.0000000000,0.3800000000,226.3157894737
1610,42,58,2,42,42,0,0,81,44,162,42,42,0.0135927633,0.9114549137,21.0000000000,15.6193648596,1.0000000000,0.3712000000,226.2931034483
1611,42,58,1,42,41,1,0,81,43,123,41,41,0.0165223249,0.8949325888,42.0000000000,15.8052841931,0.9761904762,0.3624000000,226.2693156733
1612,42,58,1,42,42,0,0,81,43,123,42,42,0.0174979494,0.8774346394,42.0000000000,15.8099358614,1.0000000000,0.3704000000,226.7818574514
1613,42,58,1,42,41,1,0,81,43,123,41,41,0.0176353926,0.8597992468,42.0000000000,15.8053174091,0.9761904762,0.3624000000,226.2693156733
1614,40,60,6,40,40,0,0,81,47,312,40,40,0.0126835430,0.8471157039,6.6666666667,14.8002324511,1.0000000000,0.3576000000,223.7136465324
1615,40,60,1,40,40,0,0,81,41,117,40,40,0.0157947688,0.8313209350,40.0000000000,15.8003839616,1.0000000000,0.3528000000,226.7573696145
1616,40,60,2,40,39,1,0,81,42,154,39,39,0.0121035488,0.8192173863,20.0000000000,15.5900389701,0.9750000000,0.3456000000,225.6944444444
1617,40,60,1,40,39,1,0,81,41,117,39,39,0.0151865542,0.8040308321,40.0000000000,15.7952469421,0.9750000000,0.3448000000,226.2180974478
1618,40,60,4,40,39,1,0,81,44,228,39,39,0.0131112307,0.7909196014,10.0000000000,15.1797888808,0.9750000000,0.3472000000,224.6543778802
1619,39,61,1,39,39,0,0,81,40,115,39,39,0.0165474934,0.7743721080,39.0000000000,15.7952869932,1.0000000000,0.3440000000,226.7441860465
1620,39,61,1,39,39,0,0,81,40,114,39,39,0.0133707098,0.7610013982,39.0000000000,15.7951969397,1.0000000000,0.3440000000,226.7441860465
1621,39,61,1,39,39,0,0,82,40,114,39,39,0.0152962988,0.7457050994,39.0000000000,15.7952590126,1.0000000000,0.3440000000,226.7441860465
1622,39,61,1,39,39,0,0,82,40,114,39,39,0.0154334688,0.7302716306,39.0000000000,15.7952650850,1.0000000000,0.3440000000,226.7441860465
1623,39,61,1,39,39,0,0,82,40,114,39,39,0.0158104940,0.7144611366,39.0000000000,15.7952659229,1.0000000000,0.3440000000,226.7441860465
1624,39,61,3,39,39,0,0,82,42,186,39,39,0.0123562846,0.7021048520,13.0000000000,15.3849091699,1.0000000000,0.3456000000,225.6944444444
1625,39,61,2,39,39,0,0,82,41,150,39,39,0.0119668013,0.6901380507,19.5000000000,15.5900373437,1.0000000000,0.3448000000,226.2180974478
1626,39,61,2,39,39,0,0,82,41,150,39,39,0.0136169715,0.6765210792,19.5000000000,15.5900931473,1.0000000000,0.3448000000,226.2180974478
1627,38,62,3,38,37,1,0,82,41,181,37,37,0.0110636221,0.6654574571,12.6666666667,15.3516129023,0.9736842105,0.3288000000,225.0608272506
1628,38,62,2,38,37,1,0,82,40,146,37,37,0.0125260703,0.6529313869,19.0000000000,15.5679068756,0.9736842105,0.3280000000,225.6097560976
1629,37,63,1,37,37,0,0,82,38,109,37,37,0.0164095585,0.6365218284,37.0000000000,15.7842153730,1.0000000000,0.3264000000,226.7156862745
1630,37,63,4,37,37,0,0,82,41,210,37,37,0.0115134957,0.6250083327,9.2500000000,15.1354003330,1.0000000000,0.3288000000,225.0608272506
1631,37,63,2,37,37,0,0,82,39,142,37,37,0.0121102607,0.6128980720,18.5000000000,15.5678893832,1.0000000000,0.3272000000,226.1613691932
1632,37,63,5,37,37,0,0,82,42,244,37,37,0.0115473705,0.6013507016,7.4000000000,14.9191602170,1.0000000000,0.3296000000,224.5145631068
1633,37,63,2,37,37,0,0,82,39,142,37,37,0.0126844568,0.5886662448,18.5000000000,15.5678959785,1.0000000000,0.3272000000,226.1613691932
1634,36,64,1,37,0,37,0,82,38,108,6,6,0.0041039757,0.5845622691,1.0000000000,0.0000000000,0.0000000000,0.0784000000,0.0000000000
1635,36,64,1,36,34,2,0,82,37,105,34,34,0.0123606494,0.5722016197,36.0000000000,15.7650578038,0.9444444444,0.3016000000,225.4641909814
1636,36,64,2,36,35,1,0,82,38,138,35,35,0.0109968089,0.5612048108,18.0000000000,15.5431704830,0.9722222222,0.3104000000,225.5154639175
1637,35,65,1,35,34,1,0,82,36,103,34,34,0.0152410496,0.5459637611,35.0000000000,15.7651376552,0.9714285714,0.3008000000,226.0638297872
1638,34,66,1,34,34,0,0,82,35,99,34,34,0.0131507468,0.5328130143,34.0000000000,15.7650964115,1.0000000000,0.3000000000,226.6666666667
1639,33,67,1,34,0,34,0,82,35,99,33,33,0.0121267576,0.5206862567,1.0000000000,0.0000000000,0.0000000000,0.2920000000,0.0000000000
1640,33,67,2,33,33,0,0,82,35,126,33,33,0.0097882922,0.5108979645,16.5000000000,15.5154138718,1.0000000000,0.2920000000,226.0273972603
1641,33,67,2,33,33,0,0,83,35,126,33,33,0.0115597572,0.4993382073,16.5000000000,15.5154802524,1.0000000000,0.2920000000,226.0273972603
1642,33,67,1,33,30,3,0,83,34,96,30,30,0.0133903336,0.4859478737,33.0000000000,15.7337554929,0.9090909091,0.2672000000,224.5508982036
1643,33,67,1,33,31,2,0,83,34,96,31,31,0.0123317397,0.4736161340,33.0000000000,15.7423345206,0.9393939394,0.2752000000,225.2906976744
1644,32,68,3,32,29,3,0,83,35,154,29,29,0.0091869151,0.4644292189,10.6666666667,15.1727052299,0.9062500000,0.2600000000,223.0769230769
1645,31,69,1,31,29,2,0,83,32,91,29,29,0.0111811675,0.4532480514,31.0000000000,15.7245155175,0.9354838710,0.2576000000,225.1552795031
1646,28,72,0,30,28,2,30,83,0,0,28,28,0.0045061460,0.4487419054,0.0000000000,8.0001753788,0.9333333333,0.2240000000,250.0000000000
1647,28,72,2,28,28,0,0,83,30,106,28,28,0.0088049628,0.4399369425,14.0000000000,15.4288606271,1.0000000000,0.2480000000,225.8064516129
1648,28,72,1,28,28,0,0,83,29,81,28,28,0.0102709833,0.4296659592,28.0000000000,15.7146382697,1.0000000000,0.2472000000,226.5372168285
1649,27,73,1,28,0,28,0,83,29,81,7,7,0.0040213492,0.4256446100,1.0000000000,0.0000000000,0.0000000000,0.0792000000,0.0000000000
1650,25,75,1,25,25,0,0,83,27,75,25,25,0.0103546924,0.4152899177,25.0000000000,15.6803908675,1.0000000000,0.2216000000,225.6317689531
1651,25,75,1,25,24,1,0,83,26,72,24,24,0.0108191030,0.4044708147,25.0000000000,15.6670943259,0.9600000000,0.2128000000,225.5639097744
1652,24,76,1,24,24,0,0,83,25,70,24,24,0.0089432147,0.3955276000,24.0000000000,15.6670277373,1.0000000000,0.2120000000,226.4150943396
1653,24,76,1,24,24,0,0,83,25,69,24,24,0.0108822960,0.3846453040,24.0000000000,15.6670937897,1.0000000000,0.2120000000,226.4150943396
1654,24,76,3,24,24,0,0,83,27,111,24,24,0.0095998168,0.3750454872,8.0000000000,15.0003564265,1.0000000000,0.2136000000,224.7191011236
1655,24,76,3,24,24,0,0,83,27,111,24,24,0.0084304849,0.3666150023,8.0000000000,15.0003474525,1.0000000000,0.2136000000,224.7191011236
1656,24,76,1,24,24,0,0,83,25,69,24,24,0.0096745534,0.3569404489,24.0000000000,15.6670513281,1.0000000000,0.2120000000,226.4150943396
1657,24,76,1,24,24,0,0,83,25,69,24,24,0.0094878479,0.3474526010,24.0000000000,15.6670560932,1.0000000000,0.2120000000,226.4150943396
1658,23,77,1,24,0,24,0,83,25,69,19,19,0.0075897072,0.3398628938,1.0000000000,0.0000000000,0.0000000000,0.1720000000,0.0000000000
1659,22,78,2,23,15,8,0,83,25,86,21,21,0.0080415977,0.3318212960,8.0000000000,15.4670380393,0.6521739130,0.1880000000,159.5744680851
1660,22,78,0,22,22,0,22,83,0,0,22,22,0.0034545628,0.3283667332,0.0000000000,8.0001770001,1.0000000000,0.1760000000,250.0000000000
1661,21,79,1,21,21,0,0,84,17,68,21,21,0.0090019004,0.3193648329,21.0000000000,15.6194939442,1.0000000000,0.1816000000,231.2775330396
1662,21,79,1,21,21,0,0,84,22,60,21,21,0.0085287494,0.3108360835,21.0000000000,15.6194635155,1.0000000000,0.1856000000,226.2931034483
1663,21,79,2,21,21,0,0,84,23,78,21,21,0.0064590368,0.3043770467,10.5000000000,15.2383953589,1.0000000000,0.1864000000,225.3218884120
1664,20,80,1,21,0,21,0,84,22,60,5,5,0.0031687639,0.3012082828,1.0000000000,0.0000000000,0.0000000000,0.0576000000,0.0000000000
1665,20,80,1,20,19,1,0,84,21,57,19,19,0.0072262580,0.2939820248,20.0000000000,15.5793196581,0.9500000000,0.1688000000,225.1184834123
1666,20,80,1,20,19,1,0,84,21,57,19,19,0.0074571461,0.2865248787,20.0000000000,15.5793257677,0.9500000000,0.1688000000,225.1184834123
1667,20,80,1,20,19,1,0,84,21,57,19,19,0.0076568034,0.2788680753,20.0000000000,15.5793695359,0.9500000000,0.1688000000,225.1184834123
1668,19,81,1,19,19,0,0,84,20,54,19,19,0.0095798571,0.2692882182,19.0000000000,15.5794166375,1.0000000000,0.1680000000,226.1904761905
1669,19,81,1,19,16,3,0,84,20,54,16,16,0.0065258816,0.2627623366,19.0000000000,15.5004003532,0.8421052632,0.1440000000,222.2222222222
1670,17,83,1,17,16,1,0,84,18,50,16,16,0.0062424019,0.2565199348,17.0000000000,15.5003734149,0.9411764706,0.1424000000,224.7191011236
1671,16,84,3,16,16,0,0,84,20,75,16,16,0.0056186507,0.2509012841,5.3333333333,14.5003209728,1.0000000000,0.1440000000,222.2222222222
1672,15,85,1,16,0,16,0,84,17,45,13,13,0.0046979601,0.2462033240,1.0000000000,0.0000000000,0.0000000000,0.1176000000,0.0000000000
1673,15,85,1,15,15,0,0,84,16,42,15,15,0.0061134904,0.2400898336,15.0000000000,15.4670599862,1.0000000000,0.1328000000,225.9036144578
1674,15,85,1,15,15,0,0,84,16,42,15,15,0.0052113335,0.2348785002,15.0000000000,15.4670220841,1.0000000000,0.1328000000,225.9036144578
1675,15,85,1,15,15,0,0,84,16,42,15,15,0.0055066972,0.2293718030,15.0000000000,15.4670309971,1.0000000000,0.1328000000,225.9036144578
1676,15,85,0,15,15,0,15,84,0,0,15,15,0.0023669103,0.2270048927,0.0000000000,8.0001783363,1.0000000000,0.1200000000,250.0000000000
1677,15,85,0,15,15,0,15,84,0,0,15,15,0.0023669103,0.2246379824,0.0000000000,8.0001783363,1.0000000000,0.1200000000,250.0000000000
1678,15,85,0,15,15,0,15,84,0,0,15,15,0.0023669103,0.2222710722,0.0000000000,8.0001783363,1.0000000000,0.1200000000,250.0000000000
1679,15,85,0,15,15,0,15,84,0,0,15,15,0.0023669103,0.2199041619,0.0000000000,8.0001783363,1.0000000000,0.1200000000,250.0000000000
1680,15,85,0,15,15,0,15,84,0,0,15,15,0.0023669103,0.2175372516,0.0000000000,8.0001783363,1.0000000000,0.1200000000,250.0000000000
1681,15,85,1,15,15,0,0,85,16,42,15,15,0.0066187732,0.2109184784,15.0000000000,15.4670919882,1.0000000000,0.1328000000,225.9036144578
1682,15,85,1,15,14,1,0,85,16,42,14,14,0.0051405903,0.2057778881,15.0000000000,15.4289381365,0.9333333333,0.1248000000,224.3589743590
1683,15,85,1,15,15,0,0,85,16,42,15,15,0.0061134904,0.1996643977,15.0000000000,15.4670599862,1.0000000000,0.1328000000,225.9036144578
1684,14,86,1,14,14,0,0,85,15,40,14,14,0.0053531115,0.1943112862,14.0000000000,15.4289584602,1.0000000000,0.1240000000,225.8064516129
1685,14,86,1,14,13,1,0,85,15,39,13,13,0.0052551089,0.1890561773,14.0000000000,15.3850238830,0.9285714286,0.1160000000,224.1379310345
1686,13,87,0,13,13,0,13,85,3,15,13,13,0.0023410412,0.1867151361,0.0000000000,8.0001754896,1.0000000000,0.1064000000,244.3609022556
1687,13,87,1,13,13,0,0,85,14,36,13,13,0.0047994119,0.1819157242,13.0000000000,15.3849735072,1.0000000000,0.1152000000,225.6944444444
1688,13,87,1,13,13,0,0,85,14,36,13,13,0.0045655364,0.1773501878,13.0000000000,15.3849772572,1.0000000000,0.1152000000,225.6944444444
1689,12,88,0,12,12,0,12,85,0,0,12,12,0.0019414242,0.1754087636,0.0000000000,8.0001747409,1.0000000000,0.0960000000,250.0000000000
1690,12,88,1,12,12,0,0,85,13,33,12,12,0.0040761489,0.1713326147,12.0000000000,15.3336862618,1.0000000000,0.1064000000,225.5639097744
1691,12,88,1,12,12,0,0,85,13,33,12,12,0.0049395228,0.1663930919,12.0000000000,15.3337135096,1.0000000000,0.1064000000,225.5639097744
1692,12,88,1,12,12,0,0,85,13,33,12,12,0.0046988531,0.1616942388,12.0000000000,15.3337228651,1.0000000000,0.1064000000,225.5639097744
1693,12,88,1,12,12,0,0,85,13,33,12,12,0.0047924573,0.1569017815,12.0000000000,15.3337148773,1.0000000000,0.1064000000,225.5639097744
1694,12,88,1,12,12,0,0,85,13,33,12,12,0.0040803269,0.1528214545,12.0000000000,15.3336773337,1.0000000000,0.1064000000,225.5639097744
1695,12,88,0,12,12,0,12,85,0,0,12,12,0.0018659362,0.1509555184,0.0000000000,8.0001747409,1.0000000000,0.0960000000,250.0000000000
1696,12,88,0,12,12,0,12,85,0,0,12,12,0.0018659362,0.1490895822,0.0000000000,8.0001747409,1.0000000000,0.0960000000,250.0000000000
1697,12,88,0,12,12,0,12,85,0,0,12,12,0.0018659362,0.1472236460,0.0000000000,8.0001747409,1.0000000000,0.0960000000,250.0000000000
1698,12,88,0,12,12,0,12,85,0,0,12,12,0.0018659362,0.1453577098,0.0000000000,8.0001747409,1.0000000000,0.0960000000,250.0000000000
1699,12,88,0,12,12,0,12,85,0,0,12,12,0.0018659362,0.1434917736,0.0000000000,8.0001747409,1.0000000000,0.0960000000,250.0000000000
1700,12,88,0,12,12,0,12,85,0,0,12,12,0.0018659362,0.1416258374,0.0000000000,8.0001747409,1.0000000000,0.0960000000,250.0000000000
1701,11,89,1,12,0,12,0,86,13,33,11,11,0.0054312980,0.1361945393,1.0000000000,0.0000000000,0.0000000000,0.0984000000,0.0000000000
1702,11,89,1,11,11,0,0,86,12,30,11,11,0.0040367978,0.1321577416,11.0000000000,15.2731011930,1.0000000000,0.0976000000,225.4098360656
1703,11,89,1,11,11,0,0,86,12,30,11,11,0.0039122769,0.1282454647,11.0000000000,15.2730946021,1.0000000000,0.0976000000,225.4098360656
1704,11,89,1,11,11,0,0,86,12,30,11,11,0.0038652798,0.1243801849,11.0000000000,15.2730832718,1.0000000000,0.0976000000,225.4098360656
1705,11,89,1,11,11,0,0,86,12,30,11,11,0.0041570531,0.1202231318,11.0000000000,15.2731166134,1.0000000000,0.0976000000,225.4098360656
1706,11,89,1,11,11,0,0,86,12,30,11,11,0.0044924399,0.1157306919,11.0000000000,15.2731143261,1.0000000000,0.0976000000,225.4098360656
1707,10,90,1,11,0,11,0,86,12,30,3,3,0.0014212531,0.1143094388,1.0000000000,0.0000000000,0.0000000000,0.0336000000,0.0000000000
1708,10,90,2,10,10,0,0,86,12,34,10,10,0.0030747936,0.1112346451,5.0000000000,14.4002796308,1.0000000000,0.0896000000,223.2142857143
1709,10,90,1,10,10,0,0,86,11,27,10,10,0.0037780396,0.1074566055,10.0000000000,15.2003911139,1.0000000000,0.0888000000,225.2252252252
1710,10,90,1,10,10,0,0,86,11,27,10,10,0.0035813758,0.1038752298,10.0000000000,15.2003400676,1.0000000000,0.0888000000,225.2252252252
1711,10,90,1,10,10,0,0,86,11,27,10,10,0.0042371425,0.0996380873,10.0000000000,15.2003928841,1.0000000000,0.0888000000,225.2252252252
1712,10,90,0,10,10,0,10,86,0,0,10,10,0.0015624511,0.0980756362,0.0000000000,8.0001757824,1.0000000000,0.0800000000,250.0000000000
1713,10,90,0,10,10,0,10,86,0,0,10,10,0.0015624511,0.0965131851,0.0000000000,8.0001757824,1.0000000000,0.0800000000,250.0000000000
1714,10,90,0,10,10,0,10,86,0,0,10,10,0.0015624511,0.0949507340,0.0000000000,8.0001757824,1.0000000000,0.0800000000,250.0000000000
1715,10,90,0,10,10,0,10,86,0,0,10,10,0.0015624511,0.0933882828,0.0000000000,8.0001757824,1.0000000000,0.0800000000,250.0000000000
1716,10,90,0,10,10,0,10,86,0,0,10,10,0.0015624511,0.0918258317,0.0000000000,8.0001757824,1.0000000000,0.0800000000,250.0000000000
1717,10,90,0,10,10,0,10,86,0,0,10,10,0.0015624511,0.0902633806,0.0000000000,8.0001757824,1.0000000000,0.0800000000,250.0000000000
1718,9,91,0,10,9,1,10,86,0,0,9,9,0.0015276985,0.0887356822,0.0000000000,8.0001743684,0.9000000000,0.0720000000,250.0000000000
1719,9,91,0,9,9,0,9,86,0,0,9,9,0.0013984875,0.0873371947,0.0000000000,8.0001743684,1.0000000000,0.0720000000,250.0000000000
1720,8,92,0,9,8,1,9,86,0,0,8,8,0.0012601139,0.0860770808,0.0000000000,8.0001737806,0.8888888889,0.0640000000,250.0000000000
1721,8,92,2,8,8,0,0,87,10,26,8,8,0.0028982661,0.0831788147,4.0000000000,14.0003340147,1.0000000000,0.0720000000,222.2222222222
1722,7,93,1,8,0,8,0,87,9,21,1,1,0.0009957127,0.0821831020,1.0000000000,0.0000000000,0.0000000000,0.0152000000,0.0000000000
1723,7,93,1,7,7,0,0,87,8,18,7,7,0.0026787889,0.0795043131,7.0000000000,14.8575287917,1.0000000000,0.0624000000,224.3589743590
1724,7,93,1,7,7,0,0,87,8,18,7,7,0.0028224878,0.0766818254,7.0000000000,14.8575400025,1.0000000000,0.0624000000,224.3589743590
1725,7,93,1,7,7,0,0,87,8,18,7,7,0.0029255960,0.0737562293,7.0000000000,14.8575188358,1.0000000000,0.0624000000,224.3589743590
1726,7,93,1,7,7,0,0,87,8,18,7,7,0.0023849438,0.0713712855,7.0000000000,14.8574939483,1.0000000000,0.0624000000,224.3589743590
1727,7,93,1,7,7,0,0,87,8,18,7,7,0.0028322073,0.0685390782,7.0000000000,14.8575103979,1.0000000000,0.0624000000,224.3589743590
1728,7,93,0,7,7,0,7,87,0,0,7,7,0.0010989184,0.0674401598,0.0000000000,8.0001768237,1.0000000000,0.0560000000,250.0000000000
1729,7,93,0,7,7,0,7,87,0,0,7,7,0.0010989184,0.0663412414,0.0000000000,8.0001768237,1.0000000000,0.0560000000,250.0000000000
1730,7,93,0,7,7,0,7,87,0,0,7,7,0.0010989184,0.0652423230,0.0000000000,8.0001768237,1.0000000000,0.0560000000,250.0000000000
1731,7,93,0,7,7,0,7,87,0,0,7,7,0.0010989184,0.0641434047,0.0000000000,8.0001768237,1.0000000000,0.0560000000,250.0000000000
1732,6,94,0,7,6,1,7,87,0,0,6,6,0.0009886504,0.0631547542,0.0000000000,8.0001817450,0.8571428571,0.0480000000,250.0000000000
1733,6,94,0,6,6,0,6,87,0,0,6,6,0.0009598655,0.0621948888,0.0000000000,8.0001817450,1.0000000000,0.0480000000,250.0000000000
1734,6,94,0,6,6,0,6,87,0,0,6,6,0.0009598655,0.0612350233,0.0000000000,8.0001817450,1.0000000000,0.0480000000,250.0000000000
1735,6,94,0,6,6,0,6,87,0,0,6,6,0.0009598655,0.0602751578,0.0000000000,8.0001817450,1.0000000000,0.0480000000,250.0000000000
1736,5,95,0,6,5,1,6,87,0,0,5,5,0.0009219269,0.0593532309,0.0000000000,8.0001766134,0.8333333333,0.0400000000,250.0000000000
1737,5,95,0,5,5,0,5,87,0,0,5,5,0.0007824365,0.0585707944,0.0000000000,8.0001766134,1.0000000000,0.0400000000,250.0000000000
1738,5,95,0,5,5,0,5,87,0,0,5,5,0.0007824365,0.0577883580,0.0000000000,8.0001766134,1.0000000000,0.0400000000,250.0000000000
1739,5,95,0,5,5,0,5,87,0,0,5,5,0.0007824365,0.0570059215,0.0000000000,8.0001766134,1.0000000000,0.0400000000,250.0000000000
1740,5,95,0,5,5,0,5,87,0,0,5,5,0.0007824365,0.0562234850,0.0000000000,8.0001766134,1.0000000000,0.0400000000,250.0000000000
1741,5,95,1,5,5,0,0,88,6,12,5,5,0.0018981585,0.0543253265,5.0000000000,14.4003600112,1.0000000000,0.0448000000,223.2142857143
1742,5,95,1,5,5,0,0,88,6,12,5,5,0.0019876198,0.0523377067,5.0000000000,14.4003561313,1.0000000000,0.0448000000,223.2142857143
1743,5,95,1,5,5,0,0,88,6,12,5,5,0.0016558208,0.0506818859,5.0000000000,14.4003284606,1.0000000000,0.0448000000,223.2142857143
1744,5,95,1,5,5,0,0,88,6,12,5,5,0.0019982488,0.0486836371,5.0000000000,14.4004013797,1.0000000000,0.0448000000,223.2142857143
1745,5,95,1,5,5,0,0,88,6,12,5,5,0.0021085009,0.0465751362,5.0000000000,14.4003873840,1.0000000000,0.0448000000,223.2142857143
1746,5,95,0,5,5,0,5,88,0,0,5,5,0.0007824365,0.0457926997,0.0000000000,8.0001766134,1.0000000000,0.0400000000,250.0000000000
1747,5,95,0,5,5,0,5,88,0,0,5,5,0.0007824365,0.0450102632,0.0000000000,8.0001766134,1.0000000000,0.0400000000,250.0000000000
1748,5,95,0,5,5,0,5,88,0,0,5,5,0.0007824365,0.0442278267,0.0000000000,8.0001766134,1.0000000000,0.0400000000,250.0000000000
1749,5,95,0,5,5,0,5,88,0,0,5,5,0.0007824365,0.0434453902,0.0000000000,8.0001766134,1.0000000000,0.0400000000,250.0000000000
1750,5,95,0,5,5,0,5,88,0,0,5,5,0.0007824365,0.0426629537,0.0000000000,8.0001766134,1.0000000000,0.0400000000,250.0000000000
1751,4,96,0,5,4,1,5,88,0,0,4,4,0.0007768463,0.0418861074,0.0000000000,8.0001713300,0.8000000000,0.0320000000,250.0000000000
1752,4,96,0,4,4,0,4,88,0,0,4,4,0.0006120496,0.0412740578,0.0000000000,8.0001713300,1.0000000000,0.0320000000,250.0000000000
1753,4,96,0,4,4,0,4,88,0,0,4,4,0.0006120496,0.0406620082,0.0000000000,8.0001713300,1.0000000000,0.0320000000,250.0000000000
1754,4,96,0,4,4,0,4,88,0,0,4,4,0.0006120496,0.0400499586,0.0000000000,8.0001713300,1.0000000000,0.0320000000,250.0000000000
1755,4,96,0,4,4,0,4,88,0,0,4,4,0.0006120496,0.0394379089,0.0000000000,8.0001713300,1.0000000000,0.0320000000,250.0000000000
1756,4,96,0,4,4,0,4,88,0,0,4,4,0.0006120496,0.0388258593,0.0000000000,8.0001713300,1.0000000000,0.0320000000,250.0000000000
1757,4,96,0,4,4,0,4,88,0,0,4,4,0.0006120496,0.0382138097,0.0000000000,8.0001713300,1.0000000000,0.0320000000,250.0000000000
1758,4,96,0,4,4,0,4,88,0,0,4,4,0.0006120496,0.0376017600,0.0000000000,8.0001713300,1.0000000000,0.0320000000,250.0000000000
1759,4,96,0,4,4,0,4,88,0,0,4,4,0.0006120496,0.0369897104,0.0000000000,8.0001713300,1.0000000000,0.0320000000,250.0000000000
1760,4,96,0,4,4,0,4,88,0,0,4,4,0.0006120496,0.0363776608,0.0000000000,8.0001713300,1.0000000000,0.0320000000,250.0000000000
1761,4,96,1,4,4,0,0,89,5,9,4,4,0.0013046090,0.0350730518,4.0000000000,14.0003117929,1.0000000000,0.0360000000,222.2222222222
1762,4,96,1,4,4,0,0,89,5,9,4,4,0.0014412900,0.0336317618,4.0000000000,14.0003261989,1.0000000000,0.0360000000,222.2222222222
1763,4,96,1,4,4,0,0,89,5,9,4,4,0.0018181579,0.0318136039,4.0000000000,14.0004069390,1.0000000000,0.0360000000,222.2222222222
1764,4,96,1,4,4,0,0,89,5,9,4,4,0.0014163997,0.0303972042,4.0000000000,14.0003191819,1.0000000000,0.0360000000,222.2222222222
1765,4,96,0,4,4,0,4,89,0,0,4,4,0.0006120496,0.0297851546,0.0000000000,8.0001713300,1.0000000000,0.0320000000,250.0000000000
1766,4,96,0,4,4,0,4,89,0,0,4,4,0.0006120496,0.0291731049,0.0000000000,8.0001713300,1.0000000000,0.0320000000,250.0000000000
1767,4,96,0,4,4,0,4,89,0,0,4,4,0.0006120496,0.0285610553,0.0000000000,8.0001713300,1.0000000000,0.0320000000,250.0000000000
1768,4,96,0,4,4,0,4,89,0,0,4,4,0.0006120496,0.0279490057,0.0000000000,8.0001713300,1.0000000000,0.0320000000,250.0000000000
1769,4,96,0,4,4,0,4,89,0,0,4,4,0.0006120496,0.0273369560,0.0000000000,8.0001713300,1.0000000000,0.0320000000,250.0000000000
1770,4,96,0,4,4,0,4,89,0,0,4,4,0.0006120496,0.0267249064,0.0000000000,8.0001713300,1.0000000000,0.0320000000,250.0000000000
1771,4,96,0,4,4,0,4,89,0,0,4,4,0.0006120496,0.0261128568,0.0000000000,8.0001713300,1.0000000000,0.0320000000,250.0000000000
1772,4,96,0,4,4,0,4,89,0,0,4,4,0.0006120496,0.0255008071,0.0000000000,8.0001713300,1.0000000000,0.0320000000,250.0000000000
1773,4,96,0,4,4,0,4,89,0,0,4,4,0.0006120496,0.0248887575,0.0000000000,8.0001713300,1.0000000000,0.0320000000,250.0000000000
1774,4,96,0,4,4,0,4,89,0,0,4,4,0.0006120496,0.0242767079,0.0000000000,8.0001713300,1.0000000000,0.0320000000,250.0000000000
1775,4,96,0,4,4,0,4,89,0,0,4,4,0.0006120496,0.0236646582,0.0000000000,8.0001713300,1.0000000000,0.0320000000,250.0000000000
1776,4,96,0,4,4,0,4,89,0,0,4,4,0.0006120496,0.0230526086,0.0000000000,8.0001713300,1.0000000000,0.0320000000,250.0000000000
1777,4,96,0,4,4,0,4,89,0,0,4,4,0.0006120496,0.0224405590,0.0000000000,8.0001713300,1.0000000000,0.0320000000,250.0000000000
1778,4,96,0,4,4,0,4,89,0,0,4,4,0.0006120496,0.0218285093,0.0000000000,8.0001713300,1.0000000000,0.0320000000,250.0000000000
1779,4,96,0,4,4,0,4,89,0,0,4,4,0.0006120496,0.0212164597,0.0000000000,8.0001713300,1.0000000000,0.0320000000,250.0000000000
1780,4,96,0,4,4,0,4,89,0,0,4,4,0.0006120496,0.0206044101,0.0000000000,8.0001713300,1.0000000000,0.0320000000,250.0000000000
1781,4,96,1,4,4,0,0,90,5,9,4,4,0.0014163997,0.0191880104,4.0000000000,14.0003191819,1.0000000000,0.0360000000,222.2222222222
1782,4,96,1,4,4,0,0,90,5,9,4,4,0.0018181579,0.0173698525,4.0000000000,14.0004069390,1.0000000000,0.0360000000,222.2222222222
1783,4,96,1,4,4,0,0,90,5,9,4,4,0.0014412900,0.0159285625,4.0000000000,14.0003261989,1.0000000000,0.0360000000,222.2222222222
1784,4,96,1,4,3,1,0,90,5,9,3,3,0.0009414640,0.0149870985,4.0000000000,13.3335954816,0.7500000000,0.0280000000,214.2857142857
1785,3,97,0,4,3,1,4,90,0,0,3,3,0.0005375344,0.0144495641,0.0000000000,8.0001729661,0.7500000000,0.0240000000,250.0000000000
1786,2,98,0,3,2,1,3,90,0,0,2,2,0.0003636187,0.0140859454,0.0000000000,8.0001749288,0.6666666667,0.0160000000,250.0000000000
1787,2,98,0,2,2,0,2,90,0,0,2,2,0.0003107618,0.0137751836,0.0000000000,8.0001749288,1.0000000000,0.0160000000,250.0000000000
1788,2,98,0,2,2,0,2,90,0,0,2,2,0.0003107618,0.0134644217,0.0000000000,8.0001749288,1.0000000000,0.0160000000,250.0000000000
1789,2,98,0,2,2,0,2,90,0,0,2,2,0.0003107618,0.0131536599,0.0000000000,8.0001749288,1.0000000000,0.0160000000,250.0000000000
1790,2,98,0,2,2,0,2,90,0,0,2,2,0.0003107618,0.0128428980,0.0000000000,8.0001749288,1.0000000000,0.0160000000,250.0000000000
1791,2,98,0,2,2,0,2,90,0,0,2,2,0.0003107618,0.0125321362,0.0000000000,8.0001749288,1.0000000000,0.0160000000,250.0000000000
1792,2,98,0,2,2,0,2,90,0,0,2,2,0.0003107618,0.0122213743,0.0000000000,8.0001749288,1.0000000000,0.0160000000,250.0000000000
1793,2,98,0,2,2,0,2,90,0,0,2,2,0.0003107618,0.0119106125,0.0000000000,8.0001749288,1.0000000000,0.0160000000,250.0000000000
1794,2,98,0,2,2,0,2,90,0,0,2,2,0.0003107618,0.0115998507,0.0000000000,8.0001749288,1.0000000000,0.0160000000,250.0000000000
1795,2,98,0,2,2,0,2,90,0,0,2,2,0.0003107618,0.0112890888,0.0000000000,8.0001749288,1.0000000000,0.0160000000,250.0000000000
1796,2,98,0,2,2,0,2,90,0,0,2,2,0.0003107618,0.0109783270,0.0000000000,8.0001749288,1.0000000000,0.0160000000,250.0000000000
1797,2,98,0,2,2,0,2,90,0,0,2,2,0.0003107618,0.0106675651,0.0000000000,8.0001749288,1.0000000000,0.0160000000,250.0000000000
1798,2,98,0,2,2,0,2,90,0,0,2,2,0.0003107618,0.0103568033,0.0000000000,8.0001749288,1.0000000000,0.0160000000,250.0000000000
1799,2,98,0,2,2,0,2,90,0,0,2,2,0.0003107618,0.0100460415,0.0000000000,8.0001749288,1.0000000000,0.0160000000,250.0000000000
1800,2,98,0,2,2,0,2,90,0,0,2,2,0.0003107618,0.0097352796,0.0000000000,8.0001749288,1.0000000000,0.0160000000,250.0000000000
1801,2,98,1,2,2,0,0,91,3,3,2,2,0.0005604026,0.0091748770,2.0000000000,12.0002200992,1.0000000000,0.0184000000,217.3913043478
1802,2,98,1,2,2,0,0,91,3,3,2,2,0.0005766833,0.0085981937,2.0000000000,12.0002459520,1.0000000000,0.0184000000,217.3913043478
1803,2,98,0,2,2,0,2,91,0,0,2,2,0.0003107618,0.0082874319,0.0000000000,8.0001749288,1.0000000000,0.0160000000,250.0000000000
1804,2,98,0,2,2,0,2,91,0,0,2,2,0.0003107618,0.0079766701,0.0000000000,8.0001749288,1.0000000000,0.0160000000,250.0000000000
1805,2,98,0,2,2,0,2,91,0,0,2,2,0.0003107618,0.0076659082,0.0000000000,8.0001749288,1.0000000000,0.0160000000,250.0000000000
1806,2,98,0,2,2,0,2,91,0,0,2,2,0.0003107618,0.0073551464,0.0000000000,8.0001749288,1.0000000000,0.0160000000,250.0000000000
1807,2,98,0,2,2,0,2,91,0,0,2,2,0.0003107618,0.0070443845,0.0000000000,8.0001749288,1.0000000000,0.0160000000,250.0000000000
1808,2,98,0,2,2,0,2,91,0,0,2,2,0.0003107618,0.0067336227,0.0000000000,8.0001749288,1.0000000000,0.0160000000,250.0000000000
1809,2,98,0,2,2,0,2,91,0,0,2,2,0.0003107618,0.0064228608,0.0000000000,8.0001749288,1.0000000000,0.0160000000,250.0000000000
1810,2,98,0,2,2,0,2,91,0,0,2,2,0.0003107618,0.0061120990,0.0000000000,8.0001749288,1.0000000000,0.0160000000,250.0000000000
1811,2,98,0,2,2,0,2,91,0,0,2,2,0.0003107618,0.0058013372,0.0000000000,8.0001749288,1.0000000000,0.0160000000,250.0000000000
1812,2,98,0,2,2,0,2,91,0,0,2,2,0.0003107618,0.0054905753,0.0000000000,8.0001749288,1.0000000000,0.0160000000,250.0000000000
1813,2,98,0,2,2,0,2,91,0,0,2,2,0.0003107618,0.0051798135,0.0000000000,8.0001749288,1.0000000000,0.0160000000,250.0000000000
1814,2,98,0,2,2,0,2,91,0,0,2,2,0.0003107618,0.0048690516,0.0000000000,8.0001749288,1.0000000000,0.0160000000,250.0000000000
1815,1,99,0,2,1,1,2,91,0,0,1,1,0.0002496905,0.0046193611,0.0000000000,8.0001878552,0.5000000000,0.0080000000,250.0000000000
1816,1,99,0,1,1,0,1,91,0,0,1,1,0.0001635212,0.0044558399,0.0000000000,8.0001878552,1.0000000000,0.0080000000,250.0000000000
1817,1,99,0,1,1,0,1,91,0,0,1,1,0.0001635212,0.0042923187,0.0000000000,8.0001878552,1.0000000000,0.0080000000,250.0000000000
1818,1,99,0,1,1,0,1,91,0,0,1,1,0.0001635212,0.0041287974,0.0000000000,8.0001878552,1.0000000000,0.0080000000,250.0000000000
1819,1,99,0,1,1,0,1,91,0,0,1,1,0.0001635212,0.0039652762,0.0000000000,8.0001878552,1.0000000000,0.0080000000,250.0000000000
1820,1,99,0,1,1,0,1,91,0,0,1,1,0.0001635212,0.0038017550,0.0000000000,8.0001878552,1.0000000000,0.0080000000,250.0000000000
1821,1,99,1,1,1,0,0,92,1,0,1,1,0.0002875212,0.0035142337,1.0000000000,8.0001878552,1.0000000000,0.0088000000,227.2727272727
1822,1,99,0,1,1,0,1,92,0,0,1,1,0.0001635212,0.0033507125,0.0000000000,8.0001878552,1.0000000000,0.0080000000,250.0000000000
1823,1,99,0,1,1,0,1,92,0,0,1,1,0.0001635212,0.0031871912,0.0000000000,8.0001878552,1.0000000000,0.0080000000,250.0000000000
1824,1,99,0,1,1,0,1,92,0,0,1,1,0.0001635212,0.0030236700,0.0000000000,8.0001878552,1.0000000000,0.0080000000,250.0000000000
1825,1,99,0,1,1,0,1,92,0,0,1,1,0.0001635212,0.0028601488,0.0000000000,8.0001878552,1.0000000000,0.0080000000,250.0000000000
1826,1,99,0,1,1,0,1,92,0,0,1,1,0.0001635212,0.0026966275,0.0000000000,8.0001878552,1.0000000000,0.0080000000,250.0000000000
1827,1,99,0,1,1,0,1,92,0,0,1,1,0.0001635212,0.0025331063,0.0000000000,8.0001878552,1.0000000000,0.0080000000,250.0000000000
1828,1,99,0,1,1,0,1,92,0,0,1,1,0.0001635212,0.0023695851,0.0000000000,8.0001878552,1.0000000000,0.0080000000,250.0000000000
1829,1,99,0,1,1,0,1,92,0,0,1,1,0.0001635212,0.0022060638,0.0000000000,8.0001878552,1.0000000000,0.0080000000,250.0000000000
1830,1,99,0,1,1,0,1,92,0,0,1,1,0.0001635212,0.0020425426,0.0000000000,8.0001878552,1.0000000000,0.0080000000,250.0000000000
1831,1,99,0,1,1,0,1,92,0,0,1,1,0.0001635212,0.0018790214,0.0000000000,8.0001878552,1.0000000000,0.0080000000,250.0000000000
1832,1,99,0,1,1,0,1,92,0,0,1,1,0.0001635212,0.0017155001,0.0000000000,8.0001878552,1.0000000000,0.0080000000,250.0000000000
1833,1,99,0,1,1,0,1,92,0,0,1,1,0.0001635212,0.0015519789,0.0000000000,8.0001878552,1.0000000000,0.0080000000,250.0000000000
1834,1,99,0,1,1,0,1,92,0,0,1,1,0.0001635212,0.0013884577,0.0000000000,8.0001878552,1.0000000000,0.0080000000,250.0000000000
1835,1,99,0,1,1,0,1,92,0,0,1,1,0.0001635212,0.0012249364,0.0000000000,8.0001878552,1.0000000000,0.0080000000,250.0000000000
1836,1,99,0,1,1,0,1,92,0,0,1,1,0.0001635212,0.0010614152,0.0000000000,8.0001878552,1.0000000000,0.0080000000,250.0000000000
1837,1,99,0,1,1,0,1,92,0,0,1,1,0.0001635212,0.0008978940,0.0000000000,8.0001878552,1.0000000000,0.0080000000,250.0000000000
1838,1,99,0,1,1,0,1,92,0,0,1,1,0.0001635212,0.0007343727,0.0000000000,8.0001878552,1.0000000000,0.0080000000,250.0000000000
1839,1,99,0,1,1,0,1,92,0,0,1,1,0.0001635212,0.0005708515,0.0000000000,8.0001878552,1.0000000000,0.0080000000,250.0000000000
1840,1,99,0,1,1,0,1,92,0,0,1,1,0.0001635212,0.0004073302,0.0000000000,8.0001878552,1.0000000000,0.0080000000,250.0000000000
1841,1,99,1,1,1,0,0,93,1,0,1,1,0.0002875212,0.0001198090,1.0000000000,8.0001878552,1.0000000000,0.0088000000,227.2727272727
1842,0,100,0,0,0,0,0,93,0,0,0,0,0.0001198090,0.0000000000,0.0000000000,0.0000000000,0.0000000000,0.0000000000,0.0000000000
