Round,Alive,Dead,CH_Count,Generated,Delivered,Lost,Unclustered,Was_Setup_Round,Control_TX,Control_RX,Data_TX,Data_RX,Energy_Used_J,Residual_Energy_J,Avg_Cluster_Size,Avg_Delay_ms,PDR,Round_Duration_s,Throughput_kbps,Backup_Promotions,Backup_Rejected,Proactive_Handovers,Direct_To_BS,CH_Relays
1,100,0,3,100,100,0,0,1,103,491,100,100,0.0323609318,48.4025362682,33.3333333333,12.1265696152,1.0000000000,0.9732480000,217.8273163675,0,0,0,54,0
2,100,0,3,100,100,0,0,0,0,0,100,100,0.0195056852,48.3830305830,33.3333333333,12.1265696152,1.0000000000,0.8480000000,250.0000000000,0,0,0,54,0
3,100,0,3,100,100,0,0,0,0,0,100,100,0.0195056852,48.3635248977,33.3333333333,12.1265696152,1.0000000000,0.8480000000,250.0000000000,0,0,0,54,0
4,100,0,3,100,100,0,0,0,0,0,100,100,0.0195056852,48.3440192125,33.3333333333,12.1265696152,1.0000000000,0.8480000000,250.0000000000,0,0,0,54,0
5,100,0,3,100,100,0,0,0,0,0,100,100,0.0195056852,48.3245135273,33.3333333333,12.1265696152,1.0000000000,0.8480000000,250.0000000000,0,0,0,54,0
6,100,0,11,100,100,0,0,1,111,1267,100,100,0.0500218503,48.2744916770,9.0909090909,15.6881624856,1.0000000000,0.9829760000,215.6715932027,0,0,0,4,0
7,100,0,11,100,100,0,0,0,0,0,100,100,0.0234902057,48.2510014713,9.0909090909,15.6881624856,1.0000000000,0.8480000000,250.0000000000,0,0,0,4,0
8,100,0,11,100,100,0,0,0,0,0,100,100,0.0234902057,48.2275112657,9.0909090909,15.6881624856,1.0000000000,0.8480000000,250.0000000000,0,0,0,4,0
9,100,0,11,100,100,0,0,0,0,0,100,100,0.0234902057,48.2040210600,9.0909090909,15.6881624856,1.0000000000,0.8480000000,250.0000000000,0,0,0,4,0
10,100,0,11,100,100,0,0,0,0,0,100,100,0.0234902057,48.1805308543,9.0909090909,15.6881624856,1.0000000000,0.8480000000,250.0000000000,0,0,0,4,0
11,100,0,7,100,100,0,0,1,107,879,100,100,0.0420900534,48.1384408010,14.2857142857,14.7553671503,1.0000000000,0.9781120000,216.7440947458,0,0,0,19,0
12,100,0,7,100,100,0,0,0,0,0,100,100,0.0225795743,48.1158612266,14.2857142857,14.7553671503,1.0000000000,0.8480000000,250.0000000000,0,0,0,19,0
13,100,0,7,100,100,0,0,0,0,0,100,100,0.0225795743,48.0932816523,14.2857142857,14.7553671503,1.0000000000,0.8480000000,250.0000000000,0,0,0,19,0
14,100,0,7,100,100,0,0,0,0,0,100,100,0.0225795743,48.0707020780,14.2857142857,14.7553671503,1.0000000000,0.8480000000,250.0000000000,0,0,0,19,0
15,100,0,7,100,100,0,0,0,0,0,100,100,0.0225795743,48.0481225037,14.2857142857,14.7553671503,1.0000000000,0.8480000000,250.0000000000,0,0,0,19,0
16,100,0,7,100,100,0,0,1,107,879,100,100,0.0418899970,48.0062325067,14.2857142857,14.6705627570,1.0000000000,0.9781120000,216.7440947458,0,0,0,20,0
17,100,0,7,100,100,0,0,0,0,0,100,100,0.0224246427,47.9838078640,14.2857142857,14.6705627570,1.0000000000,0.8480000000,250.0000000000,0,0,0,20,0
18,100,0,7,100,100,0,0,0,0,0,100,100,0.0224246427,47.9613832213,14.2857142857,14.6705627570,1.0000000000,0.8480000000,250.0000000000,0,0,0,20,0
19,100,0,7,100,100,0,0,0,0,0,100,100,0.0224246427,47.9389585786,14.2857142857,14.6705627570,1.0000000000,0.8480000000,250.0000000000,0,0,0,20,0
20,100,0,7,100,100,0,0,0,0,0,100,100,0.0224246427,47.9165339359,14.2857142857,14.6705627570,1.0000000000,0.8480000000,250.0000000000,0,0,0,20,0
21,100,0,6,100,100,0,0,1,106,782,100,100,0.0388113555,47.8777225804,16.6666666667,13.7377682335,1.0000000000,0.9768960000,217.0138888889,0,0,0,32,0
22,100,0,6,100,100,0,0,0,0,0,100,100,0.0210936960,47.8566288844,16.6666666667,13.7377682335,1.0000000000,0.8480000000,250.0000000000,0,0,0,32,0
23,100,0,6,100,100,0,0,0,0,0,100,100,0.0210936960,47.8355351884,16.6666666667,13.7377682335,1.0000000000,0.8480000000,250.0000000000,0,0,0,32,0
24,100,0,6,100,100,0,0,0,0,0,100,100,0.0210936960,47.8144414924,16.6666666667,13.7377682335,1.0000000000,0.8480000000,250.0000000000,0,0,0,32,0
25,100,0,6,100,100,0,0,0,0,0,100,100,0.0210936960,47.7933477963,16.6666666667,13.7377682335,1.0000000000,0.8480000000,250.0000000000,0,0,0,32,0
26,100,0,7,100,100,0,0,1,107,879,100,100,0.0426019188,47.7507458775,14.2857142857,15.1793658398,1.0000000000,0.9781120000,216.7440947458,0,0,0,14,0
27,100,0,7,100,100,0,0,0,0,0,100,100,0.0231301912,47.7276156863,14.2857142857,15.1793658398,1.0000000000,0.8480000000,250.0000000000,0,0,0,14,0
28,100,0,7,100,100,0,0,0,0,0,100,100,0.0231301912,47.7044854951,14.2857142857,15.1793658398,1.0000000000,0.8480000000,250.0000000000,0,0,0,14,0
29,100,0,7,100,100,0,0,0,0,0,100,100,0.0231301912,47.6813553039,14.2857142857,15.1793658398,1.0000000000,0.8480000000,250.0000000000,0,0,0,14,0
30,100,0,7,100,100,0,0,0,0,0,100,100,0.0231301912,47.6582251127,14.2857142857,15.1793658398,1.0000000000,0.8480000000,250.0000000000,0,0,0,14,0
31,100,0,8,100,100,0,0,1,108,976,100,100,0.0452034848,47.6130216279,12.5000000000,15.8577556529,1.0000000000,0.9793280000,216.4749705921,0,0,0,5,0
32,100,0,8,100,100,0,0,0,0,0,100,100,0.0239773237,47.5890443042,12.5000000000,15.8577556529,1.0000000000,0.8480000000,250.0000000000,0,0,0,5,0
33,100,0,8,100,100,0,0,0,0,0,100,100,0.0239773237,47.5650669805,12.5000000000,15.8577556529,1.0000000000,0.8480000000,250.0000000000,0,0,0,5,0
34,100,0,8,100,100,0,0,0,0,0,100,100,0.0239773237,47.5410896568,12.5000000000,15.8577556529,1.0000000000,0.8480000000,250.0000000000,0,0,0,5,0
35,100,0,8,100,100,0,0,0,0,0,100,100,0.0239773237,47.5171123331,12.5000000000,15.8577556529,1.0000000000,0.8480000000,250.0000000000,0,0,0,5,0
36,100,0,6,100,100,0,0,1,106,782,100,100,0.0400260757,47.4770862573,16.6666666667,14.9249752403,1.0000000000,0.9768960000,217.0138888889,0,0,0,18,0
37,100,0,6,100,100,0,0,0,0,0,100,100,0.0224042558,47.4546820015,16.6666666667,14.9249752403,1.0000000000,0.8480000000,250.0000000000,0,0,0,18,0
38,100,0,6,100,100,0,0,0,0,0,100,100,0.0224042558,47.4322777458,16.6666666667,14.9249752403,1.0000000000,0.8480000000,250.0000000000,0,0,0,18,0
39,100,0,6,100,100,0,0,0,0,0,100,100,0.0224042558,47.4098734900,16.6666666667,14.9249752403,1.0000000000,0.8480000000,250.0000000000,0,0,0,18,0
40,100,0,6,100,100,0,0,0,0,0,100,100,0.0224042558,47.3874692342,16.6666666667,14.9249752403,1.0000000000,0.8480000000,250.0000000000,0,0,0,18,0
41,100,0,6,100,100,0,0,1,106,782,100,100,0.0397470376,47.3477221966,16.6666666667,14.4161809014,1.0000000000,0.9768960000,217.0138888889,0,0,0,24,0
42,100,0,6,100,100,0,0,0,0,0,100,100,0.0220450101,47.3256771865,16.6666666667,14.4161809014,1.0000000000,0.8480000000,250.0000000000,0,0,0,24,0
43,100,0,6,100,100,0,0,0,0,0,100,100,0.0220450101,47.3036321763,16.6666666667,14.4161809014,1.0000000000,0.8480000000,250.0000000000,0,0,0,24,0
44,100,0,6,100,100,0,0,0,0,0,100,100,0.0220450101,47.2815871662,16.6666666667,14.4161809014,1.0000000000,0.8480000000,250.0000000000,0,0,0,24,0
45,100,0,6,100,100,0,0,0,0,0,100,100,0.0220450101,47.2595421560,16.6666666667,14.4161809014,1.0000000000,0.8480000000,250.0000000000,0,0,0,24,0
46,100,0,7,100,100,0,0,1,107,879,100,100,0.0414403063,47.2181018497,14.2857142857,14.6705793447,1.0000000000,0.9781120000,216.7440947458,0,0,0,20,0
47,100,0,7,100,100,0,0,0,0,0,100,100,0.0220160689,47.1960857808,14.2857142857,14.6705793447,1.0000000000,0.8480000000,250.0000000000,0,0,0,20,0
48,100,0,7,100,100,0,0,0,0,0,100,100,0.0220160689,47.1740697119,14.2857142857,14.6705793447,1.0000000000,0.8480000000,250.0000000000,0,0,0,20,0
49,100,0,7,100,100,0,0,0,0,0,100,100,0.0220160689,47.1520536431,14.2857142857,14.6705793447,1.0000000000,0.8480000000,250.0000000000,0,0,0,20,0
50,100,0,7,100,100,0,0,0,0,0,100,100,0.0220160689,47.1300375742,14.2857142857,14.6705793447,1.0000000000,0.8480000000,250.0000000000,0,0,0,20,0
51,100,0,6,100,100,0,0,1,106,782,100,100,0.0423002957,47.0877372785,16.6666666667,15.9425670854,1.0000000000,0.9768960000,217.0138888889,0,0,0,6,0
52,100,0,6,100,100,0,0,0,0,0,100,100,0.0245826368,47.0631546418,16.6666666667,15.9425670854,1.0000000000,0.8480000000,250.0000000000,0,0,0,6,0
53,100,0,6,100,100,0,0,0,0,0,100,100,0.0245826368,47.0385720050,16.6666666667,15.9425670854,1.0000000000,0.8480000000,250.0000000000,0,0,0,6,0
54,100,0,6,100,100,0,0,0,0,0,100,100,0.0245826368,47.0139893682,16.6666666667,15.9425670854,1.0000000000,0.8480000000,250.0000000000,0,0,0,6,0
55,100,0,6,100,100,0,0,0,0,0,100,100,0.0245826368,46.9894067314,16.6666666667,15.9425670854,1.0000000000,0.8480000000,250.0000000000,0,0,0,6,0
56,100,0,5,100,100,0,0,1,105,685,100,100,0.0395863342,46.9498203972,20.0000000000,15.4337765942,1.0000000000,0.9756800000,217.2843555264,0,0,0,13,0
57,100,0,5,100,100,0,0,0,0,0,100,100,0.0236720086,46.9261483886,20.0000000000,15.4337765942,1.0000000000,0.8480000000,250.0000000000,0,0,0,13,0
58,100,0,5,100,100,0,0,0,0,0,100,100,0.0236720086,46.9024763800,20.0000000000,15.4337765942,1.0000000000,0.8480000000,250.0000000000,0,0,0,13,0
59,100,0,5,100,100,0,0,0,0,0,100,100,0.0236720086,46.8788043714,20.0000000000,15.4337765942,1.0000000000,0.8480000000,250.0000000000,0,0,0,13,0
60,100,0,5,100,100,0,0,0,0,0,100,100,0.0236720086,46.8551323629,20.0000000000,15.4337765942,1.0000000000,0.8480000000,250.0000000000,0,0,0,13,0
61,100,0,4,100,100,0,0,1,104,588,100,100,0.0379429931,46.8171893698,25.0000000000,15.5185743846,1.0000000000,0.9744640000,217.5554971759,0,0,0,13,0
62,100,0,4,100,100,0,0,0,0,0,100,100,0.0238254653,46.7933639045,25.0000000000,15.5185743846,1.0000000000,0.8480000000,250.0000000000,0,0,0,13,0
63,100,0,4,100,100,0,0,0,0,0,100,100,0.0238254653,46.7695384392,25.0000000000,15.5185743846,1.0000000000,0.8480000000,250.0000000000,0,0,0,13,0
64,100,0,4,100,100,0,0,0,0,0,100,100,0.0238254653,46.7457129738,25.0000000000,15.5185743846,1.0000000000,0.8480000000,250.0000000000,0,0,0,13,0
65,100,0,4,100,100,0,0,0,0,0,100,100,0.0238254653,46.7218875085,25.0000000000,15.5185743846,1.0000000000,0.8480000000,250.0000000000,0,0,0,13,0
66,100,0,5,100,100,0,0,1,105,685,100,100,0.0382329947,46.6836545138,20.0000000000,14.4161609577,1.0000000000,0.9756800000,217.2843555264,0,0,0,25,0
67,100,0,5,100,100,0,0,0,0,0,100,100,0.0222602343,46.6613942794,20.0000000000,14.4161609577,1.0000000000,0.8480000000,250.0000000000,0,0,0,25,0
68,100,0,5,100,100,0,0,0,0,0,100,100,0.0222602343,46.6391340451,20.0000000000,14.4161609577,1.0000000000,0.8480000000,250.0000000000,0,0,0,25,0
69,100,0,5,100,100,0,0,0,0,0,100,100,0.0222602343,46.6168738108,20.0000000000,14.4161609577,1.0000000000,0.8480000000,250.0000000000,0,0,0,25,0
70,100,0,5,100,100,0,0,0,0,0,100,100,0.0222602343,46.5946135765,20.0000000000,14.4161609577,1.0000000000,0.8480000000,250.0000000000,0,0,0,25,0
71,100,0,1,100,100,0,0,1,101,297,100,100,0.0286120857,46.5660014909,100.0000000000,11.5329441306,1.0000000000,0.9708160000,218.3729975608,0,0,0,63,0
72,100,0,1,100,100,0,0,0,0,0,100,100,0.0193598434,46.5466416474,100.0000000000,11.5329441306,1.0000000000,0.8480000000,250.0000000000,0,0,0,63,0
73,100,0,1,100,100,0,0,0,0,0,100,100,0.0193598434,46.5272818040,100.0000000000,11.5329441306,1.0000000000,0.8480000000,250.0000000000,0,0,0,63,0
74,100,0,1,100,100,0,0,0,0,0,100,100,0.0193598434,46.5079219606,100.0000000000,11.5329441306,1.0000000000,0.8480000000,250.0000000000,0,0,0,63,0
75,100,0,1,100,100,0,0,0,0,0,100,100,0.0193598434,46.4885621172,100.0000000000,11.5329441306,1.0000000000,0.8480000000,250.0000000000,0,0,0,63,0
76,100,0,1,100,100,0,0,1,101,297,100,100,0.0288131113,46.4597490059,100.0000000000,11.6177416640,1.0000000000,0.9708160000,218.3729975608,0,0,0,62,0
77,100,0,1,100,100,0,0,0,0,0,100,100,0.0196638756,46.4400851303,100.0000000000,11.6177416640,1.0000000000,0.8480000000,250.0000000000,0,0,0,62,0
78,100,0,1,100,100,0,0,0,0,0,100,100,0.0196638756,46.4204212546,100.0000000000,11.6177416640,1.0000000000,0.8480000000,250.0000000000,0,0,0,62,0
79,100,0,1,100,100,0,0,0,0,0,100,100,0.0196638756,46.4007573790,100.0000000000,11.6177416640,1.0000000000,0.8480000000,250.0000000000,0,0,0,62,0
80,100,0,1,100,100,0,0,0,0,0,100,100,0.0196638756,46.3810935033,100.0000000000,11.6177416640,1.0000000000,0.8480000000,250.0000000000,0,0,0,62,0
81,100,0,3,100,100,0,0,1,103,491,100,100,0.0330582414,46.3480352619,33.3333333333,12.6353628608,1.0000000000,0.9732480000,217.8273163675,0,0,0,48,0
82,100,0,3,100,100,0,0,0,0,0,100,100,0.0204206504,46.3276146115,33.3333333333,12.6353628608,1.0000000000,0.8480000000,250.0000000000,0,0,0,48,0
83,100,0,3,100,100,0,0,0,0,0,100,100,0.0204206504,46.3071939610,33.3333333333,12.6353628608,1.0000000000,0.8480000000,250.0000000000,0,0,0,48,0
84,100,0,3,100,100,0,0,0,0,0,100,100,0.0204206504,46.2867733106,33.3333333333,12.6353628608,1.0000000000,0.8480000000,250.0000000000,0,0,0,48,0
85,100,0,3,100,100,0,0,0,0,0,100,100,0.0204206504,46.2663526602,33.3333333333,12.6353628608,1.0000000000,0.8480000000,250.0000000000,0,0,0,48,0
86,100,0,3,100,100,0,0,1,103,491,100,100,0.0320833831,46.2342692771,33.3333333333,12.1265529807,1.0000000000,0.9732480000,217.8273163675,0,0,0,54,0
87,100,0,3,100,100,0,0,0,0,0,100,100,0.0193503359,46.2149189412,33.3333333333,12.1265529807,1.0000000000,0.8480000000,250.0000000000,0,0,0,54,0
88,100,0,3,100,100,0,0,0,0,0,100,100,0.0193503359,46.1955686053,33.3333333333,12.1265529807,1.0000000000,0.8480000000,250.0000000000,0,0,0,54,0
89,100,0,3,100,100,0,0,0,0,0,100,100,0.0193503359,46.1762182693,33.3333333333,12.1265529807,1.0000000000,0.8480000000,250.0000000000,0,0,0,54,0
90,100,0,3,100,100,0,0,0,0,0,100,100,0.0193503359,46.1568679334,33.3333333333,12.1265529807,1.0000000000,0.8480000000,250.0000000000,0,0,0,54,0
91,100,0,3,100,100,0,0,1,103,491,100,100,0.0346060233,46.1222619101,33.3333333333,13.3985532776,1.0000000000,0.9732480000,217.8273163675,0,0,0,39,0
92,100,0,3,100,100,0,0,0,0,0,100,100,0.0220682651,46.1001936450,33.3333333333,13.3985532776,1.0000000000,0.8480000000,250.0000000000,0,0,0,39,0
93,100,0,3,100,100,0,0,0,0,0,100,100,0.0220682651,46.0781253799,33.3333333333,13.3985532776,1.0000000000,0.8480000000,250.0000000000,0,0,0,39,0
94,100,0,3,100,100,0,0,0,0,0,100,100,0.0220682651,46.0560571148,33.3333333333,13.3985532776,1.0000000000,0.8480000000,250.0000000000,0,0,0,39,0
95,100,0,3,100,100,0,0,0,0,0,100,100,0.0220682651,46.0339888497,33.3333333333,13.3985532776,1.0000000000,0.8480000000,250.0000000000,0,0,0,39,0
96,100,0,1,100,100,0,0,1,101,297,100,100,0.0273303305,46.0066585192,100.0000000000,9.5825468140,1.0000000000,0.9708160000,218.3729975608,0,0,0,86,0
97,100,0,1,100,100,0,0,0,0,0,100,100,0.0166075462,45.9900509730,100.0000000000,9.5825468140,1.0000000000,0.8480000000,250.0000000000,0,0,0,86,0
98,100,0,1,100,100,0,0,0,0,0,100,100,0.0166075462,45.9734434267,100.0000000000,9.5825468140,1.0000000000,0.8480000000,250.0000000000,0,0,0,86,0
99,100,0,1,100,100,0,0,0,0,0,100,100,0.0166075462,45.9568358805,100.0000000000,9.5825468140,1.0000000000,0.8480000000,250.0000000000,0,0,0,86,0
100,100,0,1,100,100,0,0,0,0,0,100,100,0.0166075462,45.9402283343,100.0000000000,9.5825468140,1.0000000000,0.8480000000,250.0000000000,0,0,0,86,0
101,100,0,6,100,100,0,0,1,106,782,100,100,0.0410210601,45.8992072741,16.6666666667,15.5185635225,1.0000000000,0.9768960000,217.0138888889,0,0,0,11,0
102,100,0,6,100,100,0,0,0,0,0,100,100,0.0233934242,45.8758138499,16.6666666667,15.5185635225,1.0000000000,0.8480000000,250.0000000000,0,0,0,11,0
103,100,0,6,100,100,0,0,0,0,0,100,100,0.0233934242,45.8524204257,16.6666666667,15.5185635225,1.0000000000,0.8480000000,250.0000000000,0,0,0,11,0
104,100,0,6,100,100,0,0,0,0,0,100,100,0.0233934242,45.8290270015,16.6666666667,15.5185635225,1.0000000000,0.8480000000,250.0000000000,0,0,0,11,0
105,100,0,6,100,100,0,0,0,0,0,100,100,0.0233934242,45.8056335773,16.6666666667,15.5185635225,1.0000000000,0.8480000000,250.0000000000,0,0,0,11,0
106,100,0,7,100,100,0,0,1,107,879,100,100,0.0440376480,45.7615959293,14.2857142857,15.8577637960,1.0000000000,0.9781120000,216.7440947458,0,0,0,6,0
107,100,0,7,100,100,0,0,0,0,0,100,100,0.0245363348,45.7370595946,14.2857142857,15.8577637960,1.0000000000,0.8480000000,250.0000000000,0,0,0,6,0
108,100,0,7,100,100,0,0,0,0,0,100,100,0.0245363348,45.7125232598,14.2857142857,15.8577637960,1.0000000000,0.8480000000,250.0000000000,0,0,0,6,0
109,100,0,7,100,100,0,0,0,0,0,100,100,0.0245363348,45.6879869250,14.2857142857,15.8577637960,1.0000000000,0.8480000000,250.0000000000,0,0,0,6,0
110,100,0,7,100,100,0,0,0,0,0,100,100,0.0245363348,45.6634505903,14.2857142857,15.8577637960,1.0000000000,0.8480000000,250.0000000000,0,0,0,6,0
111,100,0,5,100,100,0,0,1,105,685,100,100,0.0392375130,45.6242130772,20.0000000000,15.0945710966,1.0000000000,0.9756800000,217.2843555264,0,0,0,17,0
112,100,0,5,100,100,0,0,0,0,0,100,100,0.0233105311,45.6009025461,20.0000000000,15.0945710966,1.0000000000,0.8480000000,250.0000000000,0,0,0,17,0
113,100,0,5,100,100,0,0,0,0,0,100,100,0.0233105311,45.5775920150,20.0000000000,15.0945710966,1.0000000000,0.8480000000,250.0000000000,0,0,0,17,0
114,100,0,5,100,100,0,0,0,0,0,100,100,0.0233105311,45.5542814838,20.0000000000,15.0945710966,1.0000000000,0.8480000000,250.0000000000,0,0,0,17,0
115,100,0,5,100,100,0,0,0,0,0,100,100,0.0233105311,45.5309709527,20.0000000000,15.0945710966,1.0000000000,0.8480000000,250.0000000000,0,0,0,17,0
116,100,0,5,100,100,0,0,1,105,685,100,100,0.0398178690,45.4911530837,20.0000000000,15.6881670601,1.0000000000,0.9756800000,217.2843555264,0,0,0,10,0
117,100,0,5,100,100,0,0,0,0,0,100,100,0.0239334521,45.4672196316,20.0000000000,15.6881670601,1.0000000000,0.8480000000,250.0000000000,0,0,0,10,0
118,100,0,5,100,100,0,0,0,0,0,100,100,0.0239334521,45.4432861795,20.0000000000,15.6881670601,1.0000000000,0.8480000000,250.0000000000,0,0,0,10,0
119,100,0,5,100,100,0,0,0,0,0,100,100,0.0239334521,45.4193527274,20.0000000000,15.6881670601,1.0000000000,0.8480000000,250.0000000000,0,0,0,10,0
120,100,0,5,100,100,0,0,0,0,0,100,100,0.0239334521,45.3954192753,20.0000000000,15.6881670601,1.0000000000,0.8480000000,250.0000000000,0,0,0,10,0
121,100,0,5,100,100,0,0,1,105,685,100,100,0.0367189427,45.3587003325,20.0000000000,13.5681682290,1.0000000000,0.9756800000,217.2843555264,0,0,0,35,0
122,100,0,5,100,100,0,0,0,0,0,100,100,0.0207596028,45.3379407297,20.0000000000,13.5681682290,1.0000000000,0.8480000000,250.0000000000,0,0,0,35,0
123,100,0,5,100,100,0,0,0,0,0,100,100,0.0207596028,45.3171811270,20.0000000000,13.5681682290,1.0000000000,0.8480000000,250.0000000000,0,0,0,35,0
124,100,0,5,100,100,0,0,0,0,0,100,100,0.0207596028,45.2964215242,20.0000000000,13.5681682290,1.0000000000,0.8480000000,250.0000000000,0,0,0,35,0
125,100,0,5,100,100,0,0,0,0,0,100,100,0.0207596028,45.2756619214,20.0000000000,13.5681682290,1.0000000000,0.8480000000,250.0000000000,0,0,0,35,0
126,100,0,7,100,100,0,0,1,107,879,100,100,0.0421296514,45.2335322700,14.2857142857,15.0097801743,1.0000000000,0.9781120000,216.7440947458,0,0,0,16,0
127,100,0,7,100,100,0,0,0,0,0,100,100,0.0227022650,45.2108300050,14.2857142857,15.0097801743,1.0000000000,0.8480000000,250.0000000000,0,0,0,16,0
128,100,0,7,100,100,0,0,0,0,0,100,100,0.0227022650,45.1881277400,14.2857142857,15.0097801743,1.0000000000,0.8480000000,250.0000000000,0,0,0,16,0
129,100,0,7,100,100,0,0,0,0,0,100,100,0.0227022650,45.1654254750,14.2857142857,15.0097801743,1.0000000000,0.8480000000,250.0000000000,0,0,0,16,0
130,100,0,7,100,100,0,0,0,0,0,100,100,0.0227022650,45.1427232100,14.2857142857,15.0097801743,1.0000000000,0.8480000000,250.0000000000,0,0,0,16,0
131,100,0,4,100,100,0,0,1,104,588,100,100,0.0357912294,45.1069319806,25.0000000000,13.8225545843,1.0000000000,0.9744640000,217.5554971759,0,0,0,33,0
132,100,0,4,100,100,0,0,0,0,0,100,100,0.0215570299,45.0853749507,25.0000000000,13.8225545843,1.0000000000,0.8480000000,250.0000000000,0,0,0,33,0
133,100,0,4,100,100,0,0,0,0,0,100,100,0.0215570299,45.0638179209,25.0000000000,13.8225545843,1.0000000000,0.8480000000,250.0000000000,0,0,0,33,0
134,100,0,4,100,100,0,0,0,0,0,100,100,0.0215570299,45.0422608910,25.0000000000,13.8225545843,1.0000000000,0.8480000000,250.0000000000,0,0,0,33,0
135,100,0,4,100,100,0,0,0,0,0,100,100,0.0215570299,45.0207038612,25.0000000000,13.8225545843,1.0000000000,0.8480000000,250.0000000000,0,0,0,33,0
136,100,0,3,100,100,0,0,1,103,491,100,100,0.0327592596,44.9879446016,33.3333333333,12.5505622220,1.0000000000,0.9732480000,217.8273163675,0,0,0,49,0
137,100,0,3,100,100,0,0,0,0,0,100,100,0.0201737194,44.9677708822,33.3333333333,12.5505622220,1.0000000000,0.8480000000,250.0000000000,0,0,0,49,0
138,100,0,3,100,100,0,0,0,0,0,100,100,0.0201737194,44.9475971628,33.3333333333,12.5505622220,1.0000000000,0.8480000000,250.0000000000,0,0,0,49,0
139,100,0,3,100,100,0,0,0,0,0,100,100,0.0201737194,44.9274234434,33.3333333333,12.5505622220,1.0000000000,0.8480000000,250.0000000000,0,0,0,49,0
140,100,0,3,100,100,0,0,0,0,0,100,100,0.0201737194,44.9072497240,33.3333333333,12.5505622220,1.0000000000,0.8480000000,250.0000000000,0,0,0,49,0
141,100,0,3,100,100,0,0,1,103,491,100,100,0.0355832537,44.8716664703,33.3333333333,14.6705642205,1.0000000000,0.9732480000,217.8273163675,0,0,0,24,0
142,100,0,3,100,100,0,0,0,0,0,100,100,0.0231372997,44.8485291705,33.3333333333,14.6705642205,1.0000000000,0.8480000000,250.0000000000,0,0,0,24,0
143,100,0,3,100,100,0,0,0,0,0,100,100,0.0231372997,44.8253918708,33.3333333333,14.6705642205,1.0000000000,0.8480000000,250.0000000000,0,0,0,24,0
144,100,0,3,100,100,0,0,0,0,0,100,100,0.0231372997,44.8022545711,33.3333333333,14.6705642205,1.0000000000,0.8480000000,250.0000000000,0,0,0,24,0
145,100,0,3,100,100,0,0,0,0,0,100,100,0.0231372997,44.7791172713,33.3333333333,14.6705642205,1.0000000000,0.8480000000,250.0000000000,0,0,0,24,0
146,100,0,6,100,100,0,0,1,106,782,100,100,0.0408993725,44.7382178988,16.6666666667,15.0097572121,1.0000000000,0.9768960000,217.0138888889,0,0,0,17,0
147,100,0,6,100,100,0,0,0,0,0,100,100,0.0231669017,44.7150509971,16.6666666667,15.0097572121,1.0000000000,0.8480000000,250.0000000000,0,0,0,17,0
148,100,0,6,100,100,0,0,0,0,0,100,100,0.0231669017,44.6918840954,16.6666666667,15.0097572121,1.0000000000,0.8480000000,250.0000000000,0,0,0,17,0
149,100,0,6,100,100,0,0,0,0,0,100,100,0.0231669017,44.6687171936,16.6666666667,15.0097572121,1.0000000000,0.8480000000,250.0000000000,0,0,0,17,0
150,100,0,6,100,100,0,0,0,0,0,100,100,0.0231669017,44.6455502919,16.6666666667,15.0097572121,1.0000000000,0.8480000000,250.0000000000,0,0,0,17,0
151,100,0,4,100,100,0,0,1,104,588,100,100,0.0355688611,44.6099814309,25.0000000000,13.8225816475,1.0000000000,0.9744640000,217.5554971759,0,0,0,33,0
152,100,0,4,100,100,0,0,0,0,0,100,100,0.0213633638,44.5886180670,25.0000000000,13.8225816475,1.0000000000,0.8480000000,250.0000000000,0,0,0,33,0
153,100,0,4,100,100,0,0,0,0,0,100,100,0.0213633638,44.5672547032,25.0000000000,13.8225816475,1.0000000000,0.8480000000,250.0000000000,0,0,0,33,0
154,100,0,4,100,100,0,0,0,0,0,100,100,0.0213633638,44.5458913394,25.0000000000,13.8225816475,1.0000000000,0.8480000000,250.0000000000,0,0,0,33,0
155,100,0,4,100,100,0,0,0,0,0,100,100,0.0213633638,44.5245279756,25.0000000000,13.8225816475,1.0000000000,0.8480000000,250.0000000000,0,0,0,33,0
156,100,0,5,100,100,0,0,1,105,685,100,100,0.0368632349,44.4876647407,20.0000000000,12.9745617749,1.0000000000,0.9756800000,217.2843555264,0,0,0,42,0
157,100,0,5,100,100,0,0,0,0,0,100,100,0.0207257196,44.4669390211,20.0000000000,12.9745617749,1.0000000000,0.8480000000,250.0000000000,0,0,0,42,0
158,100,0,5,100,100,0,0,0,0,0,100,100,0.0207257196,44.4462133015,20.0000000000,12.9745617749,1.0000000000,0.8480000000,250.0000000000,0,0,0,42,0
159,100,0,5,100,100,0,0,0,0,0,100,100,0.0207257196,44.4254875819,20.0000000000,12.9745617749,1.0000000000,0.8480000000,250.0000000000,0,0,0,42,0
160,100,0,5,100,100,0,0,0,0,0,100,100,0.0207257196,44.4047618622,20.0000000000,12.9745617749,1.0000000000,0.8480000000,250.0000000000,0,0,0,42,0
161,100,0,3,100,100,0,0,1,103,491,100,100,0.0343472006,44.3704146616,33.3333333333,13.8225640106,1.0000000000,0.9732480000,217.8273163675,0,0,0,34,0
162,100,0,3,100,100,0,0,0,0,0,100,100,0.0218544019,44.3485602597,33.3333333333,13.8225640106,1.0000000000,0.8480000000,250.0000000000,0,0,0,34,0
163,100,0,3,100,100,0,0,0,0,0,100,100,0.0218544019,44.3267058579,33.3333333333,13.8225640106,1.0000000000,0.8480000000,250.0000000000,0,0,0,34,0
164,100,0,3,100,100,0,0,0,0,0,100,100,0.0218544019,44.3048514560,33.3333333333,13.8225640106,1.0000000000,0.8480000000,250.0000000000,0,0,0,34,0
165,100,0,3,100,100,0,0,0,0,0,100,100,0.0218544019,44.2829970541,33.3333333333,13.8225640106,1.0000000000,0.8480000000,250.0000000000,0,0,0,34,0
166,100,0,7,100,100,0,0,1,107,879,100,100,0.0427981008,44.2401989533,14.2857142857,15.0097629463,1.0000000000,0.9781120000,216.7440947458,0,0,0,16,0
167,100,0,7,100,100,0,0,0,0,0,100,100,0.0232643800,44.2169345734,14.2857142857,15.0097629463,1.0000000000,0.8480000000,250.0000000000,0,0,0,16,0
168,100,0,7,100,100,0,0,0,0,0,100,100,0.0232643800,44.1936701934,14.2857142857,15.0097629463,1.0000000000,0.8480000000,250.0000000000,0,0,0,16,0
169,100,0,7,100,100,0,0,0,0,0,100,100,0.0232643800,44.1704058135,14.2857142857,15.0097629463,1.0000000000,0.8480000000,250.0000000000,0,0,0,16,0
170,100,0,7,100,100,0,0,0,0,0,100,100,0.0232643800,44.1471414335,14.2857142857,15.0097629463,1.0000000000,0.8480000000,250.0000000000,0,0,0,16,0
171,100,0,6,100,100,0,0,1,106,782,100,100,0.0394543197,44.1076871138,16.6666666667,14.2465763290,1.0000000000,0.9768960000,217.0138888889,0,0,0,26,0
172,100,0,6,100,100,0,0,0,0,0,100,100,0.0217600481,44.0859270657,16.6666666667,14.2465763290,1.0000000000,0.8480000000,250.0000000000,0,0,0,26,0
173,100,0,6,100,100,0,0,0,0,0,100,100,0.0217600481,44.0641670175,16.6666666667,14.2465763290,1.0000000000,0.8480000000,250.0000000000,0,0,0,26,0
174,100,0,6,100,100,0,0,0,0,0,100,100,0.0217600481,44.0424069694,16.6666666667,14.2465763290,1.0000000000,0.8480000000,250.0000000000,0,0,0,26,0
175,100,0,6,100,100,0,0,0,0,0,100,100,0.0217600481,44.0206469213,16.6666666667,14.2465763290,1.0000000000,0.8480000000,250.0000000000,0,0,0,26,0
176,100,0,5,100,100,0,0,1,105,685,100,100,0.0374825515,43.9831643698,20.0000000000,13.9921678834,1.0000000000,0.9756800000,217.2843555264,0,0,0,30,0
177,100,0,5,100,100,0,0,0,0,0,100,100,0.0215171960,43.9616471738,20.0000000000,13.9921678834,1.0000000000,0.8480000000,250.0000000000,0,0,0,30,0
178,100,0,5,100,100,0,0,0,0,0,100,100,0.0215171960,43.9401299778,20.0000000000,13.9921678834,1.0000000000,0.8480000000,250.0000000000,0,0,0,30,0
179,100,0,5,100,100,0,0,0,0,0,100,100,0.0215171960,43.9186127818,20.0000000000,13.9921678834,1.0000000000,0.8480000000,250.0000000000,0,0,0,30,0
180,100,0,5,100,100,0,0,0,0,0,100,100,0.0215171960,43.8970955858,20.0000000000,13.9921678834,1.0000000000,0.8480000000,250.0000000000,0,0,0,30,0
181,100,0,5,100,100,0,0,1,105,685,100,100,0.0378206264,43.8592749593,20.0000000000,13.9073742112,1.0000000000,0.9756800000,217.2843555264,0,0,0,31,0
182,100,0,5,100,100,0,0,0,0,0,100,100,0.0218427854,43.8374321739,20.0000000000,13.9073742112,1.0000000000,0.8480000000,250.0000000000,0,0,0,31,0
183,100,0,5,100,100,0,0,0,0,0,100,100,0.0218427854,43.8155893884,20.0000000000,13.9073742112,1.0000000000,0.8480000000,250.0000000000,0,0,0,31,0
184,100,0,5,100,100,0,0,0,0,0,100,100,0.0218427854,43.7937466030,20.0000000000,13.9073742112,1.0000000000,0.8480000000,250.0000000000,0,0,0,31,0
185,100,0,5,100,100,0,0,0,0,0,100,100,0.0218427854,43.7719038175,20.0000000000,13.9073742112,1.0000000000,0.8480000000,250.0000000000,0,0,0,31,0
186,100,0,2,100,100,0,0,1,102,394,100,100,0.0315198298,43.7403839877,50.0000000000,12.7201631254,1.0000000000,0.9720320000,218.0998156439,0,0,0,48,0
187,100,0,2,100,100,0,0,0,0,0,100,100,0.0206572434,43.7197267443,50.0000000000,12.7201631254,1.0000000000,0.8480000000,250.0000000000,0,0,0,48,0
188,100,0,2,100,100,0,0,0,0,0,100,100,0.0206572434,43.6990695009,50.0000000000,12.7201631254,1.0000000000,0.8480000000,250.0000000000,0,0,0,48,0
189,100,0,2,100,100,0,0,0,0,0,100,100,0.0206572434,43.6784122575,50.0000000000,12.7201631254,1.0000000000,0.8480000000,250.0000000000,0,0,0,48,0
190,100,0,2,100,100,0,0,0,0,0,100,100,0.0206572434,43.6577550141,50.0000000000,12.7201631254,1.0000000000,0.8480000000,250.0000000000,0,0,0,48,0
191,100,0,5,100,100,0,0,1,105,685,100,100,0.0387619681,43.6189930459,20.0000000000,14.9249748224,1.0000000000,0.9756800000,217.2843555264,0,0,0,19,0
192,100,0,5,100,100,0,0,0,0,0,100,100,0.0228609201,43.5961321259,20.0000000000,14.9249748224,1.0000000000,0.8480000000,250.0000000000,0,0,0,19,0
193,100,0,5,100,100,0,0,0,0,0,100,100,0.0228609201,43.5732712058,20.0000000000,14.9249748224,1.0000000000,0.8480000000,250.0000000000,0,0,0,19,0
194,100,0,5,100,100,0,0,0,0,0,100,100,0.0228609201,43.5504102857,20.0000000000,14.9249748224,1.0000000000,0.8480000000,250.0000000000,0,0,0,19,0
195,100,0,5,100,100,0,0,0,0,0,100,100,0.0228609201,43.5275493656,20.0000000000,14.9249748224,1.0000000000,0.8480000000,250.0000000000,0,0,0,19,0
196,100,0,3,100,100,0,0,1,103,491,100,100,0.0338272393,43.4937221263,33.3333333333,13.8225671802,1.0000000000,0.9732480000,217.8273163675,0,0,0,34,0
197,100,0,3,100,100,0,0,0,0,0,100,100,0.0213712180,43.4723509084,33.3333333333,13.8225671802,1.0000000000,0.8480000000,250.0000000000,0,0,0,34,0
198,100,0,3,100,100,0,0,0,0,0,100,100,0.0213712180,43.4509796904,33.3333333333,13.8225671802,1.0000000000,0.8480000000,250.0000000000,0,0,0,34,0
199,100,0,3,100,100,0,0,0,0,0,100,100,0.0213712180,43.4296084725,33.3333333333,13.8225671802,1.0000000000,0.8480000000,250.0000000000,0,0,0,34,0
200,100,0,3,100,100,0,0,0,0,0,100,100,0.0213712180,43.4082372545,33.3333333333,13.8225671802,1.0000000000,0.8480000000,250.0000000000,0,0,0,34,0
201,100,0,3,100,100,0,0,1,103,491,100,100,0.0334440723,43.3747931822,33.3333333333,13.2289660745,1.0000000000,0.9732480000,217.8273163675,0,0,0,41,0
202,100,0,3,100,100,0,0,0,0,0,100,100,0.0208572275,43.3539359548,33.3333333333,13.2289660745,1.0000000000,0.8480000000,250.0000000000,0,0,0,41,0
203,100,0,3,100,100,0,0,0,0,0,100,100,0.0208572275,43.3330787273,33.3333333333,13.2289660745,1.0000000000,0.8480000000,250.0000000000,0,0,0,41,0
204,100,0,3,100,100,0,0,0,0,0,100,100,0.0208572275,43.3122214998,33.3333333333,13.2289660745,1.0000000000,0.8480000000,250.0000000000,0,0,0,41,0
205,100,0,3,100,100,0,0,0,0,0,100,100,0.0208572275,43.2913642724,33.3333333333,13.2289660745,1.0000000000,0.8480000000,250.0000000000,0,0,0,41,0
206,100,0,4,100,100,0,0,1,104,588,100,100,0.0358940598,43.2554702126,25.0000000000,14.0769916688,1.0000000000,0.9744640000,217.5554971759,0,0,0,30,0
207,100,0,4,100,100,0,0,0,0,0,100,100,0.0217050119,43.2337652007,25.0000000000,14.0769916688,1.0000000000,0.8480000000,250.0000000000,0,0,0,30,0
208,100,0,4,100,100,0,0,0,0,0,100,100,0.0217050119,43.2120601888,25.0000000000,14.0769916688,1.0000000000,0.8480000000,250.0000000000,0,0,0,30,0
209,100,0,4,100,100,0,0,0,0,0,100,100,0.0217050119,43.1903551769,25.0000000000,14.0769916688,1.0000000000,0.8480000000,250.0000000000,0,0,0,30,0
210,100,0,4,100,100,0,0,0,0,0,100,100,0.0217050119,43.1686501650,25.0000000000,14.0769916688,1.0000000000,0.8480000000,250.0000000000,0,0,0,30,0
211,100,0,6,100,100,0,0,1,106,782,100,100,0.0413073003,43.1273428647,16.6666666667,14.7553614421,1.0000000000,0.9768960000,217.0138888889,0,0,0,20,0
212,100,0,6,100,100,0,0,0,0,0,100,100,0.0234847259,43.1038581388,16.6666666667,14.7553614421,1.0000000000,0.8480000000,250.0000000000,0,0,0,20,0
213,100,0,6,100,100,0,0,0,0,0,100,100,0.0234847259,43.0803734128,16.6666666667,14.7553614421,1.0000000000,0.8480000000,250.0000000000,0,0,0,20,0
214,100,0,6,100,100,0,0,0,0,0,100,100,0.0234847259,43.0568886869,16.6666666667,14.7553614421,1.0000000000,0.8480000000,250.0000000000,0,0,0,20,0
215,100,0,6,100,100,0,0,0,0,0,100,100,0.0234847259,43.0334039609,16.6666666667,14.7553614421,1.0000000000,0.8480000000,250.0000000000,0,0,0,20,0
216,100,0,6,100,100,0,0,1,106,782,100,100,0.0417987100,42.9916052510,16.6666666667,15.9425680397,1.0000000000,0.9768960000,217.0138888889,0,0,0,6,0
217,100,0,6,100,100,0,0,0,0,0,100,100,0.0241556758,42.9674495751,16.6666666667,15.9425680397,1.0000000000,0.8480000000,250.0000000000,0,0,0,6,0
218,100,0,6,100,100,0,0,0,0,0,100,100,0.0241556758,42.9432938993,16.6666666667,15.9425680397,1.0000000000,0.8480000000,250.0000000000,0,0,0,6,0
219,100,0,6,100,100,0,0,0,0,0,100,100,0.0241556758,42.9191382234,16.6666666667,15.9425680397,1.0000000000,0.8480000000,250.0000000000,0,0,0,6,0
220,100,0,6,100,100,0,0,0,0,0,100,100,0.0241556758,42.8949825476,16.6666666667,15.9425680397,1.0000000000,0.8480000000,250.0000000000,0,0,0,6,0
221,100,0,3,100,100,0,0,1,103,491,100,100,0.0344859079,42.8604966397,33.3333333333,13.5681604243,1.0000000000,0.9732480000,217.8273163675,0,0,0,37,0
222,100,0,3,100,100,0,0,0,0,0,100,100,0.0219406876,42.8385559521,33.3333333333,13.5681604243,1.0000000000,0.8480000000,250.0000000000,0,0,0,37,0
223,100,0,3,100,100,0,0,0,0,0,100,100,0.0219406876,42.8166152645,33.3333333333,13.5681604243,1.0000000000,0.8480000000,250.0000000000,0,0,0,37,0
224,100,0,3,100,100,0,0,0,0,0,100,100,0.0219406876,42.7946745768,33.3333333333,13.5681604243,1.0000000000,0.8480000000,250.0000000000,0,0,0,37,0
225,100,0,3,100,100,0,0,0,0,0,100,100,0.0219406876,42.7727338892,33.3333333333,13.5681604243,1.0000000000,0.8480000000,250.0000000000,0,0,0,37,0
226,100,0,8,100,100,0,0,1,108,976,100,100,0.0445353173,42.7281985720,12.5000000000,15.5185668544,1.0000000000,0.9793280000,216.4749705921,0,0,0,9,0
227,100,0,8,100,100,0,0,0,0,0,100,100,0.0233384050,42.7048601670,12.5000000000,15.5185668544,1.0000000000,0.8480000000,250.0000000000,0,0,0,9,0
228,100,0,8,100,100,0,0,0,0,0,100,100,0.0233384050,42.6815217620,12.5000000000,15.5185668544,1.0000000000,0.8480000000,250.0000000000,0,0,0,9,0
229,100,0,8,100,100,0,0,0,0,0,100,100,0.0233384050,42.6581833570,12.5000000000,15.5185668544,1.0000000000,0.8480000000,250.0000000000,0,0,0,9,0
230,100,0,8,100,100,0,0,0,0,0,100,100,0.0233384050,42.6348449520,12.5000000000,15.5185668544,1.0000000000,0.8480000000,250.0000000000,0,0,0,9,0
231,100,0,2,100,100,0,0,1,102,394,100,100,0.0299772689,42.6048676831,50.0000000000,11.7873557788,1.0000000000,0.9720320000,218.0998156439,0,0,0,59,0
232,100,0,2,100,100,0,0,0,0,0,100,100,0.0189093516,42.5859583315,50.0000000000,11.7873557788,1.0000000000,0.8480000000,250.0000000000,0,0,0,59,0
233,100,0,2,100,100,0,0,0,0,0,100,100,0.0189093516,42.5670489799,50.0000000000,11.7873557788,1.0000000000,0.8480000000,250.0000000000,0,0,0,59,0
234,100,0,2,100,100,0,0,0,0,0,100,100,0.0189093516,42.5481396284,50.0000000000,11.7873557788,1.0000000000,0.8480000000,250.0000000000,0,0,0,59,0
235,100,0,2,100,100,0,0,0,0,0,100,100,0.0189093516,42.5292302768,50.0000000000,11.7873557788,1.0000000000,0.8480000000,250.0000000000,0,0,0,59,0
236,100,0,5,100,100,0,0,1,105,685,100,100,0.0371460248,42.4920842520,20.0000000000,13.4833734954,1.0000000000,0.9756800000,217.2843555264,0,0,0,36,0
237,100,0,5,100,100,0,0,0,0,0,100,100,0.0211298013,42.4709544507,20.0000000000,13.4833734954,1.0000000000,0.8480000000,250.0000000000,0,0,0,36,0
238,100,0,5,100,100,0,0,0,0,0,100,100,0.0211298013,42.4498246493,20.0000000000,13.4833734954,1.0000000000,0.8480000000,250.0000000000,0,0,0,36,0
239,100,0,5,100,100,0,0,0,0,0,100,100,0.0211298013,42.4286948480,20.0000000000,13.4833734954,1.0000000000,0.8480000000,250.0000000000,0,0,0,36,0
240,100,0,5,100,100,0,0,0,0,0,100,100,0.0211298013,42.4075650467,20.0000000000,13.4833734954,1.0000000000,0.8480000000,250.0000000000,0,0,0,36,0
241,100,0,4,100,100,0,0,1,104,588,100,100,0.0345566243,42.3730084224,25.0000000000,12.7201588753,1.0000000000,0.9744640000,217.5554971759,0,0,0,46,0
242,100,0,4,100,100,0,0,0,0,0,100,100,0.0202138673,42.3527945551,25.0000000000,12.7201588753,1.0000000000,0.8480000000,250.0000000000,0,0,0,46,0
243,100,0,4,100,100,0,0,0,0,0,100,100,0.0202138673,42.3325806879,25.0000000000,12.7201588753,1.0000000000,0.8480000000,250.0000000000,0,0,0,46,0
244,100,0,4,100,100,0,0,0,0,0,100,100,0.0202138673,42.3123668206,25.0000000000,12.7201588753,1.0000000000,0.8480000000,250.0000000000,0,0,0,46,0
245,100,0,4,100,100,0,0,0,0,0,100,100,0.0202138673,42.2921529534,25.0000000000,12.7201588753,1.0000000000,0.8480000000,250.0000000000,0,0,0,46,0
246,100,0,4,100,100,0,0,1,104,588,100,100,0.0365279947,42.2556249587,25.0000000000,14.3313564095,1.0000000000,0.9744640000,217.5554971759,0,0,0,27,0
247,100,0,4,100,100,0,0,0,0,0,100,100,0.0222812871,42.2333436715,25.0000000000,14.3313564095,1.0000000000,0.8480000000,250.0000000000,0,0,0,27,0
248,100,0,4,100,100,0,0,0,0,0,100,100,0.0222812871,42.2110623844,25.0000000000,14.3313564095,1.0000000000,0.8480000000,250.0000000000,0,0,0,27,0
249,100,0,4,100,100,0,0,0,0,0,100,100,0.0222812871,42.1887810973,25.0000000000,14.3313564095,1.0000000000,0.8480000000,250.0000000000,0,0,0,27,0
250,100,0,4,100,100,0,0,0,0,0,100,100,0.0222812871,42.1664998102,25.0000000000,14.3313564095,1.0000000000,0.8480000000,250.0000000000,0,0,0,27,0
251,100,0,4,100,100,0,0,1,104,588,100,100,0.0347645168,42.1317352933,25.0000000000,12.5505655133,1.0000000000,0.9744640000,217.5554971759,0,0,0,48,0
252,100,0,4,100,100,0,0,0,0,0,100,100,0.0202295634,42.1115057299,25.0000000000,12.5505655133,1.0000000000,0.8480000000,250.0000000000,0,0,0,48,0
253,100,0,4,100,100,0,0,0,0,0,100,100,0.0202295634,42.0912761664,25.0000000000,12.5505655133,1.0000000000,0.8480000000,250.0000000000,0,0,0,48,0
254,100,0,4,100,100,0,0,0,0,0,100,100,0.0202295634,42.0710466030,25.0000000000,12.5505655133,1.0000000000,0.8480000000,250.0000000000,0,0,0,48,0
255,100,0,4,100,100,0,0,0,0,0,100,100,0.0202295634,42.0508170396,25.0000000000,12.5505655133,1.0000000000,0.8480000000,250.0000000000,0,0,0,48,0
256,100,0,7,100,100,0,0,1,107,879,100,100,0.0409125025,42.0099045371,14.2857142857,13.9921587077,1.0000000000,0.9781120000,216.7440947458,0,0,0,28,0
257,100,0,7,100,100,0,0,0,0,0,100,100,0.0214101636,41.9884943735,14.2857142857,13.9921587077,1.0000000000,0.8480000000,250.0000000000,0,0,0,28,0
258,100,0,7,100,100,0,0,0,0,0,100,100,0.0214101636,41.9670842099,14.2857142857,13.9921587077,1.0000000000,0.8480000000,250.0000000000,0,0,0,28,0
259,100,0,7,100,100,0,0,0,0,0,100,100,0.0214101636,41.9456740463,14.2857142857,13.9921587077,1.0000000000,0.8480000000,250.0000000000,0,0,0,28,0
260,100,0,7,100,100,0,0,0,0,0,100,100,0.0214101636,41.9242638828,14.2857142857,13.9921587077,1.0000000000,0.8480000000,250.0000000000,0,0,0,28,0
261,100,0,2,100,100,0,0,1,102,394,100,100,0.0298439024,41.8944199804,50.0000000000,11.1089554032,1.0000000000,0.9720320000,218.0998156439,0,0,0,67,0
262,100,0,2,100,100,0,0,0,0,0,100,100,0.0185537469,41.8758662334,50.0000000000,11.1089554032,1.0000000000,0.8480000000,250.0000000000,0,0,0,67,0
263,100,0,2,100,100,0,0,0,0,0,100,100,0.0185537469,41.8573124865,50.0000000000,11.1089554032,1.0000000000,0.8480000000,250.0000000000,0,0,0,67,0
264,100,0,2,100,100,0,0,0,0,0,100,100,0.0185537469,41.8387587395,50.0000000000,11.1089554032,1.0000000000,0.8480000000,250.0000000000,0,0,0,67,0
265,100,0,2,100,100,0,0,0,0,0,100,100,0.0185537469,41.8202049926,50.0000000000,11.1089554032,1.0000000000,0.8480000000,250.0000000000,0,0,0,67,0
266,100,0,3,100,100,0,0,1,103,491,100,100,0.0333186486,41.7868863440,33.3333333333,12.9745554042,1.0000000000,0.9732480000,217.8273163675,0,0,0,44,0
267,100,0,3,100,100,0,0,0,0,0,100,100,0.0208517019,41.7660346420,33.3333333333,12.9745554042,1.0000000000,0.8480000000,250.0000000000,0,0,0,44,0
268,100,0,3,100,100,0,0,0,0,0,100,100,0.0208517019,41.7451829401,33.3333333333,12.9745554042,1.0000000000,0.8480000000,250.0000000000,0,0,0,44,0
269,100,0,3,100,100,0,0,0,0,0,100,100,0.0208517019,41.7243312382,33.3333333333,12.9745554042,1.0000000000,0.8480000000,250.0000000000,0,0,0,44,0
270,100,0,3,100,100,0,0,0,0,0,100,100,0.0208517019,41.7034795363,33.3333333333,12.9745554042,1.0000000000,0.8480000000,250.0000000000,0,0,0,44,0
271,100,0,4,100,100,0,0,1,104,588,100,100,0.0378263812,41.6656531551,25.0000000000,15.1793509906,1.0000000000,0.9744640000,217.5554971759,0,0,0,17,0
272,100,0,4,100,100,0,0,0,0,0,100,100,0.0236435551,41.6420096000,25.0000000000,15.1793509906,1.0000000000,0.8480000000,250.0000000000,0,0,0,17,0
273,100,0,4,100,100,0,0,0,0,0,100,100,0.0236435551,41.6183660449,25.0000000000,15.1793509906,1.0000000000,0.8480000000,250.0000000000,0,0,0,17,0
274,100,0,4,100,100,0,0,0,0,0,100,100,0.0236435551,41.5947224899,25.0000000000,15.1793509906,1.0000000000,0.8480000000,250.0000000000,0,0,0,17,0
275,100,0,4,100,100,0,0,0,0,0,100,100,0.0236435551,41.5710789348,25.0000000000,15.1793509906,1.0000000000,0.8480000000,250.0000000000,0,0,0,17,0
276,100,0,6,100,100,0,0,1,106,782,100,100,0.0408498771,41.5302290577,16.6666666667,14.9249760561,1.0000000000,0.9768960000,217.0138888889,0,0,0,18,0
277,100,0,6,100,100,0,0,0,0,0,100,100,0.0231254765,41.5071035812,16.6666666667,14.9249760561,1.0000000000,0.8480000000,250.0000000000,0,0,0,18,0
278,100,0,6,100,100,0,0,0,0,0,100,100,0.0231254765,41.4839781047,16.6666666667,14.9249760561,1.0000000000,0.8480000000,250.0000000000,0,0,0,18,0
279,100,0,6,100,100,0,0,0,0,0,100,100,0.0231254765,41.4608526281,16.6666666667,14.9249760561,1.0000000000,0.8480000000,250.0000000000,0,0,0,18,0
280,100,0,6,100,100,0,0,0,0,0,100,100,0.0231254765,41.4377271516,16.6666666667,14.9249760561,1.0000000000,0.8480000000,250.0000000000,0,0,0,18,0
281,100,0,3,100,100,0,0,1,103,491,100,100,0.0322142932,41.4055128585,33.3333333333,12.2961676932,1.0000000000,0.9732480000,217.8273163675,0,0,0,52,0
282,100,0,3,100,100,0,0,0,0,0,100,100,0.0195822516,41.3859306069,33.3333333333,12.2961676932,1.0000000000,0.8480000000,250.0000000000,0,0,0,52,0
283,100,0,3,100,100,0,0,0,0,0,100,100,0.0195822516,41.3663483553,33.3333333333,12.2961676932,1.0000000000,0.8480000000,250.0000000000,0,0,0,52,0
284,100,0,3,100,100,0,0,0,0,0,100,100,0.0195822516,41.3467661038,33.3333333333,12.2961676932,1.0000000000,0.8480000000,250.0000000000,0,0,0,52,0
285,100,0,3,100,100,0,0,0,0,0,100,100,0.0195822516,41.3271838522,33.3333333333,12.2961676932,1.0000000000,0.8480000000,250.0000000000,0,0,0,52,0
286,100,0,2,100,100,0,0,1,102,394,100,100,0.0295305131,41.2976533392,50.0000000000,11.1937552835,1.0000000000,0.9720320000,218.0998156439,0,0,0,66,0
287,100,0,2,100,100,0,0,0,0,0,100,100,0.0183034696,41.2793498696,50.0000000000,11.1937552835,1.0000000000,0.8480000000,250.0000000000,0,0,0,66,0
288,100,0,2,100,100,0,0,0,0,0,100,100,0.0183034696,41.2610464000,50.0000000000,11.1937552835,1.0000000000,0.8480000000,250.0000000000,0,0,0,66,0
289,100,0,2,100,100,0,0,0,0,0,100,100,0.0183034696,41.2427429305,50.0000000000,11.1937552835,1.0000000000,0.8480000000,250.0000000000,0,0,0,66,0
290,100,0,2,100,100,0,0,0,0,0,100,100,0.0183034696,41.2244394609,50.0000000000,11.1937552835,1.0000000000,0.8480000000,250.0000000000,0,0,0,66,0
291,100,0,3,100,100,0,0,1,103,491,100,100,0.0315290000,41.1929104609,33.3333333333,10.9393569546,1.0000000000,0.9732480000,217.8273163675,0,0,0,68,0
292,100,0,3,100,100,0,0,0,0,0,100,100,0.0183179281,41.1745925329,33.3333333333,10.9393569546,1.0000000000,0.8480000000,250.0000000000,0,0,0,68,0
293,100,0,3,100,100,0,0,0,0,0,100,100,0.0183179281,41.1562746048,33.3333333333,10.9393569546,1.0000000000,0.8480000000,250.0000000000,0,0,0,68,0
294,100,0,3,100,100,0,0,0,0,0,100,100,0.0183179281,41.1379566768,33.3333333333,10.9393569546,1.0000000000,0.8480000000,250.0000000000,0,0,0,68,0
295,100,0,3,100,100,0,0,0,0,0,100,100,0.0183179281,41.1196387487,33.3333333333,10.9393569546,1.0000000000,0.8480000000,250.0000000000,0,0,0,68,0
296,100,0,3,100,100,0,0,1,103,491,100,100,0.0347764506,41.0848622981,33.3333333333,14.3313761714,1.0000000000,0.9732480000,217.8273163675,0,0,0,28,0
297,100,0,3,100,100,0,0,0,0,0,100,100,0.0223370414,41.0625252566,33.3333333333,14.3313761714,1.0000000000,0.8480000000,250.0000000000,0,0,0,28,0
298,100,0,3,100,100,0,0,0,0,0,100,100,0.0223370414,41.0401882152,33.3333333333,14.3313761714,1.0000000000,0.8480000000,250.0000000000,0,0,0,28,0
299,100,0,3,100,100,0,0,0,0,0,100,100,0.0223370414,41.0178511737,33.3333333333,14.3313761714,1.0000000000,0.8480000000,250.0000000000,0,0,0,28,0
300,100,0,3,100,100,0,0,0,0,0,100,100,0.0223370414,40.9955141323,33.3333333333,14.3313761714,1.0000000000,0.8480000000,250.0000000000,0,0,0,28,0
301,100,0,4,100,100,0,0,1,104,588,100,100,0.0367429301,40.9587712022,25.0000000000,14.5857761276,1.0000000000,0.9744640000,217.5554971759,0,0,0,24,0
302,100,0,4,100,100,0,0,0,0,0,100,100,0.0225778643,40.9361933380,25.0000000000,14.5857761276,1.0000000000,0.8480000000,250.0000000000,0,0,0,24,0
303,100,0,4,100,100,0,0,0,0,0,100,100,0.0225778643,40.9136154737,25.0000000000,14.5857761276,1.0000000000,0.8480000000,250.0000000000,0,0,0,24,0
304,100,0,4,100,100,0,0,0,0,0,100,100,0.0225778643,40.8910376095,25.0000000000,14.5857761276,1.0000000000,0.8480000000,250.0000000000,0,0,0,24,0
305,100,0,4,100,100,0,0,0,0,0,100,100,0.0225778643,40.8684597452,25.0000000000,14.5857761276,1.0000000000,0.8480000000,250.0000000000,0,0,0,24,0
306,100,0,8,100,100,0,0,1,108,976,100,100,0.0443418061,40.8241179391,12.5000000000,15.5185658485,1.0000000000,0.9793280000,216.4749705921,0,0,0,9,0
307,100,0,8,100,100,0,0,0,0,0,100,100,0.0231828759,40.8009350632,12.5000000000,15.5185658485,1.0000000000,0.8480000000,250.0000000000,0,0,0,9,0
308,100,0,8,100,100,0,0,0,0,0,100,100,0.0231828759,40.7777521874,12.5000000000,15.5185658485,1.0000000000,0.8480000000,250.0000000000,0,0,0,9,0
309,100,0,8,100,100,0,0,0,0,0,100,100,0.0231828759,40.7545693115,12.5000000000,15.5185658485,1.0000000000,0.8480000000,250.0000000000,0,0,0,9,0
310,100,0,8,100,100,0,0,0,0,0,100,100,0.0231828759,40.7313864356,12.5000000000,15.5185658485,1.0000000000,0.8480000000,250.0000000000,0,0,0,9,0
311,100,0,3,100,100,0,0,1,103,491,100,100,0.0332470919,40.6981393436,33.3333333333,13.0593683960,1.0000000000,0.9732480000,217.8273163675,0,0,0,43,0
312,100,0,3,100,100,0,0,0,0,0,100,100,0.0207052820,40.6774340617,33.3333333333,13.0593683960,1.0000000000,0.8480000000,250.0000000000,0,0,0,43,0
313,100,0,3,100,100,0,0,0,0,0,100,100,0.0207052820,40.6567287797,33.3333333333,13.0593683960,1.0000000000,0.8480000000,250.0000000000,0,0,0,43,0
314,100,0,3,100,100,0,0,0,0,0,100,100,0.0207052820,40.6360234977,33.3333333333,13.0593683960,1.0000000000,0.8480000000,250.0000000000,0,0,0,43,0
315,100,0,3,100,100,0,0,0,0,0,100,100,0.0207052820,40.6153182158,33.3333333333,13.0593683960,1.0000000000,0.8480000000,250.0000000000,0,0,0,43,0
316,100,0,4,100,100,0,0,1,104,588,100,100,0.0359118540,40.5794063618,25.0000000000,13.7377664442,1.0000000000,0.9744640000,217.5554971759,0,0,0,34,0
317,100,0,4,100,100,0,0,0,0,0,100,100,0.0216620652,40.5577442966,25.0000000000,13.7377664442,1.0000000000,0.8480000000,250.0000000000,0,0,0,34,0
318,100,0,4,100,100,0,0,0,0,0,100,100,0.0216620652,40.5360822315,25.0000000000,13.7377664442,1.0000000000,0.8480000000,250.0000000000,0,0,0,34,0
319,100,0,4,100,100,0,0,0,0,0,100,100,0.0216620652,40.5144201663,25.0000000000,13.7377664442,1.0000000000,0.8480000000,250.0000000000,0,0,0,34,0
320,100,0,4,100,100,0,0,0,0,0,100,100,0.0216620652,40.4927581011,25.0000000000,13.7377664442,1.0000000000,0.8480000000,250.0000000000,0,0,0,34,0
321,100,0,2,100,100,0,0,1,102,394,100,100,0.0313930611,40.4613650400,50.0000000000,12.9745685483,1.0000000000,0.9720320000,218.0998156439,0,0,0,45,0
322,100,0,2,100,100,0,0,0,0,0,100,100,0.0206482766,40.4407167634,50.0000000000,12.9745685483,1.0000000000,0.8480000000,250.0000000000,0,0,0,45,0
323,100,0,2,100,100,0,0,0,0,0,100,100,0.0206482766,40.4200684868,50.0000000000,12.9745685483,1.0000000000,0.8480000000,250.0000000000,0,0,0,45,0
324,100,0,2,100,100,0,0,0,0,0,100,100,0.0206482766,40.3994202102,50.0000000000,12.9745685483,1.0000000000,0.8480000000,250.0000000000,0,0,0,45,0
325,100,0,2,100,100,0,0,0,0,0,100,100,0.0206482766,40.3787719335,50.0000000000,12.9745685483,1.0000000000,0.8480000000,250.0000000000,0,0,0,45,0
326,100,0,5,100,100,0,0,1,105,685,100,100,0.0383960433,40.3403758902,20.0000000000,14.7553773371,1.0000000000,0.9756800000,217.2843555264,0,0,0,21,0
327,100,0,5,100,100,0,0,0,0,0,100,100,0.0225061115,40.3178697787,20.0000000000,14.7553773371,1.0000000000,0.8480000000,250.0000000000,0,0,0,21,0
328,100,0,5,100,100,0,0,0,0,0,100,100,0.0225061115,40.2953636672,20.0000000000,14.7553773371,1.0000000000,0.8480000000,250.0000000000,0,0,0,21,0
329,100,0,5,100,100,0,0,0,0,0,100,100,0.0225061115,40.2728575557,20.0000000000,14.7553773371,1.0000000000,0.8480000000,250.0000000000,0,0,0,21,0
330,100,0,5,100,100,0,0,0,0,0,100,100,0.0225061115,40.2503514442,20.0000000000,14.7553773371,1.0000000000,0.8480000000,250.0000000000,0,0,0,21,0
331,100,0,1,100,100,0,0,1,101,297,100,100,0.0278764116,40.2224750326,100.0000000000,11.1937449019,1.0000000000,0.9708160000,218.3729975608,0,0,0,67,0
332,100,0,1,100,100,0,0,0,0,0,100,100,0.0185282260,40.2039468066,100.0000000000,11.1937449019,1.0000000000,0.8480000000,250.0000000000,0,0,0,67,0
333,100,0,1,100,100,0,0,0,0,0,100,100,0.0185282260,40.1854185806,100.0000000000,11.1937449019,1.0000000000,0.8480000000,250.0000000000,0,0,0,67,0
334,100,0,1,100,100,0,0,0,0,0,100,100,0.0185282260,40.1668903546,100.0000000000,11.1937449019,1.0000000000,0.8480000000,250.0000000000,0,0,0,67,0
335,100,0,1,100,100,0,0,0,0,0,100,100,0.0185282260,40.1483621286,100.0000000000,11.1937449019,1.0000000000,0.8480000000,250.0000000000,0,0,0,67,0
336,100,0,8,100,100,0,0,1,108,976,100,100,0.0443386766,40.1040234520,12.5000000000,15.2641727746,1.0000000000,0.9793280000,216.4749705921,0,0,0,12,0
337,100,0,8,100,100,0,0,0,0,0,100,100,0.0231122800,40.0809111720,12.5000000000,15.2641727746,1.0000000000,0.8480000000,250.0000000000,0,0,0,12,0
338,100,0,8,100,100,0,0,0,0,0,100,100,0.0231122800,40.0577988921,12.5000000000,15.2641727746,1.0000000000,0.8480000000,250.0000000000,0,0,0,12,0
339,100,0,8,100,100,0,0,0,0,0,100,100,0.0231122800,40.0346866121,12.5000000000,15.2641727746,1.0000000000,0.8480000000,250.0000000000,0,0,0,12,0
340,100,0,8,100,100,0,0,0,0,0,100,100,0.0231122800,40.0115743322,12.5000000000,15.2641727746,1.0000000000,0.8480000000,250.0000000000,0,0,0,12,0
341,100,0,3,100,100,0,0,1,103,491,100,100,0.0339370204,39.9776373117,33.3333333333,12.9745520858,1.0000000000,0.9732480000,217.8273163675,0,0,0,44,0
342,100,0,3,100,100,0,0,0,0,0,100,100,0.0212943081,39.9563430037,33.3333333333,12.9745520858,1.0000000000,0.8480000000,250.0000000000,0,0,0,44,0
343,100,0,3,100,100,0,0,0,0,0,100,100,0.0212943081,39.9350486956,33.3333333333,12.9745520858,1.0000000000,0.8480000000,250.0000000000,0,0,0,44,0
344,100,0,3,100,100,0,0,0,0,0,100,100,0.0212943081,39.9137543876,33.3333333333,12.9745520858,1.0000000000,0.8480000000,250.0000000000,0,0,0,44,0
345,100,0,3,100,100,0,0,0,0,0,100,100,0.0212943081,39.8924600795,33.3333333333,12.9745520858,1.0000000000,0.8480000000,250.0000000000,0,0,0,44,0
346,100,0,4,100,100,0,0,1,104,588,100,100,0.0382874376,39.8541726419,25.0000000000,15.3489647452,1.0000000000,0.9744640000,217.5554971759,0,0,0,15,0
347,100,0,4,100,100,0,0,0,0,0,100,100,0.0240916148,39.8300810271,25.0000000000,15.3489647452,1.0000000000,0.8480000000,250.0000000000,0,0,0,15,0
348,100,0,4,100,100,0,0,0,0,0,100,100,0.0240916148,39.8059894123,25.0000000000,15.3489647452,1.0000000000,0.8480000000,250.0000000000,0,0,0,15,0
349,100,0,4,100,100,0,0,0,0,0,100,100,0.0240916148,39.7818977975,25.0000000000,15.3489647452,1.0000000000,0.8480000000,250.0000000000,0,0,0,15,0
350,100,0,4,100,100,0,0,0,0,0,100,100,0.0240916148,39.7578061828,25.0000000000,15.3489647452,1.0000000000,0.8480000000,250.0000000000,0,0,0,15,0
351,100,0,2,100,100,0,0,1,102,394,100,100,0.0303575625,39.7274486202,50.0000000000,12.0417627064,1.0000000000,0.9720320000,218.0998156439,0,0,0,56,0
352,100,0,2,100,100,0,0,0,0,0,100,100,0.0192991073,39.7081495129,50.0000000000,12.0417627064,1.0000000000,0.8480000000,250.0000000000,0,0,0,56,0
353,100,0,2,100,100,0,0,0,0,0,100,100,0.0192991073,39.6888504056,50.0000000000,12.0417627064,1.0000000000,0.8480000000,250.0000000000,0,0,0,56,0
354,100,0,2,100,100,0,0,0,0,0,100,100,0.0192991073,39.6695512982,50.0000000000,12.0417627064,1.0000000000,0.8480000000,250.0000000000,0,0,0,56,0
355,100,0,2,100,100,0,0,0,0,0,100,100,0.0192991073,39.6502521909,50.0000000000,12.0417627064,1.0000000000,0.8480000000,250.0000000000,0,0,0,56,0
356,100,0,4,100,100,0,0,1,104,588,100,100,0.0372747558,39.6129774351,25.0000000000,14.9249722632,1.0000000000,0.9744640000,217.5554971759,0,0,0,20,0
357,100,0,4,100,100,0,0,0,0,0,100,100,0.0231189397,39.5898584954,25.0000000000,14.9249722632,1.0000000000,0.8480000000,250.0000000000,0,0,0,20,0
358,100,0,4,100,100,0,0,0,0,0,100,100,0.0231189397,39.5667395557,25.0000000000,14.9249722632,1.0000000000,0.8480000000,250.0000000000,0,0,0,20,0
359,100,0,4,100,100,0,0,0,0,0,100,100,0.0231189397,39.5436206159,25.0000000000,14.9249722632,1.0000000000,0.8480000000,250.0000000000,0,0,0,20,0
360,100,0,4,100,100,0,0,0,0,0,100,100,0.0231189397,39.5205016762,25.0000000000,14.9249722632,1.0000000000,0.8480000000,250.0000000000,0,0,0,20,0
361,100,0,5,100,100,0,0,1,105,685,100,100,0.0386468420,39.4818548342,20.0000000000,14.7553793155,1.0000000000,0.9756800000,217.2843555264,0,0,0,21,0
362,100,0,5,100,100,0,0,0,0,0,100,100,0.0227201208,39.4591347134,20.0000000000,14.7553793155,1.0000000000,0.8480000000,250.0000000000,0,0,0,21,0
363,100,0,5,100,100,0,0,0,0,0,100,100,0.0227201208,39.4364145926,20.0000000000,14.7553793155,1.0000000000,0.8480000000,250.0000000000,0,0,0,21,0
364,100,0,5,100,100,0,0,0,0,0,100,100,0.0227201208,39.4136944718,20.0000000000,14.7553793155,1.0000000000,0.8480000000,250.0000000000,0,0,0,21,0
365,100,0,5,100,100,0,0,0,0,0,100,100,0.0227201208,39.3909743510,20.0000000000,14.7553793155,1.0000000000,0.8480000000,250.0000000000,0,0,0,21,0
366,100,0,8,100,100,0,0,1,108,976,100,100,0.0432793386,39.3476950123,12.5000000000,14.6705760810,1.0000000000,0.9793280000,216.4749705921,0,0,0,19,0
367,100,0,8,100,100,0,0,0,0,0,100,100,0.0220761701,39.3256188422,12.5000000000,14.6705760810,1.0000000000,0.8480000000,250.0000000000,0,0,0,19,0
368,100,0,8,100,100,0,0,0,0,0,100,100,0.0220761701,39.3035426720,12.5000000000,14.6705760810,1.0000000000,0.8480000000,250.0000000000,0,0,0,19,0
369,100,0,8,100,100,0,0,0,0,0,100,100,0.0220761701,39.2814665019,12.5000000000,14.6705760810,1.0000000000,0.8480000000,250.0000000000,0,0,0,19,0
370,100,0,8,100,100,0,0,0,0,0,100,100,0.0220761701,39.2593903318,12.5000000000,14.6705760810,1.0000000000,0.8480000000,250.0000000000,0,0,0,19,0
371,100,0,6,100,100,0,0,1,106,782,100,100,0.0408172097,39.2185731220,16.6666666667,15.3489803724,1.0000000000,0.9768960000,217.0138888889,0,0,0,13,0
372,100,0,6,100,100,0,0,0,0,0,100,100,0.0231816316,39.1953914904,16.6666666667,15.3489803724,1.0000000000,0.8480000000,250.0000000000,0,0,0,13,0
373,100,0,6,100,100,0,0,0,0,0,100,100,0.0231816316,39.1722098588,16.6666666667,15.3489803724,1.0000000000,0.8480000000,250.0000000000,0,0,0,13,0
374,100,0,6,100,100,0,0,0,0,0,100,100,0.0231816316,39.1490282272,16.6666666667,15.3489803724,1.0000000000,0.8480000000,250.0000000000,0,0,0,13,0
375,100,0,6,100,100,0,0,0,0,0,100,100,0.0231816316,39.1258465956,16.6666666667,15.3489803724,1.0000000000,0.8480000000,250.0000000000,0,0,0,13,0
376,100,0,4,100,100,0,0,1,104,588,100,100,0.0364134489,39.0894331466,25.0000000000,14.0769791581,1.0000000000,0.9744640000,217.5554971759,0,0,0,30,0
377,100,0,4,100,100,0,0,0,0,0,100,100,0.0222094858,39.0672236609,25.0000000000,14.0769791581,1.0000000000,0.8480000000,250.0000000000,0,0,0,30,0
378,100,0,4,100,100,0,0,0,0,0,100,100,0.0222094858,39.0450141751,25.0000000000,14.0769791581,1.0000000000,0.8480000000,250.0000000000,0,0,0,30,0
379,100,0,4,100,100,0,0,0,0,0,100,100,0.0222094858,39.0228046893,25.0000000000,14.0769791581,1.0000000000,0.8480000000,250.0000000000,0,0,0,30,0
380,100,0,4,100,100,0,0,0,0,0,100,100,0.0222094858,39.0005952035,25.0000000000,14.0769791581,1.0000000000,0.8480000000,250.0000000000,0,0,0,30,0
381,100,0,4,100,100,0,0,1,104,588,100,100,0.0358345161,38.9647606874,25.0000000000,13.8225672244,1.0000000000,0.9744640000,217.5554971759,0,0,0,33,0
382,100,0,4,100,100,0,0,0,0,0,100,100,0.0216111481,38.9431495393,25.0000000000,13.8225672244,1.0000000000,0.8480000000,250.0000000000,0,0,0,33,0
383,100,0,4,100,100,0,0,0,0,0,100,100,0.0216111481,38.9215383913,25.0000000000,13.8225672244,1.0000000000,0.8480000000,250.0000000000,0,0,0,33,0
384,100,0,4,100,100,0,0,0,0,0,100,100,0.0216111481,38.8999272432,25.0000000000,13.8225672244,1.0000000000,0.8480000000,250.0000000000,0,0,0,33,0
385,100,0,4,100,100,0,0,0,0,0,100,100,0.0216111481,38.8783160951,25.0000000000,13.8225672244,1.0000000000,0.8480000000,250.0000000000,0,0,0,33,0
386,100,0,6,100,100,0,0,1,106,782,100,100,0.0414761926,38.8368399026,16.6666666667,15.6881590756,1.0000000000,0.9768960000,217.0138888889,0,0,0,9,0
387,100,0,6,100,100,0,0,0,0,0,100,100,0.0238105964,38.8130293062,16.6666666667,15.6881590756,1.0000000000,0.8480000000,250.0000000000,0,0,0,9,0
388,100,0,6,100,100,0,0,0,0,0,100,100,0.0238105964,38.7892187098,16.6666666667,15.6881590756,1.0000000000,0.8480000000,250.0000000000,0,0,0,9,0
389,100,0,6,100,100,0,0,0,0,0,100,100,0.0238105964,38.7654081134,16.6666666667,15.6881590756,1.0000000000,0.8480000000,250.0000000000,0,0,0,9,0
390,100,0,6,100,100,0,0,0,0,0,100,100,0.0238105964,38.7415975170,16.6666666667,15.6881590756,1.0000000000,0.8480000000,250.0000000000,0,0,0,9,0
391,100,0,6,100,100,0,0,1,106,782,100,100,0.0404407030,38.7011568140,16.6666666667,14.7553786581,1.0000000000,0.9768960000,217.0138888889,0,0,0,20,0
392,100,0,6,100,100,0,0,0,0,0,100,100,0.0227274330,38.6784293810,16.6666666667,14.7553786581,1.0000000000,0.8480000000,250.0000000000,0,0,0,20,0
393,100,0,6,100,100,0,0,0,0,0,100,100,0.0227274330,38.6557019481,16.6666666667,14.7553786581,1.0000000000,0.8480000000,250.0000000000,0,0,0,20,0
394,100,0,6,100,100,0,0,0,0,0,100,100,0.0227274330,38.6329745151,16.6666666667,14.7553786581,1.0000000000,0.8480000000,250.0000000000,0,0,0,20,0
395,100,0,6,100,100,0,0,0,0,0,100,100,0.0227274330,38.6102470822,16.6666666667,14.7553786581,1.0000000000,0.8480000000,250.0000000000,0,0,0,20,0
396,100,0,5,100,100,0,0,1,105,685,100,100,0.0397106627,38.5705364195,20.0000000000,15.6033627315,1.0000000000,0.9756800000,217.2843555264,0,0,0,11,0
397,100,0,5,100,100,0,0,0,0,0,100,100,0.0238245057,38.5467119138,20.0000000000,15.6033627315,1.0000000000,0.8480000000,250.0000000000,0,0,0,11,0
398,100,0,5,100,100,0,0,0,0,0,100,100,0.0238245057,38.5228874081,20.0000000000,15.6033627315,1.0000000000,0.8480000000,250.0000000000,0,0,0,11,0
399,100,0,5,100,100,0,0,0,0,0,100,100,0.0238245057,38.4990629024,20.0000000000,15.6033627315,1.0000000000,0.8480000000,250.0000000000,0,0,0,11,0
400,100,0,5,100,100,0,0,0,0,0,100,100,0.0238245057,38.4752383967,20.0000000000,15.6033627315,1.0000000000,0.8480000000,250.0000000000,0,0,0,11,0
401,100,0,1,100,100,0,0,1,101,297,100,100,0.0272621236,38.4479762731,100.0000000000,10.1761485552,1.0000000000,0.9708160000,218.3729975608,0,0,0,79,0
402,100,0,1,100,100,0,0,0,0,0,100,100,0.0172756574,38.4307006158,100.0000000000,10.1761485552,1.0000000000,0.8480000000,250.0000000000,0,0,0,79,0
403,100,0,1,100,100,0,0,0,0,0,100,100,0.0172756574,38.4134249584,100.0000000000,10.1761485552,1.0000000000,0.8480000000,250.0000000000,0,0,0,79,0
404,100,0,1,100,100,0,0,0,0,0,100,100,0.0172756574,38.3961493010,100.0000000000,10.1761485552,1.0000000000,0.8480000000,250.0000000000,0,0,0,79,0
405,100,0,1,100,100,0,0,0,0,0,100,100,0.0172756574,38.3788736437,100.0000000000,10.1761485552,1.0000000000,0.8480000000,250.0000000000,0,0,0,79,0
406,100,0,8,100,100,0,0,1,108,976,100,100,0.0441565647,38.3347170790,12.5000000000,15.2641790187,1.0000000000,0.9793280000,216.4749705921,0,0,0,12,0
407,100,0,8,100,100,0,0,0,0,0,100,100,0.0229523467,38.3117647323,12.5000000000,15.2641790187,1.0000000000,0.8480000000,250.0000000000,0,0,0,12,0
408,100,0,8,100,100,0,0,0,0,0,100,100,0.0229523467,38.2888123857,12.5000000000,15.2641790187,1.0000000000,0.8480000000,250.0000000000,0,0,0,12,0
409,100,0,8,100,100,0,0,0,0,0,100,100,0.0229523467,38.2658600390,12.5000000000,15.2641790187,1.0000000000,0.8480000000,250.0000000000,0,0,0,12,0
410,100,0,8,100,100,0,0,0,0,0,100,100,0.0229523467,38.2429076924,12.5000000000,15.2641790187,1.0000000000,0.8480000000,250.0000000000,0,0,0,12,0
411,100,0,3,100,100,0,0,1,103,491,100,100,0.0340852891,38.2088224032,33.3333333333,13.8225636714,1.0000000000,0.9732480000,217.8273163675,0,0,0,34,0
412,100,0,3,100,100,0,0,0,0,0,100,100,0.0215994763,38.1872229270,33.3333333333,13.8225636714,1.0000000000,0.8480000000,250.0000000000,0,0,0,34,0
413,100,0,3,100,100,0,0,0,0,0,100,100,0.0215994763,38.1656234507,33.3333333333,13.8225636714,1.0000000000,0.8480000000,250.0000000000,0,0,0,34,0
414,100,0,3,100,100,0,0,0,0,0,100,100,0.0215994763,38.1440239744,33.3333333333,13.8225636714,1.0000000000,0.8480000000,250.0000000000,0,0,0,34,0
415,100,0,3,100,100,0,0,0,0,0,100,100,0.0215994763,38.1224244982,33.3333333333,13.8225636714,1.0000000000,0.8480000000,250.0000000000,0,0,0,34,0
416,100,0,2,100,100,0,0,1,102,394,100,100,0.0323569533,38.0900675449,50.0000000000,13.0593461083,1.0000000000,0.9720320000,218.0998156439,0,0,0,44,0
417,100,0,2,100,100,0,0,0,0,0,100,100,0.0216032806,38.0684642643,50.0000000000,13.0593461083,1.0000000000,0.8480000000,250.0000000000,0,0,0,44,0
418,100,0,2,100,100,0,0,0,0,0,100,100,0.0216032806,38.0468609837,50.0000000000,13.0593461083,1.0000000000,0.8480000000,250.0000000000,0,0,0,44,0
419,100,0,2,100,100,0,0,0,0,0,100,100,0.0216032806,38.0252577031,50.0000000000,13.0593461083,1.0000000000,0.8480000000,250.0000000000,0,0,0,44,0
420,100,0,2,100,100,0,0,0,0,0,100,100,0.0216032806,38.0036544225,50.0000000000,13.0593461083,1.0000000000,0.8480000000,250.0000000000,0,0,0,44,0
421,100,0,2,100,100,0,0,1,102,394,100,100,0.0304715573,37.9731828653,50.0000000000,12.0417667451,1.0000000000,0.9720320000,218.0998156439,0,0,0,56,0
422,100,0,2,100,100,0,0,0,0,0,100,100,0.0195730619,37.9536098033,50.0000000000,12.0417667451,1.0000000000,0.8480000000,250.0000000000,0,0,0,56,0
423,100,0,2,100,100,0,0,0,0,0,100,100,0.0195730619,37.9340367414,50.0000000000,12.0417667451,1.0000000000,0.8480000000,250.0000000000,0,0,0,56,0
424,100,0,2,100,100,0,0,0,0,0,100,100,0.0195730619,37.9144636795,50.0000000000,12.0417667451,1.0000000000,0.8480000000,250.0000000000,0,0,0,56,0
425,100,0,2,100,100,0,0,0,0,0,100,100,0.0195730619,37.8948906176,50.0000000000,12.0417667451,1.0000000000,0.8480000000,250.0000000000,0,0,0,56,0
426,100,0,3,100,100,0,0,1,103,491,100,100,0.0345336468,37.8603569707,33.3333333333,14.3313538962,1.0000000000,0.9732480000,217.8273163675,0,0,0,28,0
427,100,0,3,100,100,0,0,0,0,0,100,100,0.0221485538,37.8382084169,33.3333333333,14.3313538962,1.0000000000,0.8480000000,250.0000000000,0,0,0,28,0
428,100,0,3,100,100,0,0,0,0,0,100,100,0.0221485538,37.8160598631,33.3333333333,14.3313538962,1.0000000000,0.8480000000,250.0000000000,0,0,0,28,0
429,100,0,3,100,100,0,0,0,0,0,100,100,0.0221485538,37.7939113093,33.3333333333,14.3313538962,1.0000000000,0.8480000000,250.0000000000,0,0,0,28,0
430,100,0,3,100,100,0,0,0,0,0,100,100,0.0221485538,37.7717627555,33.3333333333,14.3313538962,1.0000000000,0.8480000000,250.0000000000,0,0,0,28,0
431,100,0,3,100,100,0,0,1,103,491,100,100,0.0329523880,37.7388103674,33.3333333333,12.4657580682,1.0000000000,0.9732480000,217.8273163675,0,0,0,50,0
432,100,0,3,100,100,0,0,0,0,0,100,100,0.0202269413,37.7185834261,33.3333333333,12.4657580682,1.0000000000,0.8480000000,250.0000000000,0,0,0,50,0
433,100,0,3,100,100,0,0,0,0,0,100,100,0.0202269413,37.6983564848,33.3333333333,12.4657580682,1.0000000000,0.8480000000,250.0000000000,0,0,0,50,0
434,100,0,3,100,100,0,0,0,0,0,100,100,0.0202269413,37.6781295435,33.3333333333,12.4657580682,1.0000000000,0.8480000000,250.0000000000,0,0,0,50,0
435,100,0,3,100,100,0,0,0,0,0,100,100,0.0202269413,37.6579026022,33.3333333333,12.4657580682,1.0000000000,0.8480000000,250.0000000000,0,0,0,50,0
436,100,0,2,100,100,0,0,1,102,394,100,100,0.0328376278,37.6250649744,50.0000000000,13.8225537779,1.0000000000,0.9720320000,218.0998156439,0,0,0,35,0
437,100,0,2,100,100,0,0,0,0,0,100,100,0.0221275402,37.6029374343,50.0000000000,13.8225537779,1.0000000000,0.8480000000,250.0000000000,0,0,0,35,0
438,100,0,2,100,100,0,0,0,0,0,100,100,0.0221275402,37.5808098941,50.0000000000,13.8225537779,1.0000000000,0.8480000000,250.0000000000,0,0,0,35,0
439,100,0,2,100,100,0,0,0,0,0,100,100,0.0221275402,37.5586823540,50.0000000000,13.8225537779,1.0000000000,0.8480000000,250.0000000000,0,0,0,35,0
440,100,0,2,100,100,0,0,0,0,0,100,100,0.0221275402,37.5365548138,50.0000000000,13.8225537779,1.0000000000,0.8480000000,250.0000000000,0,0,0,35,0
441,100,0,2,100,100,0,0,1,102,394,100,100,0.0307932641,37.5057615497,50.0000000000,12.4657678319,1.0000000000,0.9720320000,218.0998156439,0,0,0,51,0
442,100,0,2,100,100,0,0,0,0,0,100,100,0.0199884305,37.4857731192,50.0000000000,12.4657678319,1.0000000000,0.8480000000,250.0000000000,0,0,0,51,0
443,100,0,2,100,100,0,0,0,0,0,100,100,0.0199884305,37.4657846887,50.0000000000,12.4657678319,1.0000000000,0.8480000000,250.0000000000,0,0,0,51,0
444,100,0,2,100,100,0,0,0,0,0,100,100,0.0199884305,37.4457962582,50.0000000000,12.4657678319,1.0000000000,0.8480000000,250.0000000000,0,0,0,51,0
445,100,0,2,100,100,0,0,0,0,0,100,100,0.0199884305,37.4258078277,50.0000000000,12.4657678319,1.0000000000,0.8480000000,250.0000000000,0,0,0,51,0
446,100,0,4,100,100,0,0,1,104,588,100,100,0.0370519892,37.3887558385,25.0000000000,15.1793892215,1.0000000000,0.9744640000,217.5554971759,0,0,0,17,0
447,100,0,4,100,100,0,0,0,0,0,100,100,0.0229735094,37.3657823291,25.0000000000,15.1793892215,1.0000000000,0.8480000000,250.0000000000,0,0,0,17,0
448,100,0,4,100,100,0,0,0,0,0,100,100,0.0229735094,37.3428088196,25.0000000000,15.1793892215,1.0000000000,0.8480000000,250.0000000000,0,0,0,17,0
449,100,0,4,100,100,0,0,0,0,0,100,100,0.0229735094,37.3198353102,25.0000000000,15.1793892215,1.0000000000,0.8480000000,250.0000000000,0,0,0,17,0
450,100,0,4,100,100,0,0,0,0,0,100,100,0.0229735094,37.2968618007,25.0000000000,15.1793892215,1.0000000000,0.8480000000,250.0000000000,0,0,0,17,0
451,100,0,5,100,100,0,0,1,105,685,100,100,0.0391863735,37.2576754272,20.0000000000,15.2641740219,1.0000000000,0.9756800000,217.2843555264,0,0,0,15,0
452,100,0,5,100,100,0,0,0,0,0,100,100,0.0233130979,37.2343623292,20.0000000000,15.2641740219,1.0000000000,0.8480000000,250.0000000000,0,0,0,15,0
453,100,0,5,100,100,0,0,0,0,0,100,100,0.0233130979,37.2110492313,20.0000000000,15.2641740219,1.0000000000,0.8480000000,250.0000000000,0,0,0,15,0
454,100,0,5,100,100,0,0,0,0,0,100,100,0.0233130979,37.1877361333,20.0000000000,15.2641740219,1.0000000000,0.8480000000,250.0000000000,0,0,0,15,0
455,100,0,5,100,100,0,0,0,0,0,100,100,0.0233130979,37.1644230354,20.0000000000,15.2641740219,1.0000000000,0.8480000000,250.0000000000,0,0,0,15,0
456,100,0,1,100,100,0,0,1,101,297,100,100,0.0276283507,37.1367946847,100.0000000000,10.8545489262,1.0000000000,0.9708160000,218.3729975608,0,0,0,71,0
457,100,0,1,100,100,0,0,0,0,0,100,100,0.0180460706,37.1187486141,100.0000000000,10.8545489262,1.0000000000,0.8480000000,250.0000000000,0,0,0,71,0
458,100,0,1,100,100,0,0,0,0,0,100,100,0.0180460706,37.1007025435,100.0000000000,10.8545489262,1.0000000000,0.8480000000,250.0000000000,0,0,0,71,0
459,100,0,1,100,100,0,0,0,0,0,100,100,0.0180460706,37.0826564729,100.0000000000,10.8545489262,1.0000000000,0.8480000000,250.0000000000,0,0,0,71,0
460,100,0,1,100,100,0,0,0,0,0,100,100,0.0180460706,37.0646104023,100.0000000000,10.8545489262,1.0000000000,0.8480000000,250.0000000000,0,0,0,71,0
461,100,0,6,100,100,0,0,1,106,782,100,100,0.0413565840,37.0232538183,16.6666666667,15.7729585172,1.0000000000,0.9768960000,217.0138888889,0,0,0,8,0
462,100,0,6,100,100,0,0,0,0,0,100,100,0.0237369059,36.9995169124,16.6666666667,15.7729585172,1.0000000000,0.8480000000,250.0000000000,0,0,0,8,0
463,100,0,6,100,100,0,0,0,0,0,100,100,0.0237369059,36.9757800065,16.6666666667,15.7729585172,1.0000000000,0.8480000000,250.0000000000,0,0,0,8,0
464,100,0,6,100,100,0,0,0,0,0,100,100,0.0237369059,36.9520431006,16.6666666667,15.7729585172,1.0000000000,0.8480000000,250.0000000000,0,0,0,8,0
465,100,0,6,100,100,0,0,0,0,0,100,100,0.0237369059,36.9283061948,16.6666666667,15.7729585172,1.0000000000,0.8480000000,250.0000000000,0,0,0,8,0
466,100,0,6,100,100,0,0,1,106,782,100,100,0.0411908243,36.8871153705,16.6666666667,15.5185816327,1.0000000000,0.9768960000,217.0138888889,0,0,0,11,0
467,100,0,6,100,100,0,0,0,0,0,100,100,0.0235369866,36.8635783839,16.6666666667,15.5185816327,1.0000000000,0.8480000000,250.0000000000,0,0,0,11,0
468,100,0,6,100,100,0,0,0,0,0,100,100,0.0235369866,36.8400413972,16.6666666667,15.5185816327,1.0000000000,0.8480000000,250.0000000000,0,0,0,11,0
469,100,0,6,100,100,0,0,0,0,0,100,100,0.0235369866,36.8165044106,16.6666666667,15.5185816327,1.0000000000,0.8480000000,250.0000000000,0,0,0,11,0
470,100,0,6,100,100,0,0,0,0,0,100,100,0.0235369866,36.7929674240,16.6666666667,15.5185816327,1.0000000000,0.8480000000,250.0000000000,0,0,0,11,0
471,100,0,5,100,100,0,0,1,105,685,100,100,0.0392225881,36.7537448359,20.0000000000,15.0945716284,1.0000000000,0.9756800000,217.2843555264,0,0,0,17,0
472,100,0,5,100,100,0,0,0,0,0,100,100,0.0233069189,36.7304379170,20.0000000000,15.0945716284,1.0000000000,0.8480000000,250.0000000000,0,0,0,17,0
473,100,0,5,100,100,0,0,0,0,0,100,100,0.0233069189,36.7071309981,20.0000000000,15.0945716284,1.0000000000,0.8480000000,250.0000000000,0,0,0,17,0
474,100,0,5,100,100,0,0,0,0,0,100,100,0.0233069189,36.6838240792,20.0000000000,15.0945716284,1.0000000000,0.8480000000,250.0000000000,0,0,0,17,0
475,100,0,5,100,100,0,0,0,0,0,100,100,0.0233069189,36.6605171602,20.0000000000,15.0945716284,1.0000000000,0.8480000000,250.0000000000,0,0,0,17,0
476,100,0,9,100,100,0,0,1,109,1073,100,100,0.0466837416,36.6138334187,11.1111111111,15.6033785184,1.0000000000,0.9805440000,216.2065139351,0,0,0,7,0
477,100,0,9,100,100,0,0,0,0,0,100,100,0.0236683745,36.5901650441,11.1111111111,15.6033785184,1.0000000000,0.8480000000,250.0000000000,0,0,0,7,0
478,100,0,9,100,100,0,0,0,0,0,100,100,0.0236683745,36.5664966696,11.1111111111,15.6033785184,1.0000000000,0.8480000000,250.0000000000,0,0,0,7,0
479,100,0,9,100,100,0,0,0,0,0,100,100,0.0236683745,36.5428282951,11.1111111111,15.6033785184,1.0000000000,0.8480000000,250.0000000000,0,0,0,7,0
480,100,0,9,100,100,0,0,0,0,0,100,100,0.0236683745,36.5191599206,11.1111111111,15.6033785184,1.0000000000,0.8480000000,250.0000000000,0,0,0,7,0
481,100,0,4,100,100,0,0,1,104,588,100,100,0.0368204602,36.4823394604,25.0000000000,14.5857638534,1.0000000000,0.9744640000,217.5554971759,0,0,0,24,0
482,100,0,4,100,100,0,0,0,0,0,100,100,0.0226223343,36.4597171261,25.0000000000,14.5857638534,1.0000000000,0.8480000000,250.0000000000,0,0,0,24,0
483,100,0,4,100,100,0,0,0,0,0,100,100,0.0226223343,36.4370947918,25.0000000000,14.5857638534,1.0000000000,0.8480000000,250.0000000000,0,0,0,24,0
484,100,0,4,100,100,0,0,0,0,0,100,100,0.0226223343,36.4144724576,25.0000000000,14.5857638534,1.0000000000,0.8480000000,250.0000000000,0,0,0,24,0
485,100,0,4,100,100,0,0,0,0,0,100,100,0.0226223343,36.3918501233,25.0000000000,14.5857638534,1.0000000000,0.8480000000,250.0000000000,0,0,0,24,0
486,100,0,4,100,100,0,0,1,104,588,100,100,0.0364971241,36.3553529992,25.0000000000,14.4161603247,1.0000000000,0.9744640000,217.5554971759,0,0,0,26,0
487,100,0,4,100,100,0,0,0,0,0,100,100,0.0223100475,36.3330429518,25.0000000000,14.4161603247,1.0000000000,0.8480000000,250.0000000000,0,0,0,26,0
488,100,0,4,100,100,0,0,0,0,0,100,100,0.0223100475,36.3107329043,25.0000000000,14.4161603247,1.0000000000,0.8480000000,250.0000000000,0,0,0,26,0
489,100,0,4,100,100,0,0,0,0,0,100,100,0.0223100475,36.2884228568,25.0000000000,14.4161603247,1.0000000000,0.8480000000,250.0000000000,0,0,0,26,0
490,100,0,4,100,100,0,0,0,0,0,100,100,0.0223100475,36.2661128093,25.0000000000,14.4161603247,1.0000000000,0.8480000000,250.0000000000,0,0,0,26,0
491,100,0,3,100,100,0,0,1,103,491,100,100,0.0333508426,36.2327619668,33.3333333333,12.8049561001,1.0000000000,0.9732480000,217.8273163675,0,0,0,46,0
492,100,0,3,100,100,0,0,0,0,0,100,100,0.0207014770,36.2120604898,33.3333333333,12.8049561001,1.0000000000,0.8480000000,250.0000000000,0,0,0,46,0
493,100,0,3,100,100,0,0,0,0,0,100,100,0.0207014770,36.1913590128,33.3333333333,12.8049561001,1.0000000000,0.8480000000,250.0000000000,0,0,0,46,0
494,100,0,3,100,100,0,0,0,0,0,100,100,0.0207014770,36.1706575359,33.3333333333,12.8049561001,1.0000000000,0.8480000000,250.0000000000,0,0,0,46,0
495,100,0,3,100,100,0,0,0,0,0,100,100,0.0207014770,36.1499560589,33.3333333333,12.8049561001,1.0000000000,0.8480000000,250.0000000000,0,0,0,46,0
496,100,0,11,100,100,0,0,1,111,1267,100,100,0.0490176030,36.1009384559,9.0909090909,15.0097697892,1.0000000000,0.9829760000,215.6715932027,0,0,0,12,0
497,100,0,11,100,100,0,0,0,0,0,100,100,0.0224753398,36.0784631162,9.0909090909,15.0097697892,1.0000000000,0.8480000000,250.0000000000,0,0,0,12,0
498,100,0,11,100,100,0,0,0,0,0,100,100,0.0224753398,36.0559877764,9.0909090909,15.0097697892,1.0000000000,0.8480000000,250.0000000000,0,0,0,12,0
499,100,0,11,100,100,0,0,0,0,0,100,100,0.0224753398,36.0335124366,9.0909090909,15.0097697892,1.0000000000,0.8480000000,250.0000000000,0,0,0,12,0
500,100,0,11,100,100,0,0,0,0,0,100,100,0.0224753398,36.0110370968,9.0909090909,15.0097697892,1.0000000000,0.8480000000,250.0000000000,0,0,0,12,0
501,100,0,3,100,100,0,0,1,103,491,100,100,0.0339442554,35.9770928414,33.3333333333,13.3985657045,1.0000000000,0.9732480000,217.8273163675,0,0,0,39,0
502,100,0,3,100,100,0,0,0,0,0,100,100,0.0213946718,35.9556981696,33.3333333333,13.3985657045,1.0000000000,0.8480000000,250.0000000000,0,0,0,39,0
503,100,0,3,100,100,0,0,0,0,0,100,100,0.0213946718,35.9343034978,33.3333333333,13.3985657045,1.0000000000,0.8480000000,250.0000000000,0,0,0,39,0
504,100,0,3,100,100,0,0,0,0,0,100,100,0.0213946718,35.9129088260,33.3333333333,13.3985657045,1.0000000000,0.8480000000,250.0000000000,0,0,0,39,0
505,100,0,3,100,100,0,0,0,0,0,100,100,0.0213946718,35.8915141542,33.3333333333,13.3985657045,1.0000000000,0.8480000000,250.0000000000,0,0,0,39,0
506,100,0,4,100,100,0,0,1,104,588,100,100,0.0368509660,35.8546631882,25.0000000000,14.8401719917,1.0000000000,0.9744640000,217.5554971759,0,0,0,21,0
507,100,0,4,100,100,0,0,0,0,0,100,100,0.0227213140,35.8319418742,25.0000000000,14.8401719917,1.0000000000,0.8480000000,250.0000000000,0,0,0,21,0
508,100,0,4,100,100,0,0,0,0,0,100,100,0.0227213140,35.8092205601,25.0000000000,14.8401719917,1.0000000000,0.8480000000,250.0000000000,0,0,0,21,0
509,100,0,4,100,100,0,0,0,0,0,100,100,0.0227213140,35.7864992461,25.0000000000,14.8401719917,1.0000000000,0.8480000000,250.0000000000,0,0,0,21,0
510,100,0,4,100,100,0,0,0,0,0,100,100,0.0227213140,35.7637779321,25.0000000000,14.8401719917,1.0000000000,0.8480000000,250.0000000000,0,0,0,21,0
511,100,0,1,100,100,0,0,1,101,297,100,100,0.0276296335,35.7361482986,100.0000000000,10.2609565215,1.0000000000,0.9708160000,218.3729975608,0,0,0,78,0
512,100,0,1,100,100,0,0,0,0,0,100,100,0.0176119049,35.7185363937,100.0000000000,10.2609565215,1.0000000000,0.8480000000,250.0000000000,0,0,0,78,0
513,100,0,1,100,100,0,0,0,0,0,100,100,0.0176119049,35.7009244888,100.0000000000,10.2609565215,1.0000000000,0.8480000000,250.0000000000,0,0,0,78,0
514,100,0,1,100,100,0,0,0,0,0,100,100,0.0176119049,35.6833125840,100.0000000000,10.2609565215,1.0000000000,0.8480000000,250.0000000000,0,0,0,78,0
515,100,0,1,100,100,0,0,0,0,0,100,100,0.0176119049,35.6657006791,100.0000000000,10.2609565215,1.0000000000,0.8480000000,250.0000000000,0,0,0,78,0
516,100,0,3,100,100,0,0,1,103,491,100,100,0.0349488791,35.6307518000,33.3333333333,14.0769603228,1.0000000000,0.9732480000,217.8273163675,0,0,0,31,0
517,100,0,3,100,100,0,0,0,0,0,100,100,0.0224536816,35.6082981184,33.3333333333,14.0769603228,1.0000000000,0.8480000000,250.0000000000,0,0,0,31,0
518,100,0,3,100,100,0,0,0,0,0,100,100,0.0224536816,35.5858444368,33.3333333333,14.0769603228,1.0000000000,0.8480000000,250.0000000000,0,0,0,31,0
519,100,0,3,100,100,0,0,0,0,0,100,100,0.0224536816,35.5633907552,33.3333333333,14.0769603228,1.0000000000,0.8480000000,250.0000000000,0,0,0,31,0
520,100,0,3,100,100,0,0,0,0,0,100,100,0.0224536816,35.5409370737,33.3333333333,14.0769603228,1.0000000000,0.8480000000,250.0000000000,0,0,0,31,0
521,100,0,1,100,100,0,0,1,101,297,100,100,0.0266987048,35.5142383689,100.0000000000,9.7521417600,1.0000000000,0.9708160000,218.3729975608,0,0,0,84,0
522,100,0,1,100,100,0,0,0,0,0,100,100,0.0167617054,35.4974766635,100.0000000000,9.7521417600,1.0000000000,0.8480000000,250.0000000000,0,0,0,84,0
523,100,0,1,100,100,0,0,0,0,0,100,100,0.0167617054,35.4807149581,100.0000000000,9.7521417600,1.0000000000,0.8480000000,250.0000000000,0,0,0,84,0
524,100,0,1,100,100,0,0,0,0,0,100,100,0.0167617054,35.4639532528,100.0000000000,9.7521417600,1.0000000000,0.8480000000,250.0000000000,0,0,0,84,0
525,100,0,1,100,100,0,0,0,0,0,100,100,0.0167617054,35.4471915474,100.0000000000,9.7521417600,1.0000000000,0.8480000000,250.0000000000,0,0,0,84,0
526,100,0,2,100,100,0,0,1,102,394,100,100,0.0293016789,35.4178898685,50.0000000000,11.1937588409,1.0000000000,0.9720320000,218.0998156439,0,0,0,66,0
527,100,0,2,100,100,0,0,0,0,0,100,100,0.0182803805,35.3996094880,50.0000000000,11.1937588409,1.0000000000,0.8480000000,250.0000000000,0,0,0,66,0
528,100,0,2,100,100,0,0,0,0,0,100,100,0.0182803805,35.3813291075,50.0000000000,11.1937588409,1.0000000000,0.8480000000,250.0000000000,0,0,0,66,0
529,100,0,2,100,100,0,0,0,0,0,100,100,0.0182803805,35.3630487270,50.0000000000,11.1937588409,1.0000000000,0.8480000000,250.0000000000,0,0,0,66,0
530,100,0,2,100,100,0,0,0,0,0,100,100,0.0182803805,35.3447683465,50.0000000000,11.1937588409,1.0000000000,0.8480000000,250.0000000000,0,0,0,66,0
531,100,0,8,100,100,0,0,1,108,976,100,100,0.0433389924,35.3014293541,12.5000000000,14.6705829552,1.0000000000,0.9793280000,216.4749705921,0,0,0,19,0
532,100,0,8,100,100,0,0,0,0,0,100,100,0.0221190382,35.2793103159,12.5000000000,14.6705829552,1.0000000000,0.8480000000,250.0000000000,0,0,0,19,0
533,100,0,8,100,100,0,0,0,0,0,100,100,0.0221190382,35.2571912776,12.5000000000,14.6705829552,1.0000000000,0.8480000000,250.0000000000,0,0,0,19,0
534,100,0,8,100,100,0,0,0,0,0,100,100,0.0221190382,35.2350722394,12.5000000000,14.6705829552,1.0000000000,0.8480000000,250.0000000000,0,0,0,19,0
535,100,0,8,100,100,0,0,0,0,0,100,100,0.0221190382,35.2129532012,12.5000000000,14.6705829552,1.0000000000,0.8480000000,250.0000000000,0,0,0,19,0
536,100,0,1,100,100,0,0,1,101,297,100,100,0.0288131113,35.1841400898,100.0000000000,11.6177416640,1.0000000000,0.9708160000,218.3729975608,0,0,0,62,0
537,100,0,1,100,100,0,0,0,0,0,100,100,0.0196638756,35.1644762142,100.0000000000,11.6177416640,1.0000000000,0.8480000000,250.0000000000,0,0,0,62,0
538,100,0,1,100,100,0,0,0,0,0,100,100,0.0196638756,35.1448123386,100.0000000000,11.6177416640,1.0000000000,0.8480000000,250.0000000000,0,0,0,62,0
539,100,0,1,100,100,0,0,0,0,0,100,100,0.0196638756,35.1251484629,100.0000000000,11.6177416640,1.0000000000,0.8480000000,250.0000000000,0,0,0,62,0
540,100,0,1,100,100,0,0,0,0,0,100,100,0.0196638756,35.1054845873,100.0000000000,11.6177416640,1.0000000000,0.8480000000,250.0000000000,0,0,0,62,0
541,100,0,2,100,100,0,0,1,102,394,100,100,0.0315790770,35.0739055102,50.0000000000,12.9745616879,1.0000000000,0.9720320000,218.0998156439,0,0,0,45,0
542,100,0,2,100,100,0,0,0,0,0,100,100,0.0208349926,35.0530705176,50.0000000000,12.9745616879,1.0000000000,0.8480000000,250.0000000000,0,0,0,45,0
543,100,0,2,100,100,0,0,0,0,0,100,100,0.0208349926,35.0322355250,50.0000000000,12.9745616879,1.0000000000,0.8480000000,250.0000000000,0,0,0,45,0
544,100,0,2,100,100,0,0,0,0,0,100,100,0.0208349926,35.0114005324,50.0000000000,12.9745616879,1.0000000000,0.8480000000,250.0000000000,0,0,0,45,0
545,100,0,2,100,100,0,0,0,0,0,100,100,0.0208349926,34.9905655398,50.0000000000,12.9745616879,1.0000000000,0.8480000000,250.0000000000,0,0,0,45,0
546,100,0,4,100,100,0,0,1,104,588,100,100,0.0359412878,34.9546242520,25.0000000000,13.9073672562,1.0000000000,0.9744640000,217.5554971759,0,0,0,32,0
547,100,0,4,100,100,0,0,0,0,0,100,100,0.0216780200,34.9329462320,25.0000000000,13.9073672562,1.0000000000,0.8480000000,250.0000000000,0,0,0,32,0
548,100,0,4,100,100,0,0,0,0,0,100,100,0.0216780200,34.9112682120,25.0000000000,13.9073672562,1.0000000000,0.8480000000,250.0000000000,0,0,0,32,0
549,100,0,4,100,100,0,0,0,0,0,100,100,0.0216780200,34.8895901920,25.0000000000,13.9073672562,1.0000000000,0.8480000000,250.0000000000,0,0,0,32,0
550,100,0,4,100,100,0,0,0,0,0,100,100,0.0216780200,34.8679121720,25.0000000000,13.9073672562,1.0000000000,0.8480000000,250.0000000000,0,0,0,32,0
551,100,0,2,100,100,0,0,1,102,394,100,100,0.0319672022,34.8359449698,50.0000000000,13.3137739837,1.0000000000,0.9720320000,218.0998156439,0,0,0,41,0
552,100,0,2,100,100,0,0,0,0,0,100,100,0.0212357602,34.8147092097,50.0000000000,13.3137739837,1.0000000000,0.8480000000,250.0000000000,0,0,0,41,0
553,100,0,2,100,100,0,0,0,0,0,100,100,0.0212357602,34.7934734495,50.0000000000,13.3137739837,1.0000000000,0.8480000000,250.0000000000,0,0,0,41,0
554,100,0,2,100,100,0,0,0,0,0,100,100,0.0212357602,34.7722376893,50.0000000000,13.3137739837,1.0000000000,0.8480000000,250.0000000000,0,0,0,41,0
555,100,0,2,100,100,0,0,0,0,0,100,100,0.0212357602,34.7510019292,50.0000000000,13.3137739837,1.0000000000,0.8480000000,250.0000000000,0,0,0,41,0
556,100,0,2,100,100,0,0,1,102,394,100,100,0.0315214171,34.7194805121,50.0000000000,13.1441637070,1.0000000000,0.9720320000,218.0998156439,0,0,0,43,0
557,100,0,2,100,100,0,0,0,0,0,100,100,0.0207956866,34.6986848255,50.0000000000,13.1441637070,1.0000000000,0.8480000000,250.0000000000,0,0,0,43,0
558,100,0,2,100,100,0,0,0,0,0,100,100,0.0207956866,34.6778891389,50.0000000000,13.1441637070,1.0000000000,0.8480000000,250.0000000000,0,0,0,43,0
559,100,0,2,100,100,0,0,0,0,0,100,100,0.0207956866,34.6570934523,50.0000000000,13.1441637070,1.0000000000,0.8480000000,250.0000000000,0,0,0,43,0
560,100,0,2,100,100,0,0,0,0,0,100,100,0.0207956866,34.6362977657,50.0000000000,13.1441637070,1.0000000000,0.8480000000,250.0000000000,0,0,0,43,0
561,100,0,4,100,100,0,0,1,104,588,100,100,0.0361867451,34.6001110206,25.0000000000,14.2465582407,1.0000000000,0.9744640000,217.5554971759,0,0,0,28,0
562,100,0,4,100,100,0,0,0,0,0,100,100,0.0220232937,34.5780877269,25.0000000000,14.2465582407,1.0000000000,0.8480000000,250.0000000000,0,0,0,28,0
563,100,0,4,100,100,0,0,0,0,0,100,100,0.0220232937,34.5560644333,25.0000000000,14.2465582407,1.0000000000,0.8480000000,250.0000000000,0,0,0,28,0
564,100,0,4,100,100,0,0,0,0,0,100,100,0.0220232937,34.5340411396,25.0000000000,14.2465582407,1.0000000000,0.8480000000,250.0000000000,0,0,0,28,0
565,100,0,4,100,100,0,0,0,0,0,100,100,0.0220232937,34.5120178459,25.0000000000,14.2465582407,1.0000000000,0.8480000000,250.0000000000,0,0,0,28,0
566,100,0,5,100,100,0,0,1,105,685,100,100,0.0401320201,34.4718858258,20.0000000000,15.6881653232,1.0000000000,0.9756800000,217.2843555264,0,0,0,10,0
567,100,0,5,100,100,0,0,0,0,0,100,100,0.0242146643,34.4476711614,20.0000000000,15.6881653232,1.0000000000,0.8480000000,250.0000000000,0,0,0,10,0
568,100,0,5,100,100,0,0,0,0,0,100,100,0.0242146643,34.4234564971,20.0000000000,15.6881653232,1.0000000000,0.8480000000,250.0000000000,0,0,0,10,0
569,100,0,5,100,100,0,0,0,0,0,100,100,0.0242146643,34.3992418327,20.0000000000,15.6881653232,1.0000000000,0.8480000000,250.0000000000,0,0,0,10,0
570,100,0,5,100,100,0,0,0,0,0,100,100,0.0242146643,34.3750271684,20.0000000000,15.6881653232,1.0000000000,0.8480000000,250.0000000000,0,0,0,10,0
571,100,0,5,100,100,0,0,1,105,685,100,100,0.0376907026,34.3373364658,20.0000000000,14.1617880153,1.0000000000,0.9756800000,217.2843555264,0,0,0,28,0
572,100,0,5,100,100,0,0,0,0,0,100,100,0.0217548010,34.3155816648,20.0000000000,14.1617880153,1.0000000000,0.8480000000,250.0000000000,0,0,0,28,0
573,100,0,5,100,100,0,0,0,0,0,100,100,0.0217548010,34.2938268639,20.0000000000,14.1617880153,1.0000000000,0.8480000000,250.0000000000,0,0,0,28,0
574,100,0,5,100,100,0,0,0,0,0,100,100,0.0217548010,34.2720720629,20.0000000000,14.1617880153,1.0000000000,0.8480000000,250.0000000000,0,0,0,28,0
575,100,0,5,100,100,0,0,0,0,0,100,100,0.0217548010,34.2503172619,20.0000000000,14.1617880153,1.0000000000,0.8480000000,250.0000000000,0,0,0,28,0
576,100,0,9,100,100,0,0,1,108,1073,100,100,0.0473438943,34.2029733676,11.1111111111,16.1121454423,1.0000000000,0.9793280000,216.4749705921,0,0,0,1,0
577,100,0,9,100,100,0,0,0,0,0,100,100,0.0243361986,34.1786371690,11.1111111111,16.1121454423,1.0000000000,0.8480000000,250.0000000000,0,0,0,1,0
578,100,0,9,100,100,0,0,0,0,0,100,100,0.0243361986,34.1543009703,11.1111111111,16.1121454423,1.0000000000,0.8480000000,250.0000000000,0,0,0,1,0
579,100,0,9,100,100,0,0,0,0,0,100,100,0.0243361986,34.1299647717,11.1111111111,16.1121454423,1.0000000000,0.8480000000,250.0000000000,0,0,0,1,0
580,100,0,9,100,100,0,0,0,0,0,100,100,0.0243361986,34.1056285731,11.1111111111,16.1121454423,1.0000000000,0.8480000000,250.0000000000,0,0,0,1,0
581,100,0,8,100,100,0,0,1,108,976,100,100,0.0446197093,34.0610088638,12.5000000000,15.3489772716,1.0000000000,0.9793280000,216.4749705921,0,0,0,11,0
582,100,0,8,100,100,0,0,0,0,0,100,100,0.0233868604,34.0376220034,12.5000000000,15.3489772716,1.0000000000,0.8480000000,250.0000000000,0,0,0,11,0
583,100,0,8,100,100,0,0,0,0,0,100,100,0.0233868604,34.0142351430,12.5000000000,15.3489772716,1.0000000000,0.8480000000,250.0000000000,0,0,0,11,0
584,100,0,8,100,100,0,0,0,0,0,100,100,0.0233868604,33.9908482826,12.5000000000,15.3489772716,1.0000000000,0.8480000000,250.0000000000,0,0,0,11,0
585,100,0,8,100,100,0,0,0,0,0,100,100,0.0233868604,33.9674614222,12.5000000000,15.3489772716,1.0000000000,0.8480000000,250.0000000000,0,0,0,11,0
586,100,0,8,100,100,0,0,1,108,976,100,100,0.0449315263,33.9225298959,12.5000000000,15.7729635033,1.0000000000,0.9793280000,216.4749705921,0,0,0,6,0
587,100,0,8,100,100,0,0,0,0,0,100,100,0.0237333195,33.8987965764,12.5000000000,15.7729635033,1.0000000000,0.8480000000,250.0000000000,0,0,0,6,0
588,100,0,8,100,100,0,0,0,0,0,100,100,0.0237333195,33.8750632569,12.5000000000,15.7729635033,1.0000000000,0.8480000000,250.0000000000,0,0,0,6,0
589,100,0,8,100,100,0,0,0,0,0,100,100,0.0237333195,33.8513299375,12.5000000000,15.7729635033,1.0000000000,0.8480000000,250.0000000000,0,0,0,6,0
590,100,0,8,100,100,0,0,0,0,0,100,100,0.0237333195,33.8275966180,12.5000000000,15.7729635033,1.0000000000,0.8480000000,250.0000000000,0,0,0,6,0
591,100,0,7,100,100,0,0,1,107,879,100,100,0.0407100268,33.7868865912,14.2857142857,13.6529643678,1.0000000000,0.9781120000,216.7440947458,0,0,0,32,0
592,100,0,7,100,100,0,0,0,0,0,100,100,0.0211138833,33.7657727079,14.2857142857,13.6529643678,1.0000000000,0.8480000000,250.0000000000,0,0,0,32,0
593,100,0,7,100,100,0,0,0,0,0,100,100,0.0211138833,33.7446588245,14.2857142857,13.6529643678,1.0000000000,0.8480000000,250.0000000000,0,0,0,32,0
594,100,0,7,100,100,0,0,0,0,0,100,100,0.0211138833,33.7235449412,14.2857142857,13.6529643678,1.0000000000,0.8480000000,250.0000000000,0,0,0,32,0
595,100,0,7,100,100,0,0,0,0,0,100,100,0.0211138833,33.7024310578,14.2857142857,13.6529643678,1.0000000000,0.8480000000,250.0000000000,0,0,0,32,0
596,100,0,9,100,100,0,0,1,109,1073,100,100,0.0453774531,33.6570536048,11.1111111111,14.8401811216,1.0000000000,0.9805440000,216.2065139351,0,0,0,16,0
597,100,0,9,100,100,0,0,0,0,0,100,100,0.0223858884,33.6346677164,11.1111111111,14.8401811216,1.0000000000,0.8480000000,250.0000000000,0,0,0,16,0
598,100,0,9,100,100,0,0,0,0,0,100,100,0.0223858884,33.6122818280,11.1111111111,14.8401811216,1.0000000000,0.8480000000,250.0000000000,0,0,0,16,0
599,100,0,9,100,100,0,0,0,0,0,100,100,0.0223858884,33.5898959396,11.1111111111,14.8401811216,1.0000000000,0.8480000000,250.0000000000,0,0,0,16,0
600,100,0,9,100,100,0,0,0,0,0,100,100,0.0223858884,33.5675100512,11.1111111111,14.8401811216,1.0000000000,0.8480000000,250.0000000000,0,0,0,16,0
601,100,0,1,100,100,0,0,1,101,297,100,100,0.0280807800,33.5394292712,100.0000000000,10.9393522018,1.0000000000,0.9708160000,218.3729975608,0,0,0,70,0
602,100,0,1,100,100,0,0,0,0,0,100,100,0.0185511239,33.5208781473,100.0000000000,10.9393522018,1.0000000000,0.8480000000,250.0000000000,0,0,0,70,0
603,100,0,1,100,100,0,0,0,0,0,100,100,0.0185511239,33.5023270234,100.0000000000,10.9393522018,1.0000000000,0.8480000000,250.0000000000,0,0,0,70,0
604,100,0,1,100,100,0,0,0,0,0,100,100,0.0185511239,33.4837758995,100.0000000000,10.9393522018,1.0000000000,0.8480000000,250.0000000000,0,0,0,70,0
605,100,0,1,100,100,0,0,0,0,0,100,100,0.0185511239,33.4652247755,100.0000000000,10.9393522018,1.0000000000,0.8480000000,250.0000000000,0,0,0,70,0
606,100,0,3,100,100,0,0,1,103,491,100,100,0.0332645915,33.4319601840,33.3333333333,13.2289903592,1.0000000000,0.9732480000,217.8273163675,0,0,0,41,0
607,100,0,3,100,100,0,0,0,0,0,100,100,0.0207924041,33.4111677799,33.3333333333,13.2289903592,1.0000000000,0.8480000000,250.0000000000,0,0,0,41,0
608,100,0,3,100,100,0,0,0,0,0,100,100,0.0207924041,33.3903753757,33.3333333333,13.2289903592,1.0000000000,0.8480000000,250.0000000000,0,0,0,41,0
609,100,0,3,100,100,0,0,0,0,0,100,100,0.0207924041,33.3695829716,33.3333333333,13.2289903592,1.0000000000,0.8480000000,250.0000000000,0,0,0,41,0
610,100,0,3,100,100,0,0,0,0,0,100,100,0.0207924041,33.3487905675,33.3333333333,13.2289903592,1.0000000000,0.8480000000,250.0000000000,0,0,0,41,0
611,100,0,7,100,100,0,0,1,107,879,100,100,0.0420928138,33.3066977536,14.2857142857,14.8401949043,1.0000000000,0.9781120000,216.7440947458,0,0,0,18,0
612,100,0,7,100,100,0,0,0,0,0,100,100,0.0226244193,33.2840733343,14.2857142857,14.8401949043,1.0000000000,0.8480000000,250.0000000000,0,0,0,18,0
613,100,0,7,100,100,0,0,0,0,0,100,100,0.0226244193,33.2614489151,14.2857142857,14.8401949043,1.0000000000,0.8480000000,250.0000000000,0,0,0,18,0
614,100,0,7,100,100,0,0,0,0,0,100,100,0.0226244193,33.2388244958,14.2857142857,14.8401949043,1.0000000000,0.8480000000,250.0000000000,0,0,0,18,0
615,100,0,7,100,100,0,0,0,0,0,100,100,0.0226244193,33.2162000765,14.2857142857,14.8401949043,1.0000000000,0.8480000000,250.0000000000,0,0,0,18,0
616,100,0,1,100,100,0,0,1,101,297,100,100,0.0310322703,33.1851678062,100.0000000000,12.9745348368,1.0000000000,0.9708160000,218.3729975608,0,0,0,46,0
617,100,0,1,100,100,0,0,0,0,0,100,100,0.0219937622,33.1631740440,100.0000000000,12.9745348368,1.0000000000,0.8480000000,250.0000000000,0,0,0,46,0
618,100,0,1,100,100,0,0,0,0,0,100,100,0.0219937622,33.1411802817,100.0000000000,12.9745348368,1.0000000000,0.8480000000,250.0000000000,0,0,0,46,0
619,100,0,1,100,100,0,0,0,0,0,100,100,0.0219937622,33.1191865195,100.0000000000,12.9745348368,1.0000000000,0.8480000000,250.0000000000,0,0,0,46,0
620,100,0,1,100,100,0,0,0,0,0,100,100,0.0219937622,33.0971927572,100.0000000000,12.9745348368,1.0000000000,0.8480000000,250.0000000000,0,0,0,46,0
621,100,0,2,100,100,0,0,1,102,394,100,100,0.0339514020,33.0632413553,50.0000000000,14.4161649949,1.0000000000,0.9720320000,218.0998156439,0,0,0,28,0
622,100,0,2,100,100,0,0,0,0,0,100,100,0.0232498244,33.0399915308,50.0000000000,14.4161649949,1.0000000000,0.8480000000,250.0000000000,0,0,0,28,0
623,100,0,2,100,100,0,0,0,0,0,100,100,0.0232498244,33.0167417064,50.0000000000,14.4161649949,1.0000000000,0.8480000000,250.0000000000,0,0,0,28,0
624,100,0,2,100,100,0,0,0,0,0,100,100,0.0232498244,32.9934918820,50.0000000000,14.4161649949,1.0000000000,0.8480000000,250.0000000000,0,0,0,28,0
625,100,0,2,100,100,0,0,0,0,0,100,100,0.0232498244,32.9702420576,50.0000000000,14.4161649949,1.0000000000,0.8480000000,250.0000000000,0,0,0,28,0
626,100,0,3,100,100,0,0,1,103,491,100,100,0.0341836966,32.9360583610,33.3333333333,14.2465665853,1.0000000000,0.9732480000,217.8273163675,0,0,0,29,0
627,100,0,3,100,100,0,0,0,0,0,100,100,0.0218195719,32.9142387891,33.3333333333,14.2465665853,1.0000000000,0.8480000000,250.0000000000,0,0,0,29,0
628,100,0,3,100,100,0,0,0,0,0,100,100,0.0218195719,32.8924192172,33.3333333333,14.2465665853,1.0000000000,0.8480000000,250.0000000000,0,0,0,29,0
629,100,0,3,100,100,0,0,0,0,0,100,100,0.0218195719,32.8705996453,33.3333333333,14.2465665853,1.0000000000,0.8480000000,250.0000000000,0,0,0,29,0
630,100,0,3,100,100,0,0,0,0,0,100,100,0.0218195719,32.8487800734,33.3333333333,14.2465665853,1.0000000000,0.8480000000,250.0000000000,0,0,0,29,0
631,100,0,2,100,100,0,0,1,102,394,100,100,0.0327474607,32.8160326127,50.0000000000,13.6529502245,1.0000000000,0.9720320000,218.0998156439,0,0,0,37,0
632,100,0,2,100,100,0,0,0,0,0,100,100,0.0220135460,32.7940190668,50.0000000000,13.6529502245,1.0000000000,0.8480000000,250.0000000000,0,0,0,37,0
633,100,0,2,100,100,0,0,0,0,0,100,100,0.0220135460,32.7720055208,50.0000000000,13.6529502245,1.0000000000,0.8480000000,250.0000000000,0,0,0,37,0
634,100,0,2,100,100,0,0,0,0,0,100,100,0.0220135460,32.7499919748,50.0000000000,13.6529502245,1.0000000000,0.8480000000,250.0000000000,0,0,0,37,0
635,100,0,2,100,100,0,0,0,0,0,100,100,0.0220135460,32.7279784289,50.0000000000,13.6529502245,1.0000000000,0.8480000000,250.0000000000,0,0,0,37,0
636,100,0,8,100,100,0,0,1,108,976,100,100,0.0440702593,32.6839081696,12.5000000000,14.4161625250,1.0000000000,0.9793280000,216.4749705921,0,0,0,22,0
637,100,0,8,100,100,0,0,0,0,0,100,100,0.0227054029,32.6612027667,12.5000000000,14.4161625250,1.0000000000,0.8480000000,250.0000000000,0,0,0,22,0
638,100,0,8,100,100,0,0,0,0,0,100,100,0.0227054029,32.6384973638,12.5000000000,14.4161625250,1.0000000000,0.8480000000,250.0000000000,0,0,0,22,0
639,100,0,8,100,100,0,0,0,0,0,100,100,0.0227054029,32.6157919610,12.5000000000,14.4161625250,1.0000000000,0.8480000000,250.0000000000,0,0,0,22,0
640,100,0,8,100,100,0,0,0,0,0,100,100,0.0227054029,32.5930865581,12.5000000000,14.4161625250,1.0000000000,0.8480000000,250.0000000000,0,0,0,22,0
641,100,0,6,100,100,0,0,1,106,782,100,100,0.0411337269,32.5519528312,16.6666666667,15.0097595564,1.0000000000,0.9768960000,217.0138888889,0,0,0,17,0
642,100,0,6,100,100,0,0,0,0,0,100,100,0.0233805490,32.5285722822,16.6666666667,15.0097595564,1.0000000000,0.8480000000,250.0000000000,0,0,0,17,0
643,100,0,6,100,100,0,0,0,0,0,100,100,0.0233805490,32.5051917331,16.6666666667,15.0097595564,1.0000000000,0.8480000000,250.0000000000,0,0,0,17,0
644,100,0,6,100,100,0,0,0,0,0,100,100,0.0233805490,32.4818111841,16.6666666667,15.0097595564,1.0000000000,0.8480000000,250.0000000000,0,0,0,17,0
645,100,0,6,100,100,0,0,0,0,0,100,100,0.0233805490,32.4584306351,16.6666666667,15.0097595564,1.0000000000,0.8480000000,250.0000000000,0,0,0,17,0
646,100,0,1,100,100,0,0,1,101,297,100,100,0.0284398361,32.4299907989,100.0000000000,11.0241667095,1.0000000000,0.9708160000,218.3729975608,0,0,0,69,0
647,100,0,1,100,100,0,0,0,0,0,100,100,0.0185249040,32.4114658950,100.0000000000,11.0241667095,1.0000000000,0.8480000000,250.0000000000,0,0,0,69,0
648,100,0,1,100,100,0,0,0,0,0,100,100,0.0185249040,32.3929409910,100.0000000000,11.0241667095,1.0000000000,0.8480000000,250.0000000000,0,0,0,69,0
649,100,0,1,100,100,0,0,0,0,0,100,100,0.0185249040,32.3744160870,100.0000000000,11.0241667095,1.0000000000,0.8480000000,250.0000000000,0,0,0,69,0
650,100,0,1,100,100,0,0,0,0,0,100,100,0.0185249040,32.3558911830,100.0000000000,11.0241667095,1.0000000000,0.8480000000,250.0000000000,0,0,0,69,0
651,100,0,6,100,100,0,0,1,106,782,100,100,0.0383232291,32.3175679540,16.6666666667,13.2289595550,1.0000000000,0.9768960000,217.0138888889,0,0,0,38,0
652,100,0,6,100,100,0,0,0,0,0,100,100,0.0205192314,32.2970487225,16.6666666667,13.2289595550,1.0000000000,0.8480000000,250.0000000000,0,0,0,38,0
653,100,0,6,100,100,0,0,0,0,0,100,100,0.0205192314,32.2765294911,16.6666666667,13.2289595550,1.0000000000,0.8480000000,250.0000000000,0,0,0,38,0
654,100,0,6,100,100,0,0,0,0,0,100,100,0.0205192314,32.2560102596,16.6666666667,13.2289595550,1.0000000000,0.8480000000,250.0000000000,0,0,0,38,0
655,100,0,6,100,100,0,0,0,0,0,100,100,0.0205192314,32.2354910282,16.6666666667,13.2289595550,1.0000000000,0.8480000000,250.0000000000,0,0,0,38,0
656,100,0,7,100,100,0,0,1,107,879,100,100,0.0416078545,32.1938831737,14.2857142857,14.4161667401,1.0000000000,0.9781120000,216.7440947458,0,0,0,23,0
657,100,0,7,100,100,0,0,0,0,0,100,100,0.0221027003,32.1717804734,14.2857142857,14.4161667401,1.0000000000,0.8480000000,250.0000000000,0,0,0,23,0
658,100,0,7,100,100,0,0,0,0,0,100,100,0.0221027003,32.1496777731,14.2857142857,14.4161667401,1.0000000000,0.8480000000,250.0000000000,0,0,0,23,0
659,100,0,7,100,100,0,0,0,0,0,100,100,0.0221027003,32.1275750728,14.2857142857,14.4161667401,1.0000000000,0.8480000000,250.0000000000,0,0,0,23,0
660,100,0,7,100,100,0,0,0,0,0,100,100,0.0221027003,32.1054723725,14.2857142857,14.4161667401,1.0000000000,0.8480000000,250.0000000000,0,0,0,23,0
661,100,0,3,100,100,0,0,1,103,491,100,100,0.0334006334,32.0720717391,33.3333333333,13.0593634175,1.0000000000,0.9732480000,217.8273163675,0,0,0,43,0
662,100,0,3,100,100,0,0,0,0,0,100,100,0.0208041609,32.0512675782,33.3333333333,13.0593634175,1.0000000000,0.8480000000,250.0000000000,0,0,0,43,0
663,100,0,3,100,100,0,0,0,0,0,100,100,0.0208041609,32.0304634173,33.3333333333,13.0593634175,1.0000000000,0.8480000000,250.0000000000,0,0,0,43,0
664,100,0,3,100,100,0,0,0,0,0,100,100,0.0208041609,32.0096592564,33.3333333333,13.0593634175,1.0000000000,0.8480000000,250.0000000000,0,0,0,43,0
665,100,0,3,100,100,0,0,0,0,0,100,100,0.0208041609,31.9888550955,33.3333333333,13.0593634175,1.0000000000,0.8480000000,250.0000000000,0,0,0,43,0
666,100,0,3,100,100,0,0,1,103,491,100,100,0.0324581519,31.9563969435,33.3333333333,12.5505549744,1.0000000000,0.9732480000,217.8273163675,0,0,0,49,0
667,100,0,3,100,100,0,0,0,0,0,100,100,0.0198532265,31.9365437170,33.3333333333,12.5505549744,1.0000000000,0.8480000000,250.0000000000,0,0,0,49,0
668,100,0,3,100,100,0,0,0,0,0,100,100,0.0198532265,31.9166904905,33.3333333333,12.5505549744,1.0000000000,0.8480000000,250.0000000000,0,0,0,49,0
669,100,0,3,100,100,0,0,0,0,0,100,100,0.0198532265,31.8968372639,33.3333333333,12.5505549744,1.0000000000,0.8480000000,250.0000000000,0,0,0,49,0
670,100,0,3,100,100,0,0,0,0,0,100,100,0.0198532265,31.8769840374,33.3333333333,12.5505549744,1.0000000000,0.8480000000,250.0000000000,0,0,0,49,0
671,100,0,11,100,100,0,0,1,111,1267,100,100,0.0495677564,31.8274162810,9.0909090909,15.2641650243,1.0000000000,0.9829760000,215.6715932027,0,0,0,9,0
672,100,0,11,100,100,0,0,0,0,0,100,100,0.0230000404,31.8044162406,9.0909090909,15.2641650243,1.0000000000,0.8480000000,250.0000000000,0,0,0,9,0
673,100,0,11,100,100,0,0,0,0,0,100,100,0.0230000404,31.7814162002,9.0909090909,15.2641650243,1.0000000000,0.8480000000,250.0000000000,0,0,0,9,0
674,100,0,11,100,100,0,0,0,0,0,100,100,0.0230000404,31.7584161598,9.0909090909,15.2641650243,1.0000000000,0.8480000000,250.0000000000,0,0,0,9,0
675,100,0,11,100,100,0,0,0,0,0,100,100,0.0230000404,31.7354161194,9.0909090909,15.2641650243,1.0000000000,0.8480000000,250.0000000000,0,0,0,9,0
676,100,0,2,100,100,0,0,1,102,394,100,100,0.0301700719,31.7052460475,50.0000000000,11.3633529904,1.0000000000,0.9720320000,218.0998156439,0,0,0,64,0
677,100,0,2,100,100,0,0,0,0,0,100,100,0.0190272524,31.6862187951,50.0000000000,11.3633529904,1.0000000000,0.8480000000,250.0000000000,0,0,0,64,0
678,100,0,2,100,100,0,0,0,0,0,100,100,0.0190272524,31.6671915427,50.0000000000,11.3633529904,1.0000000000,0.8480000000,250.0000000000,0,0,0,64,0
679,100,0,2,100,100,0,0,0,0,0,100,100,0.0190272524,31.6481642903,50.0000000000,11.3633529904,1.0000000000,0.8480000000,250.0000000000,0,0,0,64,0
680,100,0,2,100,100,0,0,0,0,0,100,100,0.0190272524,31.6291370379,50.0000000000,11.3633529904,1.0000000000,0.8480000000,250.0000000000,0,0,0,64,0
681,100,0,7,100,100,0,0,1,107,879,100,100,0.0419857021,31.5871513358,14.2857142857,14.8401766147,1.0000000000,0.9781120000,216.7440947458,0,0,0,18,0
682,100,0,7,100,100,0,0,0,0,0,100,100,0.0225295613,31.5646217745,14.2857142857,14.8401766147,1.0000000000,0.8480000000,250.0000000000,0,0,0,18,0
683,100,0,7,100,100,0,0,0,0,0,100,100,0.0225295613,31.5420922132,14.2857142857,14.8401766147,1.0000000000,0.8480000000,250.0000000000,0,0,0,18,0
684,100,0,7,100,100,0,0,0,0,0,100,100,0.0225295613,31.5195626519,14.2857142857,14.8401766147,1.0000000000,0.8480000000,250.0000000000,0,0,0,18,0
685,100,0,7,100,100,0,0,0,0,0,100,100,0.0225295613,31.4970330906,14.2857142857,14.8401766147,1.0000000000,0.8480000000,250.0000000000,0,0,0,18,0
686,100,0,6,100,100,0,0,1,106,782,100,100,0.0385628301,31.4584702605,16.6666666667,13.3985689082,1.0000000000,0.9768960000,217.0138888889,0,0,0,36,0
687,100,0,6,100,100,0,0,0,0,0,100,100,0.0207221921,31.4377480684,16.6666666667,13.3985689082,1.0000000000,0.8480000000,250.0000000000,0,0,0,36,0
688,100,0,6,100,100,0,0,0,0,0,100,100,0.0207221921,31.4170258763,16.6666666667,13.3985689082,1.0000000000,0.8480000000,250.0000000000,0,0,0,36,0
689,100,0,6,100,100,0,0,0,0,0,100,100,0.0207221921,31.3963036842,16.6666666667,13.3985689082,1.0000000000,0.8480000000,250.0000000000,0,0,0,36,0
690,100,0,6,100,100,0,0,0,0,0,100,100,0.0207221921,31.3755814921,16.6666666667,13.3985689082,1.0000000000,0.8480000000,250.0000000000,0,0,0,36,0
691,100,0,5,100,100,0,0,1,105,685,100,100,0.0381269074,31.3374545847,20.0000000000,14.4161783409,1.0000000000,0.9756800000,217.2843555264,0,0,0,25,0
692,100,0,5,100,100,0,0,0,0,0,100,100,0.0221875559,31.3152670288,20.0000000000,14.4161783409,1.0000000000,0.8480000000,250.0000000000,0,0,0,25,0
693,100,0,5,100,100,0,0,0,0,0,100,100,0.0221875559,31.2930794729,20.0000000000,14.4161783409,1.0000000000,0.8480000000,250.0000000000,0,0,0,25,0
694,100,0,5,100,100,0,0,0,0,0,100,100,0.0221875559,31.2708919171,20.0000000000,14.4161783409,1.0000000000,0.8480000000,250.0000000000,0,0,0,25,0
695,100,0,5,100,100,0,0,0,0,0,100,100,0.0221875559,31.2487043612,20.0000000000,14.4161783409,1.0000000000,0.8480000000,250.0000000000,0,0,0,25,0
696,100,0,4,100,100,0,0,1,104,588,100,100,0.0361714810,31.2125328802,25.0000000000,14.0769551263,1.0000000000,0.9744640000,217.5554971759,0,0,0,30,0
697,100,0,4,100,100,0,0,0,0,0,100,100,0.0219491102,31.1905837700,25.0000000000,14.0769551263,1.0000000000,0.8480000000,250.0000000000,0,0,0,30,0
698,100,0,4,100,100,0,0,0,0,0,100,100,0.0219491102,31.1686346598,25.0000000000,14.0769551263,1.0000000000,0.8480000000,250.0000000000,0,0,0,30,0
699,100,0,4,100,100,0,0,0,0,0,100,100,0.0219491102,31.1466855495,25.0000000000,14.0769551263,1.0000000000,0.8480000000,250.0000000000,0,0,0,30,0
700,100,0,4,100,100,0,0,0,0,0,100,100,0.0219491102,31.1247364393,25.0000000000,14.0769551263,1.0000000000,0.8480000000,250.0000000000,0,0,0,30,0
701,100,0,1,100,100,0,0,1,101,297,100,100,0.0271938815,31.0975425578,100.0000000000,10.2609475242,1.0000000000,0.9708160000,218.3729975608,0,0,0,78,0
702,100,0,1,100,100,0,0,0,0,0,100,100,0.0173979137,31.0801446442,100.0000000000,10.2609475242,1.0000000000,0.8480000000,250.0000000000,0,0,0,78,0
703,100,0,1,100,100,0,0,0,0,0,100,100,0.0173979137,31.0627467305,100.0000000000,10.2609475242,1.0000000000,0.8480000000,250.0000000000,0,0,0,78,0
704,100,0,1,100,100,0,0,0,0,0,100,100,0.0173979137,31.0453488169,100.0000000000,10.2609475242,1.0000000000,0.8480000000,250.0000000000,0,0,0,78,0
705,100,0,1,100,100,0,0,0,0,0,100,100,0.0173979137,31.0279509032,100.0000000000,10.2609475242,1.0000000000,0.8480000000,250.0000000000,0,0,0,78,0
706,100,0,1,100,100,0,0,1,101,297,100,100,0.0271018736,31.0008490296,100.0000000000,9.7521461212,1.0000000000,0.9708160000,218.3729975608,0,0,0,84,0
707,100,0,1,100,100,0,0,0,0,0,100,100,0.0167284770,30.9841205527,100.0000000000,9.7521461212,1.0000000000,0.8480000000,250.0000000000,0,0,0,84,0
708,100,0,1,100,100,0,0,0,0,0,100,100,0.0167284770,30.9673920757,100.0000000000,9.7521461212,1.0000000000,0.8480000000,250.0000000000,0,0,0,84,0
709,100,0,1,100,100,0,0,0,0,0,100,100,0.0167284770,30.9506635987,100.0000000000,9.7521461212,1.0000000000,0.8480000000,250.0000000000,0,0,0,84,0
710,100,0,1,100,100,0,0,0,0,0,100,100,0.0167284770,30.9339351218,100.0000000000,9.7521461212,1.0000000000,0.8480000000,250.0000000000,0,0,0,84,0
711,100,0,4,100,100,0,0,1,104,588,100,100,0.0361809526,30.8977541692,25.0000000000,14.2465737964,1.0000000000,0.9744640000,217.5554971759,0,0,0,28,0
712,100,0,4,100,100,0,0,0,0,0,100,100,0.0220193449,30.8757348243,25.0000000000,14.2465737964,1.0000000000,0.8480000000,250.0000000000,0,0,0,28,0
713,100,0,4,100,100,0,0,0,0,0,100,100,0.0220193449,30.8537154794,25.0000000000,14.2465737964,1.0000000000,0.8480000000,250.0000000000,0,0,0,28,0
714,100,0,4,100,100,0,0,0,0,0,100,100,0.0220193449,30.8316961345,25.0000000000,14.2465737964,1.0000000000,0.8480000000,250.0000000000,0,0,0,28,0
715,100,0,4,100,100,0,0,0,0,0,100,100,0.0220193449,30.8096767895,25.0000000000,14.2465737964,1.0000000000,0.8480000000,250.0000000000,0,0,0,28,0
716,100,0,1,100,100,0,0,1,101,297,100,100,0.0277752671,30.7819015224,100.0000000000,10.6849544366,1.0000000000,0.9708160000,218.3729975608,0,0,0,73,0
717,100,0,1,100,100,0,0,0,0,0,100,100,0.0178203962,30.7640811263,100.0000000000,10.6849544366,1.0000000000,0.8480000000,250.0000000000,0,0,0,73,0
718,100,0,1,100,100,0,0,0,0,0,100,100,0.0178203962,30.7462607301,100.0000000000,10.6849544366,1.0000000000,0.8480000000,250.0000000000,0,0,0,73,0
719,100,0,1,100,100,0,0,0,0,0,100,100,0.0178203962,30.7284403340,100.0000000000,10.6849544366,1.0000000000,0.8480000000,250.0000000000,0,0,0,73,0
720,100,0,1,100,100,0,0,0,0,0,100,100,0.0178203962,30.7106199378,100.0000000000,10.6849544366,1.0000000000,0.8480000000,250.0000000000,0,0,0,73,0
721,100,0,3,100,100,0,0,1,103,491,100,100,0.0334212607,30.6771986771,33.3333333333,12.8049597283,1.0000000000,0.9732480000,217.8273163675,0,0,0,46,0
722,100,0,3,100,100,0,0,0,0,0,100,100,0.0208011480,30.6563975291,33.3333333333,12.8049597283,1.0000000000,0.8480000000,250.0000000000,0,0,0,46,0
723,100,0,3,100,100,0,0,0,0,0,100,100,0.0208011480,30.6355963811,33.3333333333,12.8049597283,1.0000000000,0.8480000000,250.0000000000,0,0,0,46,0
724,100,0,3,100,100,0,0,0,0,0,100,100,0.0208011480,30.6147952330,33.3333333333,12.8049597283,1.0000000000,0.8480000000,250.0000000000,0,0,0,46,0
725,100,0,3,100,100,0,0,0,0,0,100,100,0.0208011480,30.5939940850,33.3333333333,12.8049597283,1.0000000000,0.8480000000,250.0000000000,0,0,0,46,0
726,100,0,2,100,100,0,0,1,102,394,100,100,0.0292242808,30.5647698042,50.0000000000,10.6001517641,1.0000000000,0.9720320000,218.0998156439,0,0,0,73,0
727,100,0,2,100,100,0,0,0,0,0,100,100,0.0178834782,30.5468863260,50.0000000000,10.6001517641,1.0000000000,0.8480000000,250.0000000000,0,0,0,73,0
728,100,0,2,100,100,0,0,0,0,0,100,100,0.0178834782,30.5290028478,50.0000000000,10.6001517641,1.0000000000,0.8480000000,250.0000000000,0,0,0,73,0
729,100,0,2,100,100,0,0,0,0,0,100,100,0.0178834782,30.5111193696,50.0000000000,10.6001517641,1.0000000000,0.8480000000,250.0000000000,0,0,0,73,0
730,100,0,2,100,100,0,0,0,0,0,100,100,0.0178834782,30.4932358915,50.0000000000,10.6001517641,1.0000000000,0.8480000000,250.0000000000,0,0,0,73,0
731,100,0,4,100,100,0,0,1,104,588,100,100,0.0353183677,30.4579175238,25.0000000000,13.6529812401,1.0000000000,0.9744640000,217.5554971759,0,0,0,35,0
732,100,0,4,100,100,0,0,0,0,0,100,100,0.0211278647,30.4367896591,25.0000000000,13.6529812401,1.0000000000,0.8480000000,250.0000000000,0,0,0,35,0
733,100,0,4,100,100,0,0,0,0,0,100,100,0.0211278647,30.4156617944,25.0000000000,13.6529812401,1.0000000000,0.8480000000,250.0000000000,0,0,0,35,0
734,100,0,4,100,100,0,0,0,0,0,100,100,0.0211278647,30.3945339297,25.0000000000,13.6529812401,1.0000000000,0.8480000000,250.0000000000,0,0,0,35,0
735,100,0,4,100,100,0,0,0,0,0,100,100,0.0211278647,30.3734060650,25.0000000000,13.6529812401,1.0000000000,0.8480000000,250.0000000000,0,0,0,35,0
736,100,0,2,100,100,0,0,1,102,394,100,100,0.0308717310,30.3425343340,50.0000000000,12.1265553781,1.0000000000,0.9720320000,218.0998156439,0,0,0,55,0
737,100,0,2,100,100,0,0,0,0,0,100,100,0.0198676634,30.3226666707,50.0000000000,12.1265553781,1.0000000000,0.8480000000,250.0000000000,0,0,0,55,0
738,100,0,2,100,100,0,0,0,0,0,100,100,0.0198676634,30.3027990073,50.0000000000,12.1265553781,1.0000000000,0.8480000000,250.0000000000,0,0,0,55,0
739,100,0,2,100,100,0,0,0,0,0,100,100,0.0198676634,30.2829313439,50.0000000000,12.1265553781,1.0000000000,0.8480000000,250.0000000000,0,0,0,55,0
740,100,0,2,100,100,0,0,0,0,0,100,100,0.0198676634,30.2630636806,50.0000000000,12.1265553781,1.0000000000,0.8480000000,250.0000000000,0,0,0,55,0
741,100,0,5,100,100,0,0,1,105,685,100,100,0.0397200281,30.2233436525,20.0000000000,15.4337809439,1.0000000000,0.9756800000,217.2843555264,0,0,0,13,0
742,100,0,5,100,100,0,0,0,0,0,100,100,0.0238014654,30.1995421871,20.0000000000,15.4337809439,1.0000000000,0.8480000000,250.0000000000,0,0,0,13,0
743,100,0,5,100,100,0,0,0,0,0,100,100,0.0238014654,30.1757407217,20.0000000000,15.4337809439,1.0000000000,0.8480000000,250.0000000000,0,0,0,13,0
744,100,0,5,100,100,0,0,0,0,0,100,100,0.0238014654,30.1519392563,20.0000000000,15.4337809439,1.0000000000,0.8480000000,250.0000000000,0,0,0,13,0
745,100,0,5,100,100,0,0,0,0,0,100,100,0.0238014654,30.1281377909,20.0000000000,15.4337809439,1.0000000000,0.8480000000,250.0000000000,0,0,0,13,0
746,100,0,5,100,100,0,0,1,104,685,100,100,0.0393374528,30.0888003381,20.0000000000,15.0945651977,1.0000000000,0.9744640000,217.5554971759,0,0,0,17,0
747,100,0,5,100,100,0,0,0,0,0,100,100,0.0234087306,30.0653916075,20.0000000000,15.0945651977,1.0000000000,0.8480000000,250.0000000000,0,0,0,17,0
748,100,0,5,100,100,0,0,0,0,0,100,100,0.0234087306,30.0419828769,20.0000000000,15.0945651977,1.0000000000,0.8480000000,250.0000000000,0,0,0,17,0
749,100,0,5,100,100,0,0,0,0,0,100,100,0.0234087306,30.0185741464,20.0000000000,15.0945651977,1.0000000000,0.8480000000,250.0000000000,0,0,0,17,0
750,100,0,5,100,100,0,0,0,0,0,100,100,0.0234087306,29.9951654158,20.0000000000,15.0945651977,1.0000000000,0.8480000000,250.0000000000,0,0,0,17,0
751,100,0,4,100,100,0,0,1,104,588,100,100,0.0376278533,29.9575375626,25.0000000000,15.1793794129,1.0000000000,0.9744640000,217.5554971759,0,0,0,17,0
752,100,0,4,100,100,0,0,0,0,0,100,100,0.0234822301,29.9340553325,25.0000000000,15.1793794129,1.0000000000,0.8480000000,250.0000000000,0,0,0,17,0
753,100,0,4,100,100,0,0,0,0,0,100,100,0.0234822301,29.9105731024,25.0000000000,15.1793794129,1.0000000000,0.8480000000,250.0000000000,0,0,0,17,0
754,100,0,4,100,100,0,0,0,0,0,100,100,0.0234822301,29.8870908724,25.0000000000,15.1793794129,1.0000000000,0.8480000000,250.0000000000,0,0,0,17,0
755,100,0,4,100,100,0,0,0,0,0,100,100,0.0234822301,29.8636086423,25.0000000000,15.1793794129,1.0000000000,0.8480000000,250.0000000000,0,0,0,17,0
756,100,0,1,100,100,0,0,1,101,297,100,100,0.0281683018,29.8354403405,100.0000000000,11.2785480200,1.0000000000,0.9708160000,218.3729975608,0,0,0,66,0
757,100,0,1,100,100,0,0,0,0,0,100,100,0.0188718451,29.8165684954,100.0000000000,11.2785480200,1.0000000000,0.8480000000,250.0000000000,0,0,0,66,0
758,100,0,1,100,100,0,0,0,0,0,100,100,0.0188718451,29.7976966504,100.0000000000,11.2785480200,1.0000000000,0.8480000000,250.0000000000,0,0,0,66,0
759,100,0,1,100,100,0,0,0,0,0,100,100,0.0188718451,29.7788248053,100.0000000000,11.2785480200,1.0000000000,0.8480000000,250.0000000000,0,0,0,66,0
760,100,0,1,100,100,0,0,0,0,0,100,100,0.0188718451,29.7599529602,100.0000000000,11.2785480200,1.0000000000,0.8480000000,250.0000000000,0,0,0,66,0
761,100,0,4,100,100,0,0,1,104,588,100,100,0.0363396270,29.7236133332,25.0000000000,14.2465802147,1.0000000000,0.9744640000,217.5554971759,0,0,0,28,0
762,100,0,4,100,100,0,0,0,0,0,100,100,0.0221597171,29.7014536161,25.0000000000,14.2465802147,1.0000000000,0.8480000000,250.0000000000,0,0,0,28,0
763,100,0,4,100,100,0,0,0,0,0,100,100,0.0221597171,29.6792938990,25.0000000000,14.2465802147,1.0000000000,0.8480000000,250.0000000000,0,0,0,28,0
764,100,0,4,100,100,0,0,0,0,0,100,100,0.0221597171,29.6571341818,25.0000000000,14.2465802147,1.0000000000,0.8480000000,250.0000000000,0,0,0,28,0
765,100,0,4,100,100,0,0,0,0,0,100,100,0.0221597171,29.6349744647,25.0000000000,14.2465802147,1.0000000000,0.8480000000,250.0000000000,0,0,0,28,0
766,100,0,5,100,100,0,0,1,105,685,100,100,0.0388137400,29.5961607248,20.0000000000,14.8401783249,1.0000000000,0.9756800000,217.2843555264,0,0,0,20,0
767,100,0,5,100,100,0,0,0,0,0,100,100,0.0228932093,29.5732675155,20.0000000000,14.8401783249,1.0000000000,0.8480000000,250.0000000000,0,0,0,20,0
768,100,0,5,100,100,0,0,0,0,0,100,100,0.0228932093,29.5503743062,20.0000000000,14.8401783249,1.0000000000,0.8480000000,250.0000000000,0,0,0,20,0
769,100,0,5,100,100,0,0,0,0,0,100,100,0.0228932093,29.5274810970,20.0000000000,14.8401783249,1.0000000000,0.8480000000,250.0000000000,0,0,0,20,0
770,100,0,5,100,100,0,0,0,0,0,100,100,0.0228932093,29.5045878877,20.0000000000,14.8401783249,1.0000000000,0.8480000000,250.0000000000,0,0,0,20,0
771,100,0,3,100,100,0,0,1,103,491,100,100,0.0329099169,29.4716779709,33.3333333333,13.0593803079,1.0000000000,0.9732480000,217.8273163675,0,0,0,43,0
772,100,0,3,100,100,0,0,0,0,0,100,100,0.0203229816,29.4513549892,33.3333333333,13.0593803079,1.0000000000,0.8480000000,250.0000000000,0,0,0,43,0
773,100,0,3,100,100,0,0,0,0,0,100,100,0.0203229816,29.4310320076,33.3333333333,13.0593803079,1.0000000000,0.8480000000,250.0000000000,0,0,0,43,0
774,100,0,3,100,100,0,0,0,0,0,100,100,0.0203229816,29.4107090260,33.3333333333,13.0593803079,1.0000000000,0.8480000000,250.0000000000,0,0,0,43,0
775,100,0,3,100,100,0,0,0,0,0,100,100,0.0203229816,29.3903860444,33.3333333333,13.0593803079,1.0000000000,0.8480000000,250.0000000000,0,0,0,43,0
776,100,0,2,100,100,0,0,1,102,394,100,100,0.0320838894,29.3583021550,50.0000000000,13.2289632700,1.0000000000,0.9720320000,218.0998156439,0,0,0,42,0
777,100,0,2,100,100,0,0,0,0,0,100,100,0.0213333439,29.3369688110,50.0000000000,13.2289632700,1.0000000000,0.8480000000,250.0000000000,0,0,0,42,0
778,100,0,2,100,100,0,0,0,0,0,100,100,0.0213333439,29.3156354671,50.0000000000,13.2289632700,1.0000000000,0.8480000000,250.0000000000,0,0,0,42,0
779,100,0,2,100,100,0,0,0,0,0,100,100,0.0213333439,29.2943021232,50.0000000000,13.2289632700,1.0000000000,0.8480000000,250.0000000000,0,0,0,42,0
780,100,0,2,100,100,0,0,0,0,0,100,100,0.0213333439,29.2729687792,50.0000000000,13.2289632700,1.0000000000,0.8480000000,250.0000000000,0,0,0,42,0
781,100,0,4,100,100,0,0,1,104,588,100,100,0.0387792164,29.2341895629,25.0000000000,15.7729719998,1.0000000000,0.9744640000,217.5554971759,0,0,0,10,0
782,100,0,4,100,100,0,0,0,0,0,100,100,0.0246044848,29.2095850781,25.0000000000,15.7729719998,1.0000000000,0.8480000000,250.0000000000,0,0,0,10,0
783,100,0,4,100,100,0,0,0,0,0,100,100,0.0246044848,29.1849805933,25.0000000000,15.7729719998,1.0000000000,0.8480000000,250.0000000000,0,0,0,10,0
784,100,0,4,100,100,0,0,0,0,0,100,100,0.0246044848,29.1603761086,25.0000000000,15.7729719998,1.0000000000,0.8480000000,250.0000000000,0,0,0,10,0
785,100,0,4,100,100,0,0,0,0,0,100,100,0.0246044848,29.1357716238,25.0000000000,15.7729719998,1.0000000000,0.8480000000,250.0000000000,0,0,0,10,0
786,100,0,9,100,100,0,0,1,108,1073,100,100,0.0456089835,29.0901626403,11.1111111111,15.0097693973,1.0000000000,0.9793280000,216.4749705921,0,0,0,14,0
787,100,0,9,100,100,0,0,0,0,0,100,100,0.0226252736,29.0675373667,11.1111111111,15.0097693973,1.0000000000,0.8480000000,250.0000000000,0,0,0,14,0
788,100,0,9,100,100,0,0,0,0,0,100,100,0.0226252736,29.0449120932,11.1111111111,15.0097693973,1.0000000000,0.8480000000,250.0000000000,0,0,0,14,0
789,100,0,9,100,100,0,0,0,0,0,100,100,0.0226252736,29.0222868196,11.1111111111,15.0097693973,1.0000000000,0.8480000000,250.0000000000,0,0,0,14,0
790,100,0,9,100,100,0,0,0,0,0,100,100,0.0226252736,28.9996615461,11.1111111111,15.0097693973,1.0000000000,0.8480000000,250.0000000000,0,0,0,14,0
791,100,0,11,100,100,0,0,1,110,1267,100,100,0.0495254768,28.9501360693,9.0909090909,15.1793694069,1.0000000000,0.9817600000,215.9387222947,0,0,0,10,0
792,100,0,11,100,100,0,0,0,0,0,100,100,0.0229547469,28.9271813224,9.0909090909,15.1793694069,1.0000000000,0.8480000000,250.0000000000,0,0,0,10,0
793,100,0,11,100,100,0,0,0,0,0,100,100,0.0229547469,28.9042265755,9.0909090909,15.1793694069,1.0000000000,0.8480000000,250.0000000000,0,0,0,10,0
794,100,0,11,100,100,0,0,0,0,0,100,100,0.0229547469,28.8812718286,9.0909090909,15.1793694069,1.0000000000,0.8480000000,250.0000000000,0,0,0,10,0
795,100,0,11,100,100,0,0,0,0,0,100,100,0.0229547469,28.8583170817,9.0909090909,15.1793694069,1.0000000000,0.8480000000,250.0000000000,0,0,0,10,0
796,100,0,14,100,100,0,0,1,112,1558,100,100,0.0531469400,28.8051701417,7.1428571429,13.4833645601,1.0000000000,0.9841920000,215.4051242034,0,0,0,27,0
797,100,0,14,100,100,0,0,0,0,0,100,100,0.0210939572,28.7840761845,7.1428571429,13.4833645601,1.0000000000,0.8480000000,250.0000000000,0,0,0,27,0
798,100,0,14,100,100,0,0,0,0,0,100,100,0.0210939572,28.7629822273,7.1428571429,13.4833645601,1.0000000000,0.8480000000,250.0000000000,0,0,0,27,0
799,100,0,14,100,100,0,0,0,0,0,100,100,0.0210939572,28.7418882702,7.1428571429,13.4833645601,1.0000000000,0.8480000000,250.0000000000,0,0,0,27,0
800,100,0,14,100,100,0,0,0,0,0,100,100,0.0210939572,28.7207943130,7.1428571429,13.4833645601,1.0000000000,0.8480000000,250.0000000000,0,0,0,27,0
801,100,0,2,100,100,0,0,1,102,394,100,100,0.0296563476,28.6911379654,50.0000000000,11.1089650861,1.0000000000,0.9720320000,218.0998156439,0,0,0,67,0
802,100,0,2,100,100,0,0,0,0,0,100,100,0.0183886425,28.6727493229,50.0000000000,11.1089650861,1.0000000000,0.8480000000,250.0000000000,0,0,0,67,0
803,100,0,2,100,100,0,0,0,0,0,100,100,0.0183886425,28.6543606805,50.0000000000,11.1089650861,1.0000000000,0.8480000000,250.0000000000,0,0,0,67,0
804,100,0,2,100,100,0,0,0,0,0,100,100,0.0183886425,28.6359720380,50.0000000000,11.1089650861,1.0000000000,0.8480000000,250.0000000000,0,0,0,67,0
805,100,0,2,100,100,0,0,0,0,0,100,100,0.0183886425,28.6175833955,50.0000000000,11.1089650861,1.0000000000,0.8480000000,250.0000000000,0,0,0,67,0
806,100,0,1,100,100,0,0,1,101,297,100,100,0.0279273599,28.5896560355,100.0000000000,11.1937468015,1.0000000000,0.9708160000,218.3729975608,0,0,0,67,0
807,100,0,1,100,100,0,0,0,0,0,100,100,0.0185337890,28.5711222465,100.0000000000,11.1937468015,1.0000000000,0.8480000000,250.0000000000,0,0,0,67,0
808,100,0,1,100,100,0,0,0,0,0,100,100,0.0185337890,28.5525884575,100.0000000000,11.1937468015,1.0000000000,0.8480000000,250.0000000000,0,0,0,67,0
809,100,0,1,100,100,0,0,0,0,0,100,100,0.0185337890,28.5340546685,100.0000000000,11.1937468015,1.0000000000,0.8480000000,250.0000000000,0,0,0,67,0
810,100,0,1,100,100,0,0,0,0,0,100,100,0.0185337890,28.5155208795,100.0000000000,11.1937468015,1.0000000000,0.8480000000,250.0000000000,0,0,0,67,0
811,100,0,1,100,100,0,0,1,101,297,100,100,0.0270969301,28.4884239495,100.0000000000,9.7521457313,1.0000000000,0.9708160000,218.3729975608,0,0,0,84,0
812,100,0,1,100,100,0,0,0,0,0,100,100,0.0167220099,28.4717019396,100.0000000000,9.7521457313,1.0000000000,0.8480000000,250.0000000000,0,0,0,84,0
813,100,0,1,100,100,0,0,0,0,0,100,100,0.0167220099,28.4549799297,100.0000000000,9.7521457313,1.0000000000,0.8480000000,250.0000000000,0,0,0,84,0
814,100,0,1,100,100,0,0,0,0,0,100,100,0.0167220099,28.4382579198,100.0000000000,9.7521457313,1.0000000000,0.8480000000,250.0000000000,0,0,0,84,0
815,100,0,1,100,100,0,0,0,0,0,100,100,0.0167220099,28.4215359099,100.0000000000,9.7521457313,1.0000000000,0.8480000000,250.0000000000,0,0,0,84,0
816,100,0,2,100,100,0,0,1,102,394,100,100,0.0292005088,28.3923354011,50.0000000000,10.8545539614,1.0000000000,0.9720320000,218.0998156439,0,0,0,70,0
817,100,0,2,100,100,0,0,0,0,0,100,100,0.0179664612,28.3743689399,50.0000000000,10.8545539614,1.0000000000,0.8480000000,250.0000000000,0,0,0,70,0
818,100,0,2,100,100,0,0,0,0,0,100,100,0.0179664612,28.3564024786,50.0000000000,10.8545539614,1.0000000000,0.8480000000,250.0000000000,0,0,0,70,0
819,100,0,2,100,100,0,0,0,0,0,100,100,0.0179664612,28.3384360174,50.0000000000,10.8545539614,1.0000000000,0.8480000000,250.0000000000,0,0,0,70,0
820,100,0,2,100,100,0,0,0,0,0,100,100,0.0179664612,28.3204695562,50.0000000000,10.8545539614,1.0000000000,0.8480000000,250.0000000000,0,0,0,70,0
821,100,0,1,100,100,0,0,1,101,297,100,100,0.0288131113,28.2916564449,100.0000000000,11.6177416640,1.0000000000,0.9708160000,218.3729975608,0,0,0,62,0
822,100,0,1,100,100,0,0,0,0,0,100,100,0.0196638756,28.2719925692,100.0000000000,11.6177416640,1.0000000000,0.8480000000,250.0000000000,0,0,0,62,0
823,100,0,1,100,100,0,0,0,0,0,100,100,0.0196638756,28.2523286936,100.0000000000,11.6177416640,1.0000000000,0.8480000000,250.0000000000,0,0,0,62,0
824,100,0,1,100,100,0,0,0,0,0,100,100,0.0196638756,28.2326648179,100.0000000000,11.6177416640,1.0000000000,0.8480000000,250.0000000000,0,0,0,62,0
825,100,0,1,100,100,0,0,0,0,0,100,100,0.0196638756,28.2130009423,100.0000000000,11.6177416640,1.0000000000,0.8480000000,250.0000000000,0,0,0,62,0
826,100,0,1,100,100,0,0,1,101,297,100,100,0.0279229627,28.1850779797,100.0000000000,11.1937472155,1.0000000000,0.9708160000,218.3729975608,0,0,0,67,0
827,100,0,1,100,100,0,0,0,0,0,100,100,0.0185108054,28.1665671742,100.0000000000,11.1937472155,1.0000000000,0.8480000000,250.0000000000,0,0,0,67,0
828,100,0,1,100,100,0,0,0,0,0,100,100,0.0185108054,28.1480563688,100.0000000000,11.1937472155,1.0000000000,0.8480000000,250.0000000000,0,0,0,67,0
829,100,0,1,100,100,0,0,0,0,0,100,100,0.0185108054,28.1295455634,100.0000000000,11.1937472155,1.0000000000,0.8480000000,250.0000000000,0,0,0,67,0
830,100,0,1,100,100,0,0,0,0,0,100,100,0.0185108054,28.1110347580,100.0000000000,11.1937472155,1.0000000000,0.8480000000,250.0000000000,0,0,0,67,0
831,100,0,1,100,100,0,0,1,101,297,100,100,0.0281890675,28.0828456905,100.0000000000,11.1089612667,1.0000000000,0.9708160000,218.3729975608,0,0,0,68,0
832,100,0,1,100,100,0,0,0,0,0,100,100,0.0185280479,28.0643176425,100.0000000000,11.1089612667,1.0000000000,0.8480000000,250.0000000000,0,0,0,68,0
833,100,0,1,100,100,0,0,0,0,0,100,100,0.0185280479,28.0457895946,100.0000000000,11.1089612667,1.0000000000,0.8480000000,250.0000000000,0,0,0,68,0
834,100,0,1,100,100,0,0,0,0,0,100,100,0.0185280479,28.0272615467,100.0000000000,11.1089612667,1.0000000000,0.8480000000,250.0000000000,0,0,0,68,0
835,100,0,1,100,100,0,0,0,0,0,100,100,0.0185280479,28.0087334988,100.0000000000,11.1089612667,1.0000000000,0.8480000000,250.0000000000,0,0,0,68,0
836,100,0,3,100,100,0,0,1,103,491,100,100,0.0328008554,27.9759326434,33.3333333333,12.4657562837,1.0000000000,0.9732480000,217.8273163675,0,0,0,50,0
837,100,0,3,100,100,0,0,0,0,0,100,100,0.0202039109,27.9557287325,33.3333333333,12.4657562837,1.0000000000,0.8480000000,250.0000000000,0,0,0,50,0
838,100,0,3,100,100,0,0,0,0,0,100,100,0.0202039109,27.9355248216,33.3333333333,12.4657562837,1.0000000000,0.8480000000,250.0000000000,0,0,0,50,0
839,100,0,3,100,100,0,0,0,0,0,100,100,0.0202039109,27.9153209108,33.3333333333,12.4657562837,1.0000000000,0.8480000000,250.0000000000,0,0,0,50,0
840,100,0,3,100,100,0,0,0,0,0,100,100,0.0202039109,27.8951169999,33.3333333333,12.4657562837,1.0000000000,0.8480000000,250.0000000000,0,0,0,50,0
841,100,0,5,100,100,0,0,1,105,685,100,100,0.0391187238,27.8559982761,20.0000000000,15.4337819877,1.0000000000,0.9756800000,217.2843555264,0,0,0,13,0
842,100,0,5,100,100,0,0,0,0,0,100,100,0.0232724390,27.8327258371,20.0000000000,15.4337819877,1.0000000000,0.8480000000,250.0000000000,0,0,0,13,0
843,100,0,5,100,100,0,0,0,0,0,100,100,0.0232724390,27.8094533980,20.0000000000,15.4337819877,1.0000000000,0.8480000000,250.0000000000,0,0,0,13,0
844,100,0,5,100,100,0,0,0,0,0,100,100,0.0232724390,27.7861809590,20.0000000000,15.4337819877,1.0000000000,0.8480000000,250.0000000000,0,0,0,13,0
845,100,0,5,100,100,0,0,0,0,0,100,100,0.0232724390,27.7629085199,20.0000000000,15.4337819877,1.0000000000,0.8480000000,250.0000000000,0,0,0,13,0
846,100,0,2,100,100,0,0,1,102,394,100,100,0.0304924753,27.7324160447,50.0000000000,11.9569645911,1.0000000000,0.9720320000,218.0998156439,0,0,0,57,0
847,100,0,2,100,100,0,0,0,0,0,100,100,0.0194432538,27.7129727908,50.0000000000,11.9569645911,1.0000000000,0.8480000000,250.0000000000,0,0,0,57,0
848,100,0,2,100,100,0,0,0,0,0,100,100,0.0194432538,27.6935295370,50.0000000000,11.9569645911,1.0000000000,0.8480000000,250.0000000000,0,0,0,57,0
849,100,0,2,100,100,0,0,0,0,0,100,100,0.0194432538,27.6740862832,50.0000000000,11.9569645911,1.0000000000,0.8480000000,250.0000000000,0,0,0,57,0
850,100,0,2,100,100,0,0,0,0,0,100,100,0.0194432538,27.6546430293,50.0000000000,11.9569645911,1.0000000000,0.8480000000,250.0000000000,0,0,0,57,0
851,100,0,5,100,100,0,0,1,105,685,100,100,0.0376664804,27.6169765490,20.0000000000,14.0769728759,1.0000000000,0.9756800000,217.2843555264,0,0,0,29,0
852,100,0,5,100,100,0,0,0,0,0,100,100,0.0216947889,27.5952817601,20.0000000000,14.0769728759,1.0000000000,0.8480000000,250.0000000000,0,0,0,29,0
853,100,0,5,100,100,0,0,0,0,0,100,100,0.0216947889,27.5735869711,20.0000000000,14.0769728759,1.0000000000,0.8480000000,250.0000000000,0,0,0,29,0
854,100,0,5,100,100,0,0,0,0,0,100,100,0.0216947889,27.5518921822,20.0000000000,14.0769728759,1.0000000000,0.8480000000,250.0000000000,0,0,0,29,0
855,100,0,5,100,100,0,0,0,0,0,100,100,0.0216947889,27.5301973933,20.0000000000,14.0769728759,1.0000000000,0.8480000000,250.0000000000,0,0,0,29,0
856,100,0,5,100,100,0,0,1,105,685,100,100,0.0381837242,27.4920136691,20.0000000000,14.4161774051,1.0000000000,0.9756800000,217.2843555264,0,0,0,25,0
857,100,0,5,100,100,0,0,0,0,0,100,100,0.0222390724,27.4697745967,20.0000000000,14.4161774051,1.0000000000,0.8480000000,250.0000000000,0,0,0,25,0
858,100,0,5,100,100,0,0,0,0,0,100,100,0.0222390724,27.4475355243,20.0000000000,14.4161774051,1.0000000000,0.8480000000,250.0000000000,0,0,0,25,0
859,100,0,5,100,100,0,0,0,0,0,100,100,0.0222390724,27.4252964519,20.0000000000,14.4161774051,1.0000000000,0.8480000000,250.0000000000,0,0,0,25,0
860,100,0,5,100,100,0,0,0,0,0,100,100,0.0222390724,27.4030573795,20.0000000000,14.4161774051,1.0000000000,0.8480000000,250.0000000000,0,0,0,25,0
861,100,0,1,100,100,0,0,1,101,297,100,100,0.0286120857,27.3744452939,100.0000000000,11.5329441306,1.0000000000,0.9708160000,218.3729975608,0,0,0,63,0
862,100,0,1,100,100,0,0,0,0,0,100,100,0.0193598434,27.3550854505,100.0000000000,11.5329441306,1.0000000000,0.8480000000,250.0000000000,0,0,0,63,0
863,100,0,1,100,100,0,0,0,0,0,100,100,0.0193598434,27.3357256071,100.0000000000,11.5329441306,1.0000000000,0.8480000000,250.0000000000,0,0,0,63,0
864,100,0,1,100,100,0,0,0,0,0,100,100,0.0193598434,27.3163657636,100.0000000000,11.5329441306,1.0000000000,0.8480000000,250.0000000000,0,0,0,63,0
865,100,0,1,100,100,0,0,0,0,0,100,100,0.0193598434,27.2970059202,100.0000000000,11.5329441306,1.0000000000,0.8480000000,250.0000000000,0,0,0,63,0
866,100,0,4,100,100,0,0,1,104,588,100,100,0.0343892053,27.2626167149,25.0000000000,12.8049755716,1.0000000000,0.9744640000,217.5554971759,0,0,0,45,0
867,100,0,4,100,100,0,0,0,0,0,100,100,0.0200702458,27.2425464691,25.0000000000,12.8049755716,1.0000000000,0.8480000000,250.0000000000,0,0,0,45,0
868,100,0,4,100,100,0,0,0,0,0,100,100,0.0200702458,27.2224762232,25.0000000000,12.8049755716,1.0000000000,0.8480000000,250.0000000000,0,0,0,45,0
869,100,0,4,100,100,0,0,0,0,0,100,100,0.0200702458,27.2024059774,25.0000000000,12.8049755716,1.0000000000,0.8480000000,250.0000000000,0,0,0,45,0
870,100,0,4,100,100,0,0,0,0,0,100,100,0.0200702458,27.1823357316,25.0000000000,12.8049755716,1.0000000000,0.8480000000,250.0000000000,0,0,0,45,0
871,100,0,9,100,100,0,0,1,109,1073,100,100,0.0469670483,27.1353686833,11.1111111111,15.9425655442,1.0000000000,0.9805440000,216.2065139351,0,0,0,3,0
872,100,0,9,100,100,0,0,0,0,0,100,100,0.0239718812,27.1113968021,11.1111111111,15.9425655442,1.0000000000,0.8480000000,250.0000000000,0,0,0,3,0
873,100,0,9,100,100,0,0,0,0,0,100,100,0.0239718812,27.0874249209,11.1111111111,15.9425655442,1.0000000000,0.8480000000,250.0000000000,0,0,0,3,0
874,100,0,9,100,100,0,0,0,0,0,100,100,0.0239718812,27.0634530398,11.1111111111,15.9425655442,1.0000000000,0.8480000000,250.0000000000,0,0,0,3,0
875,100,0,9,100,100,0,0,0,0,0,100,100,0.0239718812,27.0394811586,11.1111111111,15.9425655442,1.0000000000,0.8480000000,250.0000000000,0,0,0,3,0
876,100,0,4,100,100,0,0,1,104,588,100,100,0.0360695568,27.0034116018,25.0000000000,14.0769719895,1.0000000000,0.9744640000,217.5554971759,0,0,0,30,0
877,100,0,4,100,100,0,0,0,0,0,100,100,0.0219000223,26.9815115795,25.0000000000,14.0769719895,1.0000000000,0.8480000000,250.0000000000,0,0,0,30,0
878,100,0,4,100,100,0,0,0,0,0,100,100,0.0219000223,26.9596115572,25.0000000000,14.0769719895,1.0000000000,0.8480000000,250.0000000000,0,0,0,30,0
879,100,0,4,100,100,0,0,0,0,0,100,100,0.0219000223,26.9377115349,25.0000000000,14.0769719895,1.0000000000,0.8480000000,250.0000000000,0,0,0,30,0
880,100,0,4,100,100,0,0,0,0,0,100,100,0.0219000223,26.9158115126,25.0000000000,14.0769719895,1.0000000000,0.8480000000,250.0000000000,0,0,0,30,0
881,100,0,5,100,100,0,0,1,105,685,100,100,0.0374430990,26.8783684136,20.0000000000,14.0769743313,1.0000000000,0.9756800000,217.2843555264,0,0,0,29,0
882,100,0,5,100,100,0,0,0,0,0,100,100,0.0215248526,26.8568435610,20.0000000000,14.0769743313,1.0000000000,0.8480000000,250.0000000000,0,0,0,29,0
883,100,0,5,100,100,0,0,0,0,0,100,100,0.0215248526,26.8353187083,20.0000000000,14.0769743313,1.0000000000,0.8480000000,250.0000000000,0,0,0,29,0
884,100,0,5,100,100,0,0,0,0,0,100,100,0.0215248526,26.8137938557,20.0000000000,14.0769743313,1.0000000000,0.8480000000,250.0000000000,0,0,0,29,0
885,100,0,5,100,100,0,0,0,0,0,100,100,0.0215248526,26.7922690031,20.0000000000,14.0769743313,1.0000000000,0.8480000000,250.0000000000,0,0,0,29,0
886,100,0,6,100,100,0,0,1,106,782,100,100,0.0417176621,26.7505513410,16.6666666667,15.8577605491,1.0000000000,0.9768960000,217.0138888889,0,0,0,7,0
887,100,0,6,100,100,0,0,0,0,0,100,100,0.0240550931,26.7264962479,16.6666666667,15.8577605491,1.0000000000,0.8480000000,250.0000000000,0,0,0,7,0
888,100,0,6,100,100,0,0,0,0,0,100,100,0.0240550931,26.7024411548,16.6666666667,15.8577605491,1.0000000000,0.8480000000,250.0000000000,0,0,0,7,0
889,100,0,6,100,100,0,0,0,0,0,100,100,0.0240550931,26.6783860618,16.6666666667,15.8577605491,1.0000000000,0.8480000000,250.0000000000,0,0,0,7,0
890,100,0,6,100,100,0,0,0,0,0,100,100,0.0240550931,26.6543309687,16.6666666667,15.8577605491,1.0000000000,0.8480000000,250.0000000000,0,0,0,7,0
891,100,0,7,100,100,0,0,1,107,879,100,100,0.0429199154,26.6114110533,14.2857142857,15.5185748221,1.0000000000,0.9781120000,216.7440947458,0,0,0,10,0
892,100,0,7,100,100,0,0,0,0,0,100,100,0.0234850174,26.5879260359,14.2857142857,15.5185748221,1.0000000000,0.8480000000,250.0000000000,0,0,0,10,0
893,100,0,7,100,100,0,0,0,0,0,100,100,0.0234850174,26.5644410186,14.2857142857,15.5185748221,1.0000000000,0.8480000000,250.0000000000,0,0,0,10,0
894,100,0,7,100,100,0,0,0,0,0,100,100,0.0234850174,26.5409560012,14.2857142857,15.5185748221,1.0000000000,0.8480000000,250.0000000000,0,0,0,10,0
895,100,0,7,100,100,0,0,0,0,0,100,100,0.0234850174,26.5174709838,14.2857142857,15.5185748221,1.0000000000,0.8480000000,250.0000000000,0,0,0,10,0
896,100,0,13,100,100,0,0,1,113,1461,100,100,0.0530691969,26.4644017869,7.6923076923,15.2641635039,1.0000000000,0.9854080000,215.1393128532,0,0,0,7,0
897,100,0,13,100,100,0,0,0,0,0,100,100,0.0229353328,26.4414664542,7.6923076923,15.2641635039,1.0000000000,0.8480000000,250.0000000000,0,0,0,7,0
898,100,0,13,100,100,0,0,0,0,0,100,100,0.0229353328,26.4185311214,7.6923076923,15.2641635039,1.0000000000,0.8480000000,250.0000000000,0,0,0,7,0
899,100,0,13,100,100,0,0,0,0,0,100,100,0.0229353328,26.3955957887,7.6923076923,15.2641635039,1.0000000000,0.8480000000,250.0000000000,0,0,0,7,0
900,100,0,13,100,100,0,0,0,0,0,100,100,0.0229353328,26.3726604559,7.6923076923,15.2641635039,1.0000000000,0.8480000000,250.0000000000,0,0,0,7,0
901,100,0,4,100,100,0,0,1,104,588,100,100,0.0367444458,26.3359160101,25.0000000000,14.8401839519,1.0000000000,0.9744640000,217.5554971759,0,0,0,21,0
902,100,0,4,100,100,0,0,0,0,0,100,100,0.0226497223,26.3132662877,25.0000000000,14.8401839519,1.0000000000,0.8480000000,250.0000000000,0,0,0,21,0
903,100,0,4,100,100,0,0,0,0,0,100,100,0.0226497223,26.2906165654,25.0000000000,14.8401839519,1.0000000000,0.8480000000,250.0000000000,0,0,0,21,0
904,100,0,4,100,100,0,0,0,0,0,100,100,0.0226497223,26.2679668431,25.0000000000,14.8401839519,1.0000000000,0.8480000000,250.0000000000,0,0,0,21,0
905,100,0,4,100,100,0,0,0,0,0,100,100,0.0226497223,26.2453171208,25.0000000000,14.8401839519,1.0000000000,0.8480000000,250.0000000000,0,0,0,21,0
906,100,0,1,100,100,0,0,1,101,297,100,100,0.0288925389,26.2164245819,100.0000000000,11.7873401939,1.0000000000,0.9708160000,218.3729975608,0,0,0,60,0
907,100,0,1,100,100,0,0,0,0,0,100,100,0.0197867920,26.1966377899,100.0000000000,11.7873401939,1.0000000000,0.8480000000,250.0000000000,0,0,0,60,0
908,100,0,1,100,100,0,0,0,0,0,100,100,0.0197867920,26.1768509979,100.0000000000,11.7873401939,1.0000000000,0.8480000000,250.0000000000,0,0,0,60,0
909,100,0,1,100,100,0,0,0,0,0,100,100,0.0197867920,26.1570642060,100.0000000000,11.7873401939,1.0000000000,0.8480000000,250.0000000000,0,0,0,60,0
910,100,0,1,100,100,0,0,0,0,0,100,100,0.0197867920,26.1372774140,100.0000000000,11.7873401939,1.0000000000,0.8480000000,250.0000000000,0,0,0,60,0
911,100,0,2,100,100,0,0,1,102,394,100,100,0.0308361194,26.1064412946,50.0000000000,12.2113521623,1.0000000000,0.9720320000,218.0998156439,0,0,0,54,0
912,100,0,2,100,100,0,0,0,0,0,100,100,0.0200277684,26.0864135262,50.0000000000,12.2113521623,1.0000000000,0.8480000000,250.0000000000,0,0,0,54,0
913,100,0,2,100,100,0,0,0,0,0,100,100,0.0200277684,26.0663857578,50.0000000000,12.2113521623,1.0000000000,0.8480000000,250.0000000000,0,0,0,54,0
914,100,0,2,100,100,0,0,0,0,0,100,100,0.0200277684,26.0463579893,50.0000000000,12.2113521623,1.0000000000,0.8480000000,250.0000000000,0,0,0,54,0
915,100,0,2,100,100,0,0,0,0,0,100,100,0.0200277684,26.0263302209,50.0000000000,12.2113521623,1.0000000000,0.8480000000,250.0000000000,0,0,0,54,0
916,100,0,4,100,100,0,0,1,104,588,100,100,0.0328950252,25.9934351957,25.0000000000,10.5153553236,1.0000000000,0.9744640000,217.5554971759,0,0,0,72,0
917,100,0,4,100,100,0,0,0,0,0,100,100,0.0178301161,25.9756050796,25.0000000000,10.5153553236,1.0000000000,0.8480000000,250.0000000000,0,0,0,72,0
918,100,0,4,100,100,0,0,0,0,0,100,100,0.0178301161,25.9577749634,25.0000000000,10.5153553236,1.0000000000,0.8480000000,250.0000000000,0,0,0,72,0
919,100,0,4,100,100,0,0,0,0,0,100,100,0.0178301161,25.9399448473,25.0000000000,10.5153553236,1.0000000000,0.8480000000,250.0000000000,0,0,0,72,0
920,100,0,4,100,100,0,0,0,0,0,100,100,0.0178301161,25.9221147312,25.0000000000,10.5153553236,1.0000000000,0.8480000000,250.0000000000,0,0,0,72,0
921,100,0,4,100,100,0,0,1,104,588,100,100,0.0373949276,25.8847198037,25.0000000000,15.3489718025,1.0000000000,0.9744640000,217.5554971759,0,0,0,15,0
922,100,0,4,100,100,0,0,0,0,0,100,100,0.0233154052,25.8614043984,25.0000000000,15.3489718025,1.0000000000,0.8480000000,250.0000000000,0,0,0,15,0
923,100,0,4,100,100,0,0,0,0,0,100,100,0.0233154052,25.8380889932,25.0000000000,15.3489718025,1.0000000000,0.8480000000,250.0000000000,0,0,0,15,0
924,100,0,4,100,100,0,0,0,0,0,100,100,0.0233154052,25.8147735880,25.0000000000,15.3489718025,1.0000000000,0.8480000000,250.0000000000,0,0,0,15,0
925,100,0,4,100,100,0,0,0,0,0,100,100,0.0233154052,25.7914581827,25.0000000000,15.3489718025,1.0000000000,0.8480000000,250.0000000000,0,0,0,15,0
926,100,0,3,100,100,0,0,1,103,491,100,100,0.0314265552,25.7600316275,33.3333333333,11.1089572018,1.0000000000,0.9732480000,217.8273163675,0,0,0,66,0
927,100,0,3,100,100,0,0,0,0,0,100,100,0.0183747341,25.7416568933,33.3333333333,11.1089572018,1.0000000000,0.8480000000,250.0000000000,0,0,0,66,0
928,100,0,3,100,100,0,0,0,0,0,100,100,0.0183747341,25.7232821592,33.3333333333,11.1089572018,1.0000000000,0.8480000000,250.0000000000,0,0,0,66,0
929,100,0,3,100,100,0,0,0,0,0,100,100,0.0183747341,25.7049074251,33.3333333333,11.1089572018,1.0000000000,0.8480000000,250.0000000000,0,0,0,66,0
930,100,0,3,100,100,0,0,0,0,0,100,100,0.0183747341,25.6865326909,33.3333333333,11.1089572018,1.0000000000,0.8480000000,250.0000000000,0,0,0,66,0
931,100,0,1,100,100,0,0,1,101,297,100,100,0.0299451644,25.6565875266,100.0000000000,12.3809386483,1.0000000000,0.9708160000,218.3729975608,0,0,0,53,0
932,100,0,1,100,100,0,0,0,0,0,100,100,0.0208694423,25.6357180842,100.0000000000,12.3809386483,1.0000000000,0.8480000000,250.0000000000,0,0,0,53,0
933,100,0,1,100,100,0,0,0,0,0,100,100,0.0208694423,25.6148486419,100.0000000000,12.3809386483,1.0000000000,0.8480000000,250.0000000000,0,0,0,53,0
934,100,0,1,100,100,0,0,0,0,0,100,100,0.0208694423,25.5939791996,100.0000000000,12.3809386483,1.0000000000,0.8480000000,250.0000000000,0,0,0,53,0
935,100,0,1,100,100,0,0,0,0,0,100,100,0.0208694423,25.5731097572,100.0000000000,12.3809386483,1.0000000000,0.8480000000,250.0000000000,0,0,0,53,0
936,100,0,3,100,100,0,0,1,103,491,100,100,0.0319757844,25.5411339729,33.3333333333,11.8721717351,1.0000000000,0.9732480000,217.8273163675,0,0,0,57,0
937,100,0,3,100,100,0,0,0,0,0,100,100,0.0190980856,25.5220358873,33.3333333333,11.8721717351,1.0000000000,0.8480000000,250.0000000000,0,0,0,57,0
938,100,0,3,100,100,0,0,0,0,0,100,100,0.0190980856,25.5029378017,33.3333333333,11.8721717351,1.0000000000,0.8480000000,250.0000000000,0,0,0,57,0
939,100,0,3,100,100,0,0,0,0,0,100,100,0.0190980856,25.4838397161,33.3333333333,11.8721717351,1.0000000000,0.8480000000,250.0000000000,0,0,0,57,0
940,100,0,3,100,100,0,0,0,0,0,100,100,0.0190980856,25.4647416305,33.3333333333,11.8721717351,1.0000000000,0.8480000000,250.0000000000,0,0,0,57,0
941,100,0,3,100,100,0,0,1,103,491,100,100,0.0315914074,25.4331502231,33.3333333333,11.5329567470,1.0000000000,0.9732480000,217.8273163675,0,0,0,61,0
942,100,0,3,100,100,0,0,0,0,0,100,100,0.0187944021,25.4143558209,33.3333333333,11.5329567470,1.0000000000,0.8480000000,250.0000000000,0,0,0,61,0
943,100,0,3,100,100,0,0,0,0,0,100,100,0.0187944021,25.3955614188,33.3333333333,11.5329567470,1.0000000000,0.8480000000,250.0000000000,0,0,0,61,0
944,100,0,3,100,100,0,0,0,0,0,100,100,0.0187944021,25.3767670166,33.3333333333,11.5329567470,1.0000000000,0.8480000000,250.0000000000,0,0,0,61,0
945,100,0,3,100,100,0,0,0,0,0,100,100,0.0187944021,25.3579726145,33.3333333333,11.5329567470,1.0000000000,0.8480000000,250.0000000000,0,0,0,61,0
946,100,0,6,100,100,0,0,1,106,782,100,100,0.0389841486,25.3189884659,16.6666666667,13.6529760812,1.0000000000,0.9768960000,217.0138888889,0,0,0,33,0
947,100,0,6,100,100,0,0,0,0,0,100,100,0.0211785549,25.2978099110,16.6666666667,13.6529760812,1.0000000000,0.8480000000,250.0000000000,0,0,0,33,0
948,100,0,6,100,100,0,0,0,0,0,100,100,0.0211785549,25.2766313561,16.6666666667,13.6529760812,1.0000000000,0.8480000000,250.0000000000,0,0,0,33,0
949,100,0,6,100,100,0,0,0,0,0,100,100,0.0211785549,25.2554528012,16.6666666667,13.6529760812,1.0000000000,0.8480000000,250.0000000000,0,0,0,33,0
950,100,0,6,100,100,0,0,0,0,0,100,100,0.0211785549,25.2342742463,16.6666666667,13.6529760812,1.0000000000,0.8480000000,250.0000000000,0,0,0,33,0
951,100,0,3,100,100,0,0,1,103,491,100,100,0.0332141685,25.2010600777,33.3333333333,12.5505541548,1.0000000000,0.9732480000,217.8273163675,0,0,0,49,0
952,100,0,3,100,100,0,0,0,0,0,100,100,0.0205814449,25.1804786329,33.3333333333,12.5505541548,1.0000000000,0.8480000000,250.0000000000,0,0,0,49,0
953,100,0,3,100,100,0,0,0,0,0,100,100,0.0205814449,25.1598971880,33.3333333333,12.5505541548,1.0000000000,0.8480000000,250.0000000000,0,0,0,49,0
954,100,0,3,100,100,0,0,0,0,0,100,100,0.0205814449,25.1393157431,33.3333333333,12.5505541548,1.0000000000,0.8480000000,250.0000000000,0,0,0,49,0
955,100,0,3,100,100,0,0,0,0,0,100,100,0.0205814449,25.1187342982,33.3333333333,12.5505541548,1.0000000000,0.8480000000,250.0000000000,0,0,0,49,0
956,100,0,3,100,100,0,0,1,103,491,100,100,0.0332521553,25.0854821430,33.3333333333,13.0593763505,1.0000000000,0.9732480000,217.8273163675,0,0,0,43,0
957,100,0,3,100,100,0,0,0,0,0,100,100,0.0206549797,25.0648271633,33.3333333333,13.0593763505,1.0000000000,0.8480000000,250.0000000000,0,0,0,43,0
958,100,0,3,100,100,0,0,0,0,0,100,100,0.0206549797,25.0441721836,33.3333333333,13.0593763505,1.0000000000,0.8480000000,250.0000000000,0,0,0,43,0
959,100,0,3,100,100,0,0,0,0,0,100,100,0.0206549797,25.0235172040,33.3333333333,13.0593763505,1.0000000000,0.8480000000,250.0000000000,0,0,0,43,0
960,100,0,3,100,100,0,0,0,0,0,100,100,0.0206549797,25.0028622243,33.3333333333,13.0593763505,1.0000000000,0.8480000000,250.0000000000,0,0,0,43,0
961,100,0,5,100,100,0,0,1,105,685,100,100,0.0403411013,24.9625211231,20.0000000000,16.0273672774,1.0000000000,0.9756800000,217.2843555264,0,0,0,6,0
962,100,0,5,100,100,0,0,0,0,0,100,100,0.0244556170,24.9380655061,20.0000000000,16.0273672774,1.0000000000,0.8480000000,250.0000000000,0,0,0,6,0
963,100,0,5,100,100,0,0,0,0,0,100,100,0.0244556170,24.9136098892,20.0000000000,16.0273672774,1.0000000000,0.8480000000,250.0000000000,0,0,0,6,0
964,100,0,5,100,100,0,0,0,0,0,100,100,0.0244556170,24.8891542722,20.0000000000,16.0273672774,1.0000000000,0.8480000000,250.0000000000,0,0,0,6,0
965,100,0,5,100,100,0,0,0,0,0,100,100,0.0244556170,24.8646986553,20.0000000000,16.0273672774,1.0000000000,0.8480000000,250.0000000000,0,0,0,6,0
966,100,0,3,100,100,0,0,1,103,491,100,100,0.0319117658,24.8327868895,33.3333333333,11.5329505534,1.0000000000,0.9732480000,217.8273163675,0,0,0,61,0
967,100,0,3,100,100,0,0,0,0,0,100,100,0.0192146440,24.8135722454,33.3333333333,11.5329505534,1.0000000000,0.8480000000,250.0000000000,0,0,0,61,0
968,100,0,3,100,100,0,0,0,0,0,100,100,0.0192146440,24.7943576014,33.3333333333,11.5329505534,1.0000000000,0.8480000000,250.0000000000,0,0,0,61,0
969,100,0,3,100,100,0,0,0,0,0,100,100,0.0192146440,24.7751429574,33.3333333333,11.5329505534,1.0000000000,0.8480000000,250.0000000000,0,0,0,61,0
970,100,0,3,100,100,0,0,0,0,0,100,100,0.0192146440,24.7559283133,33.3333333333,11.5329505534,1.0000000000,0.8480000000,250.0000000000,0,0,0,61,0
971,100,0,6,100,100,0,0,1,106,782,100,100,0.0415046340,24.7144236793,16.6666666667,15.0945585786,1.0000000000,0.9768960000,217.0138888889,0,0,0,16,0
972,100,0,6,100,100,0,0,0,0,0,100,100,0.0237091466,24.6907145328,16.6666666667,15.0945585786,1.0000000000,0.8480000000,250.0000000000,0,0,0,16,0
973,100,0,6,100,100,0,0,0,0,0,100,100,0.0237091466,24.6670053862,16.6666666667,15.0945585786,1.0000000000,0.8480000000,250.0000000000,0,0,0,16,0
974,100,0,6,100,100,0,0,0,0,0,100,100,0.0237091466,24.6432962396,16.6666666667,15.0945585786,1.0000000000,0.8480000000,250.0000000000,0,0,0,16,0
975,100,0,6,100,100,0,0,0,0,0,100,100,0.0237091466,24.6195870931,16.6666666667,15.0945585786,1.0000000000,0.8480000000,250.0000000000,0,0,0,16,0
976,100,0,6,100,100,0,0,1,106,782,100,100,0.0414316772,24.5781554159,16.6666666667,15.6881727064,1.0000000000,0.9768960000,217.0138888889,0,0,0,9,0
977,100,0,6,100,100,0,0,0,0,0,100,100,0.0237840143,24.5543714016,16.6666666667,15.6881727064,1.0000000000,0.8480000000,250.0000000000,0,0,0,9,0
978,100,0,6,100,100,0,0,0,0,0,100,100,0.0237840143,24.5305873873,16.6666666667,15.6881727064,1.0000000000,0.8480000000,250.0000000000,0,0,0,9,0
979,100,0,6,100,100,0,0,0,0,0,100,100,0.0237840143,24.5068033730,16.6666666667,15.6881727064,1.0000000000,0.8480000000,250.0000000000,0,0,0,9,0
980,100,0,6,100,100,0,0,0,0,0,100,100,0.0237840143,24.4830193587,16.6666666667,15.6881727064,1.0000000000,0.8480000000,250.0000000000,0,0,0,9,0
981,100,0,3,100,100,0,0,1,103,491,100,100,0.0328210230,24.4501983357,33.3333333333,12.8049791371,1.0000000000,0.9732480000,217.8273163675,0,0,0,46,0
982,100,0,3,100,100,0,0,0,0,0,100,100,0.0202341028,24.4299642329,33.3333333333,12.8049791371,1.0000000000,0.8480000000,250.0000000000,0,0,0,46,0
983,100,0,3,100,100,0,0,0,0,0,100,100,0.0202341028,24.4097301302,33.3333333333,12.8049791371,1.0000000000,0.8480000000,250.0000000000,0,0,0,46,0
984,100,0,3,100,100,0,0,0,0,0,100,100,0.0202341028,24.3894960274,33.3333333333,12.8049791371,1.0000000000,0.8480000000,250.0000000000,0,0,0,46,0
985,100,0,3,100,100,0,0,0,0,0,100,100,0.0202341028,24.3692619246,33.3333333333,12.8049791371,1.0000000000,0.8480000000,250.0000000000,0,0,0,46,0
986,100,0,8,100,100,0,0,1,108,976,100,100,0.0443897227,24.3248722019,12.5000000000,14.9249603176,1.0000000000,0.9793280000,216.4749705921,0,0,0,16,0
987,100,0,8,100,100,0,0,0,0,0,100,100,0.0230825230,24.3017896789,12.5000000000,14.9249603176,1.0000000000,0.8480000000,250.0000000000,0,0,0,16,0
988,100,0,8,100,100,0,0,0,0,0,100,100,0.0230825230,24.2787071559,12.5000000000,14.9249603176,1.0000000000,0.8480000000,250.0000000000,0,0,0,16,0
989,100,0,8,100,100,0,0,0,0,0,100,100,0.0230825230,24.2556246329,12.5000000000,14.9249603176,1.0000000000,0.8480000000,250.0000000000,0,0,0,16,0
990,100,0,8,100,100,0,0,0,0,0,100,100,0.0230825230,24.2325421099,12.5000000000,14.9249603176,1.0000000000,0.8480000000,250.0000000000,0,0,0,16,0
991,100,0,7,100,100,0,0,1,107,879,100,100,0.0422047417,24.1903373682,14.2857142857,15.2641686643,1.0000000000,0.9781120000,216.7440947458,0,0,0,13,0
992,100,0,7,100,100,0,0,0,0,0,100,100,0.0228195453,24.1675178229,14.2857142857,15.2641686643,1.0000000000,0.8480000000,250.0000000000,0,0,0,13,0
993,100,0,7,100,100,0,0,0,0,0,100,100,0.0228195453,24.1446982776,14.2857142857,15.2641686643,1.0000000000,0.8480000000,250.0000000000,0,0,0,13,0
994,100,0,7,100,100,0,0,0,0,0,100,100,0.0228195453,24.1218787322,14.2857142857,15.2641686643,1.0000000000,0.8480000000,250.0000000000,0,0,0,13,0
995,100,0,7,100,100,0,0,0,0,0,100,100,0.0228195453,24.0990591869,14.2857142857,15.2641686643,1.0000000000,0.8480000000,250.0000000000,0,0,0,13,0
996,100,0,10,100,100,0,0,1,110,1170,100,100,0.0485351652,24.0505240217,10.0000000000,15.8577656528,1.0000000000,0.9817600000,215.9387222947,0,0,0,3,0
997,100,0,10,100,100,0,0,0,0,0,100,100,0.0237645921,24.0267594295,10.0000000000,15.8577656528,1.0000000000,0.8480000000,250.0000000000,0,0,0,3,0
998,100,0,10,100,100,0,0,0,0,0,100,100,0.0237645921,24.0029948374,10.0000000000,15.8577656528,1.0000000000,0.8480000000,250.0000000000,0,0,0,3,0
999,100,0,10,100,100,0,0,0,0,0,100,100,0.0237645921,23.9792302453,10.0000000000,15.8577656528,1.0000000000,0.8480000000,250.0000000000,0,0,0,3,0
1000,100,0,10,100,100,0,0,0,0,0,100,100,0.0237645921,23.9554656531,10.0000000000,15.8577656528,1.0000000000,0.8480000000,250.0000000000,0,0,0,3,0
1001,100,0,4,100,100,0,0,1,104,588,100,100,0.0360230081,23.9194426450,25.0000000000,13.9921622126,1.0000000000,0.9744640000,217.5554971759,0,0,0,31,0
1002,100,0,4,100,100,0,0,0,0,0,100,100,0.0218339283,23.8976087167,25.0000000000,13.9921622126,1.0000000000,0.8480000000,250.0000000000,0,0,0,31,0
1003,100,0,4,100,100,0,0,0,0,0,100,100,0.0218339283,23.8757747884,25.0000000000,13.9921622126,1.0000000000,0.8480000000,250.0000000000,0,0,0,31,0
1004,100,0,4,100,100,0,0,0,0,0,100,100,0.0218339283,23.8539408600,25.0000000000,13.9921622126,1.0000000000,0.8480000000,250.0000000000,0,0,0,31,0
1005,100,0,4,100,100,0,0,0,0,0,100,100,0.0218339283,23.8321069317,25.0000000000,13.9921622126,1.0000000000,0.8480000000,250.0000000000,0,0,0,31,0
1006,100,0,1,100,100,0,0,1,101,297,100,100,0.0276283507,23.8044785810,100.0000000000,10.8545489262,1.0000000000,0.9708160000,218.3729975608,0,0,0,71,0
1007,100,0,1,100,100,0,0,0,0,0,100,100,0.0180460706,23.7864325104,100.0000000000,10.8545489262,1.0000000000,0.8480000000,250.0000000000,0,0,0,71,0
1008,100,0,1,100,100,0,0,0,0,0,100,100,0.0180460706,23.7683864398,100.0000000000,10.8545489262,1.0000000000,0.8480000000,250.0000000000,0,0,0,71,0
1009,100,0,1,100,100,0,0,0,0,0,100,100,0.0180460706,23.7503403692,100.0000000000,10.8545489262,1.0000000000,0.8480000000,250.0000000000,0,0,0,71,0
1010,100,0,1,100,100,0,0,0,0,0,100,100,0.0180460706,23.7322942986,100.0000000000,10.8545489262,1.0000000000,0.8480000000,250.0000000000,0,0,0,71,0
1011,100,0,3,100,100,0,0,1,103,491,100,100,0.0364841556,23.6958101430,33.3333333333,15.4337680422,1.0000000000,0.9732480000,217.8273163675,0,0,0,15,0
1012,100,0,3,100,100,0,0,0,0,0,100,100,0.0240939023,23.6717162407,33.3333333333,15.4337680422,1.0000000000,0.8480000000,250.0000000000,0,0,0,15,0
1013,100,0,3,100,100,0,0,0,0,0,100,100,0.0240939023,23.6476223384,33.3333333333,15.4337680422,1.0000000000,0.8480000000,250.0000000000,0,0,0,15,0
1014,100,0,3,100,100,0,0,0,0,0,100,100,0.0240939023,23.6235284360,33.3333333333,15.4337680422,1.0000000000,0.8480000000,250.0000000000,0,0,0,15,0
1015,100,0,3,100,100,0,0,0,0,0,100,100,0.0240939023,23.5994345337,33.3333333333,15.4337680422,1.0000000000,0.8480000000,250.0000000000,0,0,0,15,0
1016,100,0,1,100,100,0,0,1,101,297,100,100,0.0275735313,23.5718610025,100.0000000000,9.5825490717,1.0000000000,0.9708160000,218.3729975608,0,0,0,86,0
1017,100,0,1,100,100,0,0,0,0,0,100,100,0.0167090848,23.5551519177,100.0000000000,9.5825490717,1.0000000000,0.8480000000,250.0000000000,0,0,0,86,0
1018,100,0,1,100,100,0,0,0,0,0,100,100,0.0167090848,23.5384428329,100.0000000000,9.5825490717,1.0000000000,0.8480000000,250.0000000000,0,0,0,86,0
1019,100,0,1,100,100,0,0,0,0,0,100,100,0.0167090848,23.5217337481,100.0000000000,9.5825490717,1.0000000000,0.8480000000,250.0000000000,0,0,0,86,0
1020,100,0,1,100,100,0,0,0,0,0,100,100,0.0167090848,23.5050246633,100.0000000000,9.5825490717,1.0000000000,0.8480000000,250.0000000000,0,0,0,86,0
1021,100,0,2,100,100,0,0,1,102,394,100,100,0.0301273986,23.4748972647,50.0000000000,11.5329520341,1.0000000000,0.9720320000,218.0998156439,0,0,0,62,0
1022,100,0,2,100,100,0,0,0,0,0,100,100,0.0189932532,23.4559040116,50.0000000000,11.5329520341,1.0000000000,0.8480000000,250.0000000000,0,0,0,62,0
1023,100,0,2,100,100,0,0,0,0,0,100,100,0.0189932532,23.4369107584,50.0000000000,11.5329520341,1.0000000000,0.8480000000,250.0000000000,0,0,0,62,0
1024,100,0,2,100,100,0,0,0,0,0,100,100,0.0189932532,23.4179175052,50.0000000000,11.5329520341,1.0000000000,0.8480000000,250.0000000000,0,0,0,62,0
1025,100,0,2,100,100,0,0,0,0,0,100,100,0.0189932532,23.3989242521,50.0000000000,11.5329520341,1.0000000000,0.8480000000,250.0000000000,0,0,0,62,0
1026,100,0,1,100,100,0,0,1,101,297,100,100,0.0276087073,23.3713155448,100.0000000000,10.6849451259,1.0000000000,0.9708160000,218.3729975608,0,0,0,73,0
1027,100,0,1,100,100,0,0,0,0,0,100,100,0.0181576614,23.3531578834,100.0000000000,10.6849451259,1.0000000000,0.8480000000,250.0000000000,0,0,0,73,0
1028,100,0,1,100,100,0,0,0,0,0,100,100,0.0181576614,23.3350002221,100.0000000000,10.6849451259,1.0000000000,0.8480000000,250.0000000000,0,0,0,73,0
1029,100,0,1,100,100,0,0,0,0,0,100,100,0.0181576614,23.3168425607,100.0000000000,10.6849451259,1.0000000000,0.8480000000,250.0000000000,0,0,0,73,0
1030,100,0,1,100,100,0,0,0,0,0,100,100,0.0181576614,23.2986848993,100.0000000000,10.6849451259,1.0000000000,0.8480000000,250.0000000000,0,0,0,73,0
1031,100,0,1,100,100,0,0,1,101,297,100,100,0.0279230567,23.2707618426,100.0000000000,11.1937469044,1.0000000000,0.9708160000,218.3729975608,0,0,0,67,0
1032,100,0,1,100,100,0,0,0,0,0,100,100,0.0185194161,23.2522424265,100.0000000000,11.1937469044,1.0000000000,0.8480000000,250.0000000000,0,0,0,67,0
1033,100,0,1,100,100,0,0,0,0,0,100,100,0.0185194161,23.2337230105,100.0000000000,11.1937469044,1.0000000000,0.8480000000,250.0000000000,0,0,0,67,0
1034,100,0,1,100,100,0,0,0,0,0,100,100,0.0185194161,23.2152035944,100.0000000000,11.1937469044,1.0000000000,0.8480000000,250.0000000000,0,0,0,67,0
1035,100,0,1,100,100,0,0,0,0,0,100,100,0.0185194161,23.1966841783,100.0000000000,11.1937469044,1.0000000000,0.8480000000,250.0000000000,0,0,0,67,0
1036,100,0,2,100,100,0,0,1,102,394,100,100,0.0310212211,23.1656629572,50.0000000000,12.5505646788,1.0000000000,0.9720320000,218.0998156439,0,0,0,50,0
1037,100,0,2,100,100,0,0,0,0,0,100,100,0.0201816054,23.1454813519,50.0000000000,12.5505646788,1.0000000000,0.8480000000,250.0000000000,0,0,0,50,0
1038,100,0,2,100,100,0,0,0,0,0,100,100,0.0201816054,23.1252997465,50.0000000000,12.5505646788,1.0000000000,0.8480000000,250.0000000000,0,0,0,50,0
1039,100,0,2,100,100,0,0,0,0,0,100,100,0.0201816054,23.1051181412,50.0000000000,12.5505646788,1.0000000000,0.8480000000,250.0000000000,0,0,0,50,0
1040,100,0,2,100,100,0,0,0,0,0,100,100,0.0201816054,23.0849365358,50.0000000000,12.5505646788,1.0000000000,0.8480000000,250.0000000000,0,0,0,50,0
1041,100,0,2,100,100,0,0,1,102,394,100,100,0.0333291797,23.0516073561,50.0000000000,14.1617617221,1.0000000000,0.9720320000,218.0998156439,0,0,0,31,0
1042,100,0,2,100,100,0,0,0,0,0,100,100,0.0226100560,23.0289973001,50.0000000000,14.1617617221,1.0000000000,0.8480000000,250.0000000000,0,0,0,31,0
1043,100,0,2,100,100,0,0,0,0,0,100,100,0.0226100560,23.0063872441,50.0000000000,14.1617617221,1.0000000000,0.8480000000,250.0000000000,0,0,0,31,0
1044,100,0,2,100,100,0,0,0,0,0,100,100,0.0226100560,22.9837771881,50.0000000000,14.1617617221,1.0000000000,0.8480000000,250.0000000000,0,0,0,31,0
1045,100,0,2,100,100,0,0,0,0,0,100,100,0.0226100560,22.9611671321,50.0000000000,14.1617617221,1.0000000000,0.8480000000,250.0000000000,0,0,0,31,0
1046,100,0,3,100,100,0,0,1,103,491,100,100,0.0339115085,22.9272556236,33.3333333333,13.7377659127,1.0000000000,0.9732480000,217.8273163675,0,0,0,35,0
1047,100,0,3,100,100,0,0,0,0,0,100,100,0.0214564796,22.9057991440,33.3333333333,13.7377659127,1.0000000000,0.8480000000,250.0000000000,0,0,0,35,0
1048,100,0,3,100,100,0,0,0,0,0,100,100,0.0214564796,22.8843426644,33.3333333333,13.7377659127,1.0000000000,0.8480000000,250.0000000000,0,0,0,35,0
1049,100,0,3,100,100,0,0,0,0,0,100,100,0.0214564796,22.8628861848,33.3333333333,13.7377659127,1.0000000000,0.8480000000,250.0000000000,0,0,0,35,0
1050,100,0,3,100,100,0,0,0,0,0,100,100,0.0214564796,22.8414297051,33.3333333333,13.7377659127,1.0000000000,0.8480000000,250.0000000000,0,0,0,35,0
1051,100,0,3,100,100,0,0,1,103,491,100,100,0.0332699876,22.8081597175,33.3333333333,13.1441840985,1.0000000000,0.9732480000,217.8273163675,0,0,0,42,0
1052,100,0,3,100,100,0,0,0,0,0,100,100,0.0206570938,22.7875026237,33.3333333333,13.1441840985,1.0000000000,0.8480000000,250.0000000000,0,0,0,42,0
1053,100,0,3,100,100,0,0,0,0,0,100,100,0.0206570938,22.7668455298,33.3333333333,13.1441840985,1.0000000000,0.8480000000,250.0000000000,0,0,0,42,0
1054,100,0,3,100,100,0,0,0,0,0,100,100,0.0206570938,22.7461884360,33.3333333333,13.1441840985,1.0000000000,0.8480000000,250.0000000000,0,0,0,42,0
1055,100,0,3,100,100,0,0,0,0,0,100,100,0.0206570938,22.7255313422,33.3333333333,13.1441840985,1.0000000000,0.8480000000,250.0000000000,0,0,0,42,0
1056,100,0,4,100,100,0,0,1,104,588,100,100,0.0343584170,22.6911729252,25.0000000000,12.3809472612,1.0000000000,0.9744640000,217.5554971759,0,0,0,50,0
1057,100,0,4,100,100,0,0,0,0,0,100,100,0.0199775142,22.6711954110,25.0000000000,12.3809472612,1.0000000000,0.8480000000,250.0000000000,0,0,0,50,0
1058,100,0,4,100,100,0,0,0,0,0,100,100,0.0199775142,22.6512178968,25.0000000000,12.3809472612,1.0000000000,0.8480000000,250.0000000000,0,0,0,50,0
1059,100,0,4,100,100,0,0,0,0,0,100,100,0.0199775142,22.6312403826,25.0000000000,12.3809472612,1.0000000000,0.8480000000,250.0000000000,0,0,0,50,0
1060,100,0,4,100,100,0,0,0,0,0,100,100,0.0199775142,22.6112628683,25.0000000000,12.3809472612,1.0000000000,0.8480000000,250.0000000000,0,0,0,50,0
1061,100,0,1,100,100,0,0,1,101,297,100,100,0.0279273599,22.5833355084,100.0000000000,11.1937468015,1.0000000000,0.9708160000,218.3729975608,0,0,0,67,0
1062,100,0,1,100,100,0,0,0,0,0,100,100,0.0185337890,22.5648017194,100.0000000000,11.1937468015,1.0000000000,0.8480000000,250.0000000000,0,0,0,67,0
1063,100,0,1,100,100,0,0,0,0,0,100,100,0.0185337890,22.5462679304,100.0000000000,11.1937468015,1.0000000000,0.8480000000,250.0000000000,0,0,0,67,0
1064,100,0,1,100,100,0,0,0,0,0,100,100,0.0185337890,22.5277341414,100.0000000000,11.1937468015,1.0000000000,0.8480000000,250.0000000000,0,0,0,67,0
1065,100,0,1,100,100,0,0,0,0,0,100,100,0.0185337890,22.5092003524,100.0000000000,11.1937468015,1.0000000000,0.8480000000,250.0000000000,0,0,0,67,0
1066,100,0,3,100,100,0,0,1,103,491,100,100,0.0335160752,22.4756842772,33.3333333333,13.3985672709,1.0000000000,0.9732480000,217.8273163675,0,0,0,39,0
1067,100,0,3,100,100,0,0,0,0,0,100,100,0.0209670784,22.4547171987,33.3333333333,13.3985672709,1.0000000000,0.8480000000,250.0000000000,0,0,0,39,0
1068,100,0,3,100,100,0,0,0,0,0,100,100,0.0209670784,22.4337501203,33.3333333333,13.3985672709,1.0000000000,0.8480000000,250.0000000000,0,0,0,39,0
1069,100,0,3,100,100,0,0,0,0,0,100,100,0.0209670784,22.4127830419,33.3333333333,13.3985672709,1.0000000000,0.8480000000,250.0000000000,0,0,0,39,0
1070,100,0,3,100,100,0,0,0,0,0,100,100,0.0209670784,22.3918159634,33.3333333333,13.3985672709,1.0000000000,0.8480000000,250.0000000000,0,0,0,39,0
1071,100,0,5,100,100,0,0,1,105,685,100,100,0.0389434586,22.3528725048,20.0000000000,15.1793882142,1.0000000000,0.9756800000,217.2843555264,0,0,0,16,0
1072,100,0,5,100,100,0,0,0,0,0,100,100,0.0230655601,22.3298069448,20.0000000000,15.1793882142,1.0000000000,0.8480000000,250.0000000000,0,0,0,16,0
1073,100,0,5,100,100,0,0,0,0,0,100,100,0.0230655601,22.3067413847,20.0000000000,15.1793882142,1.0000000000,0.8480000000,250.0000000000,0,0,0,16,0
1074,100,0,5,100,100,0,0,0,0,0,100,100,0.0230655601,22.2836758246,20.0000000000,15.1793882142,1.0000000000,0.8480000000,250.0000000000,0,0,0,16,0
1075,100,0,5,100,100,0,0,0,0,0,100,100,0.0230655601,22.2606102645,20.0000000000,15.1793882142,1.0000000000,0.8480000000,250.0000000000,0,0,0,16,0
1076,100,0,4,100,100,0,0,1,104,588,100,100,0.0365001573,22.2241101072,25.0000000000,13.9921551475,1.0000000000,0.9744640000,217.5554971759,0,0,0,31,0
1077,100,0,4,100,100,0,0,0,0,0,100,100,0.0222191450,22.2018909623,25.0000000000,13.9921551475,1.0000000000,0.8480000000,250.0000000000,0,0,0,31,0
1078,100,0,4,100,100,0,0,0,0,0,100,100,0.0222191450,22.1796718173,25.0000000000,13.9921551475,1.0000000000,0.8480000000,250.0000000000,0,0,0,31,0
1079,100,0,4,100,100,0,0,0,0,0,100,100,0.0222191450,22.1574526723,25.0000000000,13.9921551475,1.0000000000,0.8480000000,250.0000000000,0,0,0,31,0
1080,100,0,4,100,100,0,0,0,0,0,100,100,0.0222191450,22.1352335274,25.0000000000,13.9921551475,1.0000000000,0.8480000000,250.0000000000,0,0,0,31,0
1081,100,0,6,100,100,0,0,1,106,782,100,100,0.0404885352,22.0947449921,16.6666666667,15.0945824044,1.0000000000,0.9768960000,217.0138888889,0,0,0,16,0
1082,100,0,6,100,100,0,0,0,0,0,100,100,0.0228554546,22.0718895375,16.6666666667,15.0945824044,1.0000000000,0.8480000000,250.0000000000,0,0,0,16,0
1083,100,0,6,100,100,0,0,0,0,0,100,100,0.0228554546,22.0490340829,16.6666666667,15.0945824044,1.0000000000,0.8480000000,250.0000000000,0,0,0,16,0
1084,100,0,6,100,100,0,0,0,0,0,100,100,0.0228554546,22.0261786283,16.6666666667,15.0945824044,1.0000000000,0.8480000000,250.0000000000,0,0,0,16,0
1085,100,0,6,100,100,0,0,0,0,0,100,100,0.0228554546,22.0033231736,16.6666666667,15.0945824044,1.0000000000,0.8480000000,250.0000000000,0,0,0,16,0
1086,100,0,8,100,100,0,0,1,108,976,100,100,0.0457376407,21.9575855330,12.5000000000,16.1121755100,1.0000000000,0.9793280000,216.4749705921,0,0,0,2,0
1087,100,0,8,100,100,0,0,0,0,0,100,100,0.0244994119,21.9330861211,12.5000000000,16.1121755100,1.0000000000,0.8480000000,250.0000000000,0,0,0,2,0
1088,100,0,8,100,100,0,0,0,0,0,100,100,0.0244994119,21.9085867092,12.5000000000,16.1121755100,1.0000000000,0.8480000000,250.0000000000,0,0,0,2,0
1089,100,0,8,100,100,0,0,0,0,0,100,100,0.0244994119,21.8840872973,12.5000000000,16.1121755100,1.0000000000,0.8480000000,250.0000000000,0,0,0,2,0
1090,100,0,8,100,100,0,0,0,0,0,100,100,0.0244994119,21.8595878854,12.5000000000,16.1121755100,1.0000000000,0.8480000000,250.0000000000,0,0,0,2,0
1091,100,0,9,100,100,0,0,1,108,1073,100,100,0.0456793930,21.8139084924,11.1111111111,15.0945719099,1.0000000000,0.9793280000,216.4749705921,0,0,0,13,0
1092,100,0,9,100,100,0,0,0,0,0,100,100,0.0227285599,21.7911799325,11.1111111111,15.0945719099,1.0000000000,0.8480000000,250.0000000000,0,0,0,13,0
1093,100,0,9,100,100,0,0,0,0,0,100,100,0.0227285599,21.7684513727,11.1111111111,15.0945719099,1.0000000000,0.8480000000,250.0000000000,0,0,0,13,0
1094,100,0,9,100,100,0,0,0,0,0,100,100,0.0227285599,21.7457228128,11.1111111111,15.0945719099,1.0000000000,0.8480000000,250.0000000000,0,0,0,13,0
1095,100,0,9,100,100,0,0,0,0,0,100,100,0.0227285599,21.7229942529,11.1111111111,15.0945719099,1.0000000000,0.8480000000,250.0000000000,0,0,0,13,0
1096,100,0,12,100,100,0,0,1,112,1364,100,100,0.0515885093,21.6714057436,8.3333333333,15.5185571923,1.0000000000,0.9841920000,215.4051242034,0,0,0,5,0
1097,100,0,12,100,100,0,0,0,0,0,100,100,0.0232470119,21.6481587317,8.3333333333,15.5185571923,1.0000000000,0.8480000000,250.0000000000,0,0,0,5,0
1098,100,0,12,100,100,0,0,0,0,0,100,100,0.0232470119,21.6249117197,8.3333333333,15.5185571923,1.0000000000,0.8480000000,250.0000000000,0,0,0,5,0
1099,100,0,12,100,100,0,0,0,0,0,100,100,0.0232470119,21.6016647078,8.3333333333,15.5185571923,1.0000000000,0.8480000000,250.0000000000,0,0,0,5,0
1100,100,0,12,100,100,0,0,0,0,0,100,100,0.0232470119,21.5784176958,8.3333333333,15.5185571923,1.0000000000,0.8480000000,250.0000000000,0,0,0,5,0
1101,100,0,2,100,100,0,0,1,102,394,100,100,0.0330375546,21.5453801413,50.0000000000,13.9073598142,1.0000000000,0.9720320000,218.0998156439,0,0,0,34,0
1102,100,0,2,100,100,0,0,0,0,0,100,100,0.0223361495,21.5230439918,50.0000000000,13.9073598142,1.0000000000,0.8480000000,250.0000000000,0,0,0,34,0
1103,100,0,2,100,100,0,0,0,0,0,100,100,0.0223361495,21.5007078423,50.0000000000,13.9073598142,1.0000000000,0.8480000000,250.0000000000,0,0,0,34,0
1104,100,0,2,100,100,0,0,0,0,0,100,100,0.0223361495,21.4783716928,50.0000000000,13.9073598142,1.0000000000,0.8480000000,250.0000000000,0,0,0,34,0
1105,100,0,2,100,100,0,0,0,0,0,100,100,0.0223361495,21.4560355433,50.0000000000,13.9073598142,1.0000000000,0.8480000000,250.0000000000,0,0,0,34,0
1106,100,0,2,100,100,0,0,1,102,394,100,100,0.0287508569,21.4272846864,50.0000000000,9.7521446566,1.0000000000,0.9720320000,218.0998156439,0,0,0,83,0
1107,100,0,2,100,100,0,0,0,0,0,100,100,0.0168294541,21.4104552323,50.0000000000,9.7521446566,1.0000000000,0.8480000000,250.0000000000,0,0,0,83,0
1108,100,0,2,100,100,0,0,0,0,0,100,100,0.0168294541,21.3936257782,50.0000000000,9.7521446566,1.0000000000,0.8480000000,250.0000000000,0,0,0,83,0
1109,100,0,2,100,100,0,0,0,0,0,100,100,0.0168294541,21.3767963241,50.0000000000,9.7521446566,1.0000000000,0.8480000000,250.0000000000,0,0,0,83,0
1110,100,0,2,100,100,0,0,0,0,0,100,100,0.0168294541,21.3599668701,50.0000000000,9.7521446566,1.0000000000,0.8480000000,250.0000000000,0,0,0,83,0
1111,100,0,2,100,100,0,0,1,102,394,100,100,0.0308410094,21.3291258606,50.0000000000,12.3809624252,1.0000000000,0.9720320000,218.0998156439,0,0,0,52,0
1112,100,0,2,100,100,0,0,0,0,0,100,100,0.0200294422,21.3090964184,50.0000000000,12.3809624252,1.0000000000,0.8480000000,250.0000000000,0,0,0,52,0
1113,100,0,2,100,100,0,0,0,0,0,100,100,0.0200294422,21.2890669762,50.0000000000,12.3809624252,1.0000000000,0.8480000000,250.0000000000,0,0,0,52,0
1114,100,0,2,100,100,0,0,0,0,0,100,100,0.0200294422,21.2690375340,50.0000000000,12.3809624252,1.0000000000,0.8480000000,250.0000000000,0,0,0,52,0
1115,100,0,2,100,100,0,0,0,0,0,100,100,0.0200294422,21.2490080918,50.0000000000,12.3809624252,1.0000000000,0.8480000000,250.0000000000,0,0,0,52,0
1116,100,0,1,100,100,0,0,1,101,297,100,100,0.0286882953,21.2203197965,100.0000000000,11.5329389643,1.0000000000,0.9708160000,218.3729975608,0,0,0,63,0
1117,100,0,1,100,100,0,0,0,0,0,100,100,0.0195406317,21.2007791648,100.0000000000,11.5329389643,1.0000000000,0.8480000000,250.0000000000,0,0,0,63,0
1118,100,0,1,100,100,0,0,0,0,0,100,100,0.0195406317,21.1812385331,100.0000000000,11.5329389643,1.0000000000,0.8480000000,250.0000000000,0,0,0,63,0
1119,100,0,1,100,100,0,0,0,0,0,100,100,0.0195406317,21.1616979015,100.0000000000,11.5329389643,1.0000000000,0.8480000000,250.0000000000,0,0,0,63,0
1120,100,0,1,100,100,0,0,0,0,0,100,100,0.0195406317,21.1421572698,100.0000000000,11.5329389643,1.0000000000,0.8480000000,250.0000000000,0,0,0,63,0
1121,100,0,2,100,100,0,0,1,102,394,100,100,0.0328376278,21.1093196420,50.0000000000,13.8225537779,1.0000000000,0.9720320000,218.0998156439,0,0,0,35,0
1122,100,0,2,100,100,0,0,0,0,0,100,100,0.0221275402,21.0871921018,50.0000000000,13.8225537779,1.0000000000,0.8480000000,250.0000000000,0,0,0,35,0
1123,100,0,2,100,100,0,0,0,0,0,100,100,0.0221275402,21.0650645617,50.0000000000,13.8225537779,1.0000000000,0.8480000000,250.0000000000,0,0,0,35,0
1124,100,0,2,100,100,0,0,0,0,0,100,100,0.0221275402,21.0429370215,50.0000000000,13.8225537779,1.0000000000,0.8480000000,250.0000000000,0,0,0,35,0
1125,100,0,2,100,100,0,0,0,0,0,100,100,0.0221275402,21.0208094814,50.0000000000,13.8225537779,1.0000000000,0.8480000000,250.0000000000,0,0,0,35,0
1126,100,0,1,100,100,0,0,1,101,297,100,100,0.0276283507,20.9931811306,100.0000000000,10.8545489262,1.0000000000,0.9708160000,218.3729975608,0,0,0,71,0
1127,100,0,1,100,100,0,0,0,0,0,100,100,0.0180460706,20.9751350600,100.0000000000,10.8545489262,1.0000000000,0.8480000000,250.0000000000,0,0,0,71,0
1128,100,0,1,100,100,0,0,0,0,0,100,100,0.0180460706,20.9570889895,100.0000000000,10.8545489262,1.0000000000,0.8480000000,250.0000000000,0,0,0,71,0
1129,100,0,1,100,100,0,0,0,0,0,100,100,0.0180460706,20.9390429189,100.0000000000,10.8545489262,1.0000000000,0.8480000000,250.0000000000,0,0,0,71,0
1130,100,0,1,100,100,0,0,0,0,0,100,100,0.0180460706,20.9209968483,100.0000000000,10.8545489262,1.0000000000,0.8480000000,250.0000000000,0,0,0,71,0
1131,100,0,1,100,100,0,0,1,101,297,100,100,0.0281890675,20.8928077807,100.0000000000,11.1089612667,1.0000000000,0.9708160000,218.3729975608,0,0,0,68,0
1132,100,0,1,100,100,0,0,0,0,0,100,100,0.0185280479,20.8742797328,100.0000000000,11.1089612667,1.0000000000,0.8480000000,250.0000000000,0,0,0,68,0
1133,100,0,1,100,100,0,0,0,0,0,100,100,0.0185280479,20.8557516849,100.0000000000,11.1089612667,1.0000000000,0.8480000000,250.0000000000,0,0,0,68,0
1134,100,0,1,100,100,0,0,0,0,0,100,100,0.0185280479,20.8372236370,100.0000000000,11.1089612667,1.0000000000,0.8480000000,250.0000000000,0,0,0,68,0
1135,100,0,1,100,100,0,0,0,0,0,100,100,0.0185280479,20.8186955891,100.0000000000,11.1089612667,1.0000000000,0.8480000000,250.0000000000,0,0,0,68,0
1136,100,0,4,100,100,0,0,1,104,588,100,100,0.0350184096,20.7836771795,25.0000000000,13.3137845448,1.0000000000,0.9744640000,217.5554971759,0,0,0,39,0
1137,100,0,4,100,100,0,0,0,0,0,100,100,0.0207622880,20.7629148915,25.0000000000,13.3137845448,1.0000000000,0.8480000000,250.0000000000,0,0,0,39,0
1138,100,0,4,100,100,0,0,0,0,0,100,100,0.0207622880,20.7421526036,25.0000000000,13.3137845448,1.0000000000,0.8480000000,250.0000000000,0,0,0,39,0
1139,100,0,4,100,100,0,0,0,0,0,100,100,0.0207622880,20.7213903156,25.0000000000,13.3137845448,1.0000000000,0.8480000000,250.0000000000,0,0,0,39,0
1140,100,0,4,100,100,0,0,0,0,0,100,100,0.0207622880,20.7006280276,25.0000000000,13.3137845448,1.0000000000,0.8480000000,250.0000000000,0,0,0,39,0
1141,100,0,2,100,100,0,0,1,102,394,100,100,0.0314903186,20.6691377090,50.0000000000,12.7201560274,1.0000000000,0.9720320000,218.0998156439,0,0,0,48,0
1142,100,0,2,100,100,0,0,0,0,0,100,100,0.0206475466,20.6484901624,50.0000000000,12.7201560274,1.0000000000,0.8480000000,250.0000000000,0,0,0,48,0
1143,100,0,2,100,100,0,0,0,0,0,100,100,0.0206475466,20.6278426158,50.0000000000,12.7201560274,1.0000000000,0.8480000000,250.0000000000,0,0,0,48,0
1144,100,0,2,100,100,0,0,0,0,0,100,100,0.0206475466,20.6071950692,50.0000000000,12.7201560274,1.0000000000,0.8480000000,250.0000000000,0,0,0,48,0
1145,100,0,2,100,100,0,0,0,0,0,100,100,0.0206475466,20.5865475226,50.0000000000,12.7201560274,1.0000000000,0.8480000000,250.0000000000,0,0,0,48,0
1146,100,0,3,100,100,0,0,1,103,491,100,100,0.0327664208,20.5537811018,33.3333333333,12.6353555645,1.0000000000,0.9732480000,217.8273163675,0,0,0,48,0
1147,100,0,3,100,100,0,0,0,0,0,100,100,0.0201113555,20.5336697463,33.3333333333,12.6353555645,1.0000000000,0.8480000000,250.0000000000,0,0,0,48,0
1148,100,0,3,100,100,0,0,0,0,0,100,100,0.0201113555,20.5135583908,33.3333333333,12.6353555645,1.0000000000,0.8480000000,250.0000000000,0,0,0,48,0
1149,100,0,3,100,100,0,0,0,0,0,100,100,0.0201113555,20.4934470353,33.3333333333,12.6353555645,1.0000000000,0.8480000000,250.0000000000,0,0,0,48,0
1150,100,0,3,100,100,0,0,0,0,0,100,100,0.0201113555,20.4733356798,33.3333333333,12.6353555645,1.0000000000,0.8480000000,250.0000000000,0,0,0,48,0
1151,100,0,3,100,100,0,0,1,103,491,100,100,0.0367173195,20.4366183603,33.3333333333,15.6033725377,1.0000000000,0.9732480000,217.8273163675,0,0,0,13,0
1152,100,0,3,100,100,0,0,0,0,0,100,100,0.0243262960,20.4122920643,33.3333333333,15.6033725377,1.0000000000,0.8480000000,250.0000000000,0,0,0,13,0
1153,100,0,3,100,100,0,0,0,0,0,100,100,0.0243262960,20.3879657683,33.3333333333,15.6033725377,1.0000000000,0.8480000000,250.0000000000,0,0,0,13,0
1154,100,0,3,100,100,0,0,0,0,0,100,100,0.0243262960,20.3636394723,33.3333333333,15.6033725377,1.0000000000,0.8480000000,250.0000000000,0,0,0,13,0
1155,100,0,3,100,100,0,0,0,0,0,100,100,0.0243262960,20.3393131763,33.3333333333,15.6033725377,1.0000000000,0.8480000000,250.0000000000,0,0,0,13,0
1156,100,0,5,100,100,0,0,1,105,685,100,100,0.0393107260,20.3000024503,20.0000000000,15.3489776682,1.0000000000,0.9756800000,217.2843555264,0,0,0,14,0
1157,100,0,5,100,100,0,0,0,0,0,100,100,0.0234384901,20.2765639601,20.0000000000,15.3489776682,1.0000000000,0.8480000000,250.0000000000,0,0,0,14,0
1158,100,0,5,100,100,0,0,0,0,0,100,100,0.0234384901,20.2531254700,20.0000000000,15.3489776682,1.0000000000,0.8480000000,250.0000000000,0,0,0,14,0
1159,100,0,5,100,100,0,0,0,0,0,100,100,0.0234384901,20.2296869799,20.0000000000,15.3489776682,1.0000000000,0.8480000000,250.0000000000,0,0,0,14,0
1160,100,0,5,100,100,0,0,0,0,0,100,100,0.0234384901,20.2062484897,20.0000000000,15.3489776682,1.0000000000,0.8480000000,250.0000000000,0,0,0,14,0
1161,100,0,1,100,100,0,0,1,101,297,100,100,0.0276296335,20.1786188562,100.0000000000,10.2609565215,1.0000000000,0.9708160000,218.3729975608,0,0,0,78,0
1162,100,0,1,100,100,0,0,0,0,0,100,100,0.0176119049,20.1610069513,100.0000000000,10.2609565215,1.0000000000,0.8480000000,250.0000000000,0,0,0,78,0
1163,100,0,1,100,100,0,0,0,0,0,100,100,0.0176119049,20.1433950465,100.0000000000,10.2609565215,1.0000000000,0.8480000000,250.0000000000,0,0,0,78,0
1164,100,0,1,100,100,0,0,0,0,0,100,100,0.0176119049,20.1257831416,100.0000000000,10.2609565215,1.0000000000,0.8480000000,250.0000000000,0,0,0,78,0
1165,100,0,1,100,100,0,0,0,0,0,100,100,0.0176119049,20.1081712367,100.0000000000,10.2609565215,1.0000000000,0.8480000000,250.0000000000,0,0,0,78,0
1166,100,0,2,100,100,0,0,1,102,394,100,100,0.0315453201,20.0766259166,50.0000000000,12.9745566964,1.0000000000,0.9720320000,218.0998156439,0,0,0,45,0
1167,100,0,2,100,100,0,0,0,0,0,100,100,0.0207693477,20.0558565689,50.0000000000,12.9745566964,1.0000000000,0.8480000000,250.0000000000,0,0,0,45,0
1168,100,0,2,100,100,0,0,0,0,0,100,100,0.0207693477,20.0350872211,50.0000000000,12.9745566964,1.0000000000,0.8480000000,250.0000000000,0,0,0,45,0
1169,100,0,2,100,100,0,0,0,0,0,100,100,0.0207693477,20.0143178734,50.0000000000,12.9745566964,1.0000000000,0.8480000000,250.0000000000,0,0,0,45,0
1170,100,0,2,100,100,0,0,0,0,0,100,100,0.0207693477,19.9935485256,50.0000000000,12.9745566964,1.0000000000,0.8480000000,250.0000000000,0,0,0,45,0
1171,100,0,4,100,100,0,0,1,104,588,100,100,0.0361650068,19.9573835188,25.0000000000,14.2465729493,1.0000000000,0.9744640000,217.5554971759,0,0,0,28,0
1172,100,0,4,100,100,0,0,0,0,0,100,100,0.0220035331,19.9353799857,25.0000000000,14.2465729493,1.0000000000,0.8480000000,250.0000000000,0,0,0,28,0
1173,100,0,4,100,100,0,0,0,0,0,100,100,0.0220035331,19.9133764526,25.0000000000,14.2465729493,1.0000000000,0.8480000000,250.0000000000,0,0,0,28,0
1174,100,0,4,100,100,0,0,0,0,0,100,100,0.0220035331,19.8913729196,25.0000000000,14.2465729493,1.0000000000,0.8480000000,250.0000000000,0,0,0,28,0
1175,100,0,4,100,100,0,0,0,0,0,100,100,0.0220035331,19.8693693865,25.0000000000,14.2465729493,1.0000000000,0.8480000000,250.0000000000,0,0,0,28,0
1176,100,0,6,100,100,0,0,1,106,782,100,100,0.0401690118,19.8292003746,16.6666666667,14.4161820150,1.0000000000,0.9768960000,217.0138888889,0,0,0,24,0
1177,100,0,6,100,100,0,0,0,0,0,100,100,0.0224181627,19.8067822119,16.6666666667,14.4161820150,1.0000000000,0.8480000000,250.0000000000,0,0,0,24,0
1178,100,0,6,100,100,0,0,0,0,0,100,100,0.0224181627,19.7843640492,16.6666666667,14.4161820150,1.0000000000,0.8480000000,250.0000000000,0,0,0,24,0
1179,100,0,6,100,100,0,0,0,0,0,100,100,0.0224181627,19.7619458865,16.6666666667,14.4161820150,1.0000000000,0.8480000000,250.0000000000,0,0,0,24,0
1180,100,0,6,100,100,0,0,0,0,0,100,100,0.0224181627,19.7395277238,16.6666666667,14.4161820150,1.0000000000,0.8480000000,250.0000000000,0,0,0,24,0
1181,100,0,6,100,100,0,0,1,106,782,100,100,0.0410871512,19.6984405726,16.6666666667,15.6033722113,1.0000000000,0.9768960000,217.0138888889,0,0,0,10,0
1182,100,0,6,100,100,0,0,0,0,0,100,100,0.0234656647,19.6749749079,16.6666666667,15.6033722113,1.0000000000,0.8480000000,250.0000000000,0,0,0,10,0
1183,100,0,6,100,100,0,0,0,0,0,100,100,0.0234656647,19.6515092433,16.6666666667,15.6033722113,1.0000000000,0.8480000000,250.0000000000,0,0,0,10,0
1184,100,0,6,100,100,0,0,0,0,0,100,100,0.0234656647,19.6280435786,16.6666666667,15.6033722113,1.0000000000,0.8480000000,250.0000000000,0,0,0,10,0
1185,100,0,6,100,100,0,0,0,0,0,100,100,0.0234656647,19.6045779140,16.6666666667,15.6033722113,1.0000000000,0.8480000000,250.0000000000,0,0,0,10,0
1186,100,0,6,100,100,0,0,1,106,782,100,100,0.0405607180,19.5640171960,16.6666666667,14.9249725771,1.0000000000,0.9768960000,217.0138888889,0,0,0,18,0
1187,100,0,6,100,100,0,0,0,0,0,100,100,0.0228710896,19.5411461064,16.6666666667,14.9249725771,1.0000000000,0.8480000000,250.0000000000,0,0,0,18,0
1188,100,0,6,100,100,0,0,0,0,0,100,100,0.0228710896,19.5182750168,16.6666666667,14.9249725771,1.0000000000,0.8480000000,250.0000000000,0,0,0,18,0
1189,100,0,6,100,100,0,0,0,0,0,100,100,0.0228710896,19.4954039272,16.6666666667,14.9249725771,1.0000000000,0.8480000000,250.0000000000,0,0,0,18,0
1190,100,0,6,100,100,0,0,0,0,0,100,100,0.0228710896,19.4725328376,16.6666666667,14.9249725771,1.0000000000,0.8480000000,250.0000000000,0,0,0,18,0
1191,100,0,10,100,100,0,0,1,110,1170,100,100,0.0479936110,19.4245392266,10.0000000000,15.5185652601,1.0000000000,0.9817600000,215.9387222947,0,0,0,7,0
1192,100,0,10,100,100,0,0,0,0,0,100,100,0.0232381446,19.4013010820,10.0000000000,15.5185652601,1.0000000000,0.8480000000,250.0000000000,0,0,0,7,0
1193,100,0,10,100,100,0,0,0,0,0,100,100,0.0232381446,19.3780629374,10.0000000000,15.5185652601,1.0000000000,0.8480000000,250.0000000000,0,0,0,7,0
1194,100,0,10,100,100,0,0,0,0,0,100,100,0.0232381446,19.3548247929,10.0000000000,15.5185652601,1.0000000000,0.8480000000,250.0000000000,0,0,0,7,0
1195,100,0,10,100,100,0,0,0,0,0,100,100,0.0232381446,19.3315866483,10.0000000000,15.5185652601,1.0000000000,0.8480000000,250.0000000000,0,0,0,7,0
1196,100,0,17,100,100,0,0,1,116,1849,100,100,0.0598645850,19.2717220634,5.8823529412,15.0097534884,1.0000000000,0.9890560000,214.3458004400,0,0,0,6,0
1197,100,0,17,100,100,0,0,0,0,0,100,100,0.0225769751,19.2491450883,5.8823529412,15.0097534884,1.0000000000,0.8480000000,250.0000000000,0,0,0,6,0
1198,100,0,17,100,100,0,0,0,0,0,100,100,0.0225769751,19.2265681133,5.8823529412,15.0097534884,1.0000000000,0.8480000000,250.0000000000,0,0,0,6,0
1199,100,0,17,100,100,0,0,0,0,0,100,100,0.0225769751,19.2039911382,5.8823529412,15.0097534884,1.0000000000,0.8480000000,250.0000000000,0,0,0,6,0
1200,100,0,17,100,100,0,0,0,0,0,100,100,0.0225769751,19.1814141631,5.8823529412,15.0097534884,1.0000000000,0.8480000000,250.0000000000,0,0,0,6,0
1201,100,0,1,100,100,0,0,1,101,297,100,100,0.0278194156,19.1535947475,100.0000000000,10.9393468713,1.0000000000,0.9708160000,218.3729975608,0,0,0,70,0
1202,100,0,1,100,100,0,0,0,0,0,100,100,0.0184488658,19.1351458817,100.0000000000,10.9393468713,1.0000000000,0.8480000000,250.0000000000,0,0,0,70,0
1203,100,0,1,100,100,0,0,0,0,0,100,100,0.0184488658,19.1166970158,100.0000000000,10.9393468713,1.0000000000,0.8480000000,250.0000000000,0,0,0,70,0
1204,100,0,1,100,100,0,0,0,0,0,100,100,0.0184488658,19.0982481500,100.0000000000,10.9393468713,1.0000000000,0.8480000000,250.0000000000,0,0,0,70,0
1205,100,0,1,100,100,0,0,0,0,0,100,100,0.0184488658,19.0797992842,100.0000000000,10.9393468713,1.0000000000,0.8480000000,250.0000000000,0,0,0,70,0
1206,100,0,1,100,100,0,0,1,101,297,100,100,0.0275390622,19.0522602221,100.0000000000,10.0913523661,1.0000000000,0.9708160000,218.3729975608,0,0,0,80,0
1207,100,0,1,100,100,0,0,0,0,0,100,100,0.0173563689,19.0349038531,100.0000000000,10.0913523661,1.0000000000,0.8480000000,250.0000000000,0,0,0,80,0
1208,100,0,1,100,100,0,0,0,0,0,100,100,0.0173563689,19.0175474842,100.0000000000,10.0913523661,1.0000000000,0.8480000000,250.0000000000,0,0,0,80,0
1209,100,0,1,100,100,0,0,0,0,0,100,100,0.0173563689,19.0001911152,100.0000000000,10.0913523661,1.0000000000,0.8480000000,250.0000000000,0,0,0,80,0
1210,100,0,1,100,100,0,0,0,0,0,100,100,0.0173563689,18.9828347463,100.0000000000,10.0913523661,1.0000000000,0.8480000000,250.0000000000,0,0,0,80,0
1211,100,0,1,100,100,0,0,1,101,297,100,100,0.0299612695,18.9528734768,100.0000000000,12.4657431194,1.0000000000,0.9708160000,218.3729975608,0,0,0,52,0
1212,100,0,1,100,100,0,0,0,0,0,100,100,0.0208467448,18.9320267320,100.0000000000,12.4657431194,1.0000000000,0.8480000000,250.0000000000,0,0,0,52,0
1213,100,0,1,100,100,0,0,0,0,0,100,100,0.0208467448,18.9111799872,100.0000000000,12.4657431194,1.0000000000,0.8480000000,250.0000000000,0,0,0,52,0
1214,100,0,1,100,100,0,0,0,0,0,100,100,0.0208467448,18.8903332425,100.0000000000,12.4657431194,1.0000000000,0.8480000000,250.0000000000,0,0,0,52,0
1215,100,0,1,100,100,0,0,0,0,0,100,100,0.0208467448,18.8694864977,100.0000000000,12.4657431194,1.0000000000,0.8480000000,250.0000000000,0,0,0,52,0
1216,100,0,4,100,100,0,0,1,104,588,100,100,0.0346202905,18.8348662072,25.0000000000,12.8897715470,1.0000000000,0.9744640000,217.5554971759,0,0,0,44,0
1217,100,0,4,100,100,0,0,0,0,0,100,100,0.0202793144,18.8145868928,25.0000000000,12.8897715470,1.0000000000,0.8480000000,250.0000000000,0,0,0,44,0
1218,100,0,4,100,100,0,0,0,0,0,100,100,0.0202793144,18.7943075784,25.0000000000,12.8897715470,1.0000000000,0.8480000000,250.0000000000,0,0,0,44,0
1219,100,0,4,100,100,0,0,0,0,0,100,100,0.0202793144,18.7740282640,25.0000000000,12.8897715470,1.0000000000,0.8480000000,250.0000000000,0,0,0,44,0
1220,100,0,4,100,100,0,0,0,0,0,100,100,0.0202793144,18.7537489496,25.0000000000,12.8897715470,1.0000000000,0.8480000000,250.0000000000,0,0,0,44,0
1221,100,0,2,100,100,0,0,1,102,394,100,100,0.0303114048,18.7234375448,50.0000000000,11.5329497110,1.0000000000,0.9720320000,218.0998156439,0,0,0,62,0
1222,100,0,2,100,100,0,0,0,0,0,100,100,0.0193433975,18.7040941473,50.0000000000,11.5329497110,1.0000000000,0.8480000000,250.0000000000,0,0,0,62,0
1223,100,0,2,100,100,0,0,0,0,0,100,100,0.0193433975,18.6847507498,50.0000000000,11.5329497110,1.0000000000,0.8480000000,250.0000000000,0,0,0,62,0
1224,100,0,2,100,100,0,0,0,0,0,100,100,0.0193433975,18.6654073523,50.0000000000,11.5329497110,1.0000000000,0.8480000000,250.0000000000,0,0,0,62,0
1225,100,0,2,100,100,0,0,0,0,0,100,100,0.0193433975,18.6460639548,50.0000000000,11.5329497110,1.0000000000,0.8480000000,250.0000000000,0,0,0,62,0
1226,100,0,2,100,100,0,0,1,102,394,100,100,0.0304825444,18.6155814104,50.0000000000,11.8721617920,1.0000000000,0.9720320000,218.0998156439,0,0,0,58,0
1227,100,0,2,100,100,0,0,0,0,0,100,100,0.0192814837,18.5962999267,50.0000000000,11.8721617920,1.0000000000,0.8480000000,250.0000000000,0,0,0,58,0
1228,100,0,2,100,100,0,0,0,0,0,100,100,0.0192814837,18.5770184431,50.0000000000,11.8721617920,1.0000000000,0.8480000000,250.0000000000,0,0,0,58,0
1229,100,0,2,100,100,0,0,0,0,0,100,100,0.0192814837,18.5577369594,50.0000000000,11.8721617920,1.0000000000,0.8480000000,250.0000000000,0,0,0,58,0
1230,100,0,2,100,100,0,0,0,0,0,100,100,0.0192814837,18.5384554757,50.0000000000,11.8721617920,1.0000000000,0.8480000000,250.0000000000,0,0,0,58,0
1231,100,0,2,100,100,0,0,1,102,394,100,100,0.0339889792,18.5044664965,50.0000000000,14.4161506572,1.0000000000,0.9720320000,218.0998156439,0,0,0,28,0
1232,100,0,2,100,100,0,0,0,0,0,100,100,0.0232690346,18.4811974619,50.0000000000,14.4161506572,1.0000000000,0.8480000000,250.0000000000,0,0,0,28,0
1233,100,0,2,100,100,0,0,0,0,0,100,100,0.0232690346,18.4579284274,50.0000000000,14.4161506572,1.0000000000,0.8480000000,250.0000000000,0,0,0,28,0
1234,100,0,2,100,100,0,0,0,0,0,100,100,0.0232690346,18.4346593928,50.0000000000,14.4161506572,1.0000000000,0.8480000000,250.0000000000,0,0,0,28,0
1235,100,0,2,100,100,0,0,0,0,0,100,100,0.0232690346,18.4113903582,50.0000000000,14.4161506572,1.0000000000,0.8480000000,250.0000000000,0,0,0,28,0
1236,100,0,4,100,100,0,0,1,104,588,100,100,0.0382303725,18.3731599858,25.0000000000,15.2641697896,1.0000000000,0.9744640000,217.5554971759,0,0,0,16,0
1237,100,0,4,100,100,0,0,0,0,0,100,100,0.0240380057,18.3491219801,25.0000000000,15.2641697896,1.0000000000,0.8480000000,250.0000000000,0,0,0,16,0
1238,100,0,4,100,100,0,0,0,0,0,100,100,0.0240380057,18.3250839744,25.0000000000,15.2641697896,1.0000000000,0.8480000000,250.0000000000,0,0,0,16,0
1239,100,0,4,100,100,0,0,0,0,0,100,100,0.0240380057,18.3010459688,25.0000000000,15.2641697896,1.0000000000,0.8480000000,250.0000000000,0,0,0,16,0
1240,100,0,4,100,100,0,0,0,0,0,100,100,0.0240380057,18.2770079631,25.0000000000,15.2641697896,1.0000000000,0.8480000000,250.0000000000,0,0,0,16,0
1241,100,0,1,100,100,0,0,1,101,297,100,100,0.0279229627,18.2490850005,100.0000000000,11.1937472155,1.0000000000,0.9708160000,218.3729975608,0,0,0,67,0
1242,100,0,1,100,100,0,0,0,0,0,100,100,0.0185108054,18.2305741951,100.0000000000,11.1937472155,1.0000000000,0.8480000000,250.0000000000,0,0,0,67,0
1243,100,0,1,100,100,0,0,0,0,0,100,100,0.0185108054,18.2120633896,100.0000000000,11.1937472155,1.0000000000,0.8480000000,250.0000000000,0,0,0,67,0
1244,100,0,1,100,100,0,0,0,0,0,100,100,0.0185108054,18.1935525842,100.0000000000,11.1937472155,1.0000000000,0.8480000000,250.0000000000,0,0,0,67,0
1245,100,0,1,100,100,0,0,0,0,0,100,100,0.0185108054,18.1750417788,100.0000000000,11.1937472155,1.0000000000,0.8480000000,250.0000000000,0,0,0,67,0
1246,100,0,2,100,100,0,0,1,102,394,100,100,0.0291018839,18.1459398949,50.0000000000,10.6849554538,1.0000000000,0.9720320000,218.0998156439,0,0,0,72,0
1247,100,0,2,100,100,0,0,0,0,0,100,100,0.0177744963,18.1281653986,50.0000000000,10.6849554538,1.0000000000,0.8480000000,250.0000000000,0,0,0,72,0
1248,100,0,2,100,100,0,0,0,0,0,100,100,0.0177744963,18.1103909024,50.0000000000,10.6849554538,1.0000000000,0.8480000000,250.0000000000,0,0,0,72,0
1249,100,0,2,100,100,0,0,0,0,0,100,100,0.0177744963,18.0926164061,50.0000000000,10.6849554538,1.0000000000,0.8480000000,250.0000000000,0,0,0,72,0
1250,100,0,2,100,100,0,0,0,0,0,100,100,0.0177744963,18.0748419098,50.0000000000,10.6849554538,1.0000000000,0.8480000000,250.0000000000,0,0,0,72,0
1251,100,0,2,100,100,0,0,1,102,394,100,100,0.0307220132,18.0441198966,50.0000000000,12.3809705016,1.0000000000,0.9720320000,218.0998156439,0,0,0,52,0
1252,100,0,2,100,100,0,0,0,0,0,100,100,0.0197532851,18.0243666115,50.0000000000,12.3809705016,1.0000000000,0.8480000000,250.0000000000,0,0,0,52,0
1253,100,0,2,100,100,0,0,0,0,0,100,100,0.0197532851,18.0046133264,50.0000000000,12.3809705016,1.0000000000,0.8480000000,250.0000000000,0,0,0,52,0
1254,100,0,2,100,100,0,0,0,0,0,100,100,0.0197532851,17.9848600413,50.0000000000,12.3809705016,1.0000000000,0.8480000000,250.0000000000,0,0,0,52,0
1255,100,0,2,100,100,0,0,0,0,0,100,100,0.0197532851,17.9651067562,50.0000000000,12.3809705016,1.0000000000,0.8480000000,250.0000000000,0,0,0,52,0
1256,100,0,3,100,100,0,0,1,103,491,100,100,0.0313627678,17.9337439884,33.3333333333,11.1937510644,1.0000000000,0.9732480000,217.8273163675,0,0,0,65,0
1257,100,0,3,100,100,0,0,0,0,0,100,100,0.0183495367,17.9153944518,33.3333333333,11.1937510644,1.0000000000,0.8480000000,250.0000000000,0,0,0,65,0
1258,100,0,3,100,100,0,0,0,0,0,100,100,0.0183495367,17.8970449151,33.3333333333,11.1937510644,1.0000000000,0.8480000000,250.0000000000,0,0,0,65,0
1259,100,0,3,100,100,0,0,0,0,0,100,100,0.0183495367,17.8786953784,33.3333333333,11.1937510644,1.0000000000,0.8480000000,250.0000000000,0,0,0,65,0
1260,100,0,3,100,100,0,0,0,0,0,100,100,0.0183495367,17.8603458418,33.3333333333,11.1937510644,1.0000000000,0.8480000000,250.0000000000,0,0,0,65,0
1261,100,0,3,100,100,0,0,1,103,491,100,100,0.0330391593,17.8273066824,33.3333333333,12.8049765425,1.0000000000,0.9732480000,217.8273163675,0,0,0,46,0
1262,100,0,3,100,100,0,0,0,0,0,100,100,0.0203773466,17.8069293358,33.3333333333,12.8049765425,1.0000000000,0.8480000000,250.0000000000,0,0,0,46,0
1263,100,0,3,100,100,0,0,0,0,0,100,100,0.0203773466,17.7865519892,33.3333333333,12.8049765425,1.0000000000,0.8480000000,250.0000000000,0,0,0,46,0
1264,100,0,3,100,100,0,0,0,0,0,100,100,0.0203773466,17.7661746426,33.3333333333,12.8049765425,1.0000000000,0.8480000000,250.0000000000,0,0,0,46,0
1265,100,0,3,100,100,0,0,0,0,0,100,100,0.0203773466,17.7457972960,33.3333333333,12.8049765425,1.0000000000,0.8480000000,250.0000000000,0,0,0,46,0
1266,100,0,2,100,100,0,0,1,102,394,100,100,0.0306942126,17.7151030834,50.0000000000,12.2113510116,1.0000000000,0.9720320000,218.0998156439,0,0,0,54,0
1267,100,0,2,100,100,0,0,0,0,0,100,100,0.0197450473,17.6953580361,50.0000000000,12.2113510116,1.0000000000,0.8480000000,250.0000000000,0,0,0,54,0
1268,100,0,2,100,100,0,0,0,0,0,100,100,0.0197450473,17.6756129888,50.0000000000,12.2113510116,1.0000000000,0.8480000000,250.0000000000,0,0,0,54,0
1269,100,0,2,100,100,0,0,0,0,0,100,100,0.0197450473,17.6558679414,50.0000000000,12.2113510116,1.0000000000,0.8480000000,250.0000000000,0,0,0,54,0
1270,100,0,2,100,100,0,0,0,0,0,100,100,0.0197450473,17.6361228941,50.0000000000,12.2113510116,1.0000000000,0.8480000000,250.0000000000,0,0,0,54,0
1271,100,0,2,100,100,0,0,1,102,394,100,100,0.0304475878,17.6056753063,50.0000000000,12.1265694675,1.0000000000,0.9720320000,218.0998156439,0,0,0,55,0
1272,100,0,2,100,100,0,0,0,0,0,100,100,0.0195206888,17.5861546175,50.0000000000,12.1265694675,1.0000000000,0.8480000000,250.0000000000,0,0,0,55,0
1273,100,0,2,100,100,0,0,0,0,0,100,100,0.0195206888,17.5666339287,50.0000000000,12.1265694675,1.0000000000,0.8480000000,250.0000000000,0,0,0,55,0
1274,100,0,2,100,100,0,0,0,0,0,100,100,0.0195206888,17.5471132398,50.0000000000,12.1265694675,1.0000000000,0.8480000000,250.0000000000,0,0,0,55,0
1275,100,0,2,100,100,0,0,0,0,0,100,100,0.0195206888,17.5275925510,50.0000000000,12.1265694675,1.0000000000,0.8480000000,250.0000000000,0,0,0,55,0
1276,100,0,6,100,100,0,0,1,106,782,100,100,0.0409599144,17.4866326366,16.6666666667,15.5185805734,1.0000000000,0.9768960000,217.0138888889,0,0,0,11,0
1277,100,0,6,100,100,0,0,0,0,0,100,100,0.0233459199,17.4632867167,16.6666666667,15.5185805734,1.0000000000,0.8480000000,250.0000000000,0,0,0,11,0
1278,100,0,6,100,100,0,0,0,0,0,100,100,0.0233459199,17.4399407967,16.6666666667,15.5185805734,1.0000000000,0.8480000000,250.0000000000,0,0,0,11,0
1279,100,0,6,100,100,0,0,0,0,0,100,100,0.0233459199,17.4165948768,16.6666666667,15.5185805734,1.0000000000,0.8480000000,250.0000000000,0,0,0,11,0
1280,100,0,6,100,100,0,0,0,0,0,100,100,0.0233459199,17.3932489569,16.6666666667,15.5185805734,1.0000000000,0.8480000000,250.0000000000,0,0,0,11,0
1281,100,0,2,100,100,0,0,1,102,394,100,100,0.0324095541,17.3608394028,50.0000000000,13.4833579769,1.0000000000,0.9720320000,218.0998156439,0,0,0,39,0
1282,100,0,2,100,100,0,0,0,0,0,100,100,0.0216995593,17.3391398436,50.0000000000,13.4833579769,1.0000000000,0.8480000000,250.0000000000,0,0,0,39,0
1283,100,0,2,100,100,0,0,0,0,0,100,100,0.0216995593,17.3174402843,50.0000000000,13.4833579769,1.0000000000,0.8480000000,250.0000000000,0,0,0,39,0
1284,100,0,2,100,100,0,0,0,0,0,100,100,0.0216995593,17.2957407250,50.0000000000,13.4833579769,1.0000000000,0.8480000000,250.0000000000,0,0,0,39,0
1285,100,0,2,100,100,0,0,0,0,0,100,100,0.0216995593,17.2740411657,50.0000000000,13.4833579769,1.0000000000,0.8480000000,250.0000000000,0,0,0,39,0
1286,100,0,3,100,100,0,0,1,103,491,100,100,0.0341195331,17.2399216326,33.3333333333,13.5681598127,1.0000000000,0.9732480000,217.8273163675,0,0,0,37,0
1287,100,0,3,100,100,0,0,0,0,0,100,100,0.0216199117,17.2183017209,33.3333333333,13.5681598127,1.0000000000,0.8480000000,250.0000000000,0,0,0,37,0
1288,100,0,3,100,100,0,0,0,0,0,100,100,0.0216199117,17.1966818091,33.3333333333,13.5681598127,1.0000000000,0.8480000000,250.0000000000,0,0,0,37,0
1289,100,0,3,100,100,0,0,0,0,0,100,100,0.0216199117,17.1750618974,33.3333333333,13.5681598127,1.0000000000,0.8480000000,250.0000000000,0,0,0,37,0
1290,100,0,3,100,100,0,0,0,0,0,100,100,0.0216199117,17.1534419857,33.3333333333,13.5681598127,1.0000000000,0.8480000000,250.0000000000,0,0,0,37,0
1291,100,0,10,100,100,0,0,1,110,1170,100,100,0.0487811226,17.1046608631,10.0000000000,15.9425608053,1.0000000000,0.9817600000,215.9387222947,0,0,0,2,0
1292,100,0,10,100,100,0,0,0,0,0,100,100,0.0239963165,17.0806645466,10.0000000000,15.9425608053,1.0000000000,0.8480000000,250.0000000000,0,0,0,2,0
1293,100,0,10,100,100,0,0,0,0,0,100,100,0.0239963165,17.0566682302,10.0000000000,15.9425608053,1.0000000000,0.8480000000,250.0000000000,0,0,0,2,0
1294,100,0,10,100,100,0,0,0,0,0,100,100,0.0239963165,17.0326719137,10.0000000000,15.9425608053,1.0000000000,0.8480000000,250.0000000000,0,0,0,2,0
1295,100,0,10,100,100,0,0,0,0,0,100,100,0.0239963165,17.0086755973,10.0000000000,15.9425608053,1.0000000000,0.8480000000,250.0000000000,0,0,0,2,0
1296,100,0,13,100,100,0,0,1,113,1461,100,100,0.0529114702,16.9557641270,7.6923076923,15.0945656415,1.0000000000,0.9854080000,215.1393128532,0,0,0,9,0
1297,100,0,13,100,100,0,0,0,0,0,100,100,0.0227522301,16.9330118969,7.6923076923,15.0945656415,1.0000000000,0.8480000000,250.0000000000,0,0,0,9,0
1298,100,0,13,100,100,0,0,0,0,0,100,100,0.0227522301,16.9102596668,7.6923076923,15.0945656415,1.0000000000,0.8480000000,250.0000000000,0,0,0,9,0
1299,100,0,13,100,100,0,0,0,0,0,100,100,0.0227522301,16.8875074367,7.6923076923,15.0945656415,1.0000000000,0.8480000000,250.0000000000,0,0,0,9,0
1300,100,0,13,100,100,0,0,0,0,0,100,100,0.0227522301,16.8647552066,7.6923076923,15.0945656415,1.0000000000,0.8480000000,250.0000000000,0,0,0,9,0
1301,100,0,2,100,100,0,0,1,102,394,100,100,0.0334689578,16.8312862488,50.0000000000,14.0769610750,1.0000000000,0.9720320000,218.0998156439,0,0,0,32,0
1302,100,0,2,100,100,0,0,0,0,0,100,100,0.0227574538,16.8085287949,50.0000000000,14.0769610750,1.0000000000,0.8480000000,250.0000000000,0,0,0,32,0
1303,100,0,2,100,100,0,0,0,0,0,100,100,0.0227574538,16.7857713411,50.0000000000,14.0769610750,1.0000000000,0.8480000000,250.0000000000,0,0,0,32,0
1304,100,0,2,100,100,0,0,0,0,0,100,100,0.0227574538,16.7630138872,50.0000000000,14.0769610750,1.0000000000,0.8480000000,250.0000000000,0,0,0,32,0
1305,100,0,2,100,100,0,0,0,0,0,100,100,0.0227574538,16.7402564334,50.0000000000,14.0769610750,1.0000000000,0.8480000000,250.0000000000,0,0,0,32,0
1306,100,0,2,100,100,0,0,1,102,394,100,100,0.0296623867,16.7105940467,50.0000000000,11.1937599987,1.0000000000,0.9720320000,218.0998156439,0,0,0,66,0
1307,100,0,2,100,100,0,0,0,0,0,100,100,0.0184057219,16.6921883248,50.0000000000,11.1937599987,1.0000000000,0.8480000000,250.0000000000,0,0,0,66,0
1308,100,0,2,100,100,0,0,0,0,0,100,100,0.0184057219,16.6737826029,50.0000000000,11.1937599987,1.0000000000,0.8480000000,250.0000000000,0,0,0,66,0
1309,100,0,2,100,100,0,0,0,0,0,100,100,0.0184057219,16.6553768811,50.0000000000,11.1937599987,1.0000000000,0.8480000000,250.0000000000,0,0,0,66,0
1310,100,0,2,100,100,0,0,0,0,0,100,100,0.0184057219,16.6369711592,50.0000000000,11.1937599987,1.0000000000,0.8480000000,250.0000000000,0,0,0,66,0
1311,100,0,1,100,100,0,0,1,101,297,100,100,0.0272785755,16.6096925837,100.0000000000,10.0913504019,1.0000000000,0.9708160000,218.3729975608,0,0,0,80,0
1312,100,0,1,100,100,0,0,0,0,0,100,100,0.0171671428,16.5925254409,100.0000000000,10.0913504019,1.0000000000,0.8480000000,250.0000000000,0,0,0,80,0
1313,100,0,1,100,100,0,0,0,0,0,100,100,0.0171671428,16.5753582981,100.0000000000,10.0913504019,1.0000000000,0.8480000000,250.0000000000,0,0,0,80,0
1314,100,0,1,100,100,0,0,0,0,0,100,100,0.0171671428,16.5581911553,100.0000000000,10.0913504019,1.0000000000,0.8480000000,250.0000000000,0,0,0,80,0
1315,100,0,1,100,100,0,0,0,0,0,100,100,0.0171671428,16.5410240125,100.0000000000,10.0913504019,1.0000000000,0.8480000000,250.0000000000,0,0,0,80,0
1316,100,0,1,100,100,0,0,1,101,297,100,100,0.0279230567,16.5131009557,100.0000000000,11.1937469044,1.0000000000,0.9708160000,218.3729975608,0,0,0,67,0
1317,100,0,1,100,100,0,0,0,0,0,100,100,0.0185194161,16.4945815396,100.0000000000,11.1937469044,1.0000000000,0.8480000000,250.0000000000,0,0,0,67,0
1318,100,0,1,100,100,0,0,0,0,0,100,100,0.0185194161,16.4760621236,100.0000000000,11.1937469044,1.0000000000,0.8480000000,250.0000000000,0,0,0,67,0
1319,100,0,1,100,100,0,0,0,0,0,100,100,0.0185194161,16.4575427075,100.0000000000,11.1937469044,1.0000000000,0.8480000000,250.0000000000,0,0,0,67,0
1320,100,0,1,100,100,0,0,0,0,0,100,100,0.0185194161,16.4390232914,100.0000000000,11.1937469044,1.0000000000,0.8480000000,250.0000000000,0,0,0,67,0
1321,100,0,1,100,100,0,0,1,101,297,100,100,0.0268237439,16.4121995475,100.0000000000,9.7521425291,1.0000000000,0.9708160000,218.3729975608,0,0,0,84,0
1322,100,0,1,100,100,0,0,0,0,0,100,100,0.0167654319,16.3954341156,100.0000000000,9.7521425291,1.0000000000,0.8480000000,250.0000000000,0,0,0,84,0
1323,100,0,1,100,100,0,0,0,0,0,100,100,0.0167654319,16.3786686838,100.0000000000,9.7521425291,1.0000000000,0.8480000000,250.0000000000,0,0,0,84,0
1324,100,0,1,100,100,0,0,0,0,0,100,100,0.0167654319,16.3619032519,100.0000000000,9.7521425291,1.0000000000,0.8480000000,250.0000000000,0,0,0,84,0
1325,100,0,1,100,100,0,0,0,0,0,100,100,0.0167654319,16.3451378200,100.0000000000,9.7521425291,1.0000000000,0.8480000000,250.0000000000,0,0,0,84,0
1326,100,0,1,100,100,0,0,1,101,297,100,100,0.0284398361,16.3166979839,100.0000000000,11.0241667095,1.0000000000,0.9708160000,218.3729975608,0,0,0,69,0
1327,100,0,1,100,100,0,0,0,0,0,100,100,0.0185249040,16.2981730799,100.0000000000,11.0241667095,1.0000000000,0.8480000000,250.0000000000,0,0,0,69,0
1328,100,0,1,100,100,0,0,0,0,0,100,100,0.0185249040,16.2796481759,100.0000000000,11.0241667095,1.0000000000,0.8480000000,250.0000000000,0,0,0,69,0
1329,100,0,1,100,100,0,0,0,0,0,100,100,0.0185249040,16.2611232719,100.0000000000,11.0241667095,1.0000000000,0.8480000000,250.0000000000,0,0,0,69,0
1330,100,0,1,100,100,0,0,0,0,0,100,100,0.0185249040,16.2425983680,100.0000000000,11.0241667095,1.0000000000,0.8480000000,250.0000000000,0,0,0,69,0
1331,100,0,1,100,100,0,0,1,101,297,100,100,0.0279273599,16.2146710080,100.0000000000,11.1937468015,1.0000000000,0.9708160000,218.3729975608,0,0,0,67,0
1332,100,0,1,100,100,0,0,0,0,0,100,100,0.0185337890,16.1961372190,100.0000000000,11.1937468015,1.0000000000,0.8480000000,250.0000000000,0,0,0,67,0
1333,100,0,1,100,100,0,0,0,0,0,100,100,0.0185337890,16.1776034300,100.0000000000,11.1937468015,1.0000000000,0.8480000000,250.0000000000,0,0,0,67,0
1334,100,0,1,100,100,0,0,0,0,0,100,100,0.0185337890,16.1590696410,100.0000000000,11.1937468015,1.0000000000,0.8480000000,250.0000000000,0,0,0,67,0
1335,100,0,1,100,100,0,0,0,0,0,100,100,0.0185337890,16.1405358520,100.0000000000,11.1937468015,1.0000000000,0.8480000000,250.0000000000,0,0,0,67,0
1336,100,0,1,100,100,0,0,1,101,297,100,100,0.0266987048,16.1138371473,100.0000000000,9.7521417600,1.0000000000,0.9708160000,218.3729975608,0,0,0,84,0
1337,100,0,1,100,100,0,0,0,0,0,100,100,0.0167617054,16.0970754419,100.0000000000,9.7521417600,1.0000000000,0.8480000000,250.0000000000,0,0,0,84,0
1338,100,0,1,100,100,0,0,0,0,0,100,100,0.0167617054,16.0803137365,100.0000000000,9.7521417600,1.0000000000,0.8480000000,250.0000000000,0,0,0,84,0
1339,100,0,1,100,100,0,0,0,0,0,100,100,0.0167617054,16.0635520311,100.0000000000,9.7521417600,1.0000000000,0.8480000000,250.0000000000,0,0,0,84,0
1340,100,0,1,100,100,0,0,0,0,0,100,100,0.0167617054,16.0467903257,100.0000000000,9.7521417600,1.0000000000,0.8480000000,250.0000000000,0,0,0,84,0
1341,100,0,5,100,100,0,0,1,105,685,100,100,0.0382801121,16.0085102136,20.0000000000,14.5857740856,1.0000000000,0.9756800000,217.2843555264,0,0,0,23,0
1342,100,0,5,100,100,0,0,0,0,0,100,100,0.0223642905,15.9861459231,20.0000000000,14.5857740856,1.0000000000,0.8480000000,250.0000000000,0,0,0,23,0
1343,100,0,5,100,100,0,0,0,0,0,100,100,0.0223642905,15.9637816326,20.0000000000,14.5857740856,1.0000000000,0.8480000000,250.0000000000,0,0,0,23,0
1344,100,0,5,100,100,0,0,0,0,0,100,100,0.0223642905,15.9414173422,20.0000000000,14.5857740856,1.0000000000,0.8480000000,250.0000000000,0,0,0,23,0
1345,100,0,5,100,100,0,0,0,0,0,100,100,0.0223642905,15.9190530517,20.0000000000,14.5857740856,1.0000000000,0.8480000000,250.0000000000,0,0,0,23,0
1346,100,0,1,100,100,0,0,1,101,297,100,100,0.0284720865,15.8905809652,100.0000000000,11.3633489181,1.0000000000,0.9708160000,218.3729975608,0,0,0,65,0
1347,100,0,1,100,100,0,0,0,0,0,100,100,0.0190994993,15.8714814658,100.0000000000,11.3633489181,1.0000000000,0.8480000000,250.0000000000,0,0,0,65,0
1348,100,0,1,100,100,0,0,0,0,0,100,100,0.0190994993,15.8523819665,100.0000000000,11.3633489181,1.0000000000,0.8480000000,250.0000000000,0,0,0,65,0
1349,100,0,1,100,100,0,0,0,0,0,100,100,0.0190994993,15.8332824672,100.0000000000,11.3633489181,1.0000000000,0.8480000000,250.0000000000,0,0,0,65,0
1350,100,0,1,100,100,0,0,0,0,0,100,100,0.0190994993,15.8141829679,100.0000000000,11.3633489181,1.0000000000,0.8480000000,250.0000000000,0,0,0,65,0
1351,100,0,2,100,100,0,0,1,102,394,100,100,0.0310669450,15.7831160229,50.0000000000,12.0417450442,1.0000000000,0.9720320000,218.0998156439,0,0,0,56,0
1352,100,0,2,100,100,0,0,0,0,0,100,100,0.0201114248,15.7630045981,50.0000000000,12.0417450442,1.0000000000,0.8480000000,250.0000000000,0,0,0,56,0
1353,100,0,2,100,100,0,0,0,0,0,100,100,0.0201114248,15.7428931733,50.0000000000,12.0417450442,1.0000000000,0.8480000000,250.0000000000,0,0,0,56,0
1354,100,0,2,100,100,0,0,0,0,0,100,100,0.0201114248,15.7227817485,50.0000000000,12.0417450442,1.0000000000,0.8480000000,250.0000000000,0,0,0,56,0
1355,100,0,2,100,100,0,0,0,0,0,100,100,0.0201114248,15.7026703236,50.0000000000,12.0417450442,1.0000000000,0.8480000000,250.0000000000,0,0,0,56,0
1356,100,0,2,100,100,0,0,1,102,394,100,100,0.0302889407,15.6723813829,50.0000000000,11.7873548803,1.0000000000,0.9720320000,218.0998156439,0,0,0,59,0
1357,100,0,2,100,100,0,0,0,0,0,100,100,0.0192593229,15.6531220600,50.0000000000,11.7873548803,1.0000000000,0.8480000000,250.0000000000,0,0,0,59,0
1358,100,0,2,100,100,0,0,0,0,0,100,100,0.0192593229,15.6338627370,50.0000000000,11.7873548803,1.0000000000,0.8480000000,250.0000000000,0,0,0,59,0
1359,100,0,2,100,100,0,0,0,0,0,100,100,0.0192593229,15.6146034141,50.0000000000,11.7873548803,1.0000000000,0.8480000000,250.0000000000,0,0,0,59,0
1360,100,0,2,100,100,0,0,0,0,0,100,100,0.0192593229,15.5953440912,50.0000000000,11.7873548803,1.0000000000,0.8480000000,250.0000000000,0,0,0,59,0
1361,100,0,3,100,100,0,0,1,103,491,100,100,0.0361752475,15.5591688436,33.3333333333,15.2641702788,1.0000000000,0.9732480000,217.8273163675,0,0,0,17,0
1362,100,0,3,100,100,0,0,0,0,0,100,100,0.0237952555,15.5353735881,33.3333333333,15.2641702788,1.0000000000,0.8480000000,250.0000000000,0,0,0,17,0
1363,100,0,3,100,100,0,0,0,0,0,100,100,0.0237952555,15.5115783326,33.3333333333,15.2641702788,1.0000000000,0.8480000000,250.0000000000,0,0,0,17,0
1364,100,0,3,100,100,0,0,0,0,0,100,100,0.0237952555,15.4877830770,33.3333333333,15.2641702788,1.0000000000,0.8480000000,250.0000000000,0,0,0,17,0
1365,100,0,3,100,100,0,0,0,0,0,100,100,0.0237952555,15.4639878215,33.3333333333,15.2641702788,1.0000000000,0.8480000000,250.0000000000,0,0,0,17,0
1366,100,0,2,100,100,0,0,1,102,394,100,100,0.0301878611,15.4337999604,50.0000000000,11.4481466500,1.0000000000,0.9720320000,218.0998156439,0,0,0,63,0
1367,100,0,2,100,100,0,0,0,0,0,100,100,0.0191596444,15.4146403160,50.0000000000,11.4481466500,1.0000000000,0.8480000000,250.0000000000,0,0,0,63,0
1368,100,0,2,100,100,0,0,0,0,0,100,100,0.0191596444,15.3954806715,50.0000000000,11.4481466500,1.0000000000,0.8480000000,250.0000000000,0,0,0,63,0
1369,100,0,2,100,100,0,0,0,0,0,100,100,0.0191596444,15.3763210271,50.0000000000,11.4481466500,1.0000000000,0.8480000000,250.0000000000,0,0,0,63,0
1370,100,0,2,100,100,0,0,0,0,0,100,100,0.0191596444,15.3571613826,50.0000000000,11.4481466500,1.0000000000,0.8480000000,250.0000000000,0,0,0,63,0
1371,100,0,3,100,100,0,0,1,103,491,100,100,0.0366427387,15.3205186440,33.3333333333,15.8577698832,1.0000000000,0.9732480000,217.8273163675,0,0,0,10,0
1372,100,0,3,100,100,0,0,0,0,0,100,100,0.0243190413,15.2961996027,33.3333333333,15.8577698832,1.0000000000,0.8480000000,250.0000000000,0,0,0,10,0
1373,100,0,3,100,100,0,0,0,0,0,100,100,0.0243190413,15.2718805614,33.3333333333,15.8577698832,1.0000000000,0.8480000000,250.0000000000,0,0,0,10,0
1374,100,0,3,100,100,0,0,0,0,0,100,100,0.0243190413,15.2475615200,33.3333333333,15.8577698832,1.0000000000,0.8480000000,250.0000000000,0,0,0,10,0
1375,100,0,3,100,100,0,0,0,0,0,100,100,0.0243190413,15.2232424787,33.3333333333,15.8577698832,1.0000000000,0.8480000000,250.0000000000,0,0,0,10,0
1376,100,0,4,100,100,0,0,1,104,588,100,100,0.0352400050,15.1880024737,25.0000000000,13.4833828578,1.0000000000,0.9744640000,217.5554971759,0,0,0,37,0
1377,100,0,4,100,100,0,0,0,0,0,100,100,0.0209804401,15.1670220337,25.0000000000,13.4833828578,1.0000000000,0.8480000000,250.0000000000,0,0,0,37,0
1378,100,0,4,100,100,0,0,0,0,0,100,100,0.0209804401,15.1460415936,25.0000000000,13.4833828578,1.0000000000,0.8480000000,250.0000000000,0,0,0,37,0
1379,100,0,4,100,100,0,0,0,0,0,100,100,0.0209804401,15.1250611535,25.0000000000,13.4833828578,1.0000000000,0.8480000000,250.0000000000,0,0,0,37,0
1380,100,0,4,100,100,0,0,0,0,0,100,100,0.0209804401,15.1040807135,25.0000000000,13.4833828578,1.0000000000,0.8480000000,250.0000000000,0,0,0,37,0
1381,100,0,6,100,100,0,0,1,106,782,100,100,0.0416502893,15.0624304241,16.6666666667,15.7729743921,1.0000000000,0.9768960000,217.0138888889,0,0,0,8,0
1382,100,0,6,100,100,0,0,0,0,0,100,100,0.0239878920,15.0384425322,16.6666666667,15.7729743921,1.0000000000,0.8480000000,250.0000000000,0,0,0,8,0
1383,100,0,6,100,100,0,0,0,0,0,100,100,0.0239878920,15.0144546402,16.6666666667,15.7729743921,1.0000000000,0.8480000000,250.0000000000,0,0,0,8,0
1384,100,0,6,100,100,0,0,0,0,0,100,100,0.0239878920,14.9904667482,16.6666666667,15.7729743921,1.0000000000,0.8480000000,250.0000000000,0,0,0,8,0
1385,100,0,6,100,100,0,0,0,0,0,100,100,0.0239878920,14.9664788562,16.6666666667,15.7729743921,1.0000000000,0.8480000000,250.0000000000,0,0,0,8,0
1386,100,0,4,100,100,0,0,1,104,588,100,100,0.0396501318,14.9268287245,25.0000000000,16.3665596892,1.0000000000,0.9744640000,217.5554971759,0,0,0,3,0
1387,100,0,4,100,100,0,0,0,0,0,100,100,0.0254818235,14.9013469010,25.0000000000,16.3665596892,1.0000000000,0.8480000000,250.0000000000,0,0,0,3,0
1388,100,0,4,100,100,0,0,0,0,0,100,100,0.0254818235,14.8758650775,25.0000000000,16.3665596892,1.0000000000,0.8480000000,250.0000000000,0,0,0,3,0
1389,100,0,4,100,100,0,0,0,0,0,100,100,0.0254818235,14.8503832541,25.0000000000,16.3665596892,1.0000000000,0.8480000000,250.0000000000,0,0,0,3,0
1390,100,0,4,100,100,0,0,0,0,0,100,100,0.0254818235,14.8249014306,25.0000000000,16.3665596892,1.0000000000,0.8480000000,250.0000000000,0,0,0,3,0
1391,100,0,5,100,100,0,0,1,104,685,100,100,0.0381721287,14.7867293019,20.0000000000,13.9921728358,1.0000000000,0.9744640000,217.5554971759,0,0,0,30,0
1392,100,0,5,100,100,0,0,0,0,0,100,100,0.0221746823,14.7645546196,20.0000000000,13.9921728358,1.0000000000,0.8480000000,250.0000000000,0,0,0,30,0
1393,100,0,5,100,100,0,0,0,0,0,100,100,0.0221746823,14.7423799373,20.0000000000,13.9921728358,1.0000000000,0.8480000000,250.0000000000,0,0,0,30,0
1394,100,0,5,100,100,0,0,0,0,0,100,100,0.0221746823,14.7202052550,20.0000000000,13.9921728358,1.0000000000,0.8480000000,250.0000000000,0,0,0,30,0
1395,100,0,5,100,100,0,0,0,0,0,100,100,0.0221746823,14.6980305727,20.0000000000,13.9921728358,1.0000000000,0.8480000000,250.0000000000,0,0,0,30,0
1396,100,0,12,100,100,0,0,1,110,1364,100,100,0.0506937564,14.6473368163,8.3333333333,14.7553737169,1.0000000000,0.9817600000,215.9387222947,0,0,0,14,0
1397,100,0,12,100,100,0,0,0,0,0,100,100,0.0223505779,14.6249862384,8.3333333333,14.7553737169,1.0000000000,0.8480000000,250.0000000000,0,0,0,14,0
1398,100,0,12,100,100,0,0,0,0,0,100,100,0.0223505779,14.6026356605,8.3333333333,14.7553737169,1.0000000000,0.8480000000,250.0000000000,0,0,0,14,0
1399,100,0,12,100,100,0,0,0,0,0,100,100,0.0223505779,14.5802850827,8.3333333333,14.7553737169,1.0000000000,0.8480000000,250.0000000000,0,0,0,14,0
1400,100,0,12,100,100,0,0,0,0,0,100,100,0.0223505779,14.5579345048,8.3333333333,14.7553737169,1.0000000000,0.8480000000,250.0000000000,0,0,0,14,0
1401,100,0,1,100,100,0,0,1,101,297,100,100,0.0278764116,14.5300580932,100.0000000000,11.1937449019,1.0000000000,0.9708160000,218.3729975608,0,0,0,67,0
1402,100,0,1,100,100,0,0,0,0,0,100,100,0.0185282260,14.5115298672,100.0000000000,11.1937449019,1.0000000000,0.8480000000,250.0000000000,0,0,0,67,0
1403,100,0,1,100,100,0,0,0,0,0,100,100,0.0185282260,14.4930016412,100.0000000000,11.1937449019,1.0000000000,0.8480000000,250.0000000000,0,0,0,67,0
1404,100,0,1,100,100,0,0,0,0,0,100,100,0.0185282260,14.4744734152,100.0000000000,11.1937449019,1.0000000000,0.8480000000,250.0000000000,0,0,0,67,0
1405,100,0,1,100,100,0,0,0,0,0,100,100,0.0185282260,14.4559451892,100.0000000000,11.1937449019,1.0000000000,0.8480000000,250.0000000000,0,0,0,67,0
1406,100,0,1,100,100,0,0,1,101,297,100,100,0.0276283507,14.4283168385,100.0000000000,10.8545489262,1.0000000000,0.9708160000,218.3729975608,0,0,0,71,0
1407,100,0,1,100,100,0,0,0,0,0,100,100,0.0180460706,14.4102707679,100.0000000000,10.8545489262,1.0000000000,0.8480000000,250.0000000000,0,0,0,71,0
1408,100,0,1,100,100,0,0,0,0,0,100,100,0.0180460706,14.3922246973,100.0000000000,10.8545489262,1.0000000000,0.8480000000,250.0000000000,0,0,0,71,0
1409,100,0,1,100,100,0,0,0,0,0,100,100,0.0180460706,14.3741786268,100.0000000000,10.8545489262,1.0000000000,0.8480000000,250.0000000000,0,0,0,71,0
1410,100,0,1,100,100,0,0,0,0,0,100,100,0.0180460706,14.3561325562,100.0000000000,10.8545489262,1.0000000000,0.8480000000,250.0000000000,0,0,0,71,0
1411,100,0,1,100,100,0,0,1,101,297,100,100,0.0275601915,14.3285723647,100.0000000000,10.6849495150,1.0000000000,0.9708160000,218.3729975608,0,0,0,73,0
1412,100,0,1,100,100,0,0,0,0,0,100,100,0.0180127848,14.3105595799,100.0000000000,10.6849495150,1.0000000000,0.8480000000,250.0000000000,0,0,0,73,0
1413,100,0,1,100,100,0,0,0,0,0,100,100,0.0180127848,14.2925467952,100.0000000000,10.6849495150,1.0000000000,0.8480000000,250.0000000000,0,0,0,73,0
1414,100,0,1,100,100,0,0,0,0,0,100,100,0.0180127848,14.2745340104,100.0000000000,10.6849495150,1.0000000000,0.8480000000,250.0000000000,0,0,0,73,0
1415,100,0,1,100,100,0,0,0,0,0,100,100,0.0180127848,14.2565212256,100.0000000000,10.6849495150,1.0000000000,0.8480000000,250.0000000000,0,0,0,73,0
1416,100,0,2,100,100,0,0,1,102,394,100,100,0.0304531825,14.2260680431,50.0000000000,11.6177724393,1.0000000000,0.9720320000,218.0998156439,0,0,0,61,0
1417,100,0,2,100,100,0,0,0,0,0,100,100,0.0191319867,14.2069360565,50.0000000000,11.6177724393,1.0000000000,0.8480000000,250.0000000000,0,0,0,61,0
1418,100,0,2,100,100,0,0,0,0,0,100,100,0.0191319867,14.1878040698,50.0000000000,11.6177724393,1.0000000000,0.8480000000,250.0000000000,0,0,0,61,0
1419,100,0,2,100,100,0,0,0,0,0,100,100,0.0191319867,14.1686720831,50.0000000000,11.6177724393,1.0000000000,0.8480000000,250.0000000000,0,0,0,61,0
1420,100,0,2,100,100,0,0,0,0,0,100,100,0.0191319867,14.1495400964,50.0000000000,11.6177724393,1.0000000000,0.8480000000,250.0000000000,0,0,0,61,0
1421,100,0,1,100,100,0,0,1,101,297,100,100,0.0275735313,14.1219665652,100.0000000000,9.5825490717,1.0000000000,0.9708160000,218.3729975608,0,0,0,86,0
1422,100,0,1,100,100,0,0,0,0,0,100,100,0.0167090848,14.1052574804,100.0000000000,9.5825490717,1.0000000000,0.8480000000,250.0000000000,0,0,0,86,0
1423,100,0,1,100,100,0,0,0,0,0,100,100,0.0167090848,14.0885483956,100.0000000000,9.5825490717,1.0000000000,0.8480000000,250.0000000000,0,0,0,86,0
1424,100,0,1,100,100,0,0,0,0,0,100,100,0.0167090848,14.0718393108,100.0000000000,9.5825490717,1.0000000000,0.8480000000,250.0000000000,0,0,0,86,0
1425,100,0,1,100,100,0,0,0,0,0,100,100,0.0167090848,14.0551302260,100.0000000000,9.5825490717,1.0000000000,0.8480000000,250.0000000000,0,0,0,86,0
1426,100,0,1,100,100,0,0,1,101,297,100,100,0.0282412275,14.0268889985,100.0000000000,11.2785468241,1.0000000000,0.9708160000,218.3729975608,0,0,0,66,0
1427,100,0,1,100,100,0,0,0,0,0,100,100,0.0189000305,14.0079889680,100.0000000000,11.2785468241,1.0000000000,0.8480000000,250.0000000000,0,0,0,66,0
1428,100,0,1,100,100,0,0,0,0,0,100,100,0.0189000305,13.9890889376,100.0000000000,11.2785468241,1.0000000000,0.8480000000,250.0000000000,0,0,0,66,0
1429,100,0,1,100,100,0,0,0,0,0,100,100,0.0189000305,13.9701889071,100.0000000000,11.2785468241,1.0000000000,0.8480000000,250.0000000000,0,0,0,66,0
1430,100,0,1,100,100,0,0,0,0,0,100,100,0.0189000305,13.9512888767,100.0000000000,11.2785468241,1.0000000000,0.8480000000,250.0000000000,0,0,0,66,0
1431,100,0,3,100,100,0,0,1,103,491,100,100,0.0352912377,13.9159976390,33.3333333333,14.6705714366,1.0000000000,0.9732480000,217.8273163675,0,0,0,24,0
1432,100,0,3,100,100,0,0,0,0,0,100,100,0.0228929697,13.8931046693,33.3333333333,14.6705714366,1.0000000000,0.8480000000,250.0000000000,0,0,0,24,0
1433,100,0,3,100,100,0,0,0,0,0,100,100,0.0228929697,13.8702116996,33.3333333333,14.6705714366,1.0000000000,0.8480000000,250.0000000000,0,0,0,24,0
1434,100,0,3,100,100,0,0,0,0,0,100,100,0.0228929697,13.8473187299,33.3333333333,14.6705714366,1.0000000000,0.8480000000,250.0000000000,0,0,0,24,0
1435,100,0,3,100,100,0,0,0,0,0,100,100,0.0228929697,13.8244257602,33.3333333333,14.6705714366,1.0000000000,0.8480000000,250.0000000000,0,0,0,24,0
1436,100,0,1,100,100,0,0,1,101,297,100,100,0.0288163632,13.7956093970,100.0000000000,11.7025411594,1.0000000000,0.9708160000,218.3729975608,0,0,0,61,0
1437,100,0,1,100,100,0,0,0,0,0,100,100,0.0196931086,13.7759162883,100.0000000000,11.7025411594,1.0000000000,0.8480000000,250.0000000000,0,0,0,61,0
1438,100,0,1,100,100,0,0,0,0,0,100,100,0.0196931086,13.7562231797,100.0000000000,11.7025411594,1.0000000000,0.8480000000,250.0000000000,0,0,0,61,0
1439,100,0,1,100,100,0,0,0,0,0,100,100,0.0196931086,13.7365300710,100.0000000000,11.7025411594,1.0000000000,0.8480000000,250.0000000000,0,0,0,61,0
1440,100,0,1,100,100,0,0,0,0,0,100,100,0.0196931086,13.7168369624,100.0000000000,11.7025411594,1.0000000000,0.8480000000,250.0000000000,0,0,0,61,0
1441,100,0,4,100,100,0,0,1,104,588,100,100,0.0379069176,13.6789300448,25.0000000000,15.3489743281,1.0000000000,0.9744640000,217.5554971759,0,0,0,15,0
1442,100,0,4,100,100,0,0,0,0,0,100,100,0.0237647444,13.6551653004,25.0000000000,15.3489743281,1.0000000000,0.8480000000,250.0000000000,0,0,0,15,0
1443,100,0,4,100,100,0,0,0,0,0,100,100,0.0237647444,13.6314005560,25.0000000000,15.3489743281,1.0000000000,0.8480000000,250.0000000000,0,0,0,15,0
1444,100,0,4,100,100,0,0,0,0,0,100,100,0.0237647444,13.6076358117,25.0000000000,15.3489743281,1.0000000000,0.8480000000,250.0000000000,0,0,0,15,0
1445,100,0,4,100,100,0,0,0,0,0,100,100,0.0237647444,13.5838710673,25.0000000000,15.3489743281,1.0000000000,0.8480000000,250.0000000000,0,0,0,15,0
1446,100,0,2,100,100,0,0,1,102,394,100,100,0.0300290349,13.5538420324,50.0000000000,11.9569602441,1.0000000000,0.9720320000,218.0998156439,0,0,0,57,0
1447,100,0,2,100,100,0,0,0,0,0,100,100,0.0190210784,13.5348209540,50.0000000000,11.9569602441,1.0000000000,0.8480000000,250.0000000000,0,0,0,57,0
1448,100,0,2,100,100,0,0,0,0,0,100,100,0.0190210784,13.5157998756,50.0000000000,11.9569602441,1.0000000000,0.8480000000,250.0000000000,0,0,0,57,0
1449,100,0,2,100,100,0,0,0,0,0,100,100,0.0190210784,13.4967787972,50.0000000000,11.9569602441,1.0000000000,0.8480000000,250.0000000000,0,0,0,57,0
1450,100,0,2,100,100,0,0,0,0,0,100,100,0.0190210784,13.4777577188,50.0000000000,11.9569602441,1.0000000000,0.8480000000,250.0000000000,0,0,0,57,0
1451,100,0,2,100,100,0,0,1,102,394,100,100,0.0314829087,13.4462748101,50.0000000000,12.4657444983,1.0000000000,0.9720320000,218.0998156439,0,0,0,51,0
1452,100,0,2,100,100,0,0,0,0,0,100,100,0.0205780530,13.4256967570,50.0000000000,12.4657444983,1.0000000000,0.8480000000,250.0000000000,0,0,0,51,0
1453,100,0,2,100,100,0,0,0,0,0,100,100,0.0205780530,13.4051187040,50.0000000000,12.4657444983,1.0000000000,0.8480000000,250.0000000000,0,0,0,51,0
1454,100,0,2,100,100,0,0,0,0,0,100,100,0.0205780530,13.3845406510,50.0000000000,12.4657444983,1.0000000000,0.8480000000,250.0000000000,0,0,0,51,0
1455,100,0,2,100,100,0,0,0,0,0,100,100,0.0205780530,13.3639625979,50.0000000000,12.4657444983,1.0000000000,0.8480000000,250.0000000000,0,0,0,51,0
1456,100,0,4,100,100,0,0,1,104,588,100,100,0.0371434009,13.3268191971,25.0000000000,15.1793764857,1.0000000000,0.9744640000,217.5554971759,0,0,0,17,0
1457,100,0,4,100,100,0,0,0,0,0,100,100,0.0230642034,13.3037549937,25.0000000000,15.1793764857,1.0000000000,0.8480000000,250.0000000000,0,0,0,17,0
1458,100,0,4,100,100,0,0,0,0,0,100,100,0.0230642034,13.2806907903,25.0000000000,15.1793764857,1.0000000000,0.8480000000,250.0000000000,0,0,0,17,0
1459,100,0,4,100,100,0,0,0,0,0,100,100,0.0230642034,13.2576265870,25.0000000000,15.1793764857,1.0000000000,0.8480000000,250.0000000000,0,0,0,17,0
1460,100,0,4,100,100,0,0,0,0,0,100,100,0.0230642034,13.2345623836,25.0000000000,15.1793764857,1.0000000000,0.8480000000,250.0000000000,0,0,0,17,0
1461,100,0,1,100,100,0,0,1,101,297,100,100,0.0299612695,13.2046011142,100.0000000000,12.4657431194,1.0000000000,0.9708160000,218.3729975608,0,0,0,52,0
1462,100,0,1,100,100,0,0,0,0,0,100,100,0.0208467448,13.1837543694,100.0000000000,12.4657431194,1.0000000000,0.8480000000,250.0000000000,0,0,0,52,0
1463,100,0,1,100,100,0,0,0,0,0,100,100,0.0208467448,13.1629076246,100.0000000000,12.4657431194,1.0000000000,0.8480000000,250.0000000000,0,0,0,52,0
1464,100,0,1,100,100,0,0,0,0,0,100,100,0.0208467448,13.1420608798,100.0000000000,12.4657431194,1.0000000000,0.8480000000,250.0000000000,0,0,0,52,0
1465,100,0,1,100,100,0,0,0,0,0,100,100,0.0208467448,13.1212141350,100.0000000000,12.4657431194,1.0000000000,0.8480000000,250.0000000000,0,0,0,52,0
1466,100,0,3,100,100,0,0,1,103,491,100,100,0.0310615529,13.0901525821,33.3333333333,11.1089608606,1.0000000000,0.9732480000,217.8273163675,0,0,0,66,0
1467,100,0,3,100,100,0,0,0,0,0,100,100,0.0182471836,13.0719053985,33.3333333333,11.1089608606,1.0000000000,0.8480000000,250.0000000000,0,0,0,66,0
1468,100,0,3,100,100,0,0,0,0,0,100,100,0.0182471836,13.0536582149,33.3333333333,11.1089608606,1.0000000000,0.8480000000,250.0000000000,0,0,0,66,0
1469,100,0,3,100,100,0,0,0,0,0,100,100,0.0182471836,13.0354110313,33.3333333333,11.1089608606,1.0000000000,0.8480000000,250.0000000000,0,0,0,66,0
1470,100,0,3,100,100,0,0,0,0,0,100,100,0.0182471836,13.0171638478,33.3333333333,11.1089608606,1.0000000000,0.8480000000,250.0000000000,0,0,0,66,0
1471,100,0,2,100,100,0,0,1,102,394,100,100,0.0310496838,12.9861141640,50.0000000000,12.5505688733,1.0000000000,0.9720320000,218.0998156439,0,0,0,50,0
1472,100,0,2,100,100,0,0,0,0,0,100,100,0.0200992769,12.9660148871,50.0000000000,12.5505688733,1.0000000000,0.8480000000,250.0000000000,0,0,0,50,0
1473,100,0,2,100,100,0,0,0,0,0,100,100,0.0200992769,12.9459156102,50.0000000000,12.5505688733,1.0000000000,0.8480000000,250.0000000000,0,0,0,50,0
1474,100,0,2,100,100,0,0,0,0,0,100,100,0.0200992769,12.9258163333,50.0000000000,12.5505688733,1.0000000000,0.8480000000,250.0000000000,0,0,0,50,0
1475,100,0,2,100,100,0,0,0,0,0,100,100,0.0200992769,12.9057170564,50.0000000000,12.5505688733,1.0000000000,0.8480000000,250.0000000000,0,0,0,50,0
1476,100,0,2,100,100,0,0,1,102,394,100,100,0.0298820702,12.8758349862,50.0000000000,11.1937455213,1.0000000000,0.9720320000,218.0998156439,0,0,0,66,0
1477,100,0,2,100,100,0,0,0,0,0,100,100,0.0188298618,12.8570051244,50.0000000000,11.1937455213,1.0000000000,0.8480000000,250.0000000000,0,0,0,66,0
1478,100,0,2,100,100,0,0,0,0,0,100,100,0.0188298618,12.8381752625,50.0000000000,11.1937455213,1.0000000000,0.8480000000,250.0000000000,0,0,0,66,0
1479,100,0,2,100,100,0,0,0,0,0,100,100,0.0188298618,12.8193454007,50.0000000000,11.1937455213,1.0000000000,0.8480000000,250.0000000000,0,0,0,66,0
1480,100,0,2,100,100,0,0,0,0,0,100,100,0.0188298618,12.8005155389,50.0000000000,11.1937455213,1.0000000000,0.8480000000,250.0000000000,0,0,0,66,0
1481,100,0,3,100,100,0,0,1,103,491,100,100,0.0329175085,12.7675980304,33.3333333333,12.8049618334,1.0000000000,0.9732480000,217.8273163675,0,0,0,46,0
1482,100,0,3,100,100,0,0,0,0,0,100,100,0.0203438006,12.7472542299,33.3333333333,12.8049618334,1.0000000000,0.8480000000,250.0000000000,0,0,0,46,0
1483,100,0,3,100,100,0,0,0,0,0,100,100,0.0203438006,12.7269104293,33.3333333333,12.8049618334,1.0000000000,0.8480000000,250.0000000000,0,0,0,46,0
1484,100,0,3,100,100,0,0,0,0,0,100,100,0.0203438006,12.7065666287,33.3333333333,12.8049618334,1.0000000000,0.8480000000,250.0000000000,0,0,0,46,0
1485,100,0,3,100,100,0,0,0,0,0,100,100,0.0203438006,12.6862228282,33.3333333333,12.8049618334,1.0000000000,0.8480000000,250.0000000000,0,0,0,46,0
1486,100,0,7,100,100,0,0,1,107,879,100,100,0.0412606264,12.6449622018,14.2857142857,13.9921644988,1.0000000000,0.9781120000,216.7440947458,0,0,0,28,0
1487,100,0,7,100,100,0,0,0,0,0,100,100,0.0217079146,12.6232542872,14.2857142857,13.9921644988,1.0000000000,0.8480000000,250.0000000000,0,0,0,28,0
1488,100,0,7,100,100,0,0,0,0,0,100,100,0.0217079146,12.6015463727,14.2857142857,13.9921644988,1.0000000000,0.8480000000,250.0000000000,0,0,0,28,0
1489,100,0,7,100,100,0,0,0,0,0,100,100,0.0217079146,12.5798384581,14.2857142857,13.9921644988,1.0000000000,0.8480000000,250.0000000000,0,0,0,28,0
1490,100,0,7,100,100,0,0,0,0,0,100,100,0.0217079146,12.5581305435,14.2857142857,13.9921644988,1.0000000000,0.8480000000,250.0000000000,0,0,0,28,0
1491,100,0,7,100,100,0,0,1,107,879,100,100,0.0411748356,12.5169557079,14.2857142857,14.0769553819,1.0000000000,0.9781120000,216.7440947458,0,0,0,27,0
1492,100,0,7,100,100,0,0,0,0,0,100,100,0.0216785468,12.4952771611,14.2857142857,14.0769553819,1.0000000000,0.8480000000,250.0000000000,0,0,0,27,0
1493,100,0,7,100,100,0,0,0,0,0,100,100,0.0216785468,12.4735986142,14.2857142857,14.0769553819,1.0000000000,0.8480000000,250.0000000000,0,0,0,27,0
1494,100,0,7,100,100,0,0,0,0,0,100,100,0.0216785468,12.4519200674,14.2857142857,14.0769553819,1.0000000000,0.8480000000,250.0000000000,0,0,0,27,0
1495,100,0,7,100,100,0,0,0,0,0,100,100,0.0216785468,12.4302415205,14.2857142857,14.0769553819,1.0000000000,0.8480000000,250.0000000000,0,0,0,27,0
1496,100,0,12,100,100,0,0,1,112,1364,100,100,0.0515111624,12.3787303582,8.3333333333,15.2641775683,1.0000000000,0.9841920000,215.4051242034,0,0,0,8,0
1497,100,0,12,100,100,0,0,0,0,0,100,100,0.0231496301,12.3555807281,8.3333333333,15.2641775683,1.0000000000,0.8480000000,250.0000000000,0,0,0,8,0
1498,100,0,12,100,100,0,0,0,0,0,100,100,0.0231496301,12.3324310980,8.3333333333,15.2641775683,1.0000000000,0.8480000000,250.0000000000,0,0,0,8,0
1499,100,0,12,100,100,0,0,0,0,0,100,100,0.0231496301,12.3092814680,8.3333333333,15.2641775683,1.0000000000,0.8480000000,250.0000000000,0,0,0,8,0
1500,100,0,12,100,100,0,0,0,0,0,100,100,0.0231496301,12.2861318379,8.3333333333,15.2641775683,1.0000000000,0.8480000000,250.0000000000,0,0,0,8,0
1501,100,0,2,100,100,0,0,1,102,394,100,100,0.0316790876,12.2544527503,50.0000000000,12.8049557323,1.0000000000,0.9720320000,218.0998156439,0,0,0,47,0
1502,100,0,2,100,100,0,0,0,0,0,100,100,0.0208340917,12.2336186586,50.0000000000,12.8049557323,1.0000000000,0.8480000000,250.0000000000,0,0,0,47,0
1503,100,0,2,100,100,0,0,0,0,0,100,100,0.0208340917,12.2127845669,50.0000000000,12.8049557323,1.0000000000,0.8480000000,250.0000000000,0,0,0,47,0
1504,100,0,2,100,100,0,0,0,0,0,100,100,0.0208340917,12.1919504751,50.0000000000,12.8049557323,1.0000000000,0.8480000000,250.0000000000,0,0,0,47,0
1505,100,0,2,100,100,0,0,0,0,0,100,100,0.0208340917,12.1711163834,50.0000000000,12.8049557323,1.0000000000,0.8480000000,250.0000000000,0,0,0,47,0
1506,100,0,1,100,100,0,0,1,101,297,100,100,0.0281890675,12.1429273159,100.0000000000,11.1089612667,1.0000000000,0.9708160000,218.3729975608,0,0,0,68,0
1507,100,0,1,100,100,0,0,0,0,0,100,100,0.0185280479,12.1243992679,100.0000000000,11.1089612667,1.0000000000,0.8480000000,250.0000000000,0,0,0,68,0
1508,100,0,1,100,100,0,0,0,0,0,100,100,0.0185280479,12.1058712200,100.0000000000,11.1089612667,1.0000000000,0.8480000000,250.0000000000,0,0,0,68,0
1509,100,0,1,100,100,0,0,0,0,0,100,100,0.0185280479,12.0873431721,100.0000000000,11.1089612667,1.0000000000,0.8480000000,250.0000000000,0,0,0,68,0
1510,100,0,1,100,100,0,0,0,0,0,100,100,0.0185280479,12.0688151242,100.0000000000,11.1089612667,1.0000000000,0.8480000000,250.0000000000,0,0,0,68,0
1511,100,0,2,100,100,0,0,1,102,394,100,100,0.0303467436,12.0384683806,50.0000000000,12.2113532613,1.0000000000,0.9720320000,218.0998156439,0,0,0,54,0
1512,100,0,2,100,100,0,0,0,0,0,100,100,0.0194604801,12.0190079006,50.0000000000,12.2113532613,1.0000000000,0.8480000000,250.0000000000,0,0,0,54,0
1513,100,0,2,100,100,0,0,0,0,0,100,100,0.0194604801,11.9995474205,50.0000000000,12.2113532613,1.0000000000,0.8480000000,250.0000000000,0,0,0,54,0
1514,100,0,2,100,100,0,0,0,0,0,100,100,0.0194604801,11.9800869404,50.0000000000,12.2113532613,1.0000000000,0.8480000000,250.0000000000,0,0,0,54,0
1515,100,0,2,100,100,0,0,0,0,0,100,100,0.0194604801,11.9606264603,50.0000000000,12.2113532613,1.0000000000,0.8480000000,250.0000000000,0,0,0,54,0
1516,100,0,2,100,100,0,0,1,102,394,100,100,0.0286851727,11.9319412876,50.0000000000,9.7521440844,1.0000000000,0.9720320000,218.0998156439,0,0,0,83,0
1517,100,0,2,100,100,0,0,0,0,0,100,100,0.0168223402,11.9151189474,50.0000000000,9.7521440844,1.0000000000,0.8480000000,250.0000000000,0,0,0,83,0
1518,100,0,2,100,100,0,0,0,0,0,100,100,0.0168223402,11.8982966073,50.0000000000,9.7521440844,1.0000000000,0.8480000000,250.0000000000,0,0,0,83,0
1519,100,0,2,100,100,0,0,0,0,0,100,100,0.0168223402,11.8814742671,50.0000000000,9.7521440844,1.0000000000,0.8480000000,250.0000000000,0,0,0,83,0
1520,100,0,2,100,100,0,0,0,0,0,100,100,0.0168223402,11.8646519269,50.0000000000,9.7521440844,1.0000000000,0.8480000000,250.0000000000,0,0,0,83,0
1521,100,0,1,100,100,0,0,1,101,297,100,100,0.0288709367,11.8357809902,100.0000000000,11.8721479404,1.0000000000,0.9708160000,218.3729975608,0,0,0,59,0
1522,100,0,1,100,100,0,0,0,0,0,100,100,0.0196409114,11.8161400788,100.0000000000,11.8721479404,1.0000000000,0.8480000000,250.0000000000,0,0,0,59,0
1523,100,0,1,100,100,0,0,0,0,0,100,100,0.0196409114,11.7964991675,100.0000000000,11.8721479404,1.0000000000,0.8480000000,250.0000000000,0,0,0,59,0
1524,100,0,1,100,100,0,0,0,0,0,100,100,0.0196409114,11.7768582561,100.0000000000,11.8721479404,1.0000000000,0.8480000000,250.0000000000,0,0,0,59,0
1525,100,0,1,100,100,0,0,0,0,0,100,100,0.0196409114,11.7572173447,100.0000000000,11.8721479404,1.0000000000,0.8480000000,250.0000000000,0,0,0,59,0
1526,100,0,1,100,100,0,0,1,101,297,100,100,0.0281791371,11.7290382076,100.0000000000,10.9393640537,1.0000000000,0.9708160000,218.3729975608,0,0,0,70,0
1527,100,0,1,100,100,0,0,0,0,0,100,100,0.0183328299,11.7107053777,100.0000000000,10.9393640537,1.0000000000,0.8480000000,250.0000000000,0,0,0,70,0
1528,100,0,1,100,100,0,0,0,0,0,100,100,0.0183328299,11.6923725478,100.0000000000,10.9393640537,1.0000000000,0.8480000000,250.0000000000,0,0,0,70,0
1529,100,0,1,100,100,0,0,0,0,0,100,100,0.0183328299,11.6740397179,100.0000000000,10.9393640537,1.0000000000,0.8480000000,250.0000000000,0,0,0,70,0
1530,100,0,1,100,100,0,0,0,0,0,100,100,0.0183328299,11.6557068879,100.0000000000,10.9393640537,1.0000000000,0.8480000000,250.0000000000,0,0,0,70,0
1531,100,0,3,100,100,0,0,1,103,491,100,100,0.0322491786,11.6234577093,33.3333333333,12.2113787475,1.0000000000,0.9732480000,217.8273163675,0,0,0,53,0
1532,100,0,3,100,100,0,0,0,0,0,100,100,0.0195358456,11.6039218638,33.3333333333,12.2113787475,1.0000000000,0.8480000000,250.0000000000,0,0,0,53,0
1533,100,0,3,100,100,0,0,0,0,0,100,100,0.0195358456,11.5843860182,33.3333333333,12.2113787475,1.0000000000,0.8480000000,250.0000000000,0,0,0,53,0
1534,100,0,3,100,100,0,0,0,0,0,100,100,0.0195358456,11.5648501727,33.3333333333,12.2113787475,1.0000000000,0.8480000000,250.0000000000,0,0,0,53,0
1535,100,0,3,100,100,0,0,0,0,0,100,100,0.0195358456,11.5453143271,33.3333333333,12.2113787475,1.0000000000,0.8480000000,250.0000000000,0,0,0,53,0
1536,100,0,1,100,100,0,0,1,101,297,100,100,0.0292559389,11.5160583882,100.0000000000,12.0417549329,1.0000000000,0.9708160000,218.3729975608,0,0,0,57,0
1537,100,0,1,100,100,0,0,0,0,0,100,100,0.0199621918,11.4960961964,100.0000000000,12.0417549329,1.0000000000,0.8480000000,250.0000000000,0,0,0,57,0
1538,100,0,1,100,100,0,0,0,0,0,100,100,0.0199621918,11.4761340046,100.0000000000,12.0417549329,1.0000000000,0.8480000000,250.0000000000,0,0,0,57,0
1539,100,0,1,100,100,0,0,0,0,0,100,100,0.0199621918,11.4561718129,100.0000000000,12.0417549329,1.0000000000,0.8480000000,250.0000000000,0,0,0,57,0
1540,100,0,1,100,100,0,0,0,0,0,100,100,0.0199621918,11.4362096211,100.0000000000,12.0417549329,1.0000000000,0.8480000000,250.0000000000,0,0,0,57,0
1541,100,0,1,100,100,0,0,1,101,297,100,100,0.0310322703,11.4051773508,100.0000000000,12.9745348368,1.0000000000,0.9708160000,218.3729975608,0,0,0,46,0
1542,100,0,1,100,100,0,0,0,0,0,100,100,0.0219937622,11.3831835886,100.0000000000,12.9745348368,1.0000000000,0.8480000000,250.0000000000,0,0,0,46,0
1543,100,0,1,100,100,0,0,0,0,0,100,100,0.0219937622,11.3611898263,100.0000000000,12.9745348368,1.0000000000,0.8480000000,250.0000000000,0,0,0,46,0
1544,100,0,1,100,100,0,0,0,0,0,100,100,0.0219937622,11.3391960641,100.0000000000,12.9745348368,1.0000000000,0.8480000000,250.0000000000,0,0,0,46,0
1545,100,0,1,100,100,0,0,0,0,0,100,100,0.0219937622,11.3172023018,100.0000000000,12.9745348368,1.0000000000,0.8480000000,250.0000000000,0,0,0,46,0
1546,100,0,1,100,100,0,0,1,101,297,100,100,0.0287255143,11.2884767875,100.0000000000,11.5329630303,1.0000000000,0.9708160000,218.3729975608,0,0,0,63,0
1547,100,0,1,100,100,0,0,0,0,0,100,100,0.0191602391,11.2693165484,100.0000000000,11.5329630303,1.0000000000,0.8480000000,250.0000000000,0,0,0,63,0
1548,100,0,1,100,100,0,0,0,0,0,100,100,0.0191602391,11.2501563092,100.0000000000,11.5329630303,1.0000000000,0.8480000000,250.0000000000,0,0,0,63,0
1549,100,0,1,100,100,0,0,0,0,0,100,100,0.0191602391,11.2309960701,100.0000000000,11.5329630303,1.0000000000,0.8480000000,250.0000000000,0,0,0,63,0
1550,100,0,1,100,100,0,0,0,0,0,100,100,0.0191602391,11.2118358310,100.0000000000,11.5329630303,1.0000000000,0.8480000000,250.0000000000,0,0,0,63,0
1551,100,0,2,100,100,0,0,1,102,394,100,100,0.0315482421,11.1802875889,50.0000000000,12.8049614181,1.0000000000,0.9720320000,218.0998156439,0,0,0,47,0
1552,100,0,2,100,100,0,0,0,0,0,100,100,0.0207554044,11.1595321845,50.0000000000,12.8049614181,1.0000000000,0.8480000000,250.0000000000,0,0,0,47,0
1553,100,0,2,100,100,0,0,0,0,0,100,100,0.0207554044,11.1387767801,50.0000000000,12.8049614181,1.0000000000,0.8480000000,250.0000000000,0,0,0,47,0
1554,100,0,2,100,100,0,0,0,0,0,100,100,0.0207554044,11.1180213757,50.0000000000,12.8049614181,1.0000000000,0.8480000000,250.0000000000,0,0,0,47,0
1555,100,0,2,100,100,0,0,0,0,0,100,100,0.0207554044,11.0972659713,50.0000000000,12.8049614181,1.0000000000,0.8480000000,250.0000000000,0,0,0,47,0
1556,100,0,2,100,100,0,0,1,102,394,100,100,0.0321489018,11.0651170694,50.0000000000,13.1441482840,1.0000000000,0.9720320000,218.0998156439,0,0,0,43,0
1557,100,0,2,100,100,0,0,0,0,0,100,100,0.0214028607,11.0437142088,50.0000000000,13.1441482840,1.0000000000,0.8480000000,250.0000000000,0,0,0,43,0
1558,100,0,2,100,100,0,0,0,0,0,100,100,0.0214028607,11.0223113481,50.0000000000,13.1441482840,1.0000000000,0.8480000000,250.0000000000,0,0,0,43,0
1559,100,0,2,100,100,0,0,0,0,0,100,100,0.0214028607,11.0009084875,50.0000000000,13.1441482840,1.0000000000,0.8480000000,250.0000000000,0,0,0,43,0
1560,100,0,2,100,100,0,0,0,0,0,100,100,0.0214028607,10.9795056268,50.0000000000,13.1441482840,1.0000000000,0.8480000000,250.0000000000,0,0,0,43,0
1561,100,0,1,100,100,0,0,1,101,297,100,100,0.0272643137,10.9522413131,100.0000000000,10.5153435627,1.0000000000,0.9708160000,218.3729975608,0,0,0,75,0
1562,100,0,1,100,100,0,0,0,0,0,100,100,0.0178351542,10.9344061589,100.0000000000,10.5153435627,1.0000000000,0.8480000000,250.0000000000,0,0,0,75,0
1563,100,0,1,100,100,0,0,0,0,0,100,100,0.0178351542,10.9165710047,100.0000000000,10.5153435627,1.0000000000,0.8480000000,250.0000000000,0,0,0,75,0
1564,100,0,1,100,100,0,0,0,0,0,100,100,0.0178351542,10.8987358505,100.0000000000,10.5153435627,1.0000000000,0.8480000000,250.0000000000,0,0,0,75,0
1565,100,0,1,100,100,0,0,0,0,0,100,100,0.0178351542,10.8809006963,100.0000000000,10.5153435627,1.0000000000,0.8480000000,250.0000000000,0,0,0,75,0
1566,100,0,1,100,100,0,0,1,101,297,100,100,0.0274187283,10.8534819680,100.0000000000,10.4305502074,1.0000000000,0.9708160000,218.3729975608,0,0,0,76,0
1567,100,0,1,100,100,0,0,0,0,0,100,100,0.0177742037,10.8357077643,100.0000000000,10.4305502074,1.0000000000,0.8480000000,250.0000000000,0,0,0,76,0
1568,100,0,1,100,100,0,0,0,0,0,100,100,0.0177742037,10.8179335605,100.0000000000,10.4305502074,1.0000000000,0.8480000000,250.0000000000,0,0,0,76,0
1569,100,0,1,100,100,0,0,0,0,0,100,100,0.0177742037,10.8001593568,100.0000000000,10.4305502074,1.0000000000,0.8480000000,250.0000000000,0,0,0,76,0
1570,100,0,1,100,100,0,0,0,0,0,100,100,0.0177742037,10.7823851531,100.0000000000,10.4305502074,1.0000000000,0.8480000000,250.0000000000,0,0,0,76,0
1571,100,0,4,100,100,0,0,1,104,588,100,100,0.0390941073,10.7432910458,25.0000000000,16.2817650497,1.0000000000,0.9744640000,217.5554971759,0,0,0,4,0
1572,100,0,4,100,100,0,0,0,0,0,100,100,0.0249824583,10.7183085875,25.0000000000,16.2817650497,1.0000000000,0.8480000000,250.0000000000,0,0,0,4,0
1573,100,0,4,100,100,0,0,0,0,0,100,100,0.0249824583,10.6933261292,25.0000000000,16.2817650497,1.0000000000,0.8480000000,250.0000000000,0,0,0,4,0
1574,100,0,4,100,100,0,0,0,0,0,100,100,0.0249824583,10.6683436708,25.0000000000,16.2817650497,1.0000000000,0.8480000000,250.0000000000,0,0,0,4,0
1575,100,0,4,100,100,0,0,0,0,0,100,100,0.0249824583,10.6433612125,25.0000000000,16.2817650497,1.0000000000,0.8480000000,250.0000000000,0,0,0,4,0
1576,100,0,5,100,100,0,0,1,105,685,100,100,0.0387362677,10.6046249448,20.0000000000,15.2641752941,1.0000000000,0.9756800000,217.2843555264,0,0,0,15,0
1577,100,0,5,100,100,0,0,0,0,0,100,100,0.0229050415,10.5817199033,20.0000000000,15.2641752941,1.0000000000,0.8480000000,250.0000000000,0,0,0,15,0
1578,100,0,5,100,100,0,0,0,0,0,100,100,0.0229050415,10.5588148618,20.0000000000,15.2641752941,1.0000000000,0.8480000000,250.0000000000,0,0,0,15,0
1579,100,0,5,100,100,0,0,0,0,0,100,100,0.0229050415,10.5359098203,20.0000000000,15.2641752941,1.0000000000,0.8480000000,250.0000000000,0,0,0,15,0
1580,100,0,5,100,100,0,0,0,0,0,100,100,0.0229050415,10.5130047788,20.0000000000,15.2641752941,1.0000000000,0.8480000000,250.0000000000,0,0,0,15,0
1581,100,0,4,100,100,0,0,1,104,588,100,100,0.0345957244,10.4784090543,25.0000000000,12.6353595992,1.0000000000,0.9744640000,217.5554971759,0,0,0,47,0
1582,100,0,4,100,100,0,0,0,0,0,100,100,0.0201410434,10.4582680110,25.0000000000,12.6353595992,1.0000000000,0.8480000000,250.0000000000,0,0,0,47,0
1583,100,0,4,100,100,0,0,0,0,0,100,100,0.0201410434,10.4381269676,25.0000000000,12.6353595992,1.0000000000,0.8480000000,250.0000000000,0,0,0,47,0
1584,100,0,4,100,100,0,0,0,0,0,100,100,0.0201410434,10.4179859242,25.0000000000,12.6353595992,1.0000000000,0.8480000000,250.0000000000,0,0,0,47,0
1585,100,0,4,100,100,0,0,0,0,0,100,100,0.0201410434,10.3978448808,25.0000000000,12.6353595992,1.0000000000,0.8480000000,250.0000000000,0,0,0,47,0
1586,100,0,5,100,100,0,0,1,105,685,100,100,0.0380301732,10.3598147076,20.0000000000,14.4161815655,1.0000000000,0.9756800000,217.2843555264,0,0,0,25,0
1587,100,0,5,100,100,0,0,0,0,0,100,100,0.0221203818,10.3376943257,20.0000000000,14.4161815655,1.0000000000,0.8480000000,250.0000000000,0,0,0,25,0
1588,100,0,5,100,100,0,0,0,0,0,100,100,0.0221203818,10.3155739439,20.0000000000,14.4161815655,1.0000000000,0.8480000000,250.0000000000,0,0,0,25,0
1589,100,0,5,100,100,0,0,0,0,0,100,100,0.0221203818,10.2934535621,20.0000000000,14.4161815655,1.0000000000,0.8480000000,250.0000000000,0,0,0,25,0
1590,100,0,5,100,100,0,0,0,0,0,100,100,0.0221203818,10.2713331803,20.0000000000,14.4161815655,1.0000000000,0.8480000000,250.0000000000,0,0,0,25,0
1591,100,0,3,100,100,0,0,1,103,491,100,100,0.0344207462,10.2369124341,33.3333333333,14.2465912153,1.0000000000,0.9732480000,217.8273163675,0,0,0,29,0
1592,100,0,3,100,100,0,0,0,0,0,100,100,0.0220456686,10.2148667655,33.3333333333,14.2465912153,1.0000000000,0.8480000000,250.0000000000,0,0,0,29,0
1593,100,0,3,100,100,0,0,0,0,0,100,100,0.0220456686,10.1928210969,33.3333333333,14.2465912153,1.0000000000,0.8480000000,250.0000000000,0,0,0,29,0
1594,100,0,3,100,100,0,0,0,0,0,100,100,0.0220456686,10.1707754283,33.3333333333,14.2465912153,1.0000000000,0.8480000000,250.0000000000,0,0,0,29,0
1595,100,0,3,100,100,0,0,0,0,0,100,100,0.0220456686,10.1487297597,33.3333333333,14.2465912153,1.0000000000,0.8480000000,250.0000000000,0,0,0,29,0
1596,100,0,8,100,100,0,0,1,108,976,100,100,0.0454436857,10.1032860740,12.5000000000,16.1121554417,1.0000000000,0.9793280000,216.4749705921,0,0,0,2,0
1597,100,0,8,100,100,0,0,0,0,0,100,100,0.0242368431,10.0790492309,12.5000000000,16.1121554417,1.0000000000,0.8480000000,250.0000000000,0,0,0,2,0
1598,100,0,8,100,100,0,0,0,0,0,100,100,0.0242368431,10.0548123879,12.5000000000,16.1121554417,1.0000000000,0.8480000000,250.0000000000,0,0,0,2,0
1599,100,0,8,100,100,0,0,0,0,0,100,100,0.0242368431,10.0305755448,12.5000000000,16.1121554417,1.0000000000,0.8480000000,250.0000000000,0,0,0,2,0
1600,100,0,8,100,100,0,0,0,0,0,100,100,0.0242368431,10.0063387017,12.5000000000,16.1121554417,1.0000000000,0.8480000000,250.0000000000,0,0,0,2,0
1601,100,0,1,100,100,0,0,1,101,297,100,100,0.0274396431,9.9788990586,100.0000000000,10.3457485546,1.0000000000,0.9708160000,218.3729975608,0,0,0,77,0
1602,100,0,1,100,100,0,0,0,0,0,100,100,0.0176515099,9.9612475488,100.0000000000,10.3457485546,1.0000000000,0.8480000000,250.0000000000,0,0,0,77,0
1603,100,0,1,100,100,0,0,0,0,0,100,100,0.0176515099,9.9435960389,100.0000000000,10.3457485546,1.0000000000,0.8480000000,250.0000000000,0,0,0,77,0
1604,100,0,1,100,100,0,0,0,0,0,100,100,0.0176515099,9.9259445291,100.0000000000,10.3457485546,1.0000000000,0.8480000000,250.0000000000,0,0,0,77,0
1605,100,0,1,100,100,0,0,0,0,0,100,100,0.0176515099,9.9082930192,100.0000000000,10.3457485546,1.0000000000,0.8480000000,250.0000000000,0,0,0,77,0
1606,100,0,1,100,100,0,0,1,101,297,100,100,0.0280097439,9.8802832753,100.0000000000,11.1089497610,1.0000000000,0.9708160000,218.3729975608,0,0,0,68,0
1607,100,0,1,100,100,0,0,0,0,0,100,100,0.0185904542,9.8616928211,100.0000000000,11.1089497610,1.0000000000,0.8480000000,250.0000000000,0,0,0,68,0
1608,100,0,1,100,100,0,0,0,0,0,100,100,0.0185904542,9.8431023670,100.0000000000,11.1089497610,1.0000000000,0.8480000000,250.0000000000,0,0,0,68,0
1609,100,0,1,100,100,0,0,0,0,0,100,100,0.0185904542,9.8245119128,100.0000000000,11.1089497610,1.0000000000,0.8480000000,250.0000000000,0,0,0,68,0
1610,100,0,1,100,100,0,0,0,0,0,100,100,0.0185904542,9.8059214587,100.0000000000,11.1089497610,1.0000000000,0.8480000000,250.0000000000,0,0,0,68,0
1611,100,0,1,100,100,0,0,1,101,297,100,100,0.0276087073,9.7783127514,100.0000000000,10.6849451259,1.0000000000,0.9708160000,218.3729975608,0,0,0,73,0
1612,100,0,1,100,100,0,0,0,0,0,100,100,0.0181576614,9.7601550900,100.0000000000,10.6849451259,1.0000000000,0.8480000000,250.0000000000,0,0,0,73,0
1613,100,0,1,100,100,0,0,0,0,0,100,100,0.0181576614,9.7419974286,100.0000000000,10.6849451259,1.0000000000,0.8480000000,250.0000000000,0,0,0,73,0
1614,100,0,1,100,100,0,0,0,0,0,100,100,0.0181576614,9.7238397673,100.0000000000,10.6849451259,1.0000000000,0.8480000000,250.0000000000,0,0,0,73,0
1615,100,0,1,100,100,0,0,0,0,0,100,100,0.0181576614,9.7056821059,100.0000000000,10.6849451259,1.0000000000,0.8480000000,250.0000000000,0,0,0,73,0
1616,100,0,1,100,100,0,0,1,101,297,100,100,0.0279230567,9.6777590492,100.0000000000,11.1937469044,1.0000000000,0.9708160000,218.3729975608,0,0,0,67,0
1617,100,0,1,100,100,0,0,0,0,0,100,100,0.0185194161,9.6592396331,100.0000000000,11.1937469044,1.0000000000,0.8480000000,250.0000000000,0,0,0,67,0
1618,100,0,1,100,100,0,0,0,0,0,100,100,0.0185194161,9.6407202170,100.0000000000,11.1937469044,1.0000000000,0.8480000000,250.0000000000,0,0,0,67,0
1619,100,0,1,100,100,0,0,0,0,0,100,100,0.0185194161,9.6222008010,100.0000000000,11.1937469044,1.0000000000,0.8480000000,250.0000000000,0,0,0,67,0
1620,100,0,1,100,100,0,0,0,0,0,100,100,0.0185194161,9.6036813849,100.0000000000,11.1937469044,1.0000000000,0.8480000000,250.0000000000,0,0,0,67,0
1621,100,0,1,100,100,0,0,1,101,297,100,100,0.0270009349,9.5766804500,100.0000000000,9.7521448702,1.0000000000,0.9708160000,218.3729975608,0,0,0,84,0
1622,100,0,1,100,100,0,0,0,0,0,100,100,0.0167839477,9.5598965023,100.0000000000,9.7521448702,1.0000000000,0.8480000000,250.0000000000,0,0,0,84,0
1623,100,0,1,100,100,0,0,0,0,0,100,100,0.0167839477,9.5431125545,100.0000000000,9.7521448702,1.0000000000,0.8480000000,250.0000000000,0,0,0,84,0
1624,100,0,1,100,100,0,0,0,0,0,100,100,0.0167839477,9.5263286068,100.0000000000,9.7521448702,1.0000000000,0.8480000000,250.0000000000,0,0,0,84,0
1625,100,0,1,100,100,0,0,0,0,0,100,100,0.0167839477,9.5095446590,100.0000000000,9.7521448702,1.0000000000,0.8480000000,250.0000000000,0,0,0,84,0
1626,100,0,1,100,100,0,0,1,101,297,100,100,0.0270706908,9.4824739682,100.0000000000,9.6673448190,1.0000000000,0.9708160000,218.3729975608,0,0,0,85,0
1627,100,0,1,100,100,0,0,0,0,0,100,100,0.0166866920,9.4657872762,100.0000000000,9.6673448190,1.0000000000,0.8480000000,250.0000000000,0,0,0,85,0
1628,100,0,1,100,100,0,0,0,0,0,100,100,0.0166866920,9.4491005842,100.0000000000,9.6673448190,1.0000000000,0.8480000000,250.0000000000,0,0,0,85,0
1629,100,0,1,100,100,0,0,0,0,0,100,100,0.0166866920,9.4324138922,100.0000000000,9.6673448190,1.0000000000,0.8480000000,250.0000000000,0,0,0,85,0
1630,100,0,1,100,100,0,0,0,0,0,100,100,0.0166866920,9.4157272002,100.0000000000,9.6673448190,1.0000000000,0.8480000000,250.0000000000,0,0,0,85,0
1631,100,0,2,100,100,0,0,1,102,394,100,100,0.0295154039,9.3862117963,50.0000000000,11.0241613033,1.0000000000,0.9720320000,218.0998156439,0,0,0,68,0
1632,100,0,2,100,100,0,0,0,0,0,100,100,0.0182473449,9.3679644514,50.0000000000,11.0241613033,1.0000000000,0.8480000000,250.0000000000,0,0,0,68,0
1633,100,0,2,100,100,0,0,0,0,0,100,100,0.0182473449,9.3497171064,50.0000000000,11.0241613033,1.0000000000,0.8480000000,250.0000000000,0,0,0,68,0
1634,100,0,2,100,100,0,0,0,0,0,100,100,0.0182473449,9.3314697615,50.0000000000,11.0241613033,1.0000000000,0.8480000000,250.0000000000,0,0,0,68,0
1635,100,0,2,100,100,0,0,0,0,0,100,100,0.0182473449,9.3132224165,50.0000000000,11.0241613033,1.0000000000,0.8480000000,250.0000000000,0,0,0,68,0
1636,100,0,1,100,100,0,0,1,101,297,100,100,0.0268973627,9.2863250538,100.0000000000,9.7521432925,1.0000000000,0.9708160000,218.3729975608,0,0,0,84,0
1637,100,0,1,100,100,0,0,0,0,0,100,100,0.0167739794,9.2695510744,100.0000000000,9.7521432925,1.0000000000,0.8480000000,250.0000000000,0,0,0,84,0
1638,100,0,1,100,100,0,0,0,0,0,100,100,0.0167739794,9.2527770950,100.0000000000,9.7521432925,1.0000000000,0.8480000000,250.0000000000,0,0,0,84,0
1639,100,0,1,100,100,0,0,0,0,0,100,100,0.0167739794,9.2360031156,100.0000000000,9.7521432925,1.0000000000,0.8480000000,250.0000000000,0,0,0,84,0
1640,100,0,1,100,100,0,0,0,0,0,100,100,0.0167739794,9.2192291362,100.0000000000,9.7521432925,1.0000000000,0.8480000000,250.0000000000,0,0,0,84,0
1641,100,0,1,100,100,0,0,1,101,297,100,100,0.0288131113,9.1904160249,100.0000000000,11.6177416640,1.0000000000,0.9708160000,218.3729975608,0,0,0,62,0
1642,100,0,1,100,100,0,0,0,0,0,100,100,0.0196638756,9.1707521493,100.0000000000,11.6177416640,1.0000000000,0.8480000000,250.0000000000,0,0,0,62,0
1643,100,0,1,100,100,0,0,0,0,0,100,100,0.0196638756,9.1510882736,100.0000000000,11.6177416640,1.0000000000,0.8480000000,250.0000000000,0,0,0,62,0
1644,100,0,1,100,100,0,0,0,0,0,100,100,0.0196638756,9.1314243980,100.0000000000,11.6177416640,1.0000000000,0.8480000000,250.0000000000,0,0,0,62,0
1645,100,0,1,100,100,0,0,0,0,0,100,100,0.0196638756,9.1117605223,100.0000000000,11.6177416640,1.0000000000,0.8480000000,250.0000000000,0,0,0,62,0
1646,100,0,2,100,100,0,0,1,102,394,100,100,0.0312720520,9.0804884703,50.0000000000,12.5505541913,1.0000000000,0.9720320000,218.0998156439,0,0,0,50,0
1647,100,0,2,100,100,0,0,0,0,0,100,100,0.0204196734,9.0600687970,50.0000000000,12.5505541913,1.0000000000,0.8480000000,250.0000000000,0,0,0,50,0
1648,100,0,2,100,100,0,0,0,0,0,100,100,0.0204196734,9.0396491236,50.0000000000,12.5505541913,1.0000000000,0.8480000000,250.0000000000,0,0,0,50,0
1649,100,0,2,100,100,0,0,0,0,0,100,100,0.0204196734,9.0192294503,50.0000000000,12.5505541913,1.0000000000,0.8480000000,250.0000000000,0,0,0,50,0
1650,100,0,2,100,100,0,0,0,0,0,100,100,0.0204196734,8.9988097769,50.0000000000,12.5505541913,1.0000000000,0.8480000000,250.0000000000,0,0,0,50,0
1651,100,0,3,100,100,0,0,1,103,491,100,100,0.0346612263,8.9641485506,33.3333333333,13.9073645594,1.0000000000,0.9732480000,217.8273163675,0,0,0,33,0
1652,100,0,3,100,100,0,0,0,0,0,100,100,0.0221758863,8.9419726643,33.3333333333,13.9073645594,1.0000000000,0.8480000000,250.0000000000,0,0,0,33,0
1653,100,0,3,100,100,0,0,0,0,0,100,100,0.0221758863,8.9197967780,33.3333333333,13.9073645594,1.0000000000,0.8480000000,250.0000000000,0,0,0,33,0
1654,100,0,3,100,100,0,0,0,0,0,100,100,0.0221758863,8.8976208917,33.3333333333,13.9073645594,1.0000000000,0.8480000000,250.0000000000,0,0,0,33,0
1655,100,0,3,100,100,0,0,0,0,0,100,100,0.0221758863,8.8754450053,33.3333333333,13.9073645594,1.0000000000,0.8480000000,250.0000000000,0,0,0,33,0
1656,100,0,1,100,100,0,0,1,101,297,100,100,0.0275081251,8.8479368802,100.0000000000,10.2609540181,1.0000000000,0.9708160000,218.3729975608,0,0,0,78,0
1657,100,0,1,100,100,0,0,0,0,0,100,100,0.0174629973,8.8304738829,100.0000000000,10.2609540181,1.0000000000,0.8480000000,250.0000000000,0,0,0,78,0
1658,100,0,1,100,100,0,0,0,0,0,100,100,0.0174629973,8.8130108856,100.0000000000,10.2609540181,1.0000000000,0.8480000000,250.0000000000,0,0,0,78,0
1659,100,0,1,100,100,0,0,0,0,0,100,100,0.0174629973,8.7955478882,100.0000000000,10.2609540181,1.0000000000,0.8480000000,250.0000000000,0,0,0,78,0
1660,100,0,1,100,100,0,0,0,0,0,100,100,0.0174629973,8.7780848909,100.0000000000,10.2609540181,1.0000000000,0.8480000000,250.0000000000,0,0,0,78,0
1661,100,0,1,100,100,0,0,1,101,297,100,100,0.0283090741,8.7497758168,100.0000000000,11.2785431276,1.0000000000,0.9708160000,218.3729975608,0,0,0,66,0
1662,100,0,1,100,100,0,0,0,0,0,100,100,0.0190393715,8.7307364453,100.0000000000,11.2785431276,1.0000000000,0.8480000000,250.0000000000,0,0,0,66,0
1663,100,0,1,100,100,0,0,0,0,0,100,100,0.0190393715,8.7116970738,100.0000000000,11.2785431276,1.0000000000,0.8480000000,250.0000000000,0,0,0,66,0
1664,100,0,1,100,100,0,0,0,0,0,100,100,0.0190393715,8.6926577024,100.0000000000,11.2785431276,1.0000000000,0.8480000000,250.0000000000,0,0,0,66,0
1665,100,0,1,100,100,0,0,0,0,0,100,100,0.0190393715,8.6736183309,100.0000000000,11.2785431276,1.0000000000,0.8480000000,250.0000000000,0,0,0,66,0
1666,100,0,4,100,100,0,0,1,104,588,100,100,0.0349329310,8.6386853999,25.0000000000,13.1441749450,1.0000000000,0.9744640000,217.5554971759,0,0,0,41,0
1667,100,0,4,100,100,0,0,0,0,0,100,100,0.0206182328,8.6180671671,25.0000000000,13.1441749450,1.0000000000,0.8480000000,250.0000000000,0,0,0,41,0
1668,100,0,4,100,100,0,0,0,0,0,100,100,0.0206182328,8.5974489343,25.0000000000,13.1441749450,1.0000000000,0.8480000000,250.0000000000,0,0,0,41,0
1669,100,0,4,100,100,0,0,0,0,0,100,100,0.0206182328,8.5768307015,25.0000000000,13.1441749450,1.0000000000,0.8480000000,250.0000000000,0,0,0,41,0
1670,100,0,4,100,100,0,0,0,0,0,100,100,0.0206182328,8.5562124686,25.0000000000,13.1441749450,1.0000000000,0.8480000000,250.0000000000,0,0,0,41,0
1671,100,0,1,100,100,0,0,1,101,297,100,100,0.0278087312,8.5284037375,100.0000000000,10.9393544959,1.0000000000,0.9708160000,218.3729975608,0,0,0,70,0
1672,100,0,1,100,100,0,0,0,0,0,100,100,0.0182425759,8.5101611616,100.0000000000,10.9393544959,1.0000000000,0.8480000000,250.0000000000,0,0,0,70,0
1673,100,0,1,100,100,0,0,0,0,0,100,100,0.0182425759,8.4919185856,100.0000000000,10.9393544959,1.0000000000,0.8480000000,250.0000000000,0,0,0,70,0
1674,100,0,1,100,100,0,0,0,0,0,100,100,0.0182425759,8.4736760097,100.0000000000,10.9393544959,1.0000000000,0.8480000000,250.0000000000,0,0,0,70,0
1675,100,0,1,100,100,0,0,0,0,0,100,100,0.0182425759,8.4554334338,100.0000000000,10.9393544959,1.0000000000,0.8480000000,250.0000000000,0,0,0,70,0
1676,100,0,1,100,100,0,0,1,101,297,100,100,0.0271938815,8.4282395523,100.0000000000,10.2609475242,1.0000000000,0.9708160000,218.3729975608,0,0,0,78,0
1677,100,0,1,100,100,0,0,0,0,0,100,100,0.0173979137,8.4108416386,100.0000000000,10.2609475242,1.0000000000,0.8480000000,250.0000000000,0,0,0,78,0
1678,100,0,1,100,100,0,0,0,0,0,100,100,0.0173979137,8.3934437250,100.0000000000,10.2609475242,1.0000000000,0.8480000000,250.0000000000,0,0,0,78,0
1679,100,0,1,100,100,0,0,0,0,0,100,100,0.0173979137,8.3760458113,100.0000000000,10.2609475242,1.0000000000,0.8480000000,250.0000000000,0,0,0,78,0
1680,100,0,1,100,100,0,0,0,0,0,100,100,0.0173979137,8.3586478977,100.0000000000,10.2609475242,1.0000000000,0.8480000000,250.0000000000,0,0,0,78,0
1681,100,0,3,100,100,0,0,1,103,491,100,100,0.0335116126,8.3251362851,33.3333333333,13.6529656229,1.0000000000,0.9732480000,217.8273163675,0,0,0,36,0
1682,100,0,3,100,100,0,0,0,0,0,100,100,0.0210911266,8.3040451585,33.3333333333,13.6529656229,1.0000000000,0.8480000000,250.0000000000,0,0,0,36,0
1683,100,0,3,100,100,0,0,0,0,0,100,100,0.0210911266,8.2829540319,33.3333333333,13.6529656229,1.0000000000,0.8480000000,250.0000000000,0,0,0,36,0
1684,100,0,3,100,100,0,0,0,0,0,100,100,0.0210911266,8.2618629053,33.3333333333,13.6529656229,1.0000000000,0.8480000000,250.0000000000,0,0,0,36,0
1685,100,0,3,100,100,0,0,0,0,0,100,100,0.0210911266,8.2407717787,33.3333333333,13.6529656229,1.0000000000,0.8480000000,250.0000000000,0,0,0,36,0
1686,100,0,1,100,100,0,0,1,101,297,100,100,0.0275601915,8.2132115872,100.0000000000,10.6849495150,1.0000000000,0.9708160000,218.3729975608,0,0,0,73,0
1687,100,0,1,100,100,0,0,0,0,0,100,100,0.0180127848,8.1951988025,100.0000000000,10.6849495150,1.0000000000,0.8480000000,250.0000000000,0,0,0,73,0
1688,100,0,1,100,100,0,0,0,0,0,100,100,0.0180127848,8.1771860177,100.0000000000,10.6849495150,1.0000000000,0.8480000000,250.0000000000,0,0,0,73,0
1689,100,0,1,100,100,0,0,0,0,0,100,100,0.0180127848,8.1591732329,100.0000000000,10.6849495150,1.0000000000,0.8480000000,250.0000000000,0,0,0,73,0
1690,100,0,1,100,100,0,0,0,0,0,100,100,0.0180127848,8.1411604482,100.0000000000,10.6849495150,1.0000000000,0.8480000000,250.0000000000,0,0,0,73,0
1691,100,0,1,100,100,0,0,1,101,297,100,100,0.0274187283,8.1137417199,100.0000000000,10.4305502074,1.0000000000,0.9708160000,218.3729975608,0,0,0,76,0
1692,100,0,1,100,100,0,0,0,0,0,100,100,0.0177742037,8.0959675162,100.0000000000,10.4305502074,1.0000000000,0.8480000000,250.0000000000,0,0,0,76,0
1693,100,0,1,100,100,0,0,0,0,0,100,100,0.0177742037,8.0781933124,100.0000000000,10.4305502074,1.0000000000,0.8480000000,250.0000000000,0,0,0,76,0
1694,100,0,1,100,100,0,0,0,0,0,100,100,0.0177742037,8.0604191087,100.0000000000,10.4305502074,1.0000000000,0.8480000000,250.0000000000,0,0,0,76,0
1695,100,0,1,100,100,0,0,0,0,0,100,100,0.0177742037,8.0426449050,100.0000000000,10.4305502074,1.0000000000,0.8480000000,250.0000000000,0,0,0,76,0
1696,100,0,8,100,100,0,0,1,108,976,100,100,0.0458281683,7.9968167367,12.5000000000,16.1121599725,1.0000000000,0.9793280000,216.4749705921,0,0,0,2,0
1697,100,0,8,100,100,0,0,0,0,0,100,100,0.0245733487,7.9722433880,12.5000000000,16.1121599725,1.0000000000,0.8480000000,250.0000000000,0,0,0,2,0
1698,100,0,8,100,100,0,0,0,0,0,100,100,0.0245733487,7.9476700393,12.5000000000,16.1121599725,1.0000000000,0.8480000000,250.0000000000,0,0,0,2,0
1699,100,0,8,100,100,0,0,0,0,0,100,100,0.0245733487,7.9230966905,12.5000000000,16.1121599725,1.0000000000,0.8480000000,250.0000000000,0,0,0,2,0
1700,100,0,8,100,100,0,0,0,0,0,100,100,0.0245733487,7.8985233418,12.5000000000,16.1121599725,1.0000000000,0.8480000000,250.0000000000,0,0,0,2,0
1701,100,0,1,100,100,0,0,1,101,297,100,100,0.0278764116,7.8706469302,100.0000000000,11.1937449019,1.0000000000,0.9708160000,218.3729975608,0,0,0,67,0
1702,100,0,1,100,100,0,0,0,0,0,100,100,0.0185282260,7.8521187042,100.0000000000,11.1937449019,1.0000000000,0.8480000000,250.0000000000,0,0,0,67,0
1703,100,0,1,100,100,0,0,0,0,0,100,100,0.0185282260,7.8335904782,100.0000000000,11.1937449019,1.0000000000,0.8480000000,250.0000000000,0,0,0,67,0
1704,100,0,1,100,100,0,0,0,0,0,100,100,0.0185282260,7.8150622523,100.0000000000,11.1937449019,1.0000000000,0.8480000000,250.0000000000,0,0,0,67,0
1705,100,0,1,100,100,0,0,0,0,0,100,100,0.0185282260,7.7965340263,100.0000000000,11.1937449019,1.0000000000,0.8480000000,250.0000000000,0,0,0,67,0
1706,100,0,1,100,100,0,0,1,101,297,100,100,0.0270969301,7.7694370962,100.0000000000,9.7521457313,1.0000000000,0.9708160000,218.3729975608,0,0,0,84,0
1707,100,0,1,100,100,0,0,0,0,0,100,100,0.0167220099,7.7527150863,100.0000000000,9.7521457313,1.0000000000,0.8480000000,250.0000000000,0,0,0,84,0
1708,100,0,1,100,100,0,0,0,0,0,100,100,0.0167220099,7.7359930764,100.0000000000,9.7521457313,1.0000000000,0.8480000000,250.0000000000,0,0,0,84,0
1709,100,0,1,100,100,0,0,0,0,0,100,100,0.0167220099,7.7192710665,100.0000000000,9.7521457313,1.0000000000,0.8480000000,250.0000000000,0,0,0,84,0
1710,100,0,1,100,100,0,0,0,0,0,100,100,0.0167220099,7.7025490566,100.0000000000,9.7521457313,1.0000000000,0.8480000000,250.0000000000,0,0,0,84,0
1711,100,0,1,100,100,0,0,1,101,297,100,100,0.0279273599,7.6746216967,100.0000000000,11.1937468015,1.0000000000,0.9708160000,218.3729975608,0,0,0,67,0
1712,100,0,1,100,100,0,0,0,0,0,100,100,0.0185337890,7.6560879077,100.0000000000,11.1937468015,1.0000000000,0.8480000000,250.0000000000,0,0,0,67,0
1713,100,0,1,100,100,0,0,0,0,0,100,100,0.0185337890,7.6375541187,100.0000000000,11.1937468015,1.0000000000,0.8480000000,250.0000000000,0,0,0,67,0
1714,100,0,1,100,100,0,0,0,0,0,100,100,0.0185337890,7.6190203297,100.0000000000,11.1937468015,1.0000000000,0.8480000000,250.0000000000,0,0,0,67,0
1715,100,0,1,100,100,0,0,0,0,0,100,100,0.0185337890,7.6004865407,100.0000000000,11.1937468015,1.0000000000,0.8480000000,250.0000000000,0,0,0,67,0
1716,100,0,1,100,100,0,0,1,101,297,100,100,0.0274612059,7.5730253348,100.0000000000,10.0913517172,1.0000000000,0.9708160000,218.3729975608,0,0,0,80,0
1717,100,0,1,100,100,0,0,0,0,0,100,100,0.0171978666,7.5558274682,100.0000000000,10.0913517172,1.0000000000,0.8480000000,250.0000000000,0,0,0,80,0
1718,100,0,1,100,100,0,0,0,0,0,100,100,0.0171978666,7.5386296016,100.0000000000,10.0913517172,1.0000000000,0.8480000000,250.0000000000,0,0,0,80,0
1719,100,0,1,100,100,0,0,0,0,0,100,100,0.0171978666,7.5214317350,100.0000000000,10.0913517172,1.0000000000,0.8480000000,250.0000000000,0,0,0,80,0
1720,100,0,1,100,100,0,0,0,0,0,100,100,0.0171978666,7.5042338683,100.0000000000,10.0913517172,1.0000000000,0.8480000000,250.0000000000,0,0,0,80,0
1721,100,0,1,100,100,0,0,1,101,297,100,100,0.0299451644,7.4742887040,100.0000000000,12.3809386483,1.0000000000,0.9708160000,218.3729975608,0,0,0,53,0
1722,100,0,1,100,100,0,0,0,0,0,100,100,0.0208694423,7.4534192616,100.0000000000,12.3809386483,1.0000000000,0.8480000000,250.0000000000,0,0,0,53,0
1723,100,0,1,100,100,0,0,0,0,0,100,100,0.0208694423,7.4325498193,100.0000000000,12.3809386483,1.0000000000,0.8480000000,250.0000000000,0,0,0,53,0
1724,100,0,1,100,100,0,0,0,0,0,100,100,0.0208694423,7.4116803770,100.0000000000,12.3809386483,1.0000000000,0.8480000000,250.0000000000,0,0,0,53,0
1725,100,0,1,100,100,0,0,0,0,0,100,100,0.0208694423,7.3908109346,100.0000000000,12.3809386483,1.0000000000,0.8480000000,250.0000000000,0,0,0,53,0
1726,100,0,1,100,100,0,0,1,101,297,100,100,0.0288800238,7.3619309108,100.0000000000,11.8721490728,1.0000000000,0.9708160000,218.3729975608,0,0,0,59,0
1727,100,0,1,100,100,0,0,0,0,0,100,100,0.0196355483,7.3422953625,100.0000000000,11.8721490728,1.0000000000,0.8480000000,250.0000000000,0,0,0,59,0
1728,100,0,1,100,100,0,0,0,0,0,100,100,0.0196355483,7.3226598143,100.0000000000,11.8721490728,1.0000000000,0.8480000000,250.0000000000,0,0,0,59,0
1729,100,0,1,100,100,0,0,0,0,0,100,100,0.0196355483,7.3030242660,100.0000000000,11.8721490728,1.0000000000,0.8480000000,250.0000000000,0,0,0,59,0
1730,100,0,1,100,100,0,0,0,0,0,100,100,0.0196355483,7.2833887177,100.0000000000,11.8721490728,1.0000000000,0.8480000000,250.0000000000,0,0,0,59,0
1731,100,0,1,100,100,0,0,1,101,297,100,100,0.0268973627,7.2564913550,100.0000000000,9.7521432925,1.0000000000,0.9708160000,218.3729975608,0,0,0,84,0
1732,100,0,1,100,100,0,0,0,0,0,100,100,0.0167739794,7.2397173756,100.0000000000,9.7521432925,1.0000000000,0.8480000000,250.0000000000,0,0,0,84,0
1733,100,0,1,100,100,0,0,0,0,0,100,100,0.0167739794,7.2229433962,100.0000000000,9.7521432925,1.0000000000,0.8480000000,250.0000000000,0,0,0,84,0
1734,100,0,1,100,100,0,0,0,0,0,100,100,0.0167739794,7.2061694168,100.0000000000,9.7521432925,1.0000000000,0.8480000000,250.0000000000,0,0,0,84,0
1735,100,0,1,100,100,0,0,0,0,0,100,100,0.0167739794,7.1893954375,100.0000000000,9.7521432925,1.0000000000,0.8480000000,250.0000000000,0,0,0,84,0
1736,100,0,1,100,100,0,0,1,101,297,100,100,0.0286882953,7.1607071421,100.0000000000,11.5329389643,1.0000000000,0.9708160000,218.3729975608,0,0,0,63,0
1737,100,0,1,100,100,0,0,0,0,0,100,100,0.0195406317,7.1411665104,100.0000000000,11.5329389643,1.0000000000,0.8480000000,250.0000000000,0,0,0,63,0
1738,100,0,1,100,100,0,0,0,0,0,100,100,0.0195406317,7.1216258787,100.0000000000,11.5329389643,1.0000000000,0.8480000000,250.0000000000,0,0,0,63,0
1739,100,0,1,100,100,0,0,0,0,0,100,100,0.0195406317,7.1020852471,100.0000000000,11.5329389643,1.0000000000,0.8480000000,250.0000000000,0,0,0,63,0
1740,100,0,1,100,100,0,0,0,0,0,100,100,0.0195406317,7.0825446154,100.0000000000,11.5329389643,1.0000000000,0.8480000000,250.0000000000,0,0,0,63,0
1741,100,0,3,100,100,0,0,1,103,491,100,100,0.0330397321,7.0495048833,33.3333333333,12.7201604414,1.0000000000,0.9732480000,217.8273163675,0,0,0,47,0
1742,100,0,3,100,100,0,0,0,0,0,100,100,0.0203808391,7.0291240442,33.3333333333,12.7201604414,1.0000000000,0.8480000000,250.0000000000,0,0,0,47,0
1743,100,0,3,100,100,0,0,0,0,0,100,100,0.0203808391,7.0087432051,33.3333333333,12.7201604414,1.0000000000,0.8480000000,250.0000000000,0,0,0,47,0
1744,100,0,3,100,100,0,0,0,0,0,100,100,0.0203808391,6.9883623660,33.3333333333,12.7201604414,1.0000000000,0.8480000000,250.0000000000,0,0,0,47,0
1745,100,0,3,100,100,0,0,0,0,0,100,100,0.0203808391,6.9679815270,33.3333333333,12.7201604414,1.0000000000,0.8480000000,250.0000000000,0,0,0,47,0
1746,100,0,1,100,100,0,0,1,101,297,100,100,0.0286126997,6.9393688272,100.0000000000,11.6177452034,1.0000000000,0.9708160000,218.3729975608,0,0,0,62,0
1747,100,0,1,100,100,0,0,0,0,0,100,100,0.0194228291,6.9199459982,100.0000000000,11.6177452034,1.0000000000,0.8480000000,250.0000000000,0,0,0,62,0
1748,100,0,1,100,100,0,0,0,0,0,100,100,0.0194228291,6.9005231691,100.0000000000,11.6177452034,1.0000000000,0.8480000000,250.0000000000,0,0,0,62,0
1749,100,0,1,100,100,0,0,0,0,0,100,100,0.0194228291,6.8811003400,100.0000000000,11.6177452034,1.0000000000,0.8480000000,250.0000000000,0,0,0,62,0
1750,100,0,1,100,100,0,0,0,0,0,100,100,0.0194228291,6.8616775109,100.0000000000,11.6177452034,1.0000000000,0.8480000000,250.0000000000,0,0,0,62,0
1751,100,0,1,100,100,0,0,1,101,297,100,100,0.0278194156,6.8338580952,100.0000000000,10.9393468713,1.0000000000,0.9708160000,218.3729975608,0,0,0,70,0
1752,100,0,1,100,100,0,0,0,0,0,100,100,0.0184488658,6.8154092294,100.0000000000,10.9393468713,1.0000000000,0.8480000000,250.0000000000,0,0,0,70,0
1753,100,0,1,100,100,0,0,0,0,0,100,100,0.0184488658,6.7969603636,100.0000000000,10.9393468713,1.0000000000,0.8480000000,250.0000000000,0,0,0,70,0
1754,100,0,1,100,100,0,0,0,0,0,100,100,0.0184488658,6.7785114978,100.0000000000,10.9393468713,1.0000000000,0.8480000000,250.0000000000,0,0,0,70,0
1755,100,0,1,100,100,0,0,0,0,0,100,100,0.0184488658,6.7600626319,100.0000000000,10.9393468713,1.0000000000,0.8480000000,250.0000000000,0,0,0,70,0
1756,100,0,1,100,100,0,0,1,101,297,100,100,0.0295047781,6.7305578538,100.0000000000,12.1265404789,1.0000000000,0.9708160000,218.3729975608,0,0,0,56,0
1757,100,0,1,100,100,0,0,0,0,0,100,100,0.0204184226,6.7101394312,100.0000000000,12.1265404789,1.0000000000,0.8480000000,250.0000000000,0,0,0,56,0
1758,100,0,1,100,100,0,0,0,0,0,100,100,0.0204184226,6.6897210086,100.0000000000,12.1265404789,1.0000000000,0.8480000000,250.0000000000,0,0,0,56,0
1759,100,0,1,100,100,0,0,0,0,0,100,100,0.0204184226,6.6693025861,100.0000000000,12.1265404789,1.0000000000,0.8480000000,250.0000000000,0,0,0,56,0
1760,100,0,1,100,100,0,0,0,0,0,100,100,0.0204184226,6.6488841635,100.0000000000,12.1265404789,1.0000000000,0.8480000000,250.0000000000,0,0,0,56,0
1761,100,0,1,100,100,0,0,1,101,297,100,100,0.0275680360,6.6213161274,100.0000000000,10.6001528563,1.0000000000,0.9708160000,218.3729975608,0,0,0,74,0
1762,100,0,1,100,100,0,0,0,0,0,100,100,0.0178574590,6.6034586685,100.0000000000,10.6001528563,1.0000000000,0.8480000000,250.0000000000,0,0,0,74,0
1763,100,0,1,100,100,0,0,0,0,0,100,100,0.0178574590,6.5856012095,100.0000000000,10.6001528563,1.0000000000,0.8480000000,250.0000000000,0,0,0,74,0
1764,100,0,1,100,100,0,0,0,0,0,100,100,0.0178574590,6.5677437505,100.0000000000,10.6001528563,1.0000000000,0.8480000000,250.0000000000,0,0,0,74,0
1765,100,0,1,100,100,0,0,0,0,0,100,100,0.0178574590,6.5498862915,100.0000000000,10.6001528563,1.0000000000,0.8480000000,250.0000000000,0,0,0,74,0
1766,100,0,1,100,100,0,0,1,101,297,100,100,0.0279560999,6.5219301915,100.0000000000,10.5153594442,1.0000000000,0.9708160000,218.3729975608,0,0,0,75,0
1767,100,0,1,100,100,0,0,0,0,0,100,100,0.0176701836,6.5042600079,100.0000000000,10.5153594442,1.0000000000,0.8480000000,250.0000000000,0,0,0,75,0
1768,100,0,1,100,100,0,0,0,0,0,100,100,0.0176701836,6.4865898243,100.0000000000,10.5153594442,1.0000000000,0.8480000000,250.0000000000,0,0,0,75,0
1769,100,0,1,100,100,0,0,0,0,0,100,100,0.0176701836,6.4689196406,100.0000000000,10.5153594442,1.0000000000,0.8480000000,250.0000000000,0,0,0,75,0
1770,100,0,1,100,100,0,0,0,0,0,100,100,0.0176701836,6.4512494570,100.0000000000,10.5153594442,1.0000000000,0.8480000000,250.0000000000,0,0,0,75,0
1771,100,0,4,100,100,0,0,1,104,588,100,100,0.0355915991,6.4156578579,25.0000000000,13.7377735572,1.0000000000,0.9744640000,217.5554971759,0,0,0,34,0
1772,100,0,4,100,100,0,0,0,0,0,100,100,0.0213919949,6.3942658630,25.0000000000,13.7377735572,1.0000000000,0.8480000000,250.0000000000,0,0,0,34,0
1773,100,0,4,100,100,0,0,0,0,0,100,100,0.0213919949,6.3728738681,25.0000000000,13.7377735572,1.0000000000,0.8480000000,250.0000000000,0,0,0,34,0
1774,100,0,4,100,100,0,0,0,0,0,100,100,0.0213919949,6.3514818731,25.0000000000,13.7377735572,1.0000000000,0.8480000000,250.0000000000,0,0,0,34,0
1775,100,0,4,100,100,0,0,0,0,0,100,100,0.0213919949,6.3300898782,25.0000000000,13.7377735572,1.0000000000,0.8480000000,250.0000000000,0,0,0,34,0
1776,100,0,1,100,100,0,0,1,101,297,100,100,0.0272238830,6.3028659952,100.0000000000,9.9217479573,1.0000000000,0.9708160000,218.3729975608,0,0,0,82,0
1777,100,0,1,100,100,0,0,0,0,0,100,100,0.0169563502,6.2859096450,100.0000000000,9.9217479573,1.0000000000,0.8480000000,250.0000000000,0,0,0,82,0
1778,100,0,1,100,100,0,0,0,0,0,100,100,0.0169563502,6.2689532948,100.0000000000,9.9217479573,1.0000000000,0.8480000000,250.0000000000,0,0,0,82,0
1779,100,0,1,100,100,0,0,0,0,0,100,100,0.0169563502,6.2519969446,100.0000000000,9.9217479573,1.0000000000,0.8480000000,250.0000000000,0,0,0,82,0
1780,100,0,1,100,100,0,0,0,0,0,100,100,0.0169563502,6.2350405944,100.0000000000,9.9217479573,1.0000000000,0.8480000000,250.0000000000,0,0,0,82,0
1781,100,0,2,100,100,0,0,1,102,394,100,100,0.0315358298,6.2035047646,50.0000000000,12.8897847426,1.0000000000,0.9720320000,218.0998156439,0,0,0,46,0
1782,100,0,2,100,100,0,0,0,0,0,100,100,0.0207353671,6.1827693974,50.0000000000,12.8897847426,1.0000000000,0.8480000000,250.0000000000,0,0,0,46,0
1783,100,0,2,100,100,0,0,0,0,0,100,100,0.0207353671,6.1620340303,50.0000000000,12.8897847426,1.0000000000,0.8480000000,250.0000000000,0,0,0,46,0
1784,100,0,2,100,100,0,0,0,0,0,100,100,0.0207353671,6.1412986631,50.0000000000,12.8897847426,1.0000000000,0.8480000000,250.0000000000,0,0,0,46,0
1785,100,0,2,100,100,0,0,0,0,0,100,100,0.0207353671,6.1205632960,50.0000000000,12.8897847426,1.0000000000,0.8480000000,250.0000000000,0,0,0,46,0
1786,100,0,2,100,100,0,0,1,102,394,100,100,0.0311108843,6.0894524117,50.0000000000,12.7201852216,1.0000000000,0.9720320000,218.0998156439,0,0,0,48,0
1787,100,0,2,100,100,0,0,0,0,0,100,100,0.0203081300,6.0691442817,50.0000000000,12.7201852216,1.0000000000,0.8480000000,250.0000000000,0,0,0,48,0
1788,100,0,2,100,100,0,0,0,0,0,100,100,0.0203081300,6.0488361517,50.0000000000,12.7201852216,1.0000000000,0.8480000000,250.0000000000,0,0,0,48,0
1789,100,0,2,100,100,0,0,0,0,0,100,100,0.0203081300,6.0285280218,50.0000000000,12.7201852216,1.0000000000,0.8480000000,250.0000000000,0,0,0,48,0
1790,100,0,2,100,100,0,0,0,0,0,100,100,0.0203081300,6.0082198918,50.0000000000,12.7201852216,1.0000000000,0.8480000000,250.0000000000,0,0,0,48,0
1791,100,0,6,100,100,0,0,1,106,782,100,100,0.0401018553,5.9681180365,16.6666666667,14.5009735294,1.0000000000,0.9768960000,217.0138888889,0,0,0,23,0
1792,100,0,6,100,100,0,0,0,0,0,100,100,0.0223466833,5.9457713532,16.6666666667,14.5009735294,1.0000000000,0.8480000000,250.0000000000,0,0,0,23,0
1793,100,0,6,100,100,0,0,0,0,0,100,100,0.0223466833,5.9234246699,16.6666666667,14.5009735294,1.0000000000,0.8480000000,250.0000000000,0,0,0,23,0
1794,100,0,6,100,100,0,0,0,0,0,100,100,0.0223466833,5.9010779866,16.6666666667,14.5009735294,1.0000000000,0.8480000000,250.0000000000,0,0,0,23,0
1795,100,0,6,100,100,0,0,0,0,0,100,100,0.0223466833,5.8787313034,16.6666666667,14.5009735294,1.0000000000,0.8480000000,250.0000000000,0,0,0,23,0
1796,100,0,12,100,100,0,0,1,112,1364,100,100,0.0516035149,5.8271277885,8.3333333333,15.6033593971,1.0000000000,0.9841920000,215.4051242034,0,0,0,4,0
1797,100,0,12,100,100,0,0,0,0,0,100,100,0.0232994003,5.8038283881,8.3333333333,15.6033593971,1.0000000000,0.8480000000,250.0000000000,0,0,0,4,0
1798,100,0,12,100,100,0,0,0,0,0,100,100,0.0232994003,5.7805289878,8.3333333333,15.6033593971,1.0000000000,0.8480000000,250.0000000000,0,0,0,4,0
1799,100,0,12,100,100,0,0,0,0,0,100,100,0.0232994003,5.7572295874,8.3333333333,15.6033593971,1.0000000000,0.8480000000,250.0000000000,0,0,0,4,0
1800,100,0,12,100,100,0,0,0,0,0,100,100,0.0232994003,5.7339301871,8.3333333333,15.6033593971,1.0000000000,0.8480000000,250.0000000000,0,0,0,4,0
1801,100,0,1,100,100,0,0,1,101,297,100,100,0.0280240642,5.7059061229,100.0000000000,10.6849597406,1.0000000000,0.9708160000,218.3729975608,0,0,0,73,0
1802,100,0,1,100,100,0,0,0,0,0,100,100,0.0178812200,5.6880249029,100.0000000000,10.6849597406,1.0000000000,0.8480000000,250.0000000000,0,0,0,73,0
1803,100,0,1,100,100,0,0,0,0,0,100,100,0.0178812200,5.6701436829,100.0000000000,10.6849597406,1.0000000000,0.8480000000,250.0000000000,0,0,0,73,0
1804,100,0,1,100,100,0,0,0,0,0,100,100,0.0178812200,5.6522624628,100.0000000000,10.6849597406,1.0000000000,0.8480000000,250.0000000000,0,0,0,73,0
1805,100,0,1,100,100,0,0,0,0,0,100,100,0.0178812200,5.6343812428,100.0000000000,10.6849597406,1.0000000000,0.8480000000,250.0000000000,0,0,0,73,0
1806,100,0,1,100,100,0,0,1,101,297,100,100,0.0275349366,5.6068463062,100.0000000000,9.9217513954,1.0000000000,0.9708160000,218.3729975608,0,0,0,82,0
1807,100,0,1,100,100,0,0,0,0,0,100,100,0.0171391009,5.5897072053,100.0000000000,9.9217513954,1.0000000000,0.8480000000,250.0000000000,0,0,0,82,0
1808,100,0,1,100,100,0,0,0,0,0,100,100,0.0171391009,5.5725681044,100.0000000000,9.9217513954,1.0000000000,0.8480000000,250.0000000000,0,0,0,82,0
1809,100,0,1,100,100,0,0,0,0,0,100,100,0.0171391009,5.5554290034,100.0000000000,9.9217513954,1.0000000000,0.8480000000,250.0000000000,0,0,0,82,0
1810,100,0,1,100,100,0,0,0,0,0,100,100,0.0171391009,5.5382899025,100.0000000000,9.9217513954,1.0000000000,0.8480000000,250.0000000000,0,0,0,82,0
1811,100,0,1,100,100,0,0,1,101,297,100,100,0.0283267908,5.5099631117,100.0000000000,11.2785452674,1.0000000000,0.9708160000,218.3729975608,0,0,0,66,0
1812,100,0,1,100,100,0,0,0,0,0,100,100,0.0190475281,5.4909155836,100.0000000000,11.2785452674,1.0000000000,0.8480000000,250.0000000000,0,0,0,66,0
1813,100,0,1,100,100,0,0,0,0,0,100,100,0.0190475281,5.4718680555,100.0000000000,11.2785452674,1.0000000000,0.8480000000,250.0000000000,0,0,0,66,0
1814,100,0,1,100,100,0,0,0,0,0,100,100,0.0190475281,5.4528205274,100.0000000000,11.2785452674,1.0000000000,0.8480000000,250.0000000000,0,0,0,66,0
1815,100,0,1,100,100,0,0,0,0,0,100,100,0.0190475281,5.4337729993,100.0000000000,11.2785452674,1.0000000000,0.8480000000,250.0000000000,0,0,0,66,0
1816,100,0,1,100,100,0,0,1,101,297,100,100,0.0273121652,5.4064608341,100.0000000000,10.2609506913,1.0000000000,0.9708160000,218.3729975608,0,0,0,78,0
1817,100,0,1,100,100,0,0,0,0,0,100,100,0.0174866010,5.3889742331,100.0000000000,10.2609506913,1.0000000000,0.8480000000,250.0000000000,0,0,0,78,0
1818,100,0,1,100,100,0,0,0,0,0,100,100,0.0174866010,5.3714876321,100.0000000000,10.2609506913,1.0000000000,0.8480000000,250.0000000000,0,0,0,78,0
1819,100,0,1,100,100,0,0,0,0,0,100,100,0.0174866010,5.3540010311,100.0000000000,10.2609506913,1.0000000000,0.8480000000,250.0000000000,0,0,0,78,0
1820,100,0,1,100,100,0,0,0,0,0,100,100,0.0174866010,5.3365144301,100.0000000000,10.2609506913,1.0000000000,0.8480000000,250.0000000000,0,0,0,78,0
1821,100,0,1,100,100,0,0,1,101,297,100,100,0.0268237439,5.3096906861,100.0000000000,9.7521425291,1.0000000000,0.9708160000,218.3729975608,0,0,0,84,0
1822,100,0,1,100,100,0,0,0,0,0,100,100,0.0167654319,5.2929252543,100.0000000000,9.7521425291,1.0000000000,0.8480000000,250.0000000000,0,0,0,84,0
1823,100,0,1,100,100,0,0,0,0,0,100,100,0.0167654319,5.2761598224,100.0000000000,9.7521425291,1.0000000000,0.8480000000,250.0000000000,0,0,0,84,0
1824,100,0,1,100,100,0,0,0,0,0,100,100,0.0167654319,5.2593943905,100.0000000000,9.7521425291,1.0000000000,0.8480000000,250.0000000000,0,0,0,84,0
1825,100,0,1,100,100,0,0,0,0,0,100,100,0.0167654319,5.2426289586,100.0000000000,9.7521425291,1.0000000000,0.8480000000,250.0000000000,0,0,0,84,0
1826,100,0,1,100,100,0,0,1,101,297,100,100,0.0288925389,5.2137364198,100.0000000000,11.7873401939,1.0000000000,0.9708160000,218.3729975608,0,0,0,60,0
1827,100,0,1,100,100,0,0,0,0,0,100,100,0.0197867920,5.1939496278,100.0000000000,11.7873401939,1.0000000000,0.8480000000,250.0000000000,0,0,0,60,0
1828,100,0,1,100,100,0,0,0,0,0,100,100,0.0197867920,5.1741628358,100.0000000000,11.7873401939,1.0000000000,0.8480000000,250.0000000000,0,0,0,60,0
1829,100,0,1,100,100,0,0,0,0,0,100,100,0.0197867920,5.1543760438,100.0000000000,11.7873401939,1.0000000000,0.8480000000,250.0000000000,0,0,0,60,0
1830,100,0,1,100,100,0,0,0,0,0,100,100,0.0197867920,5.1345892518,100.0000000000,11.7873401939,1.0000000000,0.8480000000,250.0000000000,0,0,0,60,0
1831,100,0,1,100,100,0,0,1,101,297,100,100,0.0276087073,5.1069805445,100.0000000000,10.6849451259,1.0000000000,0.9708160000,218.3729975608,0,0,0,73,0
1832,100,0,1,100,100,0,0,0,0,0,100,100,0.0181576614,5.0888228832,100.0000000000,10.6849451259,1.0000000000,0.8480000000,250.0000000000,0,0,0,73,0
1833,100,0,1,100,100,0,0,0,0,0,100,100,0.0181576614,5.0706652218,100.0000000000,10.6849451259,1.0000000000,0.8480000000,250.0000000000,0,0,0,73,0
1834,100,0,1,100,100,0,0,0,0,0,100,100,0.0181576614,5.0525075604,100.0000000000,10.6849451259,1.0000000000,0.8480000000,250.0000000000,0,0,0,73,0
1835,100,0,1,100,100,0,0,0,0,0,100,100,0.0181576614,5.0343498991,100.0000000000,10.6849451259,1.0000000000,0.8480000000,250.0000000000,0,0,0,73,0
1836,100,0,1,100,100,0,0,1,101,297,100,100,0.0286137829,5.0057361162,100.0000000000,11.5329484644,1.0000000000,0.9708160000,218.3729975608,0,0,0,63,0
1837,100,0,1,100,100,0,0,0,0,0,100,100,0.0193401479,4.9863959683,100.0000000000,11.5329484644,1.0000000000,0.8480000000,250.0000000000,0,0,0,63,0
1838,100,0,1,100,100,0,0,0,0,0,100,100,0.0193401479,4.9670558204,100.0000000000,11.5329484644,1.0000000000,0.8480000000,250.0000000000,0,0,0,63,0
1839,100,0,1,100,100,0,0,0,0,0,100,100,0.0193401479,4.9477156725,100.0000000000,11.5329484644,1.0000000000,0.8480000000,250.0000000000,0,0,0,63,0
1840,100,0,1,100,100,0,0,0,0,0,100,100,0.0193401479,4.9283755246,100.0000000000,11.5329484644,1.0000000000,0.8480000000,250.0000000000,0,0,0,63,0
1841,100,0,1,100,100,0,0,1,101,297,100,100,0.0275390622,4.9008364624,100.0000000000,10.0913523661,1.0000000000,0.9708160000,218.3729975608,0,0,0,80,0
1842,100,0,1,100,100,0,0,0,0,0,100,100,0.0173563689,4.8834800935,100.0000000000,10.0913523661,1.0000000000,0.8480000000,250.0000000000,0,0,0,80,0
1843,100,0,1,100,100,0,0,0,0,0,100,100,0.0173563689,4.8661237245,100.0000000000,10.0913523661,1.0000000000,0.8480000000,250.0000000000,0,0,0,80,0
1844,100,0,1,100,100,0,0,0,0,0,100,100,0.0173563689,4.8487673556,100.0000000000,10.0913523661,1.0000000000,0.8480000000,250.0000000000,0,0,0,80,0
1845,100,0,1,100,100,0,0,0,0,0,100,100,0.0173563689,4.8314109867,100.0000000000,10.0913523661,1.0000000000,0.8480000000,250.0000000000,0,0,0,80,0
1846,100,0,1,100,100,0,0,1,101,297,100,100,0.0272643137,4.8041466730,100.0000000000,10.5153435627,1.0000000000,0.9708160000,218.3729975608,0,0,0,75,0
1847,100,0,1,100,100,0,0,0,0,0,100,100,0.0178351542,4.7863115188,100.0000000000,10.5153435627,1.0000000000,0.8480000000,250.0000000000,0,0,0,75,0
1848,100,0,1,100,100,0,0,0,0,0,100,100,0.0178351542,4.7684763645,100.0000000000,10.5153435627,1.0000000000,0.8480000000,250.0000000000,0,0,0,75,0
1849,100,0,1,100,100,0,0,0,0,0,100,100,0.0178351542,4.7506412103,100.0000000000,10.5153435627,1.0000000000,0.8480000000,250.0000000000,0,0,0,75,0
1850,100,0,1,100,100,0,0,0,0,0,100,100,0.0178351542,4.7328060561,100.0000000000,10.5153435627,1.0000000000,0.8480000000,250.0000000000,0,0,0,75,0
1851,100,0,1,100,100,0,0,1,101,297,100,100,0.0274396431,4.7053664130,100.0000000000,10.3457485546,1.0000000000,0.9708160000,218.3729975608,0,0,0,77,0
1852,100,0,1,100,100,0,0,0,0,0,100,100,0.0176515099,4.6877149031,100.0000000000,10.3457485546,1.0000000000,0.8480000000,250.0000000000,0,0,0,77,0
1853,100,0,1,100,100,0,0,0,0,0,100,100,0.0176515099,4.6700633933,100.0000000000,10.3457485546,1.0000000000,0.8480000000,250.0000000000,0,0,0,77,0
1854,100,0,1,100,100,0,0,0,0,0,100,100,0.0176515099,4.6524118834,100.0000000000,10.3457485546,1.0000000000,0.8480000000,250.0000000000,0,0,0,77,0
1855,100,0,1,100,100,0,0,0,0,0,100,100,0.0176515099,4.6347603735,100.0000000000,10.3457485546,1.0000000000,0.8480000000,250.0000000000,0,0,0,77,0
1856,100,0,1,100,100,0,0,1,101,297,100,100,0.0276393059,4.6071210676,100.0000000000,10.6849497652,1.0000000000,0.9708160000,218.3729975608,0,0,0,73,0
1857,100,0,1,100,100,0,0,0,0,0,100,100,0.0181524312,4.5889686364,100.0000000000,10.6849497652,1.0000000000,0.8480000000,250.0000000000,0,0,0,73,0
1858,100,0,1,100,100,0,0,0,0,0,100,100,0.0181524312,4.5708162052,100.0000000000,10.6849497652,1.0000000000,0.8480000000,250.0000000000,0,0,0,73,0
1859,100,0,1,100,100,0,0,0,0,0,100,100,0.0181524312,4.5526637740,100.0000000000,10.6849497652,1.0000000000,0.8480000000,250.0000000000,0,0,0,73,0
1860,100,0,1,100,100,0,0,0,0,0,100,100,0.0181524312,4.5345113428,100.0000000000,10.6849497652,1.0000000000,0.8480000000,250.0000000000,0,0,0,73,0
1861,100,0,1,100,100,0,0,1,101,297,100,100,0.0266987048,4.5078126381,100.0000000000,9.7521417600,1.0000000000,0.9708160000,218.3729975608,0,0,0,84,0
1862,100,0,1,100,100,0,0,0,0,0,100,100,0.0167617054,4.4910509327,100.0000000000,9.7521417600,1.0000000000,0.8480000000,250.0000000000,0,0,0,84,0
1863,100,0,1,100,100,0,0,0,0,0,100,100,0.0167617054,4.4742892273,100.0000000000,9.7521417600,1.0000000000,0.8480000000,250.0000000000,0,0,0,84,0
1864,100,0,1,100,100,0,0,0,0,0,100,100,0.0167617054,4.4575275219,100.0000000000,9.7521417600,1.0000000000,0.8480000000,250.0000000000,0,0,0,84,0
1865,100,0,1,100,100,0,0,0,0,0,100,100,0.0167617054,4.4407658165,100.0000000000,9.7521417600,1.0000000000,0.8480000000,250.0000000000,0,0,0,84,0
1866,100,0,3,100,100,0,0,1,103,491,100,100,0.0332401096,4.4075257069,33.3333333333,12.9745722691,1.0000000000,0.9732480000,217.8273163675,0,0,0,44,0
1867,100,0,3,100,100,0,0,0,0,0,100,100,0.0206761783,4.3868495286,33.3333333333,12.9745722691,1.0000000000,0.8480000000,250.0000000000,0,0,0,44,0
1868,100,0,3,100,100,0,0,0,0,0,100,100,0.0206761783,4.3661733503,33.3333333333,12.9745722691,1.0000000000,0.8480000000,250.0000000000,0,0,0,44,0
1869,100,0,3,100,100,0,0,0,0,0,100,100,0.0206761783,4.3454971720,33.3333333333,12.9745722691,1.0000000000,0.8480000000,250.0000000000,0,0,0,44,0
1870,100,0,3,100,100,0,0,0,0,0,100,100,0.0206761783,4.3248209937,33.3333333333,12.9745722691,1.0000000000,0.8480000000,250.0000000000,0,0,0,44,0
1871,100,0,1,100,100,0,0,1,101,297,100,100,0.0276547165,4.2971662771,100.0000000000,10.6849525686,1.0000000000,0.9708160000,218.3729975608,0,0,0,73,0
1872,100,0,1,100,100,0,0,0,0,0,100,100,0.0178076357,4.2793586414,100.0000000000,10.6849525686,1.0000000000,0.8480000000,250.0000000000,0,0,0,73,0
1873,100,0,1,100,100,0,0,0,0,0,100,100,0.0178076357,4.2615510057,100.0000000000,10.6849525686,1.0000000000,0.8480000000,250.0000000000,0,0,0,73,0
1874,100,0,1,100,100,0,0,0,0,0,100,100,0.0178076357,4.2437433700,100.0000000000,10.6849525686,1.0000000000,0.8480000000,250.0000000000,0,0,0,73,0
1875,100,0,1,100,100,0,0,0,0,0,100,100,0.0178076357,4.2259357342,100.0000000000,10.6849525686,1.0000000000,0.8480000000,250.0000000000,0,0,0,73,0
1876,100,0,3,100,100,0,0,1,103,491,100,100,0.0322800671,4.1936556671,33.3333333333,12.2113702284,1.0000000000,0.9732480000,217.8273163675,0,0,0,53,0
1877,100,0,3,100,100,0,0,0,0,0,100,100,0.0196701989,4.1739854683,33.3333333333,12.2113702284,1.0000000000,0.8480000000,250.0000000000,0,0,0,53,0
1878,100,0,3,100,100,0,0,0,0,0,100,100,0.0196701989,4.1543152694,33.3333333333,12.2113702284,1.0000000000,0.8480000000,250.0000000000,0,0,0,53,0
1879,100,0,3,100,100,0,0,0,0,0,100,100,0.0196701989,4.1346450705,33.3333333333,12.2113702284,1.0000000000,0.8480000000,250.0000000000,0,0,0,53,0
1880,100,0,3,100,100,0,0,0,0,0,100,100,0.0196701989,4.1149748716,33.3333333333,12.2113702284,1.0000000000,0.8480000000,250.0000000000,0,0,0,53,0
1881,100,0,3,100,100,0,0,1,103,491,100,100,0.0339998178,4.0809750538,33.3333333333,13.1441681261,1.0000000000,0.9732480000,217.8273163675,0,0,0,42,0
1882,100,0,3,100,100,0,0,0,0,0,100,100,0.0213232030,4.0596518508,33.3333333333,13.1441681261,1.0000000000,0.8480000000,250.0000000000,0,0,0,42,0
1883,100,0,3,100,100,0,0,0,0,0,100,100,0.0213232030,4.0383286478,33.3333333333,13.1441681261,1.0000000000,0.8480000000,250.0000000000,0,0,0,42,0
1884,100,0,3,100,100,0,0,0,0,0,100,100,0.0213232030,4.0170054447,33.3333333333,13.1441681261,1.0000000000,0.8480000000,250.0000000000,0,0,0,42,0
1885,100,0,3,100,100,0,0,0,0,0,100,100,0.0213232030,3.9956822417,33.3333333333,13.1441681261,1.0000000000,0.8480000000,250.0000000000,0,0,0,42,0
1886,100,0,2,100,100,0,0,1,102,394,100,100,0.0326282495,3.9630539922,50.0000000000,13.9073606478,1.0000000000,0.9720320000,218.0998156439,0,0,0,34,0
1887,100,0,2,100,100,0,0,0,0,0,100,100,0.0219559649,3.9410980273,50.0000000000,13.9073606478,1.0000000000,0.8480000000,250.0000000000,0,0,0,34,0
1888,100,0,2,100,100,0,0,0,0,0,100,100,0.0219559649,3.9191420624,50.0000000000,13.9073606478,1.0000000000,0.8480000000,250.0000000000,0,0,0,34,0
1889,100,0,2,100,100,0,0,0,0,0,100,100,0.0219559649,3.8971860975,50.0000000000,13.9073606478,1.0000000000,0.8480000000,250.0000000000,0,0,0,34,0
1890,100,0,2,100,100,0,0,0,0,0,100,100,0.0219559649,3.8752301326,50.0000000000,13.9073606478,1.0000000000,0.8480000000,250.0000000000,0,0,0,34,0
1891,100,0,2,100,100,0,0,1,102,394,100,100,0.0310504972,3.8441796354,50.0000000000,12.4657584027,1.0000000000,0.9720320000,218.0998156439,0,0,0,51,0
1892,100,0,2,100,100,0,0,0,0,0,100,100,0.0201263189,3.8240533165,50.0000000000,12.4657584027,1.0000000000,0.8480000000,250.0000000000,0,0,0,51,0
1893,100,0,2,100,100,0,0,0,0,0,100,100,0.0201263189,3.8039269976,50.0000000000,12.4657584027,1.0000000000,0.8480000000,250.0000000000,0,0,0,51,0
1894,100,0,2,100,100,0,0,0,0,0,100,100,0.0201263189,3.7838006787,50.0000000000,12.4657584027,1.0000000000,0.8480000000,250.0000000000,0,0,0,51,0
1895,100,0,2,100,100,0,0,0,0,0,100,100,0.0201263189,3.7636743598,50.0000000000,12.4657584027,1.0000000000,0.8480000000,250.0000000000,0,0,0,51,0
1896,100,0,3,100,100,0,0,1,103,491,100,100,0.0334761530,3.7301982068,33.3333333333,13.3137717686,1.0000000000,0.9732480000,217.8273163675,0,0,0,40,0
1897,100,0,3,100,100,0,0,0,0,0,100,100,0.0209068154,3.7092913914,33.3333333333,13.3137717686,1.0000000000,0.8480000000,250.0000000000,0,0,0,40,0
1898,100,0,3,100,100,0,0,0,0,0,100,100,0.0209068154,3.6883845760,33.3333333333,13.3137717686,1.0000000000,0.8480000000,250.0000000000,0,0,0,40,0
1899,100,0,3,100,100,0,0,0,0,0,100,100,0.0209068154,3.6674777606,33.3333333333,13.3137717686,1.0000000000,0.8480000000,250.0000000000,0,0,0,40,0
1900,100,0,3,100,100,0,0,0,0,0,100,100,0.0209068154,3.6465709453,33.3333333333,13.3137717686,1.0000000000,0.8480000000,250.0000000000,0,0,0,40,0
1901,100,0,1,100,100,0,0,1,101,297,100,100,0.0284604784,3.6181104668,100.0000000000,11.3633445709,1.0000000000,0.9708160000,218.3729975608,0,0,0,65,0
1902,100,0,1,100,100,0,0,0,0,0,100,100,0.0191944698,3.5989159970,100.0000000000,11.3633445709,1.0000000000,0.8480000000,250.0000000000,0,0,0,65,0
1903,100,0,1,100,100,0,0,0,0,0,100,100,0.0191944698,3.5797215272,100.0000000000,11.3633445709,1.0000000000,0.8480000000,250.0000000000,0,0,0,65,0
1904,100,0,1,100,100,0,0,0,0,0,100,100,0.0191944698,3.5605270574,100.0000000000,11.3633445709,1.0000000000,0.8480000000,250.0000000000,0,0,0,65,0
1905,100,0,1,100,100,0,0,0,0,0,100,100,0.0191944698,3.5413325876,100.0000000000,11.3633445709,1.0000000000,0.8480000000,250.0000000000,0,0,0,65,0
1906,100,0,1,100,100,0,0,1,101,297,100,100,0.0288161850,3.5125164026,100.0000000000,11.6177452771,1.0000000000,0.9708160000,218.3729975608,0,0,0,62,0
1907,100,0,1,100,100,0,0,0,0,0,100,100,0.0196161502,3.4929002524,100.0000000000,11.6177452771,1.0000000000,0.8480000000,250.0000000000,0,0,0,62,0
1908,100,0,1,100,100,0,0,0,0,0,100,100,0.0196161502,3.4732841022,100.0000000000,11.6177452771,1.0000000000,0.8480000000,250.0000000000,0,0,0,62,0
1909,100,0,1,100,100,0,0,0,0,0,100,100,0.0196161502,3.4536679519,100.0000000000,11.6177452771,1.0000000000,0.8480000000,250.0000000000,0,0,0,62,0
1910,100,0,1,100,100,0,0,0,0,0,100,100,0.0196161502,3.4340518017,100.0000000000,11.6177452771,1.0000000000,0.8480000000,250.0000000000,0,0,0,62,0
1911,100,0,1,100,100,0,0,1,101,297,100,100,0.0274488436,3.4066029581,100.0000000000,9.5825480078,1.0000000000,0.9708160000,218.3729975608,0,0,0,86,0
1912,100,0,1,100,100,0,0,0,0,0,100,100,0.0166889621,3.3899139960,100.0000000000,9.5825480078,1.0000000000,0.8480000000,250.0000000000,0,0,0,86,0
1913,100,0,1,100,100,0,0,0,0,0,100,100,0.0166889621,3.3732250340,100.0000000000,9.5825480078,1.0000000000,0.8480000000,250.0000000000,0,0,0,86,0
1914,100,0,1,100,100,0,0,0,0,0,100,100,0.0166889621,3.3565360719,100.0000000000,9.5825480078,1.0000000000,0.8480000000,250.0000000000,0,0,0,86,0
1915,100,0,1,100,100,0,0,0,0,0,100,100,0.0166889621,3.3398471099,100.0000000000,9.5825480078,1.0000000000,0.8480000000,250.0000000000,0,0,0,86,0
1916,100,0,1,100,100,0,0,1,101,297,100,100,0.0273861727,3.3124609372,100.0000000000,10.2609484627,1.0000000000,0.9708160000,218.3729975608,0,0,0,78,0
1917,100,0,1,100,100,0,0,0,0,0,100,100,0.0175364100,3.2949245271,100.0000000000,10.2609484627,1.0000000000,0.8480000000,250.0000000000,0,0,0,78,0
1918,100,0,1,100,100,0,0,0,0,0,100,100,0.0175364100,3.2773881171,100.0000000000,10.2609484627,1.0000000000,0.8480000000,250.0000000000,0,0,0,78,0
1919,100,0,1,100,100,0,0,0,0,0,100,100,0.0175364100,3.2598517071,100.0000000000,10.2609484627,1.0000000000,0.8480000000,250.0000000000,0,0,0,78,0
1920,100,0,1,100,100,0,0,0,0,0,100,100,0.0175364100,3.2423152971,100.0000000000,10.2609484627,1.0000000000,0.8480000000,250.0000000000,0,0,0,78,0
1921,100,0,1,100,100,0,0,1,101,297,100,100,0.0275680360,3.2147472610,100.0000000000,10.6001528563,1.0000000000,0.9708160000,218.3729975608,0,0,0,74,0
1922,100,0,1,100,100,0,0,0,0,0,100,100,0.0178574590,3.1968898020,100.0000000000,10.6001528563,1.0000000000,0.8480000000,250.0000000000,0,0,0,74,0
1923,100,0,1,100,100,0,0,0,0,0,100,100,0.0178574590,3.1790323430,100.0000000000,10.6001528563,1.0000000000,0.8480000000,250.0000000000,0,0,0,74,0
1924,100,0,1,100,100,0,0,0,0,0,100,100,0.0178574590,3.1611748840,100.0000000000,10.6001528563,1.0000000000,0.8480000000,250.0000000000,0,0,0,74,0
1925,100,0,1,100,100,0,0,0,0,0,100,100,0.0178574590,3.1433174250,100.0000000000,10.6001528563,1.0000000000,0.8480000000,250.0000000000,0,0,0,74,0
1926,100,0,1,100,100,0,0,1,101,297,100,100,0.0287747045,3.1145427206,100.0000000000,11.7025424579,1.0000000000,0.9708160000,218.3729975608,0,0,0,61,0
1927,100,0,1,100,100,0,0,0,0,0,100,100,0.0196336674,3.0949090532,100.0000000000,11.7025424579,1.0000000000,0.8480000000,250.0000000000,0,0,0,61,0
1928,100,0,1,100,100,0,0,0,0,0,100,100,0.0196336674,3.0752753858,100.0000000000,11.7025424579,1.0000000000,0.8480000000,250.0000000000,0,0,0,61,0
1929,100,0,1,100,100,0,0,0,0,0,100,100,0.0196336674,3.0556417184,100.0000000000,11.7025424579,1.0000000000,0.8480000000,250.0000000000,0,0,0,61,0
1930,100,0,1,100,100,0,0,0,0,0,100,100,0.0196336674,3.0360080510,100.0000000000,11.7025424579,1.0000000000,0.8480000000,250.0000000000,0,0,0,61,0
1931,100,0,1,100,100,0,0,1,101,297,100,100,0.0278116122,3.0081964388,100.0000000000,10.6849553177,1.0000000000,0.9708160000,218.3729975608,0,0,0,73,0
1932,100,0,1,100,100,0,0,0,0,0,100,100,0.0178318570,2.9903645818,100.0000000000,10.6849553177,1.0000000000,0.8480000000,250.0000000000,0,0,0,73,0
1933,100,0,1,100,100,0,0,0,0,0,100,100,0.0178318570,2.9725327248,100.0000000000,10.6849553177,1.0000000000,0.8480000000,250.0000000000,0,0,0,73,0
1934,100,0,1,100,100,0,0,0,0,0,100,100,0.0178318570,2.9547008678,100.0000000000,10.6849553177,1.0000000000,0.8480000000,250.0000000000,0,0,0,73,0
1935,100,0,1,100,100,0,0,0,0,0,100,100,0.0178318570,2.9368690108,100.0000000000,10.6849553177,1.0000000000,0.8480000000,250.0000000000,0,0,0,73,0
1936,100,0,1,100,100,0,0,1,101,297,100,100,0.0281683018,2.9087007090,100.0000000000,11.2785480200,1.0000000000,0.9708160000,218.3729975608,0,0,0,66,0
1937,100,0,1,100,100,0,0,0,0,0,100,100,0.0188718451,2.8898288639,100.0000000000,11.2785480200,1.0000000000,0.8480000000,250.0000000000,0,0,0,66,0
1938,100,0,1,100,100,0,0,0,0,0,100,100,0.0188718451,2.8709570188,100.0000000000,11.2785480200,1.0000000000,0.8480000000,250.0000000000,0,0,0,66,0
1939,100,0,1,100,100,0,0,0,0,0,100,100,0.0188718451,2.8520851738,100.0000000000,11.2785480200,1.0000000000,0.8480000000,250.0000000000,0,0,0,66,0
1940,100,0,1,100,100,0,0,0,0,0,100,100,0.0188718451,2.8332133287,100.0000000000,11.2785480200,1.0000000000,0.8480000000,250.0000000000,0,0,0,66,0
1941,100,0,1,100,100,0,0,1,101,297,100,100,0.0279229627,2.8052903660,100.0000000000,11.1937472155,1.0000000000,0.9708160000,218.3729975608,0,0,0,67,0
1942,100,0,1,100,100,0,0,0,0,0,100,100,0.0185108054,2.7867795606,100.0000000000,11.1937472155,1.0000000000,0.8480000000,250.0000000000,0,0,0,67,0
1943,100,0,1,100,100,0,0,0,0,0,100,100,0.0185108054,2.7682687552,100.0000000000,11.1937472155,1.0000000000,0.8480000000,250.0000000000,0,0,0,67,0
1944,100,0,1,100,100,0,0,0,0,0,100,100,0.0185108054,2.7497579498,100.0000000000,11.1937472155,1.0000000000,0.8480000000,250.0000000000,0,0,0,67,0
1945,100,0,1,100,100,0,0,0,0,0,100,100,0.0185108054,2.7312471444,100.0000000000,11.1937472155,1.0000000000,0.8480000000,250.0000000000,0,0,0,67,0
1946,100,0,1,100,100,0,0,1,101,297,100,100,0.0310322703,2.7002148741,100.0000000000,12.9745348368,1.0000000000,0.9708160000,218.3729975608,0,0,0,46,0
1947,100,0,1,100,100,0,0,0,0,0,100,100,0.0219937622,2.6782211119,100.0000000000,12.9745348368,1.0000000000,0.8480000000,250.0000000000,0,0,0,46,0
1948,100,0,1,100,100,0,0,0,0,0,100,100,0.0219937622,2.6562273496,100.0000000000,12.9745348368,1.0000000000,0.8480000000,250.0000000000,0,0,0,46,0
1949,100,0,1,100,100,0,0,0,0,0,100,100,0.0219937622,2.6342335874,100.0000000000,12.9745348368,1.0000000000,0.8480000000,250.0000000000,0,0,0,46,0
1950,100,0,1,100,100,0,0,0,1,98,100,100,0.0191886658,2.6150449216,100.0000000000,10.2609506913,1.0000000000,0.8492160000,249.6420227598,0,0,1,78,0
1951,100,0,1,100,100,0,0,1,101,297,100,100,0.0273303305,2.5877145911,100.0000000000,9.5825468140,1.0000000000,0.9708160000,218.3729975608,0,0,0,86,0
1952,100,0,1,100,100,0,0,0,0,0,100,100,0.0166075462,2.5711070449,100.0000000000,9.5825468140,1.0000000000,0.8480000000,250.0000000000,0,0,0,86,0
1953,100,0,1,100,100,0,0,0,0,0,100,100,0.0166075462,2.5544994986,100.0000000000,9.5825468140,1.0000000000,0.8480000000,250.0000000000,0,0,0,86,0
1954,100,0,1,100,100,0,0,0,0,0,100,100,0.0166075462,2.5378919524,100.0000000000,9.5825468140,1.0000000000,0.8480000000,250.0000000000,0,0,0,86,0
1955,100,0,1,100,100,0,0,0,0,0,100,100,0.0166075462,2.5212844062,100.0000000000,9.5825468140,1.0000000000,0.8480000000,250.0000000000,0,0,0,86,0
1956,100,0,3,100,100,0,0,1,103,491,100,100,0.0344811508,2.4868032554,33.3333333333,14.1617791471,1.0000000000,0.9732480000,217.8273163675,0,0,0,30,0
1957,100,0,3,100,100,0,0,0,0,0,100,100,0.0220780416,2.4647252138,33.3333333333,14.1617791471,1.0000000000,0.8480000000,250.0000000000,0,0,0,30,0
1958,100,0,3,100,100,0,0,0,0,0,100,100,0.0220780416,2.4426471723,33.3333333333,14.1617791471,1.0000000000,0.8480000000,250.0000000000,0,0,0,30,0
1959,100,0,3,100,100,0,0,0,0,0,100,100,0.0220780416,2.4205691307,33.3333333333,14.1617791471,1.0000000000,0.8480000000,250.0000000000,0,0,0,30,0
1960,100,0,3,100,100,0,0,0,0,0,100,100,0.0220780416,2.3984910892,33.3333333333,14.1617791471,1.0000000000,0.8480000000,250.0000000000,0,0,0,30,0
1961,100,0,1,100,100,0,0,1,101,297,100,100,0.0293325140,2.3691585752,100.0000000000,12.0417458971,1.0000000000,0.9708160000,218.3729975608,0,0,0,57,0
1962,100,0,1,100,100,0,0,0,0,0,100,100,0.0201577984,2.3490007768,100.0000000000,12.0417458971,1.0000000000,0.8480000000,250.0000000000,0,0,0,57,0
1963,100,0,1,100,100,0,0,0,0,0,100,100,0.0201577984,2.3288429784,100.0000000000,12.0417458971,1.0000000000,0.8480000000,250.0000000000,0,0,0,57,0
1964,100,0,1,100,100,0,0,0,0,0,100,100,0.0201577984,2.3086851800,100.0000000000,12.0417458971,1.0000000000,0.8480000000,250.0000000000,0,0,0,57,0
1965,100,0,1,100,100,0,0,0,0,0,100,100,0.0201577984,2.2885273816,100.0000000000,12.0417458971,1.0000000000,0.8480000000,250.0000000000,0,0,0,57,0
1966,100,0,1,100,100,0,0,1,101,297,100,100,0.0271636211,2.2613637605,100.0000000000,10.0065496075,1.0000000000,0.9708160000,218.3729975608,0,0,0,81,0
1967,100,0,1,100,100,0,0,0,0,0,100,100,0.0171438274,2.2442199330,100.0000000000,10.0065496075,1.0000000000,0.8480000000,250.0000000000,0,0,0,81,0
1968,100,0,1,100,100,0,0,0,0,0,100,100,0.0171438274,2.2270761056,100.0000000000,10.0065496075,1.0000000000,0.8480000000,250.0000000000,0,0,0,81,0
1969,100,0,1,100,100,0,0,0,0,0,100,100,0.0171438274,2.2099322782,100.0000000000,10.0065496075,1.0000000000,0.8480000000,250.0000000000,0,0,0,81,0
1970,100,0,1,100,100,0,0,0,0,0,100,100,0.0171438274,2.1927884507,100.0000000000,10.0065496075,1.0000000000,0.8480000000,250.0000000000,0,0,0,81,0
1971,100,0,1,100,100,0,0,1,101,297,100,100,0.0288163632,2.1639720875,100.0000000000,11.7025411594,1.0000000000,0.9708160000,218.3729975608,0,0,0,61,0
1972,100,0,1,100,100,0,0,0,0,0,100,100,0.0196931086,2.1442789789,100.0000000000,11.7025411594,1.0000000000,0.8480000000,250.0000000000,0,0,0,61,0
1973,100,0,1,100,100,0,0,0,0,0,100,100,0.0196931086,2.1245858702,100.0000000000,11.7025411594,1.0000000000,0.8480000000,250.0000000000,0,0,0,61,0
1974,100,0,1,100,100,0,0,0,0,0,100,100,0.0196931086,2.1048927616,100.0000000000,11.7025411594,1.0000000000,0.8480000000,250.0000000000,0,0,0,61,0
1975,100,0,1,100,100,0,0,0,0,0,100,100,0.0196931086,2.0851996529,100.0000000000,11.7025411594,1.0000000000,0.8480000000,250.0000000000,0,0,0,61,0
1976,100,0,1,100,100,0,0,1,101,297,100,100,0.0282399040,2.0569597489,100.0000000000,11.1937584808,1.0000000000,0.9708160000,218.3729975608,0,0,0,67,0
1977,100,0,1,100,100,0,0,0,0,0,100,100,0.0186766742,2.0382830747,100.0000000000,11.1937584808,1.0000000000,0.8480000000,250.0000000000,0,0,0,67,0
1978,100,0,1,100,100,0,0,0,1,98,100,100,0.0184743681,2.0198087066,100.0000000000,9.7521425291,1.0000000000,0.8492160000,249.6420227598,0,0,1,84,0
1979,100,0,1,100,100,0,0,0,0,0,100,100,0.0167654319,2.0030432747,100.0000000000,9.7521425291,1.0000000000,0.8480000000,250.0000000000,0,0,0,84,0
1980,100,0,1,100,100,0,0,0,0,0,100,100,0.0167654319,1.9862778428,100.0000000000,9.7521425291,1.0000000000,0.8480000000,250.0000000000,0,0,0,84,0
1981,100,0,1,100,100,0,0,1,101,297,100,100,0.0288123480,1.9574654949,100.0000000000,11.7025446109,1.0000000000,0.9708160000,218.3729975608,0,0,0,61,0
1982,100,0,1,100,100,0,0,0,0,0,100,100,0.0195895232,1.9378759717,100.0000000000,11.7025446109,1.0000000000,0.8480000000,250.0000000000,0,0,0,61,0
1983,100,0,1,100,100,0,0,0,0,0,100,100,0.0195895232,1.9182864485,100.0000000000,11.7025446109,1.0000000000,0.8480000000,250.0000000000,0,0,0,61,0
1984,100,0,1,100,100,0,0,0,0,0,100,100,0.0195895232,1.8986969253,100.0000000000,11.7025446109,1.0000000000,0.8480000000,250.0000000000,0,0,0,61,0
1985,100,0,1,100,100,0,0,0,1,98,100,100,0.0184319331,1.8802649921,100.0000000000,9.5825480078,1.0000000000,0.8492160000,249.6420227598,0,0,1,86,0
1986,100,0,1,100,100,0,0,1,101,297,100,100,0.0288131113,1.8514518808,100.0000000000,11.6177416640,1.0000000000,0.9708160000,218.3729975608,0,0,0,62,0
1987,100,0,1,100,100,0,0,0,0,0,100,100,0.0196638756,1.8317880052,100.0000000000,11.6177416640,1.0000000000,0.8480000000,250.0000000000,0,0,0,62,0
1988,100,0,1,100,100,0,0,0,0,0,100,100,0.0196638756,1.8121241295,100.0000000000,11.6177416640,1.0000000000,0.8480000000,250.0000000000,0,0,0,62,0
1989,100,0,1,100,100,0,0,0,0,0,100,100,0.0196638756,1.7924602539,100.0000000000,11.6177416640,1.0000000000,0.8480000000,250.0000000000,0,0,0,62,0
1990,100,0,1,100,100,0,0,0,1,98,100,100,0.0191886658,1.7732715881,100.0000000000,10.2609506913,1.0000000000,0.8492160000,249.6420227598,0,0,1,78,0
1991,100,0,3,100,100,0,0,1,103,491,100,100,0.0330108903,1.7402606978,33.3333333333,13.1441741292,1.0000000000,0.9732480000,217.8273163675,0,0,0,42,0
1992,100,0,3,100,100,0,0,0,0,0,100,100,0.0204352763,1.7198254216,33.3333333333,13.1441741292,1.0000000000,0.8480000000,250.0000000000,0,0,0,42,0
1993,100,0,3,100,100,0,0,0,0,0,100,100,0.0204352763,1.6993901453,33.3333333333,13.1441741292,1.0000000000,0.8480000000,250.0000000000,0,0,0,42,0
1994,100,0,3,100,100,0,0,0,0,0,100,100,0.0204352763,1.6789548691,33.3333333333,13.1441741292,1.0000000000,0.8480000000,250.0000000000,0,0,0,42,0
1995,100,0,3,100,100,0,0,0,0,0,100,100,0.0204352763,1.6585195928,33.3333333333,13.1441741292,1.0000000000,0.8480000000,250.0000000000,0,0,0,42,0
1996,100,0,6,100,100,0,0,1,106,782,100,100,0.0424898063,1.6160297865,16.6666666667,15.8577583838,1.0000000000,0.9768960000,217.0138888889,0,0,0,7,0
1997,100,0,6,100,100,0,0,0,0,0,100,100,0.0247402849,1.5912895016,16.6666666667,15.8577583838,1.0000000000,0.8480000000,250.0000000000,0,0,0,7,0
1998,100,0,6,100,100,0,0,0,0,0,100,100,0.0247402849,1.5665492166,16.6666666667,15.8577583838,1.0000000000,0.8480000000,250.0000000000,0,0,0,7,0
1999,100,0,6,100,100,0,0,0,0,0,100,100,0.0247402849,1.5418089317,16.6666666667,15.8577583838,1.0000000000,0.8480000000,250.0000000000,0,0,0,7,0
2000,100,0,6,100,100,0,0,0,0,0,100,100,0.0247402849,1.5170686468,16.6666666667,15.8577583838,1.0000000000,0.8480000000,250.0000000000,0,0,0,7,0
2001,100,0,1,100,100,0,0,1,101,297,100,100,0.0295613266,1.4875073201,100.0000000000,12.2961455764,1.0000000000,0.9708160000,218.3729975608,0,0,0,54,0
2002,100,0,1,100,100,0,0,0,0,0,100,100,0.0204084952,1.4670988249,100.0000000000,12.2961455764,1.0000000000,0.8480000000,250.0000000000,0,0,0,54,0
2003,100,0,1,100,100,0,0,0,0,0,100,100,0.0204084952,1.4466903297,100.0000000000,12.2961455764,1.0000000000,0.8480000000,250.0000000000,0,0,0,54,0
2004,100,0,1,100,100,0,0,0,1,98,100,100,0.0185008342,1.4281894954,100.0000000000,9.7521448702,1.0000000000,0.8492160000,249.6420227598,0,0,1,84,0
2005,100,0,1,100,100,0,0,0,0,0,100,100,0.0167839477,1.4114055477,100.0000000000,9.7521448702,1.0000000000,0.8480000000,250.0000000000,0,0,0,84,0
2006,100,0,1,100,100,0,0,1,101,297,100,100,0.0288782467,1.3825273009,100.0000000000,11.8721490693,1.0000000000,0.9708160000,218.3729975608,0,0,0,59,0
2007,100,0,1,100,100,0,0,0,0,0,100,100,0.0196736725,1.3628536285,100.0000000000,11.8721490693,1.0000000000,0.8480000000,250.0000000000,0,0,0,59,0
2008,100,0,1,100,100,0,0,0,0,0,100,100,0.0196736725,1.3431799560,100.0000000000,11.8721490693,1.0000000000,0.8480000000,250.0000000000,0,0,0,59,0
2009,100,0,1,100,100,0,0,0,1,98,100,100,0.0188930966,1.3242868594,100.0000000000,10.0913504019,1.0000000000,0.8492160000,249.6420227598,0,0,1,80,0
2010,100,0,1,100,99,1,0,0,0,0,99,99,0.0170502570,1.3072366024,100.0000000000,10.1076265449,0.9900000000,0.8395200000,250.0000000000,0,0,0,79,0
2011,100,0,1,100,99,1,0,1,101,297,99,99,0.0298443837,1.2773922187,100.0000000000,12.5060030273,0.9900000000,0.9623360000,218.0943038606,0,0,0,51,0
2012,100,0,1,100,99,1,0,0,0,0,99,99,0.0207298590,1.2566623598,100.0000000000,12.5060030273,0.9900000000,0.8395200000,250.0000000000,0,0,0,51,0
2013,100,0,1,100,98,2,0,0,1,98,98,98,0.0195458936,1.2371164661,100.0000000000,10.8164884256,0.9800000000,0.8322560000,249.6347277761,0,0,1,70,0
2014,100,0,1,100,98,2,0,0,0,0,98,98,0.0178356799,1.2192807862,100.0000000000,10.8164884256,0.9800000000,0.8310400000,250.0000000000,0,0,0,70,0
2015,100,0,1,100,98,2,0,0,0,0,98,98,0.0178356799,1.2014451063,100.0000000000,10.8164884256,0.9800000000,0.8310400000,250.0000000000,0,0,0,70,0
2016,98,2,1,98,97,1,0,1,99,291,97,97,0.0270169847,1.1744281216,98.0000000000,10.5782988733,0.9897959184,0.9429440000,218.0829402382,0,0,0,72,0
2017,98,2,1,98,97,1,0,0,0,0,97,97,0.0172067727,1.1572213489,98.0000000000,10.5782988733,0.9897959184,0.8225600000,250.0000000000,0,0,0,72,0
2018,98,2,1,98,97,1,0,0,1,96,97,97,0.0180047312,1.1392166177,98.0000000000,9.7914833303,0.9897959184,0.8237760000,249.6309676417,0,0,1,81,0
2019,98,2,1,98,97,1,0,0,0,0,97,97,0.0163350865,1.1228815312,98.0000000000,9.7914833303,0.9897959184,0.8225600000,250.0000000000,0,0,0,81,0
2020,98,2,1,98,96,2,0,0,0,0,96,96,0.0162168059,1.1066647254,98.0000000000,9.8051443058,0.9795918367,0.8140800000,250.0000000000,0,0,0,80,0
2021,96,4,1,96,94,2,0,1,97,285,94,94,0.0268654286,1.0797992968,96.0000000000,11.3669509761,0.9791666667,0.9150720000,217.7752133165,0,0,0,61,0
2022,96,4,1,96,94,2,0,0,0,0,94,94,0.0180132019,1.0617860948,96.0000000000,11.3669509761,0.9791666667,0.7971200000,250.0000000000,0,0,0,61,0
2023,96,4,1,96,94,2,0,0,1,93,94,94,0.0174886782,1.0442974166,96.0000000000,9.8333364979,0.9791666667,0.7983360000,249.6192079525,0,0,1,78,0
2024,96,4,1,96,94,2,0,0,0,0,94,94,0.0158607771,1.0284366395,96.0000000000,9.8333364979,0.9791666667,0.7971200000,250.0000000000,0,0,0,78,0
2025,96,4,1,96,93,3,0,0,0,0,93,93,0.0157060759,1.0127305636,96.0000000000,9.8478869838,0.9687500000,0.7886400000,250.0000000000,0,0,0,77,0
2026,94,6,1,94,93,1,0,1,95,280,93,93,0.0254133608,0.9873172028,94.0000000000,9.8478886802,0.9893617021,0.9041600000,218.0587506636,0,0,0,77,0
2027,94,6,1,94,92,2,0,0,0,0,92,92,0.0155907078,0.9717264950,94.0000000000,9.8627562999,0.9787234043,0.7801600000,250.0000000000,0,0,0,76,0
2028,94,6,1,94,91,3,0,0,0,0,91,91,0.0154035120,0.9563229831,94.0000000000,9.8779493103,0.9680851064,0.7716800000,250.0000000000,0,0,0,75,0
2029,94,6,1,94,91,3,0,0,0,0,91,91,0.0154035120,0.9409194711,94.0000000000,9.8779493103,0.9680851064,0.7716800000,250.0000000000,0,0,0,75,0
2030,94,6,1,94,91,3,0,0,0,0,91,91,0.0154035120,0.9255159591,94.0000000000,9.8779493103,0.9680851064,0.7716800000,250.0000000000,0,0,0,75,0
2031,91,9,1,91,91,0,0,1,94,275,91,91,0.0251560731,0.9003598860,91.0000000000,10.3438881314,1.0000000000,0.8859840000,217.7465958753,0,0,0,70,0
2032,91,9,1,91,90,1,0,0,0,0,90,90,0.0158113933,0.8845484927,91.0000000000,10.3645961308,0.9890109890,0.7632000000,250.0000000000,0,0,0,69,0
2033,91,9,1,91,90,1,0,0,0,0,90,90,0.0158113933,0.8687370994,91.0000000000,10.3645961308,0.9890109890,0.7632000000,250.0000000000,0,0,0,69,0
2034,91,9,1,91,89,2,0,0,0,0,89,89,0.0156545899,0.8530825095,91.0000000000,10.3857697373,0.9780219780,0.7547200000,250.0000000000,0,0,0,68,0
2035,91,9,1,91,88,3,0,0,1,89,88,88,0.0164035215,0.8366789880,91.0000000000,9.7328775019,0.9670329670,0.7474560000,249.5932870965,0,0,1,74,0
2036,88,12,1,88,87,1,0,1,90,265,87,87,0.0238119181,0.8128670699,88.0000000000,9.8447424198,0.9886363636,0.8472000000,217.7053824363,0,0,0,72,0
2037,88,12,1,88,87,1,0,0,0,0,87,87,0.0146390684,0.7982280014,88.0000000000,9.8447424198,0.9886363636,0.7377600000,250.0000000000,0,0,0,72,0
2038,88,12,1,88,86,2,0,0,0,0,86,86,0.0145110789,0.7837169225,88.0000000000,9.8606106193,0.9772727273,0.7292800000,250.0000000000,0,0,0,71,0
2039,88,12,1,88,86,2,0,0,0,0,86,86,0.0145110789,0.7692058435,88.0000000000,9.8606106193,0.9772727273,0.7292800000,250.0000000000,0,0,0,71,0
2040,88,12,1,88,85,3,0,0,0,0,85,85,0.0143771757,0.7548286678,88.0000000000,9.8768519769,0.9659090909,0.7208000000,250.0000000000,0,0,0,70,0
2041,86,14,1,86,85,1,0,1,88,339,85,85,0.0265009964,0.7283276715,86.0000000000,11.9719052944,0.9883720930,0.8278080000,217.6833275349,0,0,1,49,0
2042,86,14,1,86,85,1,0,0,0,0,85,85,0.0171869933,0.7111406781,86.0000000000,11.9719052944,0.9883720930,0.7208000000,250.0000000000,0,0,0,49,0
2043,86,14,1,86,85,1,0,0,0,0,85,85,0.0171869933,0.6939536848,86.0000000000,11.9719052944,0.9883720930,0.7208000000,250.0000000000,0,0,0,49,0
2044,86,14,1,86,85,1,0,0,1,84,85,85,0.0159179860,0.6780356988,86.0000000000,9.7770933745,0.9883720930,0.7220160000,249.5789566990,0,0,1,71,0
2045,86,14,1,86,85,1,0,0,0,0,85,85,0.0144090949,0.6636266039,86.0000000000,9.7770933745,0.9883720930,0.7208000000,250.0000000000,0,0,0,71,0
2046,84,16,1,84,83,1,0,1,85,249,83,83,0.0243628486,0.6392637553,84.0000000000,11.9538783273,0.9880952381,0.8072000000,217.9881070367,0,0,0,48,0
2047,84,16,1,84,82,2,0,0,1,82,82,82,0.0155769590,0.6236867964,84.0000000000,10.1347863024,0.9761904762,0.6965760000,249.5635795663,0,0,1,65,0
2048,84,16,1,84,82,2,0,0,0,0,82,82,0.0141185252,0.6095682712,84.0000000000,10.1347863024,0.9761904762,0.6953600000,250.0000000000,0,0,0,65,0
2049,84,16,1,84,81,3,0,0,0,0,81,81,0.0138672879,0.5957009833,84.0000000000,10.0505214048,0.9642857143,0.6868800000,250.0000000000,0,0,0,65,0
2050,84,16,1,84,81,3,0,0,0,0,81,81,0.0138672879,0.5818336954,84.0000000000,10.0505214048,0.9642857143,0.6868800000,250.0000000000,0,0,0,65,0
2051,83,17,1,83,80,3,0,1,84,247,80,80,0.0223334135,0.5595002819,83.0000000000,10.1761509573,0.9638554217,0.7805440000,217.2843555264,0,0,0,63,0
2052,83,17,1,83,80,3,0,0,0,0,80,80,0.0138640923,0.5456361896,83.0000000000,10.1761509573,0.9638554217,0.6784000000,250.0000000000,0,0,0,63,0
2053,83,17,1,83,80,3,0,0,1,80,80,80,0.0168352070,0.5288009826,83.0000000000,11.5541447377,0.9638554217,0.6796160000,249.5526885771,0,0,1,50,0
2054,83,17,1,83,80,3,0,0,0,0,80,80,0.0154589923,0.5133419903,83.0000000000,11.5541447377,0.9638554217,0.6784000000,250.0000000000,0,0,0,50,0
2055,83,17,1,83,79,4,0,0,1,80,79,79,0.0149165399,0.4984254505,83.0000000000,10.0902715095,0.9518072289,0.6711360000,249.5470366662,0,0,1,63,0
2056,79,21,1,79,79,0,0,1,82,314,79,79,0.0233475127,0.4750779377,79.0000000000,10.7343315056,1.0000000000,0.7696320000,217.6104943661,0,0,1,57,0
2057,79,21,1,79,77,2,0,0,0,0,77,77,0.0139342297,0.4611437080,79.0000000000,10.7928828951,0.9746835443,0.6529600000,250.0000000000,0,0,0,55,0
2058,79,21,1,79,75,4,0,0,1,77,75,75,0.0157997396,0.4453439684,79.0000000000,11.5329605684,0.9493670886,0.6372160000,249.5229247225,0,0,1,47,0
2059,79,21,1,79,74,5,0,0,0,0,74,74,0.0143453549,0.4309986135,79.0000000000,11.5742160394,0.9367088608,0.6275200000,250.0000000000,0,0,0,46,0
2060,79,21,1,79,72,7,0,0,1,77,72,72,0.0138404614,0.4171581520,79.0000000000,10.2468161458,0.9113924051,0.6117760000,249.5030860969,0,0,1,56,0
2061,73,27,1,73,70,3,0,1,75,287,70,70,0.0202399129,0.3969182391,73.0000000000,10.0550071587,0.9589041096,0.6848000000,216.7056074766,0,0,1,56,0
2062,73,27,1,73,69,4,0,0,0,0,69,69,0.0120137044,0.3849045347,73.0000000000,10.0778322254,0.9452054795,0.5851200000,250.0000000000,0,0,0,55,0
2063,73,27,1,73,67,6,0,0,1,70,67,67,0.0127601233,0.3721444114,73.0000000000,9.8723943836,0.9178082192,0.5693760000,249.4660821671,0,0,1,55,0
2064,73,27,1,73,66,7,0,0,0,0,66,66,0.0113675937,0.3607768177,73.0000000000,9.8934898697,0.9041095890,0.5596800000,250.0000000000,0,0,0,54,0
2065,73,27,1,73,65,8,0,0,1,70,65,65,0.0127454351,0.3480313826,73.0000000000,10.4370755193,0.8904109589,0.5524160000,249.4496900886,0,0,1,49,0
2066,67,33,1,67,63,4,0,1,70,262,63,63,0.0193725836,0.3286587990,67.0000000000,10.7684136906,0.9402985075,0.6193600000,215.6419529837,0,0,1,45,0
2067,67,33,1,67,61,6,0,0,1,61,61,61,0.0118797337,0.3167790652,67.0000000000,10.4263839069,0.9104477612,0.5184960000,249.4136888231,0,0,1,46,0
2068,67,33,1,67,61,6,0,0,1,60,61,61,0.0124406470,0.3043384183,67.0000000000,11.1214639276,0.9104477612,0.5184960000,249.4136888231,0,0,1,41,0
2069,67,33,1,67,61,6,0,0,1,60,61,61,0.0124137732,0.2919246451,67.0000000000,10.9824647219,0.9104477612,0.5184960000,249.4136888231,0,0,1,42,0
2070,67,33,1,67,61,6,0,0,1,60,61,61,0.0116334416,0.2802912035,67.0000000000,10.0093324361,0.9104477612,0.5184960000,249.4136888231,0,0,1,49,0
2071,60,40,1,60,59,1,0,1,62,236,59,59,0.0182536444,0.2620375591,60.0000000000,11.2110095126,0.9833333333,0.5757120000,217.2614084820,0,0,1,39,0
2072,60,40,1,60,57,3,0,0,0,0,57,57,0.0107024165,0.2513351426,60.0000000000,11.1580549777,0.9500000000,0.4833600000,250.0000000000,0,0,0,38,0
2073,60,40,1,60,56,4,0,0,0,0,56,56,0.0105445497,0.2407905929,60.0000000000,11.2058747619,0.9333333333,0.4748800000,250.0000000000,0,0,0,37,0
2074,59,41,1,60,37,23,0,0,0,0,41,41,0.0067426679,0.2340479250,1.0000000000,8.4801256081,0.6166666667,0.3476800000,225.6097560976,0,1,0,37,0
2075,59,41,0,59,55,4,0,0,0,0,55,55,0.0086019990,0.2254459260,0.0000000000,8.4801368921,0.9322033898,0.4664000000,250.0000000000,0,0,0,55,0
2076,55,45,1,55,54,1,0,1,56,164,54,54,0.0154183810,0.2100275450,55.0000000000,10.8357140199,0.9818181818,0.5260160000,217.6359654459,0,0,0,38,0
2077,55,45,1,55,54,1,0,0,0,0,54,54,0.0099149109,0.2001126341,55.0000000000,10.8357140199,0.9818181818,0.4579200000,250.0000000000,0,0,0,38,0
2078,54,46,1,55,39,16,0,0,0,0,50,50,0.0088380432,0.1912745909,52.0000000000,13.2637928633,0.7090909091,0.4240000000,195.0000000000,1,0,0,38,0
2079,54,46,1,54,52,2,0,0,0,0,52,52,0.0090044447,0.1822701462,54.0000000000,10.1109188027,0.9629629630,0.4409600000,250.0000000000,0,0,0,41,0
2080,54,46,1,54,52,2,0,0,0,0,52,52,0.0090044447,0.1732657015,54.0000000000,10.1109188027,0.9629629630,0.4409600000,250.0000000000,0,0,0,41,0
2081,52,48,1,52,50,2,0,1,54,156,50,50,0.0148652323,0.1584004693,52.0000000000,11.7025515102,0.9615384615,0.4896640000,216.4749705921,0,0,0,30,0
2082,51,49,1,52,30,22,0,0,0,0,48,48,0.0094248512,0.1489756180,47.0000000000,18.0909749289,0.5769230769,0.4070400000,156.2500000000,1,0,0,29,0
2083,51,49,1,51,47,4,0,0,0,0,47,47,0.0081650056,0.1408106124,51.0000000000,9.9235622971,0.9215686275,0.3985600000,250.0000000000,0,0,0,38,0
2084,51,49,1,51,46,5,0,0,0,0,46,46,0.0080243771,0.1327862353,51.0000000000,9.9549416466,0.9019607843,0.3900800000,250.0000000000,0,0,0,37,0
2085,51,49,1,51,45,6,0,0,0,0,45,45,0.0077754849,0.1250107503,51.0000000000,9.7992681014,0.8823529412,0.3816000000,250.0000000000,0,0,0,37,0
2086,47,53,1,47,45,2,0,1,48,139,45,45,0.0132120585,0.1117986918,47.0000000000,11.3068246176,0.9574468085,0.4399680000,216.8339515601,0,0,0,29,0
2087,46,54,1,47,30,17,0,0,0,0,41,41,0.0075417636,0.1042569282,43.0000000000,14.6988656079,0.6382978723,0.3476800000,182.9268292683,1,0,0,29,0
2088,46,54,1,46,43,3,0,0,0,0,43,43,0.0085294809,0.0957274473,46.0000000000,11.6355026895,0.9347826087,0.3646400000,250.0000000000,0,0,0,26,0
2089,45,55,1,46,26,20,0,0,0,0,42,42,0.0083730107,0.0873544367,1.0000000000,8.4801371222,0.5652173913,0.3561600000,154.7619047619,0,1,0,26,0
2090,45,55,0,45,41,4,0,0,0,0,41,41,0.0065536124,0.0808008243,0.0000000000,8.4801428648,0.9111111111,0.3476800000,250.0000000000,0,0,0,41,0
2091,40,60,1,40,38,2,0,1,42,120,38,38,0.0110530514,0.0697477729,40.0000000000,10.2654208534,0.9500000000,0.3733120000,215.7980456026,0,0,0,29,0
2092,40,60,1,40,36,4,0,0,0,0,36,36,0.0065478021,0.0631999708,40.0000000000,10.3646053877,0.9000000000,0.3052800000,250.0000000000,0,0,0,27,0
2093,39,61,1,40,28,12,0,0,0,0,30,30,0.0049606592,0.0582393116,38.0000000000,9.6915751100,0.7000000000,0.2544000000,233.3333333333,1,0,0,27,0
2094,39,61,1,39,35,4,0,0,0,0,35,35,0.0073001490,0.0509391626,39.0000000000,12.1144436057,0.8974358974,0.2968000000,250.0000000000,0,0,0,19,0
2095,38,62,1,39,19,20,0,0,0,0,30,30,0.0059616629,0.0449774997,1.0000000000,8.4801417383,0.4871794872,0.2544000000,158.3333333333,0,1,0,19,0
2096,33,67,1,33,28,5,0,1,35,99,28,28,0.0087279787,0.0362495210,33.0000000000,9.9944514077,0.8484848485,0.2800000000,212.0000000000,0,0,0,22,0
2097,33,67,1,33,27,6,0,0,0,0,27,27,0.0048517321,0.0313977890,33.0000000000,10.0505358075,0.8181818182,0.2289600000,250.0000000000,0,0,0,21,0
2098,32,68,1,33,20,13,0,0,0,0,22,22,0.0037258334,0.0276719555,27.0000000000,10.1761670405,0.6060606061,0.1865600000,227.2727272727,1,0,0,19,0
2099,32,68,1,32,22,10,0,0,0,0,22,22,0.0041226841,0.0235492715,32.0000000000,10.7928987142,0.6875000000,0.1865600000,250.0000000000,0,0,0,15,0
2100,32,68,1,32,20,12,0,0,0,0,20,20,0.0038380060,0.0197112655,32.0000000000,11.0241781236,0.6250000000,0.1696000000,250.0000000000,0,0,0,13,0
2101,24,76,1,24,18,6,0,1,25,73,18,18,0.0058883413,0.0138229242,24.0000000000,9.4223742479,0.7500000000,0.1830400000,208.4790209790,0,0,0,15,0
2102,24,76,1,24,17,7,0,0,0,0,17,17,0.0028774057,0.0109455185,24.0000000000,9.4777960147,0.7083333333,0.1441600000,250.0000000000,0,0,0,14,0
2103,23,77,1,24,11,13,0,0,0,0,13,13,0.0022390620,0.0087064566,19.0000000000,11.5637739718,0.4583333333,0.1102400000,211.5384615385,1,0,0,10,0
2104,23,77,1,23,11,12,0,0,0,0,11,11,0.0021826094,0.0065238472,23.0000000000,11.5637740384,0.4782608696,0.0932800000,250.0000000000,0,0,0,6,0
2105,23,77,1,23,8,15,0,0,0,0,8,8,0.0015545561,0.0049692911,23.0000000000,11.6601246937,0.3478260870,0.0678400000,250.0000000000,0,0,0,4,0
2106,13,87,1,13,7,6,0,1,15,40,7,7,0.0028062228,0.0021630683,13.0000000000,9.6915429803,0.5384615385,0.0776000000,191.2371134021,0,0,0,5,0
2107,12,88,1,13,3,10,0,0,0,0,4,4,0.0007553445,0.0014077238,12.0000000000,14.1335627196,0.2307692308,0.0339200000,187.5000000000,1,0,0,2,0
2108,11,89,1,12,1,11,0,0,0,0,2,2,0.0005490028,0.0008587210,1.0000000000,8.4801620024,0.0833333333,0.0169600000,125.0000000000,0,1,0,1,0
2109,11,89,0,11,2,9,0,0,0,0,2,2,0.0003262862,0.0005324347,0.0000000000,8.4801560721,0.1818181818,0.0169600000,250.0000000000,0,0,0,2,0
2110,11,89,0,11,0,11,0,0,0,0,0,0,0.0000000000,0.0005324347,0.0000000000,0.0000000000,0.0000000000,0.0000000000,0.0000000000,0,0,0,0,0
2111,7,93,0,9,0,9,0,1,0,0,0,0,0.0003336724,0.0001987623,0.0000000000,0.0000000000,0.0000000000,0.0000000000,0.0000000000,1,1,0,0,0
2112,7,93,0,7,0,7,0,0,0,0,0,0,0.0000000000,0.0001987623,0.0000000000,0.0000000000,0.0000000000,0.0000000000,0.0000000000,0,0,0,0,0
2113,7,93,0,7,0,7,0,0,0,0,0,0,0.0000000000,0.0001987623,0.0000000000,0.0000000000,0.0000000000,0.0000000000,0.0000000000,0,0,0,0,0
2114,7,93,0,7,0,7,0,0,0,0,0,0,0.0000000000,0.0001987623,0.0000000000,0.0000000000,0.0000000000,0.0000000000,0.0000000000,0,0,0,0,0
2115,7,93,0,7,0,7,0,0,0,0,0,0,0.0000000000,0.0001987623,0.0000000000,0.0000000000,0.0000000000,0.0000000000,0.0000000000,0,0,0,0,0
2116,0,100,0,0,0,0,0,1,0,0,0,0,0.0001987623,0.0000000000,0.0000000000,0.0000000000,0.0000000000,0.0000000000,0.0000000000,1,1,0,0,0
