Round,Alive,Dead,CH_Count,Generated,Delivered,Lost,Unclustered,Control_TX,Control_RX,Data_TX,Data_RX,Energy_Used_J,Residual_Energy_J,Avg_Cluster_Size,Avg_Delay_ms,PDR,Round_Duration_s,Throughput_kbps
1,100,0,2,100,100,0,0,102,394,101,101,0.0344521958,49.9451678042,50.0000000000,16.9607007758,1.0000000000,0.8896000000,224.8201438849
2,100,0,3,100,100,0,0,103,491,101,101,0.0326891170,49.9124786872,33.3333333333,18.0006074518,1.0000000000,0.8904000000,224.6181491465
3,100,0,1,100,100,0,0,101,297,100,100,0.0415200005,49.8709586867,100.0000000000,15.9208503264,1.0000000000,0.8808000000,227.0663033606
4,100,0,1,100,100,0,0,101,297,100,100,0.0325579170,49.8384007697,100.0000000000,15.9205634182,1.0000000000,0.8808000000,227.0663033606
5,100,0,5,100,100,0,0,105,685,103,103,0.0339773119,49.8044234578,20.0000000000,21.8405967030,1.0000000000,0.9080000000,220.2643171806
6,100,0,6,100,100,0,0,106,782,102,102,0.0345385959,49.7698848619,16.6666666667,20.3205678418,1.0000000000,0.9008000000,222.0248667851
7,100,0,5,100,100,0,0,105,685,103,103,0.0332922861,49.7365925758,20.0000000000,20.5606082432,1.0000000000,0.9080000000,220.2643171806
8,100,0,7,100,100,0,0,107,879,105,105,0.0371849318,49.6994076440,14.2857142857,22.4806066389,1.0000000000,0.9256000000,216.0760587727
9,100,0,11,100,100,0,0,111,1267,107,107,0.0422198546,49.6571877894,9.0909090909,21.6805849619,1.0000000000,0.9448000000,211.6850127011
10,100,0,1,100,100,0,0,101,297,100,100,0.0321471633,49.6250406261,100.0000000000,15.9206166557,1.0000000000,0.8808000000,227.0663033606
11,100,0,1,100,100,0,0,101,297,100,100,0.0314357913,49.5936048347,100.0000000000,15.9206213107,1.0000000000,0.8808000000,227.0663033606
12,100,0,1,100,100,0,0,101,297,100,100,0.0335480708,49.5600567639,100.0000000000,15.9205544990,1.0000000000,0.8808000000,227.0663033606
13,100,0,1,100,100,0,0,101,297,100,100,0.0315502223,49.5285065416,100.0000000000,15.9206925982,1.0000000000,0.8808000000,227.0663033606
14,100,0,1,100,100,0,0,101,297,100,100,0.0321652129,49.4963413288,100.0000000000,15.9206406374,1.0000000000,0.8808000000,227.0663033606
15,100,0,1,100,100,0,0,101,297,100,100,0.0312466374,49.4650946914,100.0000000000,15.9205861993,1.0000000000,0.8808000000,227.0663033606
16,100,0,3,100,100,0,0,103,491,102,102,0.0334420926,49.4316525989,33.3333333333,22.4006903129,1.0000000000,0.8984000000,222.6179875334
17,100,0,3,100,100,0,0,103,491,101,101,0.0323334907,49.3993191082,33.3333333333,21.0406389470,1.0000000000,0.8904000000,224.6181491465
18,100,0,10,100,100,0,0,109,1170,105,105,0.0413215486,49.3579975596,10.0000000000,21.2005718744,1.0000000000,0.9272000000,215.7031924072
19,100,0,9,100,100,0,0,109,1073,104,104,0.0394568559,49.3185407037,11.1111111111,21.2806075558,1.0000000000,0.9192000000,217.5805047868
20,100,0,1,100,100,0,0,101,297,100,100,0.0320442306,49.2864964731,100.0000000000,15.9206826420,1.0000000000,0.8808000000,227.0663033606
21,100,0,1,100,100,0,0,101,297,100,100,0.0378585976,49.2486378754,100.0000000000,15.9207861042,1.0000000000,0.8808000000,227.0663033606
22,100,0,3,100,100,0,0,103,491,101,101,0.0339167071,49.2147211684,33.3333333333,20.7205804036,1.0000000000,0.8904000000,224.6181491465
23,100,0,2,100,100,0,0,102,394,101,101,0.0331597224,49.1815614460,50.0000000000,21.2006726858,1.0000000000,0.8896000000,224.8201438849
24,100,0,1,100,100,0,0,101,297,100,100,0.0313034570,49.1502579889,100.0000000000,15.9206819323,1.0000000000,0.8808000000,227.0663033606
25,100,0,1,100,100,0,0,101,297,100,100,0.0312431902,49.1190147987,100.0000000000,15.9206850647,1.0000000000,0.8808000000,227.0663033606
26,100,0,3,100,100,0,0,103,491,102,102,0.0336405565,49.0853742422,33.3333333333,18.4006207263,1.0000000000,0.8984000000,222.6179875334
27,100,0,2,100,100,0,0,102,394,100,100,0.0308673462,49.0545068960,50.0000000000,15.8405707736,1.0000000000,0.8816000000,226.8602540835
28,100,0,10,100,100,0,0,109,1170,107,107,0.0410659075,49.0134409885,10.0000000000,21.1205966290,1.0000000000,0.9432000000,212.0441051739
29,100,0,14,100,100,0,0,114,1558,111,111,0.0479259442,48.9655150442,7.1428571429,21.2005909420,1.0000000000,0.9792000000,204.2483660131
30,100,0,1,100,100,0,0,101,297,100,100,0.0320968380,48.9334182062,100.0000000000,15.9207112843,1.0000000000,0.8808000000,227.0663033606
31,100,0,1,100,100,0,0,101,297,100,100,0.0353224571,48.8980957491,100.0000000000,15.9206293563,1.0000000000,0.8808000000,227.0663033606
32,100,0,1,100,100,0,0,101,297,100,100,0.0318493257,48.8662464235,100.0000000000,15.9206738463,1.0000000000,0.8808000000,227.0663033606
33,100,0,1,100,100,0,0,101,297,100,100,0.0305479661,48.8356984573,100.0000000000,15.9206567029,1.0000000000,0.8808000000,227.0663033606
34,100,0,1,100,100,0,0,101,297,100,100,0.0308379659,48.8048604915,100.0000000000,15.9205872317,1.0000000000,0.8808000000,227.0663033606
35,100,0,4,100,100,0,0,104,588,103,103,0.0339193733,48.7709411182,25.0000000000,23.2806707253,1.0000000000,0.9072000000,220.4585537919
36,100,0,6,100,100,0,0,106,782,104,104,0.0353436634,48.7355974547,16.6666666667,22.4006212981,1.0000000000,0.9168000000,218.1500872600
37,100,0,3,100,100,0,0,103,491,102,102,0.0321582231,48.7034392316,33.3333333333,20.7206158358,1.0000000000,0.8984000000,222.6179875334
38,100,0,3,100,100,0,0,103,491,101,101,0.0326515081,48.6707877235,33.3333333333,18.1605810618,1.0000000000,0.8904000000,224.6181491465
39,100,0,17,100,100,0,0,117,1849,112,112,0.0520243180,48.6187634055,5.8823529412,21.2805990286,1.0000000000,0.9896000000,202.1018593371
40,100,0,2,100,100,0,0,102,394,101,101,0.0321237352,48.5866396703,50.0000000000,22.9606522568,1.0000000000,0.8896000000,224.8201438849
41,100,0,1,100,100,0,0,101,297,100,100,0.0305941385,48.5560455318,100.0000000000,15.9206220935,1.0000000000,0.8808000000,227.0663033606
42,100,0,3,100,100,0,0,103,491,102,102,0.0312678848,48.5247776470,33.3333333333,20.8006545715,1.0000000000,0.8984000000,222.6179875334
43,100,0,1,100,100,0,0,101,297,100,100,0.0312753874,48.4935022596,100.0000000000,15.9205775852,1.0000000000,0.8808000000,227.0663033606
44,100,0,1,100,100,0,0,101,297,100,100,0.0358342586,48.4576680010,100.0000000000,15.9208054875,1.0000000000,0.8808000000,227.0663033606
45,100,0,1,100,100,0,0,101,297,100,100,0.0351773864,48.4224906147,100.0000000000,15.9206102097,1.0000000000,0.8808000000,227.0663033606
46,100,0,1,100,100,0,0,101,297,100,100,0.0308379659,48.3916526488,100.0000000000,15.9205872317,1.0000000000,0.8808000000,227.0663033606
47,100,0,3,100,100,0,0,103,491,102,102,0.0318876837,48.3597649651,33.3333333333,23.1206067612,1.0000000000,0.8984000000,222.6179875334
48,100,0,4,100,100,0,0,104,588,102,102,0.0333209229,48.3264440421,25.0000000000,19.8405883752,1.0000000000,0.8992000000,222.4199288256
49,100,0,10,100,100,0,0,110,1170,107,107,0.0414149984,48.2850290437,10.0000000000,21.2805900357,1.0000000000,0.9440000000,211.8644067797
50,100,0,1,100,100,0,0,101,297,100,100,0.0356030968,48.2494259469,100.0000000000,15.9205750875,1.0000000000,0.8808000000,227.0663033606
51,100,0,1,100,100,0,0,101,297,100,100,0.0309148192,48.2185111276,100.0000000000,15.9206165884,1.0000000000,0.8808000000,227.0663033606
52,100,0,1,100,100,0,0,101,297,100,100,0.0303523455,48.1881587821,100.0000000000,15.9206217044,1.0000000000,0.8808000000,227.0663033606
53,100,0,2,100,100,0,0,102,394,100,100,0.0378351441,48.1503236380,50.0000000000,15.8405849218,1.0000000000,0.8816000000,226.8602540835
54,100,0,2,100,100,0,0,102,394,100,100,0.0340469660,48.1162766720,50.0000000000,15.8405652081,1.0000000000,0.8816000000,226.8602540835
55,100,0,2,100,100,0,0,102,394,100,100,0.0326951272,48.0835815448,50.0000000000,15.8405385782,1.0000000000,0.8816000000,226.8602540835
56,100,0,3,100,100,0,0,103,491,101,101,0.0328831783,48.0506983665,33.3333333333,17.8405936240,1.0000000000,0.8904000000,224.6181491465
57,100,0,2,100,100,0,0,102,394,101,101,0.0321918121,48.0185065544,50.0000000000,23.1206633275,1.0000000000,0.8896000000,224.8201438849
58,100,0,7,100,100,0,0,107,879,105,105,0.0391752057,47.9793313487,14.2857142857,20.8006056225,1.0000000000,0.9256000000,216.0760587727
59,100,0,14,100,100,0,0,114,1558,112,112,0.0471814145,47.9321499342,7.1428571429,22.0005636111,1.0000000000,0.9872000000,202.5931928687
60,100,0,1,100,100,0,0,101,297,100,100,0.0324974764,47.8996524577,100.0000000000,15.9207316470,1.0000000000,0.8808000000,227.0663033606
61,100,0,1,100,100,0,0,101,297,100,100,0.0382063819,47.8614460759,100.0000000000,15.9208184419,1.0000000000,0.8808000000,227.0663033606
62,100,0,1,100,100,0,0,101,297,100,100,0.0378585976,47.8235874782,100.0000000000,15.9207861042,1.0000000000,0.8808000000,227.0663033606
63,100,0,2,100,100,0,0,102,394,101,101,0.0324465075,47.7911409707,50.0000000000,19.6007144476,1.0000000000,0.8896000000,224.8201438849
64,100,0,1,100,100,0,0,101,297,100,100,0.0339499475,47.7571910232,100.0000000000,15.9207464073,1.0000000000,0.8808000000,227.0663033606
65,100,0,4,100,100,0,0,104,588,101,101,0.0344928729,47.7226981504,25.0000000000,19.1205592973,1.0000000000,0.8912000000,224.4165170557
66,100,0,1,100,100,0,0,101,297,100,100,0.0337935629,47.6889045875,100.0000000000,15.9207398053,1.0000000000,0.8808000000,227.0663033606
67,100,0,5,100,100,0,0,105,685,103,103,0.0351300732,47.6537745143,20.0000000000,22.4805751239,1.0000000000,0.9080000000,220.2643171806
68,100,0,9,100,100,0,0,109,1073,106,106,0.0400479051,47.6137266092,11.1111111111,21.6005695698,1.0000000000,0.9352000000,213.8579982891
69,100,0,10,100,100,0,0,110,1170,107,107,0.0423534518,47.5713731574,10.0000000000,20.4006244042,1.0000000000,0.9440000000,211.8644067797
70,100,0,1,100,100,0,0,101,297,100,100,0.0361197134,47.5352534440,100.0000000000,15.9208169515,1.0000000000,0.8808000000,227.0663033606
71,100,0,1,100,100,0,0,101,297,100,100,0.0305941385,47.5046593054,100.0000000000,15.9206220935,1.0000000000,0.8808000000,227.0663033606
72,100,0,1,100,100,0,0,101,297,100,100,0.0369013478,47.4677579576,100.0000000000,15.9208307162,1.0000000000,0.8808000000,227.0663033606
73,100,0,2,100,100,0,0,102,394,101,101,0.0307778182,47.4369801394,50.0000000000,20.1606465262,1.0000000000,0.8896000000,224.8201438849
74,100,0,1,100,100,0,0,101,297,100,100,0.0360657911,47.4009143484,100.0000000000,15.9205443948,1.0000000000,0.8808000000,227.0663033606
75,100,0,1,100,100,0,0,101,297,100,100,0.0351773864,47.3657369620,100.0000000000,15.9206102097,1.0000000000,0.8808000000,227.0663033606
76,100,0,4,100,100,0,0,104,588,103,103,0.0327538424,47.3329831196,25.0000000000,22.8806338945,1.0000000000,0.9072000000,220.4585537919
77,100,0,1,100,100,0,0,101,297,100,100,0.0321471633,47.3008359564,100.0000000000,15.9206166557,1.0000000000,0.8808000000,227.0663033606
78,100,0,8,100,100,0,0,108,976,107,107,0.0381476348,47.2626883216,12.5000000000,22.8806024338,1.0000000000,0.9424000000,212.2241086587
79,100,0,9,100,100,0,0,109,1073,108,108,0.0405637219,47.2221245996,11.1111111111,22.4005954709,1.0000000000,0.9512000000,210.2607232969
80,100,0,1,100,100,0,0,101,297,100,100,0.0333226550,47.1888019446,100.0000000000,15.9207304187,1.0000000000,0.8808000000,227.0663033606
81,100,0,1,100,100,0,0,101,297,100,100,0.0370486141,47.1517533305,100.0000000000,15.9208339969,1.0000000000,0.8808000000,227.0663033606
82,100,0,1,100,100,0,0,101,297,100,100,0.0315374191,47.1202159114,100.0000000000,15.9206172794,1.0000000000,0.8808000000,227.0663033606
83,100,0,3,100,100,0,0,103,491,102,102,0.0438690101,47.0763469013,33.3333333333,18.8007955813,1.0000000000,0.8984000000,222.6179875334
84,100,0,2,100,100,0,0,102,394,101,101,0.0313138330,47.0450330684,50.0000000000,22.8006364253,1.0000000000,0.8896000000,224.8201438849
85,100,0,2,100,100,0,0,102,394,101,101,0.0313545075,47.0136785609,50.0000000000,19.0406108659,1.0000000000,0.8896000000,224.8201438849
86,100,0,3,100,100,0,0,103,491,101,101,0.0340590776,46.9796194832,33.3333333333,21.9206268263,1.0000000000,0.8904000000,224.6181491465
87,100,0,3,100,100,0,0,103,491,102,102,0.0328330725,46.9467864107,33.3333333333,20.5606602322,1.0000000000,0.8984000000,222.6179875334
88,100,0,5,100,100,0,0,105,685,102,102,0.0346621319,46.9121242787,20.0000000000,20.4006275512,1.0000000000,0.9000000000,222.2222222222
89,100,0,11,100,100,0,0,111,1267,109,109,0.0423517479,46.8697725308,9.0909090909,21.8405793920,1.0000000000,0.9608000000,208.1598667777
90,100,0,1,100,100,0,0,101,297,100,100,0.0373067561,46.8324657746,100.0000000000,15.9208247396,1.0000000000,0.8808000000,227.0663033606
91,100,0,2,100,100,0,0,102,394,100,100,0.0312192223,46.8012465523,50.0000000000,15.8405826097,1.0000000000,0.8816000000,226.8602540835
92,100,0,1,100,100,0,0,101,297,100,100,0.0321192781,46.7691272742,100.0000000000,15.9206141271,1.0000000000,0.8808000000,227.0663033606
93,100,0,1,100,100,0,0,101,297,100,100,0.0314357913,46.7376914829,100.0000000000,15.9206213107,1.0000000000,0.8808000000,227.0663033606
94,100,0,2,100,100,0,0,102,394,101,101,0.0320148681,46.7056766148,50.0000000000,23.1206483751,1.0000000000,0.8896000000,224.8201438849
95,100,0,4,100,100,0,0,104,588,101,101,0.0341846243,46.6714919905,25.0000000000,19.2806158150,1.0000000000,0.8912000000,224.4165170557
96,100,0,4,100,100,0,0,104,588,103,103,0.0333514190,46.6381405715,25.0000000000,22.4806192993,1.0000000000,0.9072000000,220.4585537919
97,100,0,1,100,100,0,0,101,297,100,100,0.0312753874,46.6068651841,100.0000000000,15.9205775852,1.0000000000,0.8808000000,227.0663033606
98,100,0,5,100,100,0,0,105,685,103,103,0.0358075750,46.5710576091,20.0000000000,20.0806010836,1.0000000000,0.9080000000,220.2643171806
99,100,0,6,100,100,0,0,106,782,102,102,0.0357314506,46.5353261585,16.6666666667,21.5205621062,1.0000000000,0.9008000000,222.0248667851
100,100,0,1,100,100,0,0,101,297,100,100,0.0302893698,46.5050367887,100.0000000000,15.9206380434,1.0000000000,0.8808000000,227.0663033606
101,100,0,1,100,100,0,0,101,297,100,100,0.0413263690,46.4637104197,100.0000000000,15.9208414561,1.0000000000,0.8808000000,227.0663033606
102,100,0,1,100,100,0,0,101,297,100,100,0.0351773864,46.4285330334,100.0000000000,15.9206102097,1.0000000000,0.8808000000,227.0663033606
103,100,0,3,100,100,0,0,103,491,102,102,0.0308612281,46.3976718053,33.3333333333,21.7606029503,1.0000000000,0.8984000000,222.6179875334
104,100,0,2,100,100,0,0,102,394,101,101,0.0305745223,46.3670972830,50.0000000000,20.0006202991,1.0000000000,0.8896000000,224.8201438849
105,100,0,1,100,100,0,0,101,297,100,100,0.0323556381,46.3347416449,100.0000000000,15.9205949318,1.0000000000,0.8808000000,227.0663033606
106,100,0,2,100,100,0,0,102,394,101,101,0.0324090971,46.3023325478,50.0000000000,19.9206333845,1.0000000000,0.8896000000,224.8201438849
107,100,0,5,100,100,0,0,105,685,103,103,0.0339814738,46.2683510740,20.0000000000,22.0005782621,1.0000000000,0.9080000000,220.2643171806
108,100,0,5,100,100,0,0,105,685,103,103,0.0343492901,46.2340017840,20.0000000000,22.0806316264,1.0000000000,0.9080000000,220.2643171806
109,100,0,11,100,100,0,0,111,1267,109,109,0.0439765019,46.1900252821,9.0909090909,21.8406052065,1.0000000000,0.9608000000,208.1598667777
110,100,0,2,100,100,0,0,102,394,100,100,0.0326338531,46.1573914290,50.0000000000,15.8405692915,1.0000000000,0.8816000000,226.8602540835
111,100,0,1,100,100,0,0,101,297,100,100,0.0413252605,46.1160661685,100.0000000000,15.9206165664,1.0000000000,0.8808000000,227.0663033606
112,100,0,1,100,100,0,0,101,297,100,100,0.0382277467,46.0778384218,100.0000000000,15.9207801806,1.0000000000,0.8808000000,227.0663033606
113,100,0,1,100,100,0,0,101,297,100,100,0.0414568151,46.0363816066,100.0000000000,15.9208631031,1.0000000000,0.8808000000,227.0663033606
114,100,0,3,100,100,0,0,103,491,102,102,0.0313713126,46.0050102940,33.3333333333,22.6405947607,1.0000000000,0.8984000000,222.6179875334
115,100,0,1,100,100,0,0,101,297,100,100,0.0347332094,45.9702770846,100.0000000000,15.9206611141,1.0000000000,0.8808000000,227.0663033606
116,100,0,3,100,100,0,0,103,491,102,102,0.0373273474,45.9329497372,33.3333333333,18.3207018560,1.0000000000,0.8984000000,222.6179875334
117,100,0,3,100,100,0,0,103,491,101,101,0.0324849547,45.9004647825,33.3333333333,19.9206146219,1.0000000000,0.8904000000,224.6181491465
118,100,0,7,100,100,0,0,107,879,106,106,0.0358870184,45.8645777641,14.2857142857,23.2005824460,1.0000000000,0.9336000000,214.2245072836
119,100,0,8,100,100,0,0,108,976,107,107,0.0383687658,45.8262089983,12.5000000000,22.7206289720,1.0000000000,0.9424000000,212.2241086587
120,100,0,3,100,100,0,0,103,491,102,102,0.0320457946,45.7941632036,33.3333333333,21.7607171451,1.0000000000,0.8984000000,222.6179875334
121,100,0,2,100,100,0,0,102,394,101,101,0.0304587480,45.7637044556,50.0000000000,19.1206070078,1.0000000000,0.8896000000,224.8201438849
122,100,0,2,100,100,0,0,102,394,101,101,0.0308054416,45.7328990140,50.0000000000,20.0006252478,1.0000000000,0.8896000000,224.8201438849
123,100,0,1,100,100,0,0,101,297,100,100,0.0351457672,45.6977532468,100.0000000000,15.9207597531,1.0000000000,0.8808000000,227.0663033606
124,100,0,2,100,100,0,0,102,394,101,101,0.0345238874,45.6632293594,50.0000000000,20.9607722019,1.0000000000,0.8896000000,224.8201438849
125,100,0,4,100,100,0,0,104,588,102,102,0.0325422649,45.6306870945,25.0000000000,20.1605647760,1.0000000000,0.8992000000,222.4199288256
126,100,0,4,100,100,0,0,104,588,101,101,0.0340021749,45.5966849196,25.0000000000,18.6405807456,1.0000000000,0.8912000000,224.4165170557
127,100,0,2,100,100,0,0,102,394,101,101,0.0313370018,45.5653479178,50.0000000000,19.1206308910,1.0000000000,0.8896000000,224.8201438849
128,100,0,2,100,100,0,0,102,394,101,101,0.0314472945,45.5339006233,50.0000000000,20.0807231849,1.0000000000,0.8896000000,224.8201438849
129,100,0,12,100,100,0,0,111,1364,107,107,0.0434825711,45.4904180523,8.3333333333,21.2005616027,1.0000000000,0.9448000000,211.6850127011
130,100,0,1,100,100,0,0,101,297,100,100,0.0309265577,45.4594914946,100.0000000000,15.9206018499,1.0000000000,0.8808000000,227.0663033606
131,100,0,1,100,100,0,0,101,297,100,100,0.0390543728,45.4204371218,100.0000000000,15.9208468048,1.0000000000,0.8808000000,227.0663033606
132,100,0,1,100,100,0,0,101,297,100,100,0.0367197874,45.3837173344,100.0000000000,15.9208194089,1.0000000000,0.8808000000,227.0663033606
133,100,0,1,100,100,0,0,101,297,100,100,0.0378585976,45.3458587368,100.0000000000,15.9207861042,1.0000000000,0.8808000000,227.0663033606
134,100,0,3,100,100,0,0,103,491,101,101,0.0320113246,45.3138474121,33.3333333333,20.0806054685,1.0000000000,0.8904000000,224.6181491465
135,100,0,2,100,100,0,0,102,394,101,101,0.0308932202,45.2829541919,50.0000000000,20.8807222256,1.0000000000,0.8896000000,224.8201438849
136,100,0,3,100,100,0,0,103,491,101,101,0.0330038102,45.2499503817,33.3333333333,19.4406790173,1.0000000000,0.8904000000,224.6181491465
137,100,0,3,100,100,0,0,103,491,102,102,0.0329809991,45.2169693826,33.3333333333,19.7606719449,1.0000000000,0.8984000000,222.6179875334
138,100,0,5,100,100,0,0,105,685,102,102,0.0353800528,45.1815893298,20.0000000000,21.0406025821,1.0000000000,0.9000000000,222.2222222222
139,100,0,13,100,100,0,0,111,1461,109,109,0.0458987628,45.1356905670,7.6923076923,21.4405608246,1.0000000000,0.9608000000,208.1598667777
140,100,0,1,100,100,0,0,101,297,100,100,0.0330928727,45.1025976943,100.0000000000,15.9205645115,1.0000000000,0.8808000000,227.0663033606
141,100,0,1,100,100,0,0,101,297,100,100,0.0343097116,45.0682879827,100.0000000000,15.9207102456,1.0000000000,0.8808000000,227.0663033606
142,100,0,1,100,100,0,0,101,297,100,100,0.0389886538,45.0292993288,100.0000000000,15.9208444747,1.0000000000,0.8808000000,227.0663033606
143,100,0,1,100,100,0,0,101,297,100,100,0.0358976169,44.9934017119,100.0000000000,15.9208131574,1.0000000000,0.8808000000,227.0663033606
144,100,0,1,100,100,0,0,101,297,100,100,0.0370895643,44.9563121476,100.0000000000,15.9207106889,1.0000000000,0.8808000000,227.0663033606
145,100,0,3,100,100,0,0,103,491,101,101,0.0313906763,44.9249214714,33.3333333333,19.6805873816,1.0000000000,0.8904000000,224.6181491465
146,100,0,3,100,100,0,0,103,491,102,102,0.0358869763,44.8890344950,33.3333333333,19.9207206517,1.0000000000,0.8984000000,222.6179875334
147,100,0,3,100,100,0,0,103,491,101,101,0.0327817277,44.8562527674,33.3333333333,19.0406273738,1.0000000000,0.8904000000,224.6181491465
148,100,0,3,100,100,0,0,103,491,102,102,0.0310911936,44.8251615738,33.3333333333,22.8005684457,1.0000000000,0.8984000000,222.6179875334
149,100,0,7,100,100,0,0,107,879,103,103,0.0394361606,44.7857254132,14.2857142857,19.1206272298,1.0000000000,0.9096000000,219.8768689534
150,100,0,1,100,100,0,0,101,297,100,100,0.0381990727,44.7475263405,100.0000000000,15.9208371771,1.0000000000,0.8808000000,227.0663033606
151,100,0,1,100,100,0,0,101,297,100,100,0.0420827118,44.7054436287,100.0000000000,15.9206262240,1.0000000000,0.8808000000,227.0663033606
152,100,0,1,100,100,0,0,101,297,100,100,0.0402567950,44.6651868337,100.0000000000,15.9208534513,1.0000000000,0.8808000000,227.0663033606
153,100,0,3,100,100,0,0,103,491,101,101,0.0342815096,44.6309053241,33.3333333333,19.9206483267,1.0000000000,0.8904000000,224.6181491465
154,100,0,4,100,100,0,0,104,588,101,101,0.0338381227,44.5970672014,25.0000000000,17.3605768296,1.0000000000,0.8912000000,224.4165170557
155,100,0,3,100,100,0,0,103,491,102,102,0.0333515206,44.5637156807,33.3333333333,22.6407211575,1.0000000000,0.8984000000,222.6179875334
156,100,0,4,100,100,0,0,104,588,101,101,0.0346341044,44.5290815763,25.0000000000,19.8405476589,1.0000000000,0.8912000000,224.4165170557
157,100,0,3,100,100,0,0,103,491,102,102,0.0322969354,44.4967846409,33.3333333333,20.9606330120,1.0000000000,0.8984000000,222.6179875334
158,100,0,3,100,100,0,0,103,491,102,102,0.0330537296,44.4637309113,33.3333333333,21.1206406871,1.0000000000,0.8984000000,222.6179875334
159,100,0,10,100,100,0,0,110,1170,106,106,0.0403963506,44.4233345607,10.0000000000,21.2005741710,1.0000000000,0.9360000000,213.6752136752
160,100,0,1,100,100,0,0,101,297,100,100,0.0329796506,44.3903549101,100.0000000000,15.9207083323,1.0000000000,0.8808000000,227.0663033606
161,100,0,1,100,100,0,0,101,297,100,100,0.0367197874,44.3536351227,100.0000000000,15.9208194089,1.0000000000,0.8808000000,227.0663033606
162,100,0,1,100,100,0,0,101,297,100,100,0.0386188881,44.3150162346,100.0000000000,15.9208582013,1.0000000000,0.8808000000,227.0663033606
163,100,0,3,100,100,0,0,103,491,101,101,0.0311629327,44.2838533018,33.3333333333,19.6006302280,1.0000000000,0.8904000000,224.6181491465
164,100,0,1,100,100,0,0,101,297,100,100,0.0406735152,44.2431797866,100.0000000000,15.9208404568,1.0000000000,0.8808000000,227.0663033606
165,100,0,1,100,100,0,0,101,297,100,100,0.0308228432,44.2123569435,100.0000000000,15.9205922378,1.0000000000,0.8808000000,227.0663033606
166,100,0,2,100,100,0,0,102,394,101,101,0.0314910512,44.1808658923,50.0000000000,19.5206840063,1.0000000000,0.8896000000,224.8201438849
167,100,0,2,100,100,0,0,102,394,101,101,0.0325943982,44.1482714941,50.0000000000,18.0806288729,1.0000000000,0.8896000000,224.8201438849
168,100,0,5,100,100,0,0,105,685,103,103,0.0343494580,44.1139220361,20.0000000000,21.2006349770,1.0000000000,0.9080000000,220.2643171806
169,100,0,12,100,100,0,0,110,1364,111,111,0.0450755751,44.0688464610,8.3333333333,22.0805941493,1.0000000000,0.9760000000,204.9180327869
170,100,0,1,100,100,0,0,101,297,100,100,0.0356030968,44.0332433642,100.0000000000,15.9205750875,1.0000000000,0.8808000000,227.0663033606
171,100,0,1,100,100,0,0,101,297,100,100,0.0335480708,43.9996952933,100.0000000000,15.9205544990,1.0000000000,0.8808000000,227.0663033606
172,100,0,4,100,100,0,0,104,588,102,102,0.0337358763,43.9659594171,25.0000000000,19.8405845528,1.0000000000,0.8992000000,222.4199288256
173,100,0,1,100,100,0,0,101,297,100,100,0.0346833207,43.9312760964,100.0000000000,15.9207464110,1.0000000000,0.8808000000,227.0663033606
174,100,0,1,100,100,0,0,101,297,100,100,0.0308379659,43.9004381305,100.0000000000,15.9205872317,1.0000000000,0.8808000000,227.0663033606
175,100,0,2,100,100,0,0,102,394,100,100,0.0330140836,43.8674240469,50.0000000000,15.8405402320,1.0000000000,0.8816000000,226.8602540835
176,100,0,1,100,100,0,0,101,297,100,100,0.0389886538,43.8284353931,100.0000000000,15.9208444747,1.0000000000,0.8808000000,227.0663033606
177,100,0,2,100,100,0,0,102,394,101,101,0.0324560832,43.7959793099,50.0000000000,20.7207146589,1.0000000000,0.8896000000,224.8201438849
178,100,0,1,100,100,0,0,101,297,100,100,0.0376476260,43.7583316838,100.0000000000,15.9206097504,1.0000000000,0.8808000000,227.0663033606
179,100,0,9,100,100,0,0,108,1073,106,106,0.0403306258,43.7180010580,11.1111111111,21.6005683511,1.0000000000,0.9344000000,214.0410958904
180,100,0,1,100,100,0,0,101,297,100,100,0.0384983829,43.6795026751,100.0000000000,15.9208153785,1.0000000000,0.8808000000,227.0663033606
181,100,0,1,100,100,0,0,101,297,100,100,0.0427954737,43.6367072014,100.0000000000,15.9208792373,1.0000000000,0.8808000000,227.0663033606
182,100,0,1,100,100,0,0,101,297,100,100,0.0392387359,43.5974684655,100.0000000000,15.9208492485,1.0000000000,0.8808000000,227.0663033606
183,100,0,2,100,100,0,0,102,394,100,100,0.0323574665,43.5651109990,50.0000000000,15.8405467725,1.0000000000,0.8816000000,226.8602540835
184,100,0,2,100,100,0,0,102,394,100,100,0.0314552218,43.5336557772,50.0000000000,15.8405582222,1.0000000000,0.8816000000,226.8602540835
185,100,0,2,100,100,0,0,102,394,101,101,0.0326170122,43.5010387650,50.0000000000,22.6406354781,1.0000000000,0.8896000000,224.8201438849
186,100,0,1,100,100,0,0,101,297,100,100,0.0391965338,43.4618422312,100.0000000000,15.9208433420,1.0000000000,0.8808000000,227.0663033606
187,100,0,4,100,100,0,0,104,588,102,102,0.0334992012,43.4283430300,25.0000000000,20.0806031372,1.0000000000,0.8992000000,222.4199288256
188,100,0,2,100,100,0,0,102,394,101,101,0.0323513187,43.3959917113,50.0000000000,23.1206161876,1.0000000000,0.8896000000,224.8201438849
189,100,0,10,100,100,0,0,110,1170,106,106,0.0427750982,43.3532166130,10.0000000000,20.5606018080,1.0000000000,0.9360000000,213.6752136752
190,100,0,2,100,100,0,0,102,394,101,101,0.0318740736,43.3213425394,50.0000000000,21.2806102942,1.0000000000,0.8896000000,224.8201438849
191,100,0,1,100,100,0,0,101,297,100,100,0.0370895643,43.2842529751,100.0000000000,15.9207106889,1.0000000000,0.8808000000,227.0663033606
192,100,0,1,100,100,0,0,101,297,100,100,0.0351457672,43.2491072080,100.0000000000,15.9207597531,1.0000000000,0.8808000000,227.0663033606
193,100,0,1,100,100,0,0,101,297,100,100,0.0383274336,43.2107797744,100.0000000000,15.9208313135,1.0000000000,0.8808000000,227.0663033606
194,100,0,3,100,100,0,0,103,491,102,102,0.0332510332,43.1775287412,33.3333333333,23.1206604103,1.0000000000,0.8984000000,222.6179875334
195,100,0,2,100,100,0,0,102,394,101,101,0.0335185797,43.1440101615,50.0000000000,19.1206270607,1.0000000000,0.8896000000,224.8201438849
196,100,0,3,100,100,0,0,103,491,102,102,0.0312722583,43.1127379032,33.3333333333,22.2406809745,1.0000000000,0.8984000000,222.6179875334
197,100,0,3,100,100,0,0,103,491,102,102,0.0312582671,43.0814796361,33.3333333333,21.5206270960,1.0000000000,0.8984000000,222.6179875334
198,100,0,4,100,100,0,0,104,588,102,102,0.0340005720,43.0474790640,25.0000000000,22.0806516698,1.0000000000,0.8992000000,222.4199288256
199,100,0,11,100,100,0,0,111,1267,107,107,0.0425207122,43.0049583518,9.0909090909,21.0405752545,1.0000000000,0.9448000000,211.6850127011
200,100,0,1,100,100,0,0,101,297,100,100,0.0364679072,42.9684904447,100.0000000000,15.9205858391,1.0000000000,0.8808000000,227.0663033606
201,100,0,1,100,100,0,0,101,297,100,100,0.0305915093,42.9378989354,100.0000000000,15.9205971140,1.0000000000,0.8808000000,227.0663033606
202,100,0,1,100,100,0,0,101,297,100,100,0.0370498914,42.9008490440,100.0000000000,15.9207533966,1.0000000000,0.8808000000,227.0663033606
203,100,0,1,100,100,0,0,101,297,100,100,0.0409320031,42.8599170408,100.0000000000,15.9208542689,1.0000000000,0.8808000000,227.0663033606
204,100,0,2,100,100,0,0,102,394,101,101,0.0329824879,42.8269345529,50.0000000000,18.9605899622,1.0000000000,0.8896000000,224.8201438849
205,100,0,2,100,100,0,0,102,394,101,101,0.0321059174,42.7948286355,50.0000000000,17.6806252625,1.0000000000,0.8896000000,224.8201438849
206,100,0,2,100,100,0,0,102,394,101,101,0.0323470431,42.7624815924,50.0000000000,19.9207371054,1.0000000000,0.8896000000,224.8201438849
207,100,0,1,100,100,0,0,101,297,100,100,0.0369104010,42.7255711914,100.0000000000,15.9205865459,1.0000000000,0.8808000000,227.0663033606
208,100,0,4,100,100,0,0,104,588,103,103,0.0340376652,42.6915335262,25.0000000000,22.8005755499,1.0000000000,0.9072000000,220.4585537919
209,100,0,7,100,100,0,0,106,879,106,106,0.0407046621,42.6508288642,14.2857142857,22.0806446851,1.0000000000,0.9328000000,214.4082332762
210,100,0,1,100,100,0,0,101,297,100,100,0.0370777366,42.6137511276,100.0000000000,15.9207663006,1.0000000000,0.8808000000,227.0663033606
211,100,0,1,100,100,0,0,101,297,100,100,0.0330928727,42.5806582548,100.0000000000,15.9205645115,1.0000000000,0.8808000000,227.0663033606
212,100,0,1,100,100,0,0,101,297,100,100,0.0313934016,42.5492648533,100.0000000000,15.9206365989,1.0000000000,0.8808000000,227.0663033606
213,100,0,3,100,100,0,0,103,491,102,102,0.0313926897,42.5178721636,33.3333333333,21.4406515587,1.0000000000,0.8984000000,222.6179875334
214,100,0,1,100,100,0,0,101,297,100,100,0.0339499475,42.4839222161,100.0000000000,15.9207464073,1.0000000000,0.8808000000,227.0663033606
215,100,0,1,100,100,0,0,101,297,100,100,0.0366872609,42.4472349551,100.0000000000,15.9206627167,1.0000000000,0.8808000000,227.0663033606
216,100,0,1,100,100,0,0,101,297,100,100,0.0384983829,42.4087365723,100.0000000000,15.9208153785,1.0000000000,0.8808000000,227.0663033606
217,100,0,5,100,100,0,0,105,685,104,104,0.0337713896,42.3749651826,20.0000000000,22.4006215378,1.0000000000,0.9160000000,218.3406113537
218,100,0,4,100,100,0,0,104,588,102,102,0.0329851262,42.3419800564,25.0000000000,19.2006085960,1.0000000000,0.8992000000,222.4199288256
219,100,0,17,100,100,0,0,116,1849,112,112,0.0515491599,42.2904308965,5.8823529412,21.2005578562,1.0000000000,0.9888000000,202.2653721683
220,100,0,3,100,100,0,0,103,491,101,101,0.0324756539,42.2579552426,33.3333333333,18.3205859624,1.0000000000,0.8904000000,224.6181491465
221,100,0,3,100,100,0,0,103,491,101,101,0.0321660252,42.2257892173,33.3333333333,17.4405881408,1.0000000000,0.8904000000,224.6181491465
222,100,0,1,100,100,0,0,101,297,100,100,0.0309289713,42.1948602460,100.0000000000,15.9206695507,1.0000000000,0.8808000000,227.0663033606
223,100,0,1,100,100,0,0,101,297,100,100,0.0363063501,42.1585538959,100.0000000000,15.9207994209,1.0000000000,0.8808000000,227.0663033606
224,100,0,1,100,100,0,0,101,297,100,100,0.0303523455,42.1282015504,100.0000000000,15.9206217044,1.0000000000,0.8808000000,227.0663033606
225,100,0,3,100,100,0,0,103,491,101,101,0.0344438600,42.0937576904,33.3333333333,21.8405910338,1.0000000000,0.8904000000,224.6181491465
226,100,0,1,100,100,0,0,101,297,100,100,0.0416775588,42.0520801316,100.0000000000,15.9208783996,1.0000000000,0.8808000000,227.0663033606
227,100,0,1,100,100,0,0,101,297,100,100,0.0306914717,42.0213886599,100.0000000000,15.9206113514,1.0000000000,0.8808000000,227.0663033606
228,100,0,7,100,100,0,0,107,879,106,106,0.0370771425,41.9843115174,14.2857142857,22.8006530634,1.0000000000,0.9336000000,214.2245072836
229,100,0,6,100,100,0,0,106,782,105,105,0.0354961327,41.9488153847,16.6666666667,22.2406141776,1.0000000000,0.9248000000,216.2629757785
230,100,0,1,100,100,0,0,101,297,100,100,0.0351773864,41.9136379984,100.0000000000,15.9206102097,1.0000000000,0.8808000000,227.0663033606
231,100,0,1,100,100,0,0,101,297,100,100,0.0302893698,41.8833486285,100.0000000000,15.9206380434,1.0000000000,0.8808000000,227.0663033606
232,100,0,1,100,100,0,0,101,297,100,100,0.0356030968,41.8477455317,100.0000000000,15.9205750875,1.0000000000,0.8808000000,227.0663033606
233,100,0,2,100,100,0,0,102,394,101,101,0.0310742828,41.8166712489,50.0000000000,18.9606170167,1.0000000000,0.8896000000,224.8201438849
234,100,0,2,100,100,0,0,102,394,101,101,0.0337763855,41.7828948634,50.0000000000,18.8006892177,1.0000000000,0.8896000000,224.8201438849
235,100,0,2,100,100,0,0,102,394,101,101,0.0331336654,41.7497611980,50.0000000000,18.3206433293,1.0000000000,0.8896000000,224.8201438849
236,100,0,3,100,100,0,0,103,491,101,101,0.0337042974,41.7160569006,33.3333333333,18.7205795439,1.0000000000,0.8904000000,224.6181491465
237,100,0,3,100,100,0,0,103,491,102,102,0.0306540014,41.6854028991,33.3333333333,22.6406426868,1.0000000000,0.8984000000,222.6179875334
238,100,0,9,100,100,0,0,108,1073,107,107,0.0398243284,41.6455785707,11.1111111111,21.7606050870,1.0000000000,0.9424000000,212.2241086587
239,100,0,9,100,100,0,0,109,1073,107,107,0.0402878721,41.6052906986,11.1111111111,21.4406267438,1.0000000000,0.9432000000,212.0441051739
240,100,0,1,100,100,0,0,101,297,100,100,0.0388504046,41.5664402940,100.0000000000,15.9208387403,1.0000000000,0.8808000000,227.0663033606
241,100,0,1,100,100,0,0,101,297,100,100,0.0336325772,41.5328077167,100.0000000000,15.9207334365,1.0000000000,0.8808000000,227.0663033606
242,100,0,1,100,100,0,0,101,297,100,100,0.0400707038,41.4927370129,100.0000000000,15.9208565688,1.0000000000,0.8808000000,227.0663033606
243,100,0,1,100,100,0,0,101,297,100,100,0.0369013478,41.4558356650,100.0000000000,15.9208307162,1.0000000000,0.8808000000,227.0663033606
244,100,0,1,100,100,0,0,101,297,100,100,0.0308228432,41.4250128219,100.0000000000,15.9205922378,1.0000000000,0.8808000000,227.0663033606
245,100,0,1,100,100,0,0,101,297,100,100,0.0321652129,41.3928476090,100.0000000000,15.9206406374,1.0000000000,0.8808000000,227.0663033606
246,100,0,1,100,100,0,0,101,297,100,100,0.0333226550,41.3595249540,100.0000000000,15.9207304187,1.0000000000,0.8808000000,227.0663033606
247,100,0,3,100,100,0,0,103,491,102,102,0.0329920106,41.3265329434,33.3333333333,22.4005788014,1.0000000000,0.8984000000,222.6179875334
248,100,0,2,100,100,0,0,102,394,101,101,0.0308741607,41.2956587827,50.0000000000,20.8806143541,1.0000000000,0.8896000000,224.8201438849
249,100,0,9,100,100,0,0,109,1073,108,108,0.0402403459,41.2554184368,11.1111111111,23.3605945022,1.0000000000,0.9512000000,210.2607232969
250,100,0,1,100,100,0,0,101,297,100,100,0.0310127500,41.2244056868,100.0000000000,15.9206404831,1.0000000000,0.8808000000,227.0663033606
251,100,0,2,100,100,0,0,102,394,101,101,0.0323770419,41.1920286449,50.0000000000,23.1206159761,1.0000000000,0.8896000000,224.8201438849
252,100,0,3,100,100,0,0,103,491,101,101,0.0327184535,41.1593101914,33.3333333333,20.4806586225,1.0000000000,0.8904000000,224.6181491465
253,100,0,1,100,100,0,0,101,297,100,100,0.0352361439,41.1240740475,100.0000000000,15.9207139336,1.0000000000,0.8808000000,227.0663033606
254,100,0,3,100,100,0,0,103,491,102,102,0.0320482303,41.0920258172,33.3333333333,20.6406284472,1.0000000000,0.8984000000,222.6179875334
255,100,0,3,100,100,0,0,103,491,102,102,0.0322738845,41.0597519327,33.3333333333,21.5207347025,1.0000000000,0.8984000000,222.6179875334
256,100,0,2,100,100,0,0,102,394,101,101,0.0304639205,41.0292880122,50.0000000000,19.1206162624,1.0000000000,0.8896000000,224.8201438849
257,100,0,1,100,100,0,0,101,297,100,100,0.0386813257,40.9906066865,100.0000000000,15.9205874863,1.0000000000,0.8808000000,227.0663033606
258,100,0,3,100,100,0,0,103,491,102,102,0.0323605366,40.9582461499,33.3333333333,21.4406863552,1.0000000000,0.8984000000,222.6179875334
259,100,0,8,100,100,0,0,108,976,107,107,0.0380678409,40.9201783090,12.5000000000,22.4006097381,1.0000000000,0.9424000000,212.2241086587
260,100,0,1,100,100,0,0,101,297,100,100,0.0389200323,40.8812582767,100.0000000000,15.9206280372,1.0000000000,0.8808000000,227.0663033606
261,100,0,1,100,100,0,0,101,297,100,100,0.0358976169,40.8453606598,100.0000000000,15.9208131574,1.0000000000,0.8808000000,227.0663033606
262,100,0,1,100,100,0,0,101,297,100,100,0.0382063819,40.8071542779,100.0000000000,15.9208184419,1.0000000000,0.8808000000,227.0663033606
263,100,0,2,100,100,0,0,102,394,101,101,0.0308353412,40.7763189367,50.0000000000,21.4407069838,1.0000000000,0.8896000000,224.8201438849
264,100,0,1,100,100,0,0,101,297,100,100,0.0328693273,40.7434496093,100.0000000000,15.9205746287,1.0000000000,0.8808000000,227.0663033606
265,100,0,1,100,100,0,0,101,297,100,100,0.0376127738,40.7058368355,100.0000000000,15.9206034524,1.0000000000,0.8808000000,227.0663033606
266,100,0,4,100,100,0,0,104,588,103,103,0.0329425030,40.6728943325,25.0000000000,22.6406037649,1.0000000000,0.9072000000,220.4585537919
267,100,0,4,100,100,0,0,104,588,103,103,0.0324715273,40.6404228052,25.0000000000,21.5206514100,1.0000000000,0.9072000000,220.4585537919
268,100,0,2,100,100,0,0,102,394,101,101,0.0314387567,40.6089840485,50.0000000000,21.2806389713,1.0000000000,0.8896000000,224.8201438849
269,100,0,7,100,100,0,0,106,879,105,105,0.0366396683,40.5723443802,14.2857142857,22.5606485913,1.0000000000,0.9248000000,216.2629757785
270,100,0,1,100,100,0,0,101,297,100,100,0.0309148192,40.5414295609,100.0000000000,15.9206165884,1.0000000000,0.8808000000,227.0663033606
271,100,0,1,100,100,0,0,101,297,100,100,0.0324974764,40.5089320845,100.0000000000,15.9207316470,1.0000000000,0.8808000000,227.0663033606
272,100,0,2,100,100,0,0,102,394,101,101,0.0313564862,40.4775755983,50.0000000000,22.8006304073,1.0000000000,0.8896000000,224.8201438849
273,100,0,2,100,100,0,0,102,394,101,101,0.0324378276,40.4451377706,50.0000000000,23.2006556119,1.0000000000,0.8896000000,224.8201438849
274,100,0,2,100,100,0,0,102,394,101,101,0.0334021458,40.4117356248,50.0000000000,23.1206478420,1.0000000000,0.8896000000,224.8201438849
275,100,0,2,100,100,0,0,102,394,101,101,0.0309738957,40.3807617291,50.0000000000,19.4406586193,1.0000000000,0.8896000000,224.8201438849
276,100,0,1,100,100,0,0,101,297,100,100,0.0382063819,40.3425553472,100.0000000000,15.9208184419,1.0000000000,0.8808000000,227.0663033606
277,100,0,2,100,100,0,0,102,394,101,101,0.0315997635,40.3109555837,50.0000000000,17.6806500414,1.0000000000,0.8896000000,224.8201438849
278,100,0,6,100,100,0,0,106,782,105,105,0.0353424592,40.2756131245,16.6666666667,23.2006632634,1.0000000000,0.9248000000,216.2629757785
279,100,0,9,100,100,0,0,109,1073,108,108,0.0400797140,40.2355334105,11.1111111111,22.5606040143,1.0000000000,0.9512000000,210.2607232969
280,100,0,1,100,100,0,0,101,297,100,100,0.0330981052,40.2024353053,100.0000000000,15.9207373495,1.0000000000,0.8808000000,227.0663033606
281,100,0,1,100,100,0,0,101,297,100,100,0.0390543728,40.1633809325,100.0000000000,15.9208468048,1.0000000000,0.8808000000,227.0663033606
282,100,0,1,100,100,0,0,101,297,100,100,0.0370486141,40.1263323184,100.0000000000,15.9208339969,1.0000000000,0.8808000000,227.0663033606
283,100,0,2,100,100,0,0,102,394,101,101,0.0358418845,40.0904904339,50.0000000000,21.3607356312,1.0000000000,0.8896000000,224.8201438849
284,100,0,1,100,100,0,0,101,297,100,100,0.0410396857,40.0494507481,100.0000000000,15.9206000274,1.0000000000,0.8808000000,227.0663033606
285,100,0,4,100,100,0,0,104,588,102,102,0.0344184328,40.0150323153,25.0000000000,19.0406459782,1.0000000000,0.8992000000,222.4199288256
286,100,0,1,100,100,0,0,101,297,100,100,0.0312431902,39.9837891251,100.0000000000,15.9206850647,1.0000000000,0.8808000000,227.0663033606
287,100,0,3,100,100,0,0,103,491,102,102,0.0328397455,39.9509493796,33.3333333333,22.9606276849,1.0000000000,0.8984000000,222.6179875334
288,100,0,5,100,100,0,0,105,685,103,103,0.0340176129,39.9169317667,20.0000000000,21.5205930161,1.0000000000,0.9080000000,220.2643171806
289,100,0,14,100,100,0,0,114,1558,111,111,0.0471300863,39.8698016804,7.1428571429,21.6005876907,1.0000000000,0.9792000000,204.2483660131
290,100,0,1,100,100,0,0,101,297,100,100,0.0389456797,39.8308560007,100.0000000000,15.9206159815,1.0000000000,0.8808000000,227.0663033606
291,100,0,1,100,100,0,0,101,297,100,100,0.0381990727,39.7926569280,100.0000000000,15.9208371771,1.0000000000,0.8808000000,227.0663033606
292,100,0,1,100,100,0,0,101,297,100,100,0.0320968380,39.7605600900,100.0000000000,15.9207112843,1.0000000000,0.8808000000,227.0663033606
293,100,0,1,100,100,0,0,101,297,100,100,0.0356030968,39.7249569932,100.0000000000,15.9205750875,1.0000000000,0.8808000000,227.0663033606
294,100,0,1,100,100,0,0,101,297,100,100,0.0337935629,39.6911634303,100.0000000000,15.9207398053,1.0000000000,0.8808000000,227.0663033606
295,100,0,4,100,100,0,0,104,588,103,103,0.0325826494,39.6585807809,25.0000000000,22.1605981624,1.0000000000,0.9072000000,220.4585537919
296,100,0,1,100,100,0,0,101,297,100,100,0.0386188881,39.6199618927,100.0000000000,15.9208582013,1.0000000000,0.8808000000,227.0663033606
297,100,0,1,100,100,0,0,101,297,100,100,0.0366872609,39.5832746318,100.0000000000,15.9206627167,1.0000000000,0.8808000000,227.0663033606
298,100,0,4,100,100,0,0,104,588,103,103,0.0352744679,39.5480001640,25.0000000000,20.0806312238,1.0000000000,0.9072000000,220.4585537919
299,100,0,9,100,100,0,0,109,1073,106,106,0.0402752185,39.5077249455,11.1111111111,22.3206054604,1.0000000000,0.9352000000,213.8579982891
300,100,0,1,100,100,0,0,101,297,100,100,0.0305915093,39.4771334362,100.0000000000,15.9205971140,1.0000000000,0.8808000000,227.0663033606
301,100,0,1,100,100,0,0,101,297,100,100,0.0335480708,39.4435853654,100.0000000000,15.9205544990,1.0000000000,0.8808000000,227.0663033606
302,100,0,1,100,100,0,0,101,297,100,100,0.0309289713,39.4126563941,100.0000000000,15.9206695507,1.0000000000,0.8808000000,227.0663033606
303,100,0,3,100,100,0,0,103,491,102,102,0.0312967523,39.3813596418,33.3333333333,22.1606659365,1.0000000000,0.8984000000,222.6179875334
304,100,0,1,100,100,0,0,101,297,100,100,0.0315374191,39.3498222227,100.0000000000,15.9206172794,1.0000000000,0.8808000000,227.0663033606
305,100,0,1,100,100,0,0,101,297,100,100,0.0384983829,39.3113238398,100.0000000000,15.9208153785,1.0000000000,0.8808000000,227.0663033606
306,100,0,1,100,100,0,0,101,297,100,100,0.0373067561,39.2740170837,100.0000000000,15.9208247396,1.0000000000,0.8808000000,227.0663033606
307,100,0,2,100,100,0,0,102,394,101,101,0.0316347675,39.2423823161,50.0000000000,18.9606900622,1.0000000000,0.8896000000,224.8201438849
308,100,0,5,100,100,0,0,105,685,104,104,0.0346501350,39.2077321811,20.0000000000,22.0006117536,1.0000000000,0.9160000000,218.3406113537
309,100,0,13,100,100,0,0,113,1461,112,112,0.0477389481,39.1599932330,7.6923076923,22.0006043226,1.0000000000,0.9864000000,202.7575020276
310,100,0,1,100,100,0,0,101,297,100,100,0.0361197134,39.1238735196,100.0000000000,15.9208169515,1.0000000000,0.8808000000,227.0663033606
311,100,0,4,100,100,0,0,104,588,102,102,0.0329971254,39.0908763942,25.0000000000,20.8805971193,1.0000000000,0.8992000000,222.4199288256
312,100,0,1,100,100,0,0,101,297,100,100,0.0389200323,39.0519563619,100.0000000000,15.9206280372,1.0000000000,0.8808000000,227.0663033606
313,100,0,1,100,100,0,0,101,297,100,100,0.0302893698,39.0216669921,100.0000000000,15.9206380434,1.0000000000,0.8808000000,227.0663033606
314,100,0,3,100,100,0,0,103,491,102,102,0.0305526402,38.9911143519,33.3333333333,22.4006357490,1.0000000000,0.8984000000,222.6179875334
315,100,0,1,100,100,0,0,101,297,100,100,0.0391965338,38.9519178181,100.0000000000,15.9208433420,1.0000000000,0.8808000000,227.0663033606
316,100,0,1,100,100,0,0,101,297,100,100,0.0351773864,38.9167404318,100.0000000000,15.9206102097,1.0000000000,0.8808000000,227.0663033606
317,100,0,3,100,100,0,0,103,491,100,100,0.0327438736,38.8839965582,33.3333333333,15.7605624526,1.0000000000,0.8824000000,226.6545784225
318,100,0,7,100,100,0,0,107,879,104,104,0.0366101377,38.8473864205,14.2857142857,20.9605827233,1.0000000000,0.9176000000,217.9598953793
319,100,0,4,100,100,0,0,104,588,103,103,0.0331363899,38.8142500306,25.0000000000,22.7206346804,1.0000000000,0.9072000000,220.4585537919
320,100,0,1,100,100,0,0,101,297,100,100,0.0328693273,38.7813807032,100.0000000000,15.9205746287,1.0000000000,0.8808000000,227.0663033606
321,100,0,2,100,100,0,0,102,394,101,101,0.0316329284,38.7497477748,50.0000000000,19.8406172310,1.0000000000,0.8896000000,224.8201438849
322,100,0,1,100,100,0,0,101,297,100,100,0.0369104010,38.7128373738,100.0000000000,15.9205865459,1.0000000000,0.8808000000,227.0663033606
323,100,0,3,100,100,0,0,103,491,102,102,0.0312074721,38.6816299017,33.3333333333,22.5606267503,1.0000000000,0.8984000000,222.6179875334
324,100,0,1,100,100,0,0,101,297,100,100,0.0315374191,38.6500924826,100.0000000000,15.9206172794,1.0000000000,0.8808000000,227.0663033606
325,100,0,2,100,100,0,0,102,394,101,101,0.0316562395,38.6184362430,50.0000000000,20.7205921747,1.0000000000,0.8896000000,224.8201438849
326,100,0,3,100,100,0,0,103,491,102,102,0.0316731320,38.5867631110,33.3333333333,22.6406068225,1.0000000000,0.8984000000,222.6179875334
327,100,0,1,100,100,0,0,101,297,100,100,0.0305915093,38.5561716018,100.0000000000,15.9205971140,1.0000000000,0.8808000000,227.0663033606
328,100,0,4,100,100,0,0,104,588,101,101,0.0337777571,38.5223938447,25.0000000000,17.6805905815,1.0000000000,0.8912000000,224.4165170557
329,100,0,8,100,100,0,0,108,976,108,108,0.0387700794,38.4836237652,12.5000000000,24.5606710778,1.0000000000,0.9504000000,210.4377104377
330,100,0,1,100,100,0,0,101,297,100,100,0.0410396857,38.4425840795,100.0000000000,15.9206000274,1.0000000000,0.8808000000,227.0663033606
331,100,0,1,100,100,0,0,101,297,100,100,0.0310127500,38.4115713294,100.0000000000,15.9206404831,1.0000000000,0.8808000000,227.0663033606
332,100,0,2,100,100,0,0,102,394,101,101,0.0327447463,38.3788265832,50.0000000000,20.6406187161,1.0000000000,0.8896000000,224.8201438849
333,100,0,3,100,100,0,0,103,491,101,101,0.0325327917,38.3462937914,33.3333333333,20.6406510471,1.0000000000,0.8904000000,224.6181491465
334,100,0,2,100,100,0,0,102,394,101,101,0.0311284300,38.3151653614,50.0000000000,22.0006735763,1.0000000000,0.8896000000,224.8201438849
335,100,0,1,100,100,0,0,101,297,100,100,0.0427954737,38.2723698877,100.0000000000,15.9208792373,1.0000000000,0.8808000000,227.0663033606
336,100,0,4,100,100,0,0,104,588,102,102,0.0328225975,38.2395472902,25.0000000000,20.8806146505,1.0000000000,0.8992000000,222.4199288256
337,100,0,1,100,100,0,0,101,297,100,100,0.0353634885,38.2041838017,100.0000000000,15.9206554978,1.0000000000,0.8808000000,227.0663033606
338,100,0,3,100,100,0,0,103,491,102,102,0.0330784578,38.1711053439,33.3333333333,22.8806120521,1.0000000000,0.8984000000,222.6179875334
339,100,0,8,100,100,0,0,108,976,106,106,0.0402658503,38.1308394937,12.5000000000,20.8805906557,1.0000000000,0.9344000000,214.0410958904
340,100,0,1,100,100,0,0,101,297,100,100,0.0402567950,38.0905826987,100.0000000000,15.9208534513,1.0000000000,0.8808000000,227.0663033606
341,100,0,1,100,100,0,0,101,297,100,100,0.0366872609,38.0538954378,100.0000000000,15.9206627167,1.0000000000,0.8808000000,227.0663033606
342,100,0,1,100,100,0,0,101,297,100,100,0.0383274336,38.0155680042,100.0000000000,15.9208313135,1.0000000000,0.8808000000,227.0663033606
343,100,0,2,100,100,0,0,102,394,101,101,0.0318378140,37.9837301902,50.0000000000,18.0806350289,1.0000000000,0.8896000000,224.8201438849
344,100,0,1,100,100,0,0,101,297,100,100,0.0313934016,37.9523367886,100.0000000000,15.9206365989,1.0000000000,0.8808000000,227.0663033606
345,100,0,1,100,100,0,0,101,297,100,100,0.0370777366,37.9152590520,100.0000000000,15.9207663006,1.0000000000,0.8808000000,227.0663033606
346,100,0,4,100,100,0,0,104,588,102,102,0.0335337092,37.8817253428,25.0000000000,22.8806755471,1.0000000000,0.8992000000,222.4199288256
347,100,0,2,100,100,0,0,102,394,101,101,0.0306649549,37.8510603880,50.0000000000,20.7206881300,1.0000000000,0.8896000000,224.8201438849
348,100,0,4,100,100,0,0,104,588,103,103,0.0325697536,37.8184906343,25.0000000000,22.4806279402,1.0000000000,0.9072000000,220.4585537919
349,100,0,7,100,100,0,0,107,879,105,105,0.0380843151,37.7804063192,14.2857142857,22.0006194434,1.0000000000,0.9256000000,216.0760587727
350,100,0,1,100,100,0,0,101,297,100,100,0.0333226550,37.7470836642,100.0000000000,15.9207304187,1.0000000000,0.8808000000,227.0663033606
351,100,0,1,100,100,0,0,101,297,100,100,0.0308228432,37.7162608210,100.0000000000,15.9205922378,1.0000000000,0.8808000000,227.0663033606
352,100,0,3,100,100,0,0,103,491,102,102,0.0352056825,37.6810551384,33.3333333333,17.7606360117,1.0000000000,0.8984000000,222.6179875334
353,100,0,1,100,100,0,0,101,297,100,100,0.0382277467,37.6428273917,100.0000000000,15.9207801806,1.0000000000,0.8808000000,227.0663033606
354,100,0,3,100,100,0,0,103,491,101,101,0.0309518521,37.6118755396,33.3333333333,20.2405816484,1.0000000000,0.8904000000,224.6181491465
355,100,0,2,100,100,0,0,102,394,101,101,0.0309558731,37.5809196665,50.0000000000,22.0006664672,1.0000000000,0.8896000000,224.8201438849
356,100,0,1,100,100,0,0,101,297,100,100,0.0312466374,37.5496730291,100.0000000000,15.9205861993,1.0000000000,0.8808000000,227.0663033606
357,100,0,3,100,100,0,0,103,491,101,101,0.0330765721,37.5165964570,33.3333333333,18.4806084175,1.0000000000,0.8904000000,224.6181491465
358,100,0,2,100,100,0,0,102,394,101,101,0.0315719946,37.4850244624,50.0000000000,21.7606894949,1.0000000000,0.8896000000,224.8201438849
359,100,0,3,100,100,0,0,103,491,102,102,0.0324042367,37.4526202257,33.3333333333,22.6405799258,1.0000000000,0.8984000000,222.6179875334
360,100,0,4,100,100,0,0,104,588,102,102,0.0332996565,37.4193205692,25.0000000000,19.2805706634,1.0000000000,0.8992000000,222.4199288256
361,100,0,1,100,100,0,0,101,297,100,100,0.0406735152,37.3786470540,100.0000000000,15.9208404568,1.0000000000,0.8808000000,227.0663033606
362,100,0,1,100,100,0,0,101,297,100,100,0.0312753874,37.3473716666,100.0000000000,15.9205775852,1.0000000000,0.8808000000,227.0663033606
363,100,0,2,100,100,0,0,102,394,101,101,0.0306831192,37.3166885474,50.0000000000,19.6006202274,1.0000000000,0.8896000000,224.8201438849
364,100,0,1,100,100,0,0,101,297,100,100,0.0413263690,37.2753621785,100.0000000000,15.9208414561,1.0000000000,0.8808000000,227.0663033606
365,100,0,2,100,100,0,0,102,394,101,101,0.0330565392,37.2423056393,50.0000000000,22.2405931349,1.0000000000,0.8896000000,224.8201438849
366,100,0,2,100,100,0,0,102,394,101,101,0.0366013616,37.2057042777,50.0000000000,16.9607396847,1.0000000000,0.8896000000,224.8201438849
367,100,0,3,100,100,0,0,103,491,102,102,0.0329954504,37.1727088273,33.3333333333,20.3206501690,1.0000000000,0.8984000000,222.6179875334
368,100,0,3,100,100,0,0,103,491,102,102,0.0331083323,37.1396004951,33.3333333333,18.5606468976,1.0000000000,0.8984000000,222.6179875334
369,100,0,7,100,100,0,0,107,879,106,106,0.0367975770,37.1028029181,14.2857142857,21.5206072155,1.0000000000,0.9336000000,214.2245072836
370,100,0,2,100,100,0,0,102,394,101,101,0.0312228881,37.0715800300,50.0000000000,20.8006060419,1.0000000000,0.8896000000,224.8201438849
371,100,0,1,100,100,0,0,101,297,100,100,0.0313034570,37.0402765729,100.0000000000,15.9206819323,1.0000000000,0.8808000000,227.0663033606
372,100,0,1,100,100,0,0,101,297,100,100,0.0358342586,37.0044423143,100.0000000000,15.9208054875,1.0000000000,0.8808000000,227.0663033606
373,100,0,1,100,100,0,0,101,297,100,100,0.0320442306,36.9723980837,100.0000000000,15.9206826420,1.0000000000,0.8808000000,227.0663033606
374,100,0,1,100,100,0,0,101,297,100,100,0.0352361439,36.9371619398,100.0000000000,15.9207139336,1.0000000000,0.8808000000,227.0663033606
375,100,0,3,100,100,0,0,103,491,101,101,0.0327377118,36.9044242280,33.3333333333,21.4406159190,1.0000000000,0.8904000000,224.6181491465
376,100,0,4,100,100,0,0,103,588,102,102,0.0327393437,36.8716848843,25.0000000000,22.5606709304,1.0000000000,0.8984000000,222.6179875334
377,100,0,2,100,100,0,0,102,394,101,101,0.0308789912,36.8408058931,50.0000000000,22.6406783309,1.0000000000,0.8896000000,224.8201438849
378,100,0,1,100,100,0,0,101,297,100,100,0.0325579170,36.8082479761,100.0000000000,15.9205634182,1.0000000000,0.8808000000,227.0663033606
379,100,0,6,100,100,0,0,106,782,103,103,0.0364509687,36.7717970074,16.6666666667,20.9606308201,1.0000000000,0.9088000000,220.0704225352
380,100,0,1,100,100,0,0,101,297,100,100,0.0392387359,36.7325582715,100.0000000000,15.9208492485,1.0000000000,0.8808000000,227.0663033606
381,100,0,1,100,100,0,0,101,297,100,100,0.0353224571,36.6972358144,100.0000000000,15.9206293563,1.0000000000,0.8808000000,227.0663033606
382,100,0,1,100,100,0,0,101,297,100,100,0.0416775588,36.6555582556,100.0000000000,15.9208783996,1.0000000000,0.8808000000,227.0663033606
383,100,0,1,100,100,0,0,101,297,100,100,0.0346833207,36.6208749349,100.0000000000,15.9207464110,1.0000000000,0.8808000000,227.0663033606
384,100,0,3,100,100,0,0,103,491,102,102,0.0330590307,36.5878159042,33.3333333333,21.6806388816,1.0000000000,0.8984000000,222.6179875334
385,100,0,2,100,100,0,0,102,394,100,100,0.0378495932,36.5499663110,50.0000000000,15.8405850460,1.0000000000,0.8816000000,226.8602540835
386,100,0,4,100,100,0,0,104,588,102,102,0.0359037973,36.5140625137,25.0000000000,17.5206393529,1.0000000000,0.8992000000,222.4199288256
387,100,0,2,100,100,0,0,102,394,101,101,0.0322292554,36.4818332583,50.0000000000,17.7606499004,1.0000000000,0.8896000000,224.8201438849
388,100,0,2,100,100,0,0,102,394,101,101,0.0343443353,36.4474889230,50.0000000000,19.2806467389,1.0000000000,0.8896000000,224.8201438849
389,100,0,14,100,100,0,0,114,1558,111,111,0.0478286604,36.3996602626,7.1428571429,21.3605822107,1.0000000000,0.9792000000,204.2483660131
390,100,0,1,100,100,0,0,101,297,100,100,0.0370498914,36.3626103712,100.0000000000,15.9207533966,1.0000000000,0.8808000000,227.0663033606
391,100,0,1,100,100,0,0,101,297,100,100,0.0360657911,36.3265445801,100.0000000000,15.9205443948,1.0000000000,0.8808000000,227.0663033606
392,100,0,1,100,100,0,0,101,297,100,100,0.0321471633,36.2943974169,100.0000000000,15.9206166557,1.0000000000,0.8808000000,227.0663033606
393,100,0,1,100,100,0,0,101,297,100,100,0.0367197874,36.2576776294,100.0000000000,15.9208194089,1.0000000000,0.8808000000,227.0663033606
394,100,0,1,100,100,0,0,101,297,100,100,0.0309265577,36.2267510718,100.0000000000,15.9206018499,1.0000000000,0.8808000000,227.0663033606
395,100,0,2,100,100,0,0,102,394,101,101,0.0324930855,36.1942579863,50.0000000000,20.1606644574,1.0000000000,0.8896000000,224.8201438849
396,100,0,1,100,100,0,0,101,297,100,100,0.0358976169,36.1583603694,100.0000000000,15.9208131574,1.0000000000,0.8808000000,227.0663033606
397,100,0,2,100,100,0,0,102,394,101,101,0.0313760960,36.1269842733,50.0000000000,22.1606176093,1.0000000000,0.8896000000,224.8201438849
398,100,0,3,100,100,0,0,103,491,102,102,0.0324823643,36.0945019091,33.3333333333,19.7606381461,1.0000000000,0.8984000000,222.6179875334
399,100,0,10,100,100,0,0,110,1170,108,108,0.0419800421,36.0525218670,10.0000000000,21.8405857911,1.0000000000,0.9520000000,210.0840336134
400,100,0,1,100,100,0,0,101,297,100,100,0.0329796506,36.0195422164,100.0000000000,15.9207083323,1.0000000000,0.8808000000,227.0663033606
401,100,0,1,100,100,0,0,101,297,100,100,0.0347633626,35.9847788538,100.0000000000,15.9206089434,1.0000000000,0.8808000000,227.0663033606
402,100,0,1,100,100,0,0,101,297,100,100,0.0386813257,35.9460975282,100.0000000000,15.9205874863,1.0000000000,0.8808000000,227.0663033606
403,100,0,1,100,100,0,0,101,297,100,100,0.0415200005,35.9045775276,100.0000000000,15.9208503264,1.0000000000,0.8808000000,227.0663033606
404,100,0,3,100,100,0,0,103,491,102,102,0.0333263659,35.8712511617,33.3333333333,21.1206442734,1.0000000000,0.8984000000,222.6179875334
405,100,0,1,100,100,0,0,101,297,100,100,0.0325579170,35.8386932447,100.0000000000,15.9205634182,1.0000000000,0.8808000000,227.0663033606
406,100,0,1,100,100,0,0,101,297,100,100,0.0369013478,35.8017918968,100.0000000000,15.9208307162,1.0000000000,0.8808000000,227.0663033606
407,100,0,3,100,100,0,0,103,491,101,101,0.0338361051,35.7679557918,33.3333333333,19.6005532218,1.0000000000,0.8904000000,224.6181491465
408,100,0,2,100,100,0,0,102,394,100,100,0.0311535557,35.7368022361,50.0000000000,15.8405666367,1.0000000000,0.8816000000,226.8602540835
409,100,0,9,100,100,0,0,109,1073,106,106,0.0403838955,35.6964183405,11.1111111111,21.5205840940,1.0000000000,0.9352000000,213.8579982891
410,100,0,1,100,100,0,0,101,297,100,100,0.0312431902,35.6651751504,100.0000000000,15.9206850647,1.0000000000,0.8808000000,227.0663033606
411,100,0,1,100,100,0,0,101,297,100,100,0.0376476260,35.6275275243,100.0000000000,15.9206097504,1.0000000000,0.8808000000,227.0663033606
412,100,0,1,100,100,0,0,101,297,100,100,0.0324974764,35.5950300479,100.0000000000,15.9207316470,1.0000000000,0.8808000000,227.0663033606
413,100,0,1,100,100,0,0,101,297,100,100,0.0343097116,35.5607203363,100.0000000000,15.9207102456,1.0000000000,0.8808000000,227.0663033606
414,100,0,1,100,100,0,0,101,297,100,100,0.0310127500,35.5297075862,100.0000000000,15.9206404831,1.0000000000,0.8808000000,227.0663033606
415,100,0,1,100,100,0,0,101,297,100,100,0.0321358696,35.4975717167,100.0000000000,15.9206268382,1.0000000000,0.8808000000,227.0663033606
416,100,0,1,100,100,0,0,101,297,100,100,0.0370486141,35.4605231026,100.0000000000,15.9208339969,1.0000000000,0.8808000000,227.0663033606
417,100,0,4,100,100,0,0,104,588,103,103,0.0339245304,35.4265985722,25.0000000000,21.9206446620,1.0000000000,0.9072000000,220.4585537919
418,100,0,4,100,100,0,0,104,588,103,103,0.0329464145,35.3936521577,25.0000000000,22.9606270980,1.0000000000,0.9072000000,220.4585537919
419,100,0,6,100,100,0,0,106,782,105,105,0.0372912354,35.3563609223,16.6666666667,22.3206074342,1.0000000000,0.9248000000,216.2629757785
420,100,0,1,100,100,0,0,101,297,100,100,0.0353634885,35.3209974337,100.0000000000,15.9206554978,1.0000000000,0.8808000000,227.0663033606
421,100,0,2,100,100,0,0,102,394,101,101,0.0314662430,35.2895311907,50.0000000000,21.3606887112,1.0000000000,0.8896000000,224.8201438849
422,100,0,2,100,100,0,0,102,394,101,101,0.0317843521,35.2577468386,50.0000000000,21.2806483098,1.0000000000,0.8896000000,224.8201438849
423,100,0,3,100,100,0,0,103,491,100,100,0.0342372001,35.2235096385,33.3333333333,15.7605430056,1.0000000000,0.8824000000,226.6545784225
424,100,0,1,100,100,0,0,101,297,100,100,0.0381990727,35.1853105658,100.0000000000,15.9208371771,1.0000000000,0.8808000000,227.0663033606
425,100,0,2,100,100,0,0,102,394,101,101,0.0334508386,35.1518597271,50.0000000000,20.0007335799,1.0000000000,0.8896000000,224.8201438849
426,100,0,2,100,100,0,0,102,394,101,101,0.0339592775,35.1179004497,50.0000000000,17.6006346829,1.0000000000,0.8896000000,224.8201438849
427,100,0,2,100,100,0,0,102,394,101,101,0.0314641335,35.0864363161,50.0000000000,20.4005983831,1.0000000000,0.8896000000,224.8201438849
428,100,0,2,100,100,0,0,102,394,100,100,0.0308960410,35.0555402751,50.0000000000,15.8405922935,1.0000000000,0.8816000000,226.8602540835
429,100,0,5,100,100,0,0,105,685,104,104,0.0350345139,35.0205057613,20.0000000000,21.3606112958,1.0000000000,0.9160000000,218.3406113537
430,100,0,1,100,100,0,0,101,297,100,100,0.0390543728,34.9814513885,100.0000000000,15.9208468048,1.0000000000,0.8808000000,227.0663033606
431,100,0,1,100,100,0,0,101,297,100,100,0.0373067561,34.9441446323,100.0000000000,15.9208247396,1.0000000000,0.8808000000,227.0663033606
432,100,0,2,100,100,0,0,102,394,101,101,0.0306929378,34.9134516946,50.0000000000,20.8805955585,1.0000000000,0.8896000000,224.8201438849
433,100,0,3,100,100,0,0,103,491,100,100,0.0328471781,34.8806045164,33.3333333333,15.7605721598,1.0000000000,0.8824000000,226.6545784225
434,100,0,1,100,100,0,0,101,297,100,100,0.0363063501,34.8442981663,100.0000000000,15.9207994209,1.0000000000,0.8808000000,227.0663033606
435,100,0,2,100,100,0,0,102,394,101,101,0.0317511822,34.8125469841,50.0000000000,22.4006144162,1.0000000000,0.8896000000,224.8201438849
436,100,0,3,100,100,0,0,103,491,102,102,0.0322620268,34.7802849573,33.3333333333,20.8806574288,1.0000000000,0.8984000000,222.6179875334
437,100,0,2,100,100,0,0,102,394,101,101,0.0310139838,34.7492709735,50.0000000000,20.9606542777,1.0000000000,0.8896000000,224.8201438849
438,100,0,5,100,100,0,0,105,685,103,103,0.0339642004,34.7153067732,20.0000000000,22.3206136710,1.0000000000,0.9080000000,220.2643171806
439,100,0,4,100,100,0,0,104,588,102,102,0.0324688467,34.6828379265,25.0000000000,20.5605974788,1.0000000000,0.8992000000,222.4199288256
440,100,0,1,100,100,0,0,101,297,100,100,0.0409320031,34.6419059234,100.0000000000,15.9208542689,1.0000000000,0.8808000000,227.0663033606
441,100,0,1,100,100,0,0,101,297,100,100,0.0361197134,34.6057862100,100.0000000000,15.9208169515,1.0000000000,0.8808000000,227.0663033606
442,100,0,1,100,100,0,0,101,297,100,100,0.0329796506,34.5728065594,100.0000000000,15.9207083323,1.0000000000,0.8808000000,227.0663033606
443,100,0,1,100,100,0,0,101,297,100,100,0.0319447502,34.5408618092,100.0000000000,15.9206476096,1.0000000000,0.8808000000,227.0663033606
444,100,0,1,100,100,0,0,101,297,100,100,0.0363063501,34.5045554591,100.0000000000,15.9207994209,1.0000000000,0.8808000000,227.0663033606
445,100,0,1,100,100,0,0,101,297,100,100,0.0324974764,34.4720579827,100.0000000000,15.9207316470,1.0000000000,0.8808000000,227.0663033606
446,100,0,2,100,100,0,0,102,394,100,100,0.0321918837,34.4398660990,50.0000000000,15.8405812685,1.0000000000,0.8816000000,226.8602540835
447,100,0,3,100,100,0,0,103,491,102,102,0.0326646677,34.4072014313,33.3333333333,22.8806636546,1.0000000000,0.8984000000,222.6179875334
448,100,0,3,100,100,0,0,103,491,101,101,0.0334878922,34.3737135390,33.3333333333,19.6807294565,1.0000000000,0.8904000000,224.6181491465
449,100,0,5,100,100,0,0,105,685,104,104,0.0334771967,34.3402363423,20.0000000000,22.4006116534,1.0000000000,0.9160000000,218.3406113537
450,100,0,1,100,100,0,0,101,297,100,100,0.0314357913,34.3088005509,100.0000000000,15.9206213107,1.0000000000,0.8808000000,227.0663033606
451,100,0,1,100,100,0,0,101,297,100,100,0.0420827118,34.2667178391,100.0000000000,15.9206262240,1.0000000000,0.8808000000,227.0663033606
452,100,0,1,100,100,0,0,101,297,100,100,0.0389456797,34.2277721594,100.0000000000,15.9206159815,1.0000000000,0.8808000000,227.0663033606
453,100,0,1,100,100,0,0,101,297,100,100,0.0400707038,34.1877014556,100.0000000000,15.9208565688,1.0000000000,0.8808000000,227.0663033606
454,100,0,1,100,100,0,0,101,297,100,100,0.0314159533,34.1562855023,100.0000000000,15.9206057971,1.0000000000,0.8808000000,227.0663033606
455,100,0,1,100,100,0,0,101,297,100,100,0.0305941385,34.1256913638,100.0000000000,15.9206220935,1.0000000000,0.8808000000,227.0663033606
456,100,0,1,100,100,0,0,101,297,100,100,0.0386188881,34.0870724756,100.0000000000,15.9208582013,1.0000000000,0.8808000000,227.0663033606
457,100,0,4,100,100,0,0,104,588,102,102,0.0328351255,34.0542373501,25.0000000000,20.8006553910,1.0000000000,0.8992000000,222.4199288256
458,100,0,2,100,100,0,0,102,394,101,101,0.0320252198,34.0222121303,50.0000000000,20.7207263457,1.0000000000,0.8896000000,224.8201438849
459,100,0,6,100,100,0,0,106,782,104,104,0.0375403693,33.9846717611,16.6666666667,21.2006176670,1.0000000000,0.9168000000,218.1500872600
460,100,0,2,100,100,0,0,102,394,101,101,0.0342463766,33.9504253845,50.0000000000,18.5606458593,1.0000000000,0.8896000000,224.8201438849
461,100,0,1,100,100,0,0,101,297,100,100,0.0330981052,33.9173272793,100.0000000000,15.9207373495,1.0000000000,0.8808000000,227.0663033606
462,100,0,1,100,100,0,0,101,297,100,100,0.0339499475,33.8833773318,100.0000000000,15.9207464073,1.0000000000,0.8808000000,227.0663033606
463,100,0,1,100,100,0,0,101,297,100,100,0.0414568151,33.8419205167,100.0000000000,15.9208631031,1.0000000000,0.8808000000,227.0663033606
464,100,0,1,100,100,0,0,101,297,100,100,0.0389886538,33.8029318628,100.0000000000,15.9208444747,1.0000000000,0.8808000000,227.0663033606
465,100,0,1,100,100,0,0,101,297,100,100,0.0309289713,33.7720028915,100.0000000000,15.9206695507,1.0000000000,0.8808000000,227.0663033606
466,100,0,3,100,100,0,0,103,491,102,102,0.0314031066,33.7405997849,33.3333333333,22.8806426850,1.0000000000,0.8984000000,222.6179875334
467,100,0,1,100,100,0,0,101,297,100,100,0.0406735152,33.6999262697,100.0000000000,15.9208404568,1.0000000000,0.8808000000,227.0663033606
468,100,0,1,100,100,0,0,101,297,100,100,0.0336325772,33.6662936925,100.0000000000,15.9207334365,1.0000000000,0.8808000000,227.0663033606
469,100,0,10,100,100,0,0,110,1170,109,109,0.0419332043,33.6243604882,10.0000000000,22.2405861943,1.0000000000,0.9600000000,208.3333333333
470,100,0,1,100,100,0,0,101,297,100,100,0.0383274336,33.5860330546,100.0000000000,15.9208313135,1.0000000000,0.8808000000,227.0663033606
471,100,0,1,100,100,0,0,101,297,100,100,0.0319447502,33.5540883045,100.0000000000,15.9206476096,1.0000000000,0.8808000000,227.0663033606
472,100,0,1,100,100,0,0,101,297,100,100,0.0351457672,33.5189425373,100.0000000000,15.9207597531,1.0000000000,0.8808000000,227.0663033606
473,100,0,1,100,100,0,0,101,297,100,100,0.0402567950,33.4786857423,100.0000000000,15.9208534513,1.0000000000,0.8808000000,227.0663033606
474,100,0,1,100,100,0,0,101,297,100,100,0.0391965338,33.4394892085,100.0000000000,15.9208433420,1.0000000000,0.8808000000,227.0663033606
475,100,0,1,100,100,0,0,101,297,100,100,0.0305941385,33.4088950700,100.0000000000,15.9206220935,1.0000000000,0.8808000000,227.0663033606
476,100,0,1,100,100,0,0,101,297,100,100,0.0370777366,33.3718173334,100.0000000000,15.9207663006,1.0000000000,0.8808000000,227.0663033606
477,100,0,1,100,100,0,0,101,297,100,100,0.0306914717,33.3411258617,100.0000000000,15.9206113514,1.0000000000,0.8808000000,227.0663033606
478,100,0,2,100,100,0,0,102,394,101,101,0.0311255047,33.3100003570,50.0000000000,21.1207137110,1.0000000000,0.8896000000,224.8201438849
479,100,0,4,100,100,0,0,104,588,102,102,0.0342414618,33.2757588952,25.0000000000,22.6406449760,1.0000000000,0.8992000000,222.4199288256
480,100,0,2,100,100,0,0,102,394,101,101,0.0310920600,33.2446668352,50.0000000000,19.6006176910,1.0000000000,0.8896000000,224.8201438849
481,100,0,1,100,100,0,0,101,297,100,100,0.0370498914,33.2076169438,100.0000000000,15.9207533966,1.0000000000,0.8808000000,227.0663033606
482,100,0,1,100,100,0,0,101,297,100,100,0.0320968380,33.1755201057,100.0000000000,15.9207112843,1.0000000000,0.8808000000,227.0663033606
483,100,0,1,100,100,0,0,101,297,100,100,0.0305479661,33.1449721396,100.0000000000,15.9206567029,1.0000000000,0.8808000000,227.0663033606
484,100,0,1,100,100,0,0,101,297,100,100,0.0369104010,33.1080617386,100.0000000000,15.9205865459,1.0000000000,0.8808000000,227.0663033606
485,100,0,1,100,100,0,0,101,297,100,100,0.0389200323,33.0691417063,100.0000000000,15.9206280372,1.0000000000,0.8808000000,227.0663033606
486,100,0,1,100,100,0,0,101,297,100,100,0.0347332094,33.0344084969,100.0000000000,15.9206611141,1.0000000000,0.8808000000,227.0663033606
487,100,0,2,100,100,0,0,102,394,101,101,0.0311746313,33.0032338656,50.0000000000,21.6807320520,1.0000000000,0.8896000000,224.8201438849
488,100,0,1,100,100,0,0,101,297,100,100,0.0329796506,32.9702542150,100.0000000000,15.9207083323,1.0000000000,0.8808000000,227.0663033606
489,100,0,7,100,100,0,0,107,879,105,105,0.0362337772,32.9340204378,14.2857142857,21.9206230290,1.0000000000,0.9256000000,216.0760587727
490,100,0,1,100,100,0,0,101,297,100,100,0.0309265577,32.9030938801,100.0000000000,15.9206018499,1.0000000000,0.8808000000,227.0663033606
491,100,0,1,100,100,0,0,101,297,100,100,0.0367570995,32.8663367806,100.0000000000,15.9207825841,1.0000000000,0.8808000000,227.0663033606
492,100,0,1,100,100,0,0,101,297,100,100,0.0353634885,32.8309732920,100.0000000000,15.9206554978,1.0000000000,0.8808000000,227.0663033606
493,100,0,1,100,100,0,0,101,297,100,100,0.0388504046,32.7921228874,100.0000000000,15.9208387403,1.0000000000,0.8808000000,227.0663033606
494,100,0,1,100,100,0,0,101,297,100,100,0.0410396857,32.7510832017,100.0000000000,15.9206000274,1.0000000000,0.8808000000,227.0663033606
495,100,0,2,100,100,0,0,102,394,100,100,0.0309627945,32.7201204072,50.0000000000,15.8405770239,1.0000000000,0.8816000000,226.8602540835
496,100,0,3,100,100,0,0,103,491,103,103,0.0321255761,32.6879948310,33.3333333333,22.6406927183,1.0000000000,0.9064000000,220.6531332745
497,100,0,1,100,100,0,0,101,297,100,100,0.0333226550,32.6546721760,100.0000000000,15.9207304187,1.0000000000,0.8808000000,227.0663033606
498,100,0,1,100,100,0,0,101,297,100,100,0.0330928727,32.6215793032,100.0000000000,15.9205645115,1.0000000000,0.8808000000,227.0663033606
499,100,0,4,100,100,0,0,104,588,101,101,0.0343204672,32.5872588360,25.0000000000,17.9206240819,1.0000000000,0.8912000000,224.4165170557
500,100,0,1,100,100,0,0,101,297,100,100,0.0339499475,32.5533088885,100.0000000000,15.9207464073,1.0000000000,0.8808000000,227.0663033606
501,100,0,1,100,100,0,0,101,297,100,100,0.0347633626,32.5185455259,100.0000000000,15.9206089434,1.0000000000,0.8808000000,227.0663033606
502,100,0,1,100,100,0,0,101,297,100,100,0.0376476260,32.4808978999,100.0000000000,15.9206097504,1.0000000000,0.8808000000,227.0663033606
503,100,0,1,100,100,0,0,101,297,100,100,0.0392387359,32.4416591640,100.0000000000,15.9208492485,1.0000000000,0.8808000000,227.0663033606
504,100,0,1,100,100,0,0,101,297,100,100,0.0382277467,32.4034314173,100.0000000000,15.9207801806,1.0000000000,0.8808000000,227.0663033606
505,100,0,1,100,100,0,0,101,297,100,100,0.0312753874,32.3721560299,100.0000000000,15.9205775852,1.0000000000,0.8808000000,227.0663033606
506,100,0,1,100,100,0,0,101,297,100,100,0.0375868095,32.3345692205,100.0000000000,15.9206426072,1.0000000000,0.8808000000,227.0663033606
507,100,0,1,100,100,0,0,101,297,100,100,0.0410396857,32.2935295347,100.0000000000,15.9206000274,1.0000000000,0.8808000000,227.0663033606
508,100,0,4,100,100,0,0,104,588,102,102,0.0349407746,32.2585887601,25.0000000000,21.0406309230,1.0000000000,0.8992000000,222.4199288256
509,100,0,4,100,100,0,0,104,588,102,102,0.0333699637,32.2252187964,25.0000000000,22.0806229780,1.0000000000,0.8992000000,222.4199288256
510,100,0,1,100,100,0,0,101,297,100,100,0.0309265577,32.1942922387,100.0000000000,15.9206018499,1.0000000000,0.8808000000,227.0663033606
511,100,0,1,100,100,0,0,101,297,100,100,0.0369013478,32.1573908909,100.0000000000,15.9208307162,1.0000000000,0.8808000000,227.0663033606
512,100,0,1,100,100,0,0,101,297,100,100,0.0389456797,32.1184452112,100.0000000000,15.9206159815,1.0000000000,0.8808000000,227.0663033606
513,100,0,2,100,100,0,0,102,394,101,101,0.0321086379,32.0863365733,50.0000000000,17.2806537747,1.0000000000,0.8896000000,224.8201438849
514,100,0,1,100,100,0,0,101,297,100,100,0.0360657911,32.0502707822,100.0000000000,15.9205443948,1.0000000000,0.8808000000,227.0663033606
515,100,0,2,100,100,0,0,102,394,101,101,0.0313632705,32.0189075118,50.0000000000,21.4405904090,1.0000000000,0.8896000000,224.8201438849
516,100,0,2,100,100,0,0,102,394,101,101,0.0314308307,31.9874766811,50.0000000000,22.1607092322,1.0000000000,0.8896000000,224.8201438849
517,100,0,3,100,100,0,0,103,491,102,102,0.0358822012,31.9515944798,33.3333333333,19.6007788502,1.0000000000,0.8984000000,222.6179875334
518,100,0,3,100,100,0,0,103,491,102,102,0.0312733921,31.9203210878,33.3333333333,22.7206352259,1.0000000000,0.8984000000,222.6179875334
519,100,0,3,100,100,0,0,103,491,102,102,0.0321075183,31.8882135694,33.3333333333,20.8806758089,1.0000000000,0.8984000000,222.6179875334
520,100,0,1,100,100,0,0,101,297,100,100,0.0416775588,31.8465360106,100.0000000000,15.9208783996,1.0000000000,0.8808000000,227.0663033606
521,100,0,2,100,100,0,0,102,394,101,101,0.0335880116,31.8129479989,50.0000000000,20.9606920056,1.0000000000,0.8896000000,224.8201438849
522,100,0,1,100,100,0,0,101,297,100,100,0.0367197874,31.7762282115,100.0000000000,15.9208194089,1.0000000000,0.8808000000,227.0663033606
523,100,0,1,100,100,0,0,101,297,100,100,0.0330981052,31.7431301063,100.0000000000,15.9207373495,1.0000000000,0.8808000000,227.0663033606
524,100,0,1,100,100,0,0,101,297,100,100,0.0328693273,31.7102607789,100.0000000000,15.9205746287,1.0000000000,0.8808000000,227.0663033606
525,100,0,1,100,100,0,0,101,297,100,100,0.0346833207,31.6755774583,100.0000000000,15.9207464110,1.0000000000,0.8808000000,227.0663033606
526,100,0,2,100,100,0,0,102,394,100,100,0.0337997929,31.6417776654,50.0000000000,15.8405880286,1.0000000000,0.8816000000,226.8602540835
527,100,0,2,100,100,0,0,102,394,101,101,0.0313230974,31.6104545680,50.0000000000,21.4406769175,1.0000000000,0.8896000000,224.8201438849
528,100,0,3,100,100,0,0,103,491,101,101,0.0330444497,31.5774101183,33.3333333333,19.0405907495,1.0000000000,0.8904000000,224.6181491465
529,100,0,3,100,100,0,0,103,491,102,102,0.0313366419,31.5460734764,33.3333333333,22.4806495028,1.0000000000,0.8984000000,222.6179875334
530,100,0,1,100,100,0,0,101,297,100,100,0.0330167188,31.5130567576,100.0000000000,15.9206768269,1.0000000000,0.8808000000,227.0663033606
531,100,0,1,100,100,0,0,101,297,100,100,0.0324289137,31.4806278439,100.0000000000,15.9205865928,1.0000000000,0.8808000000,227.0663033606
532,100,0,1,100,100,0,0,101,297,100,100,0.0306914717,31.4499363723,100.0000000000,15.9206113514,1.0000000000,0.8808000000,227.0663033606
533,100,0,2,100,100,0,0,102,394,101,101,0.0315719946,31.4183643777,50.0000000000,21.7606894949,1.0000000000,0.8896000000,224.8201438849
534,100,0,1,100,100,0,0,101,297,100,100,0.0370486141,31.3813157636,100.0000000000,15.9208339969,1.0000000000,0.8808000000,227.0663033606
535,100,0,1,100,100,0,0,101,297,100,100,0.0413263690,31.3399893946,100.0000000000,15.9208414561,1.0000000000,0.8808000000,227.0663033606
536,100,0,6,100,100,0,0,106,782,103,103,0.0357410040,31.3042483906,16.6666666667,19.6006054042,1.0000000000,0.9088000000,220.0704225352
537,100,0,1,100,100,0,0,101,297,100,100,0.0427954737,31.2614529169,100.0000000000,15.9208792373,1.0000000000,0.8808000000,227.0663033606
538,100,0,3,100,100,0,0,103,491,101,101,0.0318787180,31.2295741989,33.3333333333,19.6005860951,1.0000000000,0.8904000000,224.6181491465
539,100,0,3,100,100,0,0,103,491,101,101,0.0316993465,31.1978748524,33.3333333333,20.2406010315,1.0000000000,0.8904000000,224.6181491465
540,100,0,1,100,100,0,0,101,297,100,100,0.0415200005,31.1563548519,100.0000000000,15.9208503264,1.0000000000,0.8808000000,227.0663033606
541,100,0,1,100,100,0,0,101,297,100,100,0.0373067561,31.1190480958,100.0000000000,15.9208247396,1.0000000000,0.8808000000,227.0663033606
542,100,0,1,100,100,0,0,101,297,100,100,0.0376476260,31.0814004697,100.0000000000,15.9206097504,1.0000000000,0.8808000000,227.0663033606
543,100,0,1,100,100,0,0,101,297,100,100,0.0351773864,31.0462230834,100.0000000000,15.9206102097,1.0000000000,0.8808000000,227.0663033606
544,100,0,1,100,100,0,0,101,297,100,100,0.0321652129,31.0140578705,100.0000000000,15.9206406374,1.0000000000,0.8808000000,227.0663033606
545,100,0,1,100,100,0,0,101,297,100,100,0.0324974764,30.9815603941,100.0000000000,15.9207316470,1.0000000000,0.8808000000,227.0663033606
546,100,0,4,100,100,0,0,104,588,103,103,0.0351610549,30.9463993391,25.0000000000,22.1606394050,1.0000000000,0.9072000000,220.4585537919
547,100,0,1,100,100,0,0,101,297,100,100,0.0358976169,30.9105017222,100.0000000000,15.9208131574,1.0000000000,0.8808000000,227.0663033606
548,100,0,1,100,100,0,0,101,297,100,100,0.0320442306,30.8784574916,100.0000000000,15.9206826420,1.0000000000,0.8808000000,227.0663033606
549,100,0,4,100,100,0,0,104,588,103,103,0.0336636723,30.8447938193,25.0000000000,21.2806462764,1.0000000000,0.9072000000,220.4585537919
550,100,0,1,100,100,0,0,101,297,100,100,0.0321192781,30.8126745412,100.0000000000,15.9206141271,1.0000000000,0.8808000000,227.0663033606
551,100,0,1,100,100,0,0,101,297,100,100,0.0381990727,30.7744754685,100.0000000000,15.9208371771,1.0000000000,0.8808000000,227.0663033606
552,100,0,1,100,100,0,0,101,297,100,100,0.0361197134,30.7383557551,100.0000000000,15.9208169515,1.0000000000,0.8808000000,227.0663033606
553,100,0,1,100,100,0,0,101,297,100,100,0.0420827118,30.6962730432,100.0000000000,15.9206262240,1.0000000000,0.8808000000,227.0663033606
554,100,0,1,100,100,0,0,101,297,100,100,0.0337935629,30.6624794803,100.0000000000,15.9207398053,1.0000000000,0.8808000000,227.0663033606
555,100,0,1,100,100,0,0,101,297,100,100,0.0382063819,30.6242730984,100.0000000000,15.9208184419,1.0000000000,0.8808000000,227.0663033606
556,100,0,2,100,100,0,0,102,394,101,101,0.0307575037,30.5935155947,50.0000000000,20.1606095912,1.0000000000,0.8896000000,224.8201438849
557,100,0,1,100,100,0,0,101,297,100,100,0.0364679072,30.5570476876,100.0000000000,15.9205858391,1.0000000000,0.8808000000,227.0663033606
558,100,0,4,100,100,0,0,104,588,103,103,0.0362257698,30.5208219178,25.0000000000,22.6406779448,1.0000000000,0.9072000000,220.4585537919
559,100,0,3,100,100,0,0,103,491,101,101,0.0324629290,30.4883589888,33.3333333333,18.9605914873,1.0000000000,0.8904000000,224.6181491465
560,100,0,1,100,100,0,0,101,297,100,100,0.0352361439,30.4531228449,100.0000000000,15.9207139336,1.0000000000,0.8808000000,227.0663033606
561,100,0,1,100,100,0,0,101,297,100,100,0.0325579170,30.4205649279,100.0000000000,15.9205634182,1.0000000000,0.8808000000,227.0663033606
562,100,0,1,100,100,0,0,101,297,100,100,0.0390543728,30.3815105551,100.0000000000,15.9208468048,1.0000000000,0.8808000000,227.0663033606
563,100,0,2,100,100,0,0,102,394,100,100,0.0321842306,30.3493263246,50.0000000000,15.8405967902,1.0000000000,0.8816000000,226.8602540835
564,100,0,1,100,100,0,0,101,297,100,100,0.0358342586,30.3134920659,100.0000000000,15.9208054875,1.0000000000,0.8808000000,227.0663033606
565,100,0,1,100,100,0,0,101,297,100,100,0.0376127738,30.2758792921,100.0000000000,15.9206034524,1.0000000000,0.8808000000,227.0663033606
566,100,0,1,100,100,0,0,101,297,100,100,0.0386188881,30.2372604040,100.0000000000,15.9208582013,1.0000000000,0.8808000000,227.0663033606
567,100,0,2,100,100,0,0,102,394,101,101,0.0326844035,30.2045760005,50.0000000000,23.0406692827,1.0000000000,0.8896000000,224.8201438849
568,100,0,1,100,100,0,0,101,297,100,100,0.0320968380,30.1724791625,100.0000000000,15.9207112843,1.0000000000,0.8808000000,227.0663033606
569,100,0,2,100,100,0,0,102,394,101,101,0.0305333495,30.1419458130,50.0000000000,22.5606692752,1.0000000000,0.8896000000,224.8201438849
570,100,0,1,100,100,0,0,101,297,100,100,0.0400707038,30.1018751092,100.0000000000,15.9208565688,1.0000000000,0.8808000000,227.0663033606
571,100,0,1,100,100,0,0,101,297,100,100,0.0346833207,30.0671917885,100.0000000000,15.9207464110,1.0000000000,0.8808000000,227.0663033606
572,100,0,1,100,100,0,0,101,297,100,100,0.0409320031,30.0262597854,100.0000000000,15.9208542689,1.0000000000,0.8808000000,227.0663033606
573,100,0,1,100,100,0,0,101,297,100,100,0.0321358696,29.9941239158,100.0000000000,15.9206268382,1.0000000000,0.8808000000,227.0663033606
574,100,0,2,100,100,0,0,102,394,101,101,0.0314520926,29.9626718231,50.0000000000,21.4406646601,1.0000000000,0.8896000000,224.8201438849
575,100,0,2,100,100,0,0,102,394,101,101,0.0325162812,29.9301555419,50.0000000000,20.2407875310,1.0000000000,0.8896000000,224.8201438849
576,100,0,1,100,100,0,0,101,297,100,100,0.0308379659,29.8993175761,100.0000000000,15.9205872317,1.0000000000,0.8808000000,227.0663033606
577,100,0,2,100,100,0,0,102,394,100,100,0.0326730866,29.8666444894,50.0000000000,15.8405692389,1.0000000000,0.8816000000,226.8602540835
578,100,0,1,100,100,0,0,101,297,100,100,0.0376127738,29.8290317156,100.0000000000,15.9206034524,1.0000000000,0.8808000000,227.0663033606
579,100,0,4,100,100,0,0,104,588,103,103,0.0336358521,29.7953958635,25.0000000000,23.3605790310,1.0000000000,0.9072000000,220.4585537919
580,100,0,1,100,100,0,0,101,297,100,100,0.0309289713,29.7644668922,100.0000000000,15.9206695507,1.0000000000,0.8808000000,227.0663033606
581,100,0,1,100,100,0,0,101,297,100,100,0.0389886538,29.7254782384,100.0000000000,15.9208444747,1.0000000000,0.8808000000,227.0663033606
582,100,0,1,100,100,0,0,101,297,100,100,0.0370895643,29.6883886741,100.0000000000,15.9207106889,1.0000000000,0.8808000000,227.0663033606
583,100,0,1,100,100,0,0,101,297,100,100,0.0383274336,29.6500612405,100.0000000000,15.9208313135,1.0000000000,0.8808000000,227.0663033606
584,100,0,4,100,100,0,0,103,588,102,102,0.0336378602,29.6164233804,25.0000000000,22.8006352656,1.0000000000,0.8984000000,222.6179875334
585,100,0,2,100,100,0,0,102,394,101,101,0.0325943982,29.5838289822,50.0000000000,18.0806288729,1.0000000000,0.8896000000,224.8201438849
586,100,0,1,100,100,0,0,101,297,100,100,0.0330928727,29.5507361094,100.0000000000,15.9205645115,1.0000000000,0.8808000000,227.0663033606
587,100,0,1,100,100,0,0,101,297,100,100,0.0309265577,29.5198095518,100.0000000000,15.9206018499,1.0000000000,0.8808000000,227.0663033606
588,100,0,3,100,100,0,0,103,491,102,102,0.0329314636,29.4868780882,33.3333333333,20.8806686229,1.0000000000,0.8984000000,222.6179875334
589,100,0,5,100,100,0,0,105,685,104,104,0.0333519402,29.4535261480,20.0000000000,22.0006140613,1.0000000000,0.9160000000,218.3406113537
590,100,0,1,100,100,0,0,101,297,100,100,0.0414568151,29.4120693329,100.0000000000,15.9208631031,1.0000000000,0.8808000000,227.0663033606
591,100,0,1,100,100,0,0,101,297,100,100,0.0353224571,29.3767468758,100.0000000000,15.9206293563,1.0000000000,0.8808000000,227.0663033606
592,100,0,1,100,100,0,0,101,297,100,100,0.0389200323,29.3378268435,100.0000000000,15.9206280372,1.0000000000,0.8808000000,227.0663033606
593,100,0,2,100,100,0,0,102,394,101,101,0.0302407612,29.3075860823,50.0000000000,21.9206745146,1.0000000000,0.8896000000,224.8201438849
594,100,0,1,100,100,0,0,101,297,100,100,0.0391965338,29.2683895486,100.0000000000,15.9208433420,1.0000000000,0.8808000000,227.0663033606
595,100,0,1,100,100,0,0,101,297,100,100,0.0336325772,29.2347569713,100.0000000000,15.9207334365,1.0000000000,0.8808000000,227.0663033606
596,100,0,1,100,100,0,0,101,297,100,100,0.0370498914,29.1977070799,100.0000000000,15.9207533966,1.0000000000,0.8808000000,227.0663033606
597,100,0,1,100,100,0,0,101,297,100,100,0.0370777366,29.1606293433,100.0000000000,15.9207663006,1.0000000000,0.8808000000,227.0663033606
598,100,0,3,100,100,0,0,103,491,102,102,0.0318489971,29.1287803462,33.3333333333,20.6406309472,1.0000000000,0.8984000000,222.6179875334
599,100,0,5,100,100,0,0,105,685,103,103,0.0347878832,29.0939924630,20.0000000000,20.5605919815,1.0000000000,0.9080000000,220.2643171806
600,100,0,1,100,100,0,0,101,297,100,100,0.0333226550,29.0606698080,100.0000000000,15.9207304187,1.0000000000,0.8808000000,227.0663033606
601,100,0,2,100,100,0,0,102,394,100,100,0.0330299844,29.0276398236,50.0000000000,15.8405367705,1.0000000000,0.8816000000,226.8602540835
602,100,0,1,100,100,0,0,101,297,100,100,0.0360657911,28.9915740325,100.0000000000,15.9205443948,1.0000000000,0.8808000000,227.0663033606
603,100,0,1,100,100,0,0,101,297,100,100,0.0369013478,28.9546726846,100.0000000000,15.9208307162,1.0000000000,0.8808000000,227.0663033606
604,100,0,1,100,100,0,0,101,297,100,100,0.0315374191,28.9231352655,100.0000000000,15.9206172794,1.0000000000,0.8808000000,227.0663033606
605,100,0,1,100,100,0,0,101,297,100,100,0.0347633626,28.8883719030,100.0000000000,15.9206089434,1.0000000000,0.8808000000,227.0663033606
606,100,0,1,100,100,0,0,101,297,100,100,0.0343097116,28.8540621914,100.0000000000,15.9207102456,1.0000000000,0.8808000000,227.0663033606
607,100,0,3,100,100,0,0,103,491,102,102,0.0325013963,28.8215607951,33.3333333333,23.1206857567,1.0000000000,0.8984000000,222.6179875334
608,100,0,3,100,100,0,0,103,491,102,102,0.0329891484,28.7885716467,33.3333333333,20.8006095848,1.0000000000,0.8984000000,222.6179875334
609,100,0,3,100,100,0,0,103,491,102,102,0.0323136821,28.7562579646,33.3333333333,21.1205986756,1.0000000000,0.8984000000,222.6179875334
610,100,0,1,100,100,0,0,101,297,100,100,0.0388504046,28.7174075600,100.0000000000,15.9208387403,1.0000000000,0.8808000000,227.0663033606
611,100,0,1,100,100,0,0,101,297,100,100,0.0305479661,28.6868595938,100.0000000000,15.9206567029,1.0000000000,0.8808000000,227.0663033606
612,100,0,1,100,100,0,0,101,297,100,100,0.0384983829,28.6483612109,100.0000000000,15.9208153785,1.0000000000,0.8808000000,227.0663033606
613,100,0,1,100,100,0,0,101,297,100,100,0.0312431902,28.6171180207,100.0000000000,15.9206850647,1.0000000000,0.8808000000,227.0663033606
614,100,0,1,100,100,0,0,101,297,100,100,0.0367197874,28.5803982333,100.0000000000,15.9208194089,1.0000000000,0.8808000000,227.0663033606
615,100,0,2,100,100,0,0,102,394,101,101,0.0315380418,28.5488601915,50.0000000000,20.8005907404,1.0000000000,0.8896000000,224.8201438849
616,100,0,1,100,100,0,0,101,297,100,100,0.0402567950,28.5086033965,100.0000000000,15.9208534513,1.0000000000,0.8808000000,227.0663033606
617,100,0,3,100,100,0,0,103,491,102,102,0.0336139205,28.4749894760,33.3333333333,20.6406960746,1.0000000000,0.8984000000,222.6179875334
618,100,0,1,100,100,0,0,101,297,100,100,0.0386813257,28.4363081503,100.0000000000,15.9205874863,1.0000000000,0.8808000000,227.0663033606
619,100,0,2,100,100,0,0,102,394,101,101,0.0320559003,28.4042522500,50.0000000000,20.1605959310,1.0000000000,0.8896000000,224.8201438849
620,100,0,1,100,100,0,0,101,297,100,100,0.0312466374,28.3730056126,100.0000000000,15.9205861993,1.0000000000,0.8808000000,227.0663033606
621,100,0,1,100,100,0,0,101,297,100,100,0.0367570995,28.3362485131,100.0000000000,15.9207825841,1.0000000000,0.8808000000,227.0663033606
622,100,0,1,100,100,0,0,101,297,100,100,0.0370486141,28.2991998990,100.0000000000,15.9208339969,1.0000000000,0.8808000000,227.0663033606
623,100,0,1,100,100,0,0,101,297,100,100,0.0392387359,28.2599611631,100.0000000000,15.9208492485,1.0000000000,0.8808000000,227.0663033606
624,100,0,1,100,100,0,0,101,297,100,100,0.0363063501,28.2236548130,100.0000000000,15.9207994209,1.0000000000,0.8808000000,227.0663033606
625,100,0,2,100,100,0,0,102,394,101,101,0.0331597224,28.1904950906,50.0000000000,21.2006726858,1.0000000000,0.8896000000,224.8201438849
626,100,0,1,100,100,0,0,101,297,100,100,0.0330167188,28.1574783718,100.0000000000,15.9206768269,1.0000000000,0.8808000000,227.0663033606
627,100,0,1,100,100,0,0,101,297,100,100,0.0358976169,28.1215807549,100.0000000000,15.9208131574,1.0000000000,0.8808000000,227.0663033606
628,100,0,2,100,100,0,0,102,394,101,101,0.0341841073,28.0873966476,50.0000000000,17.6006850497,1.0000000000,0.8896000000,224.8201438849
629,100,0,3,100,100,0,0,103,491,101,101,0.0326842874,28.0547123601,33.3333333333,20.7206518924,1.0000000000,0.8904000000,224.6181491465
630,100,0,1,100,100,0,0,101,297,100,100,0.0361197134,28.0185926467,100.0000000000,15.9208169515,1.0000000000,0.8808000000,227.0663033606
631,100,0,1,100,100,0,0,101,297,100,100,0.0337935629,27.9847990838,100.0000000000,15.9207398053,1.0000000000,0.8808000000,227.0663033606
632,100,0,1,100,100,0,0,101,297,100,100,0.0373067561,27.9474923277,100.0000000000,15.9208247396,1.0000000000,0.8808000000,227.0663033606
633,100,0,1,100,100,0,0,101,297,100,100,0.0313034570,27.9161888707,100.0000000000,15.9206819323,1.0000000000,0.8808000000,227.0663033606
634,100,0,1,100,100,0,0,101,297,100,100,0.0339499475,27.8822389231,100.0000000000,15.9207464073,1.0000000000,0.8808000000,227.0663033606
635,100,0,1,100,100,0,0,101,297,100,100,0.0323556381,27.8498832851,100.0000000000,15.9205949318,1.0000000000,0.8808000000,227.0663033606
636,100,0,1,100,100,0,0,101,297,100,100,0.0347332094,27.8151500757,100.0000000000,15.9206611141,1.0000000000,0.8808000000,227.0663033606
637,100,0,1,100,100,0,0,101,297,100,100,0.0309148192,27.7842352564,100.0000000000,15.9206165884,1.0000000000,0.8808000000,227.0663033606
638,100,0,1,100,100,0,0,101,297,100,100,0.0310127500,27.7532225064,100.0000000000,15.9206404831,1.0000000000,0.8808000000,227.0663033606
639,100,0,2,100,100,0,0,102,394,101,101,0.0305333495,27.7226891569,50.0000000000,22.5606692752,1.0000000000,0.8896000000,224.8201438849
640,100,0,1,100,100,0,0,101,297,100,100,0.0381990727,27.6844900842,100.0000000000,15.9208371771,1.0000000000,0.8808000000,227.0663033606
641,100,0,1,100,100,0,0,101,297,100,100,0.0321192781,27.6523708061,100.0000000000,15.9206141271,1.0000000000,0.8808000000,227.0663033606
642,100,0,1,100,100,0,0,101,297,100,100,0.0358342586,27.6165365475,100.0000000000,15.9208054875,1.0000000000,0.8808000000,227.0663033606
643,100,0,1,100,100,0,0,101,297,100,100,0.0313934016,27.5851431459,100.0000000000,15.9206365989,1.0000000000,0.8808000000,227.0663033606
644,100,0,1,100,100,0,0,101,297,100,100,0.0312466374,27.5538965085,100.0000000000,15.9205861993,1.0000000000,0.8808000000,227.0663033606
645,100,0,1,100,100,0,0,101,297,100,100,0.0351457672,27.5187507413,100.0000000000,15.9207597531,1.0000000000,0.8808000000,227.0663033606
646,100,0,1,100,100,0,0,101,297,100,100,0.0378585976,27.4808921437,100.0000000000,15.9207861042,1.0000000000,0.8808000000,227.0663033606
647,100,0,3,100,100,0,0,103,491,101,101,0.0321962979,27.4486958458,33.3333333333,20.0805837429,1.0000000000,0.8904000000,224.6181491465
648,100,0,1,100,100,0,0,101,297,100,100,0.0321358696,27.4165599762,100.0000000000,15.9206268382,1.0000000000,0.8808000000,227.0663033606
649,100,0,3,100,100,0,0,103,491,101,101,0.0326249840,27.3839349922,33.3333333333,20.0806329629,1.0000000000,0.8904000000,224.6181491465
650,100,0,1,100,100,0,0,101,297,100,100,0.0370486141,27.3468863781,100.0000000000,15.9208339969,1.0000000000,0.8808000000,227.0663033606
651,100,0,1,100,100,0,0,101,297,100,100,0.0416775588,27.3052088193,100.0000000000,15.9208783996,1.0000000000,0.8808000000,227.0663033606
652,100,0,1,100,100,0,0,101,297,100,100,0.0382063819,27.2670024374,100.0000000000,15.9208184419,1.0000000000,0.8808000000,227.0663033606
653,100,0,2,100,100,0,0,102,394,100,100,0.0334851374,27.2335173000,50.0000000000,15.8405401593,1.0000000000,0.8816000000,226.8602540835
654,100,0,2,100,100,0,0,102,394,101,101,0.0308694610,27.2026478390,50.0000000000,20.2406824683,1.0000000000,0.8896000000,224.8201438849
655,100,0,1,100,100,0,0,101,297,100,100,0.0406735152,27.1619743238,100.0000000000,15.9208404568,1.0000000000,0.8808000000,227.0663033606
656,100,0,3,100,100,0,0,103,491,102,102,0.0322870671,27.1296872567,33.3333333333,23.0407051929,1.0000000000,0.8984000000,222.6179875334
657,100,0,1,100,100,0,0,101,297,100,100,0.0390543728,27.0906328839,100.0000000000,15.9208468048,1.0000000000,0.8808000000,227.0663033606
658,100,0,3,100,100,0,0,103,491,101,101,0.0348452749,27.0557876091,33.3333333333,21.3606026162,1.0000000000,0.8904000000,224.6181491465
659,100,0,5,100,100,0,0,105,685,103,103,0.0340665790,27.0217210300,20.0000000000,20.1606044632,1.0000000000,0.9080000000,220.2643171806
660,100,0,1,100,100,0,0,101,297,100,100,0.0353634885,26.9863575415,100.0000000000,15.9206554978,1.0000000000,0.8808000000,227.0663033606
661,100,0,1,100,100,0,0,101,297,100,100,0.0330928727,26.9532646687,100.0000000000,15.9205645115,1.0000000000,0.8808000000,227.0663033606
662,100,0,1,100,100,0,0,101,297,100,100,0.0320442306,26.9212204381,100.0000000000,15.9206826420,1.0000000000,0.8808000000,227.0663033606
663,100,0,1,100,100,0,0,101,297,100,100,0.0382277467,26.8829926914,100.0000000000,15.9207801806,1.0000000000,0.8808000000,227.0663033606
664,100,0,2,100,100,0,0,102,394,101,101,0.0310601016,26.8519325898,50.0000000000,19.9206426956,1.0000000000,0.8896000000,224.8201438849
665,100,0,1,100,100,0,0,101,297,100,100,0.0383274336,26.8136051563,100.0000000000,15.9208313135,1.0000000000,0.8808000000,227.0663033606
666,100,0,1,100,100,0,0,101,297,100,100,0.0302893698,26.7833157865,100.0000000000,15.9206380434,1.0000000000,0.8808000000,227.0663033606
667,100,0,1,100,100,0,0,101,297,100,100,0.0420827118,26.7412330747,100.0000000000,15.9206262240,1.0000000000,0.8808000000,227.0663033606
668,100,0,2,100,100,0,0,102,394,101,101,0.0318289083,26.7094041664,50.0000000000,20.4007233966,1.0000000000,0.8896000000,224.8201438849
669,100,0,8,100,100,0,0,108,976,107,107,0.0380702002,26.6713339662,12.5000000000,22.2406306439,1.0000000000,0.9424000000,212.2241086587
670,100,0,1,100,100,0,0,101,297,100,100,0.0386188881,26.6327150781,100.0000000000,15.9208582013,1.0000000000,0.8808000000,227.0663033606
671,100,0,1,100,100,0,0,101,297,100,100,0.0427954737,26.5899196044,100.0000000000,15.9208792373,1.0000000000,0.8808000000,227.0663033606
672,100,0,1,100,100,0,0,101,297,100,100,0.0415200005,26.5483996039,100.0000000000,15.9208503264,1.0000000000,0.8808000000,227.0663033606
673,100,0,1,100,100,0,0,101,297,100,100,0.0320968380,26.5163027658,100.0000000000,15.9207112843,1.0000000000,0.8808000000,227.0663033606
674,100,0,1,100,100,0,0,101,297,100,100,0.0312753874,26.4850273785,100.0000000000,15.9205775852,1.0000000000,0.8808000000,227.0663033606
675,100,0,1,100,100,0,0,101,297,100,100,0.0413263690,26.4437010095,100.0000000000,15.9208414561,1.0000000000,0.8808000000,227.0663033606
676,100,0,1,100,100,0,0,101,297,100,100,0.0330981052,26.4106029043,100.0000000000,15.9207373495,1.0000000000,0.8808000000,227.0663033606
677,100,0,3,100,100,0,0,103,491,102,102,0.0325975718,26.3780053325,33.3333333333,22.0806420462,1.0000000000,0.8984000000,222.6179875334
678,100,0,1,100,100,0,0,101,297,100,100,0.0308379659,26.3471673666,100.0000000000,15.9205872317,1.0000000000,0.8808000000,227.0663033606
679,100,0,5,100,100,0,0,105,685,103,103,0.0338312089,26.3133361578,20.0000000000,20.9606275437,1.0000000000,0.9080000000,220.2643171806
680,100,0,1,100,100,0,0,101,297,100,100,0.0386813257,26.2746548321,100.0000000000,15.9205874863,1.0000000000,0.8808000000,227.0663033606
681,100,0,1,100,100,0,0,101,297,100,100,0.0389886538,26.2356661783,100.0000000000,15.9208444747,1.0000000000,0.8808000000,227.0663033606
682,100,0,2,100,100,0,0,102,394,101,101,0.0338737266,26.2017924516,50.0000000000,17.9206987852,1.0000000000,0.8896000000,224.8201438849
683,100,0,1,100,100,0,0,101,297,100,100,0.0309289713,26.1708634803,100.0000000000,15.9206695507,1.0000000000,0.8808000000,227.0663033606
684,100,0,1,100,100,0,0,101,297,100,100,0.0358342586,26.1350292217,100.0000000000,15.9208054875,1.0000000000,0.8808000000,227.0663033606
685,100,0,1,100,100,0,0,101,297,100,100,0.0315502223,26.1034789994,100.0000000000,15.9206925982,1.0000000000,0.8808000000,227.0663033606
686,100,0,1,100,100,0,0,101,297,100,100,0.0347633626,26.0687156369,100.0000000000,15.9206089434,1.0000000000,0.8808000000,227.0663033606
687,100,0,2,100,100,0,0,102,394,100,100,0.0313874844,26.0373281525,50.0000000000,15.8406022656,1.0000000000,0.8816000000,226.8602540835
688,100,0,2,100,100,0,0,102,394,101,101,0.0310139838,26.0063141687,50.0000000000,20.9606542777,1.0000000000,0.8896000000,224.8201438849
689,100,0,4,100,100,0,0,104,588,102,102,0.0330559470,25.9732582217,25.0000000000,21.1205803624,1.0000000000,0.8992000000,222.4199288256
690,100,0,1,100,100,0,0,101,297,100,100,0.0400707038,25.9331875178,100.0000000000,15.9208565688,1.0000000000,0.8808000000,227.0663033606
691,100,0,1,100,100,0,0,101,297,100,100,0.0333226550,25.8998648628,100.0000000000,15.9207304187,1.0000000000,0.8808000000,227.0663033606
692,100,0,2,100,100,0,0,102,394,101,101,0.0328727621,25.8669921007,50.0000000000,20.0807157820,1.0000000000,0.8896000000,224.8201438849
693,100,0,1,100,100,0,0,101,297,100,100,0.0409320031,25.8260600975,100.0000000000,15.9208542689,1.0000000000,0.8808000000,227.0663033606
694,100,0,2,100,100,0,0,102,394,101,101,0.0308726399,25.7951874576,50.0000000000,20.7206884586,1.0000000000,0.8896000000,224.8201438849
695,100,0,1,100,100,0,0,101,297,100,100,0.0324974764,25.7626899812,100.0000000000,15.9207316470,1.0000000000,0.8808000000,227.0663033606
696,100,0,1,100,100,0,0,101,297,100,100,0.0352361439,25.7274538373,100.0000000000,15.9207139336,1.0000000000,0.8808000000,227.0663033606
697,100,0,3,100,100,0,0,103,491,102,102,0.0333076409,25.6941461964,33.3333333333,22.7206256869,1.0000000000,0.8984000000,222.6179875334
698,100,0,1,100,100,0,0,101,297,100,100,0.0315374191,25.6626087773,100.0000000000,15.9206172794,1.0000000000,0.8808000000,227.0663033606
699,100,0,3,100,100,0,0,103,491,102,102,0.0319228051,25.6306859722,33.3333333333,21.0406975878,1.0000000000,0.8984000000,222.6179875334
700,100,0,1,100,100,0,0,101,297,100,100,0.0312466374,25.5994393348,100.0000000000,15.9205861993,1.0000000000,0.8808000000,227.0663033606
701,100,0,1,100,100,0,0,101,297,100,100,0.0335480708,25.5658912640,100.0000000000,15.9205544990,1.0000000000,0.8808000000,227.0663033606
702,100,0,1,100,100,0,0,101,297,100,100,0.0370498914,25.5288413726,100.0000000000,15.9207533966,1.0000000000,0.8808000000,227.0663033606
703,100,0,1,100,100,0,0,101,297,100,100,0.0413252605,25.4875161121,100.0000000000,15.9206165664,1.0000000000,0.8808000000,227.0663033606
704,100,0,1,100,100,0,0,101,297,100,100,0.0391965338,25.4483195783,100.0000000000,15.9208433420,1.0000000000,0.8808000000,227.0663033606
705,100,0,2,100,100,0,0,102,394,101,101,0.0354707817,25.4128487966,50.0000000000,19.0407569134,1.0000000000,0.8896000000,224.8201438849
706,100,0,3,100,100,0,0,103,491,102,102,0.0313745461,25.3814742504,33.3333333333,22.6406378155,1.0000000000,0.8984000000,222.6179875334
707,100,0,3,100,100,0,0,103,491,102,102,0.0331663087,25.3483079417,33.3333333333,20.0006541390,1.0000000000,0.8984000000,222.6179875334
708,100,0,1,100,100,0,0,101,297,100,100,0.0320968380,25.3162111037,100.0000000000,15.9207112843,1.0000000000,0.8808000000,227.0663033606
709,100,0,2,100,100,0,0,102,394,101,101,0.0320897361,25.2841213676,50.0000000000,17.9206106249,1.0000000000,0.8896000000,224.8201438849
710,100,0,1,100,100,0,0,101,297,100,100,0.0410396857,25.2430816818,100.0000000000,15.9206000274,1.0000000000,0.8808000000,227.0663033606
711,100,0,1,100,100,0,0,101,297,100,100,0.0321471633,25.2109345185,100.0000000000,15.9206166557,1.0000000000,0.8808000000,227.0663033606
712,100,0,2,100,100,0,0,102,394,101,101,0.0304618734,25.1804726451,50.0000000000,22.5606634126,1.0000000000,0.8896000000,224.8201438849
713,100,0,1,100,100,0,0,101,297,100,100,0.0366872609,25.1437853842,100.0000000000,15.9206627167,1.0000000000,0.8808000000,227.0663033606
714,100,0,1,100,100,0,0,101,297,100,100,0.0360657911,25.1077195932,100.0000000000,15.9205443948,1.0000000000,0.8808000000,227.0663033606
715,100,0,1,100,100,0,0,101,297,100,100,0.0414568151,25.0662627780,100.0000000000,15.9208631031,1.0000000000,0.8808000000,227.0663033606
716,100,0,1,100,100,0,0,101,297,100,100,0.0312431902,25.0350195879,100.0000000000,15.9206850647,1.0000000000,0.8808000000,227.0663033606
717,100,0,2,100,100,0,0,102,394,101,101,0.0307593450,25.0042602429,50.0000000000,21.3607082587,1.0000000000,0.8896000000,224.8201438849
718,100,0,1,100,100,0,0,101,297,100,100,0.0339499475,24.9703102954,100.0000000000,15.9207464073,1.0000000000,0.8808000000,227.0663033606
719,100,0,5,100,100,0,0,105,685,103,103,0.0344870220,24.9358232733,20.0000000000,20.3205596749,1.0000000000,0.9080000000,220.2643171806
720,100,0,2,100,100,0,0,102,394,101,101,0.0330288195,24.9027944538,50.0000000000,21.2006960680,1.0000000000,0.8896000000,224.8201438849
721,100,0,3,100,100,0,0,103,491,100,100,0.0328634127,24.8699310412,33.3333333333,15.7605607216,1.0000000000,0.8824000000,226.6545784225
722,100,0,1,100,100,0,0,101,297,100,100,0.0370895643,24.8328414769,100.0000000000,15.9207106889,1.0000000000,0.8808000000,227.0663033606
723,100,0,1,100,100,0,0,101,297,100,100,0.0384983829,24.7943430940,100.0000000000,15.9208153785,1.0000000000,0.8808000000,227.0663033606
724,100,0,1,100,100,0,0,101,297,100,100,0.0330928727,24.7612502213,100.0000000000,15.9205645115,1.0000000000,0.8808000000,227.0663033606
725,100,0,1,100,100,0,0,101,297,100,100,0.0363063501,24.7249438712,100.0000000000,15.9207994209,1.0000000000,0.8808000000,227.0663033606
726,100,0,3,100,100,0,0,103,491,101,101,0.0314332413,24.6935106298,33.3333333333,19.8405851166,1.0000000000,0.8904000000,224.6181491465
727,100,0,2,100,100,0,0,102,394,101,101,0.0304569823,24.6630536476,50.0000000000,22.5606783824,1.0000000000,0.8896000000,224.8201438849
728,100,0,2,100,100,0,0,102,394,101,101,0.0315047621,24.6315488855,50.0000000000,18.9606919659,1.0000000000,0.8896000000,224.8201438849
729,100,0,1,100,100,0,0,101,297,100,100,0.0328693273,24.5986795581,100.0000000000,15.9205746287,1.0000000000,0.8808000000,227.0663033606
730,100,0,1,100,100,0,0,101,297,100,100,0.0369013478,24.5617782103,100.0000000000,15.9208307162,1.0000000000,0.8808000000,227.0663033606
731,100,0,1,100,100,0,0,101,297,100,100,0.0343097116,24.5274684987,100.0000000000,15.9207102456,1.0000000000,0.8808000000,227.0663033606
732,100,0,1,100,100,0,0,101,297,100,100,0.0358976169,24.4915708817,100.0000000000,15.9208131574,1.0000000000,0.8808000000,227.0663033606
733,100,0,1,100,100,0,0,101,297,100,100,0.0347332094,24.4568376724,100.0000000000,15.9206611141,1.0000000000,0.8808000000,227.0663033606
734,100,0,1,100,100,0,0,101,297,100,100,0.0320442306,24.4247934418,100.0000000000,15.9206826420,1.0000000000,0.8808000000,227.0663033606
735,100,0,1,100,100,0,0,101,297,100,100,0.0329796506,24.3918137912,100.0000000000,15.9207083323,1.0000000000,0.8808000000,227.0663033606
736,100,0,1,100,100,0,0,101,297,100,100,0.0409320031,24.3508817880,100.0000000000,15.9208542689,1.0000000000,0.8808000000,227.0663033606
737,100,0,1,100,100,0,0,101,297,100,100,0.0364679072,24.3144138809,100.0000000000,15.9205858391,1.0000000000,0.8808000000,227.0663033606
738,100,0,1,100,100,0,0,101,297,100,100,0.0373067561,24.2771071247,100.0000000000,15.9208247396,1.0000000000,0.8808000000,227.0663033606
739,100,0,4,100,100,0,0,104,588,103,103,0.0325374085,24.2445697162,25.0000000000,22.6405803924,1.0000000000,0.9072000000,220.4585537919
740,100,0,1,100,100,0,0,101,297,100,100,0.0392387359,24.2053309803,100.0000000000,15.9208492485,1.0000000000,0.8808000000,227.0663033606
741,100,0,1,100,100,0,0,101,297,100,100,0.0402567950,24.1650741853,100.0000000000,15.9208534513,1.0000000000,0.8808000000,227.0663033606
742,100,0,1,100,100,0,0,101,297,100,100,0.0388504046,24.1262237807,100.0000000000,15.9208387403,1.0000000000,0.8808000000,227.0663033606
743,100,0,1,100,100,0,0,101,297,100,100,0.0367197874,24.0895039933,100.0000000000,15.9208194089,1.0000000000,0.8808000000,227.0663033606
744,100,0,1,100,100,0,0,101,297,100,100,0.0367570995,24.0527468938,100.0000000000,15.9207825841,1.0000000000,0.8808000000,227.0663033606
745,100,0,1,100,100,0,0,101,297,100,100,0.0351773864,24.0175695074,100.0000000000,15.9206102097,1.0000000000,0.8808000000,227.0663033606
746,100,0,2,100,100,0,0,102,394,101,101,0.0330054909,23.9845640165,50.0000000000,21.2806936517,1.0000000000,0.8896000000,224.8201438849
747,100,0,1,100,100,0,0,101,297,100,100,0.0323556381,23.9522083784,100.0000000000,15.9205949318,1.0000000000,0.8808000000,227.0663033606
748,100,0,3,100,100,0,0,103,491,101,101,0.0352525091,23.9169558693,33.3333333333,20.0806785962,1.0000000000,0.8904000000,224.6181491465
749,100,0,3,100,100,0,0,103,491,102,102,0.0304089033,23.8865469660,33.3333333333,22.8005869019,1.0000000000,0.8984000000,222.6179875334
750,100,0,1,100,100,0,0,101,297,100,100,0.0370777366,23.8494692294,100.0000000000,15.9207663006,1.0000000000,0.8808000000,227.0663033606
751,100,0,1,100,100,0,0,101,297,100,100,0.0381990727,23.8112701567,100.0000000000,15.9208371771,1.0000000000,0.8808000000,227.0663033606
752,100,0,1,100,100,0,0,101,297,100,100,0.0382063819,23.7730637748,100.0000000000,15.9208184419,1.0000000000,0.8808000000,227.0663033606
753,100,0,1,100,100,0,0,101,297,100,100,0.0353224571,23.7377413177,100.0000000000,15.9206293563,1.0000000000,0.8808000000,227.0663033606
754,100,0,1,100,100,0,0,101,297,100,100,0.0382277467,23.6995135710,100.0000000000,15.9207801806,1.0000000000,0.8808000000,227.0663033606
755,100,0,1,100,100,0,0,101,297,100,100,0.0337935629,23.6657200081,100.0000000000,15.9207398053,1.0000000000,0.8808000000,227.0663033606
756,100,0,1,100,100,0,0,101,297,100,100,0.0406735152,23.6250464929,100.0000000000,15.9208404568,1.0000000000,0.8808000000,227.0663033606
757,100,0,1,100,100,0,0,101,297,100,100,0.0303523455,23.5946941474,100.0000000000,15.9206217044,1.0000000000,0.8808000000,227.0663033606
758,100,0,2,100,100,0,0,102,394,101,101,0.0302615125,23.5644326349,50.0000000000,20.4006249664,1.0000000000,0.8896000000,224.8201438849
759,100,0,4,100,100,0,0,104,588,102,102,0.0340090606,23.5304235743,25.0000000000,19.6006070378,1.0000000000,0.8992000000,222.4199288256
760,100,0,1,100,100,0,0,101,297,100,100,0.0364679072,23.4939556672,100.0000000000,15.9205858391,1.0000000000,0.8808000000,227.0663033606
761,100,0,1,100,100,0,0,101,297,100,100,0.0318493257,23.4621063415,100.0000000000,15.9206738463,1.0000000000,0.8808000000,227.0663033606
762,100,0,1,100,100,0,0,101,297,100,100,0.0323556381,23.4297507034,100.0000000000,15.9205949318,1.0000000000,0.8808000000,227.0663033606
763,100,0,1,100,100,0,0,101,297,100,100,0.0356030968,23.3941476066,100.0000000000,15.9205750875,1.0000000000,0.8808000000,227.0663033606
764,100,0,1,100,100,0,0,101,297,100,100,0.0388504046,23.3552972020,100.0000000000,15.9208387403,1.0000000000,0.8808000000,227.0663033606
765,100,0,1,100,100,0,0,101,297,100,100,0.0389200323,23.3163771697,100.0000000000,15.9206280372,1.0000000000,0.8808000000,227.0663033606
766,100,0,1,100,100,0,0,101,297,100,100,0.0325579170,23.2838192527,100.0000000000,15.9205634182,1.0000000000,0.8808000000,227.0663033606
767,100,0,2,100,100,0,0,102,394,101,101,0.0309173508,23.2529019019,50.0000000000,20.4806648048,1.0000000000,0.8896000000,224.8201438849
768,100,0,1,100,100,0,0,101,297,100,100,0.0308379659,23.2220639360,100.0000000000,15.9205872317,1.0000000000,0.8808000000,227.0663033606
769,100,0,2,100,100,0,0,102,394,101,101,0.0309348518,23.1911290842,50.0000000000,19.8406774668,1.0000000000,0.8896000000,224.8201438849
770,100,0,1,100,100,0,0,101,297,100,100,0.0313934016,23.1597356826,100.0000000000,15.9206365989,1.0000000000,0.8808000000,227.0663033606
771,100,0,1,100,100,0,0,101,297,100,100,0.0351457672,23.1245899155,100.0000000000,15.9207597531,1.0000000000,0.8808000000,227.0663033606
772,100,0,1,100,100,0,0,101,297,100,100,0.0390543728,23.0855355426,100.0000000000,15.9208468048,1.0000000000,0.8808000000,227.0663033606
773,100,0,1,100,100,0,0,101,297,100,100,0.0346833207,23.0508522220,100.0000000000,15.9207464110,1.0000000000,0.8808000000,227.0663033606
774,100,0,1,100,100,0,0,101,297,100,100,0.0315374191,23.0193148029,100.0000000000,15.9206172794,1.0000000000,0.8808000000,227.0663033606
775,100,0,1,100,100,0,0,101,297,100,100,0.0323556381,22.9869591648,100.0000000000,15.9205949318,1.0000000000,0.8808000000,227.0663033606
776,100,0,2,100,100,0,0,102,394,101,101,0.0343571993,22.9526019655,50.0000000000,19.7607132952,1.0000000000,0.8896000000,224.8201438849
777,100,0,2,100,100,0,0,102,394,100,100,0.0314064531,22.9211955124,50.0000000000,15.8405607208,1.0000000000,0.8816000000,226.8602540835
778,100,0,2,100,100,0,0,102,394,101,101,0.0332976206,22.8878978918,50.0000000000,22.1606274013,1.0000000000,0.8896000000,224.8201438849
779,100,0,3,100,100,0,0,103,491,102,102,0.0314805744,22.8564173174,33.3333333333,22.0806995734,1.0000000000,0.8984000000,222.6179875334
780,100,0,1,100,100,0,0,101,297,100,100,0.0386188881,22.8177984293,100.0000000000,15.9208582013,1.0000000000,0.8808000000,227.0663033606
781,100,0,1,100,100,0,0,101,297,100,100,0.0416775588,22.7761208704,100.0000000000,15.9208783996,1.0000000000,0.8808000000,227.0663033606
782,100,0,1,100,100,0,0,101,297,100,100,0.0361197134,22.7400011570,100.0000000000,15.9208169515,1.0000000000,0.8808000000,227.0663033606
783,100,0,1,100,100,0,0,101,297,100,100,0.0378585976,22.7021425594,100.0000000000,15.9207861042,1.0000000000,0.8808000000,227.0663033606
784,100,0,1,100,100,0,0,101,297,100,100,0.0329796506,22.6691629088,100.0000000000,15.9207083323,1.0000000000,0.8808000000,227.0663033606
785,100,0,1,100,100,0,0,101,297,100,100,0.0309289713,22.6382339375,100.0000000000,15.9206695507,1.0000000000,0.8808000000,227.0663033606
786,100,0,1,100,100,0,0,101,297,100,100,0.0382573686,22.5999765689,100.0000000000,15.9205879057,1.0000000000,0.8808000000,227.0663033606
787,100,0,1,100,100,0,0,101,297,100,100,0.0389886538,22.5609879151,100.0000000000,15.9208444747,1.0000000000,0.8808000000,227.0663033606
788,100,0,2,100,100,0,0,102,394,101,101,0.0308823175,22.5301055976,50.0000000000,18.5606146559,1.0000000000,0.8896000000,224.8201438849
789,100,0,4,100,100,0,0,104,588,103,103,0.0323014842,22.4978041134,25.0000000000,22.2405963997,1.0000000000,0.9072000000,220.4585537919
790,100,0,1,100,100,0,0,101,297,100,100,0.0370498914,22.4607542220,100.0000000000,15.9207533966,1.0000000000,0.8808000000,227.0663033606
791,100,0,1,100,100,0,0,101,297,100,100,0.0313034570,22.4294507650,100.0000000000,15.9206819323,1.0000000000,0.8808000000,227.0663033606
792,100,0,1,100,100,0,0,101,297,100,100,0.0415200005,22.3879307644,100.0000000000,15.9208503264,1.0000000000,0.8808000000,227.0663033606
793,100,0,1,100,100,0,0,101,297,100,100,0.0427954737,22.3451352907,100.0000000000,15.9208792373,1.0000000000,0.8808000000,227.0663033606
794,100,0,1,100,100,0,0,101,297,100,100,0.0315502223,22.3135850685,100.0000000000,15.9206925982,1.0000000000,0.8808000000,227.0663033606
795,100,0,1,100,100,0,0,101,297,100,100,0.0400707038,22.2735143646,100.0000000000,15.9208565688,1.0000000000,0.8808000000,227.0663033606
796,100,0,1,100,100,0,0,101,297,100,100,0.0356030968,22.2379112678,100.0000000000,15.9205750875,1.0000000000,0.8808000000,227.0663033606
797,100,0,1,100,100,0,0,101,297,100,100,0.0383274336,22.1995838343,100.0000000000,15.9208313135,1.0000000000,0.8808000000,227.0663033606
798,100,0,2,100,100,0,0,102,394,100,100,0.0326220765,22.1669617577,50.0000000000,15.8405386260,1.0000000000,0.8816000000,226.8602540835
799,100,0,3,100,100,0,0,103,491,102,102,0.0320256255,22.1349361322,33.3333333333,20.2406385328,1.0000000000,0.8984000000,222.6179875334
800,100,0,1,100,100,0,0,101,297,100,100,0.0352361439,22.0996999883,100.0000000000,15.9207139336,1.0000000000,0.8808000000,227.0663033606
801,100,0,1,100,100,0,0,101,297,100,100,0.0370777366,22.0626222517,100.0000000000,15.9207663006,1.0000000000,0.8808000000,227.0663033606
802,100,0,1,100,100,0,0,101,297,100,100,0.0330981052,22.0295241465,100.0000000000,15.9207373495,1.0000000000,0.8808000000,227.0663033606
803,100,0,1,100,100,0,0,101,297,100,100,0.0324974764,21.9970266700,100.0000000000,15.9207316470,1.0000000000,0.8808000000,227.0663033606
804,100,0,1,100,100,0,0,101,297,100,100,0.0324289137,21.9645977563,100.0000000000,15.9205865928,1.0000000000,0.8808000000,227.0663033606
805,100,0,1,100,100,0,0,101,297,100,100,0.0321471633,21.9324505931,100.0000000000,15.9206166557,1.0000000000,0.8808000000,227.0663033606
806,100,0,1,100,100,0,0,101,297,100,100,0.0318493257,21.9006012674,100.0000000000,15.9206738463,1.0000000000,0.8808000000,227.0663033606
807,100,0,1,100,100,0,0,101,297,100,100,0.0336325772,21.8669686902,100.0000000000,15.9207334365,1.0000000000,0.8808000000,227.0663033606
808,100,0,1,100,100,0,0,101,297,100,100,0.0312466374,21.8357220528,100.0000000000,15.9205861993,1.0000000000,0.8808000000,227.0663033606
809,100,0,5,100,100,0,0,105,685,102,102,0.0339866689,21.8017353839,20.0000000000,21.7606144977,1.0000000000,0.9000000000,222.2222222222
810,100,0,1,100,100,0,0,101,297,100,100,0.0347332094,21.7670021745,100.0000000000,15.9206611141,1.0000000000,0.8808000000,227.0663033606
811,100,0,1,100,100,0,0,101,297,100,100,0.0330167188,21.7339854557,100.0000000000,15.9206768269,1.0000000000,0.8808000000,227.0663033606
812,100,0,1,100,100,0,0,101,297,100,100,0.0314357913,21.7025496644,100.0000000000,15.9206213107,1.0000000000,0.8808000000,227.0663033606
813,100,0,1,100,100,0,0,101,297,100,100,0.0363063501,21.6662433143,100.0000000000,15.9207994209,1.0000000000,0.8808000000,227.0663033606
814,100,0,1,100,100,0,0,101,297,100,100,0.0358976169,21.6303456973,100.0000000000,15.9208131574,1.0000000000,0.8808000000,227.0663033606
815,100,0,1,100,100,0,0,101,297,100,100,0.0369013478,21.5934443495,100.0000000000,15.9208307162,1.0000000000,0.8808000000,227.0663033606
816,100,0,2,100,100,0,0,102,394,101,101,0.0336245011,21.5598198483,50.0000000000,22.8806215017,1.0000000000,0.8896000000,224.8201438849
817,100,0,1,100,100,0,0,101,297,100,100,0.0382277467,21.5215921016,100.0000000000,15.9207801806,1.0000000000,0.8808000000,227.0663033606
818,100,0,1,100,100,0,0,101,297,100,100,0.0306914717,21.4909006299,100.0000000000,15.9206113514,1.0000000000,0.8808000000,227.0663033606
819,100,0,2,100,100,0,0,102,394,100,100,0.0344734119,21.4564272180,50.0000000000,15.8406750166,1.0000000000,0.8816000000,226.8602540835
820,100,0,1,100,100,0,0,101,297,100,100,0.0375868095,21.4188404085,100.0000000000,15.9206426072,1.0000000000,0.8808000000,227.0663033606
821,100,0,1,100,100,0,0,101,297,100,100,0.0320968380,21.3867435705,100.0000000000,15.9207112843,1.0000000000,0.8808000000,227.0663033606
822,100,0,1,100,100,0,0,101,297,100,100,0.0370895643,21.3496540062,100.0000000000,15.9207106889,1.0000000000,0.8808000000,227.0663033606
823,100,0,1,100,100,0,0,101,297,100,100,0.0360657911,21.3135882152,100.0000000000,15.9205443948,1.0000000000,0.8808000000,227.0663033606
824,100,0,1,100,100,0,0,101,297,100,100,0.0376127738,21.2759754413,100.0000000000,15.9206034524,1.0000000000,0.8808000000,227.0663033606
825,100,0,2,100,100,0,0,102,394,101,101,0.0326565899,21.2433188514,50.0000000000,18.8806297883,1.0000000000,0.8896000000,224.8201438849
826,100,0,1,100,100,0,0,101,297,100,100,0.0373067561,21.2060120952,100.0000000000,15.9208247396,1.0000000000,0.8808000000,227.0663033606
827,100,0,2,100,100,0,0,102,394,101,101,0.0333693682,21.1726427271,50.0000000000,21.7606944203,1.0000000000,0.8896000000,224.8201438849
828,100,0,3,100,100,0,0,103,491,102,102,0.0323178923,21.1403248348,33.3333333333,20.8806486643,1.0000000000,0.8984000000,222.6179875334
829,100,0,3,100,100,0,0,103,491,102,102,0.0318249247,21.1084999101,33.3333333333,22.9606505536,1.0000000000,0.8984000000,222.6179875334
830,100,0,1,100,100,0,0,101,297,100,100,0.0313034570,21.0771964530,100.0000000000,15.9206819323,1.0000000000,0.8808000000,227.0663033606
831,100,0,1,100,100,0,0,101,297,100,100,0.0312431902,21.0459532628,100.0000000000,15.9206850647,1.0000000000,0.8808000000,227.0663033606
832,100,0,1,100,100,0,0,101,297,100,100,0.0314159533,21.0145373096,100.0000000000,15.9206057971,1.0000000000,0.8808000000,227.0663033606
833,100,0,1,100,100,0,0,101,297,100,100,0.0367197874,20.9778175222,100.0000000000,15.9208194089,1.0000000000,0.8808000000,227.0663033606
834,100,0,1,100,100,0,0,101,297,100,100,0.0339499475,20.9438675746,100.0000000000,15.9207464073,1.0000000000,0.8808000000,227.0663033606
835,100,0,1,100,100,0,0,101,297,100,100,0.0358342586,20.9080333160,100.0000000000,15.9208054875,1.0000000000,0.8808000000,227.0663033606
836,100,0,3,100,100,0,0,103,491,102,102,0.0314996604,20.8765336556,33.3333333333,21.4406232592,1.0000000000,0.8984000000,222.6179875334
837,100,0,1,100,100,0,0,101,297,100,100,0.0313934016,20.8451402541,100.0000000000,15.9206365989,1.0000000000,0.8808000000,227.0663033606
838,100,0,1,100,100,0,0,101,297,100,100,0.0414568151,20.8036834389,100.0000000000,15.9208631031,1.0000000000,0.8808000000,227.0663033606
839,100,0,2,100,100,0,0,102,394,100,100,0.0308813122,20.7728021267,50.0000000000,15.8405898107,1.0000000000,0.8816000000,226.8602540835
840,100,0,1,100,100,0,0,101,297,100,100,0.0324974764,20.7403046503,100.0000000000,15.9207316470,1.0000000000,0.8808000000,227.0663033606
841,100,0,1,100,100,0,0,101,297,100,100,0.0353224571,20.7049821932,100.0000000000,15.9206293563,1.0000000000,0.8808000000,227.0663033606
842,100,0,1,100,100,0,0,101,297,100,100,0.0392387359,20.6657434573,100.0000000000,15.9208492485,1.0000000000,0.8808000000,227.0663033606
843,100,0,1,100,100,0,0,101,297,100,100,0.0356030968,20.6301403605,100.0000000000,15.9205750875,1.0000000000,0.8808000000,227.0663033606
844,100,0,1,100,100,0,0,101,297,100,100,0.0343097116,20.5958306489,100.0000000000,15.9207102456,1.0000000000,0.8808000000,227.0663033606
845,100,0,2,100,100,0,0,102,394,101,101,0.0312786540,20.5645519949,50.0000000000,20.8005979291,1.0000000000,0.8896000000,224.8201438849
846,100,0,1,100,100,0,0,101,297,100,100,0.0381990727,20.5263529222,100.0000000000,15.9208371771,1.0000000000,0.8808000000,227.0663033606
847,100,0,1,100,100,0,0,101,297,100,100,0.0347332094,20.4916197128,100.0000000000,15.9206611141,1.0000000000,0.8808000000,227.0663033606
848,100,0,3,100,100,0,0,103,491,101,101,0.0318553164,20.4597643963,33.3333333333,19.5205822905,1.0000000000,0.8904000000,224.6181491465
849,100,0,1,100,100,0,0,101,297,100,100,0.0351457672,20.4246186292,100.0000000000,15.9207597531,1.0000000000,0.8808000000,227.0663033606
850,100,0,1,100,100,0,0,101,297,100,100,0.0402567950,20.3843618342,100.0000000000,15.9208534513,1.0000000000,0.8808000000,227.0663033606
851,100,0,1,100,100,0,0,101,297,100,100,0.0382063819,20.3461554523,100.0000000000,15.9208184419,1.0000000000,0.8808000000,227.0663033606
852,100,0,1,100,100,0,0,101,297,100,100,0.0335480708,20.3126073815,100.0000000000,15.9205544990,1.0000000000,0.8808000000,227.0663033606
853,100,0,1,100,100,0,0,101,297,100,100,0.0309289713,20.2816784101,100.0000000000,15.9206695507,1.0000000000,0.8808000000,227.0663033606
854,100,0,1,100,100,0,0,101,297,100,100,0.0320968380,20.2495815721,100.0000000000,15.9207112843,1.0000000000,0.8808000000,227.0663033606
855,100,0,1,100,100,0,0,101,297,100,100,0.0391965338,20.2103850384,100.0000000000,15.9208433420,1.0000000000,0.8808000000,227.0663033606
856,100,0,1,100,100,0,0,101,297,100,100,0.0370486141,20.1733364243,100.0000000000,15.9208339969,1.0000000000,0.8808000000,227.0663033606
857,100,0,5,100,100,0,0,105,685,103,103,0.0352296982,20.1381067261,20.0000000000,20.8006297095,1.0000000000,0.9080000000,220.2643171806
858,100,0,2,100,100,0,0,102,394,101,101,0.0309571762,20.1071495499,50.0000000000,20.2406178771,1.0000000000,0.8896000000,224.8201438849
859,100,0,5,100,100,0,0,105,685,103,103,0.0362608747,20.0708886752,20.0000000000,22.0006563072,1.0000000000,0.9080000000,220.2643171806
860,100,0,1,100,100,0,0,101,297,100,100,0.0337935629,20.0370951123,100.0000000000,15.9207398053,1.0000000000,0.8808000000,227.0663033606
861,100,0,1,100,100,0,0,101,297,100,100,0.0367570995,20.0003380127,100.0000000000,15.9207825841,1.0000000000,0.8808000000,227.0663033606
862,100,0,1,100,100,0,0,101,297,100,100,0.0366872609,19.9636507518,100.0000000000,15.9206627167,1.0000000000,0.8808000000,227.0663033606
863,100,0,1,100,100,0,0,101,297,100,100,0.0390543728,19.9245963790,100.0000000000,15.9208468048,1.0000000000,0.8808000000,227.0663033606
864,100,0,1,100,100,0,0,101,297,100,100,0.0361197134,19.8884766656,100.0000000000,15.9208169515,1.0000000000,0.8808000000,227.0663033606
865,100,0,1,100,100,0,0,101,297,100,100,0.0333226550,19.8551540105,100.0000000000,15.9207304187,1.0000000000,0.8808000000,227.0663033606
866,100,0,1,100,100,0,0,101,297,100,100,0.0315502223,19.8236037883,100.0000000000,15.9206925982,1.0000000000,0.8808000000,227.0663033606
867,100,0,1,100,100,0,0,101,297,100,100,0.0313934016,19.7922103867,100.0000000000,15.9206365989,1.0000000000,0.8808000000,227.0663033606
868,100,0,2,100,100,0,0,102,394,101,101,0.0340077399,19.7582026468,50.0000000000,17.2806883090,1.0000000000,0.8896000000,224.8201438849
869,100,0,1,100,100,0,0,101,297,100,100,0.0386188881,19.7195837587,100.0000000000,15.9208582013,1.0000000000,0.8808000000,227.0663033606
870,100,0,1,100,100,0,0,101,297,100,100,0.0384983829,19.6810853758,100.0000000000,15.9208153785,1.0000000000,0.8808000000,227.0663033606
871,100,0,1,100,100,0,0,101,297,100,100,0.0303523455,19.6507330303,100.0000000000,15.9206217044,1.0000000000,0.8808000000,227.0663033606
872,100,0,1,100,100,0,0,101,297,100,100,0.0378585976,19.6128744326,100.0000000000,15.9207861042,1.0000000000,0.8808000000,227.0663033606
873,100,0,1,100,100,0,0,101,297,100,100,0.0330981052,19.5797763274,100.0000000000,15.9207373495,1.0000000000,0.8808000000,227.0663033606
874,100,0,1,100,100,0,0,101,297,100,100,0.0413263690,19.5384499584,100.0000000000,15.9208414561,1.0000000000,0.8808000000,227.0663033606
875,100,0,1,100,100,0,0,101,297,100,100,0.0352361439,19.5032138145,100.0000000000,15.9207139336,1.0000000000,0.8808000000,227.0663033606
876,100,0,1,100,100,0,0,101,297,100,100,0.0370498914,19.4661639231,100.0000000000,15.9207533966,1.0000000000,0.8808000000,227.0663033606
877,100,0,1,100,100,0,0,101,297,100,100,0.0320442306,19.4341196925,100.0000000000,15.9206826420,1.0000000000,0.8808000000,227.0663033606
878,100,0,2,100,100,0,0,102,394,101,101,0.0315860885,19.4025336040,50.0000000000,19.1206195288,1.0000000000,0.8896000000,224.8201438849
879,100,0,3,100,100,0,0,103,491,100,100,0.0343164746,19.3682171295,33.3333333333,15.7605360667,1.0000000000,0.8824000000,226.6545784225
880,100,0,1,100,100,0,0,101,297,100,100,0.0329796506,19.3352374789,100.0000000000,15.9207083323,1.0000000000,0.8808000000,227.0663033606
881,100,0,1,100,100,0,0,101,297,100,100,0.0330167188,19.3022207601,100.0000000000,15.9206768269,1.0000000000,0.8808000000,227.0663033606
882,100,0,1,100,100,0,0,101,297,100,100,0.0382573686,19.2639633916,100.0000000000,15.9205879057,1.0000000000,0.8808000000,227.0663033606
883,100,0,1,100,100,0,0,101,297,100,100,0.0306914717,19.2332719199,100.0000000000,15.9206113514,1.0000000000,0.8808000000,227.0663033606
884,100,0,1,100,100,0,0,101,297,100,100,0.0402567950,19.1930151249,100.0000000000,15.9208534513,1.0000000000,0.8808000000,227.0663033606
885,100,0,1,100,100,0,0,101,297,100,100,0.0305915093,19.1624236157,100.0000000000,15.9205971140,1.0000000000,0.8808000000,227.0663033606
886,100,0,1,100,100,0,0,101,297,100,100,0.0315502223,19.1308733934,100.0000000000,15.9206925982,1.0000000000,0.8808000000,227.0663033606
887,100,0,1,100,100,0,0,101,297,100,100,0.0312466374,19.0996267560,100.0000000000,15.9205861993,1.0000000000,0.8808000000,227.0663033606
888,100,0,1,100,100,0,0,101,297,100,100,0.0383274336,19.0612993224,100.0000000000,15.9208313135,1.0000000000,0.8808000000,227.0663033606
889,100,0,3,100,100,0,0,103,491,101,101,0.0310768881,19.0302224343,33.3333333333,19.2805928626,1.0000000000,0.8904000000,224.6181491465
890,100,0,1,100,100,0,0,101,297,100,100,0.0347332094,18.9954892249,100.0000000000,15.9206611141,1.0000000000,0.8808000000,227.0663033606
891,100,0,1,100,100,0,0,101,297,100,100,0.0406735152,18.9548157097,100.0000000000,15.9208404568,1.0000000000,0.8808000000,227.0663033606
892,100,0,1,100,100,0,0,101,297,100,100,0.0413252605,18.9134904492,100.0000000000,15.9206165664,1.0000000000,0.8808000000,227.0663033606
893,100,0,1,100,100,0,0,101,297,100,100,0.0336325772,18.8798578720,100.0000000000,15.9207334365,1.0000000000,0.8808000000,227.0663033606
894,100,0,1,100,100,0,0,101,297,100,100,0.0389886538,18.8408692182,100.0000000000,15.9208444747,1.0000000000,0.8808000000,227.0663033606
895,100,0,1,100,100,0,0,101,297,100,100,0.0312431902,18.8096260280,100.0000000000,15.9206850647,1.0000000000,0.8808000000,227.0663033606
896,100,0,1,100,100,0,0,101,297,100,100,0.0358976169,18.7737284111,100.0000000000,15.9208131574,1.0000000000,0.8808000000,227.0663033606
897,100,0,1,100,100,0,0,101,297,100,100,0.0346833207,18.7390450904,100.0000000000,15.9207464110,1.0000000000,0.8808000000,227.0663033606
898,100,0,1,100,100,0,0,101,297,100,100,0.0314159533,18.7076291371,100.0000000000,15.9206057971,1.0000000000,0.8808000000,227.0663033606
899,100,0,1,100,100,0,0,101,297,100,100,0.0389456797,18.6686834574,100.0000000000,15.9206159815,1.0000000000,0.8808000000,227.0663033606
900,100,0,1,100,100,0,0,101,297,100,100,0.0415200005,18.6271634568,100.0000000000,15.9208503264,1.0000000000,0.8808000000,227.0663033606
901,100,0,1,100,100,0,0,101,297,100,100,0.0410396857,18.5861237711,100.0000000000,15.9206000274,1.0000000000,0.8808000000,227.0663033606
902,100,0,1,100,100,0,0,101,297,100,100,0.0369013478,18.5492224232,100.0000000000,15.9208307162,1.0000000000,0.8808000000,227.0663033606
903,100,0,1,100,100,0,0,101,297,100,100,0.0416775588,18.5075448644,100.0000000000,15.9208783996,1.0000000000,0.8808000000,227.0663033606
904,100,0,1,100,100,0,0,101,297,100,100,0.0339499475,18.4735949169,100.0000000000,15.9207464073,1.0000000000,0.8808000000,227.0663033606
905,100,0,1,100,100,0,0,101,297,100,100,0.0363063501,18.4372885668,100.0000000000,15.9207994209,1.0000000000,0.8808000000,227.0663033606
906,100,0,1,100,100,0,0,101,297,100,100,0.0321471633,18.4051414035,100.0000000000,15.9206166557,1.0000000000,0.8808000000,227.0663033606
907,100,0,1,100,100,0,0,101,297,100,100,0.0321358696,18.3730055339,100.0000000000,15.9206268382,1.0000000000,0.8808000000,227.0663033606
908,100,0,1,100,100,0,0,101,297,100,100,0.0370895643,18.3359159697,100.0000000000,15.9207106889,1.0000000000,0.8808000000,227.0663033606
909,100,0,1,100,100,0,0,101,297,100,100,0.0353634885,18.3005524811,100.0000000000,15.9206554978,1.0000000000,0.8808000000,227.0663033606
910,100,0,1,100,100,0,0,101,297,100,100,0.0375868095,18.2629656717,100.0000000000,15.9206426072,1.0000000000,0.8808000000,227.0663033606
911,100,0,1,100,100,0,0,101,297,100,100,0.0400707038,18.2228949678,100.0000000000,15.9208565688,1.0000000000,0.8808000000,227.0663033606
912,100,0,1,100,100,0,0,101,297,100,100,0.0378585976,18.1850363702,100.0000000000,15.9207861042,1.0000000000,0.8808000000,227.0663033606
913,100,0,1,100,100,0,0,101,297,100,100,0.0409320031,18.1441043671,100.0000000000,15.9208542689,1.0000000000,0.8808000000,227.0663033606
914,100,0,1,100,100,0,0,101,297,100,100,0.0321192781,18.1119850889,100.0000000000,15.9206141271,1.0000000000,0.8808000000,227.0663033606
915,100,0,1,100,100,0,0,101,297,100,100,0.0309289713,18.0810561176,100.0000000000,15.9206695507,1.0000000000,0.8808000000,227.0663033606
916,100,0,1,100,100,0,0,101,297,100,100,0.0309265577,18.0501295600,100.0000000000,15.9206018499,1.0000000000,0.8808000000,227.0663033606
917,100,0,1,100,100,0,0,101,297,100,100,0.0360657911,18.0140637689,100.0000000000,15.9205443948,1.0000000000,0.8808000000,227.0663033606
918,100,0,1,100,100,0,0,101,297,100,100,0.0383274336,17.9757363353,100.0000000000,15.9208313135,1.0000000000,0.8808000000,227.0663033606
919,100,0,3,100,100,0,0,103,491,102,102,0.0330103074,17.9427260279,33.3333333333,18.6406425633,1.0000000000,0.8984000000,222.6179875334
920,100,0,1,100,100,0,0,101,297,100,100,0.0302893698,17.9124366581,100.0000000000,15.9206380434,1.0000000000,0.8808000000,227.0663033606
921,100,0,1,100,100,0,0,101,297,100,100,0.0343097116,17.8781269465,100.0000000000,15.9207102456,1.0000000000,0.8808000000,227.0663033606
922,100,0,1,100,100,0,0,101,297,100,100,0.0373067561,17.8408201904,100.0000000000,15.9208247396,1.0000000000,0.8808000000,227.0663033606
923,100,0,1,100,100,0,0,101,297,100,100,0.0427954737,17.7980247167,100.0000000000,15.9208792373,1.0000000000,0.8808000000,227.0663033606
924,100,0,1,100,100,0,0,101,297,100,100,0.0351457672,17.7628789495,100.0000000000,15.9207597531,1.0000000000,0.8808000000,227.0663033606
925,100,0,1,100,100,0,0,101,297,100,100,0.0321652129,17.7307137366,100.0000000000,15.9206406374,1.0000000000,0.8808000000,227.0663033606
926,100,0,1,100,100,0,0,101,297,100,100,0.0376127738,17.6931009628,100.0000000000,15.9206034524,1.0000000000,0.8808000000,227.0663033606
927,100,0,1,100,100,0,0,101,297,100,100,0.0336325772,17.6594683856,100.0000000000,15.9207334365,1.0000000000,0.8808000000,227.0663033606
928,100,0,1,100,100,0,0,101,297,100,100,0.0353224571,17.6241459285,100.0000000000,15.9206293563,1.0000000000,0.8808000000,227.0663033606
929,100,0,1,100,100,0,0,101,297,100,100,0.0310127500,17.5931331785,100.0000000000,15.9206404831,1.0000000000,0.8808000000,227.0663033606
930,100,0,1,100,100,0,0,101,297,100,100,0.0367197874,17.5564133910,100.0000000000,15.9208194089,1.0000000000,0.8808000000,227.0663033606
931,100,0,1,100,100,0,0,101,297,100,100,0.0337935629,17.5226198281,100.0000000000,15.9207398053,1.0000000000,0.8808000000,227.0663033606
932,100,0,1,100,100,0,0,101,297,100,100,0.0319447502,17.4906750780,100.0000000000,15.9206476096,1.0000000000,0.8808000000,227.0663033606
933,100,0,1,100,100,0,0,101,297,100,100,0.0376476260,17.4530274519,100.0000000000,15.9206097504,1.0000000000,0.8808000000,227.0663033606
934,100,0,1,100,100,0,0,101,297,100,100,0.0303523455,17.4226751064,100.0000000000,15.9206217044,1.0000000000,0.8808000000,227.0663033606
935,100,0,1,100,100,0,0,101,297,100,100,0.0305915093,17.3920835971,100.0000000000,15.9205971140,1.0000000000,0.8808000000,227.0663033606
936,100,0,1,100,100,0,0,101,297,100,100,0.0309148192,17.3611687779,100.0000000000,15.9206165884,1.0000000000,0.8808000000,227.0663033606
937,100,0,1,100,100,0,0,101,297,100,100,0.0329796506,17.3281891273,100.0000000000,15.9207083323,1.0000000000,0.8808000000,227.0663033606
938,100,0,1,100,100,0,0,101,297,100,100,0.0351457672,17.2930433601,100.0000000000,15.9207597531,1.0000000000,0.8808000000,227.0663033606
939,100,0,2,100,100,0,0,102,394,100,100,0.0313611045,17.2616822556,50.0000000000,15.8405550662,1.0000000000,0.8816000000,226.8602540835
940,100,0,1,100,100,0,0,101,297,100,100,0.0314357913,17.2302464643,100.0000000000,15.9206213107,1.0000000000,0.8808000000,227.0663033606
941,100,0,1,100,100,0,0,101,297,100,100,0.0388504046,17.1913960596,100.0000000000,15.9208387403,1.0000000000,0.8808000000,227.0663033606
942,100,0,1,100,100,0,0,101,297,100,100,0.0333226550,17.1580734046,100.0000000000,15.9207304187,1.0000000000,0.8808000000,227.0663033606
943,100,0,1,100,100,0,0,101,297,100,100,0.0367197874,17.1213536172,100.0000000000,15.9208194089,1.0000000000,0.8808000000,227.0663033606
944,100,0,1,100,100,0,0,101,297,100,100,0.0392387359,17.0821148813,100.0000000000,15.9208492485,1.0000000000,0.8808000000,227.0663033606
945,100,0,1,100,100,0,0,101,297,100,100,0.0312431902,17.0508716911,100.0000000000,15.9206850647,1.0000000000,0.8808000000,227.0663033606
946,100,0,1,100,100,0,0,101,297,100,100,0.0308379659,17.0200337252,100.0000000000,15.9205872317,1.0000000000,0.8808000000,227.0663033606
947,100,0,1,100,100,0,0,101,297,100,100,0.0356030968,16.9844306284,100.0000000000,15.9205750875,1.0000000000,0.8808000000,227.0663033606
948,100,0,1,100,100,0,0,101,297,100,100,0.0381990727,16.9462315557,100.0000000000,15.9208371771,1.0000000000,0.8808000000,227.0663033606
949,100,0,2,100,100,0,0,102,394,101,101,0.0324578864,16.9137736693,50.0000000000,19.9207020352,1.0000000000,0.8896000000,224.8201438849
950,100,0,1,100,100,0,0,101,297,100,100,0.0318493257,16.8819243437,100.0000000000,15.9206738463,1.0000000000,0.8808000000,227.0663033606
951,100,0,1,100,100,0,0,101,297,100,100,0.0370486141,16.8448757296,100.0000000000,15.9208339969,1.0000000000,0.8808000000,227.0663033606
952,100,0,1,100,100,0,0,101,297,100,100,0.0391965338,16.8056791958,100.0000000000,15.9208433420,1.0000000000,0.8808000000,227.0663033606
953,100,0,1,100,100,0,0,101,297,100,100,0.0302893698,16.7753898260,100.0000000000,15.9206380434,1.0000000000,0.8808000000,227.0663033606
954,100,0,1,100,100,0,0,101,297,100,100,0.0310127500,16.7443770760,100.0000000000,15.9206404831,1.0000000000,0.8808000000,227.0663033606
955,100,0,1,100,100,0,0,101,297,100,100,0.0324974764,16.7118795995,100.0000000000,15.9207316470,1.0000000000,0.8808000000,227.0663033606
956,100,0,1,100,100,0,0,101,297,100,100,0.0336325772,16.6782470223,100.0000000000,15.9207334365,1.0000000000,0.8808000000,227.0663033606
957,100,0,1,100,100,0,0,101,297,100,100,0.0370777366,16.6411692857,100.0000000000,15.9207663006,1.0000000000,0.8808000000,227.0663033606
958,100,0,1,100,100,0,0,101,297,100,100,0.0366872609,16.6044820248,100.0000000000,15.9206627167,1.0000000000,0.8808000000,227.0663033606
959,100,0,1,100,100,0,0,101,297,100,100,0.0386813257,16.5658006991,100.0000000000,15.9205874863,1.0000000000,0.8808000000,227.0663033606
960,100,0,1,100,100,0,0,101,297,100,100,0.0330981052,16.5327025939,100.0000000000,15.9207373495,1.0000000000,0.8808000000,227.0663033606
961,100,0,1,100,100,0,0,101,297,100,100,0.0361197134,16.4965828805,100.0000000000,15.9208169515,1.0000000000,0.8808000000,227.0663033606
962,100,0,1,100,100,0,0,101,297,100,100,0.0386188881,16.4579639923,100.0000000000,15.9208582013,1.0000000000,0.8808000000,227.0663033606
963,100,0,1,100,100,0,0,101,297,100,100,0.0358342586,16.4221297337,100.0000000000,15.9208054875,1.0000000000,0.8808000000,227.0663033606
964,100,0,1,100,100,0,0,101,297,100,100,0.0382063819,16.3839233518,100.0000000000,15.9208184419,1.0000000000,0.8808000000,227.0663033606
965,100,0,1,100,100,0,0,101,297,100,100,0.0367570995,16.3471662523,100.0000000000,15.9207825841,1.0000000000,0.8808000000,227.0663033606
966,100,0,1,100,100,0,0,101,297,100,100,0.0390543728,16.3081118795,100.0000000000,15.9208468048,1.0000000000,0.8808000000,227.0663033606
967,100,0,1,100,100,0,0,101,297,100,100,0.0324289137,16.2756829658,100.0000000000,15.9205865928,1.0000000000,0.8808000000,227.0663033606
968,100,0,1,100,100,0,0,101,297,100,100,0.0305479661,16.2451349996,100.0000000000,15.9206567029,1.0000000000,0.8808000000,227.0663033606
969,100,0,2,100,100,0,0,102,394,100,100,0.0322594245,16.2128755752,50.0000000000,15.8406111132,1.0000000000,0.8816000000,226.8602540835
970,100,0,1,100,100,0,0,101,297,100,100,0.0330167188,16.1798588564,100.0000000000,15.9206768269,1.0000000000,0.8808000000,227.0663033606
971,100,0,1,100,100,0,0,101,297,100,100,0.0414568151,16.1384020413,100.0000000000,15.9208631031,1.0000000000,0.8808000000,227.0663033606
972,100,0,1,100,100,0,0,101,297,100,100,0.0370498914,16.1013521499,100.0000000000,15.9207533966,1.0000000000,0.8808000000,227.0663033606
973,100,0,1,100,100,0,0,101,297,100,100,0.0352361439,16.0661160060,100.0000000000,15.9207139336,1.0000000000,0.8808000000,227.0663033606
974,100,0,1,100,100,0,0,101,297,100,100,0.0306914717,16.0354245343,100.0000000000,15.9206113514,1.0000000000,0.8808000000,227.0663033606
975,100,0,1,100,100,0,0,101,297,100,100,0.0384983829,15.9969261514,100.0000000000,15.9208153785,1.0000000000,0.8808000000,227.0663033606
976,100,0,3,100,100,0,0,103,491,101,101,0.0335147336,15.9634114178,33.3333333333,18.4805694651,1.0000000000,0.8904000000,224.6181491465
977,100,0,1,100,100,0,0,101,297,100,100,0.0309289713,15.9324824465,100.0000000000,15.9206695507,1.0000000000,0.8808000000,227.0663033606
978,100,0,2,100,100,0,0,102,394,101,101,0.0355329657,15.8969494808,50.0000000000,21.3607277441,1.0000000000,0.8896000000,224.8201438849
979,100,0,1,100,100,0,0,101,297,100,100,0.0346833207,15.8622661601,100.0000000000,15.9207464110,1.0000000000,0.8808000000,227.0663033606
980,100,0,1,100,100,0,0,101,297,100,100,0.0358976169,15.8263685432,100.0000000000,15.9208131574,1.0000000000,0.8808000000,227.0663033606
981,100,0,1,100,100,0,0,101,297,100,100,0.0320442306,15.7943243126,100.0000000000,15.9206826420,1.0000000000,0.8808000000,227.0663033606
982,100,0,1,100,100,0,0,101,297,100,100,0.0339499475,15.7603743651,100.0000000000,15.9207464073,1.0000000000,0.8808000000,227.0663033606
983,100,0,1,100,100,0,0,101,297,100,100,0.0320968380,15.7282775270,100.0000000000,15.9207112843,1.0000000000,0.8808000000,227.0663033606
984,100,0,1,100,100,0,0,101,297,100,100,0.0309265577,15.6973509694,100.0000000000,15.9206018499,1.0000000000,0.8808000000,227.0663033606
985,100,0,1,100,100,0,0,101,297,100,100,0.0321192781,15.6652316913,100.0000000000,15.9206141271,1.0000000000,0.8808000000,227.0663033606
986,100,0,1,100,100,0,0,101,297,100,100,0.0321358696,15.6330958217,100.0000000000,15.9206268382,1.0000000000,0.8808000000,227.0663033606
987,100,0,1,100,100,0,0,101,297,100,100,0.0382573686,15.5948384531,100.0000000000,15.9205879057,1.0000000000,0.8808000000,227.0663033606
988,100,0,1,100,100,0,0,101,297,100,100,0.0347633626,15.5600750906,100.0000000000,15.9206089434,1.0000000000,0.8808000000,227.0663033606
989,100,0,1,100,100,0,0,101,297,100,100,0.0335480708,15.5265270197,100.0000000000,15.9205544990,1.0000000000,0.8808000000,227.0663033606
990,100,0,1,100,100,0,0,101,297,100,100,0.0313034570,15.4952235627,100.0000000000,15.9206819323,1.0000000000,0.8808000000,227.0663033606
991,100,0,1,100,100,0,0,101,297,100,100,0.0353634885,15.4598600742,100.0000000000,15.9206554978,1.0000000000,0.8808000000,227.0663033606
992,100,0,1,100,100,0,0,101,297,100,100,0.0369013478,15.4229587263,100.0000000000,15.9208307162,1.0000000000,0.8808000000,227.0663033606
993,100,0,1,100,100,0,0,101,297,100,100,0.0319447502,15.3910139761,100.0000000000,15.9206476096,1.0000000000,0.8808000000,227.0663033606
994,100,0,1,100,100,0,0,101,297,100,100,0.0303523455,15.3606616306,100.0000000000,15.9206217044,1.0000000000,0.8808000000,227.0663033606
995,100,0,1,100,100,0,0,101,297,100,100,0.0309148192,15.3297468114,100.0000000000,15.9206165884,1.0000000000,0.8808000000,227.0663033606
996,100,0,1,100,100,0,0,101,297,100,100,0.0315502223,15.2981965891,100.0000000000,15.9206925982,1.0000000000,0.8808000000,227.0663033606
997,100,0,1,100,100,0,0,101,297,100,100,0.0363063501,15.2618902390,100.0000000000,15.9207994209,1.0000000000,0.8808000000,227.0663033606
998,100,0,1,100,100,0,0,101,297,100,100,0.0413263690,15.2205638700,100.0000000000,15.9208414561,1.0000000000,0.8808000000,227.0663033606
999,100,0,3,100,100,0,0,103,491,101,101,0.0327680792,15.1877957908,33.3333333333,22.0806168821,1.0000000000,0.8904000000,224.6181491465
1000,100,0,1,100,100,0,0,101,297,100,100,0.0321471633,15.1556486275,100.0000000000,15.9206166557,1.0000000000,0.8808000000,227.0663033606
1001,100,0,1,100,100,0,0,101,297,100,100,0.0337935629,15.1218550646,100.0000000000,15.9207398053,1.0000000000,0.8808000000,227.0663033606
1002,100,0,1,100,100,0,0,101,297,100,100,0.0314357913,15.0904192733,100.0000000000,15.9206213107,1.0000000000,0.8808000000,227.0663033606
1003,100,0,1,100,100,0,0,101,297,100,100,0.0382277467,15.0521915266,100.0000000000,15.9207801806,1.0000000000,0.8808000000,227.0663033606
1004,100,0,1,100,100,0,0,101,297,100,100,0.0360657911,15.0161257355,100.0000000000,15.9205443948,1.0000000000,0.8808000000,227.0663033606
1005,100,0,1,100,100,0,0,101,297,100,100,0.0373067561,14.9788189794,100.0000000000,15.9208247396,1.0000000000,0.8808000000,227.0663033606
1006,100,0,1,100,100,0,0,101,297,100,100,0.0389886538,14.9398303255,100.0000000000,15.9208444747,1.0000000000,0.8808000000,227.0663033606
1007,100,0,1,100,100,0,0,101,297,100,100,0.0333226550,14.9065076705,100.0000000000,15.9207304187,1.0000000000,0.8808000000,227.0663033606
1008,100,0,1,100,100,0,0,101,297,100,100,0.0318493257,14.8746583448,100.0000000000,15.9206738463,1.0000000000,0.8808000000,227.0663033606
1009,100,0,1,100,100,0,0,101,297,100,100,0.0328693273,14.8417890175,100.0000000000,15.9205746287,1.0000000000,0.8808000000,227.0663033606
1010,100,0,1,100,100,0,0,101,297,100,100,0.0353224571,14.8064665604,100.0000000000,15.9206293563,1.0000000000,0.8808000000,227.0663033606
1011,100,0,2,100,100,0,0,102,394,100,100,0.0314205567,14.7750460036,50.0000000000,15.8405489609,1.0000000000,0.8816000000,226.8602540835
1012,100,0,1,100,100,0,0,101,297,100,100,0.0375868095,14.7374591942,100.0000000000,15.9206426072,1.0000000000,0.8808000000,227.0663033606
1013,100,0,1,100,100,0,0,101,297,100,100,0.0378585976,14.6996005965,100.0000000000,15.9207861042,1.0000000000,0.8808000000,227.0663033606
1014,100,0,1,100,100,0,0,101,297,100,100,0.0305915093,14.6690090873,100.0000000000,15.9205971140,1.0000000000,0.8808000000,227.0663033606
1015,100,0,1,100,100,0,0,101,297,100,100,0.0324974764,14.6365116108,100.0000000000,15.9207316470,1.0000000000,0.8808000000,227.0663033606
1016,100,0,1,100,100,0,0,101,297,100,100,0.0416775588,14.5948340520,100.0000000000,15.9208783996,1.0000000000,0.8808000000,227.0663033606
1017,100,0,1,100,100,0,0,101,297,100,100,0.0330981052,14.5617359468,100.0000000000,15.9207373495,1.0000000000,0.8808000000,227.0663033606
1018,100,0,1,100,100,0,0,101,297,100,100,0.0320442306,14.5296917162,100.0000000000,15.9206826420,1.0000000000,0.8808000000,227.0663033606
1019,100,0,1,100,100,0,0,101,297,100,100,0.0400707038,14.4896210123,100.0000000000,15.9208565688,1.0000000000,0.8808000000,227.0663033606
1020,100,0,1,100,100,0,0,101,297,100,100,0.0329796506,14.4566413618,100.0000000000,15.9207083323,1.0000000000,0.8808000000,227.0663033606
1021,100,0,1,100,100,0,0,101,297,100,100,0.0415200005,14.4151213612,100.0000000000,15.9208503264,1.0000000000,0.8808000000,227.0663033606
1022,100,0,1,100,100,0,0,101,297,100,100,0.0305941385,14.3845272227,100.0000000000,15.9206220935,1.0000000000,0.8808000000,227.0663033606
1023,100,0,1,100,100,0,0,101,297,100,100,0.0314159533,14.3531112694,100.0000000000,15.9206057971,1.0000000000,0.8808000000,227.0663033606
1024,100,0,1,100,100,0,0,101,297,100,100,0.0409320031,14.3121792663,100.0000000000,15.9208542689,1.0000000000,0.8808000000,227.0663033606
1025,100,0,1,100,100,0,0,101,297,100,100,0.0330167188,14.2791625475,100.0000000000,15.9206768269,1.0000000000,0.8808000000,227.0663033606
1026,100,0,1,100,100,0,0,101,297,100,100,0.0312466374,14.2479159101,100.0000000000,15.9205861993,1.0000000000,0.8808000000,227.0663033606
1027,100,0,1,100,100,0,0,101,297,100,100,0.0381990727,14.2097168374,100.0000000000,15.9208371771,1.0000000000,0.8808000000,227.0663033606
1028,100,0,1,100,100,0,0,101,297,100,100,0.0386813257,14.1710355118,100.0000000000,15.9205874863,1.0000000000,0.8808000000,227.0663033606
1029,100,0,2,100,100,0,0,102,394,100,100,0.0315307559,14.1395047558,50.0000000000,15.8406110215,1.0000000000,0.8816000000,226.8602540835
1030,100,0,1,100,100,0,0,101,297,100,100,0.0388504046,14.1006543512,100.0000000000,15.9208387403,1.0000000000,0.8808000000,227.0663033606
1031,100,0,1,100,100,0,0,101,297,100,100,0.0370486141,14.0636057371,100.0000000000,15.9208339969,1.0000000000,0.8808000000,227.0663033606
1032,100,0,1,100,100,0,0,101,297,100,100,0.0306914717,14.0329142654,100.0000000000,15.9206113514,1.0000000000,0.8808000000,227.0663033606
1033,100,0,1,100,100,0,0,101,297,100,100,0.0358342586,13.9970800068,100.0000000000,15.9208054875,1.0000000000,0.8808000000,227.0663033606
1034,100,0,1,100,100,0,0,101,297,100,100,0.0312431902,13.9658368166,100.0000000000,15.9206850647,1.0000000000,0.8808000000,227.0663033606
1035,100,0,1,100,100,0,0,101,297,100,100,0.0361197134,13.9297171032,100.0000000000,15.9208169515,1.0000000000,0.8808000000,227.0663033606
1036,100,0,1,100,100,0,0,101,297,100,100,0.0392387359,13.8904783673,100.0000000000,15.9208492485,1.0000000000,0.8808000000,227.0663033606
1037,100,0,1,100,100,0,0,101,297,100,100,0.0343097116,13.8561686557,100.0000000000,15.9207102456,1.0000000000,0.8808000000,227.0663033606
1038,100,0,1,100,100,0,0,101,297,100,100,0.0325579170,13.8236107387,100.0000000000,15.9205634182,1.0000000000,0.8808000000,227.0663033606
1039,100,0,1,100,100,0,0,101,297,100,100,0.0370777366,13.7865330021,100.0000000000,15.9207663006,1.0000000000,0.8808000000,227.0663033606
1040,100,0,1,100,100,0,0,101,297,100,100,0.0427954737,13.7437375284,100.0000000000,15.9208792373,1.0000000000,0.8808000000,227.0663033606
1041,100,0,1,100,100,0,0,101,297,100,100,0.0367570995,13.7069804289,100.0000000000,15.9207825841,1.0000000000,0.8808000000,227.0663033606
1042,100,0,1,100,100,0,0,101,297,100,100,0.0382063819,13.6687740470,100.0000000000,15.9208184419,1.0000000000,0.8808000000,227.0663033606
1043,100,0,1,100,100,0,0,101,297,100,100,0.0391965338,13.6295775132,100.0000000000,15.9208433420,1.0000000000,0.8808000000,227.0663033606
1044,100,0,1,100,100,0,0,101,297,100,100,0.0302893698,13.5992881434,100.0000000000,15.9206380434,1.0000000000,0.8808000000,227.0663033606
1045,100,0,1,100,100,0,0,101,297,100,100,0.0352361439,13.5640519995,100.0000000000,15.9207139336,1.0000000000,0.8808000000,227.0663033606
1046,100,0,1,100,100,0,0,101,297,100,100,0.0309289713,13.5331230282,100.0000000000,15.9206695507,1.0000000000,0.8808000000,227.0663033606
1047,100,0,1,100,100,0,0,101,297,100,100,0.0337935629,13.4993294653,100.0000000000,15.9207398053,1.0000000000,0.8808000000,227.0663033606
1048,100,0,1,100,100,0,0,101,297,100,100,0.0402567950,13.4590726703,100.0000000000,15.9208534513,1.0000000000,0.8808000000,227.0663033606
1049,100,0,1,100,100,0,0,101,297,100,100,0.0305941385,13.4284785318,100.0000000000,15.9206220935,1.0000000000,0.8808000000,227.0663033606
1050,100,0,1,100,100,0,0,101,297,100,100,0.0309265577,13.3975519741,100.0000000000,15.9206018499,1.0000000000,0.8808000000,227.0663033606
1051,100,0,1,100,100,0,0,101,297,100,100,0.0370498914,13.3605020827,100.0000000000,15.9207533966,1.0000000000,0.8808000000,227.0663033606
1052,100,0,1,100,100,0,0,101,297,100,100,0.0390543728,13.3214477099,100.0000000000,15.9208468048,1.0000000000,0.8808000000,227.0663033606
1053,100,0,1,100,100,0,0,101,297,100,100,0.0406735152,13.2807741947,100.0000000000,15.9208404568,1.0000000000,0.8808000000,227.0663033606
1054,100,0,1,100,100,0,0,101,297,100,100,0.0320968380,13.2486773567,100.0000000000,15.9207112843,1.0000000000,0.8808000000,227.0663033606
1055,100,0,1,100,100,0,0,101,297,100,100,0.0321358696,13.2165414871,100.0000000000,15.9206268382,1.0000000000,0.8808000000,227.0663033606
1056,100,0,1,100,100,0,0,101,297,100,100,0.0386188881,13.1779225990,100.0000000000,15.9208582013,1.0000000000,0.8808000000,227.0663033606
1057,100,0,1,100,100,0,0,101,297,100,100,0.0325579170,13.1453646820,100.0000000000,15.9205634182,1.0000000000,0.8808000000,227.0663033606
1058,100,0,1,100,100,0,0,101,297,100,100,0.0321652129,13.1131994691,100.0000000000,15.9206406374,1.0000000000,0.8808000000,227.0663033606
1059,100,0,3,100,100,0,0,103,491,102,102,0.0314871770,13.0817122921,33.3333333333,22.4806958372,1.0000000000,0.8984000000,222.6179875334
1060,100,0,1,100,100,0,0,101,297,100,100,0.0313034570,13.0504088351,100.0000000000,15.9206819323,1.0000000000,0.8808000000,227.0663033606
1061,100,0,1,100,100,0,0,101,297,100,100,0.0339499475,13.0164588876,100.0000000000,15.9207464073,1.0000000000,0.8808000000,227.0663033606
1062,100,0,1,100,100,0,0,101,297,100,100,0.0366872609,12.9797716267,100.0000000000,15.9206627167,1.0000000000,0.8808000000,227.0663033606
1063,100,0,1,100,100,0,0,101,297,100,100,0.0303523455,12.9494192812,100.0000000000,15.9206217044,1.0000000000,0.8808000000,227.0663033606
1064,100,0,1,100,100,0,0,101,297,100,100,0.0346833207,12.9147359605,100.0000000000,15.9207464110,1.0000000000,0.8808000000,227.0663033606
1065,100,0,1,100,100,0,0,101,297,100,100,0.0384983829,12.8762375776,100.0000000000,15.9208153785,1.0000000000,0.8808000000,227.0663033606
1066,100,0,1,100,100,0,0,101,297,100,100,0.0364679072,12.8397696704,100.0000000000,15.9205858391,1.0000000000,0.8808000000,227.0663033606
1067,100,0,1,100,100,0,0,101,297,100,100,0.0373067561,12.8024629143,100.0000000000,15.9208247396,1.0000000000,0.8808000000,227.0663033606
1068,100,0,1,100,100,0,0,101,297,100,100,0.0375868095,12.7648761048,100.0000000000,15.9206426072,1.0000000000,0.8808000000,227.0663033606
1069,100,0,1,100,100,0,0,101,297,100,100,0.0309148192,12.7339612856,100.0000000000,15.9206165884,1.0000000000,0.8808000000,227.0663033606
1070,100,0,1,100,100,0,0,101,297,100,100,0.0358976169,12.6980636687,100.0000000000,15.9208131574,1.0000000000,0.8808000000,227.0663033606
1071,100,0,1,100,100,0,0,101,297,100,100,0.0324289137,12.6656347550,100.0000000000,15.9205865928,1.0000000000,0.8808000000,227.0663033606
1072,100,0,1,100,100,0,0,101,297,100,100,0.0315502223,12.6340845327,100.0000000000,15.9206925982,1.0000000000,0.8808000000,227.0663033606
1073,100,0,1,100,100,0,0,101,297,100,100,0.0414568151,12.5926277176,100.0000000000,15.9208631031,1.0000000000,0.8808000000,227.0663033606
1074,100,0,1,100,100,0,0,101,297,100,100,0.0314357913,12.5611919262,100.0000000000,15.9206213107,1.0000000000,0.8808000000,227.0663033606
1075,100,0,1,100,100,0,0,101,297,100,100,0.0321471633,12.5290447630,100.0000000000,15.9206166557,1.0000000000,0.8808000000,227.0663033606
1076,100,0,1,100,100,0,0,101,297,100,100,0.0369104010,12.4921343620,100.0000000000,15.9205865459,1.0000000000,0.8808000000,227.0663033606
1077,100,0,1,100,100,0,0,101,297,100,100,0.0308379659,12.4612963961,100.0000000000,15.9205872317,1.0000000000,0.8808000000,227.0663033606
1078,100,0,1,100,100,0,0,101,297,100,100,0.0347633626,12.4265330335,100.0000000000,15.9206089434,1.0000000000,0.8808000000,227.0663033606
1079,100,0,1,100,100,0,0,101,297,100,100,0.0314159533,12.3951170802,100.0000000000,15.9206057971,1.0000000000,0.8808000000,227.0663033606
1080,100,0,1,100,100,0,0,101,297,100,100,0.0305479661,12.3645691141,100.0000000000,15.9206567029,1.0000000000,0.8808000000,227.0663033606
1081,100,0,1,100,100,0,0,101,297,100,100,0.0383274336,12.3262416805,100.0000000000,15.9208313135,1.0000000000,0.8808000000,227.0663033606
1082,100,0,1,100,100,0,0,101,297,100,100,0.0353634885,12.2908781920,100.0000000000,15.9206554978,1.0000000000,0.8808000000,227.0663033606
1083,100,0,1,100,100,0,0,101,297,100,100,0.0318493257,12.2590288663,100.0000000000,15.9206738463,1.0000000000,0.8808000000,227.0663033606
1084,100,0,1,100,100,0,0,101,297,100,100,0.0305915093,12.2284373571,100.0000000000,15.9205971140,1.0000000000,0.8808000000,227.0663033606
1085,100,0,1,100,100,0,0,101,297,100,100,0.0347332094,12.1937041477,100.0000000000,15.9206611141,1.0000000000,0.8808000000,227.0663033606
1086,100,0,1,100,100,0,0,101,297,100,100,0.0376476260,12.1560565216,100.0000000000,15.9206097504,1.0000000000,0.8808000000,227.0663033606
1087,100,0,1,100,100,0,0,101,297,100,100,0.0369013478,12.1191551738,100.0000000000,15.9208307162,1.0000000000,0.8808000000,227.0663033606
1088,100,0,1,100,100,0,0,101,297,100,100,0.0312753874,12.0878797864,100.0000000000,15.9205775852,1.0000000000,0.8808000000,227.0663033606
1089,100,0,1,100,100,0,0,101,297,100,100,0.0324289137,12.0554508727,100.0000000000,15.9205865928,1.0000000000,0.8808000000,227.0663033606
1090,100,0,1,100,100,0,0,101,297,100,100,0.0333226550,12.0221282177,100.0000000000,15.9207304187,1.0000000000,0.8808000000,227.0663033606
1091,100,0,1,100,100,0,0,101,297,100,100,0.0351457672,11.9869824505,100.0000000000,15.9207597531,1.0000000000,0.8808000000,227.0663033606
1092,100,0,1,100,100,0,0,101,297,100,100,0.0370895643,11.9498928862,100.0000000000,15.9207106889,1.0000000000,0.8808000000,227.0663033606
1093,100,0,1,100,100,0,0,101,297,100,100,0.0309265577,11.9189663285,100.0000000000,15.9206018499,1.0000000000,0.8808000000,227.0663033606
1094,100,0,1,100,100,0,0,101,297,100,100,0.0324974764,11.8864688521,100.0000000000,15.9207316470,1.0000000000,0.8808000000,227.0663033606
1095,100,0,1,100,100,0,0,101,297,100,100,0.0363063501,11.8501625020,100.0000000000,15.9207994209,1.0000000000,0.8808000000,227.0663033606
1096,100,0,1,100,100,0,0,101,297,100,100,0.0308228432,11.8193396588,100.0000000000,15.9205922378,1.0000000000,0.8808000000,227.0663033606
1097,100,0,1,100,100,0,0,101,297,100,100,0.0330981052,11.7862415536,100.0000000000,15.9207373495,1.0000000000,0.8808000000,227.0663033606
1098,100,0,1,100,100,0,0,101,297,100,100,0.0382573686,11.7479841850,100.0000000000,15.9205879057,1.0000000000,0.8808000000,227.0663033606
1099,100,0,2,100,100,0,0,102,394,101,101,0.0303632995,11.7176208855,50.0000000000,22.5606387889,1.0000000000,0.8896000000,224.8201438849
1100,100,0,1,100,100,0,0,101,297,100,100,0.0329796506,11.6846412349,100.0000000000,15.9207083323,1.0000000000,0.8808000000,227.0663033606
1101,100,0,1,100,100,0,0,101,297,100,100,0.0376127738,11.6470284611,100.0000000000,15.9206034524,1.0000000000,0.8808000000,227.0663033606
1102,100,0,1,100,100,0,0,101,297,100,100,0.0306914717,11.6163369894,100.0000000000,15.9206113514,1.0000000000,0.8808000000,227.0663033606
1103,100,0,1,100,100,0,0,101,297,100,100,0.0413252605,11.5750117289,100.0000000000,15.9206165664,1.0000000000,0.8808000000,227.0663033606
1104,100,0,1,100,100,0,0,101,297,100,100,0.0389200323,11.5360916967,100.0000000000,15.9206280372,1.0000000000,0.8808000000,227.0663033606
1105,100,0,1,100,100,0,0,101,297,100,100,0.0351773864,11.5009143103,100.0000000000,15.9206102097,1.0000000000,0.8808000000,227.0663033606
1106,100,0,1,100,100,0,0,101,297,100,100,0.0353224571,11.4655918532,100.0000000000,15.9206293563,1.0000000000,0.8808000000,227.0663033606
1107,100,0,1,100,100,0,0,101,297,100,100,0.0360657911,11.4295260621,100.0000000000,15.9205443948,1.0000000000,0.8808000000,227.0663033606
1108,100,0,1,100,100,0,0,101,297,100,100,0.0312431902,11.3982828719,100.0000000000,15.9206850647,1.0000000000,0.8808000000,227.0663033606
1109,100,0,1,100,100,0,0,101,297,100,100,0.0330167188,11.3652661532,100.0000000000,15.9206768269,1.0000000000,0.8808000000,227.0663033606
1110,100,0,1,100,100,0,0,101,297,100,100,0.0382277467,11.3270384064,100.0000000000,15.9207801806,1.0000000000,0.8808000000,227.0663033606
1111,100,0,1,100,100,0,0,101,297,100,100,0.0367197874,11.2903186190,100.0000000000,15.9208194089,1.0000000000,0.8808000000,227.0663033606
1112,100,0,1,100,100,0,0,101,297,100,100,0.0319447502,11.2583738689,100.0000000000,15.9206476096,1.0000000000,0.8808000000,227.0663033606
1113,100,0,1,100,100,0,0,101,297,100,100,0.0324289137,11.2259449552,100.0000000000,15.9205865928,1.0000000000,0.8808000000,227.0663033606
1114,100,0,1,100,100,0,0,101,297,100,100,0.0309289713,11.1950159838,100.0000000000,15.9206695507,1.0000000000,0.8808000000,227.0663033606
1115,100,0,1,100,100,0,0,101,297,100,100,0.0343097116,11.1607062722,100.0000000000,15.9207102456,1.0000000000,0.8808000000,227.0663033606
1116,100,0,1,100,100,0,0,101,297,100,100,0.0420827118,11.1186235604,100.0000000000,15.9206262240,1.0000000000,0.8808000000,227.0663033606
1117,100,0,1,100,100,0,0,101,297,100,100,0.0389886538,11.0796349066,100.0000000000,15.9208444747,1.0000000000,0.8808000000,227.0663033606
1118,100,0,1,100,100,0,0,101,297,100,100,0.0358342586,11.0438006480,100.0000000000,15.9208054875,1.0000000000,0.8808000000,227.0663033606
1119,100,0,2,100,100,0,0,102,394,101,101,0.0335317724,11.0102688756,50.0000000000,23.2006156764,1.0000000000,0.8896000000,224.8201438849
1120,100,0,1,100,100,0,0,101,297,100,100,0.0413263690,10.9689425066,100.0000000000,15.9208414561,1.0000000000,0.8808000000,227.0663033606
1121,100,0,1,100,100,0,0,101,297,100,100,0.0361197134,10.9328227932,100.0000000000,15.9208169515,1.0000000000,0.8808000000,227.0663033606
1122,100,0,1,100,100,0,0,101,297,100,100,0.0329796506,10.8998431426,100.0000000000,15.9207083323,1.0000000000,0.8808000000,227.0663033606
1123,100,0,1,100,100,0,0,101,297,100,100,0.0321358696,10.8677072730,100.0000000000,15.9206268382,1.0000000000,0.8808000000,227.0663033606
1124,100,0,1,100,100,0,0,101,297,100,100,0.0310127500,10.8366945230,100.0000000000,15.9206404831,1.0000000000,0.8808000000,227.0663033606
1125,100,0,1,100,100,0,0,101,297,100,100,0.0320442306,10.8046502924,100.0000000000,15.9206826420,1.0000000000,0.8808000000,227.0663033606
1126,100,0,1,100,100,0,0,101,297,100,100,0.0303523455,10.7742979469,100.0000000000,15.9206217044,1.0000000000,0.8808000000,227.0663033606
1127,100,0,1,100,100,0,0,101,297,100,100,0.0320968380,10.7422011089,100.0000000000,15.9207112843,1.0000000000,0.8808000000,227.0663033606
1128,100,0,1,100,100,0,0,101,297,100,100,0.0321652129,10.7100358960,100.0000000000,15.9206406374,1.0000000000,0.8808000000,227.0663033606
1129,100,0,2,100,100,0,0,102,394,100,100,0.0311423733,10.6788935227,50.0000000000,15.8405788687,1.0000000000,0.8816000000,226.8602540835
1130,100,0,1,100,100,0,0,101,297,100,100,0.0313034570,10.6475900656,100.0000000000,15.9206819323,1.0000000000,0.8808000000,227.0663033606
1131,100,0,1,100,100,0,0,101,297,100,100,0.0352361439,10.6123539217,100.0000000000,15.9207139336,1.0000000000,0.8808000000,227.0663033606
1132,100,0,1,100,100,0,0,101,297,100,100,0.0367570995,10.5755968222,100.0000000000,15.9207825841,1.0000000000,0.8808000000,227.0663033606
1133,100,0,1,100,100,0,0,101,297,100,100,0.0312466374,10.5443501848,100.0000000000,15.9205861993,1.0000000000,0.8808000000,227.0663033606
1134,100,0,1,100,100,0,0,101,297,100,100,0.0400707038,10.5042794810,100.0000000000,15.9208565688,1.0000000000,0.8808000000,227.0663033606
1135,100,0,1,100,100,0,0,101,297,100,100,0.0353224571,10.4689570239,100.0000000000,15.9206293563,1.0000000000,0.8808000000,227.0663033606
1136,100,0,1,100,100,0,0,101,297,100,100,0.0309148192,10.4380422046,100.0000000000,15.9206165884,1.0000000000,0.8808000000,227.0663033606
1137,100,0,1,100,100,0,0,101,297,100,100,0.0381990727,10.3998431319,100.0000000000,15.9208371771,1.0000000000,0.8808000000,227.0663033606
1138,100,0,1,100,100,0,0,101,297,100,100,0.0370777366,10.3627653953,100.0000000000,15.9207663006,1.0000000000,0.8808000000,227.0663033606
1139,100,0,1,100,100,0,0,101,297,100,100,0.0321652129,10.3306001825,100.0000000000,15.9206406374,1.0000000000,0.8808000000,227.0663033606
1140,100,0,1,100,100,0,0,101,297,100,100,0.0335480708,10.2970521116,100.0000000000,15.9205544990,1.0000000000,0.8808000000,227.0663033606
1141,100,0,1,100,100,0,0,101,297,100,100,0.0315502223,10.2655018894,100.0000000000,15.9206925982,1.0000000000,0.8808000000,227.0663033606
1142,100,0,1,100,100,0,0,101,297,100,100,0.0314357913,10.2340660980,100.0000000000,15.9206213107,1.0000000000,0.8808000000,227.0663033606
1143,100,0,1,100,100,0,0,101,297,100,100,0.0382063819,10.1958597161,100.0000000000,15.9208184419,1.0000000000,0.8808000000,227.0663033606
1144,100,0,1,100,100,0,0,101,297,100,100,0.0308379659,10.1650217503,100.0000000000,15.9205872317,1.0000000000,0.8808000000,227.0663033606
1145,100,0,1,100,100,0,0,101,297,100,100,0.0388504046,10.1261713456,100.0000000000,15.9208387403,1.0000000000,0.8808000000,227.0663033606
1146,100,0,1,100,100,0,0,101,297,100,100,0.0346833207,10.0914880250,100.0000000000,15.9207464110,1.0000000000,0.8808000000,227.0663033606
1147,100,0,1,100,100,0,0,101,297,100,100,0.0339499475,10.0575380775,100.0000000000,15.9207464073,1.0000000000,0.8808000000,227.0663033606
1148,100,0,1,100,100,0,0,101,297,100,100,0.0415200005,10.0160180769,100.0000000000,15.9208503264,1.0000000000,0.8808000000,227.0663033606
1149,100,0,1,100,100,0,0,101,297,100,100,0.0305915093,9.9854265677,100.0000000000,15.9205971140,1.0000000000,0.8808000000,227.0663033606
1150,100,0,1,100,100,0,0,101,297,100,100,0.0305479661,9.9548786015,100.0000000000,15.9206567029,1.0000000000,0.8808000000,227.0663033606
1151,100,0,1,100,100,0,0,101,297,100,100,0.0409320031,9.9139465984,100.0000000000,15.9208542689,1.0000000000,0.8808000000,227.0663033606
1152,100,0,1,100,100,0,0,101,297,100,100,0.0392387359,9.8747078625,100.0000000000,15.9208492485,1.0000000000,0.8808000000,227.0663033606
1153,100,0,1,100,100,0,0,101,297,100,100,0.0370486141,9.8376592484,100.0000000000,15.9208339969,1.0000000000,0.8808000000,227.0663033606
1154,100,0,1,100,100,0,0,101,297,100,100,0.0416775588,9.7959816896,100.0000000000,15.9208783996,1.0000000000,0.8808000000,227.0663033606
1155,100,0,1,100,100,0,0,101,297,100,100,0.0391965338,9.7567851558,100.0000000000,15.9208433420,1.0000000000,0.8808000000,227.0663033606
1156,100,0,1,100,100,0,0,101,297,100,100,0.0347633626,9.7220217932,100.0000000000,15.9206089434,1.0000000000,0.8808000000,227.0663033606
1157,100,0,1,100,100,0,0,101,297,100,100,0.0318493257,9.6901724675,100.0000000000,15.9206738463,1.0000000000,0.8808000000,227.0663033606
1158,100,0,1,100,100,0,0,101,297,100,100,0.0370498914,9.6531225761,100.0000000000,15.9207533966,1.0000000000,0.8808000000,227.0663033606
1159,100,0,2,100,100,0,0,102,394,101,101,0.0326507580,9.6204718181,50.0000000000,20.0806211386,1.0000000000,0.8896000000,224.8201438849
1160,100,0,1,100,100,0,0,101,297,100,100,0.0305941385,9.5898776796,100.0000000000,15.9206220935,1.0000000000,0.8808000000,227.0663033606
1161,100,0,1,100,100,0,0,101,297,100,100,0.0308228432,9.5590548364,100.0000000000,15.9205922378,1.0000000000,0.8808000000,227.0663033606
1162,100,0,1,100,100,0,0,101,297,100,100,0.0366872609,9.5223675755,100.0000000000,15.9206627167,1.0000000000,0.8808000000,227.0663033606
1163,100,0,1,100,100,0,0,101,297,100,100,0.0358976169,9.4864699586,100.0000000000,15.9208131574,1.0000000000,0.8808000000,227.0663033606
1164,100,0,1,100,100,0,0,101,297,100,100,0.0378585976,9.4486113610,100.0000000000,15.9207861042,1.0000000000,0.8808000000,227.0663033606
1165,100,0,1,100,100,0,0,101,297,100,100,0.0364679072,9.4121434538,100.0000000000,15.9205858391,1.0000000000,0.8808000000,227.0663033606
1166,100,0,1,100,100,0,0,101,297,100,100,0.0337935629,9.3783498909,100.0000000000,15.9207398053,1.0000000000,0.8808000000,227.0663033606
1167,100,0,1,100,100,0,0,101,297,100,100,0.0314159533,9.3469339376,100.0000000000,15.9206057971,1.0000000000,0.8808000000,227.0663033606
1168,100,0,1,100,100,0,0,101,297,100,100,0.0324974764,9.3144364612,100.0000000000,15.9207316470,1.0000000000,0.8808000000,227.0663033606
1169,100,0,1,100,100,0,0,101,297,100,100,0.0313034570,9.2831330041,100.0000000000,15.9206819323,1.0000000000,0.8808000000,227.0663033606
1170,100,0,1,100,100,0,0,101,297,100,100,0.0306914717,9.2524415325,100.0000000000,15.9206113514,1.0000000000,0.8808000000,227.0663033606
1171,100,0,1,100,100,0,0,101,297,100,100,0.0333226550,9.2191188774,100.0000000000,15.9207304187,1.0000000000,0.8808000000,227.0663033606
1172,100,0,1,100,100,0,0,101,297,100,100,0.0386188881,9.1804999893,100.0000000000,15.9208582013,1.0000000000,0.8808000000,227.0663033606
1173,100,0,1,100,100,0,0,101,297,100,100,0.0390543728,9.1414456165,100.0000000000,15.9208468048,1.0000000000,0.8808000000,227.0663033606
1174,100,0,1,100,100,0,0,101,297,100,100,0.0336325772,9.1078130392,100.0000000000,15.9207334365,1.0000000000,0.8808000000,227.0663033606
1175,100,0,1,100,100,0,0,101,297,100,100,0.0384983829,9.0693146563,100.0000000000,15.9208153785,1.0000000000,0.8808000000,227.0663033606
1176,100,0,1,100,100,0,0,101,297,100,100,0.0312431902,9.0380714662,100.0000000000,15.9206850647,1.0000000000,0.8808000000,227.0663033606
1177,100,0,2,100,100,0,0,102,394,101,101,0.0306764444,9.0073950218,50.0000000000,21.1206052729,1.0000000000,0.8896000000,224.8201438849
1178,100,0,1,100,100,0,0,101,297,100,100,0.0402567950,8.9671382268,100.0000000000,15.9208534513,1.0000000000,0.8808000000,227.0663033606
1179,100,0,1,100,100,0,0,101,297,100,100,0.0353634885,8.9317747382,100.0000000000,15.9206554978,1.0000000000,0.8808000000,227.0663033606
1180,100,0,1,100,100,0,0,101,297,100,100,0.0330981052,8.8986766330,100.0000000000,15.9207373495,1.0000000000,0.8808000000,227.0663033606
1181,100,0,1,100,100,0,0,101,297,100,100,0.0351457672,8.8635308658,100.0000000000,15.9207597531,1.0000000000,0.8808000000,227.0663033606
1182,100,0,1,100,100,0,0,101,297,100,100,0.0427954737,8.8207353921,100.0000000000,15.9208792373,1.0000000000,0.8808000000,227.0663033606
1183,100,0,1,100,100,0,0,101,297,100,100,0.0406735152,8.7800618769,100.0000000000,15.9208404568,1.0000000000,0.8808000000,227.0663033606
1184,100,0,1,100,100,0,0,101,297,100,100,0.0369013478,8.7431605291,100.0000000000,15.9208307162,1.0000000000,0.8808000000,227.0663033606
1185,100,0,1,100,100,0,0,101,297,100,100,0.0363063501,8.7068541789,100.0000000000,15.9207994209,1.0000000000,0.8808000000,227.0663033606
1186,100,0,1,100,100,0,0,101,297,100,100,0.0330167188,8.6738374602,100.0000000000,15.9206768269,1.0000000000,0.8808000000,227.0663033606
1187,100,0,1,100,100,0,0,101,297,100,100,0.0309289713,8.6429084889,100.0000000000,15.9206695507,1.0000000000,0.8808000000,227.0663033606
1188,100,0,1,100,100,0,0,101,297,100,100,0.0370895643,8.6058189246,100.0000000000,15.9207106889,1.0000000000,0.8808000000,227.0663033606
1189,100,0,1,100,100,0,0,101,297,100,100,0.0383274336,8.5674914910,100.0000000000,15.9208313135,1.0000000000,0.8808000000,227.0663033606
1190,100,0,1,100,100,0,0,101,297,100,100,0.0321471633,8.5353443278,100.0000000000,15.9206166557,1.0000000000,0.8808000000,227.0663033606
1191,100,0,1,100,100,0,0,101,297,100,100,0.0319447502,8.5033995776,100.0000000000,15.9206476096,1.0000000000,0.8808000000,227.0663033606
1192,100,0,1,100,100,0,0,101,297,100,100,0.0309265577,8.4724730199,100.0000000000,15.9206018499,1.0000000000,0.8808000000,227.0663033606
1193,100,0,1,100,100,0,0,101,297,100,100,0.0351773864,8.4372956336,100.0000000000,15.9206102097,1.0000000000,0.8808000000,227.0663033606
1194,100,0,1,100,100,0,0,101,297,100,100,0.0376476260,8.3996480075,100.0000000000,15.9206097504,1.0000000000,0.8808000000,227.0663033606
1195,100,0,1,100,100,0,0,101,297,100,100,0.0302893698,8.3693586377,100.0000000000,15.9206380434,1.0000000000,0.8808000000,227.0663033606
1196,100,0,1,100,100,0,0,101,297,100,100,0.0303523455,8.3390062922,100.0000000000,15.9206217044,1.0000000000,0.8808000000,227.0663033606
1197,100,0,1,100,100,0,0,101,297,100,100,0.0369104010,8.3020958912,100.0000000000,15.9205865459,1.0000000000,0.8808000000,227.0663033606
1198,100,0,1,100,100,0,0,101,297,100,100,0.0414568151,8.2606390761,100.0000000000,15.9208631031,1.0000000000,0.8808000000,227.0663033606
1199,100,0,1,100,100,0,0,101,297,100,100,0.0373067561,8.2233323200,100.0000000000,15.9208247396,1.0000000000,0.8808000000,227.0663033606
1200,100,0,1,100,100,0,0,101,297,100,100,0.0320442306,8.1912880894,100.0000000000,15.9206826420,1.0000000000,0.8808000000,227.0663033606
1201,100,0,1,100,100,0,0,101,297,100,100,0.0343097116,8.1569783778,100.0000000000,15.9207102456,1.0000000000,0.8808000000,227.0663033606
1202,100,0,1,100,100,0,0,101,297,100,100,0.0367197874,8.1202585903,100.0000000000,15.9208194089,1.0000000000,0.8808000000,227.0663033606
1203,100,0,1,100,100,0,0,101,297,100,100,0.0321358696,8.0881227208,100.0000000000,15.9206268382,1.0000000000,0.8808000000,227.0663033606
1204,100,0,1,100,100,0,0,101,297,100,100,0.0320968380,8.0560258828,100.0000000000,15.9207112843,1.0000000000,0.8808000000,227.0663033606
1205,100,0,1,100,100,0,0,101,297,100,100,0.0360657911,8.0199600917,100.0000000000,15.9205443948,1.0000000000,0.8808000000,227.0663033606
1206,100,0,1,100,100,0,0,101,297,100,100,0.0312466374,7.9887134543,100.0000000000,15.9205861993,1.0000000000,0.8808000000,227.0663033606
1207,100,0,1,100,100,0,0,101,297,100,100,0.0328693273,7.9558441270,100.0000000000,15.9205746287,1.0000000000,0.8808000000,227.0663033606
1208,100,0,1,100,100,0,0,101,297,100,100,0.0376127738,7.9182313531,100.0000000000,15.9206034524,1.0000000000,0.8808000000,227.0663033606
1209,100,0,1,100,100,0,0,101,297,100,100,0.0382573686,7.8799739846,100.0000000000,15.9205879057,1.0000000000,0.8808000000,227.0663033606
1210,100,0,1,100,100,0,0,101,297,100,100,0.0308379659,7.8491360187,100.0000000000,15.9205872317,1.0000000000,0.8808000000,227.0663033606
1211,100,0,1,100,100,0,0,101,297,100,100,0.0382277467,7.8109082720,100.0000000000,15.9207801806,1.0000000000,0.8808000000,227.0663033606
1212,100,0,1,100,100,0,0,101,297,100,100,0.0315502223,7.7793580497,100.0000000000,15.9206925982,1.0000000000,0.8808000000,227.0663033606
1213,100,0,1,100,100,0,0,101,297,100,100,0.0358342586,7.7435237911,100.0000000000,15.9208054875,1.0000000000,0.8808000000,227.0663033606
1214,100,0,1,100,100,0,0,101,297,100,100,0.0314357913,7.7120879997,100.0000000000,15.9206213107,1.0000000000,0.8808000000,227.0663033606
1215,100,0,1,100,100,0,0,101,297,100,100,0.0347332094,7.6773547903,100.0000000000,15.9206611141,1.0000000000,0.8808000000,227.0663033606
1216,100,0,1,100,100,0,0,101,297,100,100,0.0305479661,7.6468068242,100.0000000000,15.9206567029,1.0000000000,0.8808000000,227.0663033606
1217,100,0,1,100,100,0,0,101,297,100,100,0.0361197134,7.6106871108,100.0000000000,15.9208169515,1.0000000000,0.8808000000,227.0663033606
1218,100,0,1,100,100,0,0,101,297,100,100,0.0305915093,7.5800956015,100.0000000000,15.9205971140,1.0000000000,0.8808000000,227.0663033606
1219,100,0,1,100,100,0,0,101,297,100,100,0.0389200323,7.5411755692,100.0000000000,15.9206280372,1.0000000000,0.8808000000,227.0663033606
1220,100,0,1,100,100,0,0,101,297,100,100,0.0352361439,7.5059394253,100.0000000000,15.9207139336,1.0000000000,0.8808000000,227.0663033606
1221,100,0,1,100,100,0,0,101,297,100,100,0.0335480708,7.4723913545,100.0000000000,15.9205544990,1.0000000000,0.8808000000,227.0663033606
1222,100,0,1,100,100,0,0,101,297,100,100,0.0375868095,7.4348045450,100.0000000000,15.9206426072,1.0000000000,0.8808000000,227.0663033606
1223,100,0,1,100,100,0,0,101,297,100,100,0.0339499475,7.4008545975,100.0000000000,15.9207464073,1.0000000000,0.8808000000,227.0663033606
1224,100,0,1,100,100,0,0,101,297,100,100,0.0389886538,7.3618659437,100.0000000000,15.9208444747,1.0000000000,0.8808000000,227.0663033606
1225,100,0,1,100,100,0,0,101,297,100,100,0.0367570995,7.3251088441,100.0000000000,15.9207825841,1.0000000000,0.8808000000,227.0663033606
1226,100,0,1,100,100,0,0,101,297,100,100,0.0308228432,7.2942860010,100.0000000000,15.9205922378,1.0000000000,0.8808000000,227.0663033606
1227,100,0,1,100,100,0,0,101,297,100,100,0.0313934016,7.2628925994,100.0000000000,15.9206365989,1.0000000000,0.8808000000,227.0663033606
1228,100,0,1,100,100,0,0,101,297,100,100,0.0318493257,7.2310432737,100.0000000000,15.9206738463,1.0000000000,0.8808000000,227.0663033606
1229,100,0,1,100,100,0,0,101,297,100,100,0.0321192781,7.1989239956,100.0000000000,15.9206141271,1.0000000000,0.8808000000,227.0663033606
1230,100,0,1,100,100,0,0,101,297,100,100,0.0310127500,7.1679112456,100.0000000000,15.9206404831,1.0000000000,0.8808000000,227.0663033606
1231,100,0,1,100,100,0,0,101,297,100,100,0.0346833207,7.1332279249,100.0000000000,15.9207464110,1.0000000000,0.8808000000,227.0663033606
1232,100,0,1,100,100,0,0,101,297,100,100,0.0306914717,7.1025364532,100.0000000000,15.9206113514,1.0000000000,0.8808000000,227.0663033606
1233,100,0,1,100,100,0,0,101,297,100,100,0.0370777366,7.0654587167,100.0000000000,15.9207663006,1.0000000000,0.8808000000,227.0663033606
1234,100,0,1,100,100,0,0,101,297,100,100,0.0315374191,7.0339212976,100.0000000000,15.9206172794,1.0000000000,0.8808000000,227.0663033606
1235,100,0,1,100,100,0,0,101,297,100,100,0.0314159533,7.0025053443,100.0000000000,15.9206057971,1.0000000000,0.8808000000,227.0663033606
1236,100,0,1,100,100,0,0,101,297,100,100,0.0381990727,6.9643062716,100.0000000000,15.9208371771,1.0000000000,0.8808000000,227.0663033606
1237,100,0,1,100,100,0,0,101,297,100,100,0.0413252605,6.9229810111,100.0000000000,15.9206165664,1.0000000000,0.8808000000,227.0663033606
1238,100,0,1,100,100,0,0,101,297,100,100,0.0309289713,6.8920520398,100.0000000000,15.9206695507,1.0000000000,0.8808000000,227.0663033606
1239,100,0,1,100,100,0,0,101,297,100,100,0.0324974764,6.8595545633,100.0000000000,15.9207316470,1.0000000000,0.8808000000,227.0663033606
1240,100,0,1,100,100,0,0,101,297,100,100,0.0347633626,6.8247912007,100.0000000000,15.9206089434,1.0000000000,0.8808000000,227.0663033606
1241,100,0,1,100,100,0,0,101,297,100,100,0.0312431902,6.7935480106,100.0000000000,15.9206850647,1.0000000000,0.8808000000,227.0663033606
1242,100,0,1,100,100,0,0,101,297,100,100,0.0382063819,6.7553416287,100.0000000000,15.9208184419,1.0000000000,0.8808000000,227.0663033606
1243,100,0,1,100,100,0,0,101,297,100,100,0.0337935629,6.7215480658,100.0000000000,15.9207398053,1.0000000000,0.8808000000,227.0663033606
1244,100,0,1,100,100,0,0,101,297,100,100,0.0333226550,6.6882254107,100.0000000000,15.9207304187,1.0000000000,0.8808000000,227.0663033606
1245,100,0,1,100,100,0,0,101,297,100,100,0.0309148192,6.6573105915,100.0000000000,15.9206165884,1.0000000000,0.8808000000,227.0663033606
1246,100,0,1,100,100,0,0,101,297,100,100,0.0370486141,6.6202619774,100.0000000000,15.9208339969,1.0000000000,0.8808000000,227.0663033606
1247,100,0,1,100,100,0,0,101,297,100,100,0.0388504046,6.5814115728,100.0000000000,15.9208387403,1.0000000000,0.8808000000,227.0663033606
1248,100,0,1,100,100,0,0,101,297,100,100,0.0413263690,6.5400852038,100.0000000000,15.9208414561,1.0000000000,0.8808000000,227.0663033606
1249,100,0,1,100,100,0,0,101,297,100,100,0.0400707038,6.5000145000,100.0000000000,15.9208565688,1.0000000000,0.8808000000,227.0663033606
1250,100,0,1,100,100,0,0,101,297,100,100,0.0330981052,6.4669163947,100.0000000000,15.9207373495,1.0000000000,0.8808000000,227.0663033606
1251,100,0,1,100,100,0,0,101,297,100,100,0.0358976169,6.4310187778,100.0000000000,15.9208131574,1.0000000000,0.8808000000,227.0663033606
1252,100,0,1,100,100,0,0,101,297,100,100,0.0336325772,6.3973862006,100.0000000000,15.9207334365,1.0000000000,0.8808000000,227.0663033606
1253,100,0,1,100,100,0,0,101,297,100,100,0.0370498914,6.3603363092,100.0000000000,15.9207533966,1.0000000000,0.8808000000,227.0663033606
1254,100,0,1,100,100,0,0,101,297,100,100,0.0329796506,6.3273566586,100.0000000000,15.9207083323,1.0000000000,0.8808000000,227.0663033606
1255,100,0,1,100,100,0,0,101,297,100,100,0.0392387359,6.2881179227,100.0000000000,15.9208492485,1.0000000000,0.8808000000,227.0663033606
1256,100,0,1,100,100,0,0,101,297,100,100,0.0330167188,6.2551012039,100.0000000000,15.9206768269,1.0000000000,0.8808000000,227.0663033606
1257,100,0,1,100,100,0,0,101,297,100,100,0.0309265577,6.2241746463,100.0000000000,15.9206018499,1.0000000000,0.8808000000,227.0663033606
1258,100,0,1,100,100,0,0,101,297,100,100,0.0366872609,6.1874873854,100.0000000000,15.9206627167,1.0000000000,0.8808000000,227.0663033606
1259,100,0,1,100,100,0,0,101,297,100,100,0.0364679072,6.1510194782,100.0000000000,15.9205858391,1.0000000000,0.8808000000,227.0663033606
1260,100,0,1,100,100,0,0,101,297,100,100,0.0321471633,6.1188723149,100.0000000000,15.9206166557,1.0000000000,0.8808000000,227.0663033606
1261,100,0,1,100,100,0,0,101,297,100,100,0.0319447502,6.0869275648,100.0000000000,15.9206476096,1.0000000000,0.8808000000,227.0663033606
1262,100,0,1,100,100,0,0,101,297,100,100,0.0353634885,6.0515640762,100.0000000000,15.9206554978,1.0000000000,0.8808000000,227.0663033606
1263,100,0,1,100,100,0,0,101,297,100,100,0.0303523455,6.0212117307,100.0000000000,15.9206217044,1.0000000000,0.8808000000,227.0663033606
1264,100,0,1,100,100,0,0,101,297,100,100,0.0302893698,5.9909223609,100.0000000000,15.9206380434,1.0000000000,0.8808000000,227.0663033606
1265,100,0,1,100,100,0,0,101,297,100,100,0.0378585976,5.9530637632,100.0000000000,15.9207861042,1.0000000000,0.8808000000,227.0663033606
1266,100,0,1,100,100,0,0,101,297,100,100,0.0351457672,5.9179179961,100.0000000000,15.9207597531,1.0000000000,0.8808000000,227.0663033606
1267,100,0,1,100,100,0,0,101,297,100,100,0.0391965338,5.8787214623,100.0000000000,15.9208433420,1.0000000000,0.8808000000,227.0663033606
1268,100,0,1,100,100,0,0,101,297,100,100,0.0314357913,5.8472856709,100.0000000000,15.9206213107,1.0000000000,0.8808000000,227.0663033606
1269,100,0,1,100,100,0,0,101,297,100,100,0.0305941385,5.8166915324,100.0000000000,15.9206220935,1.0000000000,0.8808000000,227.0663033606
1270,100,0,2,100,100,0,0,102,394,101,101,0.0332304017,5.7834611307,50.0000000000,17.8406514210,1.0000000000,0.8896000000,224.8201438849
1271,100,0,1,100,100,0,0,101,297,100,100,0.0313034570,5.7521576737,100.0000000000,15.9206819323,1.0000000000,0.8808000000,227.0663033606
1272,100,0,1,100,100,0,0,101,297,100,100,0.0386188881,5.7135387855,100.0000000000,15.9208582013,1.0000000000,0.8808000000,227.0663033606
1273,100,0,1,100,100,0,0,101,297,100,100,0.0416775588,5.6718612267,100.0000000000,15.9208783996,1.0000000000,0.8808000000,227.0663033606
1274,100,0,1,100,100,0,0,101,297,100,100,0.0320442306,5.6398169961,100.0000000000,15.9206826420,1.0000000000,0.8808000000,227.0663033606
1275,100,0,1,100,100,0,0,101,297,100,100,0.0390543728,5.6007626233,100.0000000000,15.9208468048,1.0000000000,0.8808000000,227.0663033606
1276,100,0,1,100,100,0,0,101,297,100,100,0.0363063501,5.5644562732,100.0000000000,15.9207994209,1.0000000000,0.8808000000,227.0663033606
1277,100,0,1,100,100,0,0,101,297,100,100,0.0312466374,5.5332096358,100.0000000000,15.9205861993,1.0000000000,0.8808000000,227.0663033606
1278,100,0,1,100,100,0,0,101,297,100,100,0.0321358696,5.5010737662,100.0000000000,15.9206268382,1.0000000000,0.8808000000,227.0663033606
1279,100,0,1,100,100,0,0,101,297,100,100,0.0320968380,5.4689769282,100.0000000000,15.9207112843,1.0000000000,0.8808000000,227.0663033606
1280,100,0,1,100,100,0,0,101,297,100,100,0.0369013478,5.4320755804,100.0000000000,15.9208307162,1.0000000000,0.8808000000,227.0663033606
1281,100,0,1,100,100,0,0,101,297,100,100,0.0409320031,5.3911435772,100.0000000000,15.9208542689,1.0000000000,0.8808000000,227.0663033606
1282,100,0,1,100,100,0,0,101,297,100,100,0.0384983829,5.3526451943,100.0000000000,15.9208153785,1.0000000000,0.8808000000,227.0663033606
1283,100,0,1,100,100,0,0,101,297,100,100,0.0321652129,5.3204799815,100.0000000000,15.9206406374,1.0000000000,0.8808000000,227.0663033606
1284,100,0,1,100,100,0,0,101,297,100,100,0.0308379659,5.2896420156,100.0000000000,15.9205872317,1.0000000000,0.8808000000,227.0663033606
1285,100,0,1,100,100,0,0,101,297,100,100,0.0415200005,5.2481220151,100.0000000000,15.9208503264,1.0000000000,0.8808000000,227.0663033606
1286,100,0,1,100,100,0,0,101,297,100,100,0.0351773864,5.2129446287,100.0000000000,15.9206102097,1.0000000000,0.8808000000,227.0663033606
1287,100,0,1,100,100,0,0,101,297,100,100,0.0302893698,5.1826552589,100.0000000000,15.9206380434,1.0000000000,0.8808000000,227.0663033606
1288,100,0,1,100,100,0,0,101,297,100,100,0.0353224571,5.1473328018,100.0000000000,15.9206293563,1.0000000000,0.8808000000,227.0663033606
1289,100,0,1,100,100,0,0,101,297,100,100,0.0315502223,5.1157825795,100.0000000000,15.9206925982,1.0000000000,0.8808000000,227.0663033606
1290,100,0,1,100,100,0,0,101,297,100,100,0.0305479661,5.0852346134,100.0000000000,15.9206567029,1.0000000000,0.8808000000,227.0663033606
1291,100,0,1,100,100,0,0,101,297,100,100,0.0328693273,5.0523652860,100.0000000000,15.9205746287,1.0000000000,0.8808000000,227.0663033606
1292,100,0,1,100,100,0,0,101,297,100,100,0.0370895643,5.0152757218,100.0000000000,15.9207106889,1.0000000000,0.8808000000,227.0663033606
1293,100,0,1,100,100,0,0,101,297,100,100,0.0305915093,4.9846842125,100.0000000000,15.9205971140,1.0000000000,0.8808000000,227.0663033606
1294,100,0,1,100,100,0,0,101,297,100,100,0.0324289137,4.9522552988,100.0000000000,15.9205865928,1.0000000000,0.8808000000,227.0663033606
1295,100,0,1,100,100,0,0,101,297,100,100,0.0402567950,4.9119985038,100.0000000000,15.9208534513,1.0000000000,0.8808000000,227.0663033606
1296,100,0,1,100,100,0,0,101,297,100,100,0.0383274336,4.8736710702,100.0000000000,15.9208313135,1.0000000000,0.8808000000,227.0663033606
1297,100,0,1,100,100,0,0,101,297,100,100,0.0406735152,4.8329975550,100.0000000000,15.9208404568,1.0000000000,0.8808000000,227.0663033606
1298,100,0,1,100,100,0,0,101,297,100,100,0.0308228432,4.8021747119,100.0000000000,15.9205922378,1.0000000000,0.8808000000,227.0663033606
1299,100,0,1,100,100,0,0,101,297,100,100,0.0367197874,4.7654549245,100.0000000000,15.9208194089,1.0000000000,0.8808000000,227.0663033606
1300,100,0,1,100,100,0,0,101,297,100,100,0.0373067561,4.7281481683,100.0000000000,15.9208247396,1.0000000000,0.8808000000,227.0663033606
1301,100,0,1,100,100,0,0,101,297,100,100,0.0358342586,4.6923139097,100.0000000000,15.9208054875,1.0000000000,0.8808000000,227.0663033606
1302,100,0,1,100,100,0,0,101,297,100,100,0.0313934016,4.6609205081,100.0000000000,15.9206365989,1.0000000000,0.8808000000,227.0663033606
1303,100,0,1,100,100,0,0,101,297,100,100,0.0360657911,4.6248547170,100.0000000000,15.9205443948,1.0000000000,0.8808000000,227.0663033606
1304,100,0,1,100,100,0,0,101,297,100,100,0.0318493257,4.5930053914,100.0000000000,15.9206738463,1.0000000000,0.8808000000,227.0663033606
1305,100,0,1,100,100,0,0,101,297,100,100,0.0369104010,4.5560949904,100.0000000000,15.9205865459,1.0000000000,0.8808000000,227.0663033606
1306,100,0,1,100,100,0,0,101,297,100,100,0.0306914717,4.5254035187,100.0000000000,15.9206113514,1.0000000000,0.8808000000,227.0663033606
1307,100,0,1,100,100,0,0,101,297,100,100,0.0347332094,4.4906703093,100.0000000000,15.9206611141,1.0000000000,0.8808000000,227.0663033606
1308,100,0,1,100,100,0,0,101,297,100,100,0.0343097116,4.4563605977,100.0000000000,15.9207102456,1.0000000000,0.8808000000,227.0663033606
1309,100,0,1,100,100,0,0,101,297,100,100,0.0376476260,4.4187129717,100.0000000000,15.9206097504,1.0000000000,0.8808000000,227.0663033606
1310,100,0,1,100,100,0,0,101,297,100,100,0.0335480708,4.3851649009,100.0000000000,15.9205544990,1.0000000000,0.8808000000,227.0663033606
1311,100,0,1,100,100,0,0,101,297,100,100,0.0315374191,4.3536274818,100.0000000000,15.9206172794,1.0000000000,0.8808000000,227.0663033606
1312,100,0,1,100,100,0,0,101,297,100,100,0.0314159533,4.3222115285,100.0000000000,15.9206057971,1.0000000000,0.8808000000,227.0663033606
1313,100,0,1,100,100,0,0,101,297,100,100,0.0339499475,4.2882615810,100.0000000000,15.9207464073,1.0000000000,0.8808000000,227.0663033606
1314,100,0,1,100,100,0,0,101,297,100,100,0.0361197134,4.2521418675,100.0000000000,15.9208169515,1.0000000000,0.8808000000,227.0663033606
1315,100,0,1,100,100,0,0,101,297,100,100,0.0323556381,4.2197862295,100.0000000000,15.9205949318,1.0000000000,0.8808000000,227.0663033606
1316,100,0,1,100,100,0,0,101,297,100,100,0.0352361439,4.1845500856,100.0000000000,15.9207139336,1.0000000000,0.8808000000,227.0663033606
1317,100,0,1,100,100,0,0,101,297,100,100,0.0312431902,4.1533068954,100.0000000000,15.9206850647,1.0000000000,0.8808000000,227.0663033606
1318,100,0,1,100,100,0,0,101,297,100,100,0.0309148192,4.1223920761,100.0000000000,15.9206165884,1.0000000000,0.8808000000,227.0663033606
1319,100,0,1,100,100,0,0,101,297,100,100,0.0346833207,4.0877087555,100.0000000000,15.9207464110,1.0000000000,0.8808000000,227.0663033606
1320,100,0,1,100,100,0,0,101,297,100,100,0.0324974764,4.0552112790,100.0000000000,15.9207316470,1.0000000000,0.8808000000,227.0663033606
1321,100,0,1,100,100,0,0,101,297,100,100,0.0382277467,4.0169835323,100.0000000000,15.9207801806,1.0000000000,0.8808000000,227.0663033606
1322,100,0,1,100,100,0,0,101,297,100,100,0.0376127738,3.9793707584,100.0000000000,15.9206034524,1.0000000000,0.8808000000,227.0663033606
1323,100,0,1,100,100,0,0,101,297,100,100,0.0427954737,3.9365752847,100.0000000000,15.9208792373,1.0000000000,0.8808000000,227.0663033606
1324,100,0,1,100,100,0,0,101,297,100,100,0.0309289713,3.9056463134,100.0000000000,15.9206695507,1.0000000000,0.8808000000,227.0663033606
1325,100,0,1,100,100,0,0,101,297,100,100,0.0367570995,3.8688892139,100.0000000000,15.9207825841,1.0000000000,0.8808000000,227.0663033606
1326,100,0,1,100,100,0,0,101,297,100,100,0.0333226550,3.8355665588,100.0000000000,15.9207304187,1.0000000000,0.8808000000,227.0663033606
1327,100,0,1,100,100,0,0,101,297,100,100,0.0337935629,3.8017729959,100.0000000000,15.9207398053,1.0000000000,0.8808000000,227.0663033606
1328,100,0,1,100,100,0,0,101,297,100,100,0.0309265577,3.7708464383,100.0000000000,15.9206018499,1.0000000000,0.8808000000,227.0663033606
1329,100,0,1,100,100,0,0,101,297,100,100,0.0312753874,3.7395710509,100.0000000000,15.9205775852,1.0000000000,0.8808000000,227.0663033606
1330,100,0,1,100,100,0,0,101,297,100,100,0.0386813257,3.7008897252,100.0000000000,15.9205874863,1.0000000000,0.8808000000,227.0663033606
1331,100,0,1,100,100,0,0,101,297,100,100,0.0382573686,3.6626323567,100.0000000000,15.9205879057,1.0000000000,0.8808000000,227.0663033606
1332,100,0,1,100,100,0,0,101,297,100,100,0.0303523455,3.6322800112,100.0000000000,15.9206217044,1.0000000000,0.8808000000,227.0663033606
1333,100,0,1,100,100,0,0,101,297,100,100,0.0336325772,3.5986474339,100.0000000000,15.9207334365,1.0000000000,0.8808000000,227.0663033606
1334,100,0,1,100,100,0,0,101,297,100,100,0.0370777366,3.5615696973,100.0000000000,15.9207663006,1.0000000000,0.8808000000,227.0663033606
1335,100,0,1,100,100,0,0,101,297,100,100,0.0329796506,3.5285900468,100.0000000000,15.9207083323,1.0000000000,0.8808000000,227.0663033606
1336,100,0,1,100,100,0,0,101,297,100,100,0.0330981052,3.4954919415,100.0000000000,15.9207373495,1.0000000000,0.8808000000,227.0663033606
1337,100,0,1,100,100,0,0,101,297,100,100,0.0389886538,3.4565032877,100.0000000000,15.9208444747,1.0000000000,0.8808000000,227.0663033606
1338,100,0,1,100,100,0,0,101,297,100,100,0.0319447502,3.4245585375,100.0000000000,15.9206476096,1.0000000000,0.8808000000,227.0663033606
1339,100,0,1,100,100,0,0,101,297,100,100,0.0330928727,3.3914656648,100.0000000000,15.9205645115,1.0000000000,0.8808000000,227.0663033606
1340,100,0,1,100,100,0,0,101,297,100,100,0.0305941385,3.3608715262,100.0000000000,15.9206220935,1.0000000000,0.8808000000,227.0663033606
1341,100,0,1,100,100,0,0,101,297,100,100,0.0321471633,3.3287243630,100.0000000000,15.9206166557,1.0000000000,0.8808000000,227.0663033606
1342,100,0,1,100,100,0,0,101,297,100,100,0.0347633626,3.2939610004,100.0000000000,15.9206089434,1.0000000000,0.8808000000,227.0663033606
1343,100,0,1,100,100,0,0,101,297,100,100,0.0414568151,3.2525041853,100.0000000000,15.9208631031,1.0000000000,0.8808000000,227.0663033606
1344,100,0,1,100,100,0,0,101,297,100,100,0.0353224571,3.2171817282,100.0000000000,15.9206293563,1.0000000000,0.8808000000,227.0663033606
1345,100,0,1,100,100,0,0,101,297,100,100,0.0375868095,3.1795949187,100.0000000000,15.9206426072,1.0000000000,0.8808000000,227.0663033606
1346,100,0,1,100,100,0,0,101,297,100,100,0.0330167188,3.1465781999,100.0000000000,15.9206768269,1.0000000000,0.8808000000,227.0663033606
1347,100,0,1,100,100,0,0,101,297,100,100,0.0389200323,3.1076581677,100.0000000000,15.9206280372,1.0000000000,0.8808000000,227.0663033606
1348,100,0,1,100,100,0,0,101,297,100,100,0.0313034570,3.0763547106,100.0000000000,15.9206819323,1.0000000000,0.8808000000,227.0663033606
1349,100,0,1,100,100,0,0,101,297,100,100,0.0312466374,3.0451080733,100.0000000000,15.9205861993,1.0000000000,0.8808000000,227.0663033606
1350,100,0,1,100,100,0,0,101,297,100,100,0.0381990727,3.0069090006,100.0000000000,15.9208371771,1.0000000000,0.8808000000,227.0663033606
1351,100,0,1,100,100,0,0,101,297,100,100,0.0358976169,2.9710113836,100.0000000000,15.9208131574,1.0000000000,0.8808000000,227.0663033606
1352,100,0,1,100,100,0,0,101,297,100,100,0.0370486141,2.9339627695,100.0000000000,15.9208339969,1.0000000000,0.8808000000,227.0663033606
1353,100,0,1,100,100,0,0,101,297,100,100,0.0321358696,2.9018269000,100.0000000000,15.9206268382,1.0000000000,0.8808000000,227.0663033606
1354,100,0,1,100,100,0,0,101,297,100,100,0.0308379659,2.8709889341,100.0000000000,15.9205872317,1.0000000000,0.8808000000,227.0663033606
1355,100,0,1,100,100,0,0,101,297,100,100,0.0320442306,2.8389447035,100.0000000000,15.9206826420,1.0000000000,0.8808000000,227.0663033606
1356,100,0,1,100,100,0,0,101,297,100,100,0.0320968380,2.8068478655,100.0000000000,15.9207112843,1.0000000000,0.8808000000,227.0663033606
1357,100,0,1,100,100,0,0,101,297,100,100,0.0321652129,2.7746826526,100.0000000000,15.9206406374,1.0000000000,0.8808000000,227.0663033606
1358,100,0,1,100,100,0,0,101,297,100,100,0.0305479661,2.7441346865,100.0000000000,15.9206567029,1.0000000000,0.8808000000,227.0663033606
1359,100,0,1,100,100,0,0,101,297,100,100,0.0382063819,2.7059283046,100.0000000000,15.9208184419,1.0000000000,0.8808000000,227.0663033606
1360,100,0,1,100,100,0,0,101,297,100,100,0.0351457672,2.6707825374,100.0000000000,15.9207597531,1.0000000000,0.8808000000,227.0663033606
1361,100,0,1,100,100,0,0,101,297,100,100,0.0305915093,2.6401910281,100.0000000000,15.9205971140,1.0000000000,0.8808000000,227.0663033606
1362,100,0,1,100,100,0,0,101,297,100,100,0.0353634885,2.6048275396,100.0000000000,15.9206554978,1.0000000000,0.8808000000,227.0663033606
1363,100,0,1,100,100,0,0,101,297,100,100,0.0370498914,2.5677776482,100.0000000000,15.9207533966,1.0000000000,0.8808000000,227.0663033606
1364,100,0,1,100,100,0,0,101,297,100,100,0.0314357913,2.5363418568,100.0000000000,15.9206213107,1.0000000000,0.8808000000,227.0663033606
1365,100,0,1,100,100,0,0,101,297,100,100,0.0315502223,2.5047916346,100.0000000000,15.9206925982,1.0000000000,0.8808000000,227.0663033606
1366,100,0,1,100,100,0,0,101,297,100,100,0.0366872609,2.4681043736,100.0000000000,15.9206627167,1.0000000000,0.8808000000,227.0663033606
1367,100,0,1,100,100,0,0,101,297,100,100,0.0413252605,2.4267791131,100.0000000000,15.9206165664,1.0000000000,0.8808000000,227.0663033606
1368,100,0,1,100,100,0,0,101,297,100,100,0.0356030968,2.3911760163,100.0000000000,15.9205750875,1.0000000000,0.8808000000,227.0663033606
1369,100,0,1,100,100,0,0,101,297,100,100,0.0313034570,2.3598725593,100.0000000000,15.9206819323,1.0000000000,0.8808000000,227.0663033606
1370,100,0,1,100,100,0,0,101,297,100,100,0.0328693273,2.3270032320,100.0000000000,15.9205746287,1.0000000000,0.8808000000,227.0663033606
1371,100,0,1,100,100,0,0,101,297,100,100,0.0364679072,2.2905353248,100.0000000000,15.9205858391,1.0000000000,0.8808000000,227.0663033606
1372,100,0,1,100,100,0,0,101,297,100,100,0.0310127500,2.2595225748,100.0000000000,15.9206404831,1.0000000000,0.8808000000,227.0663033606
1373,100,0,1,100,100,0,0,101,297,100,100,0.0388504046,2.2206721701,100.0000000000,15.9208387403,1.0000000000,0.8808000000,227.0663033606
1374,100,0,1,100,100,0,0,101,297,100,100,0.0324289137,2.1882432564,100.0000000000,15.9205865928,1.0000000000,0.8808000000,227.0663033606
1375,100,0,1,100,100,0,0,101,297,100,100,0.0308228432,2.1574204133,100.0000000000,15.9205922378,1.0000000000,0.8808000000,227.0663033606
1376,100,0,1,100,100,0,0,101,297,100,100,0.0389456797,2.1184747336,100.0000000000,15.9206159815,1.0000000000,0.8808000000,227.0663033606
1377,100,0,1,100,100,0,0,101,297,100,100,0.0351773864,2.0832973472,100.0000000000,15.9206102097,1.0000000000,0.8808000000,227.0663033606
1378,100,0,1,100,100,0,0,101,297,100,100,0.0325579170,2.0507394302,100.0000000000,15.9205634182,1.0000000000,0.8808000000,227.0663033606
1379,100,0,1,100,100,0,0,101,297,100,100,0.0306914717,2.0200479585,100.0000000000,15.9206113514,1.0000000000,0.8808000000,227.0663033606
1380,100,0,1,100,100,0,0,101,297,100,100,0.0313934016,1.9886545570,100.0000000000,15.9206365989,1.0000000000,0.8808000000,227.0663033606
1381,100,0,1,100,100,0,0,101,297,100,100,0.0363063501,1.9523482068,100.0000000000,15.9207994209,1.0000000000,0.8808000000,227.0663033606
1382,100,0,1,100,100,0,0,101,297,100,100,0.0378585976,1.9144896092,100.0000000000,15.9207861042,1.0000000000,0.8808000000,227.0663033606
1383,100,0,1,100,100,0,0,101,297,100,100,0.0318493257,1.8826402836,100.0000000000,15.9206738463,1.0000000000,0.8808000000,227.0663033606
1384,100,0,1,100,100,0,0,101,297,100,100,0.0392387359,1.8434015477,100.0000000000,15.9208492485,1.0000000000,0.8808000000,227.0663033606
1385,100,0,1,100,100,0,0,101,297,100,100,0.0314159533,1.8119855944,100.0000000000,15.9206057971,1.0000000000,0.8808000000,227.0663033606
1386,100,0,1,100,100,0,0,101,297,100,100,0.0315374191,1.7804481753,100.0000000000,15.9206172794,1.0000000000,0.8808000000,227.0663033606
1387,100,0,1,100,100,0,0,101,297,100,100,0.0410396857,1.7394084896,100.0000000000,15.9206000274,1.0000000000,0.8808000000,227.0663033606
1388,100,0,1,100,100,0,0,101,297,100,100,0.0335480708,1.7058604187,100.0000000000,15.9205544990,1.0000000000,0.8808000000,227.0663033606
1389,100,0,1,100,100,0,0,101,297,100,100,0.0323556381,1.6735047807,100.0000000000,15.9205949318,1.0000000000,0.8808000000,227.0663033606
1390,100,0,1,100,100,0,0,101,297,100,100,0.0400707038,1.6334340768,100.0000000000,15.9208565688,1.0000000000,0.8808000000,227.0663033606
1391,100,0,1,100,100,0,0,101,297,100,100,0.0369013478,1.5965327290,100.0000000000,15.9208307162,1.0000000000,0.8808000000,227.0663033606
1392,100,0,1,100,100,0,0,101,297,100,100,0.0309148192,1.5656179097,100.0000000000,15.9206165884,1.0000000000,0.8808000000,227.0663033606
1393,100,0,1,100,100,0,0,101,297,100,100,0.0391965338,1.5264213760,100.0000000000,15.9208433420,1.0000000000,0.8808000000,227.0663033606
1394,100,0,1,100,100,0,0,101,297,100,100,0.0347332094,1.4916881666,100.0000000000,15.9206611141,1.0000000000,0.8808000000,227.0663033606
1395,100,0,1,100,100,0,0,101,297,100,100,0.0312431902,1.4604449764,100.0000000000,15.9206850647,1.0000000000,0.8808000000,227.0663033606
1396,100,0,1,100,100,0,0,101,297,100,100,0.0360657911,1.4243791853,100.0000000000,15.9205443948,1.0000000000,0.8808000000,227.0663033606
1397,100,0,1,100,100,0,0,101,297,100,100,0.0343097116,1.3900694737,100.0000000000,15.9207102456,1.0000000000,0.8808000000,227.0663033606
1398,100,0,1,100,100,0,0,101,297,100,100,0.0370895643,1.3529799094,100.0000000000,15.9207106889,1.0000000000,0.8808000000,227.0663033606
1399,100,0,1,100,100,0,0,101,297,100,100,0.0386188881,1.3143610213,100.0000000000,15.9208582013,1.0000000000,0.8808000000,227.0663033606
1400,100,0,1,100,100,0,0,101,297,100,100,0.0339499475,1.2804110738,100.0000000000,15.9207464073,1.0000000000,0.8808000000,227.0663033606
1401,100,0,1,100,100,0,0,101,297,100,100,0.0369104010,1.2435006728,100.0000000000,15.9205865459,1.0000000000,0.8808000000,227.0663033606
1402,100,0,1,100,100,0,0,101,297,100,100,0.0309265577,1.2125741151,100.0000000000,15.9206018499,1.0000000000,0.8808000000,227.0663033606
1403,100,0,1,100,100,0,0,101,297,100,100,0.0309289713,1.1816451438,100.0000000000,15.9206695507,1.0000000000,0.8808000000,227.0663033606
1404,100,0,1,100,100,0,0,101,297,100,100,0.0384983829,1.1431467609,100.0000000000,15.9208153785,1.0000000000,0.8808000000,227.0663033606
1405,100,0,1,100,100,0,0,101,297,100,100,0.0303523455,1.1127944154,100.0000000000,15.9206217044,1.0000000000,0.8808000000,227.0663033606
1406,100,0,1,100,100,0,0,101,297,100,100,0.0324974764,1.0802969389,100.0000000000,15.9207316470,1.0000000000,0.8808000000,227.0663033606
1407,100,0,1,100,100,0,0,101,297,100,100,0.0302893698,1.0500075691,100.0000000000,15.9206380434,1.0000000000,0.8808000000,227.0663033606
1408,100,0,1,100,100,0,0,101,297,100,100,0.0390543728,1.0109531963,100.0000000000,15.9208468048,1.0000000000,0.8808000000,227.0663033606
1409,100,0,1,100,100,0,0,101,297,100,100,0.0413263690,0.9696268274,100.0000000000,15.9208414561,1.0000000000,0.8808000000,227.0663033606
1410,99,1,1,99,99,0,0,100,294,99,99,0.0355734778,0.9340533495,99.0000000000,15.9199982871,1.0000000000,0.8720000000,227.0642201835
1411,99,1,1,99,99,0,0,100,294,99,99,0.0349621969,0.8990911526,99.0000000000,15.9199066363,1.0000000000,0.8720000000,227.0642201835
1412,99,1,1,99,99,0,0,100,294,99,99,0.0364292992,0.8626618534,99.0000000000,15.9200116858,1.0000000000,0.8720000000,227.0642201835
1413,99,1,1,99,99,0,0,100,294,99,99,0.0303217741,0.8323400793,99.0000000000,15.9198143304,1.0000000000,0.8720000000,227.0642201835
1414,98,2,1,99,98,1,0,100,294,98,98,0.0308177512,0.8015223281,98.0000000000,15.9189444869,0.9898989899,0.8640000000,226.8518518519
1415,97,3,1,98,97,1,0,99,291,97,97,0.0313336952,0.7701886329,97.0000000000,15.9181391073,0.9897959184,0.8552000000,226.8475210477
1416,95,5,1,97,95,2,0,98,288,95,95,0.0356924258,0.7344962070,95.0000000000,15.9163949889,0.9793814433,0.8384000000,226.6221374046
1417,95,5,1,95,95,0,0,96,282,95,95,0.0318370636,0.7026591434,95.0000000000,15.9165207509,1.0000000000,0.8368000000,227.0554493308
1418,94,6,0,95,0,95,0,96,282,94,94,0.0347472742,0.6679118692,0.0000000000,0.0000000000,0.0000000000,0.8288000000,0.0000000000
1419,92,8,1,94,92,2,0,95,279,92,92,0.0295791301,0.6383327391,92.0000000000,15.9136871871,0.9787234043,0.8120000000,226.6009852217
1420,89,11,0,92,0,92,0,93,273,89,89,0.0345730766,0.6037596625,0.0000000000,0.0000000000,0.0000000000,0.7864000000,0.0000000000
1421,87,13,0,89,0,89,0,90,264,87,87,0.0317025569,0.5720571055,0.0000000000,0.0000000000,0.0000000000,0.7680000000,0.0000000000
1422,86,14,1,87,86,1,0,88,258,86,86,0.0305589269,0.5414981786,86.0000000000,15.9077271074,0.9885057471,0.7584000000,226.7932489451
1423,84,16,0,86,0,86,0,87,255,84,84,0.0290156923,0.5124824863,0.0000000000,0.0000000000,0.0000000000,0.7416000000,0.0000000000
1424,83,17,1,84,83,1,0,85,249,83,83,0.0267411979,0.4857412884,83.0000000000,15.9042264142,0.9880952381,0.7320000000,226.7759562842
1425,82,18,1,83,82,1,0,84,246,82,82,0.0272359918,0.4585052965,82.0000000000,15.9031446255,0.9879518072,0.7232000000,226.7699115044
1426,81,19,1,82,81,1,0,83,243,81,81,0.0262970744,0.4322082222,81.0000000000,15.9017868600,0.9878048780,0.7144000000,226.7637178052
1427,76,24,0,81,0,81,0,82,240,76,76,0.0263288589,0.4058793633,0.0000000000,0.0000000000,0.0000000000,0.6736000000,0.0000000000
1428,74,26,0,75,0,75,0,77,224,74,74,0.0254408978,0.3804384655,0.0000000000,0.0000000000,0.0000000000,0.6536000000,0.0000000000
1429,70,30,1,73,70,3,0,75,218,70,70,0.0221938979,0.3582445676,70.0000000000,15.8862897447,0.9589041096,0.6200000000,225.8064516129
1430,68,32,1,70,68,2,0,71,207,68,68,0.0210770263,0.3371675413,68.0000000000,15.8829291321,0.9714285714,0.6008000000,226.3648468708
1431,66,34,0,68,0,68,0,69,201,66,66,0.0270615106,0.3101060307,0.0000000000,0.0000000000,0.0000000000,0.5832000000,0.0000000000
1432,63,37,0,66,0,66,0,67,195,63,63,0.0255682773,0.2845377534,0.0000000000,0.0000000000,0.0000000000,0.5576000000,0.0000000000
1433,61,39,0,63,0,63,0,64,186,61,61,0.0207151904,0.2638225630,0.0000000000,0.0000000000,0.0000000000,0.5392000000,0.0000000000
1434,58,42,0,61,0,61,0,62,180,58,58,0.0242246633,0.2395978997,0.0000000000,0.0000000000,0.0000000000,0.5136000000,0.0000000000
1435,56,44,1,58,56,2,0,59,171,56,56,0.0179516214,0.2216462783,56.0000000000,15.8578002239,0.9655172414,0.4952000000,226.1712439418
1436,55,45,1,55,55,0,0,56,163,55,55,0.0169867325,0.2046595458,55.0000000000,15.8551336300,1.0000000000,0.4848000000,226.8976897690
1437,49,51,1,54,49,5,0,56,161,49,49,0.0173901324,0.1872694134,49.0000000000,15.8374211601,0.9074074074,0.4368000000,224.3589743590
1438,47,53,1,49,47,2,0,50,144,47,47,0.0166574422,0.1706119712,47.0000000000,15.8303800748,0.9591836735,0.4160000000,225.9615384615
1439,46,54,1,47,46,1,0,48,138,46,46,0.0152462933,0.1553656779,46.0000000000,15.8266997354,0.9787234043,0.4064000000,226.3779527559
1440,44,56,1,46,44,2,0,47,135,44,44,0.0166718689,0.1386938090,44.0000000000,15.8187704522,0.9565217391,0.3896000000,225.8726899384
1441,42,58,0,44,0,44,0,45,129,42,42,0.0138031673,0.1248906416,0.0000000000,0.0000000000,0.0000000000,0.3720000000,0.0000000000
1442,39,61,0,42,0,42,0,43,123,39,39,0.0135181192,0.1113725224,0.0000000000,0.0000000000,0.0000000000,0.3464000000,0.0000000000
1443,37,63,1,39,37,2,0,40,114,37,37,0.0126328523,0.0987396701,37.0000000000,15.7844182883,0.9487179487,0.3280000000,225.6097560976
1444,33,67,0,37,0,37,0,38,108,33,33,0.0134227032,0.0853169669,0.0000000000,0.0000000000,0.0000000000,0.2944000000,0.0000000000
1445,32,68,0,33,0,33,0,34,96,32,32,0.0109597326,0.0743572343,0.0000000000,0.0000000000,0.0000000000,0.2832000000,0.0000000000
1446,29,71,0,32,0,32,0,33,93,29,29,0.0101774484,0.0641797859,0.0000000000,0.0000000000,0.0000000000,0.2584000000,0.0000000000
1447,27,73,0,29,0,29,0,30,84,27,27,0.0124716461,0.0517081399,0.0000000000,0.0000000000,0.0000000000,0.2400000000,0.0000000000
1448,26,74,0,27,0,27,0,28,78,26,26,0.0108198290,0.0408883109,0.0000000000,0.0000000000,0.0000000000,0.2304000000,0.0000000000
1449,23,77,0,25,0,25,0,26,73,23,23,0.0078780838,0.0330102271,0.0000000000,0.0000000000,0.0000000000,0.2048000000,0.0000000000
1450,19,81,0,23,0,23,0,24,66,19,19,0.0073102033,0.0257000238,0.0000000000,0.0000000000,0.0000000000,0.1712000000,0.0000000000
1451,16,84,0,19,0,19,0,20,54,16,16,0.0063345272,0.0193654966,0.0000000000,0.0000000000,0.0000000000,0.1440000000,0.0000000000
1452,15,85,0,16,0,16,0,17,45,15,15,0.0047078261,0.0146576705,0.0000000000,0.0000000000,0.0000000000,0.1336000000,0.0000000000
1453,11,89,0,14,0,14,0,15,40,11,11,0.0041458819,0.0105117886,0.0000000000,0.0000000000,0.0000000000,0.1000000000,0.0000000000
1454,8,92,0,11,0,11,0,12,30,8,8,0.0047241356,0.0057876531,0.0000000000,0.0000000000,0.0000000000,0.0736000000,0.0000000000
1455,7,93,0,8,0,8,0,9,21,7,7,0.0028697033,0.0029179497,0.0000000000,0.0000000000,0.0000000000,0.0632000000,0.0000000000
1456,5,95,0,7,0,7,0,8,18,5,5,0.0018689027,0.0010490470,0.0000000000,0.0000000000,0.0000000000,0.0464000000,0.0000000000
1457,0,100,0,4,0,4,0,5,10,0,0,0.0010490470,0.0000000000,0.0000000000,0.0000000000,0.0000000000,0.0040000000,0.0000000000
