Round,Alive,Dead,CH_Count,Generated,Delivered,Lost,Unclustered,Was_Setup_Round,Control_TX,Control_RX,Data_TX,Data_RX,Energy_Used_J,Residual_Energy_J,Avg_Cluster_Size,Avg_Delay_ms,PDR,Round_Duration_s,Throughput_kbps,Backup_Promotions,Backup_Rejected,Proactive_Handovers,Direct_To_BS,CH_Relays
1,100,0,1,100,100,0,0,1,101,297,100,100,0.0277874823,45.1722125177,100.0000000000,11.1092668015,1.0000000000,0.9644160000,218.1631163315,0,0,0,67,0
2,100,0,1,100,100,0,0,0,0,0,100,100,0.0183939113,45.1538186064,100.0000000000,11.1092668015,1.0000000000,0.8416000000,250.0000000000,0,0,0,67,0
3,100,0,1,100,100,0,0,0,0,0,100,100,0.0183939113,45.1354246950,100.0000000000,11.1092668015,1.0000000000,0.8416000000,250.0000000000,0,0,0,67,0
4,100,0,1,100,100,0,0,0,0,0,100,100,0.0183939113,45.1170307837,100.0000000000,11.1092668015,1.0000000000,0.8416000000,250.0000000000,0,0,0,67,0
5,100,0,1,100,100,0,0,0,0,0,100,100,0.0183939113,45.0986368723,100.0000000000,11.1092668015,1.0000000000,0.8416000000,250.0000000000,0,0,0,67,0
6,100,0,9,100,100,0,0,1,109,1073,100,100,0.0470301139,45.0516067584,11.1111111111,15.8222366548,1.0000000000,0.9741440000,215.9844951054,0,0,0,3,0
7,100,0,9,100,100,0,0,0,0,0,100,100,0.0240103441,45.0275964143,11.1111111111,15.8222366548,1.0000000000,0.8416000000,250.0000000000,0,0,0,3,0
8,100,0,9,100,100,0,0,0,0,0,100,100,0.0240103441,45.0035860702,11.1111111111,15.8222366548,1.0000000000,0.8416000000,250.0000000000,0,0,0,3,0
9,100,0,9,100,100,0,0,0,0,0,100,100,0.0240103441,44.9795757261,11.1111111111,15.8222366548,1.0000000000,0.8416000000,250.0000000000,0,0,0,3,0
10,100,0,9,100,100,0,0,0,0,0,100,100,0.0240103441,44.9555653820,11.1111111111,15.8222366548,1.0000000000,0.8416000000,250.0000000000,0,0,0,3,0
11,100,0,10,100,100,0,0,1,110,1170,100,100,0.0489091485,44.9066562335,10.0000000000,15.8222464521,1.0000000000,0.9753600000,215.7152230971,0,0,0,2,0
12,100,0,10,100,100,0,0,0,0,0,100,100,0.0240661699,44.8825900636,10.0000000000,15.8222464521,1.0000000000,0.8416000000,250.0000000000,0,0,0,2,0
13,100,0,10,100,100,0,0,0,0,0,100,100,0.0240661699,44.8585238937,10.0000000000,15.8222464521,1.0000000000,0.8416000000,250.0000000000,0,0,0,2,0
14,100,0,10,100,100,0,0,0,0,0,100,100,0.0240661699,44.8344577239,10.0000000000,15.8222464521,1.0000000000,0.8416000000,250.0000000000,0,0,0,2,0
15,100,0,10,100,100,0,0,0,0,0,100,100,0.0240661699,44.8103915540,10.0000000000,15.8222464521,1.0000000000,0.8416000000,250.0000000000,0,0,0,2,0
16,100,0,5,100,100,0,0,1,105,685,100,100,0.0371965042,44.7731950498,20.0000000000,13.8024102530,1.0000000000,0.9692800000,217.0683393859,0,0,0,31,0
17,100,0,5,100,100,0,0,0,0,0,100,100,0.0212740719,44.7519209779,20.0000000000,13.8024102530,1.0000000000,0.8416000000,250.0000000000,0,0,0,31,0
18,100,0,5,100,100,0,0,0,0,0,100,100,0.0212740719,44.7306469059,20.0000000000,13.8024102530,1.0000000000,0.8416000000,250.0000000000,0,0,0,31,0
19,100,0,5,100,100,0,0,0,0,0,100,100,0.0212740719,44.7093728340,20.0000000000,13.8024102530,1.0000000000,0.8416000000,250.0000000000,0,0,0,31,0
20,100,0,5,100,100,0,0,0,0,0,100,100,0.0212740719,44.6880987621,20.0000000000,13.8024102530,1.0000000000,0.8416000000,250.0000000000,0,0,0,31,0
21,100,0,6,100,100,0,0,1,106,782,100,100,0.0413082347,44.6467905274,16.6666666667,15.7380816476,1.0000000000,0.9704960000,216.7963597995,0,0,0,7,0
22,100,0,6,100,100,0,0,0,0,0,100,100,0.0236971998,44.6230933276,16.6666666667,15.7380816476,1.0000000000,0.8416000000,250.0000000000,0,0,0,7,0
23,100,0,6,100,100,0,0,0,0,0,100,100,0.0236971998,44.5993961278,16.6666666667,15.7380816476,1.0000000000,0.8416000000,250.0000000000,0,0,0,7,0
24,100,0,6,100,100,0,0,0,0,0,100,100,0.0236971998,44.5756989280,16.6666666667,15.7380816476,1.0000000000,0.8416000000,250.0000000000,0,0,0,7,0
25,100,0,6,100,100,0,0,0,0,0,100,100,0.0236971998,44.5520017281,16.6666666667,15.7380816476,1.0000000000,0.8416000000,250.0000000000,0,0,0,7,0
26,100,0,7,100,100,0,0,1,107,879,100,100,0.0432377125,44.5087640157,14.2857142857,15.7380805765,1.0000000000,0.9717120000,216.5250609234,0,0,0,6,0
27,100,0,7,100,100,0,0,0,0,0,100,100,0.0237975199,44.4849664957,14.2857142857,15.7380805765,1.0000000000,0.8416000000,250.0000000000,0,0,0,6,0
28,100,0,7,100,100,0,0,0,0,0,100,100,0.0237975199,44.4611689758,14.2857142857,15.7380805765,1.0000000000,0.8416000000,250.0000000000,0,0,0,6,0
29,100,0,7,100,100,0,0,0,0,0,100,100,0.0237975199,44.4373714559,14.2857142857,15.7380805765,1.0000000000,0.8416000000,250.0000000000,0,0,0,6,0
30,100,0,7,100,100,0,0,0,0,0,100,100,0.0237975199,44.4135739359,14.2857142857,15.7380805765,1.0000000000,0.8416000000,250.0000000000,0,0,0,6,0
31,100,0,5,100,100,0,0,1,105,685,100,100,0.0381567328,44.3754172032,20.0000000000,14.7281762560,1.0000000000,0.9692800000,217.0683393859,0,0,0,20,0
32,100,0,5,100,100,0,0,0,0,0,100,100,0.0222856901,44.3531315130,20.0000000000,14.7281762560,1.0000000000,0.8416000000,250.0000000000,0,0,0,20,0
33,100,0,5,100,100,0,0,0,0,0,100,100,0.0222856901,44.3308458229,20.0000000000,14.7281762560,1.0000000000,0.8416000000,250.0000000000,0,0,0,20,0
34,100,0,5,100,100,0,0,0,0,0,100,100,0.0222856901,44.3085601327,20.0000000000,14.7281762560,1.0000000000,0.8416000000,250.0000000000,0,0,0,20,0
35,100,0,5,100,100,0,0,0,0,0,100,100,0.0222856901,44.2862744426,20.0000000000,14.7281762560,1.0000000000,0.8416000000,250.0000000000,0,0,0,20,0
36,100,0,10,100,100,0,0,1,109,1170,100,100,0.0474289160,44.2388455266,10.0000000000,15.0648184259,1.0000000000,0.9741440000,215.9844951054,0,0,0,11,0
37,100,0,10,100,100,0,0,0,0,0,100,100,0.0226697907,44.2161757358,10.0000000000,15.0648184259,1.0000000000,0.8416000000,250.0000000000,0,0,0,11,0
38,100,0,10,100,100,0,0,0,0,0,100,100,0.0226697907,44.1935059451,10.0000000000,15.0648184259,1.0000000000,0.8416000000,250.0000000000,0,0,0,11,0
39,100,0,10,100,100,0,0,0,0,0,100,100,0.0226697907,44.1708361544,10.0000000000,15.0648184259,1.0000000000,0.8416000000,250.0000000000,0,0,0,11,0
40,100,0,10,100,100,0,0,0,0,0,100,100,0.0226697907,44.1481663637,10.0000000000,15.0648184259,1.0000000000,0.8416000000,250.0000000000,0,0,0,11,0
41,100,0,7,100,100,0,0,1,107,879,100,100,0.0423517646,44.1058145990,14.2857142857,14.9806489100,1.0000000000,0.9717120000,216.5250609234,0,0,0,15,0
42,100,0,7,100,100,0,0,0,0,0,100,100,0.0228882459,44.0829263531,14.2857142857,14.9806489100,1.0000000000,0.8416000000,250.0000000000,0,0,0,15,0
43,100,0,7,100,100,0,0,0,0,0,100,100,0.0228882459,44.0600381072,14.2857142857,14.9806489100,1.0000000000,0.8416000000,250.0000000000,0,0,0,15,0
44,100,0,7,100,100,0,0,0,0,0,100,100,0.0228882459,44.0371498613,14.2857142857,14.9806489100,1.0000000000,0.8416000000,250.0000000000,0,0,0,15,0
45,100,0,7,100,100,0,0,0,0,0,100,100,0.0228882459,44.0142616153,14.2857142857,14.9806489100,1.0000000000,0.8416000000,250.0000000000,0,0,0,15,0
46,100,0,3,100,100,0,0,1,103,491,100,100,0.0331175342,43.9811440811,33.3333333333,12.9608069033,1.0000000000,0.9668480000,217.6143509631,0,0,0,43,0
47,100,0,3,100,100,0,0,0,0,0,100,100,0.0205134000,43.9606306811,33.3333333333,12.9608069033,1.0000000000,0.8416000000,250.0000000000,0,0,0,43,0
48,100,0,3,100,100,0,0,0,0,0,100,100,0.0205134000,43.9401172812,33.3333333333,12.9608069033,1.0000000000,0.8416000000,250.0000000000,0,0,0,43,0
49,100,0,3,100,100,0,0,0,0,0,100,100,0.0205134000,43.9196038812,33.3333333333,12.9608069033,1.0000000000,0.8416000000,250.0000000000,0,0,0,43,0
50,100,0,3,100,100,0,0,0,0,0,100,100,0.0205134000,43.8990904813,33.3333333333,12.9608069033,1.0000000000,0.8416000000,250.0000000000,0,0,0,43,0
51,100,0,9,100,100,0,0,1,108,1073,100,100,0.0448682431,43.8542222382,11.1111111111,14.4756898494,1.0000000000,0.9729280000,216.2544402052,0,0,0,19,0
52,100,0,9,100,100,0,0,0,0,0,100,100,0.0218641881,43.8323580501,11.1111111111,14.4756898494,1.0000000000,0.8416000000,250.0000000000,0,0,0,19,0
53,100,0,9,100,100,0,0,0,0,0,100,100,0.0218641881,43.8104938621,11.1111111111,14.4756898494,1.0000000000,0.8416000000,250.0000000000,0,0,0,19,0
54,100,0,9,100,100,0,0,0,0,0,100,100,0.0218641881,43.7886296740,11.1111111111,14.4756898494,1.0000000000,0.8416000000,250.0000000000,0,0,0,19,0
55,100,0,9,100,100,0,0,0,0,0,100,100,0.0218641881,43.7667654859,11.1111111111,14.4756898494,1.0000000000,0.8416000000,250.0000000000,0,0,0,19,0
56,100,0,6,100,100,0,0,1,106,782,100,100,0.0405890494,43.7261764365,16.6666666667,15.2331472796,1.0000000000,0.9704960000,216.7963597995,0,0,0,13,0
57,100,0,6,100,100,0,0,0,0,0,100,100,0.0229772359,43.7031992006,16.6666666667,15.2331472796,1.0000000000,0.8416000000,250.0000000000,0,0,0,13,0
58,100,0,6,100,100,0,0,0,0,0,100,100,0.0229772359,43.6802219647,16.6666666667,15.2331472796,1.0000000000,0.8416000000,250.0000000000,0,0,0,13,0
59,100,0,6,100,100,0,0,0,0,0,100,100,0.0229772359,43.6572447288,16.6666666667,15.2331472796,1.0000000000,0.8416000000,250.0000000000,0,0,0,13,0
60,100,0,6,100,100,0,0,0,0,0,100,100,0.0229772359,43.6342674929,16.6666666667,15.2331472796,1.0000000000,0.8416000000,250.0000000000,0,0,0,13,0
61,100,0,5,100,100,0,0,1,105,685,100,100,0.0392341308,43.5950333621,20.0000000000,15.4856094686,1.0000000000,0.9692800000,217.0683393859,0,0,0,11,0
62,100,0,5,100,100,0,0,0,0,0,100,100,0.0233878018,43.5716455603,20.0000000000,15.4856094686,1.0000000000,0.8416000000,250.0000000000,0,0,0,11,0
63,100,0,5,100,100,0,0,0,0,0,100,100,0.0233878018,43.5482577586,20.0000000000,15.4856094686,1.0000000000,0.8416000000,250.0000000000,0,0,0,11,0
64,100,0,5,100,100,0,0,0,0,0,100,100,0.0233878018,43.5248699568,20.0000000000,15.4856094686,1.0000000000,0.8416000000,250.0000000000,0,0,0,11,0
65,100,0,5,100,100,0,0,0,0,0,100,100,0.0233878018,43.5014821551,20.0000000000,15.4856094686,1.0000000000,0.8416000000,250.0000000000,0,0,0,11,0
66,100,0,1,100,100,0,0,1,101,297,100,100,0.0287227034,43.4727594516,100.0000000000,11.7825479404,1.0000000000,0.9644160000,218.1631163315,0,0,0,59,0
67,100,0,1,100,100,0,0,0,0,0,100,100,0.0194926781,43.4532667735,100.0000000000,11.7825479404,1.0000000000,0.8416000000,250.0000000000,0,0,0,59,0
68,100,0,1,100,100,0,0,0,0,0,100,100,0.0194926781,43.4337740955,100.0000000000,11.7825479404,1.0000000000,0.8416000000,250.0000000000,0,0,0,59,0
69,100,0,1,100,100,0,0,0,0,0,100,100,0.0194926781,43.4142814174,100.0000000000,11.7825479404,1.0000000000,0.8416000000,250.0000000000,0,0,0,59,0
70,100,0,1,100,100,0,0,0,0,0,100,100,0.0194926781,43.3947887393,100.0000000000,11.7825479404,1.0000000000,0.8416000000,250.0000000000,0,0,0,59,0
71,100,0,3,100,100,0,0,1,103,491,100,100,0.0337930390,43.3609957003,33.3333333333,13.5499288943,1.0000000000,0.9668480000,217.6143509631,0,0,0,36,0
72,100,0,3,100,100,0,0,0,0,0,100,100,0.0212838069,43.3397118934,33.3333333333,13.5499288943,1.0000000000,0.8416000000,250.0000000000,0,0,0,36,0
73,100,0,3,100,100,0,0,0,0,0,100,100,0.0212838069,43.3184280865,33.3333333333,13.5499288943,1.0000000000,0.8416000000,250.0000000000,0,0,0,36,0
74,100,0,3,100,100,0,0,0,0,0,100,100,0.0212838069,43.2971442797,33.3333333333,13.5499288943,1.0000000000,0.8416000000,250.0000000000,0,0,0,36,0
75,100,0,3,100,100,0,0,0,0,0,100,100,0.0212838069,43.2758604728,33.3333333333,13.5499288943,1.0000000000,0.8416000000,250.0000000000,0,0,0,36,0
76,100,0,4,100,100,0,0,1,104,588,100,100,0.0349108368,43.2409496360,25.0000000000,13.2974587990,1.0000000000,0.9680640000,217.3410022478,0,0,0,38,0
77,100,0,4,100,100,0,0,0,0,0,100,100,0.0206332978,43.2203163382,25.0000000000,13.2974587990,1.0000000000,0.8416000000,250.0000000000,0,0,0,38,0
78,100,0,4,100,100,0,0,0,0,0,100,100,0.0206332978,43.1996830404,25.0000000000,13.2974587990,1.0000000000,0.8416000000,250.0000000000,0,0,0,38,0
79,100,0,4,100,100,0,0,0,0,0,100,100,0.0206332978,43.1790497426,25.0000000000,13.2974587990,1.0000000000,0.8416000000,250.0000000000,0,0,0,38,0
80,100,0,4,100,100,0,0,0,0,0,100,100,0.0206332978,43.1584164448,25.0000000000,13.2974587990,1.0000000000,0.8416000000,250.0000000000,0,0,0,38,0
81,100,0,1,100,100,0,0,1,101,297,100,100,0.0297595411,43.1286569037,100.0000000000,12.2874976748,1.0000000000,0.9644160000,218.1631163315,0,0,0,53,0
82,100,0,1,100,100,0,0,0,0,0,100,100,0.0207116386,43.1079452651,100.0000000000,12.2874976748,1.0000000000,0.8416000000,250.0000000000,0,0,0,53,0
83,100,0,1,100,100,0,0,0,0,0,100,100,0.0207116386,43.0872336265,100.0000000000,12.2874976748,1.0000000000,0.8416000000,250.0000000000,0,0,0,53,0
84,100,0,1,100,100,0,0,0,0,0,100,100,0.0207116386,43.0665219878,100.0000000000,12.2874976748,1.0000000000,0.8416000000,250.0000000000,0,0,0,53,0
85,100,0,1,100,100,0,0,0,0,0,100,100,0.0207116386,43.0458103492,100.0000000000,12.2874976748,1.0000000000,0.8416000000,250.0000000000,0,0,0,53,0
86,100,0,3,100,100,0,0,1,103,491,100,100,0.0331484902,43.0126618590,33.3333333333,12.8766564929,1.0000000000,0.9668480000,217.6143509631,0,0,0,44,0
87,100,0,3,100,100,0,0,0,0,0,100,100,0.0205011334,42.9921607255,33.3333333333,12.8766564929,1.0000000000,0.8416000000,250.0000000000,0,0,0,44,0
88,100,0,3,100,100,0,0,0,0,0,100,100,0.0205011334,42.9716595921,33.3333333333,12.8766564929,1.0000000000,0.8416000000,250.0000000000,0,0,0,44,0
89,100,0,3,100,100,0,0,0,0,0,100,100,0.0205011334,42.9511584587,33.3333333333,12.8766564929,1.0000000000,0.8416000000,250.0000000000,0,0,0,44,0
90,100,0,3,100,100,0,0,0,0,0,100,100,0.0205011334,42.9306573253,33.3333333333,12.8766564929,1.0000000000,0.8416000000,250.0000000000,0,0,0,44,0
91,100,0,4,100,100,0,0,1,104,588,100,100,0.0350656777,42.8955916476,25.0000000000,13.5499277897,1.0000000000,0.9680640000,217.3410022478,0,0,0,35,0
92,100,0,4,100,100,0,0,0,0,0,100,100,0.0208742921,42.8747173555,25.0000000000,13.5499277897,1.0000000000,0.8416000000,250.0000000000,0,0,0,35,0
93,100,0,4,100,100,0,0,0,0,0,100,100,0.0208742921,42.8538430633,25.0000000000,13.5499277897,1.0000000000,0.8416000000,250.0000000000,0,0,0,35,0
94,100,0,4,100,100,0,0,0,0,0,100,100,0.0208742921,42.8329687712,25.0000000000,13.5499277897,1.0000000000,0.8416000000,250.0000000000,0,0,0,35,0
95,100,0,4,100,100,0,0,0,0,0,100,100,0.0208742921,42.8120944791,25.0000000000,13.5499277897,1.0000000000,0.8416000000,250.0000000000,0,0,0,35,0
96,100,0,1,100,100,0,0,1,101,297,100,100,0.0298039356,42.7822905435,100.0000000000,12.3716631194,1.0000000000,0.9644160000,218.1631163315,0,0,0,52,0
97,100,0,1,100,100,0,0,0,0,0,100,100,0.0206894109,42.7616011326,100.0000000000,12.3716631194,1.0000000000,0.8416000000,250.0000000000,0,0,0,52,0
98,100,0,1,100,100,0,0,0,0,0,100,100,0.0206894109,42.7409117218,100.0000000000,12.3716631194,1.0000000000,0.8416000000,250.0000000000,0,0,0,52,0
99,100,0,1,100,100,0,0,0,0,0,100,100,0.0206894109,42.7202223109,100.0000000000,12.3716631194,1.0000000000,0.8416000000,250.0000000000,0,0,0,52,0
100,100,0,1,100,100,0,0,0,0,0,100,100,0.0206894109,42.6995329000,100.0000000000,12.3716631194,1.0000000000,0.8416000000,250.0000000000,0,0,0,52,0
101,100,0,5,100,100,0,0,1,105,685,100,100,0.0388781858,42.6606547142,20.0000000000,15.0648051917,1.0000000000,0.9692800000,217.0683393859,0,0,0,16,0
102,100,0,5,100,100,0,0,0,0,0,100,100,0.0229970126,42.6376577016,20.0000000000,15.0648051917,1.0000000000,0.8416000000,250.0000000000,0,0,0,16,0
103,100,0,5,100,100,0,0,0,0,0,100,100,0.0229970126,42.6146606890,20.0000000000,15.0648051917,1.0000000000,0.8416000000,250.0000000000,0,0,0,16,0
104,100,0,5,100,100,0,0,0,0,0,100,100,0.0229970126,42.5916636763,20.0000000000,15.0648051917,1.0000000000,0.8416000000,250.0000000000,0,0,0,16,0
105,100,0,5,100,100,0,0,0,0,0,100,100,0.0229970126,42.5686666637,20.0000000000,15.0648051917,1.0000000000,0.8416000000,250.0000000000,0,0,0,16,0
106,100,0,2,100,100,0,0,1,102,394,100,100,0.0303544321,42.5383122317,50.0000000000,11.7825654196,1.0000000000,0.9656320000,217.8883881230,0,0,0,58,0
107,100,0,2,100,100,0,0,0,0,0,100,100,0.0193444403,42.5189677913,50.0000000000,11.7825654196,1.0000000000,0.8416000000,250.0000000000,0,0,0,58,0
108,100,0,2,100,100,0,0,0,0,0,100,100,0.0193444403,42.4996233510,50.0000000000,11.7825654196,1.0000000000,0.8416000000,250.0000000000,0,0,0,58,0
109,100,0,2,100,100,0,0,0,0,0,100,100,0.0193444403,42.4802789107,50.0000000000,11.7825654196,1.0000000000,0.8416000000,250.0000000000,0,0,0,58,0
110,100,0,2,100,100,0,0,0,0,0,100,100,0.0193444403,42.4609344704,50.0000000000,11.7825654196,1.0000000000,0.8416000000,250.0000000000,0,0,0,58,0
111,100,0,7,100,100,0,0,1,107,879,100,100,0.0414812066,42.4194532637,14.2857142857,14.3073649936,1.0000000000,0.9717120000,216.5250609234,0,0,0,23,0
112,100,0,7,100,100,0,0,0,0,0,100,100,0.0219788238,42.3974744399,14.2857142857,14.3073649936,1.0000000000,0.8416000000,250.0000000000,0,0,0,23,0
113,100,0,7,100,100,0,0,0,0,0,100,100,0.0219788238,42.3754956160,14.2857142857,14.3073649936,1.0000000000,0.8416000000,250.0000000000,0,0,0,23,0
114,100,0,7,100,100,0,0,0,0,0,100,100,0.0219788238,42.3535167922,14.2857142857,14.3073649936,1.0000000000,0.8416000000,250.0000000000,0,0,0,23,0
115,100,0,7,100,100,0,0,0,0,0,100,100,0.0219788238,42.3315379684,14.2857142857,14.3073649936,1.0000000000,0.8416000000,250.0000000000,0,0,0,23,0
116,100,0,4,100,100,0,0,1,104,588,100,100,0.0367655920,42.2947723764,25.0000000000,14.2232027651,1.0000000000,0.9680640000,217.3410022478,0,0,0,27,0
117,100,0,4,100,100,0,0,0,0,0,100,100,0.0225210377,42.2722513386,25.0000000000,14.2232027651,1.0000000000,0.8416000000,250.0000000000,0,0,0,27,0
118,100,0,4,100,100,0,0,0,0,0,100,100,0.0225210377,42.2497303009,25.0000000000,14.2232027651,1.0000000000,0.8416000000,250.0000000000,0,0,0,27,0
119,100,0,4,100,100,0,0,0,0,0,100,100,0.0225210377,42.2272092632,25.0000000000,14.2232027651,1.0000000000,0.8416000000,250.0000000000,0,0,0,27,0
120,100,0,4,100,100,0,0,0,0,0,100,100,0.0225210377,42.2046882255,25.0000000000,14.2232027651,1.0000000000,0.8416000000,250.0000000000,0,0,0,27,0
121,100,0,7,100,100,0,0,1,107,879,100,100,0.0416939282,42.1629942972,14.2857142857,14.5598494476,1.0000000000,0.9717120000,216.5250609234,0,0,0,20,0
122,100,0,7,100,100,0,0,0,0,0,100,100,0.0222317653,42.1407625319,14.2857142857,14.5598494476,1.0000000000,0.8416000000,250.0000000000,0,0,0,20,0
123,100,0,7,100,100,0,0,0,0,0,100,100,0.0222317653,42.1185307666,14.2857142857,14.5598494476,1.0000000000,0.8416000000,250.0000000000,0,0,0,20,0
124,100,0,7,100,100,0,0,0,0,0,100,100,0.0222317653,42.0962990013,14.2857142857,14.5598494476,1.0000000000,0.8416000000,250.0000000000,0,0,0,20,0
125,100,0,7,100,100,0,0,0,0,0,100,100,0.0222317653,42.0740672360,14.2857142857,14.5598494476,1.0000000000,0.8416000000,250.0000000000,0,0,0,20,0
126,100,0,5,100,100,0,0,1,105,685,100,100,0.0378599858,42.0362072502,20.0000000000,14.2232121591,1.0000000000,0.9692800000,217.0683393859,0,0,0,26,0
127,100,0,5,100,100,0,0,0,0,0,100,100,0.0219218652,42.0142853851,20.0000000000,14.2232121591,1.0000000000,0.8416000000,250.0000000000,0,0,0,26,0
128,100,0,5,100,100,0,0,0,0,0,100,100,0.0219218652,41.9923635199,20.0000000000,14.2232121591,1.0000000000,0.8416000000,250.0000000000,0,0,0,26,0
129,100,0,5,100,100,0,0,0,0,0,100,100,0.0219218652,41.9704416548,20.0000000000,14.2232121591,1.0000000000,0.8416000000,250.0000000000,0,0,0,26,0
130,100,0,5,100,100,0,0,0,0,0,100,100,0.0219218652,41.9485197896,20.0000000000,14.2232121591,1.0000000000,0.8416000000,250.0000000000,0,0,0,26,0
131,100,0,5,100,100,0,0,1,105,685,100,100,0.0406255980,41.9078941916,20.0000000000,16.0747229531,1.0000000000,0.9692800000,217.0683393859,0,0,0,4,0
132,100,0,5,100,100,0,0,0,0,0,100,100,0.0247242908,41.8831699008,20.0000000000,16.0747229531,1.0000000000,0.8416000000,250.0000000000,0,0,0,4,0
133,100,0,5,100,100,0,0,0,0,0,100,100,0.0247242908,41.8584456101,20.0000000000,16.0747229531,1.0000000000,0.8416000000,250.0000000000,0,0,0,4,0
134,100,0,5,100,100,0,0,0,0,0,100,100,0.0247242908,41.8337213193,20.0000000000,16.0747229531,1.0000000000,0.8416000000,250.0000000000,0,0,0,4,0
135,100,0,5,100,100,0,0,0,0,0,100,100,0.0247242908,41.8089970285,20.0000000000,16.0747229531,1.0000000000,0.8416000000,250.0000000000,0,0,0,4,0
136,100,0,4,100,100,0,0,1,104,588,100,100,0.0353970567,41.7735999718,25.0000000000,13.4657758056,1.0000000000,0.9680640000,217.3410022478,0,0,0,36,0
137,100,0,4,100,100,0,0,0,0,0,100,100,0.0210963858,41.7525035861,25.0000000000,13.4657758056,1.0000000000,0.8416000000,250.0000000000,0,0,0,36,0
138,100,0,4,100,100,0,0,0,0,0,100,100,0.0210963858,41.7314072003,25.0000000000,13.4657758056,1.0000000000,0.8416000000,250.0000000000,0,0,0,36,0
139,100,0,4,100,100,0,0,0,0,0,100,100,0.0210963858,41.7103108145,25.0000000000,13.4657758056,1.0000000000,0.8416000000,250.0000000000,0,0,0,36,0
140,100,0,4,100,100,0,0,0,0,0,100,100,0.0210963858,41.6892144287,25.0000000000,13.4657758056,1.0000000000,0.8416000000,250.0000000000,0,0,0,36,0
141,100,0,4,100,100,0,0,1,104,588,100,100,0.0368895527,41.6523248760,25.0000000000,14.8123266080,1.0000000000,0.9680640000,217.3410022478,0,0,0,20,0
142,100,0,4,100,100,0,0,0,0,0,100,100,0.0227579396,41.6295669364,25.0000000000,14.8123266080,1.0000000000,0.8416000000,250.0000000000,0,0,0,20,0
143,100,0,4,100,100,0,0,0,0,0,100,100,0.0227579396,41.6068089968,25.0000000000,14.8123266080,1.0000000000,0.8416000000,250.0000000000,0,0,0,20,0
144,100,0,4,100,100,0,0,0,0,0,100,100,0.0227579396,41.5840510571,25.0000000000,14.8123266080,1.0000000000,0.8416000000,250.0000000000,0,0,0,20,0
145,100,0,4,100,100,0,0,0,0,0,100,100,0.0227579396,41.5612931175,25.0000000000,14.8123266080,1.0000000000,0.8416000000,250.0000000000,0,0,0,20,0
146,100,0,6,100,100,0,0,1,106,782,100,100,0.0401113738,41.5211817437,16.6666666667,14.5598433950,1.0000000000,0.9704960000,216.7963597995,0,0,0,21,0
147,100,0,6,100,100,0,0,0,0,0,100,100,0.0223620145,41.4988197292,16.6666666667,14.5598433950,1.0000000000,0.8416000000,250.0000000000,0,0,0,21,0
148,100,0,6,100,100,0,0,0,0,0,100,100,0.0223620145,41.4764577147,16.6666666667,14.5598433950,1.0000000000,0.8416000000,250.0000000000,0,0,0,21,0
149,100,0,6,100,100,0,0,0,0,0,100,100,0.0223620145,41.4540957002,16.6666666667,14.5598433950,1.0000000000,0.8416000000,250.0000000000,0,0,0,21,0
150,100,0,6,100,100,0,0,0,0,0,100,100,0.0223620145,41.4317336857,16.6666666667,14.5598433950,1.0000000000,0.8416000000,250.0000000000,0,0,0,21,0
151,100,0,3,100,100,0,0,1,103,491,100,100,0.0336122315,41.3981214542,33.3333333333,13.7182499410,1.0000000000,0.9668480000,217.6143509631,0,0,0,34,0
152,100,0,3,100,100,0,0,0,0,0,100,100,0.0211779807,41.3769434735,33.3333333333,13.7182499410,1.0000000000,0.8416000000,250.0000000000,0,0,0,34,0
153,100,0,3,100,100,0,0,0,0,0,100,100,0.0211779807,41.3557654928,33.3333333333,13.7182499410,1.0000000000,0.8416000000,250.0000000000,0,0,0,34,0
154,100,0,3,100,100,0,0,0,0,0,100,100,0.0211779807,41.3345875120,33.3333333333,13.7182499410,1.0000000000,0.8416000000,250.0000000000,0,0,0,34,0
155,100,0,3,100,100,0,0,0,0,0,100,100,0.0211779807,41.3134095313,33.3333333333,13.7182499410,1.0000000000,0.8416000000,250.0000000000,0,0,0,34,0
156,100,0,6,100,100,0,0,1,106,782,100,100,0.0420569323,41.2713525990,16.6666666667,16.2430409892,1.0000000000,0.9704960000,216.7963597995,0,0,0,1,0
157,100,0,6,100,100,0,0,0,0,0,100,100,0.0244317328,41.2469208661,16.6666666667,16.2430409892,1.0000000000,0.8416000000,250.0000000000,0,0,0,1,0
158,100,0,6,100,100,0,0,0,0,0,100,100,0.0244317328,41.2224891333,16.6666666667,16.2430409892,1.0000000000,0.8416000000,250.0000000000,0,0,0,1,0
159,100,0,6,100,100,0,0,0,0,0,100,100,0.0244317328,41.1980574005,16.6666666667,16.2430409892,1.0000000000,0.8416000000,250.0000000000,0,0,0,1,0
160,100,0,6,100,100,0,0,0,0,0,100,100,0.0244317328,41.1736256677,16.6666666667,16.2430409892,1.0000000000,0.8416000000,250.0000000000,0,0,0,1,0
161,100,0,3,100,100,0,0,1,103,491,100,100,0.0339961835,41.1396294842,33.3333333333,13.4657616989,1.0000000000,0.9668480000,217.6143509631,0,0,0,37,0
162,100,0,3,100,100,0,0,0,0,0,100,100,0.0215110097,41.1181184745,33.3333333333,13.4657616989,1.0000000000,0.8416000000,250.0000000000,0,0,0,37,0
163,100,0,3,100,100,0,0,0,0,0,100,100,0.0215110097,41.0966074647,33.3333333333,13.4657616989,1.0000000000,0.8416000000,250.0000000000,0,0,0,37,0
164,100,0,3,100,100,0,0,0,0,0,100,100,0.0215110097,41.0750964550,33.3333333333,13.4657616989,1.0000000000,0.8416000000,250.0000000000,0,0,0,37,0
165,100,0,3,100,100,0,0,0,0,0,100,100,0.0215110097,41.0535854453,33.3333333333,13.4657616989,1.0000000000,0.8416000000,250.0000000000,0,0,0,37,0
166,100,0,4,100,100,0,0,1,104,588,100,100,0.0395807234,41.0140047219,25.0000000000,16.1588784054,1.0000000000,0.9680640000,217.3410022478,0,0,0,4,0
167,100,0,4,100,100,0,0,0,0,0,100,100,0.0253843523,40.9886203697,25.0000000000,16.1588784054,1.0000000000,0.8416000000,250.0000000000,0,0,0,4,0
168,100,0,4,100,100,0,0,0,0,0,100,100,0.0253843523,40.9632360174,25.0000000000,16.1588784054,1.0000000000,0.8416000000,250.0000000000,0,0,0,4,0
169,100,0,4,100,100,0,0,0,0,0,100,100,0.0253843523,40.9378516651,25.0000000000,16.1588784054,1.0000000000,0.8416000000,250.0000000000,0,0,0,4,0
170,100,0,4,100,100,0,0,0,0,0,100,100,0.0253843523,40.9124673129,25.0000000000,16.1588784054,1.0000000000,0.8416000000,250.0000000000,0,0,0,4,0
171,100,0,9,100,100,0,0,1,109,1073,100,100,0.0458358112,40.8666315017,11.1111111111,15.4014415088,1.0000000000,0.9741440000,215.9844951054,0,0,0,8,0
172,100,0,9,100,100,0,0,0,0,0,100,100,0.0228912023,40.8437402994,11.1111111111,15.4014415088,1.0000000000,0.8416000000,250.0000000000,0,0,0,8,0
173,100,0,9,100,100,0,0,0,0,0,100,100,0.0228912023,40.8208490971,11.1111111111,15.4014415088,1.0000000000,0.8416000000,250.0000000000,0,0,0,8,0
174,100,0,9,100,100,0,0,0,0,0,100,100,0.0228912023,40.7979578947,11.1111111111,15.4014415088,1.0000000000,0.8416000000,250.0000000000,0,0,0,8,0
175,100,0,9,100,100,0,0,0,0,0,100,100,0.0228912023,40.7750666924,11.1111111111,15.4014415088,1.0000000000,0.8416000000,250.0000000000,0,0,0,8,0
176,100,0,4,100,100,0,0,1,104,588,100,100,0.0366122000,40.7384544924,25.0000000000,14.2232038267,1.0000000000,0.9680640000,217.3410022478,0,0,0,27,0
177,100,0,4,100,100,0,0,0,0,0,100,100,0.0223874937,40.7160669987,25.0000000000,14.2232038267,1.0000000000,0.8416000000,250.0000000000,0,0,0,27,0
178,100,0,4,100,100,0,0,0,0,0,100,100,0.0223874937,40.6936795050,25.0000000000,14.2232038267,1.0000000000,0.8416000000,250.0000000000,0,0,0,27,0
179,100,0,4,100,100,0,0,0,0,0,100,100,0.0223874937,40.6712920114,25.0000000000,14.2232038267,1.0000000000,0.8416000000,250.0000000000,0,0,0,27,0
180,100,0,4,100,100,0,0,0,0,0,100,100,0.0223874937,40.6489045177,25.0000000000,14.2232038267,1.0000000000,0.8416000000,250.0000000000,0,0,0,27,0
181,100,0,5,100,100,0,0,1,105,685,100,100,0.0367975570,40.6121069608,20.0000000000,13.3816095643,1.0000000000,0.9692800000,217.0683393859,0,0,0,36,0
182,100,0,5,100,100,0,0,0,0,0,100,100,0.0207868905,40.5913200703,20.0000000000,13.3816095643,1.0000000000,0.8416000000,250.0000000000,0,0,0,36,0
183,100,0,5,100,100,0,0,0,0,0,100,100,0.0207868905,40.5705331797,20.0000000000,13.3816095643,1.0000000000,0.8416000000,250.0000000000,0,0,0,36,0
184,100,0,5,100,100,0,0,0,0,0,100,100,0.0207868905,40.5497462892,20.0000000000,13.3816095643,1.0000000000,0.8416000000,250.0000000000,0,0,0,36,0
185,100,0,5,100,100,0,0,0,0,0,100,100,0.0207868905,40.5289593987,20.0000000000,13.3816095643,1.0000000000,0.8416000000,250.0000000000,0,0,0,36,0
186,100,0,3,100,100,0,0,1,103,491,100,100,0.0327573306,40.4962020681,33.3333333333,12.5400247887,1.0000000000,0.9668480000,217.6143509631,0,0,0,48,0
187,100,0,3,100,100,0,0,0,0,0,100,100,0.0201621548,40.4760399134,33.3333333333,12.5400247887,1.0000000000,0.8416000000,250.0000000000,0,0,0,48,0
188,100,0,3,100,100,0,0,0,0,0,100,100,0.0201621548,40.4558777586,33.3333333333,12.5400247887,1.0000000000,0.8416000000,250.0000000000,0,0,0,48,0
189,100,0,3,100,100,0,0,0,0,0,100,100,0.0201621548,40.4357156039,33.3333333333,12.5400247887,1.0000000000,0.8416000000,250.0000000000,0,0,0,48,0
190,100,0,3,100,100,0,0,0,0,0,100,100,0.0201621548,40.4155534491,33.3333333333,12.5400247887,1.0000000000,0.8416000000,250.0000000000,0,0,0,48,0
191,100,0,6,100,100,0,0,1,106,782,100,100,0.0406067380,40.3749467112,16.6666666667,15.2331324525,1.0000000000,0.9704960000,216.7963597995,0,0,0,13,0
192,100,0,6,100,100,0,0,0,0,0,100,100,0.0229800376,40.3519666736,16.6666666667,15.2331324525,1.0000000000,0.8416000000,250.0000000000,0,0,0,13,0
193,100,0,6,100,100,0,0,0,0,0,100,100,0.0229800376,40.3289866360,16.6666666667,15.2331324525,1.0000000000,0.8416000000,250.0000000000,0,0,0,13,0
194,100,0,6,100,100,0,0,0,0,0,100,100,0.0229800376,40.3060065984,16.6666666667,15.2331324525,1.0000000000,0.8416000000,250.0000000000,0,0,0,13,0
195,100,0,6,100,100,0,0,0,0,0,100,100,0.0229800376,40.2830265608,16.6666666667,15.2331324525,1.0000000000,0.8416000000,250.0000000000,0,0,0,13,0
196,100,0,4,100,100,0,0,1,104,588,100,100,0.0359566691,40.2470698917,25.0000000000,14.2232345570,1.0000000000,0.9680640000,217.3410022478,0,0,0,27,0
197,100,0,4,100,100,0,0,0,0,0,100,100,0.0218038939,40.2252659978,25.0000000000,14.2232345570,1.0000000000,0.8416000000,250.0000000000,0,0,0,27,0
198,100,0,4,100,100,0,0,0,0,0,100,100,0.0218038939,40.2034621038,25.0000000000,14.2232345570,1.0000000000,0.8416000000,250.0000000000,0,0,0,27,0
199,100,0,4,100,100,0,0,0,0,0,100,100,0.0218038939,40.1816582099,25.0000000000,14.2232345570,1.0000000000,0.8416000000,250.0000000000,0,0,0,27,0
200,100,0,4,100,100,0,0,0,0,0,100,100,0.0218038939,40.1598543160,25.0000000000,14.2232345570,1.0000000000,0.8416000000,250.0000000000,0,0,0,27,0
201,100,0,3,100,100,0,0,1,103,491,100,100,0.0308780333,40.1289762827,33.3333333333,10.9409604207,1.0000000000,0.9668480000,217.6143509631,0,0,0,67,0
202,100,0,3,100,100,0,0,0,0,0,100,100,0.0180114434,40.1109648393,33.3333333333,10.9409604207,1.0000000000,0.8416000000,250.0000000000,0,0,0,67,0
203,100,0,3,100,100,0,0,0,0,0,100,100,0.0180114434,40.0929533959,33.3333333333,10.9409604207,1.0000000000,0.8416000000,250.0000000000,0,0,0,67,0
204,100,0,3,100,100,0,0,0,0,0,100,100,0.0180114434,40.0749419525,33.3333333333,10.9409604207,1.0000000000,0.8416000000,250.0000000000,0,0,0,67,0
205,100,0,3,100,100,0,0,0,0,0,100,100,0.0180114434,40.0569305091,33.3333333333,10.9409604207,1.0000000000,0.8416000000,250.0000000000,0,0,0,67,0
206,100,0,4,100,100,0,0,1,104,588,100,100,0.0356355995,40.0212949096,25.0000000000,13.8024206733,1.0000000000,0.9680640000,217.3410022478,0,0,0,32,0
207,100,0,4,100,100,0,0,0,0,0,100,100,0.0214214887,39.9998734208,25.0000000000,13.8024206733,1.0000000000,0.8416000000,250.0000000000,0,0,0,32,0
208,100,0,4,100,100,0,0,0,0,0,100,100,0.0214214887,39.9784519321,25.0000000000,13.8024206733,1.0000000000,0.8416000000,250.0000000000,0,0,0,32,0
209,100,0,4,100,100,0,0,0,0,0,100,100,0.0214214887,39.9570304433,25.0000000000,13.8024206733,1.0000000000,0.8416000000,250.0000000000,0,0,0,32,0
210,100,0,4,100,100,0,0,0,0,0,100,100,0.0214214887,39.9356089546,25.0000000000,13.8024206733,1.0000000000,0.8416000000,250.0000000000,0,0,0,32,0
211,100,0,2,100,100,0,0,1,102,394,100,100,0.0300550103,39.9055539442,50.0000000000,11.8667239432,1.0000000000,0.9656320000,217.8883881230,0,0,0,57,0
212,100,0,2,100,100,0,0,0,0,0,100,100,0.0189486106,39.8866053336,50.0000000000,11.8667239432,1.0000000000,0.8416000000,250.0000000000,0,0,0,57,0
213,100,0,2,100,100,0,0,0,0,0,100,100,0.0189486106,39.8676567230,50.0000000000,11.8667239432,1.0000000000,0.8416000000,250.0000000000,0,0,0,57,0
214,100,0,2,100,100,0,0,0,0,0,100,100,0.0189486106,39.8487081123,50.0000000000,11.8667239432,1.0000000000,0.8416000000,250.0000000000,0,0,0,57,0
215,100,0,2,100,100,0,0,0,0,0,100,100,0.0189486106,39.8297595017,50.0000000000,11.8667239432,1.0000000000,0.8416000000,250.0000000000,0,0,0,57,0
216,100,0,4,100,100,0,0,1,104,588,100,100,0.0361761519,39.7935833498,25.0000000000,14.3073604772,1.0000000000,0.9680640000,217.3410022478,0,0,0,26,0
217,100,0,4,100,100,0,0,0,0,0,100,100,0.0220232629,39.7715600869,25.0000000000,14.3073604772,1.0000000000,0.8416000000,250.0000000000,0,0,0,26,0
218,100,0,4,100,100,0,0,0,0,0,100,100,0.0220232629,39.7495368239,25.0000000000,14.3073604772,1.0000000000,0.8416000000,250.0000000000,0,0,0,26,0
219,100,0,4,100,100,0,0,0,0,0,100,100,0.0220232629,39.7275135610,25.0000000000,14.3073604772,1.0000000000,0.8416000000,250.0000000000,0,0,0,26,0
220,100,0,4,100,100,0,0,0,0,0,100,100,0.0220232629,39.7054902981,25.0000000000,14.3073604772,1.0000000000,0.8416000000,250.0000000000,0,0,0,26,0
221,100,0,5,100,100,0,0,1,105,685,100,100,0.0401372022,39.6653530958,20.0000000000,15.9905706258,1.0000000000,0.9692800000,217.0683393859,0,0,0,5,0
222,100,0,5,100,100,0,0,0,0,0,100,100,0.0242757057,39.6410773901,20.0000000000,15.9905706258,1.0000000000,0.8416000000,250.0000000000,0,0,0,5,0
223,100,0,5,100,100,0,0,0,0,0,100,100,0.0242757057,39.6168016845,20.0000000000,15.9905706258,1.0000000000,0.8416000000,250.0000000000,0,0,0,5,0
224,100,0,5,100,100,0,0,0,0,0,100,100,0.0242757057,39.5925259788,20.0000000000,15.9905706258,1.0000000000,0.8416000000,250.0000000000,0,0,0,5,0
225,100,0,5,100,100,0,0,0,0,0,100,100,0.0242757057,39.5682502731,20.0000000000,15.9905706258,1.0000000000,0.8416000000,250.0000000000,0,0,0,5,0
226,100,0,4,100,100,0,0,1,104,588,100,100,0.0366716403,39.5315786328,25.0000000000,14.5598538464,1.0000000000,0.9680640000,217.3410022478,0,0,0,23,0
227,100,0,4,100,100,0,0,0,0,0,100,100,0.0225080413,39.5090705915,25.0000000000,14.5598538464,1.0000000000,0.8416000000,250.0000000000,0,0,0,23,0
228,100,0,4,100,100,0,0,0,0,0,100,100,0.0225080413,39.4865625502,25.0000000000,14.5598538464,1.0000000000,0.8416000000,250.0000000000,0,0,0,23,0
229,100,0,4,100,100,0,0,0,0,0,100,100,0.0225080413,39.4640545090,25.0000000000,14.5598538464,1.0000000000,0.8416000000,250.0000000000,0,0,0,23,0
230,100,0,4,100,100,0,0,0,0,0,100,100,0.0225080413,39.4415464677,25.0000000000,14.5598538464,1.0000000000,0.8416000000,250.0000000000,0,0,0,23,0
231,100,0,2,100,100,0,0,1,102,394,100,100,0.0329797769,39.4085666908,50.0000000000,14.1390451009,1.0000000000,0.9656320000,217.8883881230,0,0,0,30,0
232,100,0,2,100,100,0,0,0,0,0,100,100,0.0223274815,39.3862392093,50.0000000000,14.1390451009,1.0000000000,0.8416000000,250.0000000000,0,0,0,30,0
233,100,0,2,100,100,0,0,0,0,0,100,100,0.0223274815,39.3639117278,50.0000000000,14.1390451009,1.0000000000,0.8416000000,250.0000000000,0,0,0,30,0
234,100,0,2,100,100,0,0,0,0,0,100,100,0.0223274815,39.3415842463,50.0000000000,14.1390451009,1.0000000000,0.8416000000,250.0000000000,0,0,0,30,0
235,100,0,2,100,100,0,0,0,0,0,100,100,0.0223274815,39.3192567648,50.0000000000,14.1390451009,1.0000000000,0.8416000000,250.0000000000,0,0,0,30,0
236,100,0,7,100,100,0,0,1,107,879,100,100,0.0419295537,39.2773272111,14.2857142857,14.4757012533,1.0000000000,0.9717120000,216.5250609234,0,0,0,21,0
237,100,0,7,100,100,0,0,0,0,0,100,100,0.0223975772,39.2549296339,14.2857142857,14.4757012533,1.0000000000,0.8416000000,250.0000000000,0,0,0,21,0
238,100,0,7,100,100,0,0,0,0,0,100,100,0.0223975772,39.2325320567,14.2857142857,14.4757012533,1.0000000000,0.8416000000,250.0000000000,0,0,0,21,0
239,100,0,7,100,100,0,0,0,0,0,100,100,0.0223975772,39.2101344795,14.2857142857,14.4757012533,1.0000000000,0.8416000000,250.0000000000,0,0,0,21,0
240,100,0,7,100,100,0,0,0,0,0,100,100,0.0223975772,39.1877369024,14.2857142857,14.4757012533,1.0000000000,0.8416000000,250.0000000000,0,0,0,21,0
241,100,0,6,100,100,0,0,1,106,782,100,100,0.0403898700,39.1473470324,16.6666666667,14.6440161764,1.0000000000,0.9704960000,216.7963597995,0,0,0,20,0
242,100,0,6,100,100,0,0,0,0,0,100,100,0.0226597129,39.1246873195,16.6666666667,14.6440161764,1.0000000000,0.8416000000,250.0000000000,0,0,0,20,0
243,100,0,6,100,100,0,0,0,0,0,100,100,0.0226597129,39.1020276066,16.6666666667,14.6440161764,1.0000000000,0.8416000000,250.0000000000,0,0,0,20,0
244,100,0,6,100,100,0,0,0,0,0,100,100,0.0226597129,39.0793678936,16.6666666667,14.6440161764,1.0000000000,0.8416000000,250.0000000000,0,0,0,20,0
245,100,0,6,100,100,0,0,0,0,0,100,100,0.0226597129,39.0567081807,16.6666666667,14.6440161764,1.0000000000,0.8416000000,250.0000000000,0,0,0,20,0
246,100,0,2,100,100,0,0,1,102,394,100,100,0.0295719146,39.0271362661,50.0000000000,11.0251266582,1.0000000000,0.9656320000,217.8883881230,0,0,0,67,0
247,100,0,2,100,100,0,0,0,0,0,100,100,0.0182013703,39.0089348958,50.0000000000,11.0251266582,1.0000000000,0.8416000000,250.0000000000,0,0,0,67,0
248,100,0,2,100,100,0,0,0,0,0,100,100,0.0182013703,38.9907335255,50.0000000000,11.0251266582,1.0000000000,0.8416000000,250.0000000000,0,0,0,67,0
249,100,0,2,100,100,0,0,0,0,0,100,100,0.0182013703,38.9725321552,50.0000000000,11.0251266582,1.0000000000,0.8416000000,250.0000000000,0,0,0,67,0
250,100,0,2,100,100,0,0,0,0,0,100,100,0.0182013703,38.9543307850,50.0000000000,11.0251266582,1.0000000000,0.8416000000,250.0000000000,0,0,0,67,0
251,100,0,6,100,100,0,0,1,106,782,100,100,0.0419341703,38.9123966147,16.6666666667,16.1588863691,1.0000000000,0.9704960000,216.7963597995,0,0,0,2,0
252,100,0,6,100,100,0,0,0,0,0,100,100,0.0243153324,38.8880812823,16.6666666667,16.1588863691,1.0000000000,0.8416000000,250.0000000000,0,0,0,2,0
253,100,0,6,100,100,0,0,0,0,0,100,100,0.0243153324,38.8637659499,16.6666666667,16.1588863691,1.0000000000,0.8416000000,250.0000000000,0,0,0,2,0
254,100,0,6,100,100,0,0,0,0,0,100,100,0.0243153324,38.8394506175,16.6666666667,16.1588863691,1.0000000000,0.8416000000,250.0000000000,0,0,0,2,0
255,100,0,6,100,100,0,0,0,0,0,100,100,0.0243153324,38.8151352851,16.6666666667,16.1588863691,1.0000000000,0.8416000000,250.0000000000,0,0,0,2,0
256,100,0,3,100,100,0,0,1,103,491,100,100,0.0333077065,38.7818275786,33.3333333333,13.3816077117,1.0000000000,0.9668480000,217.6143509631,0,0,0,38,0
257,100,0,3,100,100,0,0,0,0,0,100,100,0.0208570044,38.7609705742,33.3333333333,13.3816077117,1.0000000000,0.8416000000,250.0000000000,0,0,0,38,0
258,100,0,3,100,100,0,0,0,0,0,100,100,0.0208570044,38.7401135698,33.3333333333,13.3816077117,1.0000000000,0.8416000000,250.0000000000,0,0,0,38,0
259,100,0,3,100,100,0,0,0,0,0,100,100,0.0208570044,38.7192565654,33.3333333333,13.3816077117,1.0000000000,0.8416000000,250.0000000000,0,0,0,38,0
260,100,0,3,100,100,0,0,0,0,0,100,100,0.0208570044,38.6983995610,33.3333333333,13.3816077117,1.0000000000,0.8416000000,250.0000000000,0,0,0,38,0
261,100,0,3,100,100,0,0,1,102,491,100,100,0.0317637596,38.6666358014,33.3333333333,11.8667218711,1.0000000000,0.9656320000,217.8883881230,0,0,0,56,0
262,100,0,3,100,100,0,0,0,0,0,100,100,0.0190685142,38.6475672872,33.3333333333,11.8667218711,1.0000000000,0.8416000000,250.0000000000,0,0,0,56,0
263,100,0,3,100,100,0,0,0,0,0,100,100,0.0190685142,38.6284987730,33.3333333333,11.8667218711,1.0000000000,0.8416000000,250.0000000000,0,0,0,56,0
264,100,0,3,100,100,0,0,0,0,0,100,100,0.0190685142,38.6094302588,33.3333333333,11.8667218711,1.0000000000,0.8416000000,250.0000000000,0,0,0,56,0
265,100,0,3,100,100,0,0,0,0,0,100,100,0.0190685142,38.5903617445,33.3333333333,11.8667218711,1.0000000000,0.8416000000,250.0000000000,0,0,0,56,0
266,100,0,5,100,100,0,0,1,105,685,100,100,0.0376749570,38.5526867876,20.0000000000,13.9707403187,1.0000000000,0.9692800000,217.0683393859,0,0,0,29,0
267,100,0,5,100,100,0,0,0,0,0,100,100,0.0217072068,38.5309795808,20.0000000000,13.9707403187,1.0000000000,0.8416000000,250.0000000000,0,0,0,29,0
268,100,0,5,100,100,0,0,0,0,0,100,100,0.0217072068,38.5092723740,20.0000000000,13.9707403187,1.0000000000,0.8416000000,250.0000000000,0,0,0,29,0
269,100,0,5,100,100,0,0,0,0,0,100,100,0.0217072068,38.4875651672,20.0000000000,13.9707403187,1.0000000000,0.8416000000,250.0000000000,0,0,0,29,0
270,100,0,5,100,100,0,0,0,0,0,100,100,0.0217072068,38.4658579604,20.0000000000,13.9707403187,1.0000000000,0.8416000000,250.0000000000,0,0,0,29,0
271,100,0,4,100,100,0,0,1,104,588,100,100,0.0357271566,38.4301308038,25.0000000000,14.1390445250,1.0000000000,0.9680640000,217.3410022478,0,0,0,28,0
272,100,0,4,100,100,0,0,0,0,0,100,100,0.0215949892,38.4085358146,25.0000000000,14.1390445250,1.0000000000,0.8416000000,250.0000000000,0,0,0,28,0
273,100,0,4,100,100,0,0,0,0,0,100,100,0.0215949892,38.3869408254,25.0000000000,14.1390445250,1.0000000000,0.8416000000,250.0000000000,0,0,0,28,0
274,100,0,4,100,100,0,0,0,0,0,100,100,0.0215949892,38.3653458362,25.0000000000,14.1390445250,1.0000000000,0.8416000000,250.0000000000,0,0,0,28,0
275,100,0,4,100,100,0,0,0,0,0,100,100,0.0215949892,38.3437508470,25.0000000000,14.1390445250,1.0000000000,0.8416000000,250.0000000000,0,0,0,28,0
276,100,0,5,100,100,0,0,1,105,685,100,100,0.0399130710,38.3038377760,20.0000000000,15.6539279672,1.0000000000,0.9692800000,217.0683393859,0,0,0,9,0
277,100,0,5,100,100,0,0,0,0,0,100,100,0.0240100895,38.2798276865,20.0000000000,15.6539279672,1.0000000000,0.8416000000,250.0000000000,0,0,0,9,0
278,100,0,5,100,100,0,0,0,0,0,100,100,0.0240100895,38.2558175971,20.0000000000,15.6539279672,1.0000000000,0.8416000000,250.0000000000,0,0,0,9,0
279,100,0,5,100,100,0,0,0,0,0,100,100,0.0240100895,38.2318075076,20.0000000000,15.6539279672,1.0000000000,0.8416000000,250.0000000000,0,0,0,9,0
280,100,0,5,100,100,0,0,0,0,0,100,100,0.0240100895,38.2077974182,20.0000000000,15.6539279672,1.0000000000,0.8416000000,250.0000000000,0,0,0,9,0
281,100,0,9,100,100,0,0,1,109,1073,100,100,0.0453187607,38.1624786574,11.1111111111,14.7281722972,1.0000000000,0.9741440000,215.9844951054,0,0,0,16,0
282,100,0,9,100,100,0,0,0,0,0,100,100,0.0222902754,38.1401883820,11.1111111111,14.7281722972,1.0000000000,0.8416000000,250.0000000000,0,0,0,16,0
283,100,0,9,100,100,0,0,0,0,0,100,100,0.0222902754,38.1178981066,11.1111111111,14.7281722972,1.0000000000,0.8416000000,250.0000000000,0,0,0,16,0
284,100,0,9,100,100,0,0,0,0,0,100,100,0.0222902754,38.0956078312,11.1111111111,14.7281722972,1.0000000000,0.8416000000,250.0000000000,0,0,0,16,0
285,100,0,9,100,100,0,0,0,0,0,100,100,0.0222902754,38.0733175558,11.1111111111,14.7281722972,1.0000000000,0.8416000000,250.0000000000,0,0,0,16,0
286,100,0,2,100,100,0,0,1,102,394,100,100,0.0302856952,38.0430318606,50.0000000000,11.7825455098,1.0000000000,0.9656320000,217.8883881230,0,0,0,58,0
287,100,0,2,100,100,0,0,0,0,0,100,100,0.0193774837,38.0236543769,50.0000000000,11.7825455098,1.0000000000,0.8416000000,250.0000000000,0,0,0,58,0
288,100,0,2,100,100,0,0,0,0,0,100,100,0.0193774837,38.0042768932,50.0000000000,11.7825455098,1.0000000000,0.8416000000,250.0000000000,0,0,0,58,0
289,100,0,2,100,100,0,0,0,0,0,100,100,0.0193774837,37.9848994096,50.0000000000,11.7825455098,1.0000000000,0.8416000000,250.0000000000,0,0,0,58,0
290,100,0,2,100,100,0,0,0,0,0,100,100,0.0193774837,37.9655219259,50.0000000000,11.7825455098,1.0000000000,0.8416000000,250.0000000000,0,0,0,58,0
291,100,0,3,100,100,0,0,1,103,491,100,100,0.0333377867,37.9321841392,33.3333333333,13.2133064290,1.0000000000,0.9668480000,217.6143509631,0,0,0,40,0
292,100,0,3,100,100,0,0,0,0,0,100,100,0.0208275257,37.9113566135,33.3333333333,13.2133064290,1.0000000000,0.8416000000,250.0000000000,0,0,0,40,0
293,100,0,3,100,100,0,0,0,0,0,100,100,0.0208275257,37.8905290878,33.3333333333,13.2133064290,1.0000000000,0.8416000000,250.0000000000,0,0,0,40,0
294,100,0,3,100,100,0,0,0,0,0,100,100,0.0208275257,37.8697015622,33.3333333333,13.2133064290,1.0000000000,0.8416000000,250.0000000000,0,0,0,40,0
295,100,0,3,100,100,0,0,0,0,0,100,100,0.0208275257,37.8488740365,33.3333333333,13.2133064290,1.0000000000,0.8416000000,250.0000000000,0,0,0,40,0
296,100,0,5,100,100,0,0,1,105,685,100,100,0.0380010539,37.8108729826,20.0000000000,13.9707184815,1.0000000000,0.9692800000,217.0683393859,0,0,0,29,0
297,100,0,5,100,100,0,0,0,0,0,100,100,0.0219973918,37.7888755908,20.0000000000,13.9707184815,1.0000000000,0.8416000000,250.0000000000,0,0,0,29,0
298,100,0,5,100,100,0,0,0,0,0,100,100,0.0219973918,37.7668781990,20.0000000000,13.9707184815,1.0000000000,0.8416000000,250.0000000000,0,0,0,29,0
299,100,0,5,100,100,0,0,0,0,0,100,100,0.0219973918,37.7448808072,20.0000000000,13.9707184815,1.0000000000,0.8416000000,250.0000000000,0,0,0,29,0
300,100,0,5,100,100,0,0,0,0,0,100,100,0.0219973918,37.7228834154,20.0000000000,13.9707184815,1.0000000000,0.8416000000,250.0000000000,0,0,0,29,0
301,100,0,7,100,100,0,0,1,107,879,100,100,0.0430181846,37.6798652308,14.2857142857,15.7380971487,1.0000000000,0.9717120000,216.5250609234,0,0,0,6,0
302,100,0,7,100,100,0,0,0,0,0,100,100,0.0236262156,37.6562390152,14.2857142857,15.7380971487,1.0000000000,0.8416000000,250.0000000000,0,0,0,6,0
303,100,0,7,100,100,0,0,0,0,0,100,100,0.0236262156,37.6326127996,14.2857142857,15.7380971487,1.0000000000,0.8416000000,250.0000000000,0,0,0,6,0
304,100,0,7,100,100,0,0,0,0,0,100,100,0.0236262156,37.6089865840,14.2857142857,15.7380971487,1.0000000000,0.8416000000,250.0000000000,0,0,0,6,0
305,100,0,7,100,100,0,0,0,0,0,100,100,0.0236262156,37.5853603683,14.2857142857,15.7380971487,1.0000000000,0.8416000000,250.0000000000,0,0,0,6,0
306,100,0,4,100,100,0,0,1,104,588,100,100,0.0338742931,37.5514860752,25.0000000000,12.3716947038,1.0000000000,0.9680640000,217.3410022478,0,0,0,49,0
307,100,0,4,100,100,0,0,0,0,0,100,100,0.0195629016,37.5319231736,25.0000000000,12.3716947038,1.0000000000,0.8416000000,250.0000000000,0,0,0,49,0
308,100,0,4,100,100,0,0,0,0,0,100,100,0.0195629016,37.5123602720,25.0000000000,12.3716947038,1.0000000000,0.8416000000,250.0000000000,0,0,0,49,0
309,100,0,4,100,100,0,0,0,0,0,100,100,0.0195629016,37.4927973705,25.0000000000,12.3716947038,1.0000000000,0.8416000000,250.0000000000,0,0,0,49,0
310,100,0,4,100,100,0,0,0,0,0,100,100,0.0195629016,37.4732344689,25.0000000000,12.3716947038,1.0000000000,0.8416000000,250.0000000000,0,0,0,49,0
311,100,0,2,100,100,0,0,1,102,394,100,100,0.0307537933,37.4424806756,50.0000000000,12.4558409851,1.0000000000,0.9656320000,217.8883881230,0,0,0,50,0
312,100,0,2,100,100,0,0,0,0,0,100,100,0.0198554272,37.4226252484,50.0000000000,12.4558409851,1.0000000000,0.8416000000,250.0000000000,0,0,0,50,0
313,100,0,2,100,100,0,0,0,0,0,100,100,0.0198554272,37.4027698212,50.0000000000,12.4558409851,1.0000000000,0.8416000000,250.0000000000,0,0,0,50,0
314,100,0,2,100,100,0,0,0,0,0,100,100,0.0198554272,37.3829143941,50.0000000000,12.4558409851,1.0000000000,0.8416000000,250.0000000000,0,0,0,50,0
315,100,0,2,100,100,0,0,0,0,0,100,100,0.0198554272,37.3630589669,50.0000000000,12.4558409851,1.0000000000,0.8416000000,250.0000000000,0,0,0,50,0
316,100,0,2,100,100,0,0,1,102,394,100,100,0.0300046378,37.3330543291,50.0000000000,11.3617471448,1.0000000000,0.9656320000,217.8883881230,0,0,0,63,0
317,100,0,2,100,100,0,0,0,0,0,100,100,0.0189747668,37.3140795623,50.0000000000,11.3617471448,1.0000000000,0.8416000000,250.0000000000,0,0,0,63,0
318,100,0,2,100,100,0,0,0,0,0,100,100,0.0189747668,37.2951047955,50.0000000000,11.3617471448,1.0000000000,0.8416000000,250.0000000000,0,0,0,63,0
319,100,0,2,100,100,0,0,0,0,0,100,100,0.0189747668,37.2761300288,50.0000000000,11.3617471448,1.0000000000,0.8416000000,250.0000000000,0,0,0,63,0
320,100,0,2,100,100,0,0,0,0,0,100,100,0.0189747668,37.2571552620,50.0000000000,11.3617471448,1.0000000000,0.8416000000,250.0000000000,0,0,0,63,0
321,100,0,3,100,100,0,0,1,103,491,100,100,0.0313023143,37.2258529477,33.3333333333,11.0251143407,1.0000000000,0.9668480000,217.6143509631,0,0,0,66,0
322,100,0,3,100,100,0,0,0,0,0,100,100,0.0181772440,37.2076757038,33.3333333333,11.0251143407,1.0000000000,0.8416000000,250.0000000000,0,0,0,66,0
323,100,0,3,100,100,0,0,0,0,0,100,100,0.0181772440,37.1894984598,33.3333333333,11.0251143407,1.0000000000,0.8416000000,250.0000000000,0,0,0,66,0
324,100,0,3,100,100,0,0,0,0,0,100,100,0.0181772440,37.1713212158,33.3333333333,11.0251143407,1.0000000000,0.8416000000,250.0000000000,0,0,0,66,0
325,100,0,3,100,100,0,0,0,0,0,100,100,0.0181772440,37.1531439719,33.3333333333,11.0251143407,1.0000000000,0.8416000000,250.0000000000,0,0,0,66,0
326,100,0,4,100,100,0,0,1,104,588,100,100,0.0363910481,37.1167529238,25.0000000000,14.3073737016,1.0000000000,0.9680640000,217.3410022478,0,0,0,26,0
327,100,0,4,100,100,0,0,0,0,0,100,100,0.0222236795,37.0945292443,25.0000000000,14.3073737016,1.0000000000,0.8416000000,250.0000000000,0,0,0,26,0
328,100,0,4,100,100,0,0,0,0,0,100,100,0.0222236795,37.0723055648,25.0000000000,14.3073737016,1.0000000000,0.8416000000,250.0000000000,0,0,0,26,0
329,100,0,4,100,100,0,0,0,0,0,100,100,0.0222236795,37.0500818853,25.0000000000,14.3073737016,1.0000000000,0.8416000000,250.0000000000,0,0,0,26,0
330,100,0,4,100,100,0,0,0,0,0,100,100,0.0222236795,37.0278582059,25.0000000000,14.3073737016,1.0000000000,0.8416000000,250.0000000000,0,0,0,26,0
331,100,0,2,100,100,0,0,1,102,394,100,100,0.0312792785,36.9965789273,50.0000000000,12.7083427633,1.0000000000,0.9656320000,217.8883881230,0,0,0,47,0
332,100,0,2,100,100,0,0,0,0,0,100,100,0.0204558074,36.9761231199,50.0000000000,12.7083427633,1.0000000000,0.8416000000,250.0000000000,0,0,0,47,0
333,100,0,2,100,100,0,0,0,0,0,100,100,0.0204558074,36.9556673125,50.0000000000,12.7083427633,1.0000000000,0.8416000000,250.0000000000,0,0,0,47,0
334,100,0,2,100,100,0,0,0,0,0,100,100,0.0204558074,36.9352115051,50.0000000000,12.7083427633,1.0000000000,0.8416000000,250.0000000000,0,0,0,47,0
335,100,0,2,100,100,0,0,0,0,0,100,100,0.0204558074,36.9147556976,50.0000000000,12.7083427633,1.0000000000,0.8416000000,250.0000000000,0,0,0,47,0
336,100,0,4,100,100,0,0,1,104,588,100,100,0.0349595561,36.8797961415,25.0000000000,12.9608161128,1.0000000000,0.9680640000,217.3410022478,0,0,0,42,0
337,100,0,4,100,100,0,0,0,0,0,100,100,0.0205596488,36.8592364926,25.0000000000,12.9608161128,1.0000000000,0.8416000000,250.0000000000,0,0,0,42,0
338,100,0,4,100,100,0,0,0,0,0,100,100,0.0205596488,36.8386768438,25.0000000000,12.9608161128,1.0000000000,0.8416000000,250.0000000000,0,0,0,42,0
339,100,0,4,100,100,0,0,0,0,0,100,100,0.0205596488,36.8181171950,25.0000000000,12.9608161128,1.0000000000,0.8416000000,250.0000000000,0,0,0,42,0
340,100,0,4,100,100,0,0,0,0,0,100,100,0.0205596488,36.7975575461,25.0000000000,12.9608161128,1.0000000000,0.8416000000,250.0000000000,0,0,0,42,0
341,100,0,2,100,100,0,0,1,102,394,100,100,0.0299594125,36.7675981336,50.0000000000,11.5300783374,1.0000000000,0.9656320000,217.8883881230,0,0,0,61,0
342,100,0,2,100,100,0,0,0,0,0,100,100,0.0187952730,36.7488028606,50.0000000000,11.5300783374,1.0000000000,0.8416000000,250.0000000000,0,0,0,61,0
343,100,0,2,100,100,0,0,0,0,0,100,100,0.0187952730,36.7300075877,50.0000000000,11.5300783374,1.0000000000,0.8416000000,250.0000000000,0,0,0,61,0
344,100,0,2,100,100,0,0,0,0,0,100,100,0.0187952730,36.7112123147,50.0000000000,11.5300783374,1.0000000000,0.8416000000,250.0000000000,0,0,0,61,0
345,100,0,2,100,100,0,0,0,0,0,100,100,0.0187952730,36.6924170417,50.0000000000,11.5300783374,1.0000000000,0.8416000000,250.0000000000,0,0,0,61,0
346,100,0,3,100,100,0,0,1,103,491,100,100,0.0317310665,36.6606859752,33.3333333333,11.6142310430,1.0000000000,0.9668480000,217.6143509631,0,0,0,59,0
347,100,0,3,100,100,0,0,0,0,0,100,100,0.0189910399,36.6416949354,33.3333333333,11.6142310430,1.0000000000,0.8416000000,250.0000000000,0,0,0,59,0
348,100,0,3,100,100,0,0,0,0,0,100,100,0.0189910399,36.6227038955,33.3333333333,11.6142310430,1.0000000000,0.8416000000,250.0000000000,0,0,0,59,0
349,100,0,3,100,100,0,0,0,0,0,100,100,0.0189910399,36.6037128556,33.3333333333,11.6142310430,1.0000000000,0.8416000000,250.0000000000,0,0,0,59,0
350,100,0,3,100,100,0,0,0,0,0,100,100,0.0189910399,36.5847218158,33.3333333333,11.6142310430,1.0000000000,0.8416000000,250.0000000000,0,0,0,59,0
351,100,0,4,100,100,0,0,1,104,588,100,100,0.0340841777,36.5506376381,25.0000000000,12.2875220294,1.0000000000,0.9680640000,217.3410022478,0,0,0,50,0
352,100,0,4,100,100,0,0,0,0,0,100,100,0.0196469584,36.5309906797,25.0000000000,12.2875220294,1.0000000000,0.8416000000,250.0000000000,0,0,0,50,0
353,100,0,4,100,100,0,0,0,0,0,100,100,0.0196469584,36.5113437212,25.0000000000,12.2875220294,1.0000000000,0.8416000000,250.0000000000,0,0,0,50,0
354,100,0,4,100,100,0,0,0,0,0,100,100,0.0196469584,36.4916967628,25.0000000000,12.2875220294,1.0000000000,0.8416000000,250.0000000000,0,0,0,50,0
355,100,0,4,100,100,0,0,0,0,0,100,100,0.0196469584,36.4720498044,25.0000000000,12.2875220294,1.0000000000,0.8416000000,250.0000000000,0,0,0,50,0
356,100,0,5,100,100,0,0,1,105,685,100,100,0.0394517175,36.4325980869,20.0000000000,15.4856049731,1.0000000000,0.9692800000,217.0683393859,0,0,0,11,0
357,100,0,5,100,100,0,0,0,0,0,100,100,0.0235731909,36.4090248960,20.0000000000,15.4856049731,1.0000000000,0.8416000000,250.0000000000,0,0,0,11,0
358,100,0,5,100,100,0,0,0,0,0,100,100,0.0235731909,36.3854517050,20.0000000000,15.4856049731,1.0000000000,0.8416000000,250.0000000000,0,0,0,11,0
359,100,0,5,100,100,0,0,0,0,0,100,100,0.0235731909,36.3618785141,20.0000000000,15.4856049731,1.0000000000,0.8416000000,250.0000000000,0,0,0,11,0
360,100,0,5,100,100,0,0,0,0,0,100,100,0.0235731909,36.3383053232,20.0000000000,15.4856049731,1.0000000000,0.8416000000,250.0000000000,0,0,0,11,0
361,100,0,8,100,100,0,0,1,108,976,100,100,0.0443527068,36.2939526164,12.5000000000,15.3172896478,1.0000000000,0.9729280000,216.2544402052,0,0,0,10,0
362,100,0,8,100,100,0,0,0,0,0,100,100,0.0231317189,36.2708208974,12.5000000000,15.3172896478,1.0000000000,0.8416000000,250.0000000000,0,0,0,10,0
363,100,0,8,100,100,0,0,0,0,0,100,100,0.0231317189,36.2476891785,12.5000000000,15.3172896478,1.0000000000,0.8416000000,250.0000000000,0,0,0,10,0
364,100,0,8,100,100,0,0,0,0,0,100,100,0.0231317189,36.2245574595,12.5000000000,15.3172896478,1.0000000000,0.8416000000,250.0000000000,0,0,0,10,0
365,100,0,8,100,100,0,0,0,0,0,100,100,0.0231317189,36.2014257406,12.5000000000,15.3172896478,1.0000000000,0.8416000000,250.0000000000,0,0,0,10,0
366,100,0,4,100,100,0,0,1,104,588,100,100,0.0359775472,36.1654481934,25.0000000000,14.0548846340,1.0000000000,0.9680640000,217.3410022478,0,0,0,29,0
367,100,0,4,100,100,0,0,0,0,0,100,100,0.0218104911,36.1436377024,25.0000000000,14.0548846340,1.0000000000,0.8416000000,250.0000000000,0,0,0,29,0
368,100,0,4,100,100,0,0,0,0,0,100,100,0.0218104911,36.1218272113,25.0000000000,14.0548846340,1.0000000000,0.8416000000,250.0000000000,0,0,0,29,0
369,100,0,4,100,100,0,0,0,0,0,100,100,0.0218104911,36.1000167203,25.0000000000,14.0548846340,1.0000000000,0.8416000000,250.0000000000,0,0,0,29,0
370,100,0,4,100,100,0,0,0,0,0,100,100,0.0218104911,36.0782062292,25.0000000000,14.0548846340,1.0000000000,0.8416000000,250.0000000000,0,0,0,29,0
371,100,0,5,100,100,0,0,1,105,685,100,100,0.0391784052,36.0390278240,20.0000000000,15.4856112446,1.0000000000,0.9692800000,217.0683393859,0,0,0,11,0
372,100,0,5,100,100,0,0,0,0,0,100,100,0.0233422958,36.0156855281,20.0000000000,15.4856112446,1.0000000000,0.8416000000,250.0000000000,0,0,0,11,0
373,100,0,5,100,100,0,0,0,0,0,100,100,0.0233422958,35.9923432323,20.0000000000,15.4856112446,1.0000000000,0.8416000000,250.0000000000,0,0,0,11,0
374,100,0,5,100,100,0,0,0,0,0,100,100,0.0233422958,35.9690009365,20.0000000000,15.4856112446,1.0000000000,0.8416000000,250.0000000000,0,0,0,11,0
375,100,0,5,100,100,0,0,0,0,0,100,100,0.0233422958,35.9456586406,20.0000000000,15.4856112446,1.0000000000,0.8416000000,250.0000000000,0,0,0,11,0
376,100,0,4,100,100,0,0,1,104,588,100,100,0.0345183211,35.9111403195,25.0000000000,12.6241690009,1.0000000000,0.9680640000,217.3410022478,0,0,0,46,0
377,100,0,4,100,100,0,0,0,0,0,100,100,0.0202269175,35.8909134020,25.0000000000,12.6241690009,1.0000000000,0.8416000000,250.0000000000,0,0,0,46,0
378,100,0,4,100,100,0,0,0,0,0,100,100,0.0202269175,35.8706864845,25.0000000000,12.6241690009,1.0000000000,0.8416000000,250.0000000000,0,0,0,46,0
379,100,0,4,100,100,0,0,0,0,0,100,100,0.0202269175,35.8504595670,25.0000000000,12.6241690009,1.0000000000,0.8416000000,250.0000000000,0,0,0,46,0
380,100,0,4,100,100,0,0,0,0,0,100,100,0.0202269175,35.8302326495,25.0000000000,12.6241690009,1.0000000000,0.8416000000,250.0000000000,0,0,0,46,0
381,100,0,5,100,100,0,0,1,105,685,100,100,0.0353340260,35.7948986235,20.0000000000,11.2775946821,1.0000000000,0.9692800000,217.0683393859,0,0,0,61,0
382,100,0,5,100,100,0,0,0,0,0,100,100,0.0188997392,35.7759988843,20.0000000000,11.2775946821,1.0000000000,0.8416000000,250.0000000000,0,0,0,61,0
383,100,0,5,100,100,0,0,0,0,0,100,100,0.0188997392,35.7570991450,20.0000000000,11.2775946821,1.0000000000,0.8416000000,250.0000000000,0,0,0,61,0
384,100,0,5,100,100,0,0,0,0,0,100,100,0.0188997392,35.7381994058,20.0000000000,11.2775946821,1.0000000000,0.8416000000,250.0000000000,0,0,0,61,0
385,100,0,5,100,100,0,0,0,0,0,100,100,0.0188997392,35.7192996666,20.0000000000,11.2775946821,1.0000000000,0.8416000000,250.0000000000,0,0,0,61,0
386,100,0,6,100,100,0,0,1,106,782,100,100,0.0414191869,35.6778804797,16.6666666667,15.7380825576,1.0000000000,0.9704960000,216.7963597995,0,0,0,7,0
387,100,0,6,100,100,0,0,0,0,0,100,100,0.0237813645,35.6540991152,16.6666666667,15.7380825576,1.0000000000,0.8416000000,250.0000000000,0,0,0,7,0
388,100,0,6,100,100,0,0,0,0,0,100,100,0.0237813645,35.6303177506,16.6666666667,15.7380825576,1.0000000000,0.8416000000,250.0000000000,0,0,0,7,0
389,100,0,6,100,100,0,0,0,0,0,100,100,0.0237813645,35.6065363861,16.6666666667,15.7380825576,1.0000000000,0.8416000000,250.0000000000,0,0,0,7,0
390,100,0,6,100,100,0,0,0,0,0,100,100,0.0237813645,35.5827550216,16.6666666667,15.7380825576,1.0000000000,0.8416000000,250.0000000000,0,0,0,7,0
391,100,0,4,100,100,0,0,1,104,588,100,100,0.0355339332,35.5472210884,25.0000000000,13.1291109846,1.0000000000,0.9680640000,217.3410022478,0,0,0,40,0
392,100,0,4,100,100,0,0,0,0,0,100,100,0.0212173407,35.5260037477,25.0000000000,13.1291109846,1.0000000000,0.8416000000,250.0000000000,0,0,0,40,0
393,100,0,4,100,100,0,0,0,0,0,100,100,0.0212173407,35.5047864071,25.0000000000,13.1291109846,1.0000000000,0.8416000000,250.0000000000,0,0,0,40,0
394,100,0,4,100,100,0,0,0,0,0,100,100,0.0212173407,35.4835690664,25.0000000000,13.1291109846,1.0000000000,0.8416000000,250.0000000000,0,0,0,40,0
395,100,0,4,100,100,0,0,0,0,0,100,100,0.0212173407,35.4623517257,25.0000000000,13.1291109846,1.0000000000,0.8416000000,250.0000000000,0,0,0,40,0
396,100,0,5,100,100,0,0,1,105,685,100,100,0.0379356489,35.4244160768,20.0000000000,14.3915386654,1.0000000000,0.9692800000,217.0683393859,0,0,0,24,0
397,100,0,5,100,100,0,0,0,0,0,100,100,0.0220141481,35.4024019288,20.0000000000,14.3915386654,1.0000000000,0.8416000000,250.0000000000,0,0,0,24,0
398,100,0,5,100,100,0,0,0,0,0,100,100,0.0220141481,35.3803877807,20.0000000000,14.3915386654,1.0000000000,0.8416000000,250.0000000000,0,0,0,24,0
399,100,0,5,100,100,0,0,0,0,0,100,100,0.0220141481,35.3583736326,20.0000000000,14.3915386654,1.0000000000,0.8416000000,250.0000000000,0,0,0,24,0
400,100,0,5,100,100,0,0,0,0,0,100,100,0.0220141481,35.3363594846,20.0000000000,14.3915386654,1.0000000000,0.8416000000,250.0000000000,0,0,0,24,0
401,100,0,2,100,100,0,0,1,102,394,100,100,0.0299389217,35.3064205629,50.0000000000,11.6142433891,1.0000000000,0.9656320000,217.8883881230,0,0,0,60,0
402,100,0,2,100,100,0,0,0,0,0,100,100,0.0188684941,35.2875520688,50.0000000000,11.6142433891,1.0000000000,0.8416000000,250.0000000000,0,0,0,60,0
403,100,0,2,100,100,0,0,0,0,0,100,100,0.0188684941,35.2686835747,50.0000000000,11.6142433891,1.0000000000,0.8416000000,250.0000000000,0,0,0,60,0
404,100,0,2,100,100,0,0,0,0,0,100,100,0.0188684941,35.2498150805,50.0000000000,11.6142433891,1.0000000000,0.8416000000,250.0000000000,0,0,0,60,0
405,100,0,2,100,100,0,0,0,0,0,100,100,0.0188684941,35.2309465864,50.0000000000,11.6142433891,1.0000000000,0.8416000000,250.0000000000,0,0,0,60,0
406,100,0,5,100,100,0,0,1,105,685,100,100,0.0370202567,35.1939263297,20.0000000000,13.4657683836,1.0000000000,0.9692800000,217.0683393859,0,0,0,35,0
407,100,0,5,100,100,0,0,0,0,0,100,100,0.0210095745,35.1729167552,20.0000000000,13.4657683836,1.0000000000,0.8416000000,250.0000000000,0,0,0,35,0
408,100,0,5,100,100,0,0,0,0,0,100,100,0.0210095745,35.1519071807,20.0000000000,13.4657683836,1.0000000000,0.8416000000,250.0000000000,0,0,0,35,0
409,100,0,5,100,100,0,0,0,0,0,100,100,0.0210095745,35.1308976062,20.0000000000,13.4657683836,1.0000000000,0.8416000000,250.0000000000,0,0,0,35,0
410,100,0,5,100,100,0,0,0,0,0,100,100,0.0210095745,35.1098880317,20.0000000000,13.4657683836,1.0000000000,0.8416000000,250.0000000000,0,0,0,35,0
411,100,0,4,100,100,0,0,1,104,588,100,100,0.0357873387,35.0741006930,25.0000000000,14.3915400079,1.0000000000,0.9680640000,217.3410022478,0,0,0,25,0
412,100,0,4,100,100,0,0,0,0,0,100,100,0.0217036003,35.0523970927,25.0000000000,14.3915400079,1.0000000000,0.8416000000,250.0000000000,0,0,0,25,0
413,100,0,4,100,100,0,0,0,0,0,100,100,0.0217036003,35.0306934924,25.0000000000,14.3915400079,1.0000000000,0.8416000000,250.0000000000,0,0,0,25,0
414,100,0,4,100,100,0,0,0,0,0,100,100,0.0217036003,35.0089898921,25.0000000000,14.3915400079,1.0000000000,0.8416000000,250.0000000000,0,0,0,25,0
415,100,0,4,100,100,0,0,0,0,0,100,100,0.0217036003,34.9872862918,25.0000000000,14.3915400079,1.0000000000,0.8416000000,250.0000000000,0,0,0,25,0
416,100,0,2,100,100,0,0,1,102,394,100,100,0.0310793526,34.9562069392,50.0000000000,12.3716747717,1.0000000000,0.9656320000,217.8883881230,0,0,0,51,0
417,100,0,2,100,100,0,0,0,0,0,100,100,0.0202354947,34.9359714445,50.0000000000,12.3716747717,1.0000000000,0.8416000000,250.0000000000,0,0,0,51,0
418,100,0,2,100,100,0,0,0,0,0,100,100,0.0202354947,34.9157359498,50.0000000000,12.3716747717,1.0000000000,0.8416000000,250.0000000000,0,0,0,51,0
419,100,0,2,100,100,0,0,0,0,0,100,100,0.0202354947,34.8955004551,50.0000000000,12.3716747717,1.0000000000,0.8416000000,250.0000000000,0,0,0,51,0
420,100,0,2,100,100,0,0,0,0,0,100,100,0.0202354947,34.8752649605,50.0000000000,12.3716747717,1.0000000000,0.8416000000,250.0000000000,0,0,0,51,0
421,100,0,2,100,100,0,0,1,102,394,100,100,0.0307097659,34.8445551946,50.0000000000,12.4558506016,1.0000000000,0.9656320000,217.8883881230,0,0,0,50,0
422,100,0,2,100,100,0,0,0,0,0,100,100,0.0198670189,34.8246881757,50.0000000000,12.4558506016,1.0000000000,0.8416000000,250.0000000000,0,0,0,50,0
423,100,0,2,100,100,0,0,0,0,0,100,100,0.0198670189,34.8048211568,50.0000000000,12.4558506016,1.0000000000,0.8416000000,250.0000000000,0,0,0,50,0
424,100,0,2,100,100,0,0,0,0,0,100,100,0.0198670189,34.7849541379,50.0000000000,12.4558506016,1.0000000000,0.8416000000,250.0000000000,0,0,0,50,0
425,100,0,2,100,100,0,0,0,0,0,100,100,0.0198670189,34.7650871190,50.0000000000,12.4558506016,1.0000000000,0.8416000000,250.0000000000,0,0,0,50,0
426,100,0,3,100,100,0,0,1,103,491,100,100,0.0347359091,34.7303512098,33.3333333333,14.5598483484,1.0000000000,0.9668480000,217.6143509631,0,0,0,24,0
427,100,0,3,100,100,0,0,0,0,0,100,100,0.0223922388,34.7079589710,33.3333333333,14.5598483484,1.0000000000,0.8416000000,250.0000000000,0,0,0,24,0
428,100,0,3,100,100,0,0,0,0,0,100,100,0.0223922388,34.6855667322,33.3333333333,14.5598483484,1.0000000000,0.8416000000,250.0000000000,0,0,0,24,0
429,100,0,3,100,100,0,0,0,0,0,100,100,0.0223922388,34.6631744934,33.3333333333,14.5598483484,1.0000000000,0.8416000000,250.0000000000,0,0,0,24,0
430,100,0,3,100,100,0,0,0,0,0,100,100,0.0223922388,34.6407822546,33.3333333333,14.5598483484,1.0000000000,0.8416000000,250.0000000000,0,0,0,24,0
431,100,0,3,100,100,0,0,1,103,491,100,100,0.0349121582,34.6058700964,33.3333333333,14.0548736911,1.0000000000,0.9668480000,217.6143509631,0,0,0,30,0
432,100,0,3,100,100,0,0,0,0,0,100,100,0.0224123561,34.5834577404,33.3333333333,14.0548736911,1.0000000000,0.8416000000,250.0000000000,0,0,0,30,0
433,100,0,3,100,100,0,0,0,0,0,100,100,0.0224123561,34.5610453843,33.3333333333,14.0548736911,1.0000000000,0.8416000000,250.0000000000,0,0,0,30,0
434,100,0,3,100,100,0,0,0,0,0,100,100,0.0224123561,34.5386330282,33.3333333333,14.0548736911,1.0000000000,0.8416000000,250.0000000000,0,0,0,30,0
435,100,0,3,100,100,0,0,0,0,0,100,100,0.0224123561,34.5162206721,33.3333333333,14.0548736911,1.0000000000,0.8416000000,250.0000000000,0,0,0,30,0
436,100,0,3,100,100,0,0,1,103,491,100,100,0.0317570258,34.4844636463,33.3333333333,11.8667186172,1.0000000000,0.9668480000,217.6143509631,0,0,0,56,0
437,100,0,3,100,100,0,0,0,0,0,100,100,0.0190254731,34.4654381732,33.3333333333,11.8667186172,1.0000000000,0.8416000000,250.0000000000,0,0,0,56,0
438,100,0,3,100,100,0,0,0,0,0,100,100,0.0190254731,34.4464127001,33.3333333333,11.8667186172,1.0000000000,0.8416000000,250.0000000000,0,0,0,56,0
439,100,0,3,100,100,0,0,0,0,0,100,100,0.0190254731,34.4273872270,33.3333333333,11.8667186172,1.0000000000,0.8416000000,250.0000000000,0,0,0,56,0
440,100,0,3,100,100,0,0,0,0,0,100,100,0.0190254731,34.4083617539,33.3333333333,11.8667186172,1.0000000000,0.8416000000,250.0000000000,0,0,0,56,0
441,100,0,2,100,100,0,0,1,102,394,100,100,0.0295552633,34.3788064907,50.0000000000,11.1092828564,1.0000000000,0.9656320000,217.8883881230,0,0,0,66,0
442,100,0,2,100,100,0,0,0,0,0,100,100,0.0182708357,34.3605356550,50.0000000000,11.1092828564,1.0000000000,0.8416000000,250.0000000000,0,0,0,66,0
443,100,0,2,100,100,0,0,0,0,0,100,100,0.0182708357,34.3422648193,50.0000000000,11.1092828564,1.0000000000,0.8416000000,250.0000000000,0,0,0,66,0
444,100,0,2,100,100,0,0,0,0,0,100,100,0.0182708357,34.3239939837,50.0000000000,11.1092828564,1.0000000000,0.8416000000,250.0000000000,0,0,0,66,0
445,100,0,2,100,100,0,0,0,0,0,100,100,0.0182708357,34.3057231480,50.0000000000,11.1092828564,1.0000000000,0.8416000000,250.0000000000,0,0,0,66,0
446,100,0,2,100,100,0,0,1,102,394,100,100,0.0322224975,34.2735006505,50.0000000000,13.3815954641,1.0000000000,0.9656320000,217.8883881230,0,0,0,39,0
447,100,0,2,100,100,0,0,0,0,0,100,100,0.0215171267,34.2519835238,50.0000000000,13.3815954641,1.0000000000,0.8416000000,250.0000000000,0,0,0,39,0
448,100,0,2,100,100,0,0,0,0,0,100,100,0.0215171267,34.2304663971,50.0000000000,13.3815954641,1.0000000000,0.8416000000,250.0000000000,0,0,0,39,0
449,100,0,2,100,100,0,0,0,0,0,100,100,0.0215171267,34.2089492705,50.0000000000,13.3815954641,1.0000000000,0.8416000000,250.0000000000,0,0,0,39,0
450,100,0,2,100,100,0,0,0,0,0,100,100,0.0215171267,34.1874321438,50.0000000000,13.3815954641,1.0000000000,0.8416000000,250.0000000000,0,0,0,39,0
451,100,0,5,100,100,0,0,1,105,685,100,100,0.0383141723,34.1491179714,20.0000000000,14.0548839705,1.0000000000,0.9692800000,217.0683393859,0,0,0,28,0
452,100,0,5,100,100,0,0,0,0,0,100,100,0.0223082593,34.1268097121,20.0000000000,14.0548839705,1.0000000000,0.8416000000,250.0000000000,0,0,0,28,0
453,100,0,5,100,100,0,0,0,0,0,100,100,0.0223082593,34.1045014527,20.0000000000,14.0548839705,1.0000000000,0.8416000000,250.0000000000,0,0,0,28,0
454,100,0,5,100,100,0,0,0,0,0,100,100,0.0223082593,34.0821931934,20.0000000000,14.0548839705,1.0000000000,0.8416000000,250.0000000000,0,0,0,28,0
455,100,0,5,100,100,0,0,0,0,0,100,100,0.0223082593,34.0598849341,20.0000000000,14.0548839705,1.0000000000,0.8416000000,250.0000000000,0,0,0,28,0
456,100,0,1,100,100,0,0,1,101,297,100,100,0.0278694386,34.0320154955,100.0000000000,11.0251097610,1.0000000000,0.9644160000,218.1631163315,0,0,0,68,0
457,100,0,1,100,100,0,0,0,0,0,100,100,0.0184501488,34.0135653466,100.0000000000,11.0251097610,1.0000000000,0.8416000000,250.0000000000,0,0,0,68,0
458,100,0,1,100,100,0,0,0,0,0,100,100,0.0184501488,33.9951151978,100.0000000000,11.0251097610,1.0000000000,0.8416000000,250.0000000000,0,0,0,68,0
459,100,0,1,100,100,0,0,0,0,0,100,100,0.0184501488,33.9766650489,100.0000000000,11.0251097610,1.0000000000,0.8416000000,250.0000000000,0,0,0,68,0
460,100,0,1,100,100,0,0,0,0,0,100,100,0.0184501488,33.9582149001,100.0000000000,11.0251097610,1.0000000000,0.8416000000,250.0000000000,0,0,0,68,0
461,100,0,5,100,100,0,0,1,105,685,100,100,0.0363673988,33.9218475013,20.0000000000,12.7924699795,1.0000000000,0.9692800000,217.0683393859,0,0,0,43,0
462,100,0,5,100,100,0,0,0,0,0,100,100,0.0203014149,33.9015460864,20.0000000000,12.7924699795,1.0000000000,0.8416000000,250.0000000000,0,0,0,43,0
463,100,0,5,100,100,0,0,0,0,0,100,100,0.0203014149,33.8812446715,20.0000000000,12.7924699795,1.0000000000,0.8416000000,250.0000000000,0,0,0,43,0
464,100,0,5,100,100,0,0,0,0,0,100,100,0.0203014149,33.8609432566,20.0000000000,12.7924699795,1.0000000000,0.8416000000,250.0000000000,0,0,0,43,0
465,100,0,5,100,100,0,0,0,0,0,100,100,0.0203014149,33.8406418418,20.0000000000,12.7924699795,1.0000000000,0.8416000000,250.0000000000,0,0,0,43,0
466,100,0,7,100,100,0,0,1,106,879,100,100,0.0424867242,33.7981551176,14.2857142857,14.8123291402,1.0000000000,0.9704960000,216.7963597995,0,0,0,17,0
467,100,0,7,100,100,0,0,0,0,0,100,100,0.0229771775,33.7751779401,14.2857142857,14.8123291402,1.0000000000,0.8416000000,250.0000000000,0,0,0,17,0
468,100,0,7,100,100,0,0,0,0,0,100,100,0.0229771775,33.7522007626,14.2857142857,14.8123291402,1.0000000000,0.8416000000,250.0000000000,0,0,0,17,0
469,100,0,7,100,100,0,0,0,0,0,100,100,0.0229771775,33.7292235851,14.2857142857,14.8123291402,1.0000000000,0.8416000000,250.0000000000,0,0,0,17,0
470,100,0,7,100,100,0,0,0,0,0,100,100,0.0229771775,33.7062464076,14.2857142857,14.8123291402,1.0000000000,0.8416000000,250.0000000000,0,0,0,17,0
471,100,0,9,100,100,0,0,1,109,1073,100,100,0.0464321283,33.6598142792,11.1111111111,15.6539106645,1.0000000000,0.9741440000,215.9844951054,0,0,0,5,0
472,100,0,9,100,100,0,0,0,0,0,100,100,0.0234411506,33.6363731286,11.1111111111,15.6539106645,1.0000000000,0.8416000000,250.0000000000,0,0,0,5,0
473,100,0,9,100,100,0,0,0,0,0,100,100,0.0234411506,33.6129319780,11.1111111111,15.6539106645,1.0000000000,0.8416000000,250.0000000000,0,0,0,5,0
474,100,0,9,100,100,0,0,0,0,0,100,100,0.0234411506,33.5894908274,11.1111111111,15.6539106645,1.0000000000,0.8416000000,250.0000000000,0,0,0,5,0
475,100,0,9,100,100,0,0,0,0,0,100,100,0.0234411506,33.5660496768,11.1111111111,15.6539106645,1.0000000000,0.8416000000,250.0000000000,0,0,0,5,0
476,100,0,3,100,100,0,0,1,103,491,100,100,0.0355420019,33.5305076748,33.3333333333,14.6439983478,1.0000000000,0.9668480000,217.6143509631,0,0,0,23,0
477,100,0,3,100,100,0,0,0,0,0,100,100,0.0231044624,33.5074032125,33.3333333333,14.6439983478,1.0000000000,0.8416000000,250.0000000000,0,0,0,23,0
478,100,0,3,100,100,0,0,0,0,0,100,100,0.0231044624,33.4842987501,33.3333333333,14.6439983478,1.0000000000,0.8416000000,250.0000000000,0,0,0,23,0
479,100,0,3,100,100,0,0,0,0,0,100,100,0.0231044624,33.4611942877,33.3333333333,14.6439983478,1.0000000000,0.8416000000,250.0000000000,0,0,0,23,0
480,100,0,3,100,100,0,0,0,0,0,100,100,0.0231044624,33.4380898254,33.3333333333,14.6439983478,1.0000000000,0.8416000000,250.0000000000,0,0,0,23,0
481,100,0,4,100,100,0,0,1,104,588,100,100,0.0360422763,33.4020475491,25.0000000000,14.0548938463,1.0000000000,0.9680640000,217.3410022478,0,0,0,29,0
482,100,0,4,100,100,0,0,0,0,0,100,100,0.0218583872,33.3801891618,25.0000000000,14.0548938463,1.0000000000,0.8416000000,250.0000000000,0,0,0,29,0
483,100,0,4,100,100,0,0,0,0,0,100,100,0.0218583872,33.3583307746,25.0000000000,14.0548938463,1.0000000000,0.8416000000,250.0000000000,0,0,0,29,0
484,100,0,4,100,100,0,0,0,0,0,100,100,0.0218583872,33.3364723874,25.0000000000,14.0548938463,1.0000000000,0.8416000000,250.0000000000,0,0,0,29,0
485,100,0,4,100,100,0,0,0,0,0,100,100,0.0218583872,33.3146140001,25.0000000000,14.0548938463,1.0000000000,0.8416000000,250.0000000000,0,0,0,29,0
486,100,0,9,100,100,0,0,1,109,1073,100,100,0.0458122565,33.2688017436,11.1111111111,14.9806608362,1.0000000000,0.9741440000,215.9844951054,0,0,0,13,0
487,100,0,9,100,100,0,0,0,0,0,100,100,0.0227977570,33.2460039866,11.1111111111,14.9806608362,1.0000000000,0.8416000000,250.0000000000,0,0,0,13,0
488,100,0,9,100,100,0,0,0,0,0,100,100,0.0227977570,33.2232062296,11.1111111111,14.9806608362,1.0000000000,0.8416000000,250.0000000000,0,0,0,13,0
489,100,0,9,100,100,0,0,0,0,0,100,100,0.0227977570,33.2004084726,11.1111111111,14.9806608362,1.0000000000,0.8416000000,250.0000000000,0,0,0,13,0
490,100,0,9,100,100,0,0,0,0,0,100,100,0.0227977570,33.1776107156,11.1111111111,14.9806608362,1.0000000000,0.8416000000,250.0000000000,0,0,0,13,0
491,100,0,6,100,100,0,0,1,106,782,100,100,0.0407090655,33.1369016501,16.6666666667,14.8965014219,1.0000000000,0.9704960000,216.7963597995,0,0,0,17,0
492,100,0,6,100,100,0,0,0,0,0,100,100,0.0229515175,33.1139501326,16.6666666667,14.8965014219,1.0000000000,0.8416000000,250.0000000000,0,0,0,17,0
493,100,0,6,100,100,0,0,0,0,0,100,100,0.0229515175,33.0909986152,16.6666666667,14.8965014219,1.0000000000,0.8416000000,250.0000000000,0,0,0,17,0
494,100,0,6,100,100,0,0,0,0,0,100,100,0.0229515175,33.0680470977,16.6666666667,14.8965014219,1.0000000000,0.8416000000,250.0000000000,0,0,0,17,0
495,100,0,6,100,100,0,0,0,0,0,100,100,0.0229515175,33.0450955802,16.6666666667,14.8965014219,1.0000000000,0.8416000000,250.0000000000,0,0,0,17,0
496,100,0,13,100,100,0,0,1,113,1461,100,100,0.0523934829,32.9927020974,7.6923076923,14.8964784832,1.0000000000,0.9790080000,214.9114205400,0,0,0,10,0
497,100,0,13,100,100,0,0,0,0,0,100,100,0.0222732447,32.9704288527,7.6923076923,14.8964784832,1.0000000000,0.8416000000,250.0000000000,0,0,0,10,0
498,100,0,13,100,100,0,0,0,0,0,100,100,0.0222732447,32.9481556080,7.6923076923,14.8964784832,1.0000000000,0.8416000000,250.0000000000,0,0,0,10,0
499,100,0,13,100,100,0,0,0,0,0,100,100,0.0222732447,32.9258823633,7.6923076923,14.8964784832,1.0000000000,0.8416000000,250.0000000000,0,0,0,10,0
500,100,0,13,100,100,0,0,0,0,0,100,100,0.0222732447,32.9036091187,7.6923076923,14.8964784832,1.0000000000,0.8416000000,250.0000000000,0,0,0,10,0
501,100,0,3,100,100,0,0,1,103,491,100,100,0.0317020225,32.8719070961,33.3333333333,11.7825629475,1.0000000000,0.9668480000,217.6143509631,0,0,0,57,0
502,100,0,3,100,100,0,0,0,0,0,100,100,0.0188952643,32.8530118318,33.3333333333,11.7825629475,1.0000000000,0.8416000000,250.0000000000,0,0,0,57,0
503,100,0,3,100,100,0,0,0,0,0,100,100,0.0188952643,32.8341165675,33.3333333333,11.7825629475,1.0000000000,0.8416000000,250.0000000000,0,0,0,57,0
504,100,0,3,100,100,0,0,0,0,0,100,100,0.0188952643,32.8152213032,33.3333333333,11.7825629475,1.0000000000,0.8416000000,250.0000000000,0,0,0,57,0
505,100,0,3,100,100,0,0,0,0,0,100,100,0.0188952643,32.7963260389,33.3333333333,11.7825629475,1.0000000000,0.8416000000,250.0000000000,0,0,0,57,0
506,100,0,2,100,100,0,0,1,102,394,100,100,0.0300028257,32.7663232133,50.0000000000,11.7825619250,1.0000000000,0.9656320000,217.8883881230,0,0,0,58,0
507,100,0,2,100,100,0,0,0,0,0,100,100,0.0191042482,32.7472189650,50.0000000000,11.7825619250,1.0000000000,0.8416000000,250.0000000000,0,0,0,58,0
508,100,0,2,100,100,0,0,0,0,0,100,100,0.0191042482,32.7281147168,50.0000000000,11.7825619250,1.0000000000,0.8416000000,250.0000000000,0,0,0,58,0
509,100,0,2,100,100,0,0,0,0,0,100,100,0.0191042482,32.7090104686,50.0000000000,11.7825619250,1.0000000000,0.8416000000,250.0000000000,0,0,0,58,0
510,100,0,2,100,100,0,0,0,0,0,100,100,0.0191042482,32.6899062204,50.0000000000,11.7825619250,1.0000000000,0.8416000000,250.0000000000,0,0,0,58,0
511,100,0,3,100,100,0,0,1,103,491,100,100,0.0319000222,32.6580061982,33.3333333333,11.5300629048,1.0000000000,0.9668480000,217.6143509631,0,0,0,60,0
512,100,0,3,100,100,0,0,0,0,0,100,100,0.0191375335,32.6388686647,33.3333333333,11.5300629048,1.0000000000,0.8416000000,250.0000000000,0,0,0,60,0
513,100,0,3,100,100,0,0,0,0,0,100,100,0.0191375335,32.6197311312,33.3333333333,11.5300629048,1.0000000000,0.8416000000,250.0000000000,0,0,0,60,0
514,100,0,3,100,100,0,0,0,0,0,100,100,0.0191375335,32.6005935977,33.3333333333,11.5300629048,1.0000000000,0.8416000000,250.0000000000,0,0,0,60,0
515,100,0,3,100,100,0,0,0,0,0,100,100,0.0191375335,32.5814560643,33.3333333333,11.5300629048,1.0000000000,0.8416000000,250.0000000000,0,0,0,60,0
516,100,0,1,100,100,0,0,1,101,297,100,100,0.0291052808,32.5523507834,100.0000000000,11.9508749329,1.0000000000,0.9644160000,218.1631163315,0,0,0,57,0
517,100,0,1,100,100,0,0,0,0,0,100,100,0.0198115337,32.5325392497,100.0000000000,11.9508749329,1.0000000000,0.8416000000,250.0000000000,0,0,0,57,0
518,100,0,1,100,100,0,0,0,0,0,100,100,0.0198115337,32.5127277160,100.0000000000,11.9508749329,1.0000000000,0.8416000000,250.0000000000,0,0,0,57,0
519,100,0,1,100,100,0,0,0,0,0,100,100,0.0198115337,32.4929161822,100.0000000000,11.9508749329,1.0000000000,0.8416000000,250.0000000000,0,0,0,57,0
520,100,0,1,100,100,0,0,0,0,0,100,100,0.0198115337,32.4731046485,100.0000000000,11.9508749329,1.0000000000,0.8416000000,250.0000000000,0,0,0,57,0
521,100,0,2,100,100,0,0,1,102,394,100,100,0.0298784680,32.4432261805,50.0000000000,11.4459202911,1.0000000000,0.9656320000,217.8883881230,0,0,0,62,0
522,100,0,2,100,100,0,0,0,0,0,100,100,0.0186836058,32.4245425747,50.0000000000,11.4459202911,1.0000000000,0.8416000000,250.0000000000,0,0,0,62,0
523,100,0,2,100,100,0,0,0,0,0,100,100,0.0186836058,32.4058589688,50.0000000000,11.4459202911,1.0000000000,0.8416000000,250.0000000000,0,0,0,62,0
524,100,0,2,100,100,0,0,0,0,0,100,100,0.0186836058,32.3871753630,50.0000000000,11.4459202911,1.0000000000,0.8416000000,250.0000000000,0,0,0,62,0
525,100,0,2,100,100,0,0,0,0,0,100,100,0.0186836058,32.3684917571,50.0000000000,11.4459202911,1.0000000000,0.8416000000,250.0000000000,0,0,0,62,0
526,100,0,6,100,100,0,0,1,105,782,100,100,0.0375276104,32.3309641467,16.6666666667,12.2033513567,1.0000000000,0.9692800000,217.0683393859,0,0,0,49,0
527,100,0,6,100,100,0,0,0,0,0,100,100,0.0194928684,32.3114712783,16.6666666667,12.2033513567,1.0000000000,0.8416000000,250.0000000000,0,0,0,49,0
528,100,0,6,100,100,0,0,0,0,0,100,100,0.0194928684,32.2919784098,16.6666666667,12.2033513567,1.0000000000,0.8416000000,250.0000000000,0,0,0,49,0
529,100,0,6,100,100,0,0,0,0,0,100,100,0.0194928684,32.2724855414,16.6666666667,12.2033513567,1.0000000000,0.8416000000,250.0000000000,0,0,0,49,0
530,100,0,6,100,100,0,0,0,0,0,100,100,0.0194928684,32.2529926730,16.6666666667,12.2033513567,1.0000000000,0.8416000000,250.0000000000,0,0,0,49,0
531,100,0,1,100,100,0,0,1,101,297,100,100,0.0284015706,32.2245911024,100.0000000000,11.3617490562,1.0000000000,0.9644160000,218.1631163315,0,0,0,64,0
532,100,0,1,100,100,0,0,0,0,0,100,100,0.0190446832,32.2055464192,100.0000000000,11.3617490562,1.0000000000,0.8416000000,250.0000000000,0,0,0,64,0
533,100,0,1,100,100,0,0,0,0,0,100,100,0.0190446832,32.1865017360,100.0000000000,11.3617490562,1.0000000000,0.8416000000,250.0000000000,0,0,0,64,0
534,100,0,1,100,100,0,0,0,0,0,100,100,0.0190446832,32.1674570529,100.0000000000,11.3617490562,1.0000000000,0.8416000000,250.0000000000,0,0,0,64,0
535,100,0,1,100,100,0,0,0,0,0,100,100,0.0190446832,32.1484123697,100.0000000000,11.3617490562,1.0000000000,0.8416000000,250.0000000000,0,0,0,64,0
536,100,0,2,100,100,0,0,1,102,394,100,100,0.0313424691,32.1170699006,50.0000000000,12.9608105726,1.0000000000,0.9656320000,217.8883881230,0,0,0,44,0
537,100,0,2,100,100,0,0,0,0,0,100,100,0.0206063763,32.0964635243,50.0000000000,12.9608105726,1.0000000000,0.8416000000,250.0000000000,0,0,0,44,0
538,100,0,2,100,100,0,0,0,0,0,100,100,0.0206063763,32.0758571479,50.0000000000,12.9608105726,1.0000000000,0.8416000000,250.0000000000,0,0,0,44,0
539,100,0,2,100,100,0,0,0,0,0,100,100,0.0206063763,32.0552507716,50.0000000000,12.9608105726,1.0000000000,0.8416000000,250.0000000000,0,0,0,44,0
540,100,0,2,100,100,0,0,0,0,0,100,100,0.0206063763,32.0346443952,50.0000000000,12.9608105726,1.0000000000,0.8416000000,250.0000000000,0,0,0,44,0
541,100,0,5,100,100,0,0,1,105,685,100,100,0.0387245192,31.9959198761,20.0000000000,14.9806527983,1.0000000000,0.9692800000,217.0683393859,0,0,0,17,0
542,100,0,5,100,100,0,0,0,0,0,100,100,0.0228317127,31.9730881634,20.0000000000,14.9806527983,1.0000000000,0.8416000000,250.0000000000,0,0,0,17,0
543,100,0,5,100,100,0,0,0,0,0,100,100,0.0228317127,31.9502564508,20.0000000000,14.9806527983,1.0000000000,0.8416000000,250.0000000000,0,0,0,17,0
544,100,0,5,100,100,0,0,0,0,0,100,100,0.0228317127,31.9274247381,20.0000000000,14.9806527983,1.0000000000,0.8416000000,250.0000000000,0,0,0,17,0
545,100,0,5,100,100,0,0,0,0,0,100,100,0.0228317127,31.9045930254,20.0000000000,14.9806527983,1.0000000000,0.8416000000,250.0000000000,0,0,0,17,0
546,100,0,3,100,100,0,0,1,103,491,100,100,0.0338457983,31.8707472272,33.3333333333,12.9607884637,1.0000000000,0.9668480000,217.6143509631,0,0,0,43,0
547,100,0,3,100,100,0,0,0,0,0,100,100,0.0213159034,31.8494313237,33.3333333333,12.9607884637,1.0000000000,0.8416000000,250.0000000000,0,0,0,43,0
548,100,0,3,100,100,0,0,0,0,0,100,100,0.0213159034,31.8281154203,33.3333333333,12.9607884637,1.0000000000,0.8416000000,250.0000000000,0,0,0,43,0
549,100,0,3,100,100,0,0,0,0,0,100,100,0.0213159034,31.8067995169,33.3333333333,12.9607884637,1.0000000000,0.8416000000,250.0000000000,0,0,0,43,0
550,100,0,3,100,100,0,0,0,0,0,100,100,0.0213159034,31.7854836135,33.3333333333,12.9607884637,1.0000000000,0.8416000000,250.0000000000,0,0,0,43,0
551,100,0,3,100,100,0,0,1,103,491,100,100,0.0366393366,31.7488442769,33.3333333333,15.4856047654,1.0000000000,0.9668480000,217.6143509631,0,0,0,13,0
552,100,0,3,100,100,0,0,0,0,0,100,100,0.0242448894,31.7245993875,33.3333333333,15.4856047654,1.0000000000,0.8416000000,250.0000000000,0,0,0,13,0
553,100,0,3,100,100,0,0,0,0,0,100,100,0.0242448894,31.7003544980,33.3333333333,15.4856047654,1.0000000000,0.8416000000,250.0000000000,0,0,0,13,0
554,100,0,3,100,100,0,0,0,0,0,100,100,0.0242448894,31.6761096086,33.3333333333,15.4856047654,1.0000000000,0.8416000000,250.0000000000,0,0,0,13,0
555,100,0,3,100,100,0,0,0,0,0,100,100,0.0242448894,31.6518647192,33.3333333333,15.4856047654,1.0000000000,0.8416000000,250.0000000000,0,0,0,13,0
556,100,0,4,100,100,0,0,1,104,588,100,100,0.0371613316,31.6147033876,25.0000000000,14.7281691303,1.0000000000,0.9680640000,217.3410022478,0,0,0,21,0
557,100,0,4,100,100,0,0,0,0,0,100,100,0.0229696657,31.5917337219,25.0000000000,14.7281691303,1.0000000000,0.8416000000,250.0000000000,0,0,0,21,0
558,100,0,4,100,100,0,0,0,0,0,100,100,0.0229696657,31.5687640562,25.0000000000,14.7281691303,1.0000000000,0.8416000000,250.0000000000,0,0,0,21,0
559,100,0,4,100,100,0,0,0,0,0,100,100,0.0229696657,31.5457943906,25.0000000000,14.7281691303,1.0000000000,0.8416000000,250.0000000000,0,0,0,21,0
560,100,0,4,100,100,0,0,0,0,0,100,100,0.0229696657,31.5228247249,25.0000000000,14.7281691303,1.0000000000,0.8416000000,250.0000000000,0,0,0,21,0
561,100,0,3,100,100,0,0,1,103,491,100,100,0.0349580786,31.4878666463,33.3333333333,14.3915043607,1.0000000000,0.9668480000,217.6143509631,0,0,0,26,0
562,100,0,3,100,100,0,0,0,0,0,100,100,0.0225430605,31.4653235858,33.3333333333,14.3915043607,1.0000000000,0.8416000000,250.0000000000,0,0,0,26,0
563,100,0,3,100,100,0,0,0,0,0,100,100,0.0225430605,31.4427805254,33.3333333333,14.3915043607,1.0000000000,0.8416000000,250.0000000000,0,0,0,26,0
564,100,0,3,100,100,0,0,0,0,0,100,100,0.0225430605,31.4202374649,33.3333333333,14.3915043607,1.0000000000,0.8416000000,250.0000000000,0,0,0,26,0
565,100,0,3,100,100,0,0,0,0,0,100,100,0.0225430605,31.3976944045,33.3333333333,14.3915043607,1.0000000000,0.8416000000,250.0000000000,0,0,0,26,0
566,100,0,8,100,100,0,0,1,108,976,100,100,0.0444921008,31.3532023037,12.5000000000,15.4856099230,1.0000000000,0.9729280000,216.2544402052,0,0,0,8,0
567,100,0,8,100,100,0,0,0,0,0,100,100,0.0232960953,31.3299062083,12.5000000000,15.4856099230,1.0000000000,0.8416000000,250.0000000000,0,0,0,8,0
568,100,0,8,100,100,0,0,0,0,0,100,100,0.0232960953,31.3066101130,12.5000000000,15.4856099230,1.0000000000,0.8416000000,250.0000000000,0,0,0,8,0
569,100,0,8,100,100,0,0,0,0,0,100,100,0.0232960953,31.2833140177,12.5000000000,15.4856099230,1.0000000000,0.8416000000,250.0000000000,0,0,0,8,0
570,100,0,8,100,100,0,0,0,0,0,100,100,0.0232960953,31.2600179223,12.5000000000,15.4856099230,1.0000000000,0.8416000000,250.0000000000,0,0,0,8,0
571,100,0,3,100,100,0,0,1,103,491,100,100,0.0342242323,31.2257936900,33.3333333333,14.0548934107,1.0000000000,0.9668480000,217.6143509631,0,0,0,30,0
572,100,0,3,100,100,0,0,0,0,0,100,100,0.0218120819,31.2039816081,33.3333333333,14.0548934107,1.0000000000,0.8416000000,250.0000000000,0,0,0,30,0
573,100,0,3,100,100,0,0,0,0,0,100,100,0.0218120819,31.1821695262,33.3333333333,14.0548934107,1.0000000000,0.8416000000,250.0000000000,0,0,0,30,0
574,100,0,3,100,100,0,0,0,0,0,100,100,0.0218120819,31.1603574444,33.3333333333,14.0548934107,1.0000000000,0.8416000000,250.0000000000,0,0,0,30,0
575,100,0,3,100,100,0,0,0,0,0,100,100,0.0218120819,31.1385453625,33.3333333333,14.0548934107,1.0000000000,0.8416000000,250.0000000000,0,0,0,30,0
576,100,0,10,100,100,0,0,1,110,1170,100,100,0.0468582486,31.0916871139,10.0000000000,14.5598541106,1.0000000000,0.9753600000,215.7152230971,0,0,0,17,0
577,100,0,10,100,100,0,0,0,0,0,100,100,0.0220658150,31.0696212989,10.0000000000,14.5598541106,1.0000000000,0.8416000000,250.0000000000,0,0,0,17,0
578,100,0,10,100,100,0,0,0,0,0,100,100,0.0220658150,31.0475554839,10.0000000000,14.5598541106,1.0000000000,0.8416000000,250.0000000000,0,0,0,17,0
579,100,0,10,100,100,0,0,0,0,0,100,100,0.0220658150,31.0254896689,10.0000000000,14.5598541106,1.0000000000,0.8416000000,250.0000000000,0,0,0,17,0
580,100,0,10,100,100,0,0,0,0,0,100,100,0.0220658150,31.0034238539,10.0000000000,14.5598541106,1.0000000000,0.8416000000,250.0000000000,0,0,0,17,0
581,100,0,1,100,100,0,0,1,101,297,100,100,0.0291803796,30.9742434743,100.0000000000,11.9508658971,1.0000000000,0.9644160000,218.1631163315,0,0,0,57,0
582,100,0,1,100,100,0,0,0,0,0,100,100,0.0200056641,30.9542378102,100.0000000000,11.9508658971,1.0000000000,0.8416000000,250.0000000000,0,0,0,57,0
583,100,0,1,100,100,0,0,0,0,0,100,100,0.0200056641,30.9342321461,100.0000000000,11.9508658971,1.0000000000,0.8416000000,250.0000000000,0,0,0,57,0
584,100,0,1,100,100,0,0,0,0,0,100,100,0.0200056641,30.9142264821,100.0000000000,11.9508658971,1.0000000000,0.8416000000,250.0000000000,0,0,0,57,0
585,100,0,1,100,100,0,0,0,0,0,100,100,0.0200056641,30.8942208180,100.0000000000,11.9508658971,1.0000000000,0.8416000000,250.0000000000,0,0,0,57,0
586,100,0,6,100,100,0,0,1,106,782,100,100,0.0396459027,30.8545749152,16.6666666667,14.1390537848,1.0000000000,0.9704960000,216.7963597995,0,0,0,26,0
587,100,0,6,100,100,0,0,0,0,0,100,100,0.0219077605,30.8326671547,16.6666666667,14.1390537848,1.0000000000,0.8416000000,250.0000000000,0,0,0,26,0
588,100,0,6,100,100,0,0,0,0,0,100,100,0.0219077605,30.8107593942,16.6666666667,14.1390537848,1.0000000000,0.8416000000,250.0000000000,0,0,0,26,0
589,100,0,6,100,100,0,0,0,0,0,100,100,0.0219077605,30.7888516337,16.6666666667,14.1390537848,1.0000000000,0.8416000000,250.0000000000,0,0,0,26,0
590,100,0,6,100,100,0,0,0,0,0,100,100,0.0219077605,30.7669438733,16.6666666667,14.1390537848,1.0000000000,0.8416000000,250.0000000000,0,0,0,26,0
591,100,0,5,100,100,0,0,1,105,685,100,100,0.0386851382,30.7282587350,20.0000000000,14.8964972466,1.0000000000,0.9692800000,217.0683393859,0,0,0,18,0
592,100,0,5,100,100,0,0,0,0,0,100,100,0.0227914095,30.7054673255,20.0000000000,14.8964972466,1.0000000000,0.8416000000,250.0000000000,0,0,0,18,0
593,100,0,5,100,100,0,0,0,0,0,100,100,0.0227914095,30.6826759161,20.0000000000,14.8964972466,1.0000000000,0.8416000000,250.0000000000,0,0,0,18,0
594,100,0,5,100,100,0,0,0,0,0,100,100,0.0227914095,30.6598845066,20.0000000000,14.8964972466,1.0000000000,0.8416000000,250.0000000000,0,0,0,18,0
595,100,0,5,100,100,0,0,0,0,0,100,100,0.0227914095,30.6370930971,20.0000000000,14.8964972466,1.0000000000,0.8416000000,250.0000000000,0,0,0,18,0
596,100,0,16,100,100,0,0,1,114,1752,100,100,0.0587550537,30.5783380435,6.2500000000,15.3172790230,1.0000000000,0.9802240000,214.6448158788,0,0,0,2,0
597,100,0,16,100,100,0,0,0,0,0,100,100,0.0232534145,30.5550846289,6.2500000000,15.3172790230,1.0000000000,0.8416000000,250.0000000000,0,0,0,2,0
598,100,0,16,100,100,0,0,0,0,0,100,100,0.0232534145,30.5318312144,6.2500000000,15.3172790230,1.0000000000,0.8416000000,250.0000000000,0,0,0,2,0
599,100,0,16,100,100,0,0,0,0,0,100,100,0.0232534145,30.5085777999,6.2500000000,15.3172790230,1.0000000000,0.8416000000,250.0000000000,0,0,0,2,0
600,100,0,16,100,100,0,0,0,0,0,100,100,0.0232534145,30.4853243854,6.2500000000,15.3172790230,1.0000000000,0.8416000000,250.0000000000,0,0,0,2,0
601,100,0,7,100,100,0,0,1,107,879,100,100,0.0429267050,30.4423976804,14.2857142857,15.4856132247,1.0000000000,0.9717120000,216.5250609234,0,0,0,9,0
602,100,0,7,100,100,0,0,0,0,0,100,100,0.0234906278,30.4189070526,14.2857142857,15.4856132247,1.0000000000,0.8416000000,250.0000000000,0,0,0,9,0
603,100,0,7,100,100,0,0,0,0,0,100,100,0.0234906278,30.3954164248,14.2857142857,15.4856132247,1.0000000000,0.8416000000,250.0000000000,0,0,0,9,0
604,100,0,7,100,100,0,0,0,0,0,100,100,0.0234906278,30.3719257970,14.2857142857,15.4856132247,1.0000000000,0.8416000000,250.0000000000,0,0,0,9,0
605,100,0,7,100,100,0,0,0,0,0,100,100,0.0234906278,30.3484351692,14.2857142857,15.4856132247,1.0000000000,0.8416000000,250.0000000000,0,0,0,9,0
606,100,0,2,100,100,0,0,1,102,394,100,100,0.0310694863,30.3173656829,50.0000000000,12.3716622932,1.0000000000,0.9656320000,217.8883881230,0,0,0,51,0
607,100,0,2,100,100,0,0,0,0,0,100,100,0.0202272404,30.2971384425,50.0000000000,12.3716622932,1.0000000000,0.8416000000,250.0000000000,0,0,0,51,0
608,100,0,2,100,100,0,0,0,0,0,100,100,0.0202272404,30.2769112021,50.0000000000,12.3716622932,1.0000000000,0.8416000000,250.0000000000,0,0,0,51,0
609,100,0,2,100,100,0,0,0,0,0,100,100,0.0202272404,30.2566839617,50.0000000000,12.3716622932,1.0000000000,0.8416000000,250.0000000000,0,0,0,51,0
610,100,0,2,100,100,0,0,0,0,0,100,100,0.0202272404,30.2364567212,50.0000000000,12.3716622932,1.0000000000,0.8416000000,250.0000000000,0,0,0,51,0
611,100,0,2,100,100,0,0,1,102,394,100,100,0.0295102179,30.2069465034,50.0000000000,11.4459184077,1.0000000000,0.9656320000,217.8883881230,0,0,0,62,0
612,100,0,2,100,100,0,0,0,0,0,100,100,0.0185806463,30.1883658571,50.0000000000,11.4459184077,1.0000000000,0.8416000000,250.0000000000,0,0,0,62,0
613,100,0,2,100,100,0,0,0,0,0,100,100,0.0185806463,30.1697852109,50.0000000000,11.4459184077,1.0000000000,0.8416000000,250.0000000000,0,0,0,62,0
614,100,0,2,100,100,0,0,0,0,0,100,100,0.0185806463,30.1512045646,50.0000000000,11.4459184077,1.0000000000,0.8416000000,250.0000000000,0,0,0,62,0
615,100,0,2,100,100,0,0,0,0,0,100,100,0.0185806463,30.1326239183,50.0000000000,11.4459184077,1.0000000000,0.8416000000,250.0000000000,0,0,0,62,0
616,100,0,3,100,100,0,0,1,103,491,100,100,0.0318531447,30.1007707736,33.3333333333,11.8667160763,1.0000000000,0.9668480000,217.6143509631,0,0,0,56,0
617,100,0,3,100,100,0,0,0,0,0,100,100,0.0190416699,30.0817291037,33.3333333333,11.8667160763,1.0000000000,0.8416000000,250.0000000000,0,0,0,56,0
618,100,0,3,100,100,0,0,0,0,0,100,100,0.0190416699,30.0626874339,33.3333333333,11.8667160763,1.0000000000,0.8416000000,250.0000000000,0,0,0,56,0
619,100,0,3,100,100,0,0,0,0,0,100,100,0.0190416699,30.0436457640,33.3333333333,11.8667160763,1.0000000000,0.8416000000,250.0000000000,0,0,0,56,0
620,100,0,3,100,100,0,0,0,0,0,100,100,0.0190416699,30.0246040941,33.3333333333,11.8667160763,1.0000000000,0.8416000000,250.0000000000,0,0,0,56,0
621,100,0,1,100,100,0,0,1,101,297,100,100,0.0276484930,29.9969556011,100.0000000000,10.6043147399,1.0000000000,0.9644160000,218.1631163315,0,0,0,73,0
622,100,0,1,100,100,0,0,0,0,0,100,100,0.0176911541,29.9792644470,100.0000000000,10.6043147399,1.0000000000,0.8416000000,250.0000000000,0,0,0,73,0
623,100,0,1,100,100,0,0,0,0,0,100,100,0.0176911541,29.9615732928,100.0000000000,10.6043147399,1.0000000000,0.8416000000,250.0000000000,0,0,0,73,0
624,100,0,1,100,100,0,0,0,0,0,100,100,0.0176911541,29.9438821387,100.0000000000,10.6043147399,1.0000000000,0.8416000000,250.0000000000,0,0,0,73,0
625,100,0,1,100,100,0,0,0,0,0,100,100,0.0176911541,29.9261909845,100.0000000000,10.6043147399,1.0000000000,0.8416000000,250.0000000000,0,0,0,73,0
626,100,0,5,100,100,0,0,1,105,685,100,100,0.0387736949,29.8874172897,20.0000000000,15.1489782513,1.0000000000,0.9692800000,217.0683393859,0,0,0,15,0
627,100,0,5,100,100,0,0,0,0,0,100,100,0.0229312128,29.8644860768,20.0000000000,15.1489782513,1.0000000000,0.8416000000,250.0000000000,0,0,0,15,0
628,100,0,5,100,100,0,0,0,0,0,100,100,0.0229312128,29.8415548640,20.0000000000,15.1489782513,1.0000000000,0.8416000000,250.0000000000,0,0,0,15,0
629,100,0,5,100,100,0,0,0,0,0,100,100,0.0229312128,29.8186236512,20.0000000000,15.1489782513,1.0000000000,0.8416000000,250.0000000000,0,0,0,15,0
630,100,0,5,100,100,0,0,0,0,0,100,100,0.0229312128,29.7956924384,20.0000000000,15.1489782513,1.0000000000,0.8416000000,250.0000000000,0,0,0,15,0
631,100,0,5,100,100,0,0,1,105,685,100,100,0.0386140165,29.7570784220,20.0000000000,14.8964947717,1.0000000000,0.9692800000,217.0683393859,0,0,0,18,0
632,100,0,5,100,100,0,0,0,0,0,100,100,0.0227227620,29.7343556600,20.0000000000,14.8964947717,1.0000000000,0.8416000000,250.0000000000,0,0,0,18,0
633,100,0,5,100,100,0,0,0,0,0,100,100,0.0227227620,29.7116328980,20.0000000000,14.8964947717,1.0000000000,0.8416000000,250.0000000000,0,0,0,18,0
634,100,0,5,100,100,0,0,0,0,0,100,100,0.0227227620,29.6889101360,20.0000000000,14.8964947717,1.0000000000,0.8416000000,250.0000000000,0,0,0,18,0
635,100,0,5,100,100,0,0,0,0,0,100,100,0.0227227620,29.6661873740,20.0000000000,14.8964947717,1.0000000000,0.8416000000,250.0000000000,0,0,0,18,0
636,100,0,1,100,100,0,0,1,101,297,100,100,0.0277832876,29.6384040864,100.0000000000,11.1092669044,1.0000000000,0.9644160000,218.1631163315,0,0,0,67,0
637,100,0,1,100,100,0,0,0,0,0,100,100,0.0183796469,29.6200244395,100.0000000000,11.1092669044,1.0000000000,0.8416000000,250.0000000000,0,0,0,67,0
638,100,0,1,100,100,0,0,0,0,0,100,100,0.0183796469,29.6016447926,100.0000000000,11.1092669044,1.0000000000,0.8416000000,250.0000000000,0,0,0,67,0
639,100,0,1,100,100,0,0,0,0,0,100,100,0.0183796469,29.5832651457,100.0000000000,11.1092669044,1.0000000000,0.8416000000,250.0000000000,0,0,0,67,0
640,100,0,1,100,100,0,0,0,0,0,100,100,0.0183796469,29.5648854989,100.0000000000,11.1092669044,1.0000000000,0.8416000000,250.0000000000,0,0,0,67,0
641,100,0,4,100,100,0,0,1,104,588,100,100,0.0354276233,29.5294578755,25.0000000000,13.5499396492,1.0000000000,0.9680640000,217.3410022478,0,0,0,35,0
642,100,0,4,100,100,0,0,0,0,0,100,100,0.0212164989,29.5082413766,25.0000000000,13.5499396492,1.0000000000,0.8416000000,250.0000000000,0,0,0,35,0
643,100,0,4,100,100,0,0,0,0,0,100,100,0.0212164989,29.4870248777,25.0000000000,13.5499396492,1.0000000000,0.8416000000,250.0000000000,0,0,0,35,0
644,100,0,4,100,100,0,0,0,0,0,100,100,0.0212164989,29.4658083788,25.0000000000,13.5499396492,1.0000000000,0.8416000000,250.0000000000,0,0,0,35,0
645,100,0,4,100,100,0,0,0,0,0,100,100,0.0212164989,29.4445918798,25.0000000000,13.5499396492,1.0000000000,0.8416000000,250.0000000000,0,0,0,35,0
646,100,0,9,100,100,0,0,1,109,1073,100,100,0.0449160112,29.3996758686,11.1111111111,14.5598509955,1.0000000000,0.9741440000,215.9844951054,0,0,0,18,0
647,100,0,9,100,100,0,0,0,0,0,100,100,0.0219207612,29.3777551074,11.1111111111,14.5598509955,1.0000000000,0.8416000000,250.0000000000,0,0,0,18,0
648,100,0,9,100,100,0,0,0,0,0,100,100,0.0219207612,29.3558343462,11.1111111111,14.5598509955,1.0000000000,0.8416000000,250.0000000000,0,0,0,18,0
649,100,0,9,100,100,0,0,0,0,0,100,100,0.0219207612,29.3339135850,11.1111111111,14.5598509955,1.0000000000,0.8416000000,250.0000000000,0,0,0,18,0
650,100,0,9,100,100,0,0,0,0,0,100,100,0.0219207612,29.3119928238,11.1111111111,14.5598509955,1.0000000000,0.8416000000,250.0000000000,0,0,0,18,0
651,100,0,2,100,100,0,0,1,102,394,100,100,0.0316339818,29.2803588420,50.0000000000,13.1291296346,1.0000000000,0.9656320000,217.8883881230,0,0,0,42,0
652,100,0,2,100,100,0,0,0,0,0,100,100,0.0209029218,29.2594559202,50.0000000000,13.1291296346,1.0000000000,0.8416000000,250.0000000000,0,0,0,42,0
653,100,0,2,100,100,0,0,0,0,0,100,100,0.0209029218,29.2385529985,50.0000000000,13.1291296346,1.0000000000,0.8416000000,250.0000000000,0,0,0,42,0
654,100,0,2,100,100,0,0,0,0,0,100,100,0.0209029218,29.2176500767,50.0000000000,13.1291296346,1.0000000000,0.8416000000,250.0000000000,0,0,0,42,0
655,100,0,2,100,100,0,0,0,0,0,100,100,0.0209029218,29.1967471550,50.0000000000,13.1291296346,1.0000000000,0.8416000000,250.0000000000,0,0,0,42,0
656,100,0,1,100,100,0,0,1,101,297,100,100,0.0279802207,29.1687669343,100.0000000000,11.1092609019,1.0000000000,0.9644160000,218.1631163315,0,0,0,67,0
657,100,0,1,100,100,0,0,0,0,0,100,100,0.0187835634,29.1499833708,100.0000000000,11.1092609019,1.0000000000,0.8416000000,250.0000000000,0,0,0,67,0
658,100,0,1,100,100,0,0,0,0,0,100,100,0.0187835634,29.1311998074,100.0000000000,11.1092609019,1.0000000000,0.8416000000,250.0000000000,0,0,0,67,0
659,100,0,1,100,100,0,0,0,0,0,100,100,0.0187835634,29.1124162439,100.0000000000,11.1092609019,1.0000000000,0.8416000000,250.0000000000,0,0,0,67,0
660,100,0,1,100,100,0,0,0,0,0,100,100,0.0187835634,29.0936326805,100.0000000000,11.1092609019,1.0000000000,0.8416000000,250.0000000000,0,0,0,67,0
661,100,0,4,100,100,0,0,1,104,588,100,100,0.0381374122,29.0554952683,25.0000000000,15.2331194528,1.0000000000,0.9680640000,217.3410022478,0,0,0,15,0
662,100,0,4,100,100,0,0,0,0,0,100,100,0.0239425326,29.0315527357,25.0000000000,15.2331194528,1.0000000000,0.8416000000,250.0000000000,0,0,0,15,0
663,100,0,4,100,100,0,0,0,0,0,100,100,0.0239425326,29.0076102031,25.0000000000,15.2331194528,1.0000000000,0.8416000000,250.0000000000,0,0,0,15,0
664,100,0,4,100,100,0,0,0,0,0,100,100,0.0239425326,28.9836676706,25.0000000000,15.2331194528,1.0000000000,0.8416000000,250.0000000000,0,0,0,15,0
665,100,0,4,100,100,0,0,0,0,0,100,100,0.0239425326,28.9597251380,25.0000000000,15.2331194528,1.0000000000,0.8416000000,250.0000000000,0,0,0,15,0
666,100,0,9,100,100,0,0,1,109,1073,100,100,0.0442542939,28.9154708441,11.1111111111,13.8865581658,1.0000000000,0.9741440000,215.9844951054,0,0,0,26,0
667,100,0,9,100,100,0,0,0,0,0,100,100,0.0211887603,28.8942820838,11.1111111111,13.8865581658,1.0000000000,0.8416000000,250.0000000000,0,0,0,26,0
668,100,0,9,100,100,0,0,0,0,0,100,100,0.0211887603,28.8730933235,11.1111111111,13.8865581658,1.0000000000,0.8416000000,250.0000000000,0,0,0,26,0
669,100,0,9,100,100,0,0,0,0,0,100,100,0.0211887603,28.8519045632,11.1111111111,13.8865581658,1.0000000000,0.8416000000,250.0000000000,0,0,0,26,0
670,100,0,9,100,100,0,0,0,0,0,100,100,0.0211887603,28.8307158030,11.1111111111,13.8865581658,1.0000000000,0.8416000000,250.0000000000,0,0,0,26,0
671,100,0,5,100,100,0,0,1,105,685,100,100,0.0375458486,28.7931699543,20.0000000000,13.8024075893,1.0000000000,0.9692800000,217.0683393859,0,0,0,31,0
672,100,0,5,100,100,0,0,0,0,0,100,100,0.0214834954,28.7716864589,20.0000000000,13.8024075893,1.0000000000,0.8416000000,250.0000000000,0,0,0,31,0
673,100,0,5,100,100,0,0,0,0,0,100,100,0.0214834954,28.7502029636,20.0000000000,13.8024075893,1.0000000000,0.8416000000,250.0000000000,0,0,0,31,0
674,100,0,5,100,100,0,0,0,0,0,100,100,0.0214834954,28.7287194682,20.0000000000,13.8024075893,1.0000000000,0.8416000000,250.0000000000,0,0,0,31,0
675,100,0,5,100,100,0,0,0,0,0,100,100,0.0214834954,28.7072359729,20.0000000000,13.8024075893,1.0000000000,0.8416000000,250.0000000000,0,0,0,31,0
676,100,0,5,100,100,0,0,1,105,685,100,100,0.0398227474,28.6674132254,20.0000000000,15.4856069818,1.0000000000,0.9692800000,217.0683393859,0,0,0,11,0
677,100,0,5,100,100,0,0,0,0,0,100,100,0.0238927371,28.6435204883,20.0000000000,15.4856069818,1.0000000000,0.8416000000,250.0000000000,0,0,0,11,0
678,100,0,5,100,100,0,0,0,0,0,100,100,0.0238927371,28.6196277512,20.0000000000,15.4856069818,1.0000000000,0.8416000000,250.0000000000,0,0,0,11,0
679,100,0,5,100,100,0,0,0,0,0,100,100,0.0238927371,28.5957350141,20.0000000000,15.4856069818,1.0000000000,0.8416000000,250.0000000000,0,0,0,11,0
680,100,0,5,100,100,0,0,0,0,0,100,100,0.0238927371,28.5718422770,20.0000000000,15.4856069818,1.0000000000,0.8416000000,250.0000000000,0,0,0,11,0
681,100,0,7,100,100,0,0,1,107,879,100,100,0.0439281958,28.5279140812,14.2857142857,15.8222394230,1.0000000000,0.9717120000,216.5250609234,0,0,0,5,0
682,100,0,7,100,100,0,0,0,0,0,100,100,0.0244296406,28.5034844406,14.2857142857,15.8222394230,1.0000000000,0.8416000000,250.0000000000,0,0,0,5,0
683,100,0,7,100,100,0,0,0,0,0,100,100,0.0244296406,28.4790548000,14.2857142857,15.8222394230,1.0000000000,0.8416000000,250.0000000000,0,0,0,5,0
684,100,0,7,100,100,0,0,0,0,0,100,100,0.0244296406,28.4546251595,14.2857142857,15.8222394230,1.0000000000,0.8416000000,250.0000000000,0,0,0,5,0
685,100,0,7,100,100,0,0,0,0,0,100,100,0.0244296406,28.4301955189,14.2857142857,15.8222394230,1.0000000000,0.8416000000,250.0000000000,0,0,0,5,0
686,100,0,4,100,100,0,0,1,104,588,100,100,0.0359796427,28.3942158762,25.0000000000,13.9707308583,1.0000000000,0.9680640000,217.3410022478,0,0,0,30,0
687,100,0,4,100,100,0,0,0,0,0,100,100,0.0217629803,28.3724528959,25.0000000000,13.9707308583,1.0000000000,0.8416000000,250.0000000000,0,0,0,30,0
688,100,0,4,100,100,0,0,0,0,0,100,100,0.0217629803,28.3506899156,25.0000000000,13.9707308583,1.0000000000,0.8416000000,250.0000000000,0,0,0,30,0
689,100,0,4,100,100,0,0,0,0,0,100,100,0.0217629803,28.3289269354,25.0000000000,13.9707308583,1.0000000000,0.8416000000,250.0000000000,0,0,0,30,0
690,100,0,4,100,100,0,0,0,0,0,100,100,0.0217629803,28.3071639551,25.0000000000,13.9707308583,1.0000000000,0.8416000000,250.0000000000,0,0,0,30,0
691,100,0,7,100,100,0,0,1,107,879,100,100,0.0415332784,28.2656306767,14.2857142857,14.6440211005,1.0000000000,0.9717120000,216.5250609234,0,0,0,19,0
692,100,0,7,100,100,0,0,0,0,0,100,100,0.0221031750,28.2435275017,14.2857142857,14.6440211005,1.0000000000,0.8416000000,250.0000000000,0,0,0,19,0
693,100,0,7,100,100,0,0,0,0,0,100,100,0.0221031750,28.2214243267,14.2857142857,14.6440211005,1.0000000000,0.8416000000,250.0000000000,0,0,0,19,0
694,100,0,7,100,100,0,0,0,0,0,100,100,0.0221031750,28.1993211518,14.2857142857,14.6440211005,1.0000000000,0.8416000000,250.0000000000,0,0,0,19,0
695,100,0,7,100,100,0,0,0,0,0,100,100,0.0221031750,28.1772179768,14.2857142857,14.6440211005,1.0000000000,0.8416000000,250.0000000000,0,0,0,19,0
696,100,0,4,100,100,0,0,1,104,588,100,100,0.0363987303,28.1408192465,25.0000000000,14.2232266965,1.0000000000,0.9680640000,217.3410022478,0,0,0,27,0
697,100,0,4,100,100,0,0,0,0,0,100,100,0.0221699234,28.1186493231,25.0000000000,14.2232266965,1.0000000000,0.8416000000,250.0000000000,0,0,0,27,0
698,100,0,4,100,100,0,0,0,0,0,100,100,0.0221699234,28.0964793997,25.0000000000,14.2232266965,1.0000000000,0.8416000000,250.0000000000,0,0,0,27,0
699,100,0,4,100,100,0,0,0,0,0,100,100,0.0221699234,28.0743094764,25.0000000000,14.2232266965,1.0000000000,0.8416000000,250.0000000000,0,0,0,27,0
700,100,0,4,100,100,0,0,0,0,0,100,100,0.0221699234,28.0521395530,25.0000000000,14.2232266965,1.0000000000,0.8416000000,250.0000000000,0,0,0,27,0
701,100,0,2,100,100,0,0,1,102,394,100,100,0.0286238422,28.0235157109,50.0000000000,9.6785446566,1.0000000000,0.9656320000,217.8883881230,0,0,0,83,0
702,100,0,2,100,100,0,0,0,0,0,100,100,0.0167024393,28.0068132715,50.0000000000,9.6785446566,1.0000000000,0.8416000000,250.0000000000,0,0,0,83,0
703,100,0,2,100,100,0,0,0,0,0,100,100,0.0167024393,27.9901108322,50.0000000000,9.6785446566,1.0000000000,0.8416000000,250.0000000000,0,0,0,83,0
704,100,0,2,100,100,0,0,0,0,0,100,100,0.0167024393,27.9734083928,50.0000000000,9.6785446566,1.0000000000,0.8416000000,250.0000000000,0,0,0,83,0
705,100,0,2,100,100,0,0,0,0,0,100,100,0.0167024393,27.9567059535,50.0000000000,9.6785446566,1.0000000000,0.8416000000,250.0000000000,0,0,0,83,0
706,100,0,2,100,100,0,0,1,102,394,100,100,0.0311367424,27.9255692111,50.0000000000,12.7083391750,1.0000000000,0.9656320000,217.8883881230,0,0,0,47,0
707,100,0,2,100,100,0,0,0,0,0,100,100,0.0203701414,27.9051990696,50.0000000000,12.7083391750,1.0000000000,0.8416000000,250.0000000000,0,0,0,47,0
708,100,0,2,100,100,0,0,0,0,0,100,100,0.0203701414,27.8848289282,50.0000000000,12.7083391750,1.0000000000,0.8416000000,250.0000000000,0,0,0,47,0
709,100,0,2,100,100,0,0,0,0,0,100,100,0.0203701414,27.8644587867,50.0000000000,12.7083391750,1.0000000000,0.8416000000,250.0000000000,0,0,0,47,0
710,100,0,2,100,100,0,0,0,0,0,100,100,0.0203701414,27.8440886453,50.0000000000,12.7083391750,1.0000000000,0.8416000000,250.0000000000,0,0,0,47,0
711,100,0,1,100,100,0,0,1,101,297,100,100,0.0293506768,27.8147379684,100.0000000000,12.0350204789,1.0000000000,0.9644160000,218.1631163315,0,0,0,56,0
712,100,0,1,100,100,0,0,0,0,0,100,100,0.0202643213,27.7944736472,100.0000000000,12.0350204789,1.0000000000,0.8416000000,250.0000000000,0,0,0,56,0
713,100,0,1,100,100,0,0,0,0,0,100,100,0.0202643213,27.7742093259,100.0000000000,12.0350204789,1.0000000000,0.8416000000,250.0000000000,0,0,0,56,0
714,100,0,1,100,100,0,0,0,0,0,100,100,0.0202643213,27.7539450046,100.0000000000,12.0350204789,1.0000000000,0.8416000000,250.0000000000,0,0,0,56,0
715,100,0,1,100,100,0,0,0,0,0,100,100,0.0202643213,27.7336806833,100.0000000000,12.0350204789,1.0000000000,0.8416000000,250.0000000000,0,0,0,56,0
716,100,0,2,100,100,0,0,1,102,394,100,100,0.0289025835,27.7047780998,50.0000000000,10.1835117391,1.0000000000,0.9656320000,217.8883881230,0,0,0,77,0
717,100,0,2,100,100,0,0,0,0,0,100,100,0.0172983305,27.6874797693,50.0000000000,10.1835117391,1.0000000000,0.8416000000,250.0000000000,0,0,0,77,0
718,100,0,2,100,100,0,0,0,0,0,100,100,0.0172983305,27.6701814388,50.0000000000,10.1835117391,1.0000000000,0.8416000000,250.0000000000,0,0,0,77,0
719,100,0,2,100,100,0,0,0,0,0,100,100,0.0172983305,27.6528831083,50.0000000000,10.1835117391,1.0000000000,0.8416000000,250.0000000000,0,0,0,77,0
720,100,0,2,100,100,0,0,0,0,0,100,100,0.0172983305,27.6355847778,50.0000000000,10.1835117391,1.0000000000,0.8416000000,250.0000000000,0,0,0,77,0
721,100,0,2,100,100,0,0,1,102,394,100,100,0.0315750211,27.6040097567,50.0000000000,12.8766312796,1.0000000000,0.9656320000,217.8883881230,0,0,0,45,0
722,100,0,2,100,100,0,0,0,0,0,100,100,0.0208500360,27.5831597206,50.0000000000,12.8766312796,1.0000000000,0.8416000000,250.0000000000,0,0,0,45,0
723,100,0,2,100,100,0,0,0,0,0,100,100,0.0208500360,27.5623096846,50.0000000000,12.8766312796,1.0000000000,0.8416000000,250.0000000000,0,0,0,45,0
724,100,0,2,100,100,0,0,0,0,0,100,100,0.0208500360,27.5414596486,50.0000000000,12.8766312796,1.0000000000,0.8416000000,250.0000000000,0,0,0,45,0
725,100,0,2,100,100,0,0,0,0,0,100,100,0.0208500360,27.5206096126,50.0000000000,12.8766312796,1.0000000000,0.8416000000,250.0000000000,0,0,0,45,0
726,100,0,2,100,100,0,0,1,102,394,100,100,0.0324300262,27.4881795864,50.0000000000,13.5499263260,1.0000000000,0.9656320000,217.8883881230,0,0,0,37,0
727,100,0,2,100,100,0,0,0,0,0,100,100,0.0217168805,27.4664627059,50.0000000000,13.5499263260,1.0000000000,0.8416000000,250.0000000000,0,0,0,37,0
728,100,0,2,100,100,0,0,0,0,0,100,100,0.0217168805,27.4447458255,50.0000000000,13.5499263260,1.0000000000,0.8416000000,250.0000000000,0,0,0,37,0
729,100,0,2,100,100,0,0,0,0,0,100,100,0.0217168805,27.4230289450,50.0000000000,13.5499263260,1.0000000000,0.8416000000,250.0000000000,0,0,0,37,0
730,100,0,2,100,100,0,0,0,0,0,100,100,0.0217168805,27.4013120645,50.0000000000,13.5499263260,1.0000000000,0.8416000000,250.0000000000,0,0,0,37,0
731,100,0,5,100,100,0,0,1,105,685,100,100,0.0391986650,27.3621133995,20.0000000000,15.3173077680,1.0000000000,0.9692800000,217.0683393859,0,0,0,13,0
732,100,0,5,100,100,0,0,0,0,0,100,100,0.0233267635,27.3387866360,20.0000000000,15.3173077680,1.0000000000,0.8416000000,250.0000000000,0,0,0,13,0
733,100,0,5,100,100,0,0,0,0,0,100,100,0.0233267635,27.3154598725,20.0000000000,15.3173077680,1.0000000000,0.8416000000,250.0000000000,0,0,0,13,0
734,100,0,5,100,100,0,0,0,0,0,100,100,0.0233267635,27.2921331089,20.0000000000,15.3173077680,1.0000000000,0.8416000000,250.0000000000,0,0,0,13,0
735,100,0,5,100,100,0,0,0,0,0,100,100,0.0233267635,27.2688063454,20.0000000000,15.3173077680,1.0000000000,0.8416000000,250.0000000000,0,0,0,13,0
736,100,0,3,100,100,0,0,1,103,491,100,100,0.0335321599,27.2352741855,33.3333333333,13.1291239317,1.0000000000,0.9668480000,217.6143509631,0,0,0,41,0
737,100,0,3,100,100,0,0,0,0,0,100,100,0.0210074984,27.2142666871,33.3333333333,13.1291239317,1.0000000000,0.8416000000,250.0000000000,0,0,0,41,0
738,100,0,3,100,100,0,0,0,0,0,100,100,0.0210074984,27.1932591887,33.3333333333,13.1291239317,1.0000000000,0.8416000000,250.0000000000,0,0,0,41,0
739,100,0,3,100,100,0,0,0,0,0,100,100,0.0210074984,27.1722516904,33.3333333333,13.1291239317,1.0000000000,0.8416000000,250.0000000000,0,0,0,41,0
740,100,0,3,100,100,0,0,0,0,0,100,100,0.0210074984,27.1512441920,33.3333333333,13.1291239317,1.0000000000,0.8416000000,250.0000000000,0,0,0,41,0
741,100,0,2,100,100,0,0,1,102,394,100,100,0.0311468061,27.1200973859,50.0000000000,12.4558266387,1.0000000000,0.9656320000,217.8883881230,0,0,0,50,0
742,100,0,2,100,100,0,0,0,0,0,100,100,0.0203134654,27.0997839204,50.0000000000,12.4558266387,1.0000000000,0.8416000000,250.0000000000,0,0,0,50,0
743,100,0,2,100,100,0,0,0,0,0,100,100,0.0203134654,27.0794704550,50.0000000000,12.4558266387,1.0000000000,0.8416000000,250.0000000000,0,0,0,50,0
744,100,0,2,100,100,0,0,0,0,0,100,100,0.0203134654,27.0591569896,50.0000000000,12.4558266387,1.0000000000,0.8416000000,250.0000000000,0,0,0,50,0
745,100,0,2,100,100,0,0,0,0,0,100,100,0.0203134654,27.0388435241,50.0000000000,12.4558266387,1.0000000000,0.8416000000,250.0000000000,0,0,0,50,0
746,100,0,2,100,100,0,0,1,102,394,100,100,0.0293333432,27.0095101810,50.0000000000,10.3518365076,1.0000000000,0.9656320000,217.8883881230,0,0,0,75,0
747,100,0,2,100,100,0,0,0,0,0,100,100,0.0175501893,26.9919599917,50.0000000000,10.3518365076,1.0000000000,0.8416000000,250.0000000000,0,0,0,75,0
748,100,0,2,100,100,0,0,0,0,0,100,100,0.0175501893,26.9744098023,50.0000000000,10.3518365076,1.0000000000,0.8416000000,250.0000000000,0,0,0,75,0
749,100,0,2,100,100,0,0,0,0,0,100,100,0.0175501893,26.9568596130,50.0000000000,10.3518365076,1.0000000000,0.8416000000,250.0000000000,0,0,0,75,0
750,100,0,2,100,100,0,0,0,0,0,100,100,0.0175501893,26.9393094237,50.0000000000,10.3518365076,1.0000000000,0.8416000000,250.0000000000,0,0,0,75,0
751,100,0,4,100,100,0,0,1,104,588,100,100,0.0380279210,26.9012815028,25.0000000000,14.9806389703,1.0000000000,0.9680640000,217.3410022478,0,0,0,18,0
752,100,0,4,100,100,0,0,0,0,0,100,100,0.0237987848,26.8774827180,25.0000000000,14.9806389703,1.0000000000,0.8416000000,250.0000000000,0,0,0,18,0
753,100,0,4,100,100,0,0,0,0,0,100,100,0.0237987848,26.8536839332,25.0000000000,14.9806389703,1.0000000000,0.8416000000,250.0000000000,0,0,0,18,0
754,100,0,4,100,100,0,0,0,0,0,100,100,0.0237987848,26.8298851484,25.0000000000,14.9806389703,1.0000000000,0.8416000000,250.0000000000,0,0,0,18,0
755,100,0,4,100,100,0,0,0,0,0,100,100,0.0237987848,26.8060863636,25.0000000000,14.9806389703,1.0000000000,0.8416000000,250.0000000000,0,0,0,18,0
756,100,0,4,100,100,0,0,1,104,588,100,100,0.0355467267,26.7705396369,25.0000000000,13.8024099043,1.0000000000,0.9680640000,217.3410022478,0,0,0,32,0
757,100,0,4,100,100,0,0,0,0,0,100,100,0.0213570957,26.7491825412,25.0000000000,13.8024099043,1.0000000000,0.8416000000,250.0000000000,0,0,0,32,0
758,100,0,4,100,100,0,0,0,0,0,100,100,0.0213570957,26.7278254456,25.0000000000,13.8024099043,1.0000000000,0.8416000000,250.0000000000,0,0,0,32,0
759,100,0,4,100,100,0,0,0,0,0,100,100,0.0213570957,26.7064683499,25.0000000000,13.8024099043,1.0000000000,0.8416000000,250.0000000000,0,0,0,32,0
760,100,0,4,100,100,0,0,0,0,0,100,100,0.0213570957,26.6851112542,25.0000000000,13.8024099043,1.0000000000,0.8416000000,250.0000000000,0,0,0,32,0
761,100,0,4,100,100,0,0,1,104,588,100,100,0.0362458117,26.6488654424,25.0000000000,14.4756928529,1.0000000000,0.9680640000,217.3410022478,0,0,0,24,0
762,100,0,4,100,100,0,0,0,0,0,100,100,0.0221290568,26.6267363856,25.0000000000,14.4756928529,1.0000000000,0.8416000000,250.0000000000,0,0,0,24,0
763,100,0,4,100,100,0,0,0,0,0,100,100,0.0221290568,26.6046073288,25.0000000000,14.4756928529,1.0000000000,0.8416000000,250.0000000000,0,0,0,24,0
764,100,0,4,100,100,0,0,0,0,0,100,100,0.0221290568,26.5824782719,25.0000000000,14.4756928529,1.0000000000,0.8416000000,250.0000000000,0,0,0,24,0
765,100,0,4,100,100,0,0,0,0,0,100,100,0.0221290568,26.5603492151,25.0000000000,14.4756928529,1.0000000000,0.8416000000,250.0000000000,0,0,0,24,0
766,100,0,4,100,100,0,0,1,104,588,100,100,0.0357430086,26.5246062066,25.0000000000,14.0548961009,1.0000000000,0.9680640000,217.3410022478,0,0,0,29,0
767,100,0,4,100,100,0,0,0,0,0,100,100,0.0215995525,26.5030066540,25.0000000000,14.0548961009,1.0000000000,0.8416000000,250.0000000000,0,0,0,29,0
768,100,0,4,100,100,0,0,0,0,0,100,100,0.0215995525,26.4814071015,25.0000000000,14.0548961009,1.0000000000,0.8416000000,250.0000000000,0,0,0,29,0
769,100,0,4,100,100,0,0,0,0,0,100,100,0.0215995525,26.4598075490,25.0000000000,14.0548961009,1.0000000000,0.8416000000,250.0000000000,0,0,0,29,0
770,100,0,4,100,100,0,0,0,0,0,100,100,0.0215995525,26.4382079964,25.0000000000,14.0548961009,1.0000000000,0.8416000000,250.0000000000,0,0,0,29,0
771,100,0,6,100,100,0,0,1,105,782,100,100,0.0387290276,26.3994789688,16.6666666667,13.2974596088,1.0000000000,0.9692800000,217.0683393859,0,0,0,36,0
772,100,0,6,100,100,0,0,0,0,0,100,100,0.0208882016,26.3785907672,16.6666666667,13.2974596088,1.0000000000,0.8416000000,250.0000000000,0,0,0,36,0
773,100,0,6,100,100,0,0,0,0,0,100,100,0.0208882016,26.3577025656,16.6666666667,13.2974596088,1.0000000000,0.8416000000,250.0000000000,0,0,0,36,0
774,100,0,6,100,100,0,0,0,0,0,100,100,0.0208882016,26.3368143640,16.6666666667,13.2974596088,1.0000000000,0.8416000000,250.0000000000,0,0,0,36,0
775,100,0,6,100,100,0,0,0,0,0,100,100,0.0208882016,26.3159261624,16.6666666667,13.2974596088,1.0000000000,0.8416000000,250.0000000000,0,0,0,36,0
776,100,0,7,100,100,0,0,1,107,879,100,100,0.0436191352,26.2723070273,14.2857142857,15.9905638703,1.0000000000,0.9717120000,216.5250609234,0,0,0,3,0
777,100,0,7,100,100,0,0,0,0,0,100,100,0.0241938152,26.2481132121,14.2857142857,15.9905638703,1.0000000000,0.8416000000,250.0000000000,0,0,0,3,0
778,100,0,7,100,100,0,0,0,0,0,100,100,0.0241938152,26.2239193968,14.2857142857,15.9905638703,1.0000000000,0.8416000000,250.0000000000,0,0,0,3,0
779,100,0,7,100,100,0,0,0,0,0,100,100,0.0241938152,26.1997255816,14.2857142857,15.9905638703,1.0000000000,0.8416000000,250.0000000000,0,0,0,3,0
780,100,0,7,100,100,0,0,0,0,0,100,100,0.0241938152,26.1755317663,14.2857142857,15.9905638703,1.0000000000,0.8416000000,250.0000000000,0,0,0,3,0
781,100,0,3,100,100,0,0,1,103,491,100,100,0.0317707964,26.1437609700,33.3333333333,11.5300675004,1.0000000000,0.9668480000,217.6143509631,0,0,0,60,0
782,100,0,3,100,100,0,0,0,0,0,100,100,0.0190058115,26.1247551585,33.3333333333,11.5300675004,1.0000000000,0.8416000000,250.0000000000,0,0,0,60,0
783,100,0,3,100,100,0,0,0,0,0,100,100,0.0190058115,26.1057493469,33.3333333333,11.5300675004,1.0000000000,0.8416000000,250.0000000000,0,0,0,60,0
784,100,0,3,100,100,0,0,0,0,0,100,100,0.0190058115,26.0867435354,33.3333333333,11.5300675004,1.0000000000,0.8416000000,250.0000000000,0,0,0,60,0
785,100,0,3,100,100,0,0,0,0,0,100,100,0.0190058115,26.0677377239,33.3333333333,11.5300675004,1.0000000000,0.8416000000,250.0000000000,0,0,0,60,0
786,100,0,4,100,100,0,0,1,104,588,100,100,0.0347911053,26.0329466186,25.0000000000,13.0449714544,1.0000000000,0.9680640000,217.3410022478,0,0,0,41,0
787,100,0,4,100,100,0,0,0,0,0,100,100,0.0205156408,26.0124309778,25.0000000000,13.0449714544,1.0000000000,0.8416000000,250.0000000000,0,0,0,41,0
788,100,0,4,100,100,0,0,0,0,0,100,100,0.0205156408,25.9919153370,25.0000000000,13.0449714544,1.0000000000,0.8416000000,250.0000000000,0,0,0,41,0
789,100,0,4,100,100,0,0,0,0,0,100,100,0.0205156408,25.9713996961,25.0000000000,13.0449714544,1.0000000000,0.8416000000,250.0000000000,0,0,0,41,0
790,100,0,4,100,100,0,0,0,0,0,100,100,0.0205156408,25.9508840553,25.0000000000,13.0449714544,1.0000000000,0.8416000000,250.0000000000,0,0,0,41,0
791,100,0,9,100,100,0,0,1,108,1073,100,100,0.0461914730,25.9046925823,11.1111111111,15.3172929239,1.0000000000,0.9729280000,216.2544402052,0,0,0,9,0
792,100,0,9,100,100,0,0,0,0,0,100,100,0.0231957988,25.8814967836,11.1111111111,15.3172929239,1.0000000000,0.8416000000,250.0000000000,0,0,0,9,0
793,100,0,9,100,100,0,0,0,0,0,100,100,0.0231957988,25.8583009848,11.1111111111,15.3172929239,1.0000000000,0.8416000000,250.0000000000,0,0,0,9,0
794,100,0,9,100,100,0,0,0,0,0,100,100,0.0231957988,25.8351051860,11.1111111111,15.3172929239,1.0000000000,0.8416000000,250.0000000000,0,0,0,9,0
795,100,0,9,100,100,0,0,0,0,0,100,100,0.0231957988,25.8119093873,11.1111111111,15.3172929239,1.0000000000,0.8416000000,250.0000000000,0,0,0,9,0
796,100,0,14,100,100,0,0,1,114,1558,100,100,0.0552748235,25.7566345637,7.1428571429,15.4856005354,1.0000000000,0.9802240000,214.6448158788,0,0,0,2,0
797,100,0,14,100,100,0,0,0,0,0,100,100,0.0233331388,25.7333014250,7.1428571429,15.4856005354,1.0000000000,0.8416000000,250.0000000000,0,0,0,2,0
798,100,0,14,100,100,0,0,0,0,0,100,100,0.0233331388,25.7099682862,7.1428571429,15.4856005354,1.0000000000,0.8416000000,250.0000000000,0,0,0,2,0
799,100,0,14,100,100,0,0,0,0,0,100,100,0.0233331388,25.6866351474,7.1428571429,15.4856005354,1.0000000000,0.8416000000,250.0000000000,0,0,0,2,0
800,100,0,14,100,100,0,0,0,0,0,100,100,0.0233331388,25.6633020087,7.1428571429,15.4856005354,1.0000000000,0.8416000000,250.0000000000,0,0,0,2,0
801,100,0,1,100,100,0,0,1,101,297,100,100,0.0277832585,25.6355187502,100.0000000000,11.1092672155,1.0000000000,0.9644160000,218.1631163315,0,0,0,67,0
802,100,0,1,100,100,0,0,0,0,0,100,100,0.0183711012,25.6171476490,100.0000000000,11.1092672155,1.0000000000,0.8416000000,250.0000000000,0,0,0,67,0
803,100,0,1,100,100,0,0,0,0,0,100,100,0.0183711012,25.5987765478,100.0000000000,11.1092672155,1.0000000000,0.8416000000,250.0000000000,0,0,0,67,0
804,100,0,1,100,100,0,0,0,0,0,100,100,0.0183711012,25.5804054465,100.0000000000,11.1092672155,1.0000000000,0.8416000000,250.0000000000,0,0,0,67,0
805,100,0,1,100,100,0,0,0,0,0,100,100,0.0183711012,25.5620343453,100.0000000000,11.1092672155,1.0000000000,0.8416000000,250.0000000000,0,0,0,67,0
806,100,0,1,100,100,0,0,1,101,297,100,100,0.0277874823,25.5342468630,100.0000000000,11.1092668015,1.0000000000,0.9644160000,218.1631163315,0,0,0,67,0
807,100,0,1,100,100,0,0,0,0,0,100,100,0.0183939113,25.5158529517,100.0000000000,11.1092668015,1.0000000000,0.8416000000,250.0000000000,0,0,0,67,0
808,100,0,1,100,100,0,0,0,0,0,100,100,0.0183939113,25.4974590404,100.0000000000,11.1092668015,1.0000000000,0.8416000000,250.0000000000,0,0,0,67,0
809,100,0,1,100,100,0,0,0,0,0,100,100,0.0183939113,25.4790651290,100.0000000000,11.1092668015,1.0000000000,0.8416000000,250.0000000000,0,0,0,67,0
810,100,0,1,100,100,0,0,0,0,0,100,100,0.0183939113,25.4606712177,100.0000000000,11.1092668015,1.0000000000,0.8416000000,250.0000000000,0,0,0,67,0
811,100,0,1,100,100,0,0,1,101,297,100,100,0.0274921539,25.4331790637,100.0000000000,10.7726289262,1.0000000000,0.9644160000,218.1631163315,0,0,0,71,0
812,100,0,1,100,100,0,0,0,0,0,100,100,0.0179098738,25.4152691899,100.0000000000,10.7726289262,1.0000000000,0.8416000000,250.0000000000,0,0,0,71,0
813,100,0,1,100,100,0,0,0,0,0,100,100,0.0179098738,25.3973593160,100.0000000000,10.7726289262,1.0000000000,0.8416000000,250.0000000000,0,0,0,71,0
814,100,0,1,100,100,0,0,0,0,0,100,100,0.0179098738,25.3794494422,100.0000000000,10.7726289262,1.0000000000,0.8416000000,250.0000000000,0,0,0,71,0
815,100,0,1,100,100,0,0,0,0,0,100,100,0.0179098738,25.3615395684,100.0000000000,10.7726289262,1.0000000000,0.8416000000,250.0000000000,0,0,0,71,0
816,100,0,1,100,100,0,0,1,101,297,100,100,0.0276801789,25.3338593894,100.0000000000,10.8567868713,1.0000000000,0.9644160000,218.1631163315,0,0,0,70,0
817,100,0,1,100,100,0,0,0,0,0,100,100,0.0183096291,25.3155497603,100.0000000000,10.8567868713,1.0000000000,0.8416000000,250.0000000000,0,0,0,70,0
818,100,0,1,100,100,0,0,0,0,0,100,100,0.0183096291,25.2972401312,100.0000000000,10.8567868713,1.0000000000,0.8416000000,250.0000000000,0,0,0,70,0
819,100,0,1,100,100,0,0,0,0,0,100,100,0.0183096291,25.2789305022,100.0000000000,10.8567868713,1.0000000000,0.8416000000,250.0000000000,0,0,0,70,0
820,100,0,1,100,100,0,0,0,0,0,100,100,0.0183096291,25.2606208731,100.0000000000,10.8567868713,1.0000000000,0.8416000000,250.0000000000,0,0,0,70,0
821,100,0,2,100,100,0,0,1,102,394,100,100,0.0305668769,25.2300539961,50.0000000000,12.3716767481,1.0000000000,0.9656320000,217.8883881230,0,0,0,51,0
822,100,0,2,100,100,0,0,0,0,0,100,100,0.0196651600,25.2103888361,50.0000000000,12.3716767481,1.0000000000,0.8416000000,250.0000000000,0,0,0,51,0
823,100,0,2,100,100,0,0,0,0,0,100,100,0.0196651600,25.1907236761,50.0000000000,12.3716767481,1.0000000000,0.8416000000,250.0000000000,0,0,0,51,0
824,100,0,2,100,100,0,0,0,0,0,100,100,0.0196651600,25.1710585161,50.0000000000,12.3716767481,1.0000000000,0.8416000000,250.0000000000,0,0,0,51,0
825,100,0,2,100,100,0,0,0,0,0,100,100,0.0196651600,25.1513933561,50.0000000000,12.3716767481,1.0000000000,0.8416000000,250.0000000000,0,0,0,51,0
826,100,0,2,100,100,0,0,1,102,394,100,100,0.0294086387,25.1219847174,50.0000000000,10.9409621347,1.0000000000,0.9656320000,217.8883881230,0,0,0,68,0
827,100,0,2,100,100,0,0,0,0,0,100,100,0.0181200047,25.1038647128,50.0000000000,10.9409621347,1.0000000000,0.8416000000,250.0000000000,0,0,0,68,0
828,100,0,2,100,100,0,0,0,0,0,100,100,0.0181200047,25.0857447081,50.0000000000,10.9409621347,1.0000000000,0.8416000000,250.0000000000,0,0,0,68,0
829,100,0,2,100,100,0,0,0,0,0,100,100,0.0181200047,25.0676247034,50.0000000000,10.9409621347,1.0000000000,0.8416000000,250.0000000000,0,0,0,68,0
830,100,0,2,100,100,0,0,0,0,0,100,100,0.0181200047,25.0495046987,50.0000000000,10.9409621347,1.0000000000,0.8416000000,250.0000000000,0,0,0,68,0
831,100,0,2,100,100,0,0,1,102,394,100,100,0.0313800799,25.0181246188,50.0000000000,12.7083163812,1.0000000000,0.9656320000,217.8883881230,0,0,0,47,0
832,100,0,2,100,100,0,0,0,0,0,100,100,0.0204921291,24.9976324897,50.0000000000,12.7083163812,1.0000000000,0.8416000000,250.0000000000,0,0,0,47,0
833,100,0,2,100,100,0,0,0,0,0,100,100,0.0204921291,24.9771403606,50.0000000000,12.7083163812,1.0000000000,0.8416000000,250.0000000000,0,0,0,47,0
834,100,0,2,100,100,0,0,0,0,0,100,100,0.0204921291,24.9566482314,50.0000000000,12.7083163812,1.0000000000,0.8416000000,250.0000000000,0,0,0,47,0
835,100,0,2,100,100,0,0,0,0,0,100,100,0.0204921291,24.9361561023,50.0000000000,12.7083163812,1.0000000000,0.8416000000,250.0000000000,0,0,0,47,0
836,100,0,5,100,100,0,0,1,105,685,100,100,0.0388563740,24.8972997283,20.0000000000,15.3172997194,1.0000000000,0.9692800000,217.0683393859,0,0,0,13,0
837,100,0,5,100,100,0,0,0,0,0,100,100,0.0230358351,24.8742638932,20.0000000000,15.3172997194,1.0000000000,0.8416000000,250.0000000000,0,0,0,13,0
838,100,0,5,100,100,0,0,0,0,0,100,100,0.0230358351,24.8512280581,20.0000000000,15.3172997194,1.0000000000,0.8416000000,250.0000000000,0,0,0,13,0
839,100,0,5,100,100,0,0,0,0,0,100,100,0.0230358351,24.8281922229,20.0000000000,15.3172997194,1.0000000000,0.8416000000,250.0000000000,0,0,0,13,0
840,100,0,5,100,100,0,0,0,0,0,100,100,0.0230358351,24.8051563878,20.0000000000,15.3172997194,1.0000000000,0.8416000000,250.0000000000,0,0,0,13,0
841,100,0,3,100,100,0,0,1,103,491,100,100,0.0317425260,24.7734138618,33.3333333333,11.3617672724,1.0000000000,0.9668480000,217.6143509631,0,0,0,62,0
842,100,0,3,100,100,0,0,0,0,0,100,100,0.0186435454,24.7547703163,33.3333333333,11.3617672724,1.0000000000,0.8416000000,250.0000000000,0,0,0,62,0
843,100,0,3,100,100,0,0,0,0,0,100,100,0.0186435454,24.7361267709,33.3333333333,11.3617672724,1.0000000000,0.8416000000,250.0000000000,0,0,0,62,0
844,100,0,3,100,100,0,0,0,0,0,100,100,0.0186435454,24.7174832254,33.3333333333,11.3617672724,1.0000000000,0.8416000000,250.0000000000,0,0,0,62,0
845,100,0,3,100,100,0,0,0,0,0,100,100,0.0186435454,24.6988396800,33.3333333333,11.3617672724,1.0000000000,0.8416000000,250.0000000000,0,0,0,62,0
846,100,0,2,100,100,0,0,1,102,394,100,100,0.0298930517,24.6689466283,50.0000000000,11.4459284569,1.0000000000,0.9656320000,217.8883881230,0,0,0,62,0
847,100,0,2,100,100,0,0,0,0,0,100,100,0.0187497252,24.6501969031,50.0000000000,11.4459284569,1.0000000000,0.8416000000,250.0000000000,0,0,0,62,0
848,100,0,2,100,100,0,0,0,0,0,100,100,0.0187497252,24.6314471779,50.0000000000,11.4459284569,1.0000000000,0.8416000000,250.0000000000,0,0,0,62,0
849,100,0,2,100,100,0,0,0,0,0,100,100,0.0187497252,24.6126974528,50.0000000000,11.4459284569,1.0000000000,0.8416000000,250.0000000000,0,0,0,62,0
850,100,0,2,100,100,0,0,0,0,0,100,100,0.0187497252,24.5939477276,50.0000000000,11.4459284569,1.0000000000,0.8416000000,250.0000000000,0,0,0,62,0
851,100,0,7,100,100,0,0,1,107,879,100,100,0.0433952473,24.5505524803,14.2857142857,15.4856010524,1.0000000000,0.9717120000,216.5250609234,0,0,0,9,0
852,100,0,7,100,100,0,0,0,0,0,100,100,0.0238885747,24.5266639056,14.2857142857,15.4856010524,1.0000000000,0.8416000000,250.0000000000,0,0,0,9,0
853,100,0,7,100,100,0,0,0,0,0,100,100,0.0238885747,24.5027753309,14.2857142857,15.4856010524,1.0000000000,0.8416000000,250.0000000000,0,0,0,9,0
854,100,0,7,100,100,0,0,0,0,0,100,100,0.0238885747,24.4788867561,14.2857142857,15.4856010524,1.0000000000,0.8416000000,250.0000000000,0,0,0,9,0
855,100,0,7,100,100,0,0,0,0,0,100,100,0.0238885747,24.4549981814,14.2857142857,15.4856010524,1.0000000000,0.8416000000,250.0000000000,0,0,0,9,0
856,100,0,1,100,100,0,0,1,101,297,100,100,0.0291052808,24.4258929006,100.0000000000,11.9508749329,1.0000000000,0.9644160000,218.1631163315,0,0,0,57,0
857,100,0,1,100,100,0,0,0,0,0,100,100,0.0198115337,24.4060813669,100.0000000000,11.9508749329,1.0000000000,0.8416000000,250.0000000000,0,0,0,57,0
858,100,0,1,100,100,0,0,0,0,0,100,100,0.0198115337,24.3862698331,100.0000000000,11.9508749329,1.0000000000,0.8416000000,250.0000000000,0,0,0,57,0
859,100,0,1,100,100,0,0,0,0,0,100,100,0.0198115337,24.3664582994,100.0000000000,11.9508749329,1.0000000000,0.8416000000,250.0000000000,0,0,0,57,0
860,100,0,1,100,100,0,0,0,0,0,100,100,0.0198115337,24.3466467656,100.0000000000,11.9508749329,1.0000000000,0.8416000000,250.0000000000,0,0,0,57,0
861,100,0,4,100,100,0,0,1,104,588,100,100,0.0347015151,24.3119452505,25.0000000000,12.9608036541,1.0000000000,0.9680640000,217.3410022478,0,0,0,42,0
862,100,0,4,100,100,0,0,0,0,0,100,100,0.0203676298,24.2915776208,25.0000000000,12.9608036541,1.0000000000,0.8416000000,250.0000000000,0,0,0,42,0
863,100,0,4,100,100,0,0,0,0,0,100,100,0.0203676298,24.2712099910,25.0000000000,12.9608036541,1.0000000000,0.8416000000,250.0000000000,0,0,0,42,0
864,100,0,4,100,100,0,0,0,0,0,100,100,0.0203676298,24.2508423612,25.0000000000,12.9608036541,1.0000000000,0.8416000000,250.0000000000,0,0,0,42,0
865,100,0,4,100,100,0,0,0,0,0,100,100,0.0203676298,24.2304747315,25.0000000000,12.9608036541,1.0000000000,0.8416000000,250.0000000000,0,0,0,42,0
866,100,0,4,100,100,0,0,1,104,588,100,100,0.0354423669,24.1950323646,25.0000000000,14.0549020805,1.0000000000,0.9680640000,217.3410022478,0,0,0,29,0
867,100,0,4,100,100,0,0,0,0,0,100,100,0.0213289528,24.1737034118,25.0000000000,14.0549020805,1.0000000000,0.8416000000,250.0000000000,0,0,0,29,0
868,100,0,4,100,100,0,0,0,0,0,100,100,0.0213289528,24.1523744590,25.0000000000,14.0549020805,1.0000000000,0.8416000000,250.0000000000,0,0,0,29,0
869,100,0,4,100,100,0,0,0,0,0,100,100,0.0213289528,24.1310455062,25.0000000000,14.0549020805,1.0000000000,0.8416000000,250.0000000000,0,0,0,29,0
870,100,0,4,100,100,0,0,0,0,0,100,100,0.0213289528,24.1097165534,25.0000000000,14.0549020805,1.0000000000,0.8416000000,250.0000000000,0,0,0,29,0
871,100,0,7,100,100,0,0,1,107,879,100,100,0.0422504506,24.0674661028,14.2857142857,14.8965055880,1.0000000000,0.9717120000,216.5250609234,0,0,0,16,0
872,100,0,7,100,100,0,0,0,0,0,100,100,0.0227729604,24.0446931425,14.2857142857,14.8965055880,1.0000000000,0.8416000000,250.0000000000,0,0,0,16,0
873,100,0,7,100,100,0,0,0,0,0,100,100,0.0227729604,24.0219201821,14.2857142857,14.8965055880,1.0000000000,0.8416000000,250.0000000000,0,0,0,16,0
874,100,0,7,100,100,0,0,0,0,0,100,100,0.0227729604,23.9991472218,14.2857142857,14.8965055880,1.0000000000,0.8416000000,250.0000000000,0,0,0,16,0
875,100,0,7,100,100,0,0,0,0,0,100,100,0.0227729604,23.9763742614,14.2857142857,14.8965055880,1.0000000000,0.8416000000,250.0000000000,0,0,0,16,0
876,100,0,4,100,100,0,0,1,104,588,100,100,0.0353684244,23.9410058370,25.0000000000,13.7182532101,1.0000000000,0.9680640000,217.3410022478,0,0,0,33,0
877,100,0,4,100,100,0,0,0,0,0,100,100,0.0211734427,23.9198323942,25.0000000000,13.7182532101,1.0000000000,0.8416000000,250.0000000000,0,0,0,33,0
878,100,0,4,100,100,0,0,0,0,0,100,100,0.0211734427,23.8986589515,25.0000000000,13.7182532101,1.0000000000,0.8416000000,250.0000000000,0,0,0,33,0
879,100,0,4,100,100,0,0,0,0,0,100,100,0.0211734427,23.8774855088,25.0000000000,13.7182532101,1.0000000000,0.8416000000,250.0000000000,0,0,0,33,0
880,100,0,4,100,100,0,0,0,0,0,100,100,0.0211734427,23.8563120660,25.0000000000,13.7182532101,1.0000000000,0.8416000000,250.0000000000,0,0,0,33,0
881,100,0,7,100,100,0,0,1,107,879,100,100,0.0415820109,23.8147300551,14.2857142857,14.3915330661,1.0000000000,0.9717120000,216.5250609234,0,0,0,22,0
882,100,0,7,100,100,0,0,0,0,0,100,100,0.0220815655,23.7926484896,14.2857142857,14.3915330661,1.0000000000,0.8416000000,250.0000000000,0,0,0,22,0
883,100,0,7,100,100,0,0,0,0,0,100,100,0.0220815655,23.7705669240,14.2857142857,14.3915330661,1.0000000000,0.8416000000,250.0000000000,0,0,0,22,0
884,100,0,7,100,100,0,0,0,0,0,100,100,0.0220815655,23.7484853585,14.2857142857,14.3915330661,1.0000000000,0.8416000000,250.0000000000,0,0,0,22,0
885,100,0,7,100,100,0,0,0,0,0,100,100,0.0220815655,23.7264037929,14.2857142857,14.3915330661,1.0000000000,0.8416000000,250.0000000000,0,0,0,22,0
886,100,0,5,100,100,0,0,1,105,685,100,100,0.0372635758,23.6891402172,20.0000000000,13.8865657974,1.0000000000,0.9692800000,217.0683393859,0,0,0,30,0
887,100,0,5,100,100,0,0,0,0,0,100,100,0.0212986837,23.6678415335,20.0000000000,13.8865657974,1.0000000000,0.8416000000,250.0000000000,0,0,0,30,0
888,100,0,5,100,100,0,0,0,0,0,100,100,0.0212986837,23.6465428499,20.0000000000,13.8865657974,1.0000000000,0.8416000000,250.0000000000,0,0,0,30,0
889,100,0,5,100,100,0,0,0,0,0,100,100,0.0212986837,23.6252441662,20.0000000000,13.8865657974,1.0000000000,0.8416000000,250.0000000000,0,0,0,30,0
890,100,0,5,100,100,0,0,0,0,0,100,100,0.0212986837,23.6039454825,20.0000000000,13.8865657974,1.0000000000,0.8416000000,250.0000000000,0,0,0,30,0
891,100,0,11,100,100,0,0,1,111,1267,100,100,0.0501259775,23.5538195051,9.0909090909,15.6539147456,1.0000000000,0.9765760000,215.4466216659,0,0,0,3,0
892,100,0,11,100,100,0,0,0,0,0,100,100,0.0235640986,23.5302554065,9.0909090909,15.6539147456,1.0000000000,0.8416000000,250.0000000000,0,0,0,3,0
893,100,0,11,100,100,0,0,0,0,0,100,100,0.0235640986,23.5066913079,9.0909090909,15.6539147456,1.0000000000,0.8416000000,250.0000000000,0,0,0,3,0
894,100,0,11,100,100,0,0,0,0,0,100,100,0.0235640986,23.4831272094,9.0909090909,15.6539147456,1.0000000000,0.8416000000,250.0000000000,0,0,0,3,0
895,100,0,11,100,100,0,0,0,0,0,100,100,0.0235640986,23.4595631108,9.0909090909,15.6539147456,1.0000000000,0.8416000000,250.0000000000,0,0,0,3,0
896,100,0,10,100,100,0,0,1,110,1170,100,100,0.0484273247,23.4111357861,10.0000000000,15.8222519230,1.0000000000,0.9753600000,215.7152230971,0,0,0,2,0
897,100,0,10,100,100,0,0,0,0,0,100,100,0.0236727990,23.3874629871,10.0000000000,15.8222519230,1.0000000000,0.8416000000,250.0000000000,0,0,0,2,0
898,100,0,10,100,100,0,0,0,0,0,100,100,0.0236727990,23.3637901880,10.0000000000,15.8222519230,1.0000000000,0.8416000000,250.0000000000,0,0,0,2,0
899,100,0,10,100,100,0,0,0,0,0,100,100,0.0236727990,23.3401173890,10.0000000000,15.8222519230,1.0000000000,0.8416000000,250.0000000000,0,0,0,2,0
900,100,0,10,100,100,0,0,0,0,0,100,100,0.0236727990,23.3164445899,10.0000000000,15.8222519230,1.0000000000,0.8416000000,250.0000000000,0,0,0,2,0
901,100,0,3,100,100,0,0,1,103,491,100,100,0.0320692121,23.2843753779,33.3333333333,12.2875199046,1.0000000000,0.9668480000,217.6143509631,0,0,0,51,0
902,100,0,3,100,100,0,0,0,0,0,100,100,0.0195285317,23.2648468462,33.3333333333,12.2875199046,1.0000000000,0.8416000000,250.0000000000,0,0,0,51,0
903,100,0,3,100,100,0,0,0,0,0,100,100,0.0195285317,23.2453183145,33.3333333333,12.2875199046,1.0000000000,0.8416000000,250.0000000000,0,0,0,51,0
904,100,0,3,100,100,0,0,0,0,0,100,100,0.0195285317,23.2257897829,33.3333333333,12.2875199046,1.0000000000,0.8416000000,250.0000000000,0,0,0,51,0
905,100,0,3,100,100,0,0,0,0,0,100,100,0.0195285317,23.2062612512,33.3333333333,12.2875199046,1.0000000000,0.8416000000,250.0000000000,0,0,0,51,0
906,100,0,2,100,100,0,0,1,102,394,100,100,0.0288949661,23.1773662851,50.0000000000,10.7726405263,1.0000000000,0.9656320000,217.8883881230,0,0,0,70,0
907,100,0,2,100,100,0,0,0,0,0,100,100,0.0177510849,23.1596152002,50.0000000000,10.7726405263,1.0000000000,0.8416000000,250.0000000000,0,0,0,70,0
908,100,0,2,100,100,0,0,0,0,0,100,100,0.0177510849,23.1418641154,50.0000000000,10.7726405263,1.0000000000,0.8416000000,250.0000000000,0,0,0,70,0
909,100,0,2,100,100,0,0,0,0,0,100,100,0.0177510849,23.1241130305,50.0000000000,10.7726405263,1.0000000000,0.8416000000,250.0000000000,0,0,0,70,0
910,100,0,2,100,100,0,0,0,0,0,100,100,0.0177510849,23.1063619457,50.0000000000,10.7726405263,1.0000000000,0.8416000000,250.0000000000,0,0,0,70,0
911,100,0,2,100,100,0,0,1,102,394,100,100,0.0301181110,23.0762438347,50.0000000000,11.8667282823,1.0000000000,0.9656320000,217.8883881230,0,0,0,57,0
912,100,0,2,100,100,0,0,0,0,0,100,100,0.0189753259,23.0572685088,50.0000000000,11.8667282823,1.0000000000,0.8416000000,250.0000000000,0,0,0,57,0
913,100,0,2,100,100,0,0,0,0,0,100,100,0.0189753259,23.0382931828,50.0000000000,11.8667282823,1.0000000000,0.8416000000,250.0000000000,0,0,0,57,0
914,100,0,2,100,100,0,0,0,0,0,100,100,0.0189753259,23.0193178569,50.0000000000,11.8667282823,1.0000000000,0.8416000000,250.0000000000,0,0,0,57,0
915,100,0,2,100,100,0,0,0,0,0,100,100,0.0189753259,23.0003425310,50.0000000000,11.8667282823,1.0000000000,0.8416000000,250.0000000000,0,0,0,57,0
916,100,0,3,100,100,0,0,1,103,491,100,100,0.0336904000,22.9666521310,33.3333333333,13.3816075396,1.0000000000,0.9668480000,217.6143509631,0,0,0,38,0
917,100,0,3,100,100,0,0,0,0,0,100,100,0.0212069738,22.9454451572,33.3333333333,13.3816075396,1.0000000000,0.8416000000,250.0000000000,0,0,0,38,0
918,100,0,3,100,100,0,0,0,0,0,100,100,0.0212069738,22.9242381834,33.3333333333,13.3816075396,1.0000000000,0.8416000000,250.0000000000,0,0,0,38,0
919,100,0,3,100,100,0,0,0,0,0,100,100,0.0212069738,22.9030312096,33.3333333333,13.3816075396,1.0000000000,0.8416000000,250.0000000000,0,0,0,38,0
920,100,0,3,100,100,0,0,0,0,0,100,100,0.0212069738,22.8818242358,33.3333333333,13.3816075396,1.0000000000,0.8416000000,250.0000000000,0,0,0,38,0
921,100,0,2,100,100,0,0,1,102,394,100,100,0.0283062110,22.8535180248,50.0000000000,9.5943816306,1.0000000000,0.9656320000,217.8883881230,0,0,0,84,0
922,100,0,2,100,100,0,0,0,0,0,100,100,0.0165557308,22.8369622940,50.0000000000,9.5943816306,1.0000000000,0.8416000000,250.0000000000,0,0,0,84,0
923,100,0,2,100,100,0,0,0,0,0,100,100,0.0165557308,22.8204065633,50.0000000000,9.5943816306,1.0000000000,0.8416000000,250.0000000000,0,0,0,84,0
924,100,0,2,100,100,0,0,0,0,0,100,100,0.0165557308,22.8038508325,50.0000000000,9.5943816306,1.0000000000,0.8416000000,250.0000000000,0,0,0,84,0
925,100,0,2,100,100,0,0,0,0,0,100,100,0.0165557308,22.7872951018,50.0000000000,9.5943816306,1.0000000000,0.8416000000,250.0000000000,0,0,0,84,0
926,100,0,4,100,100,0,0,1,104,588,100,100,0.0366638427,22.7506312591,25.0000000000,14.7281744402,1.0000000000,0.9680640000,217.3410022478,0,0,0,21,0
927,100,0,4,100,100,0,0,0,0,0,100,100,0.0225414915,22.7280897676,25.0000000000,14.7281744402,1.0000000000,0.8416000000,250.0000000000,0,0,0,21,0
928,100,0,4,100,100,0,0,0,0,0,100,100,0.0225414915,22.7055482760,25.0000000000,14.7281744402,1.0000000000,0.8416000000,250.0000000000,0,0,0,21,0
929,100,0,4,100,100,0,0,0,0,0,100,100,0.0225414915,22.6830067845,25.0000000000,14.7281744402,1.0000000000,0.8416000000,250.0000000000,0,0,0,21,0
930,100,0,4,100,100,0,0,0,0,0,100,100,0.0225414915,22.6604652930,25.0000000000,14.7281744402,1.0000000000,0.8416000000,250.0000000000,0,0,0,21,0
931,100,0,2,100,100,0,0,1,102,394,100,100,0.0297383471,22.6307269459,50.0000000000,11.4459205031,1.0000000000,0.9656320000,217.8883881230,0,0,0,62,0
932,100,0,2,100,100,0,0,0,0,0,100,100,0.0186553496,22.6120715963,50.0000000000,11.4459205031,1.0000000000,0.8416000000,250.0000000000,0,0,0,62,0
933,100,0,2,100,100,0,0,0,0,0,100,100,0.0186553496,22.5934162467,50.0000000000,11.4459205031,1.0000000000,0.8416000000,250.0000000000,0,0,0,62,0
934,100,0,2,100,100,0,0,0,0,0,100,100,0.0186553496,22.5747608970,50.0000000000,11.4459205031,1.0000000000,0.8416000000,250.0000000000,0,0,0,62,0
935,100,0,2,100,100,0,0,0,0,0,100,100,0.0186553496,22.5561055474,50.0000000000,11.4459205031,1.0000000000,0.8416000000,250.0000000000,0,0,0,62,0
936,100,0,2,100,100,0,0,1,102,394,100,100,0.0335797501,22.5225257973,50.0000000000,13.9707064373,1.0000000000,0.9656320000,217.8883881230,0,0,0,32,0
937,100,0,2,100,100,0,0,0,0,0,100,100,0.0227961549,22.4997296424,50.0000000000,13.9707064373,1.0000000000,0.8416000000,250.0000000000,0,0,0,32,0
938,100,0,2,100,100,0,0,0,0,0,100,100,0.0227961549,22.4769334875,50.0000000000,13.9707064373,1.0000000000,0.8416000000,250.0000000000,0,0,0,32,0
939,100,0,2,100,100,0,0,0,0,0,100,100,0.0227961549,22.4541373327,50.0000000000,13.9707064373,1.0000000000,0.8416000000,250.0000000000,0,0,0,32,0
940,100,0,2,100,100,0,0,0,0,0,100,100,0.0227961549,22.4313411778,50.0000000000,13.9707064373,1.0000000000,0.8416000000,250.0000000000,0,0,0,32,0
941,100,0,5,100,100,0,0,1,105,685,100,100,0.0391573132,22.3921838646,20.0000000000,14.9806489441,1.0000000000,0.9692800000,217.0683393859,0,0,0,17,0
942,100,0,5,100,100,0,0,0,0,0,100,100,0.0232099028,22.3689739618,20.0000000000,14.9806489441,1.0000000000,0.8416000000,250.0000000000,0,0,0,17,0
943,100,0,5,100,100,0,0,0,0,0,100,100,0.0232099028,22.3457640590,20.0000000000,14.9806489441,1.0000000000,0.8416000000,250.0000000000,0,0,0,17,0
944,100,0,5,100,100,0,0,0,0,0,100,100,0.0232099028,22.3225541563,20.0000000000,14.9806489441,1.0000000000,0.8416000000,250.0000000000,0,0,0,17,0
945,100,0,5,100,100,0,0,0,0,0,100,100,0.0232099028,22.2993442535,20.0000000000,14.9806489441,1.0000000000,0.8416000000,250.0000000000,0,0,0,17,0
946,100,0,2,100,100,0,0,1,102,394,100,100,0.0330495914,22.2662946621,50.0000000000,13.9707216302,1.0000000000,0.9656320000,217.8883881230,0,0,0,32,0
947,100,0,2,100,100,0,0,0,0,0,100,100,0.0223251829,22.2439694792,50.0000000000,13.9707216302,1.0000000000,0.8416000000,250.0000000000,0,0,0,32,0
948,100,0,2,100,100,0,0,0,0,0,100,100,0.0223251829,22.2216442963,50.0000000000,13.9707216302,1.0000000000,0.8416000000,250.0000000000,0,0,0,32,0
949,100,0,2,100,100,0,0,0,0,0,100,100,0.0223251829,22.1993191134,50.0000000000,13.9707216302,1.0000000000,0.8416000000,250.0000000000,0,0,0,32,0
950,100,0,2,100,100,0,0,0,0,0,100,100,0.0223251829,22.1769939304,50.0000000000,13.9707216302,1.0000000000,0.8416000000,250.0000000000,0,0,0,32,0
951,100,0,2,100,100,0,0,1,102,394,100,100,0.0332433477,22.1437505828,50.0000000000,13.7182197346,1.0000000000,0.9656320000,217.8883881230,0,0,0,35,0
952,100,0,2,100,100,0,0,0,0,0,100,100,0.0224661832,22.1212843995,50.0000000000,13.7182197346,1.0000000000,0.8416000000,250.0000000000,0,0,0,35,0
953,100,0,2,100,100,0,0,0,0,0,100,100,0.0224661832,22.0988182163,50.0000000000,13.7182197346,1.0000000000,0.8416000000,250.0000000000,0,0,0,35,0
954,100,0,2,100,100,0,0,0,0,0,100,100,0.0224661832,22.0763520331,50.0000000000,13.7182197346,1.0000000000,0.8416000000,250.0000000000,0,0,0,35,0
955,100,0,2,100,100,0,0,0,0,0,100,100,0.0224661832,22.0538858498,50.0000000000,13.7182197346,1.0000000000,0.8416000000,250.0000000000,0,0,0,35,0
956,100,0,1,100,100,0,0,1,101,297,100,100,0.0280407761,22.0258450737,100.0000000000,10.8568040537,1.0000000000,0.9644160000,218.1631163315,0,0,0,70,0
957,100,0,1,100,100,0,0,0,0,0,100,100,0.0181944689,22.0076506048,100.0000000000,10.8568040537,1.0000000000,0.8416000000,250.0000000000,0,0,0,70,0
958,100,0,1,100,100,0,0,0,0,0,100,100,0.0181944689,21.9894561358,100.0000000000,10.8568040537,1.0000000000,0.8416000000,250.0000000000,0,0,0,70,0
959,100,0,1,100,100,0,0,0,0,0,100,100,0.0181944689,21.9712616669,100.0000000000,10.8568040537,1.0000000000,0.8416000000,250.0000000000,0,0,0,70,0
960,100,0,1,100,100,0,0,0,0,0,100,100,0.0181944689,21.9530671979,100.0000000000,10.8568040537,1.0000000000,0.8416000000,250.0000000000,0,0,0,70,0
961,100,0,4,100,100,0,0,1,104,588,100,100,0.0343665389,21.9187006591,25.0000000000,12.6241696848,1.0000000000,0.9680640000,217.3410022478,0,0,0,46,0
962,100,0,4,100,100,0,0,0,0,0,100,100,0.0199778066,21.8987228524,25.0000000000,12.6241696848,1.0000000000,0.8416000000,250.0000000000,0,0,0,46,0
963,100,0,4,100,100,0,0,0,0,0,100,100,0.0199778066,21.8787450458,25.0000000000,12.6241696848,1.0000000000,0.8416000000,250.0000000000,0,0,0,46,0
964,100,0,4,100,100,0,0,0,0,0,100,100,0.0199778066,21.8587672392,25.0000000000,12.6241696848,1.0000000000,0.8416000000,250.0000000000,0,0,0,46,0
965,100,0,4,100,100,0,0,0,0,0,100,100,0.0199778066,21.8387894325,25.0000000000,12.6241696848,1.0000000000,0.8416000000,250.0000000000,0,0,0,46,0
966,100,0,2,100,100,0,0,1,102,394,100,100,0.0308350269,21.8079544056,50.0000000000,12.5399920759,1.0000000000,0.9656320000,217.8883881230,0,0,0,49,0
967,100,0,2,100,100,0,0,0,0,0,100,100,0.0200468165,21.7879075891,50.0000000000,12.5399920759,1.0000000000,0.8416000000,250.0000000000,0,0,0,49,0
968,100,0,2,100,100,0,0,0,0,0,100,100,0.0200468165,21.7678607727,50.0000000000,12.5399920759,1.0000000000,0.8416000000,250.0000000000,0,0,0,49,0
969,100,0,2,100,100,0,0,0,0,0,100,100,0.0200468165,21.7478139562,50.0000000000,12.5399920759,1.0000000000,0.8416000000,250.0000000000,0,0,0,49,0
970,100,0,2,100,100,0,0,0,0,0,100,100,0.0200468165,21.7277671398,50.0000000000,12.5399920759,1.0000000000,0.8416000000,250.0000000000,0,0,0,49,0
971,100,0,5,100,100,0,0,1,105,685,100,100,0.0369776159,21.6907895239,20.0000000000,13.3816177742,1.0000000000,0.9692800000,217.0683393859,0,0,0,36,0
972,100,0,5,100,100,0,0,0,0,0,100,100,0.0208768382,21.6699126856,20.0000000000,13.3816177742,1.0000000000,0.8416000000,250.0000000000,0,0,0,36,0
973,100,0,5,100,100,0,0,0,0,0,100,100,0.0208768382,21.6490358474,20.0000000000,13.3816177742,1.0000000000,0.8416000000,250.0000000000,0,0,0,36,0
974,100,0,5,100,100,0,0,0,0,0,100,100,0.0208768382,21.6281590092,20.0000000000,13.3816177742,1.0000000000,0.8416000000,250.0000000000,0,0,0,36,0
975,100,0,5,100,100,0,0,0,0,0,100,100,0.0208768382,21.6072821709,20.0000000000,13.3816177742,1.0000000000,0.8416000000,250.0000000000,0,0,0,36,0
976,100,0,5,100,100,0,0,1,105,685,100,100,0.0410025711,21.5662795998,20.0000000000,16.3272015358,1.0000000000,0.9692800000,217.0683393859,0,0,0,1,0
977,100,0,5,100,100,0,0,0,0,0,100,100,0.0250879134,21.5411916864,20.0000000000,16.3272015358,1.0000000000,0.8416000000,250.0000000000,0,0,0,1,0
978,100,0,5,100,100,0,0,0,0,0,100,100,0.0250879134,21.5161037729,20.0000000000,16.3272015358,1.0000000000,0.8416000000,250.0000000000,0,0,0,1,0
979,100,0,5,100,100,0,0,0,0,0,100,100,0.0250879134,21.4910158595,20.0000000000,16.3272015358,1.0000000000,0.8416000000,250.0000000000,0,0,0,1,0
980,100,0,5,100,100,0,0,0,0,0,100,100,0.0250879134,21.4659279461,20.0000000000,16.3272015358,1.0000000000,0.8416000000,250.0000000000,0,0,0,1,0
981,100,0,4,100,100,0,0,1,104,588,100,100,0.0357911343,21.4301368118,25.0000000000,13.7182467855,1.0000000000,0.9680640000,217.3410022478,0,0,0,33,0
982,100,0,4,100,100,0,0,0,0,0,100,100,0.0215800180,21.4085567938,25.0000000000,13.7182467855,1.0000000000,0.8416000000,250.0000000000,0,0,0,33,0
983,100,0,4,100,100,0,0,0,0,0,100,100,0.0215800180,21.3869767758,25.0000000000,13.7182467855,1.0000000000,0.8416000000,250.0000000000,0,0,0,33,0
984,100,0,4,100,100,0,0,0,0,0,100,100,0.0215800180,21.3653967578,25.0000000000,13.7182467855,1.0000000000,0.8416000000,250.0000000000,0,0,0,33,0
985,100,0,4,100,100,0,0,0,0,0,100,100,0.0215800180,21.3438167398,25.0000000000,13.7182467855,1.0000000000,0.8416000000,250.0000000000,0,0,0,33,0
986,100,0,10,100,100,0,0,1,110,1170,100,100,0.0480657119,21.2957510280,10.0000000000,15.3172996275,1.0000000000,0.9753600000,215.7152230971,0,0,0,8,0
987,100,0,10,100,100,0,0,0,0,0,100,100,0.0232697119,21.2724813161,10.0000000000,15.3172996275,1.0000000000,0.8416000000,250.0000000000,0,0,0,8,0
988,100,0,10,100,100,0,0,0,0,0,100,100,0.0232697119,21.2492116042,10.0000000000,15.3172996275,1.0000000000,0.8416000000,250.0000000000,0,0,0,8,0
989,100,0,10,100,100,0,0,0,0,0,100,100,0.0232697119,21.2259418922,10.0000000000,15.3172996275,1.0000000000,0.8416000000,250.0000000000,0,0,0,8,0
990,100,0,10,100,100,0,0,0,0,0,100,100,0.0232697119,21.2026721803,10.0000000000,15.3172996275,1.0000000000,0.8416000000,250.0000000000,0,0,0,8,0
991,100,0,9,100,100,0,0,1,109,1073,100,100,0.0456063177,21.1570658626,11.1111111111,15.1489606403,1.0000000000,0.9741440000,215.9844951054,0,0,0,11,0
992,100,0,9,100,100,0,0,0,0,0,100,100,0.0226311872,21.1344346754,11.1111111111,15.1489606403,1.0000000000,0.8416000000,250.0000000000,0,0,0,11,0
993,100,0,9,100,100,0,0,0,0,0,100,100,0.0226311872,21.1118034883,11.1111111111,15.1489606403,1.0000000000,0.8416000000,250.0000000000,0,0,0,11,0
994,100,0,9,100,100,0,0,0,0,0,100,100,0.0226311872,21.0891723011,11.1111111111,15.1489606403,1.0000000000,0.8416000000,250.0000000000,0,0,0,11,0
995,100,0,9,100,100,0,0,0,0,0,100,100,0.0226311872,21.0665411139,11.1111111111,15.1489606403,1.0000000000,0.8416000000,250.0000000000,0,0,0,11,0
996,100,0,13,100,100,0,0,1,112,1461,100,100,0.0526805681,21.0138605458,7.6923076923,15.0647997220,1.0000000000,0.9777920000,215.1786883100,0,0,0,8,0
997,100,0,13,100,100,0,0,0,0,0,100,100,0.0225714699,20.9912890758,7.6923076923,15.0647997220,1.0000000000,0.8416000000,250.0000000000,0,0,0,8,0
998,100,0,13,100,100,0,0,0,0,0,100,100,0.0225714699,20.9687176059,7.6923076923,15.0647997220,1.0000000000,0.8416000000,250.0000000000,0,0,0,8,0
999,100,0,13,100,100,0,0,0,0,0,100,100,0.0225714699,20.9461461360,7.6923076923,15.0647997220,1.0000000000,0.8416000000,250.0000000000,0,0,0,8,0
1000,100,0,13,100,100,0,0,0,0,0,100,100,0.0225714699,20.9235746660,7.6923076923,15.0647997220,1.0000000000,0.8416000000,250.0000000000,0,0,0,8,0
1001,100,0,1,100,100,0,0,1,101,297,100,100,0.0265722013,20.8970024647,100.0000000000,9.6785417600,1.0000000000,0.9644160000,218.1631163315,0,0,0,84,0
1002,100,0,1,100,100,0,0,0,0,0,100,100,0.0166352020,20.8803672627,100.0000000000,9.6785417600,1.0000000000,0.8416000000,250.0000000000,0,0,0,84,0
1003,100,0,1,100,100,0,0,0,0,0,100,100,0.0166352020,20.8637320608,100.0000000000,9.6785417600,1.0000000000,0.8416000000,250.0000000000,0,0,0,84,0
1004,100,0,1,100,100,0,0,0,0,0,100,100,0.0166352020,20.8470968588,100.0000000000,9.6785417600,1.0000000000,0.8416000000,250.0000000000,0,0,0,84,0
1005,100,0,1,100,100,0,0,0,0,0,100,100,0.0166352020,20.8304616569,100.0000000000,9.6785417600,1.0000000000,0.8416000000,250.0000000000,0,0,0,84,0
1006,100,0,2,100,100,0,0,1,102,394,100,100,0.0303838463,20.8000778106,50.0000000000,12.1192141739,1.0000000000,0.9656320000,217.8883881230,0,0,0,54,0
1007,100,0,2,100,100,0,0,0,0,0,100,100,0.0195000236,20.7805777870,50.0000000000,12.1192141739,1.0000000000,0.8416000000,250.0000000000,0,0,0,54,0
1008,100,0,2,100,100,0,0,0,0,0,100,100,0.0195000236,20.7610777635,50.0000000000,12.1192141739,1.0000000000,0.8416000000,250.0000000000,0,0,0,54,0
1009,100,0,2,100,100,0,0,0,0,0,100,100,0.0195000236,20.7415777399,50.0000000000,12.1192141739,1.0000000000,0.8416000000,250.0000000000,0,0,0,54,0
1010,100,0,2,100,100,0,0,0,0,0,100,100,0.0195000236,20.7220777164,50.0000000000,12.1192141739,1.0000000000,0.8416000000,250.0000000000,0,0,0,54,0
1011,100,0,3,100,100,0,0,1,103,491,100,100,0.0341419947,20.6879357216,33.3333333333,13.8023962412,1.0000000000,0.9668480000,217.6143509631,0,0,0,33,0
1012,100,0,3,100,100,0,0,0,0,0,100,100,0.0216740149,20.6662617068,33.3333333333,13.8023962412,1.0000000000,0.8416000000,250.0000000000,0,0,0,33,0
1013,100,0,3,100,100,0,0,0,0,0,100,100,0.0216740149,20.6445876919,33.3333333333,13.8023962412,1.0000000000,0.8416000000,250.0000000000,0,0,0,33,0
1014,100,0,3,100,100,0,0,0,0,0,100,100,0.0216740149,20.6229136770,33.3333333333,13.8023962412,1.0000000000,0.8416000000,250.0000000000,0,0,0,33,0
1015,100,0,3,100,100,0,0,0,0,0,100,100,0.0216740149,20.6012396621,33.3333333333,13.8023962412,1.0000000000,0.8416000000,250.0000000000,0,0,0,33,0
1016,100,0,2,100,100,0,0,1,102,394,100,100,0.0313968691,20.5698427930,50.0000000000,12.5399963180,1.0000000000,0.9656320000,217.8883881230,0,0,0,49,0
1017,100,0,2,100,100,0,0,0,0,0,100,100,0.0205818357,20.5492609573,50.0000000000,12.5399963180,1.0000000000,0.8416000000,250.0000000000,0,0,0,49,0
1018,100,0,2,100,100,0,0,0,0,0,100,100,0.0205818357,20.5286791216,50.0000000000,12.5399963180,1.0000000000,0.8416000000,250.0000000000,0,0,0,49,0
1019,100,0,2,100,100,0,0,0,0,0,100,100,0.0205818357,20.5080972859,50.0000000000,12.5399963180,1.0000000000,0.8416000000,250.0000000000,0,0,0,49,0
1020,100,0,2,100,100,0,0,0,0,0,100,100,0.0205818357,20.4875154501,50.0000000000,12.5399963180,1.0000000000,0.8416000000,250.0000000000,0,0,0,49,0
1021,100,0,1,100,100,0,0,1,101,297,100,100,0.0287227034,20.4587927467,100.0000000000,11.7825479404,1.0000000000,0.9644160000,218.1631163315,0,0,0,59,0
1022,100,0,1,100,100,0,0,0,0,0,100,100,0.0194926781,20.4393000686,100.0000000000,11.7825479404,1.0000000000,0.8416000000,250.0000000000,0,0,0,59,0
1023,100,0,1,100,100,0,0,0,0,0,100,100,0.0194926781,20.4198073905,100.0000000000,11.7825479404,1.0000000000,0.8416000000,250.0000000000,0,0,0,59,0
1024,100,0,1,100,100,0,0,0,0,0,100,100,0.0194926781,20.4003147125,100.0000000000,11.7825479404,1.0000000000,0.8416000000,250.0000000000,0,0,0,59,0
1025,100,0,1,100,100,0,0,0,0,0,100,100,0.0194926781,20.3808220344,100.0000000000,11.7825479404,1.0000000000,0.8416000000,250.0000000000,0,0,0,59,0
1026,100,0,1,100,100,0,0,1,101,297,100,100,0.0277832876,20.3530387468,100.0000000000,11.1092669044,1.0000000000,0.9644160000,218.1631163315,0,0,0,67,0
1027,100,0,1,100,100,0,0,0,0,0,100,100,0.0183796469,20.3346590999,100.0000000000,11.1092669044,1.0000000000,0.8416000000,250.0000000000,0,0,0,67,0
1028,100,0,1,100,100,0,0,0,0,0,100,100,0.0183796469,20.3162794530,100.0000000000,11.1092669044,1.0000000000,0.8416000000,250.0000000000,0,0,0,67,0
1029,100,0,1,100,100,0,0,0,0,0,100,100,0.0183796469,20.2978998061,100.0000000000,11.1092669044,1.0000000000,0.8416000000,250.0000000000,0,0,0,67,0
1030,100,0,1,100,100,0,0,0,0,0,100,100,0.0183796469,20.2795201592,100.0000000000,11.1092669044,1.0000000000,0.8416000000,250.0000000000,0,0,0,67,0
1031,100,0,2,100,100,0,0,1,102,394,100,100,0.0301272672,20.2493928920,50.0000000000,11.6142472828,1.0000000000,0.9656320000,217.8883881230,0,0,0,60,0
1032,100,0,2,100,100,0,0,0,0,0,100,100,0.0188519130,20.2305409790,50.0000000000,11.6142472828,1.0000000000,0.8416000000,250.0000000000,0,0,0,60,0
1033,100,0,2,100,100,0,0,0,0,0,100,100,0.0188519130,20.2116890661,50.0000000000,11.6142472828,1.0000000000,0.8416000000,250.0000000000,0,0,0,60,0
1034,100,0,2,100,100,0,0,0,0,0,100,100,0.0188519130,20.1928371531,50.0000000000,11.6142472828,1.0000000000,0.8416000000,250.0000000000,0,0,0,60,0
1035,100,0,2,100,100,0,0,0,0,0,100,100,0.0188519130,20.1739852401,50.0000000000,11.6142472828,1.0000000000,0.8416000000,250.0000000000,0,0,0,60,0
1036,100,0,3,100,100,0,0,1,103,491,100,100,0.0347920477,20.1391931925,33.3333333333,14.3915385431,1.0000000000,0.9668480000,217.6143509631,0,0,0,26,0
1037,100,0,3,100,100,0,0,0,0,0,100,100,0.0223900096,20.1168031828,33.3333333333,14.3915385431,1.0000000000,0.8416000000,250.0000000000,0,0,0,26,0
1038,100,0,3,100,100,0,0,0,0,0,100,100,0.0223900096,20.0944131732,33.3333333333,14.3915385431,1.0000000000,0.8416000000,250.0000000000,0,0,0,26,0
1039,100,0,3,100,100,0,0,0,0,0,100,100,0.0223900096,20.0720231636,33.3333333333,14.3915385431,1.0000000000,0.8416000000,250.0000000000,0,0,0,26,0
1040,100,0,3,100,100,0,0,0,0,0,100,100,0.0223900096,20.0496331540,33.3333333333,14.3915385431,1.0000000000,0.8416000000,250.0000000000,0,0,0,26,0
1041,100,0,1,100,100,0,0,1,101,297,100,100,0.0280492332,20.0215839207,100.0000000000,11.0251212667,1.0000000000,0.9644160000,218.1631163315,0,0,0,68,0
1042,100,0,1,100,100,0,0,0,0,0,100,100,0.0183882136,20.0031957072,100.0000000000,11.0251212667,1.0000000000,0.8416000000,250.0000000000,0,0,0,68,0
1043,100,0,1,100,100,0,0,0,0,0,100,100,0.0183882136,19.9848074936,100.0000000000,11.0251212667,1.0000000000,0.8416000000,250.0000000000,0,0,0,68,0
1044,100,0,1,100,100,0,0,0,0,0,100,100,0.0183882136,19.9664192800,100.0000000000,11.0251212667,1.0000000000,0.8416000000,250.0000000000,0,0,0,68,0
1045,100,0,1,100,100,0,0,0,0,0,100,100,0.0183882136,19.9480310664,100.0000000000,11.0251212667,1.0000000000,0.8416000000,250.0000000000,0,0,0,68,0
1046,100,0,6,100,100,0,0,1,106,782,100,100,0.0400370402,19.9079940262,16.6666666667,14.8123307362,1.0000000000,0.9704960000,216.7963597995,0,0,0,18,0
1047,100,0,6,100,100,0,0,0,0,0,100,100,0.0223927949,19.8856012313,16.6666666667,14.8123307362,1.0000000000,0.8416000000,250.0000000000,0,0,0,18,0
1048,100,0,6,100,100,0,0,0,0,0,100,100,0.0223927949,19.8632084364,16.6666666667,14.8123307362,1.0000000000,0.8416000000,250.0000000000,0,0,0,18,0
1049,100,0,6,100,100,0,0,0,0,0,100,100,0.0223927949,19.8408156415,16.6666666667,14.8123307362,1.0000000000,0.8416000000,250.0000000000,0,0,0,18,0
1050,100,0,6,100,100,0,0,0,0,0,100,100,0.0223927949,19.8184228466,16.6666666667,14.8123307362,1.0000000000,0.8416000000,250.0000000000,0,0,0,18,0
1051,100,0,1,100,100,0,0,1,101,297,100,100,0.0273228892,19.7910999574,100.0000000000,9.5102280078,1.0000000000,0.9644160000,218.1631163315,0,0,0,86,0
1052,100,0,1,100,100,0,0,0,0,0,100,100,0.0165630076,19.7745369497,100.0000000000,9.5102280078,1.0000000000,0.8416000000,250.0000000000,0,0,0,86,0
1053,100,0,1,100,100,0,0,0,0,0,100,100,0.0165630076,19.7579739421,100.0000000000,9.5102280078,1.0000000000,0.8416000000,250.0000000000,0,0,0,86,0
1054,100,0,1,100,100,0,0,0,0,0,100,100,0.0165630076,19.7414109345,100.0000000000,9.5102280078,1.0000000000,0.8416000000,250.0000000000,0,0,0,86,0
1055,100,0,1,100,100,0,0,0,0,0,100,100,0.0165630076,19.7248479269,100.0000000000,9.5102280078,1.0000000000,0.8416000000,250.0000000000,0,0,0,86,0
1056,100,0,3,100,100,0,0,1,103,491,100,100,0.0344742383,19.6903736885,33.3333333333,14.3073752187,1.0000000000,0.9668480000,217.6143509631,0,0,0,27,0
1057,100,0,3,100,100,0,0,0,0,0,100,100,0.0221076404,19.6682660481,33.3333333333,14.3073752187,1.0000000000,0.8416000000,250.0000000000,0,0,0,27,0
1058,100,0,3,100,100,0,0,0,0,0,100,100,0.0221076404,19.6461584077,33.3333333333,14.3073752187,1.0000000000,0.8416000000,250.0000000000,0,0,0,27,0
1059,100,0,3,100,100,0,0,0,0,0,100,100,0.0221076404,19.6240507673,33.3333333333,14.3073752187,1.0000000000,0.8416000000,250.0000000000,0,0,0,27,0
1060,100,0,3,100,100,0,0,0,0,0,100,100,0.0221076404,19.6019431269,33.3333333333,14.3073752187,1.0000000000,0.8416000000,250.0000000000,0,0,0,27,0
1061,100,0,4,100,100,0,0,1,104,588,100,100,0.0351674642,19.5667756626,25.0000000000,13.2974460259,1.0000000000,0.9680640000,217.3410022478,0,0,0,38,0
1062,100,0,4,100,100,0,0,0,0,0,100,100,0.0209168553,19.5458588073,25.0000000000,13.2974460259,1.0000000000,0.8416000000,250.0000000000,0,0,0,38,0
1063,100,0,4,100,100,0,0,0,0,0,100,100,0.0209168553,19.5249419521,25.0000000000,13.2974460259,1.0000000000,0.8416000000,250.0000000000,0,0,0,38,0
1064,100,0,4,100,100,0,0,0,0,0,100,100,0.0209168553,19.5040250968,25.0000000000,13.2974460259,1.0000000000,0.8416000000,250.0000000000,0,0,0,38,0
1065,100,0,4,100,100,0,0,0,0,0,100,100,0.0209168553,19.4831082415,25.0000000000,13.2974460259,1.0000000000,0.8416000000,250.0000000000,0,0,0,38,0
1066,100,0,4,100,100,0,0,1,104,588,100,100,0.0343697223,19.4487385193,25.0000000000,12.9608189756,1.0000000000,0.9680640000,217.3410022478,0,0,0,42,0
1067,100,0,4,100,100,0,0,0,0,0,100,100,0.0200496137,19.4286889056,25.0000000000,12.9608189756,1.0000000000,0.8416000000,250.0000000000,0,0,0,42,0
1068,100,0,4,100,100,0,0,0,0,0,100,100,0.0200496137,19.4086392919,25.0000000000,12.9608189756,1.0000000000,0.8416000000,250.0000000000,0,0,0,42,0
1069,100,0,4,100,100,0,0,0,0,0,100,100,0.0200496137,19.3885896783,25.0000000000,12.9608189756,1.0000000000,0.8416000000,250.0000000000,0,0,0,42,0
1070,100,0,4,100,100,0,0,0,0,0,100,100,0.0200496137,19.3685400646,25.0000000000,12.9608189756,1.0000000000,0.8416000000,250.0000000000,0,0,0,42,0
1071,100,0,3,100,100,0,0,1,103,491,100,100,0.0350470754,19.3334929892,33.3333333333,14.1390320742,1.0000000000,0.9668480000,217.6143509631,0,0,0,29,0
1072,100,0,3,100,100,0,0,0,0,0,100,100,0.0225544740,19.3109385152,33.3333333333,14.1390320742,1.0000000000,0.8416000000,250.0000000000,0,0,0,29,0
1073,100,0,3,100,100,0,0,0,0,0,100,100,0.0225544740,19.2883840411,33.3333333333,14.1390320742,1.0000000000,0.8416000000,250.0000000000,0,0,0,29,0
1074,100,0,3,100,100,0,0,0,0,0,100,100,0.0225544740,19.2658295671,33.3333333333,14.1390320742,1.0000000000,0.8416000000,250.0000000000,0,0,0,29,0
1075,100,0,3,100,100,0,0,0,0,0,100,100,0.0225544740,19.2432750930,33.3333333333,14.1390320742,1.0000000000,0.8416000000,250.0000000000,0,0,0,29,0
1076,100,0,2,100,100,0,0,1,102,394,100,100,0.0319234069,19.2113516861,50.0000000000,12.7924707881,1.0000000000,0.9656320000,217.8883881230,0,0,0,46,0
1077,100,0,2,100,100,0,0,0,0,0,100,100,0.0211695272,19.1901821589,50.0000000000,12.7924707881,1.0000000000,0.8416000000,250.0000000000,0,0,0,46,0
1078,100,0,2,100,100,0,0,0,0,0,100,100,0.0211695272,19.1690126317,50.0000000000,12.7924707881,1.0000000000,0.8416000000,250.0000000000,0,0,0,46,0
1079,100,0,2,100,100,0,0,0,0,0,100,100,0.0211695272,19.1478431044,50.0000000000,12.7924707881,1.0000000000,0.8416000000,250.0000000000,0,0,0,46,0
1080,100,0,2,100,100,0,0,0,0,0,100,100,0.0211695272,19.1266735772,50.0000000000,12.7924707881,1.0000000000,0.8416000000,250.0000000000,0,0,0,46,0
1081,100,0,4,100,100,0,0,1,104,588,100,100,0.0373664068,19.0893071704,25.0000000000,14.8964890875,1.0000000000,0.9680640000,217.3410022478,0,0,0,19,0
1082,100,0,4,100,100,0,0,0,0,0,100,100,0.0231935362,19.0661136343,25.0000000000,14.8964890875,1.0000000000,0.8416000000,250.0000000000,0,0,0,19,0
1083,100,0,4,100,100,0,0,0,0,0,100,100,0.0231935362,19.0429200981,25.0000000000,14.8964890875,1.0000000000,0.8416000000,250.0000000000,0,0,0,19,0
1084,100,0,4,100,100,0,0,0,0,0,100,100,0.0231935362,19.0197265619,25.0000000000,14.8964890875,1.0000000000,0.8416000000,250.0000000000,0,0,0,19,0
1085,100,0,4,100,100,0,0,0,0,0,100,100,0.0231935362,18.9965330258,25.0000000000,14.8964890875,1.0000000000,0.8416000000,250.0000000000,0,0,0,19,0
1086,100,0,7,100,100,0,0,1,107,879,100,100,0.0419077693,18.9546252565,14.2857142857,14.8964951751,1.0000000000,0.9717120000,216.5250609234,0,0,0,16,0
1087,100,0,7,100,100,0,0,0,0,0,100,100,0.0224867701,18.9321384864,14.2857142857,14.8964951751,1.0000000000,0.8416000000,250.0000000000,0,0,0,16,0
1088,100,0,7,100,100,0,0,0,0,0,100,100,0.0224867701,18.9096517163,14.2857142857,14.8964951751,1.0000000000,0.8416000000,250.0000000000,0,0,0,16,0
1089,100,0,7,100,100,0,0,0,0,0,100,100,0.0224867701,18.8871649461,14.2857142857,14.8964951751,1.0000000000,0.8416000000,250.0000000000,0,0,0,16,0
1090,100,0,7,100,100,0,0,0,0,0,100,100,0.0224867701,18.8646781760,14.2857142857,14.8964951751,1.0000000000,0.8416000000,250.0000000000,0,0,0,16,0
1091,100,0,11,100,100,0,0,1,111,1267,100,100,0.0493326935,18.8153454825,9.0909090909,15.3172818924,1.0000000000,0.9765760000,215.4466216659,0,0,0,7,0
1092,100,0,11,100,100,0,0,0,0,0,100,100,0.0227967721,18.7925487104,9.0909090909,15.3172818924,1.0000000000,0.8416000000,250.0000000000,0,0,0,7,0
1093,100,0,11,100,100,0,0,0,0,0,100,100,0.0227967721,18.7697519383,9.0909090909,15.3172818924,1.0000000000,0.8416000000,250.0000000000,0,0,0,7,0
1094,100,0,11,100,100,0,0,0,0,0,100,100,0.0227967721,18.7469551662,9.0909090909,15.3172818924,1.0000000000,0.8416000000,250.0000000000,0,0,0,7,0
1095,100,0,11,100,100,0,0,0,0,0,100,100,0.0227967721,18.7241583941,9.0909090909,15.3172818924,1.0000000000,0.8416000000,250.0000000000,0,0,0,7,0
1096,100,0,13,100,100,0,0,1,112,1461,100,100,0.0533126463,18.6708457478,7.6923076923,15.4855923783,1.0000000000,0.9777920000,215.1786883100,0,0,0,3,0
1097,100,0,13,100,100,0,0,0,0,0,100,100,0.0231871896,18.6476585582,7.6923076923,15.4855923783,1.0000000000,0.8416000000,250.0000000000,0,0,0,3,0
1098,100,0,13,100,100,0,0,0,0,0,100,100,0.0231871896,18.6244713685,7.6923076923,15.4855923783,1.0000000000,0.8416000000,250.0000000000,0,0,0,3,0
1099,100,0,13,100,100,0,0,0,0,0,100,100,0.0231871896,18.6012841789,7.6923076923,15.4855923783,1.0000000000,0.8416000000,250.0000000000,0,0,0,3,0
1100,100,0,13,100,100,0,0,0,0,0,100,100,0.0231871896,18.5780969893,7.6923076923,15.4855923783,1.0000000000,0.8416000000,250.0000000000,0,0,0,3,0
1101,100,0,1,100,100,0,0,1,101,297,100,100,0.0274921539,18.5506048353,100.0000000000,10.7726289262,1.0000000000,0.9644160000,218.1631163315,0,0,0,71,0
1102,100,0,1,100,100,0,0,0,0,0,100,100,0.0179098738,18.5326949615,100.0000000000,10.7726289262,1.0000000000,0.8416000000,250.0000000000,0,0,0,71,0
1103,100,0,1,100,100,0,0,0,0,0,100,100,0.0179098738,18.5147850877,100.0000000000,10.7726289262,1.0000000000,0.8416000000,250.0000000000,0,0,0,71,0
1104,100,0,1,100,100,0,0,0,0,0,100,100,0.0179098738,18.4968752138,100.0000000000,10.7726289262,1.0000000000,0.8416000000,250.0000000000,0,0,0,71,0
1105,100,0,1,100,100,0,0,0,0,0,100,100,0.0179098738,18.4789653400,100.0000000000,10.7726289262,1.0000000000,0.8416000000,250.0000000000,0,0,0,71,0
1106,100,0,1,100,100,0,0,1,101,297,100,100,0.0268718036,18.4520935363,100.0000000000,9.5943839875,1.0000000000,0.9644160000,218.1631163315,0,0,0,85,0
1107,100,0,1,100,100,0,0,0,0,0,100,100,0.0165503792,18.4355431572,100.0000000000,9.5943839875,1.0000000000,0.8416000000,250.0000000000,0,0,0,85,0
1108,100,0,1,100,100,0,0,0,0,0,100,100,0.0165503792,18.4189927780,100.0000000000,9.5943839875,1.0000000000,0.8416000000,250.0000000000,0,0,0,85,0
1109,100,0,1,100,100,0,0,0,0,0,100,100,0.0165503792,18.4024423989,100.0000000000,9.5943839875,1.0000000000,0.8416000000,250.0000000000,0,0,0,85,0
1110,100,0,1,100,100,0,0,0,0,0,100,100,0.0165503792,18.3858920197,100.0000000000,9.5943839875,1.0000000000,0.8416000000,250.0000000000,0,0,0,85,0
1111,100,0,2,100,100,0,0,1,102,394,100,100,0.0311941960,18.3546978236,50.0000000000,12.3716748379,1.0000000000,0.9656320000,217.8883881230,0,0,0,51,0
1112,100,0,2,100,100,0,0,0,0,0,100,100,0.0203386277,18.3343591959,50.0000000000,12.3716748379,1.0000000000,0.8416000000,250.0000000000,0,0,0,51,0
1113,100,0,2,100,100,0,0,0,0,0,100,100,0.0203386277,18.3140205682,50.0000000000,12.3716748379,1.0000000000,0.8416000000,250.0000000000,0,0,0,51,0
1114,100,0,2,100,100,0,0,0,0,0,100,100,0.0203386277,18.2936819405,50.0000000000,12.3716748379,1.0000000000,0.8416000000,250.0000000000,0,0,0,51,0
1115,100,0,2,100,100,0,0,0,0,0,100,100,0.0203386277,18.2733433128,50.0000000000,12.3716748379,1.0000000000,0.8416000000,250.0000000000,0,0,0,51,0
1116,100,0,1,100,100,0,0,1,101,297,100,100,0.0287432046,18.2446001083,100.0000000000,11.6983801939,1.0000000000,0.9644160000,218.1631163315,0,0,0,60,0
1117,100,0,1,100,100,0,0,0,0,0,100,100,0.0196374577,18.2249626505,100.0000000000,11.6983801939,1.0000000000,0.8416000000,250.0000000000,0,0,0,60,0
1118,100,0,1,100,100,0,0,0,0,0,100,100,0.0196374577,18.2053251928,100.0000000000,11.6983801939,1.0000000000,0.8416000000,250.0000000000,0,0,0,60,0
1119,100,0,1,100,100,0,0,0,0,0,100,100,0.0196374577,18.1856877351,100.0000000000,11.6983801939,1.0000000000,0.8416000000,250.0000000000,0,0,0,60,0
1120,100,0,1,100,100,0,0,0,0,0,100,100,0.0196374577,18.1660502774,100.0000000000,11.6983801939,1.0000000000,0.8416000000,250.0000000000,0,0,0,60,0
1121,100,0,2,100,100,0,0,1,102,394,100,100,0.0309968913,18.1350533861,50.0000000000,12.5400209510,1.0000000000,0.9656320000,217.8883881230,0,0,0,49,0
1122,100,0,2,100,100,0,0,0,0,0,100,100,0.0201989117,18.1148544744,50.0000000000,12.5400209510,1.0000000000,0.8416000000,250.0000000000,0,0,0,49,0
1123,100,0,2,100,100,0,0,0,0,0,100,100,0.0201989117,18.0946555627,50.0000000000,12.5400209510,1.0000000000,0.8416000000,250.0000000000,0,0,0,49,0
1124,100,0,2,100,100,0,0,0,0,0,100,100,0.0201989117,18.0744566509,50.0000000000,12.5400209510,1.0000000000,0.8416000000,250.0000000000,0,0,0,49,0
1125,100,0,2,100,100,0,0,0,0,0,100,100,0.0201989117,18.0542577392,50.0000000000,12.5400209510,1.0000000000,0.8416000000,250.0000000000,0,0,0,49,0
1126,100,0,1,100,100,0,0,1,101,297,100,100,0.0268735980,18.0273841412,100.0000000000,9.6785446057,1.0000000000,0.9644160000,218.1631163315,0,0,0,84,0
1127,100,0,1,100,100,0,0,0,0,0,100,100,0.0166574386,18.0107267026,100.0000000000,9.6785446057,1.0000000000,0.8416000000,250.0000000000,0,0,0,84,0
1128,100,0,1,100,100,0,0,0,0,0,100,100,0.0166574386,17.9940692639,100.0000000000,9.6785446057,1.0000000000,0.8416000000,250.0000000000,0,0,0,84,0
1129,100,0,1,100,100,0,0,0,0,0,100,100,0.0166574386,17.9774118253,100.0000000000,9.6785446057,1.0000000000,0.8416000000,250.0000000000,0,0,0,84,0
1130,100,0,1,100,100,0,0,0,0,0,100,100,0.0166574386,17.9607543866,100.0000000000,9.6785446057,1.0000000000,0.8416000000,250.0000000000,0,0,0,84,0
1131,100,0,1,100,100,0,0,1,101,297,100,100,0.0266972124,17.9340571743,100.0000000000,9.6785425291,1.0000000000,0.9644160000,218.1631163315,0,0,0,84,0
1132,100,0,1,100,100,0,0,0,0,0,100,100,0.0166389003,17.9174182740,100.0000000000,9.6785425291,1.0000000000,0.8416000000,250.0000000000,0,0,0,84,0
1133,100,0,1,100,100,0,0,0,0,0,100,100,0.0166389003,17.9007793737,100.0000000000,9.6785425291,1.0000000000,0.8416000000,250.0000000000,0,0,0,84,0
1134,100,0,1,100,100,0,0,0,0,0,100,100,0.0166389003,17.8841404733,100.0000000000,9.6785425291,1.0000000000,0.8416000000,250.0000000000,0,0,0,84,0
1135,100,0,1,100,100,0,0,0,0,0,100,100,0.0166389003,17.8675015730,100.0000000000,9.6785425291,1.0000000000,0.8416000000,250.0000000000,0,0,0,84,0
1136,100,0,4,100,100,0,0,1,104,588,100,100,0.0343810692,17.8331205038,25.0000000000,12.2875187499,1.0000000000,0.9680640000,217.3410022478,0,0,0,50,0
1137,100,0,4,100,100,0,0,0,0,0,100,100,0.0199777305,17.8131427733,25.0000000000,12.2875187499,1.0000000000,0.8416000000,250.0000000000,0,0,0,50,0
1138,100,0,4,100,100,0,0,0,0,0,100,100,0.0199777305,17.7931650427,25.0000000000,12.2875187499,1.0000000000,0.8416000000,250.0000000000,0,0,0,50,0
1139,100,0,4,100,100,0,0,0,0,0,100,100,0.0199777305,17.7731873122,25.0000000000,12.2875187499,1.0000000000,0.8416000000,250.0000000000,0,0,0,50,0
1140,100,0,4,100,100,0,0,0,0,0,100,100,0.0199777305,17.7532095817,25.0000000000,12.2875187499,1.0000000000,0.8416000000,250.0000000000,0,0,0,50,0
1141,100,0,3,100,100,0,0,1,103,491,100,100,0.0365509083,17.7166586735,33.3333333333,15.6539294194,1.0000000000,0.9668480000,217.6143509631,0,0,0,11,0
1142,100,0,3,100,100,0,0,0,0,0,100,100,0.0242011462,17.6924575272,33.3333333333,15.6539294194,1.0000000000,0.8416000000,250.0000000000,0,0,0,11,0
1143,100,0,3,100,100,0,0,0,0,0,100,100,0.0242011462,17.6682563810,33.3333333333,15.6539294194,1.0000000000,0.8416000000,250.0000000000,0,0,0,11,0
1144,100,0,3,100,100,0,0,0,0,0,100,100,0.0242011462,17.6440552348,33.3333333333,15.6539294194,1.0000000000,0.8416000000,250.0000000000,0,0,0,11,0
1145,100,0,3,100,100,0,0,0,0,0,100,100,0.0242011462,17.6198540886,33.3333333333,15.6539294194,1.0000000000,0.8416000000,250.0000000000,0,0,0,11,0
1146,100,0,3,100,100,0,0,1,103,491,100,100,0.0337314322,17.5861226565,33.3333333333,13.3816114191,1.0000000000,0.9668480000,217.6143509631,0,0,0,38,0
1147,100,0,3,100,100,0,0,0,0,0,100,100,0.0211579652,17.5649646913,33.3333333333,13.3816114191,1.0000000000,0.8416000000,250.0000000000,0,0,0,38,0
1148,100,0,3,100,100,0,0,0,0,0,100,100,0.0211579652,17.5438067261,33.3333333333,13.3816114191,1.0000000000,0.8416000000,250.0000000000,0,0,0,38,0
1149,100,0,3,100,100,0,0,0,0,0,100,100,0.0211579652,17.5226487609,33.3333333333,13.3816114191,1.0000000000,0.8416000000,250.0000000000,0,0,0,38,0
1150,100,0,3,100,100,0,0,0,0,0,100,100,0.0211579652,17.5014907957,33.3333333333,13.3816114191,1.0000000000,0.8416000000,250.0000000000,0,0,0,38,0
1151,100,0,5,100,100,0,0,1,105,685,100,100,0.0368302456,17.4646605501,20.0000000000,13.2974420735,1.0000000000,0.9692800000,217.0683393859,0,0,0,37,0
1152,100,0,5,100,100,0,0,0,0,0,100,100,0.0207937755,17.4438667746,20.0000000000,13.2974420735,1.0000000000,0.8416000000,250.0000000000,0,0,0,37,0
1153,100,0,5,100,100,0,0,0,0,0,100,100,0.0207937755,17.4230729991,20.0000000000,13.2974420735,1.0000000000,0.8416000000,250.0000000000,0,0,0,37,0
1154,100,0,5,100,100,0,0,0,0,0,100,100,0.0207937755,17.4022792235,20.0000000000,13.2974420735,1.0000000000,0.8416000000,250.0000000000,0,0,0,37,0
1155,100,0,5,100,100,0,0,0,0,0,100,100,0.0207937755,17.3814854480,20.0000000000,13.2974420735,1.0000000000,0.8416000000,250.0000000000,0,0,0,37,0
1156,100,0,2,100,100,0,0,1,102,394,100,100,0.0310998510,17.3503855969,50.0000000000,12.2033469188,1.0000000000,0.9656320000,217.8883881230,0,0,0,53,0
1157,100,0,2,100,100,0,0,0,0,0,100,100,0.0202792482,17.3301063488,50.0000000000,12.2033469188,1.0000000000,0.8416000000,250.0000000000,0,0,0,53,0
1158,100,0,2,100,100,0,0,0,0,0,100,100,0.0202792482,17.3098271006,50.0000000000,12.2033469188,1.0000000000,0.8416000000,250.0000000000,0,0,0,53,0
1159,100,0,2,100,100,0,0,0,0,0,100,100,0.0202792482,17.2895478524,50.0000000000,12.2033469188,1.0000000000,0.8416000000,250.0000000000,0,0,0,53,0
1160,100,0,2,100,100,0,0,0,0,0,100,100,0.0202792482,17.2692686043,50.0000000000,12.2033469188,1.0000000000,0.8416000000,250.0000000000,0,0,0,53,0
1161,100,0,1,100,100,0,0,1,101,297,100,100,0.0277874823,17.2414811220,100.0000000000,11.1092668015,1.0000000000,0.9644160000,218.1631163315,0,0,0,67,0
1162,100,0,1,100,100,0,0,0,0,0,100,100,0.0183939113,17.2230872107,100.0000000000,11.1092668015,1.0000000000,0.8416000000,250.0000000000,0,0,0,67,0
1163,100,0,1,100,100,0,0,0,0,0,100,100,0.0183939113,17.2046932993,100.0000000000,11.1092668015,1.0000000000,0.8416000000,250.0000000000,0,0,0,67,0
1164,100,0,1,100,100,0,0,0,0,0,100,100,0.0183939113,17.1862993880,100.0000000000,11.1092668015,1.0000000000,0.8416000000,250.0000000000,0,0,0,67,0
1165,100,0,1,100,100,0,0,0,0,0,100,100,0.0183939113,17.1679054766,100.0000000000,11.1092668015,1.0000000000,0.8416000000,250.0000000000,0,0,0,67,0
1166,100,0,5,100,100,0,0,1,105,685,100,100,0.0369740377,17.1309314389,20.0000000000,13.2974381411,1.0000000000,0.9692800000,217.0683393859,0,0,0,37,0
1167,100,0,5,100,100,0,0,0,0,0,100,100,0.0209115671,17.1100198719,20.0000000000,13.2974381411,1.0000000000,0.8416000000,250.0000000000,0,0,0,37,0
1168,100,0,5,100,100,0,0,0,0,0,100,100,0.0209115671,17.0891083048,20.0000000000,13.2974381411,1.0000000000,0.8416000000,250.0000000000,0,0,0,37,0
1169,100,0,5,100,100,0,0,0,0,0,100,100,0.0209115671,17.0681967377,20.0000000000,13.2974381411,1.0000000000,0.8416000000,250.0000000000,0,0,0,37,0
1170,100,0,5,100,100,0,0,0,0,0,100,100,0.0209115671,17.0472851706,20.0000000000,13.2974381411,1.0000000000,0.8416000000,250.0000000000,0,0,0,37,0
1171,100,0,4,100,100,0,0,1,104,588,100,100,0.0390134348,17.0082717358,25.0000000000,16.3272017837,1.0000000000,0.9680640000,217.3410022478,0,0,0,2,0
1172,100,0,4,100,100,0,0,0,0,0,100,100,0.0249231189,16.9833486168,25.0000000000,16.3272017837,1.0000000000,0.8416000000,250.0000000000,0,0,0,2,0
1173,100,0,4,100,100,0,0,0,0,0,100,100,0.0249231189,16.9584254979,25.0000000000,16.3272017837,1.0000000000,0.8416000000,250.0000000000,0,0,0,2,0
1174,100,0,4,100,100,0,0,0,0,0,100,100,0.0249231189,16.9335023789,25.0000000000,16.3272017837,1.0000000000,0.8416000000,250.0000000000,0,0,0,2,0
1175,100,0,4,100,100,0,0,0,0,0,100,100,0.0249231189,16.9085792600,25.0000000000,16.3272017837,1.0000000000,0.8416000000,250.0000000000,0,0,0,2,0
1176,100,0,6,100,100,0,0,1,106,782,100,100,0.0406468347,16.8679324253,16.6666666667,15.0648186060,1.0000000000,0.9704960000,216.7963597995,0,0,0,15,0
1177,100,0,6,100,100,0,0,0,0,0,100,100,0.0229733807,16.8449590446,16.6666666667,15.0648186060,1.0000000000,0.8416000000,250.0000000000,0,0,0,15,0
1178,100,0,6,100,100,0,0,0,0,0,100,100,0.0229733807,16.8219856639,16.6666666667,15.0648186060,1.0000000000,0.8416000000,250.0000000000,0,0,0,15,0
1179,100,0,6,100,100,0,0,0,0,0,100,100,0.0229733807,16.7990122832,16.6666666667,15.0648186060,1.0000000000,0.8416000000,250.0000000000,0,0,0,15,0
1180,100,0,6,100,100,0,0,0,0,0,100,100,0.0229733807,16.7760389025,16.6666666667,15.0648186060,1.0000000000,0.8416000000,250.0000000000,0,0,0,15,0
1181,100,0,4,100,100,0,0,1,104,588,100,100,0.0357738477,16.7402650548,25.0000000000,13.8865676583,1.0000000000,0.9680640000,217.3410022478,0,0,0,31,0
1182,100,0,4,100,100,0,0,0,0,0,100,100,0.0215781465,16.7186869083,25.0000000000,13.8865676583,1.0000000000,0.8416000000,250.0000000000,0,0,0,31,0
1183,100,0,4,100,100,0,0,0,0,0,100,100,0.0215781465,16.6971087618,25.0000000000,13.8865676583,1.0000000000,0.8416000000,250.0000000000,0,0,0,31,0
1184,100,0,4,100,100,0,0,0,0,0,100,100,0.0215781465,16.6755306153,25.0000000000,13.8865676583,1.0000000000,0.8416000000,250.0000000000,0,0,0,31,0
1185,100,0,4,100,100,0,0,0,0,0,100,100,0.0215781465,16.6539524688,25.0000000000,13.8865676583,1.0000000000,0.8416000000,250.0000000000,0,0,0,31,0
1186,100,0,7,100,100,0,0,1,107,879,100,100,0.0425188730,16.6114335959,14.2857142857,15.3172785131,1.0000000000,0.9717120000,216.5250609234,0,0,0,11,0
1187,100,0,7,100,100,0,0,0,0,0,100,100,0.0230996986,16.5883338973,14.2857142857,15.3172785131,1.0000000000,0.8416000000,250.0000000000,0,0,0,11,0
1188,100,0,7,100,100,0,0,0,0,0,100,100,0.0230996986,16.5652341987,14.2857142857,15.3172785131,1.0000000000,0.8416000000,250.0000000000,0,0,0,11,0
1189,100,0,7,100,100,0,0,0,0,0,100,100,0.0230996986,16.5421345001,14.2857142857,15.3172785131,1.0000000000,0.8416000000,250.0000000000,0,0,0,11,0
1190,100,0,7,100,100,0,0,0,0,0,100,100,0.0230996986,16.5190348015,14.2857142857,15.3172785131,1.0000000000,0.8416000000,250.0000000000,0,0,0,11,0
1191,100,0,11,100,100,0,0,1,111,1267,100,100,0.0490852401,16.4699495614,9.0909090909,14.9806547693,1.0000000000,0.9765760000,215.4466216659,0,0,0,11,0
1192,100,0,11,100,100,0,0,0,0,0,100,100,0.0225421906,16.4474073708,9.0909090909,14.9806547693,1.0000000000,0.8416000000,250.0000000000,0,0,0,11,0
1193,100,0,11,100,100,0,0,0,0,0,100,100,0.0225421906,16.4248651803,9.0909090909,14.9806547693,1.0000000000,0.8416000000,250.0000000000,0,0,0,11,0
1194,100,0,11,100,100,0,0,0,0,0,100,100,0.0225421906,16.4023229897,9.0909090909,14.9806547693,1.0000000000,0.8416000000,250.0000000000,0,0,0,11,0
1195,100,0,11,100,100,0,0,0,0,0,100,100,0.0225421906,16.3797807991,9.0909090909,14.9806547693,1.0000000000,0.8416000000,250.0000000000,0,0,0,11,0
1196,100,0,12,100,100,0,0,1,112,1364,100,100,0.0513518896,16.3284289095,8.3333333333,15.0648027581,1.0000000000,0.9777920000,215.1786883100,0,0,0,9,0
1197,100,0,12,100,100,0,0,0,0,0,100,100,0.0229432915,16.3054856180,8.3333333333,15.0648027581,1.0000000000,0.8416000000,250.0000000000,0,0,0,9,0
1198,100,0,12,100,100,0,0,0,0,0,100,100,0.0229432915,16.2825423264,8.3333333333,15.0648027581,1.0000000000,0.8416000000,250.0000000000,0,0,0,9,0
1199,100,0,12,100,100,0,0,0,0,0,100,100,0.0229432915,16.2595990349,8.3333333333,15.0648027581,1.0000000000,0.8416000000,250.0000000000,0,0,0,9,0
1200,100,0,12,100,100,0,0,0,0,0,100,100,0.0229432915,16.2366557433,8.3333333333,15.0648027581,1.0000000000,0.8416000000,250.0000000000,0,0,0,9,0
1201,100,0,1,100,100,0,0,1,101,297,100,100,0.0277365760,16.2089191674,100.0000000000,11.1092649019,1.0000000000,0.9644160000,218.1631163315,0,0,0,67,0
1202,100,0,1,100,100,0,0,0,0,0,100,100,0.0183883903,16.1905307771,100.0000000000,11.1092649019,1.0000000000,0.8416000000,250.0000000000,0,0,0,67,0
1203,100,0,1,100,100,0,0,0,0,0,100,100,0.0183883903,16.1721423868,100.0000000000,11.1092649019,1.0000000000,0.8416000000,250.0000000000,0,0,0,67,0
1204,100,0,1,100,100,0,0,0,0,0,100,100,0.0183883903,16.1537539964,100.0000000000,11.1092649019,1.0000000000,0.8416000000,250.0000000000,0,0,0,67,0
1205,100,0,1,100,100,0,0,0,0,0,100,100,0.0183883903,16.1353656061,100.0000000000,11.1092649019,1.0000000000,0.8416000000,250.0000000000,0,0,0,67,0
1206,100,0,2,100,100,0,0,1,102,394,100,100,0.0305834616,16.1047821445,50.0000000000,11.9508767082,1.0000000000,0.9656320000,217.8883881230,0,0,0,56,0
1207,100,0,2,100,100,0,0,0,0,0,100,100,0.0195716908,16.0852104538,50.0000000000,11.9508767082,1.0000000000,0.8416000000,250.0000000000,0,0,0,56,0
1208,100,0,2,100,100,0,0,0,0,0,100,100,0.0195716908,16.0656387630,50.0000000000,11.9508767082,1.0000000000,0.8416000000,250.0000000000,0,0,0,56,0
1209,100,0,2,100,100,0,0,0,0,0,100,100,0.0195716908,16.0460670722,50.0000000000,11.9508767082,1.0000000000,0.8416000000,250.0000000000,0,0,0,56,0
1210,100,0,2,100,100,0,0,0,0,0,100,100,0.0195716908,16.0264953814,50.0000000000,11.9508767082,1.0000000000,0.8416000000,250.0000000000,0,0,0,56,0
1211,100,0,2,100,100,0,0,1,102,394,100,100,0.0308064806,15.9956889008,50.0000000000,12.2033535372,1.0000000000,0.9656320000,217.8883881230,0,0,0,53,0
1212,100,0,2,100,100,0,0,0,0,0,100,100,0.0200450228,15.9756438780,50.0000000000,12.2033535372,1.0000000000,0.8416000000,250.0000000000,0,0,0,53,0
1213,100,0,2,100,100,0,0,0,0,0,100,100,0.0200450228,15.9555988552,50.0000000000,12.2033535372,1.0000000000,0.8416000000,250.0000000000,0,0,0,53,0
1214,100,0,2,100,100,0,0,0,0,0,100,100,0.0200450228,15.9355538325,50.0000000000,12.2033535372,1.0000000000,0.8416000000,250.0000000000,0,0,0,53,0
1215,100,0,2,100,100,0,0,0,0,0,100,100,0.0200450228,15.9155088097,50.0000000000,12.2033535372,1.0000000000,0.8416000000,250.0000000000,0,0,0,53,0
1216,100,0,1,100,100,0,0,1,101,297,100,100,0.0273228892,15.8881859205,100.0000000000,9.5102280078,1.0000000000,0.9644160000,218.1631163315,0,0,0,86,0
1217,100,0,1,100,100,0,0,0,0,0,100,100,0.0165630076,15.8716229129,100.0000000000,9.5102280078,1.0000000000,0.8416000000,250.0000000000,0,0,0,86,0
1218,100,0,1,100,100,0,0,0,0,0,100,100,0.0165630076,15.8550599052,100.0000000000,9.5102280078,1.0000000000,0.8416000000,250.0000000000,0,0,0,86,0
1219,100,0,1,100,100,0,0,0,0,0,100,100,0.0165630076,15.8384968976,100.0000000000,9.5102280078,1.0000000000,0.8416000000,250.0000000000,0,0,0,86,0
1220,100,0,1,100,100,0,0,0,0,0,100,100,0.0165630076,15.8219338900,100.0000000000,9.5102280078,1.0000000000,0.8416000000,250.0000000000,0,0,0,86,0
1221,100,0,1,100,100,0,0,1,101,297,100,100,0.0275269964,15.7944068936,100.0000000000,10.0993548356,1.0000000000,0.9644160000,218.1631163315,0,0,0,79,0
1222,100,0,1,100,100,0,0,0,0,0,100,100,0.0172071081,15.7771997855,100.0000000000,10.0993548356,1.0000000000,0.8416000000,250.0000000000,0,0,0,79,0
1223,100,0,1,100,100,0,0,0,0,0,100,100,0.0172071081,15.7599926774,100.0000000000,10.0993548356,1.0000000000,0.8416000000,250.0000000000,0,0,0,79,0
1224,100,0,1,100,100,0,0,0,0,0,100,100,0.0172071081,15.7427855693,100.0000000000,10.0993548356,1.0000000000,0.8416000000,250.0000000000,0,0,0,79,0
1225,100,0,1,100,100,0,0,0,0,0,100,100,0.0172071081,15.7255784612,100.0000000000,10.0993548356,1.0000000000,0.8416000000,250.0000000000,0,0,0,79,0
1226,100,0,1,100,100,0,0,1,101,297,100,100,0.0268718036,15.6987066576,100.0000000000,9.5943839875,1.0000000000,0.9644160000,218.1631163315,0,0,0,85,0
1227,100,0,1,100,100,0,0,0,0,0,100,100,0.0165503792,15.6821562784,100.0000000000,9.5943839875,1.0000000000,0.8416000000,250.0000000000,0,0,0,85,0
1228,100,0,1,100,100,0,0,0,0,0,100,100,0.0165503792,15.6656058993,100.0000000000,9.5943839875,1.0000000000,0.8416000000,250.0000000000,0,0,0,85,0
1229,100,0,1,100,100,0,0,0,0,0,100,100,0.0165503792,15.6490555201,100.0000000000,9.5943839875,1.0000000000,0.8416000000,250.0000000000,0,0,0,85,0
1230,100,0,1,100,100,0,0,0,0,0,100,100,0.0165503792,15.6325051410,100.0000000000,9.5943839875,1.0000000000,0.8416000000,250.0000000000,0,0,0,85,0
1231,100,0,1,100,100,0,0,1,101,297,100,100,0.0285408189,15.6039643221,100.0000000000,11.4458989643,1.0000000000,0.9644160000,218.1631163315,0,0,0,63,0
1232,100,0,1,100,100,0,0,0,0,0,100,100,0.0193931552,15.5845711669,100.0000000000,11.4458989643,1.0000000000,0.8416000000,250.0000000000,0,0,0,63,0
1233,100,0,1,100,100,0,0,0,0,0,100,100,0.0193931552,15.5651780116,100.0000000000,11.4458989643,1.0000000000,0.8416000000,250.0000000000,0,0,0,63,0
1234,100,0,1,100,100,0,0,0,0,0,100,100,0.0193931552,15.5457848564,100.0000000000,11.4458989643,1.0000000000,0.8416000000,250.0000000000,0,0,0,63,0
1235,100,0,1,100,100,0,0,0,0,0,100,100,0.0193931552,15.5263917012,100.0000000000,11.4458989643,1.0000000000,0.8416000000,250.0000000000,0,0,0,63,0
1236,100,0,2,100,100,0,0,1,102,394,100,100,0.0299994265,15.4963922747,50.0000000000,11.6142374228,1.0000000000,0.9656320000,217.8883881230,0,0,0,60,0
1237,100,0,2,100,100,0,0,0,0,0,100,100,0.0188103329,15.4775819418,50.0000000000,11.6142374228,1.0000000000,0.8416000000,250.0000000000,0,0,0,60,0
1238,100,0,2,100,100,0,0,0,0,0,100,100,0.0188103329,15.4587716089,50.0000000000,11.6142374228,1.0000000000,0.8416000000,250.0000000000,0,0,0,60,0
1239,100,0,2,100,100,0,0,0,0,0,100,100,0.0188103329,15.4399612760,50.0000000000,11.6142374228,1.0000000000,0.8416000000,250.0000000000,0,0,0,60,0
1240,100,0,2,100,100,0,0,0,0,0,100,100,0.0188103329,15.4211509431,50.0000000000,11.6142374228,1.0000000000,0.8416000000,250.0000000000,0,0,0,60,0
1241,100,0,1,100,100,0,0,1,101,297,100,100,0.0277832876,15.3933676555,100.0000000000,11.1092669044,1.0000000000,0.9644160000,218.1631163315,0,0,0,67,0
1242,100,0,1,100,100,0,0,0,0,0,100,100,0.0183796469,15.3749880086,100.0000000000,11.1092669044,1.0000000000,0.8416000000,250.0000000000,0,0,0,67,0
1243,100,0,1,100,100,0,0,0,0,0,100,100,0.0183796469,15.3566083617,100.0000000000,11.1092669044,1.0000000000,0.8416000000,250.0000000000,0,0,0,67,0
1244,100,0,1,100,100,0,0,0,0,0,100,100,0.0183796469,15.3382287148,100.0000000000,11.1092669044,1.0000000000,0.8416000000,250.0000000000,0,0,0,67,0
1245,100,0,1,100,100,0,0,0,0,0,100,100,0.0183796469,15.3198490679,100.0000000000,11.1092669044,1.0000000000,0.8416000000,250.0000000000,0,0,0,67,0
1246,100,0,3,100,100,0,0,1,103,491,100,100,0.0336811655,15.2861679024,33.3333333333,13.5499378458,1.0000000000,0.9668480000,217.6143509631,0,0,0,36,0
1247,100,0,3,100,100,0,0,0,0,0,100,100,0.0212066771,15.2649612253,33.3333333333,13.5499378458,1.0000000000,0.8416000000,250.0000000000,0,0,0,36,0
1248,100,0,3,100,100,0,0,0,0,0,100,100,0.0212066771,15.2437545482,33.3333333333,13.5499378458,1.0000000000,0.8416000000,250.0000000000,0,0,0,36,0
1249,100,0,3,100,100,0,0,0,0,0,100,100,0.0212066771,15.2225478711,33.3333333333,13.5499378458,1.0000000000,0.8416000000,250.0000000000,0,0,0,36,0
1250,100,0,3,100,100,0,0,0,0,0,100,100,0.0212066771,15.2013411940,33.3333333333,13.5499378458,1.0000000000,0.8416000000,250.0000000000,0,0,0,36,0
1251,100,0,4,100,100,0,0,1,104,588,100,100,0.0334563919,15.1678848021,25.0000000000,11.6142424689,1.0000000000,0.9680640000,217.3410022478,0,0,0,58,0
1252,100,0,4,100,100,0,0,0,0,0,100,100,0.0187625446,15.1491222575,25.0000000000,11.6142424689,1.0000000000,0.8416000000,250.0000000000,0,0,0,58,0
1253,100,0,4,100,100,0,0,0,0,0,100,100,0.0187625446,15.1303597129,25.0000000000,11.6142424689,1.0000000000,0.8416000000,250.0000000000,0,0,0,58,0
1254,100,0,4,100,100,0,0,0,0,0,100,100,0.0187625446,15.1115971683,25.0000000000,11.6142424689,1.0000000000,0.8416000000,250.0000000000,0,0,0,58,0
1255,100,0,4,100,100,0,0,0,0,0,100,100,0.0187625446,15.0928346237,25.0000000000,11.6142424689,1.0000000000,0.8416000000,250.0000000000,0,0,0,58,0
1256,100,0,2,100,100,0,0,1,102,394,100,100,0.0311642427,15.0616703811,50.0000000000,12.6241773086,1.0000000000,0.9656320000,217.8883881230,0,0,0,48,0
1257,100,0,2,100,100,0,0,0,0,0,100,100,0.0202502860,15.0414200951,50.0000000000,12.6241773086,1.0000000000,0.8416000000,250.0000000000,0,0,0,48,0
1258,100,0,2,100,100,0,0,0,0,0,100,100,0.0202502860,15.0211698091,50.0000000000,12.6241773086,1.0000000000,0.8416000000,250.0000000000,0,0,0,48,0
1259,100,0,2,100,100,0,0,0,0,0,100,100,0.0202502860,15.0009195231,50.0000000000,12.6241773086,1.0000000000,0.8416000000,250.0000000000,0,0,0,48,0
1260,100,0,2,100,100,0,0,0,0,0,100,100,0.0202502860,14.9806692371,50.0000000000,12.6241773086,1.0000000000,0.8416000000,250.0000000000,0,0,0,48,0
1261,100,0,3,100,100,0,0,1,103,491,100,100,0.0334505290,14.9472187081,33.3333333333,13.0449644054,1.0000000000,0.9668480000,217.6143509631,0,0,0,42,0
1262,100,0,3,100,100,0,0,0,0,0,100,100,0.0209041262,14.9263145818,33.3333333333,13.0449644054,1.0000000000,0.8416000000,250.0000000000,0,0,0,42,0
1263,100,0,3,100,100,0,0,0,0,0,100,100,0.0209041262,14.9054104556,33.3333333333,13.0449644054,1.0000000000,0.8416000000,250.0000000000,0,0,0,42,0
1264,100,0,3,100,100,0,0,0,0,0,100,100,0.0209041262,14.8845063293,33.3333333333,13.0449644054,1.0000000000,0.8416000000,250.0000000000,0,0,0,42,0
1265,100,0,3,100,100,0,0,0,0,0,100,100,0.0209041262,14.8636022031,33.3333333333,13.0449644054,1.0000000000,0.8416000000,250.0000000000,0,0,0,42,0
1266,100,0,1,100,100,0,0,1,101,297,100,100,0.0287318310,14.8348703721,100.0000000000,11.7825490728,1.0000000000,0.9644160000,218.1631163315,0,0,0,59,0
1267,100,0,1,100,100,0,0,0,0,0,100,100,0.0194873554,14.8153830166,100.0000000000,11.7825490728,1.0000000000,0.8416000000,250.0000000000,0,0,0,59,0
1268,100,0,1,100,100,0,0,0,0,0,100,100,0.0194873554,14.7958956612,100.0000000000,11.7825490728,1.0000000000,0.8416000000,250.0000000000,0,0,0,59,0
1269,100,0,1,100,100,0,0,0,0,0,100,100,0.0194873554,14.7764083057,100.0000000000,11.7825490728,1.0000000000,0.8416000000,250.0000000000,0,0,0,59,0
1270,100,0,1,100,100,0,0,0,0,0,100,100,0.0194873554,14.7569209503,100.0000000000,11.7825490728,1.0000000000,0.8416000000,250.0000000000,0,0,0,59,0
1271,100,0,4,100,100,0,0,1,104,588,100,100,0.0392479191,14.7176730312,25.0000000000,16.2430449106,1.0000000000,0.9680640000,217.3410022478,0,0,0,3,0
1272,100,0,4,100,100,0,0,0,0,0,100,100,0.0251026960,14.6925703352,25.0000000000,16.2430449106,1.0000000000,0.8416000000,250.0000000000,0,0,0,3,0
1273,100,0,4,100,100,0,0,0,0,0,100,100,0.0251026960,14.6674676393,25.0000000000,16.2430449106,1.0000000000,0.8416000000,250.0000000000,0,0,0,3,0
1274,100,0,4,100,100,0,0,0,0,0,100,100,0.0251026960,14.6423649433,25.0000000000,16.2430449106,1.0000000000,0.8416000000,250.0000000000,0,0,0,3,0
1275,100,0,4,100,100,0,0,0,0,0,100,100,0.0251026960,14.6172622473,25.0000000000,16.2430449106,1.0000000000,0.8416000000,250.0000000000,0,0,0,3,0
1276,100,0,4,100,100,0,0,1,104,588,100,100,0.0354394841,14.5818227633,25.0000000000,13.8024259922,1.0000000000,0.9680640000,217.3410022478,0,0,0,32,0
1277,100,0,4,100,100,0,0,0,0,0,100,100,0.0212721240,14.5605506393,25.0000000000,13.8024259922,1.0000000000,0.8416000000,250.0000000000,0,0,0,32,0
1278,100,0,4,100,100,0,0,0,0,0,100,100,0.0212721240,14.5392785154,25.0000000000,13.8024259922,1.0000000000,0.8416000000,250.0000000000,0,0,0,32,0
1279,100,0,4,100,100,0,0,0,0,0,100,100,0.0212721240,14.5180063914,25.0000000000,13.8024259922,1.0000000000,0.8416000000,250.0000000000,0,0,0,32,0
1280,100,0,4,100,100,0,0,0,0,0,100,100,0.0212721240,14.4967342674,25.0000000000,13.8024259922,1.0000000000,0.8416000000,250.0000000000,0,0,0,32,0
1281,100,0,3,100,100,0,0,1,103,491,100,100,0.0313738636,14.4653604039,33.3333333333,11.2775977012,1.0000000000,0.9668480000,217.6143509631,0,0,0,63,0
1282,100,0,3,100,100,0,0,0,0,0,100,100,0.0185182221,14.4468421817,33.3333333333,11.2775977012,1.0000000000,0.8416000000,250.0000000000,0,0,0,63,0
1283,100,0,3,100,100,0,0,0,0,0,100,100,0.0185182221,14.4283239596,33.3333333333,11.2775977012,1.0000000000,0.8416000000,250.0000000000,0,0,0,63,0
1284,100,0,3,100,100,0,0,0,0,0,100,100,0.0185182221,14.4098057374,33.3333333333,11.2775977012,1.0000000000,0.8416000000,250.0000000000,0,0,0,63,0
1285,100,0,3,100,100,0,0,0,0,0,100,100,0.0185182221,14.3912875153,33.3333333333,11.2775977012,1.0000000000,0.8416000000,250.0000000000,0,0,0,63,0
1286,100,0,6,100,100,0,0,1,106,782,100,100,0.0416583525,14.3496291627,16.6666666667,15.8222592328,1.0000000000,0.9704960000,216.7963597995,0,0,0,6,0
1287,100,0,6,100,100,0,0,0,0,0,100,100,0.0240071757,14.3256219870,16.6666666667,15.8222592328,1.0000000000,0.8416000000,250.0000000000,0,0,0,6,0
1288,100,0,6,100,100,0,0,0,0,0,100,100,0.0240071757,14.3016148113,16.6666666667,15.8222592328,1.0000000000,0.8416000000,250.0000000000,0,0,0,6,0
1289,100,0,6,100,100,0,0,0,0,0,100,100,0.0240071757,14.2776076355,16.6666666667,15.8222592328,1.0000000000,0.8416000000,250.0000000000,0,0,0,6,0
1290,100,0,6,100,100,0,0,0,0,0,100,100,0.0240071757,14.2536004598,16.6666666667,15.8222592328,1.0000000000,0.8416000000,250.0000000000,0,0,0,6,0
1291,100,0,11,100,100,0,0,1,111,1267,100,100,0.0500693491,14.2035311107,9.0909090909,15.6539364127,1.0000000000,0.9765760000,215.4466216659,0,0,0,3,0
1292,100,0,11,100,100,0,0,0,0,0,100,100,0.0235096980,14.1800214127,9.0909090909,15.6539364127,1.0000000000,0.8416000000,250.0000000000,0,0,0,3,0
1293,100,0,11,100,100,0,0,0,0,0,100,100,0.0235096980,14.1565117147,9.0909090909,15.6539364127,1.0000000000,0.8416000000,250.0000000000,0,0,0,3,0
1294,100,0,11,100,100,0,0,0,0,0,100,100,0.0235096980,14.1330020167,9.0909090909,15.6539364127,1.0000000000,0.8416000000,250.0000000000,0,0,0,3,0
1295,100,0,11,100,100,0,0,0,0,0,100,100,0.0235096980,14.1094923188,9.0909090909,15.6539364127,1.0000000000,0.8416000000,250.0000000000,0,0,0,3,0
1296,100,0,12,100,100,0,0,1,111,1364,100,100,0.0504774242,14.0590148945,8.3333333333,14.6440175928,1.0000000000,0.9765760000,215.4466216659,0,0,0,14,0
1297,100,0,12,100,100,0,0,0,0,0,100,100,0.0221227445,14.0368921500,8.3333333333,14.6440175928,1.0000000000,0.8416000000,250.0000000000,0,0,0,14,0
1298,100,0,12,100,100,0,0,0,0,0,100,100,0.0221227445,14.0147694054,8.3333333333,14.6440175928,1.0000000000,0.8416000000,250.0000000000,0,0,0,14,0
1299,100,0,12,100,100,0,0,0,0,0,100,100,0.0221227445,13.9926466609,8.3333333333,14.6440175928,1.0000000000,0.8416000000,250.0000000000,0,0,0,14,0
1300,100,0,12,100,100,0,0,0,0,0,100,100,0.0221227445,13.9705239163,8.3333333333,14.6440175928,1.0000000000,0.8416000000,250.0000000000,0,0,0,14,0
1301,100,0,1,100,100,0,0,1,101,297,100,100,0.0277076327,13.9428162836,100.0000000000,10.4359987555,1.0000000000,0.9644160000,218.1631163315,0,0,0,75,0
1302,100,0,1,100,100,0,0,0,0,0,100,100,0.0176957626,13.9251205210,100.0000000000,10.4359987555,1.0000000000,0.8416000000,250.0000000000,0,0,0,75,0
1303,100,0,1,100,100,0,0,0,0,0,100,100,0.0176957626,13.9074247583,100.0000000000,10.4359987555,1.0000000000,0.8416000000,250.0000000000,0,0,0,75,0
1304,100,0,1,100,100,0,0,0,0,0,100,100,0.0176957626,13.8897289957,100.0000000000,10.4359987555,1.0000000000,0.8416000000,250.0000000000,0,0,0,75,0
1305,100,0,1,100,100,0,0,0,0,0,100,100,0.0176957626,13.8720332330,100.0000000000,10.4359987555,1.0000000000,0.8416000000,250.0000000000,0,0,0,75,0
1306,100,0,1,100,100,0,0,1,101,297,100,100,0.0276801789,13.8443530541,100.0000000000,10.8567868713,1.0000000000,0.9644160000,218.1631163315,0,0,0,70,0
1307,100,0,1,100,100,0,0,0,0,0,100,100,0.0183096291,13.8260434250,100.0000000000,10.8567868713,1.0000000000,0.8416000000,250.0000000000,0,0,0,70,0
1308,100,0,1,100,100,0,0,0,0,0,100,100,0.0183096291,13.8077337959,100.0000000000,10.8567868713,1.0000000000,0.8416000000,250.0000000000,0,0,0,70,0
1309,100,0,1,100,100,0,0,0,0,0,100,100,0.0183096291,13.7894241668,100.0000000000,10.8567868713,1.0000000000,0.8416000000,250.0000000000,0,0,0,70,0
1310,100,0,1,100,100,0,0,0,0,0,100,100,0.0183096291,13.7711145377,100.0000000000,10.8567868713,1.0000000000,0.8416000000,250.0000000000,0,0,0,70,0
1311,100,0,1,100,100,0,0,1,101,297,100,100,0.0268742636,13.7442402742,100.0000000000,9.6785448702,1.0000000000,0.9644160000,218.1631163315,0,0,0,84,0
1312,100,0,1,100,100,0,0,0,0,0,100,100,0.0166572764,13.7275829977,100.0000000000,9.6785448702,1.0000000000,0.8416000000,250.0000000000,0,0,0,84,0
1313,100,0,1,100,100,0,0,0,0,0,100,100,0.0166572764,13.7109257213,100.0000000000,9.6785448702,1.0000000000,0.8416000000,250.0000000000,0,0,0,84,0
1314,100,0,1,100,100,0,0,0,0,0,100,100,0.0166572764,13.6942684448,100.0000000000,9.6785448702,1.0000000000,0.8416000000,250.0000000000,0,0,0,84,0
1315,100,0,1,100,100,0,0,0,0,0,100,100,0.0166572764,13.6776111684,100.0000000000,9.6785448702,1.0000000000,0.8416000000,250.0000000000,0,0,0,84,0
1316,100,0,1,100,100,0,0,1,101,297,100,100,0.0297595411,13.6478516273,100.0000000000,12.2874976748,1.0000000000,0.9644160000,218.1631163315,0,0,0,53,0
1317,100,0,1,100,100,0,0,0,0,0,100,100,0.0207116386,13.6271399887,100.0000000000,12.2874976748,1.0000000000,0.8416000000,250.0000000000,0,0,0,53,0
1318,100,0,1,100,100,0,0,0,0,0,100,100,0.0207116386,13.6064283500,100.0000000000,12.2874976748,1.0000000000,0.8416000000,250.0000000000,0,0,0,53,0
1319,100,0,1,100,100,0,0,0,0,0,100,100,0.0207116386,13.5857167114,100.0000000000,12.2874976748,1.0000000000,0.8416000000,250.0000000000,0,0,0,53,0
1320,100,0,1,100,100,0,0,0,0,0,100,100,0.0207116386,13.5650050728,100.0000000000,12.2874976748,1.0000000000,0.8416000000,250.0000000000,0,0,0,53,0
1321,100,0,2,100,100,0,0,1,102,394,100,100,0.0314888943,13.5335161784,50.0000000000,12.9608063024,1.0000000000,0.9656320000,217.8883881230,0,0,0,44,0
1322,100,0,2,100,100,0,0,0,0,0,100,100,0.0207506970,13.5127654814,50.0000000000,12.9608063024,1.0000000000,0.8416000000,250.0000000000,0,0,0,44,0
1323,100,0,2,100,100,0,0,0,0,0,100,100,0.0207506970,13.4920147845,50.0000000000,12.9608063024,1.0000000000,0.8416000000,250.0000000000,0,0,0,44,0
1324,100,0,2,100,100,0,0,0,0,0,100,100,0.0207506970,13.4712640875,50.0000000000,12.9608063024,1.0000000000,0.8416000000,250.0000000000,0,0,0,44,0
1325,100,0,2,100,100,0,0,0,0,0,100,100,0.0207506970,13.4505133905,50.0000000000,12.9608063024,1.0000000000,0.8416000000,250.0000000000,0,0,0,44,0
1326,100,0,1,100,100,0,0,1,101,297,100,100,0.0275203193,13.4229930712,100.0000000000,10.6043125686,1.0000000000,0.9644160000,218.1631163315,0,0,0,73,0
1327,100,0,1,100,100,0,0,0,0,0,100,100,0.0176732385,13.4053198327,100.0000000000,10.6043125686,1.0000000000,0.8416000000,250.0000000000,0,0,0,73,0
1328,100,0,1,100,100,0,0,0,0,0,100,100,0.0176732385,13.3876465942,100.0000000000,10.6043125686,1.0000000000,0.8416000000,250.0000000000,0,0,0,73,0
1329,100,0,1,100,100,0,0,0,0,0,100,100,0.0176732385,13.3699733558,100.0000000000,10.6043125686,1.0000000000,0.8416000000,250.0000000000,0,0,0,73,0
1330,100,0,1,100,100,0,0,0,0,0,100,100,0.0176732385,13.3523001173,100.0000000000,10.6043125686,1.0000000000,0.8416000000,250.0000000000,0,0,0,73,0
1331,100,0,2,100,100,0,0,1,102,394,100,100,0.0308725943,13.3214275230,50.0000000000,12.1191927741,1.0000000000,0.9656320000,217.8883881230,0,0,0,54,0
1332,100,0,2,100,100,0,0,0,0,0,100,100,0.0199523752,13.3014751478,50.0000000000,12.1191927741,1.0000000000,0.8416000000,250.0000000000,0,0,0,54,0
1333,100,0,2,100,100,0,0,0,0,0,100,100,0.0199523752,13.2815227726,50.0000000000,12.1191927741,1.0000000000,0.8416000000,250.0000000000,0,0,0,54,0
1334,100,0,2,100,100,0,0,0,0,0,100,100,0.0199523752,13.2615703973,50.0000000000,12.1191927741,1.0000000000,0.8416000000,250.0000000000,0,0,0,54,0
1335,100,0,2,100,100,0,0,0,0,0,100,100,0.0199523752,13.2416180221,50.0000000000,12.1191927741,1.0000000000,0.8416000000,250.0000000000,0,0,0,54,0
1336,100,0,3,100,100,0,0,1,103,491,100,100,0.0332195402,13.2083984819,33.3333333333,12.8766357624,1.0000000000,0.9668480000,217.6143509631,0,0,0,44,0
1337,100,0,3,100,100,0,0,0,0,0,100,100,0.0207158371,13.1876826448,33.3333333333,12.8766357624,1.0000000000,0.8416000000,250.0000000000,0,0,0,44,0
1338,100,0,3,100,100,0,0,0,0,0,100,100,0.0207158371,13.1669668077,33.3333333333,12.8766357624,1.0000000000,0.8416000000,250.0000000000,0,0,0,44,0
1339,100,0,3,100,100,0,0,0,0,0,100,100,0.0207158371,13.1462509706,33.3333333333,12.8766357624,1.0000000000,0.8416000000,250.0000000000,0,0,0,44,0
1340,100,0,3,100,100,0,0,0,0,0,100,100,0.0207158371,13.1255351336,33.3333333333,12.8766357624,1.0000000000,0.8416000000,250.0000000000,0,0,0,44,0
1341,100,0,3,100,100,0,0,1,103,491,100,100,0.0326972162,13.0928379173,33.3333333333,12.6241577549,1.0000000000,0.9668480000,217.6143509631,0,0,0,47,0
1342,100,0,3,100,100,0,0,0,0,0,100,100,0.0200602914,13.0727776259,33.3333333333,12.6241577549,1.0000000000,0.8416000000,250.0000000000,0,0,0,47,0
1343,100,0,3,100,100,0,0,0,0,0,100,100,0.0200602914,13.0527173344,33.3333333333,12.6241577549,1.0000000000,0.8416000000,250.0000000000,0,0,0,47,0
1344,100,0,3,100,100,0,0,0,0,0,100,100,0.0200602914,13.0326570430,33.3333333333,12.6241577549,1.0000000000,0.8416000000,250.0000000000,0,0,0,47,0
1345,100,0,3,100,100,0,0,0,0,0,100,100,0.0200602914,13.0125967516,33.3333333333,12.6241577549,1.0000000000,0.8416000000,250.0000000000,0,0,0,47,0
1346,100,0,1,100,100,0,0,1,101,297,100,100,0.0277832585,12.9848134931,100.0000000000,11.1092672155,1.0000000000,0.9644160000,218.1631163315,0,0,0,67,0
1347,100,0,1,100,100,0,0,0,0,0,100,100,0.0183711012,12.9664423919,100.0000000000,11.1092672155,1.0000000000,0.8416000000,250.0000000000,0,0,0,67,0
1348,100,0,1,100,100,0,0,0,0,0,100,100,0.0183711012,12.9480712906,100.0000000000,11.1092672155,1.0000000000,0.8416000000,250.0000000000,0,0,0,67,0
1349,100,0,1,100,100,0,0,0,0,0,100,100,0.0183711012,12.9297001894,100.0000000000,11.1092672155,1.0000000000,0.8416000000,250.0000000000,0,0,0,67,0
1350,100,0,1,100,100,0,0,0,0,0,100,100,0.0183711012,12.9113290882,100.0000000000,11.1092672155,1.0000000000,0.8416000000,250.0000000000,0,0,0,67,0
1351,100,0,1,100,100,0,0,1,101,297,100,100,0.0280407761,12.8832883121,100.0000000000,10.8568040537,1.0000000000,0.9644160000,218.1631163315,0,0,0,70,0
1352,100,0,1,100,100,0,0,0,0,0,100,100,0.0181944689,12.8650938432,100.0000000000,10.8568040537,1.0000000000,0.8416000000,250.0000000000,0,0,0,70,0
1353,100,0,1,100,100,0,0,0,0,0,100,100,0.0181944689,12.8468993742,100.0000000000,10.8568040537,1.0000000000,0.8416000000,250.0000000000,0,0,0,70,0
1354,100,0,1,100,100,0,0,0,0,0,100,100,0.0181944689,12.8287049053,100.0000000000,10.8568040537,1.0000000000,0.8416000000,250.0000000000,0,0,0,70,0
1355,100,0,1,100,100,0,0,0,0,0,100,100,0.0181944689,12.8105104363,100.0000000000,10.8568040537,1.0000000000,0.8416000000,250.0000000000,0,0,0,70,0
1356,100,0,2,100,100,0,0,1,102,394,100,100,0.0308203510,12.7796900853,50.0000000000,12.1191973813,1.0000000000,0.9656320000,217.8883881230,0,0,0,54,0
1357,100,0,2,100,100,0,0,0,0,0,100,100,0.0199912329,12.7596988524,50.0000000000,12.1191973813,1.0000000000,0.8416000000,250.0000000000,0,0,0,54,0
1358,100,0,2,100,100,0,0,0,0,0,100,100,0.0199912329,12.7397076196,50.0000000000,12.1191973813,1.0000000000,0.8416000000,250.0000000000,0,0,0,54,0
1359,100,0,2,100,100,0,0,0,0,0,100,100,0.0199912329,12.7197163867,50.0000000000,12.1191973813,1.0000000000,0.8416000000,250.0000000000,0,0,0,54,0
1360,100,0,2,100,100,0,0,0,0,0,100,100,0.0199912329,12.6997251538,50.0000000000,12.1191973813,1.0000000000,0.8416000000,250.0000000000,0,0,0,54,0
1361,100,0,2,100,100,0,0,1,102,394,100,100,0.0297519656,12.6699731883,50.0000000000,11.1092670669,1.0000000000,0.9656320000,217.8883881230,0,0,0,66,0
1362,100,0,2,100,100,0,0,0,0,0,100,100,0.0187022777,12.6512709106,50.0000000000,11.1092670669,1.0000000000,0.8416000000,250.0000000000,0,0,0,66,0
1363,100,0,2,100,100,0,0,0,0,0,100,100,0.0187022777,12.6325686329,50.0000000000,11.1092670669,1.0000000000,0.8416000000,250.0000000000,0,0,0,66,0
1364,100,0,2,100,100,0,0,0,0,0,100,100,0.0187022777,12.6138663551,50.0000000000,11.1092670669,1.0000000000,0.8416000000,250.0000000000,0,0,0,66,0
1365,100,0,2,100,100,0,0,0,0,0,100,100,0.0187022777,12.5951640774,50.0000000000,11.1092670669,1.0000000000,0.8416000000,250.0000000000,0,0,0,66,0
1366,100,0,4,100,100,0,0,1,104,588,100,100,0.0389954124,12.5561686650,25.0000000000,15.9905669959,1.0000000000,0.9680640000,217.3410022478,0,0,0,6,0
1367,100,0,4,100,100,0,0,0,0,0,100,100,0.0248492253,12.5313194397,25.0000000000,15.9905669959,1.0000000000,0.8416000000,250.0000000000,0,0,0,6,0
1368,100,0,4,100,100,0,0,0,0,0,100,100,0.0248492253,12.5064702144,25.0000000000,15.9905669959,1.0000000000,0.8416000000,250.0000000000,0,0,0,6,0
1369,100,0,4,100,100,0,0,0,0,0,100,100,0.0248492253,12.4816209891,25.0000000000,15.9905669959,1.0000000000,0.8416000000,250.0000000000,0,0,0,6,0
1370,100,0,4,100,100,0,0,0,0,0,100,100,0.0248492253,12.4567717638,25.0000000000,15.9905669959,1.0000000000,0.8416000000,250.0000000000,0,0,0,6,0
1371,100,0,4,100,100,0,0,1,104,588,100,100,0.0366842013,12.4200875625,25.0000000000,14.3915329294,1.0000000000,0.9680640000,217.3410022478,0,0,0,25,0
1372,100,0,4,100,100,0,0,0,0,0,100,100,0.0224871785,12.3976003840,25.0000000000,14.3915329294,1.0000000000,0.8416000000,250.0000000000,0,0,0,25,0
1373,100,0,4,100,100,0,0,0,0,0,100,100,0.0224871785,12.3751132054,25.0000000000,14.3915329294,1.0000000000,0.8416000000,250.0000000000,0,0,0,25,0
1374,100,0,4,100,100,0,0,0,0,0,100,100,0.0224871785,12.3526260269,25.0000000000,14.3915329294,1.0000000000,0.8416000000,250.0000000000,0,0,0,25,0
1375,100,0,4,100,100,0,0,0,0,0,100,100,0.0224871785,12.3301388483,25.0000000000,14.3915329294,1.0000000000,0.8416000000,250.0000000000,0,0,0,25,0
1376,100,0,5,100,100,0,0,1,105,685,100,100,0.0386178805,12.2915209678,20.0000000000,14.0548706981,1.0000000000,0.9692800000,217.0683393859,0,0,0,28,0
1377,100,0,5,100,100,0,0,0,0,0,100,100,0.0225233618,12.2689976060,20.0000000000,14.0548706981,1.0000000000,0.8416000000,250.0000000000,0,0,0,28,0
1378,100,0,5,100,100,0,0,0,0,0,100,100,0.0225233618,12.2464742441,20.0000000000,14.0548706981,1.0000000000,0.8416000000,250.0000000000,0,0,0,28,0
1379,100,0,5,100,100,0,0,0,0,0,100,100,0.0225233618,12.2239508823,20.0000000000,14.0548706981,1.0000000000,0.8416000000,250.0000000000,0,0,0,28,0
1380,100,0,5,100,100,0,0,0,0,0,100,100,0.0225233618,12.2014275205,20.0000000000,14.0548706981,1.0000000000,0.8416000000,250.0000000000,0,0,0,28,0
1381,100,0,4,100,100,0,0,1,104,588,100,100,0.0357381511,12.1656893694,25.0000000000,13.8024107467,1.0000000000,0.9680640000,217.3410022478,0,0,0,32,0
1382,100,0,4,100,100,0,0,0,0,0,100,100,0.0215531534,12.1441362161,25.0000000000,13.8024107467,1.0000000000,0.8416000000,250.0000000000,0,0,0,32,0
1383,100,0,4,100,100,0,0,0,0,0,100,100,0.0215531534,12.1225830627,25.0000000000,13.8024107467,1.0000000000,0.8416000000,250.0000000000,0,0,0,32,0
1384,100,0,4,100,100,0,0,0,0,0,100,100,0.0215531534,12.1010299094,25.0000000000,13.8024107467,1.0000000000,0.8416000000,250.0000000000,0,0,0,32,0
1385,100,0,4,100,100,0,0,0,0,0,100,100,0.0215531534,12.0794767560,25.0000000000,13.8024107467,1.0000000000,0.8416000000,250.0000000000,0,0,0,32,0
1386,100,0,5,100,100,0,0,1,105,685,100,100,0.0364584546,12.0430183014,20.0000000000,12.8766470619,1.0000000000,0.9692800000,217.0683393859,0,0,0,42,0
1387,100,0,5,100,100,0,0,0,0,0,100,100,0.0203300189,12.0226882825,20.0000000000,12.8766470619,1.0000000000,0.8416000000,250.0000000000,0,0,0,42,0
1388,100,0,5,100,100,0,0,0,0,0,100,100,0.0203300189,12.0023582636,20.0000000000,12.8766470619,1.0000000000,0.8416000000,250.0000000000,0,0,0,42,0
1389,100,0,5,100,100,0,0,0,0,0,100,100,0.0203300189,11.9820282447,20.0000000000,12.8766470619,1.0000000000,0.8416000000,250.0000000000,0,0,0,42,0
1390,100,0,5,100,100,0,0,0,0,0,100,100,0.0203300189,11.9616982257,20.0000000000,12.8766470619,1.0000000000,0.8416000000,250.0000000000,0,0,0,42,0
1391,100,0,5,100,100,0,0,1,105,685,100,100,0.0383904651,11.9233077606,20.0000000000,14.7281643861,1.0000000000,0.9692800000,217.0683393859,0,0,0,20,0
1392,100,0,5,100,100,0,0,0,0,0,100,100,0.0224895276,11.9008182330,20.0000000000,14.7281643861,1.0000000000,0.8416000000,250.0000000000,0,0,0,20,0
1393,100,0,5,100,100,0,0,0,0,0,100,100,0.0224895276,11.8783287055,20.0000000000,14.7281643861,1.0000000000,0.8416000000,250.0000000000,0,0,0,20,0
1394,100,0,5,100,100,0,0,0,0,0,100,100,0.0224895276,11.8558391779,20.0000000000,14.7281643861,1.0000000000,0.8416000000,250.0000000000,0,0,0,20,0
1395,100,0,5,100,100,0,0,0,0,0,100,100,0.0224895276,11.8333496504,20.0000000000,14.7281643861,1.0000000000,0.8416000000,250.0000000000,0,0,0,20,0
1396,100,0,11,100,100,0,0,1,110,1267,100,100,0.0499565343,11.7833931160,9.0909090909,15.7380822051,1.0000000000,0.9753600000,215.7152230971,0,0,0,2,0
1397,100,0,11,100,100,0,0,0,0,0,100,100,0.0234435827,11.7599495333,9.0909090909,15.7380822051,1.0000000000,0.8416000000,250.0000000000,0,0,0,2,0
1398,100,0,11,100,100,0,0,0,0,0,100,100,0.0234435827,11.7365059506,9.0909090909,15.7380822051,1.0000000000,0.8416000000,250.0000000000,0,0,0,2,0
1399,100,0,11,100,100,0,0,0,0,0,100,100,0.0234435827,11.7130623679,9.0909090909,15.7380822051,1.0000000000,0.8416000000,250.0000000000,0,0,0,2,0
1400,100,0,11,100,100,0,0,0,0,0,100,100,0.0234435827,11.6896187852,9.0909090909,15.7380822051,1.0000000000,0.8416000000,250.0000000000,0,0,0,2,0
1401,100,0,3,100,100,0,0,1,103,491,100,100,0.0326251619,11.6569936233,33.3333333333,12.2875145911,1.0000000000,0.9668480000,217.6143509631,0,0,0,51,0
1402,100,0,3,100,100,0,0,0,0,0,100,100,0.0200044285,11.6369891948,33.3333333333,12.2875145911,1.0000000000,0.8416000000,250.0000000000,0,0,0,51,0
1403,100,0,3,100,100,0,0,0,0,0,100,100,0.0200044285,11.6169847663,33.3333333333,12.2875145911,1.0000000000,0.8416000000,250.0000000000,0,0,0,51,0
1404,100,0,3,100,100,0,0,0,0,0,100,100,0.0200044285,11.5969803378,33.3333333333,12.2875145911,1.0000000000,0.8416000000,250.0000000000,0,0,0,51,0
1405,100,0,3,100,100,0,0,0,0,0,100,100,0.0200044285,11.5769759093,33.3333333333,12.2875145911,1.0000000000,0.8416000000,250.0000000000,0,0,0,51,0
1406,100,0,1,100,100,0,0,1,101,297,100,100,0.0287227034,11.5482532059,100.0000000000,11.7825479404,1.0000000000,0.9644160000,218.1631163315,0,0,0,59,0
1407,100,0,1,100,100,0,0,0,0,0,100,100,0.0194926781,11.5287605278,100.0000000000,11.7825479404,1.0000000000,0.8416000000,250.0000000000,0,0,0,59,0
1408,100,0,1,100,100,0,0,0,0,0,100,100,0.0194926781,11.5092678497,100.0000000000,11.7825479404,1.0000000000,0.8416000000,250.0000000000,0,0,0,59,0
1409,100,0,1,100,100,0,0,0,0,0,100,100,0.0194926781,11.4897751716,100.0000000000,11.7825479404,1.0000000000,0.8416000000,250.0000000000,0,0,0,59,0
1410,100,0,1,100,100,0,0,0,0,0,100,100,0.0194926781,11.4702824936,100.0000000000,11.7825479404,1.0000000000,0.8416000000,250.0000000000,0,0,0,59,0
1411,100,0,1,100,100,0,0,1,101,297,100,100,0.0293506768,11.4409318167,100.0000000000,12.0350204789,1.0000000000,0.9644160000,218.1631163315,0,0,0,56,0
1412,100,0,1,100,100,0,0,0,0,0,100,100,0.0202643213,11.4206674954,100.0000000000,12.0350204789,1.0000000000,0.8416000000,250.0000000000,0,0,0,56,0
1413,100,0,1,100,100,0,0,0,0,0,100,100,0.0202643213,11.4004031742,100.0000000000,12.0350204789,1.0000000000,0.8416000000,250.0000000000,0,0,0,56,0
1414,100,0,1,100,100,0,0,0,0,0,100,100,0.0202643213,11.3801388529,100.0000000000,12.0350204789,1.0000000000,0.8416000000,250.0000000000,0,0,0,56,0
1415,100,0,1,100,100,0,0,0,0,0,100,100,0.0202643213,11.3598745316,100.0000000000,12.0350204789,1.0000000000,0.8416000000,250.0000000000,0,0,0,56,0
1416,100,0,1,100,100,0,0,1,101,297,100,100,0.0286645025,11.3312100291,100.0000000000,11.6142246109,1.0000000000,0.9644160000,218.1631163315,0,0,0,61,0
1417,100,0,1,100,100,0,0,0,0,0,100,100,0.0194416777,11.3117683514,100.0000000000,11.6142246109,1.0000000000,0.8416000000,250.0000000000,0,0,0,61,0
1418,100,0,1,100,100,0,0,0,0,0,100,100,0.0194416777,11.2923266736,100.0000000000,11.6142246109,1.0000000000,0.8416000000,250.0000000000,0,0,0,61,0
1419,100,0,1,100,100,0,0,0,0,0,100,100,0.0194416777,11.2728849959,100.0000000000,11.6142246109,1.0000000000,0.8416000000,250.0000000000,0,0,0,61,0
1420,100,0,1,100,100,0,0,0,0,0,100,100,0.0194416777,11.2534433181,100.0000000000,11.6142246109,1.0000000000,0.8416000000,250.0000000000,0,0,0,61,0
1421,100,0,1,100,100,0,0,1,101,297,100,100,0.0283000255,11.2251432926,100.0000000000,10.9409667095,1.0000000000,0.9644160000,218.1631163315,0,0,0,69,0
1422,100,0,1,100,100,0,0,0,0,0,100,100,0.0183850934,11.2067581992,100.0000000000,10.9409667095,1.0000000000,0.8416000000,250.0000000000,0,0,0,69,0
1423,100,0,1,100,100,0,0,0,0,0,100,100,0.0183850934,11.1883731059,100.0000000000,10.9409667095,1.0000000000,0.8416000000,250.0000000000,0,0,0,69,0
1424,100,0,1,100,100,0,0,0,0,0,100,100,0.0183850934,11.1699880125,100.0000000000,10.9409667095,1.0000000000,0.8416000000,250.0000000000,0,0,0,69,0
1425,100,0,1,100,100,0,0,0,0,0,100,100,0.0183850934,11.1516029191,100.0000000000,10.9409667095,1.0000000000,0.8416000000,250.0000000000,0,0,0,69,0
1426,100,0,2,100,100,0,0,1,102,394,100,100,0.0336240305,11.1179788886,50.0000000000,14.2231893801,1.0000000000,0.9656320000,217.8883881230,0,0,0,29,0
1427,100,0,2,100,100,0,0,0,0,0,100,100,0.0229010261,11.0950778625,50.0000000000,14.2231893801,1.0000000000,0.8416000000,250.0000000000,0,0,0,29,0
1428,100,0,2,100,100,0,0,0,0,0,100,100,0.0229010261,11.0721768364,50.0000000000,14.2231893801,1.0000000000,0.8416000000,250.0000000000,0,0,0,29,0
1429,100,0,2,100,100,0,0,0,0,0,100,100,0.0229010261,11.0492758104,50.0000000000,14.2231893801,1.0000000000,0.8416000000,250.0000000000,0,0,0,29,0
1430,100,0,2,100,100,0,0,0,0,0,100,100,0.0229010261,11.0263747843,50.0000000000,14.2231893801,1.0000000000,0.8416000000,250.0000000000,0,0,0,29,0
1431,100,0,1,100,100,0,0,1,101,297,100,100,0.0274921539,10.9988826303,100.0000000000,10.7726289262,1.0000000000,0.9644160000,218.1631163315,0,0,0,71,0
1432,100,0,1,100,100,0,0,0,0,0,100,100,0.0179098738,10.9809727565,100.0000000000,10.7726289262,1.0000000000,0.8416000000,250.0000000000,0,0,0,71,0
1433,100,0,1,100,100,0,0,0,0,0,100,100,0.0179098738,10.9630628826,100.0000000000,10.7726289262,1.0000000000,0.8416000000,250.0000000000,0,0,0,71,0
1434,100,0,1,100,100,0,0,0,0,0,100,100,0.0179098738,10.9451530088,100.0000000000,10.7726289262,1.0000000000,0.8416000000,250.0000000000,0,0,0,71,0
1435,100,0,1,100,100,0,0,0,0,0,100,100,0.0179098738,10.9272431350,100.0000000000,10.7726289262,1.0000000000,0.8416000000,250.0000000000,0,0,0,71,0
1436,100,0,1,100,100,0,0,1,101,297,100,100,0.0277874823,10.8994556527,100.0000000000,11.1092668015,1.0000000000,0.9644160000,218.1631163315,0,0,0,67,0
1437,100,0,1,100,100,0,0,0,0,0,100,100,0.0183939113,10.8810617413,100.0000000000,11.1092668015,1.0000000000,0.8416000000,250.0000000000,0,0,0,67,0
1438,100,0,1,100,100,0,0,0,0,0,100,100,0.0183939113,10.8626678300,100.0000000000,11.1092668015,1.0000000000,0.8416000000,250.0000000000,0,0,0,67,0
1439,100,0,1,100,100,0,0,0,0,0,100,100,0.0183939113,10.8442739187,100.0000000000,11.1092668015,1.0000000000,0.8416000000,250.0000000000,0,0,0,67,0
1440,100,0,1,100,100,0,0,0,0,0,100,100,0.0183939113,10.8258800073,100.0000000000,11.1092668015,1.0000000000,0.8416000000,250.0000000000,0,0,0,67,0
1441,100,0,1,100,100,0,0,1,101,297,100,100,0.0283279394,10.7975520680,100.0000000000,11.2775889181,1.0000000000,0.9644160000,218.1631163315,0,0,0,65,0
1442,100,0,1,100,100,0,0,0,0,0,100,100,0.0189553522,10.7785967158,100.0000000000,11.2775889181,1.0000000000,0.8416000000,250.0000000000,0,0,0,65,0
1443,100,0,1,100,100,0,0,0,0,0,100,100,0.0189553522,10.7596413637,100.0000000000,11.2775889181,1.0000000000,0.8416000000,250.0000000000,0,0,0,65,0
1444,100,0,1,100,100,0,0,0,0,0,100,100,0.0189553522,10.7406860115,100.0000000000,11.2775889181,1.0000000000,0.8416000000,250.0000000000,0,0,0,65,0
1445,100,0,1,100,100,0,0,0,0,0,100,100,0.0189553522,10.7217306593,100.0000000000,11.2775889181,1.0000000000,0.8416000000,250.0000000000,0,0,0,65,0
1446,100,0,2,100,100,0,0,1,102,394,100,100,0.0343148246,10.6874158347,50.0000000000,14.8964819375,1.0000000000,0.9656320000,217.8883881230,0,0,0,21,0
1447,100,0,2,100,100,0,0,0,0,0,100,100,0.0236599500,10.6637558847,50.0000000000,14.8964819375,1.0000000000,0.8416000000,250.0000000000,0,0,0,21,0
1448,100,0,2,100,100,0,0,0,0,0,100,100,0.0236599500,10.6400959347,50.0000000000,14.8964819375,1.0000000000,0.8416000000,250.0000000000,0,0,0,21,0
1449,100,0,2,100,100,0,0,0,0,0,100,100,0.0236599500,10.6164359846,50.0000000000,14.8964819375,1.0000000000,0.8416000000,250.0000000000,0,0,0,21,0
1450,100,0,2,100,100,0,0,0,0,0,100,100,0.0236599500,10.5927760346,50.0000000000,14.8964819375,1.0000000000,0.8416000000,250.0000000000,0,0,0,21,0
1451,100,0,1,100,100,0,0,1,101,297,100,100,0.0279407715,10.5648352631,100.0000000000,10.8567922018,1.0000000000,0.9644160000,218.1631163315,0,0,0,70,0
1452,100,0,1,100,100,0,0,0,0,0,100,100,0.0184111154,10.5464241477,100.0000000000,10.8567922018,1.0000000000,0.8416000000,250.0000000000,0,0,0,70,0
1453,100,0,1,100,100,0,0,0,0,0,100,100,0.0184111154,10.5280130323,100.0000000000,10.8567922018,1.0000000000,0.8416000000,250.0000000000,0,0,0,70,0
1454,100,0,1,100,100,0,0,0,0,0,100,100,0.0184111154,10.5096019168,100.0000000000,10.8567922018,1.0000000000,0.8416000000,250.0000000000,0,0,0,70,0
1455,100,0,1,100,100,0,0,0,0,0,100,100,0.0184111154,10.4911908014,100.0000000000,10.8567922018,1.0000000000,0.8416000000,250.0000000000,0,0,0,70,0
1456,100,0,4,100,100,0,0,1,104,588,100,100,0.0370062527,10.4541845487,25.0000000000,14.8964964905,1.0000000000,0.9680640000,217.3410022478,0,0,0,19,0
1457,100,0,4,100,100,0,0,0,0,0,100,100,0.0228822037,10.4313023450,25.0000000000,14.8964964905,1.0000000000,0.8416000000,250.0000000000,0,0,0,19,0
1458,100,0,4,100,100,0,0,0,0,0,100,100,0.0228822037,10.4084201413,25.0000000000,14.8964964905,1.0000000000,0.8416000000,250.0000000000,0,0,0,19,0
1459,100,0,4,100,100,0,0,0,0,0,100,100,0.0228822037,10.3855379376,25.0000000000,14.8964964905,1.0000000000,0.8416000000,250.0000000000,0,0,0,19,0
1460,100,0,4,100,100,0,0,0,0,0,100,100,0.0228822037,10.3626557340,25.0000000000,14.8964964905,1.0000000000,0.8416000000,250.0000000000,0,0,0,19,0
1461,100,0,2,100,100,0,0,1,102,394,100,100,0.0306405656,10.3320151683,50.0000000000,12.2875198812,1.0000000000,0.9656320000,217.8883881230,0,0,0,52,0
1462,100,0,2,100,100,0,0,0,0,0,100,100,0.0197557035,10.3122594649,50.0000000000,12.2875198812,1.0000000000,0.8416000000,250.0000000000,0,0,0,52,0
1463,100,0,2,100,100,0,0,0,0,0,100,100,0.0197557035,10.2925037614,50.0000000000,12.2875198812,1.0000000000,0.8416000000,250.0000000000,0,0,0,52,0
1464,100,0,2,100,100,0,0,0,0,0,100,100,0.0197557035,10.2727480580,50.0000000000,12.2875198812,1.0000000000,0.8416000000,250.0000000000,0,0,0,52,0
1465,100,0,2,100,100,0,0,0,0,0,100,100,0.0197557035,10.2529923545,50.0000000000,12.2875198812,1.0000000000,0.8416000000,250.0000000000,0,0,0,52,0
1466,100,0,5,100,100,0,0,1,105,685,100,100,0.0351517601,10.2178405944,20.0000000000,11.5300772553,1.0000000000,0.9692800000,217.0683393859,0,0,0,58,0
1467,100,0,5,100,100,0,0,0,0,0,100,100,0.0187959569,10.1990446375,20.0000000000,11.5300772553,1.0000000000,0.8416000000,250.0000000000,0,0,0,58,0
1468,100,0,5,100,100,0,0,0,0,0,100,100,0.0187959569,10.1802486805,20.0000000000,11.5300772553,1.0000000000,0.8416000000,250.0000000000,0,0,0,58,0
1469,100,0,5,100,100,0,0,0,0,0,100,100,0.0187959569,10.1614527236,20.0000000000,11.5300772553,1.0000000000,0.8416000000,250.0000000000,0,0,0,58,0
1470,100,0,5,100,100,0,0,0,0,0,100,100,0.0187959569,10.1426567666,20.0000000000,11.5300772553,1.0000000000,0.8416000000,250.0000000000,0,0,0,58,0
1471,100,0,5,100,100,0,0,1,105,685,100,100,0.0367805682,10.1058761984,20.0000000000,13.2974477659,1.0000000000,0.9692800000,217.0683393859,0,0,0,37,0
1472,100,0,5,100,100,0,0,0,0,0,100,100,0.0207743107,10.0851018877,20.0000000000,13.2974477659,1.0000000000,0.8416000000,250.0000000000,0,0,0,37,0
1473,100,0,5,100,100,0,0,0,0,0,100,100,0.0207743107,10.0643275769,20.0000000000,13.2974477659,1.0000000000,0.8416000000,250.0000000000,0,0,0,37,0
1474,100,0,5,100,100,0,0,0,0,0,100,100,0.0207743107,10.0435532662,20.0000000000,13.2974477659,1.0000000000,0.8416000000,250.0000000000,0,0,0,37,0
1475,100,0,5,100,100,0,0,0,0,0,100,100,0.0207743107,10.0227789554,20.0000000000,13.2974477659,1.0000000000,0.8416000000,250.0000000000,0,0,0,37,0
1476,100,0,5,100,100,0,0,1,105,685,100,100,0.0369726399,9.9858063155,20.0000000000,13.1291095983,1.0000000000,0.9692800000,217.0683393859,0,0,0,39,0
1477,100,0,5,100,100,0,0,0,0,0,100,100,0.0208464497,9.9649598658,20.0000000000,13.1291095983,1.0000000000,0.8416000000,250.0000000000,0,0,0,39,0
1478,100,0,5,100,100,0,0,0,0,0,100,100,0.0208464497,9.9441134160,20.0000000000,13.1291095983,1.0000000000,0.8416000000,250.0000000000,0,0,0,39,0
1479,100,0,5,100,100,0,0,0,0,0,100,100,0.0208464497,9.9232669663,20.0000000000,13.1291095983,1.0000000000,0.8416000000,250.0000000000,0,0,0,39,0
1480,100,0,5,100,100,0,0,0,0,0,100,100,0.0208464497,9.9024205166,20.0000000000,13.1291095983,1.0000000000,0.8416000000,250.0000000000,0,0,0,39,0
1481,100,0,2,100,100,0,0,1,102,394,100,100,0.0299558405,9.8724646760,50.0000000000,11.5300798707,1.0000000000,0.9656320000,217.8883881230,0,0,0,61,0
1482,100,0,2,100,100,0,0,0,0,0,100,100,0.0187795285,9.8536851476,50.0000000000,11.5300798707,1.0000000000,0.8416000000,250.0000000000,0,0,0,61,0
1483,100,0,2,100,100,0,0,0,0,0,100,100,0.0187795285,9.8349056191,50.0000000000,11.5300798707,1.0000000000,0.8416000000,250.0000000000,0,0,0,61,0
1484,100,0,2,100,100,0,0,0,0,0,100,100,0.0187795285,9.8161260906,50.0000000000,11.5300798707,1.0000000000,0.8416000000,250.0000000000,0,0,0,61,0
1485,100,0,2,100,100,0,0,0,0,0,100,100,0.0187795285,9.7973465621,50.0000000000,11.5300798707,1.0000000000,0.8416000000,250.0000000000,0,0,0,61,0
1486,100,0,7,100,100,0,0,1,107,879,100,100,0.0418048502,9.7555417118,14.2857142857,14.8965073358,1.0000000000,0.9717120000,216.5250609234,0,0,0,16,0
1487,100,0,7,100,100,0,0,0,0,0,100,100,0.0223895894,9.7331521224,14.2857142857,14.8965073358,1.0000000000,0.8416000000,250.0000000000,0,0,0,16,0
1488,100,0,7,100,100,0,0,0,0,0,100,100,0.0223895894,9.7107625331,14.2857142857,14.8965073358,1.0000000000,0.8416000000,250.0000000000,0,0,0,16,0
1489,100,0,7,100,100,0,0,0,0,0,100,100,0.0223895894,9.6883729437,14.2857142857,14.8965073358,1.0000000000,0.8416000000,250.0000000000,0,0,0,16,0
1490,100,0,7,100,100,0,0,0,0,0,100,100,0.0223895894,9.6659833543,14.2857142857,14.8965073358,1.0000000000,0.8416000000,250.0000000000,0,0,0,16,0
1491,100,0,5,100,100,0,0,1,105,685,100,100,0.0381673902,9.6278159641,20.0000000000,13.7182347039,1.0000000000,0.9692800000,217.0683393859,0,0,0,32,0
1492,100,0,5,100,100,0,0,0,0,0,100,100,0.0220719126,9.6057440515,20.0000000000,13.7182347039,1.0000000000,0.8416000000,250.0000000000,0,0,0,32,0
1493,100,0,5,100,100,0,0,0,0,0,100,100,0.0220719126,9.5836721389,20.0000000000,13.7182347039,1.0000000000,0.8416000000,250.0000000000,0,0,0,32,0
1494,100,0,5,100,100,0,0,0,0,0,100,100,0.0220719126,9.5616002263,20.0000000000,13.7182347039,1.0000000000,0.8416000000,250.0000000000,0,0,0,32,0
1495,100,0,5,100,100,0,0,0,0,0,100,100,0.0220719126,9.5395283136,20.0000000000,13.7182347039,1.0000000000,0.8416000000,250.0000000000,0,0,0,32,0
1496,100,0,9,100,100,0,0,1,109,1073,100,100,0.0461704493,9.4933578643,11.1111111111,15.4014523469,1.0000000000,0.9741440000,215.9844951054,0,0,0,8,0
1497,100,0,9,100,100,0,0,0,0,0,100,100,0.0231954245,9.4701624398,11.1111111111,15.4014523469,1.0000000000,0.8416000000,250.0000000000,0,0,0,8,0
1498,100,0,9,100,100,0,0,0,0,0,100,100,0.0231954245,9.4469670153,11.1111111111,15.4014523469,1.0000000000,0.8416000000,250.0000000000,0,0,0,8,0
1499,100,0,9,100,100,0,0,0,0,0,100,100,0.0231954245,9.4237715907,11.1111111111,15.4014523469,1.0000000000,0.8416000000,250.0000000000,0,0,0,8,0
1500,100,0,9,100,100,0,0,0,0,0,100,100,0.0231954245,9.4005761662,11.1111111111,15.4014523469,1.0000000000,0.8416000000,250.0000000000,0,0,0,8,0
1501,100,0,1,100,100,0,0,1,101,297,100,100,0.0271297088,9.3734464574,100.0000000000,10.4359835627,1.0000000000,0.9644160000,218.1631163315,0,0,0,75,0
1502,100,0,1,100,100,0,0,0,0,0,100,100,0.0177005493,9.3557459082,100.0000000000,10.4359835627,1.0000000000,0.8416000000,250.0000000000,0,0,0,75,0
1503,100,0,1,100,100,0,0,0,0,0,100,100,0.0177005493,9.3380453589,100.0000000000,10.4359835627,1.0000000000,0.8416000000,250.0000000000,0,0,0,75,0
1504,100,0,1,100,100,0,0,0,0,0,100,100,0.0177005493,9.3203448096,100.0000000000,10.4359835627,1.0000000000,0.8416000000,250.0000000000,0,0,0,75,0
1505,100,0,1,100,100,0,0,0,0,0,100,100,0.0177005493,9.3026442603,100.0000000000,10.4359835627,1.0000000000,0.8416000000,250.0000000000,0,0,0,75,0
1506,100,0,1,100,100,0,0,1,101,297,100,100,0.0286677360,9.2739765243,100.0000000000,11.6142211594,1.0000000000,0.9644160000,218.1631163315,0,0,0,61,0
1507,100,0,1,100,100,0,0,0,0,0,100,100,0.0195444814,9.2544320429,100.0000000000,11.6142211594,1.0000000000,0.8416000000,250.0000000000,0,0,0,61,0
1508,100,0,1,100,100,0,0,0,0,0,100,100,0.0195444814,9.2348875615,100.0000000000,11.6142211594,1.0000000000,0.8416000000,250.0000000000,0,0,0,61,0
1509,100,0,1,100,100,0,0,0,0,0,100,100,0.0195444814,9.2153430801,100.0000000000,11.6142211594,1.0000000000,0.8416000000,250.0000000000,0,0,0,61,0
1510,100,0,1,100,100,0,0,0,0,0,100,100,0.0195444814,9.1957985987,100.0000000000,11.6142211594,1.0000000000,0.8416000000,250.0000000000,0,0,0,61,0
1511,100,0,1,100,100,0,0,1,101,297,100,100,0.0271490121,9.1686495866,100.0000000000,10.0151904019,1.0000000000,0.9644160000,218.1631163315,0,0,0,80,0
1512,100,0,1,100,100,0,0,0,0,0,100,100,0.0170375795,9.1516120071,100.0000000000,10.0151904019,1.0000000000,0.8416000000,250.0000000000,0,0,0,80,0
1513,100,0,1,100,100,0,0,0,0,0,100,100,0.0170375795,9.1345744276,100.0000000000,10.0151904019,1.0000000000,0.8416000000,250.0000000000,0,0,0,80,0
1514,100,0,1,100,100,0,0,0,0,0,100,100,0.0170375795,9.1175368481,100.0000000000,10.0151904019,1.0000000000,0.8416000000,250.0000000000,0,0,0,80,0
1515,100,0,1,100,100,0,0,0,0,0,100,100,0.0170375795,9.1004992687,100.0000000000,10.0151904019,1.0000000000,0.8416000000,250.0000000000,0,0,0,80,0
1516,100,0,2,100,100,0,0,1,102,394,100,100,0.0308051571,9.0696941115,50.0000000000,12.3716848805,1.0000000000,0.9656320000,217.8883881230,0,0,0,51,0
1517,100,0,2,100,100,0,0,0,0,0,100,100,0.0199486947,9.0497454169,50.0000000000,12.3716848805,1.0000000000,0.8416000000,250.0000000000,0,0,0,51,0
1518,100,0,2,100,100,0,0,0,0,0,100,100,0.0199486947,9.0297967222,50.0000000000,12.3716848805,1.0000000000,0.8416000000,250.0000000000,0,0,0,51,0
1519,100,0,2,100,100,0,0,0,0,0,100,100,0.0199486947,9.0098480276,50.0000000000,12.3716848805,1.0000000000,0.8416000000,250.0000000000,0,0,0,51,0
1520,100,0,2,100,100,0,0,0,0,0,100,100,0.0199486947,8.9898993329,50.0000000000,12.3716848805,1.0000000000,0.8416000000,250.0000000000,0,0,0,51,0
1521,100,0,1,100,100,0,0,1,101,297,100,100,0.0291052808,8.9607940521,100.0000000000,11.9508749329,1.0000000000,0.9644160000,218.1631163315,0,0,0,57,0
1522,100,0,1,100,100,0,0,0,0,0,100,100,0.0198115337,8.9409825184,100.0000000000,11.9508749329,1.0000000000,0.8416000000,250.0000000000,0,0,0,57,0
1523,100,0,1,100,100,0,0,0,0,0,100,100,0.0198115337,8.9211709846,100.0000000000,11.9508749329,1.0000000000,0.8416000000,250.0000000000,0,0,0,57,0
1524,100,0,1,100,100,0,0,0,0,0,100,100,0.0198115337,8.9013594509,100.0000000000,11.9508749329,1.0000000000,0.8416000000,250.0000000000,0,0,0,57,0
1525,100,0,1,100,100,0,0,0,0,0,100,100,0.0198115337,8.8815479172,100.0000000000,11.9508749329,1.0000000000,0.8416000000,250.0000000000,0,0,0,57,0
1526,100,0,1,100,100,0,0,1,101,297,100,100,0.0268718036,8.8546761135,100.0000000000,9.5943839875,1.0000000000,0.9644160000,218.1631163315,0,0,0,85,0
1527,100,0,1,100,100,0,0,0,0,0,100,100,0.0165503792,8.8381257343,100.0000000000,9.5943839875,1.0000000000,0.8416000000,250.0000000000,0,0,0,85,0
1528,100,0,1,100,100,0,0,0,0,0,100,100,0.0165503792,8.8215753552,100.0000000000,9.5943839875,1.0000000000,0.8416000000,250.0000000000,0,0,0,85,0
1529,100,0,1,100,100,0,0,0,0,0,100,100,0.0165503792,8.8050249760,100.0000000000,9.5943839875,1.0000000000,0.8416000000,250.0000000000,0,0,0,85,0
1530,100,0,1,100,100,0,0,0,0,0,100,100,0.0165503792,8.7884745969,100.0000000000,9.5943839875,1.0000000000,0.8416000000,250.0000000000,0,0,0,85,0
1531,100,0,1,100,100,0,0,1,101,297,100,100,0.0277365760,8.7607380209,100.0000000000,11.1092649019,1.0000000000,0.9644160000,218.1631163315,0,0,0,67,0
1532,100,0,1,100,100,0,0,0,0,0,100,100,0.0183883903,8.7423496306,100.0000000000,11.1092649019,1.0000000000,0.8416000000,250.0000000000,0,0,0,67,0
1533,100,0,1,100,100,0,0,0,0,0,100,100,0.0183883903,8.7239612403,100.0000000000,11.1092649019,1.0000000000,0.8416000000,250.0000000000,0,0,0,67,0
1534,100,0,1,100,100,0,0,0,0,0,100,100,0.0183883903,8.7055728500,100.0000000000,11.1092649019,1.0000000000,0.8416000000,250.0000000000,0,0,0,67,0
1535,100,0,1,100,100,0,0,0,0,0,100,100,0.0183883903,8.6871844597,100.0000000000,11.1092649019,1.0000000000,0.8416000000,250.0000000000,0,0,0,67,0
1536,100,0,2,100,100,0,0,1,102,394,100,100,0.0293291773,8.6578552823,50.0000000000,10.5201578240,1.0000000000,0.9656320000,217.8883881230,0,0,0,73,0
1537,100,0,2,100,100,0,0,0,0,0,100,100,0.0177532935,8.6401019889,50.0000000000,10.5201578240,1.0000000000,0.8416000000,250.0000000000,0,0,0,73,0
1538,100,0,2,100,100,0,0,0,0,0,100,100,0.0177532935,8.6223486954,50.0000000000,10.5201578240,1.0000000000,0.8416000000,250.0000000000,0,0,0,73,0
1539,100,0,2,100,100,0,0,0,0,0,100,100,0.0177532935,8.6045954019,50.0000000000,10.5201578240,1.0000000000,0.8416000000,250.0000000000,0,0,0,73,0
1540,100,0,2,100,100,0,0,0,0,0,100,100,0.0177532935,8.5868421085,50.0000000000,10.5201578240,1.0000000000,0.8416000000,250.0000000000,0,0,0,73,0
1541,100,0,2,100,100,0,0,1,102,394,100,100,0.0311467460,8.5556953624,50.0000000000,12.8766425679,1.0000000000,0.9656320000,217.8883881230,0,0,0,45,0
1542,100,0,2,100,100,0,0,0,0,0,100,100,0.0203700223,8.5353253401,50.0000000000,12.8766425679,1.0000000000,0.8416000000,250.0000000000,0,0,0,45,0
1543,100,0,2,100,100,0,0,0,0,0,100,100,0.0203700223,8.5149553178,50.0000000000,12.8766425679,1.0000000000,0.8416000000,250.0000000000,0,0,0,45,0
1544,100,0,2,100,100,0,0,0,0,0,100,100,0.0203700223,8.4945852954,50.0000000000,12.8766425679,1.0000000000,0.8416000000,250.0000000000,0,0,0,45,0
1545,100,0,2,100,100,0,0,0,0,0,100,100,0.0203700223,8.4742152731,50.0000000000,12.8766425679,1.0000000000,0.8416000000,250.0000000000,0,0,0,45,0
1546,100,0,2,100,100,0,0,1,102,394,100,100,0.0313161524,8.4428991207,50.0000000000,12.8766549286,1.0000000000,0.9656320000,217.8883881230,0,0,0,45,0
1547,100,0,2,100,100,0,0,0,0,0,100,100,0.0205064768,8.4223926439,50.0000000000,12.8766549286,1.0000000000,0.8416000000,250.0000000000,0,0,0,45,0
1548,100,0,2,100,100,0,0,0,0,0,100,100,0.0205064768,8.4018861672,50.0000000000,12.8766549286,1.0000000000,0.8416000000,250.0000000000,0,0,0,45,0
1549,100,0,2,100,100,0,0,0,0,0,100,100,0.0205064768,8.3813796904,50.0000000000,12.8766549286,1.0000000000,0.8416000000,250.0000000000,0,0,0,45,0
1550,100,0,2,100,100,0,0,0,0,0,100,100,0.0205064768,8.3608732137,50.0000000000,12.8766549286,1.0000000000,0.8416000000,250.0000000000,0,0,0,45,0
1551,100,0,2,100,100,0,0,1,102,394,100,100,0.0316729557,8.3292002580,50.0000000000,12.9607910775,1.0000000000,0.9656320000,217.8883881230,0,0,0,44,0
1552,100,0,2,100,100,0,0,0,0,0,100,100,0.0209514953,8.3082487627,50.0000000000,12.9607910775,1.0000000000,0.8416000000,250.0000000000,0,0,0,44,0
1553,100,0,2,100,100,0,0,0,0,0,100,100,0.0209514953,8.2872972674,50.0000000000,12.9607910775,1.0000000000,0.8416000000,250.0000000000,0,0,0,44,0
1554,100,0,2,100,100,0,0,0,0,0,100,100,0.0209514953,8.2663457720,50.0000000000,12.9607910775,1.0000000000,0.8416000000,250.0000000000,0,0,0,44,0
1555,100,0,2,100,100,0,0,0,0,0,100,100,0.0209514953,8.2453942767,50.0000000000,12.9607910775,1.0000000000,0.8416000000,250.0000000000,0,0,0,44,0
1556,100,0,1,100,100,0,0,1,101,297,100,100,0.0279407715,8.2174535052,100.0000000000,10.8567922018,1.0000000000,0.9644160000,218.1631163315,0,0,0,70,0
1557,100,0,1,100,100,0,0,0,0,0,100,100,0.0184111154,8.1990423898,100.0000000000,10.8567922018,1.0000000000,0.8416000000,250.0000000000,0,0,0,70,0
1558,100,0,1,100,100,0,0,0,0,0,100,100,0.0184111154,8.1806312744,100.0000000000,10.8567922018,1.0000000000,0.8416000000,250.0000000000,0,0,0,70,0
1559,100,0,1,100,100,0,0,0,0,0,100,100,0.0184111154,8.1622201589,100.0000000000,10.8567922018,1.0000000000,0.8416000000,250.0000000000,0,0,0,70,0
1560,100,0,1,100,100,0,0,0,0,0,100,100,0.0184111154,8.1438090435,100.0000000000,10.8567922018,1.0000000000,0.8416000000,250.0000000000,0,0,0,70,0
1561,100,0,1,100,100,0,0,1,101,297,100,100,0.0274716683,8.1163373752,100.0000000000,10.6043051259,1.0000000000,0.9644160000,218.1631163315,0,0,0,73,0
1562,100,0,1,100,100,0,0,0,0,0,100,100,0.0180206224,8.0983167528,100.0000000000,10.6043051259,1.0000000000,0.8416000000,250.0000000000,0,0,0,73,0
1563,100,0,1,100,100,0,0,0,0,0,100,100,0.0180206224,8.0802961304,100.0000000000,10.6043051259,1.0000000000,0.8416000000,250.0000000000,0,0,0,73,0
1564,100,0,1,100,100,0,0,0,0,0,100,100,0.0180206224,8.0622755080,100.0000000000,10.6043051259,1.0000000000,0.8416000000,250.0000000000,0,0,0,73,0
1565,100,0,1,100,100,0,0,0,0,0,100,100,0.0180206224,8.0442548856,100.0000000000,10.6043051259,1.0000000000,0.8416000000,250.0000000000,0,0,0,73,0
1566,100,0,1,100,100,0,0,1,101,297,100,100,0.0285408189,8.0157140667,100.0000000000,11.4458989643,1.0000000000,0.9644160000,218.1631163315,0,0,0,63,0
1567,100,0,1,100,100,0,0,0,0,0,100,100,0.0193931552,7.9963209115,100.0000000000,11.4458989643,1.0000000000,0.8416000000,250.0000000000,0,0,0,63,0
1568,100,0,1,100,100,0,0,0,0,0,100,100,0.0193931552,7.9769277562,100.0000000000,11.4458989643,1.0000000000,0.8416000000,250.0000000000,0,0,0,63,0
1569,100,0,1,100,100,0,0,0,0,0,100,100,0.0193931552,7.9575346010,100.0000000000,11.4458989643,1.0000000000,0.8416000000,250.0000000000,0,0,0,63,0
1570,100,0,1,100,100,0,0,0,0,0,100,100,0.0193931552,7.9381414458,100.0000000000,11.4458989643,1.0000000000,0.8416000000,250.0000000000,0,0,0,63,0
1571,100,0,1,100,100,0,0,1,101,297,100,100,0.0276484930,7.9104929528,100.0000000000,10.6043147399,1.0000000000,0.9644160000,218.1631163315,0,0,0,73,0
1572,100,0,1,100,100,0,0,0,0,0,100,100,0.0176911541,7.8928017987,100.0000000000,10.6043147399,1.0000000000,0.8416000000,250.0000000000,0,0,0,73,0
1573,100,0,1,100,100,0,0,0,0,0,100,100,0.0176911541,7.8751106445,100.0000000000,10.6043147399,1.0000000000,0.8416000000,250.0000000000,0,0,0,73,0
1574,100,0,1,100,100,0,0,0,0,0,100,100,0.0176911541,7.8574194904,100.0000000000,10.6043147399,1.0000000000,0.8416000000,250.0000000000,0,0,0,73,0
1575,100,0,1,100,100,0,0,0,0,0,100,100,0.0176911541,7.8397283363,100.0000000000,10.6043147399,1.0000000000,0.8416000000,250.0000000000,0,0,0,73,0
1576,100,0,2,100,100,0,0,1,102,394,100,100,0.0289090384,7.8108192979,50.0000000000,10.9409550824,1.0000000000,0.9656320000,217.8883881230,0,0,0,68,0
1577,100,0,2,100,100,0,0,0,0,0,100,100,0.0178976623,7.7929216356,50.0000000000,10.9409550824,1.0000000000,0.8416000000,250.0000000000,0,0,0,68,0
1578,100,0,2,100,100,0,0,0,0,0,100,100,0.0178976623,7.7750239733,50.0000000000,10.9409550824,1.0000000000,0.8416000000,250.0000000000,0,0,0,68,0
1579,100,0,2,100,100,0,0,0,0,0,100,100,0.0178976623,7.7571263110,50.0000000000,10.9409550824,1.0000000000,0.8416000000,250.0000000000,0,0,0,68,0
1580,100,0,2,100,100,0,0,0,0,0,100,100,0.0178976623,7.7392286487,50.0000000000,10.9409550824,1.0000000000,0.8416000000,250.0000000000,0,0,0,68,0
1581,100,0,7,100,100,0,0,1,107,879,100,100,0.0428900716,7.6963385772,14.2857142857,15.6539407806,1.0000000000,0.9717120000,216.5250609234,0,0,0,7,0
1582,100,0,7,100,100,0,0,0,0,0,100,100,0.0234920251,7.6728465520,14.2857142857,15.6539407806,1.0000000000,0.8416000000,250.0000000000,0,0,0,7,0
1583,100,0,7,100,100,0,0,0,0,0,100,100,0.0234920251,7.6493545269,14.2857142857,15.6539407806,1.0000000000,0.8416000000,250.0000000000,0,0,0,7,0
1584,100,0,7,100,100,0,0,0,0,0,100,100,0.0234920251,7.6258625018,14.2857142857,15.6539407806,1.0000000000,0.8416000000,250.0000000000,0,0,0,7,0
1585,100,0,7,100,100,0,0,0,0,0,100,100,0.0234920251,7.6023704766,14.2857142857,15.6539407806,1.0000000000,0.8416000000,250.0000000000,0,0,0,7,0
1586,100,0,3,100,100,0,0,1,103,491,100,100,0.0325683214,7.5698021552,33.3333333333,12.3716822017,1.0000000000,0.9668480000,217.6143509631,0,0,0,50,0
1587,100,0,3,100,100,0,0,0,0,0,100,100,0.0198950158,7.5499071394,33.3333333333,12.3716822017,1.0000000000,0.8416000000,250.0000000000,0,0,0,50,0
1588,100,0,3,100,100,0,0,0,0,0,100,100,0.0198950158,7.5300121236,33.3333333333,12.3716822017,1.0000000000,0.8416000000,250.0000000000,0,0,0,50,0
1589,100,0,3,100,100,0,0,0,0,0,100,100,0.0198950158,7.5101171077,33.3333333333,12.3716822017,1.0000000000,0.8416000000,250.0000000000,0,0,0,50,0
1590,100,0,3,100,100,0,0,0,0,0,100,100,0.0198950158,7.4902220919,33.3333333333,12.3716822017,1.0000000000,0.8416000000,250.0000000000,0,0,0,50,0
1591,100,0,3,100,100,0,0,1,103,491,100,100,0.0336359742,7.4565861177,33.3333333333,13.6341068935,1.0000000000,0.9668480000,217.6143509631,0,0,0,35,0
1592,100,0,3,100,100,0,0,0,0,0,100,100,0.0212347763,7.4353513413,33.3333333333,13.6341068935,1.0000000000,0.8416000000,250.0000000000,0,0,0,35,0
1593,100,0,3,100,100,0,0,0,0,0,100,100,0.0212347763,7.4141165650,33.3333333333,13.6341068935,1.0000000000,0.8416000000,250.0000000000,0,0,0,35,0
1594,100,0,3,100,100,0,0,0,0,0,100,100,0.0212347763,7.3928817887,33.3333333333,13.6341068935,1.0000000000,0.8416000000,250.0000000000,0,0,0,35,0
1595,100,0,3,100,100,0,0,0,0,0,100,100,0.0212347763,7.3716470123,33.3333333333,13.6341068935,1.0000000000,0.8416000000,250.0000000000,0,0,0,35,0
1596,100,0,12,100,100,0,0,1,111,1364,100,100,0.0518507565,7.3197962559,8.3333333333,15.5697627663,1.0000000000,0.9765760000,215.4466216659,0,0,0,3,0
1597,100,0,12,100,100,0,0,0,0,0,100,100,0.0235128273,7.2962834285,8.3333333333,15.5697627663,1.0000000000,0.8416000000,250.0000000000,0,0,0,3,0
1598,100,0,12,100,100,0,0,0,0,0,100,100,0.0235128273,7.2727706012,8.3333333333,15.5697627663,1.0000000000,0.8416000000,250.0000000000,0,0,0,3,0
1599,100,0,12,100,100,0,0,0,0,0,100,100,0.0235128273,7.2492577739,8.3333333333,15.5697627663,1.0000000000,0.8416000000,250.0000000000,0,0,0,3,0
1600,100,0,12,100,100,0,0,0,0,0,100,100,0.0235128273,7.2257449465,8.3333333333,15.5697627663,1.0000000000,0.8416000000,250.0000000000,0,0,0,3,0
1601,100,0,1,100,100,0,0,1,101,297,100,100,0.0268742636,7.1988706830,100.0000000000,9.6785448702,1.0000000000,0.9644160000,218.1631163315,0,0,0,84,0
1602,100,0,1,100,100,0,0,0,0,0,100,100,0.0166572764,7.1822134065,100.0000000000,9.6785448702,1.0000000000,0.8416000000,250.0000000000,0,0,0,84,0
1603,100,0,1,100,100,0,0,0,0,0,100,100,0.0166572764,7.1655561301,100.0000000000,9.6785448702,1.0000000000,0.8416000000,250.0000000000,0,0,0,84,0
1604,100,0,1,100,100,0,0,0,0,0,100,100,0.0166572764,7.1488988536,100.0000000000,9.6785448702,1.0000000000,0.8416000000,250.0000000000,0,0,0,84,0
1605,100,0,1,100,100,0,0,0,0,0,100,100,0.0166572764,7.1322415772,100.0000000000,9.6785448702,1.0000000000,0.8416000000,250.0000000000,0,0,0,84,0
1606,100,0,1,100,100,0,0,1,101,297,100,100,0.0286647047,7.1035768725,100.0000000000,11.5300616640,1.0000000000,0.9644160000,218.1631163315,0,0,0,62,0
1607,100,0,1,100,100,0,0,0,0,0,100,100,0.0195154690,7.0840614034,100.0000000000,11.5300616640,1.0000000000,0.8416000000,250.0000000000,0,0,0,62,0
1608,100,0,1,100,100,0,0,0,0,0,100,100,0.0195154690,7.0645459344,100.0000000000,11.5300616640,1.0000000000,0.8416000000,250.0000000000,0,0,0,62,0
1609,100,0,1,100,100,0,0,0,0,0,100,100,0.0195154690,7.0450304654,100.0000000000,11.5300616640,1.0000000000,0.8416000000,250.0000000000,0,0,0,62,0
1610,100,0,1,100,100,0,0,0,0,0,100,100,0.0195154690,7.0255149963,100.0000000000,11.5300616640,1.0000000000,0.8416000000,250.0000000000,0,0,0,62,0
1611,100,0,1,100,100,0,0,1,101,297,100,100,0.0274080707,6.9981069256,100.0000000000,10.0151923661,1.0000000000,0.9644160000,218.1631163315,0,0,0,80,0
1612,100,0,1,100,100,0,0,0,0,0,100,100,0.0172253775,6.9808815482,100.0000000000,10.0151923661,1.0000000000,0.8416000000,250.0000000000,0,0,0,80,0
1613,100,0,1,100,100,0,0,0,0,0,100,100,0.0172253775,6.9636561707,100.0000000000,10.0151923661,1.0000000000,0.8416000000,250.0000000000,0,0,0,80,0
1614,100,0,1,100,100,0,0,0,0,0,100,100,0.0172253775,6.9464307932,100.0000000000,10.0151923661,1.0000000000,0.8416000000,250.0000000000,0,0,0,80,0
1615,100,0,1,100,100,0,0,0,0,0,100,100,0.0172253775,6.9292054158,100.0000000000,10.0151923661,1.0000000000,0.8416000000,250.0000000000,0,0,0,80,0
1616,100,0,2,100,100,0,0,1,102,394,100,100,0.0326733947,6.8965320211,50.0000000000,13.8024069739,1.0000000000,0.9656320000,217.8883881230,0,0,0,34,0
1617,100,0,2,100,100,0,0,0,0,0,100,100,0.0219859359,6.8745460852,50.0000000000,13.8024069739,1.0000000000,0.8416000000,250.0000000000,0,0,0,34,0
1618,100,0,2,100,100,0,0,0,0,0,100,100,0.0219859359,6.8525601493,50.0000000000,13.8024069739,1.0000000000,0.8416000000,250.0000000000,0,0,0,34,0
1619,100,0,2,100,100,0,0,0,0,0,100,100,0.0219859359,6.8305742133,50.0000000000,13.8024069739,1.0000000000,0.8416000000,250.0000000000,0,0,0,34,0
1620,100,0,2,100,100,0,0,0,0,0,100,100,0.0219859359,6.8085882774,50.0000000000,13.8024069739,1.0000000000,0.8416000000,250.0000000000,0,0,0,34,0
1621,100,0,1,100,100,0,0,1,101,297,100,100,0.0267707666,6.7818175108,100.0000000000,9.6785432925,1.0000000000,0.9644160000,218.1631163315,0,0,0,84,0
1622,100,0,1,100,100,0,0,0,0,0,100,100,0.0166473833,6.7651701275,100.0000000000,9.6785432925,1.0000000000,0.8416000000,250.0000000000,0,0,0,84,0
1623,100,0,1,100,100,0,0,0,0,0,100,100,0.0166473833,6.7485227441,100.0000000000,9.6785432925,1.0000000000,0.8416000000,250.0000000000,0,0,0,84,0
1624,100,0,1,100,100,0,0,0,0,0,100,100,0.0166473833,6.7318753608,100.0000000000,9.6785432925,1.0000000000,0.8416000000,250.0000000000,0,0,0,84,0
1625,100,0,1,100,100,0,0,0,0,0,100,100,0.0166473833,6.7152279775,100.0000000000,9.6785432925,1.0000000000,0.8416000000,250.0000000000,0,0,0,84,0
1626,100,0,1,100,100,0,0,1,101,297,100,100,0.0287318310,6.6864961465,100.0000000000,11.7825490728,1.0000000000,0.9644160000,218.1631163315,0,0,0,59,0
1627,100,0,1,100,100,0,0,0,0,0,100,100,0.0194873554,6.6670087910,100.0000000000,11.7825490728,1.0000000000,0.8416000000,250.0000000000,0,0,0,59,0
1628,100,0,1,100,100,0,0,0,0,0,100,100,0.0194873554,6.6475214356,100.0000000000,11.7825490728,1.0000000000,0.8416000000,250.0000000000,0,0,0,59,0
1629,100,0,1,100,100,0,0,0,0,0,100,100,0.0194873554,6.6280340801,100.0000000000,11.7825490728,1.0000000000,0.8416000000,250.0000000000,0,0,0,59,0
1630,100,0,1,100,100,0,0,0,0,0,100,100,0.0194873554,6.6085467247,100.0000000000,11.7825490728,1.0000000000,0.8416000000,250.0000000000,0,0,0,59,0
1631,100,0,1,100,100,0,0,1,101,297,100,100,0.0270625765,6.5814841482,100.0000000000,10.1835075242,1.0000000000,0.9644160000,218.1631163315,0,0,0,78,0
1632,100,0,1,100,100,0,0,0,0,0,100,100,0.0172666086,6.5642175396,100.0000000000,10.1835075242,1.0000000000,0.8416000000,250.0000000000,0,0,0,78,0
1633,100,0,1,100,100,0,0,0,0,0,100,100,0.0172666086,6.5469509309,100.0000000000,10.1835075242,1.0000000000,0.8416000000,250.0000000000,0,0,0,78,0
1634,100,0,1,100,100,0,0,0,0,0,100,100,0.0172666086,6.5296843223,100.0000000000,10.1835075242,1.0000000000,0.8416000000,250.0000000000,0,0,0,78,0
1635,100,0,1,100,100,0,0,0,0,0,100,100,0.0172666086,6.5124177136,100.0000000000,10.1835075242,1.0000000000,0.8416000000,250.0000000000,0,0,0,78,0
1636,100,0,1,100,100,0,0,1,101,297,100,100,0.0276941432,6.4847235705,100.0000000000,10.1835179118,1.0000000000,0.9644160000,218.1631163315,0,0,0,78,0
1637,100,0,1,100,100,0,0,0,0,0,100,100,0.0172170114,6.4675065590,100.0000000000,10.1835179118,1.0000000000,0.8416000000,250.0000000000,0,0,0,78,0
1638,100,0,1,100,100,0,0,0,0,0,100,100,0.0172170114,6.4502895476,100.0000000000,10.1835179118,1.0000000000,0.8416000000,250.0000000000,0,0,0,78,0
1639,100,0,1,100,100,0,0,0,0,0,100,100,0.0172170114,6.4330725362,100.0000000000,10.1835179118,1.0000000000,0.8416000000,250.0000000000,0,0,0,78,0
1640,100,0,1,100,100,0,0,0,0,0,100,100,0.0172170114,6.4158555248,100.0000000000,10.1835179118,1.0000000000,0.8416000000,250.0000000000,0,0,0,78,0
1641,100,0,3,100,100,0,0,1,103,491,100,100,0.0332998700,6.3825556548,33.3333333333,13.2974682299,1.0000000000,0.9668480000,217.6143509631,0,0,0,39,0
1642,100,0,3,100,100,0,0,0,0,0,100,100,0.0208442361,6.3617114187,33.3333333333,13.2974682299,1.0000000000,0.8416000000,250.0000000000,0,0,0,39,0
1643,100,0,3,100,100,0,0,0,0,0,100,100,0.0208442361,6.3408671827,33.3333333333,13.2974682299,1.0000000000,0.8416000000,250.0000000000,0,0,0,39,0
1644,100,0,3,100,100,0,0,0,0,0,100,100,0.0208442361,6.3200229466,33.3333333333,13.2974682299,1.0000000000,0.8416000000,250.0000000000,0,0,0,39,0
1645,100,0,3,100,100,0,0,0,0,0,100,100,0.0208442361,6.2991787105,33.3333333333,13.2974682299,1.0000000000,0.8416000000,250.0000000000,0,0,0,39,0
1646,100,0,1,100,100,0,0,1,101,297,100,100,0.0291803796,6.2699983309,100.0000000000,11.9508658971,1.0000000000,0.9644160000,218.1631163315,0,0,0,57,0
1647,100,0,1,100,100,0,0,0,0,0,100,100,0.0200056641,6.2499926668,100.0000000000,11.9508658971,1.0000000000,0.8416000000,250.0000000000,0,0,0,57,0
1648,100,0,1,100,100,0,0,0,0,0,100,100,0.0200056641,6.2299870027,100.0000000000,11.9508658971,1.0000000000,0.8416000000,250.0000000000,0,0,0,57,0
1649,100,0,1,100,100,0,0,0,0,0,100,100,0.0200056641,6.2099813386,100.0000000000,11.9508658971,1.0000000000,0.8416000000,250.0000000000,0,0,0,57,0
1650,100,0,1,100,100,0,0,0,0,0,100,100,0.0200056641,6.1899756746,100.0000000000,11.9508658971,1.0000000000,0.8416000000,250.0000000000,0,0,0,57,0
1651,100,0,1,100,100,0,0,1,101,297,100,100,0.0276801789,6.1622954956,100.0000000000,10.8567868713,1.0000000000,0.9644160000,218.1631163315,0,0,0,70,0
1652,100,0,1,100,100,0,0,0,0,0,100,100,0.0183096291,6.1439858665,100.0000000000,10.8567868713,1.0000000000,0.8416000000,250.0000000000,0,0,0,70,0
1653,100,0,1,100,100,0,0,0,0,0,100,100,0.0183096291,6.1256762374,100.0000000000,10.8567868713,1.0000000000,0.8416000000,250.0000000000,0,0,0,70,0
1654,100,0,1,100,100,0,0,0,0,0,100,100,0.0183096291,6.1073666083,100.0000000000,10.8567868713,1.0000000000,0.8416000000,250.0000000000,0,0,0,70,0
1655,100,0,1,100,100,0,0,0,0,0,100,100,0.0183096291,6.0890569792,100.0000000000,10.8567868713,1.0000000000,0.8416000000,250.0000000000,0,0,0,70,0
1656,100,0,2,100,100,0,0,1,102,394,100,100,0.0304263600,6.0586306192,50.0000000000,11.9508922869,1.0000000000,0.9656320000,217.8883881230,0,0,0,56,0
1657,100,0,2,100,100,0,0,0,0,0,100,100,0.0192667072,6.0393639120,50.0000000000,11.9508922869,1.0000000000,0.8416000000,250.0000000000,0,0,0,56,0
1658,100,0,2,100,100,0,0,0,0,0,100,100,0.0192667072,6.0200972048,50.0000000000,11.9508922869,1.0000000000,0.8416000000,250.0000000000,0,0,0,56,0
1659,100,0,2,100,100,0,0,0,0,0,100,100,0.0192667072,6.0008304977,50.0000000000,11.9508922869,1.0000000000,0.8416000000,250.0000000000,0,0,0,56,0
1660,100,0,2,100,100,0,0,0,0,0,100,100,0.0192667072,5.9815637905,50.0000000000,11.9508922869,1.0000000000,0.8416000000,250.0000000000,0,0,0,56,0
1661,100,0,1,100,100,0,0,1,101,297,100,100,0.0270342337,5.9545295567,100.0000000000,9.9310296075,1.0000000000,0.9644160000,218.1631163315,0,0,0,81,0
1662,100,0,1,100,100,0,0,0,0,0,100,100,0.0170144401,5.9375151167,100.0000000000,9.9310296075,1.0000000000,0.8416000000,250.0000000000,0,0,0,81,0
1663,100,0,1,100,100,0,0,0,0,0,100,100,0.0170144401,5.9205006766,100.0000000000,9.9310296075,1.0000000000,0.8416000000,250.0000000000,0,0,0,81,0
1664,100,0,1,100,100,0,0,0,0,0,100,100,0.0170144401,5.9034862366,100.0000000000,9.9310296075,1.0000000000,0.8416000000,250.0000000000,0,0,0,81,0
1665,100,0,1,100,100,0,0,0,0,0,100,100,0.0170144401,5.8864717965,100.0000000000,9.9310296075,1.0000000000,0.8416000000,250.0000000000,0,0,0,81,0
1666,100,0,1,100,100,0,0,1,101,297,100,100,0.0278694386,5.8586023579,100.0000000000,11.0251097610,1.0000000000,0.9644160000,218.1631163315,0,0,0,68,0
1667,100,0,1,100,100,0,0,0,0,0,100,100,0.0184501488,5.8401522091,100.0000000000,11.0251097610,1.0000000000,0.8416000000,250.0000000000,0,0,0,68,0
1668,100,0,1,100,100,0,0,0,0,0,100,100,0.0184501488,5.8217020602,100.0000000000,11.0251097610,1.0000000000,0.8416000000,250.0000000000,0,0,0,68,0
1669,100,0,1,100,100,0,0,0,0,0,100,100,0.0184501488,5.8032519114,100.0000000000,11.0251097610,1.0000000000,0.8416000000,250.0000000000,0,0,0,68,0
1670,100,0,1,100,100,0,0,0,0,0,100,100,0.0184501488,5.7848017625,100.0000000000,11.0251097610,1.0000000000,0.8416000000,250.0000000000,0,0,0,68,0
1671,100,0,2,100,100,0,0,1,102,394,100,100,0.0299202588,5.7548815037,50.0000000000,11.4459090095,1.0000000000,0.9656320000,217.8883881230,0,0,0,62,0
1672,100,0,2,100,100,0,0,0,0,0,100,100,0.0189102572,5.7359712465,50.0000000000,11.4459090095,1.0000000000,0.8416000000,250.0000000000,0,0,0,62,0
1673,100,0,2,100,100,0,0,0,0,0,100,100,0.0189102572,5.7170609893,50.0000000000,11.4459090095,1.0000000000,0.8416000000,250.0000000000,0,0,0,62,0
1674,100,0,2,100,100,0,0,0,0,0,100,100,0.0189102572,5.6981507321,50.0000000000,11.4459090095,1.0000000000,0.8416000000,250.0000000000,0,0,0,62,0
1675,100,0,2,100,100,0,0,0,0,0,100,100,0.0189102572,5.6792404749,50.0000000000,11.4459090095,1.0000000000,0.8416000000,250.0000000000,0,0,0,62,0
1676,100,0,1,100,100,0,0,1,101,297,100,100,0.0266972124,5.6525432626,100.0000000000,9.6785425291,1.0000000000,0.9644160000,218.1631163315,0,0,0,84,0
1677,100,0,1,100,100,0,0,0,0,0,100,100,0.0166389003,5.6359043622,100.0000000000,9.6785425291,1.0000000000,0.8416000000,250.0000000000,0,0,0,84,0
1678,100,0,1,100,100,0,0,0,0,0,100,100,0.0166389003,5.6192654619,100.0000000000,9.6785425291,1.0000000000,0.8416000000,250.0000000000,0,0,0,84,0
1679,100,0,1,100,100,0,0,0,0,0,100,100,0.0166389003,5.6026265616,100.0000000000,9.6785425291,1.0000000000,0.8416000000,250.0000000000,0,0,0,84,0
1680,100,0,1,100,100,0,0,0,0,0,100,100,0.0166389003,5.5859876613,100.0000000000,9.6785425291,1.0000000000,0.8416000000,250.0000000000,0,0,0,84,0
1681,100,0,1,100,100,0,0,1,101,297,100,100,0.0272538224,5.5587338388,100.0000000000,10.1835084627,1.0000000000,0.9644160000,218.1631163315,0,0,0,78,0
1682,100,0,1,100,100,0,0,0,0,0,100,100,0.0174040598,5.5413297791,100.0000000000,10.1835084627,1.0000000000,0.8416000000,250.0000000000,0,0,0,78,0
1683,100,0,1,100,100,0,0,0,0,0,100,100,0.0174040598,5.5239257193,100.0000000000,10.1835084627,1.0000000000,0.8416000000,250.0000000000,0,0,0,78,0
1684,100,0,1,100,100,0,0,0,0,0,100,100,0.0174040598,5.5065216596,100.0000000000,10.1835084627,1.0000000000,0.8416000000,250.0000000000,0,0,0,78,0
1685,100,0,1,100,100,0,0,0,0,0,100,100,0.0174040598,5.4891175998,100.0000000000,10.1835084627,1.0000000000,0.8416000000,250.0000000000,0,0,0,78,0
1686,100,0,6,100,100,0,0,1,106,782,100,100,0.0412942396,5.4478233602,16.6666666667,15.2331338740,1.0000000000,0.9704960000,216.7963597995,0,0,0,13,0
1687,100,0,6,100,100,0,0,0,0,0,100,100,0.0235620117,5.4242613485,16.6666666667,15.2331338740,1.0000000000,0.8416000000,250.0000000000,0,0,0,13,0
1688,100,0,6,100,100,0,0,0,0,0,100,100,0.0235620117,5.4006993368,16.6666666667,15.2331338740,1.0000000000,0.8416000000,250.0000000000,0,0,0,13,0
1689,100,0,6,100,100,0,0,0,0,0,100,100,0.0235620117,5.3771373250,16.6666666667,15.2331338740,1.0000000000,0.8416000000,250.0000000000,0,0,0,13,0
1690,100,0,6,100,100,0,0,0,0,0,100,100,0.0235620117,5.3535753133,16.6666666667,15.2331338740,1.0000000000,0.8416000000,250.0000000000,0,0,0,13,0
1691,100,0,3,100,100,0,0,1,103,491,100,100,0.0364892058,5.3170861075,33.3333333333,14.9806368227,1.0000000000,0.9668480000,217.6143509631,0,0,0,19,0
1692,100,0,3,100,100,0,0,0,0,0,100,100,0.0240144567,5.2930716508,33.3333333333,14.9806368227,1.0000000000,0.8416000000,250.0000000000,0,0,0,19,0
1693,100,0,3,100,100,0,0,0,0,0,100,100,0.0240144567,5.2690571942,33.3333333333,14.9806368227,1.0000000000,0.8416000000,250.0000000000,0,0,0,19,0
1694,100,0,3,100,100,0,0,0,0,0,100,100,0.0240144567,5.2450427375,33.3333333333,14.9806368227,1.0000000000,0.8416000000,250.0000000000,0,0,0,19,0
1695,100,0,3,100,100,0,0,0,0,0,100,100,0.0240144567,5.2210282808,33.3333333333,14.9806368227,1.0000000000,0.8416000000,250.0000000000,0,0,0,19,0
1696,100,0,5,100,100,0,0,1,105,685,100,100,0.0386826696,5.1823456112,20.0000000000,14.8123262295,1.0000000000,0.9692800000,217.0683393859,0,0,0,19,0
1697,100,0,5,100,100,0,0,0,0,0,100,100,0.0227674996,5.1595781115,20.0000000000,14.8123262295,1.0000000000,0.8416000000,250.0000000000,0,0,0,19,0
1698,100,0,5,100,100,0,0,0,0,0,100,100,0.0227674996,5.1368106119,20.0000000000,14.8123262295,1.0000000000,0.8416000000,250.0000000000,0,0,0,19,0
1699,100,0,5,100,100,0,0,0,0,0,100,100,0.0227674996,5.1140431123,20.0000000000,14.8123262295,1.0000000000,0.8416000000,250.0000000000,0,0,0,19,0
1700,100,0,5,100,100,0,0,0,0,0,100,100,0.0227674996,5.0912756127,20.0000000000,14.8123262295,1.0000000000,0.8416000000,250.0000000000,0,0,0,19,0
1701,100,0,1,100,100,0,0,1,101,297,100,100,0.0286645025,5.0626111102,100.0000000000,11.6142246109,1.0000000000,0.9644160000,218.1631163315,0,0,0,61,0
1702,100,0,1,100,100,0,0,0,0,0,100,100,0.0194416777,5.0431694325,100.0000000000,11.6142246109,1.0000000000,0.8416000000,250.0000000000,0,0,0,61,0
1703,100,0,1,100,100,0,0,0,0,0,100,100,0.0194416777,5.0237277548,100.0000000000,11.6142246109,1.0000000000,0.8416000000,250.0000000000,0,0,0,61,0
1704,100,0,1,100,100,0,0,0,0,0,100,100,0.0194416777,5.0042860770,100.0000000000,11.6142246109,1.0000000000,0.8416000000,250.0000000000,0,0,0,61,0
1705,100,0,1,100,100,0,0,0,0,0,100,100,0.0194416777,4.9848443993,100.0000000000,11.6142246109,1.0000000000,0.8416000000,250.0000000000,0,0,0,61,0
1706,100,0,1,100,100,0,0,1,101,297,100,100,0.0274242459,4.9574201533,100.0000000000,10.6043095150,1.0000000000,0.9644160000,218.1631163315,0,0,0,73,0
1707,100,0,1,100,100,0,0,0,0,0,100,100,0.0178768392,4.9395433141,100.0000000000,10.6043095150,1.0000000000,0.8416000000,250.0000000000,0,0,0,73,0
1708,100,0,1,100,100,0,0,0,0,0,100,100,0.0178768392,4.9216664749,100.0000000000,10.6043095150,1.0000000000,0.8416000000,250.0000000000,0,0,0,73,0
1709,100,0,1,100,100,0,0,0,0,0,100,100,0.0178768392,4.9037896357,100.0000000000,10.6043095150,1.0000000000,0.8416000000,250.0000000000,0,0,0,73,0
1710,100,0,1,100,100,0,0,0,0,0,100,100,0.0178768392,4.8859127965,100.0000000000,10.6043095150,1.0000000000,0.8416000000,250.0000000000,0,0,0,73,0
1711,100,0,1,100,100,0,0,1,101,297,100,100,0.0268735980,4.8590391985,100.0000000000,9.6785446057,1.0000000000,0.9644160000,218.1631163315,0,0,0,84,0
1712,100,0,1,100,100,0,0,0,0,0,100,100,0.0166574386,4.8423817598,100.0000000000,9.6785446057,1.0000000000,0.8416000000,250.0000000000,0,0,0,84,0
1713,100,0,1,100,100,0,0,0,0,0,100,100,0.0166574386,4.8257243212,100.0000000000,9.6785446057,1.0000000000,0.8416000000,250.0000000000,0,0,0,84,0
1714,100,0,1,100,100,0,0,0,0,0,100,100,0.0166574386,4.8090668825,100.0000000000,9.6785446057,1.0000000000,0.8416000000,250.0000000000,0,0,0,84,0
1715,100,0,1,100,100,0,0,0,0,0,100,100,0.0166574386,4.7924094439,100.0000000000,9.6785446057,1.0000000000,0.8416000000,250.0000000000,0,0,0,84,0
1716,100,0,1,100,100,0,0,1,101,297,100,100,0.0274515111,4.7649579328,100.0000000000,10.6884709914,1.0000000000,0.9644160000,218.1631163315,0,0,0,72,0
1717,100,0,1,100,100,0,0,0,0,0,100,100,0.0177927159,4.7471652169,100.0000000000,10.6884709914,1.0000000000,0.8416000000,250.0000000000,0,0,0,72,0
1718,100,0,1,100,100,0,0,0,0,0,100,100,0.0177927159,4.7293725010,100.0000000000,10.6884709914,1.0000000000,0.8416000000,250.0000000000,0,0,0,72,0
1719,100,0,1,100,100,0,0,0,0,0,100,100,0.0177927159,4.7115797851,100.0000000000,10.6884709914,1.0000000000,0.8416000000,250.0000000000,0,0,0,72,0
1720,100,0,1,100,100,0,0,0,0,0,100,100,0.0177927159,4.6937870692,100.0000000000,10.6884709914,1.0000000000,0.8416000000,250.0000000000,0,0,0,72,0
1721,100,0,1,100,100,0,0,1,101,297,100,100,0.0283156145,4.6654714547,100.0000000000,11.2775845709,1.0000000000,0.9644160000,218.1631163315,0,0,0,65,0
1722,100,0,1,100,100,0,0,0,0,0,100,100,0.0190496059,4.6464218488,100.0000000000,11.2775845709,1.0000000000,0.8416000000,250.0000000000,0,0,0,65,0
1723,100,0,1,100,100,0,0,0,0,0,100,100,0.0190496059,4.6273722429,100.0000000000,11.2775845709,1.0000000000,0.8416000000,250.0000000000,0,0,0,65,0
1724,100,0,1,100,100,0,0,0,0,0,100,100,0.0190496059,4.6083226370,100.0000000000,11.2775845709,1.0000000000,0.8416000000,250.0000000000,0,0,0,65,0
1725,100,0,1,100,100,0,0,0,0,0,100,100,0.0190496059,4.5892730311,100.0000000000,11.2775845709,1.0000000000,0.8416000000,250.0000000000,0,0,0,65,0
1726,100,0,1,100,100,0,0,1,101,297,100,100,0.0286681386,4.5606048926,100.0000000000,11.5300652771,1.0000000000,0.9644160000,218.1631163315,0,0,0,62,0
1727,100,0,1,100,100,0,0,0,0,0,100,100,0.0194681038,4.5411367888,100.0000000000,11.5300652771,1.0000000000,0.8416000000,250.0000000000,0,0,0,62,0
1728,100,0,1,100,100,0,0,0,0,0,100,100,0.0194681038,4.5216686850,100.0000000000,11.5300652771,1.0000000000,0.8416000000,250.0000000000,0,0,0,62,0
1729,100,0,1,100,100,0,0,0,0,0,100,100,0.0194681038,4.5022005812,100.0000000000,11.5300652771,1.0000000000,0.8416000000,250.0000000000,0,0,0,62,0
1730,100,0,1,100,100,0,0,0,0,0,100,100,0.0194681038,4.4827324773,100.0000000000,11.5300652771,1.0000000000,0.8416000000,250.0000000000,0,0,0,62,0
1731,100,0,1,100,100,0,0,1,101,297,100,100,0.0271665488,4.4555659285,100.0000000000,9.6785478003,1.0000000000,0.9644160000,218.1631163315,0,0,0,84,0
1732,100,0,1,100,100,0,0,0,0,0,100,100,0.0167571700,4.4388087586,100.0000000000,9.6785478003,1.0000000000,0.8416000000,250.0000000000,0,0,0,84,0
1733,100,0,1,100,100,0,0,0,0,0,100,100,0.0167571700,4.4220515886,100.0000000000,9.6785478003,1.0000000000,0.8416000000,250.0000000000,0,0,0,84,0
1734,100,0,1,100,100,0,0,0,0,0,100,100,0.0167571700,4.4052944186,100.0000000000,9.6785478003,1.0000000000,0.8416000000,250.0000000000,0,0,0,84,0
1735,100,0,1,100,100,0,0,0,0,0,100,100,0.0167571700,4.3885372486,100.0000000000,9.6785478003,1.0000000000,0.8416000000,250.0000000000,0,0,0,84,0
1736,100,0,1,100,100,0,0,1,101,297,100,100,0.0271297088,4.3614075398,100.0000000000,10.4359835627,1.0000000000,0.9644160000,218.1631163315,0,0,0,75,0
1737,100,0,1,100,100,0,0,0,0,0,100,100,0.0177005493,4.3437069905,100.0000000000,10.4359835627,1.0000000000,0.8416000000,250.0000000000,0,0,0,75,0
1738,100,0,1,100,100,0,0,0,0,0,100,100,0.0177005493,4.3260064412,100.0000000000,10.4359835627,1.0000000000,0.8416000000,250.0000000000,0,0,0,75,0
1739,100,0,1,100,100,0,0,0,0,0,100,100,0.0177005493,4.3083058920,100.0000000000,10.4359835627,1.0000000000,0.8416000000,250.0000000000,0,0,0,75,0
1740,100,0,1,100,100,0,0,0,0,0,100,100,0.0177005493,4.2906053427,100.0000000000,10.4359835627,1.0000000000,0.8416000000,250.0000000000,0,0,0,75,0
1741,100,0,1,100,100,0,0,1,101,297,100,100,0.0293506768,4.2612546658,100.0000000000,12.0350204789,1.0000000000,0.9644160000,218.1631163315,0,0,0,56,0
1742,100,0,1,100,100,0,0,0,0,0,100,100,0.0202643213,4.2409903446,100.0000000000,12.0350204789,1.0000000000,0.8416000000,250.0000000000,0,0,0,56,0
1743,100,0,1,100,100,0,0,0,0,0,100,100,0.0202643213,4.2207260233,100.0000000000,12.0350204789,1.0000000000,0.8416000000,250.0000000000,0,0,0,56,0
1744,100,0,1,100,100,0,0,0,0,0,100,100,0.0202643213,4.2004617020,100.0000000000,12.0350204789,1.0000000000,0.8416000000,250.0000000000,0,0,0,56,0
1745,100,0,1,100,100,0,0,0,0,0,100,100,0.0202643213,4.1801973807,100.0000000000,12.0350204789,1.0000000000,0.8416000000,250.0000000000,0,0,0,56,0
1746,100,0,1,100,100,0,0,1,101,297,100,100,0.0298039356,4.1503934452,100.0000000000,12.3716631194,1.0000000000,0.9644160000,218.1631163315,0,0,0,52,0
1747,100,0,1,100,100,0,0,0,0,0,100,100,0.0206894109,4.1297040343,100.0000000000,12.3716631194,1.0000000000,0.8416000000,250.0000000000,0,0,0,52,0
1748,100,0,1,100,100,0,0,0,0,0,100,100,0.0206894109,4.1090146234,100.0000000000,12.3716631194,1.0000000000,0.8416000000,250.0000000000,0,0,0,52,0
1749,100,0,1,100,100,0,0,0,0,0,100,100,0.0206894109,4.0883252126,100.0000000000,12.3716631194,1.0000000000,0.8416000000,250.0000000000,0,0,0,52,0
1750,100,0,1,100,100,0,0,0,0,0,100,100,0.0206894109,4.0676358017,100.0000000000,12.3716631194,1.0000000000,0.8416000000,250.0000000000,0,0,0,52,0
1751,100,0,1,100,100,0,0,1,101,297,100,100,0.0273064242,4.0403293775,100.0000000000,10.2676685546,1.0000000000,0.9644160000,218.1631163315,0,0,0,77,0
1752,100,0,1,100,100,0,0,0,0,0,100,100,0.0175182909,4.0228110866,100.0000000000,10.2676685546,1.0000000000,0.8416000000,250.0000000000,0,0,0,77,0
1753,100,0,1,100,100,0,0,0,0,0,100,100,0.0175182909,4.0052927957,100.0000000000,10.2676685546,1.0000000000,0.8416000000,250.0000000000,0,0,0,77,0
1754,100,0,1,100,100,0,0,0,0,0,100,100,0.0175182909,3.9877745048,100.0000000000,10.2676685546,1.0000000000,0.8416000000,250.0000000000,0,0,0,77,0
1755,100,0,1,100,100,0,0,0,0,0,100,100,0.0175182909,3.9702562139,100.0000000000,10.2676685546,1.0000000000,0.8416000000,250.0000000000,0,0,0,77,0
1756,100,0,1,100,100,0,0,1,101,297,100,100,0.0277832585,3.9424729554,100.0000000000,11.1092672155,1.0000000000,0.9644160000,218.1631163315,0,0,0,67,0
1757,100,0,1,100,100,0,0,0,0,0,100,100,0.0183711012,3.9241018542,100.0000000000,11.1092672155,1.0000000000,0.8416000000,250.0000000000,0,0,0,67,0
1758,100,0,1,100,100,0,0,0,0,0,100,100,0.0183711012,3.9057307529,100.0000000000,11.1092672155,1.0000000000,0.8416000000,250.0000000000,0,0,0,67,0
1759,100,0,1,100,100,0,0,0,0,0,100,100,0.0183711012,3.8873596517,100.0000000000,11.1092672155,1.0000000000,0.8416000000,250.0000000000,0,0,0,67,0
1760,100,0,1,100,100,0,0,0,0,0,100,100,0.0183711012,3.8689885505,100.0000000000,11.1092672155,1.0000000000,0.8416000000,250.0000000000,0,0,0,67,0
1761,100,0,2,100,100,0,0,1,102,394,100,100,0.0294297446,3.8395588059,50.0000000000,10.9409546356,1.0000000000,0.9656320000,217.8883881230,0,0,0,68,0
1762,100,0,2,100,100,0,0,0,0,0,100,100,0.0181644123,3.8213943937,50.0000000000,10.9409546356,1.0000000000,0.8416000000,250.0000000000,0,0,0,68,0
1763,100,0,2,100,100,0,0,0,0,0,100,100,0.0181644123,3.8032299814,50.0000000000,10.9409546356,1.0000000000,0.8416000000,250.0000000000,0,0,0,68,0
1764,100,0,2,100,100,0,0,0,0,0,100,100,0.0181644123,3.7850655692,50.0000000000,10.9409546356,1.0000000000,0.8416000000,250.0000000000,0,0,0,68,0
1765,100,0,2,100,100,0,0,0,0,0,100,100,0.0181644123,3.7669011569,50.0000000000,10.9409546356,1.0000000000,0.8416000000,250.0000000000,0,0,0,68,0
1766,100,0,1,100,100,0,0,1,101,297,100,100,0.0274080707,3.7394930862,100.0000000000,10.0151923661,1.0000000000,0.9644160000,218.1631163315,0,0,0,80,0
1767,100,0,1,100,100,0,0,0,0,0,100,100,0.0172253775,3.7222677088,100.0000000000,10.0151923661,1.0000000000,0.8416000000,250.0000000000,0,0,0,80,0
1768,100,0,1,100,100,0,0,0,0,0,100,100,0.0172253775,3.7050423313,100.0000000000,10.0151923661,1.0000000000,0.8416000000,250.0000000000,0,0,0,80,0
1769,100,0,1,100,100,0,0,0,0,0,100,100,0.0172253775,3.6878169538,100.0000000000,10.0151923661,1.0000000000,0.8416000000,250.0000000000,0,0,0,80,0
1770,100,0,1,100,100,0,0,0,0,0,100,100,0.0172253775,3.6705915764,100.0000000000,10.0151923661,1.0000000000,0.8416000000,250.0000000000,0,0,0,80,0
1771,100,0,2,100,100,0,0,1,102,394,100,100,0.0305520903,3.6400394860,50.0000000000,12.0350367620,1.0000000000,0.9656320000,217.8883881230,0,0,0,55,0
1772,100,0,2,100,100,0,0,0,0,0,100,100,0.0195996136,3.6204398724,50.0000000000,12.0350367620,1.0000000000,0.8416000000,250.0000000000,0,0,0,55,0
1773,100,0,2,100,100,0,0,0,0,0,100,100,0.0195996136,3.6008402588,50.0000000000,12.0350367620,1.0000000000,0.8416000000,250.0000000000,0,0,0,55,0
1774,100,0,2,100,100,0,0,0,0,0,100,100,0.0195996136,3.5812406452,50.0000000000,12.0350367620,1.0000000000,0.8416000000,250.0000000000,0,0,0,55,0
1775,100,0,2,100,100,0,0,0,0,0,100,100,0.0195996136,3.5616410316,50.0000000000,12.0350367620,1.0000000000,0.8416000000,250.0000000000,0,0,0,55,0
1776,100,0,2,100,100,0,0,1,102,394,100,100,0.0306155629,3.5310254687,50.0000000000,12.1191946198,1.0000000000,0.9656320000,217.8883881230,0,0,0,54,0
1777,100,0,2,100,100,0,0,0,0,0,100,100,0.0196412517,3.5113842169,50.0000000000,12.1191946198,1.0000000000,0.8416000000,250.0000000000,0,0,0,54,0
1778,100,0,2,100,100,0,0,0,0,0,100,100,0.0196412517,3.4917429652,50.0000000000,12.1191946198,1.0000000000,0.8416000000,250.0000000000,0,0,0,54,0
1779,100,0,2,100,100,0,0,0,0,0,100,100,0.0196412517,3.4721017134,50.0000000000,12.1191946198,1.0000000000,0.8416000000,250.0000000000,0,0,0,54,0
1780,100,0,2,100,100,0,0,0,0,0,100,100,0.0196412517,3.4524604617,50.0000000000,12.1191946198,1.0000000000,0.8416000000,250.0000000000,0,0,0,54,0
1781,100,0,1,100,100,0,0,1,101,297,100,100,0.0308662796,3.4215941821,100.0000000000,12.8766148368,1.0000000000,0.9644160000,218.1631163315,0,0,0,46,0
1782,100,0,1,100,100,0,0,0,0,0,100,100,0.0218277716,3.3997664105,100.0000000000,12.8766148368,1.0000000000,0.8416000000,250.0000000000,0,0,0,46,0
1783,100,0,1,100,100,0,0,0,0,0,100,100,0.0218277716,3.3779386389,100.0000000000,12.8766148368,1.0000000000,0.8416000000,250.0000000000,0,0,0,46,0
1784,100,0,1,100,100,0,0,0,0,0,100,100,0.0218277716,3.3561108673,100.0000000000,12.8766148368,1.0000000000,0.8416000000,250.0000000000,0,0,0,46,0
1785,100,0,1,100,100,0,0,0,0,0,100,100,0.0218277716,3.3342830957,100.0000000000,12.8766148368,1.0000000000,0.8416000000,250.0000000000,0,0,0,46,0
1786,100,0,3,100,100,0,0,1,103,491,100,100,0.0340220259,3.3002610698,33.3333333333,13.7182473845,1.0000000000,0.9668480000,217.6143509631,0,0,0,34,0
1787,100,0,3,100,100,0,0,0,0,0,100,100,0.0215838014,3.2786772685,33.3333333333,13.7182473845,1.0000000000,0.8416000000,250.0000000000,0,0,0,34,0
1788,100,0,3,100,100,0,0,0,0,0,100,100,0.0215838014,3.2570934671,33.3333333333,13.7182473845,1.0000000000,0.8416000000,250.0000000000,0,0,0,34,0
1789,100,0,3,100,100,0,0,0,0,0,100,100,0.0215838014,3.2355096657,33.3333333333,13.7182473845,1.0000000000,0.8416000000,250.0000000000,0,0,0,34,0
1790,100,0,3,100,100,0,0,0,0,0,100,100,0.0215838014,3.2139258643,33.3333333333,13.7182473845,1.0000000000,0.8416000000,250.0000000000,0,0,0,34,0
1791,100,0,2,100,100,0,0,1,102,394,100,100,0.0300942595,3.1838316048,50.0000000000,11.5300706781,1.0000000000,0.9656320000,217.8883881230,0,0,0,61,0
1792,100,0,2,100,100,0,0,0,0,0,100,100,0.0192117430,3.1646198618,50.0000000000,11.5300706781,1.0000000000,0.8416000000,250.0000000000,0,0,0,61,0
1793,100,0,2,100,100,0,0,0,0,0,100,100,0.0192117430,3.1454081188,50.0000000000,11.5300706781,1.0000000000,0.8416000000,250.0000000000,0,0,0,61,0
1794,100,0,2,100,100,0,0,0,0,0,100,100,0.0192117430,3.1261963758,50.0000000000,11.5300706781,1.0000000000,0.8416000000,250.0000000000,0,0,0,61,0
1795,100,0,2,100,100,0,0,0,0,0,100,100,0.0192117430,3.1069846328,50.0000000000,11.5300706781,1.0000000000,0.8416000000,250.0000000000,0,0,0,61,0
1796,100,0,3,100,100,0,0,1,103,491,100,100,0.0328540667,3.0741305661,33.3333333333,12.8766602803,1.0000000000,0.9668480000,217.6143509631,0,0,0,44,0
1797,100,0,3,100,100,0,0,0,0,0,100,100,0.0202978887,3.0538326774,33.3333333333,12.8766602803,1.0000000000,0.8416000000,250.0000000000,0,0,0,44,0
1798,100,0,3,100,100,0,0,0,0,0,100,100,0.0202978887,3.0335347887,33.3333333333,12.8766602803,1.0000000000,0.8416000000,250.0000000000,0,0,0,44,0
1799,100,0,3,100,100,0,0,0,0,0,100,100,0.0202978887,3.0132369001,33.3333333333,12.8766602803,1.0000000000,0.8416000000,250.0000000000,0,0,0,44,0
1800,100,0,3,100,100,0,0,0,0,0,100,100,0.0202978887,2.9929390114,33.3333333333,12.8766602803,1.0000000000,0.8416000000,250.0000000000,0,0,0,44,0
1801,100,0,1,100,100,0,0,1,101,297,100,100,0.0287432046,2.9641958069,100.0000000000,11.6983801939,1.0000000000,0.9644160000,218.1631163315,0,0,0,60,0
1802,100,0,1,100,100,0,0,0,0,0,100,100,0.0196374577,2.9445583492,100.0000000000,11.6983801939,1.0000000000,0.8416000000,250.0000000000,0,0,0,60,0
1803,100,0,1,100,100,0,0,0,0,0,100,100,0.0196374577,2.9249208914,100.0000000000,11.6983801939,1.0000000000,0.8416000000,250.0000000000,0,0,0,60,0
1804,100,0,1,100,100,0,0,0,0,0,100,100,0.0196374577,2.9052834337,100.0000000000,11.6983801939,1.0000000000,0.8416000000,250.0000000000,0,0,0,60,0
1805,100,0,1,100,100,0,0,0,0,0,100,100,0.0196374577,2.8856459760,100.0000000000,11.6983801939,1.0000000000,0.8416000000,250.0000000000,0,0,0,60,0
1806,100,0,1,100,100,0,0,1,101,297,100,100,0.0280258728,2.8576201032,100.0000000000,11.1934280200,1.0000000000,0.9644160000,218.1631163315,0,0,0,66,0
1807,100,0,1,100,100,0,0,0,0,0,100,100,0.0187294160,2.8388906872,100.0000000000,11.1934280200,1.0000000000,0.8416000000,250.0000000000,0,0,0,66,0
1808,100,0,1,100,100,0,0,0,0,0,100,100,0.0187294160,2.8201612711,100.0000000000,11.1934280200,1.0000000000,0.8416000000,250.0000000000,0,0,0,66,0
1809,100,0,1,100,100,0,0,0,0,0,100,100,0.0187294160,2.8014318551,100.0000000000,11.1934280200,1.0000000000,0.8416000000,250.0000000000,0,0,0,66,0
1810,100,0,1,100,100,0,0,0,0,0,100,100,0.0187294160,2.7827024390,100.0000000000,11.1934280200,1.0000000000,0.8416000000,250.0000000000,0,0,0,66,0
1811,100,0,1,100,100,0,0,1,101,297,100,100,0.0284661123,2.7542363267,100.0000000000,11.5300652034,1.0000000000,0.9644160000,218.1631163315,0,0,0,62,0
1812,100,0,1,100,100,0,0,0,0,0,100,100,0.0192762417,2.7349600850,100.0000000000,11.5300652034,1.0000000000,0.8416000000,250.0000000000,0,0,0,62,0
1813,100,0,1,100,100,0,0,0,0,0,100,100,0.0192762417,2.7156838433,100.0000000000,11.5300652034,1.0000000000,0.8416000000,250.0000000000,0,0,0,62,0
1814,100,0,1,100,100,0,0,0,0,0,100,100,0.0192762417,2.6964076016,100.0000000000,11.5300652034,1.0000000000,0.8416000000,250.0000000000,0,0,0,62,0
1815,100,0,1,100,100,0,0,0,0,0,100,100,0.0192762417,2.6771313599,100.0000000000,11.5300652034,1.0000000000,0.8416000000,250.0000000000,0,0,0,62,0
1816,100,0,1,100,100,0,0,1,101,297,100,100,0.0285809088,2.6485504511,100.0000000000,11.4459230303,1.0000000000,0.9644160000,218.1631163315,0,0,0,63,0
1817,100,0,1,100,100,0,0,0,0,0,100,100,0.0190156335,2.6295348176,100.0000000000,11.4459230303,1.0000000000,0.8416000000,250.0000000000,0,0,0,63,0
1818,100,0,1,100,100,0,0,0,0,0,100,100,0.0190156335,2.6105191840,100.0000000000,11.4459230303,1.0000000000,0.8416000000,250.0000000000,0,0,0,63,0
1819,100,0,1,100,100,0,0,0,0,0,100,100,0.0190156335,2.5915035505,100.0000000000,11.4459230303,1.0000000000,0.8416000000,250.0000000000,0,0,0,63,0
1820,100,0,1,100,100,0,0,0,0,0,100,100,0.0190156335,2.5724879170,100.0000000000,11.4459230303,1.0000000000,0.8416000000,250.0000000000,0,0,0,63,0
1821,100,0,1,100,100,0,0,1,101,297,100,100,0.0277579600,2.5447299570,100.0000000000,10.6043188749,1.0000000000,0.9644160000,218.1631163315,0,0,0,73,0
1822,100,0,1,100,100,0,0,0,0,0,100,100,0.0177924441,2.5269375129,100.0000000000,10.6043188749,1.0000000000,0.8416000000,250.0000000000,0,0,0,73,0
1823,100,0,1,100,100,0,0,0,0,0,100,100,0.0177924441,2.5091450687,100.0000000000,10.6043188749,1.0000000000,0.8416000000,250.0000000000,0,0,0,73,0
1824,100,0,1,100,100,0,0,0,0,0,100,100,0.0177924441,2.4913526246,100.0000000000,10.6043188749,1.0000000000,0.8416000000,250.0000000000,0,0,0,73,0
1825,100,0,1,100,100,0,0,0,0,0,100,100,0.0177924441,2.4735601805,100.0000000000,10.6043188749,1.0000000000,0.8416000000,250.0000000000,0,0,0,73,0
1826,100,0,1,100,100,0,0,1,101,297,100,100,0.0271665488,2.4463936317,100.0000000000,9.6785478003,1.0000000000,0.9644160000,218.1631163315,0,0,0,84,0
1827,100,0,1,100,100,0,0,0,0,0,100,100,0.0167571700,2.4296364617,100.0000000000,9.6785478003,1.0000000000,0.8416000000,250.0000000000,0,0,0,84,0
1828,100,0,1,100,100,0,0,0,0,0,100,100,0.0167571700,2.4128792917,100.0000000000,9.6785478003,1.0000000000,0.8416000000,250.0000000000,0,0,0,84,0
1829,100,0,1,100,100,0,0,0,0,0,100,100,0.0167571700,2.3961221217,100.0000000000,9.6785478003,1.0000000000,0.8416000000,250.0000000000,0,0,0,84,0
1830,100,0,1,100,100,0,0,0,0,0,100,100,0.0167571700,2.3793649517,100.0000000000,9.6785478003,1.0000000000,0.8416000000,250.0000000000,0,0,0,84,0
1831,100,0,1,100,100,0,0,1,101,297,100,100,0.0265722013,2.3527927504,100.0000000000,9.6785417600,1.0000000000,0.9644160000,218.1631163315,0,0,0,84,0
1832,100,0,1,100,100,0,0,0,0,0,100,100,0.0166352020,2.3361575485,100.0000000000,9.6785417600,1.0000000000,0.8416000000,250.0000000000,0,0,0,84,0
1833,100,0,1,100,100,0,0,0,0,0,100,100,0.0166352020,2.3195223465,100.0000000000,9.6785417600,1.0000000000,0.8416000000,250.0000000000,0,0,0,84,0
1834,100,0,1,100,100,0,0,0,0,0,100,100,0.0166352020,2.3028871446,100.0000000000,9.6785417600,1.0000000000,0.8416000000,250.0000000000,0,0,0,84,0
1835,100,0,1,100,100,0,0,0,0,0,100,100,0.0166352020,2.2862519426,100.0000000000,9.6785417600,1.0000000000,0.8416000000,250.0000000000,0,0,0,84,0
1836,100,0,1,100,100,0,0,1,101,297,100,100,0.0270625765,2.2591893661,100.0000000000,10.1835075242,1.0000000000,0.9644160000,218.1631163315,0,0,0,78,0
1837,100,0,1,100,100,0,0,0,0,0,100,100,0.0172666086,2.2419227575,100.0000000000,10.1835075242,1.0000000000,0.8416000000,250.0000000000,0,0,0,78,0
1838,100,0,1,100,100,0,0,0,0,0,100,100,0.0172666086,2.2246561489,100.0000000000,10.1835075242,1.0000000000,0.8416000000,250.0000000000,0,0,0,78,0
1839,100,0,1,100,100,0,0,0,0,0,100,100,0.0172666086,2.2073895402,100.0000000000,10.1835075242,1.0000000000,0.8416000000,250.0000000000,0,0,0,78,0
1840,100,0,1,100,100,0,0,0,0,0,100,100,0.0172666086,2.1901229316,100.0000000000,10.1835075242,1.0000000000,0.8416000000,250.0000000000,0,0,0,78,0
1841,100,0,1,100,100,0,0,1,101,297,100,100,0.0269756209,2.1631473106,100.0000000000,9.6785461212,1.0000000000,0.9644160000,218.1631163315,0,0,0,84,0
1842,100,0,1,100,100,0,0,0,0,0,100,100,0.0166022243,2.1465450863,100.0000000000,9.6785461212,1.0000000000,0.8416000000,250.0000000000,0,0,0,84,0
1843,100,0,1,100,100,0,0,0,0,0,100,100,0.0166022243,2.1299428620,100.0000000000,9.6785461212,1.0000000000,0.8416000000,250.0000000000,0,0,0,84,0
1844,100,0,1,100,100,0,0,0,0,0,100,100,0.0166022243,2.1133406377,100.0000000000,9.6785461212,1.0000000000,0.8416000000,250.0000000000,0,0,0,84,0
1845,100,0,1,100,100,0,0,0,0,0,100,100,0.0166022243,2.0967384134,100.0000000000,9.6785461212,1.0000000000,0.8416000000,250.0000000000,0,0,0,84,0
1846,100,0,1,100,100,0,0,1,101,297,100,100,0.0274474250,2.0692909884,100.0000000000,9.5102290717,1.0000000000,0.9644160000,218.1631163315,0,0,0,86,0
1847,100,0,1,100,100,0,0,0,0,0,100,100,0.0165829785,2.0527080099,100.0000000000,9.5102290717,1.0000000000,0.8416000000,250.0000000000,0,0,0,86,0
1848,100,0,1,100,100,0,0,0,0,0,100,100,0.0165829785,2.0361250315,100.0000000000,9.5102290717,1.0000000000,0.8416000000,250.0000000000,0,0,0,86,0
1849,100,0,1,100,100,0,0,0,0,0,100,100,0.0165829785,2.0195420530,100.0000000000,9.5102290717,1.0000000000,0.8416000000,250.0000000000,0,0,0,86,0
1850,100,0,1,100,100,0,0,0,0,0,100,100,0.0165829785,2.0029590745,100.0000000000,9.5102290717,1.0000000000,0.8416000000,250.0000000000,0,0,0,86,0
1851,100,0,1,100,100,0,0,1,101,297,100,100,0.0297876592,1.9731714153,100.0000000000,12.2874986483,1.0000000000,0.9644160000,218.1631163315,0,0,0,53,0
1852,100,0,1,100,100,0,0,0,0,0,100,100,0.0207119371,1.9524594782,100.0000000000,12.2874986483,1.0000000000,0.8416000000,250.0000000000,0,0,0,53,0
1853,100,0,1,100,100,0,0,0,0,0,100,100,0.0207119371,1.9317475411,100.0000000000,12.2874986483,1.0000000000,0.8416000000,250.0000000000,0,0,0,53,0
1854,100,0,1,100,100,0,0,0,1,98,100,100,0.0198228728,1.9119246683,100.0000000000,10.8567973946,1.0000000000,0.8428160000,249.6393044271,0,0,1,70,0
1855,100,0,1,100,99,1,0,0,0,0,99,99,0.0180092333,1.8939154349,100.0000000000,10.8814517901,0.9900000000,0.8331840000,250.0000000000,0,0,0,69,0
1856,99,1,1,99,99,0,0,1,100,294,99,99,0.0271509618,1.8667644731,99.0000000000,10.0313450452,1.0000000000,0.9547840000,218.1603378356,0,0,0,79,0
1857,99,1,1,99,99,0,0,0,0,0,99,99,0.0169520677,1.8498124054,99.0000000000,10.0313450452,1.0000000000,0.8331840000,250.0000000000,0,0,0,79,0
1858,99,1,1,99,99,0,0,0,0,0,99,99,0.0169520677,1.8328603377,99.0000000000,10.0313450452,1.0000000000,0.8331840000,250.0000000000,0,0,0,79,0
1859,99,1,1,99,99,0,0,0,0,0,99,99,0.0169520677,1.8159082700,99.0000000000,10.0313450452,1.0000000000,0.8331840000,250.0000000000,0,0,0,79,0
1860,99,1,1,99,99,0,0,0,0,0,99,99,0.0169520677,1.7989562022,99.0000000000,10.0313450452,1.0000000000,0.8331840000,250.0000000000,0,0,0,79,0
1861,99,1,1,99,99,0,0,1,100,294,99,99,0.0282663143,1.7706898879,99.0000000000,11.4765134768,1.0000000000,0.9547840000,218.1603378356,0,0,0,62,0
1862,99,1,1,99,99,0,0,0,0,0,99,99,0.0190781809,1.7516117070,99.0000000000,11.4765134768,1.0000000000,0.8331840000,250.0000000000,0,0,0,62,0
1863,99,1,1,99,99,0,0,0,0,0,99,99,0.0190781809,1.7325335262,99.0000000000,11.4765134768,1.0000000000,0.8331840000,250.0000000000,0,0,0,62,0
1864,99,1,1,99,99,0,0,0,1,97,99,99,0.0192812127,1.7132523135,99.0000000000,10.5414068019,1.0000000000,0.8344000000,249.6356663471,0,0,1,73,0
1865,99,1,1,99,99,0,0,0,0,0,99,99,0.0176066821,1.6956456315,99.0000000000,10.5414068019,1.0000000000,0.8331840000,250.0000000000,0,0,0,73,0
1866,99,1,1,99,99,0,0,1,100,294,99,99,0.0271992241,1.6684464073,99.0000000000,10.0313457007,1.0000000000,0.9547840000,218.1603378356,0,0,0,79,0
1867,99,1,1,99,99,0,0,0,0,0,99,99,0.0171093738,1.6513370335,99.0000000000,10.0313457007,1.0000000000,0.8331840000,250.0000000000,0,0,0,79,0
1868,99,1,1,99,99,0,0,0,0,0,99,99,0.0171093738,1.6342276597,99.0000000000,10.0313457007,1.0000000000,0.8331840000,250.0000000000,0,0,0,79,0
1869,99,1,1,99,99,0,0,0,0,0,99,99,0.0171093738,1.6171182859,99.0000000000,10.0313457007,1.0000000000,0.8331840000,250.0000000000,0,0,0,79,0
1870,99,1,1,99,99,0,0,0,0,0,99,99,0.0171093738,1.6000089121,99.0000000000,10.0313457007,1.0000000000,0.8331840000,250.0000000000,0,0,0,79,0
1871,99,1,1,99,99,0,0,1,100,294,99,99,0.0272682097,1.5727407025,99.0000000000,10.6264090945,1.0000000000,0.9547840000,218.1603378356,0,0,0,72,0
1872,99,1,1,99,99,0,0,0,0,0,99,99,0.0179046187,1.5548360837,99.0000000000,10.6264090945,1.0000000000,0.8331840000,250.0000000000,0,0,0,72,0
1873,99,1,1,99,99,0,0,0,0,0,99,99,0.0179046187,1.5369314650,99.0000000000,10.6264090945,1.0000000000,0.8331840000,250.0000000000,0,0,0,72,0
1874,99,1,1,99,99,0,0,0,1,97,99,99,0.0191970468,1.5177344182,99.0000000000,10.3713839243,1.0000000000,0.8344000000,249.6356663471,0,0,1,75,0
1875,99,1,1,99,99,0,0,0,0,0,99,99,0.0175240551,1.5002103631,99.0000000000,10.3713839243,1.0000000000,0.8331840000,250.0000000000,0,0,0,75,0
1876,99,1,2,99,99,0,0,1,101,390,99,99,0.0289294313,1.4712809318,49.5000000000,10.5414072137,1.0000000000,0.9560000000,217.8828451883,0,0,0,72,0
1877,99,1,2,99,99,0,0,0,0,0,99,99,0.0175339078,1.4537470240,49.5000000000,10.5414072137,1.0000000000,0.8331840000,250.0000000000,0,0,0,72,0
1878,99,1,2,99,98,1,0,0,0,0,98,98,0.0173701979,1.4363768260,49.5000000000,10.5630934180,0.9898989899,0.8247680000,250.0000000000,0,0,0,71,0
1879,99,1,2,99,98,1,0,0,0,0,98,98,0.0173701979,1.4190066281,49.5000000000,10.5630934180,0.9898989899,0.8247680000,250.0000000000,0,0,0,71,0
1880,99,1,2,99,98,1,0,0,0,0,98,98,0.0173701979,1.4016364302,49.5000000000,10.5630934180,0.9898989899,0.8247680000,250.0000000000,0,0,0,71,0
1881,98,2,1,98,98,0,0,1,99,291,98,98,0.0277175506,1.3739188796,98.0000000000,11.2501034829,1.0000000000,0.9451520000,218.1575027086,0,0,0,64,0
1882,98,2,1,98,98,0,0,0,0,0,98,98,0.0186159645,1.3553029151,98.0000000000,11.2501034829,1.0000000000,0.8247680000,250.0000000000,0,0,0,64,0
1883,98,2,1,98,98,0,0,0,1,96,98,98,0.0195106384,1.3357922767,98.0000000000,10.9066047573,1.0000000000,0.8259840000,249.6319541299,0,0,1,68,0
1884,98,2,1,98,98,0,0,0,0,0,98,98,0.0178517510,1.3179405257,98.0000000000,10.9066047573,1.0000000000,0.8247680000,250.0000000000,0,0,0,68,0
1885,98,2,1,98,98,0,0,0,0,0,98,98,0.0178517510,1.3000887747,98.0000000000,10.9066047573,1.0000000000,0.8247680000,250.0000000000,0,0,0,68,0
1886,96,4,1,96,96,0,0,1,98,288,96,96,0.0278001892,1.2722885856,96.0000000000,11.5721447369,1.0000000000,0.9271040000,217.8655253348,0,0,0,59,0
1887,96,4,1,96,96,0,0,0,0,0,96,96,0.0188759912,1.2534125944,96.0000000000,11.5721447369,1.0000000000,0.8079360000,250.0000000000,0,0,0,59,0
1888,96,4,1,96,96,0,0,0,1,94,96,96,0.0184683414,1.2349442529,96.0000000000,10.2571541712,1.0000000000,0.8091520000,249.6242980305,0,0,1,74,0
1889,96,4,1,96,96,0,0,0,0,0,96,96,0.0168331567,1.2181110963,96.0000000000,10.2571541712,1.0000000000,0.8079360000,250.0000000000,0,0,0,74,0
1890,96,4,1,96,96,0,0,0,0,0,96,96,0.0168331567,1.2012779396,96.0000000000,10.2571541712,1.0000000000,0.8079360000,250.0000000000,0,0,0,74,0
1891,96,4,1,96,96,0,0,1,97,285,96,96,0.0274437780,1.1738341616,96.0000000000,11.3968189907,1.0000000000,0.9258880000,218.1516554918,0,0,0,61,0
1892,96,4,1,96,96,0,0,0,0,0,96,96,0.0184338822,1.1554002794,96.0000000000,11.3968189907,1.0000000000,0.8079360000,250.0000000000,0,0,0,61,0
1893,96,4,1,96,95,1,0,0,1,94,95,95,0.0183999034,1.1370003760,96.0000000000,10.2765387970,0.9895833333,0.8007360000,249.6203492787,0,0,1,73,0
1894,96,4,1,96,95,1,0,0,0,0,95,95,0.0167677479,1.1202326282,96.0000000000,10.2765387970,0.9895833333,0.7995200000,250.0000000000,0,0,0,73,0
1895,96,4,1,96,95,1,0,0,0,0,95,95,0.0167677479,1.1034648803,96.0000000000,10.2765387970,0.9895833333,0.7995200000,250.0000000000,0,0,0,73,0
1896,96,4,3,96,95,1,0,1,99,471,95,95,0.0323801180,1.0710847622,32.0000000000,13.8201276061,0.9895833333,0.9199040000,217.2835426305,0,0,0,31,0
1897,96,4,3,96,95,1,0,0,0,0,95,95,0.0204608780,1.0506238843,32.0000000000,13.8201276061,0.9895833333,0.7995200000,250.0000000000,0,0,0,31,0
1898,96,4,3,96,95,1,0,0,1,48,95,95,0.0210385524,1.0295853319,32.0000000000,13.7315620004,0.9895833333,0.8007360000,249.6203492787,0,0,1,32,0
1899,96,4,3,96,94,2,0,0,0,0,94,94,0.0199551592,1.0096301727,32.0000000000,13.6985761593,0.9791666667,0.7911040000,250.0000000000,0,0,0,32,0
1900,96,4,3,96,94,2,0,0,0,0,94,94,0.0199551592,0.9896750136,32.0000000000,13.6985761593,0.9791666667,0.7911040000,250.0000000000,0,0,0,32,0
1901,93,7,1,93,93,0,0,1,96,280,93,93,0.0263307743,0.9633442393,93.0000000000,11.2214856450,1.0000000000,0.8994240000,217.5525669762,0,0,0,61,0
1902,93,7,1,93,92,1,0,0,0,0,92,92,0.0172584854,0.9460857539,93.0000000000,11.2519790510,0.9892473118,0.7742720000,250.0000000000,0,0,0,60,0
1903,93,7,1,93,92,1,0,0,1,91,92,92,0.0182655148,0.9278202391,93.0000000000,10.7031084050,0.9892473118,0.7754880000,249.6079887761,0,0,1,66,0
1904,93,7,1,93,92,1,0,0,0,0,92,92,0.0167012757,0.9111189634,93.0000000000,10.7031084050,0.9892473118,0.7742720000,250.0000000000,0,0,0,66,0
1905,93,7,1,93,91,2,0,0,0,0,91,91,0.0165768852,0.8945420783,93.0000000000,10.7282407208,0.9784946237,0.7658560000,250.0000000000,0,0,0,65,0
1906,93,7,1,93,91,2,0,1,94,276,91,91,0.0265140339,0.8680280444,93.0000000000,11.7455623064,0.9784946237,0.8801600000,217.5331757862,0,0,0,54,0
1907,93,7,1,93,91,2,0,0,1,91,91,91,0.0178905607,0.8501374837,93.0000000000,10.5432752710,0.9784946237,0.7670720000,249.6036877894,0,0,1,67,0
1908,93,7,1,93,91,2,0,0,0,0,91,91,0.0163240048,0.8338134789,93.0000000000,10.5432752710,0.9784946237,0.7658560000,250.0000000000,0,0,0,67,0
1909,93,7,1,93,91,2,0,0,0,0,91,91,0.0163240048,0.8174894741,93.0000000000,10.5432752710,0.9784946237,0.7658560000,250.0000000000,0,0,0,67,0
1910,93,7,1,93,89,4,0,0,1,89,89,89,0.0164884425,0.8010010317,93.0000000000,9.6454556631,0.9569892473,0.7502400000,249.5947963318,0,0,1,75,0
1911,89,11,1,89,89,0,0,1,90,266,89,89,0.0245659625,0.7764350692,89.0000000000,10.3073902037,1.0000000000,0.8584640000,218.1291236441,0,0,0,68,0
1912,89,11,1,89,88,1,0,0,0,0,88,88,0.0153982427,0.7610368265,89.0000000000,10.3288813630,0.9887640449,0.7406080000,250.0000000000,0,0,0,67,0
1913,89,11,1,89,88,1,0,0,1,87,88,88,0.0175247139,0.7435121125,89.0000000000,10.8070691638,0.9887640449,0.7418240000,249.5901992926,0,0,1,62,0
1914,89,11,1,89,88,1,0,0,0,0,88,88,0.0160109981,0.7275011144,89.0000000000,10.8070691638,0.9887640449,0.7406080000,250.0000000000,0,0,0,62,0
1915,89,11,1,89,87,2,0,0,1,87,87,87,0.0162314273,0.7112696871,89.0000000000,9.6737180851,0.9775280899,0.7334080000,249.5854967494,0,0,1,73,0
1916,87,13,1,87,86,1,0,1,90,262,86,86,0.0252628945,0.6860067927,87.0000000000,11.8412708767,0.9885057471,0.8332160000,217.1633766034,0,0,0,50,0
1917,87,13,1,87,86,1,0,0,1,84,86,86,0.0168919103,0.6691148823,87.0000000000,10.5690872937,0.9885057471,0.7249920000,249.5806850282,0,0,1,63,0
1918,87,13,1,87,86,1,0,0,0,0,86,86,0.0154287090,0.6536861733,87.0000000000,10.5690872937,0.9885057471,0.7237760000,250.0000000000,0,0,0,63,0
1919,87,13,1,87,85,2,0,0,1,84,85,85,0.0159797991,0.6377063742,87.0000000000,9.9013291465,0.9770114943,0.7165760000,249.5757602822,0,0,1,69,0
1920,87,13,1,87,85,2,0,0,0,0,85,85,0.0144977900,0.6232085842,87.0000000000,9.9013291465,0.9770114943,0.7153600000,250.0000000000,0,0,0,69,0
1921,85,15,1,85,85,0,0,1,87,254,85,85,0.0242975893,0.5989109949,85.0000000000,11.2874990306,1.0000000000,0.8211520000,217.7915903511,0,0,0,55,0
1922,85,15,1,85,84,1,0,0,1,82,84,84,0.0155585956,0.5833523994,85.0000000000,9.7186284559,0.9882352941,0.7081600000,249.5707184817,0,0,1,70,0
1923,85,15,1,85,82,3,0,0,0,0,82,82,0.0137416641,0.5696107352,85.0000000000,9.7503955555,0.9647058824,0.6901120000,250.0000000000,0,0,0,68,0
1924,85,15,1,85,82,3,0,0,1,82,82,82,0.0153291927,0.5542815426,85.0000000000,9.9556576847,0.9647058824,0.6913280000,249.5602666173,0,0,1,66,0
1925,85,15,1,85,82,3,0,0,1,82,82,82,0.0163730370,0.5379085056,85.0000000000,10.7767347055,0.9647058824,0.6913280000,249.5602666173,0,0,1,58,0
1926,82,18,1,82,81,1,0,1,84,324,81,81,0.0245233939,0.5133851117,82.0000000000,11.5331859067,0.9878048780,0.7838400000,217.4219228414,0,0,1,50,0
1927,82,18,1,82,81,1,0,0,1,80,81,81,0.0150965077,0.4982886040,82.0000000000,9.7668701546,0.9878048780,0.6829120000,249.5548474767,0,0,1,67,0
1928,82,18,1,82,80,2,0,0,1,79,80,80,0.0152966622,0.4829919418,82.0000000000,10.2045539701,0.9756097561,0.6744960000,249.5492931018,0,0,1,62,0
1929,82,18,1,82,78,4,0,0,1,79,78,78,0.0156225187,0.4673694231,82.0000000000,10.8977948748,0.9512195122,0.6576640000,249.5377578824,0,0,1,54,0
1930,82,18,1,82,78,4,0,0,0,0,78,78,0.0142473216,0.4531221015,82.0000000000,10.8977948748,0.9512195122,0.6564480000,250.0000000000,0,0,0,54,0
1931,78,22,1,78,76,2,0,1,80,233,76,76,0.0221018813,0.4310202203,78.0000000000,11.7382554755,0.9743589744,0.7368960000,216.9966996700,0,0,0,45,0
1932,78,22,1,78,76,2,0,0,0,0,76,76,0.0147464261,0.4162737942,78.0000000000,11.7382554755,0.9743589744,0.6396160000,250.0000000000,0,0,0,45,0
1933,77,23,1,78,46,32,0,0,0,0,48,48,0.0075211927,0.4087526015,74.0000000000,9.1479670557,0.5897435897,0.4039680000,239.5833333333,1,0,0,45,0
1934,77,23,1,77,75,2,0,0,0,0,75,75,0.0128783181,0.3958742834,77.0000000000,10.0993522866,0.9740259740,0.6312000000,250.0000000000,0,0,0,59,0
1935,77,23,1,77,74,3,0,0,0,0,74,74,0.0127563210,0.3831179624,77.0000000000,10.1220995125,0.9610389610,0.6227840000,250.0000000000,0,0,0,58,0
1936,75,25,1,75,74,1,0,1,76,224,74,74,0.0206890097,0.3624289528,75.0000000000,10.6907496313,0.9866666667,0.7152000000,217.6957494407,0,0,0,53,0
1937,75,25,1,75,73,2,0,0,0,0,73,73,0.0132483955,0.3491805573,75.0000000000,10.7219097045,0.9733333333,0.6143680000,250.0000000000,0,0,0,52,0
1938,74,26,1,75,52,23,0,0,0,0,64,64,0.0110267493,0.3381538080,69.0000000000,12.3004957642,0.6933333333,0.5386240000,203.1250000000,1,0,0,51,0
1939,74,26,1,74,69,5,0,0,0,0,69,69,0.0121282323,0.3260255758,74.0000000000,10.3676902069,0.9324324324,0.5807040000,250.0000000000,0,0,0,52,0
1940,74,26,1,74,69,5,0,0,0,0,69,69,0.0121282323,0.3138973435,74.0000000000,10.3676902069,0.9324324324,0.5807040000,250.0000000000,0,0,0,52,0
1941,71,29,1,71,69,2,0,1,72,212,69,69,0.0208475070,0.2930498365,71.0000000000,12.4411945988,0.9718309859,0.6682560000,217.2460853326,0,0,0,35,0
1942,70,30,1,71,36,35,0,0,0,0,50,50,0.0091662433,0.2838835932,68.0000000000,14.9620222096,0.5070422535,0.4208000000,180.0000000000,1,0,0,35,0
1943,70,30,1,70,68,2,0,0,0,0,68,68,0.0120133695,0.2718702237,70.0000000000,10.2726329349,0.9714285714,0.5722880000,250.0000000000,0,0,0,52,0
1944,70,30,1,70,67,3,0,0,0,0,67,67,0.0118538425,0.2600163812,70.0000000000,10.3003416041,0.9571428571,0.5638720000,250.0000000000,0,0,0,51,0
1945,70,30,1,70,67,3,0,0,0,0,67,67,0.0118538425,0.2481625386,70.0000000000,10.3003416041,0.9571428571,0.5638720000,250.0000000000,0,0,0,51,0
1946,68,32,1,68,66,2,0,1,69,202,66,66,0.0184365812,0.2297259574,68.0000000000,10.4563920921,0.9705882353,0.6393600000,217.1921921922,0,0,0,49,0
1947,68,32,1,68,65,3,0,0,0,0,65,65,0.0116711996,0.2180547579,68.0000000000,10.4877810879,0.9558823529,0.5470400000,250.0000000000,0,0,0,48,0
1948,67,33,1,68,48,20,0,0,0,0,53,53,0.0085859541,0.2094688038,59.0000000000,10.1694747293,0.7058823529,0.4460480000,226.4150943396,1,0,0,47,0
1949,67,33,1,67,61,6,0,0,0,0,61,61,0.0126696634,0.1967991403,67.0000000000,12.4171936969,0.9104477612,0.5133760000,250.0000000000,0,0,0,31,0
1950,66,34,1,67,30,37,0,0,0,0,53,53,0.0106472967,0.1861518437,1.0000000000,8.4161366655,0.4477611940,0.4460480000,141.5094339623,0,1,0,30,0
1951,58,42,1,58,52,6,0,1,59,175,52,52,0.0151508428,0.1710010009,58.0000000000,10.1964620869,0.8965517241,0.5093760000,214.7882899862,0,0,0,40,0
1952,58,42,1,58,51,7,0,0,0,0,51,51,0.0089088163,0.1620921846,58.0000000000,10.2313696535,0.8793103448,0.4292160000,250.0000000000,0,0,0,39,0
1953,58,42,1,58,51,7,0,0,0,0,51,51,0.0089088163,0.1531833683,58.0000000000,10.2313696535,0.8793103448,0.4292160000,250.0000000000,0,0,0,39,0
1954,57,43,1,58,40,18,0,0,0,0,41,41,0.0064357678,0.1467476005,50.0000000000,8.8369390604,0.6896551724,0.3450560000,243.9024390244,1,0,0,39,0
1955,57,43,1,57,50,7,0,0,0,0,50,50,0.0087712847,0.1379763157,57.0000000000,10.0993608265,0.8771929825,0.4208000000,250.0000000000,0,0,0,39,0
1956,51,49,1,51,49,2,0,1,53,153,49,49,0.0139311123,0.1240452034,51.0000000000,10.1337064995,0.9607843137,0.4768320000,216.2103214549,0,0,0,38,0
1957,51,49,1,51,48,3,0,0,0,0,48,48,0.0083331919,0.1157120115,51.0000000000,10.1694885799,0.9411764706,0.4039680000,250.0000000000,0,0,0,37,0
1958,50,50,1,51,37,14,0,0,0,0,47,47,0.0082079894,0.1075040221,45.0000000000,12.9653853241,0.7254901961,0.3955520000,196.8085106383,1,0,0,36,0
1959,50,50,1,50,44,6,0,0,0,0,44,44,0.0077872966,0.0997167255,50.0000000000,10.3288881620,0.8800000000,0.3703040000,250.0000000000,0,0,0,33,0
1960,50,50,1,50,44,6,0,0,0,0,44,44,0.0077872966,0.0919294289,50.0000000000,10.3288881620,0.8800000000,0.3703040000,250.0000000000,0,0,0,33,0
1961,45,55,1,45,42,3,0,1,46,135,42,42,0.0128306148,0.0790988141,45.0000000000,12.0230023961,0.9333333333,0.4094080000,215.8433640769,0,0,0,23,0
1962,44,56,1,45,24,21,0,0,0,0,29,29,0.0050462003,0.0740526137,41.0000000000,11.9228508814,0.5333333333,0.2440640000,206.8965517241,1,0,0,23,0
1963,44,56,1,44,40,4,0,0,0,0,40,40,0.0074529409,0.0665996729,44.0000000000,10.9409552514,0.9090909091,0.3366400000,250.0000000000,0,0,0,27,0
1964,44,56,1,44,39,5,0,0,0,0,39,39,0.0073196632,0.0592800096,44.0000000000,11.0056952247,0.8863636364,0.3282240000,250.0000000000,0,0,0,26,0
1965,43,57,1,44,26,18,0,0,0,0,28,28,0.0046037100,0.0546762996,1.0000000000,8.4161346733,0.5909090909,0.2356480000,232.1428571429,0,1,0,26,0
1966,39,61,1,39,35,4,0,1,40,116,35,35,0.0102400033,0.0444362964,39.0000000000,10.0993567882,0.8974358974,0.3432000000,214.5687645688,0,0,0,27,0
1967,39,61,1,39,34,5,0,0,0,0,34,34,0.0060665144,0.0383697820,39.0000000000,10.1488659843,0.8717948718,0.2861440000,250.0000000000,0,0,0,26,0
1968,38,62,1,39,25,14,0,0,0,0,27,27,0.0044091005,0.0339606815,34.0000000000,9.7627198231,0.6410256410,0.2272320000,231.4814814815,1,0,0,24,0
1969,38,62,1,38,28,10,0,0,0,0,28,28,0.0049379970,0.0290226845,38.0000000000,10.2195910851,0.7368421053,0.2356480000,250.0000000000,0,0,0,21,0
1970,38,62,1,38,24,14,0,0,0,0,24,24,0.0041105343,0.0249121502,38.0000000000,9.8188212475,0.6315789474,0.2019840000,250.0000000000,0,0,0,19,0
1971,30,70,1,31,12,19,0,1,35,98,21,21,0.0076181380,0.0172940122,27.0000000000,21.0402499773,0.3870967742,0.2192960000,115.1320589523,1,0,0,11,0
1972,30,70,1,30,18,12,0,0,0,0,18,18,0.0035045532,0.0137894590,30.0000000000,11.2214842337,0.6000000000,0.1514880000,250.0000000000,0,0,0,11,0
1973,30,70,1,30,18,12,0,0,0,0,18,18,0.0035045532,0.0102849058,30.0000000000,11.2214842337,0.6000000000,0.1514880000,250.0000000000,0,0,0,11,0
1974,29,71,1,30,9,21,0,0,0,0,9,9,0.0014500955,0.0088348103,1.0000000000,8.4161460479,0.3000000000,0.0757440000,250.0000000000,0,1,0,9,0
1975,29,71,0,29,12,17,0,0,0,0,12,12,0.0019753987,0.0068594116,0.0000000000,8.4161556803,0.4137931034,0.1009920000,250.0000000000,0,0,0,12,0
1976,15,85,1,16,7,9,0,1,20,56,8,8,0.0036795540,0.0031798576,15.0000000000,10.8207811351,0.4375000000,0.0916480000,160.7018156425,1,0,0,6,0
1977,14,86,1,15,2,13,0,0,0,0,6,6,0.0014498217,0.0017300359,1.0000000000,8.4161756389,0.1333333333,0.0504960000,83.3333333333,0,1,0,2,0
1978,14,86,0,14,4,10,0,0,0,0,4,4,0.0006971571,0.0010328788,0.0000000000,8.4161746081,0.2857142857,0.0336640000,250.0000000000,0,0,0,4,0
1979,14,86,0,14,1,13,0,0,0,0,1,1,0.0001757561,0.0008571226,0.0000000000,8.4161780583,0.0714285714,0.0084160000,250.0000000000,0,0,0,1,0
1980,14,86,0,14,0,14,0,0,0,0,0,0,0.0000000000,0.0008571226,0.0000000000,0.0000000000,0.0000000000,0.0000000000,0.0000000000,0,0,0,0,0
1981,1,99,1,2,0,2,0,1,5,5,0,0,0.0008366493,0.0000204733,1.0000000000,0.0000000000,0.0000000000,0.0060800000,0.0000000000,1,1,0,0,0
1982,1,99,0,1,0,1,0,0,0,0,0,0,0.0000000000,0.0000204733,0.0000000000,0.0000000000,0.0000000000,0.0000000000,0.0000000000,0,0,0,0,0
1983,1,99,0,1,0,1,0,0,0,0,0,0,0.0000000000,0.0000204733,0.0000000000,0.0000000000,0.0000000000,0.0000000000,0.0000000000,0,0,0,0,0
1984,1,99,0,1,0,1,0,0,0,0,0,0,0.0000000000,0.0000204733,0.0000000000,0.0000000000,0.0000000000,0.0000000000,0.0000000000,0,0,0,0,0
1985,1,99,0,1,0,1,0,0,0,0,0,0,0.0000000000,0.0000204733,0.0000000000,0.0000000000,0.0000000000,0.0000000000,0.0000000000,0,0,0,0,0
1986,0,100,0,0,0,0,0,1,0,0,0,0,0.0000204733,0.0000000000,0.0000000000,0.0000000000,0.0000000000,0.0000000000,0.0000000000,0,1,0,0,0
