Round,Alive,Dead,CH_Count,Generated,Delivered,Lost,Unclustered,Was_Setup_Round,Control_TX,Control_RX,Data_TX,Data_RX,Energy_Used_J,Residual_Energy_J,Avg_Cluster_Size,Avg_Delay_ms,PDR,Round_Duration_s,Throughput_kbps,Backup_Promotions,Backup_Rejected,Proactive_Handovers,Direct_To_BS,CH_Relays
1,100,0,3,100,100,0,0,1,103,491,100,100,0.0248707616,49.9601042384,33.3333333333,11.5316896152,1.0000000000,0.8888000000,226.8226822682,0,0,0,54,0
2,100,0,3,100,100,0,0,0,0,0,100,100,0.0171073626,49.9429968758,33.3333333333,11.5316896152,1.0000000000,0.8064000000,250.0000000000,0,0,0,54,0
3,100,0,3,100,100,0,0,0,0,0,100,100,0.0171073626,49.9258895133,33.3333333333,11.5316896152,1.0000000000,0.8064000000,250.0000000000,0,0,0,54,0
4,100,0,3,100,100,0,0,0,0,0,100,100,0.0171073626,49.9087821507,33.3333333333,11.5316896152,1.0000000000,0.8064000000,250.0000000000,0,0,0,54,0
5,100,0,3,100,100,0,0,0,0,0,100,100,0.0171073626,49.8916747881,33.3333333333,11.5316896152,1.0000000000,0.8064000000,250.0000000000,0,0,0,54,0
6,100,0,11,100,100,0,0,1,111,1267,100,100,0.0364500853,49.8552247028,9.0909090909,14.9185624856,1.0000000000,0.8952000000,225.2010723861,0,0,0,4,0
7,100,0,11,100,100,0,0,0,0,0,100,100,0.0204730560,49.8347516469,9.0909090909,14.9185624856,1.0000000000,0.8064000000,250.0000000000,0,0,0,4,0
8,100,0,11,100,100,0,0,0,0,0,100,100,0.0204730560,49.8142785909,9.0909090909,14.9185624856,1.0000000000,0.8064000000,250.0000000000,0,0,0,4,0
9,100,0,11,100,100,0,0,0,0,0,100,100,0.0204730560,49.7938055350,9.0909090909,14.9185624856,1.0000000000,0.8064000000,250.0000000000,0,0,0,4,0
10,100,0,11,100,100,0,0,0,0,0,100,100,0.0204730560,49.7733324790,9.0909090909,14.9185624856,1.0000000000,0.8064000000,250.0000000000,0,0,0,4,0
11,100,0,7,100,100,0,0,1,107,879,100,100,0.0314678186,49.7418646605,14.2857142857,14.0315271503,1.0000000000,0.8920000000,226.0089686099,0,0,0,19,0
12,100,0,7,100,100,0,0,0,0,0,100,100,0.0197179771,49.7221466834,14.2857142857,14.0315271503,1.0000000000,0.8064000000,250.0000000000,0,0,0,19,0
13,100,0,7,100,100,0,0,0,0,0,100,100,0.0197179771,49.7024287063,14.2857142857,14.0315271503,1.0000000000,0.8064000000,250.0000000000,0,0,0,19,0
14,100,0,7,100,100,0,0,0,0,0,100,100,0.0197179771,49.6827107292,14.2857142857,14.0315271503,1.0000000000,0.8064000000,250.0000000000,0,0,0,19,0
15,100,0,7,100,100,0,0,0,0,0,100,100,0.0197179771,49.6629927521,14.2857142857,14.0315271503,1.0000000000,0.8064000000,250.0000000000,0,0,0,19,0
16,100,0,7,100,100,0,0,1,107,879,100,100,0.0313008800,49.6316918721,14.2857142857,13.9508827570,1.0000000000,0.8920000000,226.0089686099,0,0,0,20,0
17,100,0,7,100,100,0,0,0,0,0,100,100,0.0195807259,49.6121111462,14.2857142857,13.9508827570,1.0000000000,0.8064000000,250.0000000000,0,0,0,20,0
18,100,0,7,100,100,0,0,0,0,0,100,100,0.0195807259,49.5925304203,14.2857142857,13.9508827570,1.0000000000,0.8064000000,250.0000000000,0,0,0,20,0
19,100,0,7,100,100,0,0,0,0,0,100,100,0.0195807259,49.5729496944,14.2857142857,13.9508827570,1.0000000000,0.8064000000,250.0000000000,0,0,0,20,0
20,100,0,7,100,100,0,0,0,0,0,100,100,0.0195807259,49.5533689685,14.2857142857,13.9508827570,1.0000000000,0.8064000000,250.0000000000,0,0,0,20,0
21,100,0,6,100,100,0,0,1,106,782,100,100,0.0290943058,49.5242746627,16.6666666667,13.0638482335,1.0000000000,0.8912000000,226.2118491921,0,0,0,32,0
22,100,0,6,100,100,0,0,0,0,0,100,100,0.0184259509,49.5058487117,16.6666666667,13.0638482335,1.0000000000,0.8064000000,250.0000000000,0,0,0,32,0
23,100,0,6,100,100,0,0,0,0,0,100,100,0.0184259509,49.4874227608,16.6666666667,13.0638482335,1.0000000000,0.8064000000,250.0000000000,0,0,0,32,0
24,100,0,6,100,100,0,0,0,0,0,100,100,0.0184259509,49.4689968099,16.6666666667,13.0638482335,1.0000000000,0.8064000000,250.0000000000,0,0,0,32,0
25,100,0,6,100,100,0,0,0,0,0,100,100,0.0184259509,49.4505708589,16.6666666667,13.0638482335,1.0000000000,0.8064000000,250.0000000000,0,0,0,32,0
26,100,0,7,100,100,0,0,1,107,879,100,100,0.0319155297,49.4186553292,14.2857142857,14.4347258398,1.0000000000,0.8920000000,226.0089686099,0,0,0,14,0
27,100,0,7,100,100,0,0,0,0,0,100,100,0.0201911826,49.3984641467,14.2857142857,14.4347258398,1.0000000000,0.8064000000,250.0000000000,0,0,0,14,0
28,100,0,7,100,100,0,0,0,0,0,100,100,0.0201911826,49.3782729641,14.2857142857,14.4347258398,1.0000000000,0.8064000000,250.0000000000,0,0,0,14,0
29,100,0,7,100,100,0,0,0,0,0,100,100,0.0201911826,49.3580817815,14.2857142857,14.4347258398,1.0000000000,0.8064000000,250.0000000000,0,0,0,14,0
30,100,0,7,100,100,0,0,0,0,0,100,100,0.0201911826,49.3378905990,14.2857142857,14.4347258398,1.0000000000,0.8064000000,250.0000000000,0,0,0,14,0
31,100,0,8,100,100,0,0,1,108,976,100,100,0.0336966973,49.3041939017,12.5000000000,15.0798356529,1.0000000000,0.8928000000,225.8064516129,0,0,0,5,0
32,100,0,8,100,100,0,0,0,0,0,100,100,0.0209161177,49.2832777840,12.5000000000,15.0798356529,1.0000000000,0.8064000000,250.0000000000,0,0,0,5,0
33,100,0,8,100,100,0,0,0,0,0,100,100,0.0209161177,49.2623616664,12.5000000000,15.0798356529,1.0000000000,0.8064000000,250.0000000000,0,0,0,5,0
34,100,0,8,100,100,0,0,0,0,0,100,100,0.0209161177,49.2414455487,12.5000000000,15.0798356529,1.0000000000,0.8064000000,250.0000000000,0,0,0,5,0
35,100,0,8,100,100,0,0,0,0,0,100,100,0.0209161177,49.2205294311,12.5000000000,15.0798356529,1.0000000000,0.8064000000,250.0000000000,0,0,0,5,0
36,100,0,6,100,100,0,0,1,106,782,100,100,0.0301364017,49.1903930294,16.6666666667,14.1928152403,1.0000000000,0.8912000000,226.2118491921,0,0,0,18,0
37,100,0,6,100,100,0,0,0,0,0,100,100,0.0195310991,49.1708619303,16.6666666667,14.1928152403,1.0000000000,0.8064000000,250.0000000000,0,0,0,18,0
38,100,0,6,100,100,0,0,0,0,0,100,100,0.0195310991,49.1513308312,16.6666666667,14.1928152403,1.0000000000,0.8064000000,250.0000000000,0,0,0,18,0
39,100,0,6,100,100,0,0,0,0,0,100,100,0.0195310991,49.1317997321,16.6666666667,14.1928152403,1.0000000000,0.8064000000,250.0000000000,0,0,0,18,0
40,100,0,6,100,100,0,0,0,0,0,100,100,0.0195310991,49.1122686330,16.6666666667,14.1928152403,1.0000000000,0.8064000000,250.0000000000,0,0,0,18,0
41,100,0,6,100,100,0,0,1,106,782,100,100,0.0299080275,49.0823606055,16.6666666667,13.7089809014,1.0000000000,0.8912000000,226.2118491921,0,0,0,24,0
42,100,0,6,100,100,0,0,0,0,0,100,100,0.0192499568,49.0631106487,16.6666666667,13.7089809014,1.0000000000,0.8064000000,250.0000000000,0,0,0,24,0
43,100,0,6,100,100,0,0,0,0,0,100,100,0.0192499568,49.0438606919,16.6666666667,13.7089809014,1.0000000000,0.8064000000,250.0000000000,0,0,0,24,0
44,100,0,6,100,100,0,0,0,0,0,100,100,0.0192499568,49.0246107351,16.6666666667,13.7089809014,1.0000000000,0.8064000000,250.0000000000,0,0,0,24,0
45,100,0,6,100,100,0,0,0,0,0,100,100,0.0192499568,49.0053607783,16.6666666667,13.7089809014,1.0000000000,0.8064000000,250.0000000000,0,0,0,24,0
46,100,0,8,100,100,0,0,1,108,976,100,100,0.0324574044,48.9729033738,12.5000000000,14.3540960544,1.0000000000,0.8928000000,225.8064516129,0,0,0,14,0
47,100,0,8,100,100,0,0,0,0,0,100,100,0.0197007960,48.9532025778,12.5000000000,14.3540960544,1.0000000000,0.8064000000,250.0000000000,0,0,0,14,0
48,100,0,8,100,100,0,0,0,0,0,100,100,0.0197007960,48.9335017818,12.5000000000,14.3540960544,1.0000000000,0.8064000000,250.0000000000,0,0,0,14,0
49,100,0,8,100,100,0,0,0,0,0,100,100,0.0197007960,48.9138009857,12.5000000000,14.3540960544,1.0000000000,0.8064000000,250.0000000000,0,0,0,14,0
50,100,0,8,100,100,0,0,0,0,0,100,100,0.0197007960,48.8941001897,12.5000000000,14.3540960544,1.0000000000,0.8064000000,250.0000000000,0,0,0,14,0
51,100,0,6,100,100,0,0,1,106,782,100,100,0.0305787262,48.8635214635,16.6666666667,14.3540866591,1.0000000000,0.8912000000,226.2118491921,0,0,0,16,0
52,100,0,6,100,100,0,0,0,0,0,100,100,0.0199527003,48.8435687632,16.6666666667,14.3540866591,1.0000000000,0.8064000000,250.0000000000,0,0,0,16,0
53,100,0,6,100,100,0,0,0,0,0,100,100,0.0199527003,48.8236160629,16.6666666667,14.3540866591,1.0000000000,0.8064000000,250.0000000000,0,0,0,16,0
54,100,0,6,100,100,0,0,0,0,0,100,100,0.0199527003,48.8036633627,16.6666666667,14.3540866591,1.0000000000,0.8064000000,250.0000000000,0,0,0,16,0
55,100,0,6,100,100,0,0,0,0,0,100,100,0.0199527003,48.7837106624,16.6666666667,14.3540866591,1.0000000000,0.8064000000,250.0000000000,0,0,0,16,0
56,100,0,7,100,100,0,0,1,107,879,100,100,0.0327949735,48.7509156890,14.2857142857,15.0798534633,1.0000000000,0.8920000000,226.0089686099,0,0,0,6,0
57,100,0,7,100,100,0,0,0,0,0,100,100,0.0210814181,48.7298342708,14.2857142857,15.0798534633,1.0000000000,0.8064000000,250.0000000000,0,0,0,6,0
58,100,0,7,100,100,0,0,0,0,0,100,100,0.0210814181,48.7087528527,14.2857142857,15.0798534633,1.0000000000,0.8064000000,250.0000000000,0,0,0,6,0
59,100,0,7,100,100,0,0,0,0,0,100,100,0.0210814181,48.6876714345,14.2857142857,15.0798534633,1.0000000000,0.8064000000,250.0000000000,0,0,0,6,0
60,100,0,7,100,100,0,0,0,0,0,100,100,0.0210814181,48.6665900164,14.2857142857,15.0798534633,1.0000000000,0.8064000000,250.0000000000,0,0,0,6,0
61,100,0,2,100,100,0,0,1,102,394,100,100,0.0246665854,48.6419234310,50.0000000000,12.0155099786,1.0000000000,0.8880000000,227.0270270270,0,0,0,49,0
62,100,0,2,100,100,0,0,0,0,0,100,100,0.0181788940,48.6237445370,50.0000000000,12.0155099786,1.0000000000,0.8064000000,250.0000000000,0,0,0,49,0
63,100,0,2,100,100,0,0,0,0,0,100,100,0.0181788940,48.6055656430,50.0000000000,12.0155099786,1.0000000000,0.8064000000,250.0000000000,0,0,0,49,0
64,100,0,2,100,100,0,0,0,0,0,100,100,0.0181788940,48.5873867491,50.0000000000,12.0155099786,1.0000000000,0.8064000000,250.0000000000,0,0,0,49,0
65,100,0,2,100,100,0,0,0,0,0,100,100,0.0181788940,48.5692078551,50.0000000000,12.0155099786,1.0000000000,0.8064000000,250.0000000000,0,0,0,49,0
66,100,0,3,100,100,0,0,1,103,491,100,100,0.0284591028,48.5407487523,33.3333333333,14.8379295760,1.0000000000,0.8888000000,226.8226822682,0,0,0,13,0
67,100,0,3,100,100,0,0,0,0,0,100,100,0.0210336313,48.5197151210,33.3333333333,14.8379295760,1.0000000000,0.8064000000,250.0000000000,0,0,0,13,0
68,100,0,3,100,100,0,0,0,0,0,100,100,0.0210336313,48.4986814897,33.3333333333,14.8379295760,1.0000000000,0.8064000000,250.0000000000,0,0,0,13,0
69,100,0,3,100,100,0,0,0,0,0,100,100,0.0210336313,48.4776478584,33.3333333333,14.8379295760,1.0000000000,0.8064000000,250.0000000000,0,0,0,13,0
70,100,0,3,100,100,0,0,0,0,0,100,100,0.0210336313,48.4566142271,33.3333333333,14.8379295760,1.0000000000,0.8064000000,250.0000000000,0,0,0,13,0
71,100,0,3,100,100,0,0,1,103,491,100,100,0.0269324291,48.4296817981,33.3333333333,13.1444936296,1.0000000000,0.8888000000,226.8226822682,0,0,0,34,0
72,100,0,3,100,100,0,0,0,0,0,100,100,0.0193874629,48.4102943351,33.3333333333,13.1444936296,1.0000000000,0.8064000000,250.0000000000,0,0,0,34,0
73,100,0,3,100,100,0,0,0,0,0,100,100,0.0193874629,48.3909068722,33.3333333333,13.1444936296,1.0000000000,0.8064000000,250.0000000000,0,0,0,34,0
74,100,0,3,100,100,0,0,0,0,0,100,100,0.0193874629,48.3715194093,33.3333333333,13.1444936296,1.0000000000,0.8064000000,250.0000000000,0,0,0,34,0
75,100,0,3,100,100,0,0,0,0,0,100,100,0.0193874629,48.3521319464,33.3333333333,13.1444936296,1.0000000000,0.8064000000,250.0000000000,0,0,0,34,0
76,100,0,1,100,100,0,0,1,101,297,100,100,0.0212797194,48.3308522270,100.0000000000,9.5963104019,1.0000000000,0.8872000000,227.2317403066,0,0,0,80,0
77,100,0,1,100,100,0,0,0,0,0,100,100,0.0151254611,48.3157267659,100.0000000000,9.5963104019,1.0000000000,0.8064000000,250.0000000000,0,0,0,80,0
78,100,0,1,100,100,0,0,0,0,0,100,100,0.0151254611,48.3006013048,100.0000000000,9.5963104019,1.0000000000,0.8064000000,250.0000000000,0,0,0,80,0
79,100,0,1,100,100,0,0,0,0,0,100,100,0.0151254611,48.2854758437,100.0000000000,9.5963104019,1.0000000000,0.8064000000,250.0000000000,0,0,0,80,0
80,100,0,1,100,100,0,0,0,0,0,100,100,0.0151254611,48.2703503826,100.0000000000,9.5963104019,1.0000000000,0.8064000000,250.0000000000,0,0,0,80,0
81,100,0,1,100,100,0,0,1,101,297,100,100,0.0217270883,48.2486232943,100.0000000000,10.0801546043,1.0000000000,0.8872000000,227.2317403066,0,0,0,74,0
82,100,0,1,100,100,0,0,0,0,0,100,100,0.0158304817,48.2327928126,100.0000000000,10.0801546043,1.0000000000,0.8064000000,250.0000000000,0,0,0,74,0
83,100,0,1,100,100,0,0,0,0,0,100,100,0.0158304817,48.2169623309,100.0000000000,10.0801546043,1.0000000000,0.8064000000,250.0000000000,0,0,0,74,0
84,100,0,1,100,100,0,0,0,0,0,100,100,0.0158304817,48.2011318492,100.0000000000,10.0801546043,1.0000000000,0.8064000000,250.0000000000,0,0,0,74,0
85,100,0,1,100,100,0,0,0,0,0,100,100,0.0158304817,48.1853013675,100.0000000000,10.0801546043,1.0000000000,0.8064000000,250.0000000000,0,0,0,74,0
86,100,0,4,100,100,0,0,1,104,588,100,100,0.0270502562,48.1582511113,25.0000000000,12.7412844446,1.0000000000,0.8896000000,226.6187050360,0,0,0,38,0
87,100,0,4,100,100,0,0,0,0,0,100,100,0.0184171222,48.1398339891,25.0000000000,12.7412844446,1.0000000000,0.8064000000,250.0000000000,0,0,0,38,0
88,100,0,4,100,100,0,0,0,0,0,100,100,0.0184171222,48.1214168669,25.0000000000,12.7412844446,1.0000000000,0.8064000000,250.0000000000,0,0,0,38,0
89,100,0,4,100,100,0,0,0,0,0,100,100,0.0184171222,48.1029997447,25.0000000000,12.7412844446,1.0000000000,0.8064000000,250.0000000000,0,0,0,38,0
90,100,0,4,100,100,0,0,0,0,0,100,100,0.0184171222,48.0845826225,25.0000000000,12.7412844446,1.0000000000,0.8064000000,250.0000000000,0,0,0,38,0
91,100,0,4,100,100,0,0,1,104,588,100,100,0.0300973871,48.0544852354,25.0000000000,15.2411304715,1.0000000000,0.8896000000,226.6187050360,0,0,0,7,0
92,100,0,4,100,100,0,0,0,0,0,100,100,0.0215881635,48.0328970719,25.0000000000,15.2411304715,1.0000000000,0.8064000000,250.0000000000,0,0,0,7,0
93,100,0,4,100,100,0,0,0,0,0,100,100,0.0215881635,48.0113089084,25.0000000000,15.2411304715,1.0000000000,0.8064000000,250.0000000000,0,0,0,7,0
94,100,0,4,100,100,0,0,0,0,0,100,100,0.0215881635,47.9897207449,25.0000000000,15.2411304715,1.0000000000,0.8064000000,250.0000000000,0,0,0,7,0
95,100,0,4,100,100,0,0,0,0,0,100,100,0.0215881635,47.9681325813,25.0000000000,15.2411304715,1.0000000000,0.8064000000,250.0000000000,0,0,0,7,0
96,100,0,56,100,100,0,0,1,125,5632,100,100,0.0820338777,47.8860987037,1.7857142857,11.6123011217,1.0000000000,0.9064000000,222.4183583407,0,0,0,0,0
97,100,0,56,100,100,0,0,0,0,0,100,100,0.0176293013,47.8684694024,1.7857142857,11.6123011217,1.0000000000,0.8064000000,250.0000000000,0,0,0,0,0
98,100,0,56,100,100,0,0,0,0,0,100,100,0.0176293013,47.8508401011,1.7857142857,11.6123011217,1.0000000000,0.8064000000,250.0000000000,0,0,0,0,0
99,100,0,56,100,100,0,0,0,0,0,100,100,0.0176293013,47.8332107998,1.7857142857,11.6123011217,1.0000000000,0.8064000000,250.0000000000,0,0,0,0,0
100,100,0,56,100,100,0,0,0,0,0,100,100,0.0176293013,47.8155814986,1.7857142857,11.6123011217,1.0000000000,0.8064000000,250.0000000000,0,0,0,0,0
101,100,0,8,100,100,0,0,1,108,976,100,100,0.0339352966,47.7816462019,12.5000000000,15.2411105678,1.0000000000,0.8928000000,225.8064516129,0,0,0,3,0
102,100,0,8,100,100,0,0,0,0,0,100,100,0.0211507519,47.7604954501,12.5000000000,15.2411105678,1.0000000000,0.8064000000,250.0000000000,0,0,0,3,0
103,100,0,8,100,100,0,0,0,0,0,100,100,0.0211507519,47.7393446982,12.5000000000,15.2411105678,1.0000000000,0.8064000000,250.0000000000,0,0,0,3,0
104,100,0,8,100,100,0,0,0,0,0,100,100,0.0211507519,47.7181939463,12.5000000000,15.2411105678,1.0000000000,0.8064000000,250.0000000000,0,0,0,3,0
105,100,0,8,100,100,0,0,0,0,0,100,100,0.0211507519,47.6970431944,12.5000000000,15.2411105678,1.0000000000,0.8064000000,250.0000000000,0,0,0,3,0
106,100,0,6,100,100,0,0,1,106,782,100,100,0.0309677447,47.6660754497,16.6666666667,14.2734564842,1.0000000000,0.8912000000,226.2118491921,0,0,0,17,0
107,100,0,6,100,100,0,0,0,0,0,100,100,0.0202934325,47.6457820172,16.6666666667,14.2734564842,1.0000000000,0.8064000000,250.0000000000,0,0,0,17,0
108,100,0,6,100,100,0,0,0,0,0,100,100,0.0202934325,47.6254885847,16.6666666667,14.2734564842,1.0000000000,0.8064000000,250.0000000000,0,0,0,17,0
109,100,0,6,100,100,0,0,0,0,0,100,100,0.0202934325,47.6051951521,16.6666666667,14.2734564842,1.0000000000,0.8064000000,250.0000000000,0,0,0,17,0
110,100,0,6,100,100,0,0,0,0,0,100,100,0.0202934325,47.5849017196,16.6666666667,14.2734564842,1.0000000000,0.8064000000,250.0000000000,0,0,0,17,0
111,100,0,6,100,100,0,0,1,106,782,100,100,0.0288558206,47.5560458990,16.6666666667,12.6606630235,1.0000000000,0.8912000000,226.2118491921,0,0,0,37,0
112,100,0,6,100,100,0,0,0,0,0,100,100,0.0181135627,47.5379323363,16.6666666667,12.6606630235,1.0000000000,0.8064000000,250.0000000000,0,0,0,37,0
113,100,0,6,100,100,0,0,0,0,0,100,100,0.0181135627,47.5198187737,16.6666666667,12.6606630235,1.0000000000,0.8064000000,250.0000000000,0,0,0,37,0
114,100,0,6,100,100,0,0,0,0,0,100,100,0.0181135627,47.5017052110,16.6666666667,12.6606630235,1.0000000000,0.8064000000,250.0000000000,0,0,0,37,0
115,100,0,6,100,100,0,0,0,0,0,100,100,0.0181135627,47.4835916484,16.6666666667,12.6606630235,1.0000000000,0.8064000000,250.0000000000,0,0,0,37,0
116,100,0,5,100,100,0,0,1,104,685,100,100,0.0304369890,47.4531546593,20.0000000000,14.5960111613,1.0000000000,0.8896000000,226.6187050360,0,0,0,14,0
117,100,0,5,100,100,0,0,0,0,0,100,100,0.0208472400,47.4323074194,20.0000000000,14.5960111613,1.0000000000,0.8064000000,250.0000000000,0,0,0,14,0
118,100,0,5,100,100,0,0,0,0,0,100,100,0.0208472400,47.4114601794,20.0000000000,14.5960111613,1.0000000000,0.8064000000,250.0000000000,0,0,0,14,0
119,100,0,5,100,100,0,0,0,0,0,100,100,0.0208472400,47.3906129394,20.0000000000,14.5960111613,1.0000000000,0.8064000000,250.0000000000,0,0,0,14,0
120,100,0,5,100,100,0,0,0,0,0,100,100,0.0208472400,47.3697656994,20.0000000000,14.5960111613,1.0000000000,0.8064000000,250.0000000000,0,0,0,14,0
121,100,0,8,100,100,0,0,1,108,976,100,100,0.0329622709,47.3368034285,12.5000000000,14.7572946957,1.0000000000,0.8928000000,225.8064516129,0,0,0,9,0
122,100,0,8,100,100,0,0,0,0,0,100,100,0.0202203519,47.3165830766,12.5000000000,14.7572946957,1.0000000000,0.8064000000,250.0000000000,0,0,0,9,0
123,100,0,8,100,100,0,0,0,0,0,100,100,0.0202203519,47.2963627247,12.5000000000,14.7572946957,1.0000000000,0.8064000000,250.0000000000,0,0,0,9,0
124,100,0,8,100,100,0,0,0,0,0,100,100,0.0202203519,47.2761423728,12.5000000000,14.7572946957,1.0000000000,0.8064000000,250.0000000000,0,0,0,9,0
125,100,0,8,100,100,0,0,0,0,0,100,100,0.0202203519,47.2559220208,12.5000000000,14.7572946957,1.0000000000,0.8064000000,250.0000000000,0,0,0,9,0
126,100,0,2,100,100,0,0,1,102,394,100,100,0.0243855757,47.2315364451,50.0000000000,11.6123165216,1.0000000000,0.8880000000,227.0270270270,0,0,0,54,0
127,100,0,2,100,100,0,0,0,0,0,100,100,0.0177508310,47.2137856141,50.0000000000,11.6123165216,1.0000000000,0.8064000000,250.0000000000,0,0,0,54,0
128,100,0,2,100,100,0,0,0,0,0,100,100,0.0177508310,47.1960347832,50.0000000000,11.6123165216,1.0000000000,0.8064000000,250.0000000000,0,0,0,54,0
129,100,0,2,100,100,0,0,0,0,0,100,100,0.0177508310,47.1782839522,50.0000000000,11.6123165216,1.0000000000,0.8064000000,250.0000000000,0,0,0,54,0
130,100,0,2,100,100,0,0,0,0,0,100,100,0.0177508310,47.1605331213,50.0000000000,11.6123165216,1.0000000000,0.8064000000,250.0000000000,0,0,0,54,0
131,100,0,5,100,100,0,0,1,105,685,100,100,0.0290990320,47.1314340893,20.0000000000,14.1121773922,1.0000000000,0.8904000000,226.4150943396,0,0,0,20,0
132,100,0,5,100,100,0,0,0,0,0,100,100,0.0195477629,47.1118863264,20.0000000000,14.1121773922,1.0000000000,0.8064000000,250.0000000000,0,0,0,20,0
133,100,0,5,100,100,0,0,0,0,0,100,100,0.0195477629,47.0923385634,20.0000000000,14.1121773922,1.0000000000,0.8064000000,250.0000000000,0,0,0,20,0
134,100,0,5,100,100,0,0,0,0,0,100,100,0.0195477629,47.0727908005,20.0000000000,14.1121773922,1.0000000000,0.8064000000,250.0000000000,0,0,0,20,0
135,100,0,5,100,100,0,0,0,0,0,100,100,0.0195477629,47.0532430376,20.0000000000,14.1121773922,1.0000000000,0.8064000000,250.0000000000,0,0,0,20,0
136,100,0,5,100,100,0,0,1,105,685,100,100,0.0290061922,47.0242368453,20.0000000000,13.7089565472,1.0000000000,0.8904000000,226.4150943396,0,0,0,25,0
137,100,0,5,100,100,0,0,0,0,0,100,100,0.0193860798,47.0048507655,20.0000000000,13.7089565472,1.0000000000,0.8064000000,250.0000000000,0,0,0,25,0
138,100,0,5,100,100,0,0,0,0,0,100,100,0.0193860798,46.9854646857,20.0000000000,13.7089565472,1.0000000000,0.8064000000,250.0000000000,0,0,0,25,0
139,100,0,5,100,100,0,0,0,0,0,100,100,0.0193860798,46.9660786059,20.0000000000,13.7089565472,1.0000000000,0.8064000000,250.0000000000,0,0,0,25,0
140,100,0,5,100,100,0,0,0,0,0,100,100,0.0193860798,46.9466925260,20.0000000000,13.7089565472,1.0000000000,0.8064000000,250.0000000000,0,0,0,25,0
141,100,0,5,100,100,0,0,1,105,685,100,100,0.0299008860,46.9167916400,20.0000000000,13.8702407631,1.0000000000,0.8904000000,226.4150943396,0,0,0,23,0
142,100,0,5,100,100,0,0,0,0,0,100,100,0.0202439900,46.8965476501,20.0000000000,13.8702407631,1.0000000000,0.8064000000,250.0000000000,0,0,0,23,0
143,100,0,5,100,100,0,0,0,0,0,100,100,0.0202439900,46.8763036601,20.0000000000,13.8702407631,1.0000000000,0.8064000000,250.0000000000,0,0,0,23,0
144,100,0,5,100,100,0,0,0,0,0,100,100,0.0202439900,46.8560596701,20.0000000000,13.8702407631,1.0000000000,0.8064000000,250.0000000000,0,0,0,23,0
145,100,0,5,100,100,0,0,0,0,0,100,100,0.0202439900,46.8358156802,20.0000000000,13.8702407631,1.0000000000,0.8064000000,250.0000000000,0,0,0,23,0
146,100,0,3,100,100,0,0,1,103,491,100,100,0.0248648400,46.8109508401,33.3333333333,11.2897591957,1.0000000000,0.8888000000,226.8226822682,0,0,0,57,0
147,100,0,3,100,100,0,0,0,0,0,100,100,0.0170652280,46.7938856121,33.3333333333,11.2897591957,1.0000000000,0.8064000000,250.0000000000,0,0,0,57,0
148,100,0,3,100,100,0,0,0,0,0,100,100,0.0170652280,46.7768203841,33.3333333333,11.2897591957,1.0000000000,0.8064000000,250.0000000000,0,0,0,57,0
149,100,0,3,100,100,0,0,0,0,0,100,100,0.0170652280,46.7597551561,33.3333333333,11.2897591957,1.0000000000,0.8064000000,250.0000000000,0,0,0,57,0
150,100,0,3,100,100,0,0,0,0,0,100,100,0.0170652280,46.7426899281,33.3333333333,11.2897591957,1.0000000000,0.8064000000,250.0000000000,0,0,0,57,0
151,100,0,4,100,100,0,0,1,104,588,100,100,0.0280833882,46.7146065400,25.0000000000,13.2251218942,1.0000000000,0.8896000000,226.6187050360,0,0,0,32,0
152,100,0,4,100,100,0,0,0,0,0,100,100,0.0194658219,46.6951407181,25.0000000000,13.2251218942,1.0000000000,0.8064000000,250.0000000000,0,0,0,32,0
153,100,0,4,100,100,0,0,0,0,0,100,100,0.0194658219,46.6756748962,25.0000000000,13.2251218942,1.0000000000,0.8064000000,250.0000000000,0,0,0,32,0
154,100,0,4,100,100,0,0,0,0,0,100,100,0.0194658219,46.6562090744,25.0000000000,13.2251218942,1.0000000000,0.8064000000,250.0000000000,0,0,0,32,0
155,100,0,4,100,100,0,0,0,0,0,100,100,0.0194658219,46.6367432525,25.0000000000,13.2251218942,1.0000000000,0.8064000000,250.0000000000,0,0,0,32,0
156,100,0,2,100,100,0,0,1,102,394,100,100,0.0226632956,46.6140799570,50.0000000000,10.2414407757,1.0000000000,0.8880000000,227.0270270270,0,0,0,71,0
157,100,0,2,100,100,0,0,0,0,0,100,100,0.0157155614,46.5983643955,50.0000000000,10.2414407757,1.0000000000,0.8064000000,250.0000000000,0,0,0,71,0
158,100,0,2,100,100,0,0,0,0,0,100,100,0.0157155614,46.5826488341,50.0000000000,10.2414407757,1.0000000000,0.8064000000,250.0000000000,0,0,0,71,0
159,100,0,2,100,100,0,0,0,0,0,100,100,0.0157155614,46.5669332726,50.0000000000,10.2414407757,1.0000000000,0.8064000000,250.0000000000,0,0,0,71,0
160,100,0,2,100,100,0,0,0,0,0,100,100,0.0157155614,46.5512177112,50.0000000000,10.2414407757,1.0000000000,0.8064000000,250.0000000000,0,0,0,71,0
161,100,0,8,100,100,0,0,1,108,976,100,100,0.0330944129,46.5181232983,12.5000000000,14.5960104287,1.0000000000,0.8928000000,225.8064516129,0,0,0,11,0
162,100,0,8,100,100,0,0,0,0,0,100,100,0.0203191294,46.4978041689,12.5000000000,14.5960104287,1.0000000000,0.8064000000,250.0000000000,0,0,0,11,0
163,100,0,8,100,100,0,0,0,0,0,100,100,0.0203191294,46.4774850395,12.5000000000,14.5960104287,1.0000000000,0.8064000000,250.0000000000,0,0,0,11,0
164,100,0,8,100,100,0,0,0,0,0,100,100,0.0203191294,46.4571659101,12.5000000000,14.5960104287,1.0000000000,0.8064000000,250.0000000000,0,0,0,11,0
165,100,0,8,100,100,0,0,0,0,0,100,100,0.0203191294,46.4368467807,12.5000000000,14.5960104287,1.0000000000,0.8064000000,250.0000000000,0,0,0,11,0
166,100,0,5,100,100,0,0,1,105,685,100,100,0.0309723336,46.4058744471,20.0000000000,15.1604910869,1.0000000000,0.8904000000,226.4150943396,0,0,0,7,0
167,100,0,5,100,100,0,0,0,0,0,100,100,0.0214044347,46.3844700124,20.0000000000,15.1604910869,1.0000000000,0.8064000000,250.0000000000,0,0,0,7,0
168,100,0,5,100,100,0,0,0,0,0,100,100,0.0214044347,46.3630655776,20.0000000000,15.1604910869,1.0000000000,0.8064000000,250.0000000000,0,0,0,7,0
169,100,0,5,100,100,0,0,0,0,0,100,100,0.0214044347,46.3416611429,20.0000000000,15.1604910869,1.0000000000,0.8064000000,250.0000000000,0,0,0,7,0
170,100,0,5,100,100,0,0,0,0,0,100,100,0.0214044347,46.3202567082,20.0000000000,15.1604910869,1.0000000000,0.8064000000,250.0000000000,0,0,0,7,0
171,100,0,3,100,100,0,0,1,103,491,100,100,0.0261929938,46.2940637144,33.3333333333,13.1444855441,1.0000000000,0.8888000000,226.8226822682,0,0,0,34,0
172,100,0,3,100,100,0,0,0,0,0,100,100,0.0187397826,46.2753239317,33.3333333333,13.1444855441,1.0000000000,0.8064000000,250.0000000000,0,0,0,34,0
173,100,0,3,100,100,0,0,0,0,0,100,100,0.0187397826,46.2565841491,33.3333333333,13.1444855441,1.0000000000,0.8064000000,250.0000000000,0,0,0,34,0
174,100,0,3,100,100,0,0,0,0,0,100,100,0.0187397826,46.2378443665,33.3333333333,13.1444855441,1.0000000000,0.8064000000,250.0000000000,0,0,0,34,0
175,100,0,3,100,100,0,0,0,0,0,100,100,0.0187397826,46.2191045839,33.3333333333,13.1444855441,1.0000000000,0.8064000000,250.0000000000,0,0,0,34,0
176,100,0,4,100,100,0,0,1,104,588,100,100,0.0283619779,46.1907426060,25.0000000000,14.0315176089,1.0000000000,0.8896000000,226.6187050360,0,0,0,22,0
177,100,0,4,100,100,0,0,0,0,0,100,100,0.0198361395,46.1709064665,25.0000000000,14.0315176089,1.0000000000,0.8064000000,250.0000000000,0,0,0,22,0
178,100,0,4,100,100,0,0,0,0,0,100,100,0.0198361395,46.1510703269,25.0000000000,14.0315176089,1.0000000000,0.8064000000,250.0000000000,0,0,0,22,0
179,100,0,4,100,100,0,0,0,0,0,100,100,0.0198361395,46.1312341874,25.0000000000,14.0315176089,1.0000000000,0.8064000000,250.0000000000,0,0,0,22,0
180,100,0,4,100,100,0,0,0,0,0,100,100,0.0198361395,46.1113980479,25.0000000000,14.0315176089,1.0000000000,0.8064000000,250.0000000000,0,0,0,22,0
181,100,0,3,100,100,0,0,1,103,491,100,100,0.0246881862,46.0867098617,33.3333333333,11.2091077357,1.0000000000,0.8888000000,226.8226822682,0,0,0,58,0
182,100,0,3,100,100,0,0,0,0,0,100,100,0.0170267195,46.0696831421,33.3333333333,11.2091077357,1.0000000000,0.8064000000,250.0000000000,0,0,0,58,0
183,100,0,3,100,100,0,0,0,0,0,100,100,0.0170267195,46.0526564226,33.3333333333,11.2091077357,1.0000000000,0.8064000000,250.0000000000,0,0,0,58,0
184,100,0,3,100,100,0,0,0,0,0,100,100,0.0170267195,46.0356297030,33.3333333333,11.2091077357,1.0000000000,0.8064000000,250.0000000000,0,0,0,58,0
185,100,0,3,100,100,0,0,0,0,0,100,100,0.0170267195,46.0186029835,33.3333333333,11.2091077357,1.0000000000,0.8064000000,250.0000000000,0,0,0,58,0
186,100,0,3,100,100,0,0,1,103,491,100,100,0.0238900505,45.9947129330,33.3333333333,10.4833486242,1.0000000000,0.8888000000,226.8226822682,0,0,0,67,0
187,100,0,3,100,100,0,0,0,0,0,100,100,0.0160391868,45.9786737462,33.3333333333,10.4833486242,1.0000000000,0.8064000000,250.0000000000,0,0,0,67,0
188,100,0,3,100,100,0,0,0,0,0,100,100,0.0160391868,45.9626345594,33.3333333333,10.4833486242,1.0000000000,0.8064000000,250.0000000000,0,0,0,67,0
189,100,0,3,100,100,0,0,0,0,0,100,100,0.0160391868,45.9465953726,33.3333333333,10.4833486242,1.0000000000,0.8064000000,250.0000000000,0,0,0,67,0
190,100,0,3,100,100,0,0,0,0,0,100,100,0.0160391868,45.9305561858,33.3333333333,10.4833486242,1.0000000000,0.8064000000,250.0000000000,0,0,0,67,0
191,100,0,6,100,100,0,0,1,106,782,100,100,0.0311030372,45.8994531486,16.6666666667,14.6766563824,1.0000000000,0.8912000000,226.2118491921,0,0,0,12,0
192,100,0,6,100,100,0,0,0,0,0,100,100,0.0204729875,45.8789801611,16.6666666667,14.6766563824,1.0000000000,0.8064000000,250.0000000000,0,0,0,12,0
193,100,0,6,100,100,0,0,0,0,0,100,100,0.0204729875,45.8585071736,16.6666666667,14.6766563824,1.0000000000,0.8064000000,250.0000000000,0,0,0,12,0
194,100,0,6,100,100,0,0,0,0,0,100,100,0.0204729875,45.8380341861,16.6666666667,14.6766563824,1.0000000000,0.8064000000,250.0000000000,0,0,0,12,0
195,100,0,6,100,100,0,0,0,0,0,100,100,0.0204729875,45.8175611986,16.6666666667,14.6766563824,1.0000000000,0.8064000000,250.0000000000,0,0,0,12,0
196,100,0,4,100,100,0,0,1,104,588,100,100,0.0281893538,45.7893718448,25.0000000000,13.7896102142,1.0000000000,0.8896000000,226.6187050360,0,0,0,25,0
197,100,0,4,100,100,0,0,0,0,0,100,100,0.0196567578,45.7697150870,25.0000000000,13.7896102142,1.0000000000,0.8064000000,250.0000000000,0,0,0,25,0
198,100,0,4,100,100,0,0,0,0,0,100,100,0.0196567578,45.7500583291,25.0000000000,13.7896102142,1.0000000000,0.8064000000,250.0000000000,0,0,0,25,0
199,100,0,4,100,100,0,0,0,0,0,100,100,0.0196567578,45.7304015713,25.0000000000,13.7896102142,1.0000000000,0.8064000000,250.0000000000,0,0,0,25,0
200,100,0,4,100,100,0,0,0,0,0,100,100,0.0196567578,45.7107448135,25.0000000000,13.7896102142,1.0000000000,0.8064000000,250.0000000000,0,0,0,25,0
201,100,0,3,100,100,0,0,1,103,491,100,100,0.0262763608,45.6844684527,33.3333333333,12.9832230828,1.0000000000,0.8888000000,226.8226822682,0,0,0,36,0
202,100,0,3,100,100,0,0,0,0,0,100,100,0.0187539250,45.6657145276,33.3333333333,12.9832230828,1.0000000000,0.8064000000,250.0000000000,0,0,0,36,0
203,100,0,3,100,100,0,0,0,0,0,100,100,0.0187539250,45.6469606026,33.3333333333,12.9832230828,1.0000000000,0.8064000000,250.0000000000,0,0,0,36,0
204,100,0,3,100,100,0,0,0,0,0,100,100,0.0187539250,45.6282066776,33.3333333333,12.9832230828,1.0000000000,0.8064000000,250.0000000000,0,0,0,36,0
205,100,0,3,100,100,0,0,0,0,0,100,100,0.0187539250,45.6094527526,33.3333333333,12.9832230828,1.0000000000,0.8064000000,250.0000000000,0,0,0,36,0
206,100,0,3,100,100,0,0,1,103,491,100,100,0.0285956049,45.5808571476,33.3333333333,14.9185707573,1.0000000000,0.8888000000,226.8226822682,0,0,0,12,0
207,100,0,3,100,100,0,0,0,0,0,100,100,0.0211686754,45.5596884722,33.3333333333,14.9185707573,1.0000000000,0.8064000000,250.0000000000,0,0,0,12,0
208,100,0,3,100,100,0,0,0,0,0,100,100,0.0211686754,45.5385197968,33.3333333333,14.9185707573,1.0000000000,0.8064000000,250.0000000000,0,0,0,12,0
209,100,0,3,100,100,0,0,0,0,0,100,100,0.0211686754,45.5173511213,33.3333333333,14.9185707573,1.0000000000,0.8064000000,250.0000000000,0,0,0,12,0
210,100,0,3,100,100,0,0,0,0,0,100,100,0.0211686754,45.4961824459,33.3333333333,14.9185707573,1.0000000000,0.8064000000,250.0000000000,0,0,0,12,0
211,100,0,8,100,100,0,0,1,108,976,100,100,0.0336012484,45.4625811975,12.5000000000,15.2411289247,1.0000000000,0.8928000000,225.8064516129,0,0,0,3,0
212,100,0,8,100,100,0,0,0,0,0,100,100,0.0208553650,45.4417258325,12.5000000000,15.2411289247,1.0000000000,0.8064000000,250.0000000000,0,0,0,3,0
213,100,0,8,100,100,0,0,0,0,0,100,100,0.0208553650,45.4208704675,12.5000000000,15.2411289247,1.0000000000,0.8064000000,250.0000000000,0,0,0,3,0
214,100,0,8,100,100,0,0,0,0,0,100,100,0.0208553650,45.4000151025,12.5000000000,15.2411289247,1.0000000000,0.8064000000,250.0000000000,0,0,0,3,0
215,100,0,8,100,100,0,0,0,0,0,100,100,0.0208553650,45.3791597375,12.5000000000,15.2411289247,1.0000000000,0.8064000000,250.0000000000,0,0,0,3,0
216,100,0,3,100,100,0,0,1,103,491,100,100,0.0276070094,45.3515527281,33.3333333333,13.5476789483,1.0000000000,0.8888000000,226.8226822682,0,0,0,29,0
217,100,0,3,100,100,0,0,0,0,0,100,100,0.0200929025,45.3314598256,33.3333333333,13.5476789483,1.0000000000,0.8064000000,250.0000000000,0,0,0,29,0
218,100,0,3,100,100,0,0,0,0,0,100,100,0.0200929025,45.3113669231,33.3333333333,13.5476789483,1.0000000000,0.8064000000,250.0000000000,0,0,0,29,0
219,100,0,3,100,100,0,0,0,0,0,100,100,0.0200929025,45.2912740205,33.3333333333,13.5476789483,1.0000000000,0.8064000000,250.0000000000,0,0,0,29,0
220,100,0,3,100,100,0,0,0,0,0,100,100,0.0200929025,45.2711811180,33.3333333333,13.5476789483,1.0000000000,0.8064000000,250.0000000000,0,0,0,29,0
221,100,0,8,100,100,0,0,1,108,976,100,100,0.0324895483,45.2386915697,12.5000000000,14.3540869306,1.0000000000,0.8928000000,225.8064516129,0,0,0,14,0
222,100,0,8,100,100,0,0,0,0,0,100,100,0.0197366162,45.2189549535,12.5000000000,14.3540869306,1.0000000000,0.8064000000,250.0000000000,0,0,0,14,0
223,100,0,8,100,100,0,0,0,0,0,100,100,0.0197366162,45.1992183373,12.5000000000,14.3540869306,1.0000000000,0.8064000000,250.0000000000,0,0,0,14,0
224,100,0,8,100,100,0,0,0,0,0,100,100,0.0197366162,45.1794817211,12.5000000000,14.3540869306,1.0000000000,0.8064000000,250.0000000000,0,0,0,14,0
225,100,0,8,100,100,0,0,0,0,0,100,100,0.0197366162,45.1597451049,12.5000000000,14.3540869306,1.0000000000,0.8064000000,250.0000000000,0,0,0,14,0
226,100,0,4,100,100,0,0,1,104,588,100,100,0.0285391209,45.1312059840,25.0000000000,13.4670363806,1.0000000000,0.8896000000,226.6187050360,0,0,0,29,0
227,100,0,4,100,100,0,0,0,0,0,100,100,0.0199279040,45.1112780800,25.0000000000,13.4670363806,1.0000000000,0.8064000000,250.0000000000,0,0,0,29,0
228,100,0,4,100,100,0,0,0,0,0,100,100,0.0199279040,45.0913501759,25.0000000000,13.4670363806,1.0000000000,0.8064000000,250.0000000000,0,0,0,29,0
229,100,0,4,100,100,0,0,0,0,0,100,100,0.0199279040,45.0714222719,25.0000000000,13.4670363806,1.0000000000,0.8064000000,250.0000000000,0,0,0,29,0
230,100,0,4,100,100,0,0,0,0,0,100,100,0.0199279040,45.0514943678,25.0000000000,13.4670363806,1.0000000000,0.8064000000,250.0000000000,0,0,0,29,0
231,100,0,7,100,100,0,0,1,107,879,100,100,0.0316059632,45.0198884046,14.2857142857,13.8702472314,1.0000000000,0.8920000000,226.0089686099,0,0,0,21,0
232,100,0,7,100,100,0,0,0,0,0,100,100,0.0198482779,45.0000401266,14.2857142857,13.8702472314,1.0000000000,0.8064000000,250.0000000000,0,0,0,21,0
233,100,0,7,100,100,0,0,0,0,0,100,100,0.0198482779,44.9801918487,14.2857142857,13.8702472314,1.0000000000,0.8064000000,250.0000000000,0,0,0,21,0
234,100,0,7,100,100,0,0,0,0,0,100,100,0.0198482779,44.9603435708,14.2857142857,13.8702472314,1.0000000000,0.8064000000,250.0000000000,0,0,0,21,0
235,100,0,7,100,100,0,0,0,0,0,100,100,0.0198482779,44.9404952928,14.2857142857,13.8702472314,1.0000000000,0.8064000000,250.0000000000,0,0,0,21,0
236,100,0,5,100,100,0,0,1,105,685,100,100,0.0299864643,44.9105088285,20.0000000000,14.5960154881,1.0000000000,0.8904000000,226.4150943396,0,0,0,14,0
237,100,0,5,100,100,0,0,0,0,0,100,100,0.0204304879,44.8900783407,20.0000000000,14.5960154881,1.0000000000,0.8064000000,250.0000000000,0,0,0,14,0
238,100,0,5,100,100,0,0,0,0,0,100,100,0.0204304879,44.8696478528,20.0000000000,14.5960154881,1.0000000000,0.8064000000,250.0000000000,0,0,0,14,0
239,100,0,5,100,100,0,0,0,0,0,100,100,0.0204304879,44.8492173649,20.0000000000,14.5960154881,1.0000000000,0.8064000000,250.0000000000,0,0,0,14,0
240,100,0,5,100,100,0,0,0,0,0,100,100,0.0204304879,44.8287868770,20.0000000000,14.5960154881,1.0000000000,0.8064000000,250.0000000000,0,0,0,14,0
241,100,0,4,100,100,0,0,1,104,588,100,100,0.0269205252,44.8018663518,25.0000000000,12.4993614690,1.0000000000,0.8896000000,226.6187050360,0,0,0,41,0
242,100,0,4,100,100,0,0,0,0,0,100,100,0.0183143452,44.7835520066,25.0000000000,12.4993614690,1.0000000000,0.8064000000,250.0000000000,0,0,0,41,0
243,100,0,4,100,100,0,0,0,0,0,100,100,0.0183143452,44.7652376614,25.0000000000,12.4993614690,1.0000000000,0.8064000000,250.0000000000,0,0,0,41,0
244,100,0,4,100,100,0,0,0,0,0,100,100,0.0183143452,44.7469233161,25.0000000000,12.4993614690,1.0000000000,0.8064000000,250.0000000000,0,0,0,41,0
245,100,0,4,100,100,0,0,0,0,0,100,100,0.0183143452,44.7286089709,25.0000000000,12.4993614690,1.0000000000,0.8064000000,250.0000000000,0,0,0,41,0
246,100,0,4,100,100,0,0,1,104,588,100,100,0.0280735792,44.7005353917,25.0000000000,13.6283386003,1.0000000000,0.8896000000,226.6187050360,0,0,0,27,0
247,100,0,4,100,100,0,0,0,0,0,100,100,0.0195249764,44.6810104153,25.0000000000,13.6283386003,1.0000000000,0.8064000000,250.0000000000,0,0,0,27,0
248,100,0,4,100,100,0,0,0,0,0,100,100,0.0195249764,44.6614854388,25.0000000000,13.6283386003,1.0000000000,0.8064000000,250.0000000000,0,0,0,27,0
249,100,0,4,100,100,0,0,0,0,0,100,100,0.0195249764,44.6419604624,25.0000000000,13.6283386003,1.0000000000,0.8064000000,250.0000000000,0,0,0,27,0
250,100,0,4,100,100,0,0,0,0,0,100,100,0.0195249764,44.6224354860,25.0000000000,13.6283386003,1.0000000000,0.8064000000,250.0000000000,0,0,0,27,0
251,100,0,3,100,100,0,0,1,103,491,100,100,0.0258884275,44.5965470584,33.3333333333,12.9832104401,1.0000000000,0.8888000000,226.8226822682,0,0,0,36,0
252,100,0,3,100,100,0,0,0,0,0,100,100,0.0184227949,44.5781242635,33.3333333333,12.9832104401,1.0000000000,0.8064000000,250.0000000000,0,0,0,36,0
253,100,0,3,100,100,0,0,0,0,0,100,100,0.0184227949,44.5597014686,33.3333333333,12.9832104401,1.0000000000,0.8064000000,250.0000000000,0,0,0,36,0
254,100,0,3,100,100,0,0,0,0,0,100,100,0.0184227949,44.5412786737,33.3333333333,12.9832104401,1.0000000000,0.8064000000,250.0000000000,0,0,0,36,0
255,100,0,3,100,100,0,0,0,0,0,100,100,0.0184227949,44.5228558788,33.3333333333,12.9832104401,1.0000000000,0.8064000000,250.0000000000,0,0,0,36,0
256,100,0,3,100,100,0,0,1,103,491,100,100,0.0276085407,44.4952473381,33.3333333333,13.7896095469,1.0000000000,0.8888000000,226.8226822682,0,0,0,26,0
257,100,0,3,100,100,0,0,0,0,0,100,100,0.0201287832,44.4751185549,33.3333333333,13.7896095469,1.0000000000,0.8064000000,250.0000000000,0,0,0,26,0
258,100,0,3,100,100,0,0,0,0,0,100,100,0.0201287832,44.4549897717,33.3333333333,13.7896095469,1.0000000000,0.8064000000,250.0000000000,0,0,0,26,0
259,100,0,3,100,100,0,0,0,0,0,100,100,0.0201287832,44.4348609885,33.3333333333,13.7896095469,1.0000000000,0.8064000000,250.0000000000,0,0,0,26,0
260,100,0,3,100,100,0,0,0,0,0,100,100,0.0201287832,44.4147322053,33.3333333333,13.7896095469,1.0000000000,0.8064000000,250.0000000000,0,0,0,26,0
261,100,0,8,100,100,0,0,1,108,976,100,100,0.0329480083,44.3817841969,12.5000000000,14.5960053978,1.0000000000,0.8928000000,225.8064516129,0,0,0,11,0
262,100,0,8,100,100,0,0,0,0,0,100,100,0.0201677321,44.3616164648,12.5000000000,14.5960053978,1.0000000000,0.8064000000,250.0000000000,0,0,0,11,0
263,100,0,8,100,100,0,0,0,0,0,100,100,0.0201677321,44.3414487327,12.5000000000,14.5960053978,1.0000000000,0.8064000000,250.0000000000,0,0,0,11,0
264,100,0,8,100,100,0,0,0,0,0,100,100,0.0201677321,44.3212810006,12.5000000000,14.5960053978,1.0000000000,0.8064000000,250.0000000000,0,0,0,11,0
265,100,0,8,100,100,0,0,0,0,0,100,100,0.0201677321,44.3011132685,12.5000000000,14.5960053978,1.0000000000,0.8064000000,250.0000000000,0,0,0,11,0
266,100,0,2,100,100,0,0,1,102,394,100,100,0.0245296667,44.2765836017,50.0000000000,12.2574527038,1.0000000000,0.8880000000,227.0270270270,0,0,0,46,0
267,100,0,2,100,100,0,0,0,0,0,100,100,0.0179905601,44.2585930416,50.0000000000,12.2574527038,1.0000000000,0.8064000000,250.0000000000,0,0,0,46,0
268,100,0,2,100,100,0,0,0,0,0,100,100,0.0179905601,44.2406024815,50.0000000000,12.2574527038,1.0000000000,0.8064000000,250.0000000000,0,0,0,46,0
269,100,0,2,100,100,0,0,0,0,0,100,100,0.0179905601,44.2226119215,50.0000000000,12.2574527038,1.0000000000,0.8064000000,250.0000000000,0,0,0,46,0
270,100,0,2,100,100,0,0,0,0,0,100,100,0.0179905601,44.2046213614,50.0000000000,12.2574527038,1.0000000000,0.8064000000,250.0000000000,0,0,0,46,0
271,100,0,6,100,100,0,0,1,106,782,100,100,0.0296753288,44.1749460325,16.6666666667,13.6283283646,1.0000000000,0.8912000000,226.2118491921,0,0,0,25,0
272,100,0,6,100,100,0,0,0,0,0,100,100,0.0190177187,44.1559283139,16.6666666667,13.6283283646,1.0000000000,0.8064000000,250.0000000000,0,0,0,25,0
273,100,0,6,100,100,0,0,0,0,0,100,100,0.0190177187,44.1369105952,16.6666666667,13.6283283646,1.0000000000,0.8064000000,250.0000000000,0,0,0,25,0
274,100,0,6,100,100,0,0,0,0,0,100,100,0.0190177187,44.1178928765,16.6666666667,13.6283283646,1.0000000000,0.8064000000,250.0000000000,0,0,0,25,0
275,100,0,6,100,100,0,0,0,0,0,100,100,0.0190177187,44.0988751578,16.6666666667,13.6283283646,1.0000000000,0.8064000000,250.0000000000,0,0,0,25,0
276,100,0,4,100,100,0,0,1,104,588,100,100,0.0278866909,44.0709884669,25.0000000000,13.3864198025,1.0000000000,0.8896000000,226.6187050360,0,0,0,30,0
277,100,0,4,100,100,0,0,0,0,0,100,100,0.0193278270,44.0516606399,25.0000000000,13.3864198025,1.0000000000,0.8064000000,250.0000000000,0,0,0,30,0
278,100,0,4,100,100,0,0,0,0,0,100,100,0.0193278270,44.0323328130,25.0000000000,13.3864198025,1.0000000000,0.8064000000,250.0000000000,0,0,0,30,0
279,100,0,4,100,100,0,0,0,0,0,100,100,0.0193278270,44.0130049860,25.0000000000,13.3864198025,1.0000000000,0.8064000000,250.0000000000,0,0,0,30,0
280,100,0,4,100,100,0,0,0,0,0,100,100,0.0193278270,43.9936771591,25.0000000000,13.3864198025,1.0000000000,0.8064000000,250.0000000000,0,0,0,30,0
281,100,0,4,100,100,0,0,1,104,588,100,100,0.0280759792,43.9656011799,25.0000000000,13.7089555885,1.0000000000,0.8896000000,226.6187050360,0,0,0,26,0
282,100,0,4,100,100,0,0,0,0,0,100,100,0.0195498873,43.9460512925,25.0000000000,13.7089555885,1.0000000000,0.8064000000,250.0000000000,0,0,0,26,0
283,100,0,4,100,100,0,0,0,0,0,100,100,0.0195498873,43.9265014052,25.0000000000,13.7089555885,1.0000000000,0.8064000000,250.0000000000,0,0,0,26,0
284,100,0,4,100,100,0,0,0,0,0,100,100,0.0195498873,43.9069515179,25.0000000000,13.7089555885,1.0000000000,0.8064000000,250.0000000000,0,0,0,26,0
285,100,0,4,100,100,0,0,0,0,0,100,100,0.0195498873,43.8874016306,25.0000000000,13.7089555885,1.0000000000,0.8064000000,250.0000000000,0,0,0,26,0
286,100,0,5,100,100,0,0,1,105,685,100,100,0.0291535945,43.8582480361,20.0000000000,14.1121734334,1.0000000000,0.8904000000,226.4150943396,0,0,0,20,0
287,100,0,5,100,100,0,0,0,0,0,100,100,0.0195992185,43.8386488176,20.0000000000,14.1121734334,1.0000000000,0.8064000000,250.0000000000,0,0,0,20,0
288,100,0,5,100,100,0,0,0,0,0,100,100,0.0195992185,43.8190495992,20.0000000000,14.1121734334,1.0000000000,0.8064000000,250.0000000000,0,0,0,20,0
289,100,0,5,100,100,0,0,0,0,0,100,100,0.0195992185,43.7994503807,20.0000000000,14.1121734334,1.0000000000,0.8064000000,250.0000000000,0,0,0,20,0
290,100,0,5,100,100,0,0,0,0,0,100,100,0.0195992185,43.7798511622,20.0000000000,14.1121734334,1.0000000000,0.8064000000,250.0000000000,0,0,0,20,0
291,100,0,4,100,100,0,0,1,104,588,100,100,0.0279175537,43.7519336086,25.0000000000,13.7896232125,1.0000000000,0.8896000000,226.6187050360,0,0,0,25,0
292,100,0,4,100,100,0,0,0,0,0,100,100,0.0194092397,43.7325243689,25.0000000000,13.7896232125,1.0000000000,0.8064000000,250.0000000000,0,0,0,25,0
293,100,0,4,100,100,0,0,0,0,0,100,100,0.0194092397,43.7131151291,25.0000000000,13.7896232125,1.0000000000,0.8064000000,250.0000000000,0,0,0,25,0
294,100,0,4,100,100,0,0,0,0,0,100,100,0.0194092397,43.6937058894,25.0000000000,13.7896232125,1.0000000000,0.8064000000,250.0000000000,0,0,0,25,0
295,100,0,4,100,100,0,0,0,0,0,100,100,0.0194092397,43.6742966497,25.0000000000,13.7896232125,1.0000000000,0.8064000000,250.0000000000,0,0,0,25,0
296,100,0,1,100,100,0,0,1,101,297,100,100,0.0216624528,43.6526341969,100.0000000000,10.1607925435,1.0000000000,0.8872000000,227.2317403066,0,0,0,73,0
297,100,0,1,100,100,0,0,0,0,0,100,100,0.0156534083,43.6369807886,100.0000000000,10.1607925435,1.0000000000,0.8064000000,250.0000000000,0,0,0,73,0
298,100,0,1,100,100,0,0,0,0,0,100,100,0.0156534083,43.6213273803,100.0000000000,10.1607925435,1.0000000000,0.8064000000,250.0000000000,0,0,0,73,0
299,100,0,1,100,100,0,0,0,0,0,100,100,0.0156534083,43.6056739720,100.0000000000,10.1607925435,1.0000000000,0.8064000000,250.0000000000,0,0,0,73,0
300,100,0,1,100,100,0,0,0,0,0,100,100,0.0156534083,43.5900205637,100.0000000000,10.1607925435,1.0000000000,0.8064000000,250.0000000000,0,0,0,73,0
301,100,0,5,100,100,0,0,1,105,685,100,100,0.0280594230,43.5619611407,20.0000000000,13.1445095851,1.0000000000,0.8904000000,226.4150943396,0,0,0,32,0
302,100,0,5,100,100,0,0,0,0,0,100,100,0.0184646089,43.5434965318,20.0000000000,13.1445095851,1.0000000000,0.8064000000,250.0000000000,0,0,0,32,0
303,100,0,5,100,100,0,0,0,0,0,100,100,0.0184646089,43.5250319229,20.0000000000,13.1445095851,1.0000000000,0.8064000000,250.0000000000,0,0,0,32,0
304,100,0,5,100,100,0,0,0,0,0,100,100,0.0184646089,43.5065673140,20.0000000000,13.1445095851,1.0000000000,0.8064000000,250.0000000000,0,0,0,32,0
305,100,0,5,100,100,0,0,0,0,0,100,100,0.0184646089,43.4881027050,20.0000000000,13.1445095851,1.0000000000,0.8064000000,250.0000000000,0,0,0,32,0
306,100,0,4,100,100,0,0,1,104,588,100,100,0.0286472575,43.4594554476,25.0000000000,14.1121743965,1.0000000000,0.8896000000,226.6187050360,0,0,0,21,0
307,100,0,4,100,100,0,0,0,0,0,100,100,0.0201226603,43.4393327873,25.0000000000,14.1121743965,1.0000000000,0.8064000000,250.0000000000,0,0,0,21,0
308,100,0,4,100,100,0,0,0,0,0,100,100,0.0201226603,43.4192101269,25.0000000000,14.1121743965,1.0000000000,0.8064000000,250.0000000000,0,0,0,21,0
309,100,0,4,100,100,0,0,0,0,0,100,100,0.0201226603,43.3990874666,25.0000000000,14.1121743965,1.0000000000,0.8064000000,250.0000000000,0,0,0,21,0
310,100,0,4,100,100,0,0,0,0,0,100,100,0.0201226603,43.3789648063,25.0000000000,14.1121743965,1.0000000000,0.8064000000,250.0000000000,0,0,0,21,0
311,100,0,2,100,100,0,0,1,102,394,100,100,0.0239221977,43.3550426086,50.0000000000,11.5316676941,1.0000000000,0.8880000000,227.0270270270,0,0,0,55,0
312,100,0,2,100,100,0,0,0,0,0,100,100,0.0173914788,43.3376511298,50.0000000000,11.5316676941,1.0000000000,0.8064000000,250.0000000000,0,0,0,55,0
313,100,0,2,100,100,0,0,0,0,0,100,100,0.0173914788,43.3202596509,50.0000000000,11.5316676941,1.0000000000,0.8064000000,250.0000000000,0,0,0,55,0
314,100,0,2,100,100,0,0,0,0,0,100,100,0.0173914788,43.3028681721,50.0000000000,11.5316676941,1.0000000000,0.8064000000,250.0000000000,0,0,0,55,0
315,100,0,2,100,100,0,0,0,0,0,100,100,0.0173914788,43.2854766933,50.0000000000,11.5316676941,1.0000000000,0.8064000000,250.0000000000,0,0,0,55,0
316,100,0,4,100,100,0,0,1,104,588,100,100,0.0259253831,43.2595513102,25.0000000000,11.9348811806,1.0000000000,0.8896000000,226.6187050360,0,0,0,48,0
317,100,0,4,100,100,0,0,0,0,0,100,100,0.0173041674,43.2422471428,25.0000000000,11.9348811806,1.0000000000,0.8064000000,250.0000000000,0,0,0,48,0
318,100,0,4,100,100,0,0,0,0,0,100,100,0.0173041674,43.2249429754,25.0000000000,11.9348811806,1.0000000000,0.8064000000,250.0000000000,0,0,0,48,0
319,100,0,4,100,100,0,0,0,0,0,100,100,0.0173041674,43.2076388080,25.0000000000,11.9348811806,1.0000000000,0.8064000000,250.0000000000,0,0,0,48,0
320,100,0,4,100,100,0,0,0,0,0,100,100,0.0173041674,43.1903346406,25.0000000000,11.9348811806,1.0000000000,0.8064000000,250.0000000000,0,0,0,48,0
321,100,0,4,100,100,0,0,1,104,588,100,100,0.0273420349,43.1629926058,25.0000000000,13.3864208216,1.0000000000,0.8896000000,226.6187050360,0,0,0,30,0
322,100,0,4,100,100,0,0,0,0,0,100,100,0.0188241298,43.1441684760,25.0000000000,13.3864208216,1.0000000000,0.8064000000,250.0000000000,0,0,0,30,0
323,100,0,4,100,100,0,0,0,0,0,100,100,0.0188241298,43.1253443462,25.0000000000,13.3864208216,1.0000000000,0.8064000000,250.0000000000,0,0,0,30,0
324,100,0,4,100,100,0,0,0,0,0,100,100,0.0188241298,43.1065202164,25.0000000000,13.3864208216,1.0000000000,0.8064000000,250.0000000000,0,0,0,30,0
325,100,0,4,100,100,0,0,0,0,0,100,100,0.0188241298,43.0876960867,25.0000000000,13.3864208216,1.0000000000,0.8064000000,250.0000000000,0,0,0,30,0
326,100,0,5,100,100,0,0,1,105,685,100,100,0.0290644874,43.0586315993,20.0000000000,13.7896206877,1.0000000000,0.8904000000,226.4150943396,0,0,0,24,0
327,100,0,5,100,100,0,0,0,0,0,100,100,0.0194717865,43.0391598128,20.0000000000,13.7896206877,1.0000000000,0.8064000000,250.0000000000,0,0,0,24,0
328,100,0,5,100,100,0,0,0,0,0,100,100,0.0194717865,43.0196880262,20.0000000000,13.7896206877,1.0000000000,0.8064000000,250.0000000000,0,0,0,24,0
329,100,0,5,100,100,0,0,0,0,0,100,100,0.0194717865,43.0002162397,20.0000000000,13.7896206877,1.0000000000,0.8064000000,250.0000000000,0,0,0,24,0
330,100,0,5,100,100,0,0,0,0,0,100,100,0.0194717865,42.9807444532,20.0000000000,13.7896206877,1.0000000000,0.8064000000,250.0000000000,0,0,0,24,0
331,100,0,5,100,100,0,0,1,105,685,100,100,0.0283563272,42.9523881260,20.0000000000,12.6606483987,1.0000000000,0.8904000000,226.4150943396,0,0,0,38,0
332,100,0,5,100,100,0,0,0,0,0,100,100,0.0186604417,42.9337276843,20.0000000000,12.6606483987,1.0000000000,0.8064000000,250.0000000000,0,0,0,38,0
333,100,0,5,100,100,0,0,0,0,0,100,100,0.0186604417,42.9150672426,20.0000000000,12.6606483987,1.0000000000,0.8064000000,250.0000000000,0,0,0,38,0
334,100,0,5,100,100,0,0,0,0,0,100,100,0.0186604417,42.8964068009,20.0000000000,12.6606483987,1.0000000000,0.8064000000,250.0000000000,0,0,0,38,0
335,100,0,5,100,100,0,0,0,0,0,100,100,0.0186604417,42.8777463592,20.0000000000,12.6606483987,1.0000000000,0.8064000000,250.0000000000,0,0,0,38,0
336,100,0,3,100,100,0,0,1,103,491,100,100,0.0267625116,42.8509838476,33.3333333333,13.1444796578,1.0000000000,0.8888000000,226.8226822682,0,0,0,34,0
337,100,0,3,100,100,0,0,0,0,0,100,100,0.0192424611,42.8317413864,33.3333333333,13.1444796578,1.0000000000,0.8064000000,250.0000000000,0,0,0,34,0
338,100,0,3,100,100,0,0,0,0,0,100,100,0.0192424611,42.8124989253,33.3333333333,13.1444796578,1.0000000000,0.8064000000,250.0000000000,0,0,0,34,0
339,100,0,3,100,100,0,0,0,0,0,100,100,0.0192424611,42.7932564642,33.3333333333,13.1444796578,1.0000000000,0.8064000000,250.0000000000,0,0,0,34,0
340,100,0,3,100,100,0,0,0,0,0,100,100,0.0192424611,42.7740140030,33.3333333333,13.1444796578,1.0000000000,0.8064000000,250.0000000000,0,0,0,34,0
341,100,0,3,100,100,0,0,1,103,491,100,100,0.0255444887,42.7484695144,33.3333333333,12.3380836507,1.0000000000,0.8888000000,226.8226822682,0,0,0,44,0
342,100,0,3,100,100,0,0,0,0,0,100,100,0.0180204128,42.7304491016,33.3333333333,12.3380836507,1.0000000000,0.8064000000,250.0000000000,0,0,0,44,0
343,100,0,3,100,100,0,0,0,0,0,100,100,0.0180204128,42.7124286889,33.3333333333,12.3380836507,1.0000000000,0.8064000000,250.0000000000,0,0,0,44,0
344,100,0,3,100,100,0,0,0,0,0,100,100,0.0180204128,42.6944082761,33.3333333333,12.3380836507,1.0000000000,0.8064000000,250.0000000000,0,0,0,44,0
345,100,0,3,100,100,0,0,0,0,0,100,100,0.0180204128,42.6763878633,33.3333333333,12.3380836507,1.0000000000,0.8064000000,250.0000000000,0,0,0,44,0
346,100,0,5,100,100,0,0,1,105,685,100,100,0.0300279910,42.6463598724,20.0000000000,14.2734536462,1.0000000000,0.8904000000,226.4150943396,0,0,0,18,0
347,100,0,5,100,100,0,0,0,0,0,100,100,0.0204193013,42.6259405711,20.0000000000,14.2734536462,1.0000000000,0.8064000000,250.0000000000,0,0,0,18,0
348,100,0,5,100,100,0,0,0,0,0,100,100,0.0204193013,42.6055212698,20.0000000000,14.2734536462,1.0000000000,0.8064000000,250.0000000000,0,0,0,18,0
349,100,0,5,100,100,0,0,0,0,0,100,100,0.0204193013,42.5851019685,20.0000000000,14.2734536462,1.0000000000,0.8064000000,250.0000000000,0,0,0,18,0
350,100,0,5,100,100,0,0,0,0,0,100,100,0.0204193013,42.5646826672,20.0000000000,14.2734536462,1.0000000000,0.8064000000,250.0000000000,0,0,0,18,0
351,100,0,10,100,100,0,0,1,110,1170,100,100,0.0351356038,42.5295470633,10.0000000000,14.8379212973,1.0000000000,0.8944000000,225.4025044723,0,0,0,6,0
352,100,0,10,100,100,0,0,0,0,0,100,100,0.0202390310,42.5093080323,10.0000000000,14.8379212973,1.0000000000,0.8064000000,250.0000000000,0,0,0,6,0
353,100,0,10,100,100,0,0,0,0,0,100,100,0.0202390310,42.4890690013,10.0000000000,14.8379212973,1.0000000000,0.8064000000,250.0000000000,0,0,0,6,0
354,100,0,10,100,100,0,0,0,0,0,100,100,0.0202390310,42.4688299704,10.0000000000,14.8379212973,1.0000000000,0.8064000000,250.0000000000,0,0,0,6,0
355,100,0,10,100,100,0,0,0,0,0,100,100,0.0202390310,42.4485909394,10.0000000000,14.8379212973,1.0000000000,0.8064000000,250.0000000000,0,0,0,6,0
356,100,0,4,100,100,0,0,1,104,588,100,100,0.0265040862,42.4220868531,25.0000000000,11.7735867998,1.0000000000,0.8896000000,226.6187050360,0,0,0,50,0
357,100,0,4,100,100,0,0,0,0,0,100,100,0.0177764963,42.4043103568,25.0000000000,11.7735867998,1.0000000000,0.8064000000,250.0000000000,0,0,0,50,0
358,100,0,4,100,100,0,0,0,0,0,100,100,0.0177764963,42.3865338606,25.0000000000,11.7735867998,1.0000000000,0.8064000000,250.0000000000,0,0,0,50,0
359,100,0,4,100,100,0,0,0,0,0,100,100,0.0177764963,42.3687573643,25.0000000000,11.7735867998,1.0000000000,0.8064000000,250.0000000000,0,0,0,50,0
360,100,0,4,100,100,0,0,0,0,0,100,100,0.0177764963,42.3509808680,25.0000000000,11.7735867998,1.0000000000,0.8064000000,250.0000000000,0,0,0,50,0
361,100,0,5,100,100,0,0,1,105,685,100,100,0.0305805240,42.3204003440,20.0000000000,14.9185716011,1.0000000000,0.8904000000,226.4150943396,0,0,0,10,0
362,100,0,5,100,100,0,0,0,0,0,100,100,0.0210039727,42.2993963713,20.0000000000,14.9185716011,1.0000000000,0.8064000000,250.0000000000,0,0,0,10,0
363,100,0,5,100,100,0,0,0,0,0,100,100,0.0210039727,42.2783923987,20.0000000000,14.9185716011,1.0000000000,0.8064000000,250.0000000000,0,0,0,10,0
364,100,0,5,100,100,0,0,0,0,0,100,100,0.0210039727,42.2573884260,20.0000000000,14.9185716011,1.0000000000,0.8064000000,250.0000000000,0,0,0,10,0
365,100,0,5,100,100,0,0,0,0,0,100,100,0.0210039727,42.2363844533,20.0000000000,14.9185716011,1.0000000000,0.8064000000,250.0000000000,0,0,0,10,0
366,100,0,3,100,100,0,0,1,103,491,100,100,0.0260084067,42.2103760466,33.3333333333,12.4993652530,1.0000000000,0.8888000000,226.8226822682,0,0,0,42,0
367,100,0,3,100,100,0,0,0,0,0,100,100,0.0184863195,42.1918897271,33.3333333333,12.4993652530,1.0000000000,0.8064000000,250.0000000000,0,0,0,42,0
368,100,0,3,100,100,0,0,0,0,0,100,100,0.0184863195,42.1734034075,33.3333333333,12.4993652530,1.0000000000,0.8064000000,250.0000000000,0,0,0,42,0
369,100,0,3,100,100,0,0,0,0,0,100,100,0.0184863195,42.1549170880,33.3333333333,12.4993652530,1.0000000000,0.8064000000,250.0000000000,0,0,0,42,0
370,100,0,3,100,100,0,0,0,0,0,100,100,0.0184863195,42.1364307684,33.3333333333,12.4993652530,1.0000000000,0.8064000000,250.0000000000,0,0,0,42,0
371,100,0,3,100,100,0,0,1,103,491,100,100,0.0263444844,42.1100862840,33.3333333333,13.2251364400,1.0000000000,0.8888000000,226.8226822682,0,0,0,33,0
372,100,0,3,100,100,0,0,0,0,0,100,100,0.0188715332,42.0912147508,33.3333333333,13.2251364400,1.0000000000,0.8064000000,250.0000000000,0,0,0,33,0
373,100,0,3,100,100,0,0,0,0,0,100,100,0.0188715332,42.0723432176,33.3333333333,13.2251364400,1.0000000000,0.8064000000,250.0000000000,0,0,0,33,0
374,100,0,3,100,100,0,0,0,0,0,100,100,0.0188715332,42.0534716844,33.3333333333,13.2251364400,1.0000000000,0.8064000000,250.0000000000,0,0,0,33,0
375,100,0,3,100,100,0,0,0,0,0,100,100,0.0188715332,42.0346001512,33.3333333333,13.2251364400,1.0000000000,0.8064000000,250.0000000000,0,0,0,33,0
376,100,0,6,100,100,0,0,1,106,782,100,100,0.0304614351,42.0041387161,16.6666666667,14.1121724397,1.0000000000,0.8912000000,226.2118491921,0,0,0,19,0
377,100,0,6,100,100,0,0,0,0,0,100,100,0.0198057096,41.9843330065,16.6666666667,14.1121724397,1.0000000000,0.8064000000,250.0000000000,0,0,0,19,0
378,100,0,6,100,100,0,0,0,0,0,100,100,0.0198057096,41.9645272969,16.6666666667,14.1121724397,1.0000000000,0.8064000000,250.0000000000,0,0,0,19,0
379,100,0,6,100,100,0,0,0,0,0,100,100,0.0198057096,41.9447215873,16.6666666667,14.1121724397,1.0000000000,0.8064000000,250.0000000000,0,0,0,19,0
380,100,0,6,100,100,0,0,0,0,0,100,100,0.0198057096,41.9249158777,16.6666666667,14.1121724397,1.0000000000,0.8064000000,250.0000000000,0,0,0,19,0
381,100,0,6,100,100,0,0,1,106,782,100,100,0.0301965751,41.8947193026,16.6666666667,13.7896145964,1.0000000000,0.8912000000,226.2118491921,0,0,0,23,0
382,100,0,6,100,100,0,0,0,0,0,100,100,0.0195191125,41.8752001900,16.6666666667,13.7896145964,1.0000000000,0.8064000000,250.0000000000,0,0,0,23,0
383,100,0,6,100,100,0,0,0,0,0,100,100,0.0195191125,41.8556810775,16.6666666667,13.7896145964,1.0000000000,0.8064000000,250.0000000000,0,0,0,23,0
384,100,0,6,100,100,0,0,0,0,0,100,100,0.0195191125,41.8361619649,16.6666666667,13.7896145964,1.0000000000,0.8064000000,250.0000000000,0,0,0,23,0
385,100,0,6,100,100,0,0,0,0,0,100,100,0.0195191125,41.8166428524,16.6666666667,13.7896145964,1.0000000000,0.8064000000,250.0000000000,0,0,0,23,0
386,100,0,3,100,100,0,0,1,103,491,100,100,0.0265450755,41.7900977769,33.3333333333,13.2251268212,1.0000000000,0.8888000000,226.8226822682,0,0,0,33,0
387,100,0,3,100,100,0,0,0,0,0,100,100,0.0190422874,41.7710554896,33.3333333333,13.2251268212,1.0000000000,0.8064000000,250.0000000000,0,0,0,33,0
388,100,0,3,100,100,0,0,0,0,0,100,100,0.0190422874,41.7520132022,33.3333333333,13.2251268212,1.0000000000,0.8064000000,250.0000000000,0,0,0,33,0
389,100,0,3,100,100,0,0,0,0,0,100,100,0.0190422874,41.7329709148,33.3333333333,13.2251268212,1.0000000000,0.8064000000,250.0000000000,0,0,0,33,0
390,100,0,3,100,100,0,0,0,0,0,100,100,0.0190422874,41.7139286274,33.3333333333,13.2251268212,1.0000000000,0.8064000000,250.0000000000,0,0,0,33,0
391,100,0,8,100,100,0,0,1,108,976,100,100,0.0336122643,41.6803163631,12.5000000000,14.9992030226,1.0000000000,0.8928000000,225.8064516129,0,0,0,6,0
392,100,0,8,100,100,0,0,0,0,0,100,100,0.0208308378,41.6594855253,12.5000000000,14.9992030226,1.0000000000,0.8064000000,250.0000000000,0,0,0,6,0
393,100,0,8,100,100,0,0,0,0,0,100,100,0.0208308378,41.6386546874,12.5000000000,14.9992030226,1.0000000000,0.8064000000,250.0000000000,0,0,0,6,0
394,100,0,8,100,100,0,0,0,0,0,100,100,0.0208308378,41.6178238496,12.5000000000,14.9992030226,1.0000000000,0.8064000000,250.0000000000,0,0,0,6,0
395,100,0,8,100,100,0,0,0,0,0,100,100,0.0208308378,41.5969930117,12.5000000000,14.9992030226,1.0000000000,0.8064000000,250.0000000000,0,0,0,6,0
396,100,0,1,100,100,0,0,1,101,297,100,100,0.0217273653,41.5752656465,100.0000000000,10.1607944366,1.0000000000,0.8872000000,227.2317403066,0,0,0,73,0
397,100,0,1,100,100,0,0,0,0,0,100,100,0.0156761080,41.5595895384,100.0000000000,10.1607944366,1.0000000000,0.8064000000,250.0000000000,0,0,0,73,0
398,100,0,1,100,100,0,0,0,0,0,100,100,0.0156761080,41.5439134304,100.0000000000,10.1607944366,1.0000000000,0.8064000000,250.0000000000,0,0,0,73,0
399,100,0,1,100,100,0,0,0,0,0,100,100,0.0156761080,41.5282373224,100.0000000000,10.1607944366,1.0000000000,0.8064000000,250.0000000000,0,0,0,73,0
400,100,0,1,100,100,0,0,0,0,0,100,100,0.0156761080,41.5125612143,100.0000000000,10.1607944366,1.0000000000,0.8064000000,250.0000000000,0,0,0,73,0
401,100,0,6,100,100,0,0,1,106,782,100,100,0.0284085695,41.4841526448,16.6666666667,12.4187323935,1.0000000000,0.8912000000,226.2118491921,0,0,0,40,0
402,100,0,6,100,100,0,0,0,0,0,100,100,0.0176565932,41.4664960516,16.6666666667,12.4187323935,1.0000000000,0.8064000000,250.0000000000,0,0,0,40,0
403,100,0,6,100,100,0,0,0,0,0,100,100,0.0176565932,41.4488394584,16.6666666667,12.4187323935,1.0000000000,0.8064000000,250.0000000000,0,0,0,40,0
404,100,0,6,100,100,0,0,0,0,0,100,100,0.0176565932,41.4311828651,16.6666666667,12.4187323935,1.0000000000,0.8064000000,250.0000000000,0,0,0,40,0
405,100,0,6,100,100,0,0,0,0,0,100,100,0.0176565932,41.4135262719,16.6666666667,12.4187323935,1.0000000000,0.8064000000,250.0000000000,0,0,0,40,0
406,100,0,4,100,100,0,0,1,104,588,100,100,0.0278944427,41.3856318292,25.0000000000,13.5476831497,1.0000000000,0.8896000000,226.6187050360,0,0,0,28,0
407,100,0,4,100,100,0,0,0,0,0,100,100,0.0193628422,41.3662689870,25.0000000000,13.5476831497,1.0000000000,0.8064000000,250.0000000000,0,0,0,28,0
408,100,0,4,100,100,0,0,0,0,0,100,100,0.0193628422,41.3469061449,25.0000000000,13.5476831497,1.0000000000,0.8064000000,250.0000000000,0,0,0,28,0
409,100,0,4,100,100,0,0,0,0,0,100,100,0.0193628422,41.3275433027,25.0000000000,13.5476831497,1.0000000000,0.8064000000,250.0000000000,0,0,0,28,0
410,100,0,4,100,100,0,0,0,0,0,100,100,0.0193628422,41.3081804605,25.0000000000,13.5476831497,1.0000000000,0.8064000000,250.0000000000,0,0,0,28,0
411,100,0,3,100,100,0,0,1,103,491,100,100,0.0277395330,41.2804409275,33.3333333333,13.8702339388,1.0000000000,0.8888000000,226.8226822682,0,0,0,25,0
412,100,0,3,100,100,0,0,0,0,0,100,100,0.0202433501,41.2601975774,33.3333333333,13.8702339388,1.0000000000,0.8064000000,250.0000000000,0,0,0,25,0
413,100,0,3,100,100,0,0,0,0,0,100,100,0.0202433501,41.2399542272,33.3333333333,13.8702339388,1.0000000000,0.8064000000,250.0000000000,0,0,0,25,0
414,100,0,3,100,100,0,0,0,0,0,100,100,0.0202433501,41.2197108771,33.3333333333,13.8702339388,1.0000000000,0.8064000000,250.0000000000,0,0,0,25,0
415,100,0,3,100,100,0,0,0,0,0,100,100,0.0202433501,41.1994675269,33.3333333333,13.8702339388,1.0000000000,0.8064000000,250.0000000000,0,0,0,25,0
416,100,0,1,100,100,0,0,1,101,297,100,100,0.0214603204,41.1780072065,100.0000000000,9.4350313954,1.0000000000,0.8872000000,227.2317403066,0,0,0,82,0
417,100,0,1,100,100,0,0,0,0,0,100,100,0.0151189549,41.1628882517,100.0000000000,9.4350313954,1.0000000000,0.8064000000,250.0000000000,0,0,0,82,0
418,100,0,1,100,100,0,0,0,0,0,100,100,0.0151189549,41.1477692968,100.0000000000,9.4350313954,1.0000000000,0.8064000000,250.0000000000,0,0,0,82,0
419,100,0,1,100,100,0,0,0,0,0,100,100,0.0151189549,41.1326503420,100.0000000000,9.4350313954,1.0000000000,0.8064000000,250.0000000000,0,0,0,82,0
420,100,0,1,100,100,0,0,0,0,0,100,100,0.0151189549,41.1175313871,100.0000000000,9.4350313954,1.0000000000,0.8064000000,250.0000000000,0,0,0,82,0
421,100,0,2,100,100,0,0,1,102,394,100,100,0.0240342035,41.0934971836,50.0000000000,11.7736022223,1.0000000000,0.8880000000,227.0270270270,0,0,0,52,0
422,100,0,2,100,100,0,0,0,0,0,100,100,0.0174753468,41.0760218368,50.0000000000,11.7736022223,1.0000000000,0.8064000000,250.0000000000,0,0,0,52,0
423,100,0,2,100,100,0,0,0,0,0,100,100,0.0174753468,41.0585464900,50.0000000000,11.7736022223,1.0000000000,0.8064000000,250.0000000000,0,0,0,52,0
424,100,0,2,100,100,0,0,0,0,0,100,100,0.0174753468,41.0410711432,50.0000000000,11.7736022223,1.0000000000,0.8064000000,250.0000000000,0,0,0,52,0
425,100,0,2,100,100,0,0,0,0,0,100,100,0.0174753468,41.0235957963,50.0000000000,11.7736022223,1.0000000000,0.8064000000,250.0000000000,0,0,0,52,0
426,100,0,5,100,100,0,0,1,105,685,100,100,0.0303045593,40.9932912371,20.0000000000,14.9185768762,1.0000000000,0.8904000000,226.4150943396,0,0,0,10,0
427,100,0,5,100,100,0,0,0,0,0,100,100,0.0207565227,40.9725347143,20.0000000000,14.9185768762,1.0000000000,0.8064000000,250.0000000000,0,0,0,10,0
428,100,0,5,100,100,0,0,0,0,0,100,100,0.0207565227,40.9517781916,20.0000000000,14.9185768762,1.0000000000,0.8064000000,250.0000000000,0,0,0,10,0
429,100,0,5,100,100,0,0,0,0,0,100,100,0.0207565227,40.9310216689,20.0000000000,14.9185768762,1.0000000000,0.8064000000,250.0000000000,0,0,0,10,0
430,100,0,5,100,100,0,0,0,0,0,100,100,0.0207565227,40.9102651461,20.0000000000,14.9185768762,1.0000000000,0.8064000000,250.0000000000,0,0,0,10,0
431,100,0,1,100,100,0,0,1,101,297,100,100,0.0222797436,40.8879854026,100.0000000000,10.7252668241,1.0000000000,0.8872000000,227.2317403066,0,0,0,66,0
432,100,0,1,100,100,0,0,0,0,0,100,100,0.0166322191,40.8713531834,100.0000000000,10.7252668241,1.0000000000,0.8064000000,250.0000000000,0,0,0,66,0
433,100,0,1,100,100,0,0,0,0,0,100,100,0.0166322191,40.8547209643,100.0000000000,10.7252668241,1.0000000000,0.8064000000,250.0000000000,0,0,0,66,0
434,100,0,1,100,100,0,0,0,0,0,100,100,0.0166322191,40.8380887451,100.0000000000,10.7252668241,1.0000000000,0.8064000000,250.0000000000,0,0,0,66,0
435,100,0,1,100,100,0,0,0,0,0,100,100,0.0166322191,40.8214565260,100.0000000000,10.7252668241,1.0000000000,0.8064000000,250.0000000000,0,0,0,66,0
436,100,0,2,100,100,0,0,1,102,394,100,100,0.0277353030,40.7937212230,50.0000000000,14.3540746068,1.0000000000,0.8880000000,227.0270270270,0,0,0,20,0
437,100,0,2,100,100,0,0,0,0,0,100,100,0.0212878429,40.7724333801,50.0000000000,14.3540746068,1.0000000000,0.8064000000,250.0000000000,0,0,0,20,0
438,100,0,2,100,100,0,0,0,0,0,100,100,0.0212878429,40.7511455372,50.0000000000,14.3540746068,1.0000000000,0.8064000000,250.0000000000,0,0,0,20,0
439,100,0,2,100,100,0,0,0,0,0,100,100,0.0212878429,40.7298576943,50.0000000000,14.3540746068,1.0000000000,0.8064000000,250.0000000000,0,0,0,20,0
440,100,0,2,100,100,0,0,0,0,0,100,100,0.0212878429,40.7085698515,50.0000000000,14.3540746068,1.0000000000,0.8064000000,250.0000000000,0,0,0,20,0
441,100,0,3,100,100,0,0,1,103,491,100,100,0.0246588524,40.6839109990,33.3333333333,11.2091141723,1.0000000000,0.8888000000,226.8226822682,0,0,0,58,0
442,100,0,3,100,100,0,0,0,0,0,100,100,0.0169560321,40.6669549669,33.3333333333,11.2091141723,1.0000000000,0.8064000000,250.0000000000,0,0,0,58,0
443,100,0,3,100,100,0,0,0,0,0,100,100,0.0169560321,40.6499989348,33.3333333333,11.2091141723,1.0000000000,0.8064000000,250.0000000000,0,0,0,58,0
444,100,0,3,100,100,0,0,0,0,0,100,100,0.0169560321,40.6330429026,33.3333333333,11.2091141723,1.0000000000,0.8064000000,250.0000000000,0,0,0,58,0
445,100,0,3,100,100,0,0,0,0,0,100,100,0.0169560321,40.6160868705,33.3333333333,11.2091141723,1.0000000000,0.8064000000,250.0000000000,0,0,0,58,0
446,100,0,6,100,100,0,0,1,106,782,100,100,0.0299102585,40.5861766120,16.6666666667,13.9508903441,1.0000000000,0.8912000000,226.2118491921,0,0,0,21,0
447,100,0,6,100,100,0,0,0,0,0,100,100,0.0192901617,40.5668864503,16.6666666667,13.9508903441,1.0000000000,0.8064000000,250.0000000000,0,0,0,21,0
448,100,0,6,100,100,0,0,0,0,0,100,100,0.0192901617,40.5475962886,16.6666666667,13.9508903441,1.0000000000,0.8064000000,250.0000000000,0,0,0,21,0
449,100,0,6,100,100,0,0,0,0,0,100,100,0.0192901617,40.5283061269,16.6666666667,13.9508903441,1.0000000000,0.8064000000,250.0000000000,0,0,0,21,0
450,100,0,6,100,100,0,0,0,0,0,100,100,0.0192901617,40.5090159652,16.6666666667,13.9508903441,1.0000000000,0.8064000000,250.0000000000,0,0,0,21,0
451,100,0,2,100,100,0,0,1,102,394,100,100,0.0238594114,40.4851565538,50.0000000000,11.5316645922,1.0000000000,0.8880000000,227.0270270270,0,0,0,55,0
452,100,0,2,100,100,0,0,0,0,0,100,100,0.0172652422,40.4678913115,50.0000000000,11.5316645922,1.0000000000,0.8064000000,250.0000000000,0,0,0,55,0
453,100,0,2,100,100,0,0,0,0,0,100,100,0.0172652422,40.4506260693,50.0000000000,11.5316645922,1.0000000000,0.8064000000,250.0000000000,0,0,0,55,0
454,100,0,2,100,100,0,0,0,0,0,100,100,0.0172652422,40.4333608271,50.0000000000,11.5316645922,1.0000000000,0.8064000000,250.0000000000,0,0,0,55,0
455,100,0,2,100,100,0,0,0,0,0,100,100,0.0172652422,40.4160955848,50.0000000000,11.5316645922,1.0000000000,0.8064000000,250.0000000000,0,0,0,55,0
456,100,0,4,100,100,0,0,1,104,588,100,100,0.0279268407,40.3881687442,25.0000000000,13.5476816953,1.0000000000,0.8896000000,226.6187050360,0,0,0,28,0
457,100,0,4,100,100,0,0,0,0,0,100,100,0.0193695516,40.3687991926,25.0000000000,13.5476816953,1.0000000000,0.8064000000,250.0000000000,0,0,0,28,0
458,100,0,4,100,100,0,0,0,0,0,100,100,0.0193695516,40.3494296410,25.0000000000,13.5476816953,1.0000000000,0.8064000000,250.0000000000,0,0,0,28,0
459,100,0,4,100,100,0,0,0,0,0,100,100,0.0193695516,40.3300600894,25.0000000000,13.5476816953,1.0000000000,0.8064000000,250.0000000000,0,0,0,28,0
460,100,0,4,100,100,0,0,0,0,0,100,100,0.0193695516,40.3106905378,25.0000000000,13.5476816953,1.0000000000,0.8064000000,250.0000000000,0,0,0,28,0
461,100,0,8,100,100,0,0,1,108,976,100,100,0.0336820436,40.2770084941,12.5000000000,15.1604799332,1.0000000000,0.8928000000,225.8064516129,0,0,0,4,0
462,100,0,8,100,100,0,0,0,0,0,100,100,0.0209165829,40.2560919112,12.5000000000,15.1604799332,1.0000000000,0.8064000000,250.0000000000,0,0,0,4,0
463,100,0,8,100,100,0,0,0,0,0,100,100,0.0209165829,40.2351753283,12.5000000000,15.1604799332,1.0000000000,0.8064000000,250.0000000000,0,0,0,4,0
464,100,0,8,100,100,0,0,0,0,0,100,100,0.0209165829,40.2142587454,12.5000000000,15.1604799332,1.0000000000,0.8064000000,250.0000000000,0,0,0,4,0
465,100,0,8,100,100,0,0,0,0,0,100,100,0.0209165829,40.1933421625,12.5000000000,15.1604799332,1.0000000000,0.8064000000,250.0000000000,0,0,0,4,0
466,100,0,6,100,100,0,0,1,106,782,100,100,0.0301647212,40.1631774413,16.6666666667,14.1121747739,1.0000000000,0.8912000000,226.2118491921,0,0,0,19,0
467,100,0,6,100,100,0,0,0,0,0,100,100,0.0195417401,40.1436357012,16.6666666667,14.1121747739,1.0000000000,0.8064000000,250.0000000000,0,0,0,19,0
468,100,0,6,100,100,0,0,0,0,0,100,100,0.0195417401,40.1240939610,16.6666666667,14.1121747739,1.0000000000,0.8064000000,250.0000000000,0,0,0,19,0
469,100,0,6,100,100,0,0,0,0,0,100,100,0.0195417401,40.1045522209,16.6666666667,14.1121747739,1.0000000000,0.8064000000,250.0000000000,0,0,0,19,0
470,100,0,6,100,100,0,0,0,0,0,100,100,0.0195417401,40.0850104808,16.6666666667,14.1121747739,1.0000000000,0.8064000000,250.0000000000,0,0,0,19,0
471,100,0,9,100,100,0,0,1,109,1073,100,100,0.0331028349,40.0519076459,11.1111111111,13.9508914172,1.0000000000,0.8936000000,225.6042972247,0,0,0,18,0
472,100,0,9,100,100,0,0,0,0,0,100,100,0.0192660843,40.0326415616,11.1111111111,13.9508914172,1.0000000000,0.8064000000,250.0000000000,0,0,0,18,0
473,100,0,9,100,100,0,0,0,0,0,100,100,0.0192660843,40.0133754773,11.1111111111,13.9508914172,1.0000000000,0.8064000000,250.0000000000,0,0,0,18,0
474,100,0,9,100,100,0,0,0,0,0,100,100,0.0192660843,39.9941093930,11.1111111111,13.9508914172,1.0000000000,0.8064000000,250.0000000000,0,0,0,18,0
475,100,0,9,100,100,0,0,0,0,0,100,100,0.0192660843,39.9748433087,11.1111111111,13.9508914172,1.0000000000,0.8064000000,250.0000000000,0,0,0,18,0
476,100,0,4,100,100,0,0,1,104,588,100,100,0.0272634237,39.9475798851,25.0000000000,13.2251296375,1.0000000000,0.8896000000,226.6187050360,0,0,0,32,0
477,100,0,4,100,100,0,0,0,0,0,100,100,0.0187258342,39.9288540509,25.0000000000,13.2251296375,1.0000000000,0.8064000000,250.0000000000,0,0,0,32,0
478,100,0,4,100,100,0,0,0,0,0,100,100,0.0187258342,39.9101282167,25.0000000000,13.2251296375,1.0000000000,0.8064000000,250.0000000000,0,0,0,32,0
479,100,0,4,100,100,0,0,0,0,0,100,100,0.0187258342,39.8914023825,25.0000000000,13.2251296375,1.0000000000,0.8064000000,250.0000000000,0,0,0,32,0
480,100,0,4,100,100,0,0,0,0,0,100,100,0.0187258342,39.8726765483,25.0000000000,13.2251296375,1.0000000000,0.8064000000,250.0000000000,0,0,0,32,0
481,100,0,3,100,100,0,0,1,103,491,100,100,0.0253872707,39.8472892776,33.3333333333,12.4187392326,1.0000000000,0.8888000000,226.8226822682,0,0,0,43,0
482,100,0,3,100,100,0,0,0,0,0,100,100,0.0178567400,39.8294325376,33.3333333333,12.4187392326,1.0000000000,0.8064000000,250.0000000000,0,0,0,43,0
483,100,0,3,100,100,0,0,0,0,0,100,100,0.0178567400,39.8115757976,33.3333333333,12.4187392326,1.0000000000,0.8064000000,250.0000000000,0,0,0,43,0
484,100,0,3,100,100,0,0,0,0,0,100,100,0.0178567400,39.7937190576,33.3333333333,12.4187392326,1.0000000000,0.8064000000,250.0000000000,0,0,0,43,0
485,100,0,3,100,100,0,0,0,0,0,100,100,0.0178567400,39.7758623176,33.3333333333,12.4187392326,1.0000000000,0.8064000000,250.0000000000,0,0,0,43,0
486,100,0,4,100,100,0,0,1,104,588,100,100,0.0287952792,39.7470670384,25.0000000000,14.1928101493,1.0000000000,0.8896000000,226.6187050360,0,0,0,20,0
487,100,0,4,100,100,0,0,0,0,0,100,100,0.0202672593,39.7267997792,25.0000000000,14.1928101493,1.0000000000,0.8064000000,250.0000000000,0,0,0,20,0
488,100,0,4,100,100,0,0,0,0,0,100,100,0.0202672593,39.7065325199,25.0000000000,14.1928101493,1.0000000000,0.8064000000,250.0000000000,0,0,0,20,0
489,100,0,4,100,100,0,0,0,0,0,100,100,0.0202672593,39.6862652607,25.0000000000,14.1928101493,1.0000000000,0.8064000000,250.0000000000,0,0,0,20,0
490,100,0,4,100,100,0,0,0,0,0,100,100,0.0202672593,39.6659980014,25.0000000000,14.1928101493,1.0000000000,0.8064000000,250.0000000000,0,0,0,20,0
491,100,0,8,100,100,0,0,1,108,976,100,100,0.0335486316,39.6324493698,12.5000000000,14.9185648584,1.0000000000,0.8928000000,225.8064516129,0,0,0,7,0
492,100,0,8,100,100,0,0,0,0,0,100,100,0.0207600671,39.6116893027,12.5000000000,14.9185648584,1.0000000000,0.8064000000,250.0000000000,0,0,0,7,0
493,100,0,8,100,100,0,0,0,0,0,100,100,0.0207600671,39.5909292356,12.5000000000,14.9185648584,1.0000000000,0.8064000000,250.0000000000,0,0,0,7,0
494,100,0,8,100,100,0,0,0,0,0,100,100,0.0207600671,39.5701691686,12.5000000000,14.9185648584,1.0000000000,0.8064000000,250.0000000000,0,0,0,7,0
495,100,0,8,100,100,0,0,0,0,0,100,100,0.0207600671,39.5494091015,12.5000000000,14.9185648584,1.0000000000,0.8064000000,250.0000000000,0,0,0,7,0
496,100,0,7,100,100,0,0,1,107,879,100,100,0.0323409029,39.5170681986,14.2857142857,14.9185842684,1.0000000000,0.8920000000,226.0089686099,0,0,0,8,0
497,100,0,7,100,100,0,0,0,0,0,100,100,0.0206536908,39.4964145078,14.2857142857,14.9185842684,1.0000000000,0.8064000000,250.0000000000,0,0,0,8,0
498,100,0,7,100,100,0,0,0,0,0,100,100,0.0206536908,39.4757608170,14.2857142857,14.9185842684,1.0000000000,0.8064000000,250.0000000000,0,0,0,8,0
499,100,0,7,100,100,0,0,0,0,0,100,100,0.0206536908,39.4551071262,14.2857142857,14.9185842684,1.0000000000,0.8064000000,250.0000000000,0,0,0,8,0
500,100,0,7,100,100,0,0,0,0,0,100,100,0.0206536908,39.4344534355,14.2857142857,14.9185842684,1.0000000000,0.8064000000,250.0000000000,0,0,0,8,0
501,100,0,4,100,100,0,0,1,104,588,100,100,0.0262555269,39.4081979086,25.0000000000,11.6123126006,1.0000000000,0.8896000000,226.6187050360,0,0,0,52,0
502,100,0,4,100,100,0,0,0,0,0,100,100,0.0175173492,39.3906805594,25.0000000000,11.6123126006,1.0000000000,0.8064000000,250.0000000000,0,0,0,52,0
503,100,0,4,100,100,0,0,0,0,0,100,100,0.0175173492,39.3731632102,25.0000000000,11.6123126006,1.0000000000,0.8064000000,250.0000000000,0,0,0,52,0
504,100,0,4,100,100,0,0,0,0,0,100,100,0.0175173492,39.3556458611,25.0000000000,11.6123126006,1.0000000000,0.8064000000,250.0000000000,0,0,0,52,0
505,100,0,4,100,100,0,0,0,0,0,100,100,0.0175173492,39.3381285119,25.0000000000,11.6123126006,1.0000000000,0.8064000000,250.0000000000,0,0,0,52,0
506,100,0,4,100,100,0,0,1,104,588,100,100,0.0291004244,39.3090280874,25.0000000000,14.1928060305,1.0000000000,0.8896000000,226.6187050360,0,0,0,20,0
507,100,0,4,100,100,0,0,0,0,0,100,100,0.0205476047,39.2884804827,25.0000000000,14.1928060305,1.0000000000,0.8064000000,250.0000000000,0,0,0,20,0
508,100,0,4,100,100,0,0,0,0,0,100,100,0.0205476047,39.2679328780,25.0000000000,14.1928060305,1.0000000000,0.8064000000,250.0000000000,0,0,0,20,0
509,100,0,4,100,100,0,0,0,0,0,100,100,0.0205476047,39.2473852733,25.0000000000,14.1928060305,1.0000000000,0.8064000000,250.0000000000,0,0,0,20,0
510,100,0,4,100,100,0,0,0,0,0,100,100,0.0205476047,39.2268376685,25.0000000000,14.1928060305,1.0000000000,0.8064000000,250.0000000000,0,0,0,20,0
511,100,0,1,100,100,0,0,1,101,297,100,100,0.0219760051,39.2048616634,100.0000000000,10.6446268015,1.0000000000,0.8872000000,227.2317403066,0,0,0,67,0
512,100,0,1,100,100,0,0,0,0,0,100,100,0.0162940243,39.1885676392,100.0000000000,10.6446268015,1.0000000000,0.8064000000,250.0000000000,0,0,0,67,0
513,100,0,1,100,100,0,0,0,0,0,100,100,0.0162940243,39.1722736149,100.0000000000,10.6446268015,1.0000000000,0.8064000000,250.0000000000,0,0,0,67,0
514,100,0,1,100,100,0,0,0,0,0,100,100,0.0162940243,39.1559795906,100.0000000000,10.6446268015,1.0000000000,0.8064000000,250.0000000000,0,0,0,67,0
515,100,0,1,100,100,0,0,0,0,0,100,100,0.0162940243,39.1396855664,100.0000000000,10.6446268015,1.0000000000,0.8064000000,250.0000000000,0,0,0,67,0
516,100,0,3,100,100,0,0,1,103,491,100,100,0.0243158169,39.1153697495,33.3333333333,11.0478535136,1.0000000000,0.8888000000,226.8226822682,0,0,0,60,0
517,100,0,3,100,100,0,0,0,0,0,100,100,0.0165059618,39.0988637877,33.3333333333,11.0478535136,1.0000000000,0.8064000000,250.0000000000,0,0,0,60,0
518,100,0,3,100,100,0,0,0,0,0,100,100,0.0165059618,39.0823578259,33.3333333333,11.0478535136,1.0000000000,0.8064000000,250.0000000000,0,0,0,60,0
519,100,0,3,100,100,0,0,0,0,0,100,100,0.0165059618,39.0658518641,33.3333333333,11.0478535136,1.0000000000,0.8064000000,250.0000000000,0,0,0,60,0
520,100,0,3,100,100,0,0,0,0,0,100,100,0.0165059618,39.0493459023,33.3333333333,11.0478535136,1.0000000000,0.8064000000,250.0000000000,0,0,0,60,0
521,100,0,2,100,100,0,0,1,102,394,100,100,0.0233159381,39.0260299642,50.0000000000,11.2897632384,1.0000000000,0.8880000000,227.0270270270,0,0,0,58,0
522,100,0,2,100,100,0,0,0,0,0,100,100,0.0166077346,39.0094222296,50.0000000000,11.2897632384,1.0000000000,0.8064000000,250.0000000000,0,0,0,58,0
523,100,0,2,100,100,0,0,0,0,0,100,100,0.0166077346,38.9928144951,50.0000000000,11.2897632384,1.0000000000,0.8064000000,250.0000000000,0,0,0,58,0
524,100,0,2,100,100,0,0,0,0,0,100,100,0.0166077346,38.9762067605,50.0000000000,11.2897632384,1.0000000000,0.8064000000,250.0000000000,0,0,0,58,0
525,100,0,2,100,100,0,0,0,0,0,100,100,0.0166077346,38.9595990259,50.0000000000,11.2897632384,1.0000000000,0.8064000000,250.0000000000,0,0,0,58,0
526,100,0,4,100,100,0,0,1,104,588,100,100,0.0283477014,38.9312513246,25.0000000000,14.5153727691,1.0000000000,0.8896000000,226.6187050360,0,0,0,16,0
527,100,0,4,100,100,0,0,0,0,0,100,100,0.0199062388,38.9113450858,25.0000000000,14.5153727691,1.0000000000,0.8064000000,250.0000000000,0,0,0,16,0
528,100,0,4,100,100,0,0,0,0,0,100,100,0.0199062388,38.8914388470,25.0000000000,14.5153727691,1.0000000000,0.8064000000,250.0000000000,0,0,0,16,0
529,100,0,4,100,100,0,0,0,0,0,100,100,0.0199062388,38.8715326082,25.0000000000,14.5153727691,1.0000000000,0.8064000000,250.0000000000,0,0,0,16,0
530,100,0,4,100,100,0,0,0,0,0,100,100,0.0199062388,38.8516263694,25.0000000000,14.5153727691,1.0000000000,0.8064000000,250.0000000000,0,0,0,16,0
531,100,0,6,100,100,0,0,1,106,782,100,100,0.0309015852,38.8207247842,16.6666666667,14.2734605366,1.0000000000,0.8912000000,226.2118491921,0,0,0,17,0
532,100,0,6,100,100,0,0,0,0,0,100,100,0.0202332742,38.8004915100,16.6666666667,14.2734605366,1.0000000000,0.8064000000,250.0000000000,0,0,0,17,0
533,100,0,6,100,100,0,0,0,0,0,100,100,0.0202332742,38.7802582358,16.6666666667,14.2734605366,1.0000000000,0.8064000000,250.0000000000,0,0,0,17,0
534,100,0,6,100,100,0,0,0,0,0,100,100,0.0202332742,38.7600249616,16.6666666667,14.2734605366,1.0000000000,0.8064000000,250.0000000000,0,0,0,17,0
535,100,0,6,100,100,0,0,0,0,0,100,100,0.0202332742,38.7397916875,16.6666666667,14.2734605366,1.0000000000,0.8064000000,250.0000000000,0,0,0,17,0
536,100,0,2,100,100,0,0,1,102,394,100,100,0.0254080662,38.7143836213,50.0000000000,12.9832106820,1.0000000000,0.8880000000,227.0270270270,0,0,0,37,0
537,100,0,2,100,100,0,0,0,0,0,100,100,0.0189637099,38.6954199114,50.0000000000,12.9832106820,1.0000000000,0.8064000000,250.0000000000,0,0,0,37,0
538,100,0,2,100,100,0,0,0,0,0,100,100,0.0189637099,38.6764562015,50.0000000000,12.9832106820,1.0000000000,0.8064000000,250.0000000000,0,0,0,37,0
539,100,0,2,100,100,0,0,0,0,0,100,100,0.0189637099,38.6574924917,50.0000000000,12.9832106820,1.0000000000,0.8064000000,250.0000000000,0,0,0,37,0
540,100,0,2,100,100,0,0,0,0,0,100,100,0.0189637099,38.6385287818,50.0000000000,12.9832106820,1.0000000000,0.8064000000,250.0000000000,0,0,0,37,0
541,100,0,1,100,100,0,0,1,101,297,100,100,0.0222235064,38.6163052754,100.0000000000,10.7252680200,1.0000000000,0.8872000000,227.2317403066,0,0,0,66,0
542,100,0,1,100,100,0,0,0,0,0,100,100,0.0166054164,38.5996998589,100.0000000000,10.7252680200,1.0000000000,0.8064000000,250.0000000000,0,0,0,66,0
543,100,0,1,100,100,0,0,0,0,0,100,100,0.0166054164,38.5830944425,100.0000000000,10.7252680200,1.0000000000,0.8064000000,250.0000000000,0,0,0,66,0
544,100,0,1,100,100,0,0,0,0,0,100,100,0.0166054164,38.5664890260,100.0000000000,10.7252680200,1.0000000000,0.8064000000,250.0000000000,0,0,0,66,0
545,100,0,1,100,100,0,0,0,0,0,100,100,0.0166054164,38.5498836096,100.0000000000,10.7252680200,1.0000000000,0.8064000000,250.0000000000,0,0,0,66,0
546,100,0,6,100,100,0,0,1,106,782,100,100,0.0305088812,38.5193747284,16.6666666667,13.7896140272,1.0000000000,0.8912000000,226.2118491921,0,0,0,23,0
547,100,0,6,100,100,0,0,0,0,0,100,100,0.0198192010,38.4995555275,16.6666666667,13.7896140272,1.0000000000,0.8064000000,250.0000000000,0,0,0,23,0
548,100,0,6,100,100,0,0,0,0,0,100,100,0.0198192010,38.4797363265,16.6666666667,13.7896140272,1.0000000000,0.8064000000,250.0000000000,0,0,0,23,0
549,100,0,6,100,100,0,0,0,0,0,100,100,0.0198192010,38.4599171256,16.6666666667,13.7896140272,1.0000000000,0.8064000000,250.0000000000,0,0,0,23,0
550,100,0,6,100,100,0,0,0,0,0,100,100,0.0198192010,38.4400979246,16.6666666667,13.7896140272,1.0000000000,0.8064000000,250.0000000000,0,0,0,23,0
551,100,0,2,100,100,0,0,1,102,394,100,100,0.0241818317,38.4159160929,50.0000000000,11.6929502562,1.0000000000,0.8880000000,227.0270270270,0,0,0,53,0
552,100,0,2,100,100,0,0,0,0,0,100,100,0.0176998825,38.3982162104,50.0000000000,11.6929502562,1.0000000000,0.8064000000,250.0000000000,0,0,0,53,0
553,100,0,2,100,100,0,0,0,0,0,100,100,0.0176998825,38.3805163279,50.0000000000,11.6929502562,1.0000000000,0.8064000000,250.0000000000,0,0,0,53,0
554,100,0,2,100,100,0,0,0,0,0,100,100,0.0176998825,38.3628164454,50.0000000000,11.6929502562,1.0000000000,0.8064000000,250.0000000000,0,0,0,53,0
555,100,0,2,100,100,0,0,0,0,0,100,100,0.0176998825,38.3451165629,50.0000000000,11.6929502562,1.0000000000,0.8064000000,250.0000000000,0,0,0,53,0
556,100,0,3,100,100,0,0,1,103,491,100,100,0.0263052165,38.3188113464,33.3333333333,12.9025656607,1.0000000000,0.8888000000,226.8226822682,0,0,0,37,0
557,100,0,3,100,100,0,0,0,0,0,100,100,0.0187677940,38.3000435525,33.3333333333,12.9025656607,1.0000000000,0.8064000000,250.0000000000,0,0,0,37,0
558,100,0,3,100,100,0,0,0,0,0,100,100,0.0187677940,38.2812757585,33.3333333333,12.9025656607,1.0000000000,0.8064000000,250.0000000000,0,0,0,37,0
559,100,0,3,100,100,0,0,0,0,0,100,100,0.0187677940,38.2625079645,33.3333333333,12.9025656607,1.0000000000,0.8064000000,250.0000000000,0,0,0,37,0
560,100,0,3,100,100,0,0,0,0,0,100,100,0.0187677940,38.2437401705,33.3333333333,12.9025656607,1.0000000000,0.8064000000,250.0000000000,0,0,0,37,0
561,100,0,4,100,100,0,0,1,104,588,100,100,0.0277137604,38.2160264101,25.0000000000,13.5476928733,1.0000000000,0.8896000000,226.6187050360,0,0,0,28,0
562,100,0,4,100,100,0,0,0,0,0,100,100,0.0191847974,38.1968416127,25.0000000000,13.5476928733,1.0000000000,0.8064000000,250.0000000000,0,0,0,28,0
563,100,0,4,100,100,0,0,0,0,0,100,100,0.0191847974,38.1776568153,25.0000000000,13.5476928733,1.0000000000,0.8064000000,250.0000000000,0,0,0,28,0
564,100,0,4,100,100,0,0,0,0,0,100,100,0.0191847974,38.1584720179,25.0000000000,13.5476928733,1.0000000000,0.8064000000,250.0000000000,0,0,0,28,0
565,100,0,4,100,100,0,0,0,0,0,100,100,0.0191847974,38.1392872205,25.0000000000,13.5476928733,1.0000000000,0.8064000000,250.0000000000,0,0,0,28,0
566,100,0,5,100,100,0,0,1,105,685,100,100,0.0305571514,38.1087300690,20.0000000000,14.9185714116,1.0000000000,0.8904000000,226.4150943396,0,0,0,10,0
567,100,0,5,100,100,0,0,0,0,0,100,100,0.0209904625,38.0877396066,20.0000000000,14.9185714116,1.0000000000,0.8064000000,250.0000000000,0,0,0,10,0
568,100,0,5,100,100,0,0,0,0,0,100,100,0.0209904625,38.0667491441,20.0000000000,14.9185714116,1.0000000000,0.8064000000,250.0000000000,0,0,0,10,0
569,100,0,5,100,100,0,0,0,0,0,100,100,0.0209904625,38.0457586817,20.0000000000,14.9185714116,1.0000000000,0.8064000000,250.0000000000,0,0,0,10,0
570,100,0,5,100,100,0,0,0,0,0,100,100,0.0209904625,38.0247682192,20.0000000000,14.9185714116,1.0000000000,0.8064000000,250.0000000000,0,0,0,10,0
571,100,0,5,100,100,0,0,1,105,685,100,100,0.0306001196,37.9941680997,20.0000000000,14.9992168115,1.0000000000,0.8904000000,226.4150943396,0,0,0,9,0
572,100,0,5,100,100,0,0,0,0,0,100,100,0.0210422525,37.9731258472,20.0000000000,14.9992168115,1.0000000000,0.8064000000,250.0000000000,0,0,0,9,0
573,100,0,5,100,100,0,0,0,0,0,100,100,0.0210422525,37.9520835947,20.0000000000,14.9992168115,1.0000000000,0.8064000000,250.0000000000,0,0,0,9,0
574,100,0,5,100,100,0,0,0,0,0,100,100,0.0210422525,37.9310413422,20.0000000000,14.9992168115,1.0000000000,0.8064000000,250.0000000000,0,0,0,9,0
575,100,0,5,100,100,0,0,0,0,0,100,100,0.0210422525,37.9099990898,20.0000000000,14.9992168115,1.0000000000,0.8064000000,250.0000000000,0,0,0,9,0
576,100,0,7,100,100,0,0,1,107,879,100,100,0.0324606976,37.8775383921,14.2857142857,14.8379295204,1.0000000000,0.8920000000,226.0089686099,0,0,0,9,0
577,100,0,7,100,100,0,0,0,0,0,100,100,0.0207503879,37.8567880042,14.2857142857,14.8379295204,1.0000000000,0.8064000000,250.0000000000,0,0,0,9,0
578,100,0,7,100,100,0,0,0,0,0,100,100,0.0207503879,37.8360376163,14.2857142857,14.8379295204,1.0000000000,0.8064000000,250.0000000000,0,0,0,9,0
579,100,0,7,100,100,0,0,0,0,0,100,100,0.0207503879,37.8152872284,14.2857142857,14.8379295204,1.0000000000,0.8064000000,250.0000000000,0,0,0,9,0
580,100,0,7,100,100,0,0,0,0,0,100,100,0.0207503879,37.7945368405,14.2857142857,14.8379295204,1.0000000000,0.8064000000,250.0000000000,0,0,0,9,0
581,100,0,10,100,100,0,0,1,110,1170,100,100,0.0355147384,37.7590221022,10.0000000000,14.6766574943,1.0000000000,0.8944000000,225.4025044723,0,0,0,8,0
582,100,0,10,100,100,0,0,0,0,0,100,100,0.0205572264,37.7384648757,10.0000000000,14.6766574943,1.0000000000,0.8064000000,250.0000000000,0,0,0,8,0
583,100,0,10,100,100,0,0,0,0,0,100,100,0.0205572264,37.7179076493,10.0000000000,14.6766574943,1.0000000000,0.8064000000,250.0000000000,0,0,0,8,0
584,100,0,10,100,100,0,0,0,0,0,100,100,0.0205572264,37.6973504229,10.0000000000,14.6766574943,1.0000000000,0.8064000000,250.0000000000,0,0,0,8,0
585,100,0,10,100,100,0,0,0,0,0,100,100,0.0205572264,37.6767931964,10.0000000000,14.6766574943,1.0000000000,0.8064000000,250.0000000000,0,0,0,8,0
586,100,0,9,100,100,0,0,1,109,1073,100,100,0.0333563458,37.6434368507,11.1111111111,14.1928144832,1.0000000000,0.8936000000,225.6042972247,0,0,0,15,0
587,100,0,9,100,100,0,0,0,0,0,100,100,0.0195192659,37.6239175847,11.1111111111,14.1928144832,1.0000000000,0.8064000000,250.0000000000,0,0,0,15,0
588,100,0,9,100,100,0,0,0,0,0,100,100,0.0195192659,37.6043983188,11.1111111111,14.1928144832,1.0000000000,0.8064000000,250.0000000000,0,0,0,15,0
589,100,0,9,100,100,0,0,0,0,0,100,100,0.0195192659,37.5848790529,11.1111111111,14.1928144832,1.0000000000,0.8064000000,250.0000000000,0,0,0,15,0
590,100,0,9,100,100,0,0,0,0,0,100,100,0.0195192659,37.5653597869,11.1111111111,14.1928144832,1.0000000000,0.8064000000,250.0000000000,0,0,0,15,0
591,100,0,9,100,100,0,0,1,109,1073,100,100,0.0342524804,37.5311073065,11.1111111111,14.6766428486,1.0000000000,0.8936000000,225.6042972247,0,0,0,9,0
592,100,0,9,100,100,0,0,0,0,0,100,100,0.0203867347,37.5107205718,11.1111111111,14.6766428486,1.0000000000,0.8064000000,250.0000000000,0,0,0,9,0
593,100,0,9,100,100,0,0,0,0,0,100,100,0.0203867347,37.4903338370,11.1111111111,14.6766428486,1.0000000000,0.8064000000,250.0000000000,0,0,0,9,0
594,100,0,9,100,100,0,0,0,0,0,100,100,0.0203867347,37.4699471023,11.1111111111,14.6766428486,1.0000000000,0.8064000000,250.0000000000,0,0,0,9,0
595,100,0,9,100,100,0,0,0,0,0,100,100,0.0203867347,37.4495603675,11.1111111111,14.6766428486,1.0000000000,0.8064000000,250.0000000000,0,0,0,9,0
596,100,0,7,100,100,0,0,1,107,879,100,100,0.0318783085,37.4176820590,14.2857142857,14.5960094190,1.0000000000,0.8920000000,226.0089686099,0,0,0,12,0
597,100,0,7,100,100,0,0,0,0,0,100,100,0.0201918570,37.3974902019,14.2857142857,14.5960094190,1.0000000000,0.8064000000,250.0000000000,0,0,0,12,0
598,100,0,7,100,100,0,0,0,0,0,100,100,0.0201918570,37.3772983449,14.2857142857,14.5960094190,1.0000000000,0.8064000000,250.0000000000,0,0,0,12,0
599,100,0,7,100,100,0,0,0,0,0,100,100,0.0201918570,37.3571064879,14.2857142857,14.5960094190,1.0000000000,0.8064000000,250.0000000000,0,0,0,12,0
600,100,0,7,100,100,0,0,0,0,0,100,100,0.0201918570,37.3369146309,14.2857142857,14.5960094190,1.0000000000,0.8064000000,250.0000000000,0,0,0,12,0
601,100,0,2,100,100,0,0,1,102,394,100,100,0.0225449039,37.3143697270,50.0000000000,9.5963129782,1.0000000000,0.8880000000,227.0270270270,0,0,0,79,0
602,100,0,2,100,100,0,0,0,0,0,100,100,0.0151959594,37.2991737676,50.0000000000,9.5963129782,1.0000000000,0.8064000000,250.0000000000,0,0,0,79,0
603,100,0,2,100,100,0,0,0,0,0,100,100,0.0151959594,37.2839778082,50.0000000000,9.5963129782,1.0000000000,0.8064000000,250.0000000000,0,0,0,79,0
604,100,0,2,100,100,0,0,0,0,0,100,100,0.0151959594,37.2687818488,50.0000000000,9.5963129782,1.0000000000,0.8064000000,250.0000000000,0,0,0,79,0
605,100,0,2,100,100,0,0,0,0,0,100,100,0.0151959594,37.2535858894,50.0000000000,9.5963129782,1.0000000000,0.8064000000,250.0000000000,0,0,0,79,0
606,100,0,6,100,100,0,0,1,106,782,100,100,0.0304795501,37.2231063393,16.6666666667,13.7089784452,1.0000000000,0.8912000000,226.2118491921,0,0,0,24,0
607,100,0,6,100,100,0,0,0,0,0,100,100,0.0197681644,37.2033381749,16.6666666667,13.7089784452,1.0000000000,0.8064000000,250.0000000000,0,0,0,24,0
608,100,0,6,100,100,0,0,0,0,0,100,100,0.0197681644,37.1835700105,16.6666666667,13.7089784452,1.0000000000,0.8064000000,250.0000000000,0,0,0,24,0
609,100,0,6,100,100,0,0,0,0,0,100,100,0.0197681644,37.1638018461,16.6666666667,13.7089784452,1.0000000000,0.8064000000,250.0000000000,0,0,0,24,0
610,100,0,6,100,100,0,0,0,0,0,100,100,0.0197681644,37.1440336817,16.6666666667,13.7089784452,1.0000000000,0.8064000000,250.0000000000,0,0,0,24,0
611,100,0,3,100,100,0,0,1,103,491,100,100,0.0249245493,37.1191091325,33.3333333333,11.4510288898,1.0000000000,0.8888000000,226.8226822682,0,0,0,55,0
612,100,0,3,100,100,0,0,0,0,0,100,100,0.0172431444,37.1018659881,33.3333333333,11.4510288898,1.0000000000,0.8064000000,250.0000000000,0,0,0,55,0
613,100,0,3,100,100,0,0,0,0,0,100,100,0.0172431444,37.0846228437,33.3333333333,11.4510288898,1.0000000000,0.8064000000,250.0000000000,0,0,0,55,0
614,100,0,3,100,100,0,0,0,0,0,100,100,0.0172431444,37.0673796994,33.3333333333,11.4510288898,1.0000000000,0.8064000000,250.0000000000,0,0,0,55,0
615,100,0,3,100,100,0,0,0,0,0,100,100,0.0172431444,37.0501365550,33.3333333333,11.4510288898,1.0000000000,0.8064000000,250.0000000000,0,0,0,55,0
616,100,0,2,100,100,0,0,1,102,394,100,100,0.0238486398,37.0262879152,50.0000000000,11.6123365150,1.0000000000,0.8880000000,227.0270270270,0,0,0,54,0
617,100,0,2,100,100,0,0,0,0,0,100,100,0.0172505208,37.0090373944,50.0000000000,11.6123365150,1.0000000000,0.8064000000,250.0000000000,0,0,0,54,0
618,100,0,2,100,100,0,0,0,0,0,100,100,0.0172505208,36.9917868737,50.0000000000,11.6123365150,1.0000000000,0.8064000000,250.0000000000,0,0,0,54,0
619,100,0,2,100,100,0,0,0,0,0,100,100,0.0172505208,36.9745363529,50.0000000000,11.6123365150,1.0000000000,0.8064000000,250.0000000000,0,0,0,54,0
620,100,0,2,100,100,0,0,0,0,0,100,100,0.0172505208,36.9572858322,50.0000000000,11.6123365150,1.0000000000,0.8064000000,250.0000000000,0,0,0,54,0
621,100,0,2,100,100,0,0,1,102,394,100,100,0.0234316587,36.9338541734,50.0000000000,11.2897676542,1.0000000000,0.8880000000,227.0270270270,0,0,0,58,0
622,100,0,2,100,100,0,0,0,0,0,100,100,0.0168347006,36.9170194728,50.0000000000,11.2897676542,1.0000000000,0.8064000000,250.0000000000,0,0,0,58,0
623,100,0,2,100,100,0,0,0,0,0,100,100,0.0168347006,36.9001847722,50.0000000000,11.2897676542,1.0000000000,0.8064000000,250.0000000000,0,0,0,58,0
624,100,0,2,100,100,0,0,0,0,0,100,100,0.0168347006,36.8833500715,50.0000000000,11.2897676542,1.0000000000,0.8064000000,250.0000000000,0,0,0,58,0
625,100,0,2,100,100,0,0,0,0,0,100,100,0.0168347006,36.8665153709,50.0000000000,11.2897676542,1.0000000000,0.8064000000,250.0000000000,0,0,0,58,0
626,100,0,4,100,100,0,0,1,104,588,100,100,0.0280252866,36.8384900843,25.0000000000,13.6283425546,1.0000000000,0.8896000000,226.6187050360,0,0,0,27,0
627,100,0,4,100,100,0,0,0,0,0,100,100,0.0194730283,36.8190170560,25.0000000000,13.6283425546,1.0000000000,0.8064000000,250.0000000000,0,0,0,27,0
628,100,0,4,100,100,0,0,0,0,0,100,100,0.0194730283,36.7995440277,25.0000000000,13.6283425546,1.0000000000,0.8064000000,250.0000000000,0,0,0,27,0
629,100,0,4,100,100,0,0,0,0,0,100,100,0.0194730283,36.7800709995,25.0000000000,13.6283425546,1.0000000000,0.8064000000,250.0000000000,0,0,0,27,0
630,100,0,4,100,100,0,0,0,0,0,100,100,0.0194730283,36.7605979712,25.0000000000,13.6283425546,1.0000000000,0.8064000000,250.0000000000,0,0,0,27,0
631,100,0,1,100,100,0,0,1,101,297,100,100,0.0234551896,36.7371427816,100.0000000000,11.5316604789,1.0000000000,0.8872000000,227.2317403066,0,0,0,56,0
632,100,0,1,100,100,0,0,0,0,0,100,100,0.0179753241,36.7191674575,100.0000000000,11.5316604789,1.0000000000,0.8064000000,250.0000000000,0,0,0,56,0
633,100,0,1,100,100,0,0,0,0,0,100,100,0.0179753241,36.7011921333,100.0000000000,11.5316604789,1.0000000000,0.8064000000,250.0000000000,0,0,0,56,0
634,100,0,1,100,100,0,0,0,0,0,100,100,0.0179753241,36.6832168092,100.0000000000,11.5316604789,1.0000000000,0.8064000000,250.0000000000,0,0,0,56,0
635,100,0,1,100,100,0,0,0,0,0,100,100,0.0179753241,36.6652414851,100.0000000000,11.5316604789,1.0000000000,0.8064000000,250.0000000000,0,0,0,56,0
636,100,0,8,100,100,0,0,1,108,976,100,100,0.0332086534,36.6320328317,12.5000000000,14.9185615649,1.0000000000,0.8928000000,225.8064516129,0,0,0,7,0
637,100,0,8,100,100,0,0,0,0,0,100,100,0.0204600837,36.6115727480,12.5000000000,14.9185615649,1.0000000000,0.8064000000,250.0000000000,0,0,0,7,0
638,100,0,8,100,100,0,0,0,0,0,100,100,0.0204600837,36.5911126643,12.5000000000,14.9185615649,1.0000000000,0.8064000000,250.0000000000,0,0,0,7,0
639,100,0,8,100,100,0,0,0,0,0,100,100,0.0204600837,36.5706525806,12.5000000000,14.9185615649,1.0000000000,0.8064000000,250.0000000000,0,0,0,7,0
640,100,0,8,100,100,0,0,0,0,0,100,100,0.0204600837,36.5501924969,12.5000000000,14.9185615649,1.0000000000,0.8064000000,250.0000000000,0,0,0,7,0
641,100,0,6,100,100,0,0,1,106,782,100,100,0.0321289480,36.5180635489,16.6666666667,14.9991985874,1.0000000000,0.8912000000,226.2118491921,0,0,0,8,0
642,100,0,6,100,100,0,0,0,0,0,100,100,0.0214459208,36.4966176280,16.6666666667,14.9991985874,1.0000000000,0.8064000000,250.0000000000,0,0,0,8,0
643,100,0,6,100,100,0,0,0,0,0,100,100,0.0214459208,36.4751717072,16.6666666667,14.9991985874,1.0000000000,0.8064000000,250.0000000000,0,0,0,8,0
644,100,0,6,100,100,0,0,0,0,0,100,100,0.0214459208,36.4537257864,16.6666666667,14.9991985874,1.0000000000,0.8064000000,250.0000000000,0,0,0,8,0
645,100,0,6,100,100,0,0,0,0,0,100,100,0.0214459208,36.4322798656,16.6666666667,14.9991985874,1.0000000000,0.8064000000,250.0000000000,0,0,0,8,0
646,100,0,1,100,100,0,0,1,101,297,100,100,0.0214156965,36.4108641691,100.0000000000,9.9995035627,1.0000000000,0.8872000000,227.2317403066,0,0,0,75,0
647,100,0,1,100,100,0,0,0,0,0,100,100,0.0157103021,36.3951538669,100.0000000000,9.9995035627,1.0000000000,0.8064000000,250.0000000000,0,0,0,75,0
648,100,0,1,100,100,0,0,0,0,0,100,100,0.0157103021,36.3794435648,100.0000000000,9.9995035627,1.0000000000,0.8064000000,250.0000000000,0,0,0,75,0
649,100,0,1,100,100,0,0,0,0,0,100,100,0.0157103021,36.3637332627,100.0000000000,9.9995035627,1.0000000000,0.8064000000,250.0000000000,0,0,0,75,0
650,100,0,1,100,100,0,0,0,0,0,100,100,0.0157103021,36.3480229605,100.0000000000,9.9995035627,1.0000000000,0.8064000000,250.0000000000,0,0,0,75,0
651,100,0,3,100,100,0,0,1,103,491,100,100,0.0251033663,36.3229195942,33.3333333333,11.8542396335,1.0000000000,0.8888000000,226.8226822682,0,0,0,50,0
652,100,0,3,100,100,0,0,0,0,0,100,100,0.0175173694,36.3054022248,33.3333333333,11.8542396335,1.0000000000,0.8064000000,250.0000000000,0,0,0,50,0
653,100,0,3,100,100,0,0,0,0,0,100,100,0.0175173694,36.2878848554,33.3333333333,11.8542396335,1.0000000000,0.8064000000,250.0000000000,0,0,0,50,0
654,100,0,3,100,100,0,0,0,0,0,100,100,0.0175173694,36.2703674860,33.3333333333,11.8542396335,1.0000000000,0.8064000000,250.0000000000,0,0,0,50,0
655,100,0,3,100,100,0,0,0,0,0,100,100,0.0175173694,36.2528501166,33.3333333333,11.8542396335,1.0000000000,0.8064000000,250.0000000000,0,0,0,50,0
656,100,0,7,100,100,0,0,1,107,879,100,100,0.0305020117,36.2223481048,14.2857142857,13.3057562293,1.0000000000,0.8920000000,226.0089686099,0,0,0,28,0
657,100,0,7,100,100,0,0,0,0,0,100,100,0.0187356020,36.2036125028,14.2857142857,13.3057562293,1.0000000000,0.8064000000,250.0000000000,0,0,0,28,0
658,100,0,7,100,100,0,0,0,0,0,100,100,0.0187356020,36.1848769009,14.2857142857,13.3057562293,1.0000000000,0.8064000000,250.0000000000,0,0,0,28,0
659,100,0,7,100,100,0,0,0,0,0,100,100,0.0187356020,36.1661412989,14.2857142857,13.3057562293,1.0000000000,0.8064000000,250.0000000000,0,0,0,28,0
660,100,0,7,100,100,0,0,0,0,0,100,100,0.0187356020,36.1474056969,14.2857142857,13.3057562293,1.0000000000,0.8064000000,250.0000000000,0,0,0,28,0
661,100,0,5,100,100,0,0,1,105,685,100,100,0.0292299562,36.1181757407,20.0000000000,13.7089625934,1.0000000000,0.8904000000,226.4150943396,0,0,0,25,0
662,100,0,5,100,100,0,0,0,0,0,100,100,0.0196177268,36.0985580138,20.0000000000,13.7089625934,1.0000000000,0.8064000000,250.0000000000,0,0,0,25,0
663,100,0,5,100,100,0,0,0,0,0,100,100,0.0196177268,36.0789402870,20.0000000000,13.7089625934,1.0000000000,0.8064000000,250.0000000000,0,0,0,25,0
664,100,0,5,100,100,0,0,0,0,0,100,100,0.0196177268,36.0593225601,20.0000000000,13.7089625934,1.0000000000,0.8064000000,250.0000000000,0,0,0,25,0
665,100,0,5,100,100,0,0,0,0,0,100,100,0.0196177268,36.0397048333,20.0000000000,13.7089625934,1.0000000000,0.8064000000,250.0000000000,0,0,0,25,0
666,100,0,2,100,100,0,0,1,102,394,100,100,0.0238080417,36.0158967916,50.0000000000,11.4510373884,1.0000000000,0.8880000000,227.0270270270,0,0,0,56,0
667,100,0,2,100,100,0,0,0,0,0,100,100,0.0171620751,35.9987347165,50.0000000000,11.4510373884,1.0000000000,0.8064000000,250.0000000000,0,0,0,56,0
668,100,0,2,100,100,0,0,0,0,0,100,100,0.0171620751,35.9815726414,50.0000000000,11.4510373884,1.0000000000,0.8064000000,250.0000000000,0,0,0,56,0
669,100,0,2,100,100,0,0,0,0,0,100,100,0.0171620751,35.9644105663,50.0000000000,11.4510373884,1.0000000000,0.8064000000,250.0000000000,0,0,0,56,0
670,100,0,2,100,100,0,0,0,0,0,100,100,0.0171620751,35.9472484913,50.0000000000,11.4510373884,1.0000000000,0.8064000000,250.0000000000,0,0,0,56,0
671,100,0,3,100,100,0,0,1,103,491,100,100,0.0276778650,35.9195706263,33.3333333333,14.5153764017,1.0000000000,0.8888000000,226.8226822682,0,0,0,17,0
672,100,0,3,100,100,0,0,0,0,0,100,100,0.0202819048,35.8992887215,33.3333333333,14.5153764017,1.0000000000,0.8064000000,250.0000000000,0,0,0,17,0
673,100,0,3,100,100,0,0,0,0,0,100,100,0.0202819048,35.8790068167,33.3333333333,14.5153764017,1.0000000000,0.8064000000,250.0000000000,0,0,0,17,0
674,100,0,3,100,100,0,0,0,0,0,100,100,0.0202819048,35.8587249118,33.3333333333,14.5153764017,1.0000000000,0.8064000000,250.0000000000,0,0,0,17,0
675,100,0,3,100,100,0,0,0,0,0,100,100,0.0202819048,35.8384430070,33.3333333333,14.5153764017,1.0000000000,0.8064000000,250.0000000000,0,0,0,17,0
676,100,0,4,100,100,0,0,1,104,588,100,100,0.0277555507,35.8106874563,25.0000000000,13.3864046090,1.0000000000,0.8896000000,226.6187050360,0,0,0,30,0
677,100,0,4,100,100,0,0,0,0,0,100,100,0.0191703990,35.7915170573,25.0000000000,13.3864046090,1.0000000000,0.8064000000,250.0000000000,0,0,0,30,0
678,100,0,4,100,100,0,0,0,0,0,100,100,0.0191703990,35.7723466583,25.0000000000,13.3864046090,1.0000000000,0.8064000000,250.0000000000,0,0,0,30,0
679,100,0,4,100,100,0,0,0,0,0,100,100,0.0191703990,35.7531762593,25.0000000000,13.3864046090,1.0000000000,0.8064000000,250.0000000000,0,0,0,30,0
680,100,0,4,100,100,0,0,0,0,0,100,100,0.0191703990,35.7340058602,25.0000000000,13.3864046090,1.0000000000,0.8064000000,250.0000000000,0,0,0,30,0
681,100,0,7,100,100,0,0,1,107,879,100,100,0.0319601764,35.7020456838,14.2857142857,14.6766502452,1.0000000000,0.8920000000,226.0089686099,0,0,0,11,0
682,100,0,7,100,100,0,0,0,0,0,100,100,0.0202679368,35.6817777470,14.2857142857,14.6766502452,1.0000000000,0.8064000000,250.0000000000,0,0,0,11,0
683,100,0,7,100,100,0,0,0,0,0,100,100,0.0202679368,35.6615098103,14.2857142857,14.6766502452,1.0000000000,0.8064000000,250.0000000000,0,0,0,11,0
684,100,0,7,100,100,0,0,0,0,0,100,100,0.0202679368,35.6412418735,14.2857142857,14.6766502452,1.0000000000,0.8064000000,250.0000000000,0,0,0,11,0
685,100,0,7,100,100,0,0,0,0,0,100,100,0.0202679368,35.6209739367,14.2857142857,14.6766502452,1.0000000000,0.8064000000,250.0000000000,0,0,0,11,0
686,100,0,8,100,100,0,0,1,108,976,100,100,0.0335002393,35.5874736974,12.5000000000,14.6766571945,1.0000000000,0.8928000000,225.8064516129,0,0,0,10,0
687,100,0,8,100,100,0,0,0,0,0,100,100,0.0207000620,35.5667736355,12.5000000000,14.6766571945,1.0000000000,0.8064000000,250.0000000000,0,0,0,10,0
688,100,0,8,100,100,0,0,0,0,0,100,100,0.0207000620,35.5460735735,12.5000000000,14.6766571945,1.0000000000,0.8064000000,250.0000000000,0,0,0,10,0
689,100,0,8,100,100,0,0,0,0,0,100,100,0.0207000620,35.5253735116,12.5000000000,14.6766571945,1.0000000000,0.8064000000,250.0000000000,0,0,0,10,0
690,100,0,8,100,100,0,0,0,0,0,100,100,0.0207000620,35.5046734496,12.5000000000,14.6766571945,1.0000000000,0.8064000000,250.0000000000,0,0,0,10,0
691,100,0,5,100,100,0,0,1,105,685,100,100,0.0297658940,35.4749075556,20.0000000000,14.1121563030,1.0000000000,0.8904000000,226.4150943396,0,0,0,20,0
692,100,0,5,100,100,0,0,0,0,0,100,100,0.0201391744,35.4547683811,20.0000000000,14.1121563030,1.0000000000,0.8064000000,250.0000000000,0,0,0,20,0
693,100,0,5,100,100,0,0,0,0,0,100,100,0.0201391744,35.4346292067,20.0000000000,14.1121563030,1.0000000000,0.8064000000,250.0000000000,0,0,0,20,0
694,100,0,5,100,100,0,0,0,0,0,100,100,0.0201391744,35.4144900322,20.0000000000,14.1121563030,1.0000000000,0.8064000000,250.0000000000,0,0,0,20,0
695,100,0,5,100,100,0,0,0,0,0,100,100,0.0201391744,35.3943508578,20.0000000000,14.1121563030,1.0000000000,0.8064000000,250.0000000000,0,0,0,20,0
696,100,0,5,100,100,0,0,1,105,685,100,100,0.0277868420,35.3665640158,20.0000000000,12.5800070080,1.0000000000,0.8904000000,226.4150943396,0,0,0,39,0
697,100,0,5,100,100,0,0,0,0,0,100,100,0.0181030171,35.3484609988,20.0000000000,12.5800070080,1.0000000000,0.8064000000,250.0000000000,0,0,0,39,0
698,100,0,5,100,100,0,0,0,0,0,100,100,0.0181030171,35.3303579817,20.0000000000,12.5800070080,1.0000000000,0.8064000000,250.0000000000,0,0,0,39,0
699,100,0,5,100,100,0,0,0,0,0,100,100,0.0181030171,35.3122549646,20.0000000000,12.5800070080,1.0000000000,0.8064000000,250.0000000000,0,0,0,39,0
700,100,0,5,100,100,0,0,0,0,0,100,100,0.0181030171,35.2941519476,20.0000000000,12.5800070080,1.0000000000,0.8064000000,250.0000000000,0,0,0,39,0
701,100,0,2,100,100,0,0,1,102,394,100,100,0.0230354843,35.2711164632,50.0000000000,10.9672040137,1.0000000000,0.8880000000,227.0270270270,0,0,0,62,0
702,100,0,2,100,100,0,0,0,0,0,100,100,0.0164675456,35.2546489177,50.0000000000,10.9672040137,1.0000000000,0.8064000000,250.0000000000,0,0,0,62,0
703,100,0,2,100,100,0,0,0,0,0,100,100,0.0164675456,35.2381813721,50.0000000000,10.9672040137,1.0000000000,0.8064000000,250.0000000000,0,0,0,62,0
704,100,0,2,100,100,0,0,0,0,0,100,100,0.0164675456,35.2217138266,50.0000000000,10.9672040137,1.0000000000,0.8064000000,250.0000000000,0,0,0,62,0
705,100,0,2,100,100,0,0,0,0,0,100,100,0.0164675456,35.2052462810,50.0000000000,10.9672040137,1.0000000000,0.8064000000,250.0000000000,0,0,0,62,0
706,100,0,3,100,100,0,0,1,103,491,100,100,0.0263603701,35.1788859109,33.3333333333,12.7412711315,1.0000000000,0.8888000000,226.8226822682,0,0,0,39,0
707,100,0,3,100,100,0,0,0,0,0,100,100,0.0187947867,35.1600911243,33.3333333333,12.7412711315,1.0000000000,0.8064000000,250.0000000000,0,0,0,39,0
708,100,0,3,100,100,0,0,0,0,0,100,100,0.0187947867,35.1412963376,33.3333333333,12.7412711315,1.0000000000,0.8064000000,250.0000000000,0,0,0,39,0
709,100,0,3,100,100,0,0,0,0,0,100,100,0.0187947867,35.1225015509,33.3333333333,12.7412711315,1.0000000000,0.8064000000,250.0000000000,0,0,0,39,0
710,100,0,3,100,100,0,0,0,0,0,100,100,0.0187947867,35.1037067642,33.3333333333,12.7412711315,1.0000000000,0.8064000000,250.0000000000,0,0,0,39,0
711,100,0,3,100,100,0,0,1,103,491,100,100,0.0266214975,35.0770852668,33.3333333333,13.3864073109,1.0000000000,0.8888000000,226.8226822682,0,0,0,31,0
712,100,0,3,100,100,0,0,0,0,0,100,100,0.0191319624,35.0579533044,33.3333333333,13.3864073109,1.0000000000,0.8064000000,250.0000000000,0,0,0,31,0
713,100,0,3,100,100,0,0,0,0,0,100,100,0.0191319624,35.0388213420,33.3333333333,13.3864073109,1.0000000000,0.8064000000,250.0000000000,0,0,0,31,0
714,100,0,3,100,100,0,0,0,0,0,100,100,0.0191319624,35.0196893796,33.3333333333,13.3864073109,1.0000000000,0.8064000000,250.0000000000,0,0,0,31,0
715,100,0,3,100,100,0,0,0,0,0,100,100,0.0191319624,35.0005574172,33.3333333333,13.3864073109,1.0000000000,0.8064000000,250.0000000000,0,0,0,31,0
716,100,0,3,100,100,0,0,1,103,491,100,100,0.0278827069,34.9726747103,33.3333333333,14.5153660466,1.0000000000,0.8888000000,226.8226822682,0,0,0,17,0
717,100,0,3,100,100,0,0,0,0,0,100,100,0.0204669999,34.9522077104,33.3333333333,14.5153660466,1.0000000000,0.8064000000,250.0000000000,0,0,0,17,0
718,100,0,3,100,100,0,0,0,0,0,100,100,0.0204669999,34.9317407105,33.3333333333,14.5153660466,1.0000000000,0.8064000000,250.0000000000,0,0,0,17,0
719,100,0,3,100,100,0,0,0,0,0,100,100,0.0204669999,34.9112737106,33.3333333333,14.5153660466,1.0000000000,0.8064000000,250.0000000000,0,0,0,17,0
720,100,0,3,100,100,0,0,0,0,0,100,100,0.0204669999,34.8908067107,33.3333333333,14.5153660466,1.0000000000,0.8064000000,250.0000000000,0,0,0,17,0
721,100,0,1,100,100,0,0,1,101,297,100,100,0.0214603204,34.8693463903,100.0000000000,9.4350313954,1.0000000000,0.8872000000,227.2317403066,0,0,0,82,0
722,100,0,1,100,100,0,0,0,0,0,100,100,0.0151189549,34.8542274354,100.0000000000,9.4350313954,1.0000000000,0.8064000000,250.0000000000,0,0,0,82,0
723,100,0,1,100,100,0,0,0,0,0,100,100,0.0151189549,34.8391084806,100.0000000000,9.4350313954,1.0000000000,0.8064000000,250.0000000000,0,0,0,82,0
724,100,0,1,100,100,0,0,0,0,0,100,100,0.0151189549,34.8239895257,100.0000000000,9.4350313954,1.0000000000,0.8064000000,250.0000000000,0,0,0,82,0
725,100,0,1,100,100,0,0,0,0,0,100,100,0.0151189549,34.8088705709,100.0000000000,9.4350313954,1.0000000000,0.8064000000,250.0000000000,0,0,0,82,0
726,100,0,5,100,100,0,0,1,104,685,100,100,0.0273442525,34.7815263183,20.0000000000,12.0155150201,1.0000000000,0.8896000000,226.6187050360,0,0,0,46,0
727,100,0,5,100,100,0,0,0,0,0,100,100,0.0176686393,34.7638576790,20.0000000000,12.0155150201,1.0000000000,0.8064000000,250.0000000000,0,0,0,46,0
728,100,0,5,100,100,0,0,0,0,0,100,100,0.0176686393,34.7461890398,20.0000000000,12.0155150201,1.0000000000,0.8064000000,250.0000000000,0,0,0,46,0
729,100,0,5,100,100,0,0,0,0,0,100,100,0.0176686393,34.7285204005,20.0000000000,12.0155150201,1.0000000000,0.8064000000,250.0000000000,0,0,0,46,0
730,100,0,5,100,100,0,0,0,0,0,100,100,0.0176686393,34.7108517612,20.0000000000,12.0155150201,1.0000000000,0.8064000000,250.0000000000,0,0,0,46,0
731,100,0,3,100,100,0,0,1,103,491,100,100,0.0256400983,34.6852116629,33.3333333333,12.4187305431,1.0000000000,0.8888000000,226.8226822682,0,0,0,43,0
732,100,0,3,100,100,0,0,0,0,0,100,100,0.0180655308,34.6671461321,33.3333333333,12.4187305431,1.0000000000,0.8064000000,250.0000000000,0,0,0,43,0
733,100,0,3,100,100,0,0,0,0,0,100,100,0.0180655308,34.6490806013,33.3333333333,12.4187305431,1.0000000000,0.8064000000,250.0000000000,0,0,0,43,0
734,100,0,3,100,100,0,0,0,0,0,100,100,0.0180655308,34.6310150705,33.3333333333,12.4187305431,1.0000000000,0.8064000000,250.0000000000,0,0,0,43,0
735,100,0,3,100,100,0,0,0,0,0,100,100,0.0180655308,34.6129495397,33.3333333333,12.4187305431,1.0000000000,0.8064000000,250.0000000000,0,0,0,43,0
736,100,0,2,100,100,0,0,1,102,394,100,100,0.0253314609,34.5876180788,50.0000000000,12.9832092158,1.0000000000,0.8880000000,227.0270270270,0,0,0,37,0
737,100,0,2,100,100,0,0,0,0,0,100,100,0.0188672840,34.5687507948,50.0000000000,12.9832092158,1.0000000000,0.8064000000,250.0000000000,0,0,0,37,0
738,100,0,2,100,100,0,0,0,0,0,100,100,0.0188672840,34.5498835108,50.0000000000,12.9832092158,1.0000000000,0.8064000000,250.0000000000,0,0,0,37,0
739,100,0,2,100,100,0,0,0,0,0,100,100,0.0188672840,34.5310162268,50.0000000000,12.9832092158,1.0000000000,0.8064000000,250.0000000000,0,0,0,37,0
740,100,0,2,100,100,0,0,0,0,0,100,100,0.0188672840,34.5121489428,50.0000000000,12.9832092158,1.0000000000,0.8064000000,250.0000000000,0,0,0,37,0
741,100,0,5,100,100,0,0,1,105,685,100,100,0.0283127268,34.4838362160,20.0000000000,13.0638598099,1.0000000000,0.8904000000,226.4150943396,0,0,0,33,0
742,100,0,5,100,100,0,0,0,0,0,100,100,0.0186931623,34.4651430537,20.0000000000,13.0638598099,1.0000000000,0.8064000000,250.0000000000,0,0,0,33,0
743,100,0,5,100,100,0,0,0,0,0,100,100,0.0186931623,34.4464498914,20.0000000000,13.0638598099,1.0000000000,0.8064000000,250.0000000000,0,0,0,33,0
744,100,0,5,100,100,0,0,0,0,0,100,100,0.0186931623,34.4277567291,20.0000000000,13.0638598099,1.0000000000,0.8064000000,250.0000000000,0,0,0,33,0
745,100,0,5,100,100,0,0,0,0,0,100,100,0.0186931623,34.4090635668,20.0000000000,13.0638598099,1.0000000000,0.8064000000,250.0000000000,0,0,0,33,0
746,100,0,4,100,100,0,0,1,104,588,100,100,0.0287553705,34.3803081963,25.0000000000,14.1121701166,1.0000000000,0.8896000000,226.6187050360,0,0,0,21,0
747,100,0,4,100,100,0,0,0,0,0,100,100,0.0202258407,34.3600823556,25.0000000000,14.1121701166,1.0000000000,0.8064000000,250.0000000000,0,0,0,21,0
748,100,0,4,100,100,0,0,0,0,0,100,100,0.0202258407,34.3398565149,25.0000000000,14.1121701166,1.0000000000,0.8064000000,250.0000000000,0,0,0,21,0
749,100,0,4,100,100,0,0,0,0,0,100,100,0.0202258407,34.3196306742,25.0000000000,14.1121701166,1.0000000000,0.8064000000,250.0000000000,0,0,0,21,0
750,100,0,4,100,100,0,0,0,0,0,100,100,0.0202258407,34.2994048335,25.0000000000,14.1121701166,1.0000000000,0.8064000000,250.0000000000,0,0,0,21,0
751,100,0,5,100,100,0,0,1,105,685,100,100,0.0293170395,34.2700877940,20.0000000000,13.6283180804,1.0000000000,0.8904000000,226.4150943396,0,0,0,26,0
752,100,0,5,100,100,0,0,0,0,0,100,100,0.0196774329,34.2504103611,20.0000000000,13.6283180804,1.0000000000,0.8064000000,250.0000000000,0,0,0,26,0
753,100,0,5,100,100,0,0,0,0,0,100,100,0.0196774329,34.2307329282,20.0000000000,13.6283180804,1.0000000000,0.8064000000,250.0000000000,0,0,0,26,0
754,100,0,5,100,100,0,0,0,0,0,100,100,0.0196774329,34.2110554953,20.0000000000,13.6283180804,1.0000000000,0.8064000000,250.0000000000,0,0,0,26,0
755,100,0,5,100,100,0,0,0,0,0,100,100,0.0196774329,34.1913780625,20.0000000000,13.6283180804,1.0000000000,0.8064000000,250.0000000000,0,0,0,26,0
756,100,0,3,100,100,0,0,1,103,491,100,100,0.0244139981,34.1669640643,33.3333333333,10.8865526266,1.0000000000,0.8888000000,226.8226822682,0,0,0,62,0
757,100,0,3,100,100,0,0,0,0,0,100,100,0.0167600684,34.1502039959,33.3333333333,10.8865526266,1.0000000000,0.8064000000,250.0000000000,0,0,0,62,0
758,100,0,3,100,100,0,0,0,0,0,100,100,0.0167600684,34.1334439275,33.3333333333,10.8865526266,1.0000000000,0.8064000000,250.0000000000,0,0,0,62,0
759,100,0,3,100,100,0,0,0,0,0,100,100,0.0167600684,34.1166838591,33.3333333333,10.8865526266,1.0000000000,0.8064000000,250.0000000000,0,0,0,62,0
760,100,0,3,100,100,0,0,0,0,0,100,100,0.0167600684,34.0999237906,33.3333333333,10.8865526266,1.0000000000,0.8064000000,250.0000000000,0,0,0,62,0
761,100,0,1,100,100,0,0,1,101,297,100,100,0.0228405801,34.0770832106,100.0000000000,11.2897479404,1.0000000000,0.8872000000,227.2317403066,0,0,0,59,0
762,100,0,1,100,100,0,0,0,0,0,100,100,0.0172661950,34.0598170156,100.0000000000,11.2897479404,1.0000000000,0.8064000000,250.0000000000,0,0,0,59,0
763,100,0,1,100,100,0,0,0,0,0,100,100,0.0172661950,34.0425508206,100.0000000000,11.2897479404,1.0000000000,0.8064000000,250.0000000000,0,0,0,59,0
764,100,0,1,100,100,0,0,0,0,0,100,100,0.0172661950,34.0252846257,100.0000000000,11.2897479404,1.0000000000,0.8064000000,250.0000000000,0,0,0,59,0
765,100,0,1,100,100,0,0,0,0,0,100,100,0.0172661950,34.0080184307,100.0000000000,11.2897479404,1.0000000000,0.8064000000,250.0000000000,0,0,0,59,0
766,100,0,5,100,100,0,0,1,105,685,100,100,0.0288933270,33.9791251037,20.0000000000,13.3057800545,1.0000000000,0.8904000000,226.4150943396,0,0,0,30,0
767,100,0,5,100,100,0,0,0,0,0,100,100,0.0192419923,33.9598831114,20.0000000000,13.3057800545,1.0000000000,0.8064000000,250.0000000000,0,0,0,30,0
768,100,0,5,100,100,0,0,0,0,0,100,100,0.0192419923,33.9406411191,20.0000000000,13.3057800545,1.0000000000,0.8064000000,250.0000000000,0,0,0,30,0
769,100,0,5,100,100,0,0,0,0,0,100,100,0.0192419923,33.9213991268,20.0000000000,13.3057800545,1.0000000000,0.8064000000,250.0000000000,0,0,0,30,0
770,100,0,5,100,100,0,0,0,0,0,100,100,0.0192419923,33.9021571345,20.0000000000,13.3057800545,1.0000000000,0.8064000000,250.0000000000,0,0,0,30,0
771,100,0,6,100,100,0,0,1,106,782,100,100,0.0302484775,33.8719086570,16.6666666667,14.1928189911,1.0000000000,0.8912000000,226.2118491921,0,0,0,18,0
772,100,0,6,100,100,0,0,0,0,0,100,100,0.0196327203,33.8522759367,16.6666666667,14.1928189911,1.0000000000,0.8064000000,250.0000000000,0,0,0,18,0
773,100,0,6,100,100,0,0,0,0,0,100,100,0.0196327203,33.8326432164,16.6666666667,14.1928189911,1.0000000000,0.8064000000,250.0000000000,0,0,0,18,0
774,100,0,6,100,100,0,0,0,0,0,100,100,0.0196327203,33.8130104961,16.6666666667,14.1928189911,1.0000000000,0.8064000000,250.0000000000,0,0,0,18,0
775,100,0,6,100,100,0,0,0,0,0,100,100,0.0196327203,33.7933777759,16.6666666667,14.1928189911,1.0000000000,0.8064000000,250.0000000000,0,0,0,18,0
776,100,0,5,100,100,0,0,1,105,685,100,100,0.0284718288,33.7649059470,20.0000000000,13.3864259176,1.0000000000,0.8904000000,226.4150943396,0,0,0,29,0
777,100,0,5,100,100,0,0,0,0,0,100,100,0.0188766307,33.7460293163,20.0000000000,13.3864259176,1.0000000000,0.8064000000,250.0000000000,0,0,0,29,0
778,100,0,5,100,100,0,0,0,0,0,100,100,0.0188766307,33.7271526856,20.0000000000,13.3864259176,1.0000000000,0.8064000000,250.0000000000,0,0,0,29,0
779,100,0,5,100,100,0,0,0,0,0,100,100,0.0188766307,33.7082760549,20.0000000000,13.3864259176,1.0000000000,0.8064000000,250.0000000000,0,0,0,29,0
780,100,0,5,100,100,0,0,0,0,0,100,100,0.0188766307,33.6893994243,20.0000000000,13.3864259176,1.0000000000,0.8064000000,250.0000000000,0,0,0,29,0
781,100,0,2,100,100,0,0,1,102,394,100,100,0.0235204512,33.6658789731,50.0000000000,11.5316808493,1.0000000000,0.8880000000,227.0270270270,0,0,0,55,0
782,100,0,2,100,100,0,0,0,0,0,100,100,0.0168798348,33.6489991383,50.0000000000,11.5316808493,1.0000000000,0.8064000000,250.0000000000,0,0,0,55,0
783,100,0,2,100,100,0,0,0,0,0,100,100,0.0168798348,33.6321193036,50.0000000000,11.5316808493,1.0000000000,0.8064000000,250.0000000000,0,0,0,55,0
784,100,0,2,100,100,0,0,0,0,0,100,100,0.0168798348,33.6152394688,50.0000000000,11.5316808493,1.0000000000,0.8064000000,250.0000000000,0,0,0,55,0
785,100,0,2,100,100,0,0,0,0,0,100,100,0.0168798348,33.5983596341,50.0000000000,11.5316808493,1.0000000000,0.8064000000,250.0000000000,0,0,0,55,0
786,100,0,7,100,100,0,0,1,107,879,100,100,0.0315759015,33.5667837326,14.2857142857,14.5153613639,1.0000000000,0.8920000000,226.0089686099,0,0,0,13,0
787,100,0,7,100,100,0,0,0,0,0,100,100,0.0199023852,33.5468813473,14.2857142857,14.5153613639,1.0000000000,0.8064000000,250.0000000000,0,0,0,13,0
788,100,0,7,100,100,0,0,0,0,0,100,100,0.0199023852,33.5269789621,14.2857142857,14.5153613639,1.0000000000,0.8064000000,250.0000000000,0,0,0,13,0
789,100,0,7,100,100,0,0,0,0,0,100,100,0.0199023852,33.5070765768,14.2857142857,14.5153613639,1.0000000000,0.8064000000,250.0000000000,0,0,0,13,0
790,100,0,7,100,100,0,0,0,0,0,100,100,0.0199023852,33.4871741916,14.2857142857,14.5153613639,1.0000000000,0.8064000000,250.0000000000,0,0,0,13,0
791,100,0,11,100,100,0,0,1,111,1267,100,100,0.0364745451,33.4506996465,9.0909090909,14.5960077986,1.0000000000,0.8952000000,225.2010723861,0,0,0,8,0
792,100,0,11,100,100,0,0,0,0,0,100,100,0.0204328943,33.4302667521,9.0909090909,14.5960077986,1.0000000000,0.8064000000,250.0000000000,0,0,0,8,0
793,100,0,11,100,100,0,0,0,0,0,100,100,0.0204328943,33.4098338578,9.0909090909,14.5960077986,1.0000000000,0.8064000000,250.0000000000,0,0,0,8,0
794,100,0,11,100,100,0,0,0,0,0,100,100,0.0204328943,33.3894009634,9.0909090909,14.5960077986,1.0000000000,0.8064000000,250.0000000000,0,0,0,8,0
795,100,0,11,100,100,0,0,0,0,0,100,100,0.0204328943,33.3689680691,9.0909090909,14.5960077986,1.0000000000,0.8064000000,250.0000000000,0,0,0,8,0
796,100,0,8,100,100,0,0,1,108,976,100,100,0.0325001867,33.3364678824,12.5000000000,14.1121635481,1.0000000000,0.8928000000,225.8064516129,0,0,0,17,0
797,100,0,8,100,100,0,0,0,0,0,100,100,0.0197079728,33.3167599096,12.5000000000,14.1121635481,1.0000000000,0.8064000000,250.0000000000,0,0,0,17,0
798,100,0,8,100,100,0,0,0,0,0,100,100,0.0197079728,33.2970519369,12.5000000000,14.1121635481,1.0000000000,0.8064000000,250.0000000000,0,0,0,17,0
799,100,0,8,100,100,0,0,0,0,0,100,100,0.0197079728,33.2773439641,12.5000000000,14.1121635481,1.0000000000,0.8064000000,250.0000000000,0,0,0,17,0
800,100,0,8,100,100,0,0,0,0,0,100,100,0.0197079728,33.2576359913,12.5000000000,14.1121635481,1.0000000000,0.8064000000,250.0000000000,0,0,0,17,0
801,100,0,5,100,100,0,0,1,105,685,100,100,0.0307544691,33.2268815223,20.0000000000,14.9992052883,1.0000000000,0.8904000000,226.4150943396,0,0,0,9,0
802,100,0,5,100,100,0,0,0,0,0,100,100,0.0211891705,33.2056923518,20.0000000000,14.9992052883,1.0000000000,0.8064000000,250.0000000000,0,0,0,9,0
803,100,0,5,100,100,0,0,0,0,0,100,100,0.0211891705,33.1845031813,20.0000000000,14.9992052883,1.0000000000,0.8064000000,250.0000000000,0,0,0,9,0
804,100,0,5,100,100,0,0,0,0,0,100,100,0.0211891705,33.1633140108,20.0000000000,14.9992052883,1.0000000000,0.8064000000,250.0000000000,0,0,0,9,0
805,100,0,5,100,100,0,0,0,0,0,100,100,0.0211891705,33.1421248403,20.0000000000,14.9992052883,1.0000000000,0.8064000000,250.0000000000,0,0,0,9,0
806,100,0,2,100,100,0,0,1,102,394,100,100,0.0255808496,33.1165439908,50.0000000000,13.0638505966,1.0000000000,0.8880000000,227.0270270270,0,0,0,36,0
807,100,0,2,100,100,0,0,0,0,0,100,100,0.0191334016,33.0974105891,50.0000000000,13.0638505966,1.0000000000,0.8064000000,250.0000000000,0,0,0,36,0
808,100,0,2,100,100,0,0,0,0,0,100,100,0.0191334016,33.0782771875,50.0000000000,13.0638505966,1.0000000000,0.8064000000,250.0000000000,0,0,0,36,0
809,100,0,2,100,100,0,0,0,0,0,100,100,0.0191334016,33.0591437859,50.0000000000,13.0638505966,1.0000000000,0.8064000000,250.0000000000,0,0,0,36,0
810,100,0,2,100,100,0,0,0,0,0,100,100,0.0191334016,33.0400103843,50.0000000000,13.0638505966,1.0000000000,0.8064000000,250.0000000000,0,0,0,36,0
811,100,0,1,100,100,0,0,1,101,297,100,100,0.0219760051,33.0180343791,100.0000000000,10.6446268015,1.0000000000,0.8872000000,227.2317403066,0,0,0,67,0
812,100,0,1,100,100,0,0,0,0,0,100,100,0.0162940243,33.0017403549,100.0000000000,10.6446268015,1.0000000000,0.8064000000,250.0000000000,0,0,0,67,0
813,100,0,1,100,100,0,0,0,0,0,100,100,0.0162940243,32.9854463306,100.0000000000,10.6446268015,1.0000000000,0.8064000000,250.0000000000,0,0,0,67,0
814,100,0,1,100,100,0,0,0,0,0,100,100,0.0162940243,32.9691523064,100.0000000000,10.6446268015,1.0000000000,0.8064000000,250.0000000000,0,0,0,67,0
815,100,0,1,100,100,0,0,0,0,0,100,100,0.0162940243,32.9528582821,100.0000000000,10.6446268015,1.0000000000,0.8064000000,250.0000000000,0,0,0,67,0
816,100,0,2,100,100,0,0,1,102,394,100,100,0.0237363317,32.9291219504,50.0000000000,11.2091097094,1.0000000000,0.8880000000,227.0270270270,0,0,0,59,0
817,100,0,2,100,100,0,0,0,0,0,100,100,0.0170740450,32.9120479054,50.0000000000,11.2091097094,1.0000000000,0.8064000000,250.0000000000,0,0,0,59,0
818,100,0,2,100,100,0,0,0,0,0,100,100,0.0170740450,32.8949738605,50.0000000000,11.2091097094,1.0000000000,0.8064000000,250.0000000000,0,0,0,59,0
819,100,0,2,100,100,0,0,0,0,0,100,100,0.0170740450,32.8778998155,50.0000000000,11.2091097094,1.0000000000,0.8064000000,250.0000000000,0,0,0,59,0
820,100,0,2,100,100,0,0,0,0,0,100,100,0.0170740450,32.8608257705,50.0000000000,11.2091097094,1.0000000000,0.8064000000,250.0000000000,0,0,0,59,0
821,100,0,4,100,100,0,0,1,104,588,100,100,0.0284674134,32.8323583572,25.0000000000,13.8702584406,1.0000000000,0.8896000000,226.6187050360,0,0,0,24,0
822,100,0,4,100,100,0,0,0,0,0,100,100,0.0199305850,32.8124277722,25.0000000000,13.8702584406,1.0000000000,0.8064000000,250.0000000000,0,0,0,24,0
823,100,0,4,100,100,0,0,0,0,0,100,100,0.0199305850,32.7924971872,25.0000000000,13.8702584406,1.0000000000,0.8064000000,250.0000000000,0,0,0,24,0
824,100,0,4,100,100,0,0,0,0,0,100,100,0.0199305850,32.7725666023,25.0000000000,13.8702584406,1.0000000000,0.8064000000,250.0000000000,0,0,0,24,0
825,100,0,4,100,100,0,0,0,0,0,100,100,0.0199305850,32.7526360173,25.0000000000,13.8702584406,1.0000000000,0.8064000000,250.0000000000,0,0,0,24,0
826,100,0,1,100,100,0,0,1,101,297,100,100,0.0216766833,32.7309593340,100.0000000000,10.3220689262,1.0000000000,0.8872000000,227.2317403066,0,0,0,71,0
827,100,0,1,100,100,0,0,0,0,0,100,100,0.0158705517,32.7150887823,100.0000000000,10.3220689262,1.0000000000,0.8064000000,250.0000000000,0,0,0,71,0
828,100,0,1,100,100,0,0,0,0,0,100,100,0.0158705517,32.6992182307,100.0000000000,10.3220689262,1.0000000000,0.8064000000,250.0000000000,0,0,0,71,0
829,100,0,1,100,100,0,0,0,0,0,100,100,0.0158705517,32.6833476790,100.0000000000,10.3220689262,1.0000000000,0.8064000000,250.0000000000,0,0,0,71,0
830,100,0,1,100,100,0,0,0,0,0,100,100,0.0158705517,32.6674771274,100.0000000000,10.3220689262,1.0000000000,0.8064000000,250.0000000000,0,0,0,71,0
831,100,0,1,100,100,0,0,1,101,297,100,100,0.0238468481,32.6436302792,100.0000000000,11.7735786483,1.0000000000,0.8872000000,227.2317403066,0,0,0,53,0
832,100,0,1,100,100,0,0,0,0,0,100,100,0.0183739784,32.6252563009,100.0000000000,11.7735786483,1.0000000000,0.8064000000,250.0000000000,0,0,0,53,0
833,100,0,1,100,100,0,0,0,0,0,100,100,0.0183739784,32.6068823225,100.0000000000,11.7735786483,1.0000000000,0.8064000000,250.0000000000,0,0,0,53,0
834,100,0,1,100,100,0,0,0,0,0,100,100,0.0183739784,32.5885083441,100.0000000000,11.7735786483,1.0000000000,0.8064000000,250.0000000000,0,0,0,53,0
835,100,0,1,100,100,0,0,0,0,0,100,100,0.0183739784,32.5701343657,100.0000000000,11.7735786483,1.0000000000,0.8064000000,250.0000000000,0,0,0,53,0
836,100,0,3,100,100,0,0,1,103,491,100,100,0.0265703750,32.5435639908,33.3333333333,13.0638398141,1.0000000000,0.8888000000,226.8226822682,0,0,0,35,0
837,100,0,3,100,100,0,0,0,0,0,100,100,0.0190810292,32.5244829615,33.3333333333,13.0638398141,1.0000000000,0.8064000000,250.0000000000,0,0,0,35,0
838,100,0,3,100,100,0,0,0,0,0,100,100,0.0190810292,32.5054019323,33.3333333333,13.0638398141,1.0000000000,0.8064000000,250.0000000000,0,0,0,35,0
839,100,0,3,100,100,0,0,0,0,0,100,100,0.0190810292,32.4863209031,33.3333333333,13.0638398141,1.0000000000,0.8064000000,250.0000000000,0,0,0,35,0
840,100,0,3,100,100,0,0,0,0,0,100,100,0.0190810292,32.4672398738,33.3333333333,13.0638398141,1.0000000000,0.8064000000,250.0000000000,0,0,0,35,0
841,100,0,3,100,100,0,0,1,103,491,100,100,0.0276243501,32.4396155238,33.3333333333,13.9508847205,1.0000000000,0.8888000000,226.8226822682,0,0,0,24,0
842,100,0,3,100,100,0,0,0,0,0,100,100,0.0201396413,32.4194758824,33.3333333333,13.9508847205,1.0000000000,0.8064000000,250.0000000000,0,0,0,24,0
843,100,0,3,100,100,0,0,0,0,0,100,100,0.0201396413,32.3993362411,33.3333333333,13.9508847205,1.0000000000,0.8064000000,250.0000000000,0,0,0,24,0
844,100,0,3,100,100,0,0,0,0,0,100,100,0.0201396413,32.3791965998,33.3333333333,13.9508847205,1.0000000000,0.8064000000,250.0000000000,0,0,0,24,0
845,100,0,3,100,100,0,0,0,0,0,100,100,0.0201396413,32.3590569585,33.3333333333,13.9508847205,1.0000000000,0.8064000000,250.0000000000,0,0,0,24,0
846,100,0,5,100,100,0,0,1,105,685,100,100,0.0287601682,32.3302967903,20.0000000000,13.3057750694,1.0000000000,0.8904000000,226.4150943396,0,0,0,30,0
847,100,0,5,100,100,0,0,0,0,0,100,100,0.0191328463,32.3111639441,20.0000000000,13.3057750694,1.0000000000,0.8064000000,250.0000000000,0,0,0,30,0
848,100,0,5,100,100,0,0,0,0,0,100,100,0.0191328463,32.2920310978,20.0000000000,13.3057750694,1.0000000000,0.8064000000,250.0000000000,0,0,0,30,0
849,100,0,5,100,100,0,0,0,0,0,100,100,0.0191328463,32.2728982515,20.0000000000,13.3057750694,1.0000000000,0.8064000000,250.0000000000,0,0,0,30,0
850,100,0,5,100,100,0,0,0,0,0,100,100,0.0191328463,32.2537654052,20.0000000000,13.3057750694,1.0000000000,0.8064000000,250.0000000000,0,0,0,30,0
851,100,0,2,100,100,0,0,1,102,394,100,100,0.0228596973,32.2309057078,50.0000000000,10.4027241298,1.0000000000,0.8880000000,227.0270270270,0,0,0,69,0
852,100,0,2,100,100,0,0,0,0,0,100,100,0.0159865506,32.2149191572,50.0000000000,10.4027241298,1.0000000000,0.8064000000,250.0000000000,0,0,0,69,0
853,100,0,2,100,100,0,0,0,0,0,100,100,0.0159865506,32.1989326066,50.0000000000,10.4027241298,1.0000000000,0.8064000000,250.0000000000,0,0,0,69,0
854,100,0,2,100,100,0,0,0,0,0,100,100,0.0159865506,32.1829460560,50.0000000000,10.4027241298,1.0000000000,0.8064000000,250.0000000000,0,0,0,69,0
855,100,0,2,100,100,0,0,0,0,0,100,100,0.0159865506,32.1669595054,50.0000000000,10.4027241298,1.0000000000,0.8064000000,250.0000000000,0,0,0,69,0
856,100,0,6,100,100,0,0,1,106,782,100,100,0.0312108498,32.1357486556,16.6666666667,14.6766588380,1.0000000000,0.8912000000,226.2118491921,0,0,0,12,0
857,100,0,6,100,100,0,0,0,0,0,100,100,0.0205725417,32.1151761139,16.6666666667,14.6766588380,1.0000000000,0.8064000000,250.0000000000,0,0,0,12,0
858,100,0,6,100,100,0,0,0,0,0,100,100,0.0205725417,32.0946035722,16.6666666667,14.6766588380,1.0000000000,0.8064000000,250.0000000000,0,0,0,12,0
859,100,0,6,100,100,0,0,0,0,0,100,100,0.0205725417,32.0740310306,16.6666666667,14.6766588380,1.0000000000,0.8064000000,250.0000000000,0,0,0,12,0
860,100,0,6,100,100,0,0,0,0,0,100,100,0.0205725417,32.0534584889,16.6666666667,14.6766588380,1.0000000000,0.8064000000,250.0000000000,0,0,0,12,0
861,100,0,6,100,100,0,0,1,106,782,100,100,0.0292747253,32.0241837636,16.6666666667,13.1444868454,1.0000000000,0.8912000000,226.2118491921,0,0,0,31,0
862,100,0,6,100,100,0,0,0,0,0,100,100,0.0185586163,32.0056251473,16.6666666667,13.1444868454,1.0000000000,0.8064000000,250.0000000000,0,0,0,31,0
863,100,0,6,100,100,0,0,0,0,0,100,100,0.0185586163,31.9870665309,16.6666666667,13.1444868454,1.0000000000,0.8064000000,250.0000000000,0,0,0,31,0
864,100,0,6,100,100,0,0,0,0,0,100,100,0.0185586163,31.9685079146,16.6666666667,13.1444868454,1.0000000000,0.8064000000,250.0000000000,0,0,0,31,0
865,100,0,6,100,100,0,0,0,0,0,100,100,0.0185586163,31.9499492983,16.6666666667,13.1444868454,1.0000000000,0.8064000000,250.0000000000,0,0,0,31,0
866,100,0,5,100,100,0,0,1,105,685,100,100,0.0296180472,31.9203312511,20.0000000000,14.2734623422,1.0000000000,0.8904000000,226.4150943396,0,0,0,18,0
867,100,0,5,100,100,0,0,0,0,0,100,100,0.0200507607,31.9002804904,20.0000000000,14.2734623422,1.0000000000,0.8064000000,250.0000000000,0,0,0,18,0
868,100,0,5,100,100,0,0,0,0,0,100,100,0.0200507607,31.8802297296,20.0000000000,14.2734623422,1.0000000000,0.8064000000,250.0000000000,0,0,0,18,0
869,100,0,5,100,100,0,0,0,0,0,100,100,0.0200507607,31.8601789689,20.0000000000,14.2734623422,1.0000000000,0.8064000000,250.0000000000,0,0,0,18,0
870,100,0,5,100,100,0,0,0,0,0,100,100,0.0200507607,31.8401282081,20.0000000000,14.2734623422,1.0000000000,0.8064000000,250.0000000000,0,0,0,18,0
871,100,0,1,100,100,0,0,1,101,297,100,100,0.0214973881,31.8186308200,100.0000000000,9.8382285546,1.0000000000,0.8872000000,227.2317403066,0,0,0,77,0
872,100,0,1,100,100,0,0,0,0,0,100,100,0.0155558267,31.8030749933,100.0000000000,9.8382285546,1.0000000000,0.8064000000,250.0000000000,0,0,0,77,0
873,100,0,1,100,100,0,0,0,0,0,100,100,0.0155558267,31.7875191666,100.0000000000,9.8382285546,1.0000000000,0.8064000000,250.0000000000,0,0,0,77,0
874,100,0,1,100,100,0,0,0,0,0,100,100,0.0155558267,31.7719633398,100.0000000000,9.8382285546,1.0000000000,0.8064000000,250.0000000000,0,0,0,77,0
875,100,0,1,100,100,0,0,0,0,0,100,100,0.0155558267,31.7564075131,100.0000000000,9.8382285546,1.0000000000,0.8064000000,250.0000000000,0,0,0,77,0
876,100,0,7,100,100,0,0,1,107,879,100,100,0.0316930096,31.7247145034,14.2857142857,14.3540775846,1.0000000000,0.8920000000,226.0089686099,0,0,0,15,0
877,100,0,7,100,100,0,0,0,0,0,100,100,0.0199804953,31.7047340081,14.2857142857,14.3540775846,1.0000000000,0.8064000000,250.0000000000,0,0,0,15,0
878,100,0,7,100,100,0,0,0,0,0,100,100,0.0199804953,31.6847535128,14.2857142857,14.3540775846,1.0000000000,0.8064000000,250.0000000000,0,0,0,15,0
879,100,0,7,100,100,0,0,0,0,0,100,100,0.0199804953,31.6647730174,14.2857142857,14.3540775846,1.0000000000,0.8064000000,250.0000000000,0,0,0,15,0
880,100,0,7,100,100,0,0,0,0,0,100,100,0.0199804953,31.6447925221,14.2857142857,14.3540775846,1.0000000000,0.8064000000,250.0000000000,0,0,0,15,0
881,100,0,11,100,100,0,0,1,111,1267,100,100,0.0365669243,31.6082255978,9.0909090909,14.9185690720,1.0000000000,0.8952000000,225.2010723861,0,0,0,4,0
882,100,0,11,100,100,0,0,0,0,0,100,100,0.0205737738,31.5876518241,9.0909090909,14.9185690720,1.0000000000,0.8064000000,250.0000000000,0,0,0,4,0
883,100,0,11,100,100,0,0,0,0,0,100,100,0.0205737738,31.5670780503,9.0909090909,14.9185690720,1.0000000000,0.8064000000,250.0000000000,0,0,0,4,0
884,100,0,11,100,100,0,0,0,0,0,100,100,0.0205737738,31.5465042765,9.0909090909,14.9185690720,1.0000000000,0.8064000000,250.0000000000,0,0,0,4,0
885,100,0,11,100,100,0,0,0,0,0,100,100,0.0205737738,31.5259305028,9.0909090909,14.9185690720,1.0000000000,0.8064000000,250.0000000000,0,0,0,4,0
886,100,0,4,100,100,0,0,1,104,588,100,100,0.0274807159,31.4984497869,25.0000000000,13.3057742263,1.0000000000,0.8896000000,226.6187050360,0,0,0,31,0
887,100,0,4,100,100,0,0,0,0,0,100,100,0.0189378758,31.4795119111,25.0000000000,13.3057742263,1.0000000000,0.8064000000,250.0000000000,0,0,0,31,0
888,100,0,4,100,100,0,0,0,0,0,100,100,0.0189378758,31.4605740353,25.0000000000,13.3057742263,1.0000000000,0.8064000000,250.0000000000,0,0,0,31,0
889,100,0,4,100,100,0,0,0,0,0,100,100,0.0189378758,31.4416361595,25.0000000000,13.3057742263,1.0000000000,0.8064000000,250.0000000000,0,0,0,31,0
890,100,0,4,100,100,0,0,0,0,0,100,100,0.0189378758,31.4226982837,25.0000000000,13.3057742263,1.0000000000,0.8064000000,250.0000000000,0,0,0,31,0
891,100,0,8,100,100,0,0,1,108,976,100,100,0.0330401223,31.3896581614,12.5000000000,14.1121698596,1.0000000000,0.8928000000,225.8064516129,0,0,0,17,0
892,100,0,8,100,100,0,0,0,0,0,100,100,0.0202055305,31.3694526309,12.5000000000,14.1121698596,1.0000000000,0.8064000000,250.0000000000,0,0,0,17,0
893,100,0,8,100,100,0,0,0,0,0,100,100,0.0202055305,31.3492471004,12.5000000000,14.1121698596,1.0000000000,0.8064000000,250.0000000000,0,0,0,17,0
894,100,0,8,100,100,0,0,0,0,0,100,100,0.0202055305,31.3290415700,12.5000000000,14.1121698596,1.0000000000,0.8064000000,250.0000000000,0,0,0,17,0
895,100,0,8,100,100,0,0,0,0,0,100,100,0.0202055305,31.3088360395,12.5000000000,14.1121698596,1.0000000000,0.8064000000,250.0000000000,0,0,0,17,0
896,100,0,9,100,100,0,0,1,109,1073,100,100,0.0341241678,31.2747118717,11.1111111111,14.7572820630,1.0000000000,0.8936000000,225.6042972247,0,0,0,8,0
897,100,0,9,100,100,0,0,0,0,0,100,100,0.0202857270,31.2544261447,11.1111111111,14.7572820630,1.0000000000,0.8064000000,250.0000000000,0,0,0,8,0
898,100,0,9,100,100,0,0,0,0,0,100,100,0.0202857270,31.2341404176,11.1111111111,14.7572820630,1.0000000000,0.8064000000,250.0000000000,0,0,0,8,0
899,100,0,9,100,100,0,0,0,0,0,100,100,0.0202857270,31.2138546906,11.1111111111,14.7572820630,1.0000000000,0.8064000000,250.0000000000,0,0,0,8,0
900,100,0,9,100,100,0,0,0,0,0,100,100,0.0202857270,31.1935689635,11.1111111111,14.7572820630,1.0000000000,0.8064000000,250.0000000000,0,0,0,8,0
901,100,0,3,100,100,0,0,1,103,491,100,100,0.0283700903,31.1651988732,33.3333333333,14.5153657908,1.0000000000,0.8888000000,226.8226822682,0,0,0,17,0
902,100,0,3,100,100,0,0,0,0,0,100,100,0.0209025070,31.1442963663,33.3333333333,14.5153657908,1.0000000000,0.8064000000,250.0000000000,0,0,0,17,0
903,100,0,3,100,100,0,0,0,0,0,100,100,0.0209025070,31.1233938593,33.3333333333,14.5153657908,1.0000000000,0.8064000000,250.0000000000,0,0,0,17,0
904,100,0,3,100,100,0,0,0,0,0,100,100,0.0209025070,31.1024913523,33.3333333333,14.5153657908,1.0000000000,0.8064000000,250.0000000000,0,0,0,17,0
905,100,0,3,100,100,0,0,0,0,0,100,100,0.0209025070,31.0815888454,33.3333333333,14.5153657908,1.0000000000,0.8064000000,250.0000000000,0,0,0,17,0
906,100,0,1,100,100,0,0,1,101,297,100,100,0.0248209698,31.0567678756,100.0000000000,12.3380548368,1.0000000000,0.8872000000,227.2317403066,0,0,0,46,0
907,100,0,1,100,100,0,0,0,0,0,100,100,0.0193725830,31.0373952926,100.0000000000,12.3380548368,1.0000000000,0.8064000000,250.0000000000,0,0,0,46,0
908,100,0,1,100,100,0,0,0,0,0,100,100,0.0193725830,31.0180227096,100.0000000000,12.3380548368,1.0000000000,0.8064000000,250.0000000000,0,0,0,46,0
909,100,0,1,100,100,0,0,0,0,0,100,100,0.0193725830,30.9986501267,100.0000000000,12.3380548368,1.0000000000,0.8064000000,250.0000000000,0,0,0,46,0
910,100,0,1,100,100,0,0,0,0,0,100,100,0.0193725830,30.9792775437,100.0000000000,12.3380548368,1.0000000000,0.8064000000,250.0000000000,0,0,0,46,0
911,100,0,4,100,100,0,0,1,104,588,100,100,0.0266509951,30.9526265486,25.0000000000,12.4187297543,1.0000000000,0.8896000000,226.6187050360,0,0,0,42,0
912,100,0,4,100,100,0,0,0,0,0,100,100,0.0180016669,30.9346248817,25.0000000000,12.4187297543,1.0000000000,0.8064000000,250.0000000000,0,0,0,42,0
913,100,0,4,100,100,0,0,0,0,0,100,100,0.0180016669,30.9166232148,25.0000000000,12.4187297543,1.0000000000,0.8064000000,250.0000000000,0,0,0,42,0
914,100,0,4,100,100,0,0,0,0,0,100,100,0.0180016669,30.8986215479,25.0000000000,12.4187297543,1.0000000000,0.8064000000,250.0000000000,0,0,0,42,0
915,100,0,4,100,100,0,0,0,0,0,100,100,0.0180016669,30.8806198810,25.0000000000,12.4187297543,1.0000000000,0.8064000000,250.0000000000,0,0,0,42,0
916,100,0,3,100,100,0,0,1,103,491,100,100,0.0257757146,30.8548441664,33.3333333333,12.3380976006,1.0000000000,0.8888000000,226.8226822682,0,0,0,44,0
917,100,0,3,100,100,0,0,0,0,0,100,100,0.0181603909,30.8366837755,33.3333333333,12.3380976006,1.0000000000,0.8064000000,250.0000000000,0,0,0,44,0
918,100,0,3,100,100,0,0,0,0,0,100,100,0.0181603909,30.8185233846,33.3333333333,12.3380976006,1.0000000000,0.8064000000,250.0000000000,0,0,0,44,0
919,100,0,3,100,100,0,0,0,0,0,100,100,0.0181603909,30.8003629937,33.3333333333,12.3380976006,1.0000000000,0.8064000000,250.0000000000,0,0,0,44,0
920,100,0,3,100,100,0,0,0,0,0,100,100,0.0181603909,30.7822026029,33.3333333333,12.3380976006,1.0000000000,0.8064000000,250.0000000000,0,0,0,44,0
921,100,0,1,100,100,0,0,1,101,297,100,100,0.0213752747,30.7608273281,100.0000000000,9.7575906913,1.0000000000,0.8872000000,227.2317403066,0,0,0,78,0
922,100,0,1,100,100,0,0,0,0,0,100,100,0.0154090877,30.7454182404,100.0000000000,9.7575906913,1.0000000000,0.8064000000,250.0000000000,0,0,0,78,0
923,100,0,1,100,100,0,0,0,0,0,100,100,0.0154090877,30.7300091526,100.0000000000,9.7575906913,1.0000000000,0.8064000000,250.0000000000,0,0,0,78,0
924,100,0,1,100,100,0,0,0,0,0,100,100,0.0154090877,30.7146000649,100.0000000000,9.7575906913,1.0000000000,0.8064000000,250.0000000000,0,0,0,78,0
925,100,0,1,100,100,0,0,0,0,0,100,100,0.0154090877,30.6991909771,100.0000000000,9.7575906913,1.0000000000,0.8064000000,250.0000000000,0,0,0,78,0
926,100,0,3,100,100,0,0,1,103,491,100,100,0.0246279540,30.6745630232,33.3333333333,11.1284776032,1.0000000000,0.8888000000,226.8226822682,0,0,0,59,0
927,100,0,3,100,100,0,0,0,0,0,100,100,0.0168918475,30.6576711757,33.3333333333,11.1284776032,1.0000000000,0.8064000000,250.0000000000,0,0,0,59,0
928,100,0,3,100,100,0,0,0,0,0,100,100,0.0168918475,30.6407793282,33.3333333333,11.1284776032,1.0000000000,0.8064000000,250.0000000000,0,0,0,59,0
929,100,0,3,100,100,0,0,0,0,0,100,100,0.0168918475,30.6238874807,33.3333333333,11.1284776032,1.0000000000,0.8064000000,250.0000000000,0,0,0,59,0
930,100,0,3,100,100,0,0,0,0,0,100,100,0.0168918475,30.6069956332,33.3333333333,11.1284776032,1.0000000000,0.8064000000,250.0000000000,0,0,0,59,0
931,100,0,4,100,100,0,0,1,104,588,100,100,0.0277209204,30.5792747128,25.0000000000,13.8702646814,1.0000000000,0.8896000000,226.6187050360,0,0,0,24,0
932,100,0,4,100,100,0,0,0,0,0,100,100,0.0192456700,30.5600290428,25.0000000000,13.8702646814,1.0000000000,0.8064000000,250.0000000000,0,0,0,24,0
933,100,0,4,100,100,0,0,0,0,0,100,100,0.0192456700,30.5407833728,25.0000000000,13.8702646814,1.0000000000,0.8064000000,250.0000000000,0,0,0,24,0
934,100,0,4,100,100,0,0,0,0,0,100,100,0.0192456700,30.5215377028,25.0000000000,13.8702646814,1.0000000000,0.8064000000,250.0000000000,0,0,0,24,0
935,100,0,4,100,100,0,0,0,0,0,100,100,0.0192456700,30.5022920328,25.0000000000,13.8702646814,1.0000000000,0.8064000000,250.0000000000,0,0,0,24,0
936,100,0,3,100,100,0,0,1,103,491,100,100,0.0269394979,30.4753525349,33.3333333333,12.9832001104,1.0000000000,0.8888000000,226.8226822682,0,0,0,36,0
937,100,0,3,100,100,0,0,0,0,0,100,100,0.0193493667,30.4560031683,33.3333333333,12.9832001104,1.0000000000,0.8064000000,250.0000000000,0,0,0,36,0
938,100,0,3,100,100,0,0,0,0,0,100,100,0.0193493667,30.4366538016,33.3333333333,12.9832001104,1.0000000000,0.8064000000,250.0000000000,0,0,0,36,0
939,100,0,3,100,100,0,0,0,0,0,100,100,0.0193493667,30.4173044350,33.3333333333,12.9832001104,1.0000000000,0.8064000000,250.0000000000,0,0,0,36,0
940,100,0,3,100,100,0,0,0,0,0,100,100,0.0193493667,30.3979550683,33.3333333333,12.9832001104,1.0000000000,0.8064000000,250.0000000000,0,0,0,36,0
941,100,0,3,100,100,0,0,1,103,491,100,100,0.0259178410,30.3720372273,33.3333333333,12.5800077328,1.0000000000,0.8888000000,226.8226822682,0,0,0,41,0
942,100,0,3,100,100,0,0,0,0,0,100,100,0.0183871980,30.3536500293,33.3333333333,12.5800077328,1.0000000000,0.8064000000,250.0000000000,0,0,0,41,0
943,100,0,3,100,100,0,0,0,0,0,100,100,0.0183871980,30.3352628313,33.3333333333,12.5800077328,1.0000000000,0.8064000000,250.0000000000,0,0,0,41,0
944,100,0,3,100,100,0,0,0,0,0,100,100,0.0183871980,30.3168756333,33.3333333333,12.5800077328,1.0000000000,0.8064000000,250.0000000000,0,0,0,41,0
945,100,0,3,100,100,0,0,0,0,0,100,100,0.0183871980,30.2984884354,33.3333333333,12.5800077328,1.0000000000,0.8064000000,250.0000000000,0,0,0,41,0
946,100,0,4,100,100,0,0,1,104,588,100,100,0.0285714154,30.2699170200,25.0000000000,14.4347233620,1.0000000000,0.8896000000,226.6187050360,0,0,0,17,0
947,100,0,4,100,100,0,0,0,0,0,100,100,0.0201025932,30.2498144267,25.0000000000,14.4347233620,1.0000000000,0.8064000000,250.0000000000,0,0,0,17,0
948,100,0,4,100,100,0,0,0,0,0,100,100,0.0201025932,30.2297118335,25.0000000000,14.4347233620,1.0000000000,0.8064000000,250.0000000000,0,0,0,17,0
949,100,0,4,100,100,0,0,0,0,0,100,100,0.0201025932,30.2096092402,25.0000000000,14.4347233620,1.0000000000,0.8064000000,250.0000000000,0,0,0,17,0
950,100,0,4,100,100,0,0,0,0,0,100,100,0.0201025932,30.1895066470,25.0000000000,14.4347233620,1.0000000000,0.8064000000,250.0000000000,0,0,0,17,0
951,100,0,4,100,100,0,0,1,104,588,100,100,0.0290098228,30.1604968242,25.0000000000,14.1121654371,1.0000000000,0.8896000000,226.6187050360,0,0,0,21,0
952,100,0,4,100,100,0,0,0,0,0,100,100,0.0204602127,30.1400366115,25.0000000000,14.1121654371,1.0000000000,0.8064000000,250.0000000000,0,0,0,21,0
953,100,0,4,100,100,0,0,0,0,0,100,100,0.0204602127,30.1195763988,25.0000000000,14.1121654371,1.0000000000,0.8064000000,250.0000000000,0,0,0,21,0
954,100,0,4,100,100,0,0,0,0,0,100,100,0.0204602127,30.0991161861,25.0000000000,14.1121654371,1.0000000000,0.8064000000,250.0000000000,0,0,0,21,0
955,100,0,4,100,100,0,0,0,0,0,100,100,0.0204602127,30.0786559735,25.0000000000,14.1121654371,1.0000000000,0.8064000000,250.0000000000,0,0,0,21,0
956,100,0,4,100,100,0,0,1,104,588,100,100,0.0272883383,30.0513676352,25.0000000000,13.1444923807,1.0000000000,0.8896000000,226.6187050360,0,0,0,33,0
957,100,0,4,100,100,0,0,0,0,0,100,100,0.0187082308,30.0326594045,25.0000000000,13.1444923807,1.0000000000,0.8064000000,250.0000000000,0,0,0,33,0
958,100,0,4,100,100,0,0,0,0,0,100,100,0.0187082308,30.0139511737,25.0000000000,13.1444923807,1.0000000000,0.8064000000,250.0000000000,0,0,0,33,0
959,100,0,4,100,100,0,0,0,0,0,100,100,0.0187082308,29.9952429430,25.0000000000,13.1444923807,1.0000000000,0.8064000000,250.0000000000,0,0,0,33,0
960,100,0,4,100,100,0,0,0,0,0,100,100,0.0187082308,29.9765347122,25.0000000000,13.1444923807,1.0000000000,0.8064000000,250.0000000000,0,0,0,33,0
961,100,0,5,100,100,0,0,1,105,685,100,100,0.0295485090,29.9469862032,20.0000000000,14.4347519231,1.0000000000,0.8904000000,226.4150943396,0,0,0,16,0
962,100,0,5,100,100,0,0,0,0,0,100,100,0.0200136478,29.9269725553,20.0000000000,14.4347519231,1.0000000000,0.8064000000,250.0000000000,0,0,0,16,0
963,100,0,5,100,100,0,0,0,0,0,100,100,0.0200136478,29.9069589075,20.0000000000,14.4347519231,1.0000000000,0.8064000000,250.0000000000,0,0,0,16,0
964,100,0,5,100,100,0,0,0,0,0,100,100,0.0200136478,29.8869452597,20.0000000000,14.4347519231,1.0000000000,0.8064000000,250.0000000000,0,0,0,16,0
965,100,0,5,100,100,0,0,0,0,0,100,100,0.0200136478,29.8669316118,20.0000000000,14.4347519231,1.0000000000,0.8064000000,250.0000000000,0,0,0,16,0
966,100,0,7,100,100,0,0,1,107,879,100,100,0.0324002020,29.8345314098,14.2857142857,14.7572842028,1.0000000000,0.8920000000,226.0089686099,0,0,0,10,0
967,100,0,7,100,100,0,0,0,0,0,100,100,0.0206743499,29.8138570599,14.2857142857,14.7572842028,1.0000000000,0.8064000000,250.0000000000,0,0,0,10,0
968,100,0,7,100,100,0,0,0,0,0,100,100,0.0206743499,29.7931827099,14.2857142857,14.7572842028,1.0000000000,0.8064000000,250.0000000000,0,0,0,10,0
969,100,0,7,100,100,0,0,0,0,0,100,100,0.0206743499,29.7725083600,14.2857142857,14.7572842028,1.0000000000,0.8064000000,250.0000000000,0,0,0,10,0
970,100,0,7,100,100,0,0,0,0,0,100,100,0.0206743499,29.7518340100,14.2857142857,14.7572842028,1.0000000000,0.8064000000,250.0000000000,0,0,0,10,0
971,100,0,3,100,100,0,0,1,103,491,100,100,0.0274621066,29.7243719034,33.3333333333,13.5476786006,1.0000000000,0.8888000000,226.8226822682,0,0,0,29,0
972,100,0,3,100,100,0,0,0,0,0,100,100,0.0199401372,29.7044317663,33.3333333333,13.5476786006,1.0000000000,0.8064000000,250.0000000000,0,0,0,29,0
973,100,0,3,100,100,0,0,0,0,0,100,100,0.0199401372,29.6844916291,33.3333333333,13.5476786006,1.0000000000,0.8064000000,250.0000000000,0,0,0,29,0
974,100,0,3,100,100,0,0,0,0,0,100,100,0.0199401372,29.6645514919,33.3333333333,13.5476786006,1.0000000000,0.8064000000,250.0000000000,0,0,0,29,0
975,100,0,3,100,100,0,0,0,0,0,100,100,0.0199401372,29.6446113548,33.3333333333,13.5476786006,1.0000000000,0.8064000000,250.0000000000,0,0,0,29,0
976,100,0,1,100,100,0,0,1,101,297,100,100,0.0219663769,29.6226449779,100.0000000000,10.6446272155,1.0000000000,0.8872000000,227.2317403066,0,0,0,67,0
977,100,0,1,100,100,0,0,0,0,0,100,100,0.0162721682,29.6063728097,100.0000000000,10.6446272155,1.0000000000,0.8064000000,250.0000000000,0,0,0,67,0
978,100,0,1,100,100,0,0,0,0,0,100,100,0.0162721682,29.5901006416,100.0000000000,10.6446272155,1.0000000000,0.8064000000,250.0000000000,0,0,0,67,0
979,100,0,1,100,100,0,0,0,0,0,100,100,0.0162721682,29.5738284734,100.0000000000,10.6446272155,1.0000000000,0.8064000000,250.0000000000,0,0,0,67,0
980,100,0,1,100,100,0,0,0,0,0,100,100,0.0162721682,29.5575563052,100.0000000000,10.6446272155,1.0000000000,0.8064000000,250.0000000000,0,0,0,67,0
981,100,0,9,100,100,0,0,1,109,1073,100,100,0.0346778260,29.5228784792,11.1111111111,15.1604858062,1.0000000000,0.8936000000,225.6042972247,0,0,0,3,0
982,100,0,9,100,100,0,0,0,0,0,100,100,0.0208453364,29.5020331429,11.1111111111,15.1604858062,1.0000000000,0.8064000000,250.0000000000,0,0,0,3,0
983,100,0,9,100,100,0,0,0,0,0,100,100,0.0208453364,29.4811878065,11.1111111111,15.1604858062,1.0000000000,0.8064000000,250.0000000000,0,0,0,3,0
984,100,0,9,100,100,0,0,0,0,0,100,100,0.0208453364,29.4603424701,11.1111111111,15.1604858062,1.0000000000,0.8064000000,250.0000000000,0,0,0,3,0
985,100,0,9,100,100,0,0,0,0,0,100,100,0.0208453364,29.4394971338,11.1111111111,15.1604858062,1.0000000000,0.8064000000,250.0000000000,0,0,0,3,0
986,100,0,6,100,100,0,0,1,106,782,100,100,0.0299314099,29.4095657239,16.6666666667,13.3863968675,1.0000000000,0.8912000000,226.2118491921,0,0,0,28,0
987,100,0,6,100,100,0,0,0,0,0,100,100,0.0192291688,29.3903365551,16.6666666667,13.3863968675,1.0000000000,0.8064000000,250.0000000000,0,0,0,28,0
988,100,0,6,100,100,0,0,0,0,0,100,100,0.0192291688,29.3711073863,16.6666666667,13.3863968675,1.0000000000,0.8064000000,250.0000000000,0,0,0,28,0
989,100,0,6,100,100,0,0,0,0,0,100,100,0.0192291688,29.3518782174,16.6666666667,13.3863968675,1.0000000000,0.8064000000,250.0000000000,0,0,0,28,0
990,100,0,6,100,100,0,0,0,0,0,100,100,0.0192291688,29.3326490486,16.6666666667,13.3863968675,1.0000000000,0.8064000000,250.0000000000,0,0,0,28,0
991,100,0,6,100,100,0,0,1,106,782,100,100,0.0302223519,29.3024266967,16.6666666667,14.1928149742,1.0000000000,0.8912000000,226.2118491921,0,0,0,18,0
992,100,0,6,100,100,0,0,0,0,0,100,100,0.0195988519,29.2828278448,16.6666666667,14.1928149742,1.0000000000,0.8064000000,250.0000000000,0,0,0,18,0
993,100,0,6,100,100,0,0,0,0,0,100,100,0.0195988519,29.2632289929,16.6666666667,14.1928149742,1.0000000000,0.8064000000,250.0000000000,0,0,0,18,0
994,100,0,6,100,100,0,0,0,0,0,100,100,0.0195988519,29.2436301410,16.6666666667,14.1928149742,1.0000000000,0.8064000000,250.0000000000,0,0,0,18,0
995,100,0,6,100,100,0,0,0,0,0,100,100,0.0195988519,29.2240312891,16.6666666667,14.1928149742,1.0000000000,0.8064000000,250.0000000000,0,0,0,18,0
996,100,0,11,100,100,0,0,1,111,1267,100,100,0.0365463304,29.1874849587,9.0909090909,14.9992035498,1.0000000000,0.8952000000,225.2010723861,0,0,0,3,0
997,100,0,11,100,100,0,0,0,0,0,100,100,0.0205628688,29.1669220899,9.0909090909,14.9992035498,1.0000000000,0.8064000000,250.0000000000,0,0,0,3,0
998,100,0,11,100,100,0,0,0,0,0,100,100,0.0205628688,29.1463592212,9.0909090909,14.9992035498,1.0000000000,0.8064000000,250.0000000000,0,0,0,3,0
999,100,0,11,100,100,0,0,0,0,0,100,100,0.0205628688,29.1257963524,9.0909090909,14.9992035498,1.0000000000,0.8064000000,250.0000000000,0,0,0,3,0
1000,100,0,11,100,100,0,0,0,0,0,100,100,0.0205628688,29.1052334837,9.0909090909,14.9992035498,1.0000000000,0.8064000000,250.0000000000,0,0,0,3,0
1001,100,0,1,100,100,0,0,1,101,297,100,100,0.0216766833,29.0835568003,100.0000000000,10.3220689262,1.0000000000,0.8872000000,227.2317403066,0,0,0,71,0
1002,100,0,1,100,100,0,0,0,0,0,100,100,0.0158705517,29.0676862487,100.0000000000,10.3220689262,1.0000000000,0.8064000000,250.0000000000,0,0,0,71,0
1003,100,0,1,100,100,0,0,0,0,0,100,100,0.0158705517,29.0518156970,100.0000000000,10.3220689262,1.0000000000,0.8064000000,250.0000000000,0,0,0,71,0
1004,100,0,1,100,100,0,0,0,0,0,100,100,0.0158705517,29.0359451454,100.0000000000,10.3220689262,1.0000000000,0.8064000000,250.0000000000,0,0,0,71,0
1005,100,0,1,100,100,0,0,0,0,0,100,100,0.0158705517,29.0200745937,100.0000000000,10.3220689262,1.0000000000,0.8064000000,250.0000000000,0,0,0,71,0
1006,100,0,2,100,100,0,0,1,102,394,100,100,0.0261057565,28.9939688372,50.0000000000,13.3864037510,1.0000000000,0.8880000000,227.0270270270,0,0,0,32,0
1007,100,0,2,100,100,0,0,0,0,0,100,100,0.0196815827,28.9742872544,50.0000000000,13.3864037510,1.0000000000,0.8064000000,250.0000000000,0,0,0,32,0
1008,100,0,2,100,100,0,0,0,0,0,100,100,0.0196815827,28.9546056717,50.0000000000,13.3864037510,1.0000000000,0.8064000000,250.0000000000,0,0,0,32,0
1009,100,0,2,100,100,0,0,0,0,0,100,100,0.0196815827,28.9349240890,50.0000000000,13.3864037510,1.0000000000,0.8064000000,250.0000000000,0,0,0,32,0
1010,100,0,2,100,100,0,0,0,0,0,100,100,0.0196815827,28.9152425063,50.0000000000,13.3864037510,1.0000000000,0.8064000000,250.0000000000,0,0,0,32,0
1011,100,0,1,100,100,0,0,1,101,297,100,100,0.0217273653,28.8935151410,100.0000000000,10.1607944366,1.0000000000,0.8872000000,227.2317403066,0,0,0,73,0
1012,100,0,1,100,100,0,0,0,0,0,100,100,0.0156761080,28.8778390330,100.0000000000,10.1607944366,1.0000000000,0.8064000000,250.0000000000,0,0,0,73,0
1013,100,0,1,100,100,0,0,0,0,0,100,100,0.0156761080,28.8621629249,100.0000000000,10.1607944366,1.0000000000,0.8064000000,250.0000000000,0,0,0,73,0
1014,100,0,1,100,100,0,0,0,0,0,100,100,0.0156761080,28.8464868169,100.0000000000,10.1607944366,1.0000000000,0.8064000000,250.0000000000,0,0,0,73,0
1015,100,0,1,100,100,0,0,0,0,0,100,100,0.0156761080,28.8308107088,100.0000000000,10.1607944366,1.0000000000,0.8064000000,250.0000000000,0,0,0,73,0
1016,100,0,5,100,100,0,0,1,105,685,100,100,0.0287967165,28.8020139924,20.0000000000,13.7089651139,1.0000000000,0.8904000000,226.4150943396,0,0,0,25,0
1017,100,0,5,100,100,0,0,0,0,0,100,100,0.0192136117,28.7828003807,20.0000000000,13.7089651139,1.0000000000,0.8064000000,250.0000000000,0,0,0,25,0
1018,100,0,5,100,100,0,0,0,0,0,100,100,0.0192136117,28.7635867690,20.0000000000,13.7089651139,1.0000000000,0.8064000000,250.0000000000,0,0,0,25,0
1019,100,0,5,100,100,0,0,0,0,0,100,100,0.0192136117,28.7443731573,20.0000000000,13.7089651139,1.0000000000,0.8064000000,250.0000000000,0,0,0,25,0
1020,100,0,5,100,100,0,0,0,0,0,100,100,0.0192136117,28.7251595456,20.0000000000,13.7089651139,1.0000000000,0.8064000000,250.0000000000,0,0,0,25,0
1021,100,0,1,100,100,0,0,1,101,297,100,100,0.0216119702,28.7035475754,100.0000000000,10.0801528563,1.0000000000,0.8872000000,227.2317403066,0,0,0,74,0
1022,100,0,1,100,100,0,0,0,0,0,100,100,0.0157214327,28.6878261427,100.0000000000,10.0801528563,1.0000000000,0.8064000000,250.0000000000,0,0,0,74,0
1023,100,0,1,100,100,0,0,0,0,0,100,100,0.0157214327,28.6721047100,100.0000000000,10.0801528563,1.0000000000,0.8064000000,250.0000000000,0,0,0,74,0
1024,100,0,1,100,100,0,0,0,0,0,100,100,0.0157214327,28.6563832773,100.0000000000,10.0801528563,1.0000000000,0.8064000000,250.0000000000,0,0,0,74,0
1025,100,0,1,100,100,0,0,0,0,0,100,100,0.0157214327,28.6406618446,100.0000000000,10.0801528563,1.0000000000,0.8064000000,250.0000000000,0,0,0,74,0
1026,100,0,2,100,100,0,0,1,102,394,100,100,0.0234758246,28.6171860199,50.0000000000,11.2091355378,1.0000000000,0.8880000000,227.0270270270,0,0,0,59,0
1027,100,0,2,100,100,0,0,0,0,0,100,100,0.0168445202,28.6003414997,50.0000000000,11.2091355378,1.0000000000,0.8064000000,250.0000000000,0,0,0,59,0
1028,100,0,2,100,100,0,0,0,0,0,100,100,0.0168445202,28.5834969795,50.0000000000,11.2091355378,1.0000000000,0.8064000000,250.0000000000,0,0,0,59,0
1029,100,0,2,100,100,0,0,0,0,0,100,100,0.0168445202,28.5666524593,50.0000000000,11.2091355378,1.0000000000,0.8064000000,250.0000000000,0,0,0,59,0
1030,100,0,2,100,100,0,0,0,0,0,100,100,0.0168445202,28.5498079391,50.0000000000,11.2091355378,1.0000000000,0.8064000000,250.0000000000,0,0,0,59,0
1031,100,0,2,100,100,0,0,1,102,394,100,100,0.0254435554,28.5243643836,50.0000000000,12.4187044295,1.0000000000,0.8880000000,227.0270270270,0,0,0,44,0
1032,100,0,2,100,100,0,0,0,0,0,100,100,0.0189663267,28.5053980570,50.0000000000,12.4187044295,1.0000000000,0.8064000000,250.0000000000,0,0,0,44,0
1033,100,0,2,100,100,0,0,0,0,0,100,100,0.0189663267,28.4864317303,50.0000000000,12.4187044295,1.0000000000,0.8064000000,250.0000000000,0,0,0,44,0
1034,100,0,2,100,100,0,0,0,0,0,100,100,0.0189663267,28.4674654036,50.0000000000,12.4187044295,1.0000000000,0.8064000000,250.0000000000,0,0,0,44,0
1035,100,0,2,100,100,0,0,0,0,0,100,100,0.0189663267,28.4484990769,50.0000000000,12.4187044295,1.0000000000,0.8064000000,250.0000000000,0,0,0,44,0
1036,100,0,2,100,100,0,0,1,102,394,100,100,0.0232453730,28.4252537039,50.0000000000,10.6446405408,1.0000000000,0.8880000000,227.0270270270,0,0,0,66,0
1037,100,0,2,100,100,0,0,0,0,0,100,100,0.0163312563,28.4089224476,50.0000000000,10.6446405408,1.0000000000,0.8064000000,250.0000000000,0,0,0,66,0
1038,100,0,2,100,100,0,0,0,0,0,100,100,0.0163312563,28.3925911913,50.0000000000,10.6446405408,1.0000000000,0.8064000000,250.0000000000,0,0,0,66,0
1039,100,0,2,100,100,0,0,0,0,0,100,100,0.0163312563,28.3762599350,50.0000000000,10.6446405408,1.0000000000,0.8064000000,250.0000000000,0,0,0,66,0
1040,100,0,2,100,100,0,0,0,0,0,100,100,0.0163312563,28.3599286787,50.0000000000,10.6446405408,1.0000000000,0.8064000000,250.0000000000,0,0,0,66,0
1041,100,0,4,100,100,0,0,1,104,588,100,100,0.0285832253,28.3313454535,25.0000000000,14.4347273799,1.0000000000,0.8896000000,226.6187050360,0,0,0,17,0
1042,100,0,4,100,100,0,0,0,0,0,100,100,0.0201161785,28.3112292750,25.0000000000,14.4347273799,1.0000000000,0.8064000000,250.0000000000,0,0,0,17,0
1043,100,0,4,100,100,0,0,0,0,0,100,100,0.0201161785,28.2911130965,25.0000000000,14.4347273799,1.0000000000,0.8064000000,250.0000000000,0,0,0,17,0
1044,100,0,4,100,100,0,0,0,0,0,100,100,0.0201161785,28.2709969181,25.0000000000,14.4347273799,1.0000000000,0.8064000000,250.0000000000,0,0,0,17,0
1045,100,0,4,100,100,0,0,0,0,0,100,100,0.0201161785,28.2508807396,25.0000000000,14.4347273799,1.0000000000,0.8064000000,250.0000000000,0,0,0,17,0
1046,100,0,2,100,100,0,0,1,102,394,100,100,0.0232536902,28.2276270494,50.0000000000,10.9672013040,1.0000000000,0.8880000000,227.0270270270,0,0,0,62,0
1047,100,0,2,100,100,0,0,0,0,0,100,100,0.0165794117,28.2110476377,50.0000000000,10.9672013040,1.0000000000,0.8064000000,250.0000000000,0,0,0,62,0
1048,100,0,2,100,100,0,0,0,0,0,100,100,0.0165794117,28.1944682259,50.0000000000,10.9672013040,1.0000000000,0.8064000000,250.0000000000,0,0,0,62,0
1049,100,0,2,100,100,0,0,0,0,0,100,100,0.0165794117,28.1778888142,50.0000000000,10.9672013040,1.0000000000,0.8064000000,250.0000000000,0,0,0,62,0
1050,100,0,2,100,100,0,0,0,0,0,100,100,0.0165794117,28.1613094024,50.0000000000,10.9672013040,1.0000000000,0.8064000000,250.0000000000,0,0,0,62,0
1051,100,0,2,100,100,0,0,1,102,394,100,100,0.0235284824,28.1377809200,50.0000000000,11.1284749807,1.0000000000,0.8880000000,227.0270270270,0,0,0,60,0
1052,100,0,2,100,100,0,0,0,0,0,100,100,0.0169246318,28.1208562883,50.0000000000,11.1284749807,1.0000000000,0.8064000000,250.0000000000,0,0,0,60,0
1053,100,0,2,100,100,0,0,0,0,0,100,100,0.0169246318,28.1039316565,50.0000000000,11.1284749807,1.0000000000,0.8064000000,250.0000000000,0,0,0,60,0
1054,100,0,2,100,100,0,0,0,0,0,100,100,0.0169246318,28.0870070248,50.0000000000,11.1284749807,1.0000000000,0.8064000000,250.0000000000,0,0,0,60,0
1055,100,0,2,100,100,0,0,0,0,0,100,100,0.0169246318,28.0700823930,50.0000000000,11.1284749807,1.0000000000,0.8064000000,250.0000000000,0,0,0,60,0
1056,100,0,3,100,100,0,0,1,103,491,100,100,0.0267171236,28.0433652694,33.3333333333,13.4670443117,1.0000000000,0.8888000000,226.8226822682,0,0,0,30,0
1057,100,0,3,100,100,0,0,0,0,0,100,100,0.0192170730,28.0241481964,33.3333333333,13.4670443117,1.0000000000,0.8064000000,250.0000000000,0,0,0,30,0
1058,100,0,3,100,100,0,0,0,0,0,100,100,0.0192170730,28.0049311234,33.3333333333,13.4670443117,1.0000000000,0.8064000000,250.0000000000,0,0,0,30,0
1059,100,0,3,100,100,0,0,0,0,0,100,100,0.0192170730,27.9857140504,33.3333333333,13.4670443117,1.0000000000,0.8064000000,250.0000000000,0,0,0,30,0
1060,100,0,3,100,100,0,0,0,0,0,100,100,0.0192170730,27.9664969774,33.3333333333,13.4670443117,1.0000000000,0.8064000000,250.0000000000,0,0,0,30,0
1061,100,0,6,100,100,0,0,1,106,782,100,100,0.0301792943,27.9363176831,16.6666666667,14.0315293499,1.0000000000,0.8912000000,226.2118491921,0,0,0,20,0
1062,100,0,6,100,100,0,0,0,0,0,100,100,0.0195518273,27.9167658558,16.6666666667,14.0315293499,1.0000000000,0.8064000000,250.0000000000,0,0,0,20,0
1063,100,0,6,100,100,0,0,0,0,0,100,100,0.0195518273,27.8972140285,16.6666666667,14.0315293499,1.0000000000,0.8064000000,250.0000000000,0,0,0,20,0
1064,100,0,6,100,100,0,0,0,0,0,100,100,0.0195518273,27.8776622012,16.6666666667,14.0315293499,1.0000000000,0.8064000000,250.0000000000,0,0,0,20,0
1065,100,0,6,100,100,0,0,0,0,0,100,100,0.0195518273,27.8581103739,16.6666666667,14.0315293499,1.0000000000,0.8064000000,250.0000000000,0,0,0,20,0
1066,100,0,4,100,100,0,0,1,104,588,100,100,0.0292155352,27.8288948387,25.0000000000,14.3540888533,1.0000000000,0.8896000000,226.6187050360,0,0,0,18,0
1067,100,0,4,100,100,0,0,0,0,0,100,100,0.0206762687,27.8082185701,25.0000000000,14.3540888533,1.0000000000,0.8064000000,250.0000000000,0,0,0,18,0
1068,100,0,4,100,100,0,0,0,0,0,100,100,0.0206762687,27.7875423014,25.0000000000,14.3540888533,1.0000000000,0.8064000000,250.0000000000,0,0,0,18,0
1069,100,0,4,100,100,0,0,0,0,0,100,100,0.0206762687,27.7668660327,25.0000000000,14.3540888533,1.0000000000,0.8064000000,250.0000000000,0,0,0,18,0
1070,100,0,4,100,100,0,0,0,0,0,100,100,0.0206762687,27.7461897640,25.0000000000,14.3540888533,1.0000000000,0.8064000000,250.0000000000,0,0,0,18,0
1071,100,0,6,100,100,0,0,1,106,782,100,100,0.0311009363,27.7150888277,16.6666666667,14.8379365362,1.0000000000,0.8912000000,226.2118491921,0,0,0,10,0
1072,100,0,6,100,100,0,0,0,0,0,100,100,0.0204938493,27.6945949784,16.6666666667,14.8379365362,1.0000000000,0.8064000000,250.0000000000,0,0,0,10,0
1073,100,0,6,100,100,0,0,0,0,0,100,100,0.0204938493,27.6741011291,16.6666666667,14.8379365362,1.0000000000,0.8064000000,250.0000000000,0,0,0,10,0
1074,100,0,6,100,100,0,0,0,0,0,100,100,0.0204938493,27.6536072798,16.6666666667,14.8379365362,1.0000000000,0.8064000000,250.0000000000,0,0,0,10,0
1075,100,0,6,100,100,0,0,0,0,0,100,100,0.0204938493,27.6331134305,16.6666666667,14.8379365362,1.0000000000,0.8064000000,250.0000000000,0,0,0,10,0
1076,100,0,6,100,100,0,0,1,106,782,100,100,0.0297415492,27.6033718812,16.6666666667,13.3057625584,1.0000000000,0.8912000000,226.2118491921,0,0,0,29,0
1077,100,0,6,100,100,0,0,0,0,0,100,100,0.0190273039,27.5843445773,16.6666666667,13.3057625584,1.0000000000,0.8064000000,250.0000000000,0,0,0,29,0
1078,100,0,6,100,100,0,0,0,0,0,100,100,0.0190273039,27.5653172735,16.6666666667,13.3057625584,1.0000000000,0.8064000000,250.0000000000,0,0,0,29,0
1079,100,0,6,100,100,0,0,0,0,0,100,100,0.0190273039,27.5462899696,16.6666666667,13.3057625584,1.0000000000,0.8064000000,250.0000000000,0,0,0,29,0
1080,100,0,6,100,100,0,0,0,0,0,100,100,0.0190273039,27.5272626657,16.6666666667,13.3057625584,1.0000000000,0.8064000000,250.0000000000,0,0,0,29,0
1081,100,0,2,100,100,0,0,1,102,394,100,100,0.0226757589,27.5045869067,50.0000000000,10.0801479267,1.0000000000,0.8880000000,227.0270270270,0,0,0,73,0
1082,100,0,2,100,100,0,0,0,0,0,100,100,0.0158780326,27.4887088742,50.0000000000,10.0801479267,1.0000000000,0.8064000000,250.0000000000,0,0,0,73,0
1083,100,0,2,100,100,0,0,0,0,0,100,100,0.0158780326,27.4728308416,50.0000000000,10.0801479267,1.0000000000,0.8064000000,250.0000000000,0,0,0,73,0
1084,100,0,2,100,100,0,0,0,0,0,100,100,0.0158780326,27.4569528091,50.0000000000,10.0801479267,1.0000000000,0.8064000000,250.0000000000,0,0,0,73,0
1085,100,0,2,100,100,0,0,0,0,0,100,100,0.0158780326,27.4410747765,50.0000000000,10.0801479267,1.0000000000,0.8064000000,250.0000000000,0,0,0,73,0
1086,100,0,10,100,100,0,0,1,110,1170,100,100,0.0348686061,27.4062061704,10.0000000000,14.4347193988,1.0000000000,0.8944000000,225.4025044723,0,0,0,11,0
1087,100,0,10,100,100,0,0,0,0,0,100,100,0.0199452442,27.3862609262,10.0000000000,14.4347193988,1.0000000000,0.8064000000,250.0000000000,0,0,0,11,0
1088,100,0,10,100,100,0,0,0,0,0,100,100,0.0199452442,27.3663156819,10.0000000000,14.4347193988,1.0000000000,0.8064000000,250.0000000000,0,0,0,11,0
1089,100,0,10,100,100,0,0,0,0,0,100,100,0.0199452442,27.3463704377,10.0000000000,14.4347193988,1.0000000000,0.8064000000,250.0000000000,0,0,0,11,0
1090,100,0,10,100,100,0,0,0,0,0,100,100,0.0199452442,27.3264251935,10.0000000000,14.4347193988,1.0000000000,0.8064000000,250.0000000000,0,0,0,11,0
1091,100,0,8,100,100,0,0,1,108,976,100,100,0.0321276541,27.2942975394,12.5000000000,13.7089696754,1.0000000000,0.8928000000,225.8064516129,0,0,0,22,0
1092,100,0,8,100,100,0,0,0,0,0,100,100,0.0193241694,27.2749733701,12.5000000000,13.7089696754,1.0000000000,0.8064000000,250.0000000000,0,0,0,22,0
1093,100,0,8,100,100,0,0,0,0,0,100,100,0.0193241694,27.2556492007,12.5000000000,13.7089696754,1.0000000000,0.8064000000,250.0000000000,0,0,0,22,0
1094,100,0,8,100,100,0,0,0,0,0,100,100,0.0193241694,27.2363250313,12.5000000000,13.7089696754,1.0000000000,0.8064000000,250.0000000000,0,0,0,22,0
1095,100,0,8,100,100,0,0,0,0,0,100,100,0.0193241694,27.2170008620,12.5000000000,13.7089696754,1.0000000000,0.8064000000,250.0000000000,0,0,0,22,0
1096,100,0,11,100,100,0,0,1,111,1267,100,100,0.0367151665,27.1802856955,9.0909090909,15.0798410939,1.0000000000,0.8952000000,225.2010723861,0,0,0,2,0
1097,100,0,11,100,100,0,0,0,0,0,100,100,0.0207287088,27.1595569866,9.0909090909,15.0798410939,1.0000000000,0.8064000000,250.0000000000,0,0,0,2,0
1098,100,0,11,100,100,0,0,0,0,0,100,100,0.0207287088,27.1388282778,9.0909090909,15.0798410939,1.0000000000,0.8064000000,250.0000000000,0,0,0,2,0
1099,100,0,11,100,100,0,0,0,0,0,100,100,0.0207287088,27.1180995690,9.0909090909,15.0798410939,1.0000000000,0.8064000000,250.0000000000,0,0,0,2,0
1100,100,0,11,100,100,0,0,0,0,0,100,100,0.0207287088,27.0973708602,9.0909090909,15.0798410939,1.0000000000,0.8064000000,250.0000000000,0,0,0,2,0
1101,100,0,1,100,100,0,0,1,101,297,100,100,0.0227313544,27.0746395057,100.0000000000,10.9671789643,1.0000000000,0.8872000000,227.2317403066,0,0,0,63,0
1102,100,0,1,100,100,0,0,0,0,0,100,100,0.0172111547,27.0574283511,100.0000000000,10.9671789643,1.0000000000,0.8064000000,250.0000000000,0,0,0,63,0
1103,100,0,1,100,100,0,0,0,0,0,100,100,0.0172111547,27.0402171964,100.0000000000,10.9671789643,1.0000000000,0.8064000000,250.0000000000,0,0,0,63,0
1104,100,0,1,100,100,0,0,0,0,0,100,100,0.0172111547,27.0230060418,100.0000000000,10.9671789643,1.0000000000,0.8064000000,250.0000000000,0,0,0,63,0
1105,100,0,1,100,100,0,0,0,0,0,100,100,0.0172111547,27.0057948871,100.0000000000,10.9671789643,1.0000000000,0.8064000000,250.0000000000,0,0,0,63,0
1106,100,0,2,100,100,0,0,1,102,394,100,100,0.0235268860,26.9822680011,50.0000000000,11.2897778691,1.0000000000,0.8880000000,227.0270270270,0,0,0,58,0
1107,100,0,2,100,100,0,0,0,0,0,100,100,0.0168986056,26.9653693955,50.0000000000,11.2897778691,1.0000000000,0.8064000000,250.0000000000,0,0,0,58,0
1108,100,0,2,100,100,0,0,0,0,0,100,100,0.0168986056,26.9484707898,50.0000000000,11.2897778691,1.0000000000,0.8064000000,250.0000000000,0,0,0,58,0
1109,100,0,2,100,100,0,0,0,0,0,100,100,0.0168986056,26.9315721842,50.0000000000,11.2897778691,1.0000000000,0.8064000000,250.0000000000,0,0,0,58,0
1110,100,0,2,100,100,0,0,0,0,0,100,100,0.0168986056,26.9146735786,50.0000000000,11.2897778691,1.0000000000,0.8064000000,250.0000000000,0,0,0,58,0
1111,100,0,2,100,100,0,0,1,102,394,100,100,0.0220463884,26.8926271902,50.0000000000,9.2737440844,1.0000000000,0.8880000000,227.0270270270,0,0,0,83,0
1112,100,0,2,100,100,0,0,0,0,0,100,100,0.0148378933,26.8777892969,50.0000000000,9.2737440844,1.0000000000,0.8064000000,250.0000000000,0,0,0,83,0
1113,100,0,2,100,100,0,0,0,0,0,100,100,0.0148378933,26.8629514036,50.0000000000,9.2737440844,1.0000000000,0.8064000000,250.0000000000,0,0,0,83,0
1114,100,0,2,100,100,0,0,0,0,0,100,100,0.0148378933,26.8481135103,50.0000000000,9.2737440844,1.0000000000,0.8064000000,250.0000000000,0,0,0,83,0
1115,100,0,2,100,100,0,0,0,0,0,100,100,0.0148378933,26.8332756170,50.0000000000,9.2737440844,1.0000000000,0.8064000000,250.0000000000,0,0,0,83,0
1116,100,0,3,100,100,0,0,1,103,491,100,100,0.0281619233,26.8051136937,33.3333333333,14.1121627684,1.0000000000,0.8888000000,226.8226822682,0,0,0,22,0
1117,100,0,3,100,100,0,0,0,0,0,100,100,0.0206648941,26.7844487996,33.3333333333,14.1121627684,1.0000000000,0.8064000000,250.0000000000,0,0,0,22,0
1118,100,0,3,100,100,0,0,0,0,0,100,100,0.0206648941,26.7637839055,33.3333333333,14.1121627684,1.0000000000,0.8064000000,250.0000000000,0,0,0,22,0
1119,100,0,3,100,100,0,0,0,0,0,100,100,0.0206648941,26.7431190114,33.3333333333,14.1121627684,1.0000000000,0.8064000000,250.0000000000,0,0,0,22,0
1120,100,0,3,100,100,0,0,0,0,0,100,100,0.0206648941,26.7224541173,33.3333333333,14.1121627684,1.0000000000,0.8064000000,250.0000000000,0,0,0,22,0
1121,100,0,2,100,100,0,0,1,102,394,100,100,0.0241832260,26.6982708913,50.0000000000,11.9348725281,1.0000000000,0.8880000000,227.0270270270,0,0,0,50,0
1122,100,0,2,100,100,0,0,0,0,0,100,100,0.0176890952,26.6805817961,50.0000000000,11.9348725281,1.0000000000,0.8064000000,250.0000000000,0,0,0,50,0
1123,100,0,2,100,100,0,0,0,0,0,100,100,0.0176890952,26.6628927009,50.0000000000,11.9348725281,1.0000000000,0.8064000000,250.0000000000,0,0,0,50,0
1124,100,0,2,100,100,0,0,0,0,0,100,100,0.0176890952,26.6452036058,50.0000000000,11.9348725281,1.0000000000,0.8064000000,250.0000000000,0,0,0,50,0
1125,100,0,2,100,100,0,0,0,0,0,100,100,0.0176890952,26.6275145106,50.0000000000,11.9348725281,1.0000000000,0.8064000000,250.0000000000,0,0,0,50,0
1126,100,0,4,100,100,0,0,1,104,588,100,100,0.0273108951,26.6002036155,25.0000000000,12.9025729501,1.0000000000,0.8896000000,226.6187050360,0,0,0,36,0
1127,100,0,4,100,100,0,0,0,0,0,100,100,0.0186690466,26.5815345689,25.0000000000,12.9025729501,1.0000000000,0.8064000000,250.0000000000,0,0,0,36,0
1128,100,0,4,100,100,0,0,0,0,0,100,100,0.0186690466,26.5628655223,25.0000000000,12.9025729501,1.0000000000,0.8064000000,250.0000000000,0,0,0,36,0
1129,100,0,4,100,100,0,0,0,0,0,100,100,0.0186690466,26.5441964757,25.0000000000,12.9025729501,1.0000000000,0.8064000000,250.0000000000,0,0,0,36,0
1130,100,0,4,100,100,0,0,0,0,0,100,100,0.0186690466,26.5255274291,25.0000000000,12.9025729501,1.0000000000,0.8064000000,250.0000000000,0,0,0,36,0
1131,100,0,1,100,100,0,0,1,101,297,100,100,0.0226370186,26.5028904106,100.0000000000,11.0478252034,1.0000000000,0.8872000000,227.2317403066,0,0,0,62,0
1132,100,0,1,100,100,0,0,0,0,0,100,100,0.0170890511,26.4858013595,100.0000000000,11.0478252034,1.0000000000,0.8064000000,250.0000000000,0,0,0,62,0
1133,100,0,1,100,100,0,0,0,0,0,100,100,0.0170890511,26.4687123084,100.0000000000,11.0478252034,1.0000000000,0.8064000000,250.0000000000,0,0,0,62,0
1134,100,0,1,100,100,0,0,0,0,0,100,100,0.0170890511,26.4516232574,100.0000000000,11.0478252034,1.0000000000,0.8064000000,250.0000000000,0,0,0,62,0
1135,100,0,1,100,100,0,0,0,0,0,100,100,0.0170890511,26.4345342063,100.0000000000,11.0478252034,1.0000000000,0.8064000000,250.0000000000,0,0,0,62,0
1136,100,0,3,100,100,0,0,1,103,491,100,100,0.0247600484,26.4097741579,33.3333333333,11.5316909407,1.0000000000,0.8888000000,226.8226822682,0,0,0,54,0
1137,100,0,3,100,100,0,0,0,0,0,100,100,0.0171815145,26.3925926434,33.3333333333,11.5316909407,1.0000000000,0.8064000000,250.0000000000,0,0,0,54,0
1138,100,0,3,100,100,0,0,0,0,0,100,100,0.0171815145,26.3754111288,33.3333333333,11.5316909407,1.0000000000,0.8064000000,250.0000000000,0,0,0,54,0
1139,100,0,3,100,100,0,0,0,0,0,100,100,0.0171815145,26.3582296143,33.3333333333,11.5316909407,1.0000000000,0.8064000000,250.0000000000,0,0,0,54,0
1140,100,0,3,100,100,0,0,0,0,0,100,100,0.0171815145,26.3410480998,33.3333333333,11.5316909407,1.0000000000,0.8064000000,250.0000000000,0,0,0,54,0
1141,100,0,1,100,100,0,0,1,101,297,100,100,0.0219760051,26.3190720946,100.0000000000,10.6446268015,1.0000000000,0.8872000000,227.2317403066,0,0,0,67,0
1142,100,0,1,100,100,0,0,0,0,0,100,100,0.0162940243,26.3027780704,100.0000000000,10.6446268015,1.0000000000,0.8064000000,250.0000000000,0,0,0,67,0
1143,100,0,1,100,100,0,0,0,0,0,100,100,0.0162940243,26.2864840461,100.0000000000,10.6446268015,1.0000000000,0.8064000000,250.0000000000,0,0,0,67,0
1144,100,0,1,100,100,0,0,0,0,0,100,100,0.0162940243,26.2701900219,100.0000000000,10.6446268015,1.0000000000,0.8064000000,250.0000000000,0,0,0,67,0
1145,100,0,1,100,100,0,0,0,0,0,100,100,0.0162940243,26.2538959976,100.0000000000,10.6446268015,1.0000000000,0.8064000000,250.0000000000,0,0,0,67,0
1146,100,0,2,100,100,0,0,1,102,394,100,100,0.0238614225,26.2300345751,50.0000000000,11.4510435352,1.0000000000,0.8880000000,227.0270270270,0,0,0,56,0
1147,100,0,2,100,100,0,0,0,0,0,100,100,0.0171967845,26.2128377906,50.0000000000,11.4510435352,1.0000000000,0.8064000000,250.0000000000,0,0,0,56,0
1148,100,0,2,100,100,0,0,0,0,0,100,100,0.0171967845,26.1956410061,50.0000000000,11.4510435352,1.0000000000,0.8064000000,250.0000000000,0,0,0,56,0
1149,100,0,2,100,100,0,0,0,0,0,100,100,0.0171967845,26.1784442216,50.0000000000,11.4510435352,1.0000000000,0.8064000000,250.0000000000,0,0,0,56,0
1150,100,0,2,100,100,0,0,0,0,0,100,100,0.0171967845,26.1612474371,50.0000000000,11.4510435352,1.0000000000,0.8064000000,250.0000000000,0,0,0,56,0
1151,100,0,6,100,100,0,0,1,106,782,100,100,0.0307025864,26.1305448507,16.6666666667,14.0315294494,1.0000000000,0.8912000000,226.2118491921,0,0,0,20,0
1152,100,0,6,100,100,0,0,0,0,0,100,100,0.0200238570,26.1105209937,16.6666666667,14.0315294494,1.0000000000,0.8064000000,250.0000000000,0,0,0,20,0
1153,100,0,6,100,100,0,0,0,0,0,100,100,0.0200238570,26.0904971367,16.6666666667,14.0315294494,1.0000000000,0.8064000000,250.0000000000,0,0,0,20,0
1154,100,0,6,100,100,0,0,0,0,0,100,100,0.0200238570,26.0704732797,16.6666666667,14.0315294494,1.0000000000,0.8064000000,250.0000000000,0,0,0,20,0
1155,100,0,6,100,100,0,0,0,0,0,100,100,0.0200238570,26.0504494228,16.6666666667,14.0315294494,1.0000000000,0.8064000000,250.0000000000,0,0,0,20,0
1156,100,0,2,100,100,0,0,1,102,394,100,100,0.0279049836,26.0225444392,50.0000000000,14.7572777784,1.0000000000,0.8880000000,227.0270270270,0,0,0,15,0
1157,100,0,2,100,100,0,0,0,0,0,100,100,0.0214991844,26.0010452547,50.0000000000,14.7572777784,1.0000000000,0.8064000000,250.0000000000,0,0,0,15,0
1158,100,0,2,100,100,0,0,0,0,0,100,100,0.0214991844,25.9795460703,50.0000000000,14.7572777784,1.0000000000,0.8064000000,250.0000000000,0,0,0,15,0
1159,100,0,2,100,100,0,0,0,0,0,100,100,0.0214991844,25.9580468859,50.0000000000,14.7572777784,1.0000000000,0.8064000000,250.0000000000,0,0,0,15,0
1160,100,0,2,100,100,0,0,0,0,0,100,100,0.0214991844,25.9365477014,50.0000000000,14.7572777784,1.0000000000,0.8064000000,250.0000000000,0,0,0,15,0
1161,100,0,5,100,100,0,0,1,105,685,100,100,0.0276784861,25.9088692154,20.0000000000,12.4993805966,1.0000000000,0.8904000000,226.4150943396,0,0,0,40,0
1162,100,0,5,100,100,0,0,0,0,0,100,100,0.0179735375,25.8908956778,20.0000000000,12.4993805966,1.0000000000,0.8064000000,250.0000000000,0,0,0,40,0
1163,100,0,5,100,100,0,0,0,0,0,100,100,0.0179735375,25.8729221403,20.0000000000,12.4993805966,1.0000000000,0.8064000000,250.0000000000,0,0,0,40,0
1164,100,0,5,100,100,0,0,0,0,0,100,100,0.0179735375,25.8549486028,20.0000000000,12.4993805966,1.0000000000,0.8064000000,250.0000000000,0,0,0,40,0
1165,100,0,5,100,100,0,0,0,0,0,100,100,0.0179735375,25.8369750653,20.0000000000,12.4993805966,1.0000000000,0.8064000000,250.0000000000,0,0,0,40,0
1166,100,0,1,100,100,0,0,1,101,297,100,100,0.0223792591,25.8145958061,100.0000000000,10.7252652674,1.0000000000,0.8872000000,227.2317403066,0,0,0,66,0
1167,100,0,1,100,100,0,0,0,0,0,100,100,0.0167724811,25.7978233251,100.0000000000,10.7252652674,1.0000000000,0.8064000000,250.0000000000,0,0,0,66,0
1168,100,0,1,100,100,0,0,0,0,0,100,100,0.0167724811,25.7810508440,100.0000000000,10.7252652674,1.0000000000,0.8064000000,250.0000000000,0,0,0,66,0
1169,100,0,1,100,100,0,0,0,0,0,100,100,0.0167724811,25.7642783629,100.0000000000,10.7252652674,1.0000000000,0.8064000000,250.0000000000,0,0,0,66,0
1170,100,0,1,100,100,0,0,0,0,0,100,100,0.0167724811,25.7475058819,100.0000000000,10.7252652674,1.0000000000,0.8064000000,250.0000000000,0,0,0,66,0
1171,100,0,7,100,100,0,0,1,107,879,100,100,0.0309433406,25.7165625413,14.2857142857,13.8702624226,1.0000000000,0.8920000000,226.0089686099,0,0,0,21,0
1172,100,0,7,100,100,0,0,0,0,0,100,100,0.0192320363,25.6973305050,14.2857142857,13.8702624226,1.0000000000,0.8064000000,250.0000000000,0,0,0,21,0
1173,100,0,7,100,100,0,0,0,0,0,100,100,0.0192320363,25.6780984687,14.2857142857,13.8702624226,1.0000000000,0.8064000000,250.0000000000,0,0,0,21,0
1174,100,0,7,100,100,0,0,0,0,0,100,100,0.0192320363,25.6588664324,14.2857142857,13.8702624226,1.0000000000,0.8064000000,250.0000000000,0,0,0,21,0
1175,100,0,7,100,100,0,0,0,0,0,100,100,0.0192320363,25.6396343961,14.2857142857,13.8702624226,1.0000000000,0.8064000000,250.0000000000,0,0,0,21,0
1176,100,0,6,100,100,0,0,1,106,782,100,100,0.0311717929,25.6084626032,16.6666666667,14.9185759450,1.0000000000,0.8912000000,226.2118491921,0,0,0,9,0
1177,100,0,6,100,100,0,0,0,0,0,100,100,0.0205647069,25.5878978963,16.6666666667,14.9185759450,1.0000000000,0.8064000000,250.0000000000,0,0,0,9,0
1178,100,0,6,100,100,0,0,0,0,0,100,100,0.0205647069,25.5673331894,16.6666666667,14.9185759450,1.0000000000,0.8064000000,250.0000000000,0,0,0,9,0
1179,100,0,6,100,100,0,0,0,0,0,100,100,0.0205647069,25.5467684825,16.6666666667,14.9185759450,1.0000000000,0.8064000000,250.0000000000,0,0,0,9,0
1180,100,0,6,100,100,0,0,0,0,0,100,100,0.0205647069,25.5262037755,16.6666666667,14.9185759450,1.0000000000,0.8064000000,250.0000000000,0,0,0,9,0
1181,100,0,6,100,100,0,0,1,106,782,100,100,0.0309875609,25.4952162146,16.6666666667,14.1121741370,1.0000000000,0.8912000000,226.2118491921,0,0,0,19,0
1182,100,0,6,100,100,0,0,0,0,0,100,100,0.0202836874,25.4749325272,16.6666666667,14.1121741370,1.0000000000,0.8064000000,250.0000000000,0,0,0,19,0
1183,100,0,6,100,100,0,0,0,0,0,100,100,0.0202836874,25.4546488398,16.6666666667,14.1121741370,1.0000000000,0.8064000000,250.0000000000,0,0,0,19,0
1184,100,0,6,100,100,0,0,0,0,0,100,100,0.0202836874,25.4343651524,16.6666666667,14.1121741370,1.0000000000,0.8064000000,250.0000000000,0,0,0,19,0
1185,100,0,6,100,100,0,0,0,0,0,100,100,0.0202836874,25.4140814650,16.6666666667,14.1121741370,1.0000000000,0.8064000000,250.0000000000,0,0,0,19,0
1186,100,0,9,100,100,0,0,1,109,1073,100,100,0.0339542190,25.3801272460,11.1111111111,14.4347321382,1.0000000000,0.8936000000,225.6042972247,0,0,0,12,0
1187,100,0,9,100,100,0,0,0,0,0,100,100,0.0201000093,25.3600272367,11.1111111111,14.4347321382,1.0000000000,0.8064000000,250.0000000000,0,0,0,12,0
1188,100,0,9,100,100,0,0,0,0,0,100,100,0.0201000093,25.3399272274,11.1111111111,14.4347321382,1.0000000000,0.8064000000,250.0000000000,0,0,0,12,0
1189,100,0,9,100,100,0,0,0,0,0,100,100,0.0201000093,25.3198272181,11.1111111111,14.4347321382,1.0000000000,0.8064000000,250.0000000000,0,0,0,12,0
1190,100,0,9,100,100,0,0,0,0,0,100,100,0.0201000093,25.2997272088,11.1111111111,14.4347321382,1.0000000000,0.8064000000,250.0000000000,0,0,0,12,0
1191,100,0,5,100,100,0,0,1,105,685,100,100,0.0290726004,25.2706546084,20.0000000000,13.7089649768,1.0000000000,0.8904000000,226.4150943396,0,0,0,25,0
1192,100,0,5,100,100,0,0,0,0,0,100,100,0.0194726776,25.2511819308,20.0000000000,13.7089649768,1.0000000000,0.8064000000,250.0000000000,0,0,0,25,0
1193,100,0,5,100,100,0,0,0,0,0,100,100,0.0194726776,25.2317092532,20.0000000000,13.7089649768,1.0000000000,0.8064000000,250.0000000000,0,0,0,25,0
1194,100,0,5,100,100,0,0,0,0,0,100,100,0.0194726776,25.2122365756,20.0000000000,13.7089649768,1.0000000000,0.8064000000,250.0000000000,0,0,0,25,0
1195,100,0,5,100,100,0,0,0,0,0,100,100,0.0194726776,25.1927638980,20.0000000000,13.7089649768,1.0000000000,0.8064000000,250.0000000000,0,0,0,25,0
1196,100,0,14,100,100,0,0,1,112,1558,100,100,0.0391018429,25.1536620552,7.1428571429,14.4347189719,1.0000000000,0.8960000000,225.0000000000,0,0,0,7,0
1197,100,0,14,100,100,0,0,0,0,0,100,100,0.0198845731,25.1337774820,7.1428571429,14.4347189719,1.0000000000,0.8064000000,250.0000000000,0,0,0,7,0
1198,100,0,14,100,100,0,0,0,0,0,100,100,0.0198845731,25.1138929089,7.1428571429,14.4347189719,1.0000000000,0.8064000000,250.0000000000,0,0,0,7,0
1199,100,0,14,100,100,0,0,0,0,0,100,100,0.0198845731,25.0940083358,7.1428571429,14.4347189719,1.0000000000,0.8064000000,250.0000000000,0,0,0,7,0
1200,100,0,14,100,100,0,0,0,0,0,100,100,0.0198845731,25.0741237627,7.1428571429,14.4347189719,1.0000000000,0.8064000000,250.0000000000,0,0,0,7,0
1201,100,0,4,100,100,0,0,1,104,588,100,100,0.0260129708,25.0481107919,25.0000000000,11.3703974669,1.0000000000,0.8896000000,226.6187050360,0,0,0,55,0
1202,100,0,4,100,100,0,0,0,0,0,100,100,0.0173035815,25.0308072104,25.0000000000,11.3703974669,1.0000000000,0.8064000000,250.0000000000,0,0,0,55,0
1203,100,0,4,100,100,0,0,0,0,0,100,100,0.0173035815,25.0135036289,25.0000000000,11.3703974669,1.0000000000,0.8064000000,250.0000000000,0,0,0,55,0
1204,100,0,4,100,100,0,0,0,0,0,100,100,0.0173035815,24.9962000474,25.0000000000,11.3703974669,1.0000000000,0.8064000000,250.0000000000,0,0,0,55,0
1205,100,0,4,100,100,0,0,0,0,0,100,100,0.0173035815,24.9788964659,25.0000000000,11.3703974669,1.0000000000,0.8064000000,250.0000000000,0,0,0,55,0
1206,100,0,1,100,100,0,0,1,101,297,100,100,0.0210700903,24.9578263756,100.0000000000,9.2737457313,1.0000000000,0.8872000000,227.2317403066,0,0,0,84,0
1207,100,0,1,100,100,0,0,0,0,0,100,100,0.0147424849,24.9430838907,100.0000000000,9.2737457313,1.0000000000,0.8064000000,250.0000000000,0,0,0,84,0
1208,100,0,1,100,100,0,0,0,0,0,100,100,0.0147424849,24.9283414059,100.0000000000,9.2737457313,1.0000000000,0.8064000000,250.0000000000,0,0,0,84,0
1209,100,0,1,100,100,0,0,0,0,0,100,100,0.0147424849,24.9135989210,100.0000000000,9.2737457313,1.0000000000,0.8064000000,250.0000000000,0,0,0,84,0
1210,100,0,1,100,100,0,0,0,0,0,100,100,0.0147424849,24.8988564361,100.0000000000,9.2737457313,1.0000000000,0.8064000000,250.0000000000,0,0,0,84,0
1211,100,0,1,100,100,0,0,1,101,297,100,100,0.0215095036,24.8773469325,100.0000000000,9.9188702074,1.0000000000,0.8872000000,227.2317403066,0,0,0,76,0
1212,100,0,1,100,100,0,0,0,0,0,100,100,0.0156624217,24.8616845108,100.0000000000,9.9188702074,1.0000000000,0.8064000000,250.0000000000,0,0,0,76,0
1213,100,0,1,100,100,0,0,0,0,0,100,100,0.0156624217,24.8460220892,100.0000000000,9.9188702074,1.0000000000,0.8064000000,250.0000000000,0,0,0,76,0
1214,100,0,1,100,100,0,0,0,0,0,100,100,0.0156624217,24.8303596675,100.0000000000,9.9188702074,1.0000000000,0.8064000000,250.0000000000,0,0,0,76,0
1215,100,0,1,100,100,0,0,0,0,0,100,100,0.0156624217,24.8146972459,100.0000000000,9.9188702074,1.0000000000,0.8064000000,250.0000000000,0,0,0,76,0
1216,100,0,4,100,100,0,0,1,104,588,100,100,0.0280663830,24.7866308628,25.0000000000,13.5476819042,1.0000000000,0.8896000000,226.6187050360,0,0,0,28,0
1217,100,0,4,100,100,0,0,0,0,0,100,100,0.0195162971,24.7671145657,25.0000000000,13.5476819042,1.0000000000,0.8064000000,250.0000000000,0,0,0,28,0
1218,100,0,4,100,100,0,0,0,0,0,100,100,0.0195162971,24.7475982686,25.0000000000,13.5476819042,1.0000000000,0.8064000000,250.0000000000,0,0,0,28,0
1219,100,0,4,100,100,0,0,0,0,0,100,100,0.0195162971,24.7280819714,25.0000000000,13.5476819042,1.0000000000,0.8064000000,250.0000000000,0,0,0,28,0
1220,100,0,4,100,100,0,0,0,0,0,100,100,0.0195162971,24.7085656743,25.0000000000,13.5476819042,1.0000000000,0.8064000000,250.0000000000,0,0,0,28,0
1221,100,0,3,100,100,0,0,1,103,491,100,100,0.0265856903,24.6819799839,33.3333333333,12.9832054095,1.0000000000,0.8888000000,226.8226822682,0,0,0,36,0
1222,100,0,3,100,100,0,0,0,0,0,100,100,0.0190640435,24.6629159404,33.3333333333,12.9832054095,1.0000000000,0.8064000000,250.0000000000,0,0,0,36,0
1223,100,0,3,100,100,0,0,0,0,0,100,100,0.0190640435,24.6438518969,33.3333333333,12.9832054095,1.0000000000,0.8064000000,250.0000000000,0,0,0,36,0
1224,100,0,3,100,100,0,0,0,0,0,100,100,0.0190640435,24.6247878534,33.3333333333,12.9832054095,1.0000000000,0.8064000000,250.0000000000,0,0,0,36,0
1225,100,0,3,100,100,0,0,0,0,0,100,100,0.0190640435,24.6057238099,33.3333333333,12.9832054095,1.0000000000,0.8064000000,250.0000000000,0,0,0,36,0
1226,100,0,1,100,100,0,0,1,101,297,100,100,0.0238468481,24.5818769617,100.0000000000,11.7735786483,1.0000000000,0.8872000000,227.2317403066,0,0,0,53,0
1227,100,0,1,100,100,0,0,0,0,0,100,100,0.0183739784,24.5635029834,100.0000000000,11.7735786483,1.0000000000,0.8064000000,250.0000000000,0,0,0,53,0
1228,100,0,1,100,100,0,0,0,0,0,100,100,0.0183739784,24.5451290050,100.0000000000,11.7735786483,1.0000000000,0.8064000000,250.0000000000,0,0,0,53,0
1229,100,0,1,100,100,0,0,0,0,0,100,100,0.0183739784,24.5267550266,100.0000000000,11.7735786483,1.0000000000,0.8064000000,250.0000000000,0,0,0,53,0
1230,100,0,1,100,100,0,0,0,0,0,100,100,0.0183739784,24.5083810482,100.0000000000,11.7735786483,1.0000000000,0.8064000000,250.0000000000,0,0,0,53,0
1231,100,0,1,100,100,0,0,1,101,297,100,100,0.0219689621,24.4864120861,100.0000000000,10.6446269044,1.0000000000,0.8872000000,227.2317403066,0,0,0,67,0
1232,100,0,1,100,100,0,0,0,0,0,100,100,0.0162803564,24.4701317297,100.0000000000,10.6446269044,1.0000000000,0.8064000000,250.0000000000,0,0,0,67,0
1233,100,0,1,100,100,0,0,0,0,0,100,100,0.0162803564,24.4538513733,100.0000000000,10.6446269044,1.0000000000,0.8064000000,250.0000000000,0,0,0,67,0
1234,100,0,1,100,100,0,0,0,0,0,100,100,0.0162803564,24.4375710169,100.0000000000,10.6446269044,1.0000000000,0.8064000000,250.0000000000,0,0,0,67,0
1235,100,0,1,100,100,0,0,0,0,0,100,100,0.0162803564,24.4212906605,100.0000000000,10.6446269044,1.0000000000,0.8064000000,250.0000000000,0,0,0,67,0
1236,100,0,4,100,100,0,0,1,104,588,100,100,0.0293714799,24.3919191805,25.0000000000,14.5960141510,1.0000000000,0.8896000000,226.6187050360,0,0,0,15,0
1237,100,0,4,100,100,0,0,0,0,0,100,100,0.0208497191,24.3710694615,25.0000000000,14.5960141510,1.0000000000,0.8064000000,250.0000000000,0,0,0,15,0
1238,100,0,4,100,100,0,0,0,0,0,100,100,0.0208497191,24.3502197424,25.0000000000,14.5960141510,1.0000000000,0.8064000000,250.0000000000,0,0,0,15,0
1239,100,0,4,100,100,0,0,0,0,0,100,100,0.0208497191,24.3293700233,25.0000000000,14.5960141510,1.0000000000,0.8064000000,250.0000000000,0,0,0,15,0
1240,100,0,4,100,100,0,0,0,0,0,100,100,0.0208497191,24.3085203043,25.0000000000,14.5960141510,1.0000000000,0.8064000000,250.0000000000,0,0,0,15,0
1241,100,0,3,100,100,0,0,1,103,491,100,100,0.0264885198,24.2820317845,33.3333333333,13.2251257024,1.0000000000,0.8888000000,226.8226822682,0,0,0,33,0
1242,100,0,3,100,100,0,0,0,0,0,100,100,0.0190052436,24.2630265408,33.3333333333,13.2251257024,1.0000000000,0.8064000000,250.0000000000,0,0,0,33,0
1243,100,0,3,100,100,0,0,0,0,0,100,100,0.0190052436,24.2440212972,33.3333333333,13.2251257024,1.0000000000,0.8064000000,250.0000000000,0,0,0,33,0
1244,100,0,3,100,100,0,0,0,0,0,100,100,0.0190052436,24.2250160536,33.3333333333,13.2251257024,1.0000000000,0.8064000000,250.0000000000,0,0,0,33,0
1245,100,0,3,100,100,0,0,0,0,0,100,100,0.0190052436,24.2060108099,33.3333333333,13.2251257024,1.0000000000,0.8064000000,250.0000000000,0,0,0,33,0
1246,100,0,5,100,100,0,0,1,105,685,100,100,0.0286498009,24.1773610091,20.0000000000,13.4670464317,1.0000000000,0.8904000000,226.4150943396,0,0,0,28,0
1247,100,0,5,100,100,0,0,0,0,0,100,100,0.0190632902,24.1582977188,20.0000000000,13.4670464317,1.0000000000,0.8064000000,250.0000000000,0,0,0,28,0
1248,100,0,5,100,100,0,0,0,0,0,100,100,0.0190632902,24.1392344286,20.0000000000,13.4670464317,1.0000000000,0.8064000000,250.0000000000,0,0,0,28,0
1249,100,0,5,100,100,0,0,0,0,0,100,100,0.0190632902,24.1201711383,20.0000000000,13.4670464317,1.0000000000,0.8064000000,250.0000000000,0,0,0,28,0
1250,100,0,5,100,100,0,0,0,0,0,100,100,0.0190632902,24.1011078481,20.0000000000,13.4670464317,1.0000000000,0.8064000000,250.0000000000,0,0,0,28,0
1251,100,0,1,100,100,0,0,1,101,297,100,100,0.0221129972,24.0789948509,100.0000000000,10.4027240537,1.0000000000,0.8872000000,227.2317403066,0,0,0,70,0
1252,100,0,1,100,100,0,0,0,0,0,100,100,0.0161331636,24.0628616873,100.0000000000,10.4027240537,1.0000000000,0.8064000000,250.0000000000,0,0,0,70,0
1253,100,0,1,100,100,0,0,0,0,0,100,100,0.0161331636,24.0467285237,100.0000000000,10.4027240537,1.0000000000,0.8064000000,250.0000000000,0,0,0,70,0
1254,100,0,1,100,100,0,0,0,0,0,100,100,0.0161331636,24.0305953602,100.0000000000,10.4027240537,1.0000000000,0.8064000000,250.0000000000,0,0,0,70,0
1255,100,0,1,100,100,0,0,0,0,0,100,100,0.0161331636,24.0144621966,100.0000000000,10.4027240537,1.0000000000,0.8064000000,250.0000000000,0,0,0,70,0
1256,100,0,5,100,100,0,0,1,105,685,100,100,0.0279924309,23.9864697657,20.0000000000,12.9832105991,1.0000000000,0.8904000000,226.4150943396,0,0,0,34,0
1257,100,0,5,100,100,0,0,0,0,0,100,100,0.0183513167,23.9681184490,20.0000000000,12.9832105991,1.0000000000,0.8064000000,250.0000000000,0,0,0,34,0
1258,100,0,5,100,100,0,0,0,0,0,100,100,0.0183513167,23.9497671324,20.0000000000,12.9832105991,1.0000000000,0.8064000000,250.0000000000,0,0,0,34,0
1259,100,0,5,100,100,0,0,0,0,0,100,100,0.0183513167,23.9314158157,20.0000000000,12.9832105991,1.0000000000,0.8064000000,250.0000000000,0,0,0,34,0
1260,100,0,5,100,100,0,0,0,0,0,100,100,0.0183513167,23.9130644991,20.0000000000,12.9832105991,1.0000000000,0.8064000000,250.0000000000,0,0,0,34,0
1261,100,0,3,100,100,0,0,1,103,491,100,100,0.0266984078,23.8863660913,33.3333333333,13.3057700246,1.0000000000,0.8888000000,226.8226822682,0,0,0,32,0
1262,100,0,3,100,100,0,0,0,0,0,100,100,0.0192034690,23.8671626223,33.3333333333,13.3057700246,1.0000000000,0.8064000000,250.0000000000,0,0,0,32,0
1263,100,0,3,100,100,0,0,0,0,0,100,100,0.0192034690,23.8479591533,33.3333333333,13.3057700246,1.0000000000,0.8064000000,250.0000000000,0,0,0,32,0
1264,100,0,3,100,100,0,0,0,0,0,100,100,0.0192034690,23.8287556843,33.3333333333,13.3057700246,1.0000000000,0.8064000000,250.0000000000,0,0,0,32,0
1265,100,0,3,100,100,0,0,0,0,0,100,100,0.0192034690,23.8095522153,33.3333333333,13.3057700246,1.0000000000,0.8064000000,250.0000000000,0,0,0,32,0
1266,100,0,2,100,100,0,0,1,102,394,100,100,0.0254816893,23.7840705260,50.0000000000,12.9025773717,1.0000000000,0.8880000000,227.0270270270,0,0,0,38,0
1267,100,0,2,100,100,0,0,0,0,0,100,100,0.0189789781,23.7650915479,50.0000000000,12.9025773717,1.0000000000,0.8064000000,250.0000000000,0,0,0,38,0
1268,100,0,2,100,100,0,0,0,0,0,100,100,0.0189789781,23.7461125699,50.0000000000,12.9025773717,1.0000000000,0.8064000000,250.0000000000,0,0,0,38,0
1269,100,0,2,100,100,0,0,0,0,0,100,100,0.0189789781,23.7271335918,50.0000000000,12.9025773717,1.0000000000,0.8064000000,250.0000000000,0,0,0,38,0
1270,100,0,2,100,100,0,0,0,0,0,100,100,0.0189789781,23.7081546138,50.0000000000,12.9025773717,1.0000000000,0.8064000000,250.0000000000,0,0,0,38,0
1271,100,0,1,100,100,0,0,1,101,297,100,100,0.0214385603,23.6867160534,100.0000000000,9.7575884627,1.0000000000,0.8872000000,227.2317403066,0,0,0,78,0
1272,100,0,1,100,100,0,0,0,0,0,100,100,0.0154564533,23.6712596001,100.0000000000,9.7575884627,1.0000000000,0.8064000000,250.0000000000,0,0,0,78,0
1273,100,0,1,100,100,0,0,0,0,0,100,100,0.0154564533,23.6558031468,100.0000000000,9.7575884627,1.0000000000,0.8064000000,250.0000000000,0,0,0,78,0
1274,100,0,1,100,100,0,0,0,0,0,100,100,0.0154564533,23.6403466935,100.0000000000,9.7575884627,1.0000000000,0.8064000000,250.0000000000,0,0,0,78,0
1275,100,0,1,100,100,0,0,0,0,0,100,100,0.0154564533,23.6248902402,100.0000000000,9.7575884627,1.0000000000,0.8064000000,250.0000000000,0,0,0,78,0
1276,100,0,6,100,100,0,0,1,106,782,100,100,0.0290924082,23.5957978321,16.6666666667,12.8219200865,1.0000000000,0.8912000000,226.2118491921,0,0,0,35,0
1277,100,0,6,100,100,0,0,0,0,0,100,100,0.0183632965,23.5774345356,16.6666666667,12.8219200865,1.0000000000,0.8064000000,250.0000000000,0,0,0,35,0
1278,100,0,6,100,100,0,0,0,0,0,100,100,0.0183632965,23.5590712391,16.6666666667,12.8219200865,1.0000000000,0.8064000000,250.0000000000,0,0,0,35,0
1279,100,0,6,100,100,0,0,0,0,0,100,100,0.0183632965,23.5407079426,16.6666666667,12.8219200865,1.0000000000,0.8064000000,250.0000000000,0,0,0,35,0
1280,100,0,6,100,100,0,0,0,0,0,100,100,0.0183632965,23.5223446462,16.6666666667,12.8219200865,1.0000000000,0.8064000000,250.0000000000,0,0,0,35,0
1281,100,0,7,100,100,0,0,1,107,879,100,100,0.0339579853,23.4883866609,14.2857142857,15.2411178641,1.0000000000,0.8920000000,226.0089686099,0,0,0,4,0
1282,100,0,7,100,100,0,0,0,0,0,100,100,0.0221624828,23.4662241781,14.2857142857,15.2411178641,1.0000000000,0.8064000000,250.0000000000,0,0,0,4,0
1283,100,0,7,100,100,0,0,0,0,0,100,100,0.0221624828,23.4440616953,14.2857142857,15.2411178641,1.0000000000,0.8064000000,250.0000000000,0,0,0,4,0
1284,100,0,7,100,100,0,0,0,0,0,100,100,0.0221624828,23.4218992126,14.2857142857,15.2411178641,1.0000000000,0.8064000000,250.0000000000,0,0,0,4,0
1285,100,0,7,100,100,0,0,0,0,0,100,100,0.0221624828,23.3997367298,14.2857142857,15.2411178641,1.0000000000,0.8064000000,250.0000000000,0,0,0,4,0
1286,100,0,8,100,100,0,0,1,108,976,100,100,0.0328066757,23.3669300541,12.5000000000,14.6766451467,1.0000000000,0.8928000000,225.8064516129,0,0,0,10,0
1287,100,0,8,100,100,0,0,0,0,0,100,100,0.0200622016,23.3468678525,12.5000000000,14.6766451467,1.0000000000,0.8064000000,250.0000000000,0,0,0,10,0
1288,100,0,8,100,100,0,0,0,0,0,100,100,0.0200622016,23.3268056509,12.5000000000,14.6766451467,1.0000000000,0.8064000000,250.0000000000,0,0,0,10,0
1289,100,0,8,100,100,0,0,0,0,0,100,100,0.0200622016,23.3067434494,12.5000000000,14.6766451467,1.0000000000,0.8064000000,250.0000000000,0,0,0,10,0
1290,100,0,8,100,100,0,0,0,0,0,100,100,0.0200622016,23.2866812478,12.5000000000,14.6766451467,1.0000000000,0.8064000000,250.0000000000,0,0,0,10,0
1291,100,0,9,100,100,0,0,1,109,1073,100,100,0.0341125806,23.2525686672,11.1111111111,14.6766469184,1.0000000000,0.8936000000,225.6042972247,0,0,0,9,0
1292,100,0,9,100,100,0,0,0,0,0,100,100,0.0202613956,23.2323072716,11.1111111111,14.6766469184,1.0000000000,0.8064000000,250.0000000000,0,0,0,9,0
1293,100,0,9,100,100,0,0,0,0,0,100,100,0.0202613956,23.2120458759,11.1111111111,14.6766469184,1.0000000000,0.8064000000,250.0000000000,0,0,0,9,0
1294,100,0,9,100,100,0,0,0,0,0,100,100,0.0202613956,23.1917844803,11.1111111111,14.6766469184,1.0000000000,0.8064000000,250.0000000000,0,0,0,9,0
1295,100,0,9,100,100,0,0,0,0,0,100,100,0.0202613956,23.1715230846,11.1111111111,14.6766469184,1.0000000000,0.8064000000,250.0000000000,0,0,0,9,0
1296,100,0,10,100,100,0,0,1,110,1170,100,100,0.0354084720,23.1361146126,10.0000000000,14.7572832620,1.0000000000,0.8944000000,225.4025044723,0,0,0,7,0
1297,100,0,10,100,100,0,0,0,0,0,100,100,0.0204746207,23.1156399919,10.0000000000,14.7572832620,1.0000000000,0.8064000000,250.0000000000,0,0,0,7,0
1298,100,0,10,100,100,0,0,0,0,0,100,100,0.0204746207,23.0951653711,10.0000000000,14.7572832620,1.0000000000,0.8064000000,250.0000000000,0,0,0,7,0
1299,100,0,10,100,100,0,0,0,0,0,100,100,0.0204746207,23.0746907504,10.0000000000,14.7572832620,1.0000000000,0.8064000000,250.0000000000,0,0,0,7,0
1300,100,0,10,100,100,0,0,0,0,0,100,100,0.0204746207,23.0542161296,10.0000000000,14.7572832620,1.0000000000,0.8064000000,250.0000000000,0,0,0,7,0
1301,100,0,1,100,100,0,0,1,101,297,100,100,0.0217270883,23.0324890413,100.0000000000,10.0801546043,1.0000000000,0.8872000000,227.2317403066,0,0,0,74,0
1302,100,0,1,100,100,0,0,0,0,0,100,100,0.0158304817,23.0166585596,100.0000000000,10.0801546043,1.0000000000,0.8064000000,250.0000000000,0,0,0,74,0
1303,100,0,1,100,100,0,0,0,0,0,100,100,0.0158304817,23.0008280779,100.0000000000,10.0801546043,1.0000000000,0.8064000000,250.0000000000,0,0,0,74,0
1304,100,0,1,100,100,0,0,0,0,0,100,100,0.0158304817,22.9849975962,100.0000000000,10.0801546043,1.0000000000,0.8064000000,250.0000000000,0,0,0,74,0
1305,100,0,1,100,100,0,0,0,0,0,100,100,0.0158304817,22.9691671145,100.0000000000,10.0801546043,1.0000000000,0.8064000000,250.0000000000,0,0,0,74,0
1306,100,0,1,100,100,0,0,1,101,297,100,100,0.0216766833,22.9474904312,100.0000000000,10.3220689262,1.0000000000,0.8872000000,227.2317403066,0,0,0,71,0
1307,100,0,1,100,100,0,0,0,0,0,100,100,0.0158705517,22.9316198795,100.0000000000,10.3220689262,1.0000000000,0.8064000000,250.0000000000,0,0,0,71,0
1308,100,0,1,100,100,0,0,0,0,0,100,100,0.0158705517,22.9157493279,100.0000000000,10.3220689262,1.0000000000,0.8064000000,250.0000000000,0,0,0,71,0
1309,100,0,1,100,100,0,0,0,0,0,100,100,0.0158705517,22.8998787762,100.0000000000,10.3220689262,1.0000000000,0.8064000000,250.0000000000,0,0,0,71,0
1310,100,0,1,100,100,0,0,0,0,0,100,100,0.0158705517,22.8840082246,100.0000000000,10.3220689262,1.0000000000,0.8064000000,250.0000000000,0,0,0,71,0
1311,100,0,2,100,100,0,0,1,102,394,100,100,0.0253847898,22.8586234348,50.0000000000,12.7412803923,1.0000000000,0.8880000000,227.0270270270,0,0,0,40,0
1312,100,0,2,100,100,0,0,0,0,0,100,100,0.0189136125,22.8397098222,50.0000000000,12.7412803923,1.0000000000,0.8064000000,250.0000000000,0,0,0,40,0
1313,100,0,2,100,100,0,0,0,0,0,100,100,0.0189136125,22.8207962097,50.0000000000,12.7412803923,1.0000000000,0.8064000000,250.0000000000,0,0,0,40,0
1314,100,0,2,100,100,0,0,0,0,0,100,100,0.0189136125,22.8018825971,50.0000000000,12.7412803923,1.0000000000,0.8064000000,250.0000000000,0,0,0,40,0
1315,100,0,2,100,100,0,0,0,0,0,100,100,0.0189136125,22.7829689846,50.0000000000,12.7412803923,1.0000000000,0.8064000000,250.0000000000,0,0,0,40,0
1316,100,0,1,100,100,0,0,1,101,297,100,100,0.0227313544,22.7602376302,100.0000000000,10.9671789643,1.0000000000,0.8872000000,227.2317403066,0,0,0,63,0
1317,100,0,1,100,100,0,0,0,0,0,100,100,0.0172111547,22.7430264755,100.0000000000,10.9671789643,1.0000000000,0.8064000000,250.0000000000,0,0,0,63,0
1318,100,0,1,100,100,0,0,0,0,0,100,100,0.0172111547,22.7258153209,100.0000000000,10.9671789643,1.0000000000,0.8064000000,250.0000000000,0,0,0,63,0
1319,100,0,1,100,100,0,0,0,0,0,100,100,0.0172111547,22.7086041662,100.0000000000,10.9671789643,1.0000000000,0.8064000000,250.0000000000,0,0,0,63,0
1320,100,0,1,100,100,0,0,0,0,0,100,100,0.0172111547,22.6913930116,100.0000000000,10.9671789643,1.0000000000,0.8064000000,250.0000000000,0,0,0,63,0
1321,100,0,3,100,100,0,0,1,103,491,100,100,0.0263981824,22.6649948291,33.3333333333,12.9025586886,1.0000000000,0.8888000000,226.8226822682,0,0,0,37,0
1322,100,0,3,100,100,0,0,0,0,0,100,100,0.0188912296,22.6461035995,33.3333333333,12.9025586886,1.0000000000,0.8064000000,250.0000000000,0,0,0,37,0
1323,100,0,3,100,100,0,0,0,0,0,100,100,0.0188912296,22.6272123698,33.3333333333,12.9025586886,1.0000000000,0.8064000000,250.0000000000,0,0,0,37,0
1324,100,0,3,100,100,0,0,0,0,0,100,100,0.0188912296,22.6083211402,33.3333333333,12.9025586886,1.0000000000,0.8064000000,250.0000000000,0,0,0,37,0
1325,100,0,3,100,100,0,0,0,0,0,100,100,0.0188912296,22.5894299106,33.3333333333,12.9025586886,1.0000000000,0.8064000000,250.0000000000,0,0,0,37,0
1326,100,0,4,100,100,0,0,1,104,588,100,100,0.0263653365,22.5630645741,25.0000000000,11.9348902849,1.0000000000,0.8896000000,226.6187050360,0,0,0,48,0
1327,100,0,4,100,100,0,0,0,0,0,100,100,0.0176087714,22.5454558027,25.0000000000,11.9348902849,1.0000000000,0.8064000000,250.0000000000,0,0,0,48,0
1328,100,0,4,100,100,0,0,0,0,0,100,100,0.0176087714,22.5278470312,25.0000000000,11.9348902849,1.0000000000,0.8064000000,250.0000000000,0,0,0,48,0
1329,100,0,4,100,100,0,0,0,0,0,100,100,0.0176087714,22.5102382598,25.0000000000,11.9348902849,1.0000000000,0.8064000000,250.0000000000,0,0,0,48,0
1330,100,0,4,100,100,0,0,0,0,0,100,100,0.0176087714,22.4926294883,25.0000000000,11.9348902849,1.0000000000,0.8064000000,250.0000000000,0,0,0,48,0
1331,100,0,2,100,100,0,0,1,102,394,100,100,0.0241820645,22.4684474238,50.0000000000,12.0155319707,1.0000000000,0.8880000000,227.0270270270,0,0,0,49,0
1332,100,0,2,100,100,0,0,0,0,0,100,100,0.0176488372,22.4507985866,50.0000000000,12.0155319707,1.0000000000,0.8064000000,250.0000000000,0,0,0,49,0
1333,100,0,2,100,100,0,0,0,0,0,100,100,0.0176488372,22.4331497494,50.0000000000,12.0155319707,1.0000000000,0.8064000000,250.0000000000,0,0,0,49,0
1334,100,0,2,100,100,0,0,0,0,0,100,100,0.0176488372,22.4155009122,50.0000000000,12.0155319707,1.0000000000,0.8064000000,250.0000000000,0,0,0,49,0
1335,100,0,2,100,100,0,0,0,0,0,100,100,0.0176488372,22.3978520751,50.0000000000,12.0155319707,1.0000000000,0.8064000000,250.0000000000,0,0,0,49,0
1336,100,0,3,100,100,0,0,1,103,491,100,100,0.0245002883,22.3733517868,33.3333333333,11.3704029080,1.0000000000,0.8888000000,226.8226822682,0,0,0,56,0
1337,100,0,3,100,100,0,0,0,0,0,100,100,0.0167686884,22.3565830984,33.3333333333,11.3704029080,1.0000000000,0.8064000000,250.0000000000,0,0,0,56,0
1338,100,0,3,100,100,0,0,0,0,0,100,100,0.0167686884,22.3398144100,33.3333333333,11.3704029080,1.0000000000,0.8064000000,250.0000000000,0,0,0,56,0
1339,100,0,3,100,100,0,0,0,0,0,100,100,0.0167686884,22.3230457215,33.3333333333,11.3704029080,1.0000000000,0.8064000000,250.0000000000,0,0,0,56,0
1340,100,0,3,100,100,0,0,0,0,0,100,100,0.0167686884,22.3062770331,33.3333333333,11.3704029080,1.0000000000,0.8064000000,250.0000000000,0,0,0,56,0
1341,100,0,1,100,100,0,0,1,101,297,100,100,0.0219760051,22.2843010280,100.0000000000,10.6446268015,1.0000000000,0.8872000000,227.2317403066,0,0,0,67,0
1342,100,0,1,100,100,0,0,0,0,0,100,100,0.0162940243,22.2680070037,100.0000000000,10.6446268015,1.0000000000,0.8064000000,250.0000000000,0,0,0,67,0
1343,100,0,1,100,100,0,0,0,0,0,100,100,0.0162940243,22.2517129795,100.0000000000,10.6446268015,1.0000000000,0.8064000000,250.0000000000,0,0,0,67,0
1344,100,0,1,100,100,0,0,0,0,0,100,100,0.0162940243,22.2354189552,100.0000000000,10.6446268015,1.0000000000,0.8064000000,250.0000000000,0,0,0,67,0
1345,100,0,1,100,100,0,0,0,0,0,100,100,0.0162940243,22.2191249310,100.0000000000,10.6446268015,1.0000000000,0.8064000000,250.0000000000,0,0,0,67,0
1346,100,0,4,100,100,0,0,1,104,588,100,100,0.0279100214,22.1912149096,25.0000000000,13.8702619974,1.0000000000,0.8896000000,226.6187050360,0,0,0,24,0
1347,100,0,4,100,100,0,0,0,0,0,100,100,0.0194101296,22.1718047800,25.0000000000,13.8702619974,1.0000000000,0.8064000000,250.0000000000,0,0,0,24,0
1348,100,0,4,100,100,0,0,0,0,0,100,100,0.0194101296,22.1523946504,25.0000000000,13.8702619974,1.0000000000,0.8064000000,250.0000000000,0,0,0,24,0
1349,100,0,4,100,100,0,0,0,0,0,100,100,0.0194101296,22.1329845208,25.0000000000,13.8702619974,1.0000000000,0.8064000000,250.0000000000,0,0,0,24,0
1350,100,0,4,100,100,0,0,0,0,0,100,100,0.0194101296,22.1135743912,25.0000000000,13.8702619974,1.0000000000,0.8064000000,250.0000000000,0,0,0,24,0
1351,100,0,2,100,100,0,0,1,102,394,100,100,0.0233716122,22.0902027790,50.0000000000,11.2897649536,1.0000000000,0.8880000000,227.0270270270,0,0,0,58,0
1352,100,0,2,100,100,0,0,0,0,0,100,100,0.0166883608,22.0735144182,50.0000000000,11.2897649536,1.0000000000,0.8064000000,250.0000000000,0,0,0,58,0
1353,100,0,2,100,100,0,0,0,0,0,100,100,0.0166883608,22.0568260574,50.0000000000,11.2897649536,1.0000000000,0.8064000000,250.0000000000,0,0,0,58,0
1354,100,0,2,100,100,0,0,0,0,0,100,100,0.0166883608,22.0401376966,50.0000000000,11.2897649536,1.0000000000,0.8064000000,250.0000000000,0,0,0,58,0
1355,100,0,2,100,100,0,0,0,0,0,100,100,0.0166883608,22.0234493358,50.0000000000,11.2897649536,1.0000000000,0.8064000000,250.0000000000,0,0,0,58,0
1356,100,0,2,100,100,0,0,1,102,394,100,100,0.0258337171,21.9976156187,50.0000000000,13.0638382157,1.0000000000,0.8880000000,227.0270270270,0,0,0,36,0
1357,100,0,2,100,100,0,0,0,0,0,100,100,0.0193826297,21.9782329890,50.0000000000,13.0638382157,1.0000000000,0.8064000000,250.0000000000,0,0,0,36,0
1358,100,0,2,100,100,0,0,0,0,0,100,100,0.0193826297,21.9588503593,50.0000000000,13.0638382157,1.0000000000,0.8064000000,250.0000000000,0,0,0,36,0
1359,100,0,2,100,100,0,0,0,0,0,100,100,0.0193826297,21.9394677295,50.0000000000,13.0638382157,1.0000000000,0.8064000000,250.0000000000,0,0,0,36,0
1360,100,0,2,100,100,0,0,0,0,0,100,100,0.0193826297,21.9200850998,50.0000000000,13.0638382157,1.0000000000,0.8064000000,250.0000000000,0,0,0,36,0
1361,100,0,3,100,100,0,0,1,103,491,100,100,0.0245227536,21.8955623462,33.3333333333,10.9671898832,1.0000000000,0.8888000000,226.8226822682,0,0,0,61,0
1362,100,0,3,100,100,0,0,0,0,0,100,100,0.0167403787,21.8788219675,33.3333333333,10.9671898832,1.0000000000,0.8064000000,250.0000000000,0,0,0,61,0
1363,100,0,3,100,100,0,0,0,0,0,100,100,0.0167403787,21.8620815889,33.3333333333,10.9671898832,1.0000000000,0.8064000000,250.0000000000,0,0,0,61,0
1364,100,0,3,100,100,0,0,0,0,0,100,100,0.0167403787,21.8453412102,33.3333333333,10.9671898832,1.0000000000,0.8064000000,250.0000000000,0,0,0,61,0
1365,100,0,3,100,100,0,0,0,0,0,100,100,0.0167403787,21.8286008315,33.3333333333,10.9671898832,1.0000000000,0.8064000000,250.0000000000,0,0,0,61,0
1366,100,0,4,100,100,0,0,1,104,588,100,100,0.0284004234,21.8002004081,25.0000000000,13.6283180874,1.0000000000,0.8896000000,226.6187050360,0,0,0,27,0
1367,100,0,4,100,100,0,0,0,0,0,100,100,0.0198098143,21.7803905938,25.0000000000,13.6283180874,1.0000000000,0.8064000000,250.0000000000,0,0,0,27,0
1368,100,0,4,100,100,0,0,0,0,0,100,100,0.0198098143,21.7605807795,25.0000000000,13.6283180874,1.0000000000,0.8064000000,250.0000000000,0,0,0,27,0
1369,100,0,4,100,100,0,0,0,0,0,100,100,0.0198098143,21.7407709651,25.0000000000,13.6283180874,1.0000000000,0.8064000000,250.0000000000,0,0,0,27,0
1370,100,0,4,100,100,0,0,0,0,0,100,100,0.0198098143,21.7209611508,25.0000000000,13.6283180874,1.0000000000,0.8064000000,250.0000000000,0,0,0,27,0
1371,100,0,6,100,100,0,0,1,106,782,100,100,0.0310474323,21.6899137185,16.6666666667,14.5960212632,1.0000000000,0.8912000000,226.2118491921,0,0,0,13,0
1372,100,0,6,100,100,0,0,0,0,0,100,100,0.0204116808,21.6695020377,16.6666666667,14.5960212632,1.0000000000,0.8064000000,250.0000000000,0,0,0,13,0
1373,100,0,6,100,100,0,0,0,0,0,100,100,0.0204116808,21.6490903568,16.6666666667,14.5960212632,1.0000000000,0.8064000000,250.0000000000,0,0,0,13,0
1374,100,0,6,100,100,0,0,0,0,0,100,100,0.0204116808,21.6286786760,16.6666666667,14.5960212632,1.0000000000,0.8064000000,250.0000000000,0,0,0,13,0
1375,100,0,6,100,100,0,0,0,0,0,100,100,0.0204116808,21.6082669952,16.6666666667,14.5960212632,1.0000000000,0.8064000000,250.0000000000,0,0,0,13,0
1376,100,0,7,100,100,0,0,1,107,879,100,100,0.0314238255,21.5768431697,14.2857142857,14.1121826267,1.0000000000,0.8920000000,226.0089686099,0,0,0,18,0
1377,100,0,7,100,100,0,0,0,0,0,100,100,0.0197010860,21.5571420838,14.2857142857,14.1121826267,1.0000000000,0.8064000000,250.0000000000,0,0,0,18,0
1378,100,0,7,100,100,0,0,0,0,0,100,100,0.0197010860,21.5374409978,14.2857142857,14.1121826267,1.0000000000,0.8064000000,250.0000000000,0,0,0,18,0
1379,100,0,7,100,100,0,0,0,0,0,100,100,0.0197010860,21.5177399119,14.2857142857,14.1121826267,1.0000000000,0.8064000000,250.0000000000,0,0,0,18,0
1380,100,0,7,100,100,0,0,0,0,0,100,100,0.0197010860,21.4980388259,14.2857142857,14.1121826267,1.0000000000,0.8064000000,250.0000000000,0,0,0,18,0
1381,100,0,2,100,100,0,0,1,102,394,100,100,0.0230965884,21.4749422375,50.0000000000,10.5640043423,1.0000000000,0.8880000000,227.0270270270,0,0,0,67,0
1382,100,0,2,100,100,0,0,0,0,0,100,100,0.0161561940,21.4587860435,50.0000000000,10.5640043423,1.0000000000,0.8064000000,250.0000000000,0,0,0,67,0
1383,100,0,2,100,100,0,0,0,0,0,100,100,0.0161561940,21.4426298495,50.0000000000,10.5640043423,1.0000000000,0.8064000000,250.0000000000,0,0,0,67,0
1384,100,0,2,100,100,0,0,0,0,0,100,100,0.0161561940,21.4264736556,50.0000000000,10.5640043423,1.0000000000,0.8064000000,250.0000000000,0,0,0,67,0
1385,100,0,2,100,100,0,0,0,0,0,100,100,0.0161561940,21.4103174616,50.0000000000,10.5640043423,1.0000000000,0.8064000000,250.0000000000,0,0,0,67,0
1386,100,0,6,100,100,0,0,1,106,782,100,100,0.0317979688,21.3785194927,16.6666666667,15.2411275156,1.0000000000,0.8912000000,226.2118491921,0,0,0,5,0
1387,100,0,6,100,100,0,0,0,0,0,100,100,0.0211779556,21.3573415371,16.6666666667,15.2411275156,1.0000000000,0.8064000000,250.0000000000,0,0,0,5,0
1388,100,0,6,100,100,0,0,0,0,0,100,100,0.0211779556,21.3361635815,16.6666666667,15.2411275156,1.0000000000,0.8064000000,250.0000000000,0,0,0,5,0
1389,100,0,6,100,100,0,0,0,0,0,100,100,0.0211779556,21.3149856259,16.6666666667,15.2411275156,1.0000000000,0.8064000000,250.0000000000,0,0,0,5,0
1390,100,0,6,100,100,0,0,0,0,0,100,100,0.0211779556,21.2938076703,16.6666666667,15.2411275156,1.0000000000,0.8064000000,250.0000000000,0,0,0,5,0
1391,100,0,11,100,100,0,0,1,111,1267,100,100,0.0366063025,21.2572013678,9.0909090909,14.9991925694,1.0000000000,0.8952000000,225.2010723861,0,0,0,3,0
1392,100,0,11,100,100,0,0,0,0,0,100,100,0.0206056300,21.2365957379,9.0909090909,14.9991925694,1.0000000000,0.8064000000,250.0000000000,0,0,0,3,0
1393,100,0,11,100,100,0,0,0,0,0,100,100,0.0206056300,21.2159901079,9.0909090909,14.9991925694,1.0000000000,0.8064000000,250.0000000000,0,0,0,3,0
1394,100,0,11,100,100,0,0,0,0,0,100,100,0.0206056300,21.1953844779,9.0909090909,14.9991925694,1.0000000000,0.8064000000,250.0000000000,0,0,0,3,0
1395,100,0,11,100,100,0,0,0,0,0,100,100,0.0206056300,21.1747788479,9.0909090909,14.9991925694,1.0000000000,0.8064000000,250.0000000000,0,0,0,3,0
1396,100,0,14,100,100,0,0,1,113,1558,100,100,0.0391473494,21.1356314985,7.1428571429,14.3540867346,1.0000000000,0.8968000000,224.7992863515,0,0,0,8,0
1397,100,0,14,100,100,0,0,0,0,0,100,100,0.0199248270,21.1157066715,7.1428571429,14.3540867346,1.0000000000,0.8064000000,250.0000000000,0,0,0,8,0
1398,100,0,14,100,100,0,0,0,0,0,100,100,0.0199248270,21.0957818445,7.1428571429,14.3540867346,1.0000000000,0.8064000000,250.0000000000,0,0,0,8,0
1399,100,0,14,100,100,0,0,0,0,0,100,100,0.0199248270,21.0758570175,7.1428571429,14.3540867346,1.0000000000,0.8064000000,250.0000000000,0,0,0,8,0
1400,100,0,14,100,100,0,0,0,0,0,100,100,0.0199248270,21.0559321904,7.1428571429,14.3540867346,1.0000000000,0.8064000000,250.0000000000,0,0,0,8,0
1401,100,0,2,100,100,0,0,1,102,394,100,100,0.0230937068,21.0328384836,50.0000000000,10.8865683227,1.0000000000,0.8880000000,227.0270270270,0,0,0,63,0
1402,100,0,2,100,100,0,0,0,0,0,100,100,0.0162839861,21.0165544975,50.0000000000,10.8865683227,1.0000000000,0.8064000000,250.0000000000,0,0,0,63,0
1403,100,0,2,100,100,0,0,0,0,0,100,100,0.0162839861,21.0002705114,50.0000000000,10.8865683227,1.0000000000,0.8064000000,250.0000000000,0,0,0,63,0
1404,100,0,2,100,100,0,0,0,0,0,100,100,0.0162839861,20.9839865253,50.0000000000,10.8865683227,1.0000000000,0.8064000000,250.0000000000,0,0,0,63,0
1405,100,0,2,100,100,0,0,0,0,0,100,100,0.0162839861,20.9677025392,50.0000000000,10.8865683227,1.0000000000,0.8064000000,250.0000000000,0,0,0,63,0
1406,100,0,1,100,100,0,0,1,101,297,100,100,0.0225001926,20.9452023466,100.0000000000,10.8059045709,1.0000000000,0.8872000000,227.2317403066,0,0,0,65,0
1407,100,0,1,100,100,0,0,0,0,0,100,100,0.0169021343,20.9283002123,100.0000000000,10.8059045709,1.0000000000,0.8064000000,250.0000000000,0,0,0,65,0
1408,100,0,1,100,100,0,0,0,0,0,100,100,0.0169021343,20.9113980780,100.0000000000,10.8059045709,1.0000000000,0.8064000000,250.0000000000,0,0,0,65,0
1409,100,0,1,100,100,0,0,0,0,0,100,100,0.0169021343,20.8944959437,100.0000000000,10.8059045709,1.0000000000,0.8064000000,250.0000000000,0,0,0,65,0
1410,100,0,1,100,100,0,0,0,0,0,100,100,0.0169021343,20.8775938094,100.0000000000,10.8059045709,1.0000000000,0.8064000000,250.0000000000,0,0,0,65,0
1411,100,0,2,100,100,0,0,1,102,394,100,100,0.0266916041,20.8509022053,50.0000000000,13.5476738205,1.0000000000,0.8880000000,227.0270270270,0,0,0,30,0
1412,100,0,2,100,100,0,0,0,0,0,100,100,0.0202454920,20.8306567133,50.0000000000,13.5476738205,1.0000000000,0.8064000000,250.0000000000,0,0,0,30,0
1413,100,0,2,100,100,0,0,0,0,0,100,100,0.0202454920,20.8104112212,50.0000000000,13.5476738205,1.0000000000,0.8064000000,250.0000000000,0,0,0,30,0
1414,100,0,2,100,100,0,0,0,0,0,100,100,0.0202454920,20.7901657292,50.0000000000,13.5476738205,1.0000000000,0.8064000000,250.0000000000,0,0,0,30,0
1415,100,0,2,100,100,0,0,0,0,0,100,100,0.0202454920,20.7699202371,50.0000000000,13.5476738205,1.0000000000,0.8064000000,250.0000000000,0,0,0,30,0
1416,100,0,1,100,100,0,0,1,101,297,100,100,0.0228401328,20.7470801043,100.0000000000,11.1284611594,1.0000000000,0.8872000000,227.2317403066,0,0,0,61,0
1417,100,0,1,100,100,0,0,0,0,0,100,100,0.0173359916,20.7297441127,100.0000000000,11.1284611594,1.0000000000,0.8064000000,250.0000000000,0,0,0,61,0
1418,100,0,1,100,100,0,0,0,0,0,100,100,0.0173359916,20.7124081211,100.0000000000,11.1284611594,1.0000000000,0.8064000000,250.0000000000,0,0,0,61,0
1419,100,0,1,100,100,0,0,0,0,0,100,100,0.0173359916,20.6950721295,100.0000000000,11.1284611594,1.0000000000,0.8064000000,250.0000000000,0,0,0,61,0
1420,100,0,1,100,100,0,0,0,0,0,100,100,0.0173359916,20.6777361379,100.0000000000,11.1284611594,1.0000000000,0.8064000000,250.0000000000,0,0,0,61,0
1421,100,0,4,100,100,0,0,1,103,588,100,100,0.0255872361,20.6521489017,25.0000000000,11.2091196366,1.0000000000,0.8888000000,226.8226822682,0,0,0,57,0
1422,100,0,4,100,100,0,0,0,0,0,100,100,0.0168817868,20.6352671150,25.0000000000,11.2091196366,1.0000000000,0.8064000000,250.0000000000,0,0,0,57,0
1423,100,0,4,100,100,0,0,0,0,0,100,100,0.0168817868,20.6183853282,25.0000000000,11.2091196366,1.0000000000,0.8064000000,250.0000000000,0,0,0,57,0
1424,100,0,4,100,100,0,0,0,0,0,100,100,0.0168817868,20.6015035414,25.0000000000,11.2091196366,1.0000000000,0.8064000000,250.0000000000,0,0,0,57,0
1425,100,0,4,100,100,0,0,0,0,0,100,100,0.0168817868,20.5846217546,25.0000000000,11.2091196366,1.0000000000,0.8064000000,250.0000000000,0,0,0,57,0
1426,100,0,4,100,100,0,0,1,104,588,100,100,0.0263859110,20.5582358436,25.0000000000,11.9348778742,1.0000000000,0.8896000000,226.6187050360,0,0,0,48,0
1427,100,0,4,100,100,0,0,0,0,0,100,100,0.0176912926,20.5405445509,25.0000000000,11.9348778742,1.0000000000,0.8064000000,250.0000000000,0,0,0,48,0
1428,100,0,4,100,100,0,0,0,0,0,100,100,0.0176912926,20.5228532583,25.0000000000,11.9348778742,1.0000000000,0.8064000000,250.0000000000,0,0,0,48,0
1429,100,0,4,100,100,0,0,0,0,0,100,100,0.0176912926,20.5051619657,25.0000000000,11.9348778742,1.0000000000,0.8064000000,250.0000000000,0,0,0,48,0
1430,100,0,4,100,100,0,0,0,0,0,100,100,0.0176912926,20.4874706730,25.0000000000,11.9348778742,1.0000000000,0.8064000000,250.0000000000,0,0,0,48,0
1431,100,0,1,100,100,0,0,1,101,297,100,100,0.0219408563,20.4655298167,100.0000000000,10.6446249019,1.0000000000,0.8872000000,227.2317403066,0,0,0,67,0
1432,100,0,1,100,100,0,0,0,0,0,100,100,0.0162887341,20.4492410826,100.0000000000,10.6446249019,1.0000000000,0.8064000000,250.0000000000,0,0,0,67,0
1433,100,0,1,100,100,0,0,0,0,0,100,100,0.0162887341,20.4329523485,100.0000000000,10.6446249019,1.0000000000,0.8064000000,250.0000000000,0,0,0,67,0
1434,100,0,1,100,100,0,0,0,0,0,100,100,0.0162887341,20.4166636143,100.0000000000,10.6446249019,1.0000000000,0.8064000000,250.0000000000,0,0,0,67,0
1435,100,0,1,100,100,0,0,0,0,0,100,100,0.0162887341,20.4003748802,100.0000000000,10.6446249019,1.0000000000,0.8064000000,250.0000000000,0,0,0,67,0
1436,100,0,1,100,100,0,0,1,101,297,100,100,0.0216208556,20.3787540246,100.0000000000,9.7575965215,1.0000000000,0.8872000000,227.2317403066,0,0,0,78,0
1437,100,0,1,100,100,0,0,0,0,0,100,100,0.0155282446,20.3632257800,100.0000000000,9.7575965215,1.0000000000,0.8064000000,250.0000000000,0,0,0,78,0
1438,100,0,1,100,100,0,0,0,0,0,100,100,0.0155282446,20.3476975353,100.0000000000,9.7575965215,1.0000000000,0.8064000000,250.0000000000,0,0,0,78,0
1439,100,0,1,100,100,0,0,0,0,0,100,100,0.0155282446,20.3321692907,100.0000000000,9.7575965215,1.0000000000,0.8064000000,250.0000000000,0,0,0,78,0
1440,100,0,1,100,100,0,0,0,0,0,100,100,0.0155282446,20.3166410461,100.0000000000,9.7575965215,1.0000000000,0.8064000000,250.0000000000,0,0,0,78,0
1441,100,0,4,100,100,0,0,1,104,588,100,100,0.0283803124,20.2882607337,25.0000000000,14.1928200741,1.0000000000,0.8896000000,226.6187050360,0,0,0,20,0
1442,100,0,4,100,100,0,0,0,0,0,100,100,0.0198916680,20.2683690657,25.0000000000,14.1928200741,1.0000000000,0.8064000000,250.0000000000,0,0,0,20,0
1443,100,0,4,100,100,0,0,0,0,0,100,100,0.0198916680,20.2484773978,25.0000000000,14.1928200741,1.0000000000,0.8064000000,250.0000000000,0,0,0,20,0
1444,100,0,4,100,100,0,0,0,0,0,100,100,0.0198916680,20.2285857298,25.0000000000,14.1928200741,1.0000000000,0.8064000000,250.0000000000,0,0,0,20,0
1445,100,0,4,100,100,0,0,0,0,0,100,100,0.0198916680,20.2086940618,25.0000000000,14.1928200741,1.0000000000,0.8064000000,250.0000000000,0,0,0,20,0
1446,100,0,4,100,100,0,0,1,104,588,100,100,0.0283975737,20.1802964881,25.0000000000,14.1121771291,1.0000000000,0.8896000000,226.6187050360,0,0,0,21,0
1447,100,0,4,100,100,0,0,0,0,0,100,100,0.0198929238,20.1604035643,25.0000000000,14.1121771291,1.0000000000,0.8064000000,250.0000000000,0,0,0,21,0
1448,100,0,4,100,100,0,0,0,0,0,100,100,0.0198929238,20.1405106405,25.0000000000,14.1121771291,1.0000000000,0.8064000000,250.0000000000,0,0,0,21,0
1449,100,0,4,100,100,0,0,0,0,0,100,100,0.0198929238,20.1206177166,25.0000000000,14.1121771291,1.0000000000,0.8064000000,250.0000000000,0,0,0,21,0
1450,100,0,4,100,100,0,0,0,0,0,100,100,0.0198929238,20.1007247928,25.0000000000,14.1121771291,1.0000000000,0.8064000000,250.0000000000,0,0,0,21,0
1451,100,0,3,100,100,0,0,1,103,491,100,100,0.0254765361,20.0752482567,33.3333333333,12.2574417425,1.0000000000,0.8888000000,226.8226822682,0,0,0,45,0
1452,100,0,3,100,100,0,0,0,0,0,100,100,0.0179651672,20.0572830895,33.3333333333,12.2574417425,1.0000000000,0.8064000000,250.0000000000,0,0,0,45,0
1453,100,0,3,100,100,0,0,0,0,0,100,100,0.0179651672,20.0393179224,33.3333333333,12.2574417425,1.0000000000,0.8064000000,250.0000000000,0,0,0,45,0
1454,100,0,3,100,100,0,0,0,0,0,100,100,0.0179651672,20.0213527552,33.3333333333,12.2574417425,1.0000000000,0.8064000000,250.0000000000,0,0,0,45,0
1455,100,0,3,100,100,0,0,0,0,0,100,100,0.0179651672,20.0033875880,33.3333333333,12.2574417425,1.0000000000,0.8064000000,250.0000000000,0,0,0,45,0
1456,100,0,3,100,100,0,0,1,103,491,100,100,0.0253639116,19.9780236764,33.3333333333,12.0155414507,1.0000000000,0.8888000000,226.8226822682,0,0,0,48,0
1457,100,0,3,100,100,0,0,0,0,0,100,100,0.0177346553,19.9602890210,33.3333333333,12.0155414507,1.0000000000,0.8064000000,250.0000000000,0,0,0,48,0
1458,100,0,3,100,100,0,0,0,0,0,100,100,0.0177346553,19.9425543657,33.3333333333,12.0155414507,1.0000000000,0.8064000000,250.0000000000,0,0,0,48,0
1459,100,0,3,100,100,0,0,0,0,0,100,100,0.0177346553,19.9248197104,33.3333333333,12.0155414507,1.0000000000,0.8064000000,250.0000000000,0,0,0,48,0
1460,100,0,3,100,100,0,0,0,0,0,100,100,0.0177346553,19.9070850551,33.3333333333,12.0155414507,1.0000000000,0.8064000000,250.0000000000,0,0,0,48,0
1461,100,0,4,100,100,0,0,1,104,588,100,100,0.0268600042,19.8802250509,25.0000000000,12.3380777700,1.0000000000,0.8896000000,226.6187050360,0,0,0,43,0
1462,100,0,4,100,100,0,0,0,0,0,100,100,0.0182151864,19.8620098645,25.0000000000,12.3380777700,1.0000000000,0.8064000000,250.0000000000,0,0,0,43,0
1463,100,0,4,100,100,0,0,0,0,0,100,100,0.0182151864,19.8437946782,25.0000000000,12.3380777700,1.0000000000,0.8064000000,250.0000000000,0,0,0,43,0
1464,100,0,4,100,100,0,0,0,0,0,100,100,0.0182151864,19.8255794918,25.0000000000,12.3380777700,1.0000000000,0.8064000000,250.0000000000,0,0,0,43,0
1465,100,0,4,100,100,0,0,0,0,0,100,100,0.0182151864,19.8073643054,25.0000000000,12.3380777700,1.0000000000,0.8064000000,250.0000000000,0,0,0,43,0
1466,100,0,3,100,100,0,0,1,103,491,100,100,0.0258948458,19.7814694596,33.3333333333,12.5800077381,1.0000000000,0.8888000000,226.8226822682,0,0,0,41,0
1467,100,0,3,100,100,0,0,0,0,0,100,100,0.0183083830,19.7631610766,33.3333333333,12.5800077381,1.0000000000,0.8064000000,250.0000000000,0,0,0,41,0
1468,100,0,3,100,100,0,0,0,0,0,100,100,0.0183083830,19.7448526936,33.3333333333,12.5800077381,1.0000000000,0.8064000000,250.0000000000,0,0,0,41,0
1469,100,0,3,100,100,0,0,0,0,0,100,100,0.0183083830,19.7265443107,33.3333333333,12.5800077381,1.0000000000,0.8064000000,250.0000000000,0,0,0,41,0
1470,100,0,3,100,100,0,0,0,0,0,100,100,0.0183083830,19.7082359277,33.3333333333,12.5800077381,1.0000000000,0.8064000000,250.0000000000,0,0,0,41,0
1471,100,0,8,100,100,0,0,1,108,976,100,100,0.0329295366,19.6753063911,12.5000000000,14.7572864801,1.0000000000,0.8928000000,225.8064516129,0,0,0,9,0
1472,100,0,8,100,100,0,0,0,0,0,100,100,0.0201920378,19.6551143534,12.5000000000,14.7572864801,1.0000000000,0.8064000000,250.0000000000,0,0,0,9,0
1473,100,0,8,100,100,0,0,0,0,0,100,100,0.0201920378,19.6349223156,12.5000000000,14.7572864801,1.0000000000,0.8064000000,250.0000000000,0,0,0,9,0
1474,100,0,8,100,100,0,0,0,0,0,100,100,0.0201920378,19.6147302778,12.5000000000,14.7572864801,1.0000000000,0.8064000000,250.0000000000,0,0,0,9,0
1475,100,0,8,100,100,0,0,0,0,0,100,100,0.0201920378,19.5945382401,12.5000000000,14.7572864801,1.0000000000,0.8064000000,250.0000000000,0,0,0,9,0
1476,100,0,3,100,100,0,0,1,103,491,100,100,0.0250203832,19.5695178568,33.3333333333,11.6929490141,1.0000000000,0.8888000000,226.8226822682,0,0,0,52,0
1477,100,0,3,100,100,0,0,0,0,0,100,100,0.0174067397,19.5521111172,33.3333333333,11.6929490141,1.0000000000,0.8064000000,250.0000000000,0,0,0,52,0
1478,100,0,3,100,100,0,0,0,0,0,100,100,0.0174067397,19.5347043775,33.3333333333,11.6929490141,1.0000000000,0.8064000000,250.0000000000,0,0,0,52,0
1479,100,0,3,100,100,0,0,0,0,0,100,100,0.0174067397,19.5172976378,33.3333333333,11.6929490141,1.0000000000,0.8064000000,250.0000000000,0,0,0,52,0
1480,100,0,3,100,100,0,0,0,0,0,100,100,0.0174067397,19.4998908982,33.3333333333,11.6929490141,1.0000000000,0.8064000000,250.0000000000,0,0,0,52,0
1481,100,0,7,100,100,0,0,1,107,879,100,100,0.0319367574,19.4679541407,14.2857142857,14.1121686691,1.0000000000,0.8920000000,226.0089686099,0,0,0,18,0
1482,100,0,7,100,100,0,0,0,0,0,100,100,0.0201608585,19.4477932823,14.2857142857,14.1121686691,1.0000000000,0.8064000000,250.0000000000,0,0,0,18,0
1483,100,0,7,100,100,0,0,0,0,0,100,100,0.0201608585,19.4276324238,14.2857142857,14.1121686691,1.0000000000,0.8064000000,250.0000000000,0,0,0,18,0
1484,100,0,7,100,100,0,0,0,0,0,100,100,0.0201608585,19.4074715654,14.2857142857,14.1121686691,1.0000000000,0.8064000000,250.0000000000,0,0,0,18,0
1485,100,0,7,100,100,0,0,0,0,0,100,100,0.0201608585,19.3873107069,14.2857142857,14.1121686691,1.0000000000,0.8064000000,250.0000000000,0,0,0,18,0
1486,100,0,4,100,100,0,0,1,104,588,100,100,0.0279123417,19.3593983652,25.0000000000,13.3057557371,1.0000000000,0.8896000000,226.6187050360,0,0,0,31,0
1487,100,0,4,100,100,0,0,0,0,0,100,100,0.0193313314,19.3400670338,25.0000000000,13.3057557371,1.0000000000,0.8064000000,250.0000000000,0,0,0,31,0
1488,100,0,4,100,100,0,0,0,0,0,100,100,0.0193313314,19.3207357024,25.0000000000,13.3057557371,1.0000000000,0.8064000000,250.0000000000,0,0,0,31,0
1489,100,0,4,100,100,0,0,0,0,0,100,100,0.0193313314,19.3014043709,25.0000000000,13.3057557371,1.0000000000,0.8064000000,250.0000000000,0,0,0,31,0
1490,100,0,4,100,100,0,0,0,0,0,100,100,0.0193313314,19.2820730395,25.0000000000,13.3057557371,1.0000000000,0.8064000000,250.0000000000,0,0,0,31,0
1491,100,0,10,100,100,0,0,1,109,1170,100,100,0.0339326691,19.2481403705,10.0000000000,13.7896115130,1.0000000000,0.8936000000,225.6042972247,0,0,0,19,0
1492,100,0,10,100,100,0,0,0,0,0,100,100,0.0190203475,19.2291200230,10.0000000000,13.7896115130,1.0000000000,0.8064000000,250.0000000000,0,0,0,19,0
1493,100,0,10,100,100,0,0,0,0,0,100,100,0.0190203475,19.2100996755,10.0000000000,13.7896115130,1.0000000000,0.8064000000,250.0000000000,0,0,0,19,0
1494,100,0,10,100,100,0,0,0,0,0,100,100,0.0190203475,19.1910793281,10.0000000000,13.7896115130,1.0000000000,0.8064000000,250.0000000000,0,0,0,19,0
1495,100,0,10,100,100,0,0,0,0,0,100,100,0.0190203475,19.1720589806,10.0000000000,13.7896115130,1.0000000000,0.8064000000,250.0000000000,0,0,0,19,0
1496,100,0,8,100,100,0,0,1,108,976,100,100,0.0340533949,19.1380055857,12.5000000000,15.3217557653,1.0000000000,0.8928000000,225.8064516129,0,0,0,2,0
1497,100,0,8,100,100,0,0,0,0,0,100,100,0.0212750556,19.1167305301,12.5000000000,15.3217557653,1.0000000000,0.8064000000,250.0000000000,0,0,0,2,0
1498,100,0,8,100,100,0,0,0,0,0,100,100,0.0212750556,19.0954554745,12.5000000000,15.3217557653,1.0000000000,0.8064000000,250.0000000000,0,0,0,2,0
1499,100,0,8,100,100,0,0,0,0,0,100,100,0.0212750556,19.0741804190,12.5000000000,15.3217557653,1.0000000000,0.8064000000,250.0000000000,0,0,0,2,0
1500,100,0,8,100,100,0,0,0,0,0,100,100,0.0212750556,19.0529053634,12.5000000000,15.3217557653,1.0000000000,0.8064000000,250.0000000000,0,0,0,2,0
1501,100,0,1,100,100,0,0,1,101,297,100,100,0.0217352195,19.0311701439,100.0000000000,10.1607897652,1.0000000000,0.8872000000,227.2317403066,0,0,0,73,0
1502,100,0,1,100,100,0,0,0,0,0,100,100,0.0159918546,19.0151782893,100.0000000000,10.1607897652,1.0000000000,0.8064000000,250.0000000000,0,0,0,73,0
1503,100,0,1,100,100,0,0,0,0,0,100,100,0.0159918546,18.9991864347,100.0000000000,10.1607897652,1.0000000000,0.8064000000,250.0000000000,0,0,0,73,0
1504,100,0,1,100,100,0,0,0,0,0,100,100,0.0159918546,18.9831945802,100.0000000000,10.1607897652,1.0000000000,0.8064000000,250.0000000000,0,0,0,73,0
1505,100,0,1,100,100,0,0,0,0,0,100,100,0.0159918546,18.9672027256,100.0000000000,10.1607897652,1.0000000000,0.8064000000,250.0000000000,0,0,0,73,0
1506,100,0,1,100,100,0,0,1,101,297,100,100,0.0216248444,18.9455778812,100.0000000000,10.2414309914,1.0000000000,0.8872000000,227.2317403066,0,0,0,72,0
1507,100,0,1,100,100,0,0,0,0,0,100,100,0.0157683739,18.9298095073,100.0000000000,10.2414309914,1.0000000000,0.8064000000,250.0000000000,0,0,0,72,0
1508,100,0,1,100,100,0,0,0,0,0,100,100,0.0157683739,18.9140411335,100.0000000000,10.2414309914,1.0000000000,0.8064000000,250.0000000000,0,0,0,72,0
1509,100,0,1,100,100,0,0,0,0,0,100,100,0.0157683739,18.8982727596,100.0000000000,10.2414309914,1.0000000000,0.8064000000,250.0000000000,0,0,0,72,0
1510,100,0,1,100,100,0,0,0,0,0,100,100,0.0157683739,18.8825043857,100.0000000000,10.2414309914,1.0000000000,0.8064000000,250.0000000000,0,0,0,72,0
1511,100,0,2,100,100,0,0,1,102,394,100,100,0.0277170930,18.8547872927,50.0000000000,14.1121528698,1.0000000000,0.8880000000,227.0270270270,0,0,0,23,0
1512,100,0,2,100,100,0,0,0,0,0,100,100,0.0212528483,18.8335344444,50.0000000000,14.1121528698,1.0000000000,0.8064000000,250.0000000000,0,0,0,23,0
1513,100,0,2,100,100,0,0,0,0,0,100,100,0.0212528483,18.8122815961,50.0000000000,14.1121528698,1.0000000000,0.8064000000,250.0000000000,0,0,0,23,0
1514,100,0,2,100,100,0,0,0,0,0,100,100,0.0212528483,18.7910287478,50.0000000000,14.1121528698,1.0000000000,0.8064000000,250.0000000000,0,0,0,23,0
1515,100,0,2,100,100,0,0,0,0,0,100,100,0.0212528483,18.7697758995,50.0000000000,14.1121528698,1.0000000000,0.8064000000,250.0000000000,0,0,0,23,0
1516,100,0,1,100,100,0,0,1,101,297,100,100,0.0217611860,18.7480147134,100.0000000000,10.1607953474,1.0000000000,0.8872000000,227.2317403066,0,0,0,73,0
1517,100,0,1,100,100,0,0,0,0,0,100,100,0.0156827326,18.7323319809,100.0000000000,10.1607953474,1.0000000000,0.8064000000,250.0000000000,0,0,0,73,0
1518,100,0,1,100,100,0,0,0,0,0,100,100,0.0156827326,18.7166492483,100.0000000000,10.1607953474,1.0000000000,0.8064000000,250.0000000000,0,0,0,73,0
1519,100,0,1,100,100,0,0,0,0,0,100,100,0.0156827326,18.7009665157,100.0000000000,10.1607953474,1.0000000000,0.8064000000,250.0000000000,0,0,0,73,0
1520,100,0,1,100,100,0,0,0,0,0,100,100,0.0156827326,18.6852837831,100.0000000000,10.1607953474,1.0000000000,0.8064000000,250.0000000000,0,0,0,73,0
1521,100,0,2,100,100,0,0,1,102,394,100,100,0.0249156605,18.6603681226,50.0000000000,12.3380726040,1.0000000000,0.8880000000,227.0270270270,0,0,0,45,0
1522,100,0,2,100,100,0,0,0,0,0,100,100,0.0184499517,18.6419181709,50.0000000000,12.3380726040,1.0000000000,0.8064000000,250.0000000000,0,0,0,45,0
1523,100,0,2,100,100,0,0,0,0,0,100,100,0.0184499517,18.6234682192,50.0000000000,12.3380726040,1.0000000000,0.8064000000,250.0000000000,0,0,0,45,0
1524,100,0,2,100,100,0,0,0,0,0,100,100,0.0184499517,18.6050182676,50.0000000000,12.3380726040,1.0000000000,0.8064000000,250.0000000000,0,0,0,45,0
1525,100,0,2,100,100,0,0,0,0,0,100,100,0.0184499517,18.5865683159,50.0000000000,12.3380726040,1.0000000000,0.8064000000,250.0000000000,0,0,0,45,0
1526,100,0,1,100,100,0,0,1,101,297,100,100,0.0222797436,18.5642885723,100.0000000000,10.7252668241,1.0000000000,0.8872000000,227.2317403066,0,0,0,66,0
1527,100,0,1,100,100,0,0,0,0,0,100,100,0.0166322191,18.5476563532,100.0000000000,10.7252668241,1.0000000000,0.8064000000,250.0000000000,0,0,0,66,0
1528,100,0,1,100,100,0,0,0,0,0,100,100,0.0166322191,18.5310241340,100.0000000000,10.7252668241,1.0000000000,0.8064000000,250.0000000000,0,0,0,66,0
1529,100,0,1,100,100,0,0,0,0,0,100,100,0.0166322191,18.5143919149,100.0000000000,10.7252668241,1.0000000000,0.8064000000,250.0000000000,0,0,0,66,0
1530,100,0,1,100,100,0,0,0,0,0,100,100,0.0166322191,18.4977596957,100.0000000000,10.7252668241,1.0000000000,0.8064000000,250.0000000000,0,0,0,66,0
1531,100,0,1,100,100,0,0,1,101,297,100,100,0.0216766833,18.4760830124,100.0000000000,10.3220689262,1.0000000000,0.8872000000,227.2317403066,0,0,0,71,0
1532,100,0,1,100,100,0,0,0,0,0,100,100,0.0158705517,18.4602124608,100.0000000000,10.3220689262,1.0000000000,0.8064000000,250.0000000000,0,0,0,71,0
1533,100,0,1,100,100,0,0,0,0,0,100,100,0.0158705517,18.4443419091,100.0000000000,10.3220689262,1.0000000000,0.8064000000,250.0000000000,0,0,0,71,0
1534,100,0,1,100,100,0,0,0,0,0,100,100,0.0158705517,18.4284713574,100.0000000000,10.3220689262,1.0000000000,0.8064000000,250.0000000000,0,0,0,71,0
1535,100,0,1,100,100,0,0,0,0,0,100,100,0.0158705517,18.4126008058,100.0000000000,10.3220689262,1.0000000000,0.8064000000,250.0000000000,0,0,0,71,0
1536,100,0,2,100,100,0,0,1,102,394,100,100,0.0220515077,18.3905492981,50.0000000000,9.1931038611,1.0000000000,0.8880000000,227.0270270270,0,0,0,84,0
1537,100,0,2,100,100,0,0,0,0,0,100,100,0.0147401783,18.3758091198,50.0000000000,9.1931038611,1.0000000000,0.8064000000,250.0000000000,0,0,0,84,0
1538,100,0,2,100,100,0,0,0,0,0,100,100,0.0147401783,18.3610689415,50.0000000000,9.1931038611,1.0000000000,0.8064000000,250.0000000000,0,0,0,84,0
1539,100,0,2,100,100,0,0,0,0,0,100,100,0.0147401783,18.3463287632,50.0000000000,9.1931038611,1.0000000000,0.8064000000,250.0000000000,0,0,0,84,0
1540,100,0,2,100,100,0,0,0,0,0,100,100,0.0147401783,18.3315885850,50.0000000000,9.1931038611,1.0000000000,0.8064000000,250.0000000000,0,0,0,84,0
1541,100,0,1,100,100,0,0,1,101,297,100,100,0.0218224746,18.3097661103,100.0000000000,9.9995194442,1.0000000000,0.8872000000,227.2317403066,0,0,0,75,0
1542,100,0,1,100,100,0,0,0,0,0,100,100,0.0155534244,18.2942126859,100.0000000000,9.9995194442,1.0000000000,0.8064000000,250.0000000000,0,0,0,75,0
1543,100,0,1,100,100,0,0,0,0,0,100,100,0.0155534244,18.2786592614,100.0000000000,9.9995194442,1.0000000000,0.8064000000,250.0000000000,0,0,0,75,0
1544,100,0,1,100,100,0,0,0,0,0,100,100,0.0155534244,18.2631058370,100.0000000000,9.9995194442,1.0000000000,0.8064000000,250.0000000000,0,0,0,75,0
1545,100,0,1,100,100,0,0,0,0,0,100,100,0.0155534244,18.2475524126,100.0000000000,9.9995194442,1.0000000000,0.8064000000,250.0000000000,0,0,0,75,0
1546,100,0,2,100,100,0,0,1,102,394,100,100,0.0235762098,18.2239762028,50.0000000000,10.8865480487,1.0000000000,0.8880000000,227.0270270270,0,0,0,63,0
1547,100,0,2,100,100,0,0,0,0,0,100,100,0.0169581578,18.2070180449,50.0000000000,10.8865480487,1.0000000000,0.8064000000,250.0000000000,0,0,0,63,0
1548,100,0,2,100,100,0,0,0,0,0,100,100,0.0169581578,18.1900598871,50.0000000000,10.8865480487,1.0000000000,0.8064000000,250.0000000000,0,0,0,63,0
1549,100,0,2,100,100,0,0,0,0,0,100,100,0.0169581578,18.1731017292,50.0000000000,10.8865480487,1.0000000000,0.8064000000,250.0000000000,0,0,0,63,0
1550,100,0,2,100,100,0,0,0,0,0,100,100,0.0169581578,18.1561435714,50.0000000000,10.8865480487,1.0000000000,0.8064000000,250.0000000000,0,0,0,63,0
1551,100,0,1,100,100,0,0,1,101,297,100,100,0.0210246972,18.1351188742,100.0000000000,9.2737446057,1.0000000000,0.8872000000,227.2317403066,0,0,0,84,0
1552,100,0,1,100,100,0,0,0,0,0,100,100,0.0148015397,18.1203173345,100.0000000000,9.2737446057,1.0000000000,0.8064000000,250.0000000000,0,0,0,84,0
1553,100,0,1,100,100,0,0,0,0,0,100,100,0.0148015397,18.1055157949,100.0000000000,9.2737446057,1.0000000000,0.8064000000,250.0000000000,0,0,0,84,0
1554,100,0,1,100,100,0,0,0,0,0,100,100,0.0148015397,18.0907142552,100.0000000000,9.2737446057,1.0000000000,0.8064000000,250.0000000000,0,0,0,84,0
1555,100,0,1,100,100,0,0,0,0,0,100,100,0.0148015397,18.0759127155,100.0000000000,9.2737446057,1.0000000000,0.8064000000,250.0000000000,0,0,0,84,0
1556,100,0,6,100,100,0,0,1,106,782,100,100,0.0325593224,18.0433533931,16.6666666667,15.4830449624,1.0000000000,0.8912000000,226.2118491921,0,0,0,2,0
1557,100,0,6,100,100,0,0,0,0,0,100,100,0.0218980786,18.0214553145,16.6666666667,15.4830449624,1.0000000000,0.8064000000,250.0000000000,0,0,0,2,0
1558,100,0,6,100,100,0,0,0,0,0,100,100,0.0218980786,17.9995572359,16.6666666667,15.4830449624,1.0000000000,0.8064000000,250.0000000000,0,0,0,2,0
1559,100,0,6,100,100,0,0,0,0,0,100,100,0.0218980786,17.9776591573,16.6666666667,15.4830449624,1.0000000000,0.8064000000,250.0000000000,0,0,0,2,0
1560,100,0,6,100,100,0,0,0,0,0,100,100,0.0218980786,17.9557610786,16.6666666667,15.4830449624,1.0000000000,0.8064000000,250.0000000000,0,0,0,2,0
1561,100,0,3,100,100,0,0,1,103,491,100,100,0.0249849806,17.9307760981,33.3333333333,11.2897509584,1.0000000000,0.8888000000,226.8226822682,0,0,0,57,0
1562,100,0,3,100,100,0,0,0,0,0,100,100,0.0173020664,17.9134740316,33.3333333333,11.2897509584,1.0000000000,0.8064000000,250.0000000000,0,0,0,57,0
1563,100,0,3,100,100,0,0,0,0,0,100,100,0.0173020664,17.8961719652,33.3333333333,11.2897509584,1.0000000000,0.8064000000,250.0000000000,0,0,0,57,0
1564,100,0,3,100,100,0,0,0,0,0,100,100,0.0173020664,17.8788698988,33.3333333333,11.2897509584,1.0000000000,0.8064000000,250.0000000000,0,0,0,57,0
1565,100,0,3,100,100,0,0,0,0,0,100,100,0.0173020664,17.8615678324,33.3333333333,11.2897509584,1.0000000000,0.8064000000,250.0000000000,0,0,0,57,0
1566,100,0,5,100,100,0,0,1,105,685,100,100,0.0288477155,17.8327201169,20.0000000000,13.9508916763,1.0000000000,0.8904000000,226.4150943396,0,0,0,22,0
1567,100,0,5,100,100,0,0,0,0,0,100,100,0.0193083555,17.8134117614,20.0000000000,13.9508916763,1.0000000000,0.8064000000,250.0000000000,0,0,0,22,0
1568,100,0,5,100,100,0,0,0,0,0,100,100,0.0193083555,17.7941034059,20.0000000000,13.9508916763,1.0000000000,0.8064000000,250.0000000000,0,0,0,22,0
1569,100,0,5,100,100,0,0,0,0,0,100,100,0.0193083555,17.7747950503,20.0000000000,13.9508916763,1.0000000000,0.8064000000,250.0000000000,0,0,0,22,0
1570,100,0,5,100,100,0,0,0,0,0,100,100,0.0193083555,17.7554866948,20.0000000000,13.9508916763,1.0000000000,0.8064000000,250.0000000000,0,0,0,22,0
1571,100,0,7,100,100,0,0,1,107,879,100,100,0.0322234741,17.7232632207,14.2857142857,14.5960261182,1.0000000000,0.8920000000,226.0089686099,0,0,0,12,0
1572,100,0,7,100,100,0,0,0,0,0,100,100,0.0205010738,17.7027621469,14.2857142857,14.5960261182,1.0000000000,0.8064000000,250.0000000000,0,0,0,12,0
1573,100,0,7,100,100,0,0,0,0,0,100,100,0.0205010738,17.6822610731,14.2857142857,14.5960261182,1.0000000000,0.8064000000,250.0000000000,0,0,0,12,0
1574,100,0,7,100,100,0,0,0,0,0,100,100,0.0205010738,17.6617599993,14.2857142857,14.5960261182,1.0000000000,0.8064000000,250.0000000000,0,0,0,12,0
1575,100,0,7,100,100,0,0,0,0,0,100,100,0.0205010738,17.6412589255,14.2857142857,14.5960261182,1.0000000000,0.8064000000,250.0000000000,0,0,0,12,0
1576,100,0,4,100,100,0,0,1,104,588,100,100,0.0282486296,17.6130102959,25.0000000000,13.8702437281,1.0000000000,0.8896000000,226.6187050360,0,0,0,24,0
1577,100,0,4,100,100,0,0,0,0,0,100,100,0.0197142272,17.5932960687,25.0000000000,13.8702437281,1.0000000000,0.8064000000,250.0000000000,0,0,0,24,0
1578,100,0,4,100,100,0,0,0,0,0,100,100,0.0197142272,17.5735818415,25.0000000000,13.8702437281,1.0000000000,0.8064000000,250.0000000000,0,0,0,24,0
1579,100,0,4,100,100,0,0,0,0,0,100,100,0.0197142272,17.5538676143,25.0000000000,13.8702437281,1.0000000000,0.8064000000,250.0000000000,0,0,0,24,0
1580,100,0,4,100,100,0,0,0,0,0,100,100,0.0197142272,17.5341533871,25.0000000000,13.8702437281,1.0000000000,0.8064000000,250.0000000000,0,0,0,24,0
1581,100,0,7,100,100,0,0,1,107,879,100,100,0.0318585598,17.5022948274,14.2857142857,14.7572925310,1.0000000000,0.8920000000,226.0089686099,0,0,0,10,0
1582,100,0,7,100,100,0,0,0,0,0,100,100,0.0201929498,17.4821018776,14.2857142857,14.7572925310,1.0000000000,0.8064000000,250.0000000000,0,0,0,10,0
1583,100,0,7,100,100,0,0,0,0,0,100,100,0.0201929498,17.4619089279,14.2857142857,14.7572925310,1.0000000000,0.8064000000,250.0000000000,0,0,0,10,0
1584,100,0,7,100,100,0,0,0,0,0,100,100,0.0201929498,17.4417159781,14.2857142857,14.7572925310,1.0000000000,0.8064000000,250.0000000000,0,0,0,10,0
1585,100,0,7,100,100,0,0,0,0,0,100,100,0.0201929498,17.4215230284,14.2857142857,14.7572925310,1.0000000000,0.8064000000,250.0000000000,0,0,0,10,0
1586,100,0,6,100,100,0,0,1,106,782,100,100,0.0301903616,17.3913326667,16.6666666667,13.7895933693,1.0000000000,0.8912000000,226.2118491921,0,0,0,23,0
1587,100,0,6,100,100,0,0,0,0,0,100,100,0.0195052313,17.3718274354,16.6666666667,13.7895933693,1.0000000000,0.8064000000,250.0000000000,0,0,0,23,0
1588,100,0,6,100,100,0,0,0,0,0,100,100,0.0195052313,17.3523222041,16.6666666667,13.7895933693,1.0000000000,0.8064000000,250.0000000000,0,0,0,23,0
1589,100,0,6,100,100,0,0,0,0,0,100,100,0.0195052313,17.3328169728,16.6666666667,13.7895933693,1.0000000000,0.8064000000,250.0000000000,0,0,0,23,0
1590,100,0,6,100,100,0,0,0,0,0,100,100,0.0195052313,17.3133117416,16.6666666667,13.7895933693,1.0000000000,0.8064000000,250.0000000000,0,0,0,23,0
1591,100,0,10,100,100,0,0,1,110,1170,100,100,0.0349114517,17.2784002899,10.0000000000,14.5960023012,1.0000000000,0.8944000000,225.4025044723,0,0,0,9,0
1592,100,0,10,100,100,0,0,0,0,0,100,100,0.0200074646,17.2583928252,10.0000000000,14.5960023012,1.0000000000,0.8064000000,250.0000000000,0,0,0,9,0
1593,100,0,10,100,100,0,0,0,0,0,100,100,0.0200074646,17.2383853606,10.0000000000,14.5960023012,1.0000000000,0.8064000000,250.0000000000,0,0,0,9,0
1594,100,0,10,100,100,0,0,0,0,0,100,100,0.0200074646,17.2183778960,10.0000000000,14.5960023012,1.0000000000,0.8064000000,250.0000000000,0,0,0,9,0
1595,100,0,10,100,100,0,0,0,0,0,100,100,0.0200074646,17.1983704313,10.0000000000,14.5960023012,1.0000000000,0.8064000000,250.0000000000,0,0,0,9,0
1596,100,0,12,100,100,0,0,1,111,1364,100,100,0.0363589832,17.1620114481,8.3333333333,13.8702482668,1.0000000000,0.8952000000,225.2010723861,0,0,0,16,0
1597,100,0,12,100,100,0,0,0,0,0,100,100,0.0192765754,17.1427348727,8.3333333333,13.8702482668,1.0000000000,0.8064000000,250.0000000000,0,0,0,16,0
1598,100,0,12,100,100,0,0,0,0,0,100,100,0.0192765754,17.1234582973,8.3333333333,13.8702482668,1.0000000000,0.8064000000,250.0000000000,0,0,0,16,0
1599,100,0,12,100,100,0,0,0,0,0,100,100,0.0192765754,17.1041817219,8.3333333333,13.8702482668,1.0000000000,0.8064000000,250.0000000000,0,0,0,16,0
1600,100,0,12,100,100,0,0,0,0,0,100,100,0.0192765754,17.0849051465,8.3333333333,13.8702482668,1.0000000000,0.8064000000,250.0000000000,0,0,0,16,0
1601,100,0,1,100,100,0,0,1,101,297,100,100,0.0228405801,17.0620645664,100.0000000000,11.2897479404,1.0000000000,0.8872000000,227.2317403066,0,0,0,59,0
1602,100,0,1,100,100,0,0,0,0,0,100,100,0.0172661950,17.0447983715,100.0000000000,11.2897479404,1.0000000000,0.8064000000,250.0000000000,0,0,0,59,0
1603,100,0,1,100,100,0,0,0,0,0,100,100,0.0172661950,17.0275321765,100.0000000000,11.2897479404,1.0000000000,0.8064000000,250.0000000000,0,0,0,59,0
1604,100,0,1,100,100,0,0,0,0,0,100,100,0.0172661950,17.0102659815,100.0000000000,11.2897479404,1.0000000000,0.8064000000,250.0000000000,0,0,0,59,0
1605,100,0,1,100,100,0,0,0,0,0,100,100,0.0172661950,16.9929997866,100.0000000000,11.2897479404,1.0000000000,0.8064000000,250.0000000000,0,0,0,59,0
1606,100,0,1,100,100,0,0,1,101,297,100,100,0.0219663769,16.9710334097,100.0000000000,10.6446272155,1.0000000000,0.8872000000,227.2317403066,0,0,0,67,0
1607,100,0,1,100,100,0,0,0,0,0,100,100,0.0162721682,16.9547612415,100.0000000000,10.6446272155,1.0000000000,0.8064000000,250.0000000000,0,0,0,67,0
1608,100,0,1,100,100,0,0,0,0,0,100,100,0.0162721682,16.9384890733,100.0000000000,10.6446272155,1.0000000000,0.8064000000,250.0000000000,0,0,0,67,0
1609,100,0,1,100,100,0,0,0,0,0,100,100,0.0162721682,16.9222169052,100.0000000000,10.6446272155,1.0000000000,0.8064000000,250.0000000000,0,0,0,67,0
1610,100,0,1,100,100,0,0,0,0,0,100,100,0.0162721682,16.9059447370,100.0000000000,10.6446272155,1.0000000000,0.8064000000,250.0000000000,0,0,0,67,0
1611,100,0,1,100,100,0,0,1,101,297,100,100,0.0215065447,16.8844381923,100.0000000000,9.5963123661,1.0000000000,0.8872000000,227.2317403066,0,0,0,80,0
1612,100,0,1,100,100,0,0,0,0,0,100,100,0.0153054044,16.8691327879,100.0000000000,9.5963123661,1.0000000000,0.8064000000,250.0000000000,0,0,0,80,0
1613,100,0,1,100,100,0,0,0,0,0,100,100,0.0153054044,16.8538273835,100.0000000000,9.5963123661,1.0000000000,0.8064000000,250.0000000000,0,0,0,80,0
1614,100,0,1,100,100,0,0,0,0,0,100,100,0.0153054044,16.8385219790,100.0000000000,9.5963123661,1.0000000000,0.8064000000,250.0000000000,0,0,0,80,0
1615,100,0,1,100,100,0,0,0,0,0,100,100,0.0153054044,16.8232165746,100.0000000000,9.5963123661,1.0000000000,0.8064000000,250.0000000000,0,0,0,80,0
1616,100,0,1,100,100,0,0,1,101,297,100,100,0.0228071356,16.8004094390,100.0000000000,11.1284646109,1.0000000000,0.8872000000,227.2317403066,0,0,0,61,0
1617,100,0,1,100,100,0,0,0,0,0,100,100,0.0172374877,16.7831719513,100.0000000000,11.1284646109,1.0000000000,0.8064000000,250.0000000000,0,0,0,61,0
1618,100,0,1,100,100,0,0,0,0,0,100,100,0.0172374877,16.7659344636,100.0000000000,11.1284646109,1.0000000000,0.8064000000,250.0000000000,0,0,0,61,0
1619,100,0,1,100,100,0,0,0,0,0,100,100,0.0172374877,16.7486969759,100.0000000000,11.1284646109,1.0000000000,0.8064000000,250.0000000000,0,0,0,61,0
1620,100,0,1,100,100,0,0,0,0,0,100,100,0.0172374877,16.7314594881,100.0000000000,11.1284646109,1.0000000000,0.8064000000,250.0000000000,0,0,0,61,0
1621,100,0,2,100,100,0,0,1,102,394,100,100,0.0234240889,16.7080353992,50.0000000000,11.1284776787,1.0000000000,0.8880000000,227.0270270270,0,0,0,60,0
1622,100,0,2,100,100,0,0,0,0,0,100,100,0.0167075213,16.6913278779,50.0000000000,11.1284776787,1.0000000000,0.8064000000,250.0000000000,0,0,0,60,0
1623,100,0,2,100,100,0,0,0,0,0,100,100,0.0167075213,16.6746203566,50.0000000000,11.1284776787,1.0000000000,0.8064000000,250.0000000000,0,0,0,60,0
1624,100,0,2,100,100,0,0,0,0,0,100,100,0.0167075213,16.6579128352,50.0000000000,11.1284776787,1.0000000000,0.8064000000,250.0000000000,0,0,0,60,0
1625,100,0,2,100,100,0,0,0,0,0,100,100,0.0167075213,16.6412053139,50.0000000000,11.1284776787,1.0000000000,0.8064000000,250.0000000000,0,0,0,60,0
1626,100,0,1,100,100,0,0,1,101,297,100,100,0.0219064454,16.6192988685,100.0000000000,10.2414319901,1.0000000000,0.8872000000,227.2317403066,0,0,0,72,0
1627,100,0,1,100,100,0,0,0,0,0,100,100,0.0161078459,16.6031910226,100.0000000000,10.2414319901,1.0000000000,0.8064000000,250.0000000000,0,0,0,72,0
1628,100,0,1,100,100,0,0,0,0,0,100,100,0.0161078459,16.5870831767,100.0000000000,10.2414319901,1.0000000000,0.8064000000,250.0000000000,0,0,0,72,0
1629,100,0,1,100,100,0,0,0,0,0,100,100,0.0161078459,16.5709753308,100.0000000000,10.2414319901,1.0000000000,0.8064000000,250.0000000000,0,0,0,72,0
1630,100,0,1,100,100,0,0,0,0,0,100,100,0.0161078459,16.5548674849,100.0000000000,10.2414319901,1.0000000000,0.8064000000,250.0000000000,0,0,0,72,0
1631,100,0,1,100,100,0,0,1,101,297,100,100,0.0217166215,16.5331508633,100.0000000000,10.1607851259,1.0000000000,0.8872000000,227.2317403066,0,0,0,73,0
1632,100,0,1,100,100,0,0,0,0,0,100,100,0.0159968282,16.5171540352,100.0000000000,10.1607851259,1.0000000000,0.8064000000,250.0000000000,0,0,0,73,0
1633,100,0,1,100,100,0,0,0,0,0,100,100,0.0159968282,16.5011572070,100.0000000000,10.1607851259,1.0000000000,0.8064000000,250.0000000000,0,0,0,73,0
1634,100,0,1,100,100,0,0,0,0,0,100,100,0.0159968282,16.4851603789,100.0000000000,10.1607851259,1.0000000000,0.8064000000,250.0000000000,0,0,0,73,0
1635,100,0,1,100,100,0,0,0,0,0,100,100,0.0159968282,16.4691635507,100.0000000000,10.1607851259,1.0000000000,0.8064000000,250.0000000000,0,0,0,73,0
1636,100,0,1,100,100,0,0,1,101,297,100,100,0.0226235816,16.4465399691,100.0000000000,10.9671884644,1.0000000000,0.8872000000,227.2317403066,0,0,0,63,0
1637,100,0,1,100,100,0,0,0,0,0,100,100,0.0170205059,16.4295194632,100.0000000000,10.9671884644,1.0000000000,0.8064000000,250.0000000000,0,0,0,63,0
1638,100,0,1,100,100,0,0,0,0,0,100,100,0.0170205059,16.4124989573,100.0000000000,10.9671884644,1.0000000000,0.8064000000,250.0000000000,0,0,0,63,0
1639,100,0,1,100,100,0,0,0,0,0,100,100,0.0170205059,16.3954784513,100.0000000000,10.9671884644,1.0000000000,0.8064000000,250.0000000000,0,0,0,63,0
1640,100,0,1,100,100,0,0,0,0,0,100,100,0.0170205059,16.3784579454,100.0000000000,10.9671884644,1.0000000000,0.8064000000,250.0000000000,0,0,0,63,0
1641,100,0,3,100,100,0,0,1,103,491,100,100,0.0246357037,16.3538222417,33.3333333333,11.1284768296,1.0000000000,0.8888000000,226.8226822682,0,0,0,59,0
1642,100,0,3,100,100,0,0,0,0,0,100,100,0.0169837283,16.3368385133,33.3333333333,11.1284768296,1.0000000000,0.8064000000,250.0000000000,0,0,0,59,0
1643,100,0,3,100,100,0,0,0,0,0,100,100,0.0169837283,16.3198547850,33.3333333333,11.1284768296,1.0000000000,0.8064000000,250.0000000000,0,0,0,59,0
1644,100,0,3,100,100,0,0,0,0,0,100,100,0.0169837283,16.3028710567,33.3333333333,11.1284768296,1.0000000000,0.8064000000,250.0000000000,0,0,0,59,0
1645,100,0,3,100,100,0,0,0,0,0,100,100,0.0169837283,16.2858873283,33.3333333333,11.1284768296,1.0000000000,0.8064000000,250.0000000000,0,0,0,59,0
1646,100,0,2,100,100,0,0,1,102,394,100,100,0.0240189289,16.2618683994,50.0000000000,11.6123239843,1.0000000000,0.8880000000,227.0270270270,0,0,0,54,0
1647,100,0,2,100,100,0,0,0,0,0,100,100,0.0174346817,16.2444337177,50.0000000000,11.6123239843,1.0000000000,0.8064000000,250.0000000000,0,0,0,54,0
1648,100,0,2,100,100,0,0,0,0,0,100,100,0.0174346817,16.2269990360,50.0000000000,11.6123239843,1.0000000000,0.8064000000,250.0000000000,0,0,0,54,0
1649,100,0,2,100,100,0,0,0,0,0,100,100,0.0174346817,16.2095643543,50.0000000000,11.6123239843,1.0000000000,0.8064000000,250.0000000000,0,0,0,54,0
1650,100,0,2,100,100,0,0,0,0,0,100,100,0.0174346817,16.1921296726,50.0000000000,11.6123239843,1.0000000000,0.8064000000,250.0000000000,0,0,0,54,0
1651,100,0,3,100,100,0,0,1,103,491,100,100,0.0252257046,16.1669039681,33.3333333333,11.6123121914,1.0000000000,0.8888000000,226.8226822682,0,0,0,53,0
1652,100,0,3,100,100,0,0,0,0,0,100,100,0.0176256417,16.1492783264,33.3333333333,11.6123121914,1.0000000000,0.8064000000,250.0000000000,0,0,0,53,0
1653,100,0,3,100,100,0,0,0,0,0,100,100,0.0176256417,16.1316526847,33.3333333333,11.6123121914,1.0000000000,0.8064000000,250.0000000000,0,0,0,53,0
1654,100,0,3,100,100,0,0,0,0,0,100,100,0.0176256417,16.1140270430,33.3333333333,11.6123121914,1.0000000000,0.8064000000,250.0000000000,0,0,0,53,0
1655,100,0,3,100,100,0,0,0,0,0,100,100,0.0176256417,16.0964014013,33.3333333333,11.6123121914,1.0000000000,0.8064000000,250.0000000000,0,0,0,53,0
1656,100,0,2,100,100,0,0,1,102,394,100,100,0.0268401785,16.0695612228,50.0000000000,13.7089649949,1.0000000000,0.8880000000,227.0270270270,0,0,0,28,0
1657,100,0,2,100,100,0,0,0,0,0,100,100,0.0203956670,16.0491655558,50.0000000000,13.7089649949,1.0000000000,0.8064000000,250.0000000000,0,0,0,28,0
1658,100,0,2,100,100,0,0,0,0,0,100,100,0.0203956670,16.0287698888,50.0000000000,13.7089649949,1.0000000000,0.8064000000,250.0000000000,0,0,0,28,0
1659,100,0,2,100,100,0,0,0,0,0,100,100,0.0203956670,16.0083742218,50.0000000000,13.7089649949,1.0000000000,0.8064000000,250.0000000000,0,0,0,28,0
1660,100,0,2,100,100,0,0,0,0,0,100,100,0.0203956670,15.9879785548,50.0000000000,13.7089649949,1.0000000000,0.8064000000,250.0000000000,0,0,0,28,0
1661,100,0,2,100,100,0,0,1,102,394,100,100,0.0266841369,15.9612944179,50.0000000000,13.7895909028,1.0000000000,0.8880000000,227.0270270270,0,0,0,27,0
1662,100,0,2,100,100,0,0,0,0,0,100,100,0.0202447997,15.9410496182,50.0000000000,13.7895909028,1.0000000000,0.8064000000,250.0000000000,0,0,0,27,0
1663,100,0,2,100,100,0,0,0,0,0,100,100,0.0202447997,15.9208048185,50.0000000000,13.7895909028,1.0000000000,0.8064000000,250.0000000000,0,0,0,27,0
1664,100,0,2,100,100,0,0,0,0,0,100,100,0.0202447997,15.9005600189,50.0000000000,13.7895909028,1.0000000000,0.8064000000,250.0000000000,0,0,0,27,0
1665,100,0,2,100,100,0,0,0,0,0,100,100,0.0202447997,15.8803152192,50.0000000000,13.7895909028,1.0000000000,0.8064000000,250.0000000000,0,0,0,27,0
1666,100,0,1,100,100,0,0,1,101,297,100,100,0.0216422473,15.8586729718,100.0000000000,10.1607895150,1.0000000000,0.8872000000,227.2317403066,0,0,0,73,0
1667,100,0,1,100,100,0,0,0,0,0,100,100,0.0158590587,15.8428139131,100.0000000000,10.1607895150,1.0000000000,0.8064000000,250.0000000000,0,0,0,73,0
1668,100,0,1,100,100,0,0,0,0,0,100,100,0.0158590587,15.8269548544,100.0000000000,10.1607895150,1.0000000000,0.8064000000,250.0000000000,0,0,0,73,0
1669,100,0,1,100,100,0,0,0,0,0,100,100,0.0158590587,15.8110957957,100.0000000000,10.1607895150,1.0000000000,0.8064000000,250.0000000000,0,0,0,73,0
1670,100,0,1,100,100,0,0,0,0,0,100,100,0.0158590587,15.7952367370,100.0000000000,10.1607895150,1.0000000000,0.8064000000,250.0000000000,0,0,0,73,0
1671,100,0,3,100,100,0,0,1,103,491,100,100,0.0244484424,15.7707882946,33.3333333333,11.4510494791,1.0000000000,0.8888000000,226.8226822682,0,0,0,55,0
1672,100,0,3,100,100,0,0,0,0,0,100,100,0.0168019336,15.7539863610,33.3333333333,11.4510494791,1.0000000000,0.8064000000,250.0000000000,0,0,0,55,0
1673,100,0,3,100,100,0,0,0,0,0,100,100,0.0168019336,15.7371844274,33.3333333333,11.4510494791,1.0000000000,0.8064000000,250.0000000000,0,0,0,55,0
1674,100,0,3,100,100,0,0,0,0,0,100,100,0.0168019336,15.7203824939,33.3333333333,11.4510494791,1.0000000000,0.8064000000,250.0000000000,0,0,0,55,0
1675,100,0,3,100,100,0,0,0,0,0,100,100,0.0168019336,15.7035805603,33.3333333333,11.4510494791,1.0000000000,0.8064000000,250.0000000000,0,0,0,55,0
1676,100,0,3,100,100,0,0,1,103,491,100,100,0.0258407392,15.6777398211,33.3333333333,12.9025770949,1.0000000000,0.8888000000,226.8226822682,0,0,0,37,0
1677,100,0,3,100,100,0,0,0,0,0,100,100,0.0183459300,15.6593938910,33.3333333333,12.9025770949,1.0000000000,0.8064000000,250.0000000000,0,0,0,37,0
1678,100,0,3,100,100,0,0,0,0,0,100,100,0.0183459300,15.6410479610,33.3333333333,12.9025770949,1.0000000000,0.8064000000,250.0000000000,0,0,0,37,0
1679,100,0,3,100,100,0,0,0,0,0,100,100,0.0183459300,15.6227020310,33.3333333333,12.9025770949,1.0000000000,0.8064000000,250.0000000000,0,0,0,37,0
1680,100,0,3,100,100,0,0,0,0,0,100,100,0.0183459300,15.6043561010,33.3333333333,12.9025770949,1.0000000000,0.8064000000,250.0000000000,0,0,0,37,0
1681,100,0,6,100,100,0,0,1,106,782,100,100,0.0292776065,15.5750784944,16.6666666667,12.7412874198,1.0000000000,0.8912000000,226.2118491921,0,0,0,36,0
1682,100,0,6,100,100,0,0,0,0,0,100,100,0.0185301446,15.5565483499,16.6666666667,12.7412874198,1.0000000000,0.8064000000,250.0000000000,0,0,0,36,0
1683,100,0,6,100,100,0,0,0,0,0,100,100,0.0185301446,15.5380182053,16.6666666667,12.7412874198,1.0000000000,0.8064000000,250.0000000000,0,0,0,36,0
1684,100,0,6,100,100,0,0,0,0,0,100,100,0.0185301446,15.5194880608,16.6666666667,12.7412874198,1.0000000000,0.8064000000,250.0000000000,0,0,0,36,0
1685,100,0,6,100,100,0,0,0,0,0,100,100,0.0185301446,15.5009579162,16.6666666667,12.7412874198,1.0000000000,0.8064000000,250.0000000000,0,0,0,36,0
1686,100,0,3,100,100,0,0,1,103,491,100,100,0.0265514435,15.4744064727,33.3333333333,13.3057698054,1.0000000000,0.8888000000,226.8226822682,0,0,0,32,0
1687,100,0,3,100,100,0,0,0,0,0,100,100,0.0190364345,15.4553700383,33.3333333333,13.3057698054,1.0000000000,0.8064000000,250.0000000000,0,0,0,32,0
1688,100,0,3,100,100,0,0,0,0,0,100,100,0.0190364345,15.4363336038,33.3333333333,13.3057698054,1.0000000000,0.8064000000,250.0000000000,0,0,0,32,0
1689,100,0,3,100,100,0,0,0,0,0,100,100,0.0190364345,15.4172971694,33.3333333333,13.3057698054,1.0000000000,0.8064000000,250.0000000000,0,0,0,32,0
1690,100,0,3,100,100,0,0,0,0,0,100,100,0.0190364345,15.3982607349,33.3333333333,13.3057698054,1.0000000000,0.8064000000,250.0000000000,0,0,0,32,0
1691,100,0,7,100,100,0,0,1,107,879,100,100,0.0311344693,15.3671262657,14.2857142857,13.4670480901,1.0000000000,0.8920000000,226.0089686099,0,0,0,26,0
1692,100,0,7,100,100,0,0,0,0,0,100,100,0.0193504019,15.3477758638,14.2857142857,13.4670480901,1.0000000000,0.8064000000,250.0000000000,0,0,0,26,0
1693,100,0,7,100,100,0,0,0,0,0,100,100,0.0193504019,15.3284254618,14.2857142857,13.4670480901,1.0000000000,0.8064000000,250.0000000000,0,0,0,26,0
1694,100,0,7,100,100,0,0,0,0,0,100,100,0.0193504019,15.3090750599,14.2857142857,13.4670480901,1.0000000000,0.8064000000,250.0000000000,0,0,0,26,0
1695,100,0,7,100,100,0,0,0,0,0,100,100,0.0193504019,15.2897246580,14.2857142857,13.4670480901,1.0000000000,0.8064000000,250.0000000000,0,0,0,26,0
1696,100,0,17,100,100,0,0,1,114,1849,100,100,0.0421682329,15.2475564251,5.8823529412,14.1927991058,1.0000000000,0.8976000000,224.5989304813,0,0,0,7,0
1697,100,0,17,100,100,0,0,0,0,0,100,100,0.0197230532,15.2278333718,5.8823529412,14.1927991058,1.0000000000,0.8064000000,250.0000000000,0,0,0,7,0
1698,100,0,17,100,100,0,0,0,0,0,100,100,0.0197230532,15.2081103186,5.8823529412,14.1927991058,1.0000000000,0.8064000000,250.0000000000,0,0,0,7,0
1699,100,0,17,100,100,0,0,0,0,0,100,100,0.0197230532,15.1883872654,5.8823529412,14.1927991058,1.0000000000,0.8064000000,250.0000000000,0,0,0,7,0
1700,100,0,17,100,100,0,0,0,0,0,100,100,0.0197230532,15.1686642121,5.8823529412,14.1927991058,1.0000000000,0.8064000000,250.0000000000,0,0,0,7,0
1701,100,0,1,100,100,0,0,1,101,297,100,100,0.0210700903,15.1475941219,100.0000000000,9.2737457313,1.0000000000,0.8872000000,227.2317403066,0,0,0,84,0
1702,100,0,1,100,100,0,0,0,0,0,100,100,0.0147424849,15.1328516370,100.0000000000,9.2737457313,1.0000000000,0.8064000000,250.0000000000,0,0,0,84,0
1703,100,0,1,100,100,0,0,0,0,0,100,100,0.0147424849,15.1181091521,100.0000000000,9.2737457313,1.0000000000,0.8064000000,250.0000000000,0,0,0,84,0
1704,100,0,1,100,100,0,0,0,0,0,100,100,0.0147424849,15.1033666672,100.0000000000,9.2737457313,1.0000000000,0.8064000000,250.0000000000,0,0,0,84,0
1705,100,0,1,100,100,0,0,0,0,0,100,100,0.0147424849,15.0886241823,100.0000000000,9.2737457313,1.0000000000,0.8064000000,250.0000000000,0,0,0,84,0
1706,100,0,1,100,100,0,0,1,101,297,100,100,0.0219760051,15.0666481772,100.0000000000,10.6446268015,1.0000000000,0.8872000000,227.2317403066,0,0,0,67,0
1707,100,0,1,100,100,0,0,0,0,0,100,100,0.0162940243,15.0503541529,100.0000000000,10.6446268015,1.0000000000,0.8064000000,250.0000000000,0,0,0,67,0
1708,100,0,1,100,100,0,0,0,0,0,100,100,0.0162940243,15.0340601287,100.0000000000,10.6446268015,1.0000000000,0.8064000000,250.0000000000,0,0,0,67,0
1709,100,0,1,100,100,0,0,0,0,0,100,100,0.0162940243,15.0177661044,100.0000000000,10.6446268015,1.0000000000,0.8064000000,250.0000000000,0,0,0,67,0
1710,100,0,1,100,100,0,0,0,0,0,100,100,0.0162940243,15.0014720802,100.0000000000,10.6446268015,1.0000000000,0.8064000000,250.0000000000,0,0,0,67,0
1711,100,0,2,100,100,0,0,1,102,394,100,100,0.0227070280,14.9787650522,50.0000000000,10.3220767857,1.0000000000,0.8880000000,227.0270270270,0,0,0,70,0
1712,100,0,2,100,100,0,0,0,0,0,100,100,0.0157881060,14.9629769462,50.0000000000,10.3220767857,1.0000000000,0.8064000000,250.0000000000,0,0,0,70,0
1713,100,0,2,100,100,0,0,0,0,0,100,100,0.0157881060,14.9471888402,50.0000000000,10.3220767857,1.0000000000,0.8064000000,250.0000000000,0,0,0,70,0
1714,100,0,2,100,100,0,0,0,0,0,100,100,0.0157881060,14.9314007342,50.0000000000,10.3220767857,1.0000000000,0.8064000000,250.0000000000,0,0,0,70,0
1715,100,0,2,100,100,0,0,0,0,0,100,100,0.0157881060,14.9156126283,50.0000000000,10.3220767857,1.0000000000,0.8064000000,250.0000000000,0,0,0,70,0
1716,100,0,3,100,100,0,0,1,103,491,100,100,0.0261904788,14.8894221495,33.3333333333,12.6606435578,1.0000000000,0.8888000000,226.8226822682,0,0,0,40,0
1717,100,0,3,100,100,0,0,0,0,0,100,100,0.0186490860,14.8707730635,33.3333333333,12.6606435578,1.0000000000,0.8064000000,250.0000000000,0,0,0,40,0
1718,100,0,3,100,100,0,0,0,0,0,100,100,0.0186490860,14.8521239776,33.3333333333,12.6606435578,1.0000000000,0.8064000000,250.0000000000,0,0,0,40,0
1719,100,0,3,100,100,0,0,0,0,0,100,100,0.0186490860,14.8334748916,33.3333333333,12.6606435578,1.0000000000,0.8064000000,250.0000000000,0,0,0,40,0
1720,100,0,3,100,100,0,0,0,0,0,100,100,0.0186490860,14.8148258056,33.3333333333,12.6606435578,1.0000000000,0.8064000000,250.0000000000,0,0,0,40,0
1721,100,0,1,100,100,0,0,1,101,297,100,100,0.0217352195,14.7930905861,100.0000000000,10.1607897652,1.0000000000,0.8872000000,227.2317403066,0,0,0,73,0
1722,100,0,1,100,100,0,0,0,0,0,100,100,0.0159918546,14.7770987316,100.0000000000,10.1607897652,1.0000000000,0.8064000000,250.0000000000,0,0,0,73,0
1723,100,0,1,100,100,0,0,0,0,0,100,100,0.0159918546,14.7611068770,100.0000000000,10.1607897652,1.0000000000,0.8064000000,250.0000000000,0,0,0,73,0
1724,100,0,1,100,100,0,0,0,0,0,100,100,0.0159918546,14.7451150224,100.0000000000,10.1607897652,1.0000000000,0.8064000000,250.0000000000,0,0,0,73,0
1725,100,0,1,100,100,0,0,0,0,0,100,100,0.0159918546,14.7291231678,100.0000000000,10.1607897652,1.0000000000,0.8064000000,250.0000000000,0,0,0,73,0
1726,100,0,1,100,100,0,0,1,101,297,100,100,0.0216208556,14.7075023122,100.0000000000,9.7575965215,1.0000000000,0.8872000000,227.2317403066,0,0,0,78,0
1727,100,0,1,100,100,0,0,0,0,0,100,100,0.0155282446,14.6919740676,100.0000000000,9.7575965215,1.0000000000,0.8064000000,250.0000000000,0,0,0,78,0
1728,100,0,1,100,100,0,0,0,0,0,100,100,0.0155282446,14.6764458230,100.0000000000,9.7575965215,1.0000000000,0.8064000000,250.0000000000,0,0,0,78,0
1729,100,0,1,100,100,0,0,0,0,0,100,100,0.0155282446,14.6609175783,100.0000000000,9.7575965215,1.0000000000,0.8064000000,250.0000000000,0,0,0,78,0
1730,100,0,1,100,100,0,0,0,0,0,100,100,0.0155282446,14.6453893337,100.0000000000,9.7575965215,1.0000000000,0.8064000000,250.0000000000,0,0,0,78,0
1731,100,0,5,100,100,0,0,1,104,685,100,100,0.0264892986,14.6189000351,20.0000000000,10.8865533658,1.0000000000,0.8896000000,226.6187050360,0,0,0,60,0
1732,100,0,5,100,100,0,0,0,0,0,100,100,0.0166386880,14.6022613471,20.0000000000,10.8865533658,1.0000000000,0.8064000000,250.0000000000,0,0,0,60,0
1733,100,0,5,100,100,0,0,0,0,0,100,100,0.0166386880,14.5856226592,20.0000000000,10.8865533658,1.0000000000,0.8064000000,250.0000000000,0,0,0,60,0
1734,100,0,5,100,100,0,0,0,0,0,100,100,0.0166386880,14.5689839712,20.0000000000,10.8865533658,1.0000000000,0.8064000000,250.0000000000,0,0,0,60,0
1735,100,0,5,100,100,0,0,0,0,0,100,100,0.0166386880,14.5523452832,20.0000000000,10.8865533658,1.0000000000,0.8064000000,250.0000000000,0,0,0,60,0
1736,100,0,1,100,100,0,0,1,101,297,100,100,0.0216443162,14.5307009670,100.0000000000,10.1607925686,1.0000000000,0.8872000000,227.2317403066,0,0,0,73,0
1737,100,0,1,100,100,0,0,0,0,0,100,100,0.0156639736,14.5150369934,100.0000000000,10.1607925686,1.0000000000,0.8064000000,250.0000000000,0,0,0,73,0
1738,100,0,1,100,100,0,0,0,0,0,100,100,0.0156639736,14.4993730198,100.0000000000,10.1607925686,1.0000000000,0.8064000000,250.0000000000,0,0,0,73,0
1739,100,0,1,100,100,0,0,0,0,0,100,100,0.0156639736,14.4837090462,100.0000000000,10.1607925686,1.0000000000,0.8064000000,250.0000000000,0,0,0,73,0
1740,100,0,1,100,100,0,0,0,0,0,100,100,0.0156639736,14.4680450726,100.0000000000,10.1607925686,1.0000000000,0.8064000000,250.0000000000,0,0,0,73,0
1741,100,0,2,100,100,0,0,1,102,394,100,100,0.0245660394,14.4434790332,50.0000000000,12.3380885483,1.0000000000,0.8880000000,227.0270270270,0,0,0,45,0
1742,100,0,2,100,100,0,0,0,0,0,100,100,0.0180931023,14.4253859309,50.0000000000,12.3380885483,1.0000000000,0.8064000000,250.0000000000,0,0,0,45,0
1743,100,0,2,100,100,0,0,0,0,0,100,100,0.0180931023,14.4072928286,50.0000000000,12.3380885483,1.0000000000,0.8064000000,250.0000000000,0,0,0,45,0
1744,100,0,2,100,100,0,0,0,0,0,100,100,0.0180931023,14.3891997263,50.0000000000,12.3380885483,1.0000000000,0.8064000000,250.0000000000,0,0,0,45,0
1745,100,0,2,100,100,0,0,0,0,0,100,100,0.0180931023,14.3711066240,50.0000000000,12.3380885483,1.0000000000,0.8064000000,250.0000000000,0,0,0,45,0
1746,100,0,1,100,100,0,0,1,101,297,100,100,0.0219689621,14.3491376619,100.0000000000,10.6446269044,1.0000000000,0.8872000000,227.2317403066,0,0,0,67,0
1747,100,0,1,100,100,0,0,0,0,0,100,100,0.0162803564,14.3328573055,100.0000000000,10.6446269044,1.0000000000,0.8064000000,250.0000000000,0,0,0,67,0
1748,100,0,1,100,100,0,0,0,0,0,100,100,0.0162803564,14.3165769491,100.0000000000,10.6446269044,1.0000000000,0.8064000000,250.0000000000,0,0,0,67,0
1749,100,0,1,100,100,0,0,0,0,0,100,100,0.0162803564,14.3002965926,100.0000000000,10.6446269044,1.0000000000,0.8064000000,250.0000000000,0,0,0,67,0
1750,100,0,1,100,100,0,0,0,0,0,100,100,0.0162803564,14.2840162362,100.0000000000,10.6446269044,1.0000000000,0.8064000000,250.0000000000,0,0,0,67,0
1751,100,0,1,100,100,0,0,1,101,297,100,100,0.0215484188,14.2624678175,100.0000000000,9.8382304420,1.0000000000,0.8872000000,227.2317403066,0,0,0,77,0
1752,100,0,1,100,100,0,0,0,0,0,100,100,0.0155642924,14.2469035250,100.0000000000,9.8382304420,1.0000000000,0.8064000000,250.0000000000,0,0,0,77,0
1753,100,0,1,100,100,0,0,0,0,0,100,100,0.0155642924,14.2313392326,100.0000000000,9.8382304420,1.0000000000,0.8064000000,250.0000000000,0,0,0,77,0
1754,100,0,1,100,100,0,0,0,0,0,100,100,0.0155642924,14.2157749402,100.0000000000,9.8382304420,1.0000000000,0.8064000000,250.0000000000,0,0,0,77,0
1755,100,0,1,100,100,0,0,0,0,0,100,100,0.0155642924,14.2002106478,100.0000000000,9.8382304420,1.0000000000,0.8064000000,250.0000000000,0,0,0,77,0
1756,100,0,3,100,100,0,0,1,103,491,100,100,0.0293647816,14.1708458662,33.3333333333,15.1604772827,1.0000000000,0.8888000000,226.8226822682,0,0,0,9,0
1757,100,0,3,100,100,0,0,0,0,0,100,100,0.0219004702,14.1489453960,33.3333333333,15.1604772827,1.0000000000,0.8064000000,250.0000000000,0,0,0,9,0
1758,100,0,3,100,100,0,0,0,0,0,100,100,0.0219004702,14.1270449258,33.3333333333,15.1604772827,1.0000000000,0.8064000000,250.0000000000,0,0,0,9,0
1759,100,0,3,100,100,0,0,0,0,0,100,100,0.0219004702,14.1051444555,33.3333333333,15.1604772827,1.0000000000,0.8064000000,250.0000000000,0,0,0,9,0
1760,100,0,3,100,100,0,0,0,0,0,100,100,0.0219004702,14.0832439853,33.3333333333,15.1604772827,1.0000000000,0.8064000000,250.0000000000,0,0,0,9,0
1761,100,0,5,100,100,0,0,1,105,685,100,100,0.0282856194,14.0549583659,20.0000000000,12.9832073127,1.0000000000,0.8904000000,226.4150943396,0,0,0,34,0
1762,100,0,5,100,100,0,0,0,0,0,100,100,0.0186400009,14.0363183650,20.0000000000,12.9832073127,1.0000000000,0.8064000000,250.0000000000,0,0,0,34,0
1763,100,0,5,100,100,0,0,0,0,0,100,100,0.0186400009,14.0176783641,20.0000000000,12.9832073127,1.0000000000,0.8064000000,250.0000000000,0,0,0,34,0
1764,100,0,5,100,100,0,0,0,0,0,100,100,0.0186400009,13.9990383632,20.0000000000,12.9832073127,1.0000000000,0.8064000000,250.0000000000,0,0,0,34,0
1765,100,0,5,100,100,0,0,0,0,0,100,100,0.0186400009,13.9803983623,20.0000000000,12.9832073127,1.0000000000,0.8064000000,250.0000000000,0,0,0,34,0
1766,100,0,4,100,100,0,0,1,104,588,100,100,0.0268793368,13.9535190255,25.0000000000,12.7412787832,1.0000000000,0.8896000000,226.6187050360,0,0,0,38,0
1767,100,0,4,100,100,0,0,0,0,0,100,100,0.0182607566,13.9352582689,25.0000000000,12.7412787832,1.0000000000,0.8064000000,250.0000000000,0,0,0,38,0
1768,100,0,4,100,100,0,0,0,0,0,100,100,0.0182607566,13.9169975123,25.0000000000,12.7412787832,1.0000000000,0.8064000000,250.0000000000,0,0,0,38,0
1769,100,0,4,100,100,0,0,0,0,0,100,100,0.0182607566,13.8987367557,25.0000000000,12.7412787832,1.0000000000,0.8064000000,250.0000000000,0,0,0,38,0
1770,100,0,4,100,100,0,0,0,0,0,100,100,0.0182607566,13.8804759991,25.0000000000,12.7412787832,1.0000000000,0.8064000000,250.0000000000,0,0,0,38,0
1771,100,0,2,100,100,0,0,1,102,394,100,100,0.0270999085,13.8533760905,50.0000000000,14.0315212439,1.0000000000,0.8880000000,227.0270270270,0,0,0,24,0
1772,100,0,2,100,100,0,0,0,0,0,100,100,0.0206540105,13.8327220800,50.0000000000,14.0315212439,1.0000000000,0.8064000000,250.0000000000,0,0,0,24,0
1773,100,0,2,100,100,0,0,0,0,0,100,100,0.0206540105,13.8120680695,50.0000000000,14.0315212439,1.0000000000,0.8064000000,250.0000000000,0,0,0,24,0
1774,100,0,2,100,100,0,0,0,0,0,100,100,0.0206540105,13.7914140589,50.0000000000,14.0315212439,1.0000000000,0.8064000000,250.0000000000,0,0,0,24,0
1775,100,0,2,100,100,0,0,0,0,0,100,100,0.0206540105,13.7707600484,50.0000000000,14.0315212439,1.0000000000,0.8064000000,250.0000000000,0,0,0,24,0
1776,100,0,3,100,100,0,0,1,103,491,100,100,0.0268048938,13.7439551546,33.3333333333,13.3057554753,1.0000000000,0.8888000000,226.8226822682,0,0,0,32,0
1777,100,0,3,100,100,0,0,0,0,0,100,100,0.0192923104,13.7246628442,33.3333333333,13.3057554753,1.0000000000,0.8064000000,250.0000000000,0,0,0,32,0
1778,100,0,3,100,100,0,0,0,0,0,100,100,0.0192923104,13.7053705338,33.3333333333,13.3057554753,1.0000000000,0.8064000000,250.0000000000,0,0,0,32,0
1779,100,0,3,100,100,0,0,0,0,0,100,100,0.0192923104,13.6860782234,33.3333333333,13.3057554753,1.0000000000,0.8064000000,250.0000000000,0,0,0,32,0
1780,100,0,3,100,100,0,0,0,0,0,100,100,0.0192923104,13.6667859130,33.3333333333,13.3057554753,1.0000000000,0.8064000000,250.0000000000,0,0,0,32,0
1781,100,0,4,100,100,0,0,1,104,588,100,100,0.0276082292,13.6391776838,25.0000000000,13.4670429793,1.0000000000,0.8896000000,226.6187050360,0,0,0,29,0
1782,100,0,4,100,100,0,0,0,0,0,100,100,0.0190785445,13.6200991393,25.0000000000,13.4670429793,1.0000000000,0.8064000000,250.0000000000,0,0,0,29,0
1783,100,0,4,100,100,0,0,0,0,0,100,100,0.0190785445,13.6010205948,25.0000000000,13.4670429793,1.0000000000,0.8064000000,250.0000000000,0,0,0,29,0
1784,100,0,4,100,100,0,0,0,0,0,100,100,0.0190785445,13.5819420503,25.0000000000,13.4670429793,1.0000000000,0.8064000000,250.0000000000,0,0,0,29,0
1785,100,0,4,100,100,0,0,0,0,0,100,100,0.0190785445,13.5628635058,25.0000000000,13.4670429793,1.0000000000,0.8064000000,250.0000000000,0,0,0,29,0
1786,100,0,3,100,100,0,0,1,103,491,100,100,0.0261630171,13.5367004887,33.3333333333,12.6606386438,1.0000000000,0.8888000000,226.8226822682,0,0,0,40,0
1787,100,0,3,100,100,0,0,0,0,0,100,100,0.0186577828,13.5180427059,33.3333333333,12.6606386438,1.0000000000,0.8064000000,250.0000000000,0,0,0,40,0
1788,100,0,3,100,100,0,0,0,0,0,100,100,0.0186577828,13.4993849231,33.3333333333,12.6606386438,1.0000000000,0.8064000000,250.0000000000,0,0,0,40,0
1789,100,0,3,100,100,0,0,0,0,0,100,100,0.0186577828,13.4807271404,33.3333333333,12.6606386438,1.0000000000,0.8064000000,250.0000000000,0,0,0,40,0
1790,100,0,3,100,100,0,0,0,0,0,100,100,0.0186577828,13.4620693576,33.3333333333,12.6606386438,1.0000000000,0.8064000000,250.0000000000,0,0,0,40,0
1791,100,0,8,100,100,0,0,1,108,976,100,100,0.0325779157,13.4294914419,12.5000000000,14.3540976696,1.0000000000,0.8928000000,225.8064516129,0,0,0,14,0
1792,100,0,8,100,100,0,0,0,0,0,100,100,0.0198090759,13.4096823660,12.5000000000,14.3540976696,1.0000000000,0.8064000000,250.0000000000,0,0,0,14,0
1793,100,0,8,100,100,0,0,0,0,0,100,100,0.0198090759,13.3898732902,12.5000000000,14.3540976696,1.0000000000,0.8064000000,250.0000000000,0,0,0,14,0
1794,100,0,8,100,100,0,0,0,0,0,100,100,0.0198090759,13.3700642143,12.5000000000,14.3540976696,1.0000000000,0.8064000000,250.0000000000,0,0,0,14,0
1795,100,0,8,100,100,0,0,0,0,0,100,100,0.0198090759,13.3502551385,12.5000000000,14.3540976696,1.0000000000,0.8064000000,250.0000000000,0,0,0,14,0
1796,100,0,10,100,100,0,0,1,109,1170,100,100,0.0356355761,13.3146195624,10.0000000000,14.9992026380,1.0000000000,0.8936000000,225.6042972247,0,0,0,4,0
1797,100,0,10,100,100,0,0,0,0,0,100,100,0.0207305057,13.2938890567,10.0000000000,14.9992026380,1.0000000000,0.8064000000,250.0000000000,0,0,0,4,0
1798,100,0,10,100,100,0,0,0,0,0,100,100,0.0207305057,13.2731585510,10.0000000000,14.9992026380,1.0000000000,0.8064000000,250.0000000000,0,0,0,4,0
1799,100,0,10,100,100,0,0,0,0,0,100,100,0.0207305057,13.2524280453,10.0000000000,14.9992026380,1.0000000000,0.8064000000,250.0000000000,0,0,0,4,0
1800,100,0,10,100,100,0,0,0,0,0,100,100,0.0207305057,13.2316975396,10.0000000000,14.9992026380,1.0000000000,0.8064000000,250.0000000000,0,0,0,4,0
1801,100,0,1,100,100,0,0,1,101,297,100,100,0.0225001926,13.2091973470,100.0000000000,10.8059045709,1.0000000000,0.8872000000,227.2317403066,0,0,0,65,0
1802,100,0,1,100,100,0,0,0,0,0,100,100,0.0169021343,13.1922952127,100.0000000000,10.8059045709,1.0000000000,0.8064000000,250.0000000000,0,0,0,65,0
1803,100,0,1,100,100,0,0,0,0,0,100,100,0.0169021343,13.1753930784,100.0000000000,10.8059045709,1.0000000000,0.8064000000,250.0000000000,0,0,0,65,0
1804,100,0,1,100,100,0,0,0,0,0,100,100,0.0169021343,13.1584909441,100.0000000000,10.8059045709,1.0000000000,0.8064000000,250.0000000000,0,0,0,65,0
1805,100,0,1,100,100,0,0,0,0,0,100,100,0.0169021343,13.1415888098,100.0000000000,10.8059045709,1.0000000000,0.8064000000,250.0000000000,0,0,0,65,0
1806,100,0,1,100,100,0,0,1,101,297,100,100,0.0219408563,13.1196479535,100.0000000000,10.6446249019,1.0000000000,0.8872000000,227.2317403066,0,0,0,67,0
1807,100,0,1,100,100,0,0,0,0,0,100,100,0.0162887341,13.1033592194,100.0000000000,10.6446249019,1.0000000000,0.8064000000,250.0000000000,0,0,0,67,0
1808,100,0,1,100,100,0,0,0,0,0,100,100,0.0162887341,13.0870704852,100.0000000000,10.6446249019,1.0000000000,0.8064000000,250.0000000000,0,0,0,67,0
1809,100,0,1,100,100,0,0,0,0,0,100,100,0.0162887341,13.0707817511,100.0000000000,10.6446249019,1.0000000000,0.8064000000,250.0000000000,0,0,0,67,0
1810,100,0,1,100,100,0,0,0,0,0,100,100,0.0162887341,13.0544930169,100.0000000000,10.6446249019,1.0000000000,0.8064000000,250.0000000000,0,0,0,67,0
1811,100,0,2,100,100,0,0,1,102,394,100,100,0.0254492874,13.0290437296,50.0000000000,13.0638442652,1.0000000000,0.8880000000,227.0270270270,0,0,0,36,0
1812,100,0,2,100,100,0,0,0,0,0,100,100,0.0190086165,13.0100351131,50.0000000000,13.0638442652,1.0000000000,0.8064000000,250.0000000000,0,0,0,36,0
1813,100,0,2,100,100,0,0,0,0,0,100,100,0.0190086165,12.9910264966,50.0000000000,13.0638442652,1.0000000000,0.8064000000,250.0000000000,0,0,0,36,0
1814,100,0,2,100,100,0,0,0,0,0,100,100,0.0190086165,12.9720178801,50.0000000000,13.0638442652,1.0000000000,0.8064000000,250.0000000000,0,0,0,36,0
1815,100,0,2,100,100,0,0,0,0,0,100,100,0.0190086165,12.9530092637,50.0000000000,13.0638442652,1.0000000000,0.8064000000,250.0000000000,0,0,0,36,0
1816,100,0,1,100,100,0,0,1,101,297,100,100,0.0220568907,12.9309523729,100.0000000000,10.5639897610,1.0000000000,0.8872000000,227.2317403066,0,0,0,68,0
1817,100,0,1,100,100,0,0,0,0,0,100,100,0.0163579896,12.9145943833,100.0000000000,10.5639897610,1.0000000000,0.8064000000,250.0000000000,0,0,0,68,0
1818,100,0,1,100,100,0,0,0,0,0,100,100,0.0163579896,12.8982363937,100.0000000000,10.5639897610,1.0000000000,0.8064000000,250.0000000000,0,0,0,68,0
1819,100,0,1,100,100,0,0,0,0,0,100,100,0.0163579896,12.8818784040,100.0000000000,10.5639897610,1.0000000000,0.8064000000,250.0000000000,0,0,0,68,0
1820,100,0,1,100,100,0,0,0,0,0,100,100,0.0163579896,12.8655204144,100.0000000000,10.5639897610,1.0000000000,0.8064000000,250.0000000000,0,0,0,68,0
1821,100,0,1,100,100,0,0,1,101,297,100,100,0.0227313544,12.8427890600,100.0000000000,10.9671789643,1.0000000000,0.8872000000,227.2317403066,0,0,0,63,0
1822,100,0,1,100,100,0,0,0,0,0,100,100,0.0172111547,12.8255779053,100.0000000000,10.9671789643,1.0000000000,0.8064000000,250.0000000000,0,0,0,63,0
1823,100,0,1,100,100,0,0,0,0,0,100,100,0.0172111547,12.8083667507,100.0000000000,10.9671789643,1.0000000000,0.8064000000,250.0000000000,0,0,0,63,0
1824,100,0,1,100,100,0,0,0,0,0,100,100,0.0172111547,12.7911555960,100.0000000000,10.9671789643,1.0000000000,0.8064000000,250.0000000000,0,0,0,63,0
1825,100,0,1,100,100,0,0,0,0,0,100,100,0.0172111547,12.7739444414,100.0000000000,10.9671789643,1.0000000000,0.8064000000,250.0000000000,0,0,0,63,0
1826,100,0,1,100,100,0,0,1,101,297,100,100,0.0234693234,12.7504751180,100.0000000000,11.6929455764,1.0000000000,0.8872000000,227.2317403066,0,0,0,54,0
1827,100,0,1,100,100,0,0,0,0,0,100,100,0.0179457238,12.7325293942,100.0000000000,11.6929455764,1.0000000000,0.8064000000,250.0000000000,0,0,0,54,0
1828,100,0,1,100,100,0,0,0,0,0,100,100,0.0179457238,12.7145836705,100.0000000000,11.6929455764,1.0000000000,0.8064000000,250.0000000000,0,0,0,54,0
1829,100,0,1,100,100,0,0,0,0,0,100,100,0.0179457238,12.6966379467,100.0000000000,11.6929455764,1.0000000000,0.8064000000,250.0000000000,0,0,0,54,0
1830,100,0,1,100,100,0,0,0,0,0,100,100,0.0179457238,12.6786922229,100.0000000000,11.6929455764,1.0000000000,0.8064000000,250.0000000000,0,0,0,54,0
1831,100,0,1,100,100,0,0,1,101,297,100,100,0.0227953065,12.6558969164,100.0000000000,11.1284624579,1.0000000000,0.8872000000,227.2317403066,0,0,0,61,0
1832,100,0,1,100,100,0,0,0,0,0,100,100,0.0172794663,12.6386174500,100.0000000000,11.1284624579,1.0000000000,0.8064000000,250.0000000000,0,0,0,61,0
1833,100,0,1,100,100,0,0,0,0,0,100,100,0.0172794663,12.6213379837,100.0000000000,11.1284624579,1.0000000000,0.8064000000,250.0000000000,0,0,0,61,0
1834,100,0,1,100,100,0,0,0,0,0,100,100,0.0172794663,12.6040585174,100.0000000000,11.1284624579,1.0000000000,0.8064000000,250.0000000000,0,0,0,61,0
1835,100,0,1,100,100,0,0,0,0,0,100,100,0.0172794663,12.5867790510,100.0000000000,11.1284624579,1.0000000000,0.8064000000,250.0000000000,0,0,0,61,0
1836,100,0,4,100,100,0,0,1,104,588,100,100,0.0261237172,12.5606553338,25.0000000000,11.5316754264,1.0000000000,0.8896000000,226.6187050360,0,0,0,53,0
1837,100,0,4,100,100,0,0,0,0,0,100,100,0.0174165727,12.5432387611,25.0000000000,11.5316754264,1.0000000000,0.8064000000,250.0000000000,0,0,0,53,0
1838,100,0,4,100,100,0,0,0,0,0,100,100,0.0174165727,12.5258221883,25.0000000000,11.5316754264,1.0000000000,0.8064000000,250.0000000000,0,0,0,53,0
1839,100,0,4,100,100,0,0,0,0,0,100,100,0.0174165727,12.5084056156,25.0000000000,11.5316754264,1.0000000000,0.8064000000,250.0000000000,0,0,0,53,0
1840,100,0,4,100,100,0,0,0,0,0,100,100,0.0174165727,12.4909890428,25.0000000000,11.5316754264,1.0000000000,0.8064000000,250.0000000000,0,0,0,53,0
1841,100,0,1,100,100,0,0,1,101,297,100,100,0.0212797194,12.4697093234,100.0000000000,9.5963104019,1.0000000000,0.8872000000,227.2317403066,0,0,0,80,0
1842,100,0,1,100,100,0,0,0,0,0,100,100,0.0151254611,12.4545838623,100.0000000000,9.5963104019,1.0000000000,0.8064000000,250.0000000000,0,0,0,80,0
1843,100,0,1,100,100,0,0,0,0,0,100,100,0.0151254611,12.4394584012,100.0000000000,9.5963104019,1.0000000000,0.8064000000,250.0000000000,0,0,0,80,0
1844,100,0,1,100,100,0,0,0,0,0,100,100,0.0151254611,12.4243329402,100.0000000000,9.5963104019,1.0000000000,0.8064000000,250.0000000000,0,0,0,80,0
1845,100,0,1,100,100,0,0,0,0,0,100,100,0.0151254611,12.4092074791,100.0000000000,9.5963104019,1.0000000000,0.8064000000,250.0000000000,0,0,0,80,0
1846,100,0,1,100,100,0,0,1,101,297,100,100,0.0212102598,12.3879972193,100.0000000000,9.1124668140,1.0000000000,0.8872000000,227.2317403066,0,0,0,86,0
1847,100,0,1,100,100,0,0,0,0,0,100,100,0.0146537964,12.3733434229,100.0000000000,9.1124668140,1.0000000000,0.8064000000,250.0000000000,0,0,0,86,0
1848,100,0,1,100,100,0,0,0,0,0,100,100,0.0146537964,12.3586896265,100.0000000000,9.1124668140,1.0000000000,0.8064000000,250.0000000000,0,0,0,86,0
1849,100,0,1,100,100,0,0,0,0,0,100,100,0.0146537964,12.3440358301,100.0000000000,9.1124668140,1.0000000000,0.8064000000,250.0000000000,0,0,0,86,0
1850,100,0,1,100,100,0,0,0,0,0,100,100,0.0146537964,12.3293820336,100.0000000000,9.1124668140,1.0000000000,0.8064000000,250.0000000000,0,0,0,86,0
1851,100,0,5,100,100,0,0,1,105,685,100,100,0.0285737653,12.3008082684,20.0000000000,13.2251318246,1.0000000000,0.8904000000,226.4150943396,0,0,0,31,0
1852,100,0,5,100,100,0,0,0,0,0,100,100,0.0189588824,12.2818493860,20.0000000000,13.2251318246,1.0000000000,0.8064000000,250.0000000000,0,0,0,31,0
1853,100,0,5,100,100,0,0,0,0,0,100,100,0.0189588824,12.2628905036,20.0000000000,13.2251318246,1.0000000000,0.8064000000,250.0000000000,0,0,0,31,0
1854,100,0,5,100,100,0,0,0,0,0,100,100,0.0189588824,12.2439316212,20.0000000000,13.2251318246,1.0000000000,0.8064000000,250.0000000000,0,0,0,31,0
1855,100,0,5,100,100,0,0,0,0,0,100,100,0.0189588824,12.2249727388,20.0000000000,13.2251318246,1.0000000000,0.8064000000,250.0000000000,0,0,0,31,0
1856,100,0,3,100,100,0,0,1,103,491,100,100,0.0266482735,12.1983244653,33.3333333333,13.0638599115,1.0000000000,0.8888000000,226.8226822682,0,0,0,35,0
1857,100,0,3,100,100,0,0,0,0,0,100,100,0.0190942659,12.1792301994,33.3333333333,13.0638599115,1.0000000000,0.8064000000,250.0000000000,0,0,0,35,0
1858,100,0,3,100,100,0,0,0,0,0,100,100,0.0190942659,12.1601359335,33.3333333333,13.0638599115,1.0000000000,0.8064000000,250.0000000000,0,0,0,35,0
1859,100,0,3,100,100,0,0,0,0,0,100,100,0.0190942659,12.1410416675,33.3333333333,13.0638599115,1.0000000000,0.8064000000,250.0000000000,0,0,0,35,0
1860,100,0,3,100,100,0,0,0,0,0,100,100,0.0190942659,12.1219474016,33.3333333333,13.0638599115,1.0000000000,0.8064000000,250.0000000000,0,0,0,35,0
1861,100,0,2,100,100,0,0,1,102,394,100,100,0.0231303688,12.0988170328,50.0000000000,10.9672064794,1.0000000000,0.8880000000,227.0270270270,0,0,0,62,0
1862,100,0,2,100,100,0,0,0,0,0,100,100,0.0165039992,12.0823130336,50.0000000000,10.9672064794,1.0000000000,0.8064000000,250.0000000000,0,0,0,62,0
1863,100,0,2,100,100,0,0,0,0,0,100,100,0.0165039992,12.0658090344,50.0000000000,10.9672064794,1.0000000000,0.8064000000,250.0000000000,0,0,0,62,0
1864,100,0,2,100,100,0,0,0,0,0,100,100,0.0165039992,12.0493050352,50.0000000000,10.9672064794,1.0000000000,0.8064000000,250.0000000000,0,0,0,62,0
1865,100,0,2,100,100,0,0,0,0,0,100,100,0.0165039992,12.0328010360,50.0000000000,10.9672064794,1.0000000000,0.8064000000,250.0000000000,0,0,0,62,0
1866,100,0,4,100,100,0,0,1,104,588,100,100,0.0294908642,12.0033101718,25.0000000000,14.9185776041,1.0000000000,0.8896000000,226.6187050360,0,0,0,11,0
1867,100,0,4,100,100,0,0,0,0,0,100,100,0.0210021531,11.9823080187,25.0000000000,14.9185776041,1.0000000000,0.8064000000,250.0000000000,0,0,0,11,0
1868,100,0,4,100,100,0,0,0,0,0,100,100,0.0210021531,11.9613058656,25.0000000000,14.9185776041,1.0000000000,0.8064000000,250.0000000000,0,0,0,11,0
1869,100,0,4,100,100,0,0,0,0,0,100,100,0.0210021531,11.9403037125,25.0000000000,14.9185776041,1.0000000000,0.8064000000,250.0000000000,0,0,0,11,0
1870,100,0,4,100,100,0,0,0,0,0,100,100,0.0210021531,11.9193015594,25.0000000000,14.9185776041,1.0000000000,0.8064000000,250.0000000000,0,0,0,11,0
1871,100,0,1,100,100,0,0,1,101,297,100,100,0.0216766833,11.8976248761,100.0000000000,10.3220689262,1.0000000000,0.8872000000,227.2317403066,0,0,0,71,0
1872,100,0,1,100,100,0,0,0,0,0,100,100,0.0158705517,11.8817543244,100.0000000000,10.3220689262,1.0000000000,0.8064000000,250.0000000000,0,0,0,71,0
1873,100,0,1,100,100,0,0,0,0,0,100,100,0.0158705517,11.8658837728,100.0000000000,10.3220689262,1.0000000000,0.8064000000,250.0000000000,0,0,0,71,0
1874,100,0,1,100,100,0,0,0,0,0,100,100,0.0158705517,11.8500132211,100.0000000000,10.3220689262,1.0000000000,0.8064000000,250.0000000000,0,0,0,71,0
1875,100,0,1,100,100,0,0,0,0,0,100,100,0.0158705517,11.8341426695,100.0000000000,10.3220689262,1.0000000000,0.8064000000,250.0000000000,0,0,0,71,0
1876,100,0,2,100,100,0,0,1,102,394,100,100,0.0231474596,11.8109952099,50.0000000000,10.4833575236,1.0000000000,0.8880000000,227.0270270270,0,0,0,68,0
1877,100,0,2,100,100,0,0,0,0,0,100,100,0.0163141445,11.7946810654,50.0000000000,10.4833575236,1.0000000000,0.8064000000,250.0000000000,0,0,0,68,0
1878,100,0,2,100,100,0,0,0,0,0,100,100,0.0163141445,11.7783669209,50.0000000000,10.4833575236,1.0000000000,0.8064000000,250.0000000000,0,0,0,68,0
1879,100,0,2,100,100,0,0,0,0,0,100,100,0.0163141445,11.7620527763,50.0000000000,10.4833575236,1.0000000000,0.8064000000,250.0000000000,0,0,0,68,0
1880,100,0,2,100,100,0,0,0,0,0,100,100,0.0163141445,11.7457386318,50.0000000000,10.4833575236,1.0000000000,0.8064000000,250.0000000000,0,0,0,68,0
1881,100,0,1,100,100,0,0,1,101,297,100,100,0.0223307168,11.7234079150,100.0000000000,10.4833667095,1.0000000000,0.8872000000,227.2317403066,0,0,0,69,0
1882,100,0,1,100,100,0,0,0,0,0,100,100,0.0163057351,11.7071021799,100.0000000000,10.4833667095,1.0000000000,0.8064000000,250.0000000000,0,0,0,69,0
1883,100,0,1,100,100,0,0,0,0,0,100,100,0.0163057351,11.6907964448,100.0000000000,10.4833667095,1.0000000000,0.8064000000,250.0000000000,0,0,0,69,0
1884,100,0,1,100,100,0,0,0,0,0,100,100,0.0163057351,11.6744907097,100.0000000000,10.4833667095,1.0000000000,0.8064000000,250.0000000000,0,0,0,69,0
1885,100,0,1,100,100,0,0,0,0,0,100,100,0.0163057351,11.6581849746,100.0000000000,10.4833667095,1.0000000000,0.8064000000,250.0000000000,0,0,0,69,0
1886,100,0,5,100,100,0,0,1,105,685,100,100,0.0294655212,11.6287194535,20.0000000000,14.2734557107,1.0000000000,0.8904000000,226.4150943396,0,0,0,18,0
1887,100,0,5,100,100,0,0,0,0,0,100,100,0.0199165155,11.6088029380,20.0000000000,14.2734557107,1.0000000000,0.8064000000,250.0000000000,0,0,0,18,0
1888,100,0,5,100,100,0,0,0,0,0,100,100,0.0199165155,11.5888864224,20.0000000000,14.2734557107,1.0000000000,0.8064000000,250.0000000000,0,0,0,18,0
1889,100,0,5,100,100,0,0,0,0,0,100,100,0.0199165155,11.5689699069,20.0000000000,14.2734557107,1.0000000000,0.8064000000,250.0000000000,0,0,0,18,0
1890,100,0,5,100,100,0,0,0,0,0,100,100,0.0199165155,11.5490533914,20.0000000000,14.2734557107,1.0000000000,0.8064000000,250.0000000000,0,0,0,18,0
1891,100,0,6,100,100,0,0,1,106,782,100,100,0.0285327915,11.5205205999,16.6666666667,12.5800006388,1.0000000000,0.8912000000,226.2118491921,0,0,0,38,0
1892,100,0,6,100,100,0,0,0,0,0,100,100,0.0177897410,11.5027308589,16.6666666667,12.5800006388,1.0000000000,0.8064000000,250.0000000000,0,0,0,38,0
1893,100,0,6,100,100,0,0,0,0,0,100,100,0.0177897410,11.4849411179,16.6666666667,12.5800006388,1.0000000000,0.8064000000,250.0000000000,0,0,0,38,0
1894,100,0,6,100,100,0,0,0,0,0,100,100,0.0177897410,11.4671513769,16.6666666667,12.5800006388,1.0000000000,0.8064000000,250.0000000000,0,0,0,38,0
1895,100,0,6,100,100,0,0,0,0,0,100,100,0.0177897410,11.4493616359,16.6666666667,12.5800006388,1.0000000000,0.8064000000,250.0000000000,0,0,0,38,0
1896,100,0,7,100,100,0,0,1,107,879,100,100,0.0320917508,11.4172698851,14.2857142857,14.7572886788,1.0000000000,0.8920000000,226.0089686099,0,0,0,10,0
1897,100,0,7,100,100,0,0,0,0,0,100,100,0.0204045623,11.3968653228,14.2857142857,14.7572886788,1.0000000000,0.8064000000,250.0000000000,0,0,0,10,0
1898,100,0,7,100,100,0,0,0,0,0,100,100,0.0204045623,11.3764607605,14.2857142857,14.7572886788,1.0000000000,0.8064000000,250.0000000000,0,0,0,10,0
1899,100,0,7,100,100,0,0,0,0,0,100,100,0.0204045623,11.3560561983,14.2857142857,14.7572886788,1.0000000000,0.8064000000,250.0000000000,0,0,0,10,0
1900,100,0,7,100,100,0,0,0,0,0,100,100,0.0204045623,11.3356516360,14.2857142857,14.7572886788,1.0000000000,0.8064000000,250.0000000000,0,0,0,10,0
1901,100,0,1,100,100,0,0,1,101,297,100,100,0.0219064454,11.3137451906,100.0000000000,10.2414319901,1.0000000000,0.8872000000,227.2317403066,0,0,0,72,0
1902,100,0,1,100,100,0,0,0,0,0,100,100,0.0161078459,11.2976373447,100.0000000000,10.2414319901,1.0000000000,0.8064000000,250.0000000000,0,0,0,72,0
1903,100,0,1,100,100,0,0,0,0,0,100,100,0.0161078459,11.2815294988,100.0000000000,10.2414319901,1.0000000000,0.8064000000,250.0000000000,0,0,0,72,0
1904,100,0,1,100,100,0,0,0,0,0,100,100,0.0161078459,11.2654216529,100.0000000000,10.2414319901,1.0000000000,0.8064000000,250.0000000000,0,0,0,72,0
1905,100,0,1,100,100,0,0,0,0,0,100,100,0.0161078459,11.2493138070,100.0000000000,10.2414319901,1.0000000000,0.8064000000,250.0000000000,0,0,0,72,0
1906,100,0,2,100,100,0,0,1,102,394,100,100,0.0252046583,11.2241091487,50.0000000000,12.7412991760,1.0000000000,0.8880000000,227.0270270270,0,0,0,40,0
1907,100,0,2,100,100,0,0,0,0,0,100,100,0.0187212225,11.2053879261,50.0000000000,12.7412991760,1.0000000000,0.8064000000,250.0000000000,0,0,0,40,0
1908,100,0,2,100,100,0,0,0,0,0,100,100,0.0187212225,11.1866667036,50.0000000000,12.7412991760,1.0000000000,0.8064000000,250.0000000000,0,0,0,40,0
1909,100,0,2,100,100,0,0,0,0,0,100,100,0.0187212225,11.1679454811,50.0000000000,12.7412991760,1.0000000000,0.8064000000,250.0000000000,0,0,0,40,0
1910,100,0,2,100,100,0,0,0,0,0,100,100,0.0187212225,11.1492242586,50.0000000000,12.7412991760,1.0000000000,0.8064000000,250.0000000000,0,0,0,40,0
1911,100,0,1,100,100,0,0,1,101,297,100,100,0.0212021250,11.1280221335,100.0000000000,9.4350279573,1.0000000000,0.8872000000,227.2317403066,0,0,0,82,0
1912,100,0,1,100,100,0,0,0,0,0,100,100,0.0149451693,11.1130769643,100.0000000000,9.4350279573,1.0000000000,0.8064000000,250.0000000000,0,0,0,82,0
1913,100,0,1,100,100,0,0,0,0,0,100,100,0.0149451693,11.0981317950,100.0000000000,9.4350279573,1.0000000000,0.8064000000,250.0000000000,0,0,0,82,0
1914,100,0,1,100,100,0,0,0,0,0,100,100,0.0149451693,11.0831866258,100.0000000000,9.4350279573,1.0000000000,0.8064000000,250.0000000000,0,0,0,82,0
1915,100,0,1,100,100,0,0,0,0,0,100,100,0.0149451693,11.0682414565,100.0000000000,9.4350279573,1.0000000000,0.8064000000,250.0000000000,0,0,0,82,0
1916,100,0,1,100,100,0,0,1,101,297,100,100,0.0228405801,11.0454008765,100.0000000000,11.2897479404,1.0000000000,0.8872000000,227.2317403066,0,0,0,59,0
1917,100,0,1,100,100,0,0,0,0,0,100,100,0.0172661950,11.0281346815,100.0000000000,11.2897479404,1.0000000000,0.8064000000,250.0000000000,0,0,0,59,0
1918,100,0,1,100,100,0,0,0,0,0,100,100,0.0172661950,11.0108684865,100.0000000000,11.2897479404,1.0000000000,0.8064000000,250.0000000000,0,0,0,59,0
1919,100,0,1,100,100,0,0,0,0,0,100,100,0.0172661950,10.9936022916,100.0000000000,11.2897479404,1.0000000000,0.8064000000,250.0000000000,0,0,0,59,0
1920,100,0,1,100,100,0,0,0,0,0,100,100,0.0172661950,10.9763360966,100.0000000000,11.2897479404,1.0000000000,0.8064000000,250.0000000000,0,0,0,59,0
1921,100,0,2,100,100,0,0,1,102,394,100,100,0.0230042375,10.9533318591,50.0000000000,10.5640066582,1.0000000000,0.8880000000,227.0270270270,0,0,0,67,0
1922,100,0,2,100,100,0,0,0,0,0,100,100,0.0161196162,10.9372122428,50.0000000000,10.5640066582,1.0000000000,0.8064000000,250.0000000000,0,0,0,67,0
1923,100,0,2,100,100,0,0,0,0,0,100,100,0.0161196162,10.9210926266,50.0000000000,10.5640066582,1.0000000000,0.8064000000,250.0000000000,0,0,0,67,0
1924,100,0,2,100,100,0,0,0,0,0,100,100,0.0161196162,10.9049730104,50.0000000000,10.5640066582,1.0000000000,0.8064000000,250.0000000000,0,0,0,67,0
1925,100,0,2,100,100,0,0,0,0,0,100,100,0.0161196162,10.8888533941,50.0000000000,10.5640066582,1.0000000000,0.8064000000,250.0000000000,0,0,0,67,0
1926,100,0,1,100,100,0,0,1,101,297,100,100,0.0210752377,10.8677781564,100.0000000000,9.2737461212,1.0000000000,0.8872000000,227.2317403066,0,0,0,84,0
1927,100,0,1,100,100,0,0,0,0,0,100,100,0.0147486347,10.8530295217,100.0000000000,9.2737461212,1.0000000000,0.8064000000,250.0000000000,0,0,0,84,0
1928,100,0,1,100,100,0,0,0,0,0,100,100,0.0147486347,10.8382808870,100.0000000000,9.2737461212,1.0000000000,0.8064000000,250.0000000000,0,0,0,84,0
1929,100,0,1,100,100,0,0,0,0,0,100,100,0.0147486347,10.8235322523,100.0000000000,9.2737461212,1.0000000000,0.8064000000,250.0000000000,0,0,0,84,0
1930,100,0,1,100,100,0,0,0,0,0,100,100,0.0147486347,10.8087836176,100.0000000000,9.2737461212,1.0000000000,0.8064000000,250.0000000000,0,0,0,84,0
1931,100,0,1,100,100,0,0,1,101,297,100,100,0.0219103425,10.7868732751,100.0000000000,10.4027068713,1.0000000000,0.8872000000,227.2317403066,0,0,0,70,0
1932,100,0,1,100,100,0,0,0,0,0,100,100,0.0162435071,10.7706297680,100.0000000000,10.4027068713,1.0000000000,0.8064000000,250.0000000000,0,0,0,70,0
1933,100,0,1,100,100,0,0,0,0,0,100,100,0.0162435071,10.7543862608,100.0000000000,10.4027068713,1.0000000000,0.8064000000,250.0000000000,0,0,0,70,0
1934,100,0,1,100,100,0,0,0,0,0,100,100,0.0162435071,10.7381427537,100.0000000000,10.4027068713,1.0000000000,0.8064000000,250.0000000000,0,0,0,70,0
1935,100,0,1,100,100,0,0,0,0,0,100,100,0.0162435071,10.7218992466,100.0000000000,10.4027068713,1.0000000000,0.8064000000,250.0000000000,0,0,0,70,0
1936,100,0,3,100,100,0,0,1,103,491,100,100,0.0257587433,10.6961405033,33.3333333333,12.3380936042,1.0000000000,0.8888000000,226.8226822682,0,0,0,44,0
1937,100,0,3,100,100,0,0,0,0,0,100,100,0.0182210094,10.6779194938,33.3333333333,12.3380936042,1.0000000000,0.8064000000,250.0000000000,0,0,0,44,0
1938,100,0,3,100,100,0,0,0,0,0,100,100,0.0182210094,10.6596984844,33.3333333333,12.3380936042,1.0000000000,0.8064000000,250.0000000000,0,0,0,44,0
1939,100,0,3,100,100,0,0,0,0,0,100,100,0.0182210094,10.6414774750,33.3333333333,12.3380936042,1.0000000000,0.8064000000,250.0000000000,0,0,0,44,0
1940,100,0,3,100,100,0,0,0,0,0,100,100,0.0182210094,10.6232564656,33.3333333333,12.3380936042,1.0000000000,0.8064000000,250.0000000000,0,0,0,44,0
1941,100,0,1,100,100,0,0,1,101,297,100,100,0.0214156965,10.6018407690,100.0000000000,9.9995035627,1.0000000000,0.8872000000,227.2317403066,0,0,0,75,0
1942,100,0,1,100,100,0,0,0,0,0,100,100,0.0157103021,10.5861304669,100.0000000000,9.9995035627,1.0000000000,0.8064000000,250.0000000000,0,0,0,75,0
1943,100,0,1,100,100,0,0,0,0,0,100,100,0.0157103021,10.5704201648,100.0000000000,9.9995035627,1.0000000000,0.8064000000,250.0000000000,0,0,0,75,0
1944,100,0,1,100,100,0,0,0,0,0,100,100,0.0157103021,10.5547098627,100.0000000000,9.9995035627,1.0000000000,0.8064000000,250.0000000000,0,0,0,75,0
1945,100,0,1,100,100,0,0,0,0,0,100,100,0.0157103021,10.5389995605,100.0000000000,9.9995035627,1.0000000000,0.8064000000,250.0000000000,0,0,0,75,0
1946,100,0,2,100,100,0,0,1,102,394,100,100,0.0250373907,10.5139621699,50.0000000000,12.4993479666,1.0000000000,0.8880000000,227.0270270270,0,0,0,43,0
1947,100,0,2,100,100,0,0,0,0,0,100,100,0.0185443041,10.4954178657,50.0000000000,12.4993479666,1.0000000000,0.8064000000,250.0000000000,0,0,0,43,0
1948,100,0,2,100,100,0,0,0,0,0,100,100,0.0185443041,10.4768735616,50.0000000000,12.4993479666,1.0000000000,0.8064000000,250.0000000000,0,0,0,43,0
1949,100,0,2,100,100,0,0,0,0,0,100,100,0.0185443041,10.4583292575,50.0000000000,12.4993479666,1.0000000000,0.8064000000,250.0000000000,0,0,0,43,0
1950,100,0,2,100,100,0,0,0,0,0,100,100,0.0185443041,10.4397849534,50.0000000000,12.4993479666,1.0000000000,0.8064000000,250.0000000000,0,0,0,43,0
1951,100,0,4,100,100,0,0,1,104,588,100,100,0.0286382780,10.4111466753,25.0000000000,14.5153677809,1.0000000000,0.8896000000,226.6187050360,0,0,0,16,0
1952,100,0,4,100,100,0,0,0,0,0,100,100,0.0201703665,10.3909763088,25.0000000000,14.5153677809,1.0000000000,0.8064000000,250.0000000000,0,0,0,16,0
1953,100,0,4,100,100,0,0,0,0,0,100,100,0.0201703665,10.3708059423,25.0000000000,14.5153677809,1.0000000000,0.8064000000,250.0000000000,0,0,0,16,0
1954,100,0,4,100,100,0,0,0,0,0,100,100,0.0201703665,10.3506355758,25.0000000000,14.5153677809,1.0000000000,0.8064000000,250.0000000000,0,0,0,16,0
1955,100,0,4,100,100,0,0,0,0,0,100,100,0.0201703665,10.3304652093,25.0000000000,14.5153677809,1.0000000000,0.8064000000,250.0000000000,0,0,0,16,0
1956,100,0,1,100,100,0,0,1,101,297,100,100,0.0218428603,10.3086223490,100.0000000000,10.4027144959,1.0000000000,0.8872000000,227.2317403066,0,0,0,70,0
1957,100,0,1,100,100,0,0,0,0,0,100,100,0.0160473371,10.2925750119,100.0000000000,10.4027144959,1.0000000000,0.8064000000,250.0000000000,0,0,0,70,0
1958,100,0,1,100,100,0,0,0,0,0,100,100,0.0160473371,10.2765276748,100.0000000000,10.4027144959,1.0000000000,0.8064000000,250.0000000000,0,0,0,70,0
1959,100,0,1,100,100,0,0,0,0,0,100,100,0.0160473371,10.2604803377,100.0000000000,10.4027144959,1.0000000000,0.8064000000,250.0000000000,0,0,0,70,0
1960,100,0,1,100,100,0,0,0,0,0,100,100,0.0160473371,10.2444330006,100.0000000000,10.4027144959,1.0000000000,0.8064000000,250.0000000000,0,0,0,70,0
1961,100,0,1,100,100,0,0,1,101,297,100,100,0.0218364539,10.2225965467,100.0000000000,10.1607988749,1.0000000000,0.8872000000,227.2317403066,0,0,0,73,0
1962,100,0,1,100,100,0,0,0,0,0,100,100,0.0157781935,10.2068183533,100.0000000000,10.1607988749,1.0000000000,0.8064000000,250.0000000000,0,0,0,73,0
1963,100,0,1,100,100,0,0,0,0,0,100,100,0.0157781935,10.1910401598,100.0000000000,10.1607988749,1.0000000000,0.8064000000,250.0000000000,0,0,0,73,0
1964,100,0,1,100,100,0,0,0,0,0,100,100,0.0157781935,10.1752619663,100.0000000000,10.1607988749,1.0000000000,0.8064000000,250.0000000000,0,0,0,73,0
1965,100,0,1,100,100,0,0,0,0,0,100,100,0.0157781935,10.1594837729,100.0000000000,10.1607988749,1.0000000000,0.8064000000,250.0000000000,0,0,0,73,0
1966,100,0,3,100,100,0,0,1,103,491,100,100,0.0256517513,10.1338320216,33.3333333333,12.1767858386,1.0000000000,0.8888000000,226.8226822682,0,0,0,46,0
1967,100,0,3,100,100,0,0,0,0,0,100,100,0.0180654101,10.1157666115,33.3333333333,12.1767858386,1.0000000000,0.8064000000,250.0000000000,0,0,0,46,0
1968,100,0,3,100,100,0,0,0,0,0,100,100,0.0180654101,10.0977012014,33.3333333333,12.1767858386,1.0000000000,0.8064000000,250.0000000000,0,0,0,46,0
1969,100,0,3,100,100,0,0,0,0,0,100,100,0.0180654101,10.0796357913,33.3333333333,12.1767858386,1.0000000000,0.8064000000,250.0000000000,0,0,0,46,0
1970,100,0,3,100,100,0,0,0,0,0,100,100,0.0180654101,10.0615703812,33.3333333333,12.1767858386,1.0000000000,0.8064000000,250.0000000000,0,0,0,46,0
1971,100,0,2,100,100,0,0,1,102,394,100,100,0.0257203781,10.0358500031,50.0000000000,12.9025643066,1.0000000000,0.8880000000,227.0270270270,0,0,0,38,0
1972,100,0,2,100,100,0,0,0,0,0,100,100,0.0192592167,10.0165907864,50.0000000000,12.9025643066,1.0000000000,0.8064000000,250.0000000000,0,0,0,38,0
1973,100,0,2,100,100,0,0,0,0,0,100,100,0.0192592167,9.9973315696,50.0000000000,12.9025643066,1.0000000000,0.8064000000,250.0000000000,0,0,0,38,0
1974,100,0,2,100,100,0,0,0,0,0,100,100,0.0192592167,9.9780723529,50.0000000000,12.9025643066,1.0000000000,0.8064000000,250.0000000000,0,0,0,38,0
1975,100,0,2,100,100,0,0,0,0,0,100,100,0.0192592167,9.9588131362,50.0000000000,12.9025643066,1.0000000000,0.8064000000,250.0000000000,0,0,0,38,0
1976,100,0,2,100,100,0,0,1,102,394,100,100,0.0247673801,9.9340457561,50.0000000000,12.3380834745,1.0000000000,0.8880000000,227.0270270270,0,0,0,45,0
1977,100,0,2,100,100,0,0,0,0,0,100,100,0.0182671183,9.9157786378,50.0000000000,12.3380834745,1.0000000000,0.8064000000,250.0000000000,0,0,0,45,0
1978,100,0,2,100,100,0,0,0,0,0,100,100,0.0182671183,9.8975115195,50.0000000000,12.3380834745,1.0000000000,0.8064000000,250.0000000000,0,0,0,45,0
1979,100,0,2,100,100,0,0,0,0,0,100,100,0.0182671183,9.8792444013,50.0000000000,12.3380834745,1.0000000000,0.8064000000,250.0000000000,0,0,0,45,0
1980,100,0,2,100,100,0,0,0,0,0,100,100,0.0182671183,9.8609772830,50.0000000000,12.3380834745,1.0000000000,0.8064000000,250.0000000000,0,0,0,45,0
1981,100,0,3,100,100,0,0,1,103,491,100,100,0.0298762727,9.8311010103,33.3333333333,15.4023940509,1.0000000000,0.8888000000,226.8226822682,0,0,0,6,0
1982,100,0,3,100,100,0,0,0,0,0,100,100,0.0223947864,9.8087062239,33.3333333333,15.4023940509,1.0000000000,0.8064000000,250.0000000000,0,0,0,6,0
1983,100,0,3,100,100,0,0,0,0,0,100,100,0.0223947864,9.7863114375,33.3333333333,15.4023940509,1.0000000000,0.8064000000,250.0000000000,0,0,0,6,0
1984,100,0,3,100,100,0,0,0,0,0,100,100,0.0223947864,9.7639166511,33.3333333333,15.4023940509,1.0000000000,0.8064000000,250.0000000000,0,0,0,6,0
1985,100,0,3,100,100,0,0,0,0,0,100,100,0.0223947864,9.7415218647,33.3333333333,15.4023940509,1.0000000000,0.8064000000,250.0000000000,0,0,0,6,0
1986,100,0,3,100,100,0,0,1,103,491,100,100,0.0257361779,9.7157856868,33.3333333333,12.8219272281,1.0000000000,0.8888000000,226.8226822682,0,0,0,38,0
1987,100,0,3,100,100,0,0,0,0,0,100,100,0.0182030523,9.6975826345,33.3333333333,12.8219272281,1.0000000000,0.8064000000,250.0000000000,0,0,0,38,0
1988,100,0,3,100,100,0,0,0,0,0,100,100,0.0182030523,9.6793795823,33.3333333333,12.8219272281,1.0000000000,0.8064000000,250.0000000000,0,0,0,38,0
1989,100,0,3,100,100,0,0,0,0,0,100,100,0.0182030523,9.6611765300,33.3333333333,12.8219272281,1.0000000000,0.8064000000,250.0000000000,0,0,0,38,0
1990,100,0,3,100,100,0,0,0,0,0,100,100,0.0182030523,9.6429734777,33.3333333333,12.8219272281,1.0000000000,0.8064000000,250.0000000000,0,0,0,38,0
1991,100,0,7,100,100,0,0,1,107,879,100,100,0.0315728275,9.6114006502,14.2857142857,14.1121673376,1.0000000000,0.8920000000,226.0089686099,0,0,0,18,0
1992,100,0,7,100,100,0,0,0,0,0,100,100,0.0198433796,9.5915572706,14.2857142857,14.1121673376,1.0000000000,0.8064000000,250.0000000000,0,0,0,18,0
1993,100,0,7,100,100,0,0,0,0,0,100,100,0.0198433796,9.5717138909,14.2857142857,14.1121673376,1.0000000000,0.8064000000,250.0000000000,0,0,0,18,0
1994,100,0,7,100,100,0,0,0,0,0,100,100,0.0198433796,9.5518705113,14.2857142857,14.1121673376,1.0000000000,0.8064000000,250.0000000000,0,0,0,18,0
1995,100,0,7,100,100,0,0,0,0,0,100,100,0.0198433796,9.5320271317,14.2857142857,14.1121673376,1.0000000000,0.8064000000,250.0000000000,0,0,0,18,0
1996,100,0,11,100,100,0,0,1,111,1267,100,100,0.0367912473,9.4952358843,9.0909090909,14.9185620078,1.0000000000,0.8952000000,225.2010723861,0,0,0,4,0
1997,100,0,11,100,100,0,0,0,0,0,100,100,0.0207779654,9.4744579190,9.0909090909,14.9185620078,1.0000000000,0.8064000000,250.0000000000,0,0,0,4,0
1998,100,0,11,100,100,0,0,0,0,0,100,100,0.0207779654,9.4536799536,9.0909090909,14.9185620078,1.0000000000,0.8064000000,250.0000000000,0,0,0,4,0
1999,100,0,11,100,100,0,0,0,0,0,100,100,0.0207779654,9.4329019882,9.0909090909,14.9185620078,1.0000000000,0.8064000000,250.0000000000,0,0,0,4,0
2000,100,0,11,100,100,0,0,0,0,0,100,100,0.0207779654,9.4121240229,9.0909090909,14.9185620078,1.0000000000,0.8064000000,250.0000000000,0,0,0,4,0
2001,100,0,1,100,100,0,0,1,101,297,100,100,0.0219689621,9.3901550608,100.0000000000,10.6446269044,1.0000000000,0.8872000000,227.2317403066,0,0,0,67,0
2002,100,0,1,100,100,0,0,0,0,0,100,100,0.0162803564,9.3738747043,100.0000000000,10.6446269044,1.0000000000,0.8064000000,250.0000000000,0,0,0,67,0
2003,100,0,1,100,100,0,0,0,0,0,100,100,0.0162803564,9.3575943479,100.0000000000,10.6446269044,1.0000000000,0.8064000000,250.0000000000,0,0,0,67,0
2004,100,0,1,100,100,0,0,0,0,0,100,100,0.0162803564,9.3413139915,100.0000000000,10.6446269044,1.0000000000,0.8064000000,250.0000000000,0,0,0,67,0
2005,100,0,1,100,100,0,0,0,0,0,100,100,0.0162803564,9.3250336351,100.0000000000,10.6446269044,1.0000000000,0.8064000000,250.0000000000,0,0,0,67,0
2006,100,0,1,100,100,0,0,1,101,297,100,100,0.0220568907,9.3029767443,100.0000000000,10.5639897610,1.0000000000,0.8872000000,227.2317403066,0,0,0,68,0
2007,100,0,1,100,100,0,0,0,0,0,100,100,0.0163579896,9.2866187547,100.0000000000,10.5639897610,1.0000000000,0.8064000000,250.0000000000,0,0,0,68,0
2008,100,0,1,100,100,0,0,0,0,0,100,100,0.0163579896,9.2702607651,100.0000000000,10.5639897610,1.0000000000,0.8064000000,250.0000000000,0,0,0,68,0
2009,100,0,1,100,100,0,0,0,0,0,100,100,0.0163579896,9.2539027755,100.0000000000,10.5639897610,1.0000000000,0.8064000000,250.0000000000,0,0,0,68,0
2010,100,0,1,100,100,0,0,0,0,0,100,100,0.0163579896,9.2375447859,100.0000000000,10.5639897610,1.0000000000,0.8064000000,250.0000000000,0,0,0,68,0
2011,100,0,1,100,100,0,0,1,101,297,100,100,0.0248209698,9.2127238160,100.0000000000,12.3380548368,1.0000000000,0.8872000000,227.2317403066,0,0,0,46,0
2012,100,0,1,100,100,0,0,0,0,0,100,100,0.0193725830,9.1933512331,100.0000000000,12.3380548368,1.0000000000,0.8064000000,250.0000000000,0,0,0,46,0
2013,100,0,1,100,100,0,0,0,0,0,100,100,0.0193725830,9.1739786501,100.0000000000,12.3380548368,1.0000000000,0.8064000000,250.0000000000,0,0,0,46,0
2014,100,0,1,100,100,0,0,0,0,0,100,100,0.0193725830,9.1546060671,100.0000000000,12.3380548368,1.0000000000,0.8064000000,250.0000000000,0,0,0,46,0
2015,100,0,1,100,100,0,0,0,0,0,100,100,0.0193725830,9.1352334842,100.0000000000,12.3380548368,1.0000000000,0.8064000000,250.0000000000,0,0,0,46,0
2016,100,0,1,100,100,0,0,1,101,297,100,100,0.0219760051,9.1132574790,100.0000000000,10.6446268015,1.0000000000,0.8872000000,227.2317403066,0,0,0,67,0
2017,100,0,1,100,100,0,0,0,0,0,100,100,0.0162940243,9.0969634548,100.0000000000,10.6446268015,1.0000000000,0.8064000000,250.0000000000,0,0,0,67,0
2018,100,0,1,100,100,0,0,0,0,0,100,100,0.0162940243,9.0806694305,100.0000000000,10.6446268015,1.0000000000,0.8064000000,250.0000000000,0,0,0,67,0
2019,100,0,1,100,100,0,0,0,0,0,100,100,0.0162940243,9.0643754063,100.0000000000,10.6446268015,1.0000000000,0.8064000000,250.0000000000,0,0,0,67,0
2020,100,0,1,100,100,0,0,0,0,0,100,100,0.0162940243,9.0480813820,100.0000000000,10.6446268015,1.0000000000,0.8064000000,250.0000000000,0,0,0,67,0
2021,100,0,2,100,100,0,0,1,102,394,100,100,0.0237383082,9.0243430738,50.0000000000,11.0478269850,1.0000000000,0.8880000000,227.0270270270,0,0,0,61,0
2022,100,0,2,100,100,0,0,0,0,0,100,100,0.0171162206,9.0072268531,50.0000000000,11.0478269850,1.0000000000,0.8064000000,250.0000000000,0,0,0,61,0
2023,100,0,2,100,100,0,0,0,0,0,100,100,0.0171162206,8.9901106325,50.0000000000,11.0478269850,1.0000000000,0.8064000000,250.0000000000,0,0,0,61,0
2024,100,0,2,100,100,0,0,0,0,0,100,100,0.0171162206,8.9729944118,50.0000000000,11.0478269850,1.0000000000,0.8064000000,250.0000000000,0,0,0,61,0
2025,100,0,2,100,100,0,0,0,0,0,100,100,0.0171162206,8.9558781912,50.0000000000,11.0478269850,1.0000000000,0.8064000000,250.0000000000,0,0,0,61,0
2026,100,0,1,100,100,0,0,1,101,297,100,100,0.0213752747,8.9345029165,100.0000000000,9.7575906913,1.0000000000,0.8872000000,227.2317403066,0,0,0,78,0
2027,100,0,1,100,100,0,0,0,0,0,100,100,0.0154090877,8.9190938287,100.0000000000,9.7575906913,1.0000000000,0.8064000000,250.0000000000,0,0,0,78,0
2028,100,0,1,100,100,0,0,0,0,0,100,100,0.0154090877,8.9036847410,100.0000000000,9.7575906913,1.0000000000,0.8064000000,250.0000000000,0,0,0,78,0
2029,100,0,1,100,100,0,0,0,0,0,100,100,0.0154090877,8.8882756532,100.0000000000,9.7575906913,1.0000000000,0.8064000000,250.0000000000,0,0,0,78,0
2030,100,0,1,100,100,0,0,0,0,0,100,100,0.0154090877,8.8728665655,100.0000000000,9.7575906913,1.0000000000,0.8064000000,250.0000000000,0,0,0,78,0
2031,100,0,1,100,100,0,0,1,101,297,100,100,0.0213120877,8.8515544778,100.0000000000,9.1124680078,1.0000000000,0.8872000000,227.2317403066,0,0,0,86,0
2032,100,0,1,100,100,0,0,0,0,0,100,100,0.0147312183,8.8368232595,100.0000000000,9.1124680078,1.0000000000,0.8064000000,250.0000000000,0,0,0,86,0
2033,100,0,1,100,100,0,0,0,0,0,100,100,0.0147312183,8.8220920413,100.0000000000,9.1124680078,1.0000000000,0.8064000000,250.0000000000,0,0,0,86,0
2034,100,0,1,100,100,0,0,0,0,0,100,100,0.0147312183,8.8073608230,100.0000000000,9.1124680078,1.0000000000,0.8064000000,250.0000000000,0,0,0,86,0
2035,100,0,1,100,100,0,0,0,0,0,100,100,0.0147312183,8.7926296048,100.0000000000,9.1124680078,1.0000000000,0.8064000000,250.0000000000,0,0,0,86,0
2036,100,0,2,100,100,0,0,1,102,394,100,100,0.0234433590,8.7691862457,50.0000000000,11.4510441303,1.0000000000,0.8880000000,227.0270270270,0,0,0,56,0
2037,100,0,2,100,100,0,0,0,0,0,100,100,0.0167963174,8.7523899283,50.0000000000,11.4510441303,1.0000000000,0.8064000000,250.0000000000,0,0,0,56,0
2038,100,0,2,100,100,0,0,0,0,0,100,100,0.0167963174,8.7355936108,50.0000000000,11.4510441303,1.0000000000,0.8064000000,250.0000000000,0,0,0,56,0
2039,100,0,2,100,100,0,0,0,0,0,100,100,0.0167963174,8.7187972934,50.0000000000,11.4510441303,1.0000000000,0.8064000000,250.0000000000,0,0,0,56,0
2040,100,0,2,100,100,0,0,0,0,0,100,100,0.0167963174,8.7020009759,50.0000000000,11.4510441303,1.0000000000,0.8064000000,250.0000000000,0,0,0,56,0
2041,100,0,1,100,100,0,0,1,101,297,100,100,0.0227313544,8.6792696215,100.0000000000,10.9671789643,1.0000000000,0.8872000000,227.2317403066,0,0,0,63,0
2042,100,0,1,100,100,0,0,0,0,0,100,100,0.0172111547,8.6620584668,100.0000000000,10.9671789643,1.0000000000,0.8064000000,250.0000000000,0,0,0,63,0
2043,100,0,1,100,100,0,0,0,0,0,100,100,0.0172111547,8.6448473122,100.0000000000,10.9671789643,1.0000000000,0.8064000000,250.0000000000,0,0,0,63,0
2044,100,0,1,100,100,0,0,0,0,0,100,100,0.0172111547,8.6276361575,100.0000000000,10.9671789643,1.0000000000,0.8064000000,250.0000000000,0,0,0,63,0
2045,100,0,1,100,100,0,0,0,0,0,100,100,0.0172111547,8.6104250029,100.0000000000,10.9671789643,1.0000000000,0.8064000000,250.0000000000,0,0,0,63,0
2046,100,0,1,100,100,0,0,1,101,297,100,100,0.0215095036,8.5889154993,100.0000000000,9.9188702074,1.0000000000,0.8872000000,227.2317403066,0,0,0,76,0
2047,100,0,1,100,100,0,0,0,0,0,100,100,0.0156624217,8.5732530776,100.0000000000,9.9188702074,1.0000000000,0.8064000000,250.0000000000,0,0,0,76,0
2048,100,0,1,100,100,0,0,0,0,0,100,100,0.0156624217,8.5575906560,100.0000000000,9.9188702074,1.0000000000,0.8064000000,250.0000000000,0,0,0,76,0
2049,100,0,1,100,100,0,0,0,0,0,100,100,0.0156624217,8.5419282343,100.0000000000,9.9188702074,1.0000000000,0.8064000000,250.0000000000,0,0,0,76,0
2050,100,0,1,100,100,0,0,0,0,0,100,100,0.0156624217,8.5262658126,100.0000000000,9.9188702074,1.0000000000,0.8064000000,250.0000000000,0,0,0,76,0
2051,100,0,1,100,100,0,0,1,101,297,100,100,0.0210246972,8.5052411155,100.0000000000,9.2737446057,1.0000000000,0.8872000000,227.2317403066,0,0,0,84,0
2052,100,0,1,100,100,0,0,0,0,0,100,100,0.0148015397,8.4904395758,100.0000000000,9.2737446057,1.0000000000,0.8064000000,250.0000000000,0,0,0,84,0
2053,100,0,1,100,100,0,0,0,0,0,100,100,0.0148015397,8.4756380361,100.0000000000,9.2737446057,1.0000000000,0.8064000000,250.0000000000,0,0,0,84,0
2054,100,0,1,100,100,0,0,0,0,0,100,100,0.0148015397,8.4608364964,100.0000000000,9.2737446057,1.0000000000,0.8064000000,250.0000000000,0,0,0,84,0
2055,100,0,1,100,100,0,0,0,0,0,100,100,0.0148015397,8.4460349567,100.0000000000,9.2737446057,1.0000000000,0.8064000000,250.0000000000,0,0,0,84,0
2056,100,0,2,100,100,0,0,1,102,394,100,100,0.0243792664,8.4216556903,50.0000000000,11.9348774276,1.0000000000,0.8880000000,227.0270270270,0,0,0,50,0
2057,100,0,2,100,100,0,0,0,0,0,100,100,0.0177830237,8.4038726666,50.0000000000,11.9348774276,1.0000000000,0.8064000000,250.0000000000,0,0,0,50,0
2058,100,0,2,100,100,0,0,0,0,0,100,100,0.0177830237,8.3860896428,50.0000000000,11.9348774276,1.0000000000,0.8064000000,250.0000000000,0,0,0,50,0
2059,100,0,2,100,100,0,0,0,0,0,100,100,0.0177830237,8.3683066191,50.0000000000,11.9348774276,1.0000000000,0.8064000000,250.0000000000,0,0,0,50,0
2060,100,0,2,100,100,0,0,0,0,0,100,100,0.0177830237,8.3505235953,50.0000000000,11.9348774276,1.0000000000,0.8064000000,250.0000000000,0,0,0,50,0
2061,100,0,1,100,100,0,0,1,101,297,100,100,0.0219408563,8.3285827391,100.0000000000,10.6446249019,1.0000000000,0.8872000000,227.2317403066,0,0,0,67,0
2062,100,0,1,100,100,0,0,0,0,0,100,100,0.0162887341,8.3122940049,100.0000000000,10.6446249019,1.0000000000,0.8064000000,250.0000000000,0,0,0,67,0
2063,100,0,1,100,100,0,0,0,0,0,100,100,0.0162887341,8.2960052708,100.0000000000,10.6446249019,1.0000000000,0.8064000000,250.0000000000,0,0,0,67,0
2064,100,0,1,100,100,0,0,0,0,0,100,100,0.0162887341,8.2797165366,100.0000000000,10.6446249019,1.0000000000,0.8064000000,250.0000000000,0,0,0,67,0
2065,100,0,1,100,100,0,0,0,0,0,100,100,0.0162887341,8.2634278025,100.0000000000,10.6446249019,1.0000000000,0.8064000000,250.0000000000,0,0,0,67,0
2066,100,0,1,100,100,0,0,1,101,297,100,100,0.0217166215,8.2417111810,100.0000000000,10.1607851259,1.0000000000,0.8872000000,227.2317403066,0,0,0,73,0
2067,100,0,1,100,100,0,0,0,0,0,100,100,0.0159968282,8.2257143528,100.0000000000,10.1607851259,1.0000000000,0.8064000000,250.0000000000,0,0,0,73,0
2068,100,0,1,100,100,0,0,0,0,0,100,100,0.0159968282,8.2097175246,100.0000000000,10.1607851259,1.0000000000,0.8064000000,250.0000000000,0,0,0,73,0
2069,100,0,1,100,100,0,0,0,0,0,100,100,0.0159968282,8.1937206965,100.0000000000,10.1607851259,1.0000000000,0.8064000000,250.0000000000,0,0,0,73,0
2070,100,0,1,100,100,0,0,0,0,0,100,100,0.0159968282,8.1777238683,100.0000000000,10.1607851259,1.0000000000,0.8064000000,250.0000000000,0,0,0,73,0
2071,100,0,5,100,100,0,0,1,105,685,100,100,0.0301983549,8.1475255134,20.0000000000,14.5153683972,1.0000000000,0.8904000000,226.4150943396,0,0,0,15,0
2072,100,0,5,100,100,0,0,0,0,0,100,100,0.0206120133,8.1269135001,20.0000000000,14.5153683972,1.0000000000,0.8064000000,250.0000000000,0,0,0,15,0
2073,100,0,5,100,100,0,0,0,0,0,100,100,0.0206120133,8.1063014867,20.0000000000,14.5153683972,1.0000000000,0.8064000000,250.0000000000,0,0,0,15,0
2074,100,0,5,100,100,0,0,0,0,0,100,100,0.0206120133,8.0856894734,20.0000000000,14.5153683972,1.0000000000,0.8064000000,250.0000000000,0,0,0,15,0
2075,100,0,5,100,100,0,0,0,0,0,100,100,0.0206120133,8.0650774601,20.0000000000,14.5153683972,1.0000000000,0.8064000000,250.0000000000,0,0,0,15,0
2076,100,0,4,100,100,0,0,1,104,588,100,100,0.0277495357,8.0373279243,25.0000000000,12.9025595200,1.0000000000,0.8896000000,226.6187050360,0,0,0,36,0
2077,100,0,4,100,100,0,0,0,0,0,100,100,0.0191209614,8.0182069630,25.0000000000,12.9025595200,1.0000000000,0.8064000000,250.0000000000,0,0,0,36,0
2078,100,0,4,100,100,0,0,0,0,0,100,100,0.0191209614,7.9990860016,25.0000000000,12.9025595200,1.0000000000,0.8064000000,250.0000000000,0,0,0,36,0
2079,100,0,4,100,100,0,0,0,0,0,100,100,0.0191209614,7.9799650402,25.0000000000,12.9025595200,1.0000000000,0.8064000000,250.0000000000,0,0,0,36,0
2080,100,0,4,100,100,0,0,0,0,0,100,100,0.0191209614,7.9608440789,25.0000000000,12.9025595200,1.0000000000,0.8064000000,250.0000000000,0,0,0,36,0
2081,100,0,4,100,100,0,0,1,104,588,100,100,0.0292768488,7.9315672301,25.0000000000,14.5960241745,1.0000000000,0.8896000000,226.6187050360,0,0,0,15,0
2082,100,0,4,100,100,0,0,0,0,0,100,100,0.0207590925,7.9108081376,25.0000000000,14.5960241745,1.0000000000,0.8064000000,250.0000000000,0,0,0,15,0
2083,100,0,4,100,100,0,0,0,0,0,100,100,0.0207590925,7.8900490451,25.0000000000,14.5960241745,1.0000000000,0.8064000000,250.0000000000,0,0,0,15,0
2084,100,0,4,100,100,0,0,0,0,0,100,100,0.0207590925,7.8692899526,25.0000000000,14.5960241745,1.0000000000,0.8064000000,250.0000000000,0,0,0,15,0
2085,100,0,4,100,100,0,0,0,0,0,100,100,0.0207590925,7.8485308601,25.0000000000,14.5960241745,1.0000000000,0.8064000000,250.0000000000,0,0,0,15,0
2086,100,0,5,100,100,0,0,1,105,685,100,100,0.0287286700,7.8198021901,20.0000000000,13.5476937752,1.0000000000,0.8904000000,226.4150943396,0,0,0,27,0
2087,100,0,5,100,100,0,0,0,0,0,100,100,0.0191185992,7.8006835909,20.0000000000,13.5476937752,1.0000000000,0.8064000000,250.0000000000,0,0,0,27,0
2088,100,0,5,100,100,0,0,0,0,0,100,100,0.0191185992,7.7815649918,20.0000000000,13.5476937752,1.0000000000,0.8064000000,250.0000000000,0,0,0,27,0
2089,100,0,5,100,100,0,0,0,0,0,100,100,0.0191185992,7.7624463926,20.0000000000,13.5476937752,1.0000000000,0.8064000000,250.0000000000,0,0,0,27,0
2090,100,0,5,100,100,0,0,0,0,0,100,100,0.0191185992,7.7433277935,20.0000000000,13.5476937752,1.0000000000,0.8064000000,250.0000000000,0,0,0,27,0
2091,100,0,4,100,100,0,0,1,104,588,100,100,0.0267904615,7.7165373319,25.0000000000,12.6606521354,1.0000000000,0.8896000000,226.6187050360,0,0,0,39,0
2092,100,0,4,100,100,0,0,0,0,0,100,100,0.0182303095,7.6983070224,25.0000000000,12.6606521354,1.0000000000,0.8064000000,250.0000000000,0,0,0,39,0
2093,100,0,4,100,100,0,0,0,0,0,100,100,0.0182303095,7.6800767129,25.0000000000,12.6606521354,1.0000000000,0.8064000000,250.0000000000,0,0,0,39,0
2094,100,0,4,100,100,0,0,0,0,0,100,100,0.0182303095,7.6618464034,25.0000000000,12.6606521354,1.0000000000,0.8064000000,250.0000000000,0,0,0,39,0
2095,100,0,4,100,100,0,0,0,0,0,100,100,0.0182303095,7.6436160938,25.0000000000,12.6606521354,1.0000000000,0.8064000000,250.0000000000,0,0,0,39,0
2096,100,0,7,100,100,0,0,1,107,879,100,100,0.0304628236,7.6131532703,14.2857142857,13.5477052386,1.0000000000,0.8920000000,226.0089686099,0,0,0,25,0
2097,100,0,7,100,100,0,0,0,0,0,100,100,0.0187442325,7.5944090378,14.2857142857,13.5477052386,1.0000000000,0.8064000000,250.0000000000,0,0,0,25,0
2098,100,0,7,100,100,0,0,0,0,0,100,100,0.0187442325,7.5756648053,14.2857142857,13.5477052386,1.0000000000,0.8064000000,250.0000000000,0,0,0,25,0
2099,100,0,7,100,100,0,0,0,0,0,100,100,0.0187442325,7.5569205728,14.2857142857,13.5477052386,1.0000000000,0.8064000000,250.0000000000,0,0,0,25,0
2100,100,0,7,100,100,0,0,0,0,0,100,100,0.0187442325,7.5381763403,14.2857142857,13.5477052386,1.0000000000,0.8064000000,250.0000000000,0,0,0,25,0
2101,100,0,2,100,100,0,0,1,102,394,100,100,0.0255317955,7.5126445448,50.0000000000,12.6606273703,1.0000000000,0.8880000000,227.0270270270,0,0,0,41,0
2102,100,0,2,100,100,0,0,0,0,0,100,100,0.0190575080,7.4935870367,50.0000000000,12.6606273703,1.0000000000,0.8064000000,250.0000000000,0,0,0,41,0
2103,100,0,2,100,100,0,0,0,0,0,100,100,0.0190575080,7.4745295287,50.0000000000,12.6606273703,1.0000000000,0.8064000000,250.0000000000,0,0,0,41,0
2104,100,0,2,100,100,0,0,0,0,0,100,100,0.0190575080,7.4554720207,50.0000000000,12.6606273703,1.0000000000,0.8064000000,250.0000000000,0,0,0,41,0
2105,100,0,2,100,100,0,0,0,0,0,100,100,0.0190575080,7.4364145126,50.0000000000,12.6606273703,1.0000000000,0.8064000000,250.0000000000,0,0,0,41,0
2106,100,0,1,100,100,0,0,1,101,297,100,100,0.0209030873,7.4155114253,100.0000000000,9.2737425291,1.0000000000,0.8872000000,227.2317403066,0,0,0,84,0
2107,100,0,1,100,100,0,0,0,0,0,100,100,0.0147837767,7.4007276486,100.0000000000,9.2737425291,1.0000000000,0.8064000000,250.0000000000,0,0,0,84,0
2108,100,0,1,100,100,0,0,0,0,0,100,100,0.0147837767,7.3859438719,100.0000000000,9.2737425291,1.0000000000,0.8064000000,250.0000000000,0,0,0,84,0
2109,100,0,1,100,100,0,0,0,0,0,100,100,0.0147837767,7.3711600951,100.0000000000,9.2737425291,1.0000000000,0.8064000000,250.0000000000,0,0,0,84,0
2110,100,0,1,100,100,0,0,0,0,0,100,100,0.0147837767,7.3563763184,100.0000000000,9.2737425291,1.0000000000,0.8064000000,250.0000000000,0,0,0,84,0
2111,100,0,1,100,100,0,0,1,101,297,100,100,0.0234693234,7.3329069950,100.0000000000,11.6929455764,1.0000000000,0.8872000000,227.2317403066,0,0,0,54,0
2112,100,0,1,100,100,0,0,0,0,0,100,100,0.0179457238,7.3149612713,100.0000000000,11.6929455764,1.0000000000,0.8064000000,250.0000000000,0,0,0,54,0
2113,100,0,1,100,100,0,0,0,0,0,100,100,0.0179457238,7.2970155475,100.0000000000,11.6929455764,1.0000000000,0.8064000000,250.0000000000,0,0,0,54,0
2114,100,0,1,100,100,0,0,0,0,0,100,100,0.0179457238,7.2790698237,100.0000000000,11.6929455764,1.0000000000,0.8064000000,250.0000000000,0,0,0,54,0
2115,100,0,1,100,100,0,0,0,0,0,100,100,0.0179457238,7.2611240999,100.0000000000,11.6929455764,1.0000000000,0.8064000000,250.0000000000,0,0,0,54,0
2116,100,0,1,100,100,0,0,1,101,297,100,100,0.0222198115,7.2389042884,100.0000000000,10.6446209019,1.0000000000,0.8872000000,227.2317403066,0,0,0,67,0
2117,100,0,1,100,100,0,0,0,0,0,100,100,0.0166673791,7.2222369093,100.0000000000,10.6446209019,1.0000000000,0.8064000000,250.0000000000,0,0,0,67,0
2118,100,0,1,100,100,0,0,0,0,0,100,100,0.0166673791,7.2055695302,100.0000000000,10.6446209019,1.0000000000,0.8064000000,250.0000000000,0,0,0,67,0
2119,100,0,1,100,100,0,0,0,0,0,100,100,0.0166673791,7.1889021511,100.0000000000,10.6446209019,1.0000000000,0.8064000000,250.0000000000,0,0,0,67,0
2120,100,0,1,100,100,0,0,0,0,0,100,100,0.0166673791,7.1722347719,100.0000000000,10.6446209019,1.0000000000,0.8064000000,250.0000000000,0,0,0,67,0
2121,100,0,1,100,100,0,0,1,101,297,100,100,0.0219305430,7.1503042289,100.0000000000,10.4833550624,1.0000000000,0.8872000000,227.2317403066,0,0,0,69,0
2122,100,0,1,100,100,0,0,0,0,0,100,100,0.0161518608,7.1341523681,100.0000000000,10.4833550624,1.0000000000,0.8064000000,250.0000000000,0,0,0,69,0
2123,100,0,1,100,100,0,0,0,0,0,100,100,0.0161518608,7.1180005073,100.0000000000,10.4833550624,1.0000000000,0.8064000000,250.0000000000,0,0,0,69,0
2124,100,0,1,100,100,0,0,0,0,0,100,100,0.0161518608,7.1018486465,100.0000000000,10.4833550624,1.0000000000,0.8064000000,250.0000000000,0,0,0,69,0
2125,100,0,1,100,100,0,0,0,0,0,100,100,0.0161518608,7.0856967857,100.0000000000,10.4833550624,1.0000000000,0.8064000000,250.0000000000,0,0,0,69,0
2126,100,0,1,100,100,0,0,1,101,297,100,100,0.0223792591,7.0633175266,100.0000000000,10.7252652674,1.0000000000,0.8872000000,227.2317403066,0,0,0,66,0
2127,100,0,1,100,100,0,0,0,0,0,100,100,0.0167724811,7.0465450456,100.0000000000,10.7252652674,1.0000000000,0.8064000000,250.0000000000,0,0,0,66,0
2128,100,0,1,100,100,0,0,0,0,0,100,100,0.0167724811,7.0297725645,100.0000000000,10.7252652674,1.0000000000,0.8064000000,250.0000000000,0,0,0,66,0
2129,100,0,1,100,100,0,0,0,0,0,100,100,0.0167724811,7.0130000834,100.0000000000,10.7252652674,1.0000000000,0.8064000000,250.0000000000,0,0,0,66,0
2130,100,0,1,100,100,0,0,0,0,0,100,100,0.0167724811,6.9962276023,100.0000000000,10.7252652674,1.0000000000,0.8064000000,250.0000000000,0,0,0,66,0
2131,100,0,1,100,100,0,0,1,101,297,100,100,0.0238407121,6.9723868902,100.0000000000,11.8542231194,1.0000000000,0.8872000000,227.2317403066,0,0,0,52,0
2132,100,0,1,100,100,0,0,0,0,0,100,100,0.0183423143,6.9540445759,100.0000000000,11.8542231194,1.0000000000,0.8064000000,250.0000000000,0,0,0,52,0
2133,100,0,1,100,100,0,0,0,0,0,100,100,0.0183423143,6.9357022616,100.0000000000,11.8542231194,1.0000000000,0.8064000000,250.0000000000,0,0,0,52,0
2134,100,0,1,100,100,0,0,0,0,0,100,100,0.0183423143,6.9173599473,100.0000000000,11.8542231194,1.0000000000,0.8064000000,250.0000000000,0,0,0,52,0
2135,100,0,1,100,100,0,0,0,0,0,100,100,0.0183423143,6.8990176331,100.0000000000,11.8542231194,1.0000000000,0.8064000000,250.0000000000,0,0,0,52,0
2136,100,0,1,100,100,0,0,1,101,297,100,100,0.0217611860,6.8772564470,100.0000000000,10.1607953474,1.0000000000,0.8872000000,227.2317403066,0,0,0,73,0
2137,100,0,1,100,100,0,0,0,0,0,100,100,0.0156827326,6.8615737144,100.0000000000,10.1607953474,1.0000000000,0.8064000000,250.0000000000,0,0,0,73,0
2138,100,0,1,100,100,0,0,0,0,0,100,100,0.0156827326,6.8458909819,100.0000000000,10.1607953474,1.0000000000,0.8064000000,250.0000000000,0,0,0,73,0
2139,100,0,1,100,100,0,0,0,0,0,100,100,0.0156827326,6.8302082493,100.0000000000,10.1607953474,1.0000000000,0.8064000000,250.0000000000,0,0,0,73,0
2140,100,0,1,100,100,0,0,0,0,0,100,100,0.0156827326,6.8145255167,100.0000000000,10.1607953474,1.0000000000,0.8064000000,250.0000000000,0,0,0,73,0
2141,100,0,1,100,100,0,0,1,101,297,100,100,0.0210752377,6.7934502789,100.0000000000,9.2737461212,1.0000000000,0.8872000000,227.2317403066,0,0,0,84,0
2142,100,0,1,100,100,0,0,0,0,0,100,100,0.0147486347,6.7787016442,100.0000000000,9.2737461212,1.0000000000,0.8064000000,250.0000000000,0,0,0,84,0
2143,100,0,1,100,100,0,0,0,0,0,100,100,0.0147486347,6.7639530095,100.0000000000,9.2737461212,1.0000000000,0.8064000000,250.0000000000,0,0,0,84,0
2144,100,0,1,100,100,0,0,0,0,0,100,100,0.0147486347,6.7492043748,100.0000000000,9.2737461212,1.0000000000,0.8064000000,250.0000000000,0,0,0,84,0
2145,100,0,1,100,100,0,0,0,0,0,100,100,0.0147486347,6.7344557402,100.0000000000,9.2737461212,1.0000000000,0.8064000000,250.0000000000,0,0,0,84,0
2146,100,0,1,100,100,0,0,1,101,297,100,100,0.0212714668,6.7131842734,100.0000000000,9.7575875242,1.0000000000,0.8872000000,227.2317403066,0,0,0,78,0
2147,100,0,1,100,100,0,0,0,0,0,100,100,0.0153247511,6.6978595223,100.0000000000,9.7575875242,1.0000000000,0.8064000000,250.0000000000,0,0,0,78,0
2148,100,0,1,100,100,0,0,0,0,0,100,100,0.0153247511,6.6825347712,100.0000000000,9.7575875242,1.0000000000,0.8064000000,250.0000000000,0,0,0,78,0
2149,100,0,1,100,100,0,0,0,0,0,100,100,0.0153247511,6.6672100201,100.0000000000,9.7575875242,1.0000000000,0.8064000000,250.0000000000,0,0,0,78,0
2150,100,0,1,100,100,0,0,0,0,0,100,100,0.0153247511,6.6518852690,100.0000000000,9.7575875242,1.0000000000,0.8064000000,250.0000000000,0,0,0,78,0
2151,100,0,3,100,100,0,0,1,103,491,100,100,0.0256471807,6.6262380883,33.3333333333,12.2574443542,1.0000000000,0.8888000000,226.8226822682,0,0,0,45,0
2152,100,0,3,100,100,0,0,0,0,0,100,100,0.0180948072,6.6081432811,33.3333333333,12.2574443542,1.0000000000,0.8064000000,250.0000000000,0,0,0,45,0
2153,100,0,3,100,100,0,0,0,0,0,100,100,0.0180948072,6.5900484739,33.3333333333,12.2574443542,1.0000000000,0.8064000000,250.0000000000,0,0,0,45,0
2154,100,0,3,100,100,0,0,0,0,0,100,100,0.0180948072,6.5719536667,33.3333333333,12.2574443542,1.0000000000,0.8064000000,250.0000000000,0,0,0,45,0
2155,100,0,3,100,100,0,0,0,0,0,100,100,0.0180948072,6.5538588595,33.3333333333,12.2574443542,1.0000000000,0.8064000000,250.0000000000,0,0,0,45,0
2156,100,0,1,100,100,0,0,1,101,297,100,100,0.0217352195,6.5321236400,100.0000000000,10.1607897652,1.0000000000,0.8872000000,227.2317403066,0,0,0,73,0
2157,100,0,1,100,100,0,0,0,0,0,100,100,0.0159918546,6.5161317854,100.0000000000,10.1607897652,1.0000000000,0.8064000000,250.0000000000,0,0,0,73,0
2158,100,0,1,100,100,0,0,0,0,0,100,100,0.0159918546,6.5001399309,100.0000000000,10.1607897652,1.0000000000,0.8064000000,250.0000000000,0,0,0,73,0
2159,100,0,1,100,100,0,0,0,0,0,100,100,0.0159918546,6.4841480763,100.0000000000,10.1607897652,1.0000000000,0.8064000000,250.0000000000,0,0,0,73,0
2160,100,0,1,100,100,0,0,0,0,0,100,100,0.0159918546,6.4681562217,100.0000000000,10.1607897652,1.0000000000,0.8064000000,250.0000000000,0,0,0,73,0
2161,100,0,2,100,100,0,0,1,102,394,100,100,0.0235908004,6.4445654213,50.0000000000,11.0478306781,1.0000000000,0.8880000000,227.0270270270,0,0,0,61,0
2162,100,0,2,100,100,0,0,0,0,0,100,100,0.0170272500,6.4275381713,50.0000000000,11.0478306781,1.0000000000,0.8064000000,250.0000000000,0,0,0,61,0
2163,100,0,2,100,100,0,0,0,0,0,100,100,0.0170272500,6.4105109213,50.0000000000,11.0478306781,1.0000000000,0.8064000000,250.0000000000,0,0,0,61,0
2164,100,0,2,100,100,0,0,0,0,0,100,100,0.0170272500,6.3934836713,50.0000000000,11.0478306781,1.0000000000,0.8064000000,250.0000000000,0,0,0,61,0
2165,100,0,2,100,100,0,0,0,0,0,100,100,0.0170272500,6.3764564212,50.0000000000,11.0478306781,1.0000000000,0.8064000000,250.0000000000,0,0,0,61,0
2166,100,0,4,100,100,0,0,1,104,588,100,100,0.0288462002,6.3476102211,25.0000000000,14.5960063783,1.0000000000,0.8896000000,226.6187050360,0,0,0,15,0
2167,100,0,4,100,100,0,0,0,0,0,100,100,0.0203757758,6.3272344453,25.0000000000,14.5960063783,1.0000000000,0.8064000000,250.0000000000,0,0,0,15,0
2168,100,0,4,100,100,0,0,0,0,0,100,100,0.0203757758,6.3068586695,25.0000000000,14.5960063783,1.0000000000,0.8064000000,250.0000000000,0,0,0,15,0
2169,100,0,4,100,100,0,0,0,0,0,100,100,0.0203757758,6.2864828938,25.0000000000,14.5960063783,1.0000000000,0.8064000000,250.0000000000,0,0,0,15,0
2170,100,0,4,100,100,0,0,0,0,0,100,100,0.0203757758,6.2661071180,25.0000000000,14.5960063783,1.0000000000,0.8064000000,250.0000000000,0,0,0,15,0
2171,100,0,2,100,100,0,0,1,102,394,100,100,0.0251009782,6.2410061398,50.0000000000,12.8219291551,1.0000000000,0.8880000000,227.0270270270,0,0,0,39,0
2172,100,0,2,100,100,0,0,0,0,0,100,100,0.0186293320,6.2223768078,50.0000000000,12.8219291551,1.0000000000,0.8064000000,250.0000000000,0,0,0,39,0
2173,100,0,2,100,100,0,0,0,0,0,100,100,0.0186293320,6.2037474758,50.0000000000,12.8219291551,1.0000000000,0.8064000000,250.0000000000,0,0,0,39,0
2174,100,0,2,100,100,0,0,0,0,0,100,100,0.0186293320,6.1851181438,50.0000000000,12.8219291551,1.0000000000,0.8064000000,250.0000000000,0,0,0,39,0
2175,100,0,2,100,100,0,0,0,0,0,100,100,0.0186293320,6.1664888118,50.0000000000,12.8219291551,1.0000000000,0.8064000000,250.0000000000,0,0,0,39,0
2176,100,0,1,100,100,0,0,1,101,297,100,100,0.0232755623,6.1432132494,100.0000000000,11.4510258971,1.0000000000,0.8872000000,227.2317403066,0,0,0,57,0
2177,100,0,1,100,100,0,0,0,0,0,100,100,0.0177375653,6.1254756841,100.0000000000,11.4510258971,1.0000000000,0.8064000000,250.0000000000,0,0,0,57,0
2178,100,0,1,100,100,0,0,0,0,0,100,100,0.0177375653,6.1077381189,100.0000000000,11.4510258971,1.0000000000,0.8064000000,250.0000000000,0,0,0,57,0
2179,100,0,1,100,100,0,0,0,0,0,100,100,0.0177375653,6.0900005536,100.0000000000,11.4510258971,1.0000000000,0.8064000000,250.0000000000,0,0,0,57,0
2180,100,0,1,100,100,0,0,0,0,0,100,100,0.0177375653,6.0722629883,100.0000000000,11.4510258971,1.0000000000,0.8064000000,250.0000000000,0,0,0,57,0
2181,100,0,1,100,100,0,0,1,101,297,100,100,0.0216422473,6.0506207410,100.0000000000,10.1607895150,1.0000000000,0.8872000000,227.2317403066,0,0,0,73,0
2182,100,0,1,100,100,0,0,0,0,0,100,100,0.0158590587,6.0347616822,100.0000000000,10.1607895150,1.0000000000,0.8064000000,250.0000000000,0,0,0,73,0
2183,100,0,1,100,100,0,0,0,0,0,100,100,0.0158590587,6.0189026235,100.0000000000,10.1607895150,1.0000000000,0.8064000000,250.0000000000,0,0,0,73,0
2184,100,0,1,100,100,0,0,0,0,0,100,100,0.0158590587,6.0030435648,100.0000000000,10.1607895150,1.0000000000,0.8064000000,250.0000000000,0,0,0,73,0
2185,100,0,1,100,100,0,0,0,0,0,100,100,0.0158590587,5.9871845061,100.0000000000,10.1607895150,1.0000000000,0.8064000000,250.0000000000,0,0,0,73,0
2186,100,0,1,100,100,0,0,1,101,297,100,100,0.0223652131,5.9648192929,100.0000000000,10.7252631276,1.0000000000,0.8872000000,227.2317403066,0,0,0,66,0
2187,100,0,1,100,100,0,0,0,0,0,100,100,0.0167647246,5.9480545684,100.0000000000,10.7252631276,1.0000000000,0.8064000000,250.0000000000,0,0,0,66,0
2188,100,0,1,100,100,0,0,0,0,0,100,100,0.0167647246,5.9312898438,100.0000000000,10.7252631276,1.0000000000,0.8064000000,250.0000000000,0,0,0,66,0
2189,100,0,1,100,100,0,0,0,0,0,100,100,0.0167647246,5.9145251192,100.0000000000,10.7252631276,1.0000000000,0.8064000000,250.0000000000,0,0,0,66,0
2190,100,0,1,100,100,0,0,0,0,0,100,100,0.0167647246,5.8977603946,100.0000000000,10.7252631276,1.0000000000,0.8064000000,250.0000000000,0,0,0,66,0
2191,100,0,3,100,100,0,0,1,103,491,100,100,0.0263316448,5.8714287498,33.3333333333,12.8219258605,1.0000000000,0.8888000000,226.8226822682,0,0,0,38,0
2192,100,0,3,100,100,0,0,0,0,0,100,100,0.0188053850,5.8526233648,33.3333333333,12.8219258605,1.0000000000,0.8064000000,250.0000000000,0,0,0,38,0
2193,100,0,3,100,100,0,0,0,0,0,100,100,0.0188053850,5.8338179798,33.3333333333,12.8219258605,1.0000000000,0.8064000000,250.0000000000,0,0,0,38,0
2194,100,0,3,100,100,0,0,0,0,0,100,100,0.0188053850,5.8150125949,33.3333333333,12.8219258605,1.0000000000,0.8064000000,250.0000000000,0,0,0,38,0
2195,100,0,3,100,100,0,0,0,0,0,100,100,0.0188053850,5.7962072099,33.3333333333,12.8219258605,1.0000000000,0.8064000000,250.0000000000,0,0,0,38,0
2196,100,0,11,100,100,0,0,1,110,1267,100,100,0.0359610090,5.7602462009,9.0909090909,14.1928146012,1.0000000000,0.8944000000,225.4025044723,0,0,0,13,0
2197,100,0,11,100,100,0,0,0,0,0,100,100,0.0199297240,5.7403164769,9.0909090909,14.1928146012,1.0000000000,0.8064000000,250.0000000000,0,0,0,13,0
2198,100,0,11,100,100,0,0,0,0,0,100,100,0.0199297240,5.7203867529,9.0909090909,14.1928146012,1.0000000000,0.8064000000,250.0000000000,0,0,0,13,0
2199,100,0,11,100,100,0,0,0,0,0,100,100,0.0199297240,5.7004570289,9.0909090909,14.1928146012,1.0000000000,0.8064000000,250.0000000000,0,0,0,13,0
2200,100,0,11,100,100,0,0,0,0,0,100,100,0.0199297240,5.6805273049,9.0909090909,14.1928146012,1.0000000000,0.8064000000,250.0000000000,0,0,0,13,0
2201,100,0,1,100,100,0,0,1,101,297,100,100,0.0208197326,5.6597075723,100.0000000000,9.2737417600,1.0000000000,0.8872000000,227.2317403066,0,0,0,84,0
2202,100,0,1,100,100,0,0,0,0,0,100,100,0.0147802330,5.6449273392,100.0000000000,9.2737417600,1.0000000000,0.8064000000,250.0000000000,0,0,0,84,0
2203,100,0,1,100,100,0,0,0,0,0,100,100,0.0147802330,5.6301471062,100.0000000000,9.2737417600,1.0000000000,0.8064000000,250.0000000000,0,0,0,84,0
2204,100,0,1,100,100,0,0,0,0,0,100,100,0.0147802330,5.6153668731,100.0000000000,9.2737417600,1.0000000000,0.8064000000,250.0000000000,0,0,0,84,0
2205,100,0,1,100,100,0,0,0,0,0,100,100,0.0147802330,5.6005866401,100.0000000000,9.2737417600,1.0000000000,0.8064000000,250.0000000000,0,0,0,84,0
2206,100,0,1,100,100,0,0,1,101,297,100,100,0.0214156965,5.5791709436,100.0000000000,9.9995035627,1.0000000000,0.8872000000,227.2317403066,0,0,0,75,0
2207,100,0,1,100,100,0,0,0,0,0,100,100,0.0157103021,5.5634606414,100.0000000000,9.9995035627,1.0000000000,0.8064000000,250.0000000000,0,0,0,75,0
2208,100,0,1,100,100,0,0,0,0,0,100,100,0.0157103021,5.5477503393,100.0000000000,9.9995035627,1.0000000000,0.8064000000,250.0000000000,0,0,0,75,0
2209,100,0,1,100,100,0,0,0,0,0,100,100,0.0157103021,5.5320400372,100.0000000000,9.9995035627,1.0000000000,0.8064000000,250.0000000000,0,0,0,75,0
2210,100,0,1,100,100,0,0,0,0,0,100,100,0.0157103021,5.5163297350,100.0000000000,9.9995035627,1.0000000000,0.8064000000,250.0000000000,0,0,0,75,0
2211,100,0,1,100,100,0,0,1,101,297,100,100,0.0216119702,5.4947177648,100.0000000000,10.0801528563,1.0000000000,0.8872000000,227.2317403066,0,0,0,74,0
2212,100,0,1,100,100,0,0,0,0,0,100,100,0.0157214327,5.4789963321,100.0000000000,10.0801528563,1.0000000000,0.8064000000,250.0000000000,0,0,0,74,0
2213,100,0,1,100,100,0,0,0,0,0,100,100,0.0157214327,5.4632748994,100.0000000000,10.0801528563,1.0000000000,0.8064000000,250.0000000000,0,0,0,74,0
2214,100,0,1,100,100,0,0,0,0,0,100,100,0.0157214327,5.4475534667,100.0000000000,10.0801528563,1.0000000000,0.8064000000,250.0000000000,0,0,0,74,0
2215,100,0,1,100,100,0,0,0,0,0,100,100,0.0157214327,5.4318320340,100.0000000000,10.0801528563,1.0000000000,0.8064000000,250.0000000000,0,0,0,74,0
2216,100,0,1,100,100,0,0,1,101,297,100,100,0.0217273653,5.4101046687,100.0000000000,10.1607944366,1.0000000000,0.8872000000,227.2317403066,0,0,0,73,0
2217,100,0,1,100,100,0,0,0,0,0,100,100,0.0156761080,5.3944285607,100.0000000000,10.1607944366,1.0000000000,0.8064000000,250.0000000000,0,0,0,73,0
2218,100,0,1,100,100,0,0,0,0,0,100,100,0.0156761080,5.3787524526,100.0000000000,10.1607944366,1.0000000000,0.8064000000,250.0000000000,0,0,0,73,0
2219,100,0,1,100,100,0,0,0,0,0,100,100,0.0156761080,5.3630763446,100.0000000000,10.1607944366,1.0000000000,0.8064000000,250.0000000000,0,0,0,73,0
2220,100,0,1,100,100,0,0,0,0,0,100,100,0.0156761080,5.3474002366,100.0000000000,10.1607944366,1.0000000000,0.8064000000,250.0000000000,0,0,0,73,0
2221,100,0,1,100,100,0,0,1,101,297,100,100,0.0209030873,5.3264971493,100.0000000000,9.2737425291,1.0000000000,0.8872000000,227.2317403066,0,0,0,84,0
2222,100,0,1,100,100,0,0,0,0,0,100,100,0.0147837767,5.3117133726,100.0000000000,9.2737425291,1.0000000000,0.8064000000,250.0000000000,0,0,0,84,0
2223,100,0,1,100,100,0,0,0,0,0,100,100,0.0147837767,5.2969295958,100.0000000000,9.2737425291,1.0000000000,0.8064000000,250.0000000000,0,0,0,84,0
2224,100,0,1,100,100,0,0,0,0,0,100,100,0.0147837767,5.2821458191,100.0000000000,9.2737425291,1.0000000000,0.8064000000,250.0000000000,0,0,0,84,0
2225,100,0,1,100,100,0,0,0,0,0,100,100,0.0147837767,5.2673620424,100.0000000000,9.2737425291,1.0000000000,0.8064000000,250.0000000000,0,0,0,84,0
2226,100,0,2,100,100,0,0,1,102,394,100,100,0.0234725539,5.2438894885,50.0000000000,11.0478442552,1.0000000000,0.8880000000,227.0270270270,0,0,0,61,0
2227,100,0,2,100,100,0,0,0,0,0,100,100,0.0166094294,5.2272800591,50.0000000000,11.0478442552,1.0000000000,0.8064000000,250.0000000000,0,0,0,61,0
2228,100,0,2,100,100,0,0,0,0,0,100,100,0.0166094294,5.2106706297,50.0000000000,11.0478442552,1.0000000000,0.8064000000,250.0000000000,0,0,0,61,0
2229,100,0,2,100,100,0,0,0,0,0,100,100,0.0166094294,5.1940612003,50.0000000000,11.0478442552,1.0000000000,0.8064000000,250.0000000000,0,0,0,61,0
2230,100,0,2,100,100,0,0,0,0,0,100,100,0.0166094294,5.1774517710,50.0000000000,11.0478442552,1.0000000000,0.8064000000,250.0000000000,0,0,0,61,0
2231,100,0,1,100,100,0,0,1,101,297,100,100,0.0210525577,5.1563992132,100.0000000000,9.1931048190,1.0000000000,0.8872000000,227.2317403066,0,0,0,85,0
2232,100,0,1,100,100,0,0,0,0,0,100,100,0.0147189796,5.1416802337,100.0000000000,9.1931048190,1.0000000000,0.8064000000,250.0000000000,0,0,0,85,0
2233,100,0,1,100,100,0,0,0,0,0,100,100,0.0147189796,5.1269612541,100.0000000000,9.1931048190,1.0000000000,0.8064000000,250.0000000000,0,0,0,85,0
2234,100,0,1,100,100,0,0,0,0,0,100,100,0.0147189796,5.1122422745,100.0000000000,9.1931048190,1.0000000000,0.8064000000,250.0000000000,0,0,0,85,0
2235,100,0,1,100,100,0,0,0,0,0,100,100,0.0147189796,5.0975232949,100.0000000000,9.1931048190,1.0000000000,0.8064000000,250.0000000000,0,0,0,85,0
2236,100,0,2,100,100,0,0,1,102,394,100,100,0.0252920789,5.0722312161,50.0000000000,12.5799945544,1.0000000000,0.8880000000,227.0270270270,0,0,0,42,0
2237,100,0,2,100,100,0,0,0,0,0,100,100,0.0187894777,5.0534417383,50.0000000000,12.5799945544,1.0000000000,0.8064000000,250.0000000000,0,0,0,42,0
2238,100,0,2,100,100,0,0,0,0,0,100,100,0.0187894777,5.0346522606,50.0000000000,12.5799945544,1.0000000000,0.8064000000,250.0000000000,0,0,0,42,0
2239,100,0,2,100,100,0,0,0,0,0,100,100,0.0187894777,5.0158627829,50.0000000000,12.5799945544,1.0000000000,0.8064000000,250.0000000000,0,0,0,42,0
2240,100,0,2,100,100,0,0,0,0,0,100,100,0.0187894777,4.9970733052,50.0000000000,12.5799945544,1.0000000000,0.8064000000,250.0000000000,0,0,0,42,0
2241,100,0,1,100,100,0,0,1,101,297,100,100,0.0227205817,4.9743527234,100.0000000000,10.9671818913,1.0000000000,0.8872000000,227.2317403066,0,0,0,63,0
2242,100,0,1,100,100,0,0,0,0,0,100,100,0.0171705802,4.9571821432,100.0000000000,10.9671818913,1.0000000000,0.8064000000,250.0000000000,0,0,0,63,0
2243,100,0,1,100,100,0,0,0,0,0,100,100,0.0171705802,4.9400115630,100.0000000000,10.9671818913,1.0000000000,0.8064000000,250.0000000000,0,0,0,63,0
2244,100,0,1,100,100,0,0,0,0,0,100,100,0.0171705802,4.9228409827,100.0000000000,10.9671818913,1.0000000000,0.8064000000,250.0000000000,0,0,0,63,0
2245,100,0,1,100,100,0,0,0,0,0,100,100,0.0171705802,4.9056704025,100.0000000000,10.9671818913,1.0000000000,0.8064000000,250.0000000000,0,0,0,63,0
2246,100,0,1,100,100,0,0,1,101,297,100,100,0.0231678617,4.8825025408,100.0000000000,11.4510349329,1.0000000000,0.8872000000,227.2317403066,0,0,0,57,0
2247,100,0,1,100,100,0,0,0,0,0,100,100,0.0175515545,4.8649509863,100.0000000000,11.4510349329,1.0000000000,0.8064000000,250.0000000000,0,0,0,57,0
2248,100,0,1,100,100,0,0,0,0,0,100,100,0.0175515545,4.8473994319,100.0000000000,11.4510349329,1.0000000000,0.8064000000,250.0000000000,0,0,0,57,0
2249,100,0,1,100,100,0,0,0,0,0,100,100,0.0175515545,4.8298478774,100.0000000000,11.4510349329,1.0000000000,0.8064000000,250.0000000000,0,0,0,57,0
2250,100,0,1,100,100,0,0,0,0,0,100,100,0.0175515545,4.8122963229,100.0000000000,11.4510349329,1.0000000000,0.8064000000,250.0000000000,0,0,0,57,0
2251,100,0,1,100,100,0,0,1,101,297,100,100,0.0210014488,4.7912948741,100.0000000000,9.1931039875,1.0000000000,0.8872000000,227.2317403066,0,0,0,85,0
2252,100,0,1,100,100,0,0,0,0,0,100,100,0.0147090380,4.7765858361,100.0000000000,9.1931039875,1.0000000000,0.8064000000,250.0000000000,0,0,0,85,0
2253,100,0,1,100,100,0,0,0,0,0,100,100,0.0147090380,4.7618767982,100.0000000000,9.1931039875,1.0000000000,0.8064000000,250.0000000000,0,0,0,85,0
2254,100,0,1,100,100,0,0,0,0,0,100,100,0.0147090380,4.7471677602,100.0000000000,9.1931039875,1.0000000000,0.8064000000,250.0000000000,0,0,0,85,0
2255,100,0,1,100,100,0,0,0,0,0,100,100,0.0147090380,4.7324587222,100.0000000000,9.1931039875,1.0000000000,0.8064000000,250.0000000000,0,0,0,85,0
2256,100,0,1,100,100,0,0,1,101,297,100,100,0.0212473753,4.7112113469,100.0000000000,9.2737478003,1.0000000000,0.8872000000,227.2317403066,0,0,0,84,0
2257,100,0,1,100,100,0,0,0,0,0,100,100,0.0148970998,4.6963142471,100.0000000000,9.2737478003,1.0000000000,0.8064000000,250.0000000000,0,0,0,84,0
2258,100,0,1,100,100,0,0,0,0,0,100,100,0.0148970998,4.6814171474,100.0000000000,9.2737478003,1.0000000000,0.8064000000,250.0000000000,0,0,0,84,0
2259,100,0,1,100,100,0,0,0,0,0,100,100,0.0148970998,4.6665200476,100.0000000000,9.2737478003,1.0000000000,0.8064000000,250.0000000000,0,0,0,84,0
2260,100,0,1,100,100,0,0,0,0,0,100,100,0.0148970998,4.6516229478,100.0000000000,9.2737478003,1.0000000000,0.8064000000,250.0000000000,0,0,0,84,0
2261,100,0,2,100,100,0,0,1,102,394,100,100,0.0247575621,4.6268653857,50.0000000000,12.5800135621,1.0000000000,0.8880000000,227.0270270270,0,0,0,42,0
2262,100,0,2,100,100,0,0,0,0,0,100,100,0.0182938568,4.6085715289,50.0000000000,12.5800135621,1.0000000000,0.8064000000,250.0000000000,0,0,0,42,0
2263,100,0,2,100,100,0,0,0,0,0,100,100,0.0182938568,4.5902776721,50.0000000000,12.5800135621,1.0000000000,0.8064000000,250.0000000000,0,0,0,42,0
2264,100,0,2,100,100,0,0,0,0,0,100,100,0.0182938568,4.5719838153,50.0000000000,12.5800135621,1.0000000000,0.8064000000,250.0000000000,0,0,0,42,0
2265,100,0,2,100,100,0,0,0,0,0,100,100,0.0182938568,4.5536899585,50.0000000000,12.5800135621,1.0000000000,0.8064000000,250.0000000000,0,0,0,42,0
2266,100,0,1,100,100,0,0,1,101,297,100,100,0.0212797194,4.5324102391,100.0000000000,9.5963104019,1.0000000000,0.8872000000,227.2317403066,0,0,0,80,0
2267,100,0,1,100,100,0,0,0,0,0,100,100,0.0151254611,4.5172847780,100.0000000000,9.5963104019,1.0000000000,0.8064000000,250.0000000000,0,0,0,80,0
2268,100,0,1,100,100,0,0,0,0,0,100,100,0.0151254611,4.5021593169,100.0000000000,9.5963104019,1.0000000000,0.8064000000,250.0000000000,0,0,0,80,0
2269,100,0,1,100,100,0,0,0,0,0,100,100,0.0151254611,4.4870338559,100.0000000000,9.5963104019,1.0000000000,0.8064000000,250.0000000000,0,0,0,80,0
2270,100,0,1,100,100,0,0,0,0,0,100,100,0.0151254611,4.4719083948,100.0000000000,9.5963104019,1.0000000000,0.8064000000,250.0000000000,0,0,0,80,0
2271,100,0,2,100,100,0,0,1,102,394,100,100,0.0259573882,4.4459510066,50.0000000000,13.3057833567,1.0000000000,0.8880000000,227.0270270270,0,0,0,33,0
2272,100,0,2,100,100,0,0,0,0,0,100,100,0.0195090455,4.4264419611,50.0000000000,13.3057833567,1.0000000000,0.8064000000,250.0000000000,0,0,0,33,0
2273,100,0,2,100,100,0,0,0,0,0,100,100,0.0195090455,4.4069329156,50.0000000000,13.3057833567,1.0000000000,0.8064000000,250.0000000000,0,0,0,33,0
2274,100,0,2,100,100,0,0,0,0,0,100,100,0.0195090455,4.3874238700,50.0000000000,13.3057833567,1.0000000000,0.8064000000,250.0000000000,0,0,0,33,0
2275,100,0,2,100,100,0,0,0,0,0,100,100,0.0195090455,4.3679148245,50.0000000000,13.3057833567,1.0000000000,0.8064000000,250.0000000000,0,0,0,33,0
2276,100,0,1,100,100,0,0,1,101,297,100,100,0.0215692194,4.3463456052,100.0000000000,9.6769548356,1.0000000000,0.8872000000,227.2317403066,0,0,0,79,0
2277,100,0,1,100,100,0,0,0,0,0,100,100,0.0152778192,4.3310677860,100.0000000000,9.6769548356,1.0000000000,0.8064000000,250.0000000000,0,0,0,79,0
2278,100,0,1,100,100,0,0,0,0,0,100,100,0.0152778192,4.3157899668,100.0000000000,9.6769548356,1.0000000000,0.8064000000,250.0000000000,0,0,0,79,0
2279,100,0,1,100,100,0,0,0,0,0,100,100,0.0152778192,4.3005121477,100.0000000000,9.6769548356,1.0000000000,0.8064000000,250.0000000000,0,0,0,79,0
2280,100,0,1,100,100,0,0,0,0,0,100,100,0.0152778192,4.2852343285,100.0000000000,9.6769548356,1.0000000000,0.8064000000,250.0000000000,0,0,0,79,0
2281,100,0,2,100,100,0,0,1,102,394,100,100,0.0239567755,4.2612775530,50.0000000000,11.8542485973,1.0000000000,0.8880000000,227.0270270270,0,0,0,51,0
2282,100,0,2,100,100,0,0,0,0,0,100,100,0.0174258345,4.2438517185,50.0000000000,11.8542485973,1.0000000000,0.8064000000,250.0000000000,0,0,0,51,0
2283,100,0,2,100,100,0,0,0,0,0,100,100,0.0174258345,4.2264258840,50.0000000000,11.8542485973,1.0000000000,0.8064000000,250.0000000000,0,0,0,51,0
2284,100,0,2,100,100,0,0,0,0,0,100,100,0.0174258345,4.2090000494,50.0000000000,11.8542485973,1.0000000000,0.8064000000,250.0000000000,0,0,0,51,0
2285,100,0,2,100,100,0,0,0,0,0,100,100,0.0174258345,4.1915742149,50.0000000000,11.8542485973,1.0000000000,0.8064000000,250.0000000000,0,0,0,51,0
2286,100,0,2,100,100,0,0,1,102,394,100,100,0.0269698784,4.1646043365,50.0000000000,13.8702349413,1.0000000000,0.8880000000,227.0270270270,0,0,0,26,0
2287,100,0,2,100,100,0,0,0,0,0,100,100,0.0205348042,4.1440695323,50.0000000000,13.8702349413,1.0000000000,0.8064000000,250.0000000000,0,0,0,26,0
2288,100,0,2,100,100,0,0,0,0,0,100,100,0.0205348042,4.1235347281,50.0000000000,13.8702349413,1.0000000000,0.8064000000,250.0000000000,0,0,0,26,0
2289,100,0,2,100,100,0,0,0,0,0,100,100,0.0205348042,4.1029999240,50.0000000000,13.8702349413,1.0000000000,0.8064000000,250.0000000000,0,0,0,26,0
2290,100,0,2,100,100,0,0,0,0,0,100,100,0.0205348042,4.0824651198,50.0000000000,13.8702349413,1.0000000000,0.8064000000,250.0000000000,0,0,0,26,0
2291,100,0,3,100,100,0,0,1,103,491,100,100,0.0265698522,4.0558952676,33.3333333333,13.0638458315,1.0000000000,0.8888000000,226.8226822682,0,0,0,35,0
2292,100,0,3,100,100,0,0,0,0,0,100,100,0.0190264092,4.0368688585,33.3333333333,13.0638458315,1.0000000000,0.8064000000,250.0000000000,0,0,0,35,0
2293,100,0,3,100,100,0,0,0,0,0,100,100,0.0190264092,4.0178424493,33.3333333333,13.0638458315,1.0000000000,0.8064000000,250.0000000000,0,0,0,35,0
2294,100,0,3,100,100,0,0,0,0,0,100,100,0.0190264092,3.9988160402,33.3333333333,13.0638458315,1.0000000000,0.8064000000,250.0000000000,0,0,0,35,0
2295,100,0,3,100,100,0,0,0,0,0,100,100,0.0190264092,3.9797896310,33.3333333333,13.0638458315,1.0000000000,0.8064000000,250.0000000000,0,0,0,35,0
2296,100,0,7,100,100,0,0,1,107,879,100,100,0.0310291647,3.9487604664,14.2857142857,13.9508949043,1.0000000000,0.8920000000,226.0089686099,0,0,0,20,0
2297,100,0,7,100,100,0,0,0,0,0,100,100,0.0193326552,3.9294278111,14.2857142857,13.9508949043,1.0000000000,0.8064000000,250.0000000000,0,0,0,20,0
2298,100,0,7,100,100,0,0,0,0,0,100,100,0.0193326552,3.9100951559,14.2857142857,13.9508949043,1.0000000000,0.8064000000,250.0000000000,0,0,0,20,0
2299,100,0,7,100,100,0,0,0,0,0,100,100,0.0193326552,3.8907625006,14.2857142857,13.9508949043,1.0000000000,0.8064000000,250.0000000000,0,0,0,20,0
2300,100,0,7,100,100,0,0,0,0,0,100,100,0.0193326552,3.8714298454,14.2857142857,13.9508949043,1.0000000000,0.8064000000,250.0000000000,0,0,0,20,0
2301,100,0,1,100,100,0,0,1,101,297,100,100,0.0212473753,3.8501824701,100.0000000000,9.2737478003,1.0000000000,0.8872000000,227.2317403066,0,0,0,84,0
2302,100,0,1,100,100,0,0,0,0,0,100,100,0.0148970998,3.8352853703,100.0000000000,9.2737478003,1.0000000000,0.8064000000,250.0000000000,0,0,0,84,0
2303,100,0,1,100,100,0,0,0,0,0,100,100,0.0148970998,3.8203882706,100.0000000000,9.2737478003,1.0000000000,0.8064000000,250.0000000000,0,0,0,84,0
2304,100,0,1,100,100,0,0,0,0,0,100,100,0.0148970998,3.8054911708,100.0000000000,9.2737478003,1.0000000000,0.8064000000,250.0000000000,0,0,0,84,0
2305,100,0,1,100,100,0,0,0,0,0,100,100,0.0148970998,3.7905940710,100.0000000000,9.2737478003,1.0000000000,0.8064000000,250.0000000000,0,0,0,84,0
2306,100,0,1,100,100,0,0,1,101,297,100,100,0.0226282367,3.7679658343,100.0000000000,10.9671841306,1.0000000000,0.8872000000,227.2317403066,0,0,0,63,0
2307,100,0,1,100,100,0,0,0,0,0,100,100,0.0170392352,3.7509265991,100.0000000000,10.9671841306,1.0000000000,0.8064000000,250.0000000000,0,0,0,63,0
2308,100,0,1,100,100,0,0,0,0,0,100,100,0.0170392352,3.7338873638,100.0000000000,10.9671841306,1.0000000000,0.8064000000,250.0000000000,0,0,0,63,0
2309,100,0,1,100,100,0,0,0,0,0,100,100,0.0170392352,3.7168481286,100.0000000000,10.9671841306,1.0000000000,0.8064000000,250.0000000000,0,0,0,63,0
2310,100,0,1,100,100,0,0,0,0,0,100,100,0.0170392352,3.6998088933,100.0000000000,10.9671841306,1.0000000000,0.8064000000,250.0000000000,0,0,0,63,0
2311,100,0,1,100,100,0,0,1,101,297,100,100,0.0228401328,3.6769687606,100.0000000000,11.1284611594,1.0000000000,0.8872000000,227.2317403066,0,0,0,61,0
2312,100,0,1,100,100,0,0,0,0,0,100,100,0.0173359916,3.6596327689,100.0000000000,11.1284611594,1.0000000000,0.8064000000,250.0000000000,0,0,0,61,0
2313,100,0,1,100,100,0,0,0,0,0,100,100,0.0173359916,3.6422967773,100.0000000000,11.1284611594,1.0000000000,0.8064000000,250.0000000000,0,0,0,61,0
2314,100,0,1,100,100,0,0,0,0,0,100,100,0.0173359916,3.6249607857,100.0000000000,11.1284611594,1.0000000000,0.8064000000,250.0000000000,0,0,0,61,0
2315,100,0,1,100,100,0,0,0,0,0,100,100,0.0173359916,3.6076247941,100.0000000000,11.1284611594,1.0000000000,0.8064000000,250.0000000000,0,0,0,61,0
2316,100,0,1,100,100,0,0,1,101,297,100,100,0.0216248444,3.5859999497,100.0000000000,10.2414309914,1.0000000000,0.8872000000,227.2317403066,0,0,0,72,0
2317,100,0,1,100,100,0,0,0,0,0,100,100,0.0157683739,3.5702315758,100.0000000000,10.2414309914,1.0000000000,0.8064000000,250.0000000000,0,0,0,72,0
2318,100,0,1,100,100,0,0,0,0,0,100,100,0.0157683739,3.5544632019,100.0000000000,10.2414309914,1.0000000000,0.8064000000,250.0000000000,0,0,0,72,0
2319,100,0,1,100,100,0,0,0,0,0,100,100,0.0157683739,3.5386948281,100.0000000000,10.2414309914,1.0000000000,0.8064000000,250.0000000000,0,0,0,72,0
2320,100,0,1,100,100,0,0,0,0,0,100,100,0.0157683739,3.5229264542,100.0000000000,10.2414309914,1.0000000000,0.8064000000,250.0000000000,0,0,0,72,0
2321,100,0,1,100,100,0,0,1,101,297,100,100,0.0227953065,3.5001311477,100.0000000000,11.1284624579,1.0000000000,0.8872000000,227.2317403066,0,0,0,61,0
2322,100,0,1,100,100,0,0,0,0,0,100,100,0.0172794663,3.4828516813,100.0000000000,11.1284624579,1.0000000000,0.8064000000,250.0000000000,0,0,0,61,0
2323,100,0,1,100,100,0,0,0,0,0,100,100,0.0172794663,3.4655722150,100.0000000000,11.1284624579,1.0000000000,0.8064000000,250.0000000000,0,0,0,61,0
2324,100,0,1,100,100,0,0,0,0,0,100,100,0.0172794663,3.4482927487,100.0000000000,11.1284624579,1.0000000000,0.8064000000,250.0000000000,0,0,0,61,0
2325,100,0,1,100,100,0,0,0,0,0,100,100,0.0172794663,3.4310132823,100.0000000000,11.1284624579,1.0000000000,0.8064000000,250.0000000000,0,0,0,61,0
2326,100,0,1,100,100,0,0,1,101,297,100,100,0.0222233149,3.4087899674,100.0000000000,10.8059085917,1.0000000000,0.8872000000,227.2317403066,0,0,0,65,0
2327,100,0,1,100,100,0,0,0,0,0,100,100,0.0165723968,3.3922175706,100.0000000000,10.8059085917,1.0000000000,0.8064000000,250.0000000000,0,0,0,65,0
2328,100,0,1,100,100,0,0,0,0,0,100,100,0.0165723968,3.3756451738,100.0000000000,10.8059085917,1.0000000000,0.8064000000,250.0000000000,0,0,0,65,0
2329,100,0,1,100,100,0,0,0,0,0,100,100,0.0165723968,3.3590727770,100.0000000000,10.8059085917,1.0000000000,0.8064000000,250.0000000000,0,0,0,65,0
2330,100,0,1,100,100,0,0,0,0,0,100,100,0.0165723968,3.3425003802,100.0000000000,10.8059085917,1.0000000000,0.8064000000,250.0000000000,0,0,0,65,0
2331,100,0,1,100,100,0,0,1,101,297,100,100,0.0228395067,3.3196608735,100.0000000000,11.0478216640,1.0000000000,0.8872000000,227.2317403066,0,0,0,62,0
2332,100,0,1,100,100,0,0,0,0,0,100,100,0.0173182727,3.3023426008,100.0000000000,11.0478216640,1.0000000000,0.8064000000,250.0000000000,0,0,0,62,0
2333,100,0,1,100,100,0,0,0,0,0,100,100,0.0173182727,3.2850243282,100.0000000000,11.0478216640,1.0000000000,0.8064000000,250.0000000000,0,0,0,62,0
2334,100,0,1,100,100,0,0,0,0,0,100,100,0.0173182727,3.2677060555,100.0000000000,11.0478216640,1.0000000000,0.8064000000,250.0000000000,0,0,0,62,0
2335,100,0,1,100,100,0,0,0,0,0,100,100,0.0173182727,3.2503877828,100.0000000000,11.0478216640,1.0000000000,0.8064000000,250.0000000000,0,0,0,62,0
2336,100,0,1,100,100,0,0,1,101,297,100,100,0.0209030873,3.2294846955,100.0000000000,9.2737425291,1.0000000000,0.8872000000,227.2317403066,0,0,0,84,0
2337,100,0,1,100,100,0,0,0,0,0,100,100,0.0147837767,3.2147009188,100.0000000000,9.2737425291,1.0000000000,0.8064000000,250.0000000000,0,0,0,84,0
2338,100,0,1,100,100,0,0,0,0,0,100,100,0.0147837767,3.1999171420,100.0000000000,9.2737425291,1.0000000000,0.8064000000,250.0000000000,0,0,0,84,0
2339,100,0,1,100,100,0,0,0,0,0,100,100,0.0147837767,3.1851333653,100.0000000000,9.2737425291,1.0000000000,0.8064000000,250.0000000000,0,0,0,84,0
2340,100,0,1,100,100,0,0,0,0,0,100,100,0.0147837767,3.1703495886,100.0000000000,9.2737425291,1.0000000000,0.8064000000,250.0000000000,0,0,0,84,0
2341,100,0,1,100,100,0,0,1,101,297,100,100,0.0212102598,3.1491393288,100.0000000000,9.1124668140,1.0000000000,0.8872000000,227.2317403066,0,0,0,86,0
2342,100,0,1,100,100,0,0,0,0,0,100,100,0.0146537964,3.1344855324,100.0000000000,9.1124668140,1.0000000000,0.8064000000,250.0000000000,0,0,0,86,0
2343,100,0,1,100,100,0,0,0,0,0,100,100,0.0146537964,3.1198317360,100.0000000000,9.1124668140,1.0000000000,0.8064000000,250.0000000000,0,0,0,86,0
2344,100,0,1,100,100,0,0,0,0,0,100,100,0.0146537964,3.1051779396,100.0000000000,9.1124668140,1.0000000000,0.8064000000,250.0000000000,0,0,0,86,0
2345,100,0,1,100,100,0,0,0,0,0,100,100,0.0146537964,3.0905241431,100.0000000000,9.1124668140,1.0000000000,0.8064000000,250.0000000000,0,0,0,86,0
2346,100,0,1,100,100,0,0,1,101,297,100,100,0.0217270883,3.0687970548,100.0000000000,10.0801546043,1.0000000000,0.8872000000,227.2317403066,0,0,0,74,0
2347,100,0,1,100,100,0,0,0,0,0,100,100,0.0158304817,3.0529665731,100.0000000000,10.0801546043,1.0000000000,0.8064000000,250.0000000000,0,0,0,74,0
2348,100,0,1,100,100,0,0,0,0,0,100,100,0.0158304817,3.0371360914,100.0000000000,10.0801546043,1.0000000000,0.8064000000,250.0000000000,0,0,0,74,0
2349,100,0,1,100,100,0,0,0,0,0,100,100,0.0158304817,3.0213056097,100.0000000000,10.0801546043,1.0000000000,0.8064000000,250.0000000000,0,0,0,74,0
2350,100,0,1,100,100,0,0,0,0,0,100,100,0.0158304817,3.0054751280,100.0000000000,10.0801546043,1.0000000000,0.8064000000,250.0000000000,0,0,0,74,0
2351,100,0,1,100,100,0,0,1,101,297,100,100,0.0210014488,2.9844736792,100.0000000000,9.1931039875,1.0000000000,0.8872000000,227.2317403066,0,0,0,85,0
2352,100,0,1,100,100,0,0,0,0,0,100,100,0.0147090380,2.9697646412,100.0000000000,9.1931039875,1.0000000000,0.8064000000,250.0000000000,0,0,0,85,0
2353,100,0,1,100,100,0,0,0,0,0,100,100,0.0147090380,2.9550556032,100.0000000000,9.1931039875,1.0000000000,0.8064000000,250.0000000000,0,0,0,85,0
2354,100,0,1,100,100,0,0,0,0,0,100,100,0.0147090380,2.9403465653,100.0000000000,9.1931039875,1.0000000000,0.8064000000,250.0000000000,0,0,0,85,0
2355,100,0,1,100,100,0,0,0,0,0,100,100,0.0147090380,2.9256375273,100.0000000000,9.1931039875,1.0000000000,0.8064000000,250.0000000000,0,0,0,85,0
2356,100,0,1,100,100,0,0,1,101,297,100,100,0.0228405801,2.9027969472,100.0000000000,11.2897479404,1.0000000000,0.8872000000,227.2317403066,0,0,0,59,0
2357,100,0,1,100,100,0,0,0,0,0,100,100,0.0172661950,2.8855307523,100.0000000000,11.2897479404,1.0000000000,0.8064000000,250.0000000000,0,0,0,59,0
2358,100,0,1,100,100,0,0,0,0,0,100,100,0.0172661950,2.8682645573,100.0000000000,11.2897479404,1.0000000000,0.8064000000,250.0000000000,0,0,0,59,0
2359,100,0,1,100,100,0,0,0,0,0,100,100,0.0172661950,2.8509983623,100.0000000000,11.2897479404,1.0000000000,0.8064000000,250.0000000000,0,0,0,59,0
2360,100,0,1,100,100,0,0,0,0,0,100,100,0.0172661950,2.8337321674,100.0000000000,11.2897479404,1.0000000000,0.8064000000,250.0000000000,0,0,0,59,0
2361,100,0,1,100,100,0,0,1,101,297,100,100,0.0216119702,2.8121201971,100.0000000000,10.0801528563,1.0000000000,0.8872000000,227.2317403066,0,0,0,74,0
2362,100,0,1,100,100,0,0,0,0,0,100,100,0.0157214327,2.7963987644,100.0000000000,10.0801528563,1.0000000000,0.8064000000,250.0000000000,0,0,0,74,0
2363,100,0,1,100,100,0,0,0,0,0,100,100,0.0157214327,2.7806773317,100.0000000000,10.0801528563,1.0000000000,0.8064000000,250.0000000000,0,0,0,74,0
2364,100,0,1,100,100,0,0,0,0,0,100,100,0.0157214327,2.7649558990,100.0000000000,10.0801528563,1.0000000000,0.8064000000,250.0000000000,0,0,0,74,0
2365,100,0,1,100,100,0,0,0,0,0,100,100,0.0157214327,2.7492344663,100.0000000000,10.0801528563,1.0000000000,0.8064000000,250.0000000000,0,0,0,74,0
2366,100,0,1,100,100,0,0,1,101,297,100,100,0.0219305430,2.7273039232,100.0000000000,10.4833550624,1.0000000000,0.8872000000,227.2317403066,0,0,0,69,0
2367,100,0,1,100,100,0,0,0,0,0,100,100,0.0161518608,2.7111520625,100.0000000000,10.4833550624,1.0000000000,0.8064000000,250.0000000000,0,0,0,69,0
2368,100,0,1,100,100,0,0,0,0,0,100,100,0.0161518608,2.6950002017,100.0000000000,10.4833550624,1.0000000000,0.8064000000,250.0000000000,0,0,0,69,0
2369,100,0,1,100,100,0,0,0,0,0,100,100,0.0161518608,2.6788483409,100.0000000000,10.4833550624,1.0000000000,0.8064000000,250.0000000000,0,0,0,69,0
2370,100,0,1,100,100,0,0,0,0,0,100,100,0.0161518608,2.6626964801,100.0000000000,10.4833550624,1.0000000000,0.8064000000,250.0000000000,0,0,0,69,0
2371,100,0,1,100,100,0,0,1,101,297,100,100,0.0217166215,2.6409798585,100.0000000000,10.1607851259,1.0000000000,0.8872000000,227.2317403066,0,0,0,73,0
2372,100,0,1,100,100,0,0,0,0,0,100,100,0.0159968282,2.6249830304,100.0000000000,10.1607851259,1.0000000000,0.8064000000,250.0000000000,0,0,0,73,0
2373,100,0,1,100,100,0,0,0,0,0,100,100,0.0159968282,2.6089862022,100.0000000000,10.1607851259,1.0000000000,0.8064000000,250.0000000000,0,0,0,73,0
2374,100,0,1,100,100,0,0,0,0,0,100,100,0.0159968282,2.5929893741,100.0000000000,10.1607851259,1.0000000000,0.8064000000,250.0000000000,0,0,0,73,0
2375,100,0,1,100,100,0,0,0,0,0,100,100,0.0159968282,2.5769925459,100.0000000000,10.1607851259,1.0000000000,0.8064000000,250.0000000000,0,0,0,73,0
2376,100,0,1,100,100,0,0,1,101,297,100,100,0.0214973881,2.5554951578,100.0000000000,9.8382285546,1.0000000000,0.8872000000,227.2317403066,0,0,0,77,0
2377,100,0,1,100,100,0,0,0,0,0,100,100,0.0155558267,2.5399393311,100.0000000000,9.8382285546,1.0000000000,0.8064000000,250.0000000000,0,0,0,77,0
2378,100,0,1,100,100,0,0,0,0,0,100,100,0.0155558267,2.5243835044,100.0000000000,9.8382285546,1.0000000000,0.8064000000,250.0000000000,0,0,0,77,0
2379,100,0,1,100,100,0,0,0,0,0,100,100,0.0155558267,2.5088276776,100.0000000000,9.8382285546,1.0000000000,0.8064000000,250.0000000000,0,0,0,77,0
2380,100,0,1,100,100,0,0,0,0,0,100,100,0.0155558267,2.4932718509,100.0000000000,9.8382285546,1.0000000000,0.8064000000,250.0000000000,0,0,0,77,0
2381,100,0,3,100,100,0,0,1,103,491,100,100,0.0246917538,2.4685800970,33.3333333333,11.2091223028,1.0000000000,0.8888000000,226.8226822682,0,0,0,58,0
2382,100,0,3,100,100,0,0,0,0,0,100,100,0.0169872946,2.4515928025,33.3333333333,11.2091223028,1.0000000000,0.8064000000,250.0000000000,0,0,0,58,0
2383,100,0,3,100,100,0,0,0,0,0,100,100,0.0169872946,2.4346055079,33.3333333333,11.2091223028,1.0000000000,0.8064000000,250.0000000000,0,0,0,58,0
2384,100,0,3,100,100,0,0,0,0,0,100,100,0.0169872946,2.4176182134,33.3333333333,11.2091223028,1.0000000000,0.8064000000,250.0000000000,0,0,0,58,0
2385,100,0,3,100,100,0,0,0,0,0,100,100,0.0169872946,2.4006309188,33.3333333333,11.2091223028,1.0000000000,0.8064000000,250.0000000000,0,0,0,58,0
2386,100,0,1,100,100,0,0,1,101,297,100,100,0.0214000160,2.3792309028,100.0000000000,9.1124690717,1.0000000000,0.8872000000,227.2317403066,0,0,0,86,0
2387,100,0,1,100,100,0,0,0,0,0,100,100,0.0147503538,2.3644805490,100.0000000000,9.1124690717,1.0000000000,0.8064000000,250.0000000000,0,0,0,86,0
2388,100,0,1,100,100,0,0,0,0,0,100,100,0.0147503538,2.3497301951,100.0000000000,9.1124690717,1.0000000000,0.8064000000,250.0000000000,0,0,0,86,0
2389,100,0,1,100,100,0,0,0,0,0,100,100,0.0147503538,2.3349798413,100.0000000000,9.1124690717,1.0000000000,0.8064000000,250.0000000000,0,0,0,86,0
2390,100,0,1,100,100,0,0,0,0,0,100,100,0.0147503538,2.3202294875,100.0000000000,9.1124690717,1.0000000000,0.8064000000,250.0000000000,0,0,0,86,0
2391,100,0,1,100,100,0,0,1,101,297,100,100,0.0217352195,2.2984942680,100.0000000000,10.1607897652,1.0000000000,0.8872000000,227.2317403066,0,0,0,73,0
2392,100,0,1,100,100,0,0,0,0,0,100,100,0.0159918546,2.2825024134,100.0000000000,10.1607897652,1.0000000000,0.8064000000,250.0000000000,0,0,0,73,0
2393,100,0,1,100,100,0,0,0,0,0,100,100,0.0159918546,2.2665105588,100.0000000000,10.1607897652,1.0000000000,0.8064000000,250.0000000000,0,0,0,73,0
2394,100,0,1,100,100,0,0,0,0,0,100,100,0.0159918546,2.2505187042,100.0000000000,10.1607897652,1.0000000000,0.8064000000,250.0000000000,0,0,0,73,0
2395,100,0,1,100,100,0,0,0,1,98,100,100,0.0156958929,2.2348228113,100.0000000000,9.1124668140,1.0000000000,0.8072000000,249.7522299306,0,0,1,86,0
2396,100,0,5,100,100,0,0,1,105,685,100,100,0.0287250958,2.2060977156,20.0000000000,13.3864123320,1.0000000000,0.8904000000,226.4150943396,0,0,0,29,0
2397,100,0,5,100,100,0,0,0,0,0,100,100,0.0191013756,2.1869963400,20.0000000000,13.3864123320,1.0000000000,0.8064000000,250.0000000000,0,0,0,29,0
2398,100,0,5,100,100,0,0,0,0,0,100,100,0.0191013756,2.1678949644,20.0000000000,13.3864123320,1.0000000000,0.8064000000,250.0000000000,0,0,0,29,0
2399,100,0,5,100,100,0,0,0,0,0,100,100,0.0191013756,2.1487935888,20.0000000000,13.3864123320,1.0000000000,0.8064000000,250.0000000000,0,0,0,29,0
2400,100,0,5,100,100,0,0,0,0,0,100,100,0.0191013756,2.1296922131,20.0000000000,13.3864123320,1.0000000000,0.8064000000,250.0000000000,0,0,0,29,0
2401,100,0,1,100,100,0,0,1,101,297,100,100,0.0226235816,2.1070686316,100.0000000000,10.9671884644,1.0000000000,0.8872000000,227.2317403066,0,0,0,63,0
2402,100,0,1,100,100,0,0,0,0,0,100,100,0.0170205059,2.0900481256,100.0000000000,10.9671884644,1.0000000000,0.8064000000,250.0000000000,0,0,0,63,0
2403,100,0,1,100,100,0,0,0,0,0,100,100,0.0170205059,2.0730276197,100.0000000000,10.9671884644,1.0000000000,0.8064000000,250.0000000000,0,0,0,63,0
2404,100,0,1,100,100,0,0,0,0,0,100,100,0.0170205059,2.0560071138,100.0000000000,10.9671884644,1.0000000000,0.8064000000,250.0000000000,0,0,0,63,0
2405,100,0,1,100,100,0,0,0,0,0,100,100,0.0170205059,2.0389866078,100.0000000000,10.9671884644,1.0000000000,0.8064000000,250.0000000000,0,0,0,63,0
2406,100,0,1,100,100,0,0,1,101,297,100,100,0.0228275430,2.0161590649,100.0000000000,11.0478252771,1.0000000000,0.8872000000,227.2317403066,0,0,0,62,0
2407,100,0,1,100,100,0,0,0,0,0,100,100,0.0172728885,1.9988861764,100.0000000000,11.0478252771,1.0000000000,0.8064000000,250.0000000000,0,0,0,62,0
2408,100,0,1,100,100,0,0,0,0,0,100,100,0.0172728885,1.9816132878,100.0000000000,11.0478252771,1.0000000000,0.8064000000,250.0000000000,0,0,0,62,0
2409,100,0,1,100,100,0,0,0,0,0,100,100,0.0172728885,1.9643403993,100.0000000000,11.0478252771,1.0000000000,0.8064000000,250.0000000000,0,0,0,62,0
2410,100,0,1,100,100,0,0,0,0,0,100,100,0.0172728885,1.9470675108,100.0000000000,11.0478252771,1.0000000000,0.8064000000,250.0000000000,0,0,0,62,0
2411,100,0,1,100,100,0,0,1,101,297,100,100,0.0212262333,1.9258412775,100.0000000000,9.6769473990,1.0000000000,0.8872000000,227.2317403066,0,0,0,79,0
2412,100,0,1,100,100,0,0,0,0,0,100,100,0.0151932495,1.9106480280,100.0000000000,9.6769473990,1.0000000000,0.8064000000,250.0000000000,0,0,0,79,0
2413,100,0,1,100,100,0,0,0,0,0,100,100,0.0151932495,1.8954547785,100.0000000000,9.6769473990,1.0000000000,0.8064000000,250.0000000000,0,0,0,79,0
2414,100,0,1,100,100,0,0,0,0,0,100,100,0.0151932495,1.8802615289,100.0000000000,9.6769473990,1.0000000000,0.8064000000,250.0000000000,0,0,0,79,0
2415,100,0,1,100,100,0,0,0,0,0,100,100,0.0151932495,1.8650682794,100.0000000000,9.6769473990,1.0000000000,0.8064000000,250.0000000000,0,0,0,79,0
2416,100,0,1,100,100,0,0,1,101,297,100,100,0.0227313544,1.8423369250,100.0000000000,10.9671789643,1.0000000000,0.8872000000,227.2317403066,0,0,0,63,0
2417,100,0,1,100,100,0,0,0,0,0,100,100,0.0172111547,1.8251257703,100.0000000000,10.9671789643,1.0000000000,0.8064000000,250.0000000000,0,0,0,63,0
2418,100,0,1,100,100,0,0,0,0,0,100,100,0.0172111547,1.8079146157,100.0000000000,10.9671789643,1.0000000000,0.8064000000,250.0000000000,0,0,0,63,0
2419,100,0,1,100,100,0,0,0,1,98,100,100,0.0170628082,1.7908518075,100.0000000000,10.4027144959,1.0000000000,0.8072000000,249.7522299306,0,0,1,70,0
2420,100,0,1,100,100,0,0,0,0,0,100,100,0.0160473371,1.7748044704,100.0000000000,10.4027144959,1.0000000000,0.8064000000,250.0000000000,0,0,0,70,0
2421,100,0,1,100,100,0,0,1,101,297,100,100,0.0222198115,1.7525846589,100.0000000000,10.6446209019,1.0000000000,0.8872000000,227.2317403066,0,0,0,67,0
2422,100,0,1,100,100,0,0,0,0,0,100,100,0.0166673791,1.7359172798,100.0000000000,10.6446209019,1.0000000000,0.8064000000,250.0000000000,0,0,0,67,0
2423,100,0,1,100,100,0,0,0,0,0,100,100,0.0166673791,1.7192499007,100.0000000000,10.6446209019,1.0000000000,0.8064000000,250.0000000000,0,0,0,67,0
2424,100,0,1,100,100,0,0,0,0,0,100,100,0.0166673791,1.7025825215,100.0000000000,10.6446209019,1.0000000000,0.8064000000,250.0000000000,0,0,0,67,0
2425,100,0,1,100,100,0,0,0,1,98,100,100,0.0156958929,1.6868866287,100.0000000000,9.1124668140,1.0000000000,0.8072000000,249.7522299306,0,0,1,86,0
2426,100,0,1,100,100,0,0,1,101,297,100,100,0.0238468481,1.6630397805,100.0000000000,11.7735786483,1.0000000000,0.8872000000,227.2317403066,0,0,0,53,0
2427,100,0,1,100,100,0,0,0,0,0,100,100,0.0183739784,1.6446658021,100.0000000000,11.7735786483,1.0000000000,0.8064000000,250.0000000000,0,0,0,53,0
2428,100,0,1,100,100,0,0,0,0,0,100,100,0.0183739784,1.6262918238,100.0000000000,11.7735786483,1.0000000000,0.8064000000,250.0000000000,0,0,0,53,0
2429,100,0,1,100,100,0,0,0,1,98,100,100,0.0173145393,1.6089772845,100.0000000000,10.5640012667,1.0000000000,0.8072000000,249.7522299306,0,0,1,68,0
2430,100,0,1,100,100,0,0,0,0,0,100,100,0.0162986448,1.5926786397,100.0000000000,10.5640012667,1.0000000000,0.8064000000,250.0000000000,0,0,0,68,0
2431,100,0,1,100,100,0,0,1,101,297,100,100,0.0222797436,1.5703988961,100.0000000000,10.7252668241,1.0000000000,0.8872000000,227.2317403066,0,0,0,66,0
2432,100,0,1,100,100,0,0,0,0,0,100,100,0.0166322191,1.5537666770,100.0000000000,10.7252668241,1.0000000000,0.8064000000,250.0000000000,0,0,0,66,0
2433,100,0,1,100,100,0,0,0,1,98,100,100,0.0157410164,1.5380256606,100.0000000000,9.1931039875,1.0000000000,0.8072000000,249.7522299306,0,0,1,85,0
2434,100,0,1,100,100,0,0,0,0,0,100,100,0.0147090380,1.5233166226,100.0000000000,9.1931039875,1.0000000000,0.8064000000,250.0000000000,0,0,0,85,0
2435,100,0,1,100,100,0,0,0,0,0,100,100,0.0147090380,1.5086075846,100.0000000000,9.1931039875,1.0000000000,0.8064000000,250.0000000000,0,0,0,85,0
2436,100,0,1,100,100,0,0,1,101,297,100,100,0.0210014488,1.4876061358,100.0000000000,9.1931039875,1.0000000000,0.8872000000,227.2317403066,0,0,0,85,0
2437,100,0,1,100,100,0,0,0,0,0,100,100,0.0147090380,1.4728970978,100.0000000000,9.1931039875,1.0000000000,0.8064000000,250.0000000000,0,0,0,85,0
2438,100,0,1,100,100,0,0,0,0,0,100,100,0.0147090380,1.4581880598,100.0000000000,9.1931039875,1.0000000000,0.8064000000,250.0000000000,0,0,0,85,0
2439,100,0,1,100,100,0,0,0,0,0,100,100,0.0147090380,1.4434790219,100.0000000000,9.1931039875,1.0000000000,0.8064000000,250.0000000000,0,0,0,85,0
2440,100,0,1,100,100,0,0,0,0,0,100,100,0.0147090380,1.4287699839,100.0000000000,9.1931039875,1.0000000000,0.8064000000,250.0000000000,0,0,0,85,0
2441,100,0,2,100,100,0,0,1,102,394,100,100,0.0246607387,1.4041092452,50.0000000000,12.1767930930,1.0000000000,0.8880000000,227.0270270270,0,0,0,47,0
2442,100,0,2,100,100,0,0,0,0,0,100,100,0.0181262649,1.3859829803,50.0000000000,12.1767930930,1.0000000000,0.8064000000,250.0000000000,0,0,0,47,0
2443,100,0,2,100,99,1,0,0,0,0,99,99,0.0180112440,1.3679717363,50.0000000000,12.2183355634,0.9900000000,0.7983360000,250.0000000000,0,0,0,46,0
2444,100,0,2,100,99,1,0,0,0,0,99,99,0.0180112440,1.3499604923,50.0000000000,12.2183355634,0.9900000000,0.7983360000,250.0000000000,0,0,0,46,0
2445,100,0,2,100,99,1,0,0,1,70,99,99,0.0168329709,1.3331275214,50.0000000000,10.6707060570,0.9900000000,0.7991360000,249.7497297081,0,0,1,65,0
2446,99,1,1,99,99,0,0,1,100,294,99,99,0.0216785927,1.3114489287,99.0000000000,10.5892356487,1.0000000000,0.8783360000,227.2296706500,0,0,0,67,0
2447,99,1,1,99,99,0,0,0,1,97,99,99,0.0156766627,1.2957722660,99.0000000000,9.2859604795,1.0000000000,0.7991360000,249.7497297081,0,0,1,83,0
2448,99,1,1,99,99,0,0,0,0,0,99,99,0.0146652121,1.2811070539,99.0000000000,9.2859604795,1.0000000000,0.7983360000,250.0000000000,0,0,0,83,0
2449,99,1,1,99,99,0,0,0,0,0,99,99,0.0146652121,1.2664418417,99.0000000000,9.2859604795,1.0000000000,0.7983360000,250.0000000000,0,0,0,83,0
2450,99,1,1,99,99,0,0,0,0,0,99,99,0.0146652121,1.2517766296,99.0000000000,9.2859604795,1.0000000000,0.7983360000,250.0000000000,0,0,0,83,0
2451,99,1,1,99,99,0,0,1,100,294,99,99,0.0245475029,1.2272291267,99.0000000000,12.2997716622,1.0000000000,0.8783360000,227.2296706500,0,0,0,46,0
2452,99,1,1,99,99,0,0,0,0,0,99,99,0.0191501799,1.2080789468,99.0000000000,12.2997716622,1.0000000000,0.7983360000,250.0000000000,0,0,0,46,0
2453,99,1,1,99,99,0,0,0,1,97,99,99,0.0155708720,1.1925080748,99.0000000000,9.1230564937,1.0000000000,0.7991360000,249.7497297081,0,0,1,85,0
2454,99,1,1,99,99,0,0,0,0,0,99,99,0.0145387755,1.1779692993,99.0000000000,9.1230564937,1.0000000000,0.7983360000,250.0000000000,0,0,0,85,0
2455,99,1,1,99,99,0,0,0,0,0,99,99,0.0145387755,1.1634305238,99.0000000000,9.1230564937,1.0000000000,0.7983360000,250.0000000000,0,0,0,85,0
2456,99,1,1,99,99,0,0,1,100,294,99,99,0.0226872329,1.1407432909,99.0000000000,11.3223314990,1.0000000000,0.8783360000,227.2296706500,0,0,0,58,0
2457,99,1,1,99,99,0,0,0,0,0,99,99,0.0171823280,1.1235609629,99.0000000000,11.3223314990,1.0000000000,0.7983360000,250.0000000000,0,0,0,58,0
2458,99,1,1,99,99,0,0,0,1,97,99,99,0.0160144499,1.1075465130,99.0000000000,9.5303320426,1.0000000000,0.7991360000,249.7497297081,0,0,1,80,0
2459,99,1,1,99,98,1,0,0,0,0,98,98,0.0147682574,1.0927782556,99.0000000000,9.4630061474,0.9898989899,0.7902720000,250.0000000000,0,0,0,80,0
2460,99,1,1,99,97,2,0,0,0,0,97,97,0.0146254826,1.0781527730,99.0000000000,9.4774273231,0.9797979798,0.7822080000,250.0000000000,0,0,0,79,0
2461,98,2,1,98,97,1,0,1,99,291,97,97,0.0215912948,1.0565614782,98.0000000000,10.4750392996,0.9897959184,0.8614080000,227.0143764627,0,0,0,67,0
2462,98,2,1,98,97,1,0,0,0,0,97,97,0.0159312556,1.0406302226,98.0000000000,10.4750392996,0.9897959184,0.7822080000,250.0000000000,0,0,0,67,0
2463,98,2,1,98,97,1,0,0,0,0,97,97,0.0159312556,1.0246989670,98.0000000000,10.4750392996,0.9897959184,0.7822080000,250.0000000000,0,0,0,67,0
2464,98,2,1,98,96,2,0,0,1,96,96,96,0.0160107234,1.0086882436,98.0000000000,9.8281581923,0.9795918367,0.7749440000,249.7419168353,0,0,1,74,0
2465,98,2,1,98,96,2,0,0,0,0,96,96,0.0150119369,0.9936763067,98.0000000000,9.8281581923,0.9795918367,0.7741440000,250.0000000000,0,0,0,74,0
2466,98,2,1,98,96,2,0,1,99,291,96,96,0.0202769133,0.9733993934,98.0000000000,9.3241436168,0.9795918367,0.8533440000,226.7971650354,0,0,0,80,0
2467,98,2,1,98,96,2,0,0,0,0,96,96,0.0142674690,0.9591319244,98.0000000000,9.3241436168,0.9795918367,0.7741440000,250.0000000000,0,0,0,80,0
2468,98,2,1,98,96,2,0,0,0,0,96,96,0.0142674690,0.9448644554,98.0000000000,9.3241436168,0.9795918367,0.7741440000,250.0000000000,0,0,0,80,0
2469,98,2,1,98,95,3,0,0,0,0,95,95,0.0141498457,0.9307146097,98.0000000000,9.3374072729,0.9693877551,0.7660800000,250.0000000000,0,0,0,79,0
2470,98,2,1,98,95,3,0,0,0,0,95,95,0.0141498457,0.9165647640,98.0000000000,9.3374072729,0.9693877551,0.7660800000,250.0000000000,0,0,0,79,0
2471,96,4,1,96,93,3,0,1,98,288,93,93,0.0201786692,0.8963860948,96.0000000000,9.1913756200,0.9687500000,0.8283520000,226.3385613845,0,0,0,79,0
2472,96,4,1,96,92,4,0,0,0,0,92,92,0.0136774799,0.8827086149,96.0000000000,9.2036289682,0.9583333333,0.7418880000,250.0000000000,0,0,0,78,0
2473,96,4,1,96,92,4,0,0,0,0,92,92,0.0136774799,0.8690311349,96.0000000000,9.2036289682,0.9583333333,0.7418880000,250.0000000000,0,0,0,78,0
2474,96,4,1,96,92,4,0,0,0,0,92,92,0.0136774799,0.8553536550,96.0000000000,9.2036289682,0.9583333333,0.7418880000,250.0000000000,0,0,0,78,0
2475,96,4,1,96,92,4,0,0,1,94,92,92,0.0156587576,0.8396948974,96.0000000000,10.0801543958,0.9583333333,0.7426880000,249.7307079150,0,0,1,68,0
2476,94,6,1,94,91,3,0,1,95,279,91,91,0.0209770392,0.8187178582,94.0000000000,10.9884607167,0.9680851064,0.8098240000,226.5381119848,0,0,0,57,0
2477,94,6,1,94,89,5,0,0,1,92,89,89,0.0145922684,0.8041255898,94.0000000000,9.5138619255,0.9468085106,0.7184960000,249.7216407607,0,0,1,72,0
2478,94,6,1,94,87,7,0,0,0,0,87,87,0.0133459093,0.7907796804,94.0000000000,9.5471892183,0.9255319149,0.7015680000,250.0000000000,0,0,0,70,0
2479,94,6,1,94,87,7,0,0,0,0,87,87,0.0133459093,0.7774337711,94.0000000000,9.5471892183,0.9255319149,0.7015680000,250.0000000000,0,0,0,70,0
2480,94,6,1,94,87,7,0,0,0,0,87,87,0.0133459093,0.7640878618,94.0000000000,9.5471892183,0.9255319149,0.7015680000,250.0000000000,0,0,0,70,0
2481,89,11,1,89,87,2,0,1,93,270,87,87,0.0209601556,0.7431277062,89.0000000000,11.5863470182,0.9775280899,0.7759680000,226.0299393789,0,0,0,48,0
2482,89,11,1,89,87,2,0,0,0,0,87,87,0.0159028975,0.7272248087,89.0000000000,11.5863470182,0.9775280899,0.7015680000,250.0000000000,0,0,0,48,0
2483,89,11,1,89,87,2,0,0,1,87,87,87,0.0144597899,0.7127650188,89.0000000000,9.7325699498,0.9775280899,0.7023680000,249.7152489863,0,0,1,68,0
2484,89,11,1,89,87,2,0,0,0,0,87,87,0.0135371410,0.6992278777,89.0000000000,9.7325699498,0.9775280899,0.7015680000,250.0000000000,0,0,0,68,0
2485,89,11,1,89,87,2,0,0,0,0,87,87,0.0135371410,0.6856907367,89.0000000000,9.7325699498,0.9775280899,0.7015680000,250.0000000000,0,0,0,68,0
2486,88,12,1,88,87,1,0,1,90,263,87,87,0.0185295071,0.6671612296,88.0000000000,9.2691107019,0.9886363636,0.7735680000,226.7311988086,0,0,0,73,0
2487,88,12,1,88,87,1,0,0,0,0,87,87,0.0129264063,0.6542348233,88.0000000000,9.2691107019,0.9886363636,0.7015680000,250.0000000000,0,0,0,73,0
2488,88,12,1,88,87,1,0,0,0,0,87,87,0.0129264063,0.6413084170,88.0000000000,9.2691107019,0.9886363636,0.7015680000,250.0000000000,0,0,0,73,0
2489,88,12,1,88,87,1,0,0,1,86,87,87,0.0150410599,0.6262673571,88.0000000000,10.4740887148,0.9886363636,0.7023680000,249.7152489863,0,0,1,60,0
2490,88,12,1,88,87,1,0,0,0,0,87,87,0.0141455888,0.6121217682,88.0000000000,10.4740887148,0.9886363636,0.7015680000,250.0000000000,0,0,0,60,0
2491,87,13,1,87,85,2,0,1,89,343,85,85,0.0191384562,0.5929833120,87.0000000000,9.4872125272,0.9770114943,0.7566400000,226.4749418482,0,0,1,69,0
2492,87,13,1,87,85,2,0,0,0,0,85,85,0.0129888673,0.5799944447,87.0000000000,9.4872125272,0.9770114943,0.6854400000,250.0000000000,0,0,0,69,0
2493,87,13,1,87,85,2,0,0,0,0,85,85,0.0129888673,0.5670055774,87.0000000000,9.4872125272,0.9770114943,0.6854400000,250.0000000000,0,0,0,69,0
2494,87,13,1,87,85,2,0,0,1,85,85,85,0.0145440326,0.5524615448,87.0000000000,10.1513085897,0.9770114943,0.6862400000,249.7085567731,0,0,1,62,0
2495,87,13,1,87,85,2,0,0,0,0,85,85,0.0136613802,0.5388001646,87.0000000000,10.1513085897,0.9770114943,0.6854400000,250.0000000000,0,0,0,62,0
2496,85,15,1,85,85,0,0,1,87,255,85,85,0.0190854766,0.5197146881,85.0000000000,10.7205302832,1.0000000000,0.7550400000,226.9548633185,0,0,0,56,0
2497,85,15,1,85,84,1,0,0,1,83,84,84,0.0142886701,0.5054260180,85.0000000000,9.9841639480,0.9882352941,0.6781760000,249.7050913037,0,0,1,63,0
2498,85,15,1,85,82,3,0,0,0,0,82,82,0.0131616948,0.4922643231,85.0000000000,10.0309945916,0.9647058824,0.6612480000,250.0000000000,0,0,0,61,0
2499,85,15,1,85,82,3,0,0,1,82,82,82,0.0140968321,0.4781674910,85.0000000000,10.3260129853,0.9647058824,0.6620480000,249.6979071004,0,0,1,58,0
2500,85,15,1,85,81,4,0,0,1,82,81,81,0.0149195283,0.4632479627,85.0000000000,11.1503717404,0.9529411765,0.6539840000,249.6941821207,0,0,1,49,0
2501,82,18,1,82,81,1,0,1,83,243,81,81,0.0185662527,0.4446817100,82.0000000000,11.0508211640,0.9878048780,0.7195840000,226.9311157558,0,0,0,50,0
2502,82,18,1,82,80,2,0,0,1,80,80,80,0.0129310796,0.4317506304,82.0000000000,9.3745477288,0.9756097561,0.6459200000,249.6903641318,0,0,1,66,0
2503,82,18,1,82,78,4,0,0,0,0,78,78,0.0117646763,0.4199859541,82.0000000000,9.4081467902,0.9512195122,0.6289920000,250.0000000000,0,0,0,64,0
2504,82,18,1,82,76,6,0,0,1,79,76,76,0.0129356030,0.4070503511,82.0000000000,9.9740615077,0.9268292683,0.6136640000,249.6740887522,0,0,1,57,0
2505,82,18,1,82,74,8,0,0,1,78,74,74,0.0131589404,0.3938914107,82.0000000000,10.5705477980,0.9024390244,0.5975360000,249.6652921330,0,0,1,50,0
2506,79,21,1,79,73,6,0,1,81,309,73,73,0.0166375662,0.3772538445,79.0000000000,9.5002086788,0.9240506329,0.6534720000,225.2093433230,0,0,1,59,0
2507,79,21,1,79,73,6,0,0,1,75,73,73,0.0118028592,0.3654509853,79.0000000000,9.3897388755,0.9240506329,0.5894720000,249.6607133163,0,0,1,60,0
2508,79,21,1,79,72,7,0,0,0,0,72,72,0.0108806127,0.3545703727,79.0000000000,9.4081504242,0.9113924051,0.5806080000,250.0000000000,0,0,0,59,0
2509,79,21,1,79,72,7,0,0,0,0,72,72,0.0108806127,0.3436897600,79.0000000000,9.4081504242,0.9113924051,0.5806080000,250.0000000000,0,0,0,59,0
2510,79,21,1,79,72,7,0,0,0,0,72,72,0.0108806127,0.3328091474,79.0000000000,9.4081504242,0.9113924051,0.5806080000,250.0000000000,0,0,0,59,0
2511,72,28,1,72,69,3,0,1,74,285,69,69,0.0164527914,0.3163563560,72.0000000000,10.5184260460,0.9583333333,0.6156160000,225.9590394012,0,0,1,47,0
2512,72,28,1,72,69,3,0,0,0,0,69,69,0.0113820949,0.3049742611,72.0000000000,10.5184260460,0.9583333333,0.5564160000,250.0000000000,0,0,0,47,0
2513,72,28,1,72,69,3,0,0,0,0,69,69,0.0113820949,0.2935921662,72.0000000000,10.5184260460,0.9583333333,0.5564160000,250.0000000000,0,0,0,47,0
2514,71,29,1,72,46,26,0,0,0,0,53,53,0.0078555869,0.2857365793,1.0000000000,8.0641298052,0.6388888889,0.4273920000,216.9811320755,0,1,0,46,0
2515,71,29,0,71,67,4,0,0,0,0,67,67,0.0093636044,0.2763729749,0.0000000000,8.0641396221,0.9436619718,0.5402880000,250.0000000000,0,0,0,67,0
2516,68,32,1,68,66,2,0,1,69,201,66,66,0.0147176326,0.2616553423,68.0000000000,10.1412501376,0.9705882353,0.5874240000,226.5075992809,0,0,0,48,0
2517,68,32,1,68,65,3,0,0,0,0,65,65,0.0104534580,0.2512018843,68.0000000000,10.1732054464,0.9558823529,0.5241600000,250.0000000000,0,0,0,47,0
2518,67,33,1,68,47,21,0,0,0,0,61,61,0.0095919701,0.2416099142,61.0000000000,12.8682914280,0.6911764706,0.4919040000,192.6229508197,1,0,0,46,0
2519,67,33,1,67,61,6,0,0,0,0,61,61,0.0096446918,0.2319652225,67.0000000000,9.7827196802,0.9104477612,0.4919040000,250.0000000000,0,0,0,47,0
2520,67,33,1,67,61,6,0,0,0,0,61,61,0.0096446918,0.2223205307,67.0000000000,9.7827196802,0.9104477612,0.4919040000,250.0000000000,0,0,0,47,0
2521,66,34,1,66,61,5,0,1,67,196,61,61,0.0141179464,0.2082025843,66.0000000000,10.8402892542,0.9242424242,0.5455040000,225.4355605092,0,0,0,39,0
2522,66,34,1,66,60,6,0,0,0,0,60,60,0.0101957615,0.1980068228,66.0000000000,10.8865605378,0.9090909091,0.4838400000,250.0000000000,0,0,0,38,0
2523,65,35,1,66,39,27,0,0,0,0,45,45,0.0067300995,0.1912767233,58.0000000000,10.5454036366,0.5909090909,0.3628800000,216.6666666667,1,0,0,38,0
2524,65,35,1,65,58,7,0,0,0,0,58,58,0.0093913645,0.1818853588,65.0000000000,10.2887108461,0.8923076923,0.4677120000,250.0000000000,0,0,0,41,0
2525,65,35,1,65,57,8,0,0,0,0,57,57,0.0092342411,0.1726511177,65.0000000000,10.3277377699,0.8769230769,0.4596480000,250.0000000000,0,0,0,40,0
2526,62,38,1,62,55,7,0,1,63,185,55,55,0.0129322208,0.1597188969,62.0000000000,10.1168249226,0.8870967742,0.4939200000,224.4897959184,0,0,0,40,0
2527,62,38,1,62,55,7,0,0,0,0,55,55,0.0088472710,0.1508716259,62.0000000000,10.1168249226,0.8870967742,0.4435200000,250.0000000000,0,0,0,40,0
2528,61,39,1,62,38,24,0,0,0,0,51,51,0.0080493791,0.1428222468,49.0000000000,13.1572587521,0.6129032258,0.4112640000,186.2745098039,1,0,0,37,0
2529,61,39,1,61,50,11,0,0,0,0,50,50,0.0078624857,0.1349597611,61.0000000000,9.8382371577,0.8196721311,0.4032000000,250.0000000000,0,0,0,38,0
2530,61,39,1,61,47,14,0,0,0,0,47,47,0.0073328820,0.1276268791,61.0000000000,9.7798999014,0.7704918033,0.3790080000,250.0000000000,0,0,0,36,0
2531,53,47,1,53,46,7,0,1,54,160,46,46,0.0108501796,0.1167766995,53.0000000000,10.6937118513,0.8679245283,0.4141440000,223.9221140473,0,0,0,30,0
2532,53,47,1,53,44,9,0,0,0,0,44,44,0.0073452079,0.1094314916,53.0000000000,10.6299650293,0.8301886792,0.3548160000,250.0000000000,0,0,0,29,0
2533,52,48,1,53,30,23,0,0,0,0,30,30,0.0041611683,0.1052703232,42.0000000000,8.0641335632,0.5660377358,0.2419200000,250.0000000000,1,0,0,29,0
2534,52,48,1,52,42,10,0,0,0,0,42,42,0.0067864188,0.0984839045,52.0000000000,10.1761646185,0.8076923077,0.3386880000,250.0000000000,0,0,0,30,0
2535,52,48,1,52,42,10,0,0,0,0,42,42,0.0067864188,0.0916974857,52.0000000000,10.1761646185,0.8076923077,0.3386880000,250.0000000000,0,0,0,30,0
2536,45,55,1,45,41,4,0,1,46,135,41,41,0.0099456627,0.0817518230,45.0000000000,11.4077620033,0.9111111111,0.3674240000,224.9608082216,0,0,0,23,0
2537,44,56,1,45,24,21,0,0,0,0,37,37,0.0061969771,0.0755548460,40.0000000000,16.8002610641,0.5333333333,0.2983680000,162.1621621622,1,0,0,23,0
2538,44,56,1,44,40,4,0,0,0,0,40,40,0.0067040329,0.0688508131,44.0000000000,10.6849649180,0.9090909091,0.3225600000,250.0000000000,0,0,0,26,0
2539,44,56,1,44,39,5,0,0,0,0,39,39,0.0064707558,0.0623800572,44.0000000000,10.5453935436,0.8863636364,0.3144960000,250.0000000000,0,0,0,26,0
2540,43,57,1,44,25,19,0,0,0,0,32,32,0.0049905522,0.0573895050,1.0000000000,8.0641384257,0.5681818182,0.2580480000,195.3125000000,0,1,0,25,0
2541,39,61,1,39,34,5,0,1,41,117,34,34,0.0078957458,0.0494937592,39.0000000000,9.4872219044,0.8717948718,0.3069760000,223.2878140311,0,0,0,27,0
2542,39,61,1,39,33,6,0,0,0,0,33,33,0.0050975772,0.0443961820,39.0000000000,9.5303447912,0.8461538462,0.2661120000,250.0000000000,0,0,0,26,0
2543,39,61,1,39,33,6,0,0,0,0,33,33,0.0050975772,0.0392986048,39.0000000000,9.5303447912,0.8461538462,0.2661120000,250.0000000000,0,0,0,26,0
2544,38,62,1,39,25,14,0,0,0,0,25,25,0.0034871988,0.0358114060,32.0000000000,8.0641352689,0.6410256410,0.2016000000,250.0000000000,1,0,0,24,0
2545,38,62,1,38,28,10,0,0,0,0,28,28,0.0042966244,0.0315147817,38.0000000000,9.5041570320,0.7368421053,0.2257920000,250.0000000000,0,0,0,22,0
2546,32,68,1,32,27,5,0,1,33,95,27,27,0.0063912383,0.0251235433,32.0000000000,10.1548277962,0.8437500000,0.2441280000,222.9650019662,0,0,0,19,0
2547,31,69,1,32,20,12,0,0,0,0,25,25,0.0039407040,0.0211828393,28.0000000000,12.0961926686,0.6250000000,0.2016000000,200.0000000000,1,0,0,19,0
2548,31,69,1,31,21,10,0,0,0,0,21,21,0.0033643301,0.0178185092,31.0000000000,10.3681529452,0.6774193548,0.1693440000,250.0000000000,0,0,0,14,0
2549,31,69,1,31,20,11,0,0,0,0,20,20,0.0032554819,0.0145630273,31.0000000000,10.4833572623,0.6451612903,0.1612800000,250.0000000000,0,0,0,13,0
2550,30,70,1,31,12,19,0,0,0,0,16,16,0.0024720881,0.0120909392,1.0000000000,8.0641291789,0.3870967742,0.1290240000,187.5000000000,0,1,0,12,0
2551,23,77,1,23,15,8,0,1,26,73,15,15,0.0040450184,0.0080459208,23.0000000000,10.2145627041,0.6521739130,0.1417600000,213.3182844244,0,0,0,10,0
2552,22,78,1,23,10,13,0,0,0,0,12,12,0.0018408948,0.0062050261,19.0000000000,11.2897863969,0.4347826087,0.0967680000,208.3333333333,1,0,0,9,0
2553,22,78,1,22,12,10,0,0,0,0,12,12,0.0019251878,0.0042798383,22.0000000000,10.0801637679,0.5454545455,0.0967680000,250.0000000000,0,0,0,8,0
2554,21,79,1,22,7,15,0,0,0,0,8,8,0.0012097769,0.0030700614,1.0000000000,8.0641272950,0.3181818182,0.0645120000,218.7500000000,0,1,0,7,0
2555,21,79,0,21,8,13,0,0,0,0,8,8,0.0010598053,0.0020102561,0.0000000000,8.0641275619,0.3809523810,0.0645120000,250.0000000000,0,0,0,8,0
2556,12,88,1,14,1,13,0,1,15,42,2,2,0.0015529351,0.0004573210,1.0000000000,8.0641418151,0.0714285714,0.0281280000,71.6723549488,1,1,0,1,0
2557,12,88,0,12,0,12,0,0,0,0,0,0,0.0000000000,0.0004573210,0.0000000000,0.0000000000,0.0000000000,0.0000000000,0.0000000000,0,0,0,0,0
2558,12,88,0,12,0,12,0,0,0,0,0,0,0.0000000000,0.0004573210,0.0000000000,0.0000000000,0.0000000000,0.0000000000,0.0000000000,0,0,0,0,0
2559,12,88,0,12,0,12,0,0,0,0,0,0,0.0000000000,0.0004573210,0.0000000000,0.0000000000,0.0000000000,0.0000000000,0.0000000000,0,0,0,0,0
2560,12,88,0,12,0,12,0,0,0,0,0,0,0.0000000000,0.0004573210,0.0000000000,0.0000000000,0.0000000000,0.0000000000,0.0000000000,0,0,0,0,0
2561,6,94,0,6,0,6,0,1,6,6,0,0,0.0003411534,0.0001161676,0.0000000000,0.0000000000,0.0000000000,0.0048000000,0.0000000000,1,0,0,0,0
2562,6,94,0,6,0,6,0,0,0,0,0,0,0.0000000000,0.0001161676,0.0000000000,0.0000000000,0.0000000000,0.0000000000,0.0000000000,0,0,0,0,0
2563,6,94,0,6,0,6,0,0,0,0,0,0,0.0000000000,0.0001161676,0.0000000000,0.0000000000,0.0000000000,0.0000000000,0.0000000000,0,0,0,0,0
2564,6,94,0,6,0,6,0,0,0,0,0,0,0.0000000000,0.0001161676,0.0000000000,0.0000000000,0.0000000000,0.0000000000,0.0000000000,0,0,0,0,0
2565,6,94,0,6,0,6,0,0,0,0,0,0,0.0000000000,0.0001161676,0.0000000000,0.0000000000,0.0000000000,0.0000000000,0.0000000000,0,0,0,0,0
2566,0,100,0,0,0,0,0,1,0,0,0,0,0.0001161676,0.0000000000,0.0000000000,0.0000000000,0.0000000000,0.0000000000,0.0000000000,1,1,0,0,0
