Round,Alive,Dead,CH_Count,Generated,Delivered,Lost,Unclustered,LEACH_Epoch,Control_TX,Control_RX,Data_TX,Data_RX,Energy_Used_J,Residual_Energy_J,Avg_Cluster_Size,Avg_Delay_ms,PDR,Round_Duration_s,Throughput_kbps
1,100,0,6,100,100,0,0,1,105,782,100,100,0.0422878298,49.9577121702,16.6666666667,16.3272682061,1.0000000000,0.9692800000,217.0683393859
2,100,0,9,100,100,0,0,1,108,1073,100,100,0.0459848478,49.9117273224,11.1111111111,16.0747548215,1.0000000000,0.9729280000,216.2544402052
3,100,0,2,100,100,0,0,1,102,394,100,100,0.0357925909,49.8759347315,50.0000000000,16.6638505395,1.0000000000,0.9656320000,217.8883881230
4,100,0,5,100,100,0,0,1,105,685,100,100,0.0391306159,49.8368041157,20.0000000000,16.4114015726,1.0000000000,0.9692800000,217.0683393859
5,100,0,4,100,100,0,0,1,104,588,100,100,0.0384622143,49.7983419014,25.0000000000,16.4956084352,1.0000000000,0.9680640000,217.3410022478
6,100,0,9,100,100,0,0,1,109,1073,100,100,0.0457708976,49.7525710038,11.1111111111,16.0747378696,1.0000000000,0.9741440000,215.9844951054
7,100,0,3,100,100,0,0,1,103,491,100,100,0.0363851107,49.7161858931,33.3333333333,16.5797008135,1.0000000000,0.9668480000,217.6143509631
8,100,0,4,100,100,0,0,1,104,588,100,100,0.0382129981,49.6779728950,25.0000000000,16.4955501999,1.0000000000,0.9680640000,217.3410022478
9,100,0,4,100,100,0,0,1,104,588,100,100,0.0396917863,49.6382811087,25.0000000000,16.4956106374,1.0000000000,0.9680640000,217.3410022478
10,100,0,4,100,100,0,0,1,104,588,100,100,0.0385388957,49.5997422130,25.0000000000,16.4955235536,1.0000000000,0.9680640000,217.3410022478
11,100,0,10,100,100,0,0,1,110,1170,100,100,0.0475449092,49.5521973038,10.0000000000,15.9905653590,1.0000000000,0.9753600000,215.7152230971
12,100,0,3,100,100,0,0,1,103,491,100,100,0.0370533439,49.5151439599,33.3333333333,16.5797350748,1.0000000000,0.9668480000,217.6143509631
13,100,0,8,100,100,0,0,1,108,976,100,100,0.0441455583,49.4709984016,12.5000000000,16.1589057193,1.0000000000,0.9729280000,216.2544402052
14,100,0,7,100,100,0,0,1,107,879,100,100,0.0423715433,49.4286268583,14.2857142857,16.2430433151,1.0000000000,0.9717120000,216.5250609234
15,100,0,6,100,100,0,0,1,106,782,100,100,0.0410476962,49.3875791621,16.6666666667,16.3272097520,1.0000000000,0.9704960000,216.7963597995
16,100,0,2,100,100,0,0,1,102,394,100,100,0.0366482125,49.3509309496,50.0000000000,16.6639182911,1.0000000000,0.9656320000,217.8883881230
17,100,0,4,100,100,0,0,1,104,588,100,100,0.0393250816,49.3116058680,25.0000000000,16.4955870581,1.0000000000,0.9680640000,217.3410022478
18,100,0,3,100,100,0,0,1,103,491,100,100,0.0366987814,49.2749070866,33.3333333333,16.5797041982,1.0000000000,0.9668480000,217.6143509631
19,100,0,2,100,100,0,0,1,102,394,100,100,0.0374484562,49.2374586304,50.0000000000,16.6639804415,1.0000000000,0.9656320000,217.8883881230
20,100,0,5,100,100,0,0,1,105,685,100,100,0.0395157174,49.1979429130,20.0000000000,16.4114161020,1.0000000000,0.9692800000,217.0683393859
21,100,0,4,100,100,0,0,2,104,588,100,100,0.0375736856,49.1603692274,25.0000000000,16.4955339781,1.0000000000,0.9680640000,217.3410022478
22,100,0,5,100,100,0,0,2,105,685,100,100,0.0396478299,49.1207213975,20.0000000000,16.4113817904,1.0000000000,0.9692800000,217.0683393859
23,100,0,4,100,100,0,0,2,104,588,100,100,0.0382800958,49.0824413017,25.0000000000,16.4955512822,1.0000000000,0.9680640000,217.3410022478
24,100,0,7,100,100,0,0,2,107,879,100,100,0.0426265434,49.0398147584,14.2857142857,16.2430696407,1.0000000000,0.9717120000,216.5250609234
25,100,0,4,100,100,0,0,2,104,588,100,100,0.0379069221,49.0019078362,25.0000000000,16.4955587615,1.0000000000,0.9680640000,217.3410022478
26,100,0,6,100,100,0,0,2,106,782,100,100,0.0406498198,48.9612580164,16.6666666667,16.3272321818,1.0000000000,0.9704960000,216.7963597995
27,100,0,5,100,100,0,0,2,105,685,100,100,0.0397850572,48.9214729592,20.0000000000,16.4114023249,1.0000000000,0.9692800000,217.0683393859
28,100,0,7,100,100,0,0,2,107,879,100,100,0.0424327773,48.8790401820,14.2857142857,16.2430476275,1.0000000000,0.9717120000,216.5250609234
29,100,0,5,100,100,0,0,2,105,685,100,100,0.0399314568,48.8391087251,20.0000000000,16.4114214509,1.0000000000,0.9692800000,217.0683393859
30,100,0,4,100,100,0,0,2,104,588,100,100,0.0379574512,48.8011512740,25.0000000000,16.4955557993,1.0000000000,0.9680640000,217.3410022478
31,100,0,6,100,100,0,0,2,106,782,100,100,0.0411976934,48.7599535806,16.6666666667,16.3272326626,1.0000000000,0.9704960000,216.7963597995
32,100,0,7,100,100,0,0,2,107,879,100,100,0.0427372855,48.7172162951,14.2857142857,16.2430944477,1.0000000000,0.9717120000,216.5250609234
33,100,0,4,100,100,0,0,2,104,588,100,100,0.0380630836,48.6791532115,25.0000000000,16.4955536663,1.0000000000,0.9680640000,217.3410022478
34,100,0,5,100,100,0,0,2,105,685,100,100,0.0391215683,48.6400316431,20.0000000000,16.4114222468,1.0000000000,0.9692800000,217.0683393859
35,100,0,5,100,100,0,0,2,105,685,100,100,0.0393233706,48.6007082725,20.0000000000,16.4113926048,1.0000000000,0.9692800000,217.0683393859
36,100,0,4,100,100,0,0,2,104,588,100,100,0.0383075761,48.5624006964,25.0000000000,16.4955558859,1.0000000000,0.9680640000,217.3410022478
37,100,0,4,100,100,0,0,2,104,588,100,100,0.0392772164,48.5231234800,25.0000000000,16.4956218932,1.0000000000,0.9680640000,217.3410022478
38,100,0,5,100,100,0,0,2,105,685,100,100,0.0395461238,48.4835773562,20.0000000000,16.4113882244,1.0000000000,0.9692800000,217.0683393859
39,100,0,7,100,100,0,0,2,107,879,100,100,0.0421240883,48.4414532679,14.2857142857,16.2430663168,1.0000000000,0.9717120000,216.5250609234
40,100,0,2,100,100,0,0,2,102,394,100,100,0.0359789182,48.4054743497,50.0000000000,16.6638478202,1.0000000000,0.9656320000,217.8883881230
41,100,0,10,100,100,0,0,3,110,1170,100,100,0.0470891285,48.3583852212,10.0000000000,15.9905644242,1.0000000000,0.9753600000,215.7152230971
42,100,0,5,100,100,0,0,3,105,685,100,100,0.0388264918,48.3195587294,20.0000000000,16.4113752997,1.0000000000,0.9692800000,217.0683393859
43,100,0,2,100,100,0,0,3,102,394,100,100,0.0368956865,48.2826630429,50.0000000000,16.6638745720,1.0000000000,0.9656320000,217.8883881230
44,100,0,2,100,100,0,0,3,102,394,100,100,0.0358133052,48.2468497376,50.0000000000,16.6638942889,1.0000000000,0.9656320000,217.8883881230
45,100,0,4,100,100,0,0,3,104,588,100,100,0.0377380232,48.2091117145,25.0000000000,16.4955615369,1.0000000000,0.9680640000,217.3410022478
46,100,0,3,100,100,0,0,3,103,491,100,100,0.0375621450,48.1715495695,33.3333333333,16.5797009953,1.0000000000,0.9668480000,217.6143509631
47,100,0,9,100,100,0,0,3,109,1073,100,100,0.0453867068,48.1261628627,11.1111111111,16.0747481626,1.0000000000,0.9741440000,215.9844951054
48,100,0,5,100,100,0,0,3,104,685,100,100,0.0423409306,48.0838219321,20.0000000000,16.4114596928,1.0000000000,0.9680640000,217.3410022478
49,100,0,6,100,100,0,0,3,106,782,100,100,0.0408023302,48.0430196019,16.6666666667,16.3272167404,1.0000000000,0.9704960000,216.7963597995
50,100,0,5,100,100,0,0,3,105,685,100,100,0.0403492967,48.0026703051,20.0000000000,16.4114285766,1.0000000000,0.9692800000,217.0683393859
51,100,0,10,100,100,0,0,3,110,1170,100,100,0.0472144193,47.9554558858,10.0000000000,15.9905799425,1.0000000000,0.9753600000,215.7152230971
52,100,0,3,100,100,0,0,3,103,491,100,100,0.0372865229,47.9181693629,33.3333333333,16.5797220641,1.0000000000,0.9668480000,217.6143509631
53,100,0,1,100,100,0,0,3,101,297,100,100,0.0360233717,47.8821459912,100.0000000000,16.7480322231,1.0000000000,0.9644160000,218.1631163315
54,100,0,1,100,100,0,0,3,101,297,100,100,0.0455833040,47.8365626872,100.0000000000,16.7482413507,1.0000000000,0.9644160000,218.1631163315
55,100,0,4,100,100,0,0,3,104,588,100,100,0.0386949986,47.7978676886,25.0000000000,16.4955239347,1.0000000000,0.9680640000,217.3410022478
56,100,0,4,100,100,0,0,3,104,588,100,100,0.0386126131,47.7592550756,25.0000000000,16.4955710408,1.0000000000,0.9680640000,217.3410022478
57,100,0,6,100,100,0,0,3,106,782,100,100,0.0413346847,47.7179203909,16.6666666667,16.3272334236,1.0000000000,0.9704960000,216.7963597995
58,100,0,4,100,100,0,0,3,104,588,100,100,0.0396943099,47.6782260809,25.0000000000,16.4955490427,1.0000000000,0.9680640000,217.3410022478
59,100,0,10,100,100,0,0,3,110,1170,100,100,0.0470713556,47.6311547254,10.0000000000,15.9905769549,1.0000000000,0.9753600000,215.7152230971
60,100,0,6,100,100,0,0,3,106,782,100,100,0.0409163240,47.5902384014,16.6666666667,16.3272362652,1.0000000000,0.9704960000,216.7963597995
61,100,0,2,100,100,0,0,4,102,394,100,100,0.0354703507,47.5547680506,50.0000000000,16.6638769780,1.0000000000,0.9656320000,217.8883881230
62,100,0,2,100,100,0,0,4,102,394,100,100,0.0364376622,47.5183303884,50.0000000000,16.6638913573,1.0000000000,0.9656320000,217.8883881230
63,100,0,3,100,100,0,0,4,103,491,100,100,0.0402603674,47.4780700211,33.3333333333,16.5798314446,1.0000000000,0.9668480000,217.6143509631
64,100,0,3,100,100,0,0,4,103,491,100,100,0.0369232955,47.4411467256,33.3333333333,16.5797517396,1.0000000000,0.9668480000,217.6143509631
65,100,0,8,100,100,0,0,4,108,976,100,100,0.0444413557,47.3967053699,12.5000000000,16.1588914213,1.0000000000,0.9729280000,216.2544402052
66,100,0,4,100,100,0,0,4,104,588,100,100,0.0378629772,47.3588423928,25.0000000000,16.4955965077,1.0000000000,0.9680640000,217.3410022478
67,100,0,2,100,100,0,0,4,102,394,100,100,0.0364966537,47.3223457391,50.0000000000,16.6639605783,1.0000000000,0.9656320000,217.8883881230
68,100,0,10,100,100,0,0,4,110,1170,100,100,0.0473332911,47.2750124480,10.0000000000,15.9905792819,1.0000000000,0.9753600000,215.7152230971
69,100,0,3,100,100,0,0,4,103,491,100,100,0.0372722314,47.2377402165,33.3333333333,16.5797637240,1.0000000000,0.9668480000,217.6143509631
70,100,0,6,100,100,0,0,4,106,782,100,100,0.0404291452,47.1973110713,16.6666666667,16.3272164760,1.0000000000,0.9704960000,216.7963597995
71,100,0,4,100,100,0,0,4,104,588,100,100,0.0392103739,47.1581006974,25.0000000000,16.4955734470,1.0000000000,0.9680640000,217.3410022478
72,100,0,6,100,100,0,0,4,106,782,100,100,0.0412423593,47.1168583381,16.6666666667,16.3272166753,1.0000000000,0.9704960000,216.7963597995
73,100,0,8,100,100,0,0,4,108,976,100,100,0.0441045760,47.0727537621,12.5000000000,16.1589189513,1.0000000000,0.9729280000,216.2544402052
74,100,0,4,100,100,0,0,4,104,588,100,100,0.0380384052,47.0347153569,25.0000000000,16.4955324312,1.0000000000,0.9680640000,217.3410022478
75,100,0,5,100,100,0,0,4,105,685,100,100,0.0396098818,46.9951054751,20.0000000000,16.4113746411,1.0000000000,0.9692800000,217.0683393859
76,100,0,4,100,100,0,0,4,104,588,100,100,0.0384119165,46.9566935586,25.0000000000,16.4955534890,1.0000000000,0.9680640000,217.3410022478
77,100,0,6,100,100,0,0,4,106,782,100,100,0.0413683559,46.9153252028,16.6666666667,16.3272488157,1.0000000000,0.9704960000,216.7963597995
78,100,0,6,100,100,0,0,4,106,782,100,100,0.0415596727,46.8737655301,16.6666666667,16.3272307395,1.0000000000,0.9704960000,216.7963597995
79,100,0,7,100,100,0,0,4,106,879,100,100,0.0421219488,46.8316435813,14.2857142857,16.2430564784,1.0000000000,0.9704960000,216.7963597995
80,100,0,7,100,100,0,0,4,107,879,100,100,0.0431126128,46.7885309685,14.2857142857,16.2430743828,1.0000000000,0.9717120000,216.5250609234
81,100,0,5,100,100,0,0,5,105,685,100,100,0.0396381250,46.7488928435,20.0000000000,16.4113930282,1.0000000000,0.9692800000,217.0683393859
82,100,0,5,100,100,0,0,5,105,685,100,100,0.0393848288,46.7095080147,20.0000000000,16.4114007811,1.0000000000,0.9692800000,217.0683393859
83,100,0,8,100,100,0,0,5,108,976,100,100,0.0445929435,46.6649150711,12.5000000000,16.1588943899,1.0000000000,0.9729280000,216.2544402052
84,100,0,5,100,100,0,0,5,105,685,100,100,0.0392886020,46.6256264691,20.0000000000,16.4113881061,1.0000000000,0.9692800000,217.0683393859
85,100,0,6,100,100,0,0,5,106,782,100,100,0.0404865964,46.5851398727,16.6666666667,16.3272115714,1.0000000000,0.9704960000,216.7963597995
86,100,0,6,100,100,0,0,5,106,782,100,100,0.0406313014,46.5445085713,16.6666666667,16.3272376645,1.0000000000,0.9704960000,216.7963597995
87,100,0,3,100,100,0,0,5,103,491,100,100,0.0371628909,46.5073456804,33.3333333333,16.5797222840,1.0000000000,0.9668480000,217.6143509631
88,100,0,5,100,100,0,0,5,105,685,100,100,0.0397351109,46.4676105695,20.0000000000,16.4113690311,1.0000000000,0.9692800000,217.0683393859
89,100,0,6,100,100,0,0,5,106,782,100,100,0.0435116333,46.4240989362,16.6666666667,16.3272801807,1.0000000000,0.9704960000,216.7963597995
90,100,0,4,100,100,0,0,5,104,588,100,100,0.0390834992,46.3850154370,25.0000000000,16.4956393880,1.0000000000,0.9680640000,217.3410022478
91,100,0,4,100,100,0,0,5,104,588,100,100,0.0378102963,46.3472051408,25.0000000000,16.4955780603,1.0000000000,0.9680640000,217.3410022478
92,100,0,6,100,100,0,0,5,106,782,100,100,0.0406753125,46.3065298282,16.6666666667,16.3272222778,1.0000000000,0.9704960000,216.7963597995
93,100,0,5,100,100,0,0,5,105,685,100,100,0.0397754116,46.2667544167,20.0000000000,16.4114239558,1.0000000000,0.9692800000,217.0683393859
94,100,0,6,100,100,0,0,5,106,782,100,100,0.0414925041,46.2252619126,16.6666666667,16.3272180845,1.0000000000,0.9704960000,216.7963597995
95,100,0,6,100,100,0,0,5,106,782,100,100,0.0412292827,46.1840326299,16.6666666667,16.3272113959,1.0000000000,0.9704960000,216.7963597995
96,100,0,2,100,100,0,0,5,102,394,100,100,0.0364734689,46.1475591611,50.0000000000,16.6639688694,1.0000000000,0.9656320000,217.8883881230
97,100,0,6,100,100,0,0,5,106,782,100,100,0.0407453324,46.1068138287,16.6666666667,16.3272146859,1.0000000000,0.9704960000,216.7963597995
98,100,0,7,100,100,0,0,5,107,879,100,100,0.0425365725,46.0642772562,14.2857142857,16.2430597131,1.0000000000,0.9717120000,216.5250609234
99,100,0,5,100,100,0,0,5,105,685,100,100,0.0401875679,46.0240896882,20.0000000000,16.4114184661,1.0000000000,0.9692800000,217.0683393859
100,100,0,0,100,100,0,100,5,0,0,100,100,0.0153333457,46.0087563425,0.0000000000,8.4161324089,1.0000000000,0.8416000000,250.0000000000
101,100,0,3,100,100,0,0,6,103,491,100,100,0.0373401329,45.9714162096,33.3333333333,16.5797094571,1.0000000000,0.9668480000,217.6143509631
102,100,0,7,100,100,0,0,6,106,879,100,100,0.0430122713,45.9284039384,14.2857142857,16.2430867686,1.0000000000,0.9704960000,216.7963597995
103,100,0,8,100,100,0,0,6,108,976,100,100,0.0443421660,45.8840617724,12.5000000000,16.1588889068,1.0000000000,0.9729280000,216.2544402052
104,100,0,2,100,100,0,0,6,102,394,100,100,0.0355425079,45.8485192645,50.0000000000,16.6638850966,1.0000000000,0.9656320000,217.8883881230
105,100,0,5,100,100,0,0,6,105,685,100,100,0.0391209197,45.8093983447,20.0000000000,16.4113870137,1.0000000000,0.9692800000,217.0683393859
106,100,0,1,100,100,0,0,6,101,297,100,100,0.0491864846,45.7602118602,100.0000000000,16.7482816917,1.0000000000,0.9644160000,218.1631163315
107,100,0,2,100,100,0,0,6,102,394,100,100,0.0361484723,45.7240633878,50.0000000000,16.6638668600,1.0000000000,0.9656320000,217.8883881230
108,100,0,4,100,100,0,0,6,104,588,100,100,0.0375014746,45.6865619132,25.0000000000,16.4955856865,1.0000000000,0.9680640000,217.3410022478
109,100,0,5,100,100,0,0,6,105,685,100,100,0.0397263124,45.6468356008,20.0000000000,16.4113936825,1.0000000000,0.9692800000,217.0683393859
110,100,0,4,100,100,0,0,6,104,588,100,100,0.0383314008,45.6085042000,25.0000000000,16.4956095028,1.0000000000,0.9680640000,217.3410022478
111,100,0,8,100,100,0,0,6,108,976,100,100,0.0441653081,45.5643388919,12.5000000000,16.1589301797,1.0000000000,0.9729280000,216.2544402052
112,100,0,7,100,100,0,0,6,107,879,100,100,0.0423081036,45.5220307883,14.2857142857,16.2430426892,1.0000000000,0.9717120000,216.5250609234
113,100,0,6,100,100,0,0,6,106,782,100,100,0.0415796033,45.4804511850,16.6666666667,16.3272263147,1.0000000000,0.9704960000,216.7963597995
114,100,0,4,100,100,0,0,6,104,588,100,100,0.0380208075,45.4424303776,25.0000000000,16.4955275034,1.0000000000,0.9680640000,217.3410022478
115,100,0,5,100,100,0,0,6,105,685,100,100,0.0406587634,45.4017716142,20.0000000000,16.4114276316,1.0000000000,0.9692800000,217.0683393859
116,100,0,8,100,100,0,0,6,108,976,100,100,0.0436374867,45.3581341275,12.5000000000,16.1588958192,1.0000000000,0.9729280000,216.2544402052
117,100,0,4,100,100,0,0,6,104,588,100,100,0.0385046664,45.3196294611,25.0000000000,16.4956003077,1.0000000000,0.9680640000,217.3410022478
118,100,0,5,100,100,0,0,6,105,685,100,100,0.0402155485,45.2794139126,20.0000000000,16.4113972310,1.0000000000,0.9692800000,217.0683393859
119,100,0,6,100,100,0,0,6,106,782,100,100,0.0417892658,45.2376246468,16.6666666667,16.3272539686,1.0000000000,0.9704960000,216.7963597995
120,100,0,6,100,100,0,0,6,106,782,100,100,0.0407616527,45.1968629941,16.6666666667,16.3272227851,1.0000000000,0.9704960000,216.7963597995
121,100,0,5,100,100,0,0,7,105,685,100,100,0.0406021553,45.1562608388,20.0000000000,16.4114251053,1.0000000000,0.9692800000,217.0683393859
122,100,0,5,100,100,0,0,7,105,685,100,100,0.0429132882,45.1133475506,20.0000000000,16.4114827903,1.0000000000,0.9692800000,217.0683393859
123,100,0,8,100,100,0,0,7,108,976,100,100,0.0440848924,45.0692626582,12.5000000000,16.1588897857,1.0000000000,0.9729280000,216.2544402052
124,100,0,6,100,100,0,0,7,106,782,100,100,0.0407959279,45.0284667303,16.6666666667,16.3272480124,1.0000000000,0.9704960000,216.7963597995
125,100,0,9,100,100,0,0,7,109,1073,100,100,0.0453934569,44.9830732734,11.1111111111,16.0747347680,1.0000000000,0.9741440000,215.9844951054
126,100,0,3,100,100,0,0,7,103,491,100,100,0.0365553603,44.9465179131,33.3333333333,16.5797119940,1.0000000000,0.9668480000,217.6143509631
127,100,0,3,100,100,0,0,7,103,491,100,100,0.0364289989,44.9100889142,33.3333333333,16.5797114909,1.0000000000,0.9668480000,217.6143509631
128,100,0,6,100,100,0,0,7,106,782,100,100,0.0417320576,44.8683568567,16.6666666667,16.3272659294,1.0000000000,0.9704960000,216.7963597995
129,100,0,5,100,100,0,0,7,105,685,100,100,0.0394286732,44.8289281835,20.0000000000,16.4113690549,1.0000000000,0.9692800000,217.0683393859
130,100,0,3,100,100,0,0,7,103,491,100,100,0.0378846985,44.7910434850,33.3333333333,16.5797488665,1.0000000000,0.9668480000,217.6143509631
131,100,0,4,100,100,0,0,7,104,588,100,100,0.0375824942,44.7534609908,25.0000000000,16.4955415941,1.0000000000,0.9680640000,217.3410022478
132,100,0,8,100,100,0,0,7,108,976,100,100,0.0441303983,44.7093305925,12.5000000000,16.1589064607,1.0000000000,0.9729280000,216.2544402052
133,100,0,3,100,100,0,0,7,103,491,100,100,0.0365285573,44.6728020352,33.3333333333,16.5797135974,1.0000000000,0.9668480000,217.6143509631
134,100,0,4,100,100,0,0,7,104,588,100,100,0.0381880353,44.6346139999,25.0000000000,16.4955534999,1.0000000000,0.9680640000,217.3410022478
135,100,0,6,100,100,0,0,7,106,782,100,100,0.0423370049,44.5922769950,16.6666666667,16.3272658172,1.0000000000,0.9704960000,216.7963597995
136,100,0,3,100,100,0,0,7,103,491,100,100,0.0370916572,44.5551853378,33.3333333333,16.5796985764,1.0000000000,0.9668480000,217.6143509631
137,100,0,4,100,100,0,0,7,104,588,100,100,0.0392866335,44.5158987043,25.0000000000,16.4955993692,1.0000000000,0.9680640000,217.3410022478
138,100,0,6,100,100,0,0,7,106,782,100,100,0.0406804334,44.4752182709,16.6666666667,16.3272471672,1.0000000000,0.9704960000,216.7963597995
139,100,0,2,100,100,0,0,7,102,394,100,100,0.0366222008,44.4385960700,50.0000000000,16.6638770877,1.0000000000,0.9656320000,217.8883881230
140,100,0,7,100,100,0,0,7,107,879,100,100,0.0425703704,44.3960256996,14.2857142857,16.2430697620,1.0000000000,0.9717120000,216.5250609234
141,100,0,3,100,100,0,0,8,103,491,100,100,0.0464213096,44.3496043900,33.3333333333,16.5799036297,1.0000000000,0.9668480000,217.6143509631
142,100,0,5,100,100,0,0,8,105,685,100,100,0.0401758690,44.3094285210,20.0000000000,16.4113876935,1.0000000000,0.9692800000,217.0683393859
143,100,0,3,100,100,0,0,8,103,491,100,100,0.0386477673,44.2707807538,33.3333333333,16.5797426434,1.0000000000,0.9668480000,217.6143509631
144,100,0,7,100,100,0,0,8,107,879,100,100,0.0426375158,44.2281432379,14.2857142857,16.2430950175,1.0000000000,0.9717120000,216.5250609234
145,100,0,3,100,100,0,0,8,103,491,100,100,0.0367591272,44.1913841108,33.3333333333,16.5796887653,1.0000000000,0.9668480000,217.6143509631
146,100,0,6,100,100,0,0,8,106,782,100,100,0.0423783308,44.1490057800,16.6666666667,16.3272639585,1.0000000000,0.9704960000,216.7963597995
147,100,0,7,100,100,0,0,8,107,879,100,100,0.0425917611,44.1064140189,14.2857142857,16.2430542682,1.0000000000,0.9717120000,216.5250609234
148,100,0,1,100,100,0,0,8,101,297,100,100,0.0491864846,44.0572275344,100.0000000000,16.7482816917,1.0000000000,0.9644160000,218.1631163315
149,100,0,4,100,100,0,0,8,104,588,100,100,0.0383172898,44.0189102446,25.0000000000,16.4955517232,1.0000000000,0.9680640000,217.3410022478
150,100,0,6,100,100,0,0,8,106,782,100,100,0.0412543151,43.9776559295,16.6666666667,16.3272464655,1.0000000000,0.9704960000,216.7963597995
151,100,0,6,100,100,0,0,8,106,782,100,100,0.0412174263,43.9364385032,16.6666666667,16.3272593108,1.0000000000,0.9704960000,216.7963597995
152,100,0,5,100,100,0,0,8,105,685,100,100,0.0394316171,43.8970068862,20.0000000000,16.4113850065,1.0000000000,0.9692800000,217.0683393859
153,100,0,5,100,100,0,0,8,105,685,100,100,0.0390071042,43.8579997820,20.0000000000,16.4114061159,1.0000000000,0.9692800000,217.0683393859
154,100,0,1,100,100,0,0,8,101,297,100,100,0.0390372939,43.8189624881,100.0000000000,16.7481533667,1.0000000000,0.9644160000,218.1631163315
155,100,0,3,100,100,0,0,8,103,491,100,100,0.0391669736,43.7797955145,33.3333333333,16.5797613084,1.0000000000,0.9668480000,217.6143509631
156,100,0,5,100,100,0,0,8,105,685,100,100,0.0398733622,43.7399221523,20.0000000000,16.4114046348,1.0000000000,0.9692800000,217.0683393859
157,100,0,13,100,100,0,0,8,112,1461,100,100,0.0523018630,43.6876202892,7.6923076923,15.7380843353,1.0000000000,0.9777920000,215.1786883100
158,100,0,7,100,100,0,0,8,107,879,100,100,0.0427116439,43.6449086454,14.2857142857,16.2430803584,1.0000000000,0.9717120000,216.5250609234
159,100,0,7,100,100,0,0,8,107,879,100,100,0.0426069228,43.6023017226,14.2857142857,16.2430668057,1.0000000000,0.9717120000,216.5250609234
160,100,0,3,100,100,0,0,8,103,491,100,100,0.0367791827,43.5655225398,33.3333333333,16.5796833793,1.0000000000,0.9668480000,217.6143509631
161,100,0,6,100,100,0,0,9,106,782,100,100,0.0419060005,43.5236165394,16.6666666667,16.3272423488,1.0000000000,0.9704960000,216.7963597995
162,100,0,5,100,100,0,0,9,105,685,100,100,0.0395511439,43.4840653954,20.0000000000,16.4113796926,1.0000000000,0.9692800000,217.0683393859
163,100,0,4,100,100,0,0,9,104,588,100,100,0.0380572860,43.4460081095,25.0000000000,16.4955431965,1.0000000000,0.9680640000,217.3410022478
164,100,0,2,100,100,0,0,9,102,394,100,100,0.0386798525,43.4073282570,50.0000000000,16.6639380707,1.0000000000,0.9656320000,217.8883881230
165,100,0,6,100,100,0,0,9,106,782,100,100,0.0412701392,43.3660581178,16.6666666667,16.3272220139,1.0000000000,0.9704960000,216.7963597995
166,100,0,6,100,100,0,0,9,106,782,100,100,0.0406457038,43.3254124141,16.6666666667,16.3272282121,1.0000000000,0.9704960000,216.7963597995
167,100,0,3,100,100,0,0,9,103,491,100,100,0.0369238434,43.2884885707,33.3333333333,16.5797270268,1.0000000000,0.9668480000,217.6143509631
168,100,0,5,100,100,0,0,9,105,685,100,100,0.0400989031,43.2483896676,20.0000000000,16.4113967387,1.0000000000,0.9692800000,217.0683393859
169,100,0,6,100,100,0,0,9,106,782,100,100,0.0408669090,43.2075227586,16.6666666667,16.3272289541,1.0000000000,0.9704960000,216.7963597995
170,100,0,2,100,100,0,0,9,102,394,100,100,0.0391590653,43.1683636933,50.0000000000,16.6639916301,1.0000000000,0.9656320000,217.8883881230
171,100,0,5,100,100,0,0,9,105,685,100,100,0.0393396687,43.1290240246,20.0000000000,16.4114395737,1.0000000000,0.9692800000,217.0683393859
172,100,0,4,100,100,0,0,9,104,588,100,100,0.0391751675,43.0898488571,25.0000000000,16.4956210168,1.0000000000,0.9680640000,217.3410022478
173,100,0,4,100,100,0,0,9,104,588,100,100,0.0380388527,43.0518100044,25.0000000000,16.4955819062,1.0000000000,0.9680640000,217.3410022478
174,100,0,4,100,100,0,0,9,104,588,100,100,0.0381819219,43.0136280826,25.0000000000,16.4955599045,1.0000000000,0.9680640000,217.3410022478
175,100,0,10,100,100,0,0,9,109,1170,100,100,0.0477704501,42.9658576325,10.0000000000,15.9905841602,1.0000000000,0.9741440000,215.9844951054
176,100,0,8,100,100,0,0,9,108,976,100,100,0.0449206298,42.9209370026,12.5000000000,16.1588851515,1.0000000000,0.9729280000,216.2544402052
177,100,0,4,100,100,0,0,9,104,588,100,100,0.0374050093,42.8835319933,25.0000000000,16.4955571595,1.0000000000,0.9680640000,217.3410022478
178,100,0,8,100,100,0,0,9,108,976,100,100,0.0441402186,42.8393917747,12.5000000000,16.1589206149,1.0000000000,0.9729280000,216.2544402052
179,100,0,5,100,100,0,0,9,105,685,100,100,0.0392879480,42.8001038267,20.0000000000,16.4113900683,1.0000000000,0.9692800000,217.0683393859
180,100,0,3,100,100,0,0,9,103,491,100,100,0.0368694708,42.7632343559,33.3333333333,16.5796861003,1.0000000000,0.9668480000,217.6143509631
181,100,0,6,100,100,0,0,10,106,782,100,100,0.0410364377,42.7221979181,16.6666666667,16.3272324078,1.0000000000,0.9704960000,216.7963597995
182,100,0,8,100,100,0,0,10,108,976,100,100,0.0437496903,42.6784482279,12.5000000000,16.1589010701,1.0000000000,0.9729280000,216.2544402052
183,100,0,1,100,100,0,0,10,101,297,100,100,0.0363391154,42.6421091125,100.0000000000,16.7480639530,1.0000000000,0.9644160000,218.1631163315
184,100,0,6,100,100,0,0,10,106,782,100,100,0.0408117501,42.6012973623,16.6666666667,16.3272490682,1.0000000000,0.9704960000,216.7963597995
185,100,0,4,100,100,0,0,10,104,588,100,100,0.0379684983,42.5633288640,25.0000000000,16.4955398773,1.0000000000,0.9680640000,217.3410022478
186,100,0,3,100,100,0,0,10,103,491,100,100,0.0375214392,42.5258074248,33.3333333333,16.5796773445,1.0000000000,0.9668480000,217.6143509631
187,100,0,6,100,100,0,0,10,106,782,100,100,0.0435984529,42.4822089719,16.6666666667,16.3272697506,1.0000000000,0.9704960000,216.7963597995
188,100,0,8,100,100,0,0,10,108,976,100,100,0.0440389218,42.4381700501,12.5000000000,16.1589079212,1.0000000000,0.9729280000,216.2544402052
189,100,0,4,100,100,0,0,10,104,588,100,100,0.0390522321,42.3991178180,25.0000000000,16.4955283371,1.0000000000,0.9680640000,217.3410022478
190,100,0,6,100,100,0,0,10,106,782,100,100,0.0412974426,42.3578203753,16.6666666667,16.3272585986,1.0000000000,0.9704960000,216.7963597995
191,100,0,7,100,100,0,0,10,107,879,100,100,0.0430290410,42.3147913343,14.2857142857,16.2431068166,1.0000000000,0.9717120000,216.5250609234
192,100,0,4,100,100,0,0,10,104,588,100,100,0.0383408962,42.2764504381,25.0000000000,16.4955444402,1.0000000000,0.9680640000,217.3410022478
193,100,0,7,100,100,0,0,10,107,879,100,100,0.0424393507,42.2340110874,14.2857142857,16.2430411818,1.0000000000,0.9717120000,216.5250609234
194,100,0,5,100,100,0,0,10,105,685,100,100,0.0398544454,42.1941566420,20.0000000000,16.4114039242,1.0000000000,0.9692800000,217.0683393859
195,100,0,6,100,100,0,0,10,106,782,100,100,0.0410749336,42.1530817084,16.6666666667,16.3272184140,1.0000000000,0.9704960000,216.7963597995
196,100,0,5,100,100,0,0,10,105,685,100,100,0.0401442685,42.1129374399,20.0000000000,16.4113922293,1.0000000000,0.9692800000,217.0683393859
197,100,0,4,100,100,0,0,10,104,588,100,100,0.0387760668,42.0741613731,25.0000000000,16.4955400001,1.0000000000,0.9680640000,217.3410022478
198,100,0,4,100,100,0,0,10,104,588,100,100,0.0393279201,42.0348334530,25.0000000000,16.4955820836,1.0000000000,0.9680640000,217.3410022478
199,100,0,2,100,100,0,0,10,102,394,100,100,0.0368524682,41.9979809848,50.0000000000,16.6639447148,1.0000000000,0.9656320000,217.8883881230
200,100,0,4,100,100,0,0,10,104,588,100,100,0.0393753268,41.9586056580,25.0000000000,16.4955706446,1.0000000000,0.9680640000,217.3410022478
201,100,0,8,100,100,0,0,11,108,976,100,100,0.0440763866,41.9145292714,12.5000000000,16.1589035178,1.0000000000,0.9729280000,216.2544402052
202,100,0,1,100,100,0,0,11,101,297,100,100,0.0450650136,41.8694642578,100.0000000000,16.7482409956,1.0000000000,0.9644160000,218.1631163315
203,100,0,3,100,100,0,0,11,103,491,100,100,0.0369271254,41.8325371324,33.3333333333,16.5797060689,1.0000000000,0.9668480000,217.6143509631
204,100,0,4,100,100,0,0,11,104,588,100,100,0.0379016297,41.7946355027,25.0000000000,16.4955520530,1.0000000000,0.9680640000,217.3410022478
205,100,0,7,100,100,0,0,11,107,879,100,100,0.0420787136,41.7525567891,14.2857142857,16.2430530592,1.0000000000,0.9717120000,216.5250609234
206,100,0,10,100,100,0,0,11,110,1170,100,100,0.0470698413,41.7054869478,10.0000000000,15.9905751564,1.0000000000,0.9753600000,215.7152230971
207,100,0,6,100,100,0,0,11,106,782,100,100,0.0404367591,41.6650501887,16.6666666667,16.3272178152,1.0000000000,0.9704960000,216.7963597995
208,100,0,10,100,100,0,0,11,110,1170,100,100,0.0472345717,41.6178156170,10.0000000000,15.9905682043,1.0000000000,0.9753600000,215.7152230971
209,100,0,3,100,100,0,0,11,103,491,100,100,0.0390338626,41.5787817544,33.3333333333,16.5797983402,1.0000000000,0.9668480000,217.6143509631
210,100,0,1,100,100,0,0,11,101,297,100,100,0.0368338167,41.5419479377,100.0000000000,16.7480671728,1.0000000000,0.9644160000,218.1631163315
211,100,0,8,100,100,0,0,11,108,976,100,100,0.0439322930,41.4980156447,12.5000000000,16.1588925261,1.0000000000,0.9729280000,216.2544402052
212,100,0,4,100,100,0,0,11,104,588,100,100,0.0382037393,41.4598119054,25.0000000000,16.4955400653,1.0000000000,0.9680640000,217.3410022478
213,100,0,3,100,100,0,0,11,103,491,100,100,0.0370879452,41.4227239602,33.3333333333,16.5797001856,1.0000000000,0.9668480000,217.6143509631
214,100,0,4,100,100,0,0,11,104,588,100,100,0.0382227782,41.3845011819,25.0000000000,16.4955911775,1.0000000000,0.9680640000,217.3410022478
215,100,0,4,100,100,0,0,11,104,588,100,100,0.0392415687,41.3452596133,25.0000000000,16.4956244728,1.0000000000,0.9680640000,217.3410022478
216,100,0,7,100,100,0,0,11,107,879,100,100,0.0420546182,41.3032049951,14.2857142857,16.2430613952,1.0000000000,0.9717120000,216.5250609234
217,100,0,4,100,100,0,0,11,104,588,100,100,0.0377511774,41.2654538177,25.0000000000,16.4955610994,1.0000000000,0.9680640000,217.3410022478
218,100,0,6,100,100,0,0,11,106,782,100,100,0.0413710257,41.2240827920,16.6666666667,16.3272826367,1.0000000000,0.9704960000,216.7963597995
219,100,0,4,100,100,0,0,11,104,588,100,100,0.0376881892,41.1863946028,25.0000000000,16.4955245080,1.0000000000,0.9680640000,217.3410022478
220,100,0,3,100,100,0,0,11,103,491,100,100,0.0368150674,41.1495795354,33.3333333333,16.5797621629,1.0000000000,0.9668480000,217.6143509631
221,100,0,6,100,100,0,0,12,106,782,100,100,0.0405259444,41.1090535910,16.6666666667,16.3272251183,1.0000000000,0.9704960000,216.7963597995
222,100,0,6,100,100,0,0,12,106,782,100,100,0.0413701561,41.0676834348,16.6666666667,16.3272690943,1.0000000000,0.9704960000,216.7963597995
223,100,0,2,100,100,0,0,12,102,394,100,100,0.0358075287,41.0318759061,50.0000000000,16.6638969328,1.0000000000,0.9656320000,217.8883881230
224,100,0,4,100,100,0,0,12,104,588,100,100,0.0381774335,40.9936984727,25.0000000000,16.4956112366,1.0000000000,0.9680640000,217.3410022478
225,100,0,2,100,100,0,0,12,102,394,100,100,0.0361757771,40.9575226955,50.0000000000,16.6638883183,1.0000000000,0.9656320000,217.8883881230
226,100,0,11,100,100,0,0,12,111,1267,100,100,0.0488661719,40.9086565237,9.0909090909,15.9064142210,1.0000000000,0.9765760000,215.4466216659
227,100,0,5,100,100,0,0,12,105,685,100,100,0.0401183635,40.8685381601,20.0000000000,16.4113882907,1.0000000000,0.9692800000,217.0683393859
228,100,0,6,100,100,0,0,12,106,782,100,100,0.0410510087,40.8274871514,16.6666666667,16.3272283570,1.0000000000,0.9704960000,216.7963597995
229,100,0,4,100,100,0,0,12,104,588,100,100,0.0383697469,40.7891174045,25.0000000000,16.4955511059,1.0000000000,0.9680640000,217.3410022478
230,100,0,7,100,100,0,0,12,107,879,100,100,0.0424041537,40.7467132508,14.2857142857,16.2430467186,1.0000000000,0.9717120000,216.5250609234
231,100,0,1,100,100,0,0,12,101,297,100,100,0.0382071184,40.7085061324,100.0000000000,16.7481164748,1.0000000000,0.9644160000,218.1631163315
232,100,0,6,100,100,0,0,12,106,782,100,100,0.0415070882,40.6669990441,16.6666666667,16.3272167082,1.0000000000,0.9704960000,216.7963597995
233,100,0,4,100,100,0,0,12,104,588,100,100,0.0397304796,40.6272685645,25.0000000000,16.4956390061,1.0000000000,0.9680640000,217.3410022478
234,100,0,1,100,100,0,0,12,101,297,100,100,0.0422579151,40.5850106494,100.0000000000,16.7482087212,1.0000000000,0.9644160000,218.1631163315
235,100,0,5,100,100,0,0,12,105,685,100,100,0.0399601291,40.5450505203,20.0000000000,16.4113863606,1.0000000000,0.9692800000,217.0683393859
236,100,0,4,100,100,0,0,12,104,588,100,100,0.0385601608,40.5064903594,25.0000000000,16.4955466892,1.0000000000,0.9680640000,217.3410022478
237,100,0,13,100,100,0,0,12,113,1461,100,100,0.0519020984,40.4545882610,7.6923076923,15.7380815090,1.0000000000,0.9790080000,214.9114205400
238,100,0,4,100,100,0,0,12,104,588,100,100,0.0380626419,40.4165256192,25.0000000000,16.4955281918,1.0000000000,0.9680640000,217.3410022478
239,100,0,5,100,100,0,0,12,105,685,100,100,0.0400665133,40.3764591059,20.0000000000,16.4113924068,1.0000000000,0.9692800000,217.0683393859
240,100,0,4,100,100,0,0,12,103,588,100,100,0.0404996316,40.3359594742,25.0000000000,16.4956332161,1.0000000000,0.9668480000,217.6143509631
241,100,0,4,100,100,0,0,13,104,588,100,100,0.0381190602,40.2978404141,25.0000000000,16.4955839733,1.0000000000,0.9680640000,217.3410022478
242,100,0,3,100,100,0,0,13,103,491,100,100,0.0367755356,40.2610648784,33.3333333333,16.5797235809,1.0000000000,0.9668480000,217.6143509631
243,100,0,3,100,100,0,0,13,103,491,100,100,0.0385419053,40.2225229731,33.3333333333,16.5797918831,1.0000000000,0.9668480000,217.6143509631
244,100,0,9,100,100,0,0,13,109,1073,100,100,0.0452906606,40.1772323125,11.1111111111,16.0747278087,1.0000000000,0.9741440000,215.9844951054
245,100,0,5,100,100,0,0,13,105,685,100,100,0.0387944148,40.1384378977,20.0000000000,16.4113693606,1.0000000000,0.9692800000,217.0683393859
246,100,0,4,100,100,0,0,13,104,588,100,100,0.0376442951,40.1007936026,25.0000000000,16.4955326469,1.0000000000,0.9680640000,217.3410022478
247,100,0,7,100,100,0,0,13,107,879,100,100,0.0424118805,40.0583817221,14.2857142857,16.2430465957,1.0000000000,0.9717120000,216.5250609234
248,100,0,5,100,100,0,0,13,104,685,100,100,0.0402636511,40.0181180709,20.0000000000,16.4114156948,1.0000000000,0.9680640000,217.3410022478
249,100,0,6,100,100,0,0,13,106,782,100,100,0.0405089909,39.9776090801,16.6666666667,16.3272225229,1.0000000000,0.9704960000,216.7963597995
250,100,0,7,100,100,0,0,13,107,879,100,100,0.0427108148,39.9348982652,14.2857142857,16.2431139731,1.0000000000,0.9717120000,216.5250609234
251,100,0,2,100,100,0,0,13,102,394,100,100,0.0433898368,39.8915084285,50.0000000000,16.6640402297,1.0000000000,0.9656320000,217.8883881230
252,100,0,5,100,100,0,0,13,105,685,100,100,0.0394203445,39.8520880840,20.0000000000,16.4114206234,1.0000000000,0.9692800000,217.0683393859
253,100,0,4,100,100,0,0,13,104,588,100,100,0.0373942552,39.8146938288,25.0000000000,16.4955471922,1.0000000000,0.9680640000,217.3410022478
254,100,0,3,100,100,0,0,13,103,491,100,100,0.0381441036,39.7765497253,33.3333333333,16.5797512349,1.0000000000,0.9668480000,217.6143509631
255,100,0,4,100,100,0,0,13,104,588,100,100,0.0385945000,39.7379552253,25.0000000000,16.4955899682,1.0000000000,0.9680640000,217.3410022478
256,100,0,6,100,100,0,0,13,106,782,100,100,0.0406435113,39.6973117140,16.6666666667,16.3272253719,1.0000000000,0.9704960000,216.7963597995
257,100,0,8,100,100,0,0,13,108,976,100,100,0.0438527102,39.6534590038,12.5000000000,16.1589070849,1.0000000000,0.9729280000,216.2544402052
258,100,0,6,100,100,0,0,13,106,782,100,100,0.0411019030,39.6123571008,16.6666666667,16.3272060843,1.0000000000,0.9704960000,216.7963597995
259,100,0,4,100,100,0,0,13,104,588,100,100,0.0410411645,39.5713159363,25.0000000000,16.4956230368,1.0000000000,0.9680640000,217.3410022478
260,100,0,5,100,100,0,0,13,105,685,100,100,0.0399735770,39.5313423594,20.0000000000,16.4113918119,1.0000000000,0.9692800000,217.0683393859
261,100,0,6,100,100,0,0,14,106,782,100,100,0.0415020056,39.4898403538,16.6666666667,16.3272611902,1.0000000000,0.9704960000,216.7963597995
262,100,0,5,100,100,0,0,14,105,685,100,100,0.0389517181,39.4508886357,20.0000000000,16.4113893292,1.0000000000,0.9692800000,217.0683393859
263,100,0,7,100,100,0,0,14,107,879,100,100,0.0437351061,39.4071535296,14.2857142857,16.2430947578,1.0000000000,0.9717120000,216.5250609234
264,100,0,4,100,100,0,0,14,104,588,100,100,0.0383963106,39.3687572190,25.0000000000,16.4955767557,1.0000000000,0.9680640000,217.3410022478
265,100,0,8,100,100,0,0,14,108,976,100,100,0.0438410746,39.3249161444,12.5000000000,16.1588874686,1.0000000000,0.9729280000,216.2544402052
266,100,0,6,100,100,0,0,14,106,782,100,100,0.0426622165,39.2822539279,16.6666666667,16.3272345366,1.0000000000,0.9704960000,216.7963597995
267,100,0,5,100,100,0,0,14,105,685,100,100,0.0393294207,39.2429245072,20.0000000000,16.4114095213,1.0000000000,0.9692800000,217.0683393859
268,100,0,5,100,100,0,0,14,105,685,100,100,0.0400814043,39.2028431029,20.0000000000,16.4113872985,1.0000000000,0.9692800000,217.0683393859
269,100,0,4,100,100,0,0,14,104,588,100,100,0.0394345141,39.1634085888,25.0000000000,16.4956201572,1.0000000000,0.9680640000,217.3410022478
270,100,0,3,100,100,0,0,14,103,491,100,100,0.0372931340,39.1261154548,33.3333333333,16.5797361247,1.0000000000,0.9668480000,217.6143509631
271,100,0,4,100,100,0,0,14,104,588,100,100,0.0382495407,39.0878659141,25.0000000000,16.4955318932,1.0000000000,0.9680640000,217.3410022478
272,100,0,6,100,100,0,0,14,106,782,100,100,0.0411944727,39.0466714414,16.6666666667,16.3272355747,1.0000000000,0.9704960000,216.7963597995
273,100,0,3,100,100,0,0,14,103,491,100,100,0.0370850235,39.0095864178,33.3333333333,16.5797713205,1.0000000000,0.9668480000,217.6143509631
274,100,0,5,100,100,0,0,14,105,685,100,100,0.0390566632,38.9705297546,20.0000000000,16.4113796598,1.0000000000,0.9692800000,217.0683393859
275,100,0,5,100,100,0,0,14,105,685,100,100,0.0404501778,38.9300795768,20.0000000000,16.4114597094,1.0000000000,0.9692800000,217.0683393859
276,100,0,2,100,100,0,0,14,102,394,100,100,0.0362284605,38.8938511162,50.0000000000,16.6638756634,1.0000000000,0.9656320000,217.8883881230
277,100,0,8,100,100,0,0,14,107,976,100,100,0.0448155737,38.8490355425,12.5000000000,16.1588870854,1.0000000000,0.9717120000,216.5250609234
278,100,0,6,100,100,0,0,14,106,782,100,100,0.0422810325,38.8067545100,16.6666666667,16.3272504010,1.0000000000,0.9704960000,216.7963597995
279,100,0,7,100,100,0,0,14,107,879,100,100,0.0426059937,38.7641485163,14.2857142857,16.2430454636,1.0000000000,0.9717120000,216.5250609234
280,100,0,1,100,100,0,0,14,101,297,100,100,0.0446641702,38.7194843460,100.0000000000,16.7482478594,1.0000000000,0.9644160000,218.1631163315
281,100,0,8,100,100,0,0,15,108,976,100,100,0.0437797238,38.6757046223,12.5000000000,16.1588843304,1.0000000000,0.9729280000,216.2544402052
282,100,0,10,100,100,0,0,15,110,1170,100,100,0.0472768133,38.6284278089,10.0000000000,15.9905621874,1.0000000000,0.9753600000,215.7152230971
283,100,0,3,100,100,0,0,15,103,491,100,100,0.0374318436,38.5909959654,33.3333333333,16.5797330925,1.0000000000,0.9668480000,217.6143509631
284,100,0,1,100,100,0,0,15,101,297,100,100,0.0366092460,38.5543867194,100.0000000000,16.7480608230,1.0000000000,0.9644160000,218.1631163315
285,100,0,6,100,100,0,0,15,106,782,100,100,0.0408670672,38.5135196521,16.6666666667,16.3272473122,1.0000000000,0.9704960000,216.7963597995
286,100,0,2,100,100,0,0,15,102,394,100,100,0.0361560332,38.4773636189,50.0000000000,16.6638836369,1.0000000000,0.9656320000,217.8883881230
287,100,0,4,100,100,0,0,15,104,588,100,100,0.0391353241,38.4382282948,25.0000000000,16.4955916007,1.0000000000,0.9680640000,217.3410022478
288,100,0,9,100,100,0,0,15,109,1073,100,100,0.0456934694,38.3925348254,11.1111111111,16.0747229487,1.0000000000,0.9741440000,215.9844951054
289,100,0,7,100,100,0,0,15,107,879,100,100,0.0428988180,38.3496360073,14.2857142857,16.2430643334,1.0000000000,0.9717120000,216.5250609234
290,100,0,6,100,100,0,0,15,106,782,100,100,0.0411923807,38.3084436266,16.6666666667,16.3272133923,1.0000000000,0.9704960000,216.7963597995
291,100,0,4,100,100,0,0,15,104,588,100,100,0.0418562736,38.2665873530,25.0000000000,16.4956252846,1.0000000000,0.9680640000,217.3410022478
292,100,0,7,100,100,0,0,15,107,879,100,100,0.0422571871,38.2243301659,14.2857142857,16.2430773496,1.0000000000,0.9717120000,216.5250609234
293,100,0,3,100,100,0,0,15,103,491,100,100,0.0385597775,38.1857703884,33.3333333333,16.5797667713,1.0000000000,0.9668480000,217.6143509631
294,100,0,3,100,100,0,0,15,103,491,100,100,0.0372378549,38.1485325335,33.3333333333,16.5796884938,1.0000000000,0.9668480000,217.6143509631
295,100,0,2,100,100,0,0,15,102,394,100,100,0.0389616739,38.1095708596,50.0000000000,16.6639853301,1.0000000000,0.9656320000,217.8883881230
296,100,0,5,100,100,0,0,15,105,685,100,100,0.0414241237,38.0681467359,20.0000000000,16.4114342884,1.0000000000,0.9692800000,217.0683393859
297,100,0,5,100,100,0,0,15,105,685,100,100,0.0423549184,38.0257918176,20.0000000000,16.4114506212,1.0000000000,0.9692800000,217.0683393859
298,100,0,2,100,100,0,0,15,102,394,100,100,0.0370072948,37.9887845227,50.0000000000,16.6639360891,1.0000000000,0.9656320000,217.8883881230
299,100,0,5,100,100,0,0,15,105,685,100,100,0.0396511975,37.9491333252,20.0000000000,16.4113942357,1.0000000000,0.9692800000,217.0683393859
300,100,0,8,100,100,0,0,15,108,976,100,100,0.0442542411,37.9048790841,12.5000000000,16.1588923510,1.0000000000,0.9729280000,216.2544402052
301,100,0,7,100,100,0,0,16,107,879,100,100,0.0420225919,37.8628564922,14.2857142857,16.2430598622,1.0000000000,0.9717120000,216.5250609234
302,100,0,5,100,100,0,0,16,105,685,100,100,0.0409829786,37.8218735135,20.0000000000,16.4113974448,1.0000000000,0.9692800000,217.0683393859
303,100,0,9,100,100,0,0,16,109,1073,100,100,0.0455962096,37.7762773040,11.1111111111,16.0747392381,1.0000000000,0.9741440000,215.9844951054
304,100,0,9,100,100,0,0,16,109,1073,100,100,0.0458264112,37.7304508927,11.1111111111,16.0747446407,1.0000000000,0.9741440000,215.9844951054
305,100,0,5,100,100,0,0,16,105,685,100,100,0.0401445677,37.6903063250,20.0000000000,16.4114125729,1.0000000000,0.9692800000,217.0683393859
306,100,0,3,100,100,0,0,16,103,491,100,100,0.0401687267,37.6501375983,33.3333333333,16.5797986819,1.0000000000,0.9668480000,217.6143509631
307,100,0,3,100,100,0,0,16,103,491,100,100,0.0372563116,37.6128812867,33.3333333333,16.5797108367,1.0000000000,0.9668480000,217.6143509631
308,100,0,5,100,100,0,0,16,105,685,100,100,0.0389669688,37.5739143179,20.0000000000,16.4114111144,1.0000000000,0.9692800000,217.0683393859
309,100,0,5,100,100,0,0,16,105,685,100,100,0.0401483547,37.5337659632,20.0000000000,16.4114133733,1.0000000000,0.9692800000,217.0683393859
310,100,0,5,100,100,0,0,16,105,685,100,100,0.0393549496,37.4944110136,20.0000000000,16.4113874260,1.0000000000,0.9692800000,217.0683393859
311,100,0,4,100,100,0,0,16,104,588,100,100,0.0380786691,37.4563323445,25.0000000000,16.4955309079,1.0000000000,0.9680640000,217.3410022478
312,100,0,6,100,100,0,0,16,106,782,100,100,0.0410121969,37.4153201476,16.6666666667,16.3271955346,1.0000000000,0.9704960000,216.7963597995
313,100,0,5,100,100,0,0,16,105,685,100,100,0.0394326650,37.3758874826,20.0000000000,16.4114094782,1.0000000000,0.9692800000,217.0683393859
314,100,0,7,100,100,0,0,16,107,879,100,100,0.0423502340,37.3335372486,14.2857142857,16.2430506360,1.0000000000,0.9717120000,216.5250609234
315,100,0,5,100,100,0,0,16,105,685,100,100,0.0400147470,37.2935225016,20.0000000000,16.4114049267,1.0000000000,0.9692800000,217.0683393859
316,100,0,2,100,100,0,0,16,102,394,100,100,0.0363419991,37.2571805025,50.0000000000,16.6638701410,1.0000000000,0.9656320000,217.8883881230
317,100,0,5,100,100,0,0,16,105,685,100,100,0.0399492499,37.2172312526,20.0000000000,16.4114207425,1.0000000000,0.9692800000,217.0683393859
318,100,0,4,100,100,0,0,16,104,588,100,100,0.0373688838,37.1798623687,25.0000000000,16.4955629703,1.0000000000,0.9680640000,217.3410022478
319,100,0,2,100,100,0,0,16,102,394,100,100,0.0367611182,37.1431012506,50.0000000000,16.6639043417,1.0000000000,0.9656320000,217.8883881230
320,100,0,4,100,100,0,0,16,104,588,100,100,0.0375729865,37.1055282641,25.0000000000,16.4955790241,1.0000000000,0.9680640000,217.3410022478
321,100,0,3,100,100,0,0,17,103,491,100,100,0.0387027240,37.0668255401,33.3333333333,16.5797888916,1.0000000000,0.9668480000,217.6143509631
322,100,0,10,100,100,0,0,17,110,1170,100,100,0.0469997573,37.0198257828,10.0000000000,15.9905544395,1.0000000000,0.9753600000,215.7152230971
323,100,0,6,100,100,0,0,17,106,782,100,100,0.0407701063,36.9790556765,16.6666666667,16.3271982416,1.0000000000,0.9704960000,216.7963597995
324,100,0,8,100,100,0,0,17,108,976,100,100,0.0437235131,36.9353321634,12.5000000000,16.1588883707,1.0000000000,0.9729280000,216.2544402052
325,100,0,4,100,100,0,0,17,104,588,100,100,0.0396646124,36.8956675510,25.0000000000,16.4955715100,1.0000000000,0.9680640000,217.3410022478
326,100,0,4,100,100,0,0,17,104,588,100,100,0.0401891222,36.8554784288,25.0000000000,16.4955874259,1.0000000000,0.9680640000,217.3410022478
327,100,0,7,100,100,0,0,17,107,879,100,100,0.0434830159,36.8119954129,14.2857142857,16.2431124527,1.0000000000,0.9717120000,216.5250609234
328,100,0,2,100,100,0,0,17,102,394,100,100,0.0377112983,36.7742841146,50.0000000000,16.6638941710,1.0000000000,0.9656320000,217.8883881230
329,100,0,8,100,100,0,0,17,108,976,100,100,0.0446354492,36.7296486654,12.5000000000,16.1589019993,1.0000000000,0.9729280000,216.2544402052
330,100,0,8,100,100,0,0,17,108,976,100,100,0.0440673522,36.6855813132,12.5000000000,16.1588913572,1.0000000000,0.9729280000,216.2544402052
331,100,0,5,100,100,0,0,17,105,685,100,100,0.0390257480,36.6465555652,20.0000000000,16.4113847676,1.0000000000,0.9692800000,217.0683393859
332,100,0,2,100,100,0,0,17,102,394,100,100,0.0370846561,36.6094709091,50.0000000000,16.6639025410,1.0000000000,0.9656320000,217.8883881230
333,100,0,2,100,100,0,0,17,102,394,100,100,0.0357137554,36.5737571537,50.0000000000,16.6638990376,1.0000000000,0.9656320000,217.8883881230
334,100,0,4,100,100,0,0,17,103,588,100,100,0.0389702917,36.5347868620,25.0000000000,16.4955907358,1.0000000000,0.9668480000,217.6143509631
335,100,0,4,100,100,0,0,17,104,588,100,100,0.0384770304,36.4963098316,25.0000000000,16.4955478528,1.0000000000,0.9680640000,217.3410022478
336,100,0,5,100,100,0,0,17,105,685,100,100,0.0392055756,36.4571042559,20.0000000000,16.4114263055,1.0000000000,0.9692800000,217.0683393859
337,100,0,4,100,100,0,0,17,104,588,100,100,0.0409507378,36.4161535181,25.0000000000,16.4956085711,1.0000000000,0.9680640000,217.3410022478
338,100,0,5,100,100,0,0,17,105,685,100,100,0.0400214567,36.3761320615,20.0000000000,16.4114387178,1.0000000000,0.9692800000,217.0683393859
339,100,0,5,100,100,0,0,17,105,685,100,100,0.0397714856,36.3363605759,20.0000000000,16.4114271521,1.0000000000,0.9692800000,217.0683393859
340,100,0,4,100,100,0,0,17,104,588,100,100,0.0385177419,36.2978428339,25.0000000000,16.4955812980,1.0000000000,0.9680640000,217.3410022478
341,100,0,4,100,100,0,0,18,104,588,100,100,0.0385387718,36.2593040622,25.0000000000,16.4955713840,1.0000000000,0.9680640000,217.3410022478
342,100,0,8,100,100,0,0,18,108,976,100,100,0.0443493756,36.2149546866,12.5000000000,16.1589233256,1.0000000000,0.9729280000,216.2544402052
343,100,0,2,100,100,0,0,18,102,394,100,100,0.0373506802,36.1776040064,50.0000000000,16.6639872088,1.0000000000,0.9656320000,217.8883881230
344,100,0,5,100,100,0,0,18,105,685,100,100,0.0397133736,36.1378906328,20.0000000000,16.4113905776,1.0000000000,0.9692800000,217.0683393859
345,100,0,3,100,100,0,0,18,103,491,100,100,0.0373170048,36.1005736281,33.3333333333,16.5797494829,1.0000000000,0.9668480000,217.6143509631
346,100,0,4,100,100,0,0,18,104,588,100,100,0.0396121448,36.0609614832,25.0000000000,16.4955450457,1.0000000000,0.9680640000,217.3410022478
347,100,0,7,100,100,0,0,18,107,879,100,100,0.0422870514,36.0186744318,14.2857142857,16.2430720031,1.0000000000,0.9717120000,216.5250609234
348,100,0,4,100,100,0,0,18,104,588,100,100,0.0382123051,35.9804621267,25.0000000000,16.4955869902,1.0000000000,0.9680640000,217.3410022478
349,100,0,7,100,100,0,0,18,107,879,100,100,0.0434895412,35.9369725855,14.2857142857,16.2430982032,1.0000000000,0.9717120000,216.5250609234
350,100,0,11,100,100,0,0,18,111,1267,100,100,0.0486563861,35.8883161994,9.0909090909,15.9064124464,1.0000000000,0.9765760000,215.4466216659
351,100,0,5,100,100,0,0,18,105,685,100,100,0.0403070870,35.8480091124,20.0000000000,16.4113721855,1.0000000000,0.9692800000,217.0683393859
352,100,0,8,100,100,0,0,18,108,976,100,100,0.0437146355,35.8042944769,12.5000000000,16.1588940794,1.0000000000,0.9729280000,216.2544402052
353,100,0,2,100,100,0,0,18,102,394,100,100,0.0357767074,35.7685177695,50.0000000000,16.6638900132,1.0000000000,0.9656320000,217.8883881230
354,100,0,5,100,100,0,0,18,105,685,100,100,0.0400975346,35.7284202349,20.0000000000,16.4113932321,1.0000000000,0.9692800000,217.0683393859
355,100,0,7,100,100,0,0,18,107,879,100,100,0.0423503235,35.6860699114,14.2857142857,16.2430491885,1.0000000000,0.9717120000,216.5250609234
356,100,0,5,100,100,0,0,18,105,685,100,100,0.0400120284,35.6460578830,20.0000000000,16.4114192772,1.0000000000,0.9692800000,217.0683393859
357,100,0,4,100,100,0,0,18,104,588,100,100,0.0383792102,35.6076786728,25.0000000000,16.4955685772,1.0000000000,0.9680640000,217.3410022478
358,100,0,4,100,100,0,0,18,104,588,100,100,0.0382260476,35.5694526251,25.0000000000,16.4955715928,1.0000000000,0.9680640000,217.3410022478
359,100,0,1,100,100,0,0,18,101,297,100,100,0.0362383384,35.5332142867,100.0000000000,16.7480506196,1.0000000000,0.9644160000,218.1631163315
360,100,0,4,100,100,0,0,18,104,588,100,100,0.0390020806,35.4942122061,25.0000000000,16.4956114281,1.0000000000,0.9680640000,217.3410022478
361,100,0,5,100,100,0,0,19,105,685,100,100,0.0388037482,35.4554084580,20.0000000000,16.4113560643,1.0000000000,0.9692800000,217.0683393859
362,100,0,4,100,100,0,0,19,104,588,100,100,0.0397593503,35.4156491077,25.0000000000,16.4955517273,1.0000000000,0.9680640000,217.3410022478
363,100,0,8,100,100,0,0,19,108,976,100,100,0.0444754100,35.3711736976,12.5000000000,16.1589075767,1.0000000000,0.9729280000,216.2544402052
364,100,0,6,100,100,0,0,19,106,782,100,100,0.0408414978,35.3303321999,16.6666666667,16.3272577878,1.0000000000,0.9704960000,216.7963597995
365,100,0,6,100,100,0,0,19,106,782,100,100,0.0408750022,35.2894571977,16.6666666667,16.3272676742,1.0000000000,0.9704960000,216.7963597995
366,100,0,3,100,100,0,0,19,103,491,100,100,0.0373552385,35.2521019592,33.3333333333,16.5797344568,1.0000000000,0.9668480000,217.6143509631
367,100,0,5,100,100,0,0,19,105,685,100,100,0.0393854111,35.2127165480,20.0000000000,16.4113683106,1.0000000000,0.9692800000,217.0683393859
368,100,0,6,100,100,0,0,19,106,782,100,100,0.0410483731,35.1716681750,16.6666666667,16.3272147718,1.0000000000,0.9704960000,216.7963597995
369,100,0,5,100,100,0,0,19,105,685,100,100,0.0410575440,35.1306106310,20.0000000000,16.4114591778,1.0000000000,0.9692800000,217.0683393859
370,100,0,5,100,100,0,0,19,105,685,100,100,0.0395384992,35.0910721318,20.0000000000,16.4113882669,1.0000000000,0.9692800000,217.0683393859
371,100,0,6,100,100,0,0,19,106,782,100,100,0.0419737375,35.0490983942,16.6666666667,16.3272693639,1.0000000000,0.9704960000,216.7963597995
372,100,0,3,100,100,0,0,19,103,491,100,100,0.0391756941,35.0099227001,33.3333333333,16.5797200915,1.0000000000,0.9668480000,217.6143509631
373,100,0,6,100,100,0,0,19,105,782,100,100,0.0429253452,34.9669973549,16.6666666667,16.3272872854,1.0000000000,0.9692800000,217.0683393859
374,100,0,6,100,100,0,0,19,106,782,100,100,0.0411489214,34.9258484335,16.6666666667,16.3272031375,1.0000000000,0.9704960000,216.7963597995
375,100,0,2,100,100,0,0,19,102,394,100,100,0.0393724156,34.8864760179,50.0000000000,16.6639745664,1.0000000000,0.9656320000,217.8883881230
376,100,0,4,100,100,0,0,19,104,588,100,100,0.0396912308,34.8467847871,25.0000000000,16.4956338715,1.0000000000,0.9680640000,217.3410022478
377,100,0,2,100,100,0,0,19,102,394,100,100,0.0358330730,34.8109517141,50.0000000000,16.6638973751,1.0000000000,0.9656320000,217.8883881230
378,100,0,5,100,100,0,0,19,105,685,100,100,0.0401548501,34.7707968640,20.0000000000,16.4114215807,1.0000000000,0.9692800000,217.0683393859
379,100,0,9,100,100,0,0,19,109,1073,100,100,0.0457775970,34.7250192670,11.1111111111,16.0747473063,1.0000000000,0.9741440000,215.9844951054
380,100,0,4,100,100,0,0,19,104,588,100,100,0.0380516861,34.6869675809,25.0000000000,16.4955249463,1.0000000000,0.9680640000,217.3410022478
381,100,0,3,100,100,0,0,20,103,491,100,100,0.0376524259,34.6493151549,33.3333333333,16.5797502258,1.0000000000,0.9668480000,217.6143509631
382,100,0,4,100,100,0,0,20,104,588,100,100,0.0379840018,34.6113311531,25.0000000000,16.4955577026,1.0000000000,0.9680640000,217.3410022478
383,100,0,5,100,100,0,0,20,105,685,100,100,0.0399199151,34.5714112380,20.0000000000,16.4113601932,1.0000000000,0.9692800000,217.0683393859
384,100,0,4,100,100,0,0,20,104,588,100,100,0.0377354461,34.5336757919,25.0000000000,16.4955585086,1.0000000000,0.9680640000,217.3410022478
385,100,0,6,100,100,0,0,20,106,782,100,100,0.0404455147,34.4932302772,16.6666666667,16.3272309230,1.0000000000,0.9704960000,216.7963597995
386,100,0,8,100,100,0,0,20,108,976,100,100,0.0439317261,34.4492985511,12.5000000000,16.1588943452,1.0000000000,0.9729280000,216.2544402052
387,100,0,3,100,100,0,0,20,103,491,100,100,0.0371121195,34.4121864316,33.3333333333,16.5797814312,1.0000000000,0.9668480000,217.6143509631
388,100,0,3,100,100,0,0,20,103,491,100,100,0.0381826344,34.3740037972,33.3333333333,16.5798169593,1.0000000000,0.9668480000,217.6143509631
389,100,0,7,100,100,0,0,20,107,879,100,100,0.0427864687,34.3312173285,14.2857142857,16.2430683458,1.0000000000,0.9717120000,216.5250609234
390,100,0,6,100,100,0,0,20,106,782,100,100,0.0409408520,34.2902764766,16.6666666667,16.3272199017,1.0000000000,0.9704960000,216.7963597995
391,100,0,3,100,100,0,0,20,103,491,100,100,0.0373047067,34.2529717698,33.3333333333,16.5797411345,1.0000000000,0.9668480000,217.6143509631
392,100,0,3,100,100,0,0,20,103,491,100,100,0.0376162949,34.2153554750,33.3333333333,16.5797446457,1.0000000000,0.9668480000,217.6143509631
393,100,0,6,100,100,0,0,20,106,782,100,100,0.0414381864,34.1739172886,16.6666666667,16.3272027351,1.0000000000,0.9704960000,216.7963597995
394,100,0,4,100,100,0,0,20,104,588,100,100,0.0380180287,34.1358992598,25.0000000000,16.4955474241,1.0000000000,0.9680640000,217.3410022478
395,100,0,9,100,100,0,0,20,109,1073,100,100,0.0453653151,34.0905339447,11.1111111111,16.0747437229,1.0000000000,0.9741440000,215.9844951054
396,100,0,5,100,100,0,0,20,105,685,100,100,0.0402901719,34.0502437728,20.0000000000,16.4114375919,1.0000000000,0.9692800000,217.0683393859
397,100,0,5,100,100,0,0,20,105,685,100,100,0.0394699325,34.0107738403,20.0000000000,16.4113751735,1.0000000000,0.9692800000,217.0683393859
398,100,0,9,100,100,0,0,20,109,1073,100,100,0.0455116247,33.9652622155,11.1111111111,16.0747537509,1.0000000000,0.9741440000,215.9844951054
399,100,0,5,100,100,0,0,20,105,685,100,100,0.0406621063,33.9246001092,20.0000000000,16.4113743861,1.0000000000,0.9692800000,217.0683393859
400,100,0,2,100,100,0,0,20,102,394,100,100,0.0358108296,33.8887892796,50.0000000000,16.6638790538,1.0000000000,0.9656320000,217.8883881230
401,100,0,8,100,100,0,0,21,107,976,100,100,0.0442020760,33.8445872036,12.5000000000,16.1589142143,1.0000000000,0.9717120000,216.5250609234
402,100,0,6,100,100,0,0,21,106,782,100,100,0.0414155719,33.8031716317,16.6666666667,16.3272470360,1.0000000000,0.9704960000,216.7963597995
403,100,0,4,100,100,0,0,21,104,588,100,100,0.0381473908,33.7650242409,25.0000000000,16.4955434905,1.0000000000,0.9680640000,217.3410022478
404,100,0,5,100,100,0,0,21,105,685,100,100,0.0403596270,33.7246646139,20.0000000000,16.4114075771,1.0000000000,0.9692800000,217.0683393859
405,100,0,5,100,100,0,0,21,105,685,100,100,0.0396358198,33.6850287941,20.0000000000,16.4114313696,1.0000000000,0.9692800000,217.0683393859
406,100,0,8,100,100,0,0,21,108,976,100,100,0.0436592779,33.6413695162,12.5000000000,16.1588997347,1.0000000000,0.9729280000,216.2544402052
407,100,0,3,100,100,0,0,21,103,491,100,100,0.0366636749,33.6047058413,33.3333333333,16.5797487095,1.0000000000,0.9668480000,217.6143509631
408,100,0,5,100,100,0,0,21,105,685,100,100,0.0397434208,33.5649624205,20.0000000000,16.4113861723,1.0000000000,0.9692800000,217.0683393859
409,100,0,3,100,100,0,0,21,103,491,100,100,0.0367791630,33.5281832575,33.3333333333,16.5796845782,1.0000000000,0.9668480000,217.6143509631
410,100,0,9,100,100,0,0,21,109,1073,100,100,0.0459097316,33.4822735259,11.1111111111,16.0747450938,1.0000000000,0.9741440000,215.9844951054
411,100,0,5,100,100,0,0,21,105,685,100,100,0.0388692949,33.4434042310,20.0000000000,16.4113981313,1.0000000000,0.9692800000,217.0683393859
412,100,0,5,100,100,0,0,21,105,685,100,100,0.0390382417,33.4043659893,20.0000000000,16.4113812622,1.0000000000,0.9692800000,217.0683393859
413,100,0,4,100,100,0,0,21,104,588,100,100,0.0382107679,33.3661552214,25.0000000000,16.4955572106,1.0000000000,0.9680640000,217.3410022478
414,100,0,4,100,100,0,0,21,104,588,100,100,0.0386938404,33.3274613811,25.0000000000,16.4955172955,1.0000000000,0.9680640000,217.3410022478
415,100,0,5,100,100,0,0,21,105,685,100,100,0.0428923530,33.2845690280,20.0000000000,16.4114503218,1.0000000000,0.9692800000,217.0683393859
416,100,0,4,100,100,0,0,21,104,588,100,100,0.0388635735,33.2457054546,25.0000000000,16.4956188660,1.0000000000,0.9680640000,217.3410022478
417,100,0,6,100,100,0,0,21,106,782,100,100,0.0413267652,33.2043786894,16.6666666667,16.3272360115,1.0000000000,0.9704960000,216.7963597995
418,100,0,4,100,100,0,0,21,104,588,100,100,0.0397449995,33.1646336899,25.0000000000,16.4955613668,1.0000000000,0.9680640000,217.3410022478
419,100,0,5,100,100,0,0,21,105,685,100,100,0.0391272313,33.1255064585,20.0000000000,16.4113653026,1.0000000000,0.9692800000,217.0683393859
420,100,0,2,100,100,0,0,21,102,394,100,100,0.0383871447,33.0871193138,50.0000000000,16.6639707553,1.0000000000,0.9656320000,217.8883881230
421,100,0,3,100,100,0,0,22,103,491,100,100,0.0366814881,33.0504378257,33.3333333333,16.5797484837,1.0000000000,0.9668480000,217.6143509631
422,100,0,1,100,100,0,0,22,101,297,100,100,0.0414220723,33.0090157533,100.0000000000,16.7481807015,1.0000000000,0.9644160000,218.1631163315
423,100,0,8,100,100,0,0,22,108,976,100,100,0.0440074347,32.9650083186,12.5000000000,16.1589108325,1.0000000000,0.9729280000,216.2544402052
424,100,0,8,100,100,0,0,22,108,976,100,100,0.0439698109,32.9210385077,12.5000000000,16.1589061211,1.0000000000,0.9729280000,216.2544402052
425,100,0,4,100,100,0,0,22,104,588,100,100,0.0377679229,32.8832705849,25.0000000000,16.4955347688,1.0000000000,0.9680640000,217.3410022478
426,100,0,11,100,100,0,0,22,111,1267,100,100,0.0489311661,32.8343394187,9.0909090909,15.9064187634,1.0000000000,0.9765760000,215.4466216659
427,100,0,2,100,100,0,0,22,102,394,100,100,0.0375650750,32.7967743437,50.0000000000,16.6639411991,1.0000000000,0.9656320000,217.8883881230
428,100,0,7,100,100,0,0,22,107,879,100,100,0.0426346472,32.7541396965,14.2857142857,16.2430682181,1.0000000000,0.9717120000,216.5250609234
429,100,0,5,100,100,0,0,22,105,685,100,100,0.0390001803,32.7151395162,20.0000000000,16.4113778235,1.0000000000,0.9692800000,217.0683393859
430,100,0,3,100,100,0,0,22,103,491,100,100,0.0382942930,32.6768452232,33.3333333333,16.5798041892,1.0000000000,0.9668480000,217.6143509631
431,100,0,4,100,100,0,0,22,104,588,100,100,0.0388904250,32.6379547982,25.0000000000,16.4956227509,1.0000000000,0.9680640000,217.3410022478
432,100,0,2,100,100,0,0,22,102,394,100,100,0.0354703490,32.6024844491,50.0000000000,16.6638912375,1.0000000000,0.9656320000,217.8883881230
433,100,0,4,100,100,0,0,22,104,588,100,100,0.0387803597,32.5637040894,25.0000000000,16.4955305536,1.0000000000,0.9680640000,217.3410022478
434,100,0,7,100,100,0,0,22,107,879,100,100,0.0428546945,32.5208493949,14.2857142857,16.2430730485,1.0000000000,0.9717120000,216.5250609234
435,100,0,7,100,100,0,0,22,107,879,100,100,0.0426270767,32.4782223182,14.2857142857,16.2430431732,1.0000000000,0.9717120000,216.5250609234
436,100,0,5,100,100,0,0,22,105,685,100,100,0.0389837075,32.4392386107,20.0000000000,16.4113591776,1.0000000000,0.9692800000,217.0683393859
437,100,0,7,100,100,0,0,22,107,879,100,100,0.0420236081,32.3972150026,14.2857142857,16.2430528691,1.0000000000,0.9717120000,216.5250609234
438,100,0,3,100,100,0,0,22,103,491,100,100,0.0388156029,32.3583993996,33.3333333333,16.5797412226,1.0000000000,0.9668480000,217.6143509631
439,100,0,6,100,100,0,0,22,106,782,100,100,0.0448780943,32.3135213053,16.6666666667,16.3273324839,1.0000000000,0.9704960000,216.7963597995
440,100,0,3,100,100,0,0,22,103,491,100,100,0.0408556426,32.2726656627,33.3333333333,16.5797993579,1.0000000000,0.9668480000,217.6143509631
441,100,0,4,100,100,0,0,23,104,588,100,100,0.0383910644,32.2342745982,25.0000000000,16.4955273807,1.0000000000,0.9680640000,217.3410022478
442,100,0,5,100,100,0,0,23,104,685,100,100,0.0404892198,32.1937853784,20.0000000000,16.4114077842,1.0000000000,0.9680640000,217.3410022478
443,100,0,5,100,100,0,0,23,105,685,100,100,0.0393101809,32.1544751975,20.0000000000,16.4113885605,1.0000000000,0.9692800000,217.0683393859
444,100,0,9,100,100,0,0,23,108,1073,100,100,0.0454524143,32.1090227832,11.1111111111,16.0747578206,1.0000000000,0.9729280000,216.2544402052
445,100,0,2,100,100,0,0,23,102,394,100,100,0.0367524902,32.0722702931,50.0000000000,16.6638732596,1.0000000000,0.9656320000,217.8883881230
446,100,0,5,100,100,0,0,23,105,685,100,100,0.0396822091,32.0325880839,20.0000000000,16.4113951511,1.0000000000,0.9692800000,217.0683393859
447,100,0,9,100,100,0,0,23,109,1073,100,100,0.0454579994,31.9871300845,11.1111111111,16.0747505014,1.0000000000,0.9741440000,215.9844951054
448,100,0,5,100,100,0,0,23,105,685,100,100,0.0392014953,31.9479285892,20.0000000000,16.4113920093,1.0000000000,0.9692800000,217.0683393859
449,100,0,3,100,100,0,0,23,103,491,100,100,0.0398627653,31.9080658239,33.3333333333,16.5797921707,1.0000000000,0.9668480000,217.6143509631
450,100,0,8,100,100,0,0,23,108,976,100,100,0.0442121444,31.8638536796,12.5000000000,16.1588994347,1.0000000000,0.9729280000,216.2544402052
451,100,0,7,100,100,0,0,23,107,879,100,100,0.0423272745,31.8215264051,14.2857142857,16.2430512293,1.0000000000,0.9717120000,216.5250609234
452,100,0,4,100,100,0,0,23,104,588,100,100,0.0408363655,31.7806900396,25.0000000000,16.4956511414,1.0000000000,0.9680640000,217.3410022478
453,100,0,1,100,100,0,0,23,101,297,100,100,0.0368338167,31.7438562229,100.0000000000,16.7480671728,1.0000000000,0.9644160000,218.1631163315
454,100,0,1,100,100,0,0,23,101,297,100,100,0.0370504795,31.7068057433,100.0000000000,16.7480735757,1.0000000000,0.9644160000,218.1631163315
455,100,0,8,100,100,0,0,23,108,976,100,100,0.0441151234,31.6626906199,12.5000000000,16.1589256939,1.0000000000,0.9729280000,216.2544402052
456,100,0,5,100,100,0,0,23,105,685,100,100,0.0390783994,31.6236122205,20.0000000000,16.4114122536,1.0000000000,0.9692800000,217.0683393859
457,100,0,6,100,100,0,0,23,106,782,100,100,0.0412469429,31.5823652776,16.6666666667,16.3272445927,1.0000000000,0.9704960000,216.7963597995
458,100,0,3,100,100,0,0,23,103,491,100,100,0.0370040262,31.5453612515,33.3333333333,16.5796940054,1.0000000000,0.9668480000,217.6143509631
459,100,0,4,100,100,0,0,23,104,588,100,100,0.0381240300,31.5072372215,25.0000000000,16.4955444660,1.0000000000,0.9680640000,217.3410022478
460,100,0,6,100,100,0,0,23,106,782,100,100,0.0409893359,31.4662478855,16.6666666667,16.3272054105,1.0000000000,0.9704960000,216.7963597995
461,100,0,6,100,100,0,0,24,106,782,100,100,0.0409375966,31.4253102890,16.6666666667,16.3272354949,1.0000000000,0.9704960000,216.7963597995
462,100,0,3,100,100,0,0,24,103,491,100,100,0.0402284135,31.3850818755,33.3333333333,16.5798361435,1.0000000000,0.9668480000,217.6143509631
463,100,0,3,100,100,0,0,24,103,491,100,100,0.0387541454,31.3463277301,33.3333333333,16.5797710796,1.0000000000,0.9668480000,217.6143509631
464,100,0,5,100,100,0,0,24,105,685,100,100,0.0400720425,31.3062556876,20.0000000000,16.4113702369,1.0000000000,0.9692800000,217.0683393859
465,100,0,4,100,100,0,0,24,104,588,100,100,0.0387888783,31.2674668093,25.0000000000,16.4955636072,1.0000000000,0.9680640000,217.3410022478
466,100,0,5,100,100,0,0,24,105,685,100,100,0.0390609899,31.2284058194,20.0000000000,16.4113956951,1.0000000000,0.9692800000,217.0683393859
467,100,0,8,100,100,0,0,24,108,976,100,100,0.0437815984,31.1846242210,12.5000000000,16.1588793068,1.0000000000,0.9729280000,216.2544402052
468,100,0,6,100,100,0,0,24,106,782,100,100,0.0406370971,31.1439871239,16.6666666667,16.3272223572,1.0000000000,0.9704960000,216.7963597995
469,100,0,6,100,100,0,0,24,106,782,100,100,0.0411175381,31.1028695858,16.6666666667,16.3272230489,1.0000000000,0.9704960000,216.7963597995
470,100,0,9,100,100,0,0,24,109,1073,100,100,0.0457223404,31.0571472455,11.1111111111,16.0747295037,1.0000000000,0.9741440000,215.9844951054
471,100,0,5,100,100,0,0,24,105,685,100,100,0.0394316374,31.0177156080,20.0000000000,16.4113879171,1.0000000000,0.9692800000,217.0683393859
472,100,0,10,100,100,0,0,24,110,1170,100,100,0.0473440326,30.9703715754,10.0000000000,15.9905699248,1.0000000000,0.9753600000,215.7152230971
473,100,0,2,100,100,0,0,24,102,394,100,100,0.0391472875,30.9312242879,50.0000000000,16.6639659358,1.0000000000,0.9656320000,217.8883881230
474,100,0,3,100,100,0,0,24,103,491,100,100,0.0386186669,30.8926056209,33.3333333333,16.5797563560,1.0000000000,0.9668480000,217.6143509631
475,100,0,5,100,100,0,0,24,105,685,100,100,0.0392462777,30.8533593432,20.0000000000,16.4114024771,1.0000000000,0.9692800000,217.0683393859
476,100,0,4,100,100,0,0,24,104,588,100,100,0.0387542630,30.8146050802,25.0000000000,16.4955297433,1.0000000000,0.9680640000,217.3410022478
477,100,0,6,100,100,0,0,24,106,782,100,100,0.0410771091,30.7735279710,16.6666666667,16.3272701110,1.0000000000,0.9704960000,216.7963597995
478,100,0,3,100,100,0,0,24,103,491,100,100,0.0390722469,30.7344557241,33.3333333333,16.5798158839,1.0000000000,0.9668480000,217.6143509631
479,100,0,3,100,100,0,0,24,103,491,100,100,0.0372519017,30.6972038224,33.3333333333,16.5797652774,1.0000000000,0.9668480000,217.6143509631
480,100,0,4,100,100,0,0,24,104,588,100,100,0.0396895470,30.6575142754,25.0000000000,16.4955849011,1.0000000000,0.9680640000,217.3410022478
481,100,0,3,100,100,0,0,25,103,491,100,100,0.0369147734,30.6205995020,33.3333333333,16.5797345405,1.0000000000,0.9668480000,217.6143509631
482,100,0,4,100,100,0,0,25,104,588,100,100,0.0375193629,30.5830801390,25.0000000000,16.4955283886,1.0000000000,0.9680640000,217.3410022478
483,100,0,10,100,100,0,0,25,110,1170,100,100,0.0481721462,30.5349079928,10.0000000000,15.9905852810,1.0000000000,0.9753600000,215.7152230971
484,100,0,5,100,100,0,0,25,105,685,100,100,0.0393401005,30.4955678923,20.0000000000,16.4114082910,1.0000000000,0.9692800000,217.0683393859
485,100,0,1,100,100,0,0,25,101,297,100,100,0.0461210313,30.4494468609,100.0000000000,16.7482666163,1.0000000000,0.9644160000,218.1631163315
486,100,0,5,100,100,0,0,25,105,685,100,100,0.0392916544,30.4101552065,20.0000000000,16.4113978853,1.0000000000,0.9692800000,217.0683393859
487,100,0,6,100,100,0,0,25,106,782,100,100,0.0410751029,30.3690801036,16.6666666667,16.3272290798,1.0000000000,0.9704960000,216.7963597995
488,100,0,7,100,100,0,0,25,107,879,100,100,0.0421715720,30.3269085316,14.2857142857,16.2430652022,1.0000000000,0.9717120000,216.5250609234
489,100,0,6,100,100,0,0,25,106,782,100,100,0.0410786897,30.2858298419,16.6666666667,16.3272219879,1.0000000000,0.9704960000,216.7963597995
490,100,0,6,100,100,0,0,25,106,782,100,100,0.0406625626,30.2451672792,16.6666666667,16.3272176390,1.0000000000,0.9704960000,216.7963597995
491,100,0,8,100,100,0,0,25,108,976,100,100,0.0449437458,30.2002235334,12.5000000000,16.1589073308,1.0000000000,0.9729280000,216.2544402052
492,100,0,5,100,100,0,0,25,105,685,100,100,0.0400350408,30.1601884926,20.0000000000,16.4114049157,1.0000000000,0.9692800000,217.0683393859
493,100,0,4,100,100,0,0,25,104,588,100,100,0.0382807377,30.1219077549,25.0000000000,16.4955682448,1.0000000000,0.9680640000,217.3410022478
494,100,0,5,100,100,0,0,25,105,685,100,100,0.0403928687,30.0815148863,20.0000000000,16.4113727161,1.0000000000,0.9692800000,217.0683393859
495,100,0,3,100,100,0,0,25,103,491,100,100,0.0411846931,30.0403301931,33.3333333333,16.5798209230,1.0000000000,0.9668480000,217.6143509631
496,100,0,3,100,100,0,0,25,103,491,100,100,0.0370602166,30.0032699765,33.3333333333,16.5797418751,1.0000000000,0.9668480000,217.6143509631
497,100,0,6,100,100,0,0,25,106,782,100,100,0.0409772877,29.9622926889,16.6666666667,16.3272078851,1.0000000000,0.9704960000,216.7963597995
498,100,0,1,100,100,0,0,25,101,297,100,100,0.0456880843,29.9166046046,100.0000000000,16.7482422173,1.0000000000,0.9644160000,218.1631163315
499,100,0,8,100,100,0,0,25,107,976,100,100,0.0441624913,29.8724421133,12.5000000000,16.1589206199,1.0000000000,0.9717120000,216.5250609234
500,100,0,4,100,100,0,0,25,104,588,100,100,0.0380644966,29.8343776166,25.0000000000,16.4955351389,1.0000000000,0.9680640000,217.3410022478
501,100,0,3,100,100,0,0,26,103,491,100,100,0.0378329198,29.7965446968,33.3333333333,16.5798039575,1.0000000000,0.9668480000,217.6143509631
502,100,0,5,100,100,0,0,26,105,685,100,100,0.0395111644,29.7570335324,20.0000000000,16.4113909163,1.0000000000,0.9692800000,217.0683393859
503,100,0,2,100,100,0,0,26,102,394,100,100,0.0397186955,29.7173148369,50.0000000000,16.6639671992,1.0000000000,0.9656320000,217.8883881230
504,100,0,8,100,100,0,0,26,107,976,100,100,0.0463733855,29.6709414514,12.5000000000,16.1589775377,1.0000000000,0.9717120000,216.5250609234
505,100,0,5,100,100,0,0,26,105,685,100,100,0.0397204989,29.6312209524,20.0000000000,16.4113685765,1.0000000000,0.9692800000,217.0683393859
506,100,0,5,100,100,0,0,26,105,685,100,100,0.0400378555,29.5911830969,20.0000000000,16.4113910663,1.0000000000,0.9692800000,217.0683393859
507,100,0,5,100,100,0,0,26,105,685,100,100,0.0392737719,29.5519093250,20.0000000000,16.4113962993,1.0000000000,0.9692800000,217.0683393859
508,100,0,3,100,100,0,0,26,103,491,100,100,0.0374156232,29.5144937019,33.3333333333,16.5797200811,1.0000000000,0.9668480000,217.6143509631
509,100,0,5,100,100,0,0,26,105,685,100,100,0.0401320774,29.4743616244,20.0000000000,16.4114211716,1.0000000000,0.9692800000,217.0683393859
510,100,0,2,100,100,0,0,26,102,394,100,100,0.0379240686,29.4364375558,50.0000000000,16.6638997724,1.0000000000,0.9656320000,217.8883881230
511,100,0,8,100,100,0,0,26,108,976,100,100,0.0436158390,29.3928217168,12.5000000000,16.1588974269,1.0000000000,0.9729280000,216.2544402052
512,100,0,7,100,100,0,0,26,107,879,100,100,0.0424171262,29.3504045906,14.2857142857,16.2430537111,1.0000000000,0.9717120000,216.5250609234
513,100,0,5,100,100,0,0,26,105,685,100,100,0.0424138215,29.3079907691,20.0000000000,16.4115012136,1.0000000000,0.9692800000,217.0683393859
514,100,0,9,100,100,0,0,26,108,1073,100,100,0.0462848040,29.2617059651,11.1111111111,16.0747498190,1.0000000000,0.9729280000,216.2544402052
515,100,0,1,100,100,0,0,26,101,297,100,100,0.0409250774,29.2207808877,100.0000000000,16.7481703916,1.0000000000,0.9644160000,218.1631163315
516,100,0,1,100,100,0,0,26,101,297,100,100,0.0483836934,29.1723971943,100.0000000000,16.7482732012,1.0000000000,0.9644160000,218.1631163315
517,100,0,3,100,100,0,0,26,103,491,100,100,0.0371627201,29.1352344742,33.3333333333,16.5797064145,1.0000000000,0.9668480000,217.6143509631
518,100,0,11,100,100,0,0,26,111,1267,100,100,0.0488464739,29.0863880003,9.0909090909,15.9064064546,1.0000000000,0.9765760000,215.4466216659
519,100,0,6,100,100,0,0,26,106,782,100,100,0.0411873102,29.0452006901,16.6666666667,16.3272152845,1.0000000000,0.9704960000,216.7963597995
520,100,0,6,100,100,0,0,26,106,782,100,100,0.0416214560,29.0035792340,16.6666666667,16.3272081192,1.0000000000,0.9704960000,216.7963597995
521,100,0,8,100,100,0,0,27,108,976,100,100,0.0446185148,28.9589607192,12.5000000000,16.1589307459,1.0000000000,0.9729280000,216.2544402052
522,100,0,5,100,100,0,0,27,105,685,100,100,0.0391293730,28.9198313462,20.0000000000,16.4113925004,1.0000000000,0.9692800000,217.0683393859
523,100,0,5,100,100,0,0,27,105,685,100,100,0.0398370347,28.8799943115,20.0000000000,16.4114078782,1.0000000000,0.9692800000,217.0683393859
524,100,0,5,100,100,0,0,27,105,685,100,100,0.0389549636,28.8410393480,20.0000000000,16.4113683104,1.0000000000,0.9692800000,217.0683393859
525,100,0,4,100,100,0,0,27,104,588,100,100,0.0379773845,28.8030619635,25.0000000000,16.4955583982,1.0000000000,0.9680640000,217.3410022478
526,100,0,4,100,100,0,0,27,104,588,100,100,0.0410567008,28.7620052627,25.0000000000,16.4956438752,1.0000000000,0.9680640000,217.3410022478
527,100,0,7,100,100,0,0,27,107,879,100,100,0.0426832388,28.7193220239,14.2857142857,16.2430412190,1.0000000000,0.9717120000,216.5250609234
528,100,0,3,100,100,0,0,27,103,491,100,100,0.0370708576,28.6822511663,33.3333333333,16.5797082964,1.0000000000,0.9668480000,217.6143509631
529,100,0,6,100,100,0,0,27,106,782,100,100,0.0414263457,28.6408248206,16.6666666667,16.3272284759,1.0000000000,0.9704960000,216.7963597995
530,100,0,3,100,100,0,0,27,103,491,100,100,0.0396064320,28.6012183885,33.3333333333,16.5797952966,1.0000000000,0.9668480000,217.6143509631
531,100,0,6,100,100,0,0,27,106,782,100,100,0.0407359956,28.5604823929,16.6666666667,16.3272349278,1.0000000000,0.9704960000,216.7963597995
532,100,0,5,100,100,0,0,27,105,685,100,100,0.0395215593,28.5209608336,20.0000000000,16.4113867026,1.0000000000,0.9692800000,217.0683393859
533,100,0,6,100,100,0,0,27,106,782,100,100,0.0412885175,28.4796723160,16.6666666667,16.3272160608,1.0000000000,0.9704960000,216.7963597995
534,100,0,5,100,100,0,0,27,105,685,100,100,0.0390498358,28.4406224803,20.0000000000,16.4114095074,1.0000000000,0.9692800000,217.0683393859
535,100,0,3,100,100,0,0,27,103,491,100,100,0.0393957998,28.4012266805,33.3333333333,16.5797712119,1.0000000000,0.9668480000,217.6143509631
536,100,0,6,100,100,0,0,27,106,782,100,100,0.0404939987,28.3607326818,16.6666666667,16.3272250420,1.0000000000,0.9704960000,216.7963597995
537,100,0,7,100,100,0,0,27,107,879,100,100,0.0424663760,28.3182663058,14.2857142857,16.2430632750,1.0000000000,0.9717120000,216.5250609234
538,100,0,8,100,100,0,0,27,108,976,100,100,0.0441890401,28.2740772656,12.5000000000,16.1588994381,1.0000000000,0.9729280000,216.2544402052
539,100,0,1,100,100,0,0,27,101,297,100,100,0.0392878916,28.2347893741,100.0000000000,16.7481396803,1.0000000000,0.9644160000,218.1631163315
540,100,0,3,100,100,0,0,27,103,491,100,100,0.0373841972,28.1974051769,33.3333333333,16.5797099662,1.0000000000,0.9668480000,217.6143509631
541,100,0,5,100,100,0,0,28,105,685,100,100,0.0394425453,28.1579626316,20.0000000000,16.4114180434,1.0000000000,0.9692800000,217.0683393859
542,100,0,2,100,100,0,0,28,102,394,100,100,0.0384303037,28.1195323279,50.0000000000,16.6639919293,1.0000000000,0.9656320000,217.8883881230
543,100,0,8,100,100,0,0,28,107,976,100,100,0.0440310482,28.0755012797,12.5000000000,16.1589178465,1.0000000000,0.9717120000,216.5250609234
544,100,0,4,100,100,0,0,28,104,588,100,100,0.0389477626,28.0365535171,25.0000000000,16.4955936577,1.0000000000,0.9680640000,217.3410022478
545,100,0,1,100,100,0,0,28,101,297,100,100,0.0426903767,27.9938631403,100.0000000000,16.7482099104,1.0000000000,0.9644160000,218.1631163315
546,100,0,8,100,100,0,0,28,108,976,100,100,0.0440077328,27.9498554075,12.5000000000,16.1588847749,1.0000000000,0.9729280000,216.2544402052
547,100,0,6,100,100,0,0,28,106,782,100,100,0.0407806575,27.9090747500,16.6666666667,16.3272125584,1.0000000000,0.9704960000,216.7963597995
548,100,0,9,100,100,0,0,28,109,1073,100,100,0.0453837486,27.8636910014,11.1111111111,16.0747313731,1.0000000000,0.9741440000,215.9844951054
549,100,0,6,100,100,0,0,28,106,782,100,100,0.0411916344,27.8224993670,16.6666666667,16.3272424059,1.0000000000,0.9704960000,216.7963597995
550,100,0,2,100,100,0,0,28,102,394,100,100,0.0371961015,27.7853032654,50.0000000000,16.6639700949,1.0000000000,0.9656320000,217.8883881230
551,100,0,7,100,100,0,0,28,107,879,100,100,0.0422236470,27.7430796184,14.2857142857,16.2430529268,1.0000000000,0.9717120000,216.5250609234
552,100,0,1,100,100,0,0,28,101,297,100,100,0.0369678616,27.7061117568,100.0000000000,16.7480706793,1.0000000000,0.9644160000,218.1631163315
553,100,0,1,100,100,0,0,28,101,297,100,100,0.0421144816,27.6639972752,100.0000000000,16.7481981559,1.0000000000,0.9644160000,218.1631163315
554,100,0,8,100,100,0,0,28,108,976,100,100,0.0440222693,27.6199750059,12.5000000000,16.1588888193,1.0000000000,0.9729280000,216.2544402052
555,100,0,7,100,100,0,0,28,107,879,100,100,0.0422824385,27.5776925673,14.2857142857,16.2430553258,1.0000000000,0.9717120000,216.5250609234
556,100,0,10,100,100,0,0,28,109,1170,100,100,0.0469707167,27.5307218507,10.0000000000,15.9905678783,1.0000000000,0.9741440000,215.9844951054
557,100,0,7,100,100,0,0,28,107,879,100,100,0.0424261631,27.4882956876,14.2857142857,16.2430475117,1.0000000000,0.9717120000,216.5250609234
558,100,0,1,100,100,0,0,28,101,297,100,100,0.0442492720,27.4440464156,100.0000000000,16.7482301124,1.0000000000,0.9644160000,218.1631163315
559,100,0,4,100,100,0,0,28,104,588,100,100,0.0392078895,27.4048385261,25.0000000000,16.4955832672,1.0000000000,0.9680640000,217.3410022478
560,100,0,3,100,100,0,0,28,103,491,100,100,0.0393621955,27.3654763307,33.3333333333,16.5797762716,1.0000000000,0.9668480000,217.6143509631
561,100,0,7,100,100,0,0,29,107,879,100,100,0.0424448724,27.3230314583,14.2857142857,16.2430601653,1.0000000000,0.9717120000,216.5250609234
562,100,0,7,100,100,0,0,29,107,879,100,100,0.0426012158,27.2804302424,14.2857142857,16.2430604565,1.0000000000,0.9717120000,216.5250609234
563,100,0,7,100,100,0,0,29,107,879,100,100,0.0431281040,27.2373021384,14.2857142857,16.2430589066,1.0000000000,0.9717120000,216.5250609234
564,100,0,2,100,100,0,0,29,102,394,100,100,0.0359619003,27.2013402382,50.0000000000,16.6638834821,1.0000000000,0.9656320000,217.8883881230
565,100,0,3,100,100,0,0,29,103,491,100,100,0.0366060439,27.1647341943,33.3333333333,16.5797001584,1.0000000000,0.9668480000,217.6143509631
566,100,0,4,100,100,0,0,29,104,588,100,100,0.0390179730,27.1257162212,25.0000000000,16.4955465531,1.0000000000,0.9680640000,217.3410022478
567,100,0,8,100,100,0,0,29,108,976,100,100,0.0441083140,27.0816079072,12.5000000000,16.1589186535,1.0000000000,0.9729280000,216.2544402052
568,100,0,8,100,100,0,0,29,107,976,100,100,0.0442444478,27.0373634594,12.5000000000,16.1588845758,1.0000000000,0.9717120000,216.5250609234
569,100,0,3,100,100,0,0,29,103,491,100,100,0.0378384198,26.9995250396,33.3333333333,16.5797497599,1.0000000000,0.9668480000,217.6143509631
570,100,0,5,100,100,0,0,29,105,685,100,100,0.0409500064,26.9585750332,20.0000000000,16.4114469821,1.0000000000,0.9692800000,217.0683393859
571,100,0,10,100,100,0,0,29,108,1170,100,100,0.0473897925,26.9111852407,10.0000000000,15.9905612677,1.0000000000,0.9729280000,216.2544402052
572,100,0,1,100,100,0,0,29,101,297,100,100,0.0398835434,26.8713016974,100.0000000000,16.7481711256,1.0000000000,0.9644160000,218.1631163315
573,100,0,4,100,100,0,0,29,104,588,100,100,0.0385056096,26.8327960877,25.0000000000,16.4955199535,1.0000000000,0.9680640000,217.3410022478
574,100,0,7,100,100,0,0,29,107,879,100,100,0.0421947404,26.7906013473,14.2857142857,16.2430443480,1.0000000000,0.9717120000,216.5250609234
575,100,0,4,100,100,0,0,29,104,588,100,100,0.0399476492,26.7506536981,25.0000000000,16.4955616324,1.0000000000,0.9680640000,217.3410022478
576,100,0,3,100,100,0,0,29,103,491,100,100,0.0373843297,26.7132693684,33.3333333333,16.5797944811,1.0000000000,0.9668480000,217.6143509631
577,100,0,7,100,100,0,0,29,107,879,100,100,0.0437025563,26.6695668121,14.2857142857,16.2430910143,1.0000000000,0.9717120000,216.5250609234
578,100,0,2,100,100,0,0,29,102,394,100,100,0.0366222081,26.6329446041,50.0000000000,16.6639502973,1.0000000000,0.9656320000,217.8883881230
579,100,0,4,100,100,0,0,29,104,588,100,100,0.0384190920,26.5945255121,25.0000000000,16.4955967988,1.0000000000,0.9680640000,217.3410022478
580,100,0,4,100,100,0,0,29,104,588,100,100,0.0398548590,26.5546706531,25.0000000000,16.4956180279,1.0000000000,0.9680640000,217.3410022478
581,100,0,5,100,100,0,0,30,105,685,100,100,0.0401683900,26.5145022631,20.0000000000,16.4113905038,1.0000000000,0.9692800000,217.0683393859
582,100,0,5,100,100,0,0,30,105,685,100,100,0.0391102883,26.4753919748,20.0000000000,16.4113945060,1.0000000000,0.9692800000,217.0683393859
583,100,0,9,100,100,0,0,30,109,1073,100,100,0.0458571659,26.4295348089,11.1111111111,16.0747532684,1.0000000000,0.9741440000,215.9844951054
584,100,0,7,100,100,0,0,30,107,879,100,100,0.0434271539,26.3861076550,14.2857142857,16.2430783547,1.0000000000,0.9717120000,216.5250609234
585,100,0,6,100,100,0,0,30,106,782,100,100,0.0411721970,26.3449354580,16.6666666667,16.3272032006,1.0000000000,0.9704960000,216.7963597995
586,100,0,5,100,100,0,0,30,105,685,100,100,0.0398790931,26.3050563649,20.0000000000,16.4113906533,1.0000000000,0.9692800000,217.0683393859
587,100,0,5,100,100,0,0,30,105,685,100,100,0.0410879941,26.2639683709,20.0000000000,16.4114558272,1.0000000000,0.9692800000,217.0683393859
588,100,0,7,100,100,0,0,30,107,879,100,100,0.0424032139,26.2215651569,14.2857142857,16.2430706230,1.0000000000,0.9717120000,216.5250609234
589,100,0,5,100,100,0,0,30,105,685,100,100,0.0394454613,26.1821196956,20.0000000000,16.4113894309,1.0000000000,0.9692800000,217.0683393859
590,100,0,7,100,100,0,0,30,107,879,100,100,0.0426197800,26.1394999156,14.2857142857,16.2430573175,1.0000000000,0.9717120000,216.5250609234
591,100,0,5,100,100,0,0,30,105,685,100,100,0.0393122067,26.1001877088,20.0000000000,16.4113891804,1.0000000000,0.9692800000,217.0683393859
592,100,0,3,100,100,0,0,30,103,491,100,100,0.0391025921,26.0610851168,33.3333333333,16.5798018173,1.0000000000,0.9668480000,217.6143509631
593,100,0,1,100,100,0,0,30,101,297,100,100,0.0381443316,26.0229407852,100.0000000000,16.7481165379,1.0000000000,0.9644160000,218.1631163315
594,100,0,6,100,100,0,0,30,105,782,100,100,0.0410990297,25.9818417555,16.6666666667,16.3272294005,1.0000000000,0.9692800000,217.0683393859
595,100,0,1,100,100,0,0,30,101,297,100,100,0.0435408024,25.9383009531,100.0000000000,16.7482196302,1.0000000000,0.9644160000,218.1631163315
596,100,0,6,100,100,0,0,30,106,782,100,100,0.0417281126,25.8965728405,16.6666666667,16.3272426461,1.0000000000,0.9704960000,216.7963597995
597,100,0,1,100,100,0,0,30,101,297,100,100,0.0414220723,25.8551507681,100.0000000000,16.7481807015,1.0000000000,0.9644160000,218.1631163315
598,100,0,5,100,100,0,0,30,105,685,100,100,0.0404689693,25.8146817988,20.0000000000,16.4113861124,1.0000000000,0.9692800000,217.0683393859
599,100,0,6,100,100,0,0,30,106,782,100,100,0.0403714977,25.7743103011,16.6666666667,16.3272246315,1.0000000000,0.9704960000,216.7963597995
600,100,0,5,100,100,0,0,30,105,685,100,100,0.0399429187,25.7343673824,20.0000000000,16.4114204368,1.0000000000,0.9692800000,217.0683393859
601,100,0,7,100,100,0,0,31,107,879,100,100,0.0421053226,25.6922620599,14.2857142857,16.2430478958,1.0000000000,0.9717120000,216.5250609234
602,100,0,3,100,100,0,0,31,103,491,100,100,0.0391474730,25.6531145869,33.3333333333,16.5797597464,1.0000000000,0.9668480000,217.6143509631
603,100,0,4,100,100,0,0,31,104,588,100,100,0.0381777076,25.6149368793,25.0000000000,16.4955463945,1.0000000000,0.9680640000,217.3410022478
604,100,0,5,100,100,0,0,31,105,685,100,100,0.0398370255,25.5750998537,20.0000000000,16.4114211371,1.0000000000,0.9692800000,217.0683393859
605,100,0,5,100,100,0,0,31,105,685,100,100,0.0409229578,25.5341768959,20.0000000000,16.4114439488,1.0000000000,0.9692800000,217.0683393859
606,100,0,6,100,100,0,0,31,106,782,100,100,0.0415201753,25.4926567206,16.6666666667,16.3272264091,1.0000000000,0.9704960000,216.7963597995
607,100,0,4,100,100,0,0,31,104,588,100,100,0.0382270441,25.4544296765,25.0000000000,16.4955440639,1.0000000000,0.9680640000,217.3410022478
608,100,0,5,100,100,0,0,31,105,685,100,100,0.0398448304,25.4145848461,20.0000000000,16.4113810382,1.0000000000,0.9692800000,217.0683393859
609,100,0,5,100,100,0,0,31,105,685,100,100,0.0390858235,25.3754990227,20.0000000000,16.4113806841,1.0000000000,0.9692800000,217.0683393859
610,100,0,4,100,100,0,0,31,104,588,100,100,0.0390538094,25.3364452132,25.0000000000,16.4955919055,1.0000000000,0.9680640000,217.3410022478
611,100,0,7,100,100,0,0,31,107,879,100,100,0.0433111934,25.2931340199,14.2857142857,16.2430716928,1.0000000000,0.9717120000,216.5250609234
612,100,0,5,100,100,0,0,31,105,685,100,100,0.0400106059,25.2531234139,20.0000000000,16.4114365779,1.0000000000,0.9692800000,217.0683393859
613,100,0,11,100,100,0,0,31,111,1267,100,100,0.0488384650,25.2042849489,9.0909090909,15.9064228034,1.0000000000,0.9765760000,215.4466216659
614,100,0,8,100,100,0,0,31,108,976,100,100,0.0446805955,25.1596043534,12.5000000000,16.1588834412,1.0000000000,0.9729280000,216.2544402052
615,100,0,3,100,100,0,0,31,103,491,100,100,0.0373091418,25.1222952116,33.3333333333,16.5796985386,1.0000000000,0.9668480000,217.6143509631
616,100,0,4,100,100,0,0,31,104,588,100,100,0.0396363375,25.0826588741,25.0000000000,16.4955580461,1.0000000000,0.9680640000,217.3410022478
617,100,0,4,100,100,0,0,31,104,588,100,100,0.0399176828,25.0427411913,25.0000000000,16.4955670267,1.0000000000,0.9680640000,217.3410022478
618,100,0,2,100,100,0,0,31,102,394,100,100,0.0387745758,25.0039666155,50.0000000000,16.6640041685,1.0000000000,0.9656320000,217.8883881230
619,100,0,5,100,100,0,0,31,105,685,100,100,0.0400078333,24.9639587822,20.0000000000,16.4114265088,1.0000000000,0.9692800000,217.0683393859
620,100,0,3,100,100,0,0,31,103,491,100,100,0.0367329421,24.9272258401,33.3333333333,16.5797626256,1.0000000000,0.9668480000,217.6143509631
621,100,0,6,100,100,0,0,32,106,782,100,100,0.0416536747,24.8855721653,16.6666666667,16.3272586289,1.0000000000,0.9704960000,216.7963597995
622,100,0,7,100,100,0,0,32,107,879,100,100,0.0422440532,24.8433281122,14.2857142857,16.2430641311,1.0000000000,0.9717120000,216.5250609234
623,100,0,6,100,100,0,0,32,106,782,100,100,0.0433610036,24.7999671085,16.6666666667,16.3272517995,1.0000000000,0.9704960000,216.7963597995
624,100,0,5,100,100,0,0,32,105,685,100,100,0.0400821728,24.7598849358,20.0000000000,16.4113905768,1.0000000000,0.9692800000,217.0683393859
625,100,0,4,100,100,0,0,32,104,588,100,100,0.0383531848,24.7215317510,25.0000000000,16.4955585230,1.0000000000,0.9680640000,217.3410022478
626,100,0,8,100,100,0,0,32,108,976,100,100,0.0440433502,24.6774884009,12.5000000000,16.1589103936,1.0000000000,0.9729280000,216.2544402052
627,100,0,2,100,100,0,0,32,102,394,100,100,0.0370315915,24.6404568093,50.0000000000,16.6639059651,1.0000000000,0.9656320000,217.8883881230
628,100,0,4,100,100,0,0,32,104,588,100,100,0.0396584908,24.6007983185,25.0000000000,16.4955747238,1.0000000000,0.9680640000,217.3410022478
629,100,0,7,100,100,0,0,32,107,879,100,100,0.0425780318,24.5582202867,14.2857142857,16.2430482855,1.0000000000,0.9717120000,216.5250609234
630,100,0,8,100,100,0,0,32,108,976,100,100,0.0439093852,24.5143109014,12.5000000000,16.1588876632,1.0000000000,0.9729280000,216.2544402052
631,100,0,8,100,100,0,0,32,108,976,100,100,0.0440653386,24.4702455629,12.5000000000,16.1588916129,1.0000000000,0.9729280000,216.2544402052
632,100,0,1,100,100,0,0,32,101,297,100,100,0.0455833040,24.4246622589,100.0000000000,16.7482413507,1.0000000000,0.9644160000,218.1631163315
633,100,0,6,100,100,0,0,32,106,782,100,100,0.0406664241,24.3839958348,16.6666666667,16.3272335021,1.0000000000,0.9704960000,216.7963597995
634,100,0,6,100,100,0,0,32,106,782,100,100,0.0405564287,24.3434394061,16.6666666667,16.3272064772,1.0000000000,0.9704960000,216.7963597995
635,100,0,3,100,100,0,0,32,103,491,100,100,0.0385102684,24.3049291377,33.3333333333,16.5797403587,1.0000000000,0.9668480000,217.6143509631
636,100,0,3,100,100,0,0,32,103,491,100,100,0.0369715224,24.2679576153,33.3333333333,16.5797459546,1.0000000000,0.9668480000,217.6143509631
637,100,0,5,100,100,0,0,32,105,685,100,100,0.0393391153,24.2286185000,20.0000000000,16.4114193927,1.0000000000,0.9692800000,217.0683393859
638,100,0,5,100,100,0,0,32,105,685,100,100,0.0400037173,24.1886147827,20.0000000000,16.4114336575,1.0000000000,0.9692800000,217.0683393859
639,100,0,4,100,100,0,0,32,104,588,100,100,0.0391514507,24.1494633321,25.0000000000,16.4956076993,1.0000000000,0.9680640000,217.3410022478
640,100,0,2,100,100,0,0,32,102,394,100,100,0.0394352881,24.1100280440,50.0000000000,16.6639897141,1.0000000000,0.9656320000,217.8883881230
641,100,0,5,100,100,0,0,33,105,685,100,100,0.0396017520,24.0704262920,20.0000000000,16.4114089334,1.0000000000,0.9692800000,217.0683393859
642,100,0,3,100,100,0,0,33,103,491,100,100,0.0367617444,24.0336645475,33.3333333333,16.5796946178,1.0000000000,0.9668480000,217.6143509631
643,100,0,6,100,100,0,0,33,106,782,100,100,0.0414536522,23.9922108953,16.6666666667,16.3272307295,1.0000000000,0.9704960000,216.7963597995
644,100,0,5,100,100,0,0,33,105,685,100,100,0.0404987589,23.9517121364,20.0000000000,16.4114125300,1.0000000000,0.9692800000,217.0683393859
645,100,0,8,100,100,0,0,33,108,976,100,100,0.0435767691,23.9081353672,12.5000000000,16.1588737900,1.0000000000,0.9729280000,216.2544402052
646,100,0,7,100,100,0,0,33,107,879,100,100,0.0419917914,23.8661435758,14.2857142857,16.2430527722,1.0000000000,0.9717120000,216.5250609234
647,100,0,7,100,100,0,0,33,107,879,100,100,0.0428243655,23.8233192103,14.2857142857,16.2430670449,1.0000000000,0.9717120000,216.5250609234
648,100,0,5,100,100,0,0,33,105,685,100,100,0.0400018479,23.7833173624,20.0000000000,16.4114337304,1.0000000000,0.9692800000,217.0683393859
649,100,0,4,100,100,0,0,33,104,588,100,100,0.0395538497,23.7437635127,25.0000000000,16.4956006247,1.0000000000,0.9680640000,217.3410022478
650,100,0,3,100,100,0,0,33,103,491,100,100,0.0388910639,23.7048724489,33.3333333333,16.5797934734,1.0000000000,0.9668480000,217.6143509631
651,100,0,6,100,100,0,0,33,106,782,100,100,0.0414461485,23.6634263004,16.6666666667,16.3272543622,1.0000000000,0.9704960000,216.7963597995
652,100,0,5,100,100,0,0,33,105,685,100,100,0.0397777755,23.6236485248,20.0000000000,16.4114159082,1.0000000000,0.9692800000,217.0683393859
653,100,0,6,100,100,0,0,33,106,782,100,100,0.0411558440,23.5824926809,16.6666666667,16.3272477658,1.0000000000,0.9704960000,216.7963597995
654,100,0,4,100,100,0,0,33,104,588,100,100,0.0391225958,23.5433700851,25.0000000000,16.4956109387,1.0000000000,0.9680640000,217.3410022478
655,100,0,1,100,100,0,0,33,101,297,100,100,0.0405093044,23.5028607807,100.0000000000,16.7481811774,1.0000000000,0.9644160000,218.1631163315
656,100,0,5,100,100,0,0,33,105,685,100,100,0.0393518677,23.4635089129,20.0000000000,16.4114043567,1.0000000000,0.9692800000,217.0683393859
657,100,0,3,100,100,0,0,33,103,491,100,100,0.0372270618,23.4262818512,33.3333333333,16.5797105340,1.0000000000,0.9668480000,217.6143509631
658,100,0,9,100,100,0,0,33,109,1073,100,100,0.0455128716,23.3807689796,11.1111111111,16.0747233732,1.0000000000,0.9741440000,215.9844951054
659,100,0,6,100,100,0,0,33,106,782,100,100,0.0410680239,23.3397009557,16.6666666667,16.3272277087,1.0000000000,0.9704960000,216.7963597995
660,100,0,2,100,100,0,0,33,102,394,100,100,0.0366617287,23.3030392270,50.0000000000,16.6639362528,1.0000000000,0.9656320000,217.8883881230
661,100,0,6,100,100,0,0,34,106,782,100,100,0.0414213150,23.2616179120,16.6666666667,16.3272387494,1.0000000000,0.9704960000,216.7963597995
662,100,0,5,100,100,0,0,34,105,685,100,100,0.0393010801,23.2223168319,20.0000000000,16.4113966308,1.0000000000,0.9692800000,217.0683393859
663,100,0,5,100,100,0,0,34,105,685,100,100,0.0404912546,23.1818255773,20.0000000000,16.4114209095,1.0000000000,0.9692800000,217.0683393859
664,100,0,5,100,100,0,0,34,105,685,100,100,0.0395074156,23.1423181617,20.0000000000,16.4113902229,1.0000000000,0.9692800000,217.0683393859
665,100,0,5,100,100,0,0,34,105,685,100,100,0.0395576041,23.1027605576,20.0000000000,16.4113848703,1.0000000000,0.9692800000,217.0683393859
666,100,0,7,100,100,0,0,34,107,879,100,100,0.0422161871,23.0605443705,14.2857142857,16.2430754877,1.0000000000,0.9717120000,216.5250609234
667,100,0,4,100,100,0,0,34,104,588,100,100,0.0375171895,23.0230271810,25.0000000000,16.4955720338,1.0000000000,0.9680640000,217.3410022478
668,100,0,3,100,100,0,0,34,103,491,100,100,0.0374809130,22.9855462680,33.3333333333,16.5797451228,1.0000000000,0.9668480000,217.6143509631
669,100,0,8,100,100,0,0,34,108,976,100,100,0.0438806218,22.9416656462,12.5000000000,16.1588909135,1.0000000000,0.9729280000,216.2544402052
670,100,0,2,100,100,0,0,34,102,394,100,100,0.0364994593,22.9051661869,50.0000000000,16.6639370394,1.0000000000,0.9656320000,217.8883881230
671,100,0,3,100,100,0,0,34,103,491,100,100,0.0390202649,22.8661459220,33.3333333333,16.5797507781,1.0000000000,0.9668480000,217.6143509631
672,100,0,5,100,100,0,0,34,105,685,100,100,0.0398518932,22.8262940288,20.0000000000,16.4113744690,1.0000000000,0.9692800000,217.0683393859
673,100,0,3,100,100,0,0,34,103,491,100,100,0.0380935483,22.7882004805,33.3333333333,16.5797214763,1.0000000000,0.9668480000,217.6143509631
674,100,0,4,100,100,0,0,34,104,588,100,100,0.0386695143,22.7495309662,25.0000000000,16.4955820285,1.0000000000,0.9680640000,217.3410022478
675,100,0,4,100,100,0,0,34,104,588,100,100,0.0423575262,22.7071734400,25.0000000000,16.4956526673,1.0000000000,0.9680640000,217.3410022478
676,100,0,5,100,100,0,0,34,105,685,100,100,0.0395723114,22.6676011286,20.0000000000,16.4113935753,1.0000000000,0.9692800000,217.0683393859
677,100,0,3,100,100,0,0,34,103,491,100,100,0.0378312860,22.6297698425,33.3333333333,16.5797215569,1.0000000000,0.9668480000,217.6143509631
678,100,0,9,100,100,0,0,34,109,1073,100,100,0.0455510277,22.5842188148,11.1111111111,16.0747427682,1.0000000000,0.9741440000,215.9844951054
679,100,0,5,100,100,0,0,34,105,685,100,100,0.0394037989,22.5448150159,20.0000000000,16.4113941342,1.0000000000,0.9692800000,217.0683393859
680,100,0,9,100,100,0,0,34,109,1073,100,100,0.0467832032,22.4980318126,11.1111111111,16.0747278363,1.0000000000,0.9741440000,215.9844951054
681,100,0,8,100,100,0,0,35,108,976,100,100,0.0438702959,22.4541615168,12.5000000000,16.1588967043,1.0000000000,0.9729280000,216.2544402052
682,100,0,2,100,100,0,0,35,102,394,100,100,0.0374562302,22.4167052865,50.0000000000,16.6638894890,1.0000000000,0.9656320000,217.8883881230
683,100,0,3,100,100,0,0,35,103,491,100,100,0.0366993868,22.3800058998,33.3333333333,16.5797167792,1.0000000000,0.9668480000,217.6143509631
684,100,0,4,100,100,0,0,35,104,588,100,100,0.0396608050,22.3403450947,25.0000000000,16.4956080322,1.0000000000,0.9680640000,217.3410022478
685,100,0,4,100,100,0,0,35,104,588,100,100,0.0386197764,22.3017253183,25.0000000000,16.4955270939,1.0000000000,0.9680640000,217.3410022478
686,100,0,8,100,100,0,0,35,108,976,100,100,0.0438370933,22.2578882249,12.5000000000,16.1588881685,1.0000000000,0.9729280000,216.2544402052
687,100,0,6,100,100,0,0,35,106,782,100,100,0.0406315389,22.2172566861,16.6666666667,16.3272284679,1.0000000000,0.9704960000,216.7963597995
688,100,0,7,100,100,0,0,35,107,879,100,100,0.0421024918,22.1751541943,14.2857142857,16.2430426813,1.0000000000,0.9717120000,216.5250609234
689,100,0,5,100,100,0,0,35,105,685,100,100,0.0410125045,22.1341416898,20.0000000000,16.4114124364,1.0000000000,0.9692800000,217.0683393859
690,100,0,1,100,100,0,0,35,101,297,100,100,0.0360710474,22.0980706424,100.0000000000,16.7480476673,1.0000000000,0.9644160000,218.1631163315
691,100,0,6,100,100,0,0,35,106,782,100,100,0.0410288495,22.0570417929,16.6666666667,16.3272446596,1.0000000000,0.9704960000,216.7963597995
692,100,0,4,100,100,0,0,35,104,588,100,100,0.0390913534,22.0179504394,25.0000000000,16.4955466541,1.0000000000,0.9680640000,217.3410022478
693,100,0,2,100,100,0,0,35,102,394,100,100,0.0358955931,21.9820548463,50.0000000000,16.6638723324,1.0000000000,0.9656320000,217.8883881230
694,100,0,6,100,100,0,0,35,106,782,100,100,0.0409202536,21.9411345927,16.6666666667,16.3272321284,1.0000000000,0.9704960000,216.7963597995
695,100,0,8,100,100,0,0,35,108,976,100,100,0.0438678352,21.8972667575,12.5000000000,16.1589254017,1.0000000000,0.9729280000,216.2544402052
696,100,0,4,100,100,0,0,35,104,588,100,100,0.0385453759,21.8587213816,25.0000000000,16.4955578940,1.0000000000,0.9680640000,217.3410022478
697,100,0,4,100,100,0,0,35,104,588,100,100,0.0377103737,21.8210110080,25.0000000000,16.4955358896,1.0000000000,0.9680640000,217.3410022478
698,100,0,4,100,100,0,0,35,104,588,100,100,0.0387138219,21.7822971861,25.0000000000,16.4955670776,1.0000000000,0.9680640000,217.3410022478
699,100,0,5,100,100,0,0,35,105,685,100,100,0.0402796428,21.7420175433,20.0000000000,16.4114360599,1.0000000000,0.9692800000,217.0683393859
700,100,0,9,100,100,0,0,35,109,1073,100,100,0.0451716842,21.6968458591,11.1111111111,16.0747260161,1.0000000000,0.9741440000,215.9844951054
701,100,0,3,100,100,0,0,36,103,491,100,100,0.0367378523,21.6601080068,33.3333333333,16.5797094706,1.0000000000,0.9668480000,217.6143509631
702,100,0,1,100,100,0,0,36,101,297,100,100,0.0409765419,21.6191314649,100.0000000000,16.7481835474,1.0000000000,0.9644160000,218.1631163315
703,100,0,2,100,100,0,0,36,102,394,100,100,0.0380788797,21.5810525852,50.0000000000,16.6639964826,1.0000000000,0.9656320000,217.8883881230
704,100,0,10,100,100,0,0,36,110,1170,100,100,0.0471724091,21.5338801761,10.0000000000,15.9905677802,1.0000000000,0.9753600000,215.7152230971
705,100,0,5,100,100,0,0,36,105,685,100,100,0.0396270512,21.4942531249,20.0000000000,16.4113805407,1.0000000000,0.9692800000,217.0683393859
706,100,0,3,100,100,0,0,36,103,491,100,100,0.0390486137,21.4552045112,33.3333333333,16.5797344593,1.0000000000,0.9668480000,217.6143509631
707,100,0,6,100,100,0,0,36,106,782,100,100,0.0411561235,21.4140483877,16.6666666667,16.3271999736,1.0000000000,0.9704960000,216.7963597995
708,100,0,3,100,100,0,0,36,103,491,100,100,0.0384477681,21.3756006196,33.3333333333,16.5797996470,1.0000000000,0.9668480000,217.6143509631
709,100,0,8,100,100,0,0,36,108,976,100,100,0.0439756225,21.3316249972,12.5000000000,16.1589055898,1.0000000000,0.9729280000,216.2544402052
710,100,0,6,100,100,0,0,36,106,782,100,100,0.0419052019,21.2897197952,16.6666666667,16.3272345359,1.0000000000,0.9704960000,216.7963597995
711,100,0,3,100,100,0,0,36,103,491,100,100,0.0366126993,21.2531070959,33.3333333333,16.5797067355,1.0000000000,0.9668480000,217.6143509631
712,100,0,7,100,100,0,0,36,107,879,100,100,0.0425466224,21.2105604735,14.2857142857,16.2430786808,1.0000000000,0.9717120000,216.5250609234
713,100,0,6,100,100,0,0,36,106,782,100,100,0.0412509839,21.1693094896,16.6666666667,16.3272208041,1.0000000000,0.9704960000,216.7963597995
714,100,0,6,100,100,0,0,36,106,782,100,100,0.0407972605,21.1285122291,16.6666666667,16.3272195482,1.0000000000,0.9704960000,216.7963597995
715,100,0,3,100,100,0,0,36,103,491,100,100,0.0371701849,21.0913420442,33.3333333333,16.5797466686,1.0000000000,0.9668480000,217.6143509631
716,100,0,4,100,100,0,0,36,104,588,100,100,0.0387153845,21.0526266597,25.0000000000,16.4956113611,1.0000000000,0.9680640000,217.3410022478
717,100,0,10,100,100,0,0,36,110,1170,100,100,0.0475270816,21.0050995781,10.0000000000,15.9905978454,1.0000000000,0.9753600000,215.7152230971
718,100,0,4,100,100,0,0,36,104,588,100,100,0.0376423277,20.9674572504,25.0000000000,16.4955573553,1.0000000000,0.9680640000,217.3410022478
719,100,0,3,100,100,0,0,36,103,491,100,100,0.0377841320,20.9296731184,33.3333333333,16.5797718609,1.0000000000,0.9668480000,217.6143509631
720,100,0,7,100,100,0,0,36,107,879,100,100,0.0427691331,20.8869039853,14.2857142857,16.2430773465,1.0000000000,0.9717120000,216.5250609234
721,100,0,4,100,100,0,0,37,104,588,100,100,0.0373948281,20.8495091572,25.0000000000,16.4955333069,1.0000000000,0.9680640000,217.3410022478
722,100,0,3,100,100,0,0,37,103,491,100,100,0.0375479608,20.8119611964,33.3333333333,16.5796798927,1.0000000000,0.9668480000,217.6143509631
723,100,0,5,100,100,0,0,37,105,685,100,100,0.0414321736,20.7705290228,20.0000000000,16.4114524317,1.0000000000,0.9692800000,217.0683393859
724,100,0,7,100,100,0,0,37,107,879,100,100,0.0420307924,20.7284982303,14.2857142857,16.2430735308,1.0000000000,0.9717120000,216.5250609234
725,100,0,3,100,100,0,0,37,103,491,100,100,0.0370189750,20.6914792553,33.3333333333,16.5797004867,1.0000000000,0.9668480000,217.6143509631
726,100,0,5,100,100,0,0,37,105,685,100,100,0.0403488595,20.6511303958,20.0000000000,16.4114480134,1.0000000000,0.9692800000,217.0683393859
727,100,0,6,100,100,0,0,37,106,782,100,100,0.0428868563,20.6082435395,16.6666666667,16.3273188818,1.0000000000,0.9704960000,216.7963597995
728,100,0,6,100,100,0,0,37,106,782,100,100,0.0410615586,20.5671819809,16.6666666667,16.3272123578,1.0000000000,0.9704960000,216.7963597995
729,100,0,4,100,100,0,0,37,104,588,100,100,0.0392248765,20.5279571043,25.0000000000,16.4955652750,1.0000000000,0.9680640000,217.3410022478
730,100,0,2,100,100,0,0,37,102,394,100,100,0.0403099884,20.4876471159,50.0000000000,16.6639721933,1.0000000000,0.9656320000,217.8883881230
731,100,0,7,100,100,0,0,37,107,879,100,100,0.0419660722,20.4456810438,14.2857142857,16.2430514551,1.0000000000,0.9717120000,216.5250609234
732,100,0,5,100,100,0,0,37,105,685,100,100,0.0396549105,20.4060261333,20.0000000000,16.4113979838,1.0000000000,0.9692800000,217.0683393859
733,100,0,3,100,100,0,0,37,103,491,100,100,0.0373314066,20.3686947267,33.3333333333,16.5797368691,1.0000000000,0.9668480000,217.6143509631
734,100,0,3,100,100,0,0,37,103,491,100,100,0.0370175812,20.3316771454,33.3333333333,16.5797128234,1.0000000000,0.9668480000,217.6143509631
735,100,0,5,100,100,0,0,37,105,685,100,100,0.0401178415,20.2915593039,20.0000000000,16.4113750994,1.0000000000,0.9692800000,217.0683393859
736,100,0,7,100,100,0,0,37,107,879,100,100,0.0421883746,20.2493709293,14.2857142857,16.2430568444,1.0000000000,0.9717120000,216.5250609234
737,100,0,6,100,100,0,0,37,106,782,100,100,0.0435598359,20.2058110934,16.6666666667,16.3272762569,1.0000000000,0.9704960000,216.7963597995
738,100,0,8,100,100,0,0,37,108,976,100,100,0.0444288549,20.1613822385,12.5000000000,16.1589220915,1.0000000000,0.9729280000,216.2544402052
739,100,0,5,100,100,0,0,37,105,685,100,100,0.0394454887,20.1219367498,20.0000000000,16.4113979553,1.0000000000,0.9692800000,217.0683393859
740,100,0,6,100,100,0,0,37,106,782,100,100,0.0407915595,20.0811451903,16.6666666667,16.3272285283,1.0000000000,0.9704960000,216.7963597995
741,100,0,3,100,100,0,0,38,103,491,100,100,0.0363175844,20.0448276059,33.3333333333,16.5797040493,1.0000000000,0.9668480000,217.6143509631
742,100,0,6,100,100,0,0,38,106,782,100,100,0.0407342181,20.0040933878,16.6666666667,16.3272219778,1.0000000000,0.9704960000,216.7963597995
743,100,0,4,100,100,0,0,38,104,588,100,100,0.0399264825,19.9641669053,25.0000000000,16.4956546073,1.0000000000,0.9680640000,217.3410022478
744,100,0,7,100,100,0,0,38,107,879,100,100,0.0422335119,19.9219333934,14.2857142857,16.2430427931,1.0000000000,0.9717120000,216.5250609234
745,100,0,4,100,100,0,0,38,104,588,100,100,0.0382019746,19.8837314188,25.0000000000,16.4955867156,1.0000000000,0.9680640000,217.3410022478
746,100,0,4,100,100,0,0,38,104,588,100,100,0.0389413982,19.8447900207,25.0000000000,16.4955268485,1.0000000000,0.9680640000,217.3410022478
747,100,0,6,100,100,0,0,38,106,782,100,100,0.0408966626,19.8038933581,16.6666666667,16.3272131218,1.0000000000,0.9704960000,216.7963597995
748,100,0,7,100,100,0,0,38,107,879,100,100,0.0435392000,19.7603541581,14.2857142857,16.2430727359,1.0000000000,0.9717120000,216.5250609234
749,100,0,4,100,100,0,0,38,104,588,100,100,0.0399516233,19.7204025348,25.0000000000,16.4956265042,1.0000000000,0.9680640000,217.3410022478
750,100,0,3,100,100,0,0,38,103,491,100,100,0.0371691221,19.6832334127,33.3333333333,16.5797654500,1.0000000000,0.9668480000,217.6143509631
751,100,0,4,100,100,0,0,38,104,588,100,100,0.0399684980,19.6432649147,25.0000000000,16.4956415335,1.0000000000,0.9680640000,217.3410022478
752,100,0,7,100,100,0,0,38,107,879,100,100,0.0422595470,19.6010053678,14.2857142857,16.2430766277,1.0000000000,0.9717120000,216.5250609234
753,100,0,6,100,100,0,0,38,106,782,100,100,0.0411717903,19.5598335775,16.6666666667,16.3272396532,1.0000000000,0.9704960000,216.7963597995
754,100,0,3,100,100,0,0,38,103,491,100,100,0.0371601419,19.5226734356,33.3333333333,16.5797712677,1.0000000000,0.9668480000,217.6143509631
755,100,0,4,100,100,0,0,38,104,588,100,100,0.0387017360,19.4839716996,25.0000000000,16.4955735254,1.0000000000,0.9680640000,217.3410022478
756,100,0,11,100,100,0,0,38,111,1267,100,100,0.0488115613,19.4351601382,9.0909090909,15.9064205157,1.0000000000,0.9765760000,215.4466216659
757,100,0,5,100,100,0,0,38,105,685,100,100,0.0388199421,19.3963401962,20.0000000000,16.4113926558,1.0000000000,0.9692800000,217.0683393859
758,100,0,4,100,100,0,0,38,104,588,100,100,0.0381788113,19.3581613849,25.0000000000,16.4955411012,1.0000000000,0.9680640000,217.3410022478
759,100,0,7,100,100,0,0,38,107,879,100,100,0.0427535050,19.3154078799,14.2857142857,16.2430575678,1.0000000000,0.9717120000,216.5250609234
760,100,0,1,100,100,0,0,38,101,297,100,100,0.0354783395,19.2799295404,100.0000000000,16.7480094712,1.0000000000,0.9644160000,218.1631163315
761,100,0,4,100,100,0,0,39,104,588,100,100,0.0384559526,19.2414735878,25.0000000000,16.4956039604,1.0000000000,0.9680640000,217.3410022478
762,100,0,5,100,100,0,0,39,105,685,100,100,0.0394702801,19.2020033077,20.0000000000,16.4113780503,1.0000000000,0.9692800000,217.0683393859
763,100,0,3,100,100,0,0,39,103,491,100,100,0.0371698161,19.1648334915,33.3333333333,16.5797417235,1.0000000000,0.9668480000,217.6143509631
764,100,0,8,100,100,0,0,39,108,976,100,100,0.0448620659,19.1199714257,12.5000000000,16.1589124959,1.0000000000,0.9729280000,216.2544402052
765,100,0,5,100,100,0,0,39,105,685,100,100,0.0392041788,19.0807672469,20.0000000000,16.4113877528,1.0000000000,0.9692800000,217.0683393859
766,100,0,4,100,100,0,0,39,104,588,100,100,0.0377642520,19.0430029949,25.0000000000,16.4955737644,1.0000000000,0.9680640000,217.3410022478
767,100,0,3,100,100,0,0,39,103,491,100,100,0.0386433804,19.0043596145,33.3333333333,16.5797898344,1.0000000000,0.9668480000,217.6143509631
768,100,0,5,100,100,0,0,39,105,685,100,100,0.0392210028,18.9651386118,20.0000000000,16.4113543730,1.0000000000,0.9692800000,217.0683393859
769,100,0,3,100,100,0,0,39,103,491,100,100,0.0381990381,18.9269395737,33.3333333333,16.5797751809,1.0000000000,0.9668480000,217.6143509631
770,100,0,7,100,100,0,0,39,107,879,100,100,0.0425200157,18.8844195580,14.2857142857,16.2430418115,1.0000000000,0.9717120000,216.5250609234
771,100,0,7,100,100,0,0,39,107,879,100,100,0.0430414571,18.8413781009,14.2857142857,16.2431137226,1.0000000000,0.9717120000,216.5250609234
772,100,0,8,100,100,0,0,39,108,976,100,100,0.0440169644,18.7973611365,12.5000000000,16.1589266958,1.0000000000,0.9729280000,216.2544402052
773,100,0,2,100,100,0,0,39,102,394,100,100,0.0379156508,18.7594454857,50.0000000000,16.6639989888,1.0000000000,0.9656320000,217.8883881230
774,100,0,9,100,100,0,0,39,109,1073,100,100,0.0452907070,18.7141547787,11.1111111111,16.0747258784,1.0000000000,0.9741440000,215.9844951054
775,100,0,6,100,100,0,0,39,106,782,100,100,0.0405520231,18.6736027556,16.6666666667,16.3272127092,1.0000000000,0.9704960000,216.7963597995
776,100,0,7,100,100,0,0,39,107,879,100,100,0.0428411599,18.6307615957,14.2857142857,16.2430944942,1.0000000000,0.9717120000,216.5250609234
777,100,0,6,100,100,0,0,39,105,782,100,100,0.0433567252,18.5874048705,16.6666666667,16.3272577131,1.0000000000,0.9692800000,217.0683393859
778,100,0,5,100,100,0,0,39,105,685,100,100,0.0397117009,18.5476931696,20.0000000000,16.4113736421,1.0000000000,0.9692800000,217.0683393859
779,100,0,1,100,100,0,0,39,101,297,100,100,0.0370058573,18.5106873124,100.0000000000,16.7480813581,1.0000000000,0.9644160000,218.1631163315
780,100,0,2,100,100,0,0,39,102,394,100,100,0.0364400512,18.4742472612,50.0000000000,16.6638768126,1.0000000000,0.9656320000,217.8883881230
781,100,0,4,100,100,0,0,40,104,588,100,100,0.0395307868,18.4347164744,25.0000000000,16.4956485765,1.0000000000,0.9680640000,217.3410022478
782,100,0,6,100,100,0,0,40,106,782,100,100,0.0406670757,18.3940493987,16.6666666667,16.3272471309,1.0000000000,0.9704960000,216.7963597995
783,100,0,3,100,100,0,0,40,103,491,100,100,0.0453674360,18.3486819627,33.3333333333,16.5798853536,1.0000000000,0.9668480000,217.6143509631
784,100,0,6,100,100,0,0,40,106,782,100,100,0.0406635272,18.3080184355,16.6666666667,16.3272280313,1.0000000000,0.9704960000,216.7963597995
785,100,0,1,100,100,0,0,40,101,297,100,100,0.0445716691,18.2634467664,100.0000000000,16.7482406975,1.0000000000,0.9644160000,218.1631163315
786,100,0,7,100,100,0,0,40,107,879,100,100,0.0421711330,18.2212756334,14.2857142857,16.2430579467,1.0000000000,0.9717120000,216.5250609234
787,100,0,7,100,100,0,0,40,107,879,100,100,0.0420099884,18.1792656451,14.2857142857,16.2430510996,1.0000000000,0.9717120000,216.5250609234
788,100,0,3,100,100,0,0,40,103,491,100,100,0.0369262140,18.1423394311,33.3333333333,16.5797751896,1.0000000000,0.9668480000,217.6143509631
789,100,0,6,100,100,0,0,40,106,782,100,100,0.0414605975,18.1008788335,16.6666666667,16.3272194408,1.0000000000,0.9704960000,216.7963597995
790,100,0,4,100,100,0,0,40,104,588,100,100,0.0380085586,18.0628702749,25.0000000000,16.4955279401,1.0000000000,0.9680640000,217.3410022478
791,100,0,6,100,100,0,0,40,106,782,100,100,0.0411416849,18.0217285901,16.6666666667,16.3272321157,1.0000000000,0.9704960000,216.7963597995
792,100,0,5,100,100,0,0,40,105,685,100,100,0.0402819562,17.9814466339,20.0000000000,16.4113847407,1.0000000000,0.9692800000,217.0683393859
793,100,0,7,100,100,0,0,40,106,879,100,100,0.0421179778,17.9393286561,14.2857142857,16.2430461777,1.0000000000,0.9704960000,216.7963597995
794,100,0,4,100,100,0,0,40,104,588,100,100,0.0394845735,17.8998440826,25.0000000000,16.4955612073,1.0000000000,0.9680640000,217.3410022478
795,100,0,12,100,100,0,0,40,112,1364,100,100,0.0503422188,17.8495018638,8.3333333333,15.8222476937,1.0000000000,0.9777920000,215.1786883100
796,100,0,1,100,100,0,0,40,101,297,100,100,0.0419559407,17.8075459231,100.0000000000,16.7482012038,1.0000000000,0.9644160000,218.1631163315
797,100,0,3,100,100,0,0,40,103,491,100,100,0.0430670113,17.7644789119,33.3333333333,16.5798465425,1.0000000000,0.9668480000,217.6143509631
798,100,0,4,100,100,0,0,40,104,588,100,100,0.0382770463,17.7262018656,25.0000000000,16.4955220670,1.0000000000,0.9680640000,217.3410022478
799,100,0,6,100,100,0,0,40,106,782,100,100,0.0410050965,17.6851967691,16.6666666667,16.3272148358,1.0000000000,0.9704960000,216.7963597995
800,100,0,5,100,100,0,0,40,105,685,100,100,0.0392776885,17.6459190806,20.0000000000,16.4113933401,1.0000000000,0.9692800000,217.0683393859
801,100,0,8,100,100,0,0,41,108,976,100,100,0.0441078298,17.6018112507,12.5000000000,16.1589141579,1.0000000000,0.9729280000,216.2544402052
802,100,0,5,100,100,0,0,41,105,685,100,100,0.0396692979,17.5621419529,20.0000000000,16.4114004791,1.0000000000,0.9692800000,217.0683393859
803,100,0,8,100,100,0,0,41,108,976,100,100,0.0437197147,17.5184222381,12.5000000000,16.1589037549,1.0000000000,0.9729280000,216.2544402052
804,100,0,6,100,100,0,0,41,106,782,100,100,0.0407454370,17.4776768011,16.6666666667,16.3272470582,1.0000000000,0.9704960000,216.7963597995
805,100,0,7,100,100,0,0,41,107,879,100,100,0.0433967613,17.4342800398,14.2857142857,16.2430755350,1.0000000000,0.9717120000,216.5250609234
806,100,0,6,100,100,0,0,41,106,782,100,100,0.0409106096,17.3933694302,16.6666666667,16.3272248147,1.0000000000,0.9704960000,216.7963597995
807,100,0,2,100,100,0,0,41,102,394,100,100,0.0371210173,17.3562484129,50.0000000000,16.6638747903,1.0000000000,0.9656320000,217.8883881230
808,100,0,6,100,100,0,0,41,106,782,100,100,0.0416577681,17.3145906448,16.6666666667,16.3272117660,1.0000000000,0.9704960000,216.7963597995
809,100,0,6,100,100,0,0,41,106,782,100,100,0.0409142766,17.2736763681,16.6666666667,16.3272050845,1.0000000000,0.9704960000,216.7963597995
810,100,0,1,100,100,0,0,41,101,297,100,100,0.0413267423,17.2323496259,100.0000000000,16.7481959097,1.0000000000,0.9644160000,218.1631163315
811,100,0,4,100,100,0,0,41,104,588,100,100,0.0385474239,17.1938022020,25.0000000000,16.4955722727,1.0000000000,0.9680640000,217.3410022478
812,100,0,3,100,100,0,0,41,103,491,100,100,0.0367566003,17.1570456016,33.3333333333,16.5797370537,1.0000000000,0.9668480000,217.6143509631
813,100,0,4,100,100,0,0,41,104,588,100,100,0.0394855186,17.1175600831,25.0000000000,16.4955821592,1.0000000000,0.9680640000,217.3410022478
814,100,0,5,100,100,0,0,41,104,685,100,100,0.0406913450,17.0768687381,20.0000000000,16.4114675630,1.0000000000,0.9680640000,217.3410022478
815,100,0,6,100,100,0,0,41,106,782,100,100,0.0409964405,17.0358722976,16.6666666667,16.3272397691,1.0000000000,0.9704960000,216.7963597995
816,100,0,1,100,100,0,0,41,101,297,100,100,0.0409250774,16.9949472202,100.0000000000,16.7481703916,1.0000000000,0.9644160000,218.1631163315
817,100,0,9,100,100,0,0,41,109,1073,100,100,0.0452235112,16.9497237090,11.1111111111,16.0747186926,1.0000000000,0.9741440000,215.9844951054
818,100,0,6,100,100,0,0,41,106,782,100,100,0.0409837680,16.9087399410,16.6666666667,16.3272264512,1.0000000000,0.9704960000,216.7963597995
819,100,0,6,100,100,0,0,41,106,782,100,100,0.0408018874,16.8679380537,16.6666666667,16.3272051882,1.0000000000,0.9704960000,216.7963597995
820,100,0,1,100,100,0,0,41,101,297,100,100,0.0383545913,16.8295834623,100.0000000000,16.7481139056,1.0000000000,0.9644160000,218.1631163315
821,100,0,4,100,100,0,0,42,104,588,100,100,0.0387883819,16.7907950805,25.0000000000,16.4955670228,1.0000000000,0.9680640000,217.3410022478
822,100,0,2,100,100,0,0,42,102,394,100,100,0.0381342319,16.7526608486,50.0000000000,16.6639239294,1.0000000000,0.9656320000,217.8883881230
823,100,0,5,100,100,0,0,42,105,685,100,100,0.0394213216,16.7132395269,20.0000000000,16.4114096947,1.0000000000,0.9692800000,217.0683393859
824,100,0,7,100,100,0,0,42,107,879,100,100,0.0422849533,16.6709545736,14.2857142857,16.2430878295,1.0000000000,0.9717120000,216.5250609234
825,100,0,2,100,100,0,0,42,102,394,100,100,0.0370260481,16.6339285255,50.0000000000,16.6639615983,1.0000000000,0.9656320000,217.8883881230
826,100,0,8,100,100,0,0,42,108,976,100,100,0.0438438199,16.5900847055,12.5000000000,16.1588967088,1.0000000000,0.9729280000,216.2544402052
827,100,0,4,100,100,0,0,42,104,588,100,100,0.0386143993,16.5514703062,25.0000000000,16.4955565494,1.0000000000,0.9680640000,217.3410022478
828,100,0,3,100,100,0,0,42,103,491,100,100,0.0376384922,16.5138318141,33.3333333333,16.5796792874,1.0000000000,0.9668480000,217.6143509631
829,100,0,2,100,100,0,0,42,102,394,100,100,0.0421848099,16.4716470042,50.0000000000,16.6640384564,1.0000000000,0.9656320000,217.8883881230
830,100,0,6,100,100,0,0,42,106,782,100,100,0.0403411302,16.4313058740,16.6666666667,16.3272091628,1.0000000000,0.9704960000,216.7963597995
831,100,0,5,100,100,0,0,42,105,685,100,100,0.0396652840,16.3916405900,20.0000000000,16.4113883044,1.0000000000,0.9692800000,217.0683393859
832,100,0,7,100,100,0,0,42,107,879,100,100,0.0422181464,16.3494224436,14.2857142857,16.2430720339,1.0000000000,0.9717120000,216.5250609234
833,100,0,5,100,100,0,0,42,105,685,100,100,0.0401164192,16.3093060244,20.0000000000,16.4114300030,1.0000000000,0.9692800000,217.0683393859
834,100,0,7,100,100,0,0,42,106,879,100,100,0.0424380913,16.2668679331,14.2857142857,16.2430770981,1.0000000000,0.9704960000,216.7963597995
835,100,0,1,100,100,0,0,42,101,297,100,100,0.0392297869,16.2276381463,100.0000000000,16.7481573949,1.0000000000,0.9644160000,218.1631163315
836,100,0,9,100,100,0,0,42,109,1073,100,100,0.0453756350,16.1822625112,11.1111111111,16.0747307635,1.0000000000,0.9741440000,215.9844951054
837,100,0,7,100,100,0,0,42,107,879,100,100,0.0428116092,16.1394509020,14.2857142857,16.2430762096,1.0000000000,0.9717120000,216.5250609234
838,100,0,7,100,100,0,0,42,107,879,100,100,0.0427753172,16.0966755848,14.2857142857,16.2430528361,1.0000000000,0.9717120000,216.5250609234
839,100,0,4,100,100,0,0,42,104,588,100,100,0.0389427289,16.0577328559,25.0000000000,16.4955513689,1.0000000000,0.9680640000,217.3410022478
840,100,0,5,100,100,0,0,42,105,685,100,100,0.0394874291,16.0182454267,20.0000000000,16.4113910970,1.0000000000,0.9692800000,217.0683393859
841,100,0,6,100,100,0,0,43,106,782,100,100,0.0410070729,15.9772383538,16.6666666667,16.3272306715,1.0000000000,0.9704960000,216.7963597995
842,100,0,3,100,100,0,0,43,103,491,100,100,0.0374135597,15.9398247941,33.3333333333,16.5797694119,1.0000000000,0.9668480000,217.6143509631
843,100,0,2,100,100,0,0,43,102,394,100,100,0.0386178680,15.9012069261,50.0000000000,16.6639494225,1.0000000000,0.9656320000,217.8883881230
844,100,0,2,100,100,0,0,43,102,394,100,100,0.0367095158,15.8644974103,50.0000000000,16.6639682164,1.0000000000,0.9656320000,217.8883881230
845,100,0,9,100,100,0,0,43,109,1073,100,100,0.0461356335,15.8183617768,11.1111111111,16.0747228395,1.0000000000,0.9741440000,215.9844951054
846,100,0,8,100,100,0,0,43,108,976,100,100,0.0435948124,15.7747669644,12.5000000000,16.1588853048,1.0000000000,0.9729280000,216.2544402052
847,100,0,7,100,100,0,0,43,107,879,100,100,0.0424138554,15.7323531090,14.2857142857,16.2430810130,1.0000000000,0.9717120000,216.5250609234
848,100,0,5,100,100,0,0,43,104,685,100,100,0.0412561888,15.6910969202,20.0000000000,16.4113733432,1.0000000000,0.9680640000,217.3410022478
849,100,0,4,100,100,0,0,43,104,588,100,100,0.0381070364,15.6529898838,25.0000000000,16.4955669879,1.0000000000,0.9680640000,217.3410022478
850,100,0,7,100,100,0,0,43,107,879,100,100,0.0426887276,15.6103011562,14.2857142857,16.2430405593,1.0000000000,0.9717120000,216.5250609234
851,100,0,7,100,100,0,0,43,107,879,100,100,0.0441463626,15.5661547936,14.2857142857,16.2430992937,1.0000000000,0.9717120000,216.5250609234
852,100,0,5,100,100,0,0,43,105,685,100,100,0.0394761450,15.5266786487,20.0000000000,16.4113789186,1.0000000000,0.9692800000,217.0683393859
853,100,0,5,100,100,0,0,43,105,685,100,100,0.0404123154,15.4862663333,20.0000000000,16.4114249195,1.0000000000,0.9692800000,217.0683393859
854,100,0,5,100,100,0,0,43,105,685,100,100,0.0398144945,15.4464518388,20.0000000000,16.4114090788,1.0000000000,0.9692800000,217.0683393859
855,100,0,3,100,100,0,0,43,103,491,100,100,0.0373550906,15.4090967482,33.3333333333,16.5797311034,1.0000000000,0.9668480000,217.6143509631
856,100,0,8,100,100,0,0,43,108,976,100,100,0.0449714768,15.3641252714,12.5000000000,16.1589036584,1.0000000000,0.9729280000,216.2544402052
857,100,0,3,100,100,0,0,43,103,491,100,100,0.0372310027,15.3268942687,33.3333333333,16.5797105429,1.0000000000,0.9668480000,217.6143509631
858,100,0,2,100,100,0,0,43,102,394,100,100,0.0357795999,15.2911146687,50.0000000000,16.6638972705,1.0000000000,0.9656320000,217.8883881230
859,100,0,4,100,100,0,0,43,104,588,100,100,0.0376644101,15.2534502587,25.0000000000,16.4955442325,1.0000000000,0.9680640000,217.3410022478
860,100,0,5,100,100,0,0,43,105,685,100,100,0.0405136745,15.2129365842,20.0000000000,16.4114093034,1.0000000000,0.9692800000,217.0683393859
861,100,0,4,100,100,0,0,44,104,588,100,100,0.0400235677,15.1729130165,25.0000000000,16.4955950014,1.0000000000,0.9680640000,217.3410022478
862,100,0,4,100,100,0,0,44,104,588,100,100,0.0387688520,15.1341441645,25.0000000000,16.4955819844,1.0000000000,0.9680640000,217.3410022478
863,100,0,10,100,100,0,0,44,109,1170,100,100,0.0472709762,15.0868731882,10.0000000000,15.9905630625,1.0000000000,0.9741440000,215.9844951054
864,100,0,4,100,100,0,0,44,104,588,100,100,0.0411264541,15.0457467341,25.0000000000,16.4956310194,1.0000000000,0.9680640000,217.3410022478
865,100,0,8,100,100,0,0,44,108,976,100,100,0.0445198816,15.0012268526,12.5000000000,16.1589110658,1.0000000000,0.9729280000,216.2544402052
866,100,0,8,100,100,0,0,44,108,976,100,100,0.0443899758,14.9568368768,12.5000000000,16.1588875622,1.0000000000,0.9729280000,216.2544402052
867,100,0,2,100,100,0,0,44,102,394,100,100,0.0356349078,14.9212019690,50.0000000000,16.6638594156,1.0000000000,0.9656320000,217.8883881230
868,100,0,5,100,100,0,0,44,105,685,100,100,0.0395184057,14.8816835633,20.0000000000,16.4114138541,1.0000000000,0.9692800000,217.0683393859
869,100,0,6,100,100,0,0,44,106,782,100,100,0.0412392103,14.8404443530,16.6666666667,16.3272398705,1.0000000000,0.9704960000,216.7963597995
870,100,0,6,100,100,0,0,44,106,782,100,100,0.0425438556,14.7979004974,16.6666666667,16.3272636923,1.0000000000,0.9704960000,216.7963597995
871,100,0,4,100,100,0,0,44,104,588,100,100,0.0373437644,14.7605567330,25.0000000000,16.4955463123,1.0000000000,0.9680640000,217.3410022478
872,100,0,3,100,100,0,0,44,103,491,100,100,0.0364234826,14.7241332504,33.3333333333,16.5797333055,1.0000000000,0.9668480000,217.6143509631
873,100,0,3,100,100,0,0,44,103,491,100,100,0.0373274232,14.6868058272,33.3333333333,16.5797247241,1.0000000000,0.9668480000,217.6143509631
874,100,0,2,100,100,0,0,44,102,394,100,100,0.0394889147,14.6473169126,50.0000000000,16.6640074064,1.0000000000,0.9656320000,217.8883881230
875,100,0,4,100,100,0,0,44,104,588,100,100,0.0379305975,14.6093863151,25.0000000000,16.4955369511,1.0000000000,0.9680640000,217.3410022478
876,100,0,7,100,100,0,0,44,107,879,100,100,0.0425532422,14.5668330729,14.2857142857,16.2430853270,1.0000000000,0.9717120000,216.5250609234
877,100,0,5,100,100,0,0,44,105,685,100,100,0.0395349689,14.5272981040,20.0000000000,16.4114215390,1.0000000000,0.9692800000,217.0683393859
878,100,0,5,100,100,0,0,44,105,685,100,100,0.0389646568,14.4883334472,20.0000000000,16.4113814172,1.0000000000,0.9692800000,217.0683393859
879,100,0,4,100,100,0,0,44,104,588,100,100,0.0384240143,14.4499094329,25.0000000000,16.4955244839,1.0000000000,0.9680640000,217.3410022478
880,100,0,6,100,100,0,0,44,106,782,100,100,0.0406567362,14.4092526967,16.6666666667,16.3272221144,1.0000000000,0.9704960000,216.7963597995
881,100,0,9,100,100,0,0,45,109,1073,100,100,0.0459885651,14.3632641317,11.1111111111,16.0747383411,1.0000000000,0.9741440000,215.9844951054
882,100,0,5,100,100,0,0,45,105,685,100,100,0.0395810510,14.3236830807,20.0000000000,16.4113762744,1.0000000000,0.9692800000,217.0683393859
883,100,0,4,100,100,0,0,45,104,588,100,100,0.0378181314,14.2858649493,25.0000000000,16.4955565382,1.0000000000,0.9680640000,217.3410022478
884,100,0,5,100,100,0,0,45,105,685,100,100,0.0392117955,14.2466531538,20.0000000000,16.4114021948,1.0000000000,0.9692800000,217.0683393859
885,100,0,8,100,100,0,0,45,108,976,100,100,0.0446742075,14.2019789463,12.5000000000,16.1588961462,1.0000000000,0.9729280000,216.2544402052
886,100,0,1,100,100,0,0,45,101,297,100,100,0.0368338167,14.1651451296,100.0000000000,16.7480671728,1.0000000000,0.9644160000,218.1631163315
887,100,0,3,100,100,0,0,45,103,491,100,100,0.0370452473,14.1280998822,33.3333333333,16.5797108865,1.0000000000,0.9668480000,217.6143509631
888,100,0,6,100,100,0,0,45,106,782,100,100,0.0407621935,14.0873376888,16.6666666667,16.3272311712,1.0000000000,0.9704960000,216.7963597995
889,100,0,4,100,100,0,0,45,104,588,100,100,0.0378616992,14.0494759896,25.0000000000,16.4955316510,1.0000000000,0.9680640000,217.3410022478
890,100,0,4,100,100,0,0,45,104,588,100,100,0.0393148700,14.0101611196,25.0000000000,16.4956185517,1.0000000000,0.9680640000,217.3410022478
891,100,0,3,100,100,0,0,45,103,491,100,100,0.0390896181,13.9710715015,33.3333333333,16.5797562040,1.0000000000,0.9668480000,217.6143509631
892,100,0,4,100,100,0,0,45,104,588,100,100,0.0385195732,13.9325519283,25.0000000000,16.4955584903,1.0000000000,0.9680640000,217.3410022478
893,100,0,6,100,100,0,0,45,106,782,100,100,0.0421479652,13.8904039630,16.6666666667,16.3272423342,1.0000000000,0.9704960000,216.7963597995
894,100,0,3,100,100,0,0,45,103,491,100,100,0.0370504988,13.8533534642,33.3333333333,16.5797270026,1.0000000000,0.9668480000,217.6143509631
895,100,0,5,100,100,0,0,45,105,685,100,100,0.0393972598,13.8139562044,20.0000000000,16.4113784898,1.0000000000,0.9692800000,217.0683393859
896,100,0,8,100,100,0,0,45,108,976,100,100,0.0441986173,13.7697575871,12.5000000000,16.1589211431,1.0000000000,0.9729280000,216.2544402052
897,100,0,7,100,100,0,0,45,107,879,100,100,0.0421052946,13.7276522925,14.2857142857,16.2430539455,1.0000000000,0.9717120000,216.5250609234
898,100,0,6,100,100,0,0,45,106,782,100,100,0.0411479210,13.6865043715,16.6666666667,16.3272406179,1.0000000000,0.9704960000,216.7963597995
899,100,0,5,100,100,0,0,45,105,685,100,100,0.0396146021,13.6468897694,20.0000000000,16.4114094325,1.0000000000,0.9692800000,217.0683393859
900,100,0,4,100,100,0,0,45,104,588,100,100,0.0384225312,13.6084672383,25.0000000000,16.4956060225,1.0000000000,0.9680640000,217.3410022478
901,100,0,5,100,100,0,0,46,105,685,100,100,0.0410459754,13.5674212629,20.0000000000,16.4114347371,1.0000000000,0.9692800000,217.0683393859
902,100,0,7,100,100,0,0,46,107,879,100,100,0.0423482372,13.5250730257,14.2857142857,16.2430642055,1.0000000000,0.9717120000,216.5250609234
903,100,0,7,100,100,0,0,46,107,879,100,100,0.0421865409,13.4828864849,14.2857142857,16.2430572420,1.0000000000,0.9717120000,216.5250609234
904,100,0,7,100,100,0,0,46,107,879,100,100,0.0420375066,13.4408489783,14.2857142857,16.2430572470,1.0000000000,0.9717120000,216.5250609234
905,100,0,1,100,100,0,0,46,101,297,100,100,0.0393152295,13.4015337488,100.0000000000,16.7481533297,1.0000000000,0.9644160000,218.1631163315
906,100,0,6,100,100,0,0,46,106,782,100,100,0.0409206305,13.3606131183,16.6666666667,16.3272291920,1.0000000000,0.9704960000,216.7963597995
907,100,0,5,100,100,0,0,46,105,685,100,100,0.0391749761,13.3214381422,20.0000000000,16.4113745522,1.0000000000,0.9692800000,217.0683393859
908,100,0,3,100,100,0,0,46,103,491,100,100,0.0370843191,13.2843538231,33.3333333333,16.5796783132,1.0000000000,0.9668480000,217.6143509631
909,100,0,3,100,100,0,0,46,103,491,100,100,0.0378115060,13.2465423171,33.3333333333,16.5797997105,1.0000000000,0.9668480000,217.6143509631
910,100,0,5,100,100,0,0,46,105,685,100,100,0.0393842966,13.2071580204,20.0000000000,16.4114127062,1.0000000000,0.9692800000,217.0683393859
911,100,0,6,100,100,0,0,46,106,782,100,100,0.0410749429,13.1660830775,16.6666666667,16.3272463511,1.0000000000,0.9704960000,216.7963597995
912,100,0,4,100,100,0,0,46,104,588,100,100,0.0385858569,13.1274972206,25.0000000000,16.4955700714,1.0000000000,0.9680640000,217.3410022478
913,100,0,4,100,100,0,0,46,104,588,100,100,0.0380449165,13.0894523041,25.0000000000,16.4955374058,1.0000000000,0.9680640000,217.3410022478
914,100,0,6,100,100,0,0,46,106,782,100,100,0.0410082367,13.0484440674,16.6666666667,16.3272217142,1.0000000000,0.9704960000,216.7963597995
915,100,0,3,100,100,0,0,46,103,491,100,100,0.0367217006,13.0117223668,33.3333333333,16.5797028645,1.0000000000,0.9668480000,217.6143509631
916,100,0,6,100,100,0,0,46,106,782,100,100,0.0405068641,12.9712155027,16.6666666667,16.3272344216,1.0000000000,0.9704960000,216.7963597995
917,100,0,5,100,100,0,0,46,105,685,100,100,0.0395868833,12.9316286194,20.0000000000,16.4114138748,1.0000000000,0.9692800000,217.0683393859
918,100,0,2,100,100,0,0,46,102,394,100,100,0.0359567776,12.8956718418,50.0000000000,16.6638645167,1.0000000000,0.9656320000,217.8883881230
919,100,0,6,100,100,0,0,46,106,782,100,100,0.0409857307,12.8546861111,16.6666666667,16.3272200381,1.0000000000,0.9704960000,216.7963597995
920,100,0,9,100,100,0,0,46,109,1073,100,100,0.0455385059,12.8091476053,11.1111111111,16.0747362757,1.0000000000,0.9741440000,215.9844951054
921,100,0,7,100,100,0,0,47,107,879,100,100,0.0434683758,12.7656792295,14.2857142857,16.2431187007,1.0000000000,0.9717120000,216.5250609234
922,100,0,5,100,100,0,0,47,105,685,100,100,0.0391576176,12.7265216118,20.0000000000,16.4113981197,1.0000000000,0.9692800000,217.0683393859
923,100,0,1,100,100,0,0,47,101,297,100,100,0.0442464607,12.6822751511,100.0000000000,16.7482297932,1.0000000000,0.9644160000,218.1631163315
924,100,0,7,100,100,0,0,47,106,879,100,100,0.0422629000,12.6400122511,14.2857142857,16.2430642748,1.0000000000,0.9704960000,216.7963597995
925,100,0,5,100,100,0,0,47,105,685,100,100,0.0401005052,12.5999117459,20.0000000000,16.4114301917,1.0000000000,0.9692800000,217.0683393859
926,100,0,3,100,100,0,0,47,103,491,100,100,0.0376173609,12.5622943850,33.3333333333,16.5797108077,1.0000000000,0.9668480000,217.6143509631
927,100,0,4,100,100,0,0,47,104,588,100,100,0.0379022690,12.5243921160,25.0000000000,16.4955372572,1.0000000000,0.9680640000,217.3410022478
928,100,0,4,100,100,0,0,47,104,588,100,100,0.0404963786,12.4838957374,25.0000000000,16.4956161012,1.0000000000,0.9680640000,217.3410022478
929,100,0,4,100,100,0,0,47,104,588,100,100,0.0384247569,12.4454709805,25.0000000000,16.4955526753,1.0000000000,0.9680640000,217.3410022478
930,100,0,5,100,100,0,0,47,105,685,100,100,0.0391193409,12.4063516396,20.0000000000,16.4113774732,1.0000000000,0.9692800000,217.0683393859
931,100,0,6,100,100,0,0,47,106,782,100,100,0.0415165748,12.3648350648,16.6666666667,16.3272282725,1.0000000000,0.9704960000,216.7963597995
932,100,0,4,100,100,0,0,47,104,588,100,100,0.0380521114,12.3267829534,25.0000000000,16.4955506463,1.0000000000,0.9680640000,217.3410022478
933,100,0,7,100,100,0,0,47,107,879,100,100,0.0424196021,12.2843633513,14.2857142857,16.2430782423,1.0000000000,0.9717120000,216.5250609234
934,100,0,10,100,100,0,0,47,110,1170,100,100,0.0476941959,12.2366691554,10.0000000000,15.9905648734,1.0000000000,0.9753600000,215.7152230971
935,100,0,4,100,100,0,0,47,104,588,100,100,0.0392422509,12.1974269045,25.0000000000,16.4956002824,1.0000000000,0.9680640000,217.3410022478
936,100,0,3,100,100,0,0,47,103,491,100,100,0.0369670215,12.1604598830,33.3333333333,16.5797713979,1.0000000000,0.9668480000,217.6143509631
937,100,0,3,100,100,0,0,47,103,491,100,100,0.0381558790,12.1223040040,33.3333333333,16.5797895617,1.0000000000,0.9668480000,217.6143509631
938,100,0,5,100,100,0,0,47,105,685,100,100,0.0401705394,12.0821334646,20.0000000000,16.4113615483,1.0000000000,0.9692800000,217.0683393859
939,100,0,8,100,100,0,0,47,108,976,100,100,0.0440855181,12.0380479465,12.5000000000,16.1589063817,1.0000000000,0.9729280000,216.2544402052
940,100,0,5,100,100,0,0,47,105,685,100,100,0.0405644379,11.9974835086,20.0000000000,16.4114256591,1.0000000000,0.9692800000,217.0683393859
941,100,0,8,100,100,0,0,48,108,976,100,100,0.0437871805,11.9536963281,12.5000000000,16.1588994215,1.0000000000,0.9729280000,216.2544402052
942,100,0,3,100,100,0,0,48,103,491,100,100,0.0363532747,11.9173430534,33.3333333333,16.5797386389,1.0000000000,0.9668480000,217.6143509631
943,100,0,3,100,100,0,0,48,103,491,100,100,0.0369765001,11.8803665532,33.3333333333,16.5797647931,1.0000000000,0.9668480000,217.6143509631
944,100,0,7,100,100,0,0,48,107,879,100,100,0.0423769212,11.8379896320,14.2857142857,16.2430634699,1.0000000000,0.9717120000,216.5250609234
945,100,0,5,100,100,0,0,48,105,685,100,100,0.0395658224,11.7984238096,20.0000000000,16.4113742716,1.0000000000,0.9692800000,217.0683393859
946,100,0,6,100,100,0,0,48,106,782,100,100,0.0415442040,11.7568796056,16.6666666667,16.3272173640,1.0000000000,0.9704960000,216.7963597995
947,100,0,6,100,100,0,0,48,106,782,100,100,0.0408119622,11.7160676434,16.6666666667,16.3272324105,1.0000000000,0.9704960000,216.7963597995
948,100,0,7,100,100,0,0,48,106,879,100,100,0.0430597023,11.6730079411,14.2857142857,16.2430934192,1.0000000000,0.9704960000,216.7963597995
949,100,0,7,100,100,0,0,48,107,879,100,100,0.0436300023,11.6293779388,14.2857142857,16.2430441428,1.0000000000,0.9717120000,216.5250609234
950,100,0,5,100,100,0,0,48,105,685,100,100,0.0398806798,11.5894972590,20.0000000000,16.4114147087,1.0000000000,0.9692800000,217.0683393859
951,100,0,6,100,100,0,0,48,106,782,100,100,0.0415043562,11.5479929028,16.6666666667,16.3272355120,1.0000000000,0.9704960000,216.7963597995
952,100,0,4,100,100,0,0,48,104,588,100,100,0.0391132416,11.5088796612,25.0000000000,16.4955619261,1.0000000000,0.9680640000,217.3410022478
953,100,0,4,100,100,0,0,48,104,588,100,100,0.0386524444,11.4702272168,25.0000000000,16.4956062742,1.0000000000,0.9680640000,217.3410022478
954,100,0,3,100,100,0,0,48,103,491,100,100,0.0384849175,11.4317422993,33.3333333333,16.5797627190,1.0000000000,0.9668480000,217.6143509631
955,100,0,8,100,100,0,0,48,108,976,100,100,0.0442114067,11.3875308927,12.5000000000,16.1588988147,1.0000000000,0.9729280000,216.2544402052
956,100,0,4,100,100,0,0,48,104,588,100,100,0.0379171047,11.3496137880,25.0000000000,16.4955874165,1.0000000000,0.9680640000,217.3410022478
957,100,0,4,100,100,0,0,48,104,588,100,100,0.0391811888,11.3104325992,25.0000000000,16.4956056566,1.0000000000,0.9680640000,217.3410022478
958,100,0,2,100,100,0,0,48,102,394,100,100,0.0362893577,11.2741432416,50.0000000000,16.6638604797,1.0000000000,0.9656320000,217.8883881230
959,100,0,6,100,100,0,0,48,106,782,100,100,0.0406486473,11.2334945943,16.6666666667,16.3272175687,1.0000000000,0.9704960000,216.7963597995
960,100,0,2,100,100,0,0,48,102,394,100,100,0.0392933136,11.1942012807,50.0000000000,16.6640175262,1.0000000000,0.9656320000,217.8883881230
961,100,0,3,100,100,0,0,49,103,491,100,100,0.0366450838,11.1575561968,33.3333333333,16.5797151386,1.0000000000,0.9668480000,217.6143509631
962,100,0,5,100,100,0,0,49,105,685,100,100,0.0395973842,11.1179588126,20.0000000000,16.4113792242,1.0000000000,0.9692800000,217.0683393859
963,100,0,6,100,100,0,0,49,106,782,100,100,0.0407937457,11.0771650669,16.6666666667,16.3272174874,1.0000000000,0.9704960000,216.7963597995
964,100,0,2,100,100,0,0,49,102,394,100,100,0.0377778701,11.0393871968,50.0000000000,16.6639002397,1.0000000000,0.9656320000,217.8883881230
965,100,0,6,100,100,0,0,49,106,782,100,100,0.0415359667,10.9978512301,16.6666666667,16.3272532573,1.0000000000,0.9704960000,216.7963597995
966,100,0,10,100,100,0,0,49,110,1170,100,100,0.0470841196,10.9507671104,10.0000000000,15.9905593349,1.0000000000,0.9753600000,215.7152230971
967,100,0,8,100,100,0,0,49,108,976,100,100,0.0440747917,10.9066923188,12.5000000000,16.1589292685,1.0000000000,0.9729280000,216.2544402052
968,100,0,3,100,100,0,0,49,103,491,100,100,0.0370878857,10.8696044331,33.3333333333,16.5796941040,1.0000000000,0.9668480000,217.6143509631
969,100,0,6,100,100,0,0,49,106,782,100,100,0.0410444990,10.8285599341,16.6666666667,16.3272148428,1.0000000000,0.9704960000,216.7963597995
970,100,0,4,100,100,0,0,49,104,588,100,100,0.0402964919,10.7882634422,25.0000000000,16.4955919788,1.0000000000,0.9680640000,217.3410022478
971,100,0,6,100,100,0,0,49,106,782,100,100,0.0414452709,10.7468181713,16.6666666667,16.3272647049,1.0000000000,0.9704960000,216.7963597995
972,100,0,5,100,100,0,0,49,105,685,100,100,0.0398140606,10.7070041107,20.0000000000,16.4113863828,1.0000000000,0.9692800000,217.0683393859
973,100,0,4,100,100,0,0,49,104,588,100,100,0.0380457326,10.6689583781,25.0000000000,16.4955646351,1.0000000000,0.9680640000,217.3410022478
974,100,0,2,100,100,0,0,49,102,394,100,100,0.0361590890,10.6327992891,50.0000000000,16.6638844918,1.0000000000,0.9656320000,217.8883881230
975,100,0,4,100,100,0,0,49,104,588,100,100,0.0395741104,10.5932251787,25.0000000000,16.4955604341,1.0000000000,0.9680640000,217.3410022478
976,100,0,7,100,100,0,0,49,106,879,100,100,0.0431442795,10.5500808992,14.2857142857,16.2430833357,1.0000000000,0.9704960000,216.7963597995
977,100,0,5,100,100,0,0,49,105,685,100,100,0.0396701934,10.5104107058,20.0000000000,16.4114243336,1.0000000000,0.9692800000,217.0683393859
978,100,0,6,100,100,0,0,49,106,782,100,100,0.0410397792,10.4693709266,16.6666666667,16.3272354679,1.0000000000,0.9704960000,216.7963597995
979,100,0,4,100,100,0,0,49,104,588,100,100,0.0382307021,10.4311402245,25.0000000000,16.4955238950,1.0000000000,0.9680640000,217.3410022478
980,100,0,4,100,100,0,0,49,104,588,100,100,0.0382909266,10.3928492979,25.0000000000,16.4955921383,1.0000000000,0.9680640000,217.3410022478
981,100,0,1,100,100,0,0,50,101,297,100,100,0.0424186200,10.3504306779,100.0000000000,16.7482083385,1.0000000000,0.9644160000,218.1631163315
982,100,0,5,100,100,0,0,50,105,685,100,100,0.0427533429,10.3076773351,20.0000000000,16.4114653534,1.0000000000,0.9692800000,217.0683393859
983,100,0,5,100,100,0,0,50,105,685,100,100,0.0409328989,10.2667444362,20.0000000000,16.4114055213,1.0000000000,0.9692800000,217.0683393859
984,100,0,4,100,100,0,0,50,104,588,100,100,0.0378952432,10.2288491931,25.0000000000,16.4955610990,1.0000000000,0.9680640000,217.3410022478
985,100,0,4,100,100,0,0,50,104,588,100,100,0.0380172774,10.1908319157,25.0000000000,16.4955563203,1.0000000000,0.9680640000,217.3410022478
986,100,0,3,100,100,0,0,50,103,491,100,100,0.0383495769,10.1524823388,33.3333333333,16.5797335435,1.0000000000,0.9668480000,217.6143509631
987,100,0,7,100,100,0,0,50,107,879,100,100,0.0427421682,10.1097401705,14.2857142857,16.2430656730,1.0000000000,0.9717120000,216.5250609234
988,100,0,6,100,100,0,0,50,106,782,100,100,0.0420110161,10.0677291545,16.6666666667,16.3272502329,1.0000000000,0.9704960000,216.7963597995
989,100,0,5,100,100,0,0,50,105,685,100,100,0.0394198379,10.0283093165,20.0000000000,16.4113833072,1.0000000000,0.9692800000,217.0683393859
990,100,0,8,100,100,0,0,50,108,976,100,100,0.0443845302,9.9839247864,12.5000000000,16.1589014811,1.0000000000,0.9729280000,216.2544402052
991,100,0,2,100,100,0,0,50,102,394,100,100,0.0357491130,9.9481756733,50.0000000000,16.6638468792,1.0000000000,0.9656320000,217.8883881230
992,100,0,4,100,100,0,0,50,104,588,100,100,0.0383233029,9.9098523704,25.0000000000,16.4956078158,1.0000000000,0.9680640000,217.3410022478
993,100,0,9,100,100,0,0,50,109,1073,100,100,0.0460337361,9.8638186343,11.1111111111,16.0747507797,1.0000000000,0.9741440000,215.9844951054
994,100,0,5,100,100,0,0,50,105,685,100,100,0.0395368168,9.8242818175,20.0000000000,16.4114052511,1.0000000000,0.9692800000,217.0683393859
995,100,0,8,100,100,0,0,50,108,976,100,100,0.0439630273,9.7803187903,12.5000000000,16.1589202063,1.0000000000,0.9729280000,216.2544402052
996,100,0,5,100,100,0,0,50,105,685,100,100,0.0394148413,9.7409039490,20.0000000000,16.4113840804,1.0000000000,0.9692800000,217.0683393859
997,100,0,3,100,100,0,0,50,103,491,100,100,0.0373702656,9.7035336834,33.3333333333,16.5797225886,1.0000000000,0.9668480000,217.6143509631
998,100,0,4,100,100,0,0,50,104,588,100,100,0.0384569514,9.6650767319,25.0000000000,16.4955524707,1.0000000000,0.9680640000,217.3410022478
999,100,0,7,100,100,0,0,50,107,879,100,100,0.0423717206,9.6227050113,14.2857142857,16.2430701408,1.0000000000,0.9717120000,216.5250609234
1000,100,0,5,100,100,0,0,50,105,685,100,100,0.0393386084,9.5833664029,20.0000000000,16.4113674942,1.0000000000,0.9692800000,217.0683393859
1001,100,0,3,100,100,0,0,51,103,491,100,100,0.0393683239,9.5439980790,33.3333333333,16.5797748170,1.0000000000,0.9668480000,217.6143509631
1002,100,0,5,100,100,0,0,51,105,685,100,100,0.0401410742,9.5038570048,20.0000000000,16.4114169835,1.0000000000,0.9692800000,217.0683393859
1003,100,0,5,100,100,0,0,51,105,685,100,100,0.0396534573,9.4642035475,20.0000000000,16.4114088135,1.0000000000,0.9692800000,217.0683393859
1004,100,0,7,100,100,0,0,51,107,879,100,100,0.0429112809,9.4212922667,14.2857142857,16.2430722626,1.0000000000,0.9717120000,216.5250609234
1005,100,0,3,100,100,0,0,51,103,491,100,100,0.0394578583,9.3818344083,33.3333333333,16.5797953022,1.0000000000,0.9668480000,217.6143509631
1006,100,0,4,100,100,0,0,51,104,588,100,100,0.0385842119,9.3432501965,25.0000000000,16.4955549707,1.0000000000,0.9680640000,217.3410022478
1007,100,0,2,100,100,0,0,51,102,394,100,100,0.0387472044,9.3045029921,50.0000000000,16.6639392325,1.0000000000,0.9656320000,217.8883881230
1008,100,0,4,100,100,0,0,51,104,588,100,100,0.0410374771,9.2634655149,25.0000000000,16.4956450723,1.0000000000,0.9680640000,217.3410022478
1009,100,0,6,100,100,0,0,51,106,782,100,100,0.0410310569,9.2224344581,16.6666666667,16.3272067480,1.0000000000,0.9704960000,216.7963597995
1010,100,0,12,100,100,0,0,51,110,1364,100,100,0.0509368472,9.1714976109,8.3333333333,15.8222500890,1.0000000000,0.9753600000,215.7152230971
1011,100,0,4,100,100,0,0,51,104,588,100,100,0.0392261366,9.1322714743,25.0000000000,16.4955860170,1.0000000000,0.9680640000,217.3410022478
1012,100,0,4,100,100,0,0,51,104,588,100,100,0.0396931108,9.0925783635,25.0000000000,16.4956359519,1.0000000000,0.9680640000,217.3410022478
1013,100,0,6,100,100,0,0,51,106,782,100,100,0.0408190942,9.0517592693,16.6666666667,16.3272212929,1.0000000000,0.9704960000,216.7963597995
1014,100,0,5,100,100,0,0,51,105,685,100,100,0.0399247772,9.0118344921,20.0000000000,16.4114012408,1.0000000000,0.9692800000,217.0683393859
1015,100,0,10,100,100,0,0,51,109,1170,100,100,0.0470295515,8.9648049406,10.0000000000,15.9905702865,1.0000000000,0.9741440000,215.9844951054
1016,100,0,8,100,100,0,0,51,108,976,100,100,0.0441482483,8.9206566922,12.5000000000,16.1588860109,1.0000000000,0.9729280000,216.2544402052
1017,100,0,3,100,100,0,0,51,103,491,100,100,0.0374880270,8.8831686652,33.3333333333,16.5797536732,1.0000000000,0.9668480000,217.6143509631
1018,100,0,2,100,100,0,0,51,102,394,100,100,0.0386842854,8.8444843797,50.0000000000,16.6639855818,1.0000000000,0.9656320000,217.8883881230
1019,100,0,3,100,100,0,0,51,103,491,100,100,0.0394061985,8.8050781812,33.3333333333,16.5797372819,1.0000000000,0.9668480000,217.6143509631
1020,100,0,4,100,100,0,0,51,104,588,100,100,0.0386036112,8.7664745700,25.0000000000,16.4955655640,1.0000000000,0.9680640000,217.3410022478
1021,100,0,3,100,100,0,0,52,103,491,100,100,0.0378216671,8.7286529029,33.3333333333,16.5796935988,1.0000000000,0.9668480000,217.6143509631
1022,100,0,4,100,100,0,0,52,104,588,100,100,0.0382641869,8.6903887161,25.0000000000,16.4955692870,1.0000000000,0.9680640000,217.3410022478
1023,100,0,2,100,100,0,0,52,102,394,100,100,0.0386634242,8.6517252918,50.0000000000,16.6640049212,1.0000000000,0.9656320000,217.8883881230
1024,100,0,4,100,100,0,0,52,104,588,100,100,0.0380188491,8.6137064428,25.0000000000,16.4955586507,1.0000000000,0.9680640000,217.3410022478
1025,100,0,7,100,100,0,0,52,107,879,100,100,0.0421629254,8.5715435173,14.2857142857,16.2430558350,1.0000000000,0.9717120000,216.5250609234
1026,100,0,6,100,100,0,0,52,106,782,100,100,0.0408541582,8.5306893592,16.6666666667,16.3272357037,1.0000000000,0.9704960000,216.7963597995
1027,100,0,8,100,100,0,0,52,108,976,100,100,0.0440041119,8.4866852473,12.5000000000,16.1588866258,1.0000000000,0.9729280000,216.2544402052
1028,100,0,7,100,100,0,0,52,107,879,100,100,0.0427599274,8.4439253200,14.2857142857,16.2430495496,1.0000000000,0.9717120000,216.5250609234
1029,100,0,2,100,100,0,0,52,102,394,100,100,0.0366548891,8.4072704309,50.0000000000,16.6639294449,1.0000000000,0.9656320000,217.8883881230
1030,100,0,8,100,100,0,0,52,108,976,100,100,0.0441739593,8.3630964716,12.5000000000,16.1589061497,1.0000000000,0.9729280000,216.2544402052
1031,100,0,6,100,100,0,0,52,105,782,100,100,0.0426428296,8.3204536420,16.6666666667,16.3272890993,1.0000000000,0.9692800000,217.0683393859
1032,100,0,7,100,100,0,0,52,106,879,100,100,0.0427507545,8.2777028875,14.2857142857,16.2430749261,1.0000000000,0.9704960000,216.7963597995
1033,100,0,5,100,100,0,0,52,105,685,100,100,0.0388811843,8.2388217033,20.0000000000,16.4113942180,1.0000000000,0.9692800000,217.0683393859
1034,100,0,5,100,100,0,0,52,105,685,100,100,0.0397196168,8.1991020865,20.0000000000,16.4113662995,1.0000000000,0.9692800000,217.0683393859
1035,100,0,6,100,100,0,0,52,106,782,100,100,0.0419390151,8.1571630713,16.6666666667,16.3272379848,1.0000000000,0.9704960000,216.7963597995
1036,100,0,2,100,100,0,0,52,102,394,100,100,0.0391353338,8.1180277375,50.0000000000,16.6639397188,1.0000000000,0.9656320000,217.8883881230
1037,99,1,6,99,99,0,0,52,106,781,99,99,0.0414658339,8.0765619037,16.5000000000,16.3221613480,1.0000000000,0.9620800000,216.5059038749
1038,99,1,7,99,99,0,0,52,105,870,99,99,0.0424969967,8.0340649070,14.1428571429,16.2371094280,1.0000000000,0.9608640000,216.7798980917
1039,99,1,2,99,99,0,0,52,101,390,99,99,0.0363144377,7.9977504693,49.5000000000,16.6621854728,1.0000000000,0.9560000000,217.8828451883
1040,99,1,3,99,99,0,0,52,102,486,99,99,0.0367183956,7.9610320737,33.0000000000,16.5772015003,1.0000000000,0.9572160000,217.6060575669
1041,99,1,2,99,99,0,0,53,101,390,99,99,0.0414797744,7.9195522993,49.5000000000,16.6623558056,1.0000000000,0.9560000000,217.8828451883
1042,99,1,7,99,99,0,0,53,106,870,99,99,0.0418385357,7.8777137636,14.1428571429,16.2371313716,1.0000000000,0.9620800000,216.5059038749
1043,99,1,5,99,99,0,0,53,104,678,99,99,0.0393108275,7.8384029361,19.8000000000,16.4071581082,1.0000000000,0.9596480000,217.0545866818
1044,99,1,5,99,99,0,0,53,104,678,99,99,0.0392234430,7.7991794930,19.8000000000,16.4071249445,1.0000000000,0.9596480000,217.0545866818
1045,99,1,1,99,99,0,0,53,100,294,99,99,0.0409635327,7.7582159603,99.0000000000,16.7473491039,1.0000000000,0.9547840000,218.1603378356
1046,99,1,9,99,99,0,0,53,108,1062,99,99,0.0449610684,7.7132548920,11.0000000000,16.0670813792,1.0000000000,0.9645120000,215.9599880561
1047,99,1,4,99,99,0,0,53,103,582,99,99,0.0384866476,7.6747682444,24.7500000000,16.4921711235,1.0000000000,0.9584320000,217.3299722881
1048,99,1,12,99,99,0,0,53,110,1350,99,99,0.0499209417,7.6248473027,8.2500000000,15.8120568937,1.0000000000,0.9669440000,215.4168183473
1049,99,1,3,99,99,0,0,53,102,486,99,99,0.0386571850,7.5861901177,33.0000000000,16.5772107572,1.0000000000,0.9572160000,217.6060575669
1050,99,1,2,99,99,0,0,53,101,390,99,99,0.0356550016,7.5505351161,49.5000000000,16.6622047357,1.0000000000,0.9560000000,217.8828451883
1051,99,1,5,99,99,0,0,53,104,678,99,99,0.0390225583,7.5115125579,19.8000000000,16.4070992932,1.0000000000,0.9596480000,217.0545866818
1052,99,1,6,99,99,0,0,53,105,774,99,99,0.0405768037,7.4709357542,16.5000000000,16.3221127453,1.0000000000,0.9608640000,216.7798980917
1053,99,1,4,99,99,0,0,53,103,582,99,99,0.0376323664,7.4333033878,24.7500000000,16.4921407550,1.0000000000,0.9584320000,217.3299722881
1054,99,1,3,99,99,0,0,53,102,486,99,99,0.0365477216,7.3967556663,33.0000000000,16.5771601715,1.0000000000,0.9572160000,217.6060575669
1055,99,1,5,99,99,0,0,53,104,678,99,99,0.0391442885,7.3576113778,19.8000000000,16.4071209411,1.0000000000,0.9596480000,217.0545866818
1056,99,1,7,99,99,0,0,53,106,870,99,99,0.0419804811,7.3156308967,14.1428571429,16.2371330754,1.0000000000,0.9620800000,216.5059038749
1057,99,1,2,99,99,0,0,53,101,390,99,99,0.0399973686,7.2756335281,49.5000000000,16.6623116462,1.0000000000,0.9560000000,217.8828451883
1058,99,1,7,99,99,0,0,53,106,870,99,99,0.0420736140,7.2335599140,14.1428571429,16.2371163811,1.0000000000,0.9620800000,216.5059038749
1059,99,1,2,99,99,0,0,53,101,390,99,99,0.0359585461,7.1976013680,49.5000000000,16.6622164950,1.0000000000,0.9560000000,217.8828451883
1060,99,1,8,99,99,0,0,53,106,966,99,99,0.0442044179,7.1533969500,12.3750000000,16.1521522198,1.0000000000,0.9620800000,216.5059038749
1061,99,1,7,99,99,0,0,54,106,870,99,99,0.0417136688,7.1116832812,14.1428571429,16.2371050897,1.0000000000,0.9620800000,216.5059038749
1062,99,1,7,99,99,0,0,54,106,870,99,99,0.0418061726,7.0698771086,14.1428571429,16.2371012566,1.0000000000,0.9620800000,216.5059038749
1063,99,1,3,99,99,0,0,54,102,486,99,99,0.0366564132,7.0332206955,33.0000000000,16.5771501723,1.0000000000,0.9572160000,217.6060575669
1064,99,1,5,99,99,0,0,54,104,678,99,99,0.0387831105,6.9944375850,19.8000000000,16.4071438213,1.0000000000,0.9596480000,217.0545866818
1065,99,1,4,99,99,0,0,54,103,582,99,99,0.0392191156,6.9552184693,24.7500000000,16.4922080131,1.0000000000,0.9584320000,217.3299722881
1066,99,1,7,99,99,0,0,54,106,870,99,99,0.0425428316,6.9126756377,14.1428571429,16.2371149206,1.0000000000,0.9620800000,216.5059038749
1067,99,1,7,99,99,0,0,54,106,870,99,99,0.0434625422,6.8692130955,14.1428571429,16.2371462620,1.0000000000,0.9620800000,216.5059038749
1068,99,1,3,99,99,0,0,54,102,486,99,99,0.0371748298,6.8320382657,33.0000000000,16.5772195241,1.0000000000,0.9572160000,217.6060575669
1069,99,1,6,99,99,0,0,54,105,774,99,99,0.0399615405,6.7920767252,16.5000000000,16.3221148099,1.0000000000,0.9608640000,216.7798980917
1070,99,1,3,99,99,0,0,54,102,486,99,99,0.0361830331,6.7558936921,33.0000000000,16.5771917264,1.0000000000,0.9572160000,217.6060575669
1071,99,1,7,99,99,0,0,54,106,870,99,99,0.0425593666,6.7133343255,14.1428571429,16.2371374310,1.0000000000,0.9620800000,216.5059038749
1072,98,2,6,98,98,0,0,54,104,770,98,98,0.0412025429,6.6721317827,16.3333333333,16.3169367023,1.0000000000,0.9512320000,216.7631030075
1073,98,2,7,98,98,0,0,54,105,861,98,98,0.0426565111,6.6294752715,14.0000000000,16.2311058926,1.0000000000,0.9524480000,216.4863593603
1074,98,2,3,98,98,0,0,54,101,481,98,98,0.0384005280,6.5910747435,32.6666666667,16.5746124802,1.0000000000,0.9475840000,217.5975955694
1075,98,2,5,98,98,0,0,54,103,671,98,98,0.0400282571,6.5510464864,19.6000000000,16.4028280316,1.0000000000,0.9500160000,217.0405551064
1076,98,2,1,98,98,0,0,54,99,291,98,98,0.0368186469,6.5142278395,98.0000000000,16.7463904740,1.0000000000,0.9451520000,218.1575027086
1077,98,2,5,98,98,0,0,54,103,671,98,98,0.0387840194,6.4754438202,19.6000000000,16.4028007738,1.0000000000,0.9500160000,217.0405551064
1078,98,2,5,98,98,0,0,54,103,671,98,98,0.0387583454,6.4366854748,19.6000000000,16.4028436826,1.0000000000,0.9500160000,217.0405551064
1079,98,2,3,98,98,0,0,54,101,481,98,98,0.0380382027,6.3986472721,32.6666666667,16.5746133434,1.0000000000,0.9475840000,217.5975955694
1080,98,2,5,98,98,0,0,54,103,671,98,98,0.0385434897,6.3601037824,19.6000000000,16.4028305676,1.0000000000,0.9500160000,217.0405551064
1081,97,3,9,97,97,0,0,55,106,1049,97,97,0.0444302018,6.3156735806,10.7777777778,16.0513166674,1.0000000000,0.9452480000,215.9094756085
1082,97,3,9,97,97,0,0,55,105,1040,97,97,0.0447676281,6.2709059525,10.7777777778,16.0513349363,1.0000000000,0.9440320000,216.1875868615
1083,97,3,4,97,97,0,0,55,101,570,97,97,0.0372364812,6.2336694713,24.2500000000,16.4851585413,1.0000000000,0.9391680000,217.3072336366
1084,97,3,1,97,97,0,0,55,98,288,97,97,0.0361026034,6.1975668679,97.0000000000,16.7454924239,1.0000000000,0.9355200000,218.1546092013
1085,96,4,5,97,69,28,0,55,102,664,73,73,0.0326474636,6.1649194043,14.0000000000,16.3443084527,0.7113402062,0.7384000000,196.6088840737
1086,96,4,1,96,96,0,0,55,97,285,96,96,0.0400974443,6.1248219600,96.0000000000,16.7446934812,1.0000000000,0.9258880000,218.1516554918
1087,96,4,6,96,96,0,0,55,101,750,96,96,0.0396752410,6.0851467190,16.0000000000,16.3061946444,1.0000000000,0.9307520000,217.0116207110
1088,96,4,3,96,96,0,0,55,99,471,96,96,0.0380217701,6.0471249488,32.0000000000,16.5692200126,1.0000000000,0.9283200000,217.5801447777
1089,96,4,4,96,96,0,0,55,100,564,96,96,0.0386422813,6.0084826675,24.0000000000,16.4815687466,1.0000000000,0.9295360000,217.2955108785
1090,96,4,5,96,96,0,0,55,101,657,96,96,0.0376019001,5.9708807674,19.2000000000,16.3938651941,1.0000000000,0.9307520000,217.0116207110
1091,96,4,4,96,96,0,0,55,100,564,96,96,0.0364674539,5.9344133136,24.0000000000,16.4815153678,1.0000000000,0.9295360000,217.2955108785
1092,96,4,6,96,96,0,0,55,102,750,96,96,0.0392029660,5.8952103475,16.0000000000,16.3061946353,1.0000000000,0.9319680000,216.7284713638
1093,96,4,6,96,96,0,0,55,102,750,96,96,0.0413436451,5.8538667024,16.0000000000,16.3062503731,1.0000000000,0.9319680000,216.7284713638
1094,96,4,5,96,96,0,0,55,101,657,96,96,0.0388637138,5.8150029886,19.2000000000,16.3938846768,1.0000000000,0.9307520000,217.0116207110
1095,96,4,8,96,96,0,0,55,104,936,96,96,0.0421666712,5.7728363174,12.0000000000,16.1308432275,1.0000000000,0.9344000000,216.1643835616
1096,96,4,3,96,96,0,0,55,99,471,96,96,0.0355625420,5.7372737754,32.0000000000,16.5691900027,1.0000000000,0.9283200000,217.5801447777
1097,96,4,6,96,96,0,0,55,102,750,96,96,0.0392936596,5.6979801158,16.0000000000,16.3061988141,1.0000000000,0.9319680000,216.7284713638
1098,96,4,4,96,96,0,0,55,100,564,96,96,0.0372401407,5.6607399751,24.0000000000,16.4815138799,1.0000000000,0.9295360000,217.2955108785
1099,96,4,2,96,96,0,0,55,98,378,96,96,0.0363836609,5.6243563142,48.0000000000,16.6569804844,1.0000000000,0.9271040000,217.8655253348
1100,96,4,6,96,96,0,0,55,102,750,96,96,0.0393090704,5.5850472438,16.0000000000,16.3061932202,1.0000000000,0.9319680000,216.7284713638
1101,96,4,5,96,96,0,0,56,101,657,96,96,0.0382513958,5.5467958481,19.2000000000,16.3938736069,1.0000000000,0.9307520000,217.0116207110
1102,96,4,6,96,96,0,0,56,102,750,96,96,0.0393803390,5.5074155091,16.0000000000,16.3061811619,1.0000000000,0.9319680000,216.7284713638
1103,96,4,5,96,96,0,0,56,101,657,96,96,0.0380635148,5.4693519943,19.2000000000,16.3938498117,1.0000000000,0.9307520000,217.0116207110
1104,93,7,2,94,16,78,0,56,82,491,25,25,0.0173699364,5.4519820579,8.5000000000,16.3062304148,0.1702127660,0.3101120000,108.5543287586
1105,93,7,6,93,92,1,0,56,99,726,92,92,0.0377618138,5.4142202441,15.5000000000,16.2833070490,0.9892473118,0.8946560000,216.3602546677
1106,93,7,4,93,92,1,0,56,97,546,92,92,0.0365370486,5.3776831955,23.2500000000,16.4663300985,0.9892473118,0.8922240000,216.9500035865
1107,92,8,6,92,92,0,0,56,98,718,92,92,0.0396322626,5.3380509328,15.3333333333,16.2833510378,1.0000000000,0.8934400000,216.6547277937
1108,92,8,2,92,92,0,0,56,94,362,92,92,0.0387095570,5.2993413758,46.0000000000,16.6493955936,1.0000000000,0.8885760000,217.8406799193
1109,92,8,6,92,92,0,0,56,98,718,92,92,0.0383207523,5.2610206235,15.3333333333,16.2833489410,1.0000000000,0.8934400000,216.6547277937
1110,92,8,7,92,92,0,0,56,99,807,92,92,0.0388278098,5.2221928137,13.1428571429,16.1918393507,1.0000000000,0.8946560000,216.3602546677
1111,92,8,1,92,92,0,0,56,93,273,92,92,0.0365643416,5.1856284721,92.0000000000,16.7408264556,1.0000000000,0.8873600000,218.1391994230
1112,92,8,5,92,92,0,0,56,97,629,92,92,0.0362368055,5.1493916666,18.4000000000,16.3748179298,1.0000000000,0.8922240000,216.9500035865
1113,92,8,6,92,92,0,0,56,98,718,92,92,0.0372640859,5.1121275807,15.3333333333,16.2833139314,1.0000000000,0.8934400000,216.6547277937
1114,92,8,3,92,92,0,0,56,95,451,92,92,0.0346136825,5.0775138983,30.6666666667,16.5578256621,1.0000000000,0.8897920000,217.5429763360
1115,92,8,4,92,92,0,0,56,96,540,92,92,0.0354275462,5.0420863520,23.0000000000,16.4663259616,1.0000000000,0.8910080000,217.2460853326
1116,92,8,6,92,92,0,0,56,98,718,92,92,0.0374270613,5.0046592907,15.3333333333,16.2833222953,1.0000000000,0.8934400000,216.6547277937
1117,92,8,5,92,91,1,0,56,97,629,91,91,0.0359679584,4.9686913323,18.4000000000,16.3697871178,0.9891304348,0.8838080000,216.6352873022
1118,91,9,5,91,91,0,0,56,96,624,91,91,0.0358548938,4.9328364384,18.2000000000,16.3697819799,1.0000000000,0.8825920000,216.9337587470
1119,90,10,7,90,90,0,0,56,98,797,90,90,0.0383798207,4.8944566177,12.8571428571,16.1776343357,1.0000000000,0.8766080000,216.0144557202
1120,90,10,2,90,90,0,0,56,92,354,90,90,0.0330501886,4.8614064291,45.0000000000,16.6451717545,1.0000000000,0.8693120000,217.8274313480
1121,90,10,3,90,90,0,0,57,93,441,90,90,0.0329477534,4.8284586758,30.0000000000,16.5516701870,1.0000000000,0.8705280000,217.5231583591
1122,90,10,7,90,90,0,0,57,97,789,90,90,0.0389177552,4.7895409205,12.8571428571,16.1776267941,1.0000000000,0.8753920000,216.3145196666
1123,90,10,3,90,90,0,0,57,93,441,90,90,0.0340754640,4.7554654565,30.0000000000,16.5517196949,1.0000000000,0.8705280000,217.5231583591
1124,90,10,2,90,90,0,0,57,92,354,90,90,0.0332004176,4.7222650390,45.0000000000,16.6452041346,1.0000000000,0.8693120000,217.8274313480
1125,89,11,4,89,89,0,0,57,93,523,89,89,0.0349970236,4.6872680153,22.2500000000,16.4540015179,1.0000000000,0.8621120000,217.2061170706
1126,88,12,6,89,68,21,0,57,94,694,88,88,0.0361853623,4.6510826530,11.5000000000,16.2133636289,0.7640449438,0.8549120000,167.3528971403
1127,88,12,1,88,88,0,0,57,89,261,88,88,0.0435065838,4.6075760692,88.0000000000,16.7368087921,1.0000000000,0.8488320000,218.1256126065
1128,88,12,8,88,88,0,0,57,96,856,88,88,0.0385740513,4.5690020178,11.0000000000,16.0671177697,1.0000000000,0.8573440000,215.9599880561
1129,88,12,6,88,88,0,0,57,94,686,88,88,0.0362212853,4.5327807326,14.6666666667,16.2583737953,1.0000000000,0.8549120000,216.5743374757
1130,88,12,3,88,88,0,0,57,91,431,88,88,0.0332487712,4.4995319614,29.3333333333,16.5453278194,1.0000000000,0.8512640000,217.5024434253
1131,88,12,3,88,88,0,0,57,91,431,88,88,0.0329017460,4.4666302154,29.3333333333,16.5453497999,1.0000000000,0.8512640000,217.5024434253
1132,88,12,7,88,88,0,0,57,95,771,88,88,0.0376603588,4.4289698566,12.5714285714,16.1627481527,1.0000000000,0.8561280000,216.2667264708
1133,88,12,4,88,88,0,0,57,92,516,88,88,0.0344995599,4.3944702966,22.0000000000,16.4496724551,1.0000000000,0.8524800000,217.1921921922
1134,88,12,2,88,88,0,0,57,90,346,88,88,0.0332730810,4.3611972156,44.0000000000,16.6410228400,1.0000000000,0.8500480000,217.8135822918
1135,88,12,6,88,88,0,0,57,94,686,88,88,0.0363586071,4.3248386085,14.6666666667,16.2583695309,1.0000000000,0.8549120000,216.5743374757
1136,88,12,6,88,88,0,0,57,93,686,88,88,0.0358411734,4.2889974351,14.6666666667,16.2583631271,1.0000000000,0.8536960000,216.8828247995
1137,88,12,3,88,88,0,0,57,91,431,88,88,0.0335701761,4.2554272590,29.3333333333,16.5453197327,1.0000000000,0.8512640000,217.5024434253
1138,88,12,2,88,88,0,0,57,90,346,88,88,0.0316692257,4.2237580334,44.0000000000,16.6409601358,1.0000000000,0.8500480000,217.8135822918
1139,88,12,5,88,88,0,0,57,93,601,88,88,0.0348889857,4.1888690477,17.6000000000,16.3540413492,1.0000000000,0.8536960000,216.8828247995
1140,88,12,8,88,88,0,0,57,96,856,88,88,0.0390019640,4.1498670837,11.0000000000,16.0671220846,1.0000000000,0.8573440000,215.9599880561
1141,88,12,2,88,88,0,0,58,90,346,88,88,0.0376413907,4.1122256931,44.0000000000,16.6410896084,1.0000000000,0.8500480000,217.8135822918
1142,88,12,6,88,88,0,0,58,94,686,88,88,0.0369462375,4.0752794556,14.6666666667,16.2584064428,1.0000000000,0.8549120000,216.5743374757
1143,88,12,5,88,88,0,0,58,93,601,88,88,0.0363656617,4.0389137939,17.6000000000,16.3540434370,1.0000000000,0.8536960000,216.8828247995
1144,88,12,3,88,88,0,0,58,91,431,88,88,0.0322223180,4.0066914759,29.3333333333,16.5453103403,1.0000000000,0.8512640000,217.5024434253
1145,88,12,3,88,88,0,0,58,91,431,88,88,0.0338628494,3.9728286266,29.3333333333,16.5453199016,1.0000000000,0.8512640000,217.5024434253
1146,87,13,4,88,58,30,0,58,92,516,87,87,0.0329316044,3.9398970222,14.7500000000,16.3968952410,0.6590909091,0.8440640000,144.5767145619
1147,87,13,5,87,87,0,0,58,92,594,87,87,0.0347257985,3.9051712237,17.4000000000,16.3485475301,1.0000000000,0.8440640000,216.8650718429
1148,87,13,3,87,87,0,0,58,90,426,87,87,0.0327189926,3.8724522310,29.0000000000,16.5420367276,1.0000000000,0.8416320000,217.4917303525
1149,87,13,3,87,87,0,0,58,90,426,87,87,0.0336541020,3.8387981290,29.0000000000,16.5420492524,1.0000000000,0.8416320000,217.4917303525
1150,87,13,7,87,87,0,0,58,94,762,87,87,0.0368474584,3.8019506707,12.4285714286,16.1550309066,1.0000000000,0.8464960000,216.2420141383
1151,85,15,6,86,59,27,0,58,92,676,71,71,0.0318284526,3.7701222181,10.0000000000,16.1189804118,0.6860465116,0.7094080000,174.9853398890
1152,85,15,11,85,85,0,0,58,96,1072,85,85,0.0416640356,3.7284581825,7.7272727273,15.7430675071,1.0000000000,0.8320960000,214.9271237934
1153,85,15,2,85,85,0,0,58,87,334,85,85,0.0351701863,3.6932879962,42.5000000000,16.6342965182,1.0000000000,0.8211520000,217.7915903511
1154,84,16,4,84,84,0,0,58,89,497,84,84,0.0336621361,3.6596258601,21.0000000000,16.4315064684,1.0000000000,0.8151680000,216.8092957525
1155,84,16,3,84,84,0,0,58,87,411,84,84,0.0355541680,3.6240716921,28.0000000000,16.5317773969,1.0000000000,0.8127360000,217.4580675644
1156,84,16,8,84,84,0,0,58,92,816,84,84,0.0372980132,3.5867736789,10.5000000000,16.0306722126,1.0000000000,0.8188160000,215.8433640769
1157,83,17,1,84,0,84,0,58,85,249,22,22,0.0138243829,3.5729492960,1.0000000000,0.0000000000,0.0000000000,0.2885120000,0.0000000000
1158,83,17,2,83,83,0,0,58,85,326,83,83,0.0348886270,3.5380606690,41.5000000000,16.6295379166,1.0000000000,0.8018880000,217.7760485255
1159,83,17,5,83,83,0,0,58,88,566,83,83,0.0332097193,3.5048509497,16.6000000000,16.3252328338,1.0000000000,0.8055360000,216.7898144838
1160,83,17,4,83,83,0,0,58,87,486,83,83,0.0339242476,3.4709267021,20.7500000000,16.4266593328,1.0000000000,0.8043200000,217.1175651482
1161,83,17,2,83,83,0,0,59,85,326,83,83,0.0354175367,3.4355091654,41.5000000000,16.6295508258,1.0000000000,0.8018880000,217.7760485255
1162,83,17,5,83,83,0,0,59,88,566,83,83,0.0328311868,3.4026779786,16.6000000000,16.3252239473,1.0000000000,0.8055360000,216.7898144838
1163,83,17,3,83,83,0,0,59,86,406,83,83,0.0318115350,3.3708664436,27.6666666667,16.5280151444,1.0000000000,0.8031040000,217.4463083237
1164,83,17,6,83,83,0,0,59,89,646,83,83,0.0345403734,3.3363260702,13.8333333333,16.2238514123,1.0000000000,0.8067520000,216.4630518424
1165,83,17,3,83,83,0,0,59,86,406,83,83,0.0307079580,3.3056181121,27.6666666667,16.5280525918,1.0000000000,0.8031040000,217.4463083237
1166,83,17,7,83,83,0,0,59,90,726,83,83,0.0351373965,3.2704807156,11.8571428571,16.1224368500,1.0000000000,0.8079680000,216.1372727633
1167,83,17,3,83,83,0,0,59,86,406,83,83,0.0309738981,3.2395068175,27.6666666667,16.5280635833,1.0000000000,0.8031040000,217.4463083237
1168,83,17,6,83,83,0,0,59,89,646,83,83,0.0353815948,3.2041252227,13.8333333333,16.2238683905,1.0000000000,0.8067520000,216.4630518424
1169,83,17,2,83,83,0,0,59,85,326,83,83,0.0329031102,3.1712221125,41.5000000000,16.6294837788,1.0000000000,0.8018880000,217.7760485255
1170,83,17,4,83,83,0,0,59,87,486,83,83,0.0314953570,3.1397267556,20.7500000000,16.4266528196,1.0000000000,0.8043200000,217.1175651482
1171,83,17,4,83,83,0,0,59,87,486,83,83,0.0338694690,3.1058572866,20.7500000000,16.4267099937,1.0000000000,0.8043200000,217.1175651482
1172,83,17,2,83,83,0,0,59,85,326,83,83,0.0328971715,3.0729601150,41.5000000000,16.6294927638,1.0000000000,0.8018880000,217.7760485255
1173,83,17,5,83,82,1,0,59,88,566,82,82,0.0324791921,3.0404809229,16.6000000000,16.3190180385,0.9879518072,0.7971200000,216.4391810518
1174,83,17,4,83,82,1,0,59,87,486,82,82,0.0314844484,3.0089964745,20.7500000000,16.4216917149,0.9879518072,0.7959040000,216.7698616919
1175,82,18,2,82,82,0,0,59,84,324,82,82,0.0293209443,2.9796755303,41.0000000000,16.6269479666,1.0000000000,0.7922560000,217.7679941837
1176,81,19,4,81,81,0,0,59,75,532,81,81,0.0313817921,2.9482937382,20.2500000000,16.4166268524,1.0000000000,0.7728960000,220.5005589368
1177,80,20,2,81,22,59,0,59,83,318,74,74,0.0272247284,2.9210690098,11.5000000000,16.4497191162,0.2716049383,0.7237120000,63.9591439689
1178,79,21,6,79,79,0,0,59,85,617,79,79,0.0331431138,2.8879258959,13.1666666667,16.1930536242,1.0000000000,0.7682240000,216.3639771733
1179,79,21,6,79,79,0,0,59,85,614,79,79,0.0321198723,2.8558060236,13.1666666667,16.1930091040,1.0000000000,0.7682240000,216.3639771733
1180,79,21,5,79,79,0,0,59,84,538,79,79,0.0318161818,2.8239898418,15.8000000000,16.2995747664,1.0000000000,0.7670080000,216.7069965372
1181,78,22,4,78,78,0,0,60,83,461,78,78,0.0304603884,2.7935294534,19.5000000000,16.4006550418,1.0000000000,0.7573760000,216.6849754943
1182,78,22,2,78,77,1,0,60,80,306,77,77,0.0367976631,2.7567317903,39.0000000000,16.6138007446,0.9871794872,0.7453120000,217.3693701430
1183,77,23,3,78,42,36,0,60,81,381,59,59,0.0254259877,2.7313058026,14.3333333333,16.4315361294,0.5384615385,0.5950400000,148.5076633504
1184,76,24,5,76,76,0,0,60,80,522,76,76,0.0317723634,2.6995334391,15.2000000000,16.2785837043,1.0000000000,0.7368960000,216.9966996700
1185,76,24,2,76,75,1,0,60,78,298,75,75,0.0275052239,2.6720282153,38.0000000000,16.6078522675,0.9868421053,0.7260480000,217.3410022478
1186,75,25,6,75,75,0,0,60,81,584,75,75,0.0308696224,2.6411585929,12.5000000000,16.1589133271,1.0000000000,0.7296960000,216.2544402052
1187,74,26,2,74,74,0,0,60,76,292,74,74,0.0279167603,2.6132418326,37.0000000000,16.6048396951,1.0000000000,0.7152000000,217.6957494407
1188,74,26,5,74,74,0,0,60,78,503,74,74,0.0292792757,2.5839625568,14.8000000000,16.2635693420,1.0000000000,0.7176320000,216.9579951842
1189,74,26,3,74,74,0,0,60,77,361,74,74,0.0294303955,2.5545321613,24.6666666667,16.4910985235,1.0000000000,0.7164160000,217.3262462033
1190,74,26,6,74,74,0,0,60,80,574,74,74,0.0308760853,2.5236560760,12.3333333333,16.1498497188,1.0000000000,0.7200640000,216.2252244245
1191,74,26,3,74,74,0,0,60,77,361,74,74,0.0298601387,2.4937959373,24.6666666667,16.4911209419,1.0000000000,0.7164160000,217.3262462033
1192,73,27,7,74,57,17,0,60,81,645,64,64,0.0291649409,2.4646309964,8.2857142857,15.9463093685,0.7702702703,0.6371200000,188.2345554997
1193,72,28,2,72,72,0,0,60,74,282,72,72,0.0274018509,2.4372291455,36.0000000000,16.5985301036,1.0000000000,0.6959360000,217.6751885231
1194,72,28,6,72,72,0,0,60,78,558,72,72,0.0292629854,2.4079661601,12.0000000000,16.1308558797,1.0000000000,0.7008000000,216.1643835616
1195,72,28,1,72,72,0,0,60,73,213,72,72,0.0303936930,2.3775724672,72.0000000000,16.7154612706,1.0000000000,0.6947200000,218.0561953017
1196,72,28,6,72,72,0,0,60,78,558,72,72,0.0293302828,2.3482421844,12.0000000000,16.1308666265,1.0000000000,0.7008000000,216.1643835616
1197,72,28,4,72,72,0,0,60,76,420,72,72,0.0281506901,2.3200914943,18.0000000000,16.3647022864,1.0000000000,0.6983680000,216.9171554252
1198,72,28,3,72,72,0,0,60,75,351,72,72,0.0281629156,2.2919285787,24.0000000000,16.4816126417,1.0000000000,0.6971520000,217.2955108785
1199,71,29,3,72,32,40,0,60,75,351,60,60,0.0247157416,2.2672128371,11.0000000000,16.3063014877,0.4444444444,0.5961600000,112.9361245303
1200,70,30,1,71,0,71,0,60,72,210,62,62,0.0236069302,2.2436059069,1.0000000000,0.0000000000,0.0000000000,0.6093440000,0.0000000000
1201,70,30,5,70,70,0,0,61,75,475,70,70,0.0273084342,2.2162974727,14.0000000000,16.2310699282,1.0000000000,0.6803200000,216.4863593603
1202,69,31,1,70,0,70,0,61,71,207,12,12,0.0093876404,2.2069098322,1.0000000000,0.0000000000,0.0000000000,0.1873280000,0.0000000000
1203,69,31,4,69,69,0,0,61,73,402,69,69,0.0273852723,2.1795245600,17.2500000000,16.3443866374,1.0000000000,0.6694720000,216.8514889346
1204,68,32,4,68,68,0,0,61,73,467,68,68,0.0279436104,2.1515809495,17.0000000000,16.3371613943,1.0000000000,0.6610560000,216.4294704231
1205,68,32,1,68,68,0,0,61,69,201,68,68,0.0308112291,2.1207697204,68.0000000000,16.7086203324,1.0000000000,0.6561920000,218.0337462206
1206,68,32,4,68,68,0,0,61,72,396,68,68,0.0273043144,2.0934654060,17.0000000000,16.3371879045,1.0000000000,0.6598400000,216.8283220175
1207,68,32,5,68,68,0,0,61,72,461,68,68,0.0271407898,2.0663246162,13.6000000000,16.2133871636,1.0000000000,0.6598400000,216.8283220175
1208,68,32,3,68,68,0,0,61,71,331,68,68,0.0248044083,2.0415202079,22.6666666667,16.4609468966,1.0000000000,0.6586240000,217.2286463900
1209,68,32,4,68,67,1,0,61,72,396,67,67,0.0262472470,2.0152729610,17.0000000000,16.3297746558,0.9852941176,0.6514240000,216.3997642089
1210,67,33,2,67,67,0,0,61,69,263,67,67,0.0257027607,1.9895702002,33.5000000000,16.5810634994,1.0000000000,0.6477760000,217.6184360026
1211,66,34,2,66,66,0,0,61,68,260,66,66,0.0245078407,1.9650623595,33.0000000000,16.5772523271,1.0000000000,0.6381440000,217.6060575669
1212,66,34,4,66,66,0,0,61,70,384,66,66,0.0262715850,1.9387907745,16.5000000000,16.3222049615,1.0000000000,0.6405760000,216.7798980917
1213,65,35,1,65,65,0,0,61,67,194,65,65,0.0267232012,1.9120675734,65.0000000000,16.7028598934,1.0000000000,0.6285120000,217.5932997302
1214,65,35,3,65,65,0,0,61,68,316,65,65,0.0240861373,1.8879814360,21.6666666667,16.4438146441,1.0000000000,0.6297280000,217.1731287159
1215,65,35,3,65,65,0,0,61,68,316,65,65,0.0286292430,1.8593521930,21.6666666667,16.4439066915,1.0000000000,0.6297280000,217.1731287159
1216,65,35,3,65,65,0,0,61,68,316,65,65,0.0256796051,1.8336725879,21.6666666667,16.4438437971,1.0000000000,0.6297280000,217.1731287159
1217,64,36,2,65,33,32,0,61,67,254,61,61,0.0234188587,1.8102537292,17.5000000000,16.5772734592,0.5076923077,0.5948480000,116.7222550971
1218,64,36,5,64,63,1,0,61,68,433,63,63,0.0262420110,1.7840117182,12.8000000000,16.1643249393,0.9843750000,0.6128960000,216.2716023599
1219,63,37,7,63,63,0,0,61,70,547,63,63,0.0267961643,1.7572155539,9.0000000000,15.8971082182,1.0000000000,0.6153280000,215.4168183473
1220,63,37,3,63,63,0,0,61,66,306,63,63,0.0238537351,1.7333618188,21.0000000000,16.4314985711,1.0000000000,0.6104640000,217.1331970436
1221,63,37,5,63,63,0,0,62,68,426,63,63,0.0263277506,1.7070340682,12.6000000000,16.1643246875,1.0000000000,0.6128960000,216.2716023599
1222,63,37,1,63,62,1,0,62,64,186,62,62,0.0266639235,1.6803701447,63.0000000000,16.6966134662,0.9841269841,0.5996160000,217.5525669762
1223,62,38,7,62,62,0,0,62,69,538,62,62,0.0274908365,1.6528793082,8.8571428571,15.8820533710,1.0000000000,0.6056960000,215.3687658495
1224,62,38,3,62,62,0,0,62,65,301,62,62,0.0232357211,1.6296435871,20.6666666667,16.4250502507,1.0000000000,0.6008320000,217.1122709842
1225,62,38,2,62,62,0,0,62,64,242,62,62,0.0254417296,1.6042018575,31.0000000000,16.5608391195,1.0000000000,0.5996160000,217.5525669762
1226,62,38,1,62,62,0,0,62,63,183,62,62,0.0271759502,1.5770259073,62.0000000000,16.6966298521,1.0000000000,0.5984000000,217.9946524064
1227,61,39,4,62,44,18,0,62,66,360,54,54,0.0220963925,1.5549295148,11.2500000000,16.2584488474,0.7096774194,0.5347200000,173.1298623579
1228,60,40,5,60,60,0,0,62,65,406,60,60,0.0238215918,1.5311079230,12.0000000000,16.1308904507,1.0000000000,0.5840000000,216.1643835616
1229,60,40,5,60,60,0,0,62,65,405,60,60,0.0235424189,1.5075655042,12.0000000000,16.1308977655,1.0000000000,0.5840000000,216.1643835616
1230,60,40,1,60,59,1,0,62,61,177,59,59,0.0290243335,1.4785411707,60.0000000000,16.6897751432,0.9833333333,0.5707200000,217.5077095599
1231,60,40,4,60,59,1,0,62,64,348,59,59,0.0229119191,1.4556292517,15.0000000000,16.2616747885,0.9833333333,0.5743680000,216.1262465876
1232,60,40,3,60,59,1,0,62,63,291,59,59,0.0230515229,1.4325777288,20.0000000000,16.4043271855,0.9833333333,0.5731520000,216.5847803026
1233,57,43,2,59,0,59,0,62,61,230,51,51,0.0209745724,1.4116031564,1.0000000000,0.0000000000,0.0000000000,0.5033920000,0.0000000000
1234,56,44,3,57,31,26,0,62,60,276,56,56,0.0230943561,1.3885088003,10.6666666667,16.2893280237,0.5438596491,0.5442560000,119.8406632173
1235,56,44,4,56,56,0,0,62,60,324,56,56,0.0213080547,1.3672007456,14.0000000000,16.2310894373,1.0000000000,0.5442560000,216.4863593603
1236,55,45,1,55,54,1,0,62,56,162,54,54,0.0285389028,1.3386618428,55.0000000000,16.6765979328,0.9818181818,0.5225600000,217.4219228414
1237,55,45,2,55,55,0,0,62,57,214,55,55,0.0213363975,1.3173254453,27.5000000000,16.5262878315,1.0000000000,0.5321920000,217.4403222897
1238,54,46,1,55,0,55,0,62,56,162,35,35,0.0164895254,1.3008359199,1.0000000000,0.0000000000,0.0000000000,0.3626560000,0.0000000000
1239,51,49,3,53,5,48,0,62,56,258,47,47,0.0199949736,1.2808409463,2.3333333333,15.1490371597,0.0943396226,0.4636480000,22.6896266133
1240,50,50,3,51,30,21,0,62,54,246,49,49,0.0207779664,1.2600629799,10.3333333333,16.2712075782,0.5882352941,0.4780480000,132.0369502644
1241,50,50,2,50,49,1,0,63,52,194,49,49,0.0183492909,1.2417136890,25.0000000000,16.4887728301,0.9800000000,0.4756160000,216.7631030075
1242,49,51,4,49,49,0,0,63,53,282,49,49,0.0184434742,1.2232702148,12.2500000000,16.1452068963,1.0000000000,0.4768320000,216.2103214549
1243,48,52,1,48,48,0,0,63,34,152,48,48,0.0228805902,1.2003896246,48.0000000000,16.6570805988,1.0000000000,0.4453120000,226.7893072722
1244,48,52,5,48,48,0,0,63,53,321,48,48,0.0193567623,1.1810328623,9.6000000000,15.9555784655,1.0000000000,0.4684160000,215.6032244842
1245,48,52,1,48,48,0,0,63,49,141,48,48,0.0218803367,1.1591525256,48.0000000000,16.6570494555,1.0000000000,0.4635520000,217.8655253348
1246,48,52,2,48,48,0,0,63,50,186,48,48,0.0187467148,1.1404058108,24.0000000000,16.4816652150,1.0000000000,0.4647680000,217.2955108785
1247,48,52,1,48,47,1,0,63,49,141,47,47,0.0245611743,1.1158446365,48.0000000000,16.6533796538,0.9791666667,0.4551360000,217.2713210996
1248,48,52,4,48,47,1,0,63,52,276,47,47,0.0184789666,1.0973656699,12.0000000000,16.1160049732,0.9791666667,0.4587840000,215.5436981237
1249,48,52,1,48,47,1,0,63,49,141,47,47,0.0223053521,1.0750603179,48.0000000000,16.6533465799,0.9791666667,0.4551360000,217.2713210996
1250,47,53,4,47,45,2,0,63,51,271,45,45,0.0178400919,1.0572202259,11.7500000000,16.0841462123,0.9574468085,0.4407360000,214.8224787628
1251,45,55,5,45,45,0,0,63,49,303,45,45,0.0196744928,1.0375457331,9.0000000000,15.8971774309,1.0000000000,0.4383040000,216.0144557202
1252,45,55,5,45,45,0,0,63,50,300,45,45,0.0188462140,1.0186995191,9.0000000000,15.8971542097,1.0000000000,0.4395200000,215.4168183473
1253,45,55,1,45,44,1,0,63,46,132,44,44,0.0204248014,0.9982747177,45.0000000000,16.6411234271,0.9777777778,0.4262400000,217.1921921922
1254,43,57,0,44,43,1,44,63,0,0,43,43,0.0075696299,0.9907050878,0.0000000000,8.4161719446,0.9772727273,0.3618880000,250.0000000000
1255,43,57,2,43,43,0,0,63,45,166,43,43,0.0157843157,0.9749207721,21.5000000000,16.4408261070,1.0000000000,0.4166080000,217.1633766034
1256,42,58,1,43,0,43,0,63,44,126,25,25,0.0133833175,0.9615374546,1.0000000000,0.0000000000,0.0000000000,0.2639040000,0.0000000000
1257,41,59,1,41,41,0,0,63,36,135,41,41,0.0175896334,0.9439478212,41.0000000000,16.6270916704,1.0000000000,0.3888320000,221.8541683812
1258,41,59,3,41,41,0,0,63,44,196,41,41,0.0169150803,0.9270327409,13.6666666667,16.2165130096,1.0000000000,0.3985600000,216.4391810518
1259,41,59,1,41,41,0,0,63,42,120,41,41,0.0217590463,0.9052736946,41.0000000000,16.6271707082,1.0000000000,0.3961280000,217.7679941837
1260,40,60,0,41,40,1,41,63,0,0,40,40,0.0070491205,0.8982245740,0.0000000000,8.4161737583,0.9756097561,0.3366400000,250.0000000000
1261,39,61,2,39,39,0,0,64,41,151,39,39,0.0149631522,0.8832614218,19.5000000000,16.4007169387,1.0000000000,0.3780800000,217.0334320779
1262,39,61,5,39,39,0,0,64,44,258,39,39,0.0175047395,0.8657566823,7.8000000000,15.7533360581,1.0000000000,0.3817280000,214.9593427781
1263,39,61,4,39,39,0,0,64,43,222,39,39,0.0152275023,0.8505291800,9.7500000000,15.9690744156,1.0000000000,0.3805120000,215.6462871079
1264,38,62,5,39,30,9,0,64,44,258,32,32,0.0147889760,0.8357402040,6.2000000000,15.7101512286,0.7692307692,0.3228160000,195.5293417922
1265,38,62,1,38,36,2,0,64,39,111,36,36,0.0187094927,0.8170307113,38.0000000000,16.5986628751,0.9473684211,0.3504000000,216.1643835616
1266,38,62,1,38,38,0,0,64,39,111,38,38,0.0186134794,0.7984172319,38.0000000000,16.6109347642,1.0000000000,0.3672320000,217.7152317881
1267,38,62,1,38,36,2,0,64,39,111,36,36,0.0168274113,0.7815898206,38.0000000000,16.5985928853,0.9473684211,0.3504000000,216.1643835616
1268,37,63,1,37,35,2,0,64,38,108,35,35,0.0165689460,0.7650208745,37.0000000000,16.5919357411,0.9459459459,0.3407680000,216.1001032961
1269,37,63,1,37,35,2,0,64,38,108,35,35,0.0167979798,0.7482228947,37.0000000000,16.5919298281,0.9459459459,0.3407680000,216.1001032961
1270,33,67,0,34,33,1,34,64,9,43,33,33,0.0070602010,0.7411626937,0.0000000000,8.4161752935,0.9705882353,0.2886720000,240.5221150648
1271,33,67,2,33,33,0,0,64,35,126,33,33,0.0131244816,0.7280382120,16.5000000000,16.3222514204,1.0000000000,0.3202880000,216.7798980917
1272,33,67,1,33,33,0,0,64,34,96,33,33,0.0145186228,0.7135195893,33.0000000000,16.5773291965,1.0000000000,0.3190720000,217.6060575669
1273,33,67,2,33,33,0,0,64,35,126,33,33,0.0135230939,0.6999964954,16.5000000000,16.3222746530,1.0000000000,0.3202880000,216.7798980917
1274,33,67,1,33,33,0,0,64,34,96,33,33,0.0133115006,0.6866849948,33.0000000000,16.5772698985,1.0000000000,0.3190720000,217.6060575669
1275,33,67,1,33,33,0,0,64,34,96,33,33,0.0173645614,0.6693204334,33.0000000000,16.5774017473,1.0000000000,0.3190720000,217.6060575669
1276,33,67,1,33,33,0,0,64,34,96,33,33,0.0158647479,0.6534556855,33.0000000000,16.5773693439,1.0000000000,0.3190720000,217.6060575669
1277,33,67,1,33,33,0,0,64,34,96,33,33,0.0159675446,0.6374881409,33.0000000000,16.5773920009,1.0000000000,0.3190720000,217.6060575669
1278,33,67,1,33,33,0,0,64,34,96,33,33,0.0147817452,0.6227063956,33.0000000000,16.5773241747,1.0000000000,0.3190720000,217.6060575669
1279,33,67,2,33,33,0,0,64,35,126,33,33,0.0138483295,0.6088580662,16.5000000000,16.3222672900,1.0000000000,0.3202880000,216.7798980917
1280,33,67,3,33,33,0,0,64,36,156,33,33,0.0130669337,0.5957911324,11.0000000000,16.0671932321,1.0000000000,0.3215040000,215.9599880561
1281,33,67,2,33,33,0,0,65,35,126,33,33,0.0135930520,0.5821980805,16.5000000000,16.3222858529,1.0000000000,0.3202880000,216.7798980917
1282,33,67,1,33,33,0,0,65,34,96,33,33,0.0155238280,0.5666742524,33.0000000000,16.5773765466,1.0000000000,0.3190720000,217.6060575669
1283,33,67,1,33,33,0,0,65,34,96,33,33,0.0146307013,0.5520435511,33.0000000000,16.5773260561,1.0000000000,0.3190720000,217.6060575669
1284,33,67,3,33,33,0,0,65,36,156,33,33,0.0135622677,0.5384812834,11.0000000000,16.0672189585,1.0000000000,0.3215040000,215.9599880561
1285,33,67,2,33,33,0,0,65,35,126,33,33,0.0125348300,0.5259464535,16.5000000000,16.3222415495,1.0000000000,0.3202880000,216.7798980917
1286,33,67,2,33,33,0,0,65,35,126,33,33,0.0125541562,0.5133922972,16.5000000000,16.3222342363,1.0000000000,0.3202880000,216.7798980917
1287,33,67,1,33,31,2,0,65,34,96,31,31,0.0146684187,0.4987238785,33.0000000000,16.5608903966,0.9393939394,0.3022400000,215.8020116464
1288,31,69,3,31,31,0,0,65,34,147,31,31,0.0119399670,0.4867839115,10.3333333333,16.0178303715,1.0000000000,0.3022400000,215.8020116464
1289,30,70,1,31,0,31,0,65,32,90,4,4,0.0042276405,0.4825562710,1.0000000000,0.0000000000,0.0000000000,0.0725760000,0.0000000000
1290,29,71,4,30,24,6,0,65,33,168,29,29,0.0124329937,0.4701232773,6.2500000000,15.7802922894,0.8000000000,0.2841920000,177.6826933904
1291,29,71,2,29,29,0,0,65,31,110,29,29,0.0109661464,0.4591571309,14.5000000000,16.2518751176,1.0000000000,0.2817600000,216.5530948325
1292,29,71,2,29,29,0,0,65,31,110,29,29,0.0111311823,0.4480259485,14.5000000000,16.2518841216,1.0000000000,0.2817600000,216.5530948325
1293,29,71,1,29,29,0,0,65,30,84,29,29,0.0148680108,0.4331579377,29.0000000000,16.5422397347,1.0000000000,0.2805440000,217.4917303525
1294,29,71,1,29,29,0,0,65,30,84,29,29,0.0156328460,0.4175250917,29.0000000000,16.5422495260,1.0000000000,0.2805440000,217.4917303525
1295,29,71,1,29,29,0,0,65,30,84,29,29,0.0138080703,0.4037170214,29.0000000000,16.5421818222,1.0000000000,0.2805440000,217.4917303525
1296,28,72,1,29,0,29,0,65,30,84,6,6,0.0052467637,0.3984702577,1.0000000000,0.0000000000,0.0000000000,0.0869760000,0.0000000000
1297,28,72,1,28,28,0,0,65,29,81,28,28,0.0117642973,0.3867059604,28.0000000000,16.5317580755,1.0000000000,0.2709120000,217.4580675644
1298,27,73,1,28,0,28,0,65,29,81,1,1,0.0026071074,0.3840988531,1.0000000000,0.0000000000,0.0000000000,0.0436800000,0.0000000000
1299,27,73,1,27,26,1,0,65,28,78,26,26,0.0126917633,0.3714070898,27.0000000000,16.5087290794,0.9629629630,0.2528640000,216.3376360415
1300,27,73,1,27,25,2,0,65,28,78,25,25,0.0126238900,0.3587831998,27.0000000000,16.4957782976,0.9259259259,0.2444480000,215.1786883100
1301,27,73,1,27,25,2,0,66,28,78,25,25,0.0115468070,0.3472363928,27.0000000000,16.4957470018,0.9259259259,0.2444480000,215.1786883100
1302,25,75,1,25,25,0,0,66,27,74,25,25,0.0133496247,0.3338867681,25.0000000000,16.4957888406,1.0000000000,0.2432320000,216.2544402052
1303,25,75,1,25,25,0,0,66,26,72,25,25,0.0124676753,0.3214190928,25.0000000000,16.4957782976,1.0000000000,0.2420160000,217.3410022478
1304,25,75,2,25,25,0,0,66,27,94,25,25,0.0093101391,0.3121089537,12.5000000000,16.1590034237,1.0000000000,0.2432320000,216.2544402052
1305,25,75,1,25,25,0,0,66,26,72,25,25,0.0134497399,0.2986592139,25.0000000000,16.4957944105,1.0000000000,0.2420160000,217.3410022478
1306,25,75,1,25,24,1,0,66,26,72,24,24,0.0110106815,0.2876485323,25.0000000000,16.4816981702,0.9600000000,0.2336000000,216.1643835616
1307,25,75,1,25,24,1,0,66,26,72,24,24,0.0112136825,0.2764348498,25.0000000000,16.4817433311,0.9600000000,0.2336000000,216.1643835616
1308,25,75,1,25,23,2,0,66,26,72,23,23,0.0119190272,0.2645158226,25.0000000000,16.4665081829,0.9200000000,0.2251840000,214.8998152622
1309,23,77,2,23,23,0,0,66,25,91,23,23,0.0116567418,0.2528590808,11.5000000000,16.1005604035,1.0000000000,0.2239680000,216.0665809401
1310,21,79,1,22,0,22,0,66,23,64,16,16,0.0076001045,0.2452589763,1.0000000000,0.0000000000,0.0000000000,0.1626240000,0.0000000000
1311,20,80,2,20,20,0,0,66,22,76,20,20,0.0099562959,0.2353026804,10.0000000000,15.9907744748,1.0000000000,0.1950720000,215.7152230971
1312,20,80,1,20,20,0,0,66,21,57,20,20,0.0093648906,0.2259377899,20.0000000000,16.4115784642,1.0000000000,0.1938560000,217.0683393859
1313,20,80,1,20,20,0,0,66,21,57,20,20,0.0091964912,0.2167412987,20.0000000000,16.4116017372,1.0000000000,0.1938560000,217.0683393859
1314,19,81,0,19,19,0,19,66,0,0,19,19,0.0033978741,0.2133434246,0.0000000000,8.4161809993,1.0000000000,0.1599040000,250.0000000000
1315,19,81,1,19,19,0,0,66,20,54,19,19,0.0107232438,0.2026201808,19.0000000000,16.3894967291,1.0000000000,0.1842240000,216.9966996700
1316,19,81,1,19,19,0,0,66,20,54,19,19,0.0094088461,0.1932113348,19.0000000000,16.3894961825,1.0000000000,0.1842240000,216.9966996700
1317,19,81,1,19,18,1,0,66,20,54,18,18,0.0083410236,0.1848703111,19.0000000000,16.3648132111,0.9473684211,0.1758080000,215.4168183473
1318,19,81,1,19,16,3,0,66,20,54,16,16,0.0075831908,0.1772871203,19.0000000000,16.3063693312,0.8421052632,0.1589760000,211.7552334944
1319,16,84,0,19,16,3,19,66,0,0,16,16,0.0031657514,0.1741213689,0.0000000000,8.4161808344,0.8421052632,0.1346560000,250.0000000000
1320,16,84,0,16,16,0,16,66,0,0,16,16,0.0028501619,0.1712712070,0.0000000000,8.4161808344,1.0000000000,0.1346560000,250.0000000000
1321,16,84,1,16,16,0,0,67,17,45,16,16,0.0089515106,0.1623196964,16.0000000000,16.3064303628,1.0000000000,0.1553280000,216.7284713638
1322,16,84,1,16,16,0,0,67,17,45,16,16,0.0075434077,0.1547762887,16.0000000000,16.3063769765,1.0000000000,0.1553280000,216.7284713638
1323,15,85,0,15,15,0,15,67,11,25,15,15,0.0036848224,0.1510914663,0.0000000000,8.4161816650,1.0000000000,0.1396160000,226.0485904194
1324,14,86,1,15,0,15,0,67,16,42,13,13,0.0075979724,0.1434934939,1.0000000000,0.0000000000,0.0000000000,0.1288640000,0.0000000000
1325,14,86,1,14,14,0,0,67,15,39,14,14,0.0079412265,0.1355522674,14.0000000000,16.2312973272,1.0000000000,0.1360640000,216.4863593603
1326,13,87,1,13,13,0,0,67,14,37,13,13,0.0064441234,0.1291081440,13.0000000000,16.1850146264,1.0000000000,0.1264320000,216.3376360415
1327,12,88,1,13,0,13,0,67,14,36,11,11,0.0060029410,0.1231052029,1.0000000000,0.0000000000,0.0000000000,0.1096000000,0.0000000000
1328,12,88,2,12,11,1,0,67,13,42,11,11,0.0056662126,0.1174389904,6.0000000000,15.3021946504,0.9166666667,0.1083840000,213.5370534396
1329,12,88,1,12,11,1,0,67,13,33,11,11,0.0054472076,0.1119917828,12.0000000000,16.0673384337,0.9166666667,0.1083840000,213.5370534396
1330,12,88,1,12,11,1,0,67,13,33,11,11,0.0052225950,0.1067691878,12.0000000000,16.0672783143,0.9166666667,0.1083840000,213.5370534396
1331,12,88,1,12,11,1,0,67,13,33,11,11,0.0052086677,0.1015605201,12.0000000000,16.0672797206,0.9166666667,0.1083840000,213.5370534396
1332,10,90,0,10,10,0,10,67,4,14,10,10,0.0022985166,0.0992620035,0.0000000000,8.4161786603,1.0000000000,0.0890240000,236.3407620417
1333,10,90,1,10,10,0,0,67,11,27,10,10,0.0050292221,0.0942327814,10.0000000000,15.9908064958,1.0000000000,0.0975360000,215.7152230971
1334,10,90,1,10,10,0,0,67,11,27,10,10,0.0049846338,0.0892481476,10.0000000000,15.9908390607,1.0000000000,0.0975360000,215.7152230971
1335,10,90,0,10,10,0,10,67,0,0,10,10,0.0017673921,0.0874807555,0.0000000000,8.4161786603,1.0000000000,0.0841600000,250.0000000000
1336,10,90,0,10,10,0,10,67,0,0,10,10,0.0017673921,0.0857133633,0.0000000000,8.4161786603,1.0000000000,0.0841600000,250.0000000000
1337,10,90,0,10,10,0,10,67,0,0,10,10,0.0017673921,0.0839459712,0.0000000000,8.4161786603,1.0000000000,0.0841600000,250.0000000000
1338,10,90,0,10,10,0,10,67,0,0,10,10,0.0017673921,0.0821785791,0.0000000000,8.4161786603,1.0000000000,0.0841600000,250.0000000000
1339,10,90,0,10,10,0,10,67,0,0,10,10,0.0017673921,0.0804111869,0.0000000000,8.4161786603,1.0000000000,0.0841600000,250.0000000000
1340,10,90,0,10,10,0,10,67,0,0,10,10,0.0017673921,0.0786437948,0.0000000000,8.4161786603,1.0000000000,0.0841600000,250.0000000000
1341,10,90,1,10,10,0,0,68,11,27,10,10,0.0049667693,0.0736770255,10.0000000000,15.9907935176,1.0000000000,0.0975360000,215.7152230971
1342,10,90,1,10,9,1,0,68,11,27,9,9,0.0044876998,0.0691893257,10.0000000000,15.8973172968,0.9000000000,0.0891200000,212.4775583483
1343,9,91,1,9,9,0,0,68,11,26,9,9,0.0044724423,0.0647168834,9.0000000000,15.8972733362,1.0000000000,0.0891200000,212.4775583483
1344,9,91,1,9,9,0,0,68,10,24,9,9,0.0043129743,0.0604039090,9.0000000000,15.8972597564,1.0000000000,0.0879040000,215.4168183473
1345,9,91,1,9,9,0,0,68,10,24,9,9,0.0043513178,0.0560525912,9.0000000000,15.8973043381,1.0000000000,0.0879040000,215.4168183473
1346,9,91,1,9,9,0,0,68,10,24,9,9,0.0051163730,0.0509362182,9.0000000000,15.8973408310,1.0000000000,0.0879040000,215.4168183473
1347,8,92,0,8,8,0,8,68,0,0,8,8,0.0015776258,0.0493585925,0.0000000000,8.4161810214,1.0000000000,0.0673280000,250.0000000000
1348,8,92,1,8,8,0,0,68,9,21,8,8,0.0034628049,0.0458957875,8.0000000000,15.7803477170,1.0000000000,0.0782720000,215.0449713818
1349,8,92,1,8,7,1,0,68,9,21,7,7,0.0035183226,0.0423774649,8.0000000000,15.6300836482,0.8750000000,0.0698560000,210.8337150710
1350,7,93,0,8,7,1,8,68,0,0,7,7,0.0013953555,0.0409821094,0.0000000000,8.4161794025,0.8750000000,0.0589120000,250.0000000000
1351,7,93,0,7,7,0,7,68,0,0,7,7,0.0012416964,0.0397404130,0.0000000000,8.4161794025,1.0000000000,0.0589120000,250.0000000000
1352,6,94,0,7,6,1,7,68,0,0,6,6,0.0012248447,0.0385155683,0.0000000000,8.4161763451,0.8571428571,0.0504960000,250.0000000000
1353,6,94,0,6,6,0,6,68,0,0,6,6,0.0010519294,0.0374636389,0.0000000000,8.4161763451,1.0000000000,0.0504960000,250.0000000000
1354,6,94,0,6,6,0,6,68,0,0,6,6,0.0010519294,0.0364117095,0.0000000000,8.4161763451,1.0000000000,0.0504960000,250.0000000000
1355,6,94,0,6,6,0,6,68,0,0,6,6,0.0010519294,0.0353597801,0.0000000000,8.4161763451,1.0000000000,0.0504960000,250.0000000000
1356,6,94,0,6,6,0,6,68,0,0,6,6,0.0010519294,0.0343078507,0.0000000000,8.4161763451,1.0000000000,0.0504960000,250.0000000000
1357,6,94,0,6,6,0,6,68,0,0,6,6,0.0010519294,0.0332559213,0.0000000000,8.4161763451,1.0000000000,0.0504960000,250.0000000000
1358,6,94,0,6,6,0,6,68,0,0,6,6,0.0010519294,0.0322039919,0.0000000000,8.4161763451,1.0000000000,0.0504960000,250.0000000000
1359,6,94,0,6,6,0,6,68,0,0,6,6,0.0010519294,0.0311520625,0.0000000000,8.4161763451,1.0000000000,0.0504960000,250.0000000000
1360,6,94,0,6,6,0,6,68,0,0,6,6,0.0010519294,0.0301001331,0.0000000000,8.4161763451,1.0000000000,0.0504960000,250.0000000000
1361,6,94,1,6,6,0,0,69,7,15,6,6,0.0022981676,0.0278019655,6.0000000000,15.4296436824,1.0000000000,0.0590080000,213.9370932755
1362,5,95,0,5,5,0,5,69,6,10,5,5,0.0014443233,0.0263576422,0.0000000000,8.4161701335,1.0000000000,0.0493760000,213.0589760207
1363,5,95,1,5,5,0,0,69,6,12,5,5,0.0017932932,0.0245643490,5.0000000000,15.1490725699,1.0000000000,0.0493760000,213.0589760207
1364,5,95,1,5,5,0,0,69,6,12,5,5,0.0020355283,0.0225288206,5.0000000000,15.1491186233,1.0000000000,0.0493760000,213.0589760207
1365,5,95,1,5,5,0,0,69,6,12,5,5,0.0017986871,0.0207301336,5.0000000000,15.1490768977,1.0000000000,0.0493760000,213.0589760207
1366,5,95,1,5,5,0,0,69,6,12,5,5,0.0017799408,0.0189501928,5.0000000000,15.1490709103,1.0000000000,0.0493760000,213.0589760207
1367,4,96,0,5,4,1,5,69,0,0,4,4,0.0007680543,0.0181821384,0.0000000000,8.4161665486,0.8000000000,0.0336640000,250.0000000000
1368,3,97,0,4,3,1,4,69,0,0,3,3,0.0005351134,0.0176470250,0.0000000000,8.4161680639,0.7500000000,0.0252480000,250.0000000000
1369,3,97,0,3,3,0,3,69,0,0,3,3,0.0005091772,0.0171378478,0.0000000000,8.4161680639,1.0000000000,0.0252480000,250.0000000000
1370,3,97,0,3,3,0,3,69,0,0,3,3,0.0005091772,0.0166286705,0.0000000000,8.4161680639,1.0000000000,0.0252480000,250.0000000000
1371,3,97,0,3,3,0,3,69,0,0,3,3,0.0005091772,0.0161194933,0.0000000000,8.4161680639,1.0000000000,0.0252480000,250.0000000000
1372,3,97,0,3,3,0,3,69,0,0,3,3,0.0005091772,0.0156103160,0.0000000000,8.4161680639,1.0000000000,0.0252480000,250.0000000000
1373,3,97,0,3,3,0,3,69,0,0,3,3,0.0005091772,0.0151011388,0.0000000000,8.4161680639,1.0000000000,0.0252480000,250.0000000000
1374,3,97,0,3,3,0,3,69,0,0,3,3,0.0005091772,0.0145919616,0.0000000000,8.4161680639,1.0000000000,0.0252480000,250.0000000000
1375,3,97,0,3,3,0,3,69,0,0,3,3,0.0005091772,0.0140827843,0.0000000000,8.4161680639,1.0000000000,0.0252480000,250.0000000000
1376,3,97,0,3,3,0,3,69,0,0,3,3,0.0005091772,0.0135736071,0.0000000000,8.4161680639,1.0000000000,0.0252480000,250.0000000000
1377,3,97,0,3,3,0,3,69,0,0,3,3,0.0005091772,0.0130644298,0.0000000000,8.4161680639,1.0000000000,0.0252480000,250.0000000000
1378,3,97,0,3,3,0,3,69,0,0,3,3,0.0005091772,0.0125552526,0.0000000000,8.4161680639,1.0000000000,0.0252480000,250.0000000000
1379,2,98,0,3,2,1,3,69,0,0,2,2,0.0003541141,0.0122011385,0.0000000000,8.4161675755,0.6666666667,0.0168320000,250.0000000000
1380,2,98,0,2,2,0,2,69,0,0,2,2,0.0003393480,0.0118617905,0.0000000000,8.4161675755,1.0000000000,0.0168320000,250.0000000000
1381,2,98,1,2,2,0,0,70,3,3,2,2,0.0008236177,0.0110381728,2.0000000000,12.6243033329,1.0000000000,0.0204800000,205.4687500000
1382,2,98,1,2,2,0,0,70,3,3,2,2,0.0007978770,0.0102402958,2.0000000000,12.6242627736,1.0000000000,0.0204800000,205.4687500000
1383,2,98,0,2,2,0,2,70,0,0,2,2,0.0003393480,0.0099009478,0.0000000000,8.4161675755,1.0000000000,0.0168320000,250.0000000000
1384,1,99,0,2,1,1,2,70,0,0,1,1,0.0003248756,0.0095760721,0.0000000000,8.4161878552,0.5000000000,0.0084160000,250.0000000000
1385,1,99,0,1,1,0,1,70,0,0,1,1,0.0001825443,0.0093935278,0.0000000000,8.4161878552,1.0000000000,0.0084160000,250.0000000000
1386,1,99,0,1,1,0,1,70,0,0,1,1,0.0001825443,0.0092109835,0.0000000000,8.4161878552,1.0000000000,0.0084160000,250.0000000000
1387,1,99,0,1,1,0,1,70,0,0,1,1,0.0001825443,0.0090284391,0.0000000000,8.4161878552,1.0000000000,0.0084160000,250.0000000000
1388,1,99,0,1,1,0,1,70,0,0,1,1,0.0001825443,0.0088458948,0.0000000000,8.4161878552,1.0000000000,0.0084160000,250.0000000000
1389,1,99,0,1,1,0,1,70,0,0,1,1,0.0001825443,0.0086633504,0.0000000000,8.4161878552,1.0000000000,0.0084160000,250.0000000000
1390,1,99,0,1,1,0,1,70,0,0,1,1,0.0001825443,0.0084808061,0.0000000000,8.4161878552,1.0000000000,0.0084160000,250.0000000000
1391,1,99,0,1,1,0,1,70,0,0,1,1,0.0001825443,0.0082982618,0.0000000000,8.4161878552,1.0000000000,0.0084160000,250.0000000000
1392,1,99,0,1,1,0,1,70,0,0,1,1,0.0001825443,0.0081157174,0.0000000000,8.4161878552,1.0000000000,0.0084160000,250.0000000000
1393,1,99,0,1,1,0,1,70,0,0,1,1,0.0001825443,0.0079331731,0.0000000000,8.4161878552,1.0000000000,0.0084160000,250.0000000000
1394,1,99,0,1,1,0,1,70,0,0,1,1,0.0001825443,0.0077506287,0.0000000000,8.4161878552,1.0000000000,0.0084160000,250.0000000000
1395,1,99,0,1,1,0,1,70,0,0,1,1,0.0001825443,0.0075680844,0.0000000000,8.4161878552,1.0000000000,0.0084160000,250.0000000000
1396,1,99,0,1,1,0,1,70,0,0,1,1,0.0001825443,0.0073855401,0.0000000000,8.4161878552,1.0000000000,0.0084160000,250.0000000000
1397,1,99,0,1,1,0,1,70,0,0,1,1,0.0001825443,0.0072029957,0.0000000000,8.4161878552,1.0000000000,0.0084160000,250.0000000000
1398,1,99,0,1,1,0,1,70,0,0,1,1,0.0001825443,0.0070204514,0.0000000000,8.4161878552,1.0000000000,0.0084160000,250.0000000000
1399,1,99,0,1,1,0,1,70,0,0,1,1,0.0001825443,0.0068379070,0.0000000000,8.4161878552,1.0000000000,0.0084160000,250.0000000000
1400,1,99,0,1,1,0,1,70,0,0,1,1,0.0001825443,0.0066553627,0.0000000000,8.4161878552,1.0000000000,0.0084160000,250.0000000000
1401,1,99,1,1,1,0,0,71,1,0,1,1,0.0003678643,0.0062874984,1.0000000000,8.4161878552,1.0000000000,0.0096320000,218.4385382060
1402,1,99,0,1,1,0,1,71,0,0,1,1,0.0001825443,0.0061049540,0.0000000000,8.4161878552,1.0000000000,0.0084160000,250.0000000000
1403,1,99,0,1,1,0,1,71,0,0,1,1,0.0001825443,0.0059224097,0.0000000000,8.4161878552,1.0000000000,0.0084160000,250.0000000000
1404,1,99,0,1,1,0,1,71,0,0,1,1,0.0001825443,0.0057398654,0.0000000000,8.4161878552,1.0000000000,0.0084160000,250.0000000000
1405,1,99,0,1,1,0,1,71,0,0,1,1,0.0001825443,0.0055573210,0.0000000000,8.4161878552,1.0000000000,0.0084160000,250.0000000000
1406,1,99,0,1,1,0,1,71,0,0,1,1,0.0001825443,0.0053747767,0.0000000000,8.4161878552,1.0000000000,0.0084160000,250.0000000000
1407,1,99,0,1,1,0,1,71,0,0,1,1,0.0001825443,0.0051922323,0.0000000000,8.4161878552,1.0000000000,0.0084160000,250.0000000000
1408,1,99,0,1,1,0,1,71,0,0,1,1,0.0001825443,0.0050096880,0.0000000000,8.4161878552,1.0000000000,0.0084160000,250.0000000000
1409,1,99,0,1,1,0,1,71,0,0,1,1,0.0001825443,0.0048271437,0.0000000000,8.4161878552,1.0000000000,0.0084160000,250.0000000000
1410,1,99,0,1,1,0,1,71,0,0,1,1,0.0001825443,0.0046445993,0.0000000000,8.4161878552,1.0000000000,0.0084160000,250.0000000000
1411,1,99,0,1,1,0,1,71,0,0,1,1,0.0001825443,0.0044620550,0.0000000000,8.4161878552,1.0000000000,0.0084160000,250.0000000000
1412,1,99,0,1,1,0,1,71,0,0,1,1,0.0001825443,0.0042795106,0.0000000000,8.4161878552,1.0000000000,0.0084160000,250.0000000000
1413,1,99,0,1,1,0,1,71,0,0,1,1,0.0001825443,0.0040969663,0.0000000000,8.4161878552,1.0000000000,0.0084160000,250.0000000000
1414,1,99,0,1,1,0,1,71,0,0,1,1,0.0001825443,0.0039144220,0.0000000000,8.4161878552,1.0000000000,0.0084160000,250.0000000000
1415,1,99,0,1,1,0,1,71,0,0,1,1,0.0001825443,0.0037318776,0.0000000000,8.4161878552,1.0000000000,0.0084160000,250.0000000000
1416,1,99,0,1,1,0,1,71,0,0,1,1,0.0001825443,0.0035493333,0.0000000000,8.4161878552,1.0000000000,0.0084160000,250.0000000000
1417,1,99,0,1,1,0,1,71,0,0,1,1,0.0001825443,0.0033667889,0.0000000000,8.4161878552,1.0000000000,0.0084160000,250.0000000000
1418,1,99,0,1,1,0,1,71,0,0,1,1,0.0001825443,0.0031842446,0.0000000000,8.4161878552,1.0000000000,0.0084160000,250.0000000000
1419,1,99,0,1,1,0,1,71,0,0,1,1,0.0001825443,0.0030017003,0.0000000000,8.4161878552,1.0000000000,0.0084160000,250.0000000000
1420,1,99,0,1,1,0,1,71,0,0,1,1,0.0001825443,0.0028191559,0.0000000000,8.4161878552,1.0000000000,0.0084160000,250.0000000000
1421,1,99,1,1,1,0,0,72,1,0,1,1,0.0003678643,0.0024512916,1.0000000000,8.4161878552,1.0000000000,0.0096320000,218.4385382060
1422,1,99,0,1,1,0,1,72,0,0,1,1,0.0001825443,0.0022687472,0.0000000000,8.4161878552,1.0000000000,0.0084160000,250.0000000000
1423,1,99,0,1,1,0,1,72,0,0,1,1,0.0001825443,0.0020862029,0.0000000000,8.4161878552,1.0000000000,0.0084160000,250.0000000000
1424,1,99,0,1,1,0,1,72,0,0,1,1,0.0001825443,0.0019036586,0.0000000000,8.4161878552,1.0000000000,0.0084160000,250.0000000000
1425,1,99,0,1,1,0,1,72,0,0,1,1,0.0001825443,0.0017211142,0.0000000000,8.4161878552,1.0000000000,0.0084160000,250.0000000000
1426,1,99,0,1,1,0,1,72,0,0,1,1,0.0001825443,0.0015385699,0.0000000000,8.4161878552,1.0000000000,0.0084160000,250.0000000000
1427,1,99,0,1,1,0,1,72,0,0,1,1,0.0001825443,0.0013560255,0.0000000000,8.4161878552,1.0000000000,0.0084160000,250.0000000000
1428,1,99,0,1,1,0,1,72,0,0,1,1,0.0001825443,0.0011734812,0.0000000000,8.4161878552,1.0000000000,0.0084160000,250.0000000000
1429,1,99,0,1,1,0,1,72,0,0,1,1,0.0001825443,0.0009909369,0.0000000000,8.4161878552,1.0000000000,0.0084160000,250.0000000000
1430,1,99,0,1,1,0,1,72,0,0,1,1,0.0001825443,0.0008083925,0.0000000000,8.4161878552,1.0000000000,0.0084160000,250.0000000000
1431,1,99,0,1,1,0,1,72,0,0,1,1,0.0001825443,0.0006258482,0.0000000000,8.4161878552,1.0000000000,0.0084160000,250.0000000000
1432,1,99,0,1,1,0,1,72,0,0,1,1,0.0001825443,0.0004433038,0.0000000000,8.4161878552,1.0000000000,0.0084160000,250.0000000000
1433,1,99,0,1,1,0,1,72,0,0,1,1,0.0001825443,0.0002607595,0.0000000000,8.4161878552,1.0000000000,0.0084160000,250.0000000000
1434,1,99,0,1,1,0,1,72,0,0,1,1,0.0001825443,0.0000782152,0.0000000000,8.4161878552,1.0000000000,0.0084160000,250.0000000000
1435,0,100,0,0,0,0,0,72,0,0,0,0,0.0000782152,0.0000000000,0.0000000000,0.0000000000,0.0000000000,0.0000000000,0.0000000000
