Round,Alive,Dead,ChainLength,Leader,Generated,Delivered,Lost,Data_TX,Data_RX,Energy_Used_J,Residual_Energy_J,Avg_Delay_ms,PDR,Round_Duration_s,Throughput_kbps,ChainRebuilt
1,100,0,100,0,100,100,0,100,100,0.0399096741,49.9600903259,841.6029675652,1.0000000000,0.8416000000,250.0000000000,0
2,100,0,100,1,100,100,0,100,100,0.0399159406,49.9201743853,841.6029765787,1.0000000000,0.8416000000,250.0000000000,0
3,100,0,100,2,100,100,0,100,100,0.0398929788,49.8802814065,841.6029409729,1.0000000000,0.8416000000,250.0000000000,0
4,100,0,100,3,100,100,0,100,100,0.0398870362,49.8403943703,841.6029303093,1.0000000000,0.8416000000,250.0000000000,0
5,100,0,100,4,100,100,0,100,100,0.0398773443,49.8005170260,841.6029109412,1.0000000000,0.8416000000,250.0000000000,0
6,100,0,100,5,100,100,0,100,100,0.0399284552,49.7605885708,841.6029933957,1.0000000000,0.8416000000,250.0000000000,0
7,100,0,100,6,100,100,0,100,100,0.0398602566,49.7207283142,841.6028657557,1.0000000000,0.8416000000,250.0000000000,0
8,100,0,100,7,100,100,0,100,100,0.0398722190,49.6808560952,841.6028993391,1.0000000000,0.8416000000,250.0000000000,0
9,100,0,100,8,100,100,0,100,100,0.0398846334,49.6409714618,841.6029257626,1.0000000000,0.8416000000,250.0000000000,0
10,100,0,100,9,100,100,0,100,100,0.0399157774,49.6010556844,841.6029763494,1.0000000000,0.8416000000,250.0000000000,0
11,100,0,100,10,100,100,0,100,100,0.0399077350,49.5611479493,841.6029646829,1.0000000000,0.8416000000,250.0000000000,0
12,100,0,100,11,100,100,0,100,100,0.0398605144,49.5212874350,841.6028666316,1.0000000000,0.8416000000,250.0000000000,0
13,100,0,100,12,100,100,0,100,100,0.0399011508,49.4813862842,841.6029545223,1.0000000000,0.8416000000,250.0000000000,0
14,100,0,100,13,100,100,0,100,100,0.0398677334,49.4415185508,841.6028880824,1.0000000000,0.8416000000,250.0000000000,0
15,100,0,100,14,100,100,0,100,100,0.0398548317,49.4016637191,841.6028442120,1.0000000000,0.8416000000,250.0000000000,0
16,100,0,100,15,100,100,0,100,100,0.0398755481,49.3617881709,841.6029070046,1.0000000000,0.8416000000,250.0000000000,0
17,100,0,100,16,100,100,0,100,100,0.0399043260,49.3218838450,841.6029594975,1.0000000000,0.8416000000,250.0000000000,0
18,100,0,100,17,100,100,0,100,100,0.0399074911,49.2819763539,841.6029643169,1.0000000000,0.8416000000,250.0000000000,0
19,100,0,100,18,100,100,0,100,100,0.0399015355,49.2420748184,841.6029551330,1.0000000000,0.8416000000,250.0000000000,0
20,100,0,100,19,100,100,0,100,100,0.0399026366,49.2021721818,841.6029568688,1.0000000000,0.8416000000,250.0000000000,0
21,100,0,100,20,100,100,0,100,100,0.0398665107,49.1623056711,841.6028847860,1.0000000000,0.8416000000,250.0000000000,0
22,100,0,100,21,100,100,0,100,100,0.0398573526,49.1224483185,841.6028550956,1.0000000000,0.8416000000,250.0000000000,0
23,100,0,100,22,100,100,0,100,100,0.0398545107,49.0825938078,841.6028426692,1.0000000000,0.8416000000,250.0000000000,0
24,100,0,100,23,100,100,0,100,100,0.0398637947,49.0427300131,841.6028770256,1.0000000000,0.8416000000,250.0000000000,0
25,100,0,100,24,100,100,0,100,100,0.0398927601,49.0028372530,841.6029405937,1.0000000000,0.8416000000,250.0000000000,0
26,100,0,100,25,100,100,0,100,100,0.0399204506,48.9629168024,841.6029828070,1.0000000000,0.8416000000,250.0000000000,0
27,100,0,100,26,100,100,0,100,100,0.0398603429,48.9230564595,841.6028660500,1.0000000000,0.8416000000,250.0000000000,0
28,100,0,100,27,100,100,0,100,100,0.0399010569,48.8831554026,841.6029543729,1.0000000000,0.8416000000,250.0000000000,0
29,100,0,100,28,100,100,0,100,100,0.0398641123,48.8432912903,841.6028779678,1.0000000000,0.8416000000,250.0000000000,0
30,100,0,100,29,100,100,0,100,100,0.0398986502,48.8033926401,841.6029504967,1.0000000000,0.8416000000,250.0000000000,0
31,100,0,100,30,100,100,0,100,100,0.0398670789,48.7635255612,841.6028863317,1.0000000000,0.8416000000,250.0000000000,0
32,100,0,100,31,100,100,0,100,100,0.0399079107,48.7236176505,841.6029649460,1.0000000000,0.8416000000,250.0000000000,0
33,100,0,100,32,100,100,0,100,100,0.0398941885,48.6837234620,841.6029430535,1.0000000000,0.8416000000,250.0000000000,0
34,100,0,100,33,100,100,0,100,100,0.0399056309,48.6438178311,841.6029615008,1.0000000000,0.8416000000,250.0000000000,0
35,100,0,100,34,100,100,0,100,100,0.0399304084,48.6038874227,841.6029958975,1.0000000000,0.8416000000,250.0000000000,0
36,100,0,100,35,100,100,0,100,100,0.0398561714,48.5640312513,841.6028502353,1.0000000000,0.8416000000,250.0000000000,0
37,100,0,100,36,100,100,0,100,100,0.0398699427,48.5241613086,841.6028937772,1.0000000000,0.8416000000,250.0000000000,0
38,100,0,100,37,100,100,0,100,100,0.0399190161,48.4842422925,841.6029808478,1.0000000000,0.8416000000,250.0000000000,0
39,100,0,100,38,100,100,0,100,100,0.0398762741,48.4443660185,841.6029086111,1.0000000000,0.8416000000,250.0000000000,0
40,100,0,100,39,100,100,0,100,100,0.0398628571,48.4045031614,841.6028741835,1.0000000000,0.8416000000,250.0000000000,0
41,100,0,100,40,100,100,0,100,100,0.0398582816,48.3646448797,841.6028586822,1.0000000000,0.8416000000,250.0000000000,0
42,100,0,100,41,100,100,0,100,100,0.0398567789,48.3247881008,841.6028527809,1.0000000000,0.8416000000,250.0000000000,0
43,100,0,100,42,100,100,0,100,100,0.0399279212,48.2848601796,841.6029927065,1.0000000000,0.8416000000,250.0000000000,0
44,100,0,100,43,100,100,0,100,100,0.0399035797,48.2449565999,841.6029583413,1.0000000000,0.8416000000,250.0000000000,0
45,100,0,100,44,100,100,0,100,100,0.0399047001,48.2050518998,841.6029600743,1.0000000000,0.8416000000,250.0000000000,0
46,100,0,100,45,100,100,0,100,100,0.0398812757,48.1651706241,841.6029191442,1.0000000000,0.8416000000,250.0000000000,0
47,100,0,100,46,100,100,0,100,100,0.0398907768,48.1252798473,841.6029371108,1.0000000000,0.8416000000,250.0000000000,0
48,100,0,100,47,100,100,0,100,100,0.0398818191,48.0853980282,841.6029202378,1.0000000000,0.8416000000,250.0000000000,0
49,100,0,100,48,100,100,0,100,100,0.0398608758,48.0455371524,841.6028678435,1.0000000000,0.8416000000,250.0000000000,0
50,100,0,100,49,100,100,0,100,100,0.0398971591,48.0056399933,841.6029480478,1.0000000000,0.8416000000,250.0000000000,0
51,100,0,100,50,100,100,0,100,100,0.0398944850,47.9657455083,841.6029435593,1.0000000000,0.8416000000,250.0000000000,0
52,100,0,100,51,100,100,0,100,100,0.0398611499,47.9258843585,841.6028687505,1.0000000000,0.8416000000,250.0000000000,0
53,100,0,100,52,100,100,0,100,100,0.0398668762,47.8860174823,841.6028857830,1.0000000000,0.8416000000,250.0000000000,0
54,100,0,100,53,100,100,0,100,100,0.0399243328,47.8460931495,841.6029880127,1.0000000000,0.8416000000,250.0000000000,0
55,100,0,100,54,100,100,0,100,100,0.0398749974,47.8062181521,841.6029057710,1.0000000000,0.8416000000,250.0000000000,0
56,100,0,100,55,100,100,0,100,100,0.0399133929,47.7663047593,841.6029729673,1.0000000000,0.8416000000,250.0000000000,0
57,100,0,100,56,100,100,0,100,100,0.0398506210,47.7264541383,841.6028181728,1.0000000000,0.8416000000,250.0000000000,0
58,100,0,100,57,100,100,0,100,100,0.0398916397,47.6865624986,841.6029386360,1.0000000000,0.8416000000,250.0000000000,0
59,100,0,100,58,100,100,0,100,100,0.0398851200,47.6466773786,841.6029266955,1.0000000000,0.8416000000,250.0000000000,0
60,100,0,100,59,100,100,0,100,100,0.0399013986,47.6067759800,841.6029549160,1.0000000000,0.8416000000,250.0000000000,0
61,100,0,100,60,100,100,0,100,100,0.0399089892,47.5668669908,841.6029665525,1.0000000000,0.8416000000,250.0000000000,0
62,100,0,100,61,100,100,0,100,100,0.0398538911,47.5270130997,841.6028395602,1.0000000000,0.8416000000,250.0000000000,0
63,100,0,100,62,100,100,0,100,100,0.0398590236,47.4871540761,841.6028614202,1.0000000000,0.8416000000,250.0000000000,0
64,100,0,100,63,100,100,0,100,100,0.0398650840,47.4472889921,841.6028807907,1.0000000000,0.8416000000,250.0000000000,0
65,100,0,100,64,100,100,0,100,100,0.0398552302,47.4074337619,841.6028460694,1.0000000000,0.8416000000,250.0000000000,0
66,100,0,100,65,100,100,0,100,100,0.0398969430,47.3675368189,841.6029476898,1.0000000000,0.8416000000,250.0000000000,0
67,100,0,100,66,100,100,0,100,100,0.0398492368,47.3276875822,841.6028007337,1.0000000000,0.8416000000,250.0000000000,0
68,100,0,100,67,100,100,0,100,100,0.0399122984,47.2877752838,841.6029713940,1.0000000000,0.8416000000,250.0000000000,0
69,100,0,100,68,100,100,0,100,100,0.0398539119,47.2479213719,841.6028396678,1.0000000000,0.8416000000,250.0000000000,0
70,100,0,100,69,100,100,0,100,100,0.0399121170,47.2080092549,841.6029711319,1.0000000000,0.8416000000,250.0000000000,0
71,100,0,100,70,100,100,0,100,100,0.0399164360,47.1680928189,841.6029772728,1.0000000000,0.8416000000,250.0000000000,0
72,100,0,100,71,100,100,0,100,100,0.0399107028,47.1281821161,841.6029690758,1.0000000000,0.8416000000,250.0000000000,0
73,100,0,100,72,100,100,0,100,100,0.0399200686,47.0882620475,841.6029822872,1.0000000000,0.8416000000,250.0000000000,0
74,100,0,100,73,100,100,0,100,100,0.0398707820,47.0483912655,841.6028958615,1.0000000000,0.8416000000,250.0000000000,0
75,100,0,100,74,100,100,0,100,100,0.0398728002,47.0085184653,841.6029007152,1.0000000000,0.8416000000,250.0000000000,0
76,100,0,100,75,100,100,0,100,100,0.0399162428,46.9686022225,841.6029770024,1.0000000000,0.8416000000,250.0000000000,0
77,100,0,100,76,100,100,0,100,100,0.0398661257,46.9287360968,841.6028837244,1.0000000000,0.8416000000,250.0000000000,0
78,100,0,100,77,100,100,0,100,100,0.0398900367,46.8888460600,841.6029357901,1.0000000000,0.8416000000,250.0000000000,0
79,100,0,100,78,100,100,0,100,100,0.0399095756,46.8489364844,841.6029674200,1.0000000000,0.8416000000,250.0000000000,0
80,100,0,100,79,100,100,0,100,100,0.0398576236,46.8090788608,841.6028561615,1.0000000000,0.8416000000,250.0000000000,0
81,100,0,100,80,100,100,0,100,100,0.0398888531,46.7691900077,841.6029336527,1.0000000000,0.8416000000,250.0000000000,0
82,100,0,100,81,100,100,0,100,100,0.0398769186,46.7293130891,841.6029100198,1.0000000000,0.8416000000,250.0000000000,0
83,100,0,100,82,100,100,0,100,100,0.0399230001,46.6893900890,841.6029862411,1.0000000000,0.8416000000,250.0000000000,0
84,100,0,100,83,100,100,0,100,100,0.0398526391,46.6495374499,841.6028326140,1.0000000000,0.8416000000,250.0000000000,0
85,100,0,100,84,100,100,0,100,100,0.0398723662,46.6096650837,841.6028996893,1.0000000000,0.8416000000,250.0000000000,0
86,100,0,100,85,100,100,0,100,100,0.0399025150,46.5697625688,841.6029566779,1.0000000000,0.8416000000,250.0000000000,0
87,100,0,100,86,100,100,0,100,100,0.0399094898,46.5298530790,841.6029672934,1.0000000000,0.8416000000,250.0000000000,0
88,100,0,100,87,100,100,0,100,100,0.0399030623,46.4899500167,841.6029575351,1.0000000000,0.8416000000,250.0000000000,0
89,100,0,100,88,100,100,0,100,100,0.0398746787,46.4500753380,841.6029050513,1.0000000000,0.8416000000,250.0000000000,0
90,100,0,100,89,100,100,0,100,100,0.0398867667,46.4101885713,841.6029298066,1.0000000000,0.8416000000,250.0000000000,0
91,100,0,100,90,100,100,0,100,100,0.0398888134,46.3702997579,841.6029335805,1.0000000000,0.8416000000,250.0000000000,0
92,100,0,100,91,100,100,0,100,100,0.0398512439,46.3304485139,841.6028232762,1.0000000000,0.8416000000,250.0000000000,0
93,100,0,100,92,100,100,0,100,100,0.0398576016,46.2905909124,841.6028560754,1.0000000000,0.8416000000,250.0000000000,0
94,100,0,100,93,100,100,0,100,100,0.0399053727,46.2506855397,841.6029611062,1.0000000000,0.8416000000,250.0000000000,0
95,100,0,100,94,100,100,0,100,100,0.0398873331,46.2107982066,841.6029308610,1.0000000000,0.8416000000,250.0000000000,0
96,100,0,100,95,100,100,0,100,100,0.0398857599,46.1709124467,841.6029279126,1.0000000000,0.8416000000,250.0000000000,0
97,100,0,100,96,100,100,0,100,100,0.0399020723,46.1310103744,841.6029559815,1.0000000000,0.8416000000,250.0000000000,0
98,100,0,100,97,100,100,0,100,100,0.0398899084,46.0911204660,841.6029355598,1.0000000000,0.8416000000,250.0000000000,0
99,100,0,100,98,100,100,0,100,100,0.0399049803,46.0512154857,841.6029605049,1.0000000000,0.8416000000,250.0000000000,0
100,100,0,100,99,100,100,0,100,100,0.0398721394,46.0113433462,841.6028991495,1.0000000000,0.8416000000,250.0000000000,0
101,100,0,100,0,100,100,0,100,100,0.0399096741,45.9714336722,841.6029675652,1.0000000000,0.8416000000,250.0000000000,0
102,100,0,100,1,100,100,0,100,100,0.0399159406,45.9315177316,841.6029765787,1.0000000000,0.8416000000,250.0000000000,0
103,100,0,100,2,100,100,0,100,100,0.0398929788,45.8916247528,841.6029409729,1.0000000000,0.8416000000,250.0000000000,0
104,100,0,100,3,100,100,0,100,100,0.0398870362,45.8517377165,841.6029303093,1.0000000000,0.8416000000,250.0000000000,0
105,100,0,100,4,100,100,0,100,100,0.0398773443,45.8118603722,841.6029109412,1.0000000000,0.8416000000,250.0000000000,0
106,100,0,100,5,100,100,0,100,100,0.0399284552,45.7719319171,841.6029933957,1.0000000000,0.8416000000,250.0000000000,0
107,100,0,100,6,100,100,0,100,100,0.0398602566,45.7320716604,841.6028657557,1.0000000000,0.8416000000,250.0000000000,0
108,100,0,100,7,100,100,0,100,100,0.0398722190,45.6921994415,841.6028993391,1.0000000000,0.8416000000,250.0000000000,0
109,100,0,100,8,100,100,0,100,100,0.0398846334,45.6523148080,841.6029257626,1.0000000000,0.8416000000,250.0000000000,0
110,100,0,100,9,100,100,0,100,100,0.0399157774,45.6123990306,841.6029763494,1.0000000000,0.8416000000,250.0000000000,0
111,100,0,100,10,100,100,0,100,100,0.0399077350,45.5724912956,841.6029646829,1.0000000000,0.8416000000,250.0000000000,0
112,100,0,100,11,100,100,0,100,100,0.0398605144,45.5326307812,841.6028666316,1.0000000000,0.8416000000,250.0000000000,0
113,100,0,100,12,100,100,0,100,100,0.0399011508,45.4927296304,841.6029545223,1.0000000000,0.8416000000,250.0000000000,0
114,100,0,100,13,100,100,0,100,100,0.0398677334,45.4528618970,841.6028880824,1.0000000000,0.8416000000,250.0000000000,0
115,100,0,100,14,100,100,0,100,100,0.0398548317,45.4130070653,841.6028442120,1.0000000000,0.8416000000,250.0000000000,0
116,100,0,100,15,100,100,0,100,100,0.0398755481,45.3731315172,841.6029070046,1.0000000000,0.8416000000,250.0000000000,0
117,100,0,100,16,100,100,0,100,100,0.0399043260,45.3332271912,841.6029594975,1.0000000000,0.8416000000,250.0000000000,0
118,100,0,100,17,100,100,0,100,100,0.0399074911,45.2933197001,841.6029643169,1.0000000000,0.8416000000,250.0000000000,0
119,100,0,100,18,100,100,0,100,100,0.0399015355,45.2534181647,841.6029551330,1.0000000000,0.8416000000,250.0000000000,0
120,100,0,100,19,100,100,0,100,100,0.0399026366,45.2135155281,841.6029568688,1.0000000000,0.8416000000,250.0000000000,0
121,100,0,100,20,100,100,0,100,100,0.0398665107,45.1736490173,841.6028847860,1.0000000000,0.8416000000,250.0000000000,0
122,100,0,100,21,100,100,0,100,100,0.0398573526,45.1337916647,841.6028550956,1.0000000000,0.8416000000,250.0000000000,0
123,100,0,100,22,100,100,0,100,100,0.0398545107,45.0939371541,841.6028426692,1.0000000000,0.8416000000,250.0000000000,0
124,100,0,100,23,100,100,0,100,100,0.0398637947,45.0540733593,841.6028770256,1.0000000000,0.8416000000,250.0000000000,0
125,100,0,100,24,100,100,0,100,100,0.0398927601,45.0141805993,841.6029405937,1.0000000000,0.8416000000,250.0000000000,0
126,100,0,100,25,100,100,0,100,100,0.0399204506,44.9742601487,841.6029828070,1.0000000000,0.8416000000,250.0000000000,0
127,100,0,100,26,100,100,0,100,100,0.0398603429,44.9343998058,841.6028660500,1.0000000000,0.8416000000,250.0000000000,0
128,100,0,100,27,100,100,0,100,100,0.0399010569,44.8944987489,841.6029543729,1.0000000000,0.8416000000,250.0000000000,0
129,100,0,100,28,100,100,0,100,100,0.0398641123,44.8546346366,841.6028779678,1.0000000000,0.8416000000,250.0000000000,0
130,100,0,100,29,100,100,0,100,100,0.0398986502,44.8147359864,841.6029504967,1.0000000000,0.8416000000,250.0000000000,0
131,100,0,100,30,100,100,0,100,100,0.0398670789,44.7748689074,841.6028863317,1.0000000000,0.8416000000,250.0000000000,0
132,100,0,100,31,100,100,0,100,100,0.0399079107,44.7349609967,841.6029649460,1.0000000000,0.8416000000,250.0000000000,0
133,100,0,100,32,100,100,0,100,100,0.0398941885,44.6950668082,841.6029430535,1.0000000000,0.8416000000,250.0000000000,0
134,100,0,100,33,100,100,0,100,100,0.0399056309,44.6551611773,841.6029615008,1.0000000000,0.8416000000,250.0000000000,0
135,100,0,100,34,100,100,0,100,100,0.0399304084,44.6152307690,841.6029958975,1.0000000000,0.8416000000,250.0000000000,0
136,100,0,100,35,100,100,0,100,100,0.0398561714,44.5753745976,841.6028502353,1.0000000000,0.8416000000,250.0000000000,0
137,100,0,100,36,100,100,0,100,100,0.0398699427,44.5355046549,841.6028937772,1.0000000000,0.8416000000,250.0000000000,0
138,100,0,100,37,100,100,0,100,100,0.0399190161,44.4955856388,841.6029808478,1.0000000000,0.8416000000,250.0000000000,0
139,100,0,100,38,100,100,0,100,100,0.0398762741,44.4557093647,841.6029086111,1.0000000000,0.8416000000,250.0000000000,0
140,100,0,100,39,100,100,0,100,100,0.0398628571,44.4158465076,841.6028741835,1.0000000000,0.8416000000,250.0000000000,0
141,100,0,100,40,100,100,0,100,100,0.0398582816,44.3759882260,841.6028586822,1.0000000000,0.8416000000,250.0000000000,0
142,100,0,100,41,100,100,0,100,100,0.0398567789,44.3361314471,841.6028527809,1.0000000000,0.8416000000,250.0000000000,0
143,100,0,100,42,100,100,0,100,100,0.0399279212,44.2962035259,841.6029927065,1.0000000000,0.8416000000,250.0000000000,0
144,100,0,100,43,100,100,0,100,100,0.0399035797,44.2562999462,841.6029583413,1.0000000000,0.8416000000,250.0000000000,0
145,100,0,100,44,100,100,0,100,100,0.0399047001,44.2163952460,841.6029600743,1.0000000000,0.8416000000,250.0000000000,0
146,100,0,100,45,100,100,0,100,100,0.0398812757,44.1765139703,841.6029191442,1.0000000000,0.8416000000,250.0000000000,0
147,100,0,100,46,100,100,0,100,100,0.0398907768,44.1366231936,841.6029371108,1.0000000000,0.8416000000,250.0000000000,0
148,100,0,100,47,100,100,0,100,100,0.0398818191,44.0967413744,841.6029202378,1.0000000000,0.8416000000,250.0000000000,0
149,100,0,100,48,100,100,0,100,100,0.0398608758,44.0568804987,841.6028678435,1.0000000000,0.8416000000,250.0000000000,0
150,100,0,100,49,100,100,0,100,100,0.0398971591,44.0169833396,841.6029480478,1.0000000000,0.8416000000,250.0000000000,0
151,100,0,100,50,100,100,0,100,100,0.0398944850,43.9770888546,841.6029435593,1.0000000000,0.8416000000,250.0000000000,0
152,100,0,100,51,100,100,0,100,100,0.0398611499,43.9372277047,841.6028687505,1.0000000000,0.8416000000,250.0000000000,0
153,100,0,100,52,100,100,0,100,100,0.0398668762,43.8973608285,841.6028857830,1.0000000000,0.8416000000,250.0000000000,0
154,100,0,100,53,100,100,0,100,100,0.0399243328,43.8574364957,841.6029880127,1.0000000000,0.8416000000,250.0000000000,0
155,100,0,100,54,100,100,0,100,100,0.0398749974,43.8175614984,841.6029057710,1.0000000000,0.8416000000,250.0000000000,0
156,100,0,100,55,100,100,0,100,100,0.0399133929,43.7776481055,841.6029729673,1.0000000000,0.8416000000,250.0000000000,0
157,100,0,100,56,100,100,0,100,100,0.0398506210,43.7377974845,841.6028181728,1.0000000000,0.8416000000,250.0000000000,0
158,100,0,100,57,100,100,0,100,100,0.0398916397,43.6979058449,841.6029386360,1.0000000000,0.8416000000,250.0000000000,0
159,100,0,100,58,100,100,0,100,100,0.0398851200,43.6580207248,841.6029266955,1.0000000000,0.8416000000,250.0000000000,0
160,100,0,100,59,100,100,0,100,100,0.0399013986,43.6181193262,841.6029549160,1.0000000000,0.8416000000,250.0000000000,0
161,100,0,100,60,100,100,0,100,100,0.0399089892,43.5782103370,841.6029665525,1.0000000000,0.8416000000,250.0000000000,0
162,100,0,100,61,100,100,0,100,100,0.0398538911,43.5383564459,841.6028395602,1.0000000000,0.8416000000,250.0000000000,0
163,100,0,100,62,100,100,0,100,100,0.0398590236,43.4984974223,841.6028614202,1.0000000000,0.8416000000,250.0000000000,0
164,100,0,100,63,100,100,0,100,100,0.0398650840,43.4586323383,841.6028807907,1.0000000000,0.8416000000,250.0000000000,0
165,100,0,100,64,100,100,0,100,100,0.0398552302,43.4187771082,841.6028460694,1.0000000000,0.8416000000,250.0000000000,0
166,100,0,100,65,100,100,0,100,100,0.0398969430,43.3788801652,841.6029476898,1.0000000000,0.8416000000,250.0000000000,0
167,100,0,100,66,100,100,0,100,100,0.0398492368,43.3390309284,841.6028007337,1.0000000000,0.8416000000,250.0000000000,0
168,100,0,100,67,100,100,0,100,100,0.0399122984,43.2991186300,841.6029713940,1.0000000000,0.8416000000,250.0000000000,0
169,100,0,100,68,100,100,0,100,100,0.0398539119,43.2592647181,841.6028396678,1.0000000000,0.8416000000,250.0000000000,0
170,100,0,100,69,100,100,0,100,100,0.0399121170,43.2193526011,841.6029711319,1.0000000000,0.8416000000,250.0000000000,0
171,100,0,100,70,100,100,0,100,100,0.0399164360,43.1794361652,841.6029772728,1.0000000000,0.8416000000,250.0000000000,0
172,100,0,100,71,100,100,0,100,100,0.0399107028,43.1395254624,841.6029690758,1.0000000000,0.8416000000,250.0000000000,0
173,100,0,100,72,100,100,0,100,100,0.0399200686,43.0996053938,841.6029822872,1.0000000000,0.8416000000,250.0000000000,0
174,100,0,100,73,100,100,0,100,100,0.0398707820,43.0597346118,841.6028958615,1.0000000000,0.8416000000,250.0000000000,0
175,100,0,100,74,100,100,0,100,100,0.0398728002,43.0198618116,841.6029007152,1.0000000000,0.8416000000,250.0000000000,0
176,100,0,100,75,100,100,0,100,100,0.0399162428,42.9799455688,841.6029770024,1.0000000000,0.8416000000,250.0000000000,0
177,100,0,100,76,100,100,0,100,100,0.0398661257,42.9400794430,841.6028837244,1.0000000000,0.8416000000,250.0000000000,0
178,100,0,100,77,100,100,0,100,100,0.0398900367,42.9001894063,841.6029357901,1.0000000000,0.8416000000,250.0000000000,0
179,100,0,100,78,100,100,0,100,100,0.0399095756,42.8602798307,841.6029674200,1.0000000000,0.8416000000,250.0000000000,0
180,100,0,100,79,100,100,0,100,100,0.0398576236,42.8204222070,841.6028561615,1.0000000000,0.8416000000,250.0000000000,0
181,100,0,100,80,100,100,0,100,100,0.0398888531,42.7805333540,841.6029336527,1.0000000000,0.8416000000,250.0000000000,0
182,100,0,100,81,100,100,0,100,100,0.0398769186,42.7406564353,841.6029100198,1.0000000000,0.8416000000,250.0000000000,0
183,100,0,100,82,100,100,0,100,100,0.0399230001,42.7007334353,841.6029862411,1.0000000000,0.8416000000,250.0000000000,0
184,100,0,100,83,100,100,0,100,100,0.0398526391,42.6608807962,841.6028326140,1.0000000000,0.8416000000,250.0000000000,0
185,100,0,100,84,100,100,0,100,100,0.0398723662,42.6210084300,841.6028996893,1.0000000000,0.8416000000,250.0000000000,0
186,100,0,100,85,100,100,0,100,100,0.0399025150,42.5811059150,841.6029566779,1.0000000000,0.8416000000,250.0000000000,0
187,100,0,100,86,100,100,0,100,100,0.0399094898,42.5411964252,841.6029672934,1.0000000000,0.8416000000,250.0000000000,0
188,100,0,100,87,100,100,0,100,100,0.0399030623,42.5012933629,841.6029575351,1.0000000000,0.8416000000,250.0000000000,0
189,100,0,100,88,100,100,0,100,100,0.0398746787,42.4614186843,841.6029050513,1.0000000000,0.8416000000,250.0000000000,0
190,100,0,100,89,100,100,0,100,100,0.0398867667,42.4215319175,841.6029298066,1.0000000000,0.8416000000,250.0000000000,0
191,100,0,100,90,100,100,0,100,100,0.0398888134,42.3816431041,841.6029335805,1.0000000000,0.8416000000,250.0000000000,0
192,100,0,100,91,100,100,0,100,100,0.0398512439,42.3417918602,841.6028232762,1.0000000000,0.8416000000,250.0000000000,0
193,100,0,100,92,100,100,0,100,100,0.0398576016,42.3019342586,841.6028560754,1.0000000000,0.8416000000,250.0000000000,0
194,100,0,100,93,100,100,0,100,100,0.0399053727,42.2620288860,841.6029611062,1.0000000000,0.8416000000,250.0000000000,0
195,100,0,100,94,100,100,0,100,100,0.0398873331,42.2221415529,841.6029308610,1.0000000000,0.8416000000,250.0000000000,0
196,100,0,100,95,100,100,0,100,100,0.0398857599,42.1822557930,841.6029279126,1.0000000000,0.8416000000,250.0000000000,0
197,100,0,100,96,100,100,0,100,100,0.0399020723,42.1423537206,841.6029559815,1.0000000000,0.8416000000,250.0000000000,0
198,100,0,100,97,100,100,0,100,100,0.0398899084,42.1024638122,841.6029355598,1.0000000000,0.8416000000,250.0000000000,0
199,100,0,100,98,100,100,0,100,100,0.0399049803,42.0625588319,841.6029605049,1.0000000000,0.8416000000,250.0000000000,0
200,100,0,100,99,100,100,0,100,100,0.0398721394,42.0226866925,841.6028991495,1.0000000000,0.8416000000,250.0000000000,0
201,100,0,100,0,100,100,0,100,100,0.0399096741,41.9827770184,841.6029675652,1.0000000000,0.8416000000,250.0000000000,0
202,100,0,100,1,100,100,0,100,100,0.0399159406,41.9428610778,841.6029765787,1.0000000000,0.8416000000,250.0000000000,0
203,100,0,100,2,100,100,0,100,100,0.0398929788,41.9029680990,841.6029409729,1.0000000000,0.8416000000,250.0000000000,0
204,100,0,100,3,100,100,0,100,100,0.0398870362,41.8630810628,841.6029303093,1.0000000000,0.8416000000,250.0000000000,0
205,100,0,100,4,100,100,0,100,100,0.0398773443,41.8232037185,841.6029109412,1.0000000000,0.8416000000,250.0000000000,0
206,100,0,100,5,100,100,0,100,100,0.0399284552,41.7832752633,841.6029933957,1.0000000000,0.8416000000,250.0000000000,0
207,100,0,100,6,100,100,0,100,100,0.0398602566,41.7434150067,841.6028657557,1.0000000000,0.8416000000,250.0000000000,0
208,100,0,100,7,100,100,0,100,100,0.0398722190,41.7035427877,841.6028993391,1.0000000000,0.8416000000,250.0000000000,0
209,100,0,100,8,100,100,0,100,100,0.0398846334,41.6636581543,841.6029257626,1.0000000000,0.8416000000,250.0000000000,0
210,100,0,100,9,100,100,0,100,100,0.0399157774,41.6237423769,841.6029763494,1.0000000000,0.8416000000,250.0000000000,0
211,100,0,100,10,100,100,0,100,100,0.0399077350,41.5838346418,841.6029646829,1.0000000000,0.8416000000,250.0000000000,0
212,100,0,100,11,100,100,0,100,100,0.0398605144,41.5439741275,841.6028666316,1.0000000000,0.8416000000,250.0000000000,0
213,100,0,100,12,100,100,0,100,100,0.0399011508,41.5040729767,841.6029545223,1.0000000000,0.8416000000,250.0000000000,0
214,100,0,100,13,100,100,0,100,100,0.0398677334,41.4642052433,841.6028880824,1.0000000000,0.8416000000,250.0000000000,0
215,100,0,100,14,100,100,0,100,100,0.0398548317,41.4243504116,841.6028442120,1.0000000000,0.8416000000,250.0000000000,0
216,100,0,100,15,100,100,0,100,100,0.0398755481,41.3844748634,841.6029070046,1.0000000000,0.8416000000,250.0000000000,0
217,100,0,100,16,100,100,0,100,100,0.0399043260,41.3445705375,841.6029594975,1.0000000000,0.8416000000,250.0000000000,0
218,100,0,100,17,100,100,0,100,100,0.0399074911,41.3046630464,841.6029643169,1.0000000000,0.8416000000,250.0000000000,0
219,100,0,100,18,100,100,0,100,100,0.0399015355,41.2647615109,841.6029551330,1.0000000000,0.8416000000,250.0000000000,0
220,100,0,100,19,100,100,0,100,100,0.0399026366,41.2248588743,841.6029568688,1.0000000000,0.8416000000,250.0000000000,0
221,100,0,100,20,100,100,0,100,100,0.0398665107,41.1849923636,841.6028847860,1.0000000000,0.8416000000,250.0000000000,0
222,100,0,100,21,100,100,0,100,100,0.0398573526,41.1451350110,841.6028550956,1.0000000000,0.8416000000,250.0000000000,0
223,100,0,100,22,100,100,0,100,100,0.0398545107,41.1052805003,841.6028426692,1.0000000000,0.8416000000,250.0000000000,0
224,100,0,100,23,100,100,0,100,100,0.0398637947,41.0654167056,841.6028770256,1.0000000000,0.8416000000,250.0000000000,0
225,100,0,100,24,100,100,0,100,100,0.0398927601,41.0255239455,841.6029405937,1.0000000000,0.8416000000,250.0000000000,0
226,100,0,100,25,100,100,0,100,100,0.0399204506,40.9856034949,841.6029828070,1.0000000000,0.8416000000,250.0000000000,0
227,100,0,100,26,100,100,0,100,100,0.0398603429,40.9457431520,841.6028660500,1.0000000000,0.8416000000,250.0000000000,0
228,100,0,100,27,100,100,0,100,100,0.0399010569,40.9058420951,841.6029543729,1.0000000000,0.8416000000,250.0000000000,0
229,100,0,100,28,100,100,0,100,100,0.0398641123,40.8659779828,841.6028779678,1.0000000000,0.8416000000,250.0000000000,0
230,100,0,100,29,100,100,0,100,100,0.0398986502,40.8260793326,841.6029504967,1.0000000000,0.8416000000,250.0000000000,0
231,100,0,100,30,100,100,0,100,100,0.0398670789,40.7862122537,841.6028863317,1.0000000000,0.8416000000,250.0000000000,0
232,100,0,100,31,100,100,0,100,100,0.0399079107,40.7463043429,841.6029649460,1.0000000000,0.8416000000,250.0000000000,0
233,100,0,100,32,100,100,0,100,100,0.0398941885,40.7064101545,841.6029430535,1.0000000000,0.8416000000,250.0000000000,0
234,100,0,100,33,100,100,0,100,100,0.0399056309,40.6665045236,841.6029615008,1.0000000000,0.8416000000,250.0000000000,0
235,100,0,100,34,100,100,0,100,100,0.0399304084,40.6265741152,841.6029958975,1.0000000000,0.8416000000,250.0000000000,0
236,100,0,100,35,100,100,0,100,100,0.0398561714,40.5867179438,841.6028502353,1.0000000000,0.8416000000,250.0000000000,0
237,100,0,100,36,100,100,0,100,100,0.0398699427,40.5468480011,841.6028937772,1.0000000000,0.8416000000,250.0000000000,0
238,100,0,100,37,100,100,0,100,100,0.0399190161,40.5069289850,841.6029808478,1.0000000000,0.8416000000,250.0000000000,0
239,100,0,100,38,100,100,0,100,100,0.0398762741,40.4670527110,841.6029086111,1.0000000000,0.8416000000,250.0000000000,0
240,100,0,100,39,100,100,0,100,100,0.0398628571,40.4271898539,841.6028741835,1.0000000000,0.8416000000,250.0000000000,0
241,100,0,100,40,100,100,0,100,100,0.0398582816,40.3873315722,841.6028586822,1.0000000000,0.8416000000,250.0000000000,0
242,100,0,100,41,100,100,0,100,100,0.0398567789,40.3474747933,841.6028527809,1.0000000000,0.8416000000,250.0000000000,0
243,100,0,100,42,100,100,0,100,100,0.0399279212,40.3075468721,841.6029927065,1.0000000000,0.8416000000,250.0000000000,0
244,100,0,100,43,100,100,0,100,100,0.0399035797,40.2676432924,841.6029583413,1.0000000000,0.8416000000,250.0000000000,0
245,100,0,100,44,100,100,0,100,100,0.0399047001,40.2277385923,841.6029600743,1.0000000000,0.8416000000,250.0000000000,0
246,100,0,100,45,100,100,0,100,100,0.0398812757,40.1878573166,841.6029191442,1.0000000000,0.8416000000,250.0000000000,0
247,100,0,100,46,100,100,0,100,100,0.0398907768,40.1479665398,841.6029371108,1.0000000000,0.8416000000,250.0000000000,0
248,100,0,100,47,100,100,0,100,100,0.0398818191,40.1080847207,841.6029202378,1.0000000000,0.8416000000,250.0000000000,0
249,100,0,100,48,100,100,0,100,100,0.0398608758,40.0682238449,841.6028678435,1.0000000000,0.8416000000,250.0000000000,0
250,100,0,100,49,100,100,0,100,100,0.0398971591,40.0283266858,841.6029480478,1.0000000000,0.8416000000,250.0000000000,0
251,100,0,100,50,100,100,0,100,100,0.0398944850,39.9884322008,841.6029435593,1.0000000000,0.8416000000,250.0000000000,0
252,100,0,100,51,100,100,0,100,100,0.0398611499,39.9485710510,841.6028687505,1.0000000000,0.8416000000,250.0000000000,0
253,100,0,100,52,100,100,0,100,100,0.0398668762,39.9087041748,841.6028857830,1.0000000000,0.8416000000,250.0000000000,0
254,100,0,100,53,100,100,0,100,100,0.0399243328,39.8687798420,841.6029880127,1.0000000000,0.8416000000,250.0000000000,0
255,100,0,100,54,100,100,0,100,100,0.0398749974,39.8289048446,841.6029057710,1.0000000000,0.8416000000,250.0000000000,0
256,100,0,100,55,100,100,0,100,100,0.0399133929,39.7889914518,841.6029729673,1.0000000000,0.8416000000,250.0000000000,0
257,100,0,100,56,100,100,0,100,100,0.0398506210,39.7491408308,841.6028181728,1.0000000000,0.8416000000,250.0000000000,0
258,100,0,100,57,100,100,0,100,100,0.0398916397,39.7092491911,841.6029386360,1.0000000000,0.8416000000,250.0000000000,0
259,100,0,100,58,100,100,0,100,100,0.0398851200,39.6693640711,841.6029266955,1.0000000000,0.8416000000,250.0000000000,0
260,100,0,100,59,100,100,0,100,100,0.0399013986,39.6294626725,841.6029549160,1.0000000000,0.8416000000,250.0000000000,0
261,100,0,100,60,100,100,0,100,100,0.0399089892,39.5895536833,841.6029665525,1.0000000000,0.8416000000,250.0000000000,0
262,100,0,100,61,100,100,0,100,100,0.0398538911,39.5496997922,841.6028395602,1.0000000000,0.8416000000,250.0000000000,0
263,100,0,100,62,100,100,0,100,100,0.0398590236,39.5098407686,841.6028614202,1.0000000000,0.8416000000,250.0000000000,0
264,100,0,100,63,100,100,0,100,100,0.0398650840,39.4699756846,841.6028807907,1.0000000000,0.8416000000,250.0000000000,0
265,100,0,100,64,100,100,0,100,100,0.0398552302,39.4301204544,841.6028460694,1.0000000000,0.8416000000,250.0000000000,0
266,100,0,100,65,100,100,0,100,100,0.0398969430,39.3902235114,841.6029476898,1.0000000000,0.8416000000,250.0000000000,0
267,100,0,100,66,100,100,0,100,100,0.0398492368,39.3503742747,841.6028007337,1.0000000000,0.8416000000,250.0000000000,0
268,100,0,100,67,100,100,0,100,100,0.0399122984,39.3104619763,841.6029713940,1.0000000000,0.8416000000,250.0000000000,0
269,100,0,100,68,100,100,0,100,100,0.0398539119,39.2706080644,841.6028396678,1.0000000000,0.8416000000,250.0000000000,0
270,100,0,100,69,100,100,0,100,100,0.0399121170,39.2306959474,841.6029711319,1.0000000000,0.8416000000,250.0000000000,0
271,100,0,100,70,100,100,0,100,100,0.0399164360,39.1907795114,841.6029772728,1.0000000000,0.8416000000,250.0000000000,0
272,100,0,100,71,100,100,0,100,100,0.0399107028,39.1508688086,841.6029690758,1.0000000000,0.8416000000,250.0000000000,0
273,100,0,100,72,100,100,0,100,100,0.0399200686,39.1109487400,841.6029822872,1.0000000000,0.8416000000,250.0000000000,0
274,100,0,100,73,100,100,0,100,100,0.0398707820,39.0710779580,841.6028958615,1.0000000000,0.8416000000,250.0000000000,0
275,100,0,100,74,100,100,0,100,100,0.0398728002,39.0312051578,841.6029007152,1.0000000000,0.8416000000,250.0000000000,0
276,100,0,100,75,100,100,0,100,100,0.0399162428,38.9912889150,841.6029770024,1.0000000000,0.8416000000,250.0000000000,0
277,100,0,100,76,100,100,0,100,100,0.0398661257,38.9514227893,841.6028837244,1.0000000000,0.8416000000,250.0000000000,0
278,100,0,100,77,100,100,0,100,100,0.0398900367,38.9115327525,841.6029357901,1.0000000000,0.8416000000,250.0000000000,0
279,100,0,100,78,100,100,0,100,100,0.0399095756,38.8716231769,841.6029674200,1.0000000000,0.8416000000,250.0000000000,0
280,100,0,100,79,100,100,0,100,100,0.0398576236,38.8317655533,841.6028561615,1.0000000000,0.8416000000,250.0000000000,0
281,100,0,100,80,100,100,0,100,100,0.0398888531,38.7918767002,841.6029336527,1.0000000000,0.8416000000,250.0000000000,0
282,100,0,100,81,100,100,0,100,100,0.0398769186,38.7519997816,841.6029100198,1.0000000000,0.8416000000,250.0000000000,0
283,100,0,100,82,100,100,0,100,100,0.0399230001,38.7120767815,841.6029862411,1.0000000000,0.8416000000,250.0000000000,0
284,100,0,100,83,100,100,0,100,100,0.0398526391,38.6722241424,841.6028326140,1.0000000000,0.8416000000,250.0000000000,0
285,100,0,100,84,100,100,0,100,100,0.0398723662,38.6323517762,841.6028996893,1.0000000000,0.8416000000,250.0000000000,0
286,100,0,100,85,100,100,0,100,100,0.0399025150,38.5924492613,841.6029566779,1.0000000000,0.8416000000,250.0000000000,0
287,100,0,100,86,100,100,0,100,100,0.0399094898,38.5525397715,841.6029672934,1.0000000000,0.8416000000,250.0000000000,0
288,100,0,100,87,100,100,0,100,100,0.0399030623,38.5126367092,841.6029575351,1.0000000000,0.8416000000,250.0000000000,0
289,100,0,100,88,100,100,0,100,100,0.0398746787,38.4727620305,841.6029050513,1.0000000000,0.8416000000,250.0000000000,0
290,100,0,100,89,100,100,0,100,100,0.0398867667,38.4328752638,841.6029298066,1.0000000000,0.8416000000,250.0000000000,0
291,100,0,100,90,100,100,0,100,100,0.0398888134,38.3929864504,841.6029335805,1.0000000000,0.8416000000,250.0000000000,0
292,100,0,100,91,100,100,0,100,100,0.0398512439,38.3531352064,841.6028232762,1.0000000000,0.8416000000,250.0000000000,0
293,100,0,100,92,100,100,0,100,100,0.0398576016,38.3132776049,841.6028560754,1.0000000000,0.8416000000,250.0000000000,0
294,100,0,100,93,100,100,0,100,100,0.0399053727,38.2733722322,841.6029611062,1.0000000000,0.8416000000,250.0000000000,0
295,100,0,100,94,100,100,0,100,100,0.0398873331,38.2334848991,841.6029308610,1.0000000000,0.8416000000,250.0000000000,0
296,100,0,100,95,100,100,0,100,100,0.0398857599,38.1935991392,841.6029279126,1.0000000000,0.8416000000,250.0000000000,0
297,100,0,100,96,100,100,0,100,100,0.0399020723,38.1536970669,841.6029559815,1.0000000000,0.8416000000,250.0000000000,0
298,100,0,100,97,100,100,0,100,100,0.0398899084,38.1138071585,841.6029355598,1.0000000000,0.8416000000,250.0000000000,0
299,100,0,100,98,100,100,0,100,100,0.0399049803,38.0739021782,841.6029605049,1.0000000000,0.8416000000,250.0000000000,0
300,100,0,100,99,100,100,0,100,100,0.0398721394,38.0340300387,841.6028991495,1.0000000000,0.8416000000,250.0000000000,0
301,100,0,100,0,100,100,0,100,100,0.0399096741,37.9941203647,841.6029675652,1.0000000000,0.8416000000,250.0000000000,0
302,100,0,100,1,100,100,0,100,100,0.0399159406,37.9542044241,841.6029765787,1.0000000000,0.8416000000,250.0000000000,0
303,100,0,100,2,100,100,0,100,100,0.0398929788,37.9143114453,841.6029409729,1.0000000000,0.8416000000,250.0000000000,0
304,100,0,100,3,100,100,0,100,100,0.0398870362,37.8744244090,841.6029303093,1.0000000000,0.8416000000,250.0000000000,0
305,100,0,100,4,100,100,0,100,100,0.0398773443,37.8345470647,841.6029109412,1.0000000000,0.8416000000,250.0000000000,0
306,100,0,100,5,100,100,0,100,100,0.0399284552,37.7946186096,841.6029933957,1.0000000000,0.8416000000,250.0000000000,0
307,100,0,100,6,100,100,0,100,100,0.0398602566,37.7547583529,841.6028657557,1.0000000000,0.8416000000,250.0000000000,0
308,100,0,100,7,100,100,0,100,100,0.0398722190,37.7148861340,841.6028993391,1.0000000000,0.8416000000,250.0000000000,0
309,100,0,100,8,100,100,0,100,100,0.0398846334,37.6750015005,841.6029257626,1.0000000000,0.8416000000,250.0000000000,0
310,100,0,100,9,100,100,0,100,100,0.0399157774,37.6350857231,841.6029763494,1.0000000000,0.8416000000,250.0000000000,0
311,100,0,100,10,100,100,0,100,100,0.0399077350,37.5951779881,841.6029646829,1.0000000000,0.8416000000,250.0000000000,0
312,100,0,100,11,100,100,0,100,100,0.0398605144,37.5553174737,841.6028666316,1.0000000000,0.8416000000,250.0000000000,0
313,100,0,100,12,100,100,0,100,100,0.0399011508,37.5154163229,841.6029545223,1.0000000000,0.8416000000,250.0000000000,0
314,100,0,100,13,100,100,0,100,100,0.0398677334,37.4755485895,841.6028880824,1.0000000000,0.8416000000,250.0000000000,0
315,100,0,100,14,100,100,0,100,100,0.0398548317,37.4356937578,841.6028442120,1.0000000000,0.8416000000,250.0000000000,0
316,100,0,100,15,100,100,0,100,100,0.0398755481,37.3958182097,841.6029070046,1.0000000000,0.8416000000,250.0000000000,0
317,100,0,100,16,100,100,0,100,100,0.0399043260,37.3559138837,841.6029594975,1.0000000000,0.8416000000,250.0000000000,0
318,100,0,100,17,100,100,0,100,100,0.0399074911,37.3160063926,841.6029643169,1.0000000000,0.8416000000,250.0000000000,0
319,100,0,100,18,100,100,0,100,100,0.0399015355,37.2761048572,841.6029551330,1.0000000000,0.8416000000,250.0000000000,0
320,100,0,100,19,100,100,0,100,100,0.0399026366,37.2362022206,841.6029568688,1.0000000000,0.8416000000,250.0000000000,0
321,100,0,100,20,100,100,0,100,100,0.0398665107,37.1963357098,841.6028847860,1.0000000000,0.8416000000,250.0000000000,0
322,100,0,100,21,100,100,0,100,100,0.0398573526,37.1564783572,841.6028550956,1.0000000000,0.8416000000,250.0000000000,0
323,100,0,100,22,100,100,0,100,100,0.0398545107,37.1166238466,841.6028426692,1.0000000000,0.8416000000,250.0000000000,0
324,100,0,100,23,100,100,0,100,100,0.0398637947,37.0767600518,841.6028770256,1.0000000000,0.8416000000,250.0000000000,0
325,100,0,100,24,100,100,0,100,100,0.0398927601,37.0368672918,841.6029405937,1.0000000000,0.8416000000,250.0000000000,0
326,100,0,100,25,100,100,0,100,100,0.0399204506,36.9969468412,841.6029828070,1.0000000000,0.8416000000,250.0000000000,0
327,100,0,100,26,100,100,0,100,100,0.0398603429,36.9570864983,841.6028660500,1.0000000000,0.8416000000,250.0000000000,0
328,100,0,100,27,100,100,0,100,100,0.0399010569,36.9171854414,841.6029543729,1.0000000000,0.8416000000,250.0000000000,0
329,100,0,100,28,100,100,0,100,100,0.0398641123,36.8773213291,841.6028779678,1.0000000000,0.8416000000,250.0000000000,0
330,100,0,100,29,100,100,0,100,100,0.0398986502,36.8374226789,841.6029504967,1.0000000000,0.8416000000,250.0000000000,0
331,100,0,100,30,100,100,0,100,100,0.0398670789,36.7975555999,841.6028863317,1.0000000000,0.8416000000,250.0000000000,0
332,100,0,100,31,100,100,0,100,100,0.0399079107,36.7576476892,841.6029649460,1.0000000000,0.8416000000,250.0000000000,0
333,100,0,100,32,100,100,0,100,100,0.0398941885,36.7177535007,841.6029430535,1.0000000000,0.8416000000,250.0000000000,0
334,100,0,100,33,100,100,0,100,100,0.0399056309,36.6778478698,841.6029615008,1.0000000000,0.8416000000,250.0000000000,0
335,100,0,100,34,100,100,0,100,100,0.0399304084,36.6379174615,841.6029958975,1.0000000000,0.8416000000,250.0000000000,0
336,100,0,100,35,100,100,0,100,100,0.0398561714,36.5980612901,841.6028502353,1.0000000000,0.8416000000,250.0000000000,0
337,100,0,100,36,100,100,0,100,100,0.0398699427,36.5581913474,841.6028937772,1.0000000000,0.8416000000,250.0000000000,0
338,100,0,100,37,100,100,0,100,100,0.0399190161,36.5182723313,841.6029808478,1.0000000000,0.8416000000,250.0000000000,0
339,100,0,100,38,100,100,0,100,100,0.0398762741,36.4783960572,841.6029086111,1.0000000000,0.8416000000,250.0000000000,0
340,100,0,100,39,100,100,0,100,100,0.0398628571,36.4385332001,841.6028741835,1.0000000000,0.8416000000,250.0000000000,0
341,100,0,100,40,100,100,0,100,100,0.0398582816,36.3986749185,841.6028586822,1.0000000000,0.8416000000,250.0000000000,0
342,100,0,100,41,100,100,0,100,100,0.0398567789,36.3588181396,841.6028527809,1.0000000000,0.8416000000,250.0000000000,0
343,100,0,100,42,100,100,0,100,100,0.0399279212,36.3188902184,841.6029927065,1.0000000000,0.8416000000,250.0000000000,0
344,100,0,100,43,100,100,0,100,100,0.0399035797,36.2789866387,841.6029583413,1.0000000000,0.8416000000,250.0000000000,0
345,100,0,100,44,100,100,0,100,100,0.0399047001,36.2390819385,841.6029600743,1.0000000000,0.8416000000,250.0000000000,0
346,100,0,100,45,100,100,0,100,100,0.0398812757,36.1992006628,841.6029191442,1.0000000000,0.8416000000,250.0000000000,0
347,100,0,100,46,100,100,0,100,100,0.0398907768,36.1593098861,841.6029371108,1.0000000000,0.8416000000,250.0000000000,0
348,100,0,100,47,100,100,0,100,100,0.0398818191,36.1194280669,841.6029202378,1.0000000000,0.8416000000,250.0000000000,0
349,100,0,100,48,100,100,0,100,100,0.0398608758,36.0795671912,841.6028678435,1.0000000000,0.8416000000,250.0000000000,0
350,100,0,100,49,100,100,0,100,100,0.0398971591,36.0396700321,841.6029480478,1.0000000000,0.8416000000,250.0000000000,0
351,100,0,100,50,100,100,0,100,100,0.0398944850,35.9997755471,841.6029435593,1.0000000000,0.8416000000,250.0000000000,0
352,100,0,100,51,100,100,0,100,100,0.0398611499,35.9599143972,841.6028687505,1.0000000000,0.8416000000,250.0000000000,0
353,100,0,100,52,100,100,0,100,100,0.0398668762,35.9200475210,841.6028857830,1.0000000000,0.8416000000,250.0000000000,0
354,100,0,100,53,100,100,0,100,100,0.0399243328,35.8801231882,841.6029880127,1.0000000000,0.8416000000,250.0000000000,0
355,100,0,100,54,100,100,0,100,100,0.0398749974,35.8402481909,841.6029057710,1.0000000000,0.8416000000,250.0000000000,0
356,100,0,100,55,100,100,0,100,100,0.0399133929,35.8003347980,841.6029729673,1.0000000000,0.8416000000,250.0000000000,0
357,100,0,100,56,100,100,0,100,100,0.0398506210,35.7604841770,841.6028181728,1.0000000000,0.8416000000,250.0000000000,0
358,100,0,100,57,100,100,0,100,100,0.0398916397,35.7205925374,841.6029386360,1.0000000000,0.8416000000,250.0000000000,0
359,100,0,100,58,100,100,0,100,100,0.0398851200,35.6807074173,841.6029266955,1.0000000000,0.8416000000,250.0000000000,0
360,100,0,100,59,100,100,0,100,100,0.0399013986,35.6408060187,841.6029549160,1.0000000000,0.8416000000,250.0000000000,0
361,100,0,100,60,100,100,0,100,100,0.0399089892,35.6008970295,841.6029665525,1.0000000000,0.8416000000,250.0000000000,0
362,100,0,100,61,100,100,0,100,100,0.0398538911,35.5610431384,841.6028395602,1.0000000000,0.8416000000,250.0000000000,0
363,100,0,100,62,100,100,0,100,100,0.0398590236,35.5211841148,841.6028614202,1.0000000000,0.8416000000,250.0000000000,0
364,100,0,100,63,100,100,0,100,100,0.0398650840,35.4813190308,841.6028807907,1.0000000000,0.8416000000,250.0000000000,0
365,100,0,100,64,100,100,0,100,100,0.0398552302,35.4414638007,841.6028460694,1.0000000000,0.8416000000,250.0000000000,0
366,100,0,100,65,100,100,0,100,100,0.0398969430,35.4015668577,841.6029476898,1.0000000000,0.8416000000,250.0000000000,0
367,100,0,100,66,100,100,0,100,100,0.0398492368,35.3617176209,841.6028007337,1.0000000000,0.8416000000,250.0000000000,0
368,100,0,100,67,100,100,0,100,100,0.0399122984,35.3218053225,841.6029713940,1.0000000000,0.8416000000,250.0000000000,0
369,100,0,100,68,100,100,0,100,100,0.0398539119,35.2819514106,841.6028396678,1.0000000000,0.8416000000,250.0000000000,0
370,100,0,100,69,100,100,0,100,100,0.0399121170,35.2420392936,841.6029711319,1.0000000000,0.8416000000,250.0000000000,0
371,100,0,100,70,100,100,0,100,100,0.0399164360,35.2021228577,841.6029772728,1.0000000000,0.8416000000,250.0000000000,0
372,100,0,100,71,100,100,0,100,100,0.0399107028,35.1622121549,841.6029690758,1.0000000000,0.8416000000,250.0000000000,0
373,100,0,100,72,100,100,0,100,100,0.0399200686,35.1222920863,841.6029822872,1.0000000000,0.8416000000,250.0000000000,0
374,100,0,100,73,100,100,0,100,100,0.0398707820,35.0824213043,841.6028958615,1.0000000000,0.8416000000,250.0000000000,0
375,100,0,100,74,100,100,0,100,100,0.0398728002,35.0425485041,841.6029007152,1.0000000000,0.8416000000,250.0000000000,0
376,100,0,100,75,100,100,0,100,100,0.0399162428,35.0026322613,841.6029770024,1.0000000000,0.8416000000,250.0000000000,0
377,100,0,100,76,100,100,0,100,100,0.0398661257,34.9627661355,841.6028837244,1.0000000000,0.8416000000,250.0000000000,0
378,100,0,100,77,100,100,0,100,100,0.0398900367,34.9228760988,841.6029357901,1.0000000000,0.8416000000,250.0000000000,0
379,100,0,100,78,100,100,0,100,100,0.0399095756,34.8829665232,841.6029674200,1.0000000000,0.8416000000,250.0000000000,0
380,100,0,100,79,100,100,0,100,100,0.0398576236,34.8431088995,841.6028561615,1.0000000000,0.8416000000,250.0000000000,0
381,100,0,100,80,100,100,0,100,100,0.0398888531,34.8032200465,841.6029336527,1.0000000000,0.8416000000,250.0000000000,0
382,100,0,100,81,100,100,0,100,100,0.0398769186,34.7633431278,841.6029100198,1.0000000000,0.8416000000,250.0000000000,0
383,100,0,100,82,100,100,0,100,100,0.0399230001,34.7234201278,841.6029862411,1.0000000000,0.8416000000,250.0000000000,0
384,100,0,100,83,100,100,0,100,100,0.0398526391,34.6835674887,841.6028326140,1.0000000000,0.8416000000,250.0000000000,0
385,100,0,100,84,100,100,0,100,100,0.0398723662,34.6436951225,841.6028996893,1.0000000000,0.8416000000,250.0000000000,0
386,100,0,100,85,100,100,0,100,100,0.0399025150,34.6037926075,841.6029566779,1.0000000000,0.8416000000,250.0000000000,0
387,100,0,100,86,100,100,0,100,100,0.0399094898,34.5638831177,841.6029672934,1.0000000000,0.8416000000,250.0000000000,0
388,100,0,100,87,100,100,0,100,100,0.0399030623,34.5239800554,841.6029575351,1.0000000000,0.8416000000,250.0000000000,0
389,100,0,100,88,100,100,0,100,100,0.0398746787,34.4841053768,841.6029050513,1.0000000000,0.8416000000,250.0000000000,0
390,100,0,100,89,100,100,0,100,100,0.0398867667,34.4442186100,841.6029298066,1.0000000000,0.8416000000,250.0000000000,0
391,100,0,100,90,100,100,0,100,100,0.0398888134,34.4043297966,841.6029335805,1.0000000000,0.8416000000,250.0000000000,0
392,100,0,100,91,100,100,0,100,100,0.0398512439,34.3644785527,841.6028232762,1.0000000000,0.8416000000,250.0000000000,0
393,100,0,100,92,100,100,0,100,100,0.0398576016,34.3246209511,841.6028560754,1.0000000000,0.8416000000,250.0000000000,0
394,100,0,100,93,100,100,0,100,100,0.0399053727,34.2847155785,841.6029611062,1.0000000000,0.8416000000,250.0000000000,0
395,100,0,100,94,100,100,0,100,100,0.0398873331,34.2448282454,841.6029308610,1.0000000000,0.8416000000,250.0000000000,0
396,100,0,100,95,100,100,0,100,100,0.0398857599,34.2049424855,841.6029279126,1.0000000000,0.8416000000,250.0000000000,0
397,100,0,100,96,100,100,0,100,100,0.0399020723,34.1650404131,841.6029559815,1.0000000000,0.8416000000,250.0000000000,0
398,100,0,100,97,100,100,0,100,100,0.0398899084,34.1251505047,841.6029355598,1.0000000000,0.8416000000,250.0000000000,0
399,100,0,100,98,100,100,0,100,100,0.0399049803,34.0852455244,841.6029605049,1.0000000000,0.8416000000,250.0000000000,0
400,100,0,100,99,100,100,0,100,100,0.0398721394,34.0453733850,841.6028991495,1.0000000000,0.8416000000,250.0000000000,0
401,100,0,100,0,100,100,0,100,100,0.0399096741,34.0054637109,841.6029675652,1.0000000000,0.8416000000,250.0000000000,0
402,100,0,100,1,100,100,0,100,100,0.0399159406,33.9655477703,841.6029765787,1.0000000000,0.8416000000,250.0000000000,0
403,100,0,100,2,100,100,0,100,100,0.0398929788,33.9256547915,841.6029409729,1.0000000000,0.8416000000,250.0000000000,0
404,100,0,100,3,100,100,0,100,100,0.0398870362,33.8857677553,841.6029303093,1.0000000000,0.8416000000,250.0000000000,0
405,100,0,100,4,100,100,0,100,100,0.0398773443,33.8458904110,841.6029109412,1.0000000000,0.8416000000,250.0000000000,0
406,100,0,100,5,100,100,0,100,100,0.0399284552,33.8059619558,841.6029933957,1.0000000000,0.8416000000,250.0000000000,0
407,100,0,100,6,100,100,0,100,100,0.0398602566,33.7661016992,841.6028657557,1.0000000000,0.8416000000,250.0000000000,0
408,100,0,100,7,100,100,0,100,100,0.0398722190,33.7262294802,841.6028993391,1.0000000000,0.8416000000,250.0000000000,0
409,100,0,100,8,100,100,0,100,100,0.0398846334,33.6863448468,841.6029257626,1.0000000000,0.8416000000,250.0000000000,0
410,100,0,100,9,100,100,0,100,100,0.0399157774,33.6464290694,841.6029763494,1.0000000000,0.8416000000,250.0000000000,0
411,100,0,100,10,100,100,0,100,100,0.0399077350,33.6065213343,841.6029646829,1.0000000000,0.8416000000,250.0000000000,0
412,100,0,100,11,100,100,0,100,100,0.0398605144,33.5666608200,841.6028666316,1.0000000000,0.8416000000,250.0000000000,0
413,100,0,100,12,100,100,0,100,100,0.0399011508,33.5267596692,841.6029545223,1.0000000000,0.8416000000,250.0000000000,0
414,100,0,100,13,100,100,0,100,100,0.0398677334,33.4868919357,841.6028880824,1.0000000000,0.8416000000,250.0000000000,0
415,100,0,100,14,100,100,0,100,100,0.0398548317,33.4470371041,841.6028442120,1.0000000000,0.8416000000,250.0000000000,0
416,100,0,100,15,100,100,0,100,100,0.0398755481,33.4071615559,841.6029070046,1.0000000000,0.8416000000,250.0000000000,0
417,100,0,100,16,100,100,0,100,100,0.0399043260,33.3672572300,841.6029594975,1.0000000000,0.8416000000,250.0000000000,0
418,100,0,100,17,100,100,0,100,100,0.0399074911,33.3273497389,841.6029643169,1.0000000000,0.8416000000,250.0000000000,0
419,100,0,100,18,100,100,0,100,100,0.0399015355,33.2874482034,841.6029551330,1.0000000000,0.8416000000,250.0000000000,0
420,100,0,100,19,100,100,0,100,100,0.0399026366,33.2475455668,841.6029568688,1.0000000000,0.8416000000,250.0000000000,0
421,100,0,100,20,100,100,0,100,100,0.0398665107,33.2076790561,841.6028847860,1.0000000000,0.8416000000,250.0000000000,0
422,100,0,100,21,100,100,0,100,100,0.0398573526,33.1678217035,841.6028550956,1.0000000000,0.8416000000,250.0000000000,0
423,100,0,100,22,100,100,0,100,100,0.0398545107,33.1279671928,841.6028426692,1.0000000000,0.8416000000,250.0000000000,0
424,100,0,100,23,100,100,0,100,100,0.0398637947,33.0881033981,841.6028770256,1.0000000000,0.8416000000,250.0000000000,0
425,100,0,100,24,100,100,0,100,100,0.0398927601,33.0482106380,841.6029405937,1.0000000000,0.8416000000,250.0000000000,0
426,100,0,100,25,100,100,0,100,100,0.0399204506,33.0082901874,841.6029828070,1.0000000000,0.8416000000,250.0000000000,0
427,100,0,100,26,100,100,0,100,100,0.0398603429,32.9684298445,841.6028660500,1.0000000000,0.8416000000,250.0000000000,0
428,100,0,100,27,100,100,0,100,100,0.0399010569,32.9285287876,841.6029543729,1.0000000000,0.8416000000,250.0000000000,0
429,100,0,100,28,100,100,0,100,100,0.0398641123,32.8886646753,841.6028779678,1.0000000000,0.8416000000,250.0000000000,0
430,100,0,100,29,100,100,0,100,100,0.0398986502,32.8487660251,841.6029504967,1.0000000000,0.8416000000,250.0000000000,0
431,100,0,100,30,100,100,0,100,100,0.0398670789,32.8088989462,841.6028863317,1.0000000000,0.8416000000,250.0000000000,0
432,100,0,100,31,100,100,0,100,100,0.0399079107,32.7689910354,841.6029649460,1.0000000000,0.8416000000,250.0000000000,0
433,100,0,100,32,100,100,0,100,100,0.0398941885,32.7290968470,841.6029430535,1.0000000000,0.8416000000,250.0000000000,0
434,100,0,100,33,100,100,0,100,100,0.0399056309,32.6891912161,841.6029615008,1.0000000000,0.8416000000,250.0000000000,0
435,100,0,100,34,100,100,0,100,100,0.0399304084,32.6492608077,841.6029958975,1.0000000000,0.8416000000,250.0000000000,0
436,100,0,100,35,100,100,0,100,100,0.0398561714,32.6094046363,841.6028502353,1.0000000000,0.8416000000,250.0000000000,0
437,100,0,100,36,100,100,0,100,100,0.0398699427,32.5695346936,841.6028937772,1.0000000000,0.8416000000,250.0000000000,0
438,100,0,100,37,100,100,0,100,100,0.0399190161,32.5296156775,841.6029808478,1.0000000000,0.8416000000,250.0000000000,0
439,100,0,100,38,100,100,0,100,100,0.0398762741,32.4897394035,841.6029086111,1.0000000000,0.8416000000,250.0000000000,0
440,100,0,100,39,100,100,0,100,100,0.0398628571,32.4498765464,841.6028741835,1.0000000000,0.8416000000,250.0000000000,0
441,100,0,100,40,100,100,0,100,100,0.0398582816,32.4100182647,841.6028586822,1.0000000000,0.8416000000,250.0000000000,0
442,100,0,100,41,100,100,0,100,100,0.0398567789,32.3701614858,841.6028527809,1.0000000000,0.8416000000,250.0000000000,0
443,100,0,100,42,100,100,0,100,100,0.0399279212,32.3302335646,841.6029927065,1.0000000000,0.8416000000,250.0000000000,0
444,100,0,100,43,100,100,0,100,100,0.0399035797,32.2903299849,841.6029583413,1.0000000000,0.8416000000,250.0000000000,0
445,100,0,100,44,100,100,0,100,100,0.0399047001,32.2504252848,841.6029600743,1.0000000000,0.8416000000,250.0000000000,0
446,100,0,100,45,100,100,0,100,100,0.0398812757,32.2105440091,841.6029191442,1.0000000000,0.8416000000,250.0000000000,0
447,100,0,100,46,100,100,0,100,100,0.0398907768,32.1706532323,841.6029371108,1.0000000000,0.8416000000,250.0000000000,0
448,100,0,100,47,100,100,0,100,100,0.0398818191,32.1307714132,841.6029202378,1.0000000000,0.8416000000,250.0000000000,0
449,100,0,100,48,100,100,0,100,100,0.0398608758,32.0909105374,841.6028678435,1.0000000000,0.8416000000,250.0000000000,0
450,100,0,100,49,100,100,0,100,100,0.0398971591,32.0510133783,841.6029480478,1.0000000000,0.8416000000,250.0000000000,0
451,100,0,100,50,100,100,0,100,100,0.0398944850,32.0111188933,841.6029435593,1.0000000000,0.8416000000,250.0000000000,0
452,100,0,100,51,100,100,0,100,100,0.0398611499,31.9712577435,841.6028687505,1.0000000000,0.8416000000,250.0000000000,0
453,100,0,100,52,100,100,0,100,100,0.0398668762,31.9313908673,841.6028857830,1.0000000000,0.8416000000,250.0000000000,0
454,100,0,100,53,100,100,0,100,100,0.0399243328,31.8914665345,841.6029880127,1.0000000000,0.8416000000,250.0000000000,0
455,100,0,100,54,100,100,0,100,100,0.0398749974,31.8515915371,841.6029057710,1.0000000000,0.8416000000,250.0000000000,0
456,100,0,100,55,100,100,0,100,100,0.0399133929,31.8116781443,841.6029729673,1.0000000000,0.8416000000,250.0000000000,0
457,100,0,100,56,100,100,0,100,100,0.0398506210,31.7718275233,841.6028181728,1.0000000000,0.8416000000,250.0000000000,0
458,100,0,100,57,100,100,0,100,100,0.0398916397,31.7319358836,841.6029386360,1.0000000000,0.8416000000,250.0000000000,0
459,100,0,100,58,100,100,0,100,100,0.0398851200,31.6920507636,841.6029266955,1.0000000000,0.8416000000,250.0000000000,0
460,100,0,100,59,100,100,0,100,100,0.0399013986,31.6521493650,841.6029549160,1.0000000000,0.8416000000,250.0000000000,0
461,100,0,100,60,100,100,0,100,100,0.0399089892,31.6122403758,841.6029665525,1.0000000000,0.8416000000,250.0000000000,0
462,100,0,100,61,100,100,0,100,100,0.0398538911,31.5723864847,841.6028395602,1.0000000000,0.8416000000,250.0000000000,0
463,100,0,100,62,100,100,0,100,100,0.0398590236,31.5325274611,841.6028614202,1.0000000000,0.8416000000,250.0000000000,0
464,100,0,100,63,100,100,0,100,100,0.0398650840,31.4926623771,841.6028807907,1.0000000000,0.8416000000,250.0000000000,0
465,100,0,100,64,100,100,0,100,100,0.0398552302,31.4528071469,841.6028460694,1.0000000000,0.8416000000,250.0000000000,0
466,100,0,100,65,100,100,0,100,100,0.0398969430,31.4129102039,841.6029476898,1.0000000000,0.8416000000,250.0000000000,0
467,100,0,100,66,100,100,0,100,100,0.0398492368,31.3730609672,841.6028007337,1.0000000000,0.8416000000,250.0000000000,0
468,100,0,100,67,100,100,0,100,100,0.0399122984,31.3331486688,841.6029713940,1.0000000000,0.8416000000,250.0000000000,0
469,100,0,100,68,100,100,0,100,100,0.0398539119,31.2932947569,841.6028396678,1.0000000000,0.8416000000,250.0000000000,0
470,100,0,100,69,100,100,0,100,100,0.0399121170,31.2533826399,841.6029711319,1.0000000000,0.8416000000,250.0000000000,0
471,100,0,100,70,100,100,0,100,100,0.0399164360,31.2134662039,841.6029772728,1.0000000000,0.8416000000,250.0000000000,0
472,100,0,100,71,100,100,0,100,100,0.0399107028,31.1735555011,841.6029690758,1.0000000000,0.8416000000,250.0000000000,0
473,100,0,100,72,100,100,0,100,100,0.0399200686,31.1336354325,841.6029822872,1.0000000000,0.8416000000,250.0000000000,0
474,100,0,100,73,100,100,0,100,100,0.0398707820,31.0937646505,841.6028958615,1.0000000000,0.8416000000,250.0000000000,0
475,100,0,100,74,100,100,0,100,100,0.0398728002,31.0538918503,841.6029007152,1.0000000000,0.8416000000,250.0000000000,0
476,100,0,100,75,100,100,0,100,100,0.0399162428,31.0139756075,841.6029770024,1.0000000000,0.8416000000,250.0000000000,0
477,100,0,100,76,100,100,0,100,100,0.0398661257,30.9741094818,841.6028837244,1.0000000000,0.8416000000,250.0000000000,0
478,100,0,100,77,100,100,0,100,100,0.0398900367,30.9342194450,841.6029357901,1.0000000000,0.8416000000,250.0000000000,0
479,100,0,100,78,100,100,0,100,100,0.0399095756,30.8943098694,841.6029674200,1.0000000000,0.8416000000,250.0000000000,0
480,100,0,100,79,100,100,0,100,100,0.0398576236,30.8544522458,841.6028561615,1.0000000000,0.8416000000,250.0000000000,0
481,100,0,100,80,100,100,0,100,100,0.0398888531,30.8145633927,841.6029336527,1.0000000000,0.8416000000,250.0000000000,0
482,100,0,100,81,100,100,0,100,100,0.0398769186,30.7746864741,841.6029100198,1.0000000000,0.8416000000,250.0000000000,0
483,100,0,100,82,100,100,0,100,100,0.0399230001,30.7347634740,841.6029862411,1.0000000000,0.8416000000,250.0000000000,0
484,100,0,100,83,100,100,0,100,100,0.0398526391,30.6949108349,841.6028326140,1.0000000000,0.8416000000,250.0000000000,0
485,100,0,100,84,100,100,0,100,100,0.0398723662,30.6550384687,841.6028996893,1.0000000000,0.8416000000,250.0000000000,0
486,100,0,100,85,100,100,0,100,100,0.0399025150,30.6151359538,841.6029566779,1.0000000000,0.8416000000,250.0000000000,0
487,100,0,100,86,100,100,0,100,100,0.0399094898,30.5752264640,841.6029672934,1.0000000000,0.8416000000,250.0000000000,0
488,100,0,100,87,100,100,0,100,100,0.0399030623,30.5353234017,841.6029575351,1.0000000000,0.8416000000,250.0000000000,0
489,100,0,100,88,100,100,0,100,100,0.0398746787,30.4954487230,841.6029050513,1.0000000000,0.8416000000,250.0000000000,0
490,100,0,100,89,100,100,0,100,100,0.0398867667,30.4555619563,841.6029298066,1.0000000000,0.8416000000,250.0000000000,0
491,100,0,100,90,100,100,0,100,100,0.0398888134,30.4156731429,841.6029335805,1.0000000000,0.8416000000,250.0000000000,0
492,100,0,100,91,100,100,0,100,100,0.0398512439,30.3758218989,841.6028232762,1.0000000000,0.8416000000,250.0000000000,0
493,100,0,100,92,100,100,0,100,100,0.0398576016,30.3359642974,841.6028560754,1.0000000000,0.8416000000,250.0000000000,0
494,100,0,100,93,100,100,0,100,100,0.0399053727,30.2960589247,841.6029611062,1.0000000000,0.8416000000,250.0000000000,0
495,100,0,100,94,100,100,0,100,100,0.0398873331,30.2561715916,841.6029308610,1.0000000000,0.8416000000,250.0000000000,0
496,100,0,100,95,100,100,0,100,100,0.0398857599,30.2162858317,841.6029279126,1.0000000000,0.8416000000,250.0000000000,0
497,100,0,100,96,100,100,0,100,100,0.0399020723,30.1763837594,841.6029559815,1.0000000000,0.8416000000,250.0000000000,0
498,100,0,100,97,100,100,0,100,100,0.0398899084,30.1364938510,841.6029355598,1.0000000000,0.8416000000,250.0000000000,0
499,100,0,100,98,100,100,0,100,100,0.0399049803,30.0965888707,841.6029605049,1.0000000000,0.8416000000,250.0000000000,0
500,100,0,100,99,100,100,0,100,100,0.0398721394,30.0567167312,841.6028991495,1.0000000000,0.8416000000,250.0000000000,0
501,100,0,100,0,100,100,0,100,100,0.0399096741,30.0168070572,841.6029675652,1.0000000000,0.8416000000,250.0000000000,0
502,100,0,100,1,100,100,0,100,100,0.0399159406,29.9768911166,841.6029765787,1.0000000000,0.8416000000,250.0000000000,0
503,100,0,100,2,100,100,0,100,100,0.0398929788,29.9369981377,841.6029409729,1.0000000000,0.8416000000,250.0000000000,0
504,100,0,100,3,100,100,0,100,100,0.0398870362,29.8971111015,841.6029303093,1.0000000000,0.8416000000,250.0000000000,0
505,100,0,100,4,100,100,0,100,100,0.0398773443,29.8572337572,841.6029109412,1.0000000000,0.8416000000,250.0000000000,0
506,100,0,100,5,100,100,0,100,100,0.0399284552,29.8173053021,841.6029933957,1.0000000000,0.8416000000,250.0000000000,0
507,100,0,100,6,100,100,0,100,100,0.0398602566,29.7774450454,841.6028657557,1.0000000000,0.8416000000,250.0000000000,0
508,100,0,100,7,100,100,0,100,100,0.0398722190,29.7375728265,841.6028993391,1.0000000000,0.8416000000,250.0000000000,0
509,100,0,100,8,100,100,0,100,100,0.0398846334,29.6976881930,841.6029257626,1.0000000000,0.8416000000,250.0000000000,0
510,100,0,100,9,100,100,0,100,100,0.0399157774,29.6577724156,841.6029763494,1.0000000000,0.8416000000,250.0000000000,0
511,100,0,100,10,100,100,0,100,100,0.0399077350,29.6178646806,841.6029646829,1.0000000000,0.8416000000,250.0000000000,0
512,100,0,100,11,100,100,0,100,100,0.0398605144,29.5780041662,841.6028666316,1.0000000000,0.8416000000,250.0000000000,0
513,100,0,100,12,100,100,0,100,100,0.0399011508,29.5381030154,841.6029545223,1.0000000000,0.8416000000,250.0000000000,0
514,100,0,100,13,100,100,0,100,100,0.0398677334,29.4982352820,841.6028880824,1.0000000000,0.8416000000,250.0000000000,0
515,100,0,100,14,100,100,0,100,100,0.0398548317,29.4583804503,841.6028442120,1.0000000000,0.8416000000,250.0000000000,0
516,100,0,100,15,100,100,0,100,100,0.0398755481,29.4185049022,841.6029070046,1.0000000000,0.8416000000,250.0000000000,0
517,100,0,100,16,100,100,0,100,100,0.0399043260,29.3786005762,841.6029594975,1.0000000000,0.8416000000,250.0000000000,0
518,100,0,100,17,100,100,0,100,100,0.0399074911,29.3386930851,841.6029643169,1.0000000000,0.8416000000,250.0000000000,0
519,100,0,100,18,100,100,0,100,100,0.0399015355,29.2987915497,841.6029551330,1.0000000000,0.8416000000,250.0000000000,0
520,100,0,100,19,100,100,0,100,100,0.0399026366,29.2588889131,841.6029568688,1.0000000000,0.8416000000,250.0000000000,0
521,100,0,100,20,100,100,0,100,100,0.0398665107,29.2190224023,841.6028847860,1.0000000000,0.8416000000,250.0000000000,0
522,100,0,100,21,100,100,0,100,100,0.0398573526,29.1791650497,841.6028550956,1.0000000000,0.8416000000,250.0000000000,0
523,100,0,100,22,100,100,0,100,100,0.0398545107,29.1393105391,841.6028426692,1.0000000000,0.8416000000,250.0000000000,0
524,100,0,100,23,100,100,0,100,100,0.0398637947,29.0994467443,841.6028770256,1.0000000000,0.8416000000,250.0000000000,0
525,100,0,100,24,100,100,0,100,100,0.0398927601,29.0595539843,841.6029405937,1.0000000000,0.8416000000,250.0000000000,0
526,100,0,100,25,100,100,0,100,100,0.0399204506,29.0196335337,841.6029828070,1.0000000000,0.8416000000,250.0000000000,0
527,100,0,100,26,100,100,0,100,100,0.0398603429,28.9797731908,841.6028660500,1.0000000000,0.8416000000,250.0000000000,0
528,100,0,100,27,100,100,0,100,100,0.0399010569,28.9398721339,841.6029543729,1.0000000000,0.8416000000,250.0000000000,0
529,100,0,100,28,100,100,0,100,100,0.0398641123,28.9000080216,841.6028779678,1.0000000000,0.8416000000,250.0000000000,0
530,100,0,100,29,100,100,0,100,100,0.0398986502,28.8601093714,841.6029504967,1.0000000000,0.8416000000,250.0000000000,0
531,100,0,100,30,100,100,0,100,100,0.0398670789,28.8202422924,841.6028863317,1.0000000000,0.8416000000,250.0000000000,0
532,100,0,100,31,100,100,0,100,100,0.0399079107,28.7803343817,841.6029649460,1.0000000000,0.8416000000,250.0000000000,0
533,100,0,100,32,100,100,0,100,100,0.0398941885,28.7404401932,841.6029430535,1.0000000000,0.8416000000,250.0000000000,0
534,100,0,100,33,100,100,0,100,100,0.0399056309,28.7005345623,841.6029615008,1.0000000000,0.8416000000,250.0000000000,0
535,100,0,100,34,100,100,0,100,100,0.0399304084,28.6606041540,841.6029958975,1.0000000000,0.8416000000,250.0000000000,0
536,100,0,100,35,100,100,0,100,100,0.0398561714,28.6207479826,841.6028502353,1.0000000000,0.8416000000,250.0000000000,0
537,100,0,100,36,100,100,0,100,100,0.0398699427,28.5808780399,841.6028937772,1.0000000000,0.8416000000,250.0000000000,0
538,100,0,100,37,100,100,0,100,100,0.0399190161,28.5409590238,841.6029808478,1.0000000000,0.8416000000,250.0000000000,0
539,100,0,100,38,100,100,0,100,100,0.0398762741,28.5010827497,841.6029086111,1.0000000000,0.8416000000,250.0000000000,0
540,100,0,100,39,100,100,0,100,100,0.0398628571,28.4612198926,841.6028741835,1.0000000000,0.8416000000,250.0000000000,0
541,100,0,100,40,100,100,0,100,100,0.0398582816,28.4213616110,841.6028586822,1.0000000000,0.8416000000,250.0000000000,0
542,100,0,100,41,100,100,0,100,100,0.0398567789,28.3815048321,841.6028527809,1.0000000000,0.8416000000,250.0000000000,0
543,100,0,100,42,100,100,0,100,100,0.0399279212,28.3415769109,841.6029927065,1.0000000000,0.8416000000,250.0000000000,0
544,100,0,100,43,100,100,0,100,100,0.0399035797,28.3016733312,841.6029583413,1.0000000000,0.8416000000,250.0000000000,0
545,100,0,100,44,100,100,0,100,100,0.0399047001,28.2617686310,841.6029600743,1.0000000000,0.8416000000,250.0000000000,0
546,100,0,100,45,100,100,0,100,100,0.0398812757,28.2218873553,841.6029191442,1.0000000000,0.8416000000,250.0000000000,0
547,100,0,100,46,100,100,0,100,100,0.0398907768,28.1819965786,841.6029371108,1.0000000000,0.8416000000,250.0000000000,0
548,100,0,100,47,100,100,0,100,100,0.0398818191,28.1421147594,841.6029202378,1.0000000000,0.8416000000,250.0000000000,0
549,100,0,100,48,100,100,0,100,100,0.0398608758,28.1022538837,841.6028678435,1.0000000000,0.8416000000,250.0000000000,0
550,100,0,100,49,100,100,0,100,100,0.0398971591,28.0623567246,841.6029480478,1.0000000000,0.8416000000,250.0000000000,0
551,100,0,100,50,100,100,0,100,100,0.0398944850,28.0224622396,841.6029435593,1.0000000000,0.8416000000,250.0000000000,0
552,100,0,100,51,100,100,0,100,100,0.0398611499,27.9826010897,841.6028687505,1.0000000000,0.8416000000,250.0000000000,0
553,100,0,100,52,100,100,0,100,100,0.0398668762,27.9427342135,841.6028857830,1.0000000000,0.8416000000,250.0000000000,0
554,100,0,100,53,100,100,0,100,100,0.0399243328,27.9028098807,841.6029880127,1.0000000000,0.8416000000,250.0000000000,0
555,100,0,100,54,100,100,0,100,100,0.0398749974,27.8629348834,841.6029057710,1.0000000000,0.8416000000,250.0000000000,0
556,100,0,100,55,100,100,0,100,100,0.0399133929,27.8230214905,841.6029729673,1.0000000000,0.8416000000,250.0000000000,0
557,100,0,100,56,100,100,0,100,100,0.0398506210,27.7831708695,841.6028181728,1.0000000000,0.8416000000,250.0000000000,0
558,100,0,100,57,100,100,0,100,100,0.0398916397,27.7432792299,841.6029386360,1.0000000000,0.8416000000,250.0000000000,0
559,100,0,100,58,100,100,0,100,100,0.0398851200,27.7033941098,841.6029266955,1.0000000000,0.8416000000,250.0000000000,0
560,100,0,100,59,100,100,0,100,100,0.0399013986,27.6634927112,841.6029549160,1.0000000000,0.8416000000,250.0000000000,0
561,100,0,100,60,100,100,0,100,100,0.0399089892,27.6235837220,841.6029665525,1.0000000000,0.8416000000,250.0000000000,0
562,100,0,100,61,100,100,0,100,100,0.0398538911,27.5837298309,841.6028395602,1.0000000000,0.8416000000,250.0000000000,0
563,100,0,100,62,100,100,0,100,100,0.0398590236,27.5438708073,841.6028614202,1.0000000000,0.8416000000,250.0000000000,0
564,100,0,100,63,100,100,0,100,100,0.0398650840,27.5040057233,841.6028807907,1.0000000000,0.8416000000,250.0000000000,0
565,100,0,100,64,100,100,0,100,100,0.0398552302,27.4641504932,841.6028460694,1.0000000000,0.8416000000,250.0000000000,0
566,100,0,100,65,100,100,0,100,100,0.0398969430,27.4242535502,841.6029476898,1.0000000000,0.8416000000,250.0000000000,0
567,100,0,100,66,100,100,0,100,100,0.0398492368,27.3844043134,841.6028007337,1.0000000000,0.8416000000,250.0000000000,0
568,100,0,100,67,100,100,0,100,100,0.0399122984,27.3444920150,841.6029713940,1.0000000000,0.8416000000,250.0000000000,0
569,100,0,100,68,100,100,0,100,100,0.0398539119,27.3046381031,841.6028396678,1.0000000000,0.8416000000,250.0000000000,0
570,100,0,100,69,100,100,0,100,100,0.0399121170,27.2647259861,841.6029711319,1.0000000000,0.8416000000,250.0000000000,0
571,100,0,100,70,100,100,0,100,100,0.0399164360,27.2248095502,841.6029772728,1.0000000000,0.8416000000,250.0000000000,0
572,100,0,100,71,100,100,0,100,100,0.0399107028,27.1848988474,841.6029690758,1.0000000000,0.8416000000,250.0000000000,0
573,100,0,100,72,100,100,0,100,100,0.0399200686,27.1449787788,841.6029822872,1.0000000000,0.8416000000,250.0000000000,0
574,100,0,100,73,100,100,0,100,100,0.0398707820,27.1051079968,841.6028958615,1.0000000000,0.8416000000,250.0000000000,0
575,100,0,100,74,100,100,0,100,100,0.0398728002,27.0652351966,841.6029007152,1.0000000000,0.8416000000,250.0000000000,0
576,100,0,100,75,100,100,0,100,100,0.0399162428,27.0253189538,841.6029770024,1.0000000000,0.8416000000,250.0000000000,0
577,100,0,100,76,100,100,0,100,100,0.0398661257,26.9854528280,841.6028837244,1.0000000000,0.8416000000,250.0000000000,0
578,100,0,100,77,100,100,0,100,100,0.0398900367,26.9455627913,841.6029357901,1.0000000000,0.8416000000,250.0000000000,0
579,100,0,100,78,100,100,0,100,100,0.0399095756,26.9056532157,841.6029674200,1.0000000000,0.8416000000,250.0000000000,0
580,100,0,100,79,100,100,0,100,100,0.0398576236,26.8657955920,841.6028561615,1.0000000000,0.8416000000,250.0000000000,0
581,100,0,100,80,100,100,0,100,100,0.0398888531,26.8259067390,841.6029336527,1.0000000000,0.8416000000,250.0000000000,0
582,100,0,100,81,100,100,0,100,100,0.0398769186,26.7860298203,841.6029100198,1.0000000000,0.8416000000,250.0000000000,0
583,100,0,100,82,100,100,0,100,100,0.0399230001,26.7461068203,841.6029862411,1.0000000000,0.8416000000,250.0000000000,0
584,100,0,100,83,100,100,0,100,100,0.0398526391,26.7062541812,841.6028326140,1.0000000000,0.8416000000,250.0000000000,0
585,100,0,100,84,100,100,0,100,100,0.0398723662,26.6663818150,841.6028996893,1.0000000000,0.8416000000,250.0000000000,0
586,100,0,100,85,100,100,0,100,100,0.0399025150,26.6264793000,841.6029566779,1.0000000000,0.8416000000,250.0000000000,0
587,100,0,100,86,100,100,0,100,100,0.0399094898,26.5865698102,841.6029672934,1.0000000000,0.8416000000,250.0000000000,0
588,100,0,100,87,100,100,0,100,100,0.0399030623,26.5466667479,841.6029575351,1.0000000000,0.8416000000,250.0000000000,0
589,100,0,100,88,100,100,0,100,100,0.0398746787,26.5067920692,841.6029050513,1.0000000000,0.8416000000,250.0000000000,0
590,100,0,100,89,100,100,0,100,100,0.0398867667,26.4669053025,841.6029298066,1.0000000000,0.8416000000,250.0000000000,0
591,100,0,100,90,100,100,0,100,100,0.0398888134,26.4270164891,841.6029335805,1.0000000000,0.8416000000,250.0000000000,0
592,100,0,100,91,100,100,0,100,100,0.0398512439,26.3871652452,841.6028232762,1.0000000000,0.8416000000,250.0000000000,0
593,100,0,100,92,100,100,0,100,100,0.0398576016,26.3473076436,841.6028560754,1.0000000000,0.8416000000,250.0000000000,0
594,100,0,100,93,100,100,0,100,100,0.0399053727,26.3074022710,841.6029611062,1.0000000000,0.8416000000,250.0000000000,0
595,100,0,100,94,100,100,0,100,100,0.0398873331,26.2675149379,841.6029308610,1.0000000000,0.8416000000,250.0000000000,0
596,100,0,100,95,100,100,0,100,100,0.0398857599,26.2276291780,841.6029279126,1.0000000000,0.8416000000,250.0000000000,0
597,100,0,100,96,100,100,0,100,100,0.0399020723,26.1877271056,841.6029559815,1.0000000000,0.8416000000,250.0000000000,0
598,100,0,100,97,100,100,0,100,100,0.0398899084,26.1478371972,841.6029355598,1.0000000000,0.8416000000,250.0000000000,0
599,100,0,100,98,100,100,0,100,100,0.0399049803,26.1079322169,841.6029605049,1.0000000000,0.8416000000,250.0000000000,0
600,100,0,100,99,100,100,0,100,100,0.0398721394,26.0680600775,841.6028991495,1.0000000000,0.8416000000,250.0000000000,0
601,100,0,100,0,100,100,0,100,100,0.0399096741,26.0281504034,841.6029675652,1.0000000000,0.8416000000,250.0000000000,0
602,100,0,100,1,100,100,0,100,100,0.0399159406,25.9882344628,841.6029765787,1.0000000000,0.8416000000,250.0000000000,0
603,100,0,100,2,100,100,0,100,100,0.0398929788,25.9483414840,841.6029409729,1.0000000000,0.8416000000,250.0000000000,0
604,100,0,100,3,100,100,0,100,100,0.0398870362,25.9084544478,841.6029303093,1.0000000000,0.8416000000,250.0000000000,0
605,100,0,100,4,100,100,0,100,100,0.0398773443,25.8685771035,841.6029109412,1.0000000000,0.8416000000,250.0000000000,0
606,100,0,100,5,100,100,0,100,100,0.0399284552,25.8286486483,841.6029933957,1.0000000000,0.8416000000,250.0000000000,0
607,100,0,100,6,100,100,0,100,100,0.0398602566,25.7887883917,841.6028657557,1.0000000000,0.8416000000,250.0000000000,0
608,100,0,100,7,100,100,0,100,100,0.0398722190,25.7489161727,841.6028993391,1.0000000000,0.8416000000,250.0000000000,0
609,100,0,100,8,100,100,0,100,100,0.0398846334,25.7090315393,841.6029257626,1.0000000000,0.8416000000,250.0000000000,0
610,100,0,100,9,100,100,0,100,100,0.0399157774,25.6691157619,841.6029763494,1.0000000000,0.8416000000,250.0000000000,0
611,100,0,100,10,100,100,0,100,100,0.0399077350,25.6292080268,841.6029646829,1.0000000000,0.8416000000,250.0000000000,0
612,100,0,100,11,100,100,0,100,100,0.0398605144,25.5893475125,841.6028666316,1.0000000000,0.8416000000,250.0000000000,0
613,100,0,100,12,100,100,0,100,100,0.0399011508,25.5494463617,841.6029545223,1.0000000000,0.8416000000,250.0000000000,0
614,100,0,100,13,100,100,0,100,100,0.0398677334,25.5095786282,841.6028880824,1.0000000000,0.8416000000,250.0000000000,0
615,100,0,100,14,100,100,0,100,100,0.0398548317,25.4697237966,841.6028442120,1.0000000000,0.8416000000,250.0000000000,0
616,100,0,100,15,100,100,0,100,100,0.0398755481,25.4298482484,841.6029070046,1.0000000000,0.8416000000,250.0000000000,0
617,100,0,100,16,100,100,0,100,100,0.0399043260,25.3899439225,841.6029594975,1.0000000000,0.8416000000,250.0000000000,0
618,100,0,100,17,100,100,0,100,100,0.0399074911,25.3500364314,841.6029643169,1.0000000000,0.8416000000,250.0000000000,0
619,100,0,100,18,100,100,0,100,100,0.0399015355,25.3101348959,841.6029551330,1.0000000000,0.8416000000,250.0000000000,0
620,100,0,100,19,100,100,0,100,100,0.0399026366,25.2702322593,841.6029568688,1.0000000000,0.8416000000,250.0000000000,0
621,100,0,100,20,100,100,0,100,100,0.0398665107,25.2303657486,841.6028847860,1.0000000000,0.8416000000,250.0000000000,0
622,100,0,100,21,100,100,0,100,100,0.0398573526,25.1905083960,841.6028550956,1.0000000000,0.8416000000,250.0000000000,0
623,100,0,100,22,100,100,0,100,100,0.0398545107,25.1506538853,841.6028426692,1.0000000000,0.8416000000,250.0000000000,0
624,100,0,100,23,100,100,0,100,100,0.0398637947,25.1107900906,841.6028770256,1.0000000000,0.8416000000,250.0000000000,0
625,100,0,100,24,100,100,0,100,100,0.0398927601,25.0708973305,841.6029405937,1.0000000000,0.8416000000,250.0000000000,0
626,100,0,100,25,100,100,0,100,100,0.0399204506,25.0309768799,841.6029828070,1.0000000000,0.8416000000,250.0000000000,0
627,100,0,100,26,100,100,0,100,100,0.0398603429,24.9911165370,841.6028660500,1.0000000000,0.8416000000,250.0000000000,0
628,100,0,100,27,100,100,0,100,100,0.0399010569,24.9512154801,841.6029543729,1.0000000000,0.8416000000,250.0000000000,0
629,100,0,100,28,100,100,0,100,100,0.0398641123,24.9113513678,841.6028779678,1.0000000000,0.8416000000,250.0000000000,0
630,100,0,100,29,100,100,0,100,100,0.0398986502,24.8714527176,841.6029504967,1.0000000000,0.8416000000,250.0000000000,0
631,100,0,100,30,100,100,0,100,100,0.0398670789,24.8315856387,841.6028863317,1.0000000000,0.8416000000,250.0000000000,0
632,100,0,100,31,100,100,0,100,100,0.0399079107,24.7916777279,841.6029649460,1.0000000000,0.8416000000,250.0000000000,0
633,100,0,100,32,100,100,0,100,100,0.0398941885,24.7517835395,841.6029430535,1.0000000000,0.8416000000,250.0000000000,0
634,100,0,100,33,100,100,0,100,100,0.0399056309,24.7118779086,841.6029615008,1.0000000000,0.8416000000,250.0000000000,0
635,100,0,100,34,100,100,0,100,100,0.0399304084,24.6719475002,841.6029958975,1.0000000000,0.8416000000,250.0000000000,0
636,100,0,100,35,100,100,0,100,100,0.0398561714,24.6320913288,841.6028502353,1.0000000000,0.8416000000,250.0000000000,0
637,100,0,100,36,100,100,0,100,100,0.0398699427,24.5922213861,841.6028937772,1.0000000000,0.8416000000,250.0000000000,0
638,100,0,100,37,100,100,0,100,100,0.0399190161,24.5523023700,841.6029808478,1.0000000000,0.8416000000,250.0000000000,0
639,100,0,100,38,100,100,0,100,100,0.0398762741,24.5124260960,841.6029086111,1.0000000000,0.8416000000,250.0000000000,0
640,100,0,100,39,100,100,0,100,100,0.0398628571,24.4725632389,841.6028741835,1.0000000000,0.8416000000,250.0000000000,0
641,100,0,100,40,100,100,0,100,100,0.0398582816,24.4327049572,841.6028586822,1.0000000000,0.8416000000,250.0000000000,0
642,100,0,100,41,100,100,0,100,100,0.0398567789,24.3928481783,841.6028527809,1.0000000000,0.8416000000,250.0000000000,0
643,100,0,100,42,100,100,0,100,100,0.0399279212,24.3529202571,841.6029927065,1.0000000000,0.8416000000,250.0000000000,0
644,100,0,100,43,100,100,0,100,100,0.0399035797,24.3130166774,841.6029583413,1.0000000000,0.8416000000,250.0000000000,0
645,100,0,100,44,100,100,0,100,100,0.0399047001,24.2731119773,841.6029600743,1.0000000000,0.8416000000,250.0000000000,0
646,100,0,100,45,100,100,0,100,100,0.0398812757,24.2332307016,841.6029191442,1.0000000000,0.8416000000,250.0000000000,0
647,100,0,100,46,100,100,0,100,100,0.0398907768,24.1933399248,841.6029371108,1.0000000000,0.8416000000,250.0000000000,0
648,100,0,100,47,100,100,0,100,100,0.0398818191,24.1534581057,841.6029202378,1.0000000000,0.8416000000,250.0000000000,0
649,100,0,100,48,100,100,0,100,100,0.0398608758,24.1135972299,841.6028678435,1.0000000000,0.8416000000,250.0000000000,0
650,100,0,100,49,100,100,0,100,100,0.0398971591,24.0737000708,841.6029480478,1.0000000000,0.8416000000,250.0000000000,0
651,100,0,100,50,100,100,0,100,100,0.0398944850,24.0338055858,841.6029435593,1.0000000000,0.8416000000,250.0000000000,0
652,100,0,100,51,100,100,0,100,100,0.0398611499,23.9939444360,841.6028687505,1.0000000000,0.8416000000,250.0000000000,0
653,100,0,100,52,100,100,0,100,100,0.0398668762,23.9540775598,841.6028857830,1.0000000000,0.8416000000,250.0000000000,0
654,100,0,100,53,100,100,0,100,100,0.0399243328,23.9141532270,841.6029880127,1.0000000000,0.8416000000,250.0000000000,0
655,100,0,100,54,100,100,0,100,100,0.0398749974,23.8742782296,841.6029057710,1.0000000000,0.8416000000,250.0000000000,0
656,100,0,100,55,100,100,0,100,100,0.0399133929,23.8343648368,841.6029729673,1.0000000000,0.8416000000,250.0000000000,0
657,100,0,100,56,100,100,0,100,100,0.0398506210,23.7945142158,841.6028181728,1.0000000000,0.8416000000,250.0000000000,0
658,100,0,100,57,100,100,0,100,100,0.0398916397,23.7546225761,841.6029386360,1.0000000000,0.8416000000,250.0000000000,0
659,100,0,100,58,100,100,0,100,100,0.0398851200,23.7147374561,841.6029266955,1.0000000000,0.8416000000,250.0000000000,0
660,100,0,100,59,100,100,0,100,100,0.0399013986,23.6748360575,841.6029549160,1.0000000000,0.8416000000,250.0000000000,0
661,100,0,100,60,100,100,0,100,100,0.0399089892,23.6349270683,841.6029665525,1.0000000000,0.8416000000,250.0000000000,0
662,100,0,100,61,100,100,0,100,100,0.0398538911,23.5950731772,841.6028395602,1.0000000000,0.8416000000,250.0000000000,0
663,100,0,100,62,100,100,0,100,100,0.0398590236,23.5552141536,841.6028614202,1.0000000000,0.8416000000,250.0000000000,0
664,100,0,100,63,100,100,0,100,100,0.0398650840,23.5153490696,841.6028807907,1.0000000000,0.8416000000,250.0000000000,0
665,100,0,100,64,100,100,0,100,100,0.0398552302,23.4754938394,841.6028460694,1.0000000000,0.8416000000,250.0000000000,0
666,100,0,100,65,100,100,0,100,100,0.0398969430,23.4355968964,841.6029476898,1.0000000000,0.8416000000,250.0000000000,0
667,100,0,100,66,100,100,0,100,100,0.0398492368,23.3957476597,841.6028007337,1.0000000000,0.8416000000,250.0000000000,0
668,100,0,100,67,100,100,0,100,100,0.0399122984,23.3558353613,841.6029713940,1.0000000000,0.8416000000,250.0000000000,0
669,100,0,100,68,100,100,0,100,100,0.0398539119,23.3159814494,841.6028396678,1.0000000000,0.8416000000,250.0000000000,0
670,100,0,100,69,100,100,0,100,100,0.0399121170,23.2760693324,841.6029711319,1.0000000000,0.8416000000,250.0000000000,0
671,100,0,100,70,100,100,0,100,100,0.0399164360,23.2361528964,841.6029772728,1.0000000000,0.8416000000,250.0000000000,0
672,100,0,100,71,100,100,0,100,100,0.0399107028,23.1962421936,841.6029690758,1.0000000000,0.8416000000,250.0000000000,0
673,100,0,100,72,100,100,0,100,100,0.0399200686,23.1563221250,841.6029822872,1.0000000000,0.8416000000,250.0000000000,0
674,100,0,100,73,100,100,0,100,100,0.0398707820,23.1164513430,841.6028958615,1.0000000000,0.8416000000,250.0000000000,0
675,100,0,100,74,100,100,0,100,100,0.0398728002,23.0765785428,841.6029007152,1.0000000000,0.8416000000,250.0000000000,0
676,100,0,100,75,100,100,0,100,100,0.0399162428,23.0366623000,841.6029770024,1.0000000000,0.8416000000,250.0000000000,0
677,100,0,100,76,100,100,0,100,100,0.0398661257,22.9967961743,841.6028837244,1.0000000000,0.8416000000,250.0000000000,0
678,100,0,100,77,100,100,0,100,100,0.0398900367,22.9569061375,841.6029357901,1.0000000000,0.8416000000,250.0000000000,0
679,100,0,100,78,100,100,0,100,100,0.0399095756,22.9169965619,841.6029674200,1.0000000000,0.8416000000,250.0000000000,0
680,100,0,100,79,100,100,0,100,100,0.0398576236,22.8771389383,841.6028561615,1.0000000000,0.8416000000,250.0000000000,0
681,100,0,100,80,100,100,0,100,100,0.0398888531,22.8372500852,841.6029336527,1.0000000000,0.8416000000,250.0000000000,0
682,100,0,100,81,100,100,0,100,100,0.0398769186,22.7973731666,841.6029100198,1.0000000000,0.8416000000,250.0000000000,0
683,100,0,100,82,100,100,0,100,100,0.0399230001,22.7574501665,841.6029862411,1.0000000000,0.8416000000,250.0000000000,0
684,100,0,100,83,100,100,0,100,100,0.0398526391,22.7175975274,841.6028326140,1.0000000000,0.8416000000,250.0000000000,0
685,100,0,100,84,100,100,0,100,100,0.0398723662,22.6777251612,841.6028996893,1.0000000000,0.8416000000,250.0000000000,0
686,100,0,100,85,100,100,0,100,100,0.0399025150,22.6378226463,841.6029566779,1.0000000000,0.8416000000,250.0000000000,0
687,100,0,100,86,100,100,0,100,100,0.0399094898,22.5979131565,841.6029672934,1.0000000000,0.8416000000,250.0000000000,0
688,100,0,100,87,100,100,0,100,100,0.0399030623,22.5580100942,841.6029575351,1.0000000000,0.8416000000,250.0000000000,0
689,100,0,100,88,100,100,0,100,100,0.0398746787,22.5181354155,841.6029050513,1.0000000000,0.8416000000,250.0000000000,0
690,100,0,100,89,100,100,0,100,100,0.0398867667,22.4782486488,841.6029298066,1.0000000000,0.8416000000,250.0000000000,0
691,100,0,100,90,100,100,0,100,100,0.0398888134,22.4383598354,841.6029335805,1.0000000000,0.8416000000,250.0000000000,0
692,100,0,100,91,100,100,0,100,100,0.0398512439,22.3985085914,841.6028232762,1.0000000000,0.8416000000,250.0000000000,0
693,100,0,100,92,100,100,0,100,100,0.0398576016,22.3586509899,841.6028560754,1.0000000000,0.8416000000,250.0000000000,0
694,100,0,100,93,100,100,0,100,100,0.0399053727,22.3187456172,841.6029611062,1.0000000000,0.8416000000,250.0000000000,0
695,100,0,100,94,100,100,0,100,100,0.0398873331,22.2788582841,841.6029308610,1.0000000000,0.8416000000,250.0000000000,0
696,100,0,100,95,100,100,0,100,100,0.0398857599,22.2389725242,841.6029279126,1.0000000000,0.8416000000,250.0000000000,0
697,100,0,100,96,100,100,0,100,100,0.0399020723,22.1990704519,841.6029559815,1.0000000000,0.8416000000,250.0000000000,0
698,100,0,100,97,100,100,0,100,100,0.0398899084,22.1591805435,841.6029355598,1.0000000000,0.8416000000,250.0000000000,0
699,100,0,100,98,100,100,0,100,100,0.0399049803,22.1192755632,841.6029605049,1.0000000000,0.8416000000,250.0000000000,0
700,100,0,100,99,100,100,0,100,100,0.0398721394,22.0794034237,841.6028991495,1.0000000000,0.8416000000,250.0000000000,0
701,100,0,100,0,100,100,0,100,100,0.0399096741,22.0394937497,841.6029675652,1.0000000000,0.8416000000,250.0000000000,0
702,100,0,100,1,100,100,0,100,100,0.0399159406,21.9995778091,841.6029765787,1.0000000000,0.8416000000,250.0000000000,0
703,100,0,100,2,100,100,0,100,100,0.0398929788,21.9596848302,841.6029409729,1.0000000000,0.8416000000,250.0000000000,0
704,100,0,100,3,100,100,0,100,100,0.0398870362,21.9197977940,841.6029303093,1.0000000000,0.8416000000,250.0000000000,0
705,100,0,100,4,100,100,0,100,100,0.0398773443,21.8799204497,841.6029109412,1.0000000000,0.8416000000,250.0000000000,0
706,100,0,100,5,100,100,0,100,100,0.0399284552,21.8399919946,841.6029933957,1.0000000000,0.8416000000,250.0000000000,0
707,100,0,100,6,100,100,0,100,100,0.0398602566,21.8001317379,841.6028657557,1.0000000000,0.8416000000,250.0000000000,0
708,100,0,100,7,100,100,0,100,100,0.0398722190,21.7602595190,841.6028993391,1.0000000000,0.8416000000,250.0000000000,0
709,100,0,100,8,100,100,0,100,100,0.0398846334,21.7203748855,841.6029257626,1.0000000000,0.8416000000,250.0000000000,0
710,100,0,100,9,100,100,0,100,100,0.0399157774,21.6804591081,841.6029763494,1.0000000000,0.8416000000,250.0000000000,0
711,100,0,100,10,100,100,0,100,100,0.0399077350,21.6405513731,841.6029646829,1.0000000000,0.8416000000,250.0000000000,0
712,100,0,100,11,100,100,0,100,100,0.0398605144,21.6006908587,841.6028666316,1.0000000000,0.8416000000,250.0000000000,0
713,100,0,100,12,100,100,0,100,100,0.0399011508,21.5607897079,841.6029545223,1.0000000000,0.8416000000,250.0000000000,0
714,100,0,100,13,100,100,0,100,100,0.0398677334,21.5209219745,841.6028880824,1.0000000000,0.8416000000,250.0000000000,0
715,100,0,100,14,100,100,0,100,100,0.0398548317,21.4810671428,841.6028442120,1.0000000000,0.8416000000,250.0000000000,0
716,100,0,100,15,100,100,0,100,100,0.0398755481,21.4411915947,841.6029070046,1.0000000000,0.8416000000,250.0000000000,0
717,100,0,100,16,100,100,0,100,100,0.0399043260,21.4012872687,841.6029594975,1.0000000000,0.8416000000,250.0000000000,0
718,100,0,100,17,100,100,0,100,100,0.0399074911,21.3613797776,841.6029643169,1.0000000000,0.8416000000,250.0000000000,0
719,100,0,100,18,100,100,0,100,100,0.0399015355,21.3214782422,841.6029551330,1.0000000000,0.8416000000,250.0000000000,0
720,100,0,100,19,100,100,0,100,100,0.0399026366,21.2815756056,841.6029568688,1.0000000000,0.8416000000,250.0000000000,0
721,100,0,100,20,100,100,0,100,100,0.0398665107,21.2417090948,841.6028847860,1.0000000000,0.8416000000,250.0000000000,0
722,100,0,100,21,100,100,0,100,100,0.0398573526,21.2018517422,841.6028550956,1.0000000000,0.8416000000,250.0000000000,0
723,100,0,100,22,100,100,0,100,100,0.0398545107,21.1619972316,841.6028426692,1.0000000000,0.8416000000,250.0000000000,0
724,100,0,100,23,100,100,0,100,100,0.0398637947,21.1221334368,841.6028770256,1.0000000000,0.8416000000,250.0000000000,0
725,100,0,100,24,100,100,0,100,100,0.0398927601,21.0822406768,841.6029405937,1.0000000000,0.8416000000,250.0000000000,0
726,100,0,100,25,100,100,0,100,100,0.0399204506,21.0423202262,841.6029828070,1.0000000000,0.8416000000,250.0000000000,0
727,100,0,100,26,100,100,0,100,100,0.0398603429,21.0024598833,841.6028660500,1.0000000000,0.8416000000,250.0000000000,0
728,100,0,100,27,100,100,0,100,100,0.0399010569,20.9625588264,841.6029543729,1.0000000000,0.8416000000,250.0000000000,0
729,100,0,100,28,100,100,0,100,100,0.0398641123,20.9226947141,841.6028779678,1.0000000000,0.8416000000,250.0000000000,0
730,100,0,100,29,100,100,0,100,100,0.0398986502,20.8827960639,841.6029504967,1.0000000000,0.8416000000,250.0000000000,0
731,100,0,100,30,100,100,0,100,100,0.0398670789,20.8429289849,841.6028863317,1.0000000000,0.8416000000,250.0000000000,0
732,100,0,100,31,100,100,0,100,100,0.0399079107,20.8030210742,841.6029649460,1.0000000000,0.8416000000,250.0000000000,0
733,100,0,100,32,100,100,0,100,100,0.0398941885,20.7631268857,841.6029430535,1.0000000000,0.8416000000,250.0000000000,0
734,100,0,100,33,100,100,0,100,100,0.0399056309,20.7232212548,841.6029615008,1.0000000000,0.8416000000,250.0000000000,0
735,100,0,100,34,100,100,0,100,100,0.0399304084,20.6832908465,841.6029958975,1.0000000000,0.8416000000,250.0000000000,0
736,100,0,100,35,100,100,0,100,100,0.0398561714,20.6434346751,841.6028502353,1.0000000000,0.8416000000,250.0000000000,0
737,100,0,100,36,100,100,0,100,100,0.0398699427,20.6035647324,841.6028937772,1.0000000000,0.8416000000,250.0000000000,0
738,100,0,100,37,100,100,0,100,100,0.0399190161,20.5636457163,841.6029808478,1.0000000000,0.8416000000,250.0000000000,0
739,100,0,100,38,100,100,0,100,100,0.0398762741,20.5237694422,841.6029086111,1.0000000000,0.8416000000,250.0000000000,0
740,100,0,100,39,100,100,0,100,100,0.0398628571,20.4839065851,841.6028741835,1.0000000000,0.8416000000,250.0000000000,0
741,100,0,100,40,100,100,0,100,100,0.0398582816,20.4440483035,841.6028586822,1.0000000000,0.8416000000,250.0000000000,0
742,100,0,100,41,100,100,0,100,100,0.0398567789,20.4041915246,841.6028527809,1.0000000000,0.8416000000,250.0000000000,0
743,100,0,100,42,100,100,0,100,100,0.0399279212,20.3642636034,841.6029927065,1.0000000000,0.8416000000,250.0000000000,0
744,100,0,100,43,100,100,0,100,100,0.0399035797,20.3243600237,841.6029583413,1.0000000000,0.8416000000,250.0000000000,0
745,100,0,100,44,100,100,0,100,100,0.0399047001,20.2844553235,841.6029600743,1.0000000000,0.8416000000,250.0000000000,0
746,100,0,100,45,100,100,0,100,100,0.0398812757,20.2445740478,841.6029191442,1.0000000000,0.8416000000,250.0000000000,0
747,100,0,100,46,100,100,0,100,100,0.0398907768,20.2046832710,841.6029371108,1.0000000000,0.8416000000,250.0000000000,0
748,100,0,100,47,100,100,0,100,100,0.0398818191,20.1648014519,841.6029202378,1.0000000000,0.8416000000,250.0000000000,0
749,100,0,100,48,100,100,0,100,100,0.0398608758,20.1249405762,841.6028678435,1.0000000000,0.8416000000,250.0000000000,0
750,100,0,100,49,100,100,0,100,100,0.0398971591,20.0850434171,841.6029480478,1.0000000000,0.8416000000,250.0000000000,0
751,100,0,100,50,100,100,0,100,100,0.0398944850,20.0451489321,841.6029435593,1.0000000000,0.8416000000,250.0000000000,0
752,100,0,100,51,100,100,0,100,100,0.0398611499,20.0052877822,841.6028687505,1.0000000000,0.8416000000,250.0000000000,0
753,100,0,100,52,100,100,0,100,100,0.0398668762,19.9654209060,841.6028857830,1.0000000000,0.8416000000,250.0000000000,0
754,100,0,100,53,100,100,0,100,100,0.0399243328,19.9254965732,841.6029880127,1.0000000000,0.8416000000,250.0000000000,0
755,100,0,100,54,100,100,0,100,100,0.0398749974,19.8856215759,841.6029057710,1.0000000000,0.8416000000,250.0000000000,0
756,100,0,100,55,100,100,0,100,100,0.0399133929,19.8457081830,841.6029729673,1.0000000000,0.8416000000,250.0000000000,0
757,100,0,100,56,100,100,0,100,100,0.0398506210,19.8058575620,841.6028181728,1.0000000000,0.8416000000,250.0000000000,0
758,100,0,100,57,100,100,0,100,100,0.0398916397,19.7659659224,841.6029386360,1.0000000000,0.8416000000,250.0000000000,0
759,100,0,100,58,100,100,0,100,100,0.0398851200,19.7260808023,841.6029266955,1.0000000000,0.8416000000,250.0000000000,0
760,100,0,100,59,100,100,0,100,100,0.0399013986,19.6861794037,841.6029549160,1.0000000000,0.8416000000,250.0000000000,0
761,100,0,100,60,100,100,0,100,100,0.0399089892,19.6462704145,841.6029665525,1.0000000000,0.8416000000,250.0000000000,0
762,100,0,100,61,100,100,0,100,100,0.0398538911,19.6064165234,841.6028395602,1.0000000000,0.8416000000,250.0000000000,0
763,100,0,100,62,100,100,0,100,100,0.0398590236,19.5665574998,841.6028614202,1.0000000000,0.8416000000,250.0000000000,0
764,100,0,100,63,100,100,0,100,100,0.0398650840,19.5266924158,841.6028807907,1.0000000000,0.8416000000,250.0000000000,0
765,100,0,100,64,100,100,0,100,100,0.0398552302,19.4868371857,841.6028460694,1.0000000000,0.8416000000,250.0000000000,0
766,100,0,100,65,100,100,0,100,100,0.0398969430,19.4469402427,841.6029476898,1.0000000000,0.8416000000,250.0000000000,0
767,100,0,100,66,100,100,0,100,100,0.0398492368,19.4070910059,841.6028007337,1.0000000000,0.8416000000,250.0000000000,0
768,100,0,100,67,100,100,0,100,100,0.0399122984,19.3671787075,841.6029713940,1.0000000000,0.8416000000,250.0000000000,0
769,100,0,100,68,100,100,0,100,100,0.0398539119,19.3273247956,841.6028396678,1.0000000000,0.8416000000,250.0000000000,0
770,100,0,100,69,100,100,0,100,100,0.0399121170,19.2874126786,841.6029711319,1.0000000000,0.8416000000,250.0000000000,0
771,100,0,100,70,100,100,0,100,100,0.0399164360,19.2474962427,841.6029772728,1.0000000000,0.8416000000,250.0000000000,0
772,100,0,100,71,100,100,0,100,100,0.0399107028,19.2075855399,841.6029690758,1.0000000000,0.8416000000,250.0000000000,0
773,100,0,100,72,100,100,0,100,100,0.0399200686,19.1676654713,841.6029822872,1.0000000000,0.8416000000,250.0000000000,0
774,100,0,100,73,100,100,0,100,100,0.0398707820,19.1277946893,841.6028958615,1.0000000000,0.8416000000,250.0000000000,0
775,100,0,100,74,100,100,0,100,100,0.0398728002,19.0879218891,841.6029007152,1.0000000000,0.8416000000,250.0000000000,0
776,100,0,100,75,100,100,0,100,100,0.0399162428,19.0480056463,841.6029770024,1.0000000000,0.8416000000,250.0000000000,0
777,100,0,100,76,100,100,0,100,100,0.0398661257,19.0081395205,841.6028837244,1.0000000000,0.8416000000,250.0000000000,0
778,100,0,100,77,100,100,0,100,100,0.0398900367,18.9682494838,841.6029357901,1.0000000000,0.8416000000,250.0000000000,0
779,100,0,100,78,100,100,0,100,100,0.0399095756,18.9283399082,841.6029674200,1.0000000000,0.8416000000,250.0000000000,0
780,100,0,100,79,100,100,0,100,100,0.0398576236,18.8884822845,841.6028561615,1.0000000000,0.8416000000,250.0000000000,0
781,100,0,100,80,100,100,0,100,100,0.0398888531,18.8485934315,841.6029336527,1.0000000000,0.8416000000,250.0000000000,0
782,100,0,100,81,100,100,0,100,100,0.0398769186,18.8087165128,841.6029100198,1.0000000000,0.8416000000,250.0000000000,0
783,100,0,100,82,100,100,0,100,100,0.0399230001,18.7687935128,841.6029862411,1.0000000000,0.8416000000,250.0000000000,0
784,100,0,100,83,100,100,0,100,100,0.0398526391,18.7289408737,841.6028326140,1.0000000000,0.8416000000,250.0000000000,0
785,100,0,100,84,100,100,0,100,100,0.0398723662,18.6890685075,841.6028996893,1.0000000000,0.8416000000,250.0000000000,0
786,100,0,100,85,100,100,0,100,100,0.0399025150,18.6491659925,841.6029566779,1.0000000000,0.8416000000,250.0000000000,0
787,100,0,100,86,100,100,0,100,100,0.0399094898,18.6092565027,841.6029672934,1.0000000000,0.8416000000,250.0000000000,0
788,100,0,100,87,100,100,0,100,100,0.0399030623,18.5693534404,841.6029575351,1.0000000000,0.8416000000,250.0000000000,0
789,100,0,100,88,100,100,0,100,100,0.0398746787,18.5294787617,841.6029050513,1.0000000000,0.8416000000,250.0000000000,0
790,100,0,100,89,100,100,0,100,100,0.0398867667,18.4895919950,841.6029298066,1.0000000000,0.8416000000,250.0000000000,0
791,100,0,100,90,100,100,0,100,100,0.0398888134,18.4497031816,841.6029335805,1.0000000000,0.8416000000,250.0000000000,0
792,100,0,100,91,100,100,0,100,100,0.0398512439,18.4098519377,841.6028232762,1.0000000000,0.8416000000,250.0000000000,0
793,100,0,100,92,100,100,0,100,100,0.0398576016,18.3699943361,841.6028560754,1.0000000000,0.8416000000,250.0000000000,0
794,100,0,100,93,100,100,0,100,100,0.0399053727,18.3300889635,841.6029611062,1.0000000000,0.8416000000,250.0000000000,0
795,100,0,100,94,100,100,0,100,100,0.0398873331,18.2902016304,841.6029308610,1.0000000000,0.8416000000,250.0000000000,0
796,100,0,100,95,100,100,0,100,100,0.0398857599,18.2503158705,841.6029279126,1.0000000000,0.8416000000,250.0000000000,0
797,100,0,100,96,100,100,0,100,100,0.0399020723,18.2104137981,841.6029559815,1.0000000000,0.8416000000,250.0000000000,0
798,100,0,100,97,100,100,0,100,100,0.0398899084,18.1705238897,841.6029355598,1.0000000000,0.8416000000,250.0000000000,0
799,100,0,100,98,100,100,0,100,100,0.0399049803,18.1306189094,841.6029605049,1.0000000000,0.8416000000,250.0000000000,0
800,100,0,100,99,100,100,0,100,100,0.0398721394,18.0907467700,841.6028991495,1.0000000000,0.8416000000,250.0000000000,0
801,100,0,100,0,100,100,0,100,100,0.0399096741,18.0508370959,841.6029675652,1.0000000000,0.8416000000,250.0000000000,0
802,100,0,100,1,100,100,0,100,100,0.0399159406,18.0109211553,841.6029765787,1.0000000000,0.8416000000,250.0000000000,0
803,100,0,100,2,100,100,0,100,100,0.0398929788,17.9710281765,841.6029409729,1.0000000000,0.8416000000,250.0000000000,0
804,100,0,100,3,100,100,0,100,100,0.0398870362,17.9311411403,841.6029303093,1.0000000000,0.8416000000,250.0000000000,0
805,100,0,100,4,100,100,0,100,100,0.0398773443,17.8912637960,841.6029109412,1.0000000000,0.8416000000,250.0000000000,0
806,100,0,100,5,100,100,0,100,100,0.0399284552,17.8513353408,841.6029933957,1.0000000000,0.8416000000,250.0000000000,0
807,100,0,100,6,100,100,0,100,100,0.0398602566,17.8114750842,841.6028657557,1.0000000000,0.8416000000,250.0000000000,0
808,100,0,100,7,100,100,0,100,100,0.0398722190,17.7716028652,841.6028993391,1.0000000000,0.8416000000,250.0000000000,0
809,100,0,100,8,100,100,0,100,100,0.0398846334,17.7317182318,841.6029257626,1.0000000000,0.8416000000,250.0000000000,0
810,100,0,100,9,100,100,0,100,100,0.0399157774,17.6918024544,841.6029763494,1.0000000000,0.8416000000,250.0000000000,0
811,100,0,100,10,100,100,0,100,100,0.0399077350,17.6518947193,841.6029646829,1.0000000000,0.8416000000,250.0000000000,0
812,100,0,100,11,100,100,0,100,100,0.0398605144,17.6120342050,841.6028666316,1.0000000000,0.8416000000,250.0000000000,0
813,100,0,100,12,100,100,0,100,100,0.0399011508,17.5721330542,841.6029545223,1.0000000000,0.8416000000,250.0000000000,0
814,100,0,100,13,100,100,0,100,100,0.0398677334,17.5322653207,841.6028880824,1.0000000000,0.8416000000,250.0000000000,0
815,100,0,100,14,100,100,0,100,100,0.0398548317,17.4924104891,841.6028442120,1.0000000000,0.8416000000,250.0000000000,0
816,100,0,100,15,100,100,0,100,100,0.0398755481,17.4525349409,841.6029070046,1.0000000000,0.8416000000,250.0000000000,0
817,100,0,100,16,100,100,0,100,100,0.0399043260,17.4126306150,841.6029594975,1.0000000000,0.8416000000,250.0000000000,0
818,100,0,100,17,100,100,0,100,100,0.0399074911,17.3727231239,841.6029643169,1.0000000000,0.8416000000,250.0000000000,0
819,100,0,100,18,100,100,0,100,100,0.0399015355,17.3328215884,841.6029551330,1.0000000000,0.8416000000,250.0000000000,0
820,100,0,100,19,100,100,0,100,100,0.0399026366,17.2929189518,841.6029568688,1.0000000000,0.8416000000,250.0000000000,0
821,100,0,100,20,100,100,0,100,100,0.0398665107,17.2530524411,841.6028847860,1.0000000000,0.8416000000,250.0000000000,0
822,100,0,100,21,100,100,0,100,100,0.0398573526,17.2131950885,841.6028550956,1.0000000000,0.8416000000,250.0000000000,0
823,100,0,100,22,100,100,0,100,100,0.0398545107,17.1733405778,841.6028426692,1.0000000000,0.8416000000,250.0000000000,0
824,100,0,100,23,100,100,0,100,100,0.0398637947,17.1334767831,841.6028770256,1.0000000000,0.8416000000,250.0000000000,0
825,100,0,100,24,100,100,0,100,100,0.0398927601,17.0935840230,841.6029405937,1.0000000000,0.8416000000,250.0000000000,0
826,100,0,100,25,100,100,0,100,100,0.0399204506,17.0536635724,841.6029828070,1.0000000000,0.8416000000,250.0000000000,0
827,100,0,100,26,100,100,0,100,100,0.0398603429,17.0138032295,841.6028660500,1.0000000000,0.8416000000,250.0000000000,0
828,100,0,100,27,100,100,0,100,100,0.0399010569,16.9739021726,841.6029543729,1.0000000000,0.8416000000,250.0000000000,0
829,100,0,100,28,100,100,0,100,100,0.0398641123,16.9340380603,841.6028779678,1.0000000000,0.8416000000,250.0000000000,0
830,100,0,100,29,100,100,0,100,100,0.0398986502,16.8941394101,841.6029504967,1.0000000000,0.8416000000,250.0000000000,0
831,100,0,100,30,100,100,0,100,100,0.0398670789,16.8542723312,841.6028863317,1.0000000000,0.8416000000,250.0000000000,0
832,100,0,100,31,100,100,0,100,100,0.0399079107,16.8143644204,841.6029649460,1.0000000000,0.8416000000,250.0000000000,0
833,100,0,100,32,100,100,0,100,100,0.0398941885,16.7744702320,841.6029430535,1.0000000000,0.8416000000,250.0000000000,0
834,100,0,100,33,100,100,0,100,100,0.0399056309,16.7345646011,841.6029615008,1.0000000000,0.8416000000,250.0000000000,0
835,100,0,100,34,100,100,0,100,100,0.0399304084,16.6946341927,841.6029958975,1.0000000000,0.8416000000,250.0000000000,0
836,100,0,100,35,100,100,0,100,100,0.0398561714,16.6547780213,841.6028502353,1.0000000000,0.8416000000,250.0000000000,0
837,100,0,100,36,100,100,0,100,100,0.0398699427,16.6149080786,841.6028937772,1.0000000000,0.8416000000,250.0000000000,0
838,100,0,100,37,100,100,0,100,100,0.0399190161,16.5749890625,841.6029808478,1.0000000000,0.8416000000,250.0000000000,0
839,100,0,100,38,100,100,0,100,100,0.0398762741,16.5351127885,841.6029086111,1.0000000000,0.8416000000,250.0000000000,0
840,100,0,100,39,100,100,0,100,100,0.0398628571,16.4952499314,841.6028741835,1.0000000000,0.8416000000,250.0000000000,0
841,100,0,100,40,100,100,0,100,100,0.0398582816,16.4553916497,841.6028586822,1.0000000000,0.8416000000,250.0000000000,0
842,100,0,100,41,100,100,0,100,100,0.0398567789,16.4155348708,841.6028527809,1.0000000000,0.8416000000,250.0000000000,0
843,100,0,100,42,100,100,0,100,100,0.0399279212,16.3756069496,841.6029927065,1.0000000000,0.8416000000,250.0000000000,0
844,100,0,100,43,100,100,0,100,100,0.0399035797,16.3357033699,841.6029583413,1.0000000000,0.8416000000,250.0000000000,0
845,100,0,100,44,100,100,0,100,100,0.0399047001,16.2957986698,841.6029600743,1.0000000000,0.8416000000,250.0000000000,0
846,100,0,100,45,100,100,0,100,100,0.0398812757,16.2559173941,841.6029191442,1.0000000000,0.8416000000,250.0000000000,0
847,100,0,100,46,100,100,0,100,100,0.0398907768,16.2160266173,841.6029371108,1.0000000000,0.8416000000,250.0000000000,0
848,100,0,100,47,100,100,0,100,100,0.0398818191,16.1761447982,841.6029202378,1.0000000000,0.8416000000,250.0000000000,0
849,100,0,100,48,100,100,0,100,100,0.0398608758,16.1362839224,841.6028678435,1.0000000000,0.8416000000,250.0000000000,0
850,100,0,100,49,100,100,0,100,100,0.0398971591,16.0963867633,841.6029480478,1.0000000000,0.8416000000,250.0000000000,0
851,100,0,100,50,100,100,0,100,100,0.0398944850,16.0564922783,841.6029435593,1.0000000000,0.8416000000,250.0000000000,0
852,100,0,100,51,100,100,0,100,100,0.0398611499,16.0166311285,841.6028687505,1.0000000000,0.8416000000,250.0000000000,0
853,100,0,100,52,100,100,0,100,100,0.0398668762,15.9767642523,841.6028857830,1.0000000000,0.8416000000,250.0000000000,0
854,100,0,100,53,100,100,0,100,100,0.0399243328,15.9368399195,841.6029880127,1.0000000000,0.8416000000,250.0000000000,0
855,100,0,100,54,100,100,0,100,100,0.0398749974,15.8969649221,841.6029057710,1.0000000000,0.8416000000,250.0000000000,0
856,100,0,100,55,100,100,0,100,100,0.0399133929,15.8570515293,841.6029729673,1.0000000000,0.8416000000,250.0000000000,0
857,100,0,100,56,100,100,0,100,100,0.0398506210,15.8172009083,841.6028181728,1.0000000000,0.8416000000,250.0000000000,0
858,100,0,100,57,100,100,0,100,100,0.0398916397,15.7773092686,841.6029386360,1.0000000000,0.8416000000,250.0000000000,0
859,100,0,100,58,100,100,0,100,100,0.0398851200,15.7374241486,841.6029266955,1.0000000000,0.8416000000,250.0000000000,0
860,100,0,100,59,100,100,0,100,100,0.0399013986,15.6975227500,841.6029549160,1.0000000000,0.8416000000,250.0000000000,0
861,100,0,100,60,100,100,0,100,100,0.0399089892,15.6576137608,841.6029665525,1.0000000000,0.8416000000,250.0000000000,0
862,100,0,100,61,100,100,0,100,100,0.0398538911,15.6177598697,841.6028395602,1.0000000000,0.8416000000,250.0000000000,0
863,100,0,100,62,100,100,0,100,100,0.0398590236,15.5779008461,841.6028614202,1.0000000000,0.8416000000,250.0000000000,0
864,100,0,100,63,100,100,0,100,100,0.0398650840,15.5380357621,841.6028807907,1.0000000000,0.8416000000,250.0000000000,0
865,100,0,100,64,100,100,0,100,100,0.0398552302,15.4981805319,841.6028460694,1.0000000000,0.8416000000,250.0000000000,0
866,100,0,100,65,100,100,0,100,100,0.0398969430,15.4582835889,841.6029476898,1.0000000000,0.8416000000,250.0000000000,0
867,100,0,100,66,100,100,0,100,100,0.0398492368,15.4184343522,841.6028007337,1.0000000000,0.8416000000,250.0000000000,0
868,100,0,100,67,100,100,0,100,100,0.0399122984,15.3785220538,841.6029713940,1.0000000000,0.8416000000,250.0000000000,0
869,100,0,100,68,100,100,0,100,100,0.0398539119,15.3386681419,841.6028396678,1.0000000000,0.8416000000,250.0000000000,0
870,100,0,100,69,100,100,0,100,100,0.0399121170,15.2987560249,841.6029711319,1.0000000000,0.8416000000,250.0000000000,0
871,100,0,100,70,100,100,0,100,100,0.0399164360,15.2588395889,841.6029772728,1.0000000000,0.8416000000,250.0000000000,0
872,100,0,100,71,100,100,0,100,100,0.0399107028,15.2189288861,841.6029690758,1.0000000000,0.8416000000,250.0000000000,0
873,100,0,100,72,100,100,0,100,100,0.0399200686,15.1790088175,841.6029822872,1.0000000000,0.8416000000,250.0000000000,0
874,99,1,100,73,100,0,100,97,97,0.0354564287,15.1435523888,0.0000000000,0.0000000000,0.8163520000,0.0000000000,1
875,99,1,99,74,99,99,0,99,99,0.0397255691,15.1038268197,833.1868909400,1.0000000000,0.8331840000,250.0000000000,0
876,99,1,99,75,99,99,0,99,99,0.0397690117,15.0640578080,833.1869672273,1.0000000000,0.8331840000,250.0000000000,0
877,99,1,99,76,99,99,0,99,99,0.0397188946,15.0243389134,833.1868739492,1.0000000000,0.8331840000,250.0000000000,0
878,99,1,99,77,99,99,0,99,99,0.0397428056,14.9845961078,833.1869260149,1.0000000000,0.8331840000,250.0000000000,0
879,99,1,99,78,99,99,0,99,99,0.0397623445,14.9448337633,833.1869576448,1.0000000000,0.8331840000,250.0000000000,0
880,99,1,99,79,99,99,0,99,99,0.0397103925,14.9051233708,833.1868463864,1.0000000000,0.8331840000,250.0000000000,0
881,99,1,99,80,99,99,0,99,99,0.0397416220,14.8653817488,833.1869238775,1.0000000000,0.8331840000,250.0000000000,0
882,99,1,99,81,99,99,0,99,99,0.0397296875,14.8256520613,833.1869002446,1.0000000000,0.8331840000,250.0000000000,0
883,99,1,99,82,99,99,0,99,99,0.0397757689,14.7858762923,833.1869764659,1.0000000000,0.8331840000,250.0000000000,0
884,99,1,99,83,99,99,0,99,99,0.0397054080,14.7461708844,833.1868228389,1.0000000000,0.8331840000,250.0000000000,0
885,99,1,99,84,99,99,0,99,99,0.0397251351,14.7064457493,833.1868899141,1.0000000000,0.8331840000,250.0000000000,0
886,99,1,99,85,99,99,0,99,99,0.0397552838,14.6666904655,833.1869469027,1.0000000000,0.8331840000,250.0000000000,0
887,99,1,99,86,99,99,0,99,99,0.0397622587,14.6269282068,833.1869575182,1.0000000000,0.8331840000,250.0000000000,0
888,99,1,99,87,99,99,0,99,99,0.0397558312,14.5871723756,833.1869477599,1.0000000000,0.8331840000,250.0000000000,0
889,99,1,99,88,99,99,0,99,99,0.0397274475,14.5474449280,833.1868952761,1.0000000000,0.8331840000,250.0000000000,0
890,99,1,99,89,99,99,0,99,99,0.0397395356,14.5077053924,833.1869200314,1.0000000000,0.8331840000,250.0000000000,0
891,99,1,99,90,99,99,0,99,99,0.0397415823,14.4679638101,833.1869238054,1.0000000000,0.8331840000,250.0000000000,0
892,99,1,99,91,99,99,0,99,99,0.0397040128,14.4282597973,833.1868135010,1.0000000000,0.8331840000,250.0000000000,0
893,99,1,99,92,99,99,0,99,99,0.0397103704,14.3885494268,833.1868463002,1.0000000000,0.8331840000,250.0000000000,0
894,99,1,99,93,99,99,0,99,99,0.0397581415,14.3487912853,833.1869513310,1.0000000000,0.8331840000,250.0000000000,0
895,99,1,99,94,99,99,0,99,99,0.0397401020,14.3090511833,833.1869210858,1.0000000000,0.8331840000,250.0000000000,0
896,99,1,99,95,99,99,0,99,99,0.0397385288,14.2693126546,833.1869181374,1.0000000000,0.8331840000,250.0000000000,0
897,99,1,99,96,99,99,0,99,99,0.0397548412,14.2295578133,833.1869462064,1.0000000000,0.8331840000,250.0000000000,0
898,99,1,99,97,99,99,0,99,99,0.0397426773,14.1898151360,833.1869257847,1.0000000000,0.8331840000,250.0000000000,0
899,99,1,99,98,99,99,0,99,99,0.0397577492,14.1500573868,833.1869507298,1.0000000000,0.8331840000,250.0000000000,0
900,99,1,99,99,99,99,0,99,99,0.0397249083,14.1103324785,833.1868893743,1.0000000000,0.8331840000,250.0000000000,0
901,99,1,99,0,99,99,0,99,99,0.0397624429,14.0705700356,833.1869577901,1.0000000000,0.8331840000,250.0000000000,0
902,99,1,99,1,99,99,0,99,99,0.0397687095,14.0308013261,833.1869668035,1.0000000000,0.8331840000,250.0000000000,0
903,99,1,99,2,99,99,0,99,99,0.0397457477,13.9910555784,833.1869311978,1.0000000000,0.8331840000,250.0000000000,0
904,99,1,99,3,99,99,0,99,99,0.0397398051,13.9513157733,833.1869205341,1.0000000000,0.8331840000,250.0000000000,0
905,99,1,99,4,99,99,0,99,99,0.0397301132,13.9115856601,833.1869011660,1.0000000000,0.8331840000,250.0000000000,0
906,99,1,99,5,99,99,0,99,99,0.0397812240,13.8718044360,833.1869836205,1.0000000000,0.8331840000,250.0000000000,0
907,99,1,99,6,99,99,0,99,99,0.0397130255,13.8320914105,833.1868559805,1.0000000000,0.8331840000,250.0000000000,0
908,99,1,99,7,99,99,0,99,99,0.0397249879,13.7923664227,833.1868895640,1.0000000000,0.8331840000,250.0000000000,0
909,99,1,99,8,99,99,0,99,99,0.0397374023,13.7526290204,833.1869159874,1.0000000000,0.8331840000,250.0000000000,0
910,99,1,99,9,99,99,0,99,99,0.0397685463,13.7128604741,833.1869665743,1.0000000000,0.8331840000,250.0000000000,0
911,99,1,99,10,99,99,0,99,99,0.0397605039,13.6730999701,833.1869549077,1.0000000000,0.8331840000,250.0000000000,0
912,99,1,99,11,99,99,0,99,99,0.0397132832,13.6333866869,833.1868568564,1.0000000000,0.8331840000,250.0000000000,0
913,99,1,99,12,99,99,0,99,99,0.0397539197,13.5936327672,833.1869447471,1.0000000000,0.8331840000,250.0000000000,0
914,99,1,99,13,99,99,0,99,99,0.0397205023,13.5539122649,833.1868783073,1.0000000000,0.8331840000,250.0000000000,0
915,99,1,99,14,99,99,0,99,99,0.0397076006,13.5142046643,833.1868344368,1.0000000000,0.8331840000,250.0000000000,0
916,99,1,99,15,99,99,0,99,99,0.0397283170,13.4744763473,833.1868972294,1.0000000000,0.8331840000,250.0000000000,0
917,99,1,99,16,99,99,0,99,99,0.0397570948,13.4347192525,833.1869497223,1.0000000000,0.8331840000,250.0000000000,0
918,99,1,99,17,99,99,0,99,99,0.0397602600,13.3949589925,833.1869545417,1.0000000000,0.8331840000,250.0000000000,0
919,99,1,99,18,99,99,0,99,99,0.0397543043,13.3552046881,833.1869453578,1.0000000000,0.8331840000,250.0000000000,0
920,99,1,99,19,99,99,0,99,99,0.0397554055,13.3154492826,833.1869470936,1.0000000000,0.8331840000,250.0000000000,0
921,99,1,99,20,99,99,0,99,99,0.0397192796,13.2757300030,833.1868750108,1.0000000000,0.8331840000,250.0000000000,0
922,99,1,99,21,99,99,0,99,99,0.0397101215,13.2360198816,833.1868453204,1.0000000000,0.8331840000,250.0000000000,0
923,99,1,99,22,99,99,0,99,99,0.0397072795,13.1963126020,833.1868328940,1.0000000000,0.8331840000,250.0000000000,0
924,99,1,99,23,99,99,0,99,99,0.0397165636,13.1565960384,833.1868672504,1.0000000000,0.8331840000,250.0000000000,0
925,99,1,99,24,99,99,0,99,99,0.0397455289,13.1168505094,833.1869308185,1.0000000000,0.8331840000,250.0000000000,0
926,99,1,99,25,99,99,0,99,99,0.0397732195,13.0770772900,833.1869730318,1.0000000000,0.8331840000,250.0000000000,0
927,99,1,99,26,99,99,0,99,99,0.0397131118,13.0373641782,833.1868562749,1.0000000000,0.8331840000,250.0000000000,0
928,99,1,99,27,99,99,0,99,99,0.0397538258,12.9976103524,833.1869445977,1.0000000000,0.8331840000,250.0000000000,0
929,99,1,99,28,99,99,0,99,99,0.0397168812,12.9578934712,833.1868681926,1.0000000000,0.8331840000,250.0000000000,0
930,99,1,99,29,99,99,0,99,99,0.0397514191,12.9181420521,833.1869407215,1.0000000000,0.8331840000,250.0000000000,0
931,99,1,99,30,99,99,0,99,99,0.0397198478,12.8784222043,833.1868765565,1.0000000000,0.8331840000,250.0000000000,0
932,99,1,99,31,99,99,0,99,99,0.0397606796,12.8386615247,833.1869551708,1.0000000000,0.8331840000,250.0000000000,0
933,99,1,99,32,99,99,0,99,99,0.0397469573,12.7989145673,833.1869332783,1.0000000000,0.8331840000,250.0000000000,0
934,99,1,99,33,99,99,0,99,99,0.0397583998,12.7591561675,833.1869517256,1.0000000000,0.8331840000,250.0000000000,0
935,99,1,99,34,99,99,0,99,99,0.0397831772,12.7193729903,833.1869861223,1.0000000000,0.8331840000,250.0000000000,0
936,99,1,99,35,99,99,0,99,99,0.0397089403,12.6796640500,833.1868404602,1.0000000000,0.8331840000,250.0000000000,0
937,99,1,99,36,99,99,0,99,99,0.0397227116,12.6399413384,833.1868840020,1.0000000000,0.8331840000,250.0000000000,0
938,99,1,99,37,99,99,0,99,99,0.0397717850,12.6001695535,833.1869710726,1.0000000000,0.8331840000,250.0000000000,0
939,99,1,99,38,99,99,0,99,99,0.0397290429,12.5604405105,833.1868988359,1.0000000000,0.8331840000,250.0000000000,0
940,99,1,99,39,99,99,0,99,99,0.0397156260,12.5207248845,833.1868644084,1.0000000000,0.8331840000,250.0000000000,0
941,99,1,99,40,99,99,0,99,99,0.0397110505,12.4810138340,833.1868489070,1.0000000000,0.8331840000,250.0000000000,0
942,99,1,99,41,99,99,0,99,99,0.0397095478,12.4413042862,833.1868430058,1.0000000000,0.8331840000,250.0000000000,0
943,99,1,99,42,99,99,0,99,99,0.0397806901,12.4015235961,833.1869829313,1.0000000000,0.8331840000,250.0000000000,0
944,99,1,99,43,99,99,0,99,99,0.0397563486,12.3617672475,833.1869485661,1.0000000000,0.8331840000,250.0000000000,0
945,99,1,99,44,99,99,0,99,99,0.0397574690,12.3220097785,833.1869502991,1.0000000000,0.8331840000,250.0000000000,0
946,99,1,99,45,99,99,0,99,99,0.0397340446,12.2822757339,833.1869093690,1.0000000000,0.8331840000,250.0000000000,0
947,99,1,99,46,99,99,0,99,99,0.0397435457,12.2425321882,833.1869273356,1.0000000000,0.8331840000,250.0000000000,0
948,99,1,99,47,99,99,0,99,99,0.0397345880,12.2027976002,833.1869104627,1.0000000000,0.8331840000,250.0000000000,0
949,99,1,99,48,99,99,0,99,99,0.0397136446,12.1630839556,833.1868580683,1.0000000000,0.8331840000,250.0000000000,0
950,99,1,99,49,99,99,0,99,99,0.0397499280,12.1233340276,833.1869382726,1.0000000000,0.8331840000,250.0000000000,0
951,99,1,99,50,99,99,0,99,99,0.0397472539,12.0835867737,833.1869337841,1.0000000000,0.8331840000,250.0000000000,0
952,99,1,99,51,99,99,0,99,99,0.0397139188,12.0438728550,833.1868589753,1.0000000000,0.8331840000,250.0000000000,0
953,99,1,99,52,99,99,0,99,99,0.0397196451,12.0041532099,833.1868760078,1.0000000000,0.8331840000,250.0000000000,0
954,99,1,99,53,99,99,0,99,99,0.0397771017,11.9643761082,833.1869782375,1.0000000000,0.8331840000,250.0000000000,0
955,99,1,99,54,99,99,0,99,99,0.0397277662,11.9246483420,833.1868959958,1.0000000000,0.8331840000,250.0000000000,0
956,99,1,99,55,99,99,0,99,99,0.0397661617,11.8848821803,833.1869631921,1.0000000000,0.8331840000,250.0000000000,0
957,99,1,99,56,99,99,0,99,99,0.0397033899,11.8451787904,833.1868083976,1.0000000000,0.8331840000,250.0000000000,0
958,99,1,99,57,99,99,0,99,99,0.0397444085,11.8054343819,833.1869288608,1.0000000000,0.8331840000,250.0000000000,0
959,99,1,99,58,99,99,0,99,99,0.0397378889,11.7656964929,833.1869169203,1.0000000000,0.8331840000,250.0000000000,0
960,99,1,99,59,99,99,0,99,99,0.0397541675,11.7259423254,833.1869451408,1.0000000000,0.8331840000,250.0000000000,0
961,99,1,99,60,99,99,0,99,99,0.0397617581,11.6861805673,833.1869567774,1.0000000000,0.8331840000,250.0000000000,0
962,99,1,99,61,99,99,0,99,99,0.0397066600,11.6464739074,833.1868297851,1.0000000000,0.8331840000,250.0000000000,0
963,99,1,99,62,99,99,0,99,99,0.0397117925,11.6067621149,833.1868516450,1.0000000000,0.8331840000,250.0000000000,0
964,99,1,99,63,99,99,0,99,99,0.0397178529,11.5670442620,833.1868710155,1.0000000000,0.8331840000,250.0000000000,0
965,99,1,99,64,99,99,0,99,99,0.0397079991,11.5273362629,833.1868362942,1.0000000000,0.8331840000,250.0000000000,0
966,99,1,99,65,99,99,0,99,99,0.0397497119,11.4875865510,833.1869379146,1.0000000000,0.8331840000,250.0000000000,0
967,99,1,99,66,99,99,0,99,99,0.0397020056,11.4478845454,833.1867909585,1.0000000000,0.8331840000,250.0000000000,0
968,99,1,99,67,99,99,0,99,99,0.0397650673,11.4081194781,833.1869616188,1.0000000000,0.8331840000,250.0000000000,0
969,99,1,99,68,99,99,0,99,99,0.0397066808,11.3684127973,833.1868298926,1.0000000000,0.8331840000,250.0000000000,0
970,99,1,99,69,99,99,0,99,99,0.0397648859,11.3286479115,833.1869613567,1.0000000000,0.8331840000,250.0000000000,0
971,99,1,99,70,99,99,0,99,99,0.0397692049,11.2888787066,833.1869674976,1.0000000000,0.8331840000,250.0000000000,0
972,99,1,99,71,99,99,0,99,99,0.0397634717,11.2491152350,833.1869593006,1.0000000000,0.8331840000,250.0000000000,0
973,99,1,99,72,99,99,0,99,99,0.0397728375,11.2093423975,833.1869725120,1.0000000000,0.8331840000,250.0000000000,0
974,99,1,99,74,99,99,0,99,99,0.0397255691,11.1696168284,833.1868909400,1.0000000000,0.8331840000,250.0000000000,0
975,99,1,99,74,99,99,0,99,99,0.0397255691,11.1298912593,833.1868909400,1.0000000000,0.8331840000,250.0000000000,0
976,99,1,99,75,99,99,0,99,99,0.0397690117,11.0901222476,833.1869672273,1.0000000000,0.8331840000,250.0000000000,0
977,99,1,99,76,99,99,0,99,99,0.0397188946,11.0504033529,833.1868739492,1.0000000000,0.8331840000,250.0000000000,0
978,99,1,99,77,99,99,0,99,99,0.0397428056,11.0106605473,833.1869260149,1.0000000000,0.8331840000,250.0000000000,0
979,99,1,99,78,99,99,0,99,99,0.0397623445,10.9708982028,833.1869576448,1.0000000000,0.8331840000,250.0000000000,0
980,99,1,99,79,99,99,0,99,99,0.0397103925,10.9311878103,833.1868463864,1.0000000000,0.8331840000,250.0000000000,0
981,99,1,99,80,99,99,0,99,99,0.0397416220,10.8914461883,833.1869238775,1.0000000000,0.8331840000,250.0000000000,0
982,99,1,99,81,99,99,0,99,99,0.0397296875,10.8517165008,833.1869002446,1.0000000000,0.8331840000,250.0000000000,0
983,99,1,99,82,99,99,0,99,99,0.0397757689,10.8119407319,833.1869764659,1.0000000000,0.8331840000,250.0000000000,0
984,99,1,99,83,99,99,0,99,99,0.0397054080,10.7722353239,833.1868228389,1.0000000000,0.8331840000,250.0000000000,0
985,99,1,99,84,99,99,0,99,99,0.0397251351,10.7325101888,833.1868899141,1.0000000000,0.8331840000,250.0000000000,0
986,99,1,99,85,99,99,0,99,99,0.0397552838,10.6927549050,833.1869469027,1.0000000000,0.8331840000,250.0000000000,0
987,99,1,99,86,99,99,0,99,99,0.0397622587,10.6529926463,833.1869575182,1.0000000000,0.8331840000,250.0000000000,0
988,99,1,99,87,99,99,0,99,99,0.0397558312,10.6132368151,833.1869477599,1.0000000000,0.8331840000,250.0000000000,0
989,99,1,99,88,99,99,0,99,99,0.0397274475,10.5735093675,833.1868952761,1.0000000000,0.8331840000,250.0000000000,0
990,99,1,99,89,99,99,0,99,99,0.0397395356,10.5337698319,833.1869200314,1.0000000000,0.8331840000,250.0000000000,0
991,99,1,99,90,99,99,0,99,99,0.0397415823,10.4940282496,833.1869238054,1.0000000000,0.8331840000,250.0000000000,0
992,99,1,99,91,99,99,0,99,99,0.0397040128,10.4543242368,833.1868135010,1.0000000000,0.8331840000,250.0000000000,0
993,99,1,99,92,99,99,0,99,99,0.0397103704,10.4146138664,833.1868463002,1.0000000000,0.8331840000,250.0000000000,0
994,99,1,99,93,99,99,0,99,99,0.0397581415,10.3748557248,833.1869513310,1.0000000000,0.8331840000,250.0000000000,0
995,99,1,99,94,99,99,0,99,99,0.0397401020,10.3351156228,833.1869210858,1.0000000000,0.8331840000,250.0000000000,0
996,99,1,99,95,99,99,0,99,99,0.0397385288,10.2953770941,833.1869181374,1.0000000000,0.8331840000,250.0000000000,0
997,99,1,99,96,99,99,0,99,99,0.0397548412,10.2556222529,833.1869462064,1.0000000000,0.8331840000,250.0000000000,0
998,99,1,99,97,99,99,0,99,99,0.0397426773,10.2158795756,833.1869257847,1.0000000000,0.8331840000,250.0000000000,0
999,99,1,99,98,99,99,0,99,99,0.0397577492,10.1761218264,833.1869507298,1.0000000000,0.8331840000,250.0000000000,0
1000,99,1,99,99,99,99,0,99,99,0.0397249083,10.1363969181,833.1868893743,1.0000000000,0.8331840000,250.0000000000,0
1001,99,1,99,0,99,99,0,99,99,0.0397624429,10.0966344751,833.1869577901,1.0000000000,0.8331840000,250.0000000000,0
1002,99,1,99,1,99,99,0,99,99,0.0397687095,10.0568657656,833.1869668035,1.0000000000,0.8331840000,250.0000000000,0
1003,99,1,99,2,99,99,0,99,99,0.0397457477,10.0171200179,833.1869311978,1.0000000000,0.8331840000,250.0000000000,0
1004,99,1,99,3,99,99,0,99,99,0.0397398051,9.9773802128,833.1869205341,1.0000000000,0.8331840000,250.0000000000,0
1005,99,1,99,4,99,99,0,99,99,0.0397301132,9.9376500996,833.1869011660,1.0000000000,0.8331840000,250.0000000000,0
1006,99,1,99,5,99,99,0,99,99,0.0397812240,9.8978688756,833.1869836205,1.0000000000,0.8331840000,250.0000000000,0
1007,99,1,99,6,99,99,0,99,99,0.0397130255,9.8581558501,833.1868559805,1.0000000000,0.8331840000,250.0000000000,0
1008,99,1,99,7,99,99,0,99,99,0.0397249879,9.8184308622,833.1868895640,1.0000000000,0.8331840000,250.0000000000,0
1009,99,1,99,8,99,99,0,99,99,0.0397374023,9.7786934599,833.1869159874,1.0000000000,0.8331840000,250.0000000000,0
1010,99,1,99,9,99,99,0,99,99,0.0397685463,9.7389249136,833.1869665743,1.0000000000,0.8331840000,250.0000000000,0
1011,99,1,99,10,99,99,0,99,99,0.0397605039,9.6991644097,833.1869549077,1.0000000000,0.8331840000,250.0000000000,0
1012,99,1,99,11,99,99,0,99,99,0.0397132832,9.6594511264,833.1868568564,1.0000000000,0.8331840000,250.0000000000,0
1013,99,1,99,12,99,99,0,99,99,0.0397539197,9.6196972067,833.1869447471,1.0000000000,0.8331840000,250.0000000000,0
1014,99,1,99,13,99,99,0,99,99,0.0397205023,9.5799767044,833.1868783073,1.0000000000,0.8331840000,250.0000000000,0
1015,99,1,99,14,99,99,0,99,99,0.0397076006,9.5402691038,833.1868344368,1.0000000000,0.8331840000,250.0000000000,0
1016,99,1,99,15,99,99,0,99,99,0.0397283170,9.5005407868,833.1868972294,1.0000000000,0.8331840000,250.0000000000,0
1017,99,1,99,16,99,99,0,99,99,0.0397570948,9.4607836920,833.1869497223,1.0000000000,0.8331840000,250.0000000000,0
1018,99,1,99,17,99,99,0,99,99,0.0397602600,9.4210234320,833.1869545417,1.0000000000,0.8331840000,250.0000000000,0
1019,99,1,99,18,99,99,0,99,99,0.0397543043,9.3812691277,833.1869453578,1.0000000000,0.8331840000,250.0000000000,0
1020,99,1,99,19,99,99,0,99,99,0.0397554055,9.3415137222,833.1869470936,1.0000000000,0.8331840000,250.0000000000,0
1021,99,1,99,20,99,99,0,99,99,0.0397192796,9.3017944426,833.1868750108,1.0000000000,0.8331840000,250.0000000000,0
1022,99,1,99,21,99,99,0,99,99,0.0397101215,9.2620843211,833.1868453204,1.0000000000,0.8331840000,250.0000000000,0
1023,99,1,99,22,99,99,0,99,99,0.0397072795,9.2223770415,833.1868328940,1.0000000000,0.8331840000,250.0000000000,0
1024,99,1,99,23,99,99,0,99,99,0.0397165636,9.1826604779,833.1868672504,1.0000000000,0.8331840000,250.0000000000,0
1025,99,1,99,24,99,99,0,99,99,0.0397455289,9.1429149490,833.1869308185,1.0000000000,0.8331840000,250.0000000000,0
1026,99,1,99,25,99,99,0,99,99,0.0397732195,9.1031417295,833.1869730318,1.0000000000,0.8331840000,250.0000000000,0
1027,99,1,99,26,99,99,0,99,99,0.0397131118,9.0634286177,833.1868562749,1.0000000000,0.8331840000,250.0000000000,0
1028,99,1,99,27,99,99,0,99,99,0.0397538258,9.0236747919,833.1869445977,1.0000000000,0.8331840000,250.0000000000,0
1029,99,1,99,28,99,99,0,99,99,0.0397168812,8.9839579107,833.1868681926,1.0000000000,0.8331840000,250.0000000000,0
1030,99,1,99,29,99,99,0,99,99,0.0397514191,8.9442064916,833.1869407215,1.0000000000,0.8331840000,250.0000000000,0
1031,99,1,99,30,99,99,0,99,99,0.0397198478,8.9044866438,833.1868765565,1.0000000000,0.8331840000,250.0000000000,0
1032,99,1,99,31,99,99,0,99,99,0.0397606796,8.8647259642,833.1869551708,1.0000000000,0.8331840000,250.0000000000,0
1033,99,1,99,32,99,99,0,99,99,0.0397469573,8.8249790068,833.1869332783,1.0000000000,0.8331840000,250.0000000000,0
1034,99,1,99,33,99,99,0,99,99,0.0397583998,8.7852206071,833.1869517256,1.0000000000,0.8331840000,250.0000000000,0
1035,99,1,99,34,99,99,0,99,99,0.0397831772,8.7454374298,833.1869861223,1.0000000000,0.8331840000,250.0000000000,0
1036,99,1,99,35,99,99,0,99,99,0.0397089403,8.7057284895,833.1868404602,1.0000000000,0.8331840000,250.0000000000,0
1037,99,1,99,36,99,99,0,99,99,0.0397227116,8.6660057779,833.1868840020,1.0000000000,0.8331840000,250.0000000000,0
1038,99,1,99,37,99,99,0,99,99,0.0397717850,8.6262339930,833.1869710726,1.0000000000,0.8331840000,250.0000000000,0
1039,99,1,99,38,99,99,0,99,99,0.0397290429,8.5865049500,833.1868988359,1.0000000000,0.8331840000,250.0000000000,0
1040,99,1,99,39,99,99,0,99,99,0.0397156260,8.5467893240,833.1868644084,1.0000000000,0.8331840000,250.0000000000,0
1041,99,1,99,40,99,99,0,99,99,0.0397110505,8.5070782735,833.1868489070,1.0000000000,0.8331840000,250.0000000000,0
1042,99,1,99,41,99,99,0,99,99,0.0397095478,8.4673687257,833.1868430058,1.0000000000,0.8331840000,250.0000000000,0
1043,99,1,99,42,99,99,0,99,99,0.0397806901,8.4275880356,833.1869829313,1.0000000000,0.8331840000,250.0000000000,0
1044,99,1,99,43,99,99,0,99,99,0.0397563486,8.3878316870,833.1869485661,1.0000000000,0.8331840000,250.0000000000,0
1045,99,1,99,44,99,99,0,99,99,0.0397574690,8.3480742180,833.1869502991,1.0000000000,0.8331840000,250.0000000000,0
1046,99,1,99,45,99,99,0,99,99,0.0397340446,8.3083401734,833.1869093690,1.0000000000,0.8331840000,250.0000000000,0
1047,99,1,99,46,99,99,0,99,99,0.0397435457,8.2685966278,833.1869273356,1.0000000000,0.8331840000,250.0000000000,0
1048,99,1,99,47,99,99,0,99,99,0.0397345880,8.2288620398,833.1869104627,1.0000000000,0.8331840000,250.0000000000,0
1049,99,1,99,48,99,99,0,99,99,0.0397136446,8.1891483951,833.1868580683,1.0000000000,0.8331840000,250.0000000000,0
1050,99,1,99,49,99,99,0,99,99,0.0397499280,8.1493984672,833.1869382726,1.0000000000,0.8331840000,250.0000000000,0
1051,99,1,99,50,99,99,0,99,99,0.0397472539,8.1096512133,833.1869337841,1.0000000000,0.8331840000,250.0000000000,0
1052,99,1,99,51,99,99,0,99,99,0.0397139188,8.0699372945,833.1868589753,1.0000000000,0.8331840000,250.0000000000,0
1053,99,1,99,52,99,99,0,99,99,0.0397196451,8.0302176494,833.1868760078,1.0000000000,0.8331840000,250.0000000000,0
1054,99,1,99,53,99,99,0,99,99,0.0397771017,7.9904405478,833.1869782375,1.0000000000,0.8331840000,250.0000000000,0
1055,99,1,99,54,99,99,0,99,99,0.0397277662,7.9507127815,833.1868959958,1.0000000000,0.8331840000,250.0000000000,0
1056,99,1,99,55,99,99,0,99,99,0.0397661617,7.9109466198,833.1869631921,1.0000000000,0.8331840000,250.0000000000,0
1057,99,1,99,56,99,99,0,99,99,0.0397033899,7.8712432299,833.1868083976,1.0000000000,0.8331840000,250.0000000000,0
1058,99,1,99,57,99,99,0,99,99,0.0397444085,7.8314988214,833.1869288608,1.0000000000,0.8331840000,250.0000000000,0
1059,99,1,99,58,99,99,0,99,99,0.0397378889,7.7917609324,833.1869169203,1.0000000000,0.8331840000,250.0000000000,0
1060,99,1,99,59,99,99,0,99,99,0.0397541675,7.7520067650,833.1869451408,1.0000000000,0.8331840000,250.0000000000,0
1061,99,1,99,60,99,99,0,99,99,0.0397617581,7.7122450069,833.1869567774,1.0000000000,0.8331840000,250.0000000000,0
1062,99,1,99,61,99,99,0,99,99,0.0397066600,7.6725383469,833.1868297851,1.0000000000,0.8331840000,250.0000000000,0
1063,99,1,99,62,99,99,0,99,99,0.0397117925,7.6328265544,833.1868516450,1.0000000000,0.8331840000,250.0000000000,0
1064,99,1,99,63,99,99,0,99,99,0.0397178529,7.5931087015,833.1868710155,1.0000000000,0.8331840000,250.0000000000,0
1065,99,1,99,64,99,99,0,99,99,0.0397079991,7.5534007025,833.1868362942,1.0000000000,0.8331840000,250.0000000000,0
1066,99,1,99,65,99,99,0,99,99,0.0397497119,7.5136509906,833.1869379146,1.0000000000,0.8331840000,250.0000000000,0
1067,99,1,99,66,99,99,0,99,99,0.0397020056,7.4739489849,833.1867909585,1.0000000000,0.8331840000,250.0000000000,0
1068,99,1,99,67,99,99,0,99,99,0.0397650673,7.4341839177,833.1869616188,1.0000000000,0.8331840000,250.0000000000,0
1069,99,1,99,68,99,99,0,99,99,0.0397066808,7.3944772369,833.1868298926,1.0000000000,0.8331840000,250.0000000000,0
1070,99,1,99,69,99,99,0,99,99,0.0397648859,7.3547123510,833.1869613567,1.0000000000,0.8331840000,250.0000000000,0
1071,99,1,99,70,99,99,0,99,99,0.0397692049,7.3149431461,833.1869674976,1.0000000000,0.8331840000,250.0000000000,0
1072,99,1,99,71,99,99,0,99,99,0.0397634717,7.2751796745,833.1869593006,1.0000000000,0.8331840000,250.0000000000,0
1073,99,1,99,72,99,99,0,99,99,0.0397728375,7.2354068370,833.1869725120,1.0000000000,0.8331840000,250.0000000000,0
1074,99,1,99,74,99,99,0,99,99,0.0397255691,7.1956812679,833.1868909400,1.0000000000,0.8331840000,250.0000000000,0
1075,99,1,99,74,99,99,0,99,99,0.0397255691,7.1559556988,833.1868909400,1.0000000000,0.8331840000,250.0000000000,0
1076,99,1,99,75,99,99,0,99,99,0.0397690117,7.1161866871,833.1869672273,1.0000000000,0.8331840000,250.0000000000,0
1077,99,1,99,76,99,99,0,99,99,0.0397188946,7.0764677925,833.1868739492,1.0000000000,0.8331840000,250.0000000000,0
1078,99,1,99,77,99,99,0,99,99,0.0397428056,7.0367249868,833.1869260149,1.0000000000,0.8331840000,250.0000000000,0
1079,99,1,99,78,99,99,0,99,99,0.0397623445,6.9969626423,833.1869576448,1.0000000000,0.8331840000,250.0000000000,0
1080,99,1,99,79,99,99,0,99,99,0.0397103925,6.9572522498,833.1868463864,1.0000000000,0.8331840000,250.0000000000,0
1081,99,1,99,80,99,99,0,99,99,0.0397416220,6.9175106279,833.1869238775,1.0000000000,0.8331840000,250.0000000000,0
1082,99,1,99,81,99,99,0,99,99,0.0397296875,6.8777809403,833.1869002446,1.0000000000,0.8331840000,250.0000000000,0
1083,99,1,99,82,99,99,0,99,99,0.0397757689,6.8380051714,833.1869764659,1.0000000000,0.8331840000,250.0000000000,0
1084,99,1,99,83,99,99,0,99,99,0.0397054080,6.7982997634,833.1868228389,1.0000000000,0.8331840000,250.0000000000,0
1085,99,1,99,84,99,99,0,99,99,0.0397251351,6.7585746283,833.1868899141,1.0000000000,0.8331840000,250.0000000000,0
1086,99,1,99,85,99,99,0,99,99,0.0397552838,6.7188193445,833.1869469027,1.0000000000,0.8331840000,250.0000000000,0
1087,99,1,99,86,99,99,0,99,99,0.0397622587,6.6790570858,833.1869575182,1.0000000000,0.8331840000,250.0000000000,0
1088,99,1,99,87,99,99,0,99,99,0.0397558312,6.6393012546,833.1869477599,1.0000000000,0.8331840000,250.0000000000,0
1089,99,1,99,88,99,99,0,99,99,0.0397274475,6.5995738071,833.1868952761,1.0000000000,0.8331840000,250.0000000000,0
1090,99,1,99,89,99,99,0,99,99,0.0397395356,6.5598342715,833.1869200314,1.0000000000,0.8331840000,250.0000000000,0
1091,99,1,99,90,99,99,0,99,99,0.0397415823,6.5200926891,833.1869238054,1.0000000000,0.8331840000,250.0000000000,0
1092,99,1,99,91,99,99,0,99,99,0.0397040128,6.4803886763,833.1868135010,1.0000000000,0.8331840000,250.0000000000,0
1093,99,1,99,92,99,99,0,99,99,0.0397103704,6.4406783059,833.1868463002,1.0000000000,0.8331840000,250.0000000000,0
1094,99,1,99,93,99,99,0,99,99,0.0397581415,6.4009201643,833.1869513310,1.0000000000,0.8331840000,250.0000000000,0
1095,99,1,99,94,99,99,0,99,99,0.0397401020,6.3611800624,833.1869210858,1.0000000000,0.8331840000,250.0000000000,0
1096,99,1,99,95,99,99,0,99,99,0.0397385288,6.3214415336,833.1869181374,1.0000000000,0.8331840000,250.0000000000,0
1097,99,1,99,96,99,99,0,99,99,0.0397548412,6.2816866924,833.1869462064,1.0000000000,0.8331840000,250.0000000000,0
1098,99,1,99,97,99,99,0,99,99,0.0397426773,6.2419440151,833.1869257847,1.0000000000,0.8331840000,250.0000000000,0
1099,99,1,99,98,99,99,0,99,99,0.0397577492,6.2021862659,833.1869507298,1.0000000000,0.8331840000,250.0000000000,0
1100,98,2,99,99,99,91,8,97,97,0.0391675448,6.1630187211,816.3545461321,0.9191919192,0.8163520000,234.5360824742,1
1101,98,2,98,0,98,98,0,98,98,0.0395319799,6.1234867412,824.7709666417,1.0000000000,0.8247680000,250.0000000000,0
1102,98,2,98,1,98,98,0,98,98,0.0395382464,6.0839484948,824.7709756552,1.0000000000,0.8247680000,250.0000000000,0
1103,98,2,98,2,98,98,0,98,98,0.0395152846,6.0444332102,824.7709400494,1.0000000000,0.8247680000,250.0000000000,0
1104,98,2,98,3,98,98,0,98,98,0.0395093420,6.0049238681,824.7709293858,1.0000000000,0.8247680000,250.0000000000,0
1105,98,2,98,4,98,98,0,98,98,0.0394996501,5.9654242181,824.7709100177,1.0000000000,0.8247680000,250.0000000000,0
1106,98,2,98,5,98,98,0,98,98,0.0395507609,5.9258734571,824.7709924722,1.0000000000,0.8247680000,250.0000000000,0
1107,98,2,98,6,98,98,0,98,98,0.0394825624,5.8863908947,824.7708648322,1.0000000000,0.8247680000,250.0000000000,0
1108,98,2,98,7,98,98,0,98,98,0.0394945248,5.8468963699,824.7708984156,1.0000000000,0.8247680000,250.0000000000,0
1109,98,2,98,8,98,98,0,98,98,0.0395069392,5.8073894307,824.7709248391,1.0000000000,0.8247680000,250.0000000000,0
1110,98,2,98,9,98,98,0,98,98,0.0395380832,5.7678513475,824.7709754259,1.0000000000,0.8247680000,250.0000000000,0
1111,98,2,98,10,98,98,0,98,98,0.0395300408,5.7283213067,824.7709637594,1.0000000000,0.8247680000,250.0000000000,0
1112,98,2,98,11,98,98,0,98,98,0.0394828202,5.6888384865,824.7708657081,1.0000000000,0.8247680000,250.0000000000,0
1113,98,2,98,12,98,98,0,98,98,0.0395234566,5.6493150299,824.7709535988,1.0000000000,0.8247680000,250.0000000000,0
1114,98,2,98,13,98,98,0,98,98,0.0394900392,5.6098249907,824.7708871589,1.0000000000,0.8247680000,250.0000000000,0
1115,98,2,98,14,98,98,0,98,98,0.0394771375,5.5703478532,824.7708432885,1.0000000000,0.8247680000,250.0000000000,0
1116,98,2,98,15,98,98,0,98,98,0.0394978539,5.5308499993,824.7709060811,1.0000000000,0.8247680000,250.0000000000,0
1117,98,2,98,16,98,98,0,98,98,0.0395266317,5.4913233675,824.7709585740,1.0000000000,0.8247680000,250.0000000000,0
1118,98,2,98,17,98,98,0,98,98,0.0395297969,5.4517935706,824.7709633934,1.0000000000,0.8247680000,250.0000000000,0
1119,98,2,98,18,98,98,0,98,98,0.0395238413,5.4122697294,824.7709542095,1.0000000000,0.8247680000,250.0000000000,0
1120,98,2,98,19,98,98,0,98,98,0.0395249424,5.3727447870,824.7709559452,1.0000000000,0.8247680000,250.0000000000,0
1121,98,2,98,20,98,98,0,98,98,0.0394888165,5.3332559705,824.7708838625,1.0000000000,0.8247680000,250.0000000000,0
1122,98,2,98,21,98,98,0,98,98,0.0394796584,5.2937763121,824.7708541721,1.0000000000,0.8247680000,250.0000000000,0
1123,98,2,98,22,98,98,0,98,98,0.0394768165,5.2542994956,824.7708417457,1.0000000000,0.8247680000,250.0000000000,0
1124,98,2,98,23,98,98,0,98,98,0.0394861005,5.2148133951,824.7708761021,1.0000000000,0.8247680000,250.0000000000,0
1125,98,2,98,24,98,98,0,98,98,0.0395150659,5.1752983292,824.7709396701,1.0000000000,0.8247680000,250.0000000000,0
1126,98,2,98,25,98,98,0,98,98,0.0395427564,5.1357555728,824.7709818835,1.0000000000,0.8247680000,250.0000000000,0
1127,98,2,98,26,98,98,0,98,98,0.0394826487,5.0962729242,824.7708651265,1.0000000000,0.8247680000,250.0000000000,0
1128,98,2,98,27,98,98,0,98,98,0.0395233627,5.0567495615,824.7709534494,1.0000000000,0.8247680000,250.0000000000,0
1129,98,2,98,28,98,98,0,98,98,0.0394864181,5.0172631434,824.7708770443,1.0000000000,0.8247680000,250.0000000000,0
1130,98,2,98,29,98,98,0,98,98,0.0395209560,4.9777421874,824.7709495731,1.0000000000,0.8247680000,250.0000000000,0
1131,98,2,98,30,98,98,0,98,98,0.0394893847,4.9382528026,824.7708854082,1.0000000000,0.8247680000,250.0000000000,0
1132,98,2,98,31,98,98,0,98,98,0.0395302165,4.8987225861,824.7709640225,1.0000000000,0.8247680000,250.0000000000,0
1133,98,2,98,32,98,98,0,98,98,0.0395164942,4.8592060919,824.7709421300,1.0000000000,0.8247680000,250.0000000000,0
1134,98,2,98,33,98,98,0,98,98,0.0395279367,4.8196781552,824.7709605772,1.0000000000,0.8247680000,250.0000000000,0
1135,98,2,98,34,98,98,0,98,98,0.0395527141,4.7801254410,824.7709949739,1.0000000000,0.8247680000,250.0000000000,0
1136,98,2,98,35,98,98,0,98,98,0.0394784772,4.7406469638,824.7708493118,1.0000000000,0.8247680000,250.0000000000,0
1137,98,2,98,36,98,98,0,98,98,0.0394922485,4.7011547153,824.7708928537,1.0000000000,0.8247680000,250.0000000000,0
1138,98,2,98,37,98,98,0,98,98,0.0395413219,4.6616133934,824.7709799243,1.0000000000,0.8247680000,250.0000000000,0
1139,98,2,98,38,98,98,0,98,98,0.0394985798,4.6221148136,824.7709076876,1.0000000000,0.8247680000,250.0000000000,0
1140,98,2,98,39,98,98,0,98,98,0.0394851629,4.5826296507,824.7708732600,1.0000000000,0.8247680000,250.0000000000,0
1141,98,2,98,40,98,98,0,98,98,0.0394805874,4.5431490633,824.7708577587,1.0000000000,0.8247680000,250.0000000000,0
1142,98,2,98,41,98,98,0,98,98,0.0394790847,4.5036699786,824.7708518574,1.0000000000,0.8247680000,250.0000000000,0
1143,98,2,98,42,98,98,0,98,98,0.0395502270,4.4641197515,824.7709917830,1.0000000000,0.8247680000,250.0000000000,0
1144,98,2,98,43,98,98,0,98,98,0.0395258855,4.4245938660,824.7709574178,1.0000000000,0.8247680000,250.0000000000,0
1145,98,2,98,44,98,98,0,98,98,0.0395270059,4.3850668601,824.7709591508,1.0000000000,0.8247680000,250.0000000000,0
1146,98,2,98,45,98,98,0,98,98,0.0395035815,4.3455632786,824.7709182207,1.0000000000,0.8247680000,250.0000000000,0
1147,98,2,98,46,98,98,0,98,98,0.0395130826,4.3060501960,824.7709361872,1.0000000000,0.8247680000,250.0000000000,0
1148,98,2,98,47,98,98,0,98,98,0.0395041249,4.2665460711,824.7709193143,1.0000000000,0.8247680000,250.0000000000,0
1149,98,2,98,48,98,98,0,98,98,0.0394831816,4.2270628896,824.7708669200,1.0000000000,0.8247680000,250.0000000000,0
1150,98,2,98,49,98,98,0,98,98,0.0395194649,4.1875434247,824.7709471243,1.0000000000,0.8247680000,250.0000000000,0
1151,98,2,98,50,98,98,0,98,98,0.0395167908,4.1480266339,824.7709426358,1.0000000000,0.8247680000,250.0000000000,0
1152,98,2,98,51,98,98,0,98,98,0.0394834557,4.1085431782,824.7708678269,1.0000000000,0.8247680000,250.0000000000,0
1153,98,2,98,52,98,98,0,98,98,0.0394891820,4.0690539963,824.7708848595,1.0000000000,0.8247680000,250.0000000000,0
1154,98,2,98,53,98,98,0,98,98,0.0395466386,4.0295073577,824.7709870892,1.0000000000,0.8247680000,250.0000000000,0
1155,98,2,98,54,98,98,0,98,98,0.0394973031,3.9900100545,824.7709048475,1.0000000000,0.8247680000,250.0000000000,0
1156,98,2,98,55,98,98,0,98,98,0.0395356986,3.9504743559,824.7709720437,1.0000000000,0.8247680000,250.0000000000,0
1157,98,2,98,56,98,98,0,98,98,0.0394729268,3.9110014291,824.7708172493,1.0000000000,0.8247680000,250.0000000000,0
1158,98,2,98,57,98,98,0,98,98,0.0395139454,3.8714874837,824.7709377125,1.0000000000,0.8247680000,250.0000000000,0
1159,98,2,98,58,98,98,0,98,98,0.0395074258,3.8319800578,824.7709257720,1.0000000000,0.8247680000,250.0000000000,0
1160,98,2,98,59,98,98,0,98,98,0.0395237044,3.7924563534,824.7709539925,1.0000000000,0.8247680000,250.0000000000,0
1161,98,2,98,60,98,98,0,98,98,0.0395312950,3.7529250584,824.7709656290,1.0000000000,0.8247680000,250.0000000000,0
1162,98,2,98,61,98,98,0,98,98,0.0394761969,3.7134488615,824.7708386367,1.0000000000,0.8247680000,250.0000000000,0
1163,98,2,98,62,98,98,0,98,98,0.0394813294,3.6739675321,824.7708604967,1.0000000000,0.8247680000,250.0000000000,0
1164,97,3,98,63,98,35,63,96,96,0.0391854874,3.6347820447,807.9387627473,0.3571428571,0.8079360000,91.1458333333,1
1165,97,3,97,64,97,97,0,97,97,0.0392355030,3.5955465417,816.3548278673,1.0000000000,0.8163520000,250.0000000000,0
1166,97,3,97,65,97,97,0,97,97,0.0392772158,3.5562693259,816.3549294877,1.0000000000,0.8163520000,250.0000000000,0
1167,97,3,97,66,97,97,0,97,97,0.0392295095,3.5170398164,816.3547825316,1.0000000000,0.8163520000,250.0000000000,0
1168,97,3,97,67,97,97,0,97,97,0.0392925712,3.4777472452,816.3549531919,1.0000000000,0.8163520000,250.0000000000,0
1169,97,3,97,68,97,97,0,97,97,0.0392341847,3.4385130605,816.3548214657,1.0000000000,0.8163520000,250.0000000000,0
1170,97,3,97,69,97,97,0,97,97,0.0392923898,3.3992206708,816.3549529298,1.0000000000,0.8163520000,250.0000000000,0
1171,97,3,97,70,97,97,0,97,97,0.0392967088,3.3599239620,816.3549590707,1.0000000000,0.8163520000,250.0000000000,0
1172,97,3,97,71,97,97,0,97,97,0.0392909756,3.3206329864,816.3549508737,1.0000000000,0.8163520000,250.0000000000,0
1173,97,3,97,72,97,97,0,97,97,0.0393003414,3.2813326451,816.3549640852,1.0000000000,0.8163520000,250.0000000000,0
1174,97,3,97,75,97,97,0,97,97,0.0392965156,3.2420361295,816.3549588004,1.0000000000,0.8163520000,250.0000000000,0
1175,97,3,97,75,97,97,0,97,97,0.0392965156,3.2027396139,816.3549588004,1.0000000000,0.8163520000,250.0000000000,0
1176,96,4,97,75,97,0,97,94,94,0.0357950764,3.1669445375,0.0000000000,0.0000000000,0.7911040000,0.0000000000,1
1177,96,4,96,76,96,96,0,96,96,0.0389089789,3.1280355586,807.9387494560,1.0000000000,0.8079360000,250.0000000000,0
1178,96,4,96,77,96,96,0,96,96,0.0389328899,3.0891026688,807.9388015216,1.0000000000,0.8079360000,250.0000000000,0
1179,96,4,96,78,96,96,0,96,96,0.0389524287,3.0501502400,807.9388331516,1.0000000000,0.8079360000,250.0000000000,0
1180,96,4,96,79,96,96,0,96,96,0.0389004767,3.0112497633,807.9387218931,1.0000000000,0.8079360000,250.0000000000,0
1181,96,4,96,80,96,96,0,96,96,0.0389317062,2.9723180571,807.9387993842,1.0000000000,0.8079360000,250.0000000000,0
1182,96,4,96,81,96,96,0,96,96,0.0389197718,2.9333982854,807.9387757514,1.0000000000,0.8079360000,250.0000000000,0
1183,95,5,96,82,96,0,96,93,93,0.0243508118,2.9090474736,0.0000000000,0.0000000000,0.7826880000,0.0000000000,1
1184,95,5,95,83,95,95,0,95,95,0.0386531961,2.8703942775,799.5226814277,1.0000000000,0.7995200000,250.0000000000,0
1185,95,5,95,84,95,95,0,95,95,0.0386729232,2.8317213542,799.5227485029,1.0000000000,0.7995200000,250.0000000000,0
1186,95,5,95,85,95,95,0,95,95,0.0387030720,2.7930182822,799.5228054915,1.0000000000,0.7995200000,250.0000000000,0
1187,95,5,95,86,95,95,0,95,95,0.0387100469,2.7543082353,799.5228161070,1.0000000000,0.7995200000,250.0000000000,0
1188,95,5,95,87,95,95,0,95,95,0.0387036194,2.7156046160,799.5228063487,1.0000000000,0.7995200000,250.0000000000,0
1189,95,5,95,88,95,95,0,95,95,0.0386752357,2.6769293803,799.5227538649,1.0000000000,0.7995200000,250.0000000000,0
1190,95,5,95,89,95,95,0,95,95,0.0386873238,2.6382420565,799.5227786202,1.0000000000,0.7995200000,250.0000000000,0
1191,95,5,95,90,95,95,0,95,95,0.0386893705,2.5995526860,799.5227823942,1.0000000000,0.7995200000,250.0000000000,0
1192,95,5,95,91,95,95,0,95,95,0.0386518010,2.5609008850,799.5226720898,1.0000000000,0.7995200000,250.0000000000,0
1193,95,5,95,92,95,95,0,95,95,0.0386581586,2.5222427264,799.5227048891,1.0000000000,0.7995200000,250.0000000000,0
1194,95,5,95,93,95,95,0,95,95,0.0387059297,2.4835367967,799.5228099198,1.0000000000,0.7995200000,250.0000000000,0
1195,95,5,95,95,95,95,0,95,95,0.0386863169,2.4448504798,799.5227767262,1.0000000000,0.7995200000,250.0000000000,0
1196,95,5,95,95,95,95,0,95,95,0.0386863169,2.4061641629,799.5227767262,1.0000000000,0.7995200000,250.0000000000,0
1197,95,5,95,96,95,95,0,95,95,0.0387026294,2.3674615335,799.5228047952,1.0000000000,0.7995200000,250.0000000000,0
1198,95,5,95,97,95,95,0,95,95,0.0386904655,2.3287710680,799.5227843735,1.0000000000,0.7995200000,250.0000000000,0
1199,95,5,95,98,95,95,0,95,95,0.0387055374,2.2900655306,799.5228093186,1.0000000000,0.7995200000,250.0000000000,0
1200,95,5,95,99,95,95,0,95,95,0.0386726965,2.2513928342,799.5227479631,1.0000000000,0.7995200000,250.0000000000,0
1201,95,5,95,0,95,95,0,95,95,0.0387102311,2.2126826030,799.5228163789,1.0000000000,0.7995200000,250.0000000000,0
1202,95,5,95,1,95,95,0,95,95,0.0387164977,2.1739661054,799.5228253924,1.0000000000,0.7995200000,250.0000000000,0
1203,95,5,95,2,95,95,0,95,95,0.0386935359,2.1352725695,799.5227897866,1.0000000000,0.7995200000,250.0000000000,0
1204,94,6,95,3,95,89,6,94,94,0.0384832821,2.0967892874,791.1067586923,0.9368421053,0.7911040000,236.7021276596,1
1205,94,6,94,4,94,94,0,94,94,0.0384363130,2.0583529744,791.1067501204,1.0000000000,0.7911040000,250.0000000000,0
1206,94,6,94,5,94,94,0,94,94,0.0384874238,2.0198655506,791.1068325749,1.0000000000,0.7911040000,250.0000000000,0
1207,94,6,94,6,94,94,0,94,94,0.0384192253,1.9814463253,791.1067049349,1.0000000000,0.7911040000,250.0000000000,0
1208,94,6,94,7,94,94,0,94,94,0.0384311876,1.9430151377,791.1067385184,1.0000000000,0.7911040000,250.0000000000,0
1209,93,7,94,8,94,0,94,91,91,0.0352441901,1.9077709476,0.0000000000,0.0000000000,0.7658560000,0.0000000000,1
1210,93,7,93,9,93,93,0,93,93,0.0382361599,1.8695347877,782.6908026802,1.0000000000,0.7826880000,250.0000000000,0
1211,93,7,93,10,93,93,0,93,93,0.0382281175,1.8313066702,782.6907910136,1.0000000000,0.7826880000,250.0000000000,0
1212,93,7,93,11,93,93,0,93,93,0.0381808968,1.7931257733,782.6906929624,1.0000000000,0.7826880000,250.0000000000,0
1213,93,7,93,12,93,93,0,93,93,0.0382215333,1.7549042401,782.6907808531,1.0000000000,0.7826880000,250.0000000000,0
1214,93,7,93,13,93,93,0,93,93,0.0381881159,1.7167161241,782.6907144132,1.0000000000,0.7826880000,250.0000000000,0
1215,93,7,93,14,93,93,0,93,93,0.0381752142,1.6785409100,782.6906705427,1.0000000000,0.7826880000,250.0000000000,0
1216,93,7,93,15,93,93,0,93,93,0.0381959306,1.6403449794,782.6907333354,1.0000000000,0.7826880000,250.0000000000,0
1217,93,7,93,16,93,93,0,93,93,0.0382247084,1.6021202709,782.6907858283,1.0000000000,0.7826880000,250.0000000000,0
1218,93,7,93,17,93,93,0,93,93,0.0382278736,1.5638923974,782.6907906477,1.0000000000,0.7826880000,250.0000000000,0
1219,93,7,93,18,93,93,0,93,93,0.0382219179,1.5256704794,782.6907814637,1.0000000000,0.7826880000,250.0000000000,0
1220,93,7,93,19,93,93,0,93,93,0.0382230191,1.4874474603,782.6907831995,1.0000000000,0.7826880000,250.0000000000,0
1221,92,8,93,20,93,65,28,92,92,0.0379992087,1.4494482516,774.2746738861,0.6989247312,0.7742720000,176.6304347826,1
1222,91,9,92,21,92,32,60,91,91,0.0377051415,1.4117431102,765.8585544264,0.3478260870,0.7658560000,87.9120879121,1
1223,88,12,91,22,91,58,33,85,85,0.0366921313,1.3750509789,715.3623418613,0.6373626374,0.7153600000,170.5882352941,1
1224,87,13,88,23,88,77,11,87,87,0.0366423111,1.3384086678,732.1945811333,0.8750000000,0.7321920000,221.2643678161,1
1225,86,14,87,24,87,0,87,84,84,0.0313016588,1.3071070090,0.0000000000,0.0000000000,0.7069440000,0.0000000000,1
1226,84,16,86,25,86,24,62,84,84,0.0360699048,1.2710371041,706.9466264738,0.2790697674,0.7069440000,71.4285714286,1
1227,81,19,84,26,84,39,45,79,79,0.0352339343,1.2358031698,664.8663819032,0.4642857143,0.6648640000,123.4177215190,1
1228,78,22,81,27,81,0,81,75,75,0.0289050654,1.2068981044,0.0000000000,0.0000000000,0.6312000000,0.0000000000,1
1229,70,30,78,28,78,0,78,67,67,0.0317905059,1.1751075985,0.0000000000,0.0000000000,0.5638720000,0.0000000000,1
1230,64,36,70,29,70,0,70,60,60,0.0245347047,1.1505728938,0.0000000000,0.0000000000,0.5049600000,0.0000000000,1
1231,62,38,64,30,64,0,64,59,59,0.0300235164,1.1205493774,0.0000000000,0.0000000000,0.4965440000,0.0000000000,1
1232,61,39,62,31,62,0,62,59,59,0.0300985475,1.0904508300,0.0000000000,0.0000000000,0.4965440000,0.0000000000,1
1233,60,40,61,32,61,0,61,58,58,0.0259276071,1.0645232229,0.0000000000,0.0000000000,0.4881280000,0.0000000000,1
1234,59,41,60,33,60,0,60,57,57,0.0261742945,1.0383489284,0.0000000000,0.0000000000,0.4797120000,0.0000000000,1
1235,59,41,59,34,59,59,0,59,59,0.0299514199,1.0083975085,496.5464541963,1.0000000000,0.4965440000,250.0000000000,0
1236,58,42,59,35,59,0,59,56,56,0.0278493306,0.9805481779,0.0000000000,0.0000000000,0.4712960000,0.0000000000,1
1237,57,43,58,36,58,0,58,55,55,0.0273867563,0.9531614216,0.0000000000,0.0000000000,0.4628800000,0.0000000000,1
1238,56,44,57,37,57,0,57,54,54,0.0257541313,0.9274072903,0.0000000000,0.0000000000,0.4544640000,0.0000000000,1
1239,55,45,56,38,56,0,56,53,53,0.0271074141,0.9002998762,0.0000000000,0.0000000000,0.4460480000,0.0000000000,1
1240,54,46,55,39,55,0,55,52,52,0.0140233999,0.8862764762,0.0000000000,0.0000000000,0.4376320000,0.0000000000,1
1241,53,47,54,40,54,0,54,51,51,0.0255576672,0.8607188090,0.0000000000,0.0000000000,0.4292160000,0.0000000000,1
1242,52,48,53,41,53,0,53,50,50,0.0257864742,0.8349323349,0.0000000000,0.0000000000,0.4208000000,0.0000000000,1
1243,52,48,52,42,52,52,0,52,52,0.0283724621,0.8065598727,437.6345059980,1.0000000000,0.4376320000,250.0000000000,0
1244,51,49,52,43,52,0,52,49,49,0.0240251791,0.7825346937,0.0000000000,0.0000000000,0.4123840000,0.0000000000,1
1245,50,50,51,44,51,0,51,48,48,0.0228049504,0.7597297433,0.0000000000,0.0000000000,0.4039680000,0.0000000000,1
1246,48,52,50,45,50,0,50,45,45,0.0190994487,0.7406302946,0.0000000000,0.0000000000,0.3787200000,0.0000000000,1
1247,47,53,48,47,48,0,48,45,45,0.0207829479,0.7198473466,0.0000000000,0.0000000000,0.3787200000,0.0000000000,1
1248,46,54,47,48,47,0,47,44,44,0.0216686567,0.6981786900,0.0000000000,0.0000000000,0.3703040000,0.0000000000,1
1249,45,55,46,49,46,0,46,43,43,0.0161062305,0.6820724595,0.0000000000,0.0000000000,0.3618880000,0.0000000000,1
1250,44,56,45,50,45,0,45,42,42,0.0210041010,0.6610683585,0.0000000000,0.0000000000,0.3534720000,0.0000000000,1
1251,43,57,44,51,44,0,44,41,41,0.0190898218,0.6419785366,0.0000000000,0.0000000000,0.3450560000,0.0000000000,1
1252,42,58,43,52,43,0,43,40,40,0.0186476006,0.6233309361,0.0000000000,0.0000000000,0.3366400000,0.0000000000,1
1253,41,59,42,53,42,0,42,39,39,0.0188424827,0.6044884534,0.0000000000,0.0000000000,0.3282240000,0.0000000000,1
1254,40,60,41,54,41,0,41,38,38,0.0177048009,0.5867836525,0.0000000000,0.0000000000,0.3198080000,0.0000000000,1
1255,39,61,40,55,40,0,40,37,37,0.0189009989,0.5678826535,0.0000000000,0.0000000000,0.3113920000,0.0000000000,1
1256,38,62,39,56,39,0,39,36,36,0.0162665047,0.5516161488,0.0000000000,0.0000000000,0.3029760000,0.0000000000,1
1257,37,63,38,57,38,0,38,35,35,0.0164258117,0.5351903372,0.0000000000,0.0000000000,0.2945600000,0.0000000000,1
1258,36,64,37,58,37,0,37,34,34,0.0133570033,0.5218333339,0.0000000000,0.0000000000,0.2861440000,0.0000000000,1
1259,35,65,36,59,36,0,36,33,33,0.0127811744,0.5090521595,0.0000000000,0.0000000000,0.2777280000,0.0000000000,1
1260,34,66,35,60,35,0,35,32,32,0.0162777514,0.4927744081,0.0000000000,0.0000000000,0.2693120000,0.0000000000,1
1261,31,69,34,61,34,0,34,29,29,0.0139799830,0.4787944251,0.0000000000,0.0000000000,0.2440640000,0.0000000000,1
1262,30,70,31,62,31,0,31,28,28,0.0138516577,0.4649427674,0.0000000000,0.0000000000,0.2356480000,0.0000000000,1
1263,29,71,30,63,30,0,30,27,27,0.0143319407,0.4506108267,0.0000000000,0.0000000000,0.2272320000,0.0000000000,1
1264,27,73,29,64,29,0,29,24,24,0.0139927732,0.4366180535,0.0000000000,0.0000000000,0.2019840000,0.0000000000,1
1265,26,74,27,65,27,0,27,24,24,0.0127595988,0.4238584546,0.0000000000,0.0000000000,0.2019840000,0.0000000000,1
1266,25,75,26,66,26,0,26,23,23,0.0121121202,0.4117463344,0.0000000000,0.0000000000,0.1935680000,0.0000000000,1
1267,24,76,25,67,25,0,25,22,22,0.0087540168,0.4029923176,0.0000000000,0.0000000000,0.1851520000,0.0000000000,1
1268,23,77,24,68,24,0,24,21,21,0.0119815537,0.3910107639,0.0000000000,0.0000000000,0.1767360000,0.0000000000,1
1269,22,78,23,69,23,0,23,20,20,0.0100464086,0.3809643553,0.0000000000,0.0000000000,0.1683200000,0.0000000000,1
1270,20,80,22,70,22,0,22,18,18,0.0100476290,0.3709167263,0.0000000000,0.0000000000,0.1514880000,0.0000000000,1
1271,19,81,20,72,20,0,20,17,17,0.0076947890,0.3632219372,0.0000000000,0.0000000000,0.1430720000,0.0000000000,1
1272,18,82,19,76,19,0,19,16,16,0.0092049451,0.3540169921,0.0000000000,0.0000000000,0.1346560000,0.0000000000,1
1273,17,83,18,78,18,0,18,15,15,0.0094321720,0.3445848201,0.0000000000,0.0000000000,0.1262400000,0.0000000000,1
1274,16,84,17,79,17,0,17,14,14,0.0085558521,0.3360289680,0.0000000000,0.0000000000,0.1178240000,0.0000000000,1
1275,15,85,16,80,16,0,16,13,13,0.0058119900,0.3302169780,0.0000000000,0.0000000000,0.1094080000,0.0000000000,1
1276,14,86,15,81,15,0,15,12,12,0.0065017161,0.3237152619,0.0000000000,0.0000000000,0.1009920000,0.0000000000,1
1277,13,87,14,83,14,0,14,11,11,0.0044643515,0.3192509104,0.0000000000,0.0000000000,0.0925760000,0.0000000000,1
1278,12,88,13,84,13,0,13,10,10,0.0043404259,0.3149104845,0.0000000000,0.0000000000,0.0841600000,0.0000000000,1
1279,10,90,12,85,12,0,12,8,8,0.0061279674,0.3087825171,0.0000000000,0.0000000000,0.0673280000,0.0000000000,1
1280,8,92,10,86,10,0,10,6,6,0.0037146295,0.3050678876,0.0000000000,0.0000000000,0.0504960000,0.0000000000,1
1281,7,93,8,89,8,0,8,5,5,0.0031262973,0.3019415903,0.0000000000,0.0000000000,0.0420800000,0.0000000000,1
1282,6,94,7,91,7,0,7,4,4,0.0038581294,0.2980834609,0.0000000000,0.0000000000,0.0336640000,0.0000000000,1
1283,5,95,6,92,6,0,6,3,3,0.0010280674,0.2970553934,0.0000000000,0.0000000000,0.0252480000,0.0000000000,1
1284,4,96,5,93,5,0,5,2,2,0.0026377905,0.2944176029,0.0000000000,0.0000000000,0.0168320000,0.0000000000,1
1285,3,97,4,96,4,0,4,1,1,0.0010622839,0.2933553190,0.0000000000,0.0000000000,0.0084160000,0.0000000000,1
1286,2,98,3,97,3,0,3,0,0,0.0006450971,0.2927102219,0.0000000000,0.0000000000,0.0000000000,0.0000000000,1
1287,2,98,2,34,2,2,0,2,2,0.0164751112,0.2762351107,16.8326190186,1.0000000000,0.0168320000,250.0000000000,0
1288,2,98,2,34,2,2,0,2,2,0.0164751112,0.2597599995,16.8326190186,1.0000000000,0.0168320000,250.0000000000,0
1289,2,98,2,34,2,2,0,2,2,0.0164751112,0.2432848883,16.8326190186,1.0000000000,0.0168320000,250.0000000000,0
1290,2,98,2,34,2,2,0,2,2,0.0164751112,0.2268097771,16.8326190186,1.0000000000,0.0168320000,250.0000000000,0
1291,2,98,2,34,2,2,0,2,2,0.0164751112,0.2103346659,16.8326190186,1.0000000000,0.0168320000,250.0000000000,0
1292,2,98,2,34,2,2,0,2,2,0.0164751112,0.1938595548,16.8326190186,1.0000000000,0.0168320000,250.0000000000,0
1293,2,98,2,34,2,2,0,2,2,0.0164751112,0.1773844436,16.8326190186,1.0000000000,0.0168320000,250.0000000000,0
1294,2,98,2,34,2,2,0,2,2,0.0164751112,0.1609093324,16.8326190186,1.0000000000,0.0168320000,250.0000000000,0
1295,2,98,2,34,2,2,0,2,2,0.0164751112,0.1444342212,16.8326190186,1.0000000000,0.0168320000,250.0000000000,0
1296,1,99,2,34,2,0,2,0,0,0.0059439634,0.1384902578,0.0000000000,0.0000000000,0.0000000000,0.0000000000,1
1297,1,99,1,-1,1,1,0,1,1,0.0001946881,0.1382955697,8.4162042123,1.0000000000,0.0084160000,250.0000000000,0
1298,1,99,1,-1,1,1,0,1,1,0.0001946881,0.1381008816,8.4162042123,1.0000000000,0.0084160000,250.0000000000,0
1299,1,99,1,-1,1,1,0,1,1,0.0001946881,0.1379061934,8.4162042123,1.0000000000,0.0084160000,250.0000000000,0
1300,1,99,1,-1,1,1,0,1,1,0.0001946881,0.1377115053,8.4162042123,1.0000000000,0.0084160000,250.0000000000,0
1301,1,99,1,-1,1,1,0,1,1,0.0001946881,0.1375168171,8.4162042123,1.0000000000,0.0084160000,250.0000000000,0
1302,1,99,1,-1,1,1,0,1,1,0.0001946881,0.1373221290,8.4162042123,1.0000000000,0.0084160000,250.0000000000,0
1303,1,99,1,-1,1,1,0,1,1,0.0001946881,0.1371274409,8.4162042123,1.0000000000,0.0084160000,250.0000000000,0
1304,1,99,1,-1,1,1,0,1,1,0.0001946881,0.1369327527,8.4162042123,1.0000000000,0.0084160000,250.0000000000,0
1305,1,99,1,-1,1,1,0,1,1,0.0001946881,0.1367380646,8.4162042123,1.0000000000,0.0084160000,250.0000000000,0
1306,1,99,1,-1,1,1,0,1,1,0.0001946881,0.1365433764,8.4162042123,1.0000000000,0.0084160000,250.0000000000,0
1307,1,99,1,-1,1,1,0,1,1,0.0001946881,0.1363486883,8.4162042123,1.0000000000,0.0084160000,250.0000000000,0
1308,1,99,1,-1,1,1,0,1,1,0.0001946881,0.1361540002,8.4162042123,1.0000000000,0.0084160000,250.0000000000,0
1309,1,99,1,-1,1,1,0,1,1,0.0001946881,0.1359593120,8.4162042123,1.0000000000,0.0084160000,250.0000000000,0
1310,1,99,1,-1,1,1,0,1,1,0.0001946881,0.1357646239,8.4162042123,1.0000000000,0.0084160000,250.0000000000,0
1311,1,99,1,-1,1,1,0,1,1,0.0001946881,0.1355699357,8.4162042123,1.0000000000,0.0084160000,250.0000000000,0
1312,1,99,1,-1,1,1,0,1,1,0.0001946881,0.1353752476,8.4162042123,1.0000000000,0.0084160000,250.0000000000,0
1313,1,99,1,-1,1,1,0,1,1,0.0001946881,0.1351805595,8.4162042123,1.0000000000,0.0084160000,250.0000000000,0
1314,1,99,1,-1,1,1,0,1,1,0.0001946881,0.1349858713,8.4162042123,1.0000000000,0.0084160000,250.0000000000,0
1315,1,99,1,-1,1,1,0,1,1,0.0001946881,0.1347911832,8.4162042123,1.0000000000,0.0084160000,250.0000000000,0
1316,1,99,1,-1,1,1,0,1,1,0.0001946881,0.1345964950,8.4162042123,1.0000000000,0.0084160000,250.0000000000,0
1317,1,99,1,-1,1,1,0,1,1,0.0001946881,0.1344018069,8.4162042123,1.0000000000,0.0084160000,250.0000000000,0
1318,1,99,1,-1,1,1,0,1,1,0.0001946881,0.1342071188,8.4162042123,1.0000000000,0.0084160000,250.0000000000,0
1319,1,99,1,-1,1,1,0,1,1,0.0001946881,0.1340124306,8.4162042123,1.0000000000,0.0084160000,250.0000000000,0
1320,1,99,1,-1,1,1,0,1,1,0.0001946881,0.1338177425,8.4162042123,1.0000000000,0.0084160000,250.0000000000,0
1321,1,99,1,-1,1,1,0,1,1,0.0001946881,0.1336230543,8.4162042123,1.0000000000,0.0084160000,250.0000000000,0
1322,1,99,1,-1,1,1,0,1,1,0.0001946881,0.1334283662,8.4162042123,1.0000000000,0.0084160000,250.0000000000,0
1323,1,99,1,-1,1,1,0,1,1,0.0001946881,0.1332336781,8.4162042123,1.0000000000,0.0084160000,250.0000000000,0
1324,1,99,1,-1,1,1,0,1,1,0.0001946881,0.1330389899,8.4162042123,1.0000000000,0.0084160000,250.0000000000,0
1325,1,99,1,-1,1,1,0,1,1,0.0001946881,0.1328443018,8.4162042123,1.0000000000,0.0084160000,250.0000000000,0
1326,1,99,1,-1,1,1,0,1,1,0.0001946881,0.1326496136,8.4162042123,1.0000000000,0.0084160000,250.0000000000,0
1327,1,99,1,-1,1,1,0,1,1,0.0001946881,0.1324549255,8.4162042123,1.0000000000,0.0084160000,250.0000000000,0
1328,1,99,1,-1,1,1,0,1,1,0.0001946881,0.1322602374,8.4162042123,1.0000000000,0.0084160000,250.0000000000,0
1329,1,99,1,-1,1,1,0,1,1,0.0001946881,0.1320655492,8.4162042123,1.0000000000,0.0084160000,250.0000000000,0
1330,1,99,1,-1,1,1,0,1,1,0.0001946881,0.1318708611,8.4162042123,1.0000000000,0.0084160000,250.0000000000,0
1331,1,99,1,-1,1,1,0,1,1,0.0001946881,0.1316761729,8.4162042123,1.0000000000,0.0084160000,250.0000000000,0
1332,1,99,1,-1,1,1,0,1,1,0.0001946881,0.1314814848,8.4162042123,1.0000000000,0.0084160000,250.0000000000,0
1333,1,99,1,-1,1,1,0,1,1,0.0001946881,0.1312867966,8.4162042123,1.0000000000,0.0084160000,250.0000000000,0
1334,1,99,1,-1,1,1,0,1,1,0.0001946881,0.1310921085,8.4162042123,1.0000000000,0.0084160000,250.0000000000,0
1335,1,99,1,-1,1,1,0,1,1,0.0001946881,0.1308974204,8.4162042123,1.0000000000,0.0084160000,250.0000000000,0
1336,1,99,1,-1,1,1,0,1,1,0.0001946881,0.1307027322,8.4162042123,1.0000000000,0.0084160000,250.0000000000,0
1337,1,99,1,-1,1,1,0,1,1,0.0001946881,0.1305080441,8.4162042123,1.0000000000,0.0084160000,250.0000000000,0
1338,1,99,1,-1,1,1,0,1,1,0.0001946881,0.1303133559,8.4162042123,1.0000000000,0.0084160000,250.0000000000,0
1339,1,99,1,-1,1,1,0,1,1,0.0001946881,0.1301186678,8.4162042123,1.0000000000,0.0084160000,250.0000000000,0
1340,1,99,1,-1,1,1,0,1,1,0.0001946881,0.1299239797,8.4162042123,1.0000000000,0.0084160000,250.0000000000,0
1341,1,99,1,-1,1,1,0,1,1,0.0001946881,0.1297292915,8.4162042123,1.0000000000,0.0084160000,250.0000000000,0
1342,1,99,1,-1,1,1,0,1,1,0.0001946881,0.1295346034,8.4162042123,1.0000000000,0.0084160000,250.0000000000,0
1343,1,99,1,-1,1,1,0,1,1,0.0001946881,0.1293399152,8.4162042123,1.0000000000,0.0084160000,250.0000000000,0
1344,1,99,1,-1,1,1,0,1,1,0.0001946881,0.1291452271,8.4162042123,1.0000000000,0.0084160000,250.0000000000,0
1345,1,99,1,-1,1,1,0,1,1,0.0001946881,0.1289505390,8.4162042123,1.0000000000,0.0084160000,250.0000000000,0
1346,1,99,1,-1,1,1,0,1,1,0.0001946881,0.1287558508,8.4162042123,1.0000000000,0.0084160000,250.0000000000,0
1347,1,99,1,-1,1,1,0,1,1,0.0001946881,0.1285611627,8.4162042123,1.0000000000,0.0084160000,250.0000000000,0
1348,1,99,1,-1,1,1,0,1,1,0.0001946881,0.1283664745,8.4162042123,1.0000000000,0.0084160000,250.0000000000,0
1349,1,99,1,-1,1,1,0,1,1,0.0001946881,0.1281717864,8.4162042123,1.0000000000,0.0084160000,250.0000000000,0
1350,1,99,1,-1,1,1,0,1,1,0.0001946881,0.1279770983,8.4162042123,1.0000000000,0.0084160000,250.0000000000,0
1351,1,99,1,-1,1,1,0,1,1,0.0001946881,0.1277824101,8.4162042123,1.0000000000,0.0084160000,250.0000000000,0
1352,1,99,1,-1,1,1,0,1,1,0.0001946881,0.1275877220,8.4162042123,1.0000000000,0.0084160000,250.0000000000,0
1353,1,99,1,-1,1,1,0,1,1,0.0001946881,0.1273930338,8.4162042123,1.0000000000,0.0084160000,250.0000000000,0
1354,1,99,1,-1,1,1,0,1,1,0.0001946881,0.1271983457,8.4162042123,1.0000000000,0.0084160000,250.0000000000,0
1355,1,99,1,-1,1,1,0,1,1,0.0001946881,0.1270036576,8.4162042123,1.0000000000,0.0084160000,250.0000000000,0
1356,1,99,1,-1,1,1,0,1,1,0.0001946881,0.1268089694,8.4162042123,1.0000000000,0.0084160000,250.0000000000,0
1357,1,99,1,-1,1,1,0,1,1,0.0001946881,0.1266142813,8.4162042123,1.0000000000,0.0084160000,250.0000000000,0
1358,1,99,1,-1,1,1,0,1,1,0.0001946881,0.1264195931,8.4162042123,1.0000000000,0.0084160000,250.0000000000,0
1359,1,99,1,-1,1,1,0,1,1,0.0001946881,0.1262249050,8.4162042123,1.0000000000,0.0084160000,250.0000000000,0
1360,1,99,1,-1,1,1,0,1,1,0.0001946881,0.1260302169,8.4162042123,1.0000000000,0.0084160000,250.0000000000,0
1361,1,99,1,-1,1,1,0,1,1,0.0001946881,0.1258355287,8.4162042123,1.0000000000,0.0084160000,250.0000000000,0
1362,1,99,1,-1,1,1,0,1,1,0.0001946881,0.1256408406,8.4162042123,1.0000000000,0.0084160000,250.0000000000,0
1363,1,99,1,-1,1,1,0,1,1,0.0001946881,0.1254461524,8.4162042123,1.0000000000,0.0084160000,250.0000000000,0
1364,1,99,1,-1,1,1,0,1,1,0.0001946881,0.1252514643,8.4162042123,1.0000000000,0.0084160000,250.0000000000,0
1365,1,99,1,-1,1,1,0,1,1,0.0001946881,0.1250567762,8.4162042123,1.0000000000,0.0084160000,250.0000000000,0
1366,1,99,1,-1,1,1,0,1,1,0.0001946881,0.1248620880,8.4162042123,1.0000000000,0.0084160000,250.0000000000,0
1367,1,99,1,-1,1,1,0,1,1,0.0001946881,0.1246673999,8.4162042123,1.0000000000,0.0084160000,250.0000000000,0
1368,1,99,1,-1,1,1,0,1,1,0.0001946881,0.1244727117,8.4162042123,1.0000000000,0.0084160000,250.0000000000,0
1369,1,99,1,-1,1,1,0,1,1,0.0001946881,0.1242780236,8.4162042123,1.0000000000,0.0084160000,250.0000000000,0
1370,1,99,1,-1,1,1,0,1,1,0.0001946881,0.1240833355,8.4162042123,1.0000000000,0.0084160000,250.0000000000,0
1371,1,99,1,-1,1,1,0,1,1,0.0001946881,0.1238886473,8.4162042123,1.0000000000,0.0084160000,250.0000000000,0
1372,1,99,1,-1,1,1,0,1,1,0.0001946881,0.1236939592,8.4162042123,1.0000000000,0.0084160000,250.0000000000,0
1373,1,99,1,-1,1,1,0,1,1,0.0001946881,0.1234992710,8.4162042123,1.0000000000,0.0084160000,250.0000000000,0
1374,1,99,1,-1,1,1,0,1,1,0.0001946881,0.1233045829,8.4162042123,1.0000000000,0.0084160000,250.0000000000,0
1375,1,99,1,-1,1,1,0,1,1,0.0001946881,0.1231098947,8.4162042123,1.0000000000,0.0084160000,250.0000000000,0
1376,1,99,1,-1,1,1,0,1,1,0.0001946881,0.1229152066,8.4162042123,1.0000000000,0.0084160000,250.0000000000,0
1377,1,99,1,-1,1,1,0,1,1,0.0001946881,0.1227205185,8.4162042123,1.0000000000,0.0084160000,250.0000000000,0
1378,1,99,1,-1,1,1,0,1,1,0.0001946881,0.1225258303,8.4162042123,1.0000000000,0.0084160000,250.0000000000,0
1379,1,99,1,-1,1,1,0,1,1,0.0001946881,0.1223311422,8.4162042123,1.0000000000,0.0084160000,250.0000000000,0
1380,1,99,1,-1,1,1,0,1,1,0.0001946881,0.1221364540,8.4162042123,1.0000000000,0.0084160000,250.0000000000,0
1381,1,99,1,-1,1,1,0,1,1,0.0001946881,0.1219417659,8.4162042123,1.0000000000,0.0084160000,250.0000000000,0
1382,1,99,1,-1,1,1,0,1,1,0.0001946881,0.1217470778,8.4162042123,1.0000000000,0.0084160000,250.0000000000,0
1383,1,99,1,-1,1,1,0,1,1,0.0001946881,0.1215523896,8.4162042123,1.0000000000,0.0084160000,250.0000000000,0
1384,1,99,1,-1,1,1,0,1,1,0.0001946881,0.1213577015,8.4162042123,1.0000000000,0.0084160000,250.0000000000,0
1385,1,99,1,-1,1,1,0,1,1,0.0001946881,0.1211630133,8.4162042123,1.0000000000,0.0084160000,250.0000000000,0
1386,1,99,1,-1,1,1,0,1,1,0.0001946881,0.1209683252,8.4162042123,1.0000000000,0.0084160000,250.0000000000,0
1387,1,99,1,-1,1,1,0,1,1,0.0001946881,0.1207736371,8.4162042123,1.0000000000,0.0084160000,250.0000000000,0
1388,1,99,1,-1,1,1,0,1,1,0.0001946881,0.1205789489,8.4162042123,1.0000000000,0.0084160000,250.0000000000,0
1389,1,99,1,-1,1,1,0,1,1,0.0001946881,0.1203842608,8.4162042123,1.0000000000,0.0084160000,250.0000000000,0
1390,1,99,1,-1,1,1,0,1,1,0.0001946881,0.1201895726,8.4162042123,1.0000000000,0.0084160000,250.0000000000,0
1391,1,99,1,-1,1,1,0,1,1,0.0001946881,0.1199948845,8.4162042123,1.0000000000,0.0084160000,250.0000000000,0
1392,1,99,1,-1,1,1,0,1,1,0.0001946881,0.1198001964,8.4162042123,1.0000000000,0.0084160000,250.0000000000,0
1393,1,99,1,-1,1,1,0,1,1,0.0001946881,0.1196055082,8.4162042123,1.0000000000,0.0084160000,250.0000000000,0
1394,1,99,1,-1,1,1,0,1,1,0.0001946881,0.1194108201,8.4162042123,1.0000000000,0.0084160000,250.0000000000,0
1395,1,99,1,-1,1,1,0,1,1,0.0001946881,0.1192161319,8.4162042123,1.0000000000,0.0084160000,250.0000000000,0
1396,1,99,1,-1,1,1,0,1,1,0.0001946881,0.1190214438,8.4162042123,1.0000000000,0.0084160000,250.0000000000,0
1397,1,99,1,-1,1,1,0,1,1,0.0001946881,0.1188267557,8.4162042123,1.0000000000,0.0084160000,250.0000000000,0
1398,1,99,1,-1,1,1,0,1,1,0.0001946881,0.1186320675,8.4162042123,1.0000000000,0.0084160000,250.0000000000,0
1399,1,99,1,-1,1,1,0,1,1,0.0001946881,0.1184373794,8.4162042123,1.0000000000,0.0084160000,250.0000000000,0
1400,1,99,1,-1,1,1,0,1,1,0.0001946881,0.1182426912,8.4162042123,1.0000000000,0.0084160000,250.0000000000,0
1401,1,99,1,-1,1,1,0,1,1,0.0001946881,0.1180480031,8.4162042123,1.0000000000,0.0084160000,250.0000000000,0
1402,1,99,1,-1,1,1,0,1,1,0.0001946881,0.1178533150,8.4162042123,1.0000000000,0.0084160000,250.0000000000,0
1403,1,99,1,-1,1,1,0,1,1,0.0001946881,0.1176586268,8.4162042123,1.0000000000,0.0084160000,250.0000000000,0
1404,1,99,1,-1,1,1,0,1,1,0.0001946881,0.1174639387,8.4162042123,1.0000000000,0.0084160000,250.0000000000,0
1405,1,99,1,-1,1,1,0,1,1,0.0001946881,0.1172692505,8.4162042123,1.0000000000,0.0084160000,250.0000000000,0
1406,1,99,1,-1,1,1,0,1,1,0.0001946881,0.1170745624,8.4162042123,1.0000000000,0.0084160000,250.0000000000,0
1407,1,99,1,-1,1,1,0,1,1,0.0001946881,0.1168798743,8.4162042123,1.0000000000,0.0084160000,250.0000000000,0
1408,1,99,1,-1,1,1,0,1,1,0.0001946881,0.1166851861,8.4162042123,1.0000000000,0.0084160000,250.0000000000,0
1409,1,99,1,-1,1,1,0,1,1,0.0001946881,0.1164904980,8.4162042123,1.0000000000,0.0084160000,250.0000000000,0
1410,1,99,1,-1,1,1,0,1,1,0.0001946881,0.1162958098,8.4162042123,1.0000000000,0.0084160000,250.0000000000,0
1411,1,99,1,-1,1,1,0,1,1,0.0001946881,0.1161011217,8.4162042123,1.0000000000,0.0084160000,250.0000000000,0
1412,1,99,1,-1,1,1,0,1,1,0.0001946881,0.1159064335,8.4162042123,1.0000000000,0.0084160000,250.0000000000,0
1413,1,99,1,-1,1,1,0,1,1,0.0001946881,0.1157117454,8.4162042123,1.0000000000,0.0084160000,250.0000000000,0
1414,1,99,1,-1,1,1,0,1,1,0.0001946881,0.1155170573,8.4162042123,1.0000000000,0.0084160000,250.0000000000,0
1415,1,99,1,-1,1,1,0,1,1,0.0001946881,0.1153223691,8.4162042123,1.0000000000,0.0084160000,250.0000000000,0
1416,1,99,1,-1,1,1,0,1,1,0.0001946881,0.1151276810,8.4162042123,1.0000000000,0.0084160000,250.0000000000,0
1417,1,99,1,-1,1,1,0,1,1,0.0001946881,0.1149329928,8.4162042123,1.0000000000,0.0084160000,250.0000000000,0
1418,1,99,1,-1,1,1,0,1,1,0.0001946881,0.1147383047,8.4162042123,1.0000000000,0.0084160000,250.0000000000,0
1419,1,99,1,-1,1,1,0,1,1,0.0001946881,0.1145436166,8.4162042123,1.0000000000,0.0084160000,250.0000000000,0
1420,1,99,1,-1,1,1,0,1,1,0.0001946881,0.1143489284,8.4162042123,1.0000000000,0.0084160000,250.0000000000,0
1421,1,99,1,-1,1,1,0,1,1,0.0001946881,0.1141542403,8.4162042123,1.0000000000,0.0084160000,250.0000000000,0
1422,1,99,1,-1,1,1,0,1,1,0.0001946881,0.1139595521,8.4162042123,1.0000000000,0.0084160000,250.0000000000,0
1423,1,99,1,-1,1,1,0,1,1,0.0001946881,0.1137648640,8.4162042123,1.0000000000,0.0084160000,250.0000000000,0
1424,1,99,1,-1,1,1,0,1,1,0.0001946881,0.1135701759,8.4162042123,1.0000000000,0.0084160000,250.0000000000,0
1425,1,99,1,-1,1,1,0,1,1,0.0001946881,0.1133754877,8.4162042123,1.0000000000,0.0084160000,250.0000000000,0
1426,1,99,1,-1,1,1,0,1,1,0.0001946881,0.1131807996,8.4162042123,1.0000000000,0.0084160000,250.0000000000,0
1427,1,99,1,-1,1,1,0,1,1,0.0001946881,0.1129861114,8.4162042123,1.0000000000,0.0084160000,250.0000000000,0
1428,1,99,1,-1,1,1,0,1,1,0.0001946881,0.1127914233,8.4162042123,1.0000000000,0.0084160000,250.0000000000,0
1429,1,99,1,-1,1,1,0,1,1,0.0001946881,0.1125967352,8.4162042123,1.0000000000,0.0084160000,250.0000000000,0
1430,1,99,1,-1,1,1,0,1,1,0.0001946881,0.1124020470,8.4162042123,1.0000000000,0.0084160000,250.0000000000,0
1431,1,99,1,-1,1,1,0,1,1,0.0001946881,0.1122073589,8.4162042123,1.0000000000,0.0084160000,250.0000000000,0
1432,1,99,1,-1,1,1,0,1,1,0.0001946881,0.1120126707,8.4162042123,1.0000000000,0.0084160000,250.0000000000,0
1433,1,99,1,-1,1,1,0,1,1,0.0001946881,0.1118179826,8.4162042123,1.0000000000,0.0084160000,250.0000000000,0
1434,1,99,1,-1,1,1,0,1,1,0.0001946881,0.1116232945,8.4162042123,1.0000000000,0.0084160000,250.0000000000,0
1435,1,99,1,-1,1,1,0,1,1,0.0001946881,0.1114286063,8.4162042123,1.0000000000,0.0084160000,250.0000000000,0
1436,1,99,1,-1,1,1,0,1,1,0.0001946881,0.1112339182,8.4162042123,1.0000000000,0.0084160000,250.0000000000,0
1437,1,99,1,-1,1,1,0,1,1,0.0001946881,0.1110392300,8.4162042123,1.0000000000,0.0084160000,250.0000000000,0
1438,1,99,1,-1,1,1,0,1,1,0.0001946881,0.1108445419,8.4162042123,1.0000000000,0.0084160000,250.0000000000,0
1439,1,99,1,-1,1,1,0,1,1,0.0001946881,0.1106498538,8.4162042123,1.0000000000,0.0084160000,250.0000000000,0
1440,1,99,1,-1,1,1,0,1,1,0.0001946881,0.1104551656,8.4162042123,1.0000000000,0.0084160000,250.0000000000,0
1441,1,99,1,-1,1,1,0,1,1,0.0001946881,0.1102604775,8.4162042123,1.0000000000,0.0084160000,250.0000000000,0
1442,1,99,1,-1,1,1,0,1,1,0.0001946881,0.1100657893,8.4162042123,1.0000000000,0.0084160000,250.0000000000,0
1443,1,99,1,-1,1,1,0,1,1,0.0001946881,0.1098711012,8.4162042123,1.0000000000,0.0084160000,250.0000000000,0
1444,1,99,1,-1,1,1,0,1,1,0.0001946881,0.1096764131,8.4162042123,1.0000000000,0.0084160000,250.0000000000,0
1445,1,99,1,-1,1,1,0,1,1,0.0001946881,0.1094817249,8.4162042123,1.0000000000,0.0084160000,250.0000000000,0
1446,1,99,1,-1,1,1,0,1,1,0.0001946881,0.1092870368,8.4162042123,1.0000000000,0.0084160000,250.0000000000,0
1447,1,99,1,-1,1,1,0,1,1,0.0001946881,0.1090923486,8.4162042123,1.0000000000,0.0084160000,250.0000000000,0
1448,1,99,1,-1,1,1,0,1,1,0.0001946881,0.1088976605,8.4162042123,1.0000000000,0.0084160000,250.0000000000,0
1449,1,99,1,-1,1,1,0,1,1,0.0001946881,0.1087029723,8.4162042123,1.0000000000,0.0084160000,250.0000000000,0
1450,1,99,1,-1,1,1,0,1,1,0.0001946881,0.1085082842,8.4162042123,1.0000000000,0.0084160000,250.0000000000,0
1451,1,99,1,-1,1,1,0,1,1,0.0001946881,0.1083135961,8.4162042123,1.0000000000,0.0084160000,250.0000000000,0
1452,1,99,1,-1,1,1,0,1,1,0.0001946881,0.1081189079,8.4162042123,1.0000000000,0.0084160000,250.0000000000,0
1453,1,99,1,-1,1,1,0,1,1,0.0001946881,0.1079242198,8.4162042123,1.0000000000,0.0084160000,250.0000000000,0
1454,1,99,1,-1,1,1,0,1,1,0.0001946881,0.1077295316,8.4162042123,1.0000000000,0.0084160000,250.0000000000,0
1455,1,99,1,-1,1,1,0,1,1,0.0001946881,0.1075348435,8.4162042123,1.0000000000,0.0084160000,250.0000000000,0
1456,1,99,1,-1,1,1,0,1,1,0.0001946881,0.1073401554,8.4162042123,1.0000000000,0.0084160000,250.0000000000,0
1457,1,99,1,-1,1,1,0,1,1,0.0001946881,0.1071454672,8.4162042123,1.0000000000,0.0084160000,250.0000000000,0
1458,1,99,1,-1,1,1,0,1,1,0.0001946881,0.1069507791,8.4162042123,1.0000000000,0.0084160000,250.0000000000,0
1459,1,99,1,-1,1,1,0,1,1,0.0001946881,0.1067560909,8.4162042123,1.0000000000,0.0084160000,250.0000000000,0
1460,1,99,1,-1,1,1,0,1,1,0.0001946881,0.1065614028,8.4162042123,1.0000000000,0.0084160000,250.0000000000,0
1461,1,99,1,-1,1,1,0,1,1,0.0001946881,0.1063667147,8.4162042123,1.0000000000,0.0084160000,250.0000000000,0
1462,1,99,1,-1,1,1,0,1,1,0.0001946881,0.1061720265,8.4162042123,1.0000000000,0.0084160000,250.0000000000,0
1463,1,99,1,-1,1,1,0,1,1,0.0001946881,0.1059773384,8.4162042123,1.0000000000,0.0084160000,250.0000000000,0
1464,1,99,1,-1,1,1,0,1,1,0.0001946881,0.1057826502,8.4162042123,1.0000000000,0.0084160000,250.0000000000,0
1465,1,99,1,-1,1,1,0,1,1,0.0001946881,0.1055879621,8.4162042123,1.0000000000,0.0084160000,250.0000000000,0
1466,1,99,1,-1,1,1,0,1,1,0.0001946881,0.1053932740,8.4162042123,1.0000000000,0.0084160000,250.0000000000,0
1467,1,99,1,-1,1,1,0,1,1,0.0001946881,0.1051985858,8.4162042123,1.0000000000,0.0084160000,250.0000000000,0
1468,1,99,1,-1,1,1,0,1,1,0.0001946881,0.1050038977,8.4162042123,1.0000000000,0.0084160000,250.0000000000,0
1469,1,99,1,-1,1,1,0,1,1,0.0001946881,0.1048092095,8.4162042123,1.0000000000,0.0084160000,250.0000000000,0
1470,1,99,1,-1,1,1,0,1,1,0.0001946881,0.1046145214,8.4162042123,1.0000000000,0.0084160000,250.0000000000,0
1471,1,99,1,-1,1,1,0,1,1,0.0001946881,0.1044198333,8.4162042123,1.0000000000,0.0084160000,250.0000000000,0
1472,1,99,1,-1,1,1,0,1,1,0.0001946881,0.1042251451,8.4162042123,1.0000000000,0.0084160000,250.0000000000,0
1473,1,99,1,-1,1,1,0,1,1,0.0001946881,0.1040304570,8.4162042123,1.0000000000,0.0084160000,250.0000000000,0
1474,1,99,1,-1,1,1,0,1,1,0.0001946881,0.1038357688,8.4162042123,1.0000000000,0.0084160000,250.0000000000,0
1475,1,99,1,-1,1,1,0,1,1,0.0001946881,0.1036410807,8.4162042123,1.0000000000,0.0084160000,250.0000000000,0
1476,1,99,1,-1,1,1,0,1,1,0.0001946881,0.1034463926,8.4162042123,1.0000000000,0.0084160000,250.0000000000,0
1477,1,99,1,-1,1,1,0,1,1,0.0001946881,0.1032517044,8.4162042123,1.0000000000,0.0084160000,250.0000000000,0
1478,1,99,1,-1,1,1,0,1,1,0.0001946881,0.1030570163,8.4162042123,1.0000000000,0.0084160000,250.0000000000,0
1479,1,99,1,-1,1,1,0,1,1,0.0001946881,0.1028623281,8.4162042123,1.0000000000,0.0084160000,250.0000000000,0
1480,1,99,1,-1,1,1,0,1,1,0.0001946881,0.1026676400,8.4162042123,1.0000000000,0.0084160000,250.0000000000,0
1481,1,99,1,-1,1,1,0,1,1,0.0001946881,0.1024729519,8.4162042123,1.0000000000,0.0084160000,250.0000000000,0
1482,1,99,1,-1,1,1,0,1,1,0.0001946881,0.1022782637,8.4162042123,1.0000000000,0.0084160000,250.0000000000,0
1483,1,99,1,-1,1,1,0,1,1,0.0001946881,0.1020835756,8.4162042123,1.0000000000,0.0084160000,250.0000000000,0
1484,1,99,1,-1,1,1,0,1,1,0.0001946881,0.1018888874,8.4162042123,1.0000000000,0.0084160000,250.0000000000,0
1485,1,99,1,-1,1,1,0,1,1,0.0001946881,0.1016941993,8.4162042123,1.0000000000,0.0084160000,250.0000000000,0
1486,1,99,1,-1,1,1,0,1,1,0.0001946881,0.1014995112,8.4162042123,1.0000000000,0.0084160000,250.0000000000,0
1487,1,99,1,-1,1,1,0,1,1,0.0001946881,0.1013048230,8.4162042123,1.0000000000,0.0084160000,250.0000000000,0
1488,1,99,1,-1,1,1,0,1,1,0.0001946881,0.1011101349,8.4162042123,1.0000000000,0.0084160000,250.0000000000,0
1489,1,99,1,-1,1,1,0,1,1,0.0001946881,0.1009154467,8.4162042123,1.0000000000,0.0084160000,250.0000000000,0
1490,1,99,1,-1,1,1,0,1,1,0.0001946881,0.1007207586,8.4162042123,1.0000000000,0.0084160000,250.0000000000,0
1491,1,99,1,-1,1,1,0,1,1,0.0001946881,0.1005260704,8.4162042123,1.0000000000,0.0084160000,250.0000000000,0
1492,1,99,1,-1,1,1,0,1,1,0.0001946881,0.1003313823,8.4162042123,1.0000000000,0.0084160000,250.0000000000,0
1493,1,99,1,-1,1,1,0,1,1,0.0001946881,0.1001366942,8.4162042123,1.0000000000,0.0084160000,250.0000000000,0
1494,1,99,1,-1,1,1,0,1,1,0.0001946881,0.0999420060,8.4162042123,1.0000000000,0.0084160000,250.0000000000,0
1495,1,99,1,-1,1,1,0,1,1,0.0001946881,0.0997473179,8.4162042123,1.0000000000,0.0084160000,250.0000000000,0
1496,1,99,1,-1,1,1,0,1,1,0.0001946881,0.0995526297,8.4162042123,1.0000000000,0.0084160000,250.0000000000,0
1497,1,99,1,-1,1,1,0,1,1,0.0001946881,0.0993579416,8.4162042123,1.0000000000,0.0084160000,250.0000000000,0
1498,1,99,1,-1,1,1,0,1,1,0.0001946881,0.0991632535,8.4162042123,1.0000000000,0.0084160000,250.0000000000,0
1499,1,99,1,-1,1,1,0,1,1,0.0001946881,0.0989685653,8.4162042123,1.0000000000,0.0084160000,250.0000000000,0
1500,1,99,1,-1,1,1,0,1,1,0.0001946881,0.0987738772,8.4162042123,1.0000000000,0.0084160000,250.0000000000,0
1501,1,99,1,-1,1,1,0,1,1,0.0001946881,0.0985791890,8.4162042123,1.0000000000,0.0084160000,250.0000000000,0
1502,1,99,1,-1,1,1,0,1,1,0.0001946881,0.0983845009,8.4162042123,1.0000000000,0.0084160000,250.0000000000,0
1503,1,99,1,-1,1,1,0,1,1,0.0001946881,0.0981898128,8.4162042123,1.0000000000,0.0084160000,250.0000000000,0
1504,1,99,1,-1,1,1,0,1,1,0.0001946881,0.0979951246,8.4162042123,1.0000000000,0.0084160000,250.0000000000,0
1505,1,99,1,-1,1,1,0,1,1,0.0001946881,0.0978004365,8.4162042123,1.0000000000,0.0084160000,250.0000000000,0
1506,1,99,1,-1,1,1,0,1,1,0.0001946881,0.0976057483,8.4162042123,1.0000000000,0.0084160000,250.0000000000,0
1507,1,99,1,-1,1,1,0,1,1,0.0001946881,0.0974110602,8.4162042123,1.0000000000,0.0084160000,250.0000000000,0
1508,1,99,1,-1,1,1,0,1,1,0.0001946881,0.0972163721,8.4162042123,1.0000000000,0.0084160000,250.0000000000,0
1509,1,99,1,-1,1,1,0,1,1,0.0001946881,0.0970216839,8.4162042123,1.0000000000,0.0084160000,250.0000000000,0
1510,1,99,1,-1,1,1,0,1,1,0.0001946881,0.0968269958,8.4162042123,1.0000000000,0.0084160000,250.0000000000,0
1511,1,99,1,-1,1,1,0,1,1,0.0001946881,0.0966323076,8.4162042123,1.0000000000,0.0084160000,250.0000000000,0
1512,1,99,1,-1,1,1,0,1,1,0.0001946881,0.0964376195,8.4162042123,1.0000000000,0.0084160000,250.0000000000,0
1513,1,99,1,-1,1,1,0,1,1,0.0001946881,0.0962429314,8.4162042123,1.0000000000,0.0084160000,250.0000000000,0
1514,1,99,1,-1,1,1,0,1,1,0.0001946881,0.0960482432,8.4162042123,1.0000000000,0.0084160000,250.0000000000,0
1515,1,99,1,-1,1,1,0,1,1,0.0001946881,0.0958535551,8.4162042123,1.0000000000,0.0084160000,250.0000000000,0
1516,1,99,1,-1,1,1,0,1,1,0.0001946881,0.0956588669,8.4162042123,1.0000000000,0.0084160000,250.0000000000,0
1517,1,99,1,-1,1,1,0,1,1,0.0001946881,0.0954641788,8.4162042123,1.0000000000,0.0084160000,250.0000000000,0
1518,1,99,1,-1,1,1,0,1,1,0.0001946881,0.0952694907,8.4162042123,1.0000000000,0.0084160000,250.0000000000,0
1519,1,99,1,-1,1,1,0,1,1,0.0001946881,0.0950748025,8.4162042123,1.0000000000,0.0084160000,250.0000000000,0
1520,1,99,1,-1,1,1,0,1,1,0.0001946881,0.0948801144,8.4162042123,1.0000000000,0.0084160000,250.0000000000,0
1521,1,99,1,-1,1,1,0,1,1,0.0001946881,0.0946854262,8.4162042123,1.0000000000,0.0084160000,250.0000000000,0
1522,1,99,1,-1,1,1,0,1,1,0.0001946881,0.0944907381,8.4162042123,1.0000000000,0.0084160000,250.0000000000,0
1523,1,99,1,-1,1,1,0,1,1,0.0001946881,0.0942960500,8.4162042123,1.0000000000,0.0084160000,250.0000000000,0
1524,1,99,1,-1,1,1,0,1,1,0.0001946881,0.0941013618,8.4162042123,1.0000000000,0.0084160000,250.0000000000,0
1525,1,99,1,-1,1,1,0,1,1,0.0001946881,0.0939066737,8.4162042123,1.0000000000,0.0084160000,250.0000000000,0
1526,1,99,1,-1,1,1,0,1,1,0.0001946881,0.0937119855,8.4162042123,1.0000000000,0.0084160000,250.0000000000,0
1527,1,99,1,-1,1,1,0,1,1,0.0001946881,0.0935172974,8.4162042123,1.0000000000,0.0084160000,250.0000000000,0
1528,1,99,1,-1,1,1,0,1,1,0.0001946881,0.0933226092,8.4162042123,1.0000000000,0.0084160000,250.0000000000,0
1529,1,99,1,-1,1,1,0,1,1,0.0001946881,0.0931279211,8.4162042123,1.0000000000,0.0084160000,250.0000000000,0
1530,1,99,1,-1,1,1,0,1,1,0.0001946881,0.0929332330,8.4162042123,1.0000000000,0.0084160000,250.0000000000,0
1531,1,99,1,-1,1,1,0,1,1,0.0001946881,0.0927385448,8.4162042123,1.0000000000,0.0084160000,250.0000000000,0
1532,1,99,1,-1,1,1,0,1,1,0.0001946881,0.0925438567,8.4162042123,1.0000000000,0.0084160000,250.0000000000,0
1533,1,99,1,-1,1,1,0,1,1,0.0001946881,0.0923491685,8.4162042123,1.0000000000,0.0084160000,250.0000000000,0
1534,1,99,1,-1,1,1,0,1,1,0.0001946881,0.0921544804,8.4162042123,1.0000000000,0.0084160000,250.0000000000,0
1535,1,99,1,-1,1,1,0,1,1,0.0001946881,0.0919597923,8.4162042123,1.0000000000,0.0084160000,250.0000000000,0
1536,1,99,1,-1,1,1,0,1,1,0.0001946881,0.0917651041,8.4162042123,1.0000000000,0.0084160000,250.0000000000,0
1537,1,99,1,-1,1,1,0,1,1,0.0001946881,0.0915704160,8.4162042123,1.0000000000,0.0084160000,250.0000000000,0
1538,1,99,1,-1,1,1,0,1,1,0.0001946881,0.0913757278,8.4162042123,1.0000000000,0.0084160000,250.0000000000,0
1539,1,99,1,-1,1,1,0,1,1,0.0001946881,0.0911810397,8.4162042123,1.0000000000,0.0084160000,250.0000000000,0
1540,1,99,1,-1,1,1,0,1,1,0.0001946881,0.0909863516,8.4162042123,1.0000000000,0.0084160000,250.0000000000,0
1541,1,99,1,-1,1,1,0,1,1,0.0001946881,0.0907916634,8.4162042123,1.0000000000,0.0084160000,250.0000000000,0
1542,1,99,1,-1,1,1,0,1,1,0.0001946881,0.0905969753,8.4162042123,1.0000000000,0.0084160000,250.0000000000,0
1543,1,99,1,-1,1,1,0,1,1,0.0001946881,0.0904022871,8.4162042123,1.0000000000,0.0084160000,250.0000000000,0
1544,1,99,1,-1,1,1,0,1,1,0.0001946881,0.0902075990,8.4162042123,1.0000000000,0.0084160000,250.0000000000,0
1545,1,99,1,-1,1,1,0,1,1,0.0001946881,0.0900129109,8.4162042123,1.0000000000,0.0084160000,250.0000000000,0
1546,1,99,1,-1,1,1,0,1,1,0.0001946881,0.0898182227,8.4162042123,1.0000000000,0.0084160000,250.0000000000,0
1547,1,99,1,-1,1,1,0,1,1,0.0001946881,0.0896235346,8.4162042123,1.0000000000,0.0084160000,250.0000000000,0
1548,1,99,1,-1,1,1,0,1,1,0.0001946881,0.0894288464,8.4162042123,1.0000000000,0.0084160000,250.0000000000,0
1549,1,99,1,-1,1,1,0,1,1,0.0001946881,0.0892341583,8.4162042123,1.0000000000,0.0084160000,250.0000000000,0
1550,1,99,1,-1,1,1,0,1,1,0.0001946881,0.0890394702,8.4162042123,1.0000000000,0.0084160000,250.0000000000,0
1551,1,99,1,-1,1,1,0,1,1,0.0001946881,0.0888447820,8.4162042123,1.0000000000,0.0084160000,250.0000000000,0
1552,1,99,1,-1,1,1,0,1,1,0.0001946881,0.0886500939,8.4162042123,1.0000000000,0.0084160000,250.0000000000,0
1553,1,99,1,-1,1,1,0,1,1,0.0001946881,0.0884554057,8.4162042123,1.0000000000,0.0084160000,250.0000000000,0
1554,1,99,1,-1,1,1,0,1,1,0.0001946881,0.0882607176,8.4162042123,1.0000000000,0.0084160000,250.0000000000,0
1555,1,99,1,-1,1,1,0,1,1,0.0001946881,0.0880660295,8.4162042123,1.0000000000,0.0084160000,250.0000000000,0
1556,1,99,1,-1,1,1,0,1,1,0.0001946881,0.0878713413,8.4162042123,1.0000000000,0.0084160000,250.0000000000,0
1557,1,99,1,-1,1,1,0,1,1,0.0001946881,0.0876766532,8.4162042123,1.0000000000,0.0084160000,250.0000000000,0
1558,1,99,1,-1,1,1,0,1,1,0.0001946881,0.0874819650,8.4162042123,1.0000000000,0.0084160000,250.0000000000,0
1559,1,99,1,-1,1,1,0,1,1,0.0001946881,0.0872872769,8.4162042123,1.0000000000,0.0084160000,250.0000000000,0
1560,1,99,1,-1,1,1,0,1,1,0.0001946881,0.0870925888,8.4162042123,1.0000000000,0.0084160000,250.0000000000,0
1561,1,99,1,-1,1,1,0,1,1,0.0001946881,0.0868979006,8.4162042123,1.0000000000,0.0084160000,250.0000000000,0
1562,1,99,1,-1,1,1,0,1,1,0.0001946881,0.0867032125,8.4162042123,1.0000000000,0.0084160000,250.0000000000,0
1563,1,99,1,-1,1,1,0,1,1,0.0001946881,0.0865085243,8.4162042123,1.0000000000,0.0084160000,250.0000000000,0
1564,1,99,1,-1,1,1,0,1,1,0.0001946881,0.0863138362,8.4162042123,1.0000000000,0.0084160000,250.0000000000,0
1565,1,99,1,-1,1,1,0,1,1,0.0001946881,0.0861191481,8.4162042123,1.0000000000,0.0084160000,250.0000000000,0
1566,1,99,1,-1,1,1,0,1,1,0.0001946881,0.0859244599,8.4162042123,1.0000000000,0.0084160000,250.0000000000,0
1567,1,99,1,-1,1,1,0,1,1,0.0001946881,0.0857297718,8.4162042123,1.0000000000,0.0084160000,250.0000000000,0
1568,1,99,1,-1,1,1,0,1,1,0.0001946881,0.0855350836,8.4162042123,1.0000000000,0.0084160000,250.0000000000,0
1569,1,99,1,-1,1,1,0,1,1,0.0001946881,0.0853403955,8.4162042123,1.0000000000,0.0084160000,250.0000000000,0
1570,1,99,1,-1,1,1,0,1,1,0.0001946881,0.0851457073,8.4162042123,1.0000000000,0.0084160000,250.0000000000,0
1571,1,99,1,-1,1,1,0,1,1,0.0001946881,0.0849510192,8.4162042123,1.0000000000,0.0084160000,250.0000000000,0
1572,1,99,1,-1,1,1,0,1,1,0.0001946881,0.0847563311,8.4162042123,1.0000000000,0.0084160000,250.0000000000,0
1573,1,99,1,-1,1,1,0,1,1,0.0001946881,0.0845616429,8.4162042123,1.0000000000,0.0084160000,250.0000000000,0
1574,1,99,1,-1,1,1,0,1,1,0.0001946881,0.0843669548,8.4162042123,1.0000000000,0.0084160000,250.0000000000,0
1575,1,99,1,-1,1,1,0,1,1,0.0001946881,0.0841722666,8.4162042123,1.0000000000,0.0084160000,250.0000000000,0
1576,1,99,1,-1,1,1,0,1,1,0.0001946881,0.0839775785,8.4162042123,1.0000000000,0.0084160000,250.0000000000,0
1577,1,99,1,-1,1,1,0,1,1,0.0001946881,0.0837828904,8.4162042123,1.0000000000,0.0084160000,250.0000000000,0
1578,1,99,1,-1,1,1,0,1,1,0.0001946881,0.0835882022,8.4162042123,1.0000000000,0.0084160000,250.0000000000,0
1579,1,99,1,-1,1,1,0,1,1,0.0001946881,0.0833935141,8.4162042123,1.0000000000,0.0084160000,250.0000000000,0
1580,1,99,1,-1,1,1,0,1,1,0.0001946881,0.0831988259,8.4162042123,1.0000000000,0.0084160000,250.0000000000,0
1581,1,99,1,-1,1,1,0,1,1,0.0001946881,0.0830041378,8.4162042123,1.0000000000,0.0084160000,250.0000000000,0
1582,1,99,1,-1,1,1,0,1,1,0.0001946881,0.0828094497,8.4162042123,1.0000000000,0.0084160000,250.0000000000,0
1583,1,99,1,-1,1,1,0,1,1,0.0001946881,0.0826147615,8.4162042123,1.0000000000,0.0084160000,250.0000000000,0
1584,1,99,1,-1,1,1,0,1,1,0.0001946881,0.0824200734,8.4162042123,1.0000000000,0.0084160000,250.0000000000,0
1585,1,99,1,-1,1,1,0,1,1,0.0001946881,0.0822253852,8.4162042123,1.0000000000,0.0084160000,250.0000000000,0
1586,1,99,1,-1,1,1,0,1,1,0.0001946881,0.0820306971,8.4162042123,1.0000000000,0.0084160000,250.0000000000,0
1587,1,99,1,-1,1,1,0,1,1,0.0001946881,0.0818360090,8.4162042123,1.0000000000,0.0084160000,250.0000000000,0
1588,1,99,1,-1,1,1,0,1,1,0.0001946881,0.0816413208,8.4162042123,1.0000000000,0.0084160000,250.0000000000,0
1589,1,99,1,-1,1,1,0,1,1,0.0001946881,0.0814466327,8.4162042123,1.0000000000,0.0084160000,250.0000000000,0
1590,1,99,1,-1,1,1,0,1,1,0.0001946881,0.0812519445,8.4162042123,1.0000000000,0.0084160000,250.0000000000,0
1591,1,99,1,-1,1,1,0,1,1,0.0001946881,0.0810572564,8.4162042123,1.0000000000,0.0084160000,250.0000000000,0
1592,1,99,1,-1,1,1,0,1,1,0.0001946881,0.0808625683,8.4162042123,1.0000000000,0.0084160000,250.0000000000,0
1593,1,99,1,-1,1,1,0,1,1,0.0001946881,0.0806678801,8.4162042123,1.0000000000,0.0084160000,250.0000000000,0
1594,1,99,1,-1,1,1,0,1,1,0.0001946881,0.0804731920,8.4162042123,1.0000000000,0.0084160000,250.0000000000,0
1595,1,99,1,-1,1,1,0,1,1,0.0001946881,0.0802785038,8.4162042123,1.0000000000,0.0084160000,250.0000000000,0
1596,1,99,1,-1,1,1,0,1,1,0.0001946881,0.0800838157,8.4162042123,1.0000000000,0.0084160000,250.0000000000,0
1597,1,99,1,-1,1,1,0,1,1,0.0001946881,0.0798891276,8.4162042123,1.0000000000,0.0084160000,250.0000000000,0
1598,1,99,1,-1,1,1,0,1,1,0.0001946881,0.0796944394,8.4162042123,1.0000000000,0.0084160000,250.0000000000,0
1599,1,99,1,-1,1,1,0,1,1,0.0001946881,0.0794997513,8.4162042123,1.0000000000,0.0084160000,250.0000000000,0
1600,1,99,1,-1,1,1,0,1,1,0.0001946881,0.0793050631,8.4162042123,1.0000000000,0.0084160000,250.0000000000,0
1601,1,99,1,-1,1,1,0,1,1,0.0001946881,0.0791103750,8.4162042123,1.0000000000,0.0084160000,250.0000000000,0
1602,1,99,1,-1,1,1,0,1,1,0.0001946881,0.0789156869,8.4162042123,1.0000000000,0.0084160000,250.0000000000,0
1603,1,99,1,-1,1,1,0,1,1,0.0001946881,0.0787209987,8.4162042123,1.0000000000,0.0084160000,250.0000000000,0
1604,1,99,1,-1,1,1,0,1,1,0.0001946881,0.0785263106,8.4162042123,1.0000000000,0.0084160000,250.0000000000,0
1605,1,99,1,-1,1,1,0,1,1,0.0001946881,0.0783316224,8.4162042123,1.0000000000,0.0084160000,250.0000000000,0
1606,1,99,1,-1,1,1,0,1,1,0.0001946881,0.0781369343,8.4162042123,1.0000000000,0.0084160000,250.0000000000,0
1607,1,99,1,-1,1,1,0,1,1,0.0001946881,0.0779422461,8.4162042123,1.0000000000,0.0084160000,250.0000000000,0
1608,1,99,1,-1,1,1,0,1,1,0.0001946881,0.0777475580,8.4162042123,1.0000000000,0.0084160000,250.0000000000,0
1609,1,99,1,-1,1,1,0,1,1,0.0001946881,0.0775528699,8.4162042123,1.0000000000,0.0084160000,250.0000000000,0
1610,1,99,1,-1,1,1,0,1,1,0.0001946881,0.0773581817,8.4162042123,1.0000000000,0.0084160000,250.0000000000,0
1611,1,99,1,-1,1,1,0,1,1,0.0001946881,0.0771634936,8.4162042123,1.0000000000,0.0084160000,250.0000000000,0
1612,1,99,1,-1,1,1,0,1,1,0.0001946881,0.0769688054,8.4162042123,1.0000000000,0.0084160000,250.0000000000,0
1613,1,99,1,-1,1,1,0,1,1,0.0001946881,0.0767741173,8.4162042123,1.0000000000,0.0084160000,250.0000000000,0
1614,1,99,1,-1,1,1,0,1,1,0.0001946881,0.0765794292,8.4162042123,1.0000000000,0.0084160000,250.0000000000,0
1615,1,99,1,-1,1,1,0,1,1,0.0001946881,0.0763847410,8.4162042123,1.0000000000,0.0084160000,250.0000000000,0
1616,1,99,1,-1,1,1,0,1,1,0.0001946881,0.0761900529,8.4162042123,1.0000000000,0.0084160000,250.0000000000,0
1617,1,99,1,-1,1,1,0,1,1,0.0001946881,0.0759953647,8.4162042123,1.0000000000,0.0084160000,250.0000000000,0
1618,1,99,1,-1,1,1,0,1,1,0.0001946881,0.0758006766,8.4162042123,1.0000000000,0.0084160000,250.0000000000,0
1619,1,99,1,-1,1,1,0,1,1,0.0001946881,0.0756059885,8.4162042123,1.0000000000,0.0084160000,250.0000000000,0
1620,1,99,1,-1,1,1,0,1,1,0.0001946881,0.0754113003,8.4162042123,1.0000000000,0.0084160000,250.0000000000,0
1621,1,99,1,-1,1,1,0,1,1,0.0001946881,0.0752166122,8.4162042123,1.0000000000,0.0084160000,250.0000000000,0
1622,1,99,1,-1,1,1,0,1,1,0.0001946881,0.0750219240,8.4162042123,1.0000000000,0.0084160000,250.0000000000,0
1623,1,99,1,-1,1,1,0,1,1,0.0001946881,0.0748272359,8.4162042123,1.0000000000,0.0084160000,250.0000000000,0
1624,1,99,1,-1,1,1,0,1,1,0.0001946881,0.0746325478,8.4162042123,1.0000000000,0.0084160000,250.0000000000,0
1625,1,99,1,-1,1,1,0,1,1,0.0001946881,0.0744378596,8.4162042123,1.0000000000,0.0084160000,250.0000000000,0
1626,1,99,1,-1,1,1,0,1,1,0.0001946881,0.0742431715,8.4162042123,1.0000000000,0.0084160000,250.0000000000,0
1627,1,99,1,-1,1,1,0,1,1,0.0001946881,0.0740484833,8.4162042123,1.0000000000,0.0084160000,250.0000000000,0
1628,1,99,1,-1,1,1,0,1,1,0.0001946881,0.0738537952,8.4162042123,1.0000000000,0.0084160000,250.0000000000,0
1629,1,99,1,-1,1,1,0,1,1,0.0001946881,0.0736591071,8.4162042123,1.0000000000,0.0084160000,250.0000000000,0
1630,1,99,1,-1,1,1,0,1,1,0.0001946881,0.0734644189,8.4162042123,1.0000000000,0.0084160000,250.0000000000,0
1631,1,99,1,-1,1,1,0,1,1,0.0001946881,0.0732697308,8.4162042123,1.0000000000,0.0084160000,250.0000000000,0
1632,1,99,1,-1,1,1,0,1,1,0.0001946881,0.0730750426,8.4162042123,1.0000000000,0.0084160000,250.0000000000,0
1633,1,99,1,-1,1,1,0,1,1,0.0001946881,0.0728803545,8.4162042123,1.0000000000,0.0084160000,250.0000000000,0
1634,1,99,1,-1,1,1,0,1,1,0.0001946881,0.0726856664,8.4162042123,1.0000000000,0.0084160000,250.0000000000,0
1635,1,99,1,-1,1,1,0,1,1,0.0001946881,0.0724909782,8.4162042123,1.0000000000,0.0084160000,250.0000000000,0
1636,1,99,1,-1,1,1,0,1,1,0.0001946881,0.0722962901,8.4162042123,1.0000000000,0.0084160000,250.0000000000,0
1637,1,99,1,-1,1,1,0,1,1,0.0001946881,0.0721016019,8.4162042123,1.0000000000,0.0084160000,250.0000000000,0
1638,1,99,1,-1,1,1,0,1,1,0.0001946881,0.0719069138,8.4162042123,1.0000000000,0.0084160000,250.0000000000,0
1639,1,99,1,-1,1,1,0,1,1,0.0001946881,0.0717122257,8.4162042123,1.0000000000,0.0084160000,250.0000000000,0
1640,1,99,1,-1,1,1,0,1,1,0.0001946881,0.0715175375,8.4162042123,1.0000000000,0.0084160000,250.0000000000,0
1641,1,99,1,-1,1,1,0,1,1,0.0001946881,0.0713228494,8.4162042123,1.0000000000,0.0084160000,250.0000000000,0
1642,1,99,1,-1,1,1,0,1,1,0.0001946881,0.0711281612,8.4162042123,1.0000000000,0.0084160000,250.0000000000,0
1643,1,99,1,-1,1,1,0,1,1,0.0001946881,0.0709334731,8.4162042123,1.0000000000,0.0084160000,250.0000000000,0
1644,1,99,1,-1,1,1,0,1,1,0.0001946881,0.0707387849,8.4162042123,1.0000000000,0.0084160000,250.0000000000,0
1645,1,99,1,-1,1,1,0,1,1,0.0001946881,0.0705440968,8.4162042123,1.0000000000,0.0084160000,250.0000000000,0
1646,1,99,1,-1,1,1,0,1,1,0.0001946881,0.0703494087,8.4162042123,1.0000000000,0.0084160000,250.0000000000,0
1647,1,99,1,-1,1,1,0,1,1,0.0001946881,0.0701547205,8.4162042123,1.0000000000,0.0084160000,250.0000000000,0
1648,1,99,1,-1,1,1,0,1,1,0.0001946881,0.0699600324,8.4162042123,1.0000000000,0.0084160000,250.0000000000,0
1649,1,99,1,-1,1,1,0,1,1,0.0001946881,0.0697653442,8.4162042123,1.0000000000,0.0084160000,250.0000000000,0
1650,1,99,1,-1,1,1,0,1,1,0.0001946881,0.0695706561,8.4162042123,1.0000000000,0.0084160000,250.0000000000,0
1651,1,99,1,-1,1,1,0,1,1,0.0001946881,0.0693759680,8.4162042123,1.0000000000,0.0084160000,250.0000000000,0
1652,1,99,1,-1,1,1,0,1,1,0.0001946881,0.0691812798,8.4162042123,1.0000000000,0.0084160000,250.0000000000,0
1653,1,99,1,-1,1,1,0,1,1,0.0001946881,0.0689865917,8.4162042123,1.0000000000,0.0084160000,250.0000000000,0
1654,1,99,1,-1,1,1,0,1,1,0.0001946881,0.0687919035,8.4162042123,1.0000000000,0.0084160000,250.0000000000,0
1655,1,99,1,-1,1,1,0,1,1,0.0001946881,0.0685972154,8.4162042123,1.0000000000,0.0084160000,250.0000000000,0
1656,1,99,1,-1,1,1,0,1,1,0.0001946881,0.0684025273,8.4162042123,1.0000000000,0.0084160000,250.0000000000,0
1657,1,99,1,-1,1,1,0,1,1,0.0001946881,0.0682078391,8.4162042123,1.0000000000,0.0084160000,250.0000000000,0
1658,1,99,1,-1,1,1,0,1,1,0.0001946881,0.0680131510,8.4162042123,1.0000000000,0.0084160000,250.0000000000,0
1659,1,99,1,-1,1,1,0,1,1,0.0001946881,0.0678184628,8.4162042123,1.0000000000,0.0084160000,250.0000000000,0
1660,1,99,1,-1,1,1,0,1,1,0.0001946881,0.0676237747,8.4162042123,1.0000000000,0.0084160000,250.0000000000,0
1661,1,99,1,-1,1,1,0,1,1,0.0001946881,0.0674290866,8.4162042123,1.0000000000,0.0084160000,250.0000000000,0
1662,1,99,1,-1,1,1,0,1,1,0.0001946881,0.0672343984,8.4162042123,1.0000000000,0.0084160000,250.0000000000,0
1663,1,99,1,-1,1,1,0,1,1,0.0001946881,0.0670397103,8.4162042123,1.0000000000,0.0084160000,250.0000000000,0
1664,1,99,1,-1,1,1,0,1,1,0.0001946881,0.0668450221,8.4162042123,1.0000000000,0.0084160000,250.0000000000,0
1665,1,99,1,-1,1,1,0,1,1,0.0001946881,0.0666503340,8.4162042123,1.0000000000,0.0084160000,250.0000000000,0
1666,1,99,1,-1,1,1,0,1,1,0.0001946881,0.0664556459,8.4162042123,1.0000000000,0.0084160000,250.0000000000,0
1667,1,99,1,-1,1,1,0,1,1,0.0001946881,0.0662609577,8.4162042123,1.0000000000,0.0084160000,250.0000000000,0
1668,1,99,1,-1,1,1,0,1,1,0.0001946881,0.0660662696,8.4162042123,1.0000000000,0.0084160000,250.0000000000,0
1669,1,99,1,-1,1,1,0,1,1,0.0001946881,0.0658715814,8.4162042123,1.0000000000,0.0084160000,250.0000000000,0
1670,1,99,1,-1,1,1,0,1,1,0.0001946881,0.0656768933,8.4162042123,1.0000000000,0.0084160000,250.0000000000,0
1671,1,99,1,-1,1,1,0,1,1,0.0001946881,0.0654822052,8.4162042123,1.0000000000,0.0084160000,250.0000000000,0
1672,1,99,1,-1,1,1,0,1,1,0.0001946881,0.0652875170,8.4162042123,1.0000000000,0.0084160000,250.0000000000,0
1673,1,99,1,-1,1,1,0,1,1,0.0001946881,0.0650928289,8.4162042123,1.0000000000,0.0084160000,250.0000000000,0
1674,1,99,1,-1,1,1,0,1,1,0.0001946881,0.0648981407,8.4162042123,1.0000000000,0.0084160000,250.0000000000,0
1675,1,99,1,-1,1,1,0,1,1,0.0001946881,0.0647034526,8.4162042123,1.0000000000,0.0084160000,250.0000000000,0
1676,1,99,1,-1,1,1,0,1,1,0.0001946881,0.0645087645,8.4162042123,1.0000000000,0.0084160000,250.0000000000,0
1677,1,99,1,-1,1,1,0,1,1,0.0001946881,0.0643140763,8.4162042123,1.0000000000,0.0084160000,250.0000000000,0
1678,1,99,1,-1,1,1,0,1,1,0.0001946881,0.0641193882,8.4162042123,1.0000000000,0.0084160000,250.0000000000,0
1679,1,99,1,-1,1,1,0,1,1,0.0001946881,0.0639247000,8.4162042123,1.0000000000,0.0084160000,250.0000000000,0
1680,1,99,1,-1,1,1,0,1,1,0.0001946881,0.0637300119,8.4162042123,1.0000000000,0.0084160000,250.0000000000,0
1681,1,99,1,-1,1,1,0,1,1,0.0001946881,0.0635353238,8.4162042123,1.0000000000,0.0084160000,250.0000000000,0
1682,1,99,1,-1,1,1,0,1,1,0.0001946881,0.0633406356,8.4162042123,1.0000000000,0.0084160000,250.0000000000,0
1683,1,99,1,-1,1,1,0,1,1,0.0001946881,0.0631459475,8.4162042123,1.0000000000,0.0084160000,250.0000000000,0
1684,1,99,1,-1,1,1,0,1,1,0.0001946881,0.0629512593,8.4162042123,1.0000000000,0.0084160000,250.0000000000,0
1685,1,99,1,-1,1,1,0,1,1,0.0001946881,0.0627565712,8.4162042123,1.0000000000,0.0084160000,250.0000000000,0
1686,1,99,1,-1,1,1,0,1,1,0.0001946881,0.0625618830,8.4162042123,1.0000000000,0.0084160000,250.0000000000,0
1687,1,99,1,-1,1,1,0,1,1,0.0001946881,0.0623671949,8.4162042123,1.0000000000,0.0084160000,250.0000000000,0
1688,1,99,1,-1,1,1,0,1,1,0.0001946881,0.0621725068,8.4162042123,1.0000000000,0.0084160000,250.0000000000,0
1689,1,99,1,-1,1,1,0,1,1,0.0001946881,0.0619778186,8.4162042123,1.0000000000,0.0084160000,250.0000000000,0
1690,1,99,1,-1,1,1,0,1,1,0.0001946881,0.0617831305,8.4162042123,1.0000000000,0.0084160000,250.0000000000,0
1691,1,99,1,-1,1,1,0,1,1,0.0001946881,0.0615884423,8.4162042123,1.0000000000,0.0084160000,250.0000000000,0
1692,1,99,1,-1,1,1,0,1,1,0.0001946881,0.0613937542,8.4162042123,1.0000000000,0.0084160000,250.0000000000,0
1693,1,99,1,-1,1,1,0,1,1,0.0001946881,0.0611990661,8.4162042123,1.0000000000,0.0084160000,250.0000000000,0
1694,1,99,1,-1,1,1,0,1,1,0.0001946881,0.0610043779,8.4162042123,1.0000000000,0.0084160000,250.0000000000,0
1695,1,99,1,-1,1,1,0,1,1,0.0001946881,0.0608096898,8.4162042123,1.0000000000,0.0084160000,250.0000000000,0
1696,1,99,1,-1,1,1,0,1,1,0.0001946881,0.0606150016,8.4162042123,1.0000000000,0.0084160000,250.0000000000,0
1697,1,99,1,-1,1,1,0,1,1,0.0001946881,0.0604203135,8.4162042123,1.0000000000,0.0084160000,250.0000000000,0
1698,1,99,1,-1,1,1,0,1,1,0.0001946881,0.0602256254,8.4162042123,1.0000000000,0.0084160000,250.0000000000,0
1699,1,99,1,-1,1,1,0,1,1,0.0001946881,0.0600309372,8.4162042123,1.0000000000,0.0084160000,250.0000000000,0
1700,1,99,1,-1,1,1,0,1,1,0.0001946881,0.0598362491,8.4162042123,1.0000000000,0.0084160000,250.0000000000,0
1701,1,99,1,-1,1,1,0,1,1,0.0001946881,0.0596415609,8.4162042123,1.0000000000,0.0084160000,250.0000000000,0
1702,1,99,1,-1,1,1,0,1,1,0.0001946881,0.0594468728,8.4162042123,1.0000000000,0.0084160000,250.0000000000,0
1703,1,99,1,-1,1,1,0,1,1,0.0001946881,0.0592521847,8.4162042123,1.0000000000,0.0084160000,250.0000000000,0
1704,1,99,1,-1,1,1,0,1,1,0.0001946881,0.0590574965,8.4162042123,1.0000000000,0.0084160000,250.0000000000,0
1705,1,99,1,-1,1,1,0,1,1,0.0001946881,0.0588628084,8.4162042123,1.0000000000,0.0084160000,250.0000000000,0
1706,1,99,1,-1,1,1,0,1,1,0.0001946881,0.0586681202,8.4162042123,1.0000000000,0.0084160000,250.0000000000,0
1707,1,99,1,-1,1,1,0,1,1,0.0001946881,0.0584734321,8.4162042123,1.0000000000,0.0084160000,250.0000000000,0
1708,1,99,1,-1,1,1,0,1,1,0.0001946881,0.0582787440,8.4162042123,1.0000000000,0.0084160000,250.0000000000,0
1709,1,99,1,-1,1,1,0,1,1,0.0001946881,0.0580840558,8.4162042123,1.0000000000,0.0084160000,250.0000000000,0
1710,1,99,1,-1,1,1,0,1,1,0.0001946881,0.0578893677,8.4162042123,1.0000000000,0.0084160000,250.0000000000,0
1711,1,99,1,-1,1,1,0,1,1,0.0001946881,0.0576946795,8.4162042123,1.0000000000,0.0084160000,250.0000000000,0
1712,1,99,1,-1,1,1,0,1,1,0.0001946881,0.0574999914,8.4162042123,1.0000000000,0.0084160000,250.0000000000,0
1713,1,99,1,-1,1,1,0,1,1,0.0001946881,0.0573053033,8.4162042123,1.0000000000,0.0084160000,250.0000000000,0
1714,1,99,1,-1,1,1,0,1,1,0.0001946881,0.0571106151,8.4162042123,1.0000000000,0.0084160000,250.0000000000,0
1715,1,99,1,-1,1,1,0,1,1,0.0001946881,0.0569159270,8.4162042123,1.0000000000,0.0084160000,250.0000000000,0
1716,1,99,1,-1,1,1,0,1,1,0.0001946881,0.0567212388,8.4162042123,1.0000000000,0.0084160000,250.0000000000,0
1717,1,99,1,-1,1,1,0,1,1,0.0001946881,0.0565265507,8.4162042123,1.0000000000,0.0084160000,250.0000000000,0
1718,1,99,1,-1,1,1,0,1,1,0.0001946881,0.0563318626,8.4162042123,1.0000000000,0.0084160000,250.0000000000,0
1719,1,99,1,-1,1,1,0,1,1,0.0001946881,0.0561371744,8.4162042123,1.0000000000,0.0084160000,250.0000000000,0
1720,1,99,1,-1,1,1,0,1,1,0.0001946881,0.0559424863,8.4162042123,1.0000000000,0.0084160000,250.0000000000,0
1721,1,99,1,-1,1,1,0,1,1,0.0001946881,0.0557477981,8.4162042123,1.0000000000,0.0084160000,250.0000000000,0
1722,1,99,1,-1,1,1,0,1,1,0.0001946881,0.0555531100,8.4162042123,1.0000000000,0.0084160000,250.0000000000,0
1723,1,99,1,-1,1,1,0,1,1,0.0001946881,0.0553584218,8.4162042123,1.0000000000,0.0084160000,250.0000000000,0
1724,1,99,1,-1,1,1,0,1,1,0.0001946881,0.0551637337,8.4162042123,1.0000000000,0.0084160000,250.0000000000,0
1725,1,99,1,-1,1,1,0,1,1,0.0001946881,0.0549690456,8.4162042123,1.0000000000,0.0084160000,250.0000000000,0
1726,1,99,1,-1,1,1,0,1,1,0.0001946881,0.0547743574,8.4162042123,1.0000000000,0.0084160000,250.0000000000,0
1727,1,99,1,-1,1,1,0,1,1,0.0001946881,0.0545796693,8.4162042123,1.0000000000,0.0084160000,250.0000000000,0
1728,1,99,1,-1,1,1,0,1,1,0.0001946881,0.0543849811,8.4162042123,1.0000000000,0.0084160000,250.0000000000,0
1729,1,99,1,-1,1,1,0,1,1,0.0001946881,0.0541902930,8.4162042123,1.0000000000,0.0084160000,250.0000000000,0
1730,1,99,1,-1,1,1,0,1,1,0.0001946881,0.0539956049,8.4162042123,1.0000000000,0.0084160000,250.0000000000,0
1731,1,99,1,-1,1,1,0,1,1,0.0001946881,0.0538009167,8.4162042123,1.0000000000,0.0084160000,250.0000000000,0
1732,1,99,1,-1,1,1,0,1,1,0.0001946881,0.0536062286,8.4162042123,1.0000000000,0.0084160000,250.0000000000,0
1733,1,99,1,-1,1,1,0,1,1,0.0001946881,0.0534115404,8.4162042123,1.0000000000,0.0084160000,250.0000000000,0
1734,1,99,1,-1,1,1,0,1,1,0.0001946881,0.0532168523,8.4162042123,1.0000000000,0.0084160000,250.0000000000,0
1735,1,99,1,-1,1,1,0,1,1,0.0001946881,0.0530221642,8.4162042123,1.0000000000,0.0084160000,250.0000000000,0
1736,1,99,1,-1,1,1,0,1,1,0.0001946881,0.0528274760,8.4162042123,1.0000000000,0.0084160000,250.0000000000,0
1737,1,99,1,-1,1,1,0,1,1,0.0001946881,0.0526327879,8.4162042123,1.0000000000,0.0084160000,250.0000000000,0
1738,1,99,1,-1,1,1,0,1,1,0.0001946881,0.0524380997,8.4162042123,1.0000000000,0.0084160000,250.0000000000,0
1739,1,99,1,-1,1,1,0,1,1,0.0001946881,0.0522434116,8.4162042123,1.0000000000,0.0084160000,250.0000000000,0
1740,1,99,1,-1,1,1,0,1,1,0.0001946881,0.0520487235,8.4162042123,1.0000000000,0.0084160000,250.0000000000,0
1741,1,99,1,-1,1,1,0,1,1,0.0001946881,0.0518540353,8.4162042123,1.0000000000,0.0084160000,250.0000000000,0
1742,1,99,1,-1,1,1,0,1,1,0.0001946881,0.0516593472,8.4162042123,1.0000000000,0.0084160000,250.0000000000,0
1743,1,99,1,-1,1,1,0,1,1,0.0001946881,0.0514646590,8.4162042123,1.0000000000,0.0084160000,250.0000000000,0
1744,1,99,1,-1,1,1,0,1,1,0.0001946881,0.0512699709,8.4162042123,1.0000000000,0.0084160000,250.0000000000,0
1745,1,99,1,-1,1,1,0,1,1,0.0001946881,0.0510752828,8.4162042123,1.0000000000,0.0084160000,250.0000000000,0
1746,1,99,1,-1,1,1,0,1,1,0.0001946881,0.0508805946,8.4162042123,1.0000000000,0.0084160000,250.0000000000,0
1747,1,99,1,-1,1,1,0,1,1,0.0001946881,0.0506859065,8.4162042123,1.0000000000,0.0084160000,250.0000000000,0
1748,1,99,1,-1,1,1,0,1,1,0.0001946881,0.0504912183,8.4162042123,1.0000000000,0.0084160000,250.0000000000,0
1749,1,99,1,-1,1,1,0,1,1,0.0001946881,0.0502965302,8.4162042123,1.0000000000,0.0084160000,250.0000000000,0
1750,1,99,1,-1,1,1,0,1,1,0.0001946881,0.0501018421,8.4162042123,1.0000000000,0.0084160000,250.0000000000,0
1751,1,99,1,-1,1,1,0,1,1,0.0001946881,0.0499071539,8.4162042123,1.0000000000,0.0084160000,250.0000000000,0
1752,1,99,1,-1,1,1,0,1,1,0.0001946881,0.0497124658,8.4162042123,1.0000000000,0.0084160000,250.0000000000,0
1753,1,99,1,-1,1,1,0,1,1,0.0001946881,0.0495177776,8.4162042123,1.0000000000,0.0084160000,250.0000000000,0
1754,1,99,1,-1,1,1,0,1,1,0.0001946881,0.0493230895,8.4162042123,1.0000000000,0.0084160000,250.0000000000,0
1755,1,99,1,-1,1,1,0,1,1,0.0001946881,0.0491284014,8.4162042123,1.0000000000,0.0084160000,250.0000000000,0
1756,1,99,1,-1,1,1,0,1,1,0.0001946881,0.0489337132,8.4162042123,1.0000000000,0.0084160000,250.0000000000,0
1757,1,99,1,-1,1,1,0,1,1,0.0001946881,0.0487390251,8.4162042123,1.0000000000,0.0084160000,250.0000000000,0
1758,1,99,1,-1,1,1,0,1,1,0.0001946881,0.0485443369,8.4162042123,1.0000000000,0.0084160000,250.0000000000,0
1759,1,99,1,-1,1,1,0,1,1,0.0001946881,0.0483496488,8.4162042123,1.0000000000,0.0084160000,250.0000000000,0
1760,1,99,1,-1,1,1,0,1,1,0.0001946881,0.0481549607,8.4162042123,1.0000000000,0.0084160000,250.0000000000,0
1761,1,99,1,-1,1,1,0,1,1,0.0001946881,0.0479602725,8.4162042123,1.0000000000,0.0084160000,250.0000000000,0
1762,1,99,1,-1,1,1,0,1,1,0.0001946881,0.0477655844,8.4162042123,1.0000000000,0.0084160000,250.0000000000,0
1763,1,99,1,-1,1,1,0,1,1,0.0001946881,0.0475708962,8.4162042123,1.0000000000,0.0084160000,250.0000000000,0
1764,1,99,1,-1,1,1,0,1,1,0.0001946881,0.0473762081,8.4162042123,1.0000000000,0.0084160000,250.0000000000,0
1765,1,99,1,-1,1,1,0,1,1,0.0001946881,0.0471815199,8.4162042123,1.0000000000,0.0084160000,250.0000000000,0
1766,1,99,1,-1,1,1,0,1,1,0.0001946881,0.0469868318,8.4162042123,1.0000000000,0.0084160000,250.0000000000,0
1767,1,99,1,-1,1,1,0,1,1,0.0001946881,0.0467921437,8.4162042123,1.0000000000,0.0084160000,250.0000000000,0
1768,1,99,1,-1,1,1,0,1,1,0.0001946881,0.0465974555,8.4162042123,1.0000000000,0.0084160000,250.0000000000,0
1769,1,99,1,-1,1,1,0,1,1,0.0001946881,0.0464027674,8.4162042123,1.0000000000,0.0084160000,250.0000000000,0
1770,1,99,1,-1,1,1,0,1,1,0.0001946881,0.0462080792,8.4162042123,1.0000000000,0.0084160000,250.0000000000,0
1771,1,99,1,-1,1,1,0,1,1,0.0001946881,0.0460133911,8.4162042123,1.0000000000,0.0084160000,250.0000000000,0
1772,1,99,1,-1,1,1,0,1,1,0.0001946881,0.0458187030,8.4162042123,1.0000000000,0.0084160000,250.0000000000,0
1773,1,99,1,-1,1,1,0,1,1,0.0001946881,0.0456240148,8.4162042123,1.0000000000,0.0084160000,250.0000000000,0
1774,1,99,1,-1,1,1,0,1,1,0.0001946881,0.0454293267,8.4162042123,1.0000000000,0.0084160000,250.0000000000,0
1775,1,99,1,-1,1,1,0,1,1,0.0001946881,0.0452346385,8.4162042123,1.0000000000,0.0084160000,250.0000000000,0
1776,1,99,1,-1,1,1,0,1,1,0.0001946881,0.0450399504,8.4162042123,1.0000000000,0.0084160000,250.0000000000,0
1777,1,99,1,-1,1,1,0,1,1,0.0001946881,0.0448452623,8.4162042123,1.0000000000,0.0084160000,250.0000000000,0
1778,1,99,1,-1,1,1,0,1,1,0.0001946881,0.0446505741,8.4162042123,1.0000000000,0.0084160000,250.0000000000,0
1779,1,99,1,-1,1,1,0,1,1,0.0001946881,0.0444558860,8.4162042123,1.0000000000,0.0084160000,250.0000000000,0
1780,1,99,1,-1,1,1,0,1,1,0.0001946881,0.0442611978,8.4162042123,1.0000000000,0.0084160000,250.0000000000,0
1781,1,99,1,-1,1,1,0,1,1,0.0001946881,0.0440665097,8.4162042123,1.0000000000,0.0084160000,250.0000000000,0
1782,1,99,1,-1,1,1,0,1,1,0.0001946881,0.0438718216,8.4162042123,1.0000000000,0.0084160000,250.0000000000,0
1783,1,99,1,-1,1,1,0,1,1,0.0001946881,0.0436771334,8.4162042123,1.0000000000,0.0084160000,250.0000000000,0
1784,1,99,1,-1,1,1,0,1,1,0.0001946881,0.0434824453,8.4162042123,1.0000000000,0.0084160000,250.0000000000,0
1785,1,99,1,-1,1,1,0,1,1,0.0001946881,0.0432877571,8.4162042123,1.0000000000,0.0084160000,250.0000000000,0
1786,1,99,1,-1,1,1,0,1,1,0.0001946881,0.0430930690,8.4162042123,1.0000000000,0.0084160000,250.0000000000,0
1787,1,99,1,-1,1,1,0,1,1,0.0001946881,0.0428983809,8.4162042123,1.0000000000,0.0084160000,250.0000000000,0
1788,1,99,1,-1,1,1,0,1,1,0.0001946881,0.0427036927,8.4162042123,1.0000000000,0.0084160000,250.0000000000,0
1789,1,99,1,-1,1,1,0,1,1,0.0001946881,0.0425090046,8.4162042123,1.0000000000,0.0084160000,250.0000000000,0
1790,1,99,1,-1,1,1,0,1,1,0.0001946881,0.0423143164,8.4162042123,1.0000000000,0.0084160000,250.0000000000,0
1791,1,99,1,-1,1,1,0,1,1,0.0001946881,0.0421196283,8.4162042123,1.0000000000,0.0084160000,250.0000000000,0
1792,1,99,1,-1,1,1,0,1,1,0.0001946881,0.0419249402,8.4162042123,1.0000000000,0.0084160000,250.0000000000,0
1793,1,99,1,-1,1,1,0,1,1,0.0001946881,0.0417302520,8.4162042123,1.0000000000,0.0084160000,250.0000000000,0
1794,1,99,1,-1,1,1,0,1,1,0.0001946881,0.0415355639,8.4162042123,1.0000000000,0.0084160000,250.0000000000,0
1795,1,99,1,-1,1,1,0,1,1,0.0001946881,0.0413408757,8.4162042123,1.0000000000,0.0084160000,250.0000000000,0
1796,1,99,1,-1,1,1,0,1,1,0.0001946881,0.0411461876,8.4162042123,1.0000000000,0.0084160000,250.0000000000,0
1797,1,99,1,-1,1,1,0,1,1,0.0001946881,0.0409514995,8.4162042123,1.0000000000,0.0084160000,250.0000000000,0
1798,1,99,1,-1,1,1,0,1,1,0.0001946881,0.0407568113,8.4162042123,1.0000000000,0.0084160000,250.0000000000,0
1799,1,99,1,-1,1,1,0,1,1,0.0001946881,0.0405621232,8.4162042123,1.0000000000,0.0084160000,250.0000000000,0
1800,1,99,1,-1,1,1,0,1,1,0.0001946881,0.0403674350,8.4162042123,1.0000000000,0.0084160000,250.0000000000,0
1801,1,99,1,-1,1,1,0,1,1,0.0001946881,0.0401727469,8.4162042123,1.0000000000,0.0084160000,250.0000000000,0
1802,1,99,1,-1,1,1,0,1,1,0.0001946881,0.0399780587,8.4162042123,1.0000000000,0.0084160000,250.0000000000,0
1803,1,99,1,-1,1,1,0,1,1,0.0001946881,0.0397833706,8.4162042123,1.0000000000,0.0084160000,250.0000000000,0
1804,1,99,1,-1,1,1,0,1,1,0.0001946881,0.0395886825,8.4162042123,1.0000000000,0.0084160000,250.0000000000,0
1805,1,99,1,-1,1,1,0,1,1,0.0001946881,0.0393939943,8.4162042123,1.0000000000,0.0084160000,250.0000000000,0
1806,1,99,1,-1,1,1,0,1,1,0.0001946881,0.0391993062,8.4162042123,1.0000000000,0.0084160000,250.0000000000,0
1807,1,99,1,-1,1,1,0,1,1,0.0001946881,0.0390046180,8.4162042123,1.0000000000,0.0084160000,250.0000000000,0
1808,1,99,1,-1,1,1,0,1,1,0.0001946881,0.0388099299,8.4162042123,1.0000000000,0.0084160000,250.0000000000,0
1809,1,99,1,-1,1,1,0,1,1,0.0001946881,0.0386152418,8.4162042123,1.0000000000,0.0084160000,250.0000000000,0
1810,1,99,1,-1,1,1,0,1,1,0.0001946881,0.0384205536,8.4162042123,1.0000000000,0.0084160000,250.0000000000,0
1811,1,99,1,-1,1,1,0,1,1,0.0001946881,0.0382258655,8.4162042123,1.0000000000,0.0084160000,250.0000000000,0
1812,1,99,1,-1,1,1,0,1,1,0.0001946881,0.0380311773,8.4162042123,1.0000000000,0.0084160000,250.0000000000,0
1813,1,99,1,-1,1,1,0,1,1,0.0001946881,0.0378364892,8.4162042123,1.0000000000,0.0084160000,250.0000000000,0
1814,1,99,1,-1,1,1,0,1,1,0.0001946881,0.0376418011,8.4162042123,1.0000000000,0.0084160000,250.0000000000,0
1815,1,99,1,-1,1,1,0,1,1,0.0001946881,0.0374471129,8.4162042123,1.0000000000,0.0084160000,250.0000000000,0
1816,1,99,1,-1,1,1,0,1,1,0.0001946881,0.0372524248,8.4162042123,1.0000000000,0.0084160000,250.0000000000,0
1817,1,99,1,-1,1,1,0,1,1,0.0001946881,0.0370577366,8.4162042123,1.0000000000,0.0084160000,250.0000000000,0
1818,1,99,1,-1,1,1,0,1,1,0.0001946881,0.0368630485,8.4162042123,1.0000000000,0.0084160000,250.0000000000,0
1819,1,99,1,-1,1,1,0,1,1,0.0001946881,0.0366683604,8.4162042123,1.0000000000,0.0084160000,250.0000000000,0
1820,1,99,1,-1,1,1,0,1,1,0.0001946881,0.0364736722,8.4162042123,1.0000000000,0.0084160000,250.0000000000,0
1821,1,99,1,-1,1,1,0,1,1,0.0001946881,0.0362789841,8.4162042123,1.0000000000,0.0084160000,250.0000000000,0
1822,1,99,1,-1,1,1,0,1,1,0.0001946881,0.0360842959,8.4162042123,1.0000000000,0.0084160000,250.0000000000,0
1823,1,99,1,-1,1,1,0,1,1,0.0001946881,0.0358896078,8.4162042123,1.0000000000,0.0084160000,250.0000000000,0
1824,1,99,1,-1,1,1,0,1,1,0.0001946881,0.0356949197,8.4162042123,1.0000000000,0.0084160000,250.0000000000,0
1825,1,99,1,-1,1,1,0,1,1,0.0001946881,0.0355002315,8.4162042123,1.0000000000,0.0084160000,250.0000000000,0
1826,1,99,1,-1,1,1,0,1,1,0.0001946881,0.0353055434,8.4162042123,1.0000000000,0.0084160000,250.0000000000,0
1827,1,99,1,-1,1,1,0,1,1,0.0001946881,0.0351108552,8.4162042123,1.0000000000,0.0084160000,250.0000000000,0
1828,1,99,1,-1,1,1,0,1,1,0.0001946881,0.0349161671,8.4162042123,1.0000000000,0.0084160000,250.0000000000,0
1829,1,99,1,-1,1,1,0,1,1,0.0001946881,0.0347214790,8.4162042123,1.0000000000,0.0084160000,250.0000000000,0
1830,1,99,1,-1,1,1,0,1,1,0.0001946881,0.0345267908,8.4162042123,1.0000000000,0.0084160000,250.0000000000,0
1831,1,99,1,-1,1,1,0,1,1,0.0001946881,0.0343321027,8.4162042123,1.0000000000,0.0084160000,250.0000000000,0
1832,1,99,1,-1,1,1,0,1,1,0.0001946881,0.0341374145,8.4162042123,1.0000000000,0.0084160000,250.0000000000,0
1833,1,99,1,-1,1,1,0,1,1,0.0001946881,0.0339427264,8.4162042123,1.0000000000,0.0084160000,250.0000000000,0
1834,1,99,1,-1,1,1,0,1,1,0.0001946881,0.0337480383,8.4162042123,1.0000000000,0.0084160000,250.0000000000,0
1835,1,99,1,-1,1,1,0,1,1,0.0001946881,0.0335533501,8.4162042123,1.0000000000,0.0084160000,250.0000000000,0
1836,1,99,1,-1,1,1,0,1,1,0.0001946881,0.0333586620,8.4162042123,1.0000000000,0.0084160000,250.0000000000,0
1837,1,99,1,-1,1,1,0,1,1,0.0001946881,0.0331639738,8.4162042123,1.0000000000,0.0084160000,250.0000000000,0
1838,1,99,1,-1,1,1,0,1,1,0.0001946881,0.0329692857,8.4162042123,1.0000000000,0.0084160000,250.0000000000,0
1839,1,99,1,-1,1,1,0,1,1,0.0001946881,0.0327745975,8.4162042123,1.0000000000,0.0084160000,250.0000000000,0
1840,1,99,1,-1,1,1,0,1,1,0.0001946881,0.0325799094,8.4162042123,1.0000000000,0.0084160000,250.0000000000,0
1841,1,99,1,-1,1,1,0,1,1,0.0001946881,0.0323852213,8.4162042123,1.0000000000,0.0084160000,250.0000000000,0
1842,1,99,1,-1,1,1,0,1,1,0.0001946881,0.0321905331,8.4162042123,1.0000000000,0.0084160000,250.0000000000,0
1843,1,99,1,-1,1,1,0,1,1,0.0001946881,0.0319958450,8.4162042123,1.0000000000,0.0084160000,250.0000000000,0
1844,1,99,1,-1,1,1,0,1,1,0.0001946881,0.0318011568,8.4162042123,1.0000000000,0.0084160000,250.0000000000,0
1845,1,99,1,-1,1,1,0,1,1,0.0001946881,0.0316064687,8.4162042123,1.0000000000,0.0084160000,250.0000000000,0
1846,1,99,1,-1,1,1,0,1,1,0.0001946881,0.0314117806,8.4162042123,1.0000000000,0.0084160000,250.0000000000,0
1847,1,99,1,-1,1,1,0,1,1,0.0001946881,0.0312170924,8.4162042123,1.0000000000,0.0084160000,250.0000000000,0
1848,1,99,1,-1,1,1,0,1,1,0.0001946881,0.0310224043,8.4162042123,1.0000000000,0.0084160000,250.0000000000,0
1849,1,99,1,-1,1,1,0,1,1,0.0001946881,0.0308277161,8.4162042123,1.0000000000,0.0084160000,250.0000000000,0
1850,1,99,1,-1,1,1,0,1,1,0.0001946881,0.0306330280,8.4162042123,1.0000000000,0.0084160000,250.0000000000,0
1851,1,99,1,-1,1,1,0,1,1,0.0001946881,0.0304383399,8.4162042123,1.0000000000,0.0084160000,250.0000000000,0
1852,1,99,1,-1,1,1,0,1,1,0.0001946881,0.0302436517,8.4162042123,1.0000000000,0.0084160000,250.0000000000,0
1853,1,99,1,-1,1,1,0,1,1,0.0001946881,0.0300489636,8.4162042123,1.0000000000,0.0084160000,250.0000000000,0
1854,1,99,1,-1,1,1,0,1,1,0.0001946881,0.0298542754,8.4162042123,1.0000000000,0.0084160000,250.0000000000,0
1855,1,99,1,-1,1,1,0,1,1,0.0001946881,0.0296595873,8.4162042123,1.0000000000,0.0084160000,250.0000000000,0
1856,1,99,1,-1,1,1,0,1,1,0.0001946881,0.0294648992,8.4162042123,1.0000000000,0.0084160000,250.0000000000,0
1857,1,99,1,-1,1,1,0,1,1,0.0001946881,0.0292702110,8.4162042123,1.0000000000,0.0084160000,250.0000000000,0
1858,1,99,1,-1,1,1,0,1,1,0.0001946881,0.0290755229,8.4162042123,1.0000000000,0.0084160000,250.0000000000,0
1859,1,99,1,-1,1,1,0,1,1,0.0001946881,0.0288808347,8.4162042123,1.0000000000,0.0084160000,250.0000000000,0
1860,1,99,1,-1,1,1,0,1,1,0.0001946881,0.0286861466,8.4162042123,1.0000000000,0.0084160000,250.0000000000,0
1861,1,99,1,-1,1,1,0,1,1,0.0001946881,0.0284914585,8.4162042123,1.0000000000,0.0084160000,250.0000000000,0
1862,1,99,1,-1,1,1,0,1,1,0.0001946881,0.0282967703,8.4162042123,1.0000000000,0.0084160000,250.0000000000,0
1863,1,99,1,-1,1,1,0,1,1,0.0001946881,0.0281020822,8.4162042123,1.0000000000,0.0084160000,250.0000000000,0
1864,1,99,1,-1,1,1,0,1,1,0.0001946881,0.0279073940,8.4162042123,1.0000000000,0.0084160000,250.0000000000,0
1865,1,99,1,-1,1,1,0,1,1,0.0001946881,0.0277127059,8.4162042123,1.0000000000,0.0084160000,250.0000000000,0
1866,1,99,1,-1,1,1,0,1,1,0.0001946881,0.0275180178,8.4162042123,1.0000000000,0.0084160000,250.0000000000,0
1867,1,99,1,-1,1,1,0,1,1,0.0001946881,0.0273233296,8.4162042123,1.0000000000,0.0084160000,250.0000000000,0
1868,1,99,1,-1,1,1,0,1,1,0.0001946881,0.0271286415,8.4162042123,1.0000000000,0.0084160000,250.0000000000,0
1869,1,99,1,-1,1,1,0,1,1,0.0001946881,0.0269339533,8.4162042123,1.0000000000,0.0084160000,250.0000000000,0
1870,1,99,1,-1,1,1,0,1,1,0.0001946881,0.0267392652,8.4162042123,1.0000000000,0.0084160000,250.0000000000,0
1871,1,99,1,-1,1,1,0,1,1,0.0001946881,0.0265445771,8.4162042123,1.0000000000,0.0084160000,250.0000000000,0
1872,1,99,1,-1,1,1,0,1,1,0.0001946881,0.0263498889,8.4162042123,1.0000000000,0.0084160000,250.0000000000,0
1873,1,99,1,-1,1,1,0,1,1,0.0001946881,0.0261552008,8.4162042123,1.0000000000,0.0084160000,250.0000000000,0
1874,1,99,1,-1,1,1,0,1,1,0.0001946881,0.0259605126,8.4162042123,1.0000000000,0.0084160000,250.0000000000,0
1875,1,99,1,-1,1,1,0,1,1,0.0001946881,0.0257658245,8.4162042123,1.0000000000,0.0084160000,250.0000000000,0
1876,1,99,1,-1,1,1,0,1,1,0.0001946881,0.0255711364,8.4162042123,1.0000000000,0.0084160000,250.0000000000,0
1877,1,99,1,-1,1,1,0,1,1,0.0001946881,0.0253764482,8.4162042123,1.0000000000,0.0084160000,250.0000000000,0
1878,1,99,1,-1,1,1,0,1,1,0.0001946881,0.0251817601,8.4162042123,1.0000000000,0.0084160000,250.0000000000,0
1879,1,99,1,-1,1,1,0,1,1,0.0001946881,0.0249870719,8.4162042123,1.0000000000,0.0084160000,250.0000000000,0
1880,1,99,1,-1,1,1,0,1,1,0.0001946881,0.0247923838,8.4162042123,1.0000000000,0.0084160000,250.0000000000,0
1881,1,99,1,-1,1,1,0,1,1,0.0001946881,0.0245976956,8.4162042123,1.0000000000,0.0084160000,250.0000000000,0
1882,1,99,1,-1,1,1,0,1,1,0.0001946881,0.0244030075,8.4162042123,1.0000000000,0.0084160000,250.0000000000,0
1883,1,99,1,-1,1,1,0,1,1,0.0001946881,0.0242083194,8.4162042123,1.0000000000,0.0084160000,250.0000000000,0
1884,1,99,1,-1,1,1,0,1,1,0.0001946881,0.0240136312,8.4162042123,1.0000000000,0.0084160000,250.0000000000,0
1885,1,99,1,-1,1,1,0,1,1,0.0001946881,0.0238189431,8.4162042123,1.0000000000,0.0084160000,250.0000000000,0
1886,1,99,1,-1,1,1,0,1,1,0.0001946881,0.0236242549,8.4162042123,1.0000000000,0.0084160000,250.0000000000,0
1887,1,99,1,-1,1,1,0,1,1,0.0001946881,0.0234295668,8.4162042123,1.0000000000,0.0084160000,250.0000000000,0
1888,1,99,1,-1,1,1,0,1,1,0.0001946881,0.0232348787,8.4162042123,1.0000000000,0.0084160000,250.0000000000,0
1889,1,99,1,-1,1,1,0,1,1,0.0001946881,0.0230401905,8.4162042123,1.0000000000,0.0084160000,250.0000000000,0
1890,1,99,1,-1,1,1,0,1,1,0.0001946881,0.0228455024,8.4162042123,1.0000000000,0.0084160000,250.0000000000,0
1891,1,99,1,-1,1,1,0,1,1,0.0001946881,0.0226508142,8.4162042123,1.0000000000,0.0084160000,250.0000000000,0
1892,1,99,1,-1,1,1,0,1,1,0.0001946881,0.0224561261,8.4162042123,1.0000000000,0.0084160000,250.0000000000,0
1893,1,99,1,-1,1,1,0,1,1,0.0001946881,0.0222614380,8.4162042123,1.0000000000,0.0084160000,250.0000000000,0
1894,1,99,1,-1,1,1,0,1,1,0.0001946881,0.0220667498,8.4162042123,1.0000000000,0.0084160000,250.0000000000,0
1895,1,99,1,-1,1,1,0,1,1,0.0001946881,0.0218720617,8.4162042123,1.0000000000,0.0084160000,250.0000000000,0
1896,1,99,1,-1,1,1,0,1,1,0.0001946881,0.0216773735,8.4162042123,1.0000000000,0.0084160000,250.0000000000,0
1897,1,99,1,-1,1,1,0,1,1,0.0001946881,0.0214826854,8.4162042123,1.0000000000,0.0084160000,250.0000000000,0
1898,1,99,1,-1,1,1,0,1,1,0.0001946881,0.0212879973,8.4162042123,1.0000000000,0.0084160000,250.0000000000,0
1899,1,99,1,-1,1,1,0,1,1,0.0001946881,0.0210933091,8.4162042123,1.0000000000,0.0084160000,250.0000000000,0
1900,1,99,1,-1,1,1,0,1,1,0.0001946881,0.0208986210,8.4162042123,1.0000000000,0.0084160000,250.0000000000,0
1901,1,99,1,-1,1,1,0,1,1,0.0001946881,0.0207039328,8.4162042123,1.0000000000,0.0084160000,250.0000000000,0
1902,1,99,1,-1,1,1,0,1,1,0.0001946881,0.0205092447,8.4162042123,1.0000000000,0.0084160000,250.0000000000,0
1903,1,99,1,-1,1,1,0,1,1,0.0001946881,0.0203145566,8.4162042123,1.0000000000,0.0084160000,250.0000000000,0
1904,1,99,1,-1,1,1,0,1,1,0.0001946881,0.0201198684,8.4162042123,1.0000000000,0.0084160000,250.0000000000,0
1905,1,99,1,-1,1,1,0,1,1,0.0001946881,0.0199251803,8.4162042123,1.0000000000,0.0084160000,250.0000000000,0
1906,1,99,1,-1,1,1,0,1,1,0.0001946881,0.0197304921,8.4162042123,1.0000000000,0.0084160000,250.0000000000,0
1907,1,99,1,-1,1,1,0,1,1,0.0001946881,0.0195358040,8.4162042123,1.0000000000,0.0084160000,250.0000000000,0
1908,1,99,1,-1,1,1,0,1,1,0.0001946881,0.0193411159,8.4162042123,1.0000000000,0.0084160000,250.0000000000,0
1909,1,99,1,-1,1,1,0,1,1,0.0001946881,0.0191464277,8.4162042123,1.0000000000,0.0084160000,250.0000000000,0
1910,1,99,1,-1,1,1,0,1,1,0.0001946881,0.0189517396,8.4162042123,1.0000000000,0.0084160000,250.0000000000,0
1911,1,99,1,-1,1,1,0,1,1,0.0001946881,0.0187570514,8.4162042123,1.0000000000,0.0084160000,250.0000000000,0
1912,1,99,1,-1,1,1,0,1,1,0.0001946881,0.0185623633,8.4162042123,1.0000000000,0.0084160000,250.0000000000,0
1913,1,99,1,-1,1,1,0,1,1,0.0001946881,0.0183676752,8.4162042123,1.0000000000,0.0084160000,250.0000000000,0
1914,1,99,1,-1,1,1,0,1,1,0.0001946881,0.0181729870,8.4162042123,1.0000000000,0.0084160000,250.0000000000,0
1915,1,99,1,-1,1,1,0,1,1,0.0001946881,0.0179782989,8.4162042123,1.0000000000,0.0084160000,250.0000000000,0
1916,1,99,1,-1,1,1,0,1,1,0.0001946881,0.0177836107,8.4162042123,1.0000000000,0.0084160000,250.0000000000,0
1917,1,99,1,-1,1,1,0,1,1,0.0001946881,0.0175889226,8.4162042123,1.0000000000,0.0084160000,250.0000000000,0
1918,1,99,1,-1,1,1,0,1,1,0.0001946881,0.0173942344,8.4162042123,1.0000000000,0.0084160000,250.0000000000,0
1919,1,99,1,-1,1,1,0,1,1,0.0001946881,0.0171995463,8.4162042123,1.0000000000,0.0084160000,250.0000000000,0
1920,1,99,1,-1,1,1,0,1,1,0.0001946881,0.0170048582,8.4162042123,1.0000000000,0.0084160000,250.0000000000,0
1921,1,99,1,-1,1,1,0,1,1,0.0001946881,0.0168101700,8.4162042123,1.0000000000,0.0084160000,250.0000000000,0
1922,1,99,1,-1,1,1,0,1,1,0.0001946881,0.0166154819,8.4162042123,1.0000000000,0.0084160000,250.0000000000,0
1923,1,99,1,-1,1,1,0,1,1,0.0001946881,0.0164207937,8.4162042123,1.0000000000,0.0084160000,250.0000000000,0
1924,1,99,1,-1,1,1,0,1,1,0.0001946881,0.0162261056,8.4162042123,1.0000000000,0.0084160000,250.0000000000,0
1925,1,99,1,-1,1,1,0,1,1,0.0001946881,0.0160314175,8.4162042123,1.0000000000,0.0084160000,250.0000000000,0
1926,1,99,1,-1,1,1,0,1,1,0.0001946881,0.0158367293,8.4162042123,1.0000000000,0.0084160000,250.0000000000,0
1927,1,99,1,-1,1,1,0,1,1,0.0001946881,0.0156420412,8.4162042123,1.0000000000,0.0084160000,250.0000000000,0
1928,1,99,1,-1,1,1,0,1,1,0.0001946881,0.0154473530,8.4162042123,1.0000000000,0.0084160000,250.0000000000,0
1929,1,99,1,-1,1,1,0,1,1,0.0001946881,0.0152526649,8.4162042123,1.0000000000,0.0084160000,250.0000000000,0
1930,1,99,1,-1,1,1,0,1,1,0.0001946881,0.0150579768,8.4162042123,1.0000000000,0.0084160000,250.0000000000,0
1931,1,99,1,-1,1,1,0,1,1,0.0001946881,0.0148632886,8.4162042123,1.0000000000,0.0084160000,250.0000000000,0
1932,1,99,1,-1,1,1,0,1,1,0.0001946881,0.0146686005,8.4162042123,1.0000000000,0.0084160000,250.0000000000,0
1933,1,99,1,-1,1,1,0,1,1,0.0001946881,0.0144739123,8.4162042123,1.0000000000,0.0084160000,250.0000000000,0
1934,1,99,1,-1,1,1,0,1,1,0.0001946881,0.0142792242,8.4162042123,1.0000000000,0.0084160000,250.0000000000,0
1935,1,99,1,-1,1,1,0,1,1,0.0001946881,0.0140845361,8.4162042123,1.0000000000,0.0084160000,250.0000000000,0
1936,1,99,1,-1,1,1,0,1,1,0.0001946881,0.0138898479,8.4162042123,1.0000000000,0.0084160000,250.0000000000,0
1937,1,99,1,-1,1,1,0,1,1,0.0001946881,0.0136951598,8.4162042123,1.0000000000,0.0084160000,250.0000000000,0
1938,1,99,1,-1,1,1,0,1,1,0.0001946881,0.0135004716,8.4162042123,1.0000000000,0.0084160000,250.0000000000,0
1939,1,99,1,-1,1,1,0,1,1,0.0001946881,0.0133057835,8.4162042123,1.0000000000,0.0084160000,250.0000000000,0
1940,1,99,1,-1,1,1,0,1,1,0.0001946881,0.0131110954,8.4162042123,1.0000000000,0.0084160000,250.0000000000,0
1941,1,99,1,-1,1,1,0,1,1,0.0001946881,0.0129164072,8.4162042123,1.0000000000,0.0084160000,250.0000000000,0
1942,1,99,1,-1,1,1,0,1,1,0.0001946881,0.0127217191,8.4162042123,1.0000000000,0.0084160000,250.0000000000,0
1943,1,99,1,-1,1,1,0,1,1,0.0001946881,0.0125270309,8.4162042123,1.0000000000,0.0084160000,250.0000000000,0
1944,1,99,1,-1,1,1,0,1,1,0.0001946881,0.0123323428,8.4162042123,1.0000000000,0.0084160000,250.0000000000,0
1945,1,99,1,-1,1,1,0,1,1,0.0001946881,0.0121376547,8.4162042123,1.0000000000,0.0084160000,250.0000000000,0
1946,1,99,1,-1,1,1,0,1,1,0.0001946881,0.0119429665,8.4162042123,1.0000000000,0.0084160000,250.0000000000,0
1947,1,99,1,-1,1,1,0,1,1,0.0001946881,0.0117482784,8.4162042123,1.0000000000,0.0084160000,250.0000000000,0
1948,1,99,1,-1,1,1,0,1,1,0.0001946881,0.0115535902,8.4162042123,1.0000000000,0.0084160000,250.0000000000,0
1949,1,99,1,-1,1,1,0,1,1,0.0001946881,0.0113589021,8.4162042123,1.0000000000,0.0084160000,250.0000000000,0
1950,1,99,1,-1,1,1,0,1,1,0.0001946881,0.0111642140,8.4162042123,1.0000000000,0.0084160000,250.0000000000,0
1951,1,99,1,-1,1,1,0,1,1,0.0001946881,0.0109695258,8.4162042123,1.0000000000,0.0084160000,250.0000000000,0
1952,1,99,1,-1,1,1,0,1,1,0.0001946881,0.0107748377,8.4162042123,1.0000000000,0.0084160000,250.0000000000,0
1953,1,99,1,-1,1,1,0,1,1,0.0001946881,0.0105801495,8.4162042123,1.0000000000,0.0084160000,250.0000000000,0
1954,1,99,1,-1,1,1,0,1,1,0.0001946881,0.0103854614,8.4162042123,1.0000000000,0.0084160000,250.0000000000,0
1955,1,99,1,-1,1,1,0,1,1,0.0001946881,0.0101907732,8.4162042123,1.0000000000,0.0084160000,250.0000000000,0
1956,1,99,1,-1,1,1,0,1,1,0.0001946881,0.0099960851,8.4162042123,1.0000000000,0.0084160000,250.0000000000,0
1957,1,99,1,-1,1,1,0,1,1,0.0001946881,0.0098013970,8.4162042123,1.0000000000,0.0084160000,250.0000000000,0
1958,1,99,1,-1,1,1,0,1,1,0.0001946881,0.0096067088,8.4162042123,1.0000000000,0.0084160000,250.0000000000,0
1959,1,99,1,-1,1,1,0,1,1,0.0001946881,0.0094120207,8.4162042123,1.0000000000,0.0084160000,250.0000000000,0
1960,1,99,1,-1,1,1,0,1,1,0.0001946881,0.0092173325,8.4162042123,1.0000000000,0.0084160000,250.0000000000,0
1961,1,99,1,-1,1,1,0,1,1,0.0001946881,0.0090226444,8.4162042123,1.0000000000,0.0084160000,250.0000000000,0
1962,1,99,1,-1,1,1,0,1,1,0.0001946881,0.0088279563,8.4162042123,1.0000000000,0.0084160000,250.0000000000,0
1963,1,99,1,-1,1,1,0,1,1,0.0001946881,0.0086332681,8.4162042123,1.0000000000,0.0084160000,250.0000000000,0
1964,1,99,1,-1,1,1,0,1,1,0.0001946881,0.0084385800,8.4162042123,1.0000000000,0.0084160000,250.0000000000,0
1965,1,99,1,-1,1,1,0,1,1,0.0001946881,0.0082438918,8.4162042123,1.0000000000,0.0084160000,250.0000000000,0
1966,1,99,1,-1,1,1,0,1,1,0.0001946881,0.0080492037,8.4162042123,1.0000000000,0.0084160000,250.0000000000,0
1967,1,99,1,-1,1,1,0,1,1,0.0001946881,0.0078545156,8.4162042123,1.0000000000,0.0084160000,250.0000000000,0
1968,1,99,1,-1,1,1,0,1,1,0.0001946881,0.0076598274,8.4162042123,1.0000000000,0.0084160000,250.0000000000,0
1969,1,99,1,-1,1,1,0,1,1,0.0001946881,0.0074651393,8.4162042123,1.0000000000,0.0084160000,250.0000000000,0
1970,1,99,1,-1,1,1,0,1,1,0.0001946881,0.0072704511,8.4162042123,1.0000000000,0.0084160000,250.0000000000,0
1971,1,99,1,-1,1,1,0,1,1,0.0001946881,0.0070757630,8.4162042123,1.0000000000,0.0084160000,250.0000000000,0
1972,1,99,1,-1,1,1,0,1,1,0.0001946881,0.0068810749,8.4162042123,1.0000000000,0.0084160000,250.0000000000,0
1973,1,99,1,-1,1,1,0,1,1,0.0001946881,0.0066863867,8.4162042123,1.0000000000,0.0084160000,250.0000000000,0
1974,1,99,1,-1,1,1,0,1,1,0.0001946881,0.0064916986,8.4162042123,1.0000000000,0.0084160000,250.0000000000,0
1975,1,99,1,-1,1,1,0,1,1,0.0001946881,0.0062970104,8.4162042123,1.0000000000,0.0084160000,250.0000000000,0
1976,1,99,1,-1,1,1,0,1,1,0.0001946881,0.0061023223,8.4162042123,1.0000000000,0.0084160000,250.0000000000,0
1977,1,99,1,-1,1,1,0,1,1,0.0001946881,0.0059076342,8.4162042123,1.0000000000,0.0084160000,250.0000000000,0
1978,1,99,1,-1,1,1,0,1,1,0.0001946881,0.0057129460,8.4162042123,1.0000000000,0.0084160000,250.0000000000,0
1979,1,99,1,-1,1,1,0,1,1,0.0001946881,0.0055182579,8.4162042123,1.0000000000,0.0084160000,250.0000000000,0
1980,1,99,1,-1,1,1,0,1,1,0.0001946881,0.0053235697,8.4162042123,1.0000000000,0.0084160000,250.0000000000,0
1981,1,99,1,-1,1,1,0,1,1,0.0001946881,0.0051288816,8.4162042123,1.0000000000,0.0084160000,250.0000000000,0
1982,1,99,1,-1,1,1,0,1,1,0.0001946881,0.0049341935,8.4162042123,1.0000000000,0.0084160000,250.0000000000,0
1983,1,99,1,-1,1,1,0,1,1,0.0001946881,0.0047395053,8.4162042123,1.0000000000,0.0084160000,250.0000000000,0
1984,1,99,1,-1,1,1,0,1,1,0.0001946881,0.0045448172,8.4162042123,1.0000000000,0.0084160000,250.0000000000,0
1985,1,99,1,-1,1,1,0,1,1,0.0001946881,0.0043501290,8.4162042123,1.0000000000,0.0084160000,250.0000000000,0
1986,1,99,1,-1,1,1,0,1,1,0.0001946881,0.0041554409,8.4162042123,1.0000000000,0.0084160000,250.0000000000,0
1987,1,99,1,-1,1,1,0,1,1,0.0001946881,0.0039607528,8.4162042123,1.0000000000,0.0084160000,250.0000000000,0
1988,1,99,1,-1,1,1,0,1,1,0.0001946881,0.0037660646,8.4162042123,1.0000000000,0.0084160000,250.0000000000,0
1989,1,99,1,-1,1,1,0,1,1,0.0001946881,0.0035713765,8.4162042123,1.0000000000,0.0084160000,250.0000000000,0
1990,1,99,1,-1,1,1,0,1,1,0.0001946881,0.0033766883,8.4162042123,1.0000000000,0.0084160000,250.0000000000,0
1991,1,99,1,-1,1,1,0,1,1,0.0001946881,0.0031820002,8.4162042123,1.0000000000,0.0084160000,250.0000000000,0
1992,1,99,1,-1,1,1,0,1,1,0.0001946881,0.0029873121,8.4162042123,1.0000000000,0.0084160000,250.0000000000,0
1993,1,99,1,-1,1,1,0,1,1,0.0001946881,0.0027926239,8.4162042123,1.0000000000,0.0084160000,250.0000000000,0
1994,1,99,1,-1,1,1,0,1,1,0.0001946881,0.0025979358,8.4162042123,1.0000000000,0.0084160000,250.0000000000,0
1995,1,99,1,-1,1,1,0,1,1,0.0001946881,0.0024032476,8.4162042123,1.0000000000,0.0084160000,250.0000000000,0
1996,1,99,1,-1,1,1,0,1,1,0.0001946881,0.0022085595,8.4162042123,1.0000000000,0.0084160000,250.0000000000,0
1997,1,99,1,-1,1,1,0,1,1,0.0001946881,0.0020138713,8.4162042123,1.0000000000,0.0084160000,250.0000000000,0
1998,1,99,1,-1,1,1,0,1,1,0.0001946881,0.0018191832,8.4162042123,1.0000000000,0.0084160000,250.0000000000,0
1999,1,99,1,-1,1,1,0,1,1,0.0001946881,0.0016244951,8.4162042123,1.0000000000,0.0084160000,250.0000000000,0
2000,1,99,1,-1,1,1,0,1,1,0.0001946881,0.0014298069,8.4162042123,1.0000000000,0.0084160000,250.0000000000,0
2001,1,99,1,-1,1,1,0,1,1,0.0001946881,0.0012351188,8.4162042123,1.0000000000,0.0084160000,250.0000000000,0
2002,1,99,1,-1,1,1,0,1,1,0.0001946881,0.0010404306,8.4162042123,1.0000000000,0.0084160000,250.0000000000,0
2003,1,99,1,-1,1,1,0,1,1,0.0001946881,0.0008457425,8.4162042123,1.0000000000,0.0084160000,250.0000000000,0
2004,1,99,1,-1,1,1,0,1,1,0.0001946881,0.0006510544,8.4162042123,1.0000000000,0.0084160000,250.0000000000,0
2005,1,99,1,-1,1,1,0,1,1,0.0001946881,0.0004563662,8.4162042123,1.0000000000,0.0084160000,250.0000000000,0
2006,1,99,1,-1,1,1,0,1,1,0.0001946881,0.0002616781,8.4162042123,1.0000000000,0.0084160000,250.0000000000,0
2007,1,99,1,-1,1,1,0,1,1,0.0001946881,0.0000669899,8.4162042123,1.0000000000,0.0084160000,250.0000000000,0
2008,0,100,1,-1,1,0,1,0,0,0.0000669899,0.0000000000,0.0000000000,0.0000000000,0.0000000000,0.0000000000,0
