Round,Alive,Dead,CH_Count,Generated,Delivered,Lost,Unclustered,LEACH_Epoch,Control_TX,Control_RX,Data_TX,Data_RX,Energy_Used_J,Residual_Energy_J,Avg_Cluster_Size,Avg_Delay_ms,PDR,Round_Duration_s,Throughput_kbps
1,100,0,6,100,100,0,0,1,105,782,100,100,0.0439598298,45.1560401702,16.6666666667,16.3272682061,1.0000000000,0.9692800000,217.0683393859
2,100,0,9,100,100,0,0,1,108,1073,100,100,0.0476568478,45.1083833224,11.1111111111,16.0747548215,1.0000000000,0.9729280000,216.2544402052
3,100,0,2,100,100,0,0,1,102,394,100,100,0.0374645909,45.0709187315,50.0000000000,16.6638505395,1.0000000000,0.9656320000,217.8883881230
4,100,0,5,100,100,0,0,1,105,685,100,100,0.0408026159,45.0301161157,20.0000000000,16.4114015726,1.0000000000,0.9692800000,217.0683393859
5,100,0,4,100,100,0,0,1,104,588,100,100,0.0401342143,44.9899819014,25.0000000000,16.4956084352,1.0000000000,0.9680640000,217.3410022478
6,100,0,9,100,100,0,0,1,109,1073,100,100,0.0474428976,44.9425390038,11.1111111111,16.0747378696,1.0000000000,0.9741440000,215.9844951054
7,100,0,3,100,100,0,0,1,103,491,100,100,0.0380571107,44.9044818931,33.3333333333,16.5797008135,1.0000000000,0.9668480000,217.6143509631
8,100,0,4,100,100,0,0,1,104,588,100,100,0.0398849981,44.8645968950,25.0000000000,16.4955501999,1.0000000000,0.9680640000,217.3410022478
9,100,0,4,100,100,0,0,1,104,588,100,100,0.0413637863,44.8232331087,25.0000000000,16.4956106374,1.0000000000,0.9680640000,217.3410022478
10,100,0,4,100,100,0,0,1,104,588,100,100,0.0402108957,44.7830222130,25.0000000000,16.4955235536,1.0000000000,0.9680640000,217.3410022478
11,100,0,10,100,100,0,0,1,110,1170,100,100,0.0492169092,44.7338053038,10.0000000000,15.9905653590,1.0000000000,0.9753600000,215.7152230971
12,100,0,3,100,100,0,0,1,103,491,100,100,0.0387253439,44.6950799599,33.3333333333,16.5797350748,1.0000000000,0.9668480000,217.6143509631
13,100,0,8,100,100,0,0,1,108,976,100,100,0.0458175583,44.6492624016,12.5000000000,16.1589057193,1.0000000000,0.9729280000,216.2544402052
14,100,0,7,100,100,0,0,1,107,879,100,100,0.0440435433,44.6052188583,14.2857142857,16.2430433151,1.0000000000,0.9717120000,216.5250609234
15,100,0,6,100,100,0,0,1,106,782,100,100,0.0427196962,44.5624991621,16.6666666667,16.3272097520,1.0000000000,0.9704960000,216.7963597995
16,100,0,2,100,100,0,0,1,102,394,100,100,0.0383202125,44.5241789496,50.0000000000,16.6639182911,1.0000000000,0.9656320000,217.8883881230
17,100,0,4,100,100,0,0,1,104,588,100,100,0.0409970816,44.4831818680,25.0000000000,16.4955870581,1.0000000000,0.9680640000,217.3410022478
18,100,0,3,100,100,0,0,1,103,491,100,100,0.0383707814,44.4448110866,33.3333333333,16.5797041982,1.0000000000,0.9668480000,217.6143509631
19,100,0,2,100,100,0,0,1,102,394,100,100,0.0391204562,44.4056906304,50.0000000000,16.6639804415,1.0000000000,0.9656320000,217.8883881230
20,100,0,5,100,100,0,0,1,105,685,100,100,0.0411877174,44.3645029130,20.0000000000,16.4114161020,1.0000000000,0.9692800000,217.0683393859
21,100,0,4,100,100,0,0,2,104,588,100,100,0.0392456856,44.3252572274,25.0000000000,16.4955339781,1.0000000000,0.9680640000,217.3410022478
22,100,0,5,100,100,0,0,2,105,685,100,100,0.0413198299,44.2839373975,20.0000000000,16.4113817904,1.0000000000,0.9692800000,217.0683393859
23,100,0,4,100,100,0,0,2,104,588,100,100,0.0399520958,44.2439853017,25.0000000000,16.4955512822,1.0000000000,0.9680640000,217.3410022478
24,100,0,7,100,100,0,0,2,107,879,100,100,0.0442985434,44.1996867584,14.2857142857,16.2430696407,1.0000000000,0.9717120000,216.5250609234
25,100,0,4,100,100,0,0,2,104,588,100,100,0.0395789221,44.1601078362,25.0000000000,16.4955587615,1.0000000000,0.9680640000,217.3410022478
26,100,0,6,100,100,0,0,2,106,782,100,100,0.0423218198,44.1177860164,16.6666666667,16.3272321818,1.0000000000,0.9704960000,216.7963597995
27,100,0,5,100,100,0,0,2,105,685,100,100,0.0414570572,44.0763289592,20.0000000000,16.4114023249,1.0000000000,0.9692800000,217.0683393859
28,100,0,7,100,100,0,0,2,107,879,100,100,0.0441047773,44.0322241820,14.2857142857,16.2430476275,1.0000000000,0.9717120000,216.5250609234
29,100,0,5,100,100,0,0,2,105,685,100,100,0.0416034568,43.9906207251,20.0000000000,16.4114214509,1.0000000000,0.9692800000,217.0683393859
30,100,0,4,100,100,0,0,2,104,588,100,100,0.0396294512,43.9509912740,25.0000000000,16.4955557993,1.0000000000,0.9680640000,217.3410022478
31,100,0,6,100,100,0,0,2,106,782,100,100,0.0428696934,43.9081215806,16.6666666667,16.3272326626,1.0000000000,0.9704960000,216.7963597995
32,100,0,7,100,100,0,0,2,107,879,100,100,0.0444092855,43.8637122951,14.2857142857,16.2430944477,1.0000000000,0.9717120000,216.5250609234
33,100,0,4,100,100,0,0,2,104,588,100,100,0.0397350836,43.8239772115,25.0000000000,16.4955536663,1.0000000000,0.9680640000,217.3410022478
34,100,0,5,100,100,0,0,2,105,685,100,100,0.0407935683,43.7831836431,20.0000000000,16.4114222468,1.0000000000,0.9692800000,217.0683393859
35,100,0,5,100,100,0,0,2,105,685,100,100,0.0409953706,43.7421882725,20.0000000000,16.4113926048,1.0000000000,0.9692800000,217.0683393859
36,100,0,4,100,100,0,0,2,104,588,100,100,0.0399795761,43.7022086964,25.0000000000,16.4955558859,1.0000000000,0.9680640000,217.3410022478
37,100,0,4,100,100,0,0,2,104,588,100,100,0.0409492164,43.6612594800,25.0000000000,16.4956218932,1.0000000000,0.9680640000,217.3410022478
38,100,0,5,100,100,0,0,2,105,685,100,100,0.0412181238,43.6200413562,20.0000000000,16.4113882244,1.0000000000,0.9692800000,217.0683393859
39,100,0,7,100,100,0,0,2,107,879,100,100,0.0437960883,43.5762452679,14.2857142857,16.2430663168,1.0000000000,0.9717120000,216.5250609234
40,100,0,2,100,100,0,0,2,102,394,100,100,0.0376509182,43.5385943497,50.0000000000,16.6638478202,1.0000000000,0.9656320000,217.8883881230
41,100,0,10,100,100,0,0,3,110,1170,100,100,0.0487611285,43.4898332212,10.0000000000,15.9905644242,1.0000000000,0.9753600000,215.7152230971
42,100,0,5,100,100,0,0,3,105,685,100,100,0.0404984918,43.4493347294,20.0000000000,16.4113752997,1.0000000000,0.9692800000,217.0683393859
43,100,0,2,100,100,0,0,3,102,394,100,100,0.0385676865,43.4107670429,50.0000000000,16.6638745720,1.0000000000,0.9656320000,217.8883881230
44,100,0,2,100,100,0,0,3,102,394,100,100,0.0374853052,43.3732817376,50.0000000000,16.6638942889,1.0000000000,0.9656320000,217.8883881230
45,100,0,4,100,100,0,0,3,104,588,100,100,0.0394100232,43.3338717145,25.0000000000,16.4955615369,1.0000000000,0.9680640000,217.3410022478
46,100,0,3,100,100,0,0,3,103,491,100,100,0.0392341450,43.2946375695,33.3333333333,16.5797009953,1.0000000000,0.9668480000,217.6143509631
47,100,0,9,100,100,0,0,3,109,1073,100,100,0.0470587068,43.2475788627,11.1111111111,16.0747481626,1.0000000000,0.9741440000,215.9844951054
48,100,0,5,100,100,0,0,3,104,685,100,100,0.0440129306,43.2035659321,20.0000000000,16.4114596928,1.0000000000,0.9680640000,217.3410022478
49,100,0,6,100,100,0,0,3,106,782,100,100,0.0424743302,43.1610916019,16.6666666667,16.3272167404,1.0000000000,0.9704960000,216.7963597995
50,100,0,5,100,100,0,0,3,105,685,100,100,0.0420212967,43.1190703051,20.0000000000,16.4114285766,1.0000000000,0.9692800000,217.0683393859
51,100,0,10,100,100,0,0,3,110,1170,100,100,0.0488864193,43.0701838858,10.0000000000,15.9905799425,1.0000000000,0.9753600000,215.7152230971
52,100,0,3,100,100,0,0,3,103,491,100,100,0.0389585229,43.0312253629,33.3333333333,16.5797220641,1.0000000000,0.9668480000,217.6143509631
53,100,0,1,100,100,0,0,3,101,297,100,100,0.0376953717,42.9935299912,100.0000000000,16.7480322231,1.0000000000,0.9644160000,218.1631163315
54,100,0,1,100,100,0,0,3,101,297,100,100,0.0472553040,42.9462746872,100.0000000000,16.7482413507,1.0000000000,0.9644160000,218.1631163315
55,100,0,4,100,100,0,0,3,104,588,100,100,0.0403669986,42.9059076886,25.0000000000,16.4955239347,1.0000000000,0.9680640000,217.3410022478
56,100,0,4,100,100,0,0,3,104,588,100,100,0.0402846131,42.8656230756,25.0000000000,16.4955710408,1.0000000000,0.9680640000,217.3410022478
57,100,0,6,100,100,0,0,3,106,782,100,100,0.0430066847,42.8226163909,16.6666666667,16.3272334236,1.0000000000,0.9704960000,216.7963597995
58,100,0,4,100,100,0,0,3,104,588,100,100,0.0413663099,42.7812500809,25.0000000000,16.4955490427,1.0000000000,0.9680640000,217.3410022478
59,100,0,10,100,100,0,0,3,110,1170,100,100,0.0487433556,42.7325067254,10.0000000000,15.9905769549,1.0000000000,0.9753600000,215.7152230971
60,100,0,6,100,100,0,0,3,106,782,100,100,0.0425883240,42.6899184014,16.6666666667,16.3272362652,1.0000000000,0.9704960000,216.7963597995
61,100,0,2,100,100,0,0,4,102,394,100,100,0.0371423507,42.6527760506,50.0000000000,16.6638769780,1.0000000000,0.9656320000,217.8883881230
62,100,0,2,100,100,0,0,4,102,394,100,100,0.0381096622,42.6146663884,50.0000000000,16.6638913573,1.0000000000,0.9656320000,217.8883881230
63,100,0,3,100,100,0,0,4,103,491,100,100,0.0419323674,42.5727340211,33.3333333333,16.5798314446,1.0000000000,0.9668480000,217.6143509631
64,100,0,3,100,100,0,0,4,103,491,100,100,0.0385952955,42.5341387256,33.3333333333,16.5797517396,1.0000000000,0.9668480000,217.6143509631
65,100,0,8,100,100,0,0,4,108,976,100,100,0.0461133557,42.4880253699,12.5000000000,16.1588914213,1.0000000000,0.9729280000,216.2544402052
66,100,0,4,100,100,0,0,4,104,588,100,100,0.0395349772,42.4484903928,25.0000000000,16.4955965077,1.0000000000,0.9680640000,217.3410022478
67,100,0,2,100,100,0,0,4,102,394,100,100,0.0381686537,42.4103217391,50.0000000000,16.6639605783,1.0000000000,0.9656320000,217.8883881230
68,100,0,10,100,100,0,0,4,110,1170,100,100,0.0490052911,42.3613164480,10.0000000000,15.9905792819,1.0000000000,0.9753600000,215.7152230971
69,100,0,3,100,100,0,0,4,103,491,100,100,0.0389442314,42.3223722165,33.3333333333,16.5797637240,1.0000000000,0.9668480000,217.6143509631
70,100,0,6,100,100,0,0,4,106,782,100,100,0.0421011452,42.2802710713,16.6666666667,16.3272164760,1.0000000000,0.9704960000,216.7963597995
71,100,0,4,100,100,0,0,4,104,588,100,100,0.0408823739,42.2393886974,25.0000000000,16.4955734470,1.0000000000,0.9680640000,217.3410022478
72,100,0,6,100,100,0,0,4,106,782,100,100,0.0429143593,42.1964743381,16.6666666667,16.3272166753,1.0000000000,0.9704960000,216.7963597995
73,100,0,8,100,100,0,0,4,108,976,100,100,0.0457765760,42.1506977621,12.5000000000,16.1589189513,1.0000000000,0.9729280000,216.2544402052
74,100,0,4,100,100,0,0,4,104,588,100,100,0.0397104052,42.1109873569,25.0000000000,16.4955324312,1.0000000000,0.9680640000,217.3410022478
75,100,0,5,100,100,0,0,4,105,685,100,100,0.0412818818,42.0697054751,20.0000000000,16.4113746411,1.0000000000,0.9692800000,217.0683393859
76,100,0,4,100,100,0,0,4,104,588,100,100,0.0400839165,42.0296215586,25.0000000000,16.4955534890,1.0000000000,0.9680640000,217.3410022478
77,100,0,6,100,100,0,0,4,106,782,100,100,0.0430403559,41.9865812028,16.6666666667,16.3272488157,1.0000000000,0.9704960000,216.7963597995
78,100,0,6,100,100,0,0,4,106,782,100,100,0.0432316727,41.9433495301,16.6666666667,16.3272307395,1.0000000000,0.9704960000,216.7963597995
79,100,0,7,100,100,0,0,4,106,879,100,100,0.0437939488,41.8995555813,14.2857142857,16.2430564784,1.0000000000,0.9704960000,216.7963597995
80,100,0,7,100,100,0,0,4,107,879,100,100,0.0447846128,41.8547709685,14.2857142857,16.2430743828,1.0000000000,0.9717120000,216.5250609234
81,100,0,5,100,100,0,0,5,105,685,100,100,0.0413101250,41.8134608435,20.0000000000,16.4113930282,1.0000000000,0.9692800000,217.0683393859
82,100,0,5,100,100,0,0,5,105,685,100,100,0.0410568288,41.7724040147,20.0000000000,16.4114007811,1.0000000000,0.9692800000,217.0683393859
83,100,0,8,100,100,0,0,5,108,976,100,100,0.0462649435,41.7261390711,12.5000000000,16.1588943899,1.0000000000,0.9729280000,216.2544402052
84,100,0,5,100,100,0,0,5,105,685,100,100,0.0409606020,41.6851784691,20.0000000000,16.4113881061,1.0000000000,0.9692800000,217.0683393859
85,100,0,6,100,100,0,0,5,106,782,100,100,0.0421585964,41.6430198727,16.6666666667,16.3272115714,1.0000000000,0.9704960000,216.7963597995
86,100,0,6,100,100,0,0,5,106,782,100,100,0.0423033014,41.6007165713,16.6666666667,16.3272376645,1.0000000000,0.9704960000,216.7963597995
87,100,0,3,100,100,0,0,5,103,491,100,100,0.0388348909,41.5618816804,33.3333333333,16.5797222840,1.0000000000,0.9668480000,217.6143509631
88,100,0,5,100,100,0,0,5,105,685,100,100,0.0414071109,41.5204745695,20.0000000000,16.4113690311,1.0000000000,0.9692800000,217.0683393859
89,100,0,6,100,100,0,0,5,106,782,100,100,0.0451836333,41.4752909362,16.6666666667,16.3272801807,1.0000000000,0.9704960000,216.7963597995
90,100,0,4,100,100,0,0,5,104,588,100,100,0.0407554992,41.4345354370,25.0000000000,16.4956393880,1.0000000000,0.9680640000,217.3410022478
91,100,0,4,100,100,0,0,5,104,588,100,100,0.0394822963,41.3950531408,25.0000000000,16.4955780603,1.0000000000,0.9680640000,217.3410022478
92,100,0,6,100,100,0,0,5,106,782,100,100,0.0423473125,41.3527058282,16.6666666667,16.3272222778,1.0000000000,0.9704960000,216.7963597995
93,100,0,5,100,100,0,0,5,105,685,100,100,0.0414474116,41.3112584167,20.0000000000,16.4114239558,1.0000000000,0.9692800000,217.0683393859
94,100,0,6,100,100,0,0,5,106,782,100,100,0.0431645041,41.2680939126,16.6666666667,16.3272180845,1.0000000000,0.9704960000,216.7963597995
95,100,0,6,100,100,0,0,5,106,782,100,100,0.0429012827,41.2251926299,16.6666666667,16.3272113959,1.0000000000,0.9704960000,216.7963597995
96,100,0,2,100,100,0,0,5,102,394,100,100,0.0381454689,41.1870471611,50.0000000000,16.6639688694,1.0000000000,0.9656320000,217.8883881230
97,100,0,6,100,100,0,0,5,106,782,100,100,0.0424173324,41.1446298287,16.6666666667,16.3272146859,1.0000000000,0.9704960000,216.7963597995
98,100,0,7,100,100,0,0,5,107,879,100,100,0.0442085725,41.1004212562,14.2857142857,16.2430597131,1.0000000000,0.9717120000,216.5250609234
99,100,0,5,100,100,0,0,5,105,685,100,100,0.0418595679,41.0585616882,20.0000000000,16.4114184661,1.0000000000,0.9692800000,217.0683393859
100,100,0,0,100,100,0,100,5,0,0,100,100,0.0170053457,41.0415563425,0.0000000000,8.4161324089,1.0000000000,0.8416000000,250.0000000000
101,100,0,3,100,100,0,0,6,103,491,100,100,0.0390121329,41.0025442096,33.3333333333,16.5797094571,1.0000000000,0.9668480000,217.6143509631
102,100,0,7,100,100,0,0,6,106,879,100,100,0.0446842713,40.9578599384,14.2857142857,16.2430867686,1.0000000000,0.9704960000,216.7963597995
103,100,0,8,100,100,0,0,6,108,976,100,100,0.0460141660,40.9118457724,12.5000000000,16.1588889068,1.0000000000,0.9729280000,216.2544402052
104,100,0,2,100,100,0,0,6,102,394,100,100,0.0372145079,40.8746312645,50.0000000000,16.6638850966,1.0000000000,0.9656320000,217.8883881230
105,100,0,5,100,100,0,0,6,105,685,100,100,0.0407929197,40.8338383447,20.0000000000,16.4113870137,1.0000000000,0.9692800000,217.0683393859
106,100,0,1,100,100,0,0,6,101,297,100,100,0.0508584846,40.7829798602,100.0000000000,16.7482816917,1.0000000000,0.9644160000,218.1631163315
107,100,0,2,100,100,0,0,6,102,394,100,100,0.0378204723,40.7451593878,50.0000000000,16.6638668600,1.0000000000,0.9656320000,217.8883881230
108,100,0,4,100,100,0,0,6,104,588,100,100,0.0391734746,40.7059859132,25.0000000000,16.4955856865,1.0000000000,0.9680640000,217.3410022478
109,100,0,5,100,100,0,0,6,105,685,100,100,0.0413983124,40.6645876008,20.0000000000,16.4113936825,1.0000000000,0.9692800000,217.0683393859
110,100,0,4,100,100,0,0,6,104,588,100,100,0.0400034008,40.6245842000,25.0000000000,16.4956095028,1.0000000000,0.9680640000,217.3410022478
111,100,0,8,100,100,0,0,6,108,976,100,100,0.0458373081,40.5787468919,12.5000000000,16.1589301797,1.0000000000,0.9729280000,216.2544402052
112,100,0,7,100,100,0,0,6,107,879,100,100,0.0439801036,40.5347667883,14.2857142857,16.2430426892,1.0000000000,0.9717120000,216.5250609234
113,100,0,6,100,100,0,0,6,106,782,100,100,0.0432516033,40.4915151850,16.6666666667,16.3272263147,1.0000000000,0.9704960000,216.7963597995
114,100,0,4,100,100,0,0,6,104,588,100,100,0.0396928075,40.4518223776,25.0000000000,16.4955275034,1.0000000000,0.9680640000,217.3410022478
115,100,0,5,100,100,0,0,6,105,685,100,100,0.0423307634,40.4094916142,20.0000000000,16.4114276316,1.0000000000,0.9692800000,217.0683393859
116,100,0,8,100,100,0,0,6,108,976,100,100,0.0453094867,40.3641821275,12.5000000000,16.1588958192,1.0000000000,0.9729280000,216.2544402052
117,100,0,4,100,100,0,0,6,104,588,100,100,0.0401766664,40.3240054611,25.0000000000,16.4956003077,1.0000000000,0.9680640000,217.3410022478
118,100,0,5,100,100,0,0,6,105,685,100,100,0.0418875485,40.2821179126,20.0000000000,16.4113972310,1.0000000000,0.9692800000,217.0683393859
119,100,0,6,100,100,0,0,6,106,782,100,100,0.0434612658,40.2386566468,16.6666666667,16.3272539686,1.0000000000,0.9704960000,216.7963597995
120,100,0,6,100,100,0,0,6,106,782,100,100,0.0424336527,40.1962229941,16.6666666667,16.3272227851,1.0000000000,0.9704960000,216.7963597995
121,100,0,5,100,100,0,0,7,105,685,100,100,0.0422741553,40.1539488388,20.0000000000,16.4114251053,1.0000000000,0.9692800000,217.0683393859
122,100,0,5,100,100,0,0,7,105,685,100,100,0.0445852882,40.1093635506,20.0000000000,16.4114827903,1.0000000000,0.9692800000,217.0683393859
123,100,0,8,100,100,0,0,7,108,976,100,100,0.0457568924,40.0636066582,12.5000000000,16.1588897857,1.0000000000,0.9729280000,216.2544402052
124,100,0,6,100,100,0,0,7,106,782,100,100,0.0424679279,40.0211387303,16.6666666667,16.3272480124,1.0000000000,0.9704960000,216.7963597995
125,100,0,9,100,100,0,0,7,109,1073,100,100,0.0470654569,39.9740732734,11.1111111111,16.0747347680,1.0000000000,0.9741440000,215.9844951054
126,100,0,3,100,100,0,0,7,103,491,100,100,0.0382273603,39.9358459131,33.3333333333,16.5797119940,1.0000000000,0.9668480000,217.6143509631
127,100,0,3,100,100,0,0,7,103,491,100,100,0.0381009989,39.8977449142,33.3333333333,16.5797114909,1.0000000000,0.9668480000,217.6143509631
128,100,0,6,100,100,0,0,7,106,782,100,100,0.0434040576,39.8543408567,16.6666666667,16.3272659294,1.0000000000,0.9704960000,216.7963597995
129,100,0,5,100,100,0,0,7,105,685,100,100,0.0411006732,39.8132401835,20.0000000000,16.4113690549,1.0000000000,0.9692800000,217.0683393859
130,100,0,3,100,100,0,0,7,103,491,100,100,0.0395566985,39.7736834850,33.3333333333,16.5797488665,1.0000000000,0.9668480000,217.6143509631
131,100,0,4,100,100,0,0,7,104,588,100,100,0.0392544942,39.7344289908,25.0000000000,16.4955415941,1.0000000000,0.9680640000,217.3410022478
132,100,0,8,100,100,0,0,7,108,976,100,100,0.0458023983,39.6886265925,12.5000000000,16.1589064607,1.0000000000,0.9729280000,216.2544402052
133,100,0,3,100,100,0,0,7,103,491,100,100,0.0382005573,39.6504260352,33.3333333333,16.5797135974,1.0000000000,0.9668480000,217.6143509631
134,100,0,4,100,100,0,0,7,104,588,100,100,0.0398600353,39.6105659999,25.0000000000,16.4955534999,1.0000000000,0.9680640000,217.3410022478
135,100,0,6,100,100,0,0,7,106,782,100,100,0.0440090049,39.5665569950,16.6666666667,16.3272658172,1.0000000000,0.9704960000,216.7963597995
136,100,0,3,100,100,0,0,7,103,491,100,100,0.0387636572,39.5277933378,33.3333333333,16.5796985764,1.0000000000,0.9668480000,217.6143509631
137,100,0,4,100,100,0,0,7,104,588,100,100,0.0409586335,39.4868347043,25.0000000000,16.4955993692,1.0000000000,0.9680640000,217.3410022478
138,100,0,6,100,100,0,0,7,106,782,100,100,0.0423524334,39.4444822709,16.6666666667,16.3272471672,1.0000000000,0.9704960000,216.7963597995
139,100,0,2,100,100,0,0,7,102,394,100,100,0.0382942008,39.4061880700,50.0000000000,16.6638770877,1.0000000000,0.9656320000,217.8883881230
140,100,0,7,100,100,0,0,7,107,879,100,100,0.0442423704,39.3619456996,14.2857142857,16.2430697620,1.0000000000,0.9717120000,216.5250609234
141,100,0,3,100,100,0,0,8,103,491,100,100,0.0480933096,39.3138523900,33.3333333333,16.5799036297,1.0000000000,0.9668480000,217.6143509631
142,100,0,5,100,100,0,0,8,105,685,100,100,0.0418478690,39.2720045210,20.0000000000,16.4113876935,1.0000000000,0.9692800000,217.0683393859
143,100,0,3,100,100,0,0,8,103,491,100,100,0.0403197673,39.2316847538,33.3333333333,16.5797426434,1.0000000000,0.9668480000,217.6143509631
144,100,0,7,100,100,0,0,8,107,879,100,100,0.0443095158,39.1873752379,14.2857142857,16.2430950175,1.0000000000,0.9717120000,216.5250609234
145,100,0,3,100,100,0,0,8,103,491,100,100,0.0384311272,39.1489441108,33.3333333333,16.5796887653,1.0000000000,0.9668480000,217.6143509631
146,100,0,6,100,100,0,0,8,106,782,100,100,0.0440503308,39.1048937800,16.6666666667,16.3272639585,1.0000000000,0.9704960000,216.7963597995
147,100,0,7,100,100,0,0,8,107,879,100,100,0.0442637611,39.0606300189,14.2857142857,16.2430542682,1.0000000000,0.9717120000,216.5250609234
148,100,0,1,100,100,0,0,8,101,297,100,100,0.0508584846,39.0097715344,100.0000000000,16.7482816917,1.0000000000,0.9644160000,218.1631163315
149,100,0,4,100,100,0,0,8,104,588,100,100,0.0399892898,38.9697822446,25.0000000000,16.4955517232,1.0000000000,0.9680640000,217.3410022478
150,100,0,6,100,100,0,0,8,106,782,100,100,0.0429263151,38.9268559295,16.6666666667,16.3272464655,1.0000000000,0.9704960000,216.7963597995
151,100,0,6,100,100,0,0,8,106,782,100,100,0.0428894263,38.8839665032,16.6666666667,16.3272593108,1.0000000000,0.9704960000,216.7963597995
152,100,0,5,100,100,0,0,8,105,685,100,100,0.0411036171,38.8428628862,20.0000000000,16.4113850065,1.0000000000,0.9692800000,217.0683393859
153,100,0,5,100,100,0,0,8,105,685,100,100,0.0406791042,38.8021837820,20.0000000000,16.4114061159,1.0000000000,0.9692800000,217.0683393859
154,100,0,1,100,100,0,0,8,101,297,100,100,0.0407092939,38.7614744881,100.0000000000,16.7481533667,1.0000000000,0.9644160000,218.1631163315
155,100,0,3,100,100,0,0,8,103,491,100,100,0.0408389736,38.7206355145,33.3333333333,16.5797613084,1.0000000000,0.9668480000,217.6143509631
156,100,0,5,100,100,0,0,8,105,685,100,100,0.0415453622,38.6790901523,20.0000000000,16.4114046348,1.0000000000,0.9692800000,217.0683393859
157,100,0,13,100,100,0,0,8,112,1461,100,100,0.0539738630,38.6251162892,7.6923076923,15.7380843353,1.0000000000,0.9777920000,215.1786883100
158,100,0,7,100,100,0,0,8,107,879,100,100,0.0443836439,38.5807326454,14.2857142857,16.2430803584,1.0000000000,0.9717120000,216.5250609234
159,100,0,7,100,100,0,0,8,107,879,100,100,0.0442789228,38.5364537226,14.2857142857,16.2430668057,1.0000000000,0.9717120000,216.5250609234
160,100,0,3,100,100,0,0,8,103,491,100,100,0.0384511827,38.4980025398,33.3333333333,16.5796833793,1.0000000000,0.9668480000,217.6143509631
161,100,0,6,100,100,0,0,9,106,782,100,100,0.0435780005,38.4544245394,16.6666666667,16.3272423488,1.0000000000,0.9704960000,216.7963597995
162,100,0,5,100,100,0,0,9,105,685,100,100,0.0412231439,38.4132013954,20.0000000000,16.4113796926,1.0000000000,0.9692800000,217.0683393859
163,100,0,4,100,100,0,0,9,104,588,100,100,0.0397292860,38.3734721095,25.0000000000,16.4955431965,1.0000000000,0.9680640000,217.3410022478
164,100,0,2,100,100,0,0,9,102,394,100,100,0.0403518525,38.3331202570,50.0000000000,16.6639380707,1.0000000000,0.9656320000,217.8883881230
165,100,0,6,100,100,0,0,9,106,782,100,100,0.0429421392,38.2901781178,16.6666666667,16.3272220139,1.0000000000,0.9704960000,216.7963597995
166,100,0,6,100,100,0,0,9,106,782,100,100,0.0423177038,38.2478604141,16.6666666667,16.3272282121,1.0000000000,0.9704960000,216.7963597995
167,100,0,3,100,100,0,0,9,103,491,100,100,0.0385958434,38.2092645707,33.3333333333,16.5797270268,1.0000000000,0.9668480000,217.6143509631
168,100,0,5,100,100,0,0,9,105,685,100,100,0.0417709031,38.1674936676,20.0000000000,16.4113967387,1.0000000000,0.9692800000,217.0683393859
169,100,0,6,100,100,0,0,9,106,782,100,100,0.0425389090,38.1249547586,16.6666666667,16.3272289541,1.0000000000,0.9704960000,216.7963597995
170,100,0,2,100,100,0,0,9,102,394,100,100,0.0408310653,38.0841236933,50.0000000000,16.6639916301,1.0000000000,0.9656320000,217.8883881230
171,100,0,5,100,100,0,0,9,105,685,100,100,0.0410116687,38.0431120246,20.0000000000,16.4114395737,1.0000000000,0.9692800000,217.0683393859
172,100,0,4,100,100,0,0,9,104,588,100,100,0.0408471675,38.0022648571,25.0000000000,16.4956210168,1.0000000000,0.9680640000,217.3410022478
173,100,0,4,100,100,0,0,9,104,588,100,100,0.0397108527,37.9625540044,25.0000000000,16.4955819062,1.0000000000,0.9680640000,217.3410022478
174,100,0,4,100,100,0,0,9,104,588,100,100,0.0398539219,37.9227000826,25.0000000000,16.4955599045,1.0000000000,0.9680640000,217.3410022478
175,100,0,10,100,100,0,0,9,109,1170,100,100,0.0494424501,37.8732576325,10.0000000000,15.9905841602,1.0000000000,0.9741440000,215.9844951054
176,100,0,8,100,100,0,0,9,108,976,100,100,0.0465926298,37.8266650026,12.5000000000,16.1588851515,1.0000000000,0.9729280000,216.2544402052
177,100,0,4,100,100,0,0,9,104,588,100,100,0.0390770093,37.7875879933,25.0000000000,16.4955571595,1.0000000000,0.9680640000,217.3410022478
178,100,0,8,100,100,0,0,9,108,976,100,100,0.0458122186,37.7417757747,12.5000000000,16.1589206149,1.0000000000,0.9729280000,216.2544402052
179,100,0,5,100,100,0,0,9,105,685,100,100,0.0409599480,37.7008158267,20.0000000000,16.4113900683,1.0000000000,0.9692800000,217.0683393859
180,100,0,3,100,100,0,0,9,103,491,100,100,0.0385414708,37.6622743559,33.3333333333,16.5796861003,1.0000000000,0.9668480000,217.6143509631
181,100,0,6,100,100,0,0,10,106,782,100,100,0.0427084377,37.6195659181,16.6666666667,16.3272324078,1.0000000000,0.9704960000,216.7963597995
182,100,0,8,100,100,0,0,10,108,976,100,100,0.0454216903,37.5741442279,12.5000000000,16.1589010701,1.0000000000,0.9729280000,216.2544402052
183,100,0,1,100,100,0,0,10,101,297,100,100,0.0380111154,37.5361331125,100.0000000000,16.7480639530,1.0000000000,0.9644160000,218.1631163315
184,100,0,6,100,100,0,0,10,106,782,100,100,0.0424837501,37.4936493623,16.6666666667,16.3272490682,1.0000000000,0.9704960000,216.7963597995
185,100,0,4,100,100,0,0,10,104,588,100,100,0.0396404983,37.4540088640,25.0000000000,16.4955398773,1.0000000000,0.9680640000,217.3410022478
186,100,0,3,100,100,0,0,10,103,491,100,100,0.0391934392,37.4148154248,33.3333333333,16.5796773445,1.0000000000,0.9668480000,217.6143509631
187,100,0,6,100,100,0,0,10,106,782,100,100,0.0452704529,37.3695449719,16.6666666667,16.3272697506,1.0000000000,0.9704960000,216.7963597995
188,100,0,8,100,100,0,0,10,108,976,100,100,0.0457109218,37.3238340501,12.5000000000,16.1589079212,1.0000000000,0.9729280000,216.2544402052
189,100,0,4,100,100,0,0,10,104,588,100,100,0.0407242321,37.2831098180,25.0000000000,16.4955283371,1.0000000000,0.9680640000,217.3410022478
190,100,0,6,100,100,0,0,10,106,782,100,100,0.0429694426,37.2401403753,16.6666666667,16.3272585986,1.0000000000,0.9704960000,216.7963597995
191,100,0,7,100,100,0,0,10,107,879,100,100,0.0447010410,37.1954393343,14.2857142857,16.2431068166,1.0000000000,0.9717120000,216.5250609234
192,100,0,4,100,100,0,0,10,104,588,100,100,0.0400128962,37.1554264381,25.0000000000,16.4955444402,1.0000000000,0.9680640000,217.3410022478
193,100,0,7,100,100,0,0,10,107,879,100,100,0.0441113507,37.1113150874,14.2857142857,16.2430411818,1.0000000000,0.9717120000,216.5250609234
194,100,0,5,100,100,0,0,10,105,685,100,100,0.0415264454,37.0697886420,20.0000000000,16.4114039242,1.0000000000,0.9692800000,217.0683393859
195,100,0,6,100,100,0,0,10,106,782,100,100,0.0427469336,37.0270417084,16.6666666667,16.3272184140,1.0000000000,0.9704960000,216.7963597995
196,100,0,5,100,100,0,0,10,105,685,100,100,0.0418162685,36.9852254399,20.0000000000,16.4113922293,1.0000000000,0.9692800000,217.0683393859
197,100,0,4,100,100,0,0,10,104,588,100,100,0.0404480668,36.9447773731,25.0000000000,16.4955400001,1.0000000000,0.9680640000,217.3410022478
198,100,0,4,100,100,0,0,10,104,588,100,100,0.0409999201,36.9037774530,25.0000000000,16.4955820836,1.0000000000,0.9680640000,217.3410022478
199,100,0,2,100,100,0,0,10,102,394,100,100,0.0385244682,36.8652529848,50.0000000000,16.6639447148,1.0000000000,0.9656320000,217.8883881230
200,100,0,4,100,100,0,0,10,104,588,100,100,0.0410473268,36.8242056580,25.0000000000,16.4955706446,1.0000000000,0.9680640000,217.3410022478
201,100,0,8,100,100,0,0,11,108,976,100,100,0.0457483866,36.7784572714,12.5000000000,16.1589035178,1.0000000000,0.9729280000,216.2544402052
202,100,0,1,100,100,0,0,11,101,297,100,100,0.0467370136,36.7317202578,100.0000000000,16.7482409956,1.0000000000,0.9644160000,218.1631163315
203,100,0,3,100,100,0,0,11,103,491,100,100,0.0385991254,36.6931211324,33.3333333333,16.5797060689,1.0000000000,0.9668480000,217.6143509631
204,100,0,4,100,100,0,0,11,104,588,100,100,0.0395736297,36.6535475027,25.0000000000,16.4955520530,1.0000000000,0.9680640000,217.3410022478
205,100,0,7,100,100,0,0,11,107,879,100,100,0.0437507136,36.6097967891,14.2857142857,16.2430530592,1.0000000000,0.9717120000,216.5250609234
206,100,0,10,100,100,0,0,11,110,1170,100,100,0.0487418413,36.5610549478,10.0000000000,15.9905751564,1.0000000000,0.9753600000,215.7152230971
207,100,0,6,100,100,0,0,11,106,782,100,100,0.0421087591,36.5189461887,16.6666666667,16.3272178152,1.0000000000,0.9704960000,216.7963597995
208,100,0,10,100,100,0,0,11,110,1170,100,100,0.0489065717,36.4700396170,10.0000000000,15.9905682043,1.0000000000,0.9753600000,215.7152230971
209,100,0,3,100,100,0,0,11,103,491,100,100,0.0407058626,36.4293337544,33.3333333333,16.5797983402,1.0000000000,0.9668480000,217.6143509631
210,100,0,1,100,100,0,0,11,101,297,100,100,0.0385058167,36.3908279377,100.0000000000,16.7480671728,1.0000000000,0.9644160000,218.1631163315
211,100,0,8,100,100,0,0,11,108,976,100,100,0.0456042930,36.3452236447,12.5000000000,16.1588925261,1.0000000000,0.9729280000,216.2544402052
212,100,0,4,100,100,0,0,11,104,588,100,100,0.0398757393,36.3053479054,25.0000000000,16.4955400653,1.0000000000,0.9680640000,217.3410022478
213,100,0,3,100,100,0,0,11,103,491,100,100,0.0387599452,36.2665879602,33.3333333333,16.5797001856,1.0000000000,0.9668480000,217.6143509631
214,100,0,4,100,100,0,0,11,104,588,100,100,0.0398947782,36.2266931819,25.0000000000,16.4955911775,1.0000000000,0.9680640000,217.3410022478
215,100,0,4,100,100,0,0,11,104,588,100,100,0.0409135687,36.1857796133,25.0000000000,16.4956244728,1.0000000000,0.9680640000,217.3410022478
216,100,0,7,100,100,0,0,11,107,879,100,100,0.0437266182,36.1420529951,14.2857142857,16.2430613952,1.0000000000,0.9717120000,216.5250609234
217,100,0,4,100,100,0,0,11,104,588,100,100,0.0394231774,36.1026298177,25.0000000000,16.4955610994,1.0000000000,0.9680640000,217.3410022478
218,100,0,6,100,100,0,0,11,106,782,100,100,0.0430430257,36.0595867920,16.6666666667,16.3272826367,1.0000000000,0.9704960000,216.7963597995
219,100,0,4,100,100,0,0,11,104,588,100,100,0.0393601892,36.0202266028,25.0000000000,16.4955245080,1.0000000000,0.9680640000,217.3410022478
220,100,0,3,100,100,0,0,11,103,491,100,100,0.0384870674,35.9817395354,33.3333333333,16.5797621629,1.0000000000,0.9668480000,217.6143509631
221,100,0,6,100,100,0,0,12,106,782,100,100,0.0421979444,35.9395415910,16.6666666667,16.3272251183,1.0000000000,0.9704960000,216.7963597995
222,100,0,6,100,100,0,0,12,106,782,100,100,0.0430421561,35.8964994348,16.6666666667,16.3272690943,1.0000000000,0.9704960000,216.7963597995
223,100,0,2,100,100,0,0,12,102,394,100,100,0.0374795287,35.8590199061,50.0000000000,16.6638969328,1.0000000000,0.9656320000,217.8883881230
224,100,0,4,100,100,0,0,12,104,588,100,100,0.0398494335,35.8191704727,25.0000000000,16.4956112366,1.0000000000,0.9680640000,217.3410022478
225,100,0,2,100,100,0,0,12,102,394,100,100,0.0378477771,35.7813226955,50.0000000000,16.6638883183,1.0000000000,0.9656320000,217.8883881230
226,100,0,11,100,100,0,0,12,111,1267,100,100,0.0505381719,35.7307845236,9.0909090909,15.9064142210,1.0000000000,0.9765760000,215.4466216659
227,100,0,5,100,100,0,0,12,105,685,100,100,0.0417903635,35.6889941601,20.0000000000,16.4113882907,1.0000000000,0.9692800000,217.0683393859
228,100,0,6,100,100,0,0,12,106,782,100,100,0.0427230087,35.6462711514,16.6666666667,16.3272283570,1.0000000000,0.9704960000,216.7963597995
229,100,0,4,100,100,0,0,12,104,588,100,100,0.0400417469,35.6062294045,25.0000000000,16.4955511059,1.0000000000,0.9680640000,217.3410022478
230,100,0,7,100,100,0,0,12,107,879,100,100,0.0440761537,35.5621532508,14.2857142857,16.2430467186,1.0000000000,0.9717120000,216.5250609234
231,100,0,1,100,100,0,0,12,101,297,100,100,0.0398791184,35.5222741324,100.0000000000,16.7481164748,1.0000000000,0.9644160000,218.1631163315
232,100,0,6,100,100,0,0,12,106,782,100,100,0.0431790882,35.4790950441,16.6666666667,16.3272167082,1.0000000000,0.9704960000,216.7963597995
233,100,0,4,100,100,0,0,12,104,588,100,100,0.0414024796,35.4376925645,25.0000000000,16.4956390061,1.0000000000,0.9680640000,217.3410022478
234,100,0,1,100,100,0,0,12,101,297,100,100,0.0439299151,35.3937626494,100.0000000000,16.7482087212,1.0000000000,0.9644160000,218.1631163315
235,100,0,5,100,100,0,0,12,105,685,100,100,0.0416321291,35.3521305203,20.0000000000,16.4113863606,1.0000000000,0.9692800000,217.0683393859
236,100,0,4,100,100,0,0,12,104,588,100,100,0.0402321608,35.3118983594,25.0000000000,16.4955466892,1.0000000000,0.9680640000,217.3410022478
237,100,0,13,100,100,0,0,12,113,1461,100,100,0.0535740984,35.2583242610,7.6923076923,15.7380815090,1.0000000000,0.9790080000,214.9114205400
238,100,0,4,100,100,0,0,12,104,588,100,100,0.0397346419,35.2185896192,25.0000000000,16.4955281918,1.0000000000,0.9680640000,217.3410022478
239,100,0,5,100,100,0,0,12,105,685,100,100,0.0417385133,35.1768511059,20.0000000000,16.4113924068,1.0000000000,0.9692800000,217.0683393859
240,100,0,4,100,100,0,0,12,103,588,100,100,0.0421716316,35.1346794742,25.0000000000,16.4956332161,1.0000000000,0.9668480000,217.6143509631
241,100,0,4,100,100,0,0,13,104,588,100,100,0.0397910602,35.0948884141,25.0000000000,16.4955839733,1.0000000000,0.9680640000,217.3410022478
242,100,0,3,100,100,0,0,13,103,491,100,100,0.0384475356,35.0564408784,33.3333333333,16.5797235809,1.0000000000,0.9668480000,217.6143509631
243,100,0,3,100,100,0,0,13,103,491,100,100,0.0402139053,35.0162269731,33.3333333333,16.5797918831,1.0000000000,0.9668480000,217.6143509631
244,100,0,9,100,100,0,0,13,109,1073,100,100,0.0469626606,34.9692643125,11.1111111111,16.0747278087,1.0000000000,0.9741440000,215.9844951054
245,100,0,5,100,100,0,0,13,105,685,100,100,0.0404664148,34.9287978977,20.0000000000,16.4113693606,1.0000000000,0.9692800000,217.0683393859
246,100,0,4,100,100,0,0,13,104,588,100,100,0.0393162951,34.8894816026,25.0000000000,16.4955326469,1.0000000000,0.9680640000,217.3410022478
247,100,0,7,100,100,0,0,13,107,879,100,100,0.0440838805,34.8453977221,14.2857142857,16.2430465957,1.0000000000,0.9717120000,216.5250609234
248,100,0,5,100,100,0,0,13,104,685,100,100,0.0419356511,34.8034620709,20.0000000000,16.4114156948,1.0000000000,0.9680640000,217.3410022478
249,100,0,6,100,100,0,0,13,106,782,100,100,0.0421809909,34.7612810801,16.6666666667,16.3272225229,1.0000000000,0.9704960000,216.7963597995
250,100,0,7,100,100,0,0,13,107,879,100,100,0.0443828148,34.7168982652,14.2857142857,16.2431139731,1.0000000000,0.9717120000,216.5250609234
251,100,0,2,100,100,0,0,13,102,394,100,100,0.0450618368,34.6718364285,50.0000000000,16.6640402297,1.0000000000,0.9656320000,217.8883881230
252,100,0,5,100,100,0,0,13,105,685,100,100,0.0410923445,34.6307440840,20.0000000000,16.4114206234,1.0000000000,0.9692800000,217.0683393859
253,100,0,4,100,100,0,0,13,104,588,100,100,0.0390662552,34.5916778288,25.0000000000,16.4955471922,1.0000000000,0.9680640000,217.3410022478
254,100,0,3,100,100,0,0,13,103,491,100,100,0.0398161036,34.5518617253,33.3333333333,16.5797512349,1.0000000000,0.9668480000,217.6143509631
255,100,0,4,100,100,0,0,13,104,588,100,100,0.0402665000,34.5115952253,25.0000000000,16.4955899682,1.0000000000,0.9680640000,217.3410022478
256,100,0,6,100,100,0,0,13,106,782,100,100,0.0423155113,34.4692797140,16.6666666667,16.3272253719,1.0000000000,0.9704960000,216.7963597995
257,100,0,8,100,100,0,0,13,108,976,100,100,0.0455247102,34.4237550038,12.5000000000,16.1589070849,1.0000000000,0.9729280000,216.2544402052
258,100,0,6,100,100,0,0,13,106,782,100,100,0.0427739030,34.3809811008,16.6666666667,16.3272060843,1.0000000000,0.9704960000,216.7963597995
259,100,0,4,100,100,0,0,13,104,588,100,100,0.0427131645,34.3382679363,25.0000000000,16.4956230368,1.0000000000,0.9680640000,217.3410022478
260,100,0,5,100,100,0,0,13,105,685,100,100,0.0416455770,34.2966223594,20.0000000000,16.4113918119,1.0000000000,0.9692800000,217.0683393859
261,100,0,6,100,100,0,0,14,106,782,100,100,0.0431740056,34.2534483538,16.6666666667,16.3272611902,1.0000000000,0.9704960000,216.7963597995
262,100,0,5,100,100,0,0,14,105,685,100,100,0.0406237181,34.2128246357,20.0000000000,16.4113893292,1.0000000000,0.9692800000,217.0683393859
263,100,0,7,100,100,0,0,14,107,879,100,100,0.0454071061,34.1674175296,14.2857142857,16.2430947578,1.0000000000,0.9717120000,216.5250609234
264,100,0,4,100,100,0,0,14,104,588,100,100,0.0400683106,34.1273492190,25.0000000000,16.4955767557,1.0000000000,0.9680640000,217.3410022478
265,100,0,8,100,100,0,0,14,108,976,100,100,0.0455130746,34.0818361444,12.5000000000,16.1588874686,1.0000000000,0.9729280000,216.2544402052
266,100,0,6,100,100,0,0,14,106,782,100,100,0.0443342165,34.0375019279,16.6666666667,16.3272345366,1.0000000000,0.9704960000,216.7963597995
267,100,0,5,100,100,0,0,14,105,685,100,100,0.0410014207,33.9965005072,20.0000000000,16.4114095213,1.0000000000,0.9692800000,217.0683393859
268,100,0,5,100,100,0,0,14,105,685,100,100,0.0417534043,33.9547471029,20.0000000000,16.4113872985,1.0000000000,0.9692800000,217.0683393859
269,100,0,4,100,100,0,0,14,104,588,100,100,0.0411065141,33.9136405888,25.0000000000,16.4956201572,1.0000000000,0.9680640000,217.3410022478
270,100,0,3,100,100,0,0,14,103,491,100,100,0.0389651340,33.8746754548,33.3333333333,16.5797361247,1.0000000000,0.9668480000,217.6143509631
271,100,0,4,100,100,0,0,14,104,588,100,100,0.0399215407,33.8347539141,25.0000000000,16.4955318932,1.0000000000,0.9680640000,217.3410022478
272,100,0,6,100,100,0,0,14,106,782,100,100,0.0428664727,33.7918874414,16.6666666667,16.3272355747,1.0000000000,0.9704960000,216.7963597995
273,100,0,3,100,100,0,0,14,103,491,100,100,0.0387570235,33.7531304178,33.3333333333,16.5797713205,1.0000000000,0.9668480000,217.6143509631
274,100,0,5,100,100,0,0,14,105,685,100,100,0.0407286632,33.7124017546,20.0000000000,16.4113796598,1.0000000000,0.9692800000,217.0683393859
275,100,0,5,100,100,0,0,14,105,685,100,100,0.0421221778,33.6702795768,20.0000000000,16.4114597094,1.0000000000,0.9692800000,217.0683393859
276,100,0,2,100,100,0,0,14,102,394,100,100,0.0379004605,33.6323791162,50.0000000000,16.6638756634,1.0000000000,0.9656320000,217.8883881230
277,100,0,8,100,100,0,0,14,107,976,100,100,0.0464875737,33.5858915425,12.5000000000,16.1588870854,1.0000000000,0.9717120000,216.5250609234
278,100,0,6,100,100,0,0,14,106,782,100,100,0.0439530325,33.5419385100,16.6666666667,16.3272504010,1.0000000000,0.9704960000,216.7963597995
279,100,0,7,100,100,0,0,14,107,879,100,100,0.0442779937,33.4976605163,14.2857142857,16.2430454636,1.0000000000,0.9717120000,216.5250609234
280,100,0,1,100,100,0,0,14,101,297,100,100,0.0463361702,33.4513243460,100.0000000000,16.7482478594,1.0000000000,0.9644160000,218.1631163315
281,100,0,8,100,100,0,0,15,108,976,100,100,0.0454517238,33.4058726223,12.5000000000,16.1588843304,1.0000000000,0.9729280000,216.2544402052
282,100,0,10,100,100,0,0,15,110,1170,100,100,0.0489488133,33.3569238089,10.0000000000,15.9905621874,1.0000000000,0.9753600000,215.7152230971
283,100,0,3,100,100,0,0,15,103,491,100,100,0.0391038436,33.3178199654,33.3333333333,16.5797330925,1.0000000000,0.9668480000,217.6143509631
284,100,0,1,100,100,0,0,15,101,297,100,100,0.0382812460,33.2795387194,100.0000000000,16.7480608230,1.0000000000,0.9644160000,218.1631163315
285,100,0,6,100,100,0,0,15,106,782,100,100,0.0425390672,33.2369996521,16.6666666667,16.3272473122,1.0000000000,0.9704960000,216.7963597995
286,100,0,2,100,100,0,0,15,102,394,100,100,0.0378280332,33.1991716189,50.0000000000,16.6638836369,1.0000000000,0.9656320000,217.8883881230
287,100,0,4,100,100,0,0,15,104,588,100,100,0.0408073241,33.1583642948,25.0000000000,16.4955916007,1.0000000000,0.9680640000,217.3410022478
288,100,0,9,100,100,0,0,15,109,1073,100,100,0.0473654694,33.1109988254,11.1111111111,16.0747229487,1.0000000000,0.9741440000,215.9844951054
289,100,0,7,100,100,0,0,15,107,879,100,100,0.0445708180,33.0664280073,14.2857142857,16.2430643334,1.0000000000,0.9717120000,216.5250609234
290,100,0,6,100,100,0,0,15,106,782,100,100,0.0428643807,33.0235636266,16.6666666667,16.3272133923,1.0000000000,0.9704960000,216.7963597995
291,100,0,4,100,100,0,0,15,104,588,100,100,0.0435282736,32.9800353530,25.0000000000,16.4956252846,1.0000000000,0.9680640000,217.3410022478
292,100,0,7,100,100,0,0,15,107,879,100,100,0.0439291871,32.9361061659,14.2857142857,16.2430773496,1.0000000000,0.9717120000,216.5250609234
293,100,0,3,100,100,0,0,15,103,491,100,100,0.0402317775,32.8958743884,33.3333333333,16.5797667713,1.0000000000,0.9668480000,217.6143509631
294,100,0,3,100,100,0,0,15,103,491,100,100,0.0389098549,32.8569645335,33.3333333333,16.5796884938,1.0000000000,0.9668480000,217.6143509631
295,100,0,2,100,100,0,0,15,102,394,100,100,0.0406336739,32.8163308596,50.0000000000,16.6639853301,1.0000000000,0.9656320000,217.8883881230
296,100,0,5,100,100,0,0,15,105,685,100,100,0.0430961237,32.7732347359,20.0000000000,16.4114342884,1.0000000000,0.9692800000,217.0683393859
297,100,0,5,100,100,0,0,15,105,685,100,100,0.0440269184,32.7292078176,20.0000000000,16.4114506212,1.0000000000,0.9692800000,217.0683393859
298,100,0,2,100,100,0,0,15,102,394,100,100,0.0386792948,32.6905285227,50.0000000000,16.6639360891,1.0000000000,0.9656320000,217.8883881230
299,100,0,5,100,100,0,0,15,105,685,100,100,0.0413231975,32.6492053252,20.0000000000,16.4113942357,1.0000000000,0.9692800000,217.0683393859
300,100,0,8,100,100,0,0,15,108,976,100,100,0.0459262411,32.6032790841,12.5000000000,16.1588923510,1.0000000000,0.9729280000,216.2544402052
301,100,0,7,100,100,0,0,16,107,879,100,100,0.0436945919,32.5595844922,14.2857142857,16.2430598622,1.0000000000,0.9717120000,216.5250609234
302,100,0,5,100,100,0,0,16,105,685,100,100,0.0426549786,32.5169295135,20.0000000000,16.4113974448,1.0000000000,0.9692800000,217.0683393859
303,100,0,9,100,100,0,0,16,109,1073,100,100,0.0472682096,32.4696613040,11.1111111111,16.0747392381,1.0000000000,0.9741440000,215.9844951054
304,100,0,9,100,100,0,0,16,109,1073,100,100,0.0474984112,32.4221628927,11.1111111111,16.0747446407,1.0000000000,0.9741440000,215.9844951054
305,100,0,5,100,100,0,0,16,105,685,100,100,0.0418165677,32.3803463250,20.0000000000,16.4114125729,1.0000000000,0.9692800000,217.0683393859
306,100,0,3,100,100,0,0,16,103,491,100,100,0.0418407267,32.3385055983,33.3333333333,16.5797986819,1.0000000000,0.9668480000,217.6143509631
307,100,0,3,100,100,0,0,16,103,491,100,100,0.0389283116,32.2995772867,33.3333333333,16.5797108367,1.0000000000,0.9668480000,217.6143509631
308,100,0,5,100,100,0,0,16,105,685,100,100,0.0406389688,32.2589383179,20.0000000000,16.4114111144,1.0000000000,0.9692800000,217.0683393859
309,100,0,5,100,100,0,0,16,105,685,100,100,0.0418203547,32.2171179632,20.0000000000,16.4114133733,1.0000000000,0.9692800000,217.0683393859
310,100,0,5,100,100,0,0,16,105,685,100,100,0.0410269496,32.1760910136,20.0000000000,16.4113874260,1.0000000000,0.9692800000,217.0683393859
311,100,0,4,100,100,0,0,16,104,588,100,100,0.0397506691,32.1363403445,25.0000000000,16.4955309079,1.0000000000,0.9680640000,217.3410022478
312,100,0,6,100,100,0,0,16,106,782,100,100,0.0426841969,32.0936561476,16.6666666667,16.3271955346,1.0000000000,0.9704960000,216.7963597995
313,100,0,5,100,100,0,0,16,105,685,100,100,0.0411046650,32.0525514826,20.0000000000,16.4114094782,1.0000000000,0.9692800000,217.0683393859
314,100,0,7,100,100,0,0,16,107,879,100,100,0.0440222340,32.0085292486,14.2857142857,16.2430506360,1.0000000000,0.9717120000,216.5250609234
315,100,0,5,100,100,0,0,16,105,685,100,100,0.0416867470,31.9668425016,20.0000000000,16.4114049267,1.0000000000,0.9692800000,217.0683393859
316,100,0,2,100,100,0,0,16,102,394,100,100,0.0380139991,31.9288285025,50.0000000000,16.6638701410,1.0000000000,0.9656320000,217.8883881230
317,100,0,5,100,100,0,0,16,105,685,100,100,0.0416212499,31.8872072526,20.0000000000,16.4114207425,1.0000000000,0.9692800000,217.0683393859
318,100,0,4,100,100,0,0,16,104,588,100,100,0.0390408838,31.8481663687,25.0000000000,16.4955629703,1.0000000000,0.9680640000,217.3410022478
319,100,0,2,100,100,0,0,16,102,394,100,100,0.0384331182,31.8097332506,50.0000000000,16.6639043417,1.0000000000,0.9656320000,217.8883881230
320,100,0,4,100,100,0,0,16,104,588,100,100,0.0392449865,31.7704882641,25.0000000000,16.4955790241,1.0000000000,0.9680640000,217.3410022478
321,100,0,3,100,100,0,0,17,103,491,100,100,0.0403747240,31.7301135401,33.3333333333,16.5797888916,1.0000000000,0.9668480000,217.6143509631
322,100,0,10,100,100,0,0,17,110,1170,100,100,0.0486717573,31.6814417828,10.0000000000,15.9905544395,1.0000000000,0.9753600000,215.7152230971
323,100,0,6,100,100,0,0,17,106,782,100,100,0.0424421063,31.6389996765,16.6666666667,16.3271982416,1.0000000000,0.9704960000,216.7963597995
324,100,0,8,100,100,0,0,17,108,976,100,100,0.0453955131,31.5936041634,12.5000000000,16.1588883707,1.0000000000,0.9729280000,216.2544402052
325,100,0,4,100,100,0,0,17,104,588,100,100,0.0413366124,31.5522675510,25.0000000000,16.4955715100,1.0000000000,0.9680640000,217.3410022478
326,100,0,4,100,100,0,0,17,104,588,100,100,0.0418611222,31.5104064288,25.0000000000,16.4955874259,1.0000000000,0.9680640000,217.3410022478
327,100,0,7,100,100,0,0,17,107,879,100,100,0.0451550159,31.4652514129,14.2857142857,16.2431124527,1.0000000000,0.9717120000,216.5250609234
328,100,0,2,100,100,0,0,17,102,394,100,100,0.0393832983,31.4258681146,50.0000000000,16.6638941710,1.0000000000,0.9656320000,217.8883881230
329,100,0,8,100,100,0,0,17,108,976,100,100,0.0463074492,31.3795606654,12.5000000000,16.1589019993,1.0000000000,0.9729280000,216.2544402052
330,100,0,8,100,100,0,0,17,108,976,100,100,0.0457393522,31.3338213132,12.5000000000,16.1588913572,1.0000000000,0.9729280000,216.2544402052
331,100,0,5,100,100,0,0,17,105,685,100,100,0.0406977480,31.2931235652,20.0000000000,16.4113847676,1.0000000000,0.9692800000,217.0683393859
332,100,0,2,100,100,0,0,17,102,394,100,100,0.0387566561,31.2543669091,50.0000000000,16.6639025410,1.0000000000,0.9656320000,217.8883881230
333,100,0,2,100,100,0,0,17,102,394,100,100,0.0373857554,31.2169811537,50.0000000000,16.6638990376,1.0000000000,0.9656320000,217.8883881230
334,100,0,4,100,100,0,0,17,103,588,100,100,0.0406422917,31.1763388620,25.0000000000,16.4955907358,1.0000000000,0.9668480000,217.6143509631
335,100,0,4,100,100,0,0,17,104,588,100,100,0.0401490304,31.1361898316,25.0000000000,16.4955478528,1.0000000000,0.9680640000,217.3410022478
336,100,0,5,100,100,0,0,17,105,685,100,100,0.0408775756,31.0953122559,20.0000000000,16.4114263055,1.0000000000,0.9692800000,217.0683393859
337,100,0,4,100,100,0,0,17,104,588,100,100,0.0426227378,31.0526895181,25.0000000000,16.4956085711,1.0000000000,0.9680640000,217.3410022478
338,100,0,5,100,100,0,0,17,105,685,100,100,0.0416934567,31.0109960615,20.0000000000,16.4114387178,1.0000000000,0.9692800000,217.0683393859
339,100,0,5,100,100,0,0,17,105,685,100,100,0.0414434856,30.9695525759,20.0000000000,16.4114271521,1.0000000000,0.9692800000,217.0683393859
340,100,0,4,100,100,0,0,17,104,588,100,100,0.0401897419,30.9293628339,25.0000000000,16.4955812980,1.0000000000,0.9680640000,217.3410022478
341,100,0,4,100,100,0,0,18,104,588,100,100,0.0402107718,30.8891520622,25.0000000000,16.4955713840,1.0000000000,0.9680640000,217.3410022478
342,100,0,8,100,100,0,0,18,108,976,100,100,0.0460213756,30.8431306866,12.5000000000,16.1589233256,1.0000000000,0.9729280000,216.2544402052
343,100,0,2,100,100,0,0,18,102,394,100,100,0.0390226802,30.8041080064,50.0000000000,16.6639872088,1.0000000000,0.9656320000,217.8883881230
344,100,0,5,100,100,0,0,18,105,685,100,100,0.0413853736,30.7627226328,20.0000000000,16.4113905776,1.0000000000,0.9692800000,217.0683393859
345,100,0,3,100,100,0,0,18,103,491,100,100,0.0389890048,30.7237336281,33.3333333333,16.5797494829,1.0000000000,0.9668480000,217.6143509631
346,100,0,4,100,100,0,0,18,104,588,100,100,0.0412841448,30.6824494832,25.0000000000,16.4955450457,1.0000000000,0.9680640000,217.3410022478
347,100,0,7,100,100,0,0,18,107,879,100,100,0.0439590514,30.6384904318,14.2857142857,16.2430720031,1.0000000000,0.9717120000,216.5250609234
348,100,0,4,100,100,0,0,18,104,588,100,100,0.0398843051,30.5986061267,25.0000000000,16.4955869902,1.0000000000,0.9680640000,217.3410022478
349,100,0,7,100,100,0,0,18,107,879,100,100,0.0451615412,30.5534445855,14.2857142857,16.2430982032,1.0000000000,0.9717120000,216.5250609234
350,100,0,11,100,100,0,0,18,111,1267,100,100,0.0503283861,30.5031161994,9.0909090909,15.9064124464,1.0000000000,0.9765760000,215.4466216659
351,100,0,5,100,100,0,0,18,105,685,100,100,0.0419790870,30.4611371124,20.0000000000,16.4113721855,1.0000000000,0.9692800000,217.0683393859
352,100,0,8,100,100,0,0,18,108,976,100,100,0.0453866355,30.4157504769,12.5000000000,16.1588940794,1.0000000000,0.9729280000,216.2544402052
353,100,0,2,100,100,0,0,18,102,394,100,100,0.0374487074,30.3783017695,50.0000000000,16.6638900132,1.0000000000,0.9656320000,217.8883881230
354,100,0,5,100,100,0,0,18,105,685,100,100,0.0417695346,30.3365322349,20.0000000000,16.4113932321,1.0000000000,0.9692800000,217.0683393859
355,100,0,7,100,100,0,0,18,107,879,100,100,0.0440223235,30.2925099114,14.2857142857,16.2430491885,1.0000000000,0.9717120000,216.5250609234
356,100,0,5,100,100,0,0,18,105,685,100,100,0.0416840284,30.2508258830,20.0000000000,16.4114192772,1.0000000000,0.9692800000,217.0683393859
357,100,0,4,100,100,0,0,18,104,588,100,100,0.0400512102,30.2107746728,25.0000000000,16.4955685772,1.0000000000,0.9680640000,217.3410022478
358,100,0,4,100,100,0,0,18,104,588,100,100,0.0398980476,30.1708766251,25.0000000000,16.4955715928,1.0000000000,0.9680640000,217.3410022478
359,100,0,1,100,100,0,0,18,101,297,100,100,0.0379103384,30.1329662867,100.0000000000,16.7480506196,1.0000000000,0.9644160000,218.1631163315
360,100,0,4,100,100,0,0,18,104,588,100,100,0.0406740806,30.0922922061,25.0000000000,16.4956114281,1.0000000000,0.9680640000,217.3410022478
361,100,0,5,100,100,0,0,19,105,685,100,100,0.0404757482,30.0518164580,20.0000000000,16.4113560643,1.0000000000,0.9692800000,217.0683393859
362,100,0,4,100,100,0,0,19,104,588,100,100,0.0414313503,30.0103851077,25.0000000000,16.4955517273,1.0000000000,0.9680640000,217.3410022478
363,100,0,8,100,100,0,0,19,108,976,100,100,0.0461474100,29.9642376976,12.5000000000,16.1589075767,1.0000000000,0.9729280000,216.2544402052
364,100,0,6,100,100,0,0,19,106,782,100,100,0.0425134978,29.9217241999,16.6666666667,16.3272577878,1.0000000000,0.9704960000,216.7963597995
365,100,0,6,100,100,0,0,19,106,782,100,100,0.0425470022,29.8791771977,16.6666666667,16.3272676742,1.0000000000,0.9704960000,216.7963597995
366,100,0,3,100,100,0,0,19,103,491,100,100,0.0390272385,29.8401499592,33.3333333333,16.5797344568,1.0000000000,0.9668480000,217.6143509631
367,100,0,5,100,100,0,0,19,105,685,100,100,0.0410574111,29.7990925480,20.0000000000,16.4113683106,1.0000000000,0.9692800000,217.0683393859
368,100,0,6,100,100,0,0,19,106,782,100,100,0.0427203731,29.7563721750,16.6666666667,16.3272147718,1.0000000000,0.9704960000,216.7963597995
369,100,0,5,100,100,0,0,19,105,685,100,100,0.0427295440,29.7136426310,20.0000000000,16.4114591778,1.0000000000,0.9692800000,217.0683393859
370,100,0,5,100,100,0,0,19,105,685,100,100,0.0412104992,29.6724321318,20.0000000000,16.4113882669,1.0000000000,0.9692800000,217.0683393859
371,100,0,6,100,100,0,0,19,106,782,100,100,0.0436457375,29.6287863942,16.6666666667,16.3272693639,1.0000000000,0.9704960000,216.7963597995
372,100,0,3,100,100,0,0,19,103,491,100,100,0.0408476941,29.5879387001,33.3333333333,16.5797200915,1.0000000000,0.9668480000,217.6143509631
373,100,0,6,100,100,0,0,19,105,782,100,100,0.0445973452,29.5433413549,16.6666666667,16.3272872854,1.0000000000,0.9692800000,217.0683393859
374,100,0,6,100,100,0,0,19,106,782,100,100,0.0428209214,29.5005204335,16.6666666667,16.3272031375,1.0000000000,0.9704960000,216.7963597995
375,100,0,2,100,100,0,0,19,102,394,100,100,0.0410444156,29.4594760179,50.0000000000,16.6639745664,1.0000000000,0.9656320000,217.8883881230
376,100,0,4,100,100,0,0,19,104,588,100,100,0.0413632308,29.4181127871,25.0000000000,16.4956338715,1.0000000000,0.9680640000,217.3410022478
377,100,0,2,100,100,0,0,19,102,394,100,100,0.0375050730,29.3806077141,50.0000000000,16.6638973751,1.0000000000,0.9656320000,217.8883881230
378,100,0,5,100,100,0,0,19,105,685,100,100,0.0418268501,29.3387808640,20.0000000000,16.4114215807,1.0000000000,0.9692800000,217.0683393859
379,100,0,9,100,100,0,0,19,109,1073,100,100,0.0474495970,29.2913312670,11.1111111111,16.0747473063,1.0000000000,0.9741440000,215.9844951054
380,100,0,4,100,100,0,0,19,104,588,100,100,0.0397236861,29.2516075809,25.0000000000,16.4955249463,1.0000000000,0.9680640000,217.3410022478
381,100,0,3,100,100,0,0,20,103,491,100,100,0.0393244259,29.2122831549,33.3333333333,16.5797502258,1.0000000000,0.9668480000,217.6143509631
382,100,0,4,100,100,0,0,20,104,588,100,100,0.0396560018,29.1726271531,25.0000000000,16.4955577026,1.0000000000,0.9680640000,217.3410022478
383,100,0,5,100,100,0,0,20,105,685,100,100,0.0415919151,29.1310352380,20.0000000000,16.4113601932,1.0000000000,0.9692800000,217.0683393859
384,100,0,4,100,100,0,0,20,104,588,100,100,0.0394074461,29.0916277919,25.0000000000,16.4955585086,1.0000000000,0.9680640000,217.3410022478
385,100,0,6,100,100,0,0,20,106,782,100,100,0.0421175147,29.0495102772,16.6666666667,16.3272309230,1.0000000000,0.9704960000,216.7963597995
386,100,0,8,100,100,0,0,20,108,976,100,100,0.0456037261,29.0039065511,12.5000000000,16.1588943452,1.0000000000,0.9729280000,216.2544402052
387,100,0,3,100,100,0,0,20,103,491,100,100,0.0387841195,28.9651224316,33.3333333333,16.5797814312,1.0000000000,0.9668480000,217.6143509631
388,100,0,3,100,100,0,0,20,103,491,100,100,0.0398546344,28.9252677972,33.3333333333,16.5798169593,1.0000000000,0.9668480000,217.6143509631
389,100,0,7,100,100,0,0,20,107,879,100,100,0.0444584687,28.8808093285,14.2857142857,16.2430683458,1.0000000000,0.9717120000,216.5250609234
390,100,0,6,100,100,0,0,20,106,782,100,100,0.0426128520,28.8381964766,16.6666666667,16.3272199017,1.0000000000,0.9704960000,216.7963597995
391,100,0,3,100,100,0,0,20,103,491,100,100,0.0389767067,28.7992197698,33.3333333333,16.5797411345,1.0000000000,0.9668480000,217.6143509631
392,100,0,3,100,100,0,0,20,103,491,100,100,0.0392882949,28.7599314750,33.3333333333,16.5797446457,1.0000000000,0.9668480000,217.6143509631
393,100,0,6,100,100,0,0,20,106,782,100,100,0.0431101864,28.7168212886,16.6666666667,16.3272027351,1.0000000000,0.9704960000,216.7963597995
394,100,0,4,100,100,0,0,20,104,588,100,100,0.0396900287,28.6771312598,25.0000000000,16.4955474241,1.0000000000,0.9680640000,217.3410022478
395,100,0,9,100,100,0,0,20,109,1073,100,100,0.0470373151,28.6300939447,11.1111111111,16.0747437229,1.0000000000,0.9741440000,215.9844951054
396,100,0,5,100,100,0,0,20,105,685,100,100,0.0419621719,28.5881317728,20.0000000000,16.4114375919,1.0000000000,0.9692800000,217.0683393859
397,100,0,5,100,100,0,0,20,105,685,100,100,0.0411419325,28.5469898403,20.0000000000,16.4113751735,1.0000000000,0.9692800000,217.0683393859
398,100,0,9,100,100,0,0,20,109,1073,100,100,0.0471836247,28.4998062155,11.1111111111,16.0747537509,1.0000000000,0.9741440000,215.9844951054
399,100,0,5,100,100,0,0,20,105,685,100,100,0.0423341063,28.4574721092,20.0000000000,16.4113743861,1.0000000000,0.9692800000,217.0683393859
400,100,0,2,100,100,0,0,20,102,394,100,100,0.0374828296,28.4199892796,50.0000000000,16.6638790538,1.0000000000,0.9656320000,217.8883881230
401,100,0,8,100,100,0,0,21,107,976,100,100,0.0458740760,28.3741152036,12.5000000000,16.1589142143,1.0000000000,0.9717120000,216.5250609234
402,100,0,6,100,100,0,0,21,106,782,100,100,0.0430875719,28.3310276317,16.6666666667,16.3272470360,1.0000000000,0.9704960000,216.7963597995
403,100,0,4,100,100,0,0,21,104,588,100,100,0.0398193908,28.2912082409,25.0000000000,16.4955434905,1.0000000000,0.9680640000,217.3410022478
404,100,0,5,100,100,0,0,21,105,685,100,100,0.0420316270,28.2491766139,20.0000000000,16.4114075771,1.0000000000,0.9692800000,217.0683393859
405,100,0,5,100,100,0,0,21,105,685,100,100,0.0413078198,28.2078687941,20.0000000000,16.4114313696,1.0000000000,0.9692800000,217.0683393859
406,100,0,8,100,100,0,0,21,108,976,100,100,0.0453312779,28.1625375162,12.5000000000,16.1588997347,1.0000000000,0.9729280000,216.2544402052
407,100,0,3,100,100,0,0,21,103,491,100,100,0.0383356749,28.1242018413,33.3333333333,16.5797487095,1.0000000000,0.9668480000,217.6143509631
408,100,0,5,100,100,0,0,21,105,685,100,100,0.0414154208,28.0827864205,20.0000000000,16.4113861723,1.0000000000,0.9692800000,217.0683393859
409,100,0,3,100,100,0,0,21,103,491,100,100,0.0384511630,28.0443352575,33.3333333333,16.5796845782,1.0000000000,0.9668480000,217.6143509631
410,100,0,9,100,100,0,0,21,109,1073,100,100,0.0475817316,27.9967535259,11.1111111111,16.0747450938,1.0000000000,0.9741440000,215.9844951054
411,100,0,5,100,100,0,0,21,105,685,100,100,0.0405412949,27.9562122310,20.0000000000,16.4113981313,1.0000000000,0.9692800000,217.0683393859
412,100,0,5,100,100,0,0,21,105,685,100,100,0.0407102417,27.9155019893,20.0000000000,16.4113812622,1.0000000000,0.9692800000,217.0683393859
413,100,0,4,100,100,0,0,21,104,588,100,100,0.0398827679,27.8756192214,25.0000000000,16.4955572106,1.0000000000,0.9680640000,217.3410022478
414,100,0,4,100,100,0,0,21,104,588,100,100,0.0403658404,27.8352533811,25.0000000000,16.4955172955,1.0000000000,0.9680640000,217.3410022478
415,100,0,5,100,100,0,0,21,105,685,100,100,0.0445643530,27.7906890280,20.0000000000,16.4114503218,1.0000000000,0.9692800000,217.0683393859
416,100,0,4,100,100,0,0,21,104,588,100,100,0.0405355735,27.7501534546,25.0000000000,16.4956188660,1.0000000000,0.9680640000,217.3410022478
417,100,0,6,100,100,0,0,21,106,782,100,100,0.0429987652,27.7071546894,16.6666666667,16.3272360115,1.0000000000,0.9704960000,216.7963597995
418,100,0,4,100,100,0,0,21,104,588,100,100,0.0414169995,27.6657376899,25.0000000000,16.4955613668,1.0000000000,0.9680640000,217.3410022478
419,100,0,5,100,100,0,0,21,105,685,100,100,0.0407992313,27.6249384585,20.0000000000,16.4113653026,1.0000000000,0.9692800000,217.0683393859
420,100,0,2,100,100,0,0,21,102,394,100,100,0.0400591447,27.5848793138,50.0000000000,16.6639707553,1.0000000000,0.9656320000,217.8883881230
421,100,0,3,100,100,0,0,22,103,491,100,100,0.0383534881,27.5465258257,33.3333333333,16.5797484837,1.0000000000,0.9668480000,217.6143509631
422,100,0,1,100,100,0,0,22,101,297,100,100,0.0430940723,27.5034317533,100.0000000000,16.7481807015,1.0000000000,0.9644160000,218.1631163315
423,100,0,8,100,100,0,0,22,108,976,100,100,0.0456794347,27.4577523186,12.5000000000,16.1589108325,1.0000000000,0.9729280000,216.2544402052
424,100,0,8,100,100,0,0,22,108,976,100,100,0.0456418109,27.4121105077,12.5000000000,16.1589061211,1.0000000000,0.9729280000,216.2544402052
425,100,0,4,100,100,0,0,22,104,588,100,100,0.0394399229,27.3726705849,25.0000000000,16.4955347688,1.0000000000,0.9680640000,217.3410022478
426,100,0,11,100,100,0,0,22,111,1267,100,100,0.0506031661,27.3220674187,9.0909090909,15.9064187634,1.0000000000,0.9765760000,215.4466216659
427,100,0,2,100,100,0,0,22,102,394,100,100,0.0392370750,27.2828303437,50.0000000000,16.6639411991,1.0000000000,0.9656320000,217.8883881230
428,100,0,7,100,100,0,0,22,107,879,100,100,0.0443066472,27.2385236965,14.2857142857,16.2430682181,1.0000000000,0.9717120000,216.5250609234
429,100,0,5,100,100,0,0,22,105,685,100,100,0.0406721803,27.1978515162,20.0000000000,16.4113778235,1.0000000000,0.9692800000,217.0683393859
430,100,0,3,100,100,0,0,22,103,491,100,100,0.0399662930,27.1578852232,33.3333333333,16.5798041892,1.0000000000,0.9668480000,217.6143509631
431,100,0,4,100,100,0,0,22,104,588,100,100,0.0405624250,27.1173227982,25.0000000000,16.4956227509,1.0000000000,0.9680640000,217.3410022478
432,100,0,2,100,100,0,0,22,102,394,100,100,0.0371423490,27.0801804491,50.0000000000,16.6638912375,1.0000000000,0.9656320000,217.8883881230
433,100,0,4,100,100,0,0,22,104,588,100,100,0.0404523597,27.0397280894,25.0000000000,16.4955305536,1.0000000000,0.9680640000,217.3410022478
434,100,0,7,100,100,0,0,22,107,879,100,100,0.0445266945,26.9952013949,14.2857142857,16.2430730485,1.0000000000,0.9717120000,216.5250609234
435,100,0,7,100,100,0,0,22,107,879,100,100,0.0442990767,26.9509023182,14.2857142857,16.2430431732,1.0000000000,0.9717120000,216.5250609234
436,100,0,5,100,100,0,0,22,105,685,100,100,0.0406557075,26.9102466107,20.0000000000,16.4113591776,1.0000000000,0.9692800000,217.0683393859
437,100,0,7,100,100,0,0,22,107,879,100,100,0.0436956081,26.8665510026,14.2857142857,16.2430528691,1.0000000000,0.9717120000,216.5250609234
438,100,0,3,100,100,0,0,22,103,491,100,100,0.0404876029,26.8260633996,33.3333333333,16.5797412226,1.0000000000,0.9668480000,217.6143509631
439,100,0,6,100,100,0,0,22,106,782,100,100,0.0465500943,26.7795133053,16.6666666667,16.3273324839,1.0000000000,0.9704960000,216.7963597995
440,100,0,3,100,100,0,0,22,103,491,100,100,0.0425276426,26.7369856626,33.3333333333,16.5797993579,1.0000000000,0.9668480000,217.6143509631
441,100,0,4,100,100,0,0,23,104,588,100,100,0.0400630644,26.6969225982,25.0000000000,16.4955273807,1.0000000000,0.9680640000,217.3410022478
442,100,0,5,100,100,0,0,23,104,685,100,100,0.0421612198,26.6547613784,20.0000000000,16.4114077842,1.0000000000,0.9680640000,217.3410022478
443,100,0,5,100,100,0,0,23,105,685,100,100,0.0409821809,26.6137791975,20.0000000000,16.4113885605,1.0000000000,0.9692800000,217.0683393859
444,100,0,9,100,100,0,0,23,108,1073,100,100,0.0471244143,26.5666547832,11.1111111111,16.0747578206,1.0000000000,0.9729280000,216.2544402052
445,100,0,2,100,100,0,0,23,102,394,100,100,0.0384244902,26.5282302931,50.0000000000,16.6638732596,1.0000000000,0.9656320000,217.8883881230
446,100,0,5,100,100,0,0,23,105,685,100,100,0.0413542091,26.4868760839,20.0000000000,16.4113951511,1.0000000000,0.9692800000,217.0683393859
447,100,0,9,100,100,0,0,23,109,1073,100,100,0.0471299994,26.4397460845,11.1111111111,16.0747505014,1.0000000000,0.9741440000,215.9844951054
448,100,0,5,100,100,0,0,23,105,685,100,100,0.0408734953,26.3988725892,20.0000000000,16.4113920093,1.0000000000,0.9692800000,217.0683393859
449,100,0,3,100,100,0,0,23,103,491,100,100,0.0415347653,26.3573378239,33.3333333333,16.5797921707,1.0000000000,0.9668480000,217.6143509631
450,100,0,8,100,100,0,0,23,108,976,100,100,0.0458841444,26.3114536796,12.5000000000,16.1588994347,1.0000000000,0.9729280000,216.2544402052
451,100,0,7,100,100,0,0,23,107,879,100,100,0.0439992745,26.2674544051,14.2857142857,16.2430512293,1.0000000000,0.9717120000,216.5250609234
452,100,0,4,100,100,0,0,23,104,588,100,100,0.0425083655,26.2249460396,25.0000000000,16.4956511414,1.0000000000,0.9680640000,217.3410022478
453,100,0,1,100,100,0,0,23,101,297,100,100,0.0385058167,26.1864402229,100.0000000000,16.7480671728,1.0000000000,0.9644160000,218.1631163315
454,100,0,1,100,100,0,0,23,101,297,100,100,0.0387224795,26.1477177433,100.0000000000,16.7480735757,1.0000000000,0.9644160000,218.1631163315
455,100,0,8,100,100,0,0,23,108,976,100,100,0.0457871234,26.1019306199,12.5000000000,16.1589256939,1.0000000000,0.9729280000,216.2544402052
456,100,0,5,100,100,0,0,23,105,685,100,100,0.0407503994,26.0611802205,20.0000000000,16.4114122536,1.0000000000,0.9692800000,217.0683393859
457,100,0,6,100,100,0,0,23,106,782,100,100,0.0429189429,26.0182612776,16.6666666667,16.3272445927,1.0000000000,0.9704960000,216.7963597995
458,100,0,3,100,100,0,0,23,103,491,100,100,0.0386760262,25.9795852515,33.3333333333,16.5796940054,1.0000000000,0.9668480000,217.6143509631
459,100,0,4,100,100,0,0,23,104,588,100,100,0.0397960300,25.9397892215,25.0000000000,16.4955444660,1.0000000000,0.9680640000,217.3410022478
460,100,0,6,100,100,0,0,23,106,782,100,100,0.0426613359,25.8971278855,16.6666666667,16.3272054105,1.0000000000,0.9704960000,216.7963597995
461,100,0,6,100,100,0,0,24,106,782,100,100,0.0426095966,25.8545182890,16.6666666667,16.3272354949,1.0000000000,0.9704960000,216.7963597995
462,100,0,3,100,100,0,0,24,103,491,100,100,0.0419004135,25.8126178755,33.3333333333,16.5798361435,1.0000000000,0.9668480000,217.6143509631
463,100,0,3,100,100,0,0,24,103,491,100,100,0.0404261454,25.7721917301,33.3333333333,16.5797710796,1.0000000000,0.9668480000,217.6143509631
464,100,0,5,100,100,0,0,24,105,685,100,100,0.0417440425,25.7304476876,20.0000000000,16.4113702369,1.0000000000,0.9692800000,217.0683393859
465,100,0,4,100,100,0,0,24,104,588,100,100,0.0404608783,25.6899868093,25.0000000000,16.4955636072,1.0000000000,0.9680640000,217.3410022478
466,100,0,5,100,100,0,0,24,105,685,100,100,0.0407329899,25.6492538194,20.0000000000,16.4113956951,1.0000000000,0.9692800000,217.0683393859
467,100,0,8,100,100,0,0,24,108,976,100,100,0.0454535984,25.6038002210,12.5000000000,16.1588793068,1.0000000000,0.9729280000,216.2544402052
468,100,0,6,100,100,0,0,24,106,782,100,100,0.0423090971,25.5614911239,16.6666666667,16.3272223572,1.0000000000,0.9704960000,216.7963597995
469,100,0,6,100,100,0,0,24,106,782,100,100,0.0427895381,25.5187015858,16.6666666667,16.3272230489,1.0000000000,0.9704960000,216.7963597995
470,100,0,9,100,100,0,0,24,109,1073,100,100,0.0473943404,25.4713072455,11.1111111111,16.0747295037,1.0000000000,0.9741440000,215.9844951054
471,100,0,5,100,100,0,0,24,105,685,100,100,0.0411036374,25.4302036080,20.0000000000,16.4113879171,1.0000000000,0.9692800000,217.0683393859
472,100,0,10,100,100,0,0,24,110,1170,100,100,0.0490160326,25.3811875754,10.0000000000,15.9905699248,1.0000000000,0.9753600000,215.7152230971
473,100,0,2,100,100,0,0,24,102,394,100,100,0.0408192875,25.3403682879,50.0000000000,16.6639659358,1.0000000000,0.9656320000,217.8883881230
474,100,0,3,100,100,0,0,24,103,491,100,100,0.0402906669,25.3000776209,33.3333333333,16.5797563560,1.0000000000,0.9668480000,217.6143509631
475,100,0,5,100,100,0,0,24,105,685,100,100,0.0409182777,25.2591593432,20.0000000000,16.4114024771,1.0000000000,0.9692800000,217.0683393859
476,100,0,4,100,100,0,0,24,104,588,100,100,0.0404262630,25.2187330802,25.0000000000,16.4955297433,1.0000000000,0.9680640000,217.3410022478
477,100,0,6,100,100,0,0,24,106,782,100,100,0.0427491091,25.1759839710,16.6666666667,16.3272701110,1.0000000000,0.9704960000,216.7963597995
478,100,0,3,100,100,0,0,24,103,491,100,100,0.0407442469,25.1352397241,33.3333333333,16.5798158839,1.0000000000,0.9668480000,217.6143509631
479,100,0,3,100,100,0,0,24,103,491,100,100,0.0389239017,25.0963158224,33.3333333333,16.5797652774,1.0000000000,0.9668480000,217.6143509631
480,100,0,4,100,100,0,0,24,104,588,100,100,0.0413615470,25.0549542754,25.0000000000,16.4955849011,1.0000000000,0.9680640000,217.3410022478
481,100,0,3,100,100,0,0,25,103,491,100,100,0.0385867734,25.0163675020,33.3333333333,16.5797345405,1.0000000000,0.9668480000,217.6143509631
482,100,0,4,100,100,0,0,25,104,588,100,100,0.0391913629,24.9771761390,25.0000000000,16.4955283886,1.0000000000,0.9680640000,217.3410022478
483,100,0,10,100,100,0,0,25,110,1170,100,100,0.0498441462,24.9273319928,10.0000000000,15.9905852810,1.0000000000,0.9753600000,215.7152230971
484,100,0,5,100,100,0,0,25,105,685,100,100,0.0410121005,24.8863198923,20.0000000000,16.4114082910,1.0000000000,0.9692800000,217.0683393859
485,100,0,1,100,100,0,0,25,101,297,100,100,0.0477930313,24.8385268609,100.0000000000,16.7482666163,1.0000000000,0.9644160000,218.1631163315
486,100,0,5,100,100,0,0,25,105,685,100,100,0.0409636544,24.7975632065,20.0000000000,16.4113978853,1.0000000000,0.9692800000,217.0683393859
487,100,0,6,100,100,0,0,25,106,782,100,100,0.0427471029,24.7548161036,16.6666666667,16.3272290798,1.0000000000,0.9704960000,216.7963597995
488,100,0,7,100,100,0,0,25,107,879,100,100,0.0438435720,24.7109725316,14.2857142857,16.2430652022,1.0000000000,0.9717120000,216.5250609234
489,100,0,6,100,100,0,0,25,106,782,100,100,0.0427506897,24.6682218419,16.6666666667,16.3272219879,1.0000000000,0.9704960000,216.7963597995
490,100,0,6,100,100,0,0,25,106,782,100,100,0.0423345626,24.6258872792,16.6666666667,16.3272176390,1.0000000000,0.9704960000,216.7963597995
491,100,0,8,100,100,0,0,25,108,976,100,100,0.0466157458,24.5792715334,12.5000000000,16.1589073308,1.0000000000,0.9729280000,216.2544402052
492,100,0,5,100,100,0,0,25,105,685,100,100,0.0417070408,24.5375644926,20.0000000000,16.4114049157,1.0000000000,0.9692800000,217.0683393859
493,100,0,4,100,100,0,0,25,104,588,100,100,0.0399527377,24.4976117549,25.0000000000,16.4955682448,1.0000000000,0.9680640000,217.3410022478
494,100,0,5,100,100,0,0,25,105,685,100,100,0.0420648687,24.4555468863,20.0000000000,16.4113727161,1.0000000000,0.9692800000,217.0683393859
495,100,0,3,100,100,0,0,25,103,491,100,100,0.0428566931,24.4126901931,33.3333333333,16.5798209230,1.0000000000,0.9668480000,217.6143509631
496,100,0,3,100,100,0,0,25,103,491,100,100,0.0387322166,24.3739579765,33.3333333333,16.5797418751,1.0000000000,0.9668480000,217.6143509631
497,100,0,6,100,100,0,0,25,106,782,100,100,0.0426492877,24.3313086889,16.6666666667,16.3272078851,1.0000000000,0.9704960000,216.7963597995
498,100,0,1,100,100,0,0,25,101,297,100,100,0.0473600843,24.2839486045,100.0000000000,16.7482422173,1.0000000000,0.9644160000,218.1631163315
499,100,0,8,100,100,0,0,25,107,976,100,100,0.0458344913,24.2381141133,12.5000000000,16.1589206199,1.0000000000,0.9717120000,216.5250609234
500,100,0,4,100,100,0,0,25,104,588,100,100,0.0397364966,24.1983776166,25.0000000000,16.4955351389,1.0000000000,0.9680640000,217.3410022478
501,100,0,3,100,100,0,0,26,103,491,100,100,0.0395049198,24.1588726968,33.3333333333,16.5798039575,1.0000000000,0.9668480000,217.6143509631
502,100,0,5,100,100,0,0,26,105,685,100,100,0.0411831644,24.1176895324,20.0000000000,16.4113909163,1.0000000000,0.9692800000,217.0683393859
503,100,0,2,100,100,0,0,26,102,394,100,100,0.0413906955,24.0762988369,50.0000000000,16.6639671992,1.0000000000,0.9656320000,217.8883881230
504,100,0,8,100,100,0,0,26,107,976,100,100,0.0480453855,24.0282534514,12.5000000000,16.1589775377,1.0000000000,0.9717120000,216.5250609234
505,100,0,5,100,100,0,0,26,105,685,100,100,0.0413924989,23.9868609524,20.0000000000,16.4113685765,1.0000000000,0.9692800000,217.0683393859
506,100,0,5,100,100,0,0,26,105,685,100,100,0.0417098555,23.9451510969,20.0000000000,16.4113910663,1.0000000000,0.9692800000,217.0683393859
507,100,0,5,100,100,0,0,26,105,685,100,100,0.0409457719,23.9042053250,20.0000000000,16.4113962993,1.0000000000,0.9692800000,217.0683393859
508,100,0,3,100,100,0,0,26,103,491,100,100,0.0390876232,23.8651177019,33.3333333333,16.5797200811,1.0000000000,0.9668480000,217.6143509631
509,100,0,5,100,100,0,0,26,105,685,100,100,0.0418040774,23.8233136244,20.0000000000,16.4114211716,1.0000000000,0.9692800000,217.0683393859
510,100,0,2,100,100,0,0,26,102,394,100,100,0.0395960686,23.7837175558,50.0000000000,16.6638997724,1.0000000000,0.9656320000,217.8883881230
511,100,0,8,100,100,0,0,26,108,976,100,100,0.0452878390,23.7384297168,12.5000000000,16.1588974269,1.0000000000,0.9729280000,216.2544402052
512,100,0,7,100,100,0,0,26,107,879,100,100,0.0440891262,23.6943405906,14.2857142857,16.2430537111,1.0000000000,0.9717120000,216.5250609234
513,100,0,5,100,100,0,0,26,105,685,100,100,0.0440858215,23.6502547691,20.0000000000,16.4115012136,1.0000000000,0.9692800000,217.0683393859
514,100,0,9,100,100,0,0,26,108,1073,100,100,0.0479568040,23.6022979651,11.1111111111,16.0747498190,1.0000000000,0.9729280000,216.2544402052
515,100,0,1,100,100,0,0,26,101,297,100,100,0.0425970774,23.5597008877,100.0000000000,16.7481703916,1.0000000000,0.9644160000,218.1631163315
516,100,0,1,100,100,0,0,26,101,297,100,100,0.0500556934,23.5096451943,100.0000000000,16.7482732012,1.0000000000,0.9644160000,218.1631163315
517,100,0,3,100,100,0,0,26,103,491,100,100,0.0388347201,23.4708104742,33.3333333333,16.5797064145,1.0000000000,0.9668480000,217.6143509631
518,100,0,11,100,100,0,0,26,111,1267,100,100,0.0505184739,23.4202920003,9.0909090909,15.9064064546,1.0000000000,0.9765760000,215.4466216659
519,100,0,6,100,100,0,0,26,106,782,100,100,0.0428593102,23.3774326901,16.6666666667,16.3272152845,1.0000000000,0.9704960000,216.7963597995
520,100,0,6,100,100,0,0,26,106,782,100,100,0.0432934560,23.3341392340,16.6666666667,16.3272081192,1.0000000000,0.9704960000,216.7963597995
521,100,0,8,100,100,0,0,27,108,976,100,100,0.0462905148,23.2878487192,12.5000000000,16.1589307459,1.0000000000,0.9729280000,216.2544402052
522,100,0,5,100,100,0,0,27,105,685,100,100,0.0408013730,23.2470473462,20.0000000000,16.4113925004,1.0000000000,0.9692800000,217.0683393859
523,100,0,5,100,100,0,0,27,105,685,100,100,0.0415090347,23.2055383115,20.0000000000,16.4114078782,1.0000000000,0.9692800000,217.0683393859
524,100,0,5,100,100,0,0,27,105,685,100,100,0.0406269636,23.1649113480,20.0000000000,16.4113683104,1.0000000000,0.9692800000,217.0683393859
525,100,0,4,100,100,0,0,27,104,588,100,100,0.0396493845,23.1252619635,25.0000000000,16.4955583982,1.0000000000,0.9680640000,217.3410022478
526,100,0,4,100,100,0,0,27,104,588,100,100,0.0427287008,23.0825332627,25.0000000000,16.4956438752,1.0000000000,0.9680640000,217.3410022478
527,100,0,7,100,100,0,0,27,107,879,100,100,0.0443552388,23.0381780239,14.2857142857,16.2430412190,1.0000000000,0.9717120000,216.5250609234
528,100,0,3,100,100,0,0,27,103,491,100,100,0.0387428576,22.9994351663,33.3333333333,16.5797082964,1.0000000000,0.9668480000,217.6143509631
529,100,0,6,100,100,0,0,27,106,782,100,100,0.0430983457,22.9563368206,16.6666666667,16.3272284759,1.0000000000,0.9704960000,216.7963597995
530,100,0,3,100,100,0,0,27,103,491,100,100,0.0412784320,22.9150583885,33.3333333333,16.5797952966,1.0000000000,0.9668480000,217.6143509631
531,100,0,6,100,100,0,0,27,106,782,100,100,0.0424079956,22.8726503929,16.6666666667,16.3272349278,1.0000000000,0.9704960000,216.7963597995
532,100,0,5,100,100,0,0,27,105,685,100,100,0.0411935593,22.8314568336,20.0000000000,16.4113867026,1.0000000000,0.9692800000,217.0683393859
533,100,0,6,100,100,0,0,27,106,782,100,100,0.0429605175,22.7884963160,16.6666666667,16.3272160608,1.0000000000,0.9704960000,216.7963597995
534,100,0,5,100,100,0,0,27,105,685,100,100,0.0407218358,22.7477744803,20.0000000000,16.4114095074,1.0000000000,0.9692800000,217.0683393859
535,100,0,3,100,100,0,0,27,103,491,100,100,0.0410677998,22.7067066805,33.3333333333,16.5797712119,1.0000000000,0.9668480000,217.6143509631
536,100,0,6,100,100,0,0,27,106,782,100,100,0.0421659987,22.6645406818,16.6666666667,16.3272250420,1.0000000000,0.9704960000,216.7963597995
537,100,0,7,100,100,0,0,27,107,879,100,100,0.0441383760,22.6204023058,14.2857142857,16.2430632750,1.0000000000,0.9717120000,216.5250609234
538,100,0,8,100,100,0,0,27,108,976,100,100,0.0458610401,22.5745412656,12.5000000000,16.1588994381,1.0000000000,0.9729280000,216.2544402052
539,100,0,1,100,100,0,0,27,101,297,100,100,0.0409598916,22.5335813741,100.0000000000,16.7481396803,1.0000000000,0.9644160000,218.1631163315
540,100,0,3,100,100,0,0,27,103,491,100,100,0.0390561972,22.4945251769,33.3333333333,16.5797099662,1.0000000000,0.9668480000,217.6143509631
541,100,0,5,100,100,0,0,28,105,685,100,100,0.0411145453,22.4534106316,20.0000000000,16.4114180434,1.0000000000,0.9692800000,217.0683393859
542,100,0,2,100,100,0,0,28,102,394,100,100,0.0401023037,22.4133083279,50.0000000000,16.6639919293,1.0000000000,0.9656320000,217.8883881230
543,100,0,8,100,100,0,0,28,107,976,100,100,0.0457030482,22.3676052797,12.5000000000,16.1589178465,1.0000000000,0.9717120000,216.5250609234
544,100,0,4,100,100,0,0,28,104,588,100,100,0.0406197626,22.3269855171,25.0000000000,16.4955936577,1.0000000000,0.9680640000,217.3410022478
545,100,0,1,100,100,0,0,28,101,297,100,100,0.0443623767,22.2826231403,100.0000000000,16.7482099104,1.0000000000,0.9644160000,218.1631163315
546,100,0,8,100,100,0,0,28,108,976,100,100,0.0456797328,22.2369434075,12.5000000000,16.1588847749,1.0000000000,0.9729280000,216.2544402052
547,100,0,6,100,100,0,0,28,106,782,100,100,0.0424526575,22.1944907500,16.6666666667,16.3272125584,1.0000000000,0.9704960000,216.7963597995
548,100,0,9,100,100,0,0,28,109,1073,100,100,0.0470557486,22.1474350014,11.1111111111,16.0747313731,1.0000000000,0.9741440000,215.9844951054
549,100,0,6,100,100,0,0,28,106,782,100,100,0.0428636344,22.1045713670,16.6666666667,16.3272424059,1.0000000000,0.9704960000,216.7963597995
550,100,0,2,100,100,0,0,28,102,394,100,100,0.0388681015,22.0657032654,50.0000000000,16.6639700949,1.0000000000,0.9656320000,217.8883881230
551,100,0,7,100,100,0,0,28,107,879,100,100,0.0438956470,22.0218076184,14.2857142857,16.2430529268,1.0000000000,0.9717120000,216.5250609234
552,100,0,1,100,100,0,0,28,101,297,100,100,0.0386398616,21.9831677568,100.0000000000,16.7480706793,1.0000000000,0.9644160000,218.1631163315
553,100,0,1,100,100,0,0,28,101,297,100,100,0.0437864816,21.9393812752,100.0000000000,16.7481981559,1.0000000000,0.9644160000,218.1631163315
554,100,0,8,100,100,0,0,28,108,976,100,100,0.0456942693,21.8936870059,12.5000000000,16.1588888193,1.0000000000,0.9729280000,216.2544402052
555,100,0,7,100,100,0,0,28,107,879,100,100,0.0439544385,21.8497325673,14.2857142857,16.2430553258,1.0000000000,0.9717120000,216.5250609234
556,100,0,10,100,100,0,0,28,109,1170,100,100,0.0486427167,21.8010898507,10.0000000000,15.9905678783,1.0000000000,0.9741440000,215.9844951054
557,100,0,7,100,100,0,0,28,107,879,100,100,0.0440981631,21.7569916876,14.2857142857,16.2430475117,1.0000000000,0.9717120000,216.5250609234
558,100,0,1,100,100,0,0,28,101,297,100,100,0.0459212720,21.7110704156,100.0000000000,16.7482301124,1.0000000000,0.9644160000,218.1631163315
559,100,0,4,100,100,0,0,28,104,588,100,100,0.0408798895,21.6701905261,25.0000000000,16.4955832672,1.0000000000,0.9680640000,217.3410022478
560,100,0,3,100,100,0,0,28,103,491,100,100,0.0410341955,21.6291563307,33.3333333333,16.5797762716,1.0000000000,0.9668480000,217.6143509631
561,100,0,7,100,100,0,0,29,107,879,100,100,0.0441168724,21.5850394583,14.2857142857,16.2430601653,1.0000000000,0.9717120000,216.5250609234
562,100,0,7,100,100,0,0,29,107,879,100,100,0.0442732158,21.5407662424,14.2857142857,16.2430604565,1.0000000000,0.9717120000,216.5250609234
563,100,0,7,100,100,0,0,29,107,879,100,100,0.0448001040,21.4959661384,14.2857142857,16.2430589066,1.0000000000,0.9717120000,216.5250609234
564,100,0,2,100,100,0,0,29,102,394,100,100,0.0376339003,21.4583322382,50.0000000000,16.6638834821,1.0000000000,0.9656320000,217.8883881230
565,100,0,3,100,100,0,0,29,103,491,100,100,0.0382780439,21.4200541943,33.3333333333,16.5797001584,1.0000000000,0.9668480000,217.6143509631
566,100,0,4,100,100,0,0,29,104,588,100,100,0.0406899730,21.3793642212,25.0000000000,16.4955465531,1.0000000000,0.9680640000,217.3410022478
567,100,0,8,100,100,0,0,29,108,976,100,100,0.0457803140,21.3335839072,12.5000000000,16.1589186535,1.0000000000,0.9729280000,216.2544402052
568,100,0,8,100,100,0,0,29,107,976,100,100,0.0459164478,21.2876674594,12.5000000000,16.1588845758,1.0000000000,0.9717120000,216.5250609234
569,100,0,3,100,100,0,0,29,103,491,100,100,0.0395104198,21.2481570396,33.3333333333,16.5797497599,1.0000000000,0.9668480000,217.6143509631
570,100,0,5,100,100,0,0,29,105,685,100,100,0.0426220064,21.2055350332,20.0000000000,16.4114469821,1.0000000000,0.9692800000,217.0683393859
571,100,0,10,100,100,0,0,29,108,1170,100,100,0.0490617925,21.1564732407,10.0000000000,15.9905612677,1.0000000000,0.9729280000,216.2544402052
572,100,0,1,100,100,0,0,29,101,297,100,100,0.0415555434,21.1149176974,100.0000000000,16.7481711256,1.0000000000,0.9644160000,218.1631163315
573,100,0,4,100,100,0,0,29,104,588,100,100,0.0401776096,21.0747400877,25.0000000000,16.4955199535,1.0000000000,0.9680640000,217.3410022478
574,100,0,7,100,100,0,0,29,107,879,100,100,0.0438667404,21.0308733473,14.2857142857,16.2430443480,1.0000000000,0.9717120000,216.5250609234
575,100,0,4,100,100,0,0,29,104,588,100,100,0.0416196492,20.9892536981,25.0000000000,16.4955616324,1.0000000000,0.9680640000,217.3410022478
576,100,0,3,100,100,0,0,29,103,491,100,100,0.0390563297,20.9501973684,33.3333333333,16.5797944811,1.0000000000,0.9668480000,217.6143509631
577,100,0,7,100,100,0,0,29,107,879,100,100,0.0453745563,20.9048228121,14.2857142857,16.2430910143,1.0000000000,0.9717120000,216.5250609234
578,100,0,2,100,100,0,0,29,102,394,100,100,0.0382942081,20.8665286041,50.0000000000,16.6639502973,1.0000000000,0.9656320000,217.8883881230
579,100,0,4,100,100,0,0,29,104,588,100,100,0.0400910920,20.8264375121,25.0000000000,16.4955967988,1.0000000000,0.9680640000,217.3410022478
580,100,0,4,100,100,0,0,29,104,588,100,100,0.0415268590,20.7849106531,25.0000000000,16.4956180279,1.0000000000,0.9680640000,217.3410022478
581,100,0,5,100,100,0,0,30,105,685,100,100,0.0418403900,20.7430702631,20.0000000000,16.4113905038,1.0000000000,0.9692800000,217.0683393859
582,100,0,5,100,100,0,0,30,105,685,100,100,0.0407822883,20.7022879748,20.0000000000,16.4113945060,1.0000000000,0.9692800000,217.0683393859
583,100,0,9,100,100,0,0,30,109,1073,100,100,0.0475291659,20.6547588089,11.1111111111,16.0747532684,1.0000000000,0.9741440000,215.9844951054
584,100,0,7,100,100,0,0,30,107,879,100,100,0.0450991539,20.6096596550,14.2857142857,16.2430783547,1.0000000000,0.9717120000,216.5250609234
585,100,0,6,100,100,0,0,30,106,782,100,100,0.0428441970,20.5668154580,16.6666666667,16.3272032006,1.0000000000,0.9704960000,216.7963597995
586,100,0,5,100,100,0,0,30,105,685,100,100,0.0415510931,20.5252643649,20.0000000000,16.4113906533,1.0000000000,0.9692800000,217.0683393859
587,100,0,5,100,100,0,0,30,105,685,100,100,0.0427599941,20.4825043709,20.0000000000,16.4114558272,1.0000000000,0.9692800000,217.0683393859
588,100,0,7,100,100,0,0,30,107,879,100,100,0.0440752139,20.4384291570,14.2857142857,16.2430706230,1.0000000000,0.9717120000,216.5250609234
589,100,0,5,100,100,0,0,30,105,685,100,100,0.0411174613,20.3973116956,20.0000000000,16.4113894309,1.0000000000,0.9692800000,217.0683393859
590,100,0,7,100,100,0,0,30,107,879,100,100,0.0442917800,20.3530199156,14.2857142857,16.2430573175,1.0000000000,0.9717120000,216.5250609234
591,100,0,5,100,100,0,0,30,105,685,100,100,0.0409842067,20.3120357088,20.0000000000,16.4113891804,1.0000000000,0.9692800000,217.0683393859
592,100,0,3,100,100,0,0,30,103,491,100,100,0.0407745921,20.2712611168,33.3333333333,16.5798018173,1.0000000000,0.9668480000,217.6143509631
593,100,0,1,100,100,0,0,30,101,297,100,100,0.0398163316,20.2314447852,100.0000000000,16.7481165379,1.0000000000,0.9644160000,218.1631163315
594,100,0,6,100,100,0,0,30,105,782,100,100,0.0427710297,20.1886737555,16.6666666667,16.3272294005,1.0000000000,0.9692800000,217.0683393859
595,100,0,1,100,100,0,0,30,101,297,100,100,0.0452128024,20.1434609531,100.0000000000,16.7482196302,1.0000000000,0.9644160000,218.1631163315
596,100,0,6,100,100,0,0,30,106,782,100,100,0.0434001126,20.1000608405,16.6666666667,16.3272426461,1.0000000000,0.9704960000,216.7963597995
597,100,0,1,100,100,0,0,30,101,297,100,100,0.0430940723,20.0569667681,100.0000000000,16.7481807015,1.0000000000,0.9644160000,218.1631163315
598,100,0,5,100,100,0,0,30,105,685,100,100,0.0421409693,20.0148257988,20.0000000000,16.4113861124,1.0000000000,0.9692800000,217.0683393859
599,100,0,6,100,100,0,0,30,106,782,100,100,0.0420434977,19.9727823011,16.6666666667,16.3272246315,1.0000000000,0.9704960000,216.7963597995
600,100,0,5,100,100,0,0,30,105,685,100,100,0.0416149187,19.9311673824,20.0000000000,16.4114204368,1.0000000000,0.9692800000,217.0683393859
601,100,0,7,100,100,0,0,31,107,879,100,100,0.0437773226,19.8873900599,14.2857142857,16.2430478958,1.0000000000,0.9717120000,216.5250609234
602,100,0,3,100,100,0,0,31,103,491,100,100,0.0408194730,19.8465705869,33.3333333333,16.5797597464,1.0000000000,0.9668480000,217.6143509631
603,100,0,4,100,100,0,0,31,104,588,100,100,0.0398497076,19.8067208793,25.0000000000,16.4955463945,1.0000000000,0.9680640000,217.3410022478
604,100,0,5,100,100,0,0,31,105,685,100,100,0.0415090255,19.7652118537,20.0000000000,16.4114211371,1.0000000000,0.9692800000,217.0683393859
605,100,0,5,100,100,0,0,31,105,685,100,100,0.0425949578,19.7226168959,20.0000000000,16.4114439488,1.0000000000,0.9692800000,217.0683393859
606,100,0,6,100,100,0,0,31,106,782,100,100,0.0431921753,19.6794247206,16.6666666667,16.3272264091,1.0000000000,0.9704960000,216.7963597995
607,100,0,4,100,100,0,0,31,104,588,100,100,0.0398990441,19.6395256765,25.0000000000,16.4955440639,1.0000000000,0.9680640000,217.3410022478
608,100,0,5,100,100,0,0,31,105,685,100,100,0.0415168304,19.5980088461,20.0000000000,16.4113810382,1.0000000000,0.9692800000,217.0683393859
609,100,0,5,100,100,0,0,31,105,685,100,100,0.0407578235,19.5572510227,20.0000000000,16.4113806841,1.0000000000,0.9692800000,217.0683393859
610,100,0,4,100,100,0,0,31,104,588,100,100,0.0407258094,19.5165252132,25.0000000000,16.4955919055,1.0000000000,0.9680640000,217.3410022478
611,100,0,7,100,100,0,0,31,107,879,100,100,0.0449831934,19.4715420199,14.2857142857,16.2430716928,1.0000000000,0.9717120000,216.5250609234
612,100,0,5,100,100,0,0,31,105,685,100,100,0.0416826059,19.4298594139,20.0000000000,16.4114365779,1.0000000000,0.9692800000,217.0683393859
613,100,0,11,100,100,0,0,31,111,1267,100,100,0.0505104650,19.3793489489,9.0909090909,15.9064228034,1.0000000000,0.9765760000,215.4466216659
614,100,0,8,100,100,0,0,31,108,976,100,100,0.0463525955,19.3329963534,12.5000000000,16.1588834412,1.0000000000,0.9729280000,216.2544402052
615,100,0,3,100,100,0,0,31,103,491,100,100,0.0389811418,19.2940152116,33.3333333333,16.5796985386,1.0000000000,0.9668480000,217.6143509631
616,100,0,4,100,100,0,0,31,104,588,100,100,0.0413083375,19.2527068741,25.0000000000,16.4955580461,1.0000000000,0.9680640000,217.3410022478
617,100,0,4,100,100,0,0,31,104,588,100,100,0.0415896828,19.2111171913,25.0000000000,16.4955670267,1.0000000000,0.9680640000,217.3410022478
618,100,0,2,100,100,0,0,31,102,394,100,100,0.0404465758,19.1706706155,50.0000000000,16.6640041685,1.0000000000,0.9656320000,217.8883881230
619,100,0,5,100,100,0,0,31,105,685,100,100,0.0416798333,19.1289907822,20.0000000000,16.4114265088,1.0000000000,0.9692800000,217.0683393859
620,100,0,3,100,100,0,0,31,103,491,100,100,0.0384049421,19.0905858401,33.3333333333,16.5797626256,1.0000000000,0.9668480000,217.6143509631
621,100,0,6,100,100,0,0,32,106,782,100,100,0.0433256747,19.0472601653,16.6666666667,16.3272586289,1.0000000000,0.9704960000,216.7963597995
622,100,0,7,100,100,0,0,32,107,879,100,100,0.0439160532,19.0033441122,14.2857142857,16.2430641311,1.0000000000,0.9717120000,216.5250609234
623,100,0,6,100,100,0,0,32,106,782,100,100,0.0450330036,18.9583111085,16.6666666667,16.3272517995,1.0000000000,0.9704960000,216.7963597995
624,100,0,5,100,100,0,0,32,105,685,100,100,0.0417541728,18.9165569358,20.0000000000,16.4113905768,1.0000000000,0.9692800000,217.0683393859
625,100,0,4,100,100,0,0,32,104,588,100,100,0.0400251848,18.8765317510,25.0000000000,16.4955585230,1.0000000000,0.9680640000,217.3410022478
626,100,0,8,100,100,0,0,32,108,976,100,100,0.0457153502,18.8308164009,12.5000000000,16.1589103936,1.0000000000,0.9729280000,216.2544402052
627,100,0,2,100,100,0,0,32,102,394,100,100,0.0387035915,18.7921128093,50.0000000000,16.6639059651,1.0000000000,0.9656320000,217.8883881230
628,100,0,4,100,100,0,0,32,104,588,100,100,0.0413304908,18.7507823185,25.0000000000,16.4955747238,1.0000000000,0.9680640000,217.3410022478
629,100,0,7,100,100,0,0,32,107,879,100,100,0.0442500318,18.7065322867,14.2857142857,16.2430482855,1.0000000000,0.9717120000,216.5250609234
630,100,0,8,100,100,0,0,32,108,976,100,100,0.0455813852,18.6609509015,12.5000000000,16.1588876632,1.0000000000,0.9729280000,216.2544402052
631,100,0,8,100,100,0,0,32,108,976,100,100,0.0457373386,18.6152135629,12.5000000000,16.1588916129,1.0000000000,0.9729280000,216.2544402052
632,100,0,1,100,100,0,0,32,101,297,100,100,0.0472553040,18.5679582589,100.0000000000,16.7482413507,1.0000000000,0.9644160000,218.1631163315
633,100,0,6,100,100,0,0,32,106,782,100,100,0.0423384241,18.5256198348,16.6666666667,16.3272335021,1.0000000000,0.9704960000,216.7963597995
634,100,0,6,100,100,0,0,32,106,782,100,100,0.0422284287,18.4833914061,16.6666666667,16.3272064772,1.0000000000,0.9704960000,216.7963597995
635,100,0,3,100,100,0,0,32,103,491,100,100,0.0401822684,18.4432091377,33.3333333333,16.5797403587,1.0000000000,0.9668480000,217.6143509631
636,100,0,3,100,100,0,0,32,103,491,100,100,0.0386435224,18.4045656153,33.3333333333,16.5797459546,1.0000000000,0.9668480000,217.6143509631
637,100,0,5,100,100,0,0,32,105,685,100,100,0.0410111153,18.3635545000,20.0000000000,16.4114193927,1.0000000000,0.9692800000,217.0683393859
638,100,0,5,100,100,0,0,32,105,685,100,100,0.0416757173,18.3218787827,20.0000000000,16.4114336575,1.0000000000,0.9692800000,217.0683393859
639,100,0,4,100,100,0,0,32,104,588,100,100,0.0408234507,18.2810553321,25.0000000000,16.4956076993,1.0000000000,0.9680640000,217.3410022478
640,100,0,2,100,100,0,0,32,102,394,100,100,0.0411072881,18.2399480440,50.0000000000,16.6639897141,1.0000000000,0.9656320000,217.8883881230
641,100,0,5,100,100,0,0,33,105,685,100,100,0.0412737520,18.1986742920,20.0000000000,16.4114089334,1.0000000000,0.9692800000,217.0683393859
642,100,0,3,100,100,0,0,33,103,491,100,100,0.0384337444,18.1602405475,33.3333333333,16.5796946178,1.0000000000,0.9668480000,217.6143509631
643,100,0,6,100,100,0,0,33,106,782,100,100,0.0431256522,18.1171148953,16.6666666667,16.3272307295,1.0000000000,0.9704960000,216.7963597995
644,100,0,5,100,100,0,0,33,105,685,100,100,0.0421707589,18.0749441364,20.0000000000,16.4114125300,1.0000000000,0.9692800000,217.0683393859
645,100,0,8,100,100,0,0,33,108,976,100,100,0.0452487691,18.0296953672,12.5000000000,16.1588737900,1.0000000000,0.9729280000,216.2544402052
646,100,0,7,100,100,0,0,33,107,879,100,100,0.0436637914,17.9860315758,14.2857142857,16.2430527722,1.0000000000,0.9717120000,216.5250609234
647,100,0,7,100,100,0,0,33,107,879,100,100,0.0444963655,17.9415352103,14.2857142857,16.2430670449,1.0000000000,0.9717120000,216.5250609234
648,100,0,5,100,100,0,0,33,105,685,100,100,0.0416738479,17.8998613624,20.0000000000,16.4114337304,1.0000000000,0.9692800000,217.0683393859
649,100,0,4,100,100,0,0,33,104,588,100,100,0.0412258497,17.8586355127,25.0000000000,16.4956006247,1.0000000000,0.9680640000,217.3410022478
650,100,0,3,100,100,0,0,33,103,491,100,100,0.0405630639,17.8180724489,33.3333333333,16.5797934734,1.0000000000,0.9668480000,217.6143509631
651,100,0,6,100,100,0,0,33,106,782,100,100,0.0431181485,17.7749543004,16.6666666667,16.3272543622,1.0000000000,0.9704960000,216.7963597995
652,100,0,5,100,100,0,0,33,105,685,100,100,0.0414497755,17.7335045248,20.0000000000,16.4114159082,1.0000000000,0.9692800000,217.0683393859
653,100,0,6,100,100,0,0,33,106,782,100,100,0.0428278440,17.6906766809,16.6666666667,16.3272477658,1.0000000000,0.9704960000,216.7963597995
654,100,0,4,100,100,0,0,33,104,588,100,100,0.0407945958,17.6498820851,25.0000000000,16.4956109387,1.0000000000,0.9680640000,217.3410022478
655,100,0,1,100,100,0,0,33,101,297,100,100,0.0421813044,17.6077007807,100.0000000000,16.7481811774,1.0000000000,0.9644160000,218.1631163315
656,100,0,5,100,100,0,0,33,105,685,100,100,0.0410238677,17.5666769129,20.0000000000,16.4114043567,1.0000000000,0.9692800000,217.0683393859
657,100,0,3,100,100,0,0,33,103,491,100,100,0.0388990618,17.5277778512,33.3333333333,16.5797105340,1.0000000000,0.9668480000,217.6143509631
658,100,0,9,100,100,0,0,33,109,1073,100,100,0.0471848716,17.4805929796,11.1111111111,16.0747233732,1.0000000000,0.9741440000,215.9844951054
659,100,0,6,100,100,0,0,33,106,782,100,100,0.0427400239,17.4378529557,16.6666666667,16.3272277087,1.0000000000,0.9704960000,216.7963597995
660,100,0,2,100,100,0,0,33,102,394,100,100,0.0383337287,17.3995192270,50.0000000000,16.6639362528,1.0000000000,0.9656320000,217.8883881230
661,100,0,6,100,100,0,0,34,106,782,100,100,0.0430933150,17.3564259120,16.6666666667,16.3272387494,1.0000000000,0.9704960000,216.7963597995
662,100,0,5,100,100,0,0,34,105,685,100,100,0.0409730801,17.3154528319,20.0000000000,16.4113966308,1.0000000000,0.9692800000,217.0683393859
663,100,0,5,100,100,0,0,34,105,685,100,100,0.0421632546,17.2732895773,20.0000000000,16.4114209095,1.0000000000,0.9692800000,217.0683393859
664,100,0,5,100,100,0,0,34,105,685,100,100,0.0411794156,17.2321101617,20.0000000000,16.4113902229,1.0000000000,0.9692800000,217.0683393859
665,100,0,5,100,100,0,0,34,105,685,100,100,0.0412296041,17.1908805576,20.0000000000,16.4113848703,1.0000000000,0.9692800000,217.0683393859
666,100,0,7,100,100,0,0,34,107,879,100,100,0.0438881871,17.1469923705,14.2857142857,16.2430754877,1.0000000000,0.9717120000,216.5250609234
667,100,0,4,100,100,0,0,34,104,588,100,100,0.0391891895,17.1078031810,25.0000000000,16.4955720338,1.0000000000,0.9680640000,217.3410022478
668,100,0,3,100,100,0,0,34,103,491,100,100,0.0391529130,17.0686502680,33.3333333333,16.5797451228,1.0000000000,0.9668480000,217.6143509631
669,100,0,8,100,100,0,0,34,108,976,100,100,0.0455526218,17.0230976462,12.5000000000,16.1588909135,1.0000000000,0.9729280000,216.2544402052
670,100,0,2,100,100,0,0,34,102,394,100,100,0.0381714593,16.9849261869,50.0000000000,16.6639370394,1.0000000000,0.9656320000,217.8883881230
671,100,0,3,100,100,0,0,34,103,491,100,100,0.0406922649,16.9442339220,33.3333333333,16.5797507781,1.0000000000,0.9668480000,217.6143509631
672,100,0,5,100,100,0,0,34,105,685,100,100,0.0415238932,16.9027100288,20.0000000000,16.4113744690,1.0000000000,0.9692800000,217.0683393859
673,100,0,3,100,100,0,0,34,103,491,100,100,0.0397655483,16.8629444805,33.3333333333,16.5797214763,1.0000000000,0.9668480000,217.6143509631
674,100,0,4,100,100,0,0,34,104,588,100,100,0.0403415143,16.8226029662,25.0000000000,16.4955820285,1.0000000000,0.9680640000,217.3410022478
675,100,0,4,100,100,0,0,34,104,588,100,100,0.0440295262,16.7785734400,25.0000000000,16.4956526673,1.0000000000,0.9680640000,217.3410022478
676,100,0,5,100,100,0,0,34,105,685,100,100,0.0412443114,16.7373291286,20.0000000000,16.4113935753,1.0000000000,0.9692800000,217.0683393859
677,100,0,3,100,100,0,0,34,103,491,100,100,0.0395032860,16.6978258425,33.3333333333,16.5797215569,1.0000000000,0.9668480000,217.6143509631
678,100,0,9,100,100,0,0,34,109,1073,100,100,0.0472230277,16.6506028148,11.1111111111,16.0747427682,1.0000000000,0.9741440000,215.9844951054
679,100,0,5,100,100,0,0,34,105,685,100,100,0.0410757989,16.6095270159,20.0000000000,16.4113941342,1.0000000000,0.9692800000,217.0683393859
680,100,0,9,100,100,0,0,34,109,1073,100,100,0.0484552032,16.5610718126,11.1111111111,16.0747278363,1.0000000000,0.9741440000,215.9844951054
681,100,0,8,100,100,0,0,35,108,976,100,100,0.0455422959,16.5155295168,12.5000000000,16.1588967043,1.0000000000,0.9729280000,216.2544402052
682,100,0,2,100,100,0,0,35,102,394,100,100,0.0391282302,16.4764012865,50.0000000000,16.6638894890,1.0000000000,0.9656320000,217.8883881230
683,100,0,3,100,100,0,0,35,103,491,100,100,0.0383713868,16.4380298998,33.3333333333,16.5797167792,1.0000000000,0.9668480000,217.6143509631
684,100,0,4,100,100,0,0,35,104,588,100,100,0.0413328050,16.3966970947,25.0000000000,16.4956080322,1.0000000000,0.9680640000,217.3410022478
685,100,0,4,100,100,0,0,35,104,588,100,100,0.0402917764,16.3564053183,25.0000000000,16.4955270939,1.0000000000,0.9680640000,217.3410022478
686,100,0,8,100,100,0,0,35,108,976,100,100,0.0455090933,16.3108962249,12.5000000000,16.1588881685,1.0000000000,0.9729280000,216.2544402052
687,100,0,6,100,100,0,0,35,106,782,100,100,0.0423035389,16.2685926861,16.6666666667,16.3272284679,1.0000000000,0.9704960000,216.7963597995
688,100,0,7,100,100,0,0,35,107,879,100,100,0.0437744918,16.2248181943,14.2857142857,16.2430426813,1.0000000000,0.9717120000,216.5250609234
689,100,0,5,100,100,0,0,35,105,685,100,100,0.0426845045,16.1821336898,20.0000000000,16.4114124364,1.0000000000,0.9692800000,217.0683393859
690,100,0,1,100,100,0,0,35,101,297,100,100,0.0377430474,16.1443906424,100.0000000000,16.7480476673,1.0000000000,0.9644160000,218.1631163315
691,100,0,6,100,100,0,0,35,106,782,100,100,0.0427008495,16.1016897929,16.6666666667,16.3272446596,1.0000000000,0.9704960000,216.7963597995
692,100,0,4,100,100,0,0,35,104,588,100,100,0.0407633534,16.0609264394,25.0000000000,16.4955466541,1.0000000000,0.9680640000,217.3410022478
693,100,0,2,100,100,0,0,35,102,394,100,100,0.0375675931,16.0233588463,50.0000000000,16.6638723324,1.0000000000,0.9656320000,217.8883881230
694,100,0,6,100,100,0,0,35,106,782,100,100,0.0425922536,15.9807665927,16.6666666667,16.3272321284,1.0000000000,0.9704960000,216.7963597995
695,100,0,8,100,100,0,0,35,108,976,100,100,0.0455398352,15.9352267575,12.5000000000,16.1589254017,1.0000000000,0.9729280000,216.2544402052
696,100,0,4,100,100,0,0,35,104,588,100,100,0.0402173759,15.8950093816,25.0000000000,16.4955578940,1.0000000000,0.9680640000,217.3410022478
697,100,0,4,100,100,0,0,35,104,588,100,100,0.0393823737,15.8556270080,25.0000000000,16.4955358896,1.0000000000,0.9680640000,217.3410022478
698,100,0,4,100,100,0,0,35,104,588,100,100,0.0403858219,15.8152411861,25.0000000000,16.4955670776,1.0000000000,0.9680640000,217.3410022478
699,100,0,5,100,100,0,0,35,105,685,100,100,0.0419516428,15.7732895433,20.0000000000,16.4114360599,1.0000000000,0.9692800000,217.0683393859
700,100,0,9,100,100,0,0,35,109,1073,100,100,0.0468436842,15.7264458591,11.1111111111,16.0747260161,1.0000000000,0.9741440000,215.9844951054
701,100,0,3,100,100,0,0,36,103,491,100,100,0.0384098523,15.6880360068,33.3333333333,16.5797094706,1.0000000000,0.9668480000,217.6143509631
702,100,0,1,100,100,0,0,36,101,297,100,100,0.0426485419,15.6453874649,100.0000000000,16.7481835474,1.0000000000,0.9644160000,218.1631163315
703,100,0,2,100,100,0,0,36,102,394,100,100,0.0397508797,15.6056365852,50.0000000000,16.6639964826,1.0000000000,0.9656320000,217.8883881230
704,100,0,10,100,100,0,0,36,110,1170,100,100,0.0488444091,15.5567921761,10.0000000000,15.9905677802,1.0000000000,0.9753600000,215.7152230971
705,100,0,5,100,100,0,0,36,105,685,100,100,0.0412990512,15.5154931249,20.0000000000,16.4113805407,1.0000000000,0.9692800000,217.0683393859
706,100,0,3,100,100,0,0,36,103,491,100,100,0.0407206137,15.4747725112,33.3333333333,16.5797344593,1.0000000000,0.9668480000,217.6143509631
707,100,0,6,100,100,0,0,36,106,782,100,100,0.0428281235,15.4319443877,16.6666666667,16.3271999736,1.0000000000,0.9704960000,216.7963597995
708,100,0,3,100,100,0,0,36,103,491,100,100,0.0401197681,15.3918246196,33.3333333333,16.5797996470,1.0000000000,0.9668480000,217.6143509631
709,100,0,8,100,100,0,0,36,108,976,100,100,0.0456476225,15.3461769972,12.5000000000,16.1589055898,1.0000000000,0.9729280000,216.2544402052
710,100,0,6,100,100,0,0,36,106,782,100,100,0.0435772019,15.3025997952,16.6666666667,16.3272345359,1.0000000000,0.9704960000,216.7963597995
711,100,0,3,100,100,0,0,36,103,491,100,100,0.0382846993,15.2643150959,33.3333333333,16.5797067355,1.0000000000,0.9668480000,217.6143509631
712,100,0,7,100,100,0,0,36,107,879,100,100,0.0442186224,15.2200964735,14.2857142857,16.2430786808,1.0000000000,0.9717120000,216.5250609234
713,100,0,6,100,100,0,0,36,106,782,100,100,0.0429229839,15.1771734896,16.6666666667,16.3272208041,1.0000000000,0.9704960000,216.7963597995
714,100,0,6,100,100,0,0,36,106,782,100,100,0.0424692605,15.1347042291,16.6666666667,16.3272195482,1.0000000000,0.9704960000,216.7963597995
715,100,0,3,100,100,0,0,36,103,491,100,100,0.0388421849,15.0958620442,33.3333333333,16.5797466686,1.0000000000,0.9668480000,217.6143509631
716,100,0,4,100,100,0,0,36,104,588,100,100,0.0403873845,15.0554746597,25.0000000000,16.4956113611,1.0000000000,0.9680640000,217.3410022478
717,100,0,10,100,100,0,0,36,110,1170,100,100,0.0491990816,15.0062755781,10.0000000000,15.9905978454,1.0000000000,0.9753600000,215.7152230971
718,100,0,4,100,100,0,0,36,104,588,100,100,0.0393143277,14.9669612504,25.0000000000,16.4955573553,1.0000000000,0.9680640000,217.3410022478
719,100,0,3,100,100,0,0,36,103,491,100,100,0.0394561320,14.9275051184,33.3333333333,16.5797718609,1.0000000000,0.9668480000,217.6143509631
720,100,0,7,100,100,0,0,36,107,879,100,100,0.0444411331,14.8830639853,14.2857142857,16.2430773465,1.0000000000,0.9717120000,216.5250609234
721,100,0,4,100,100,0,0,37,104,588,100,100,0.0390668281,14.8439971572,25.0000000000,16.4955333069,1.0000000000,0.9680640000,217.3410022478
722,100,0,3,100,100,0,0,37,103,491,100,100,0.0392199608,14.8047771964,33.3333333333,16.5796798927,1.0000000000,0.9668480000,217.6143509631
723,100,0,5,100,100,0,0,37,105,685,100,100,0.0431041736,14.7616730228,20.0000000000,16.4114524317,1.0000000000,0.9692800000,217.0683393859
724,100,0,7,100,100,0,0,37,107,879,100,100,0.0437027924,14.7179702303,14.2857142857,16.2430735308,1.0000000000,0.9717120000,216.5250609234
725,100,0,3,100,100,0,0,37,103,491,100,100,0.0386909750,14.6792792553,33.3333333333,16.5797004867,1.0000000000,0.9668480000,217.6143509631
726,100,0,5,100,100,0,0,37,105,685,100,100,0.0420208595,14.6372583958,20.0000000000,16.4114480134,1.0000000000,0.9692800000,217.0683393859
727,100,0,6,100,100,0,0,37,106,782,100,100,0.0445588563,14.5926995395,16.6666666667,16.3273188818,1.0000000000,0.9704960000,216.7963597995
728,100,0,6,100,100,0,0,37,106,782,100,100,0.0427335586,14.5499659809,16.6666666667,16.3272123578,1.0000000000,0.9704960000,216.7963597995
729,100,0,4,100,100,0,0,37,104,588,100,100,0.0408968765,14.5090691043,25.0000000000,16.4955652750,1.0000000000,0.9680640000,217.3410022478
730,100,0,2,100,100,0,0,37,102,394,100,100,0.0419819884,14.4670871159,50.0000000000,16.6639721933,1.0000000000,0.9656320000,217.8883881230
731,100,0,7,100,100,0,0,37,107,879,100,100,0.0436380722,14.4234490438,14.2857142857,16.2430514551,1.0000000000,0.9717120000,216.5250609234
732,100,0,5,100,100,0,0,37,105,685,100,100,0.0413269105,14.3821221333,20.0000000000,16.4113979838,1.0000000000,0.9692800000,217.0683393859
733,100,0,3,100,100,0,0,37,103,491,100,100,0.0390034066,14.3431187267,33.3333333333,16.5797368691,1.0000000000,0.9668480000,217.6143509631
734,100,0,3,100,100,0,0,37,103,491,100,100,0.0386895812,14.3044291454,33.3333333333,16.5797128234,1.0000000000,0.9668480000,217.6143509631
735,100,0,5,100,100,0,0,37,105,685,100,100,0.0417898415,14.2626393039,20.0000000000,16.4113750994,1.0000000000,0.9692800000,217.0683393859
736,100,0,7,100,100,0,0,37,107,879,100,100,0.0438603746,14.2187789293,14.2857142857,16.2430568444,1.0000000000,0.9717120000,216.5250609234
737,100,0,6,100,100,0,0,37,106,782,100,100,0.0452318359,14.1735470934,16.6666666667,16.3272762569,1.0000000000,0.9704960000,216.7963597995
738,100,0,8,100,100,0,0,37,108,976,100,100,0.0461008549,14.1274462385,12.5000000000,16.1589220915,1.0000000000,0.9729280000,216.2544402052
739,100,0,5,100,100,0,0,37,105,685,100,100,0.0411174887,14.0863287498,20.0000000000,16.4113979553,1.0000000000,0.9692800000,217.0683393859
740,100,0,6,100,100,0,0,37,106,782,100,100,0.0424635595,14.0438651903,16.6666666667,16.3272285283,1.0000000000,0.9704960000,216.7963597995
741,100,0,3,100,100,0,0,38,103,491,100,100,0.0379895844,14.0058756059,33.3333333333,16.5797040493,1.0000000000,0.9668480000,217.6143509631
742,100,0,6,100,100,0,0,38,106,782,100,100,0.0424062181,13.9634693878,16.6666666667,16.3272219778,1.0000000000,0.9704960000,216.7963597995
743,100,0,4,100,100,0,0,38,104,588,100,100,0.0415984825,13.9218709053,25.0000000000,16.4956546073,1.0000000000,0.9680640000,217.3410022478
744,100,0,7,100,100,0,0,38,107,879,100,100,0.0439055119,13.8779653934,14.2857142857,16.2430427931,1.0000000000,0.9717120000,216.5250609234
745,100,0,4,100,100,0,0,38,104,588,100,100,0.0398739746,13.8380914188,25.0000000000,16.4955867156,1.0000000000,0.9680640000,217.3410022478
746,100,0,4,100,100,0,0,38,104,588,100,100,0.0406133982,13.7974780207,25.0000000000,16.4955268485,1.0000000000,0.9680640000,217.3410022478
747,100,0,6,100,100,0,0,38,106,782,100,100,0.0425686626,13.7549093581,16.6666666667,16.3272131218,1.0000000000,0.9704960000,216.7963597995
748,100,0,7,100,100,0,0,38,107,879,100,100,0.0452112000,13.7096981581,14.2857142857,16.2430727359,1.0000000000,0.9717120000,216.5250609234
749,100,0,4,100,100,0,0,38,104,588,100,100,0.0416236233,13.6680745348,25.0000000000,16.4956265042,1.0000000000,0.9680640000,217.3410022478
750,100,0,3,100,100,0,0,38,103,491,100,100,0.0388411221,13.6292334127,33.3333333333,16.5797654500,1.0000000000,0.9668480000,217.6143509631
751,100,0,4,100,100,0,0,38,104,588,100,100,0.0416404980,13.5875929147,25.0000000000,16.4956415335,1.0000000000,0.9680640000,217.3410022478
752,100,0,7,100,100,0,0,38,107,879,100,100,0.0439315470,13.5436613678,14.2857142857,16.2430766277,1.0000000000,0.9717120000,216.5250609234
753,100,0,6,100,100,0,0,38,106,782,100,100,0.0428437903,13.5008175775,16.6666666667,16.3272396532,1.0000000000,0.9704960000,216.7963597995
754,100,0,3,100,100,0,0,38,103,491,100,100,0.0388321419,13.4619854356,33.3333333333,16.5797712677,1.0000000000,0.9668480000,217.6143509631
755,100,0,4,100,100,0,0,38,104,588,100,100,0.0403737360,13.4216116996,25.0000000000,16.4955735254,1.0000000000,0.9680640000,217.3410022478
756,100,0,11,100,100,0,0,38,111,1267,100,100,0.0504835613,13.3711281382,9.0909090909,15.9064205157,1.0000000000,0.9765760000,215.4466216659
757,100,0,5,100,100,0,0,38,105,685,100,100,0.0404919421,13.3306361962,20.0000000000,16.4113926558,1.0000000000,0.9692800000,217.0683393859
758,100,0,4,100,100,0,0,38,104,588,100,100,0.0398508113,13.2907853849,25.0000000000,16.4955411012,1.0000000000,0.9680640000,217.3410022478
759,100,0,7,100,100,0,0,38,107,879,100,100,0.0444255050,13.2463598799,14.2857142857,16.2430575678,1.0000000000,0.9717120000,216.5250609234
760,100,0,1,100,100,0,0,38,101,297,100,100,0.0371503395,13.2092095404,100.0000000000,16.7480094712,1.0000000000,0.9644160000,218.1631163315
761,100,0,4,100,100,0,0,39,104,588,100,100,0.0401279526,13.1690815878,25.0000000000,16.4956039604,1.0000000000,0.9680640000,217.3410022478
762,100,0,5,100,100,0,0,39,105,685,100,100,0.0411422801,13.1279393077,20.0000000000,16.4113780503,1.0000000000,0.9692800000,217.0683393859
763,100,0,3,100,100,0,0,39,103,491,100,100,0.0388418161,13.0890974915,33.3333333333,16.5797417235,1.0000000000,0.9668480000,217.6143509631
764,100,0,8,100,100,0,0,39,108,976,100,100,0.0465340659,13.0425634257,12.5000000000,16.1589124959,1.0000000000,0.9729280000,216.2544402052
765,100,0,5,100,100,0,0,39,105,685,100,100,0.0408761788,13.0016872469,20.0000000000,16.4113877528,1.0000000000,0.9692800000,217.0683393859
766,100,0,4,100,100,0,0,39,104,588,100,100,0.0394362520,12.9622509949,25.0000000000,16.4955737644,1.0000000000,0.9680640000,217.3410022478
767,100,0,3,100,100,0,0,39,103,491,100,100,0.0403153804,12.9219356145,33.3333333333,16.5797898344,1.0000000000,0.9668480000,217.6143509631
768,100,0,5,100,100,0,0,39,105,685,100,100,0.0408930028,12.8810426118,20.0000000000,16.4113543730,1.0000000000,0.9692800000,217.0683393859
769,100,0,3,100,100,0,0,39,103,491,100,100,0.0398710381,12.8411715737,33.3333333333,16.5797751809,1.0000000000,0.9668480000,217.6143509631
770,100,0,7,100,100,0,0,39,107,879,100,100,0.0441920157,12.7969795580,14.2857142857,16.2430418115,1.0000000000,0.9717120000,216.5250609234
771,100,0,7,100,100,0,0,39,107,879,100,100,0.0447134571,12.7522661009,14.2857142857,16.2431137226,1.0000000000,0.9717120000,216.5250609234
772,100,0,8,100,100,0,0,39,108,976,100,100,0.0456889644,12.7065771365,12.5000000000,16.1589266958,1.0000000000,0.9729280000,216.2544402052
773,100,0,2,100,100,0,0,39,102,394,100,100,0.0395876508,12.6669894857,50.0000000000,16.6639989888,1.0000000000,0.9656320000,217.8883881230
774,100,0,9,100,100,0,0,39,109,1073,100,100,0.0469627070,12.6200267787,11.1111111111,16.0747258784,1.0000000000,0.9741440000,215.9844951054
775,100,0,6,100,100,0,0,39,106,782,100,100,0.0422240231,12.5778027556,16.6666666667,16.3272127092,1.0000000000,0.9704960000,216.7963597995
776,100,0,7,100,100,0,0,39,107,879,100,100,0.0445131599,12.5332895957,14.2857142857,16.2430944942,1.0000000000,0.9717120000,216.5250609234
777,100,0,6,100,100,0,0,39,105,782,100,100,0.0450287252,12.4882608705,16.6666666667,16.3272577131,1.0000000000,0.9692800000,217.0683393859
778,100,0,5,100,100,0,0,39,105,685,100,100,0.0413837009,12.4468771696,20.0000000000,16.4113736421,1.0000000000,0.9692800000,217.0683393859
779,100,0,1,100,100,0,0,39,101,297,100,100,0.0386778573,12.4081993124,100.0000000000,16.7480813581,1.0000000000,0.9644160000,218.1631163315
780,100,0,2,100,100,0,0,39,102,394,100,100,0.0381120512,12.3700872612,50.0000000000,16.6638768126,1.0000000000,0.9656320000,217.8883881230
781,100,0,4,100,100,0,0,40,104,588,100,100,0.0412027868,12.3288844744,25.0000000000,16.4956485765,1.0000000000,0.9680640000,217.3410022478
782,100,0,6,100,100,0,0,40,106,782,100,100,0.0423390757,12.2865453987,16.6666666667,16.3272471309,1.0000000000,0.9704960000,216.7963597995
783,100,0,3,100,100,0,0,40,103,491,100,100,0.0470394360,12.2395059627,33.3333333333,16.5798853536,1.0000000000,0.9668480000,217.6143509631
784,100,0,6,100,100,0,0,40,106,782,100,100,0.0423355272,12.1971704355,16.6666666667,16.3272280313,1.0000000000,0.9704960000,216.7963597995
785,100,0,1,100,100,0,0,40,101,297,100,100,0.0462436691,12.1509267664,100.0000000000,16.7482406975,1.0000000000,0.9644160000,218.1631163315
786,100,0,7,100,100,0,0,40,107,879,100,100,0.0438431330,12.1070836334,14.2857142857,16.2430579467,1.0000000000,0.9717120000,216.5250609234
787,100,0,7,100,100,0,0,40,107,879,100,100,0.0436819884,12.0634016451,14.2857142857,16.2430510996,1.0000000000,0.9717120000,216.5250609234
788,100,0,3,100,100,0,0,40,103,491,100,100,0.0385982140,12.0248034311,33.3333333333,16.5797751896,1.0000000000,0.9668480000,217.6143509631
789,100,0,6,100,100,0,0,40,106,782,100,100,0.0431325975,11.9816708335,16.6666666667,16.3272194408,1.0000000000,0.9704960000,216.7963597995
790,100,0,4,100,100,0,0,40,104,588,100,100,0.0396805586,11.9419902749,25.0000000000,16.4955279401,1.0000000000,0.9680640000,217.3410022478
791,100,0,6,100,100,0,0,40,106,782,100,100,0.0428136849,11.8991765901,16.6666666667,16.3272321157,1.0000000000,0.9704960000,216.7963597995
792,100,0,5,100,100,0,0,40,105,685,100,100,0.0419539562,11.8572226339,20.0000000000,16.4113847407,1.0000000000,0.9692800000,217.0683393859
793,100,0,7,100,100,0,0,40,106,879,100,100,0.0437899778,11.8134326561,14.2857142857,16.2430461777,1.0000000000,0.9704960000,216.7963597995
794,100,0,4,100,100,0,0,40,104,588,100,100,0.0411565735,11.7722760826,25.0000000000,16.4955612073,1.0000000000,0.9680640000,217.3410022478
795,100,0,12,100,100,0,0,40,112,1364,100,100,0.0520142188,11.7202618638,8.3333333333,15.8222476937,1.0000000000,0.9777920000,215.1786883100
796,100,0,1,100,100,0,0,40,101,297,100,100,0.0436279407,11.6766339231,100.0000000000,16.7482012038,1.0000000000,0.9644160000,218.1631163315
797,100,0,3,100,100,0,0,40,103,491,100,100,0.0447390113,11.6318949119,33.3333333333,16.5798465425,1.0000000000,0.9668480000,217.6143509631
798,100,0,4,100,100,0,0,40,104,588,100,100,0.0399490463,11.5919458656,25.0000000000,16.4955220670,1.0000000000,0.9680640000,217.3410022478
799,100,0,6,100,100,0,0,40,106,782,100,100,0.0426770965,11.5492687691,16.6666666667,16.3272148358,1.0000000000,0.9704960000,216.7963597995
800,100,0,5,100,100,0,0,40,105,685,100,100,0.0409496885,11.5083190806,20.0000000000,16.4113933401,1.0000000000,0.9692800000,217.0683393859
801,100,0,8,100,100,0,0,41,108,976,100,100,0.0457798298,11.4625392507,12.5000000000,16.1589141579,1.0000000000,0.9729280000,216.2544402052
802,100,0,5,100,100,0,0,41,105,685,100,100,0.0413412979,11.4211979529,20.0000000000,16.4114004791,1.0000000000,0.9692800000,217.0683393859
803,100,0,8,100,100,0,0,41,108,976,100,100,0.0453917147,11.3758062381,12.5000000000,16.1589037549,1.0000000000,0.9729280000,216.2544402052
804,100,0,6,100,100,0,0,41,106,782,100,100,0.0424174370,11.3333888011,16.6666666667,16.3272470582,1.0000000000,0.9704960000,216.7963597995
805,100,0,7,100,100,0,0,41,107,879,100,100,0.0450687613,11.2883200398,14.2857142857,16.2430755350,1.0000000000,0.9717120000,216.5250609234
806,100,0,6,100,100,0,0,41,106,782,100,100,0.0425826096,11.2457374302,16.6666666667,16.3272248147,1.0000000000,0.9704960000,216.7963597995
807,100,0,2,100,100,0,0,41,102,394,100,100,0.0387930173,11.2069444129,50.0000000000,16.6638747903,1.0000000000,0.9656320000,217.8883881230
808,100,0,6,100,100,0,0,41,106,782,100,100,0.0433297681,11.1636146448,16.6666666667,16.3272117660,1.0000000000,0.9704960000,216.7963597995
809,100,0,6,100,100,0,0,41,106,782,100,100,0.0425862766,11.1210283681,16.6666666667,16.3272050845,1.0000000000,0.9704960000,216.7963597995
810,100,0,1,100,100,0,0,41,101,297,100,100,0.0429987423,11.0780296259,100.0000000000,16.7481959097,1.0000000000,0.9644160000,218.1631163315
811,100,0,4,100,100,0,0,41,104,588,100,100,0.0402194239,11.0378102020,25.0000000000,16.4955722727,1.0000000000,0.9680640000,217.3410022478
812,100,0,3,100,100,0,0,41,103,491,100,100,0.0384286003,10.9993816016,33.3333333333,16.5797370537,1.0000000000,0.9668480000,217.6143509631
813,100,0,4,100,100,0,0,41,104,588,100,100,0.0411575186,10.9582240831,25.0000000000,16.4955821592,1.0000000000,0.9680640000,217.3410022478
814,100,0,5,100,100,0,0,41,104,685,100,100,0.0423633450,10.9158607381,20.0000000000,16.4114675630,1.0000000000,0.9680640000,217.3410022478
815,100,0,6,100,100,0,0,41,106,782,100,100,0.0426684405,10.8731922976,16.6666666667,16.3272397691,1.0000000000,0.9704960000,216.7963597995
816,100,0,1,100,100,0,0,41,101,297,100,100,0.0425970774,10.8305952202,100.0000000000,16.7481703916,1.0000000000,0.9644160000,218.1631163315
817,100,0,9,100,100,0,0,41,109,1073,100,100,0.0468955112,10.7836997090,11.1111111111,16.0747186926,1.0000000000,0.9741440000,215.9844951054
818,100,0,6,100,100,0,0,41,106,782,100,100,0.0426557680,10.7410439410,16.6666666667,16.3272264512,1.0000000000,0.9704960000,216.7963597995
819,100,0,6,100,100,0,0,41,106,782,100,100,0.0424738874,10.6985700537,16.6666666667,16.3272051882,1.0000000000,0.9704960000,216.7963597995
820,100,0,1,100,100,0,0,41,101,297,100,100,0.0400265913,10.6585434623,100.0000000000,16.7481139056,1.0000000000,0.9644160000,218.1631163315
821,100,0,4,100,100,0,0,42,104,588,100,100,0.0404603819,10.6180830805,25.0000000000,16.4955670228,1.0000000000,0.9680640000,217.3410022478
822,100,0,2,100,100,0,0,42,102,394,100,100,0.0398062319,10.5782768486,50.0000000000,16.6639239294,1.0000000000,0.9656320000,217.8883881230
823,100,0,5,100,100,0,0,42,105,685,100,100,0.0410933216,10.5371835269,20.0000000000,16.4114096947,1.0000000000,0.9692800000,217.0683393859
824,100,0,7,100,100,0,0,42,107,879,100,100,0.0439569533,10.4932265736,14.2857142857,16.2430878295,1.0000000000,0.9717120000,216.5250609234
825,100,0,2,100,100,0,0,42,102,394,100,100,0.0386980481,10.4545285255,50.0000000000,16.6639615983,1.0000000000,0.9656320000,217.8883881230
826,100,0,8,100,100,0,0,42,108,976,100,100,0.0455158199,10.4090127055,12.5000000000,16.1588967088,1.0000000000,0.9729280000,216.2544402052
827,100,0,4,100,100,0,0,42,104,588,100,100,0.0402863993,10.3687263062,25.0000000000,16.4955565494,1.0000000000,0.9680640000,217.3410022478
828,100,0,3,100,100,0,0,42,103,491,100,100,0.0393104922,10.3294158141,33.3333333333,16.5796792874,1.0000000000,0.9668480000,217.6143509631
829,100,0,2,100,100,0,0,42,102,394,100,100,0.0438568099,10.2855590042,50.0000000000,16.6640384564,1.0000000000,0.9656320000,217.8883881230
830,100,0,6,100,100,0,0,42,106,782,100,100,0.0420131302,10.2435458740,16.6666666667,16.3272091628,1.0000000000,0.9704960000,216.7963597995
831,100,0,5,100,100,0,0,42,105,685,100,100,0.0413372840,10.2022085900,20.0000000000,16.4113883044,1.0000000000,0.9692800000,217.0683393859
832,100,0,7,100,100,0,0,42,107,879,100,100,0.0438901464,10.1583184436,14.2857142857,16.2430720339,1.0000000000,0.9717120000,216.5250609234
833,100,0,5,100,100,0,0,42,105,685,100,100,0.0417884192,10.1165300244,20.0000000000,16.4114300030,1.0000000000,0.9692800000,217.0683393859
834,100,0,7,100,100,0,0,42,106,879,100,100,0.0441100913,10.0724199331,14.2857142857,16.2430770981,1.0000000000,0.9704960000,216.7963597995
835,100,0,1,100,100,0,0,42,101,297,100,100,0.0409017869,10.0315181463,100.0000000000,16.7481573949,1.0000000000,0.9644160000,218.1631163315
836,100,0,9,100,100,0,0,42,109,1073,100,100,0.0470476350,9.9844705113,11.1111111111,16.0747307635,1.0000000000,0.9741440000,215.9844951054
837,100,0,7,100,100,0,0,42,107,879,100,100,0.0444836092,9.9399869020,14.2857142857,16.2430762096,1.0000000000,0.9717120000,216.5250609234
838,100,0,7,100,100,0,0,42,107,879,100,100,0.0444473172,9.8955395848,14.2857142857,16.2430528361,1.0000000000,0.9717120000,216.5250609234
839,100,0,4,100,100,0,0,42,104,588,100,100,0.0406147289,9.8549248559,25.0000000000,16.4955513689,1.0000000000,0.9680640000,217.3410022478
840,100,0,5,100,100,0,0,42,105,685,100,100,0.0411594291,9.8137654267,20.0000000000,16.4113910970,1.0000000000,0.9692800000,217.0683393859
841,100,0,6,100,100,0,0,43,106,782,100,100,0.0426790729,9.7710863538,16.6666666667,16.3272306715,1.0000000000,0.9704960000,216.7963597995
842,100,0,3,100,100,0,0,43,103,491,100,100,0.0390855597,9.7320007941,33.3333333333,16.5797694119,1.0000000000,0.9668480000,217.6143509631
843,100,0,2,100,100,0,0,43,102,394,100,100,0.0402898680,9.6917109261,50.0000000000,16.6639494225,1.0000000000,0.9656320000,217.8883881230
844,100,0,2,100,100,0,0,43,102,394,100,100,0.0383815158,9.6533294103,50.0000000000,16.6639682164,1.0000000000,0.9656320000,217.8883881230
845,100,0,9,100,100,0,0,43,109,1073,100,100,0.0478076335,9.6055217768,11.1111111111,16.0747228395,1.0000000000,0.9741440000,215.9844951054
846,100,0,8,100,100,0,0,43,108,976,100,100,0.0452668124,9.5602549644,12.5000000000,16.1588853048,1.0000000000,0.9729280000,216.2544402052
847,100,0,7,100,100,0,0,43,107,879,100,100,0.0440858554,9.5161691090,14.2857142857,16.2430810130,1.0000000000,0.9717120000,216.5250609234
848,100,0,5,100,100,0,0,43,104,685,100,100,0.0429281888,9.4732409202,20.0000000000,16.4113733432,1.0000000000,0.9680640000,217.3410022478
849,100,0,4,100,100,0,0,43,104,588,100,100,0.0397790364,9.4334618838,25.0000000000,16.4955669879,1.0000000000,0.9680640000,217.3410022478
850,100,0,7,100,100,0,0,43,107,879,100,100,0.0443607276,9.3891011562,14.2857142857,16.2430405593,1.0000000000,0.9717120000,216.5250609234
851,100,0,7,100,100,0,0,43,107,879,100,100,0.0458183626,9.3432827936,14.2857142857,16.2430992937,1.0000000000,0.9717120000,216.5250609234
852,100,0,5,100,100,0,0,43,105,685,100,100,0.0411481450,9.3021346487,20.0000000000,16.4113789186,1.0000000000,0.9692800000,217.0683393859
853,100,0,5,100,100,0,0,43,105,685,100,100,0.0420843154,9.2600503333,20.0000000000,16.4114249195,1.0000000000,0.9692800000,217.0683393859
854,100,0,5,100,100,0,0,43,105,685,100,100,0.0414864945,9.2185638388,20.0000000000,16.4114090788,1.0000000000,0.9692800000,217.0683393859
855,100,0,3,100,100,0,0,43,103,491,100,100,0.0390270906,9.1795367482,33.3333333333,16.5797311034,1.0000000000,0.9668480000,217.6143509631
856,100,0,8,100,100,0,0,43,108,976,100,100,0.0466434768,9.1328932714,12.5000000000,16.1589036584,1.0000000000,0.9729280000,216.2544402052
857,100,0,3,100,100,0,0,43,103,491,100,100,0.0389030027,9.0939902687,33.3333333333,16.5797105429,1.0000000000,0.9668480000,217.6143509631
858,100,0,2,100,100,0,0,43,102,394,100,100,0.0374515999,9.0565386687,50.0000000000,16.6638972705,1.0000000000,0.9656320000,217.8883881230
859,100,0,4,100,100,0,0,43,104,588,100,100,0.0393364101,9.0172022587,25.0000000000,16.4955442325,1.0000000000,0.9680640000,217.3410022478
860,100,0,5,100,100,0,0,43,105,685,100,100,0.0421856745,8.9750165842,20.0000000000,16.4114093034,1.0000000000,0.9692800000,217.0683393859
861,100,0,4,100,100,0,0,44,104,588,100,100,0.0416955677,8.9333210165,25.0000000000,16.4955950014,1.0000000000,0.9680640000,217.3410022478
862,100,0,4,100,100,0,0,44,104,588,100,100,0.0404408520,8.8928801645,25.0000000000,16.4955819844,1.0000000000,0.9680640000,217.3410022478
863,100,0,10,100,100,0,0,44,109,1170,100,100,0.0489429762,8.8439371882,10.0000000000,15.9905630625,1.0000000000,0.9741440000,215.9844951054
864,100,0,4,100,100,0,0,44,104,588,100,100,0.0427984541,8.8011387341,25.0000000000,16.4956310194,1.0000000000,0.9680640000,217.3410022478
865,100,0,8,100,100,0,0,44,108,976,100,100,0.0461918816,8.7549468526,12.5000000000,16.1589110658,1.0000000000,0.9729280000,216.2544402052
866,100,0,8,100,100,0,0,44,108,976,100,100,0.0460619758,8.7088848768,12.5000000000,16.1588875622,1.0000000000,0.9729280000,216.2544402052
867,100,0,2,100,100,0,0,44,102,394,100,100,0.0373069078,8.6715779690,50.0000000000,16.6638594156,1.0000000000,0.9656320000,217.8883881230
868,100,0,5,100,100,0,0,44,105,685,100,100,0.0411904057,8.6303875633,20.0000000000,16.4114138541,1.0000000000,0.9692800000,217.0683393859
869,100,0,6,100,100,0,0,44,106,782,100,100,0.0429112103,8.5874763530,16.6666666667,16.3272398705,1.0000000000,0.9704960000,216.7963597995
870,100,0,6,100,100,0,0,44,106,782,100,100,0.0442158556,8.5432604974,16.6666666667,16.3272636923,1.0000000000,0.9704960000,216.7963597995
871,100,0,4,100,100,0,0,44,104,588,100,100,0.0390157644,8.5042447330,25.0000000000,16.4955463123,1.0000000000,0.9680640000,217.3410022478
872,100,0,3,100,100,0,0,44,103,491,100,100,0.0380954826,8.4661492504,33.3333333333,16.5797333055,1.0000000000,0.9668480000,217.6143509631
873,100,0,3,100,100,0,0,44,103,491,100,100,0.0389994232,8.4271498272,33.3333333333,16.5797247241,1.0000000000,0.9668480000,217.6143509631
874,100,0,2,100,100,0,0,44,102,394,100,100,0.0411609147,8.3859889126,50.0000000000,16.6640074064,1.0000000000,0.9656320000,217.8883881230
875,100,0,4,100,100,0,0,44,104,588,100,100,0.0396025975,8.3463863151,25.0000000000,16.4955369511,1.0000000000,0.9680640000,217.3410022478
876,100,0,7,100,100,0,0,44,107,879,100,100,0.0442252422,8.3021610729,14.2857142857,16.2430853270,1.0000000000,0.9717120000,216.5250609234
877,100,0,5,100,100,0,0,44,105,685,100,100,0.0412069689,8.2609541040,20.0000000000,16.4114215390,1.0000000000,0.9692800000,217.0683393859
878,100,0,5,100,100,0,0,44,105,685,100,100,0.0406366568,8.2203174472,20.0000000000,16.4113814172,1.0000000000,0.9692800000,217.0683393859
879,100,0,4,100,100,0,0,44,104,588,100,100,0.0400960143,8.1802214329,25.0000000000,16.4955244839,1.0000000000,0.9680640000,217.3410022478
880,100,0,6,100,100,0,0,44,106,782,100,100,0.0423287362,8.1378926967,16.6666666667,16.3272221144,1.0000000000,0.9704960000,216.7963597995
881,100,0,9,100,100,0,0,45,109,1073,100,100,0.0476605651,8.0902321317,11.1111111111,16.0747383411,1.0000000000,0.9741440000,215.9844951054
882,100,0,5,100,100,0,0,45,105,685,100,100,0.0412530510,8.0489790807,20.0000000000,16.4113762744,1.0000000000,0.9692800000,217.0683393859
883,100,0,4,100,100,0,0,45,104,588,100,100,0.0394901314,8.0094889493,25.0000000000,16.4955565382,1.0000000000,0.9680640000,217.3410022478
884,100,0,5,100,100,0,0,45,105,685,100,100,0.0408837955,7.9686051538,20.0000000000,16.4114021948,1.0000000000,0.9692800000,217.0683393859
885,100,0,8,100,100,0,0,45,108,976,100,100,0.0463462075,7.9222589463,12.5000000000,16.1588961462,1.0000000000,0.9729280000,216.2544402052
886,100,0,1,100,100,0,0,45,101,297,100,100,0.0385058167,7.8837531296,100.0000000000,16.7480671728,1.0000000000,0.9644160000,218.1631163315
887,100,0,3,100,100,0,0,45,103,491,100,100,0.0387172473,7.8450358822,33.3333333333,16.5797108865,1.0000000000,0.9668480000,217.6143509631
888,100,0,6,100,100,0,0,45,106,782,100,100,0.0424341935,7.8026016888,16.6666666667,16.3272311712,1.0000000000,0.9704960000,216.7963597995
889,100,0,4,100,100,0,0,45,104,588,100,100,0.0395336992,7.7630679896,25.0000000000,16.4955316510,1.0000000000,0.9680640000,217.3410022478
890,100,0,4,100,100,0,0,45,104,588,100,100,0.0409868700,7.7220811196,25.0000000000,16.4956185517,1.0000000000,0.9680640000,217.3410022478
891,100,0,3,100,100,0,0,45,103,491,100,100,0.0407616181,7.6813195015,33.3333333333,16.5797562040,1.0000000000,0.9668480000,217.6143509631
892,100,0,4,100,100,0,0,45,104,588,100,100,0.0401915732,7.6411279283,25.0000000000,16.4955584903,1.0000000000,0.9680640000,217.3410022478
893,100,0,6,100,100,0,0,45,106,782,100,100,0.0438199652,7.5973079630,16.6666666667,16.3272423342,1.0000000000,0.9704960000,216.7963597995
894,100,0,3,100,100,0,0,45,103,491,100,100,0.0387224988,7.5585854642,33.3333333333,16.5797270026,1.0000000000,0.9668480000,217.6143509631
895,100,0,5,100,100,0,0,45,105,685,100,100,0.0410692598,7.5175162044,20.0000000000,16.4113784898,1.0000000000,0.9692800000,217.0683393859
896,100,0,8,100,100,0,0,45,108,976,100,100,0.0458706173,7.4716455871,12.5000000000,16.1589211431,1.0000000000,0.9729280000,216.2544402052
897,100,0,7,100,100,0,0,45,107,879,100,100,0.0437772946,7.4278682925,14.2857142857,16.2430539455,1.0000000000,0.9717120000,216.5250609234
898,100,0,6,100,100,0,0,45,106,782,100,100,0.0428199210,7.3850483715,16.6666666667,16.3272406179,1.0000000000,0.9704960000,216.7963597995
899,100,0,5,100,100,0,0,45,105,685,100,100,0.0412866021,7.3437617694,20.0000000000,16.4114094325,1.0000000000,0.9692800000,217.0683393859
900,100,0,4,100,100,0,0,45,104,588,100,100,0.0400945312,7.3036672383,25.0000000000,16.4956060225,1.0000000000,0.9680640000,217.3410022478
901,100,0,5,100,100,0,0,46,105,685,100,100,0.0427179754,7.2609492629,20.0000000000,16.4114347371,1.0000000000,0.9692800000,217.0683393859
902,100,0,7,100,100,0,0,46,107,879,100,100,0.0440202372,7.2169290257,14.2857142857,16.2430642055,1.0000000000,0.9717120000,216.5250609234
903,100,0,7,100,100,0,0,46,107,879,100,100,0.0438585409,7.1730704849,14.2857142857,16.2430572420,1.0000000000,0.9717120000,216.5250609234
904,100,0,7,100,100,0,0,46,107,879,100,100,0.0437095066,7.1293609783,14.2857142857,16.2430572470,1.0000000000,0.9717120000,216.5250609234
905,100,0,1,100,100,0,0,46,101,297,100,100,0.0409872295,7.0883737488,100.0000000000,16.7481533297,1.0000000000,0.9644160000,218.1631163315
906,100,0,6,100,100,0,0,46,106,782,100,100,0.0425926305,7.0457811183,16.6666666667,16.3272291920,1.0000000000,0.9704960000,216.7963597995
907,100,0,5,100,100,0,0,46,105,685,100,100,0.0408469761,7.0049341422,20.0000000000,16.4113745522,1.0000000000,0.9692800000,217.0683393859
908,100,0,3,100,100,0,0,46,103,491,100,100,0.0387563191,6.9661778231,33.3333333333,16.5796783132,1.0000000000,0.9668480000,217.6143509631
909,100,0,3,100,100,0,0,46,103,491,100,100,0.0394835060,6.9266943171,33.3333333333,16.5797997105,1.0000000000,0.9668480000,217.6143509631
910,100,0,5,100,100,0,0,46,105,685,100,100,0.0410562966,6.8856380205,20.0000000000,16.4114127062,1.0000000000,0.9692800000,217.0683393859
911,100,0,6,100,100,0,0,46,106,782,100,100,0.0427469429,6.8428910775,16.6666666667,16.3272463511,1.0000000000,0.9704960000,216.7963597995
912,100,0,4,100,100,0,0,46,104,588,100,100,0.0402578569,6.8026332206,25.0000000000,16.4955700714,1.0000000000,0.9680640000,217.3410022478
913,100,0,4,100,100,0,0,46,104,588,100,100,0.0397169165,6.7629163041,25.0000000000,16.4955374058,1.0000000000,0.9680640000,217.3410022478
914,100,0,6,100,100,0,0,46,106,782,100,100,0.0426802367,6.7202360674,16.6666666667,16.3272217142,1.0000000000,0.9704960000,216.7963597995
915,100,0,3,100,100,0,0,46,103,491,100,100,0.0383937006,6.6818423668,33.3333333333,16.5797028645,1.0000000000,0.9668480000,217.6143509631
916,100,0,6,100,100,0,0,46,106,782,100,100,0.0421788641,6.6396635027,16.6666666667,16.3272344216,1.0000000000,0.9704960000,216.7963597995
917,100,0,5,100,100,0,0,46,105,685,100,100,0.0412588833,6.5984046194,20.0000000000,16.4114138748,1.0000000000,0.9692800000,217.0683393859
918,100,0,2,100,100,0,0,46,102,394,100,100,0.0376287776,6.5607758418,50.0000000000,16.6638645167,1.0000000000,0.9656320000,217.8883881230
919,100,0,6,100,100,0,0,46,106,782,100,100,0.0426577307,6.5181181111,16.6666666667,16.3272200381,1.0000000000,0.9704960000,216.7963597995
920,100,0,9,100,100,0,0,46,109,1073,100,100,0.0472105059,6.4709076053,11.1111111111,16.0747362757,1.0000000000,0.9741440000,215.9844951054
921,100,0,7,100,100,0,0,47,107,879,100,100,0.0451403758,6.4257672295,14.2857142857,16.2431187007,1.0000000000,0.9717120000,216.5250609234
922,100,0,5,100,100,0,0,47,105,685,100,100,0.0408296176,6.3849376118,20.0000000000,16.4113981197,1.0000000000,0.9692800000,217.0683393859
923,100,0,1,100,100,0,0,47,101,297,100,100,0.0459184607,6.3390191511,100.0000000000,16.7482297932,1.0000000000,0.9644160000,218.1631163315
924,100,0,7,100,100,0,0,47,106,879,100,100,0.0439349000,6.2950842511,14.2857142857,16.2430642748,1.0000000000,0.9704960000,216.7963597995
925,100,0,5,100,100,0,0,47,105,685,100,100,0.0417725052,6.2533117459,20.0000000000,16.4114301917,1.0000000000,0.9692800000,217.0683393859
926,100,0,3,100,100,0,0,47,103,491,100,100,0.0392893609,6.2140223850,33.3333333333,16.5797108077,1.0000000000,0.9668480000,217.6143509631
927,100,0,4,100,100,0,0,47,104,588,100,100,0.0395742690,6.1744481160,25.0000000000,16.4955372572,1.0000000000,0.9680640000,217.3410022478
928,100,0,4,100,100,0,0,47,104,588,100,100,0.0421683786,6.1322797374,25.0000000000,16.4956161012,1.0000000000,0.9680640000,217.3410022478
929,100,0,4,100,100,0,0,47,104,588,100,100,0.0400967569,6.0921829805,25.0000000000,16.4955526753,1.0000000000,0.9680640000,217.3410022478
930,100,0,5,100,100,0,0,47,105,685,100,100,0.0407913409,6.0513916396,20.0000000000,16.4113774732,1.0000000000,0.9692800000,217.0683393859
931,100,0,6,100,100,0,0,47,106,782,100,100,0.0431885748,6.0082030648,16.6666666667,16.3272282725,1.0000000000,0.9704960000,216.7963597995
932,99,1,4,100,62,38,0,47,104,588,87,87,0.0361796413,5.9720234235,15.7500000000,16.4249778562,0.6200000000,0.8586560000,151.9211418775
933,99,1,7,99,99,0,0,47,106,870,99,99,0.0436650389,5.9283583846,14.1428571429,16.2371285568,1.0000000000,0.9620800000,216.5059038749
934,99,1,10,99,99,0,0,47,109,1158,99,99,0.0488890884,5.8794692961,9.9000000000,15.9820643163,1.0000000000,0.9657280000,215.6880612346
935,99,1,4,99,99,0,0,47,103,582,99,99,0.0404797671,5.8389895291,24.7500000000,16.4921997479,1.0000000000,0.9584320000,217.3299722881
936,99,1,3,99,98,1,0,47,102,486,98,98,0.0380148680,5.8009746611,33.0000000000,16.5746193762,0.9898989899,0.9488000000,217.3187183811
937,98,2,3,98,98,0,0,47,101,481,98,98,0.0390590411,5.7619156200,32.6666666667,16.5746373056,1.0000000000,0.9475840000,217.5975955694
938,98,2,5,98,98,0,0,47,103,671,98,98,0.0410431379,5.7208724822,19.6000000000,16.4027749852,1.0000000000,0.9500160000,217.0405551064
939,98,2,8,98,98,0,0,47,106,956,98,98,0.0448632687,5.6760092134,12.2500000000,16.1451674251,1.0000000000,0.9536640000,216.2103214549
940,98,2,5,98,98,0,0,47,103,671,98,98,0.0413967542,5.6346124592,19.6000000000,16.4028380111,1.0000000000,0.9500160000,217.0405551064
941,98,2,8,98,98,0,0,48,106,956,98,98,0.0447515006,5.5898609586,12.2500000000,16.1451381535,1.0000000000,0.9536640000,216.2103214549
942,98,2,3,98,98,0,0,48,101,481,98,98,0.0380918234,5.5517691353,32.6666666667,16.5745844158,1.0000000000,0.9475840000,217.5975955694
943,97,3,3,97,97,0,0,48,100,479,97,97,0.0370403065,5.5147288288,32.3333333333,16.5719363216,1.0000000000,0.9379520000,217.5889597762
944,97,3,7,97,97,0,0,48,104,852,97,97,0.0428202661,5.4719085627,13.8571428571,16.2248378162,1.0000000000,0.9428160000,216.4664155042
945,97,3,4,97,97,0,0,48,101,570,97,97,0.0393930828,5.4325154799,24.2500000000,16.4851583336,1.0000000000,0.9391680000,217.3072336366
946,97,3,5,97,97,0,0,48,102,664,97,97,0.0417669267,5.3907485532,19.4000000000,16.3984354489,1.0000000000,0.9403840000,217.0262360908
947,97,3,6,97,97,0,0,48,102,758,97,97,0.0450598362,5.3456887170,16.1666666667,16.3116758671,1.0000000000,0.9403840000,217.0262360908
948,96,4,6,97,86,11,0,48,103,758,91,91,0.0399965993,5.3056921177,14.5000000000,16.3429169131,0.8865979381,0.8911040000,203.0559844867
949,96,4,9,96,95,1,0,48,105,1029,95,95,0.0453065584,5.2603855593,10.6666666667,16.0348755130,0.9895833333,0.9272000000,215.5737704918
950,95,5,3,95,95,0,0,48,98,469,95,95,0.0377865088,5.2225990505,31.6666666667,16.5664419892,1.0000000000,0.9186880000,217.5711449371
951,95,5,7,95,95,0,0,48,102,834,95,95,0.0415635646,5.1810354859,13.5714285714,16.2120738469,1.0000000000,0.9235520000,216.4252797893
952,95,5,4,95,95,0,0,48,99,558,95,95,0.0389089097,5.1421265762,23.7500000000,16.4778550771,1.0000000000,0.9199040000,217.2835426305
953,95,5,5,95,95,0,0,48,100,650,95,95,0.0395550316,5.1025715447,19.0000000000,16.3892468290,1.0000000000,0.9211200000,216.9966996700
954,95,5,4,95,95,0,0,48,99,558,95,95,0.0384528972,5.0641186475,23.7500000000,16.4778680448,1.0000000000,0.9199040000,217.2835426305
955,95,5,3,95,95,0,0,48,98,466,95,95,0.0382012194,5.0259174281,31.6666666667,16.5665000143,1.0000000000,0.9186880000,217.5711449371
956,95,5,8,95,94,1,0,48,103,926,94,94,0.0429677059,4.9829497222,11.8750000000,16.1159436172,0.9894736842,0.9163520000,215.8297248219
957,94,6,4,94,94,0,0,48,98,552,94,94,0.0374775319,4.9454721903,23.5000000000,16.4740512350,1.0000000000,0.9102720000,217.2713210996
958,94,6,3,94,94,0,0,48,97,461,94,94,0.0366691111,4.9088030793,31.3333333333,16.5636155564,1.0000000000,0.9090560000,217.5619543790
959,94,6,2,94,94,0,0,48,96,370,94,94,0.0360884398,4.8727146395,47.0000000000,16.6531781534,1.0000000000,0.9078400000,217.8533662319
960,94,6,2,94,94,0,0,48,96,370,94,94,0.0367495269,4.8359651125,47.0000000000,16.6532135685,1.0000000000,0.9078400000,217.8533662319
961,94,6,3,94,94,0,0,49,97,461,94,94,0.0362674023,4.7996977102,31.3333333333,16.5635842556,1.0000000000,0.9090560000,217.5619543790
962,94,6,4,94,94,0,0,49,98,552,94,94,0.0368745965,4.7628231137,23.5000000000,16.4740695946,1.0000000000,0.9102720000,217.2713210996
963,94,6,6,94,94,0,0,49,100,734,94,94,0.0403879871,4.7224351266,15.6666666667,16.2950291195,1.0000000000,0.9127040000,216.6923778136
964,94,6,3,94,94,0,0,49,97,461,94,94,0.0376277806,4.6848073459,31.3333333333,16.5636900203,1.0000000000,0.9090560000,217.5619543790
965,94,6,4,94,94,0,0,49,98,552,94,94,0.0370581418,4.6477492042,23.5000000000,16.4740778498,1.0000000000,0.9102720000,217.2713210996
966,93,7,5,94,68,26,0,49,99,643,93,93,0.0382797335,4.6094694706,13.8000000000,16.3371398472,0.7234042553,0.9030720000,158.4281209029
967,93,7,9,93,93,0,0,49,102,996,93,93,0.0440163442,4.5654531265,10.3333333333,16.0177257333,1.0000000000,0.9067200000,215.8020116464
968,93,7,6,93,92,1,0,49,99,726,92,92,0.0394466497,4.5260064768,15.5000000000,16.2833406518,0.9892473118,0.8946560000,216.3602546677
969,91,9,5,92,59,33,0,49,97,632,88,88,0.0391120178,4.4868944590,12.0000000000,16.2616399847,0.6413043478,0.8585600000,144.5862840104
970,91,9,4,91,91,0,0,49,95,534,91,91,0.0363839166,4.4505105424,22.7500000000,16.4622902467,1.0000000000,0.8813760000,217.2330537705
971,91,9,5,91,91,0,0,49,96,622,91,91,0.0376616816,4.4128488608,18.2000000000,16.3697855952,1.0000000000,0.8825920000,216.9337587470
972,91,9,6,91,91,0,0,49,97,710,91,91,0.0396411989,4.3732076618,15.1666666667,16.2773067232,1.0000000000,0.8838080000,216.6352873022
973,90,10,5,91,60,31,0,49,96,622,79,79,0.0348027558,4.3384049060,12.2000000000,16.2711583013,0.6593406593,0.7816000000,161.5148413511
974,90,10,3,90,90,0,0,49,93,441,90,90,0.0358117555,4.3025931506,30.0000000000,16.5517222005,1.0000000000,0.8705280000,217.5231583591
975,90,10,3,90,90,0,0,49,93,441,90,90,0.0342765498,4.2683166008,30.0000000000,16.5516670012,1.0000000000,0.8705280000,217.5231583591
976,89,11,4,90,41,49,0,49,94,528,70,70,0.0308899075,4.2374266933,10.5000000000,16.2164406576,0.4555555556,0.7034240000,122.6344281685
977,89,11,3,89,89,0,0,49,92,436,89,89,0.0353592023,4.2020674910,29.6666666667,16.5485972939,1.0000000000,0.8608960000,217.5129167751
978,89,11,2,89,89,0,0,49,91,350,89,89,0.0334847305,4.1685827606,44.5000000000,16.6430771498,1.0000000000,0.8596800000,217.8205844035
979,89,11,5,89,89,0,0,49,93,608,89,89,0.0384538364,4.1301289241,17.8000000000,16.3593989246,1.0000000000,0.8621120000,217.2061170706
980,89,11,8,89,89,0,0,49,97,866,89,89,0.0404819919,4.0896469323,11.1250000000,16.0756859487,1.0000000000,0.8669760000,215.9875244528
981,89,11,5,89,89,0,0,50,94,608,89,89,0.0367999553,4.0528469770,17.8000000000,16.3593905054,1.0000000000,0.8633280000,216.9001816227
982,89,11,1,89,89,0,0,50,90,264,89,89,0.0349650324,4.0178819446,89.0000000000,16.7376803753,1.0000000000,0.8584640000,218.1291236441
983,89,11,3,89,89,0,0,50,92,436,89,89,0.0365359781,3.9813459666,29.6666666667,16.5486054521,1.0000000000,0.8608960000,217.5129167751
984,88,12,6,89,61,28,0,50,94,694,72,72,0.0341919759,3.9471539907,10.3333333333,16.1423946378,0.6853932584,0.7202560000,178.1921983295
985,88,12,2,88,88,0,0,50,90,346,88,88,0.0336403933,3.9135135974,44.0000000000,16.6409394666,1.0000000000,0.8500480000,217.8135822918
986,88,12,5,88,88,0,0,50,93,601,88,88,0.0364841595,3.8770294380,17.6000000000,16.3540238176,1.0000000000,0.8536960000,216.8828247995
987,88,12,3,88,88,0,0,50,91,431,88,88,0.0375505451,3.8394788928,29.3333333333,16.5453691502,1.0000000000,0.8512640000,217.5024434253
988,88,12,3,88,88,0,0,50,91,431,88,88,0.0342657874,3.8052131055,29.3333333333,16.5453152715,1.0000000000,0.8512640000,217.5024434253
989,88,12,5,88,88,0,0,50,93,601,88,88,0.0359715164,3.7692415891,17.6000000000,16.3540352504,1.0000000000,0.8536960000,216.8828247995
990,88,12,7,88,88,0,0,50,95,771,88,88,0.0389154416,3.7303261475,12.5714285714,16.1627456649,1.0000000000,0.8561280000,216.2667264708
991,88,12,4,88,88,0,0,50,92,516,88,88,0.0357033929,3.6946227546,22.0000000000,16.4497039868,1.0000000000,0.8524800000,217.1921921922
992,88,12,6,88,88,0,0,50,94,686,88,88,0.0373342357,3.6572885189,14.6666666667,16.2583895194,1.0000000000,0.8549120000,216.5743374757
993,88,12,3,88,87,1,0,50,91,431,87,87,0.0367104390,3.6205780800,29.3333333333,16.5420919523,0.9886363636,0.8428480000,217.1779490489
994,86,14,8,86,86,0,0,50,94,841,86,86,0.0398272195,3.5807508605,10.7500000000,16.0493066905,1.0000000000,0.8380800000,215.9030164185
995,86,14,6,86,86,0,0,50,92,670,86,86,0.0365842882,3.5441665722,14.3333333333,16.2450072668,1.0000000000,0.8356480000,216.5313624876
996,86,14,2,86,86,0,0,50,88,338,86,86,0.0385479984,3.5056185738,43.0000000000,16.6366403830,1.0000000000,0.8307840000,217.7990909791
997,86,14,6,86,86,0,0,50,92,670,86,86,0.0366937029,3.4689248709,14.3333333333,16.2450621989,1.0000000000,0.8356480000,216.5313624876
998,86,14,7,86,86,0,0,50,93,753,86,86,0.0385138598,3.4304110110,12.2857142857,16.1471792715,1.0000000000,0.8368640000,216.2167329459
999,86,14,4,86,86,0,0,50,90,504,86,86,0.0347689403,3.3956420708,21.5000000000,16.4407923453,1.0000000000,0.8332160000,217.1633766034
1000,86,14,1,86,86,0,0,50,87,255,86,86,0.0399914234,3.3556506474,86.0000000000,16.7345250658,1.0000000000,0.8295680000,218.1183459343
1001,85,15,5,86,48,38,0,51,91,587,69,69,0.0317178603,3.3239327871,9.8000000000,16.1308796652,0.5581395349,0.6913600000,146.0772969220
1002,85,15,8,85,85,0,0,51,93,826,85,85,0.0395088413,3.2844239458,10.6250000000,16.0400897920,1.0000000000,0.8284480000,215.8735370234
1003,85,15,4,85,85,0,0,51,89,498,85,85,0.0338054328,3.2506185130,21.2500000000,16.4361454851,1.0000000000,0.8235840000,217.1484633019
1004,85,15,3,85,84,1,0,51,88,416,84,84,0.0356902073,3.2149283057,28.3333333333,16.5317329747,0.9882352941,0.8139520000,217.1331970436
1005,85,15,4,85,84,1,0,51,89,498,84,84,0.0344448270,3.1804834787,21.2500000000,16.4314621581,0.9882352941,0.8151680000,216.8092957525
1006,84,16,5,84,84,0,0,51,89,573,84,84,0.0348690546,3.1456144241,16.8000000000,16.3312882684,1.0000000000,0.8151680000,216.8092957525
1007,82,18,2,83,27,56,0,51,85,328,42,42,0.0202028629,3.1254115612,14.0000000000,16.5205364374,0.3253012048,0.4568320000,124.3520594004
1008,82,18,4,82,82,0,0,51,86,480,82,82,0.0358274699,3.0895840913,20.5000000000,16.4217583767,1.0000000000,0.7946880000,217.1015543207
1009,81,19,7,81,81,0,0,51,88,708,81,81,0.0364130157,3.0531710755,11.5714285714,16.1049114269,1.0000000000,0.7887040000,216.0810646326
1010,81,19,1,81,81,0,0,51,82,240,81,81,0.0392126176,3.0139584580,81.0000000000,16.7285094623,1.0000000000,0.7814080000,218.0986117368
1011,81,19,4,81,81,0,0,51,85,474,81,81,0.0320278864,2.9819305715,20.2500000000,16.4166119585,1.0000000000,0.7850560000,217.0851506135
1012,81,19,4,81,81,0,0,51,84,474,81,81,0.0342245427,2.9477060289,20.2500000000,16.4166691325,1.0000000000,0.7838400000,217.4219228414
1013,81,19,4,81,81,0,0,51,85,474,81,81,0.0360131505,2.9116928784,20.2500000000,16.4166620664,1.0000000000,0.7850560000,217.0851506135
1014,81,19,1,81,81,0,0,51,82,240,81,81,0.0350842961,2.8766085823,81.0000000000,16.7284453144,1.0000000000,0.7814080000,218.0986117368
1015,80,20,4,81,55,26,0,51,85,474,75,75,0.0304654681,2.8461431142,14.0000000000,16.3731395385,0.6790123457,0.7345600000,157.5364844261
1016,80,20,2,80,80,0,0,51,82,314,80,80,0.0327271085,2.8134160056,40.0000000000,16.6218915761,1.0000000000,0.7729920000,217.7512833251
1017,80,20,4,80,80,0,0,51,84,468,80,80,0.0324705491,2.7809454566,20.0000000000,16.4114515810,1.0000000000,0.7754240000,217.0683393859
1018,80,20,2,80,80,0,0,51,82,314,80,80,0.0366157500,2.7443297066,40.0000000000,16.6219608288,1.0000000000,0.7729920000,217.7512833251
1019,80,20,9,80,80,0,0,51,89,853,80,80,0.0382046039,2.7061251026,8.8888888889,15.8853898309,1.0000000000,0.7815040000,215.3795757923
1020,79,21,7,80,75,5,0,51,87,699,79,79,0.0354611278,2.6706639749,10.8571428571,16.1589302662,0.9375000000,0.7706560000,204.7606195241
1021,79,21,5,79,79,0,0,52,84,538,79,79,0.0337223964,2.6369415785,15.8000000000,16.2995731673,1.0000000000,0.7670080000,216.7069965372
1022,79,21,6,79,79,0,0,52,85,614,79,79,0.0336640409,2.6032775376,13.1666666667,16.1930251247,1.0000000000,0.7682240000,216.3639771733
1023,79,21,2,79,79,0,0,52,81,310,79,79,0.0304080964,2.5728694413,39.5000000000,16.6192120962,1.0000000000,0.7633600000,217.7426116118
1024,79,21,3,79,79,0,0,52,82,386,79,79,0.0304097463,2.5424596950,26.3333333333,16.5126227350,1.0000000000,0.7645760000,217.3963085423
1025,79,21,8,79,78,1,0,52,87,766,78,78,0.0358903351,2.5065693599,9.8750000000,15.9690326078,0.9873417722,0.7622400000,215.3022670025
1026,79,21,3,79,78,1,0,52,82,386,78,78,0.0317018017,2.4748675582,26.3333333333,16.5085963202,0.9873417722,0.7561600000,217.0334320779
1027,76,24,2,77,14,63,0,52,80,305,57,57,0.0259403435,2.4489272147,7.5000000000,16.2310965756,0.1818181818,0.5769920000,51.0509677777
1028,76,24,3,76,76,0,0,52,79,371,76,76,0.0294947554,2.4194324592,25.3333333333,16.5000607366,1.0000000000,0.7356800000,217.3553719008
1029,75,25,3,75,75,0,0,52,78,369,75,75,0.0302316167,2.3892008425,25.0000000000,16.4955727039,1.0000000000,0.7260480000,217.3410022478
1030,75,25,2,75,75,0,0,52,77,294,75,75,0.0294315514,2.3597692911,37.5000000000,16.6078212882,1.0000000000,0.7248320000,217.7056200609
1031,75,25,2,75,75,0,0,52,77,294,75,75,0.0291671540,2.3306021370,37.5000000000,16.6078653674,1.0000000000,0.7248320000,217.7056200609
1032,75,25,2,75,74,1,0,52,77,294,74,74,0.0288144959,2.3017876412,37.5000000000,16.6048162480,0.9866666667,0.7164160000,217.3262462033
1033,75,25,2,75,74,1,0,52,77,294,74,74,0.0321540357,2.2696336055,37.5000000000,16.6048787259,0.9866666667,0.7164160000,217.3262462033
1034,74,26,2,74,74,0,0,52,76,290,74,74,0.0286658278,2.2409677776,37.0000000000,16.6048177545,1.0000000000,0.7152000000,217.6957494407
1035,74,26,6,74,74,0,0,52,80,574,74,74,0.0314537525,2.2095140252,12.3333333333,16.1498435685,1.0000000000,0.7200640000,216.2252244245
1036,73,27,3,74,31,43,0,52,77,361,49,49,0.0230962241,2.1864178011,10.6666666667,16.2893389448,0.4189189189,0.5060160000,128.8971099728
1037,73,27,5,73,73,0,0,52,78,496,73,73,0.0299714428,2.1564463583,14.6000000000,16.2557639059,1.0000000000,0.7092160000,216.5658981185
1038,72,28,3,72,72,0,0,52,76,355,72,72,0.0277627701,2.1286835882,24.0000000000,16.4815885933,1.0000000000,0.6983680000,216.9171554252
1039,71,29,4,72,39,33,0,52,76,420,39,39,0.0199426116,2.1087409766,10.0000000000,16.1848314039,0.5416666667,0.4206400000,195.0741726892
1040,71,29,9,71,71,0,0,52,80,754,71,71,0.0336758117,2.0750651649,7.8888888889,15.7653766169,1.0000000000,0.6948160000,214.9979275089
1041,71,29,5,71,70,1,0,53,76,482,70,70,0.0293018518,2.0457633131,14.2000000000,16.2311089057,0.9859154930,0.6815360000,216.1001032961
1042,69,31,4,70,48,22,0,53,74,408,50,50,0.0236800852,2.0220832279,12.2500000000,16.3062697317,0.6857142857,0.5107840000,197.7195840120
1043,69,31,4,69,68,1,0,53,73,402,68,68,0.0295667543,1.9925164736,17.2500000000,16.3372341209,0.9855072464,0.6610560000,216.4294704231
1044,68,32,3,68,68,0,0,53,71,334,68,68,0.0286481934,1.9638682802,22.6666666667,16.4610168861,1.0000000000,0.6586240000,217.2286463900
1045,68,32,3,68,68,0,0,53,71,331,68,68,0.0270736425,1.9367946377,22.6666666667,16.4609819628,1.0000000000,0.6586240000,217.2286463900
1046,68,32,6,68,68,0,0,53,74,526,68,68,0.0287411752,1.9080534625,11.3333333333,16.0896261384,1.0000000000,0.6622720000,216.0320834944
1047,68,32,4,68,68,0,0,53,72,396,68,68,0.0298602127,1.8781932498,17.0000000000,16.3372166789,1.0000000000,0.6598400000,216.8283220175
1048,68,32,3,68,68,0,0,53,71,331,68,68,0.0267087601,1.8514844897,22.6666666667,16.4609466791,1.0000000000,0.6586240000,217.2286463900
1049,68,32,5,68,67,1,0,53,73,461,67,67,0.0279190203,1.8235654694,13.6000000000,16.2041541857,0.9852941176,0.6526400000,215.9965677862
1050,66,34,5,67,47,20,0,53,71,455,52,52,0.0254253350,1.7981401344,9.6000000000,16.1160093603,0.7014925373,0.5239680000,188.7290826921
1051,65,35,1,66,0,66,0,53,67,195,47,47,0.0226422900,1.7754978445,1.0000000000,0.0000000000,0.0000000000,0.4770240000,0.0000000000
1052,64,36,4,65,46,19,0,53,69,378,54,54,0.0235411278,1.7519567167,11.7500000000,16.2833369124,0.7076923077,0.5383680000,179.7729434142
1053,64,36,4,64,64,0,0,53,68,372,64,64,0.0269494609,1.7250072557,16.0000000000,16.3062541515,1.0000000000,0.6213120000,216.7284713638
1054,64,36,1,64,64,0,0,53,65,189,64,64,0.0316444328,1.6933628229,64.0000000000,16.7009274343,1.0000000000,0.6176640000,218.0084965289
1055,64,36,2,64,64,0,0,53,66,250,64,64,0.0262311714,1.6671316515,32.0000000000,16.5693159125,1.0000000000,0.6188800000,217.5801447777
1056,64,36,5,64,64,0,0,53,69,433,64,64,0.0275432159,1.6395884356,12.8000000000,16.1747316559,1.0000000000,0.6225280000,216.3051300504
1057,64,36,3,64,64,0,0,53,67,311,64,64,0.0259527320,1.6136357036,21.3333333333,16.4377831198,1.0000000000,0.6200960000,217.1534730106
1058,63,37,2,63,63,0,0,53,65,246,63,63,0.0282185332,1.5854171704,31.5000000000,16.5651628023,1.0000000000,0.6092480000,217.5665738747
1059,62,38,2,62,62,0,0,53,37,247,62,62,0.0256253477,1.5597918226,31.0000000000,16.5608563973,1.0000000000,0.5667840000,230.1546973803
1060,61,39,2,62,16,46,0,53,64,242,40,40,0.0182778472,1.5415139754,8.5000000000,16.3062648910,0.2580645161,0.4144640000,81.2229771464
1061,61,39,1,61,61,0,0,54,62,180,61,61,0.0328768717,1.5086371038,61.0000000000,16.6944841871,1.0000000000,0.5887680000,217.9873906191
1062,61,39,4,61,61,0,0,54,65,354,61,61,0.0263016720,1.4823354318,15.2500000000,16.2804304552,1.0000000000,0.5924160000,216.6450602279
1063,61,39,1,61,61,0,0,54,62,180,61,61,0.0268664478,1.4554689840,61.0000000000,16.6943829824,1.0000000000,0.5887680000,217.9873906191
1064,60,40,4,61,34,27,0,54,65,354,54,54,0.0229771182,1.4324918658,8.7500000000,16.0896708043,0.5573770492,0.5335040000,134.0870921305
1065,60,40,5,60,60,0,0,54,65,405,60,60,0.0246046431,1.4078872226,12.0000000000,16.1308996006,1.0000000000,0.5840000000,216.1643835616
1066,59,41,1,60,0,60,0,54,61,177,54,54,0.0234254828,1.3844617398,1.0000000000,0.0000000000,0.0000000000,0.5286400000,0.0000000000
1067,58,42,3,59,22,37,0,54,62,286,46,46,0.0202792683,1.3641824715,7.6666666667,16.0671442032,0.3728813559,0.4625280000,100.0761035008
1068,57,43,4,58,37,21,0,54,62,336,48,48,0.0209469126,1.3432355589,9.5000000000,16.1498817644,0.6379310345,0.4793600000,162.3998664887
1069,57,43,4,57,57,0,0,54,61,330,57,57,0.0233049846,1.3199305743,14.2500000000,16.2416577368,1.0000000000,0.5538880000,216.5203073546
1070,57,43,2,57,57,0,0,54,59,222,57,57,0.0245961947,1.2953343797,28.5000000000,16.5370326752,1.0000000000,0.5514560000,217.4751929438
1071,57,43,4,57,57,0,0,54,61,330,57,57,0.0226260218,1.2727083579,14.2500000000,16.2416351420,1.0000000000,0.5538880000,216.5203073546
1072,57,43,1,57,56,1,0,54,58,168,56,56,0.0283041068,1.2444042511,57.0000000000,16.6821341086,0.9824561404,0.5418240000,217.4580675644
1073,57,43,2,57,55,2,0,54,59,222,55,55,0.0239566109,1.2204476402,28.5000000000,16.5263047620,0.9649122807,0.5346240000,216.4511881247
1074,56,44,1,56,55,1,0,54,57,166,55,55,0.0279952489,1.1924523913,56.0000000000,16.6794045080,0.9821428571,0.5321920000,217.4403222897
1075,55,45,6,55,55,0,0,54,61,423,55,55,0.0235938725,1.1688585188,9.1666666667,15.9141155755,1.0000000000,0.5370560000,215.4710123339
1076,54,46,1,54,53,1,0,54,25,152,53,53,0.0216991155,1.1471594033,54.0000000000,16.6735177639,0.9814814815,0.4764480000,234.0486265028
1077,53,47,5,54,38,16,0,54,59,363,41,41,0.0194127977,1.1277466056,8.0000000000,15.9463193693,0.7037037037,0.4168000000,191.8234165067
1078,51,49,4,52,32,20,0,54,56,304,41,41,0.0192069729,1.1085396327,8.2500000000,16.0432655462,0.6153846154,0.4131520000,162.9618155062
1079,51,49,4,51,51,0,0,54,55,294,51,51,0.0206033002,1.0879363325,12.7500000000,16.1721728083,1.0000000000,0.4960960000,216.2968457718
1080,50,50,3,51,37,14,0,54,54,246,47,47,0.0198967241,1.0680396084,12.6666666667,16.3773988310,0.7254901961,0.4612160000,168.7885936308
1081,49,51,1,50,0,50,0,55,51,147,25,25,0.0128880284,1.0551515800,1.0000000000,0.0000000000,0.0000000000,0.2724160000,0.0000000000
1082,49,51,1,49,49,0,0,55,50,144,49,49,0.0244340505,1.0307175295,49.0000000000,16.6606533396,1.0000000000,0.4731840000,217.8771894231
1083,48,52,1,48,48,0,0,55,49,141,48,48,0.0238384379,1.0068790917,48.0000000000,16.6570680321,1.0000000000,0.4635520000,217.8655253348
1084,48,52,5,48,48,0,0,55,53,321,48,48,0.0206530693,0.9862260223,9.6000000000,15.9555902331,1.0000000000,0.4684160000,215.6032244842
1085,48,52,2,48,48,0,0,55,50,186,48,48,0.0210876243,0.9651383980,24.0000000000,16.4816684916,1.0000000000,0.4647680000,217.2955108785
1086,47,53,5,48,26,22,0,55,53,321,41,41,0.0180538820,0.9470845160,5.4000000000,15.5374484384,0.5416666667,0.4095040000,133.5859967180
1087,47,53,2,47,47,0,0,55,49,182,47,47,0.0204673021,0.9266172139,23.5000000000,16.4741990415,1.0000000000,0.4551360000,217.2713210996
1088,47,53,2,47,47,0,0,55,49,182,47,47,0.0183590711,0.9082581428,23.5000000000,16.4741626890,1.0000000000,0.4551360000,217.2713210996
1089,47,53,1,47,47,0,0,55,48,138,47,47,0.0207661127,0.8874920301,47.0000000000,16.6532846322,1.0000000000,0.4539200000,217.8533662319
1090,47,53,3,47,47,0,0,55,50,226,47,47,0.0202546348,0.8672373953,15.6666666667,16.2951219217,1.0000000000,0.4563520000,216.6923778136
1091,47,53,2,47,47,0,0,55,49,182,47,47,0.0187210555,0.8485163398,23.5000000000,16.4741509027,1.0000000000,0.4551360000,217.2713210996
1092,47,53,1,47,47,0,0,55,48,138,47,47,0.0236902837,0.8248260561,47.0000000000,16.6533442994,1.0000000000,0.4539200000,217.8533662319
1093,47,53,3,47,47,0,0,55,50,226,47,47,0.0190469481,0.8057791079,15.6666666667,16.2950954180,1.0000000000,0.4563520000,216.6923778136
1094,47,53,4,47,47,0,0,55,51,270,47,47,0.0183824067,0.7873967012,11.7500000000,16.1159625613,1.0000000000,0.4575680000,216.1165116442
1095,47,53,3,47,47,0,0,55,50,226,47,47,0.0182998209,0.7690968804,15.6666666667,16.2950690499,1.0000000000,0.4563520000,216.6923778136
1096,45,55,2,45,44,1,0,55,47,176,44,44,0.0181696234,0.7509272570,22.5000000000,16.4497602839,0.9777777778,0.4274560000,216.5743374757
1097,44,56,4,44,44,0,0,55,48,256,44,44,0.0184698180,0.7324574390,11.0000000000,16.0671942905,1.0000000000,0.4286720000,215.9599880561
1098,44,56,1,44,44,0,0,55,45,129,44,44,0.0228760842,0.7095813548,44.0000000000,16.6411613253,1.0000000000,0.4250240000,217.8135822918
1099,44,56,3,44,44,0,0,55,47,211,44,44,0.0173886244,0.6921927304,14.6666666667,16.2584525792,1.0000000000,0.4274560000,216.5743374757
1100,44,56,2,44,43,1,0,55,46,170,43,43,0.0179826200,0.6742101104,22.0000000000,16.4408866534,0.9772727273,0.4178240000,216.5313624876
1101,44,56,1,44,44,0,0,56,45,129,44,44,0.0223627723,0.6518473381,44.0000000000,16.6411415639,1.0000000000,0.4250240000,217.8135822918
1102,42,58,3,43,26,17,0,56,46,206,32,32,0.0142472880,0.6376000501,9.6666666667,16.1848762099,0.6046511628,0.3252480000,168.1916568280
1103,41,59,1,41,39,2,0,56,42,121,39,39,0.0204620360,0.6171380142,41.0000000000,16.6166244690,0.9512195122,0.3792960000,216.3376360415
1104,40,60,2,40,39,1,0,56,42,154,39,39,0.0173351976,0.5998028166,20.0000000000,16.4007723978,0.9750000000,0.3792960000,216.3376360415
1105,40,60,2,40,39,1,0,56,42,154,39,39,0.0167574590,0.5830453576,20.0000000000,16.4007445037,0.9750000000,0.3792960000,216.3376360415
1106,38,62,7,39,38,1,0,56,44,330,38,38,0.0174679196,0.5655774380,5.5714285714,15.5033914017,0.9743589744,0.3733120000,214.1693811075
1107,38,62,2,38,37,1,0,56,40,146,37,37,0.0145341847,0.5510432533,19.0000000000,16.3773706535,0.9736842105,0.3600320000,216.2252244245
1108,38,62,3,38,35,3,0,56,41,181,35,35,0.0159025874,0.5351406660,12.6666666667,16.1109467752,0.9210526316,0.3444160000,213.8112050544
1109,36,64,1,36,33,3,0,56,38,107,33,33,0.0166612714,0.5184793945,36.0000000000,16.5773545335,0.9166666667,0.3239360000,214.3386347921
1110,33,67,2,34,18,16,0,56,36,131,22,22,0.0105011800,0.5079782145,10.0000000000,16.3647494442,0.5294117647,0.2289280000,165.4319261951
1111,32,68,1,32,32,0,0,56,33,93,32,32,0.0157689354,0.4922092791,32.0000000000,16.5693862171,1.0000000000,0.3094400000,217.5801447777
1112,31,69,1,32,0,32,0,56,33,93,26,26,0.0120581078,0.4801511713,1.0000000000,0.0000000000,0.0000000000,0.2589440000,0.0000000000
1113,30,70,3,31,24,7,0,56,34,146,30,30,0.0128462625,0.4673049088,8.3333333333,16.1309796905,0.7741935484,0.2938240000,171.8579830102
1114,30,70,1,30,30,0,0,56,31,87,30,30,0.0147489679,0.4525559409,30.0000000000,16.5518512646,1.0000000000,0.2901760000,217.5231583591
1115,30,70,1,30,29,1,0,56,31,87,29,29,0.0143095610,0.4382463800,30.0000000000,16.5422049563,0.9666666667,0.2817600000,216.5530948325
1116,30,70,1,30,29,1,0,56,31,87,29,29,0.0138744388,0.4243719412,30.0000000000,16.5421797683,0.9666666667,0.2817600000,216.5530948325
1117,29,71,4,29,29,0,0,56,33,166,29,29,0.0123487412,0.4120232000,7.2500000000,15.6714359661,1.0000000000,0.2841920000,214.6999211800
1118,28,72,2,28,28,0,0,56,30,108,28,28,0.0111524494,0.4008707506,14.0000000000,16.2311565742,1.0000000000,0.2721280000,216.4863593603
1119,28,72,1,28,27,1,0,56,29,81,27,27,0.0129207332,0.3879500174,28.0000000000,16.5206890224,0.9642857143,0.2624960000,216.4147263196
1120,27,73,1,28,0,28,0,56,29,81,19,19,0.0097722105,0.3781778069,1.0000000000,0.0000000000,0.0000000000,0.1951680000,0.0000000000
1121,26,74,1,26,26,0,0,57,27,76,26,26,0.0122871886,0.3658906183,26.0000000000,16.5086966150,1.0000000000,0.2516480000,217.3830111902
1122,26,74,1,26,26,0,0,57,27,75,26,26,0.0128767911,0.3530138271,26.0000000000,16.5087047002,1.0000000000,0.2516480000,217.3830111902
1123,26,74,1,26,25,1,0,57,27,75,25,25,0.0123588226,0.3406550045,26.0000000000,16.4957501446,0.9615384615,0.2432320000,216.2544402052
1124,25,75,1,25,25,0,0,57,27,74,25,25,0.0129550487,0.3276999558,25.0000000000,16.4957970888,1.0000000000,0.2432320000,216.2544402052
1125,24,76,1,24,24,0,0,57,25,70,24,24,0.0122820148,0.3154179410,24.0000000000,16.4817415928,1.0000000000,0.2323840000,217.2955108785
1126,22,78,0,23,22,1,23,57,0,0,22,22,0.0044548477,0.3109630933,0.0000000000,8.4161788944,0.9565217391,0.1851520000,250.0000000000
1127,22,78,2,22,22,0,0,57,24,82,22,22,0.0089740292,0.3019890641,11.0000000000,16.0672098400,1.0000000000,0.2143360000,215.9599880561
1128,22,78,2,22,22,0,0,57,24,82,22,22,0.0086365627,0.2933525014,11.0000000000,16.0671950160,1.0000000000,0.2143360000,215.9599880561
1129,22,78,3,22,21,1,0,57,24,101,21,21,0.0091617654,0.2841907359,7.3333333333,15.6300159234,0.9545454545,0.2059200000,214.5687645688
1130,21,79,1,21,21,0,0,57,23,62,21,21,0.0121555589,0.2720351770,21.0000000000,16.4317016915,1.0000000000,0.2047040000,215.8433640769
1131,20,80,1,21,0,21,0,57,22,60,5,5,0.0055563386,0.2664788384,1.0000000000,0.0000000000,0.0000000000,0.0688320000,0.0000000000
1132,20,80,2,20,20,0,0,57,22,74,20,20,0.0083718777,0.2581069607,10.0000000000,15.9907264126,1.0000000000,0.1950720000,215.7152230971
1133,20,80,1,20,19,1,0,57,21,57,19,19,0.0106958921,0.2474110686,20.0000000000,16.3894842687,0.9500000000,0.1854400000,215.5737704918
1134,20,80,1,20,19,1,0,57,21,57,19,19,0.0099323474,0.2374787212,20.0000000000,16.3894537660,0.9500000000,0.1854400000,215.5737704918
1135,18,82,1,19,0,19,0,57,21,56,18,18,0.0090100704,0.2284686508,1.0000000000,0.0000000000,0.0000000000,0.1770240000,0.0000000000
1136,18,82,1,18,18,0,0,57,19,51,18,18,0.0092543323,0.2192143185,18.0000000000,16.3648473377,1.0000000000,0.1745920000,216.9171554252
1137,17,83,1,17,16,1,0,57,18,49,16,16,0.0079892085,0.2112251099,17.0000000000,16.3063770491,0.9411764706,0.1565440000,215.0449713818
1138,17,83,1,17,17,0,0,57,18,48,17,17,0.0095660563,0.2016590536,17.0000000000,16.3373736637,1.0000000000,0.1649600000,216.8283220175
1139,16,84,1,16,16,0,0,57,17,46,16,16,0.0083209008,0.1933381528,16.0000000000,16.3064261616,1.0000000000,0.1553280000,216.7284713638
1140,16,84,0,16,16,0,16,57,0,0,16,16,0.0031324122,0.1902057406,0.0000000000,8.4161821180,1.0000000000,0.1346560000,250.0000000000
1141,16,84,1,16,16,0,0,58,17,45,16,16,0.0074169071,0.1827888336,16.0000000000,16.3063722539,1.0000000000,0.1553280000,216.7284713638
1142,16,84,1,16,15,1,0,58,17,45,15,15,0.0073644599,0.1754243736,16.0000000000,16.2713105815,0.9375000000,0.1469120000,214.8224787628
1143,16,84,1,16,15,1,0,58,17,45,15,15,0.0076778311,0.1677465425,16.0000000000,16.2713314705,0.9375000000,0.1469120000,214.8224787628
1144,16,84,2,16,15,1,0,58,18,58,15,15,0.0065599797,0.1611865628,8.0000000000,15.7102015730,0.9375000000,0.1481280000,213.0589760207
1145,15,85,2,15,15,0,0,58,17,55,15,15,0.0062596416,0.1549269212,7.5000000000,15.7101792461,1.0000000000,0.1469120000,214.8224787628
1146,14,86,0,14,14,0,14,58,8,21,14,14,0.0036276666,0.1512992546,0.0000000000,8.4161815849,1.0000000000,0.1275520000,230.9332664325
1147,13,87,1,13,13,0,0,58,14,37,13,13,0.0062411691,0.1450580855,13.0000000000,16.1849760311,1.0000000000,0.1264320000,216.3376360415
1148,13,87,1,13,13,0,0,58,14,36,13,13,0.0064679756,0.1385901099,13.0000000000,16.1850448697,1.0000000000,0.1264320000,216.3376360415
1149,13,87,1,13,12,1,0,58,14,36,12,12,0.0073493581,0.1312407518,13.0000000000,16.1311196378,0.9230769231,0.1180160000,213.9370932755
1150,13,87,1,13,12,1,0,58,14,36,12,12,0.0058562294,0.1253845224,13.0000000000,16.1310313071,0.9230769231,0.1180160000,213.9370932755
1151,12,88,1,12,11,1,0,58,13,34,11,11,0.0048611456,0.1205233768,12.0000000000,16.0672474925,0.9166666667,0.1083840000,213.5370534396
1152,11,89,1,11,11,0,0,58,12,30,11,11,0.0053902705,0.1151331063,11.0000000000,16.0673012910,1.0000000000,0.1071680000,215.9599880561
1153,11,89,1,11,11,0,0,58,12,30,11,11,0.0056321452,0.1095009611,11.0000000000,16.0673015720,1.0000000000,0.1071680000,215.9599880561
1154,11,89,0,11,11,0,11,58,0,0,11,11,0.0021508818,0.1073500794,0.0000000000,8.4161817322,1.0000000000,0.0925760000,250.0000000000
1155,11,89,0,11,11,0,11,58,0,0,11,11,0.0021508818,0.1051991976,0.0000000000,8.4161817322,1.0000000000,0.0925760000,250.0000000000
1156,11,89,0,11,11,0,11,58,0,0,11,11,0.0021508818,0.1030483159,0.0000000000,8.4161817322,1.0000000000,0.0925760000,250.0000000000
1157,11,89,0,11,11,0,11,58,0,0,11,11,0.0021508818,0.1008974341,0.0000000000,8.4161817322,1.0000000000,0.0925760000,250.0000000000
1158,11,89,0,11,11,0,11,58,0,0,11,11,0.0021508818,0.0987465524,0.0000000000,8.4161817322,1.0000000000,0.0925760000,250.0000000000
1159,10,90,0,11,10,1,11,58,0,0,10,10,0.0020617235,0.0966848288,0.0000000000,8.4161810546,0.9090909091,0.0841600000,250.0000000000
1160,10,90,0,10,10,0,10,58,0,0,10,10,0.0019511520,0.0947336768,0.0000000000,8.4161810546,1.0000000000,0.0841600000,250.0000000000
1161,10,90,1,10,10,0,0,59,11,27,10,10,0.0049660942,0.0897675826,10.0000000000,15.9908308037,1.0000000000,0.0975360000,215.7152230971
1162,10,90,2,10,10,0,0,59,12,34,10,10,0.0039016185,0.0858659641,5.0000000000,15.1490617794,1.0000000000,0.0987520000,213.0589760207
1163,10,90,1,10,9,1,0,59,11,27,9,9,0.0042243290,0.0816416350,10.0000000000,15.8972316200,0.9000000000,0.0891200000,212.4775583483
1164,10,90,1,10,9,1,0,59,11,27,9,9,0.0043936317,0.0772480033,10.0000000000,15.8972591940,0.9000000000,0.0891200000,212.4775583483
1165,10,90,1,10,9,1,0,59,11,27,9,9,0.0053203526,0.0719276507,10.0000000000,15.8973240406,0.9000000000,0.0891200000,212.4775583483
1166,9,91,1,9,9,0,0,59,10,24,9,9,0.0043557058,0.0675719449,9.0000000000,15.8972564372,1.0000000000,0.0879040000,215.4168183473
1167,9,91,1,9,7,2,0,59,10,24,7,7,0.0037778329,0.0637941120,9.0000000000,15.6301428456,0.7777777778,0.0710720000,207.2264745610
1168,7,93,0,8,7,1,8,59,0,0,7,7,0.0015320350,0.0622620770,0.0000000000,8.4161789047,0.8750000000,0.0589120000,250.0000000000
1169,7,93,1,7,7,0,0,59,8,18,7,7,0.0028646626,0.0593974144,7.0000000000,15.6300317926,1.0000000000,0.0686400000,214.5687645688
1170,7,93,0,7,7,0,7,59,0,0,7,7,0.0013558128,0.0580416016,0.0000000000,8.4161789047,1.0000000000,0.0589120000,250.0000000000
1171,7,93,0,7,7,0,7,59,0,0,7,7,0.0013558128,0.0566857888,0.0000000000,8.4161789047,1.0000000000,0.0589120000,250.0000000000
1172,7,93,0,7,7,0,7,59,0,0,7,7,0.0013558128,0.0553299760,0.0000000000,8.4161789047,1.0000000000,0.0589120000,250.0000000000
1173,6,94,0,7,6,1,7,59,0,0,6,6,0.0012083599,0.0541216161,0.0000000000,8.4161788770,0.8571428571,0.0504960000,250.0000000000
1174,6,94,0,6,6,0,6,59,0,0,6,6,0.0011626518,0.0529589643,0.0000000000,8.4161788770,1.0000000000,0.0504960000,250.0000000000
1175,6,94,0,6,6,0,6,59,0,0,6,6,0.0011626518,0.0517963125,0.0000000000,8.4161788770,1.0000000000,0.0504960000,250.0000000000
1176,6,94,0,6,6,0,6,59,0,0,6,6,0.0011626518,0.0506336607,0.0000000000,8.4161788770,1.0000000000,0.0504960000,250.0000000000
1177,6,94,0,6,6,0,6,59,0,0,6,6,0.0011626518,0.0494710089,0.0000000000,8.4161788770,1.0000000000,0.0504960000,250.0000000000
1178,6,94,0,6,6,0,6,59,0,0,6,6,0.0011626518,0.0483083570,0.0000000000,8.4161788770,1.0000000000,0.0504960000,250.0000000000
1179,6,94,0,6,6,0,6,59,0,0,6,6,0.0011626518,0.0471457052,0.0000000000,8.4161788770,1.0000000000,0.0504960000,250.0000000000
1180,6,94,0,6,6,0,6,59,0,0,6,6,0.0011626518,0.0459830534,0.0000000000,8.4161788770,1.0000000000,0.0504960000,250.0000000000
1181,6,94,1,6,6,0,0,60,7,15,6,6,0.0029719930,0.0430110604,6.0000000000,15.4297087376,1.0000000000,0.0590080000,213.9370932755
1182,6,94,1,6,6,0,0,60,7,15,6,6,0.0030650071,0.0399460533,6.0000000000,15.4297535626,1.0000000000,0.0590080000,213.9370932755
1183,5,95,0,5,5,0,5,60,6,10,5,5,0.0015022627,0.0384437906,0.0000000000,8.4161736721,1.0000000000,0.0493760000,213.0589760207
1184,5,95,1,5,5,0,0,60,6,12,5,5,0.0024596986,0.0359840920,5.0000000000,15.1491829636,1.0000000000,0.0493760000,213.0589760207
1185,5,95,1,5,5,0,0,60,6,12,5,5,0.0021852408,0.0337988512,5.0000000000,15.1491452303,1.0000000000,0.0493760000,213.0589760207
1186,5,95,1,5,5,0,0,60,6,12,5,5,0.0024773863,0.0313214649,5.0000000000,15.1491770429,1.0000000000,0.0493760000,213.0589760207
1187,5,95,0,5,5,0,5,60,0,0,5,5,0.0009507097,0.0303707551,0.0000000000,8.4161736721,1.0000000000,0.0420800000,250.0000000000
1188,5,95,0,5,5,0,5,60,0,0,5,5,0.0009507097,0.0294200454,0.0000000000,8.4161736721,1.0000000000,0.0420800000,250.0000000000
1189,4,96,0,5,4,1,5,60,0,0,4,4,0.0008349629,0.0285850825,0.0000000000,8.4161748299,0.8000000000,0.0336640000,250.0000000000
1190,4,96,0,4,4,0,4,60,0,0,4,4,0.0007641605,0.0278209220,0.0000000000,8.4161748299,1.0000000000,0.0336640000,250.0000000000
1191,4,96,0,4,4,0,4,60,0,0,4,4,0.0007641605,0.0270567614,0.0000000000,8.4161748299,1.0000000000,0.0336640000,250.0000000000
1192,4,96,0,4,4,0,4,60,0,0,4,4,0.0007641605,0.0262926009,0.0000000000,8.4161748299,1.0000000000,0.0336640000,250.0000000000
1193,4,96,0,4,4,0,4,60,0,0,4,4,0.0007641605,0.0255284404,0.0000000000,8.4161748299,1.0000000000,0.0336640000,250.0000000000
1194,4,96,0,4,4,0,4,60,0,0,4,4,0.0007641605,0.0247642799,0.0000000000,8.4161748299,1.0000000000,0.0336640000,250.0000000000
1195,4,96,0,4,4,0,4,60,0,0,4,4,0.0007641605,0.0240001194,0.0000000000,8.4161748299,1.0000000000,0.0336640000,250.0000000000
1196,4,96,0,4,4,0,4,60,0,0,4,4,0.0007641605,0.0232359589,0.0000000000,8.4161748299,1.0000000000,0.0336640000,250.0000000000
1197,4,96,0,4,4,0,4,60,0,0,4,4,0.0007641605,0.0224717984,0.0000000000,8.4161748299,1.0000000000,0.0336640000,250.0000000000
1198,4,96,0,4,4,0,4,60,0,0,4,4,0.0007641605,0.0217076379,0.0000000000,8.4161748299,1.0000000000,0.0336640000,250.0000000000
1199,4,96,0,4,4,0,4,60,0,0,4,4,0.0007641605,0.0209434774,0.0000000000,8.4161748299,1.0000000000,0.0336640000,250.0000000000
1200,4,96,0,4,4,0,4,60,0,0,4,4,0.0007641605,0.0201793169,0.0000000000,8.4161748299,1.0000000000,0.0336640000,250.0000000000
1201,4,96,1,4,3,1,0,61,5,9,3,3,0.0016429593,0.0185363576,4.0000000000,14.0270053532,0.7500000000,0.0313280000,201.4811031665
1202,4,96,1,4,3,1,0,61,5,9,3,3,0.0015665759,0.0169697817,4.0000000000,14.0270339753,0.7500000000,0.0313280000,201.4811031665
1203,3,97,0,3,3,0,3,61,0,0,3,3,0.0007071691,0.0162626126,0.0000000000,8.4161776326,1.0000000000,0.0252480000,250.0000000000
1204,3,97,1,3,3,0,0,61,4,6,3,3,0.0016823438,0.0145802688,3.0000000000,14.0270812873,1.0000000000,0.0301120000,209.6174282678
1205,3,97,0,3,3,0,3,61,0,0,3,3,0.0005792750,0.0140009938,0.0000000000,8.4161776326,1.0000000000,0.0252480000,250.0000000000
1206,3,97,0,3,3,0,3,61,0,0,3,3,0.0005792750,0.0134217188,0.0000000000,8.4161776326,1.0000000000,0.0252480000,250.0000000000
1207,3,97,0,3,3,0,3,61,0,0,3,3,0.0005792750,0.0128424438,0.0000000000,8.4161776326,1.0000000000,0.0252480000,250.0000000000
1208,2,98,0,3,2,1,3,61,0,0,2,2,0.0005228715,0.0123195724,0.0000000000,8.4161928010,0.6666666667,0.0168320000,250.0000000000
1209,2,98,0,2,2,0,2,61,0,0,2,2,0.0004057513,0.0119138210,0.0000000000,8.4161928010,1.0000000000,0.0168320000,250.0000000000
1210,2,98,0,2,2,0,2,61,0,0,2,2,0.0004057513,0.0115080697,0.0000000000,8.4161928010,1.0000000000,0.0168320000,250.0000000000
1211,2,98,0,2,2,0,2,61,0,0,2,2,0.0004057513,0.0111023184,0.0000000000,8.4161928010,1.0000000000,0.0168320000,250.0000000000
1212,2,98,0,2,2,0,2,61,0,0,2,2,0.0004057513,0.0106965671,0.0000000000,8.4161928010,1.0000000000,0.0168320000,250.0000000000
1213,2,98,0,2,2,0,2,61,0,0,2,2,0.0004057513,0.0102908158,0.0000000000,8.4161928010,1.0000000000,0.0168320000,250.0000000000
1214,2,98,0,2,2,0,2,61,0,0,2,2,0.0004057513,0.0098850644,0.0000000000,8.4161928010,1.0000000000,0.0168320000,250.0000000000
1215,2,98,0,2,2,0,2,61,0,0,2,2,0.0004057513,0.0094793131,0.0000000000,8.4161928010,1.0000000000,0.0168320000,250.0000000000
1216,2,98,0,2,2,0,2,61,0,0,2,2,0.0004057513,0.0090735618,0.0000000000,8.4161928010,1.0000000000,0.0168320000,250.0000000000
1217,2,98,0,2,2,0,2,61,0,0,2,2,0.0004057513,0.0086678105,0.0000000000,8.4161928010,1.0000000000,0.0168320000,250.0000000000
1218,2,98,0,2,2,0,2,61,0,0,2,2,0.0004057513,0.0082620591,0.0000000000,8.4161928010,1.0000000000,0.0168320000,250.0000000000
1219,2,98,0,2,2,0,2,61,0,0,2,2,0.0004057513,0.0078563078,0.0000000000,8.4161928010,1.0000000000,0.0168320000,250.0000000000
1220,2,98,0,2,2,0,2,61,0,0,2,2,0.0004057513,0.0074505565,0.0000000000,8.4161928010,1.0000000000,0.0168320000,250.0000000000
1221,2,98,1,2,2,0,0,62,3,3,2,2,0.0009890994,0.0064614571,2.0000000000,12.6243514493,1.0000000000,0.0204800000,205.4687500000
1222,2,98,1,2,1,1,0,62,3,3,1,1,0.0005420753,0.0059193818,2.0000000000,8.4161878552,0.5000000000,0.0120640000,174.4031830239
1223,2,98,0,2,2,0,2,62,0,0,2,2,0.0004057513,0.0055136305,0.0000000000,8.4161928010,1.0000000000,0.0168320000,250.0000000000
1224,1,99,0,2,1,1,2,62,0,0,1,1,0.0002763477,0.0052372828,0.0000000000,8.4161878552,0.5000000000,0.0084160000,250.0000000000
1225,1,99,0,1,1,0,1,62,0,0,1,1,0.0001992643,0.0050380185,0.0000000000,8.4161878552,1.0000000000,0.0084160000,250.0000000000
1226,1,99,0,1,1,0,1,62,0,0,1,1,0.0001992643,0.0048387541,0.0000000000,8.4161878552,1.0000000000,0.0084160000,250.0000000000
1227,1,99,0,1,1,0,1,62,0,0,1,1,0.0001992643,0.0046394898,0.0000000000,8.4161878552,1.0000000000,0.0084160000,250.0000000000
1228,1,99,0,1,1,0,1,62,0,0,1,1,0.0001992643,0.0044402255,0.0000000000,8.4161878552,1.0000000000,0.0084160000,250.0000000000
1229,1,99,0,1,1,0,1,62,0,0,1,1,0.0001992643,0.0042409611,0.0000000000,8.4161878552,1.0000000000,0.0084160000,250.0000000000
1230,1,99,0,1,1,0,1,62,0,0,1,1,0.0001992643,0.0040416968,0.0000000000,8.4161878552,1.0000000000,0.0084160000,250.0000000000
1231,1,99,0,1,1,0,1,62,0,0,1,1,0.0001992643,0.0038424324,0.0000000000,8.4161878552,1.0000000000,0.0084160000,250.0000000000
1232,1,99,0,1,1,0,1,62,0,0,1,1,0.0001992643,0.0036431681,0.0000000000,8.4161878552,1.0000000000,0.0084160000,250.0000000000
1233,1,99,0,1,1,0,1,62,0,0,1,1,0.0001992643,0.0034439038,0.0000000000,8.4161878552,1.0000000000,0.0084160000,250.0000000000
1234,1,99,0,1,1,0,1,62,0,0,1,1,0.0001992643,0.0032446394,0.0000000000,8.4161878552,1.0000000000,0.0084160000,250.0000000000
1235,1,99,0,1,1,0,1,62,0,0,1,1,0.0001992643,0.0030453751,0.0000000000,8.4161878552,1.0000000000,0.0084160000,250.0000000000
1236,1,99,0,1,1,0,1,62,0,0,1,1,0.0001992643,0.0028461107,0.0000000000,8.4161878552,1.0000000000,0.0084160000,250.0000000000
1237,1,99,0,1,1,0,1,62,0,0,1,1,0.0001992643,0.0026468464,0.0000000000,8.4161878552,1.0000000000,0.0084160000,250.0000000000
1238,1,99,0,1,1,0,1,62,0,0,1,1,0.0001992643,0.0024475821,0.0000000000,8.4161878552,1.0000000000,0.0084160000,250.0000000000
1239,1,99,0,1,1,0,1,62,0,0,1,1,0.0001992643,0.0022483177,0.0000000000,8.4161878552,1.0000000000,0.0084160000,250.0000000000
1240,1,99,0,1,1,0,1,62,0,0,1,1,0.0001992643,0.0020490534,0.0000000000,8.4161878552,1.0000000000,0.0084160000,250.0000000000
1241,1,99,1,1,1,0,0,63,1,0,1,1,0.0003845843,0.0016644691,1.0000000000,8.4161878552,1.0000000000,0.0096320000,218.4385382060
1242,1,99,0,1,1,0,1,63,0,0,1,1,0.0001992643,0.0014652047,0.0000000000,8.4161878552,1.0000000000,0.0084160000,250.0000000000
1243,1,99,0,1,1,0,1,63,0,0,1,1,0.0001992643,0.0012659404,0.0000000000,8.4161878552,1.0000000000,0.0084160000,250.0000000000
1244,1,99,0,1,1,0,1,63,0,0,1,1,0.0001992643,0.0010666760,0.0000000000,8.4161878552,1.0000000000,0.0084160000,250.0000000000
1245,1,99,0,1,1,0,1,63,0,0,1,1,0.0001992643,0.0008674117,0.0000000000,8.4161878552,1.0000000000,0.0084160000,250.0000000000
1246,1,99,0,1,1,0,1,63,0,0,1,1,0.0001992643,0.0006681474,0.0000000000,8.4161878552,1.0000000000,0.0084160000,250.0000000000
1247,1,99,0,1,1,0,1,63,0,0,1,1,0.0001992643,0.0004688830,0.0000000000,8.4161878552,1.0000000000,0.0084160000,250.0000000000
1248,1,99,0,1,1,0,1,63,0,0,1,1,0.0001992643,0.0002696187,0.0000000000,8.4161878552,1.0000000000,0.0084160000,250.0000000000
1249,1,99,0,1,1,0,1,63,0,0,1,1,0.0001992643,0.0000703543,0.0000000000,8.4161878552,1.0000000000,0.0084160000,250.0000000000
1250,0,100,0,0,0,0,0,63,0,0,0,0,0.0000703543,0.0000000000,0.0000000000,0.0000000000,0.0000000000,0.0000000000,0.0000000000
