Round,Alive,Dead,CH_Count,Generated,Delivered,Lost,Unclustered,Was_Setup_Round,Control_TX,Control_RX,Data_TX,Data_RX,Energy_Used_J,Residual_Energy_J,Avg_Cluster_Size,Avg_Delay_ms,PDR,Round_Duration_s,Throughput_kbps,Backup_Promotions,Backup_Rejected,Proactive_Handovers,Direct_To_BS,CH_Relays
1,100,0,3,100,100,0,0,1,103,491,100,100,0.0246978986,49.9598371014,33.3333333333,11.2897716132,1.0000000000,0.8888000000,226.8226822682,0,0,0,57,0
2,100,0,3,100,100,0,0,0,0,0,100,100,0.0169926413,49.9428444601,33.3333333333,11.2897716132,1.0000000000,0.8064000000,250.0000000000,0,0,0,57,0
3,100,0,3,100,100,0,0,0,0,0,100,100,0.0169926413,49.9258518189,33.3333333333,11.2897716132,1.0000000000,0.8064000000,250.0000000000,0,0,0,57,0
4,100,0,3,100,100,0,0,0,0,0,100,100,0.0169926413,49.9088591776,33.3333333333,11.2897716132,1.0000000000,0.8064000000,250.0000000000,0,0,0,57,0
5,100,0,3,100,100,0,0,0,0,0,100,100,0.0169926413,49.8918665364,33.3333333333,11.2897716132,1.0000000000,0.8064000000,250.0000000000,0,0,0,57,0
6,100,0,6,100,100,0,0,1,106,782,100,100,0.0310310404,49.8608354960,16.6666666667,14.3540962872,1.0000000000,0.8912000000,226.2118491921,0,0,0,16,0
7,100,0,6,100,100,0,0,0,0,0,100,100,0.0203590531,49.8404764429,16.6666666667,14.3540962872,1.0000000000,0.8064000000,250.0000000000,0,0,0,16,0
8,100,0,6,100,100,0,0,0,0,0,100,100,0.0203590531,49.8201173898,16.6666666667,14.3540962872,1.0000000000,0.8064000000,250.0000000000,0,0,0,16,0
9,100,0,6,100,100,0,0,0,0,0,100,100,0.0203590531,49.7997583367,16.6666666667,14.3540962872,1.0000000000,0.8064000000,250.0000000000,0,0,0,16,0
10,100,0,6,100,100,0,0,0,0,0,100,100,0.0203590531,49.7793992836,16.6666666667,14.3540962872,1.0000000000,0.8064000000,250.0000000000,0,0,0,16,0
11,100,0,5,100,100,0,0,1,105,685,100,100,0.0283530849,49.7510461987,20.0000000000,12.8219270293,1.0000000000,0.8904000000,226.4150943396,0,0,0,36,0
12,100,0,5,100,100,0,0,0,0,0,100,100,0.0186264944,49.7324197043,20.0000000000,12.8219270293,1.0000000000,0.8064000000,250.0000000000,0,0,0,36,0
13,100,0,5,100,100,0,0,0,0,0,100,100,0.0186264944,49.7137932099,20.0000000000,12.8219270293,1.0000000000,0.8064000000,250.0000000000,0,0,0,36,0
14,100,0,5,100,100,0,0,0,0,0,100,100,0.0186264944,49.6951667155,20.0000000000,12.8219270293,1.0000000000,0.8064000000,250.0000000000,0,0,0,36,0
15,100,0,5,100,100,0,0,0,0,0,100,100,0.0186264944,49.6765402211,20.0000000000,12.8219270293,1.0000000000,0.8064000000,250.0000000000,0,0,0,36,0
16,100,0,12,100,100,0,0,1,112,1364,100,100,0.0376202561,49.6389199650,8.3333333333,14.8379340053,1.0000000000,0.8960000000,225.0000000000,0,0,0,4,0
17,100,0,12,100,100,0,0,0,0,0,100,100,0.0205398299,49.6183801351,8.3333333333,14.8379340053,1.0000000000,0.8064000000,250.0000000000,0,0,0,4,0
18,100,0,12,100,100,0,0,0,0,0,100,100,0.0205398299,49.5978403051,8.3333333333,14.8379340053,1.0000000000,0.8064000000,250.0000000000,0,0,0,4,0
19,100,0,12,100,100,0,0,0,0,0,100,100,0.0205398299,49.5773004752,8.3333333333,14.8379340053,1.0000000000,0.8064000000,250.0000000000,0,0,0,4,0
20,100,0,12,100,100,0,0,0,0,0,100,100,0.0205398299,49.5567606453,8.3333333333,14.8379340053,1.0000000000,0.8064000000,250.0000000000,0,0,0,4,0
21,100,0,9,100,100,0,0,1,109,1073,100,100,0.0337434156,49.5230172297,11.1111111111,14.3540968825,1.0000000000,0.8936000000,225.6042972247,0,0,0,13,0
22,100,0,9,100,100,0,0,0,0,0,100,100,0.0198884614,49.5031287683,11.1111111111,14.3540968825,1.0000000000,0.8064000000,250.0000000000,0,0,0,13,0
23,100,0,9,100,100,0,0,0,0,0,100,100,0.0198884614,49.4832403069,11.1111111111,14.3540968825,1.0000000000,0.8064000000,250.0000000000,0,0,0,13,0
24,100,0,9,100,100,0,0,0,0,0,100,100,0.0198884614,49.4633518455,11.1111111111,14.3540968825,1.0000000000,0.8064000000,250.0000000000,0,0,0,13,0
25,100,0,9,100,100,0,0,0,0,0,100,100,0.0198884614,49.4434633840,11.1111111111,14.3540968825,1.0000000000,0.8064000000,250.0000000000,0,0,0,13,0
26,100,0,8,100,100,0,0,1,108,976,100,100,0.0333641716,49.4100992125,12.5000000000,14.9992141269,1.0000000000,0.8928000000,225.8064516129,0,0,0,6,0
27,100,0,8,100,100,0,0,0,0,0,100,100,0.0206148112,49.3894844013,12.5000000000,14.9992141269,1.0000000000,0.8064000000,250.0000000000,0,0,0,6,0
28,100,0,8,100,100,0,0,0,0,0,100,100,0.0206148112,49.3688695901,12.5000000000,14.9992141269,1.0000000000,0.8064000000,250.0000000000,0,0,0,6,0
29,100,0,8,100,100,0,0,0,0,0,100,100,0.0206148112,49.3482547790,12.5000000000,14.9992141269,1.0000000000,0.8064000000,250.0000000000,0,0,0,6,0
30,100,0,8,100,100,0,0,0,0,0,100,100,0.0206148112,49.3276399678,12.5000000000,14.9992141269,1.0000000000,0.8064000000,250.0000000000,0,0,0,6,0
31,100,0,9,100,100,0,0,1,109,1073,100,100,0.0357212008,49.2919187670,11.1111111111,15.4024062597,1.0000000000,0.8936000000,225.6042972247,0,0,0,0,0
32,100,0,9,100,100,0,0,0,0,0,100,100,0.0218267640,49.2700920030,11.1111111111,15.4024062597,1.0000000000,0.8064000000,250.0000000000,0,0,0,0,0
33,100,0,9,100,100,0,0,0,0,0,100,100,0.0218267640,49.2482652391,11.1111111111,15.4024062597,1.0000000000,0.8064000000,250.0000000000,0,0,0,0,0
34,100,0,9,100,100,0,0,0,0,0,100,100,0.0218267640,49.2264384751,11.1111111111,15.4024062597,1.0000000000,0.8064000000,250.0000000000,0,0,0,0,0
35,100,0,9,100,100,0,0,0,0,0,100,100,0.0218267640,49.2046117111,11.1111111111,15.4024062597,1.0000000000,0.8064000000,250.0000000000,0,0,0,0,0
36,100,0,3,100,100,0,0,1,103,491,100,100,0.0283155563,49.1762961549,33.3333333333,14.9185740554,1.0000000000,0.8888000000,226.8226822682,0,0,0,12,0
37,100,0,3,100,100,0,0,0,0,0,100,100,0.0209144669,49.1553816880,33.3333333333,14.9185740554,1.0000000000,0.8064000000,250.0000000000,0,0,0,12,0
38,100,0,3,100,100,0,0,0,0,0,100,100,0.0209144669,49.1344672211,33.3333333333,14.9185740554,1.0000000000,0.8064000000,250.0000000000,0,0,0,12,0
39,100,0,3,100,100,0,0,0,0,0,100,100,0.0209144669,49.1135527542,33.3333333333,14.9185740554,1.0000000000,0.8064000000,250.0000000000,0,0,0,12,0
40,100,0,3,100,100,0,0,0,0,0,100,100,0.0209144669,49.0926382873,33.3333333333,14.9185740554,1.0000000000,0.8064000000,250.0000000000,0,0,0,12,0
41,100,0,10,100,100,0,0,1,110,1170,100,100,0.0354678006,49.0571704867,10.0000000000,14.9185725048,1.0000000000,0.8944000000,225.4025044723,0,0,0,5,0
42,100,0,10,100,100,0,0,0,0,0,100,100,0.0205480725,49.0366224142,10.0000000000,14.9185725048,1.0000000000,0.8064000000,250.0000000000,0,0,0,5,0
43,100,0,10,100,100,0,0,0,0,0,100,100,0.0205480725,49.0160743417,10.0000000000,14.9185725048,1.0000000000,0.8064000000,250.0000000000,0,0,0,5,0
44,100,0,10,100,100,0,0,0,0,0,100,100,0.0205480725,48.9955262692,10.0000000000,14.9185725048,1.0000000000,0.8064000000,250.0000000000,0,0,0,5,0
45,100,0,10,100,100,0,0,0,0,0,100,100,0.0205480725,48.9749781967,10.0000000000,14.9185725048,1.0000000000,0.8064000000,250.0000000000,0,0,0,5,0
46,100,0,6,100,100,0,0,1,106,782,100,100,0.0315794644,48.9433987323,16.6666666667,14.9185833336,1.0000000000,0.8912000000,226.2118491921,0,0,0,9,0
47,100,0,6,100,100,0,0,0,0,0,100,100,0.0209321364,48.9224665960,16.6666666667,14.9185833336,1.0000000000,0.8064000000,250.0000000000,0,0,0,9,0
48,100,0,6,100,100,0,0,0,0,0,100,100,0.0209321364,48.9015344596,16.6666666667,14.9185833336,1.0000000000,0.8064000000,250.0000000000,0,0,0,9,0
49,100,0,6,100,100,0,0,0,0,0,100,100,0.0209321364,48.8806023232,16.6666666667,14.9185833336,1.0000000000,0.8064000000,250.0000000000,0,0,0,9,0
50,100,0,6,100,100,0,0,0,0,0,100,100,0.0209321364,48.8596701869,16.6666666667,14.9185833336,1.0000000000,0.8064000000,250.0000000000,0,0,0,9,0
51,100,0,5,100,100,0,0,1,105,685,100,100,0.0305327233,48.8291374636,20.0000000000,14.9992169690,1.0000000000,0.8904000000,226.4150943396,0,0,0,9,0
52,100,0,5,100,100,0,0,0,0,0,100,100,0.0209785986,48.8081588650,20.0000000000,14.9992169690,1.0000000000,0.8064000000,250.0000000000,0,0,0,9,0
53,100,0,5,100,100,0,0,0,0,0,100,100,0.0209785986,48.7871802664,20.0000000000,14.9992169690,1.0000000000,0.8064000000,250.0000000000,0,0,0,9,0
54,100,0,5,100,100,0,0,0,0,0,100,100,0.0209785986,48.7662016678,20.0000000000,14.9992169690,1.0000000000,0.8064000000,250.0000000000,0,0,0,9,0
55,100,0,5,100,100,0,0,0,0,0,100,100,0.0209785986,48.7452230692,20.0000000000,14.9992169690,1.0000000000,0.8064000000,250.0000000000,0,0,0,9,0
56,100,0,5,100,100,0,0,1,105,685,100,100,0.0301261674,48.7150969018,20.0000000000,14.7573032449,1.0000000000,0.8904000000,226.4150943396,0,0,0,12,0
57,100,0,5,100,100,0,0,0,0,0,100,100,0.0205775080,48.6945193938,20.0000000000,14.7573032449,1.0000000000,0.8064000000,250.0000000000,0,0,0,12,0
58,100,0,5,100,100,0,0,0,0,0,100,100,0.0205775080,48.6739418859,20.0000000000,14.7573032449,1.0000000000,0.8064000000,250.0000000000,0,0,0,12,0
59,100,0,5,100,100,0,0,0,0,0,100,100,0.0205775080,48.6533643779,20.0000000000,14.7573032449,1.0000000000,0.8064000000,250.0000000000,0,0,0,12,0
60,100,0,5,100,100,0,0,0,0,0,100,100,0.0205775080,48.6327868699,20.0000000000,14.7573032449,1.0000000000,0.8064000000,250.0000000000,0,0,0,12,0
61,100,0,5,100,100,0,0,1,105,685,100,100,0.0297920439,48.6029948260,20.0000000000,14.4347413378,1.0000000000,0.8904000000,226.4150943396,0,0,0,16,0
62,100,0,5,100,100,0,0,0,0,0,100,100,0.0202313803,48.5827634456,20.0000000000,14.4347413378,1.0000000000,0.8064000000,250.0000000000,0,0,0,16,0
63,100,0,5,100,100,0,0,0,0,0,100,100,0.0202313803,48.5625320653,20.0000000000,14.4347413378,1.0000000000,0.8064000000,250.0000000000,0,0,0,16,0
64,100,0,5,100,100,0,0,0,0,0,100,100,0.0202313803,48.5423006850,20.0000000000,14.4347413378,1.0000000000,0.8064000000,250.0000000000,0,0,0,16,0
65,100,0,5,100,100,0,0,0,0,0,100,100,0.0202313803,48.5220693047,20.0000000000,14.4347413378,1.0000000000,0.8064000000,250.0000000000,0,0,0,16,0
66,100,0,3,100,100,0,0,1,103,491,100,100,0.0268092869,48.4952600178,33.3333333333,13.3057869703,1.0000000000,0.8888000000,226.8226822682,0,0,0,32,0
67,100,0,3,100,100,0,0,0,0,0,100,100,0.0193020493,48.4759579685,33.3333333333,13.3057869703,1.0000000000,0.8064000000,250.0000000000,0,0,0,32,0
68,100,0,3,100,100,0,0,0,0,0,100,100,0.0193020493,48.4566559192,33.3333333333,13.3057869703,1.0000000000,0.8064000000,250.0000000000,0,0,0,32,0
69,100,0,3,100,100,0,0,0,0,0,100,100,0.0193020493,48.4373538699,33.3333333333,13.3057869703,1.0000000000,0.8064000000,250.0000000000,0,0,0,32,0
70,100,0,3,100,100,0,0,0,0,0,100,100,0.0193020493,48.4180518206,33.3333333333,13.3057869703,1.0000000000,0.8064000000,250.0000000000,0,0,0,32,0
71,100,0,1,100,100,0,0,1,101,297,100,100,0.0220322103,48.3960196104,100.0000000000,10.0801633200,1.0000000000,0.8872000000,227.2317403066,0,0,0,74,0
72,100,0,1,100,100,0,0,0,0,0,100,100,0.0157655848,48.3802540255,100.0000000000,10.0801633200,1.0000000000,0.8064000000,250.0000000000,0,0,0,74,0
73,100,0,1,100,100,0,0,0,0,0,100,100,0.0157655848,48.3644884407,100.0000000000,10.0801633200,1.0000000000,0.8064000000,250.0000000000,0,0,0,74,0
74,100,0,1,100,100,0,0,0,0,0,100,100,0.0157655848,48.3487228558,100.0000000000,10.0801633200,1.0000000000,0.8064000000,250.0000000000,0,0,0,74,0
75,100,0,1,100,100,0,0,0,0,0,100,100,0.0157655848,48.3329572710,100.0000000000,10.0801633200,1.0000000000,0.8064000000,250.0000000000,0,0,0,74,0
76,100,0,3,100,100,0,0,1,103,491,100,100,0.0279146052,48.3050426658,33.3333333333,14.0315249298,1.0000000000,0.8888000000,226.8226822682,0,0,0,23,0
77,100,0,3,100,100,0,0,0,0,0,100,100,0.0204310487,48.2846116170,33.3333333333,14.0315249298,1.0000000000,0.8064000000,250.0000000000,0,0,0,23,0
78,100,0,3,100,100,0,0,0,0,0,100,100,0.0204310487,48.2641805683,33.3333333333,14.0315249298,1.0000000000,0.8064000000,250.0000000000,0,0,0,23,0
79,100,0,3,100,100,0,0,0,0,0,100,100,0.0204310487,48.2437495196,33.3333333333,14.0315249298,1.0000000000,0.8064000000,250.0000000000,0,0,0,23,0
80,100,0,3,100,100,0,0,0,0,0,100,100,0.0204310487,48.2233184708,33.3333333333,14.0315249298,1.0000000000,0.8064000000,250.0000000000,0,0,0,23,0
81,100,0,2,100,100,0,0,1,102,394,100,100,0.0238519325,48.1994665384,50.0000000000,11.6123384741,1.0000000000,0.8880000000,227.0270270270,0,0,0,54,0
82,100,0,2,100,100,0,0,0,0,0,100,100,0.0172521020,48.1822144363,50.0000000000,11.6123384741,1.0000000000,0.8064000000,250.0000000000,0,0,0,54,0
83,100,0,2,100,100,0,0,0,0,0,100,100,0.0172521020,48.1649623343,50.0000000000,11.6123384741,1.0000000000,0.8064000000,250.0000000000,0,0,0,54,0
84,100,0,2,100,100,0,0,0,0,0,100,100,0.0172521020,48.1477102322,50.0000000000,11.6123384741,1.0000000000,0.8064000000,250.0000000000,0,0,0,54,0
85,100,0,2,100,100,0,0,0,0,0,100,100,0.0172521020,48.1304581302,50.0000000000,11.6123384741,1.0000000000,0.8064000000,250.0000000000,0,0,0,54,0
86,100,0,3,100,100,0,0,1,103,491,100,100,0.0248321368,48.1056259933,33.3333333333,11.2897711613,1.0000000000,0.8888000000,226.8226822682,0,0,0,57,0
87,100,0,3,100,100,0,0,0,0,0,100,100,0.0170225566,48.0886034367,33.3333333333,11.2897711613,1.0000000000,0.8064000000,250.0000000000,0,0,0,57,0
88,100,0,3,100,100,0,0,0,0,0,100,100,0.0170225566,48.0715808802,33.3333333333,11.2897711613,1.0000000000,0.8064000000,250.0000000000,0,0,0,57,0
89,100,0,3,100,100,0,0,0,0,0,100,100,0.0170225566,48.0545583236,33.3333333333,11.2897711613,1.0000000000,0.8064000000,250.0000000000,0,0,0,57,0
90,100,0,3,100,100,0,0,0,0,0,100,100,0.0170225566,48.0375357670,33.3333333333,11.2897711613,1.0000000000,0.8064000000,250.0000000000,0,0,0,57,0
91,100,0,2,100,100,0,0,1,102,394,100,100,0.0261106031,48.0114251639,50.0000000000,13.3057574276,1.0000000000,0.8880000000,227.0270270270,0,0,0,33,0
92,100,0,2,100,100,0,0,0,0,0,100,100,0.0196515079,47.9917736561,50.0000000000,13.3057574276,1.0000000000,0.8064000000,250.0000000000,0,0,0,33,0
93,100,0,2,100,100,0,0,0,0,0,100,100,0.0196515079,47.9721221482,50.0000000000,13.3057574276,1.0000000000,0.8064000000,250.0000000000,0,0,0,33,0
94,100,0,2,100,100,0,0,0,0,0,100,100,0.0196515079,47.9524706403,50.0000000000,13.3057574276,1.0000000000,0.8064000000,250.0000000000,0,0,0,33,0
95,100,0,2,100,100,0,0,0,0,0,100,100,0.0196515079,47.9328191325,50.0000000000,13.3057574276,1.0000000000,0.8064000000,250.0000000000,0,0,0,33,0
96,100,0,59,100,100,0,0,1,131,5923,100,100,0.0851897396,47.8476293929,1.6949152542,11.2897449190,1.0000000000,0.9112000000,221.2467076383,0,0,0,1,0
97,100,0,59,100,100,0,0,0,0,0,100,100,0.0175051968,47.8301241961,1.6949152542,11.2897449190,1.0000000000,0.8064000000,250.0000000000,0,0,0,1,0
98,100,0,59,100,100,0,0,0,0,0,100,100,0.0175051968,47.8126189993,1.6949152542,11.2897449190,1.0000000000,0.8064000000,250.0000000000,0,0,0,1,0
99,100,0,59,100,100,0,0,0,0,0,100,100,0.0175051968,47.7951138025,1.6949152542,11.2897449190,1.0000000000,0.8064000000,250.0000000000,0,0,0,1,0
100,100,0,59,100,100,0,0,0,0,0,100,100,0.0175051968,47.7776086057,1.6949152542,11.2897449190,1.0000000000,0.8064000000,250.0000000000,0,0,0,1,0
101,100,0,3,100,100,0,0,1,103,491,100,100,0.0257196940,47.7518889117,33.3333333333,12.2574710459,1.0000000000,0.8888000000,226.8226822682,0,0,0,45,0
102,100,0,3,100,100,0,0,0,0,0,100,100,0.0180585038,47.7338304079,33.3333333333,12.2574710459,1.0000000000,0.8064000000,250.0000000000,0,0,0,45,0
103,100,0,3,100,100,0,0,0,0,0,100,100,0.0180585038,47.7157719041,33.3333333333,12.2574710459,1.0000000000,0.8064000000,250.0000000000,0,0,0,45,0
104,100,0,3,100,100,0,0,0,0,0,100,100,0.0180585038,47.6977134003,33.3333333333,12.2574710459,1.0000000000,0.8064000000,250.0000000000,0,0,0,45,0
105,100,0,3,100,100,0,0,0,0,0,100,100,0.0180585038,47.6796548965,33.3333333333,12.2574710459,1.0000000000,0.8064000000,250.0000000000,0,0,0,45,0
106,100,0,3,100,100,0,0,1,103,491,100,100,0.0256602104,47.6539946861,33.3333333333,12.4187190633,1.0000000000,0.8888000000,226.8226822682,0,0,0,43,0
107,100,0,3,100,100,0,0,0,0,0,100,100,0.0180829667,47.6359117193,33.3333333333,12.4187190633,1.0000000000,0.8064000000,250.0000000000,0,0,0,43,0
108,100,0,3,100,100,0,0,0,0,0,100,100,0.0180829667,47.6178287526,33.3333333333,12.4187190633,1.0000000000,0.8064000000,250.0000000000,0,0,0,43,0
109,100,0,3,100,100,0,0,0,0,0,100,100,0.0180829667,47.5997457859,33.3333333333,12.4187190633,1.0000000000,0.8064000000,250.0000000000,0,0,0,43,0
110,100,0,3,100,100,0,0,0,0,0,100,100,0.0180829667,47.5816628191,33.3333333333,12.4187190633,1.0000000000,0.8064000000,250.0000000000,0,0,0,43,0
111,100,0,6,100,100,0,0,1,106,782,100,100,0.0301006322,47.5515621869,16.6666666667,13.3057840290,1.0000000000,0.8912000000,226.2118491921,0,0,0,29,0
112,100,0,6,100,100,0,0,0,0,0,100,100,0.0193580262,47.5322041608,16.6666666667,13.3057840290,1.0000000000,0.8064000000,250.0000000000,0,0,0,29,0
113,100,0,6,100,100,0,0,0,0,0,100,100,0.0193580262,47.5128461346,16.6666666667,13.3057840290,1.0000000000,0.8064000000,250.0000000000,0,0,0,29,0
114,100,0,6,100,100,0,0,0,0,0,100,100,0.0193580262,47.4934881084,16.6666666667,13.3057840290,1.0000000000,0.8064000000,250.0000000000,0,0,0,29,0
115,100,0,6,100,100,0,0,0,0,0,100,100,0.0193580262,47.4741300823,16.6666666667,13.3057840290,1.0000000000,0.8064000000,250.0000000000,0,0,0,29,0
116,100,0,4,100,100,0,0,1,104,588,100,100,0.0277162916,47.4464137906,25.0000000000,13.4670570455,1.0000000000,0.8896000000,226.6187050360,0,0,0,29,0
117,100,0,4,100,100,0,0,0,0,0,100,100,0.0191844484,47.4272293423,25.0000000000,13.4670570455,1.0000000000,0.8064000000,250.0000000000,0,0,0,29,0
118,100,0,4,100,100,0,0,0,0,0,100,100,0.0191844484,47.4080448939,25.0000000000,13.4670570455,1.0000000000,0.8064000000,250.0000000000,0,0,0,29,0
119,100,0,4,100,100,0,0,0,0,0,100,100,0.0191844484,47.3888604455,25.0000000000,13.4670570455,1.0000000000,0.8064000000,250.0000000000,0,0,0,29,0
120,100,0,4,100,100,0,0,0,0,0,100,100,0.0191844484,47.3696759971,25.0000000000,13.4670570455,1.0000000000,0.8064000000,250.0000000000,0,0,0,29,0
121,100,0,4,100,100,0,0,1,104,588,100,100,0.0279958641,47.3416801330,25.0000000000,13.7089791847,1.0000000000,0.8896000000,226.6187050360,0,0,0,26,0
122,100,0,4,100,100,0,0,0,0,0,100,100,0.0194790725,47.3222010605,25.0000000000,13.7089791847,1.0000000000,0.8064000000,250.0000000000,0,0,0,26,0
123,100,0,4,100,100,0,0,0,0,0,100,100,0.0194790725,47.3027219881,25.0000000000,13.7089791847,1.0000000000,0.8064000000,250.0000000000,0,0,0,26,0
124,100,0,4,100,100,0,0,0,0,0,100,100,0.0194790725,47.2832429156,25.0000000000,13.7089791847,1.0000000000,0.8064000000,250.0000000000,0,0,0,26,0
125,100,0,4,100,100,0,0,0,0,0,100,100,0.0194790725,47.2637638431,25.0000000000,13.7089791847,1.0000000000,0.8064000000,250.0000000000,0,0,0,26,0
126,100,0,9,100,100,0,0,1,109,1073,100,100,0.0341605932,47.2296032499,11.1111111111,14.5960114219,1.0000000000,0.8936000000,225.6042972247,0,0,0,10,0
127,100,0,9,100,100,0,0,0,0,0,100,100,0.0202981822,47.2093050677,11.1111111111,14.5960114219,1.0000000000,0.8064000000,250.0000000000,0,0,0,10,0
128,100,0,9,100,100,0,0,0,0,0,100,100,0.0202981822,47.1890068855,11.1111111111,14.5960114219,1.0000000000,0.8064000000,250.0000000000,0,0,0,10,0
129,100,0,9,100,100,0,0,0,0,0,100,100,0.0202981822,47.1687087032,11.1111111111,14.5960114219,1.0000000000,0.8064000000,250.0000000000,0,0,0,10,0
130,100,0,9,100,100,0,0,0,0,0,100,100,0.0202981822,47.1484105210,11.1111111111,14.5960114219,1.0000000000,0.8064000000,250.0000000000,0,0,0,10,0
131,100,0,4,100,100,0,0,1,104,588,100,100,0.0283995212,47.1200109998,25.0000000000,14.1121916298,1.0000000000,0.8896000000,226.6187050360,0,0,0,21,0
132,100,0,4,100,100,0,0,0,0,0,100,100,0.0198886466,47.1001223532,25.0000000000,14.1121916298,1.0000000000,0.8064000000,250.0000000000,0,0,0,21,0
133,100,0,4,100,100,0,0,0,0,0,100,100,0.0198886466,47.0802337067,25.0000000000,14.1121916298,1.0000000000,0.8064000000,250.0000000000,0,0,0,21,0
134,100,0,4,100,100,0,0,0,0,0,100,100,0.0198886466,47.0603450601,25.0000000000,14.1121916298,1.0000000000,0.8064000000,250.0000000000,0,0,0,21,0
135,100,0,4,100,100,0,0,0,0,0,100,100,0.0198886466,47.0404564135,25.0000000000,14.1121916298,1.0000000000,0.8064000000,250.0000000000,0,0,0,21,0
136,100,0,3,100,100,0,0,1,103,491,100,100,0.0280168095,47.0124396040,33.3333333333,14.2734563857,1.0000000000,0.8888000000,226.8226822682,0,0,0,20,0
137,100,0,3,100,100,0,0,0,0,0,100,100,0.0205388459,46.9919007581,33.3333333333,14.2734563857,1.0000000000,0.8064000000,250.0000000000,0,0,0,20,0
138,100,0,3,100,100,0,0,0,0,0,100,100,0.0205388459,46.9713619123,33.3333333333,14.2734563857,1.0000000000,0.8064000000,250.0000000000,0,0,0,20,0
139,100,0,3,100,100,0,0,0,0,0,100,100,0.0205388459,46.9508230664,33.3333333333,14.2734563857,1.0000000000,0.8064000000,250.0000000000,0,0,0,20,0
140,100,0,3,100,100,0,0,0,0,0,100,100,0.0205388459,46.9302842205,33.3333333333,14.2734563857,1.0000000000,0.8064000000,250.0000000000,0,0,0,20,0
141,100,0,1,100,100,0,0,1,101,297,100,100,0.0215192147,46.9087650058,100.0000000000,9.6769556321,1.0000000000,0.8872000000,227.2317403066,0,0,0,79,0
142,100,0,1,100,100,0,0,0,0,0,100,100,0.0153573629,46.8934076429,100.0000000000,9.6769556321,1.0000000000,0.8064000000,250.0000000000,0,0,0,79,0
143,100,0,1,100,100,0,0,0,0,0,100,100,0.0153573629,46.8780502800,100.0000000000,9.6769556321,1.0000000000,0.8064000000,250.0000000000,0,0,0,79,0
144,100,0,1,100,100,0,0,0,0,0,100,100,0.0153573629,46.8626929171,100.0000000000,9.6769556321,1.0000000000,0.8064000000,250.0000000000,0,0,0,79,0
145,100,0,1,100,100,0,0,0,0,0,100,100,0.0153573629,46.8473355542,100.0000000000,9.6769556321,1.0000000000,0.8064000000,250.0000000000,0,0,0,79,0
146,100,0,5,100,100,0,0,1,105,685,100,100,0.0286545909,46.8186809633,20.0000000000,13.4670487447,1.0000000000,0.8904000000,226.4150943396,0,0,0,28,0
147,100,0,5,100,100,0,0,0,0,0,100,100,0.0190172658,46.7996636975,20.0000000000,13.4670487447,1.0000000000,0.8064000000,250.0000000000,0,0,0,28,0
148,100,0,5,100,100,0,0,0,0,0,100,100,0.0190172658,46.7806464317,20.0000000000,13.4670487447,1.0000000000,0.8064000000,250.0000000000,0,0,0,28,0
149,100,0,5,100,100,0,0,0,0,0,100,100,0.0190172658,46.7616291659,20.0000000000,13.4670487447,1.0000000000,0.8064000000,250.0000000000,0,0,0,28,0
150,100,0,5,100,100,0,0,0,0,0,100,100,0.0190172658,46.7426119001,20.0000000000,13.4670487447,1.0000000000,0.8064000000,250.0000000000,0,0,0,28,0
151,100,0,5,100,100,0,0,1,105,685,100,100,0.0291723712,46.7134395288,20.0000000000,13.7089618840,1.0000000000,0.8904000000,226.4150943396,0,0,0,25,0
152,100,0,5,100,100,0,0,0,0,0,100,100,0.0195536842,46.6938858446,20.0000000000,13.7089618840,1.0000000000,0.8064000000,250.0000000000,0,0,0,25,0
153,100,0,5,100,100,0,0,0,0,0,100,100,0.0195536842,46.6743321604,20.0000000000,13.7089618840,1.0000000000,0.8064000000,250.0000000000,0,0,0,25,0
154,100,0,5,100,100,0,0,0,0,0,100,100,0.0195536842,46.6547784762,20.0000000000,13.7089618840,1.0000000000,0.8064000000,250.0000000000,0,0,0,25,0
155,100,0,5,100,100,0,0,0,0,0,100,100,0.0195536842,46.6352247920,20.0000000000,13.7089618840,1.0000000000,0.8064000000,250.0000000000,0,0,0,25,0
156,100,0,3,100,100,0,0,1,103,491,100,100,0.0258096367,46.6094151553,33.3333333333,12.8219304242,1.0000000000,0.8888000000,226.8226822682,0,0,0,38,0
157,100,0,3,100,100,0,0,0,0,0,100,100,0.0183064736,46.5911086817,33.3333333333,12.8219304242,1.0000000000,0.8064000000,250.0000000000,0,0,0,38,0
158,100,0,3,100,100,0,0,0,0,0,100,100,0.0183064736,46.5728022082,33.3333333333,12.8219304242,1.0000000000,0.8064000000,250.0000000000,0,0,0,38,0
159,100,0,3,100,100,0,0,0,0,0,100,100,0.0183064736,46.5544957346,33.3333333333,12.8219304242,1.0000000000,0.8064000000,250.0000000000,0,0,0,38,0
160,100,0,3,100,100,0,0,0,0,0,100,100,0.0183064736,46.5361892610,33.3333333333,12.8219304242,1.0000000000,0.8064000000,250.0000000000,0,0,0,38,0
161,100,0,4,100,100,0,0,1,104,588,100,100,0.0277948455,46.5083944155,25.0000000000,13.2251418235,1.0000000000,0.8896000000,226.6187050360,0,0,0,32,0
162,100,0,4,100,100,0,0,0,0,0,100,100,0.0192081789,46.4891862366,25.0000000000,13.2251418235,1.0000000000,0.8064000000,250.0000000000,0,0,0,32,0
163,100,0,4,100,100,0,0,0,0,0,100,100,0.0192081789,46.4699780576,25.0000000000,13.2251418235,1.0000000000,0.8064000000,250.0000000000,0,0,0,32,0
164,100,0,4,100,100,0,0,0,0,0,100,100,0.0192081789,46.4507698787,25.0000000000,13.2251418235,1.0000000000,0.8064000000,250.0000000000,0,0,0,32,0
165,100,0,4,100,100,0,0,0,0,0,100,100,0.0192081789,46.4315616998,25.0000000000,13.2251418235,1.0000000000,0.8064000000,250.0000000000,0,0,0,32,0
166,100,0,7,100,100,0,0,1,107,879,100,100,0.0312807771,46.4002809226,14.2857142857,13.8702603218,1.0000000000,0.8920000000,226.0089686099,0,0,0,21,0
167,100,0,7,100,100,0,0,0,0,0,100,100,0.0195295905,46.3807513321,14.2857142857,13.8702603218,1.0000000000,0.8064000000,250.0000000000,0,0,0,21,0
168,100,0,7,100,100,0,0,0,0,0,100,100,0.0195295905,46.3612217416,14.2857142857,13.8702603218,1.0000000000,0.8064000000,250.0000000000,0,0,0,21,0
169,100,0,7,100,100,0,0,0,0,0,100,100,0.0195295905,46.3416921511,14.2857142857,13.8702603218,1.0000000000,0.8064000000,250.0000000000,0,0,0,21,0
170,100,0,7,100,100,0,0,0,0,0,100,100,0.0195295905,46.3221625606,14.2857142857,13.8702603218,1.0000000000,0.8064000000,250.0000000000,0,0,0,21,0
171,100,0,8,100,100,0,0,1,108,976,100,100,0.0338337634,46.2883287972,12.5000000000,15.2411332787,1.0000000000,0.8928000000,225.8064516129,0,0,0,3,0
172,100,0,8,100,100,0,0,0,0,0,100,100,0.0210754606,46.2672533366,12.5000000000,15.2411332787,1.0000000000,0.8064000000,250.0000000000,0,0,0,3,0
173,100,0,8,100,100,0,0,0,0,0,100,100,0.0210754606,46.2461778759,12.5000000000,15.2411332787,1.0000000000,0.8064000000,250.0000000000,0,0,0,3,0
174,100,0,8,100,100,0,0,0,0,0,100,100,0.0210754606,46.2251024153,12.5000000000,15.2411332787,1.0000000000,0.8064000000,250.0000000000,0,0,0,3,0
175,100,0,8,100,100,0,0,0,0,0,100,100,0.0210754606,46.2040269547,12.5000000000,15.2411332787,1.0000000000,0.8064000000,250.0000000000,0,0,0,3,0
176,100,0,3,100,100,0,0,1,103,491,100,100,0.0247456596,46.1792812951,33.3333333333,11.0478416231,1.0000000000,0.8888000000,226.8226822682,0,0,0,60,0
177,100,0,3,100,100,0,0,0,0,0,100,100,0.0169954036,46.1622858915,33.3333333333,11.0478416231,1.0000000000,0.8064000000,250.0000000000,0,0,0,60,0
178,100,0,3,100,100,0,0,0,0,0,100,100,0.0169954036,46.1452904880,33.3333333333,11.0478416231,1.0000000000,0.8064000000,250.0000000000,0,0,0,60,0
179,100,0,3,100,100,0,0,0,0,0,100,100,0.0169954036,46.1282950844,33.3333333333,11.0478416231,1.0000000000,0.8064000000,250.0000000000,0,0,0,60,0
180,100,0,3,100,100,0,0,0,0,0,100,100,0.0169954036,46.1112996809,33.3333333333,11.0478416231,1.0000000000,0.8064000000,250.0000000000,0,0,0,60,0
181,100,0,10,100,100,0,0,1,110,1170,100,100,0.0355260406,46.0757736403,10.0000000000,14.9185683535,1.0000000000,0.8944000000,225.4025044723,0,0,0,5,0
182,100,0,10,100,100,0,0,0,0,0,100,100,0.0206094273,46.0551642130,10.0000000000,14.9185683535,1.0000000000,0.8064000000,250.0000000000,0,0,0,5,0
183,100,0,10,100,100,0,0,0,0,0,100,100,0.0206094273,46.0345547857,10.0000000000,14.9185683535,1.0000000000,0.8064000000,250.0000000000,0,0,0,5,0
184,100,0,10,100,100,0,0,0,0,0,100,100,0.0206094273,46.0139453584,10.0000000000,14.9185683535,1.0000000000,0.8064000000,250.0000000000,0,0,0,5,0
185,100,0,10,100,100,0,0,0,0,0,100,100,0.0206094273,45.9933359311,10.0000000000,14.9185683535,1.0000000000,0.8064000000,250.0000000000,0,0,0,5,0
186,100,0,3,100,100,0,0,1,103,491,100,100,0.0264414888,45.9668944423,33.3333333333,12.9832214608,1.0000000000,0.8888000000,226.8226822682,0,0,0,36,0
187,100,0,3,100,100,0,0,0,0,0,100,100,0.0188871852,45.9480072571,33.3333333333,12.9832214608,1.0000000000,0.8064000000,250.0000000000,0,0,0,36,0
188,100,0,3,100,100,0,0,0,0,0,100,100,0.0188871852,45.9291200719,33.3333333333,12.9832214608,1.0000000000,0.8064000000,250.0000000000,0,0,0,36,0
189,100,0,3,100,100,0,0,0,0,0,100,100,0.0188871852,45.9102328867,33.3333333333,12.9832214608,1.0000000000,0.8064000000,250.0000000000,0,0,0,36,0
190,100,0,3,100,100,0,0,0,0,0,100,100,0.0188871852,45.8913457015,33.3333333333,12.9832214608,1.0000000000,0.8064000000,250.0000000000,0,0,0,36,0
191,100,0,7,100,100,0,0,1,107,879,100,100,0.0325580730,45.8587876284,14.2857142857,14.9992123854,1.0000000000,0.8920000000,226.0089686099,0,0,0,7,0
192,100,0,7,100,100,0,0,0,0,0,100,100,0.0208506050,45.8379370234,14.2857142857,14.9992123854,1.0000000000,0.8064000000,250.0000000000,0,0,0,7,0
193,100,0,7,100,100,0,0,0,0,0,100,100,0.0208506050,45.8170864185,14.2857142857,14.9992123854,1.0000000000,0.8064000000,250.0000000000,0,0,0,7,0
194,100,0,7,100,100,0,0,0,0,0,100,100,0.0208506050,45.7962358135,14.2857142857,14.9992123854,1.0000000000,0.8064000000,250.0000000000,0,0,0,7,0
195,100,0,7,100,100,0,0,0,0,0,100,100,0.0208506050,45.7753852085,14.2857142857,14.9992123854,1.0000000000,0.8064000000,250.0000000000,0,0,0,7,0
196,100,0,4,100,100,0,0,1,104,588,100,100,0.0265846953,45.7488005132,25.0000000000,12.2574534785,1.0000000000,0.8896000000,226.6187050360,0,0,0,44,0
197,100,0,4,100,100,0,0,0,0,0,100,100,0.0179802660,45.7308202472,25.0000000000,12.2574534785,1.0000000000,0.8064000000,250.0000000000,0,0,0,44,0
198,100,0,4,100,100,0,0,0,0,0,100,100,0.0179802660,45.7128399812,25.0000000000,12.2574534785,1.0000000000,0.8064000000,250.0000000000,0,0,0,44,0
199,100,0,4,100,100,0,0,0,0,0,100,100,0.0179802660,45.6948597151,25.0000000000,12.2574534785,1.0000000000,0.8064000000,250.0000000000,0,0,0,44,0
200,100,0,4,100,100,0,0,0,0,0,100,100,0.0179802660,45.6768794491,25.0000000000,12.2574534785,1.0000000000,0.8064000000,250.0000000000,0,0,0,44,0
201,100,0,3,100,100,0,0,1,103,491,100,100,0.0291105723,45.6477688769,33.3333333333,15.3217730922,1.0000000000,0.8888000000,226.8226822682,0,0,0,7,0
202,100,0,3,100,100,0,0,0,0,0,100,100,0.0216887309,45.6260801460,33.3333333333,15.3217730922,1.0000000000,0.8064000000,250.0000000000,0,0,0,7,0
203,100,0,3,100,100,0,0,0,0,0,100,100,0.0216887309,45.6043914151,33.3333333333,15.3217730922,1.0000000000,0.8064000000,250.0000000000,0,0,0,7,0
204,100,0,3,100,100,0,0,0,0,0,100,100,0.0216887309,45.5827026842,33.3333333333,15.3217730922,1.0000000000,0.8064000000,250.0000000000,0,0,0,7,0
205,100,0,3,100,100,0,0,0,0,0,100,100,0.0216887309,45.5610139533,33.3333333333,15.3217730922,1.0000000000,0.8064000000,250.0000000000,0,0,0,7,0
206,100,0,6,100,100,0,0,1,106,782,100,100,0.0311198896,45.5298940637,16.6666666667,14.5153810186,1.0000000000,0.8912000000,226.2118491921,0,0,0,14,0
207,100,0,6,100,100,0,0,0,0,0,100,100,0.0204722961,45.5094217675,16.6666666667,14.5153810186,1.0000000000,0.8064000000,250.0000000000,0,0,0,14,0
208,100,0,6,100,100,0,0,0,0,0,100,100,0.0204722961,45.4889494714,16.6666666667,14.5153810186,1.0000000000,0.8064000000,250.0000000000,0,0,0,14,0
209,100,0,6,100,100,0,0,0,0,0,100,100,0.0204722961,45.4684771753,16.6666666667,14.5153810186,1.0000000000,0.8064000000,250.0000000000,0,0,0,14,0
210,100,0,6,100,100,0,0,0,0,0,100,100,0.0204722961,45.4480048792,16.6666666667,14.5153810186,1.0000000000,0.8064000000,250.0000000000,0,0,0,14,0
211,100,0,6,100,100,0,0,1,106,782,100,100,0.0307214357,45.4172834435,16.6666666667,14.5153810791,1.0000000000,0.8912000000,226.2118491921,0,0,0,14,0
212,100,0,6,100,100,0,0,0,0,0,100,100,0.0201110850,45.3971723585,16.6666666667,14.5153810791,1.0000000000,0.8064000000,250.0000000000,0,0,0,14,0
213,100,0,6,100,100,0,0,0,0,0,100,100,0.0201110850,45.3770612735,16.6666666667,14.5153810791,1.0000000000,0.8064000000,250.0000000000,0,0,0,14,0
214,100,0,6,100,100,0,0,0,0,0,100,100,0.0201110850,45.3569501885,16.6666666667,14.5153810791,1.0000000000,0.8064000000,250.0000000000,0,0,0,14,0
215,100,0,6,100,100,0,0,0,0,0,100,100,0.0201110850,45.3368391035,16.6666666667,14.5153810791,1.0000000000,0.8064000000,250.0000000000,0,0,0,14,0
216,100,0,5,100,100,0,0,1,105,685,100,100,0.0285692986,45.3082698049,20.0000000000,13.0638539322,1.0000000000,0.8904000000,226.4150943396,0,0,0,33,0
217,100,0,5,100,100,0,0,0,0,0,100,100,0.0188771438,45.2893926611,20.0000000000,13.0638539322,1.0000000000,0.8064000000,250.0000000000,0,0,0,33,0
218,100,0,5,100,100,0,0,0,0,0,100,100,0.0188771438,45.2705155173,20.0000000000,13.0638539322,1.0000000000,0.8064000000,250.0000000000,0,0,0,33,0
219,100,0,5,100,100,0,0,0,0,0,100,100,0.0188771438,45.2516383734,20.0000000000,13.0638539322,1.0000000000,0.8064000000,250.0000000000,0,0,0,33,0
220,100,0,5,100,100,0,0,0,0,0,100,100,0.0188771438,45.2327612296,20.0000000000,13.0638539322,1.0000000000,0.8064000000,250.0000000000,0,0,0,33,0
221,100,0,5,100,100,0,0,1,105,685,100,100,0.0278285714,45.2049326582,20.0000000000,12.0961734370,1.0000000000,0.8904000000,226.4150943396,0,0,0,45,0
222,100,0,5,100,100,0,0,0,0,0,100,100,0.0180402293,45.1868924289,20.0000000000,12.0961734370,1.0000000000,0.8064000000,250.0000000000,0,0,0,45,0
223,100,0,5,100,100,0,0,0,0,0,100,100,0.0180402293,45.1688521996,20.0000000000,12.0961734370,1.0000000000,0.8064000000,250.0000000000,0,0,0,45,0
224,100,0,5,100,100,0,0,0,0,0,100,100,0.0180402293,45.1508119703,20.0000000000,12.0961734370,1.0000000000,0.8064000000,250.0000000000,0,0,0,45,0
225,100,0,5,100,100,0,0,0,0,0,100,100,0.0180402293,45.1327717409,20.0000000000,12.0961734370,1.0000000000,0.8064000000,250.0000000000,0,0,0,45,0
226,100,0,5,100,100,0,0,1,105,685,100,100,0.0280303406,45.1047414004,20.0000000000,12.4993784340,1.0000000000,0.8904000000,226.4150943396,0,0,0,40,0
227,100,0,5,100,100,0,0,0,0,0,100,100,0.0182951466,45.0864462537,20.0000000000,12.4993784340,1.0000000000,0.8064000000,250.0000000000,0,0,0,40,0
228,100,0,5,100,100,0,0,0,0,0,100,100,0.0182951466,45.0681511071,20.0000000000,12.4993784340,1.0000000000,0.8064000000,250.0000000000,0,0,0,40,0
229,100,0,5,100,100,0,0,0,0,0,100,100,0.0182951466,45.0498559605,20.0000000000,12.4993784340,1.0000000000,0.8064000000,250.0000000000,0,0,0,40,0
230,100,0,5,100,100,0,0,0,0,0,100,100,0.0182951466,45.0315608139,20.0000000000,12.4993784340,1.0000000000,0.8064000000,250.0000000000,0,0,0,40,0
231,100,0,4,100,100,0,0,1,104,588,100,100,0.0300964766,45.0014643373,25.0000000000,15.0798484567,1.0000000000,0.8896000000,226.6187050360,0,0,0,9,0
232,100,0,4,100,100,0,0,0,0,0,100,100,0.0215779008,44.9798864365,25.0000000000,15.0798484567,1.0000000000,0.8064000000,250.0000000000,0,0,0,9,0
233,100,0,4,100,100,0,0,0,0,0,100,100,0.0215779008,44.9583085357,25.0000000000,15.0798484567,1.0000000000,0.8064000000,250.0000000000,0,0,0,9,0
234,100,0,4,100,100,0,0,0,0,0,100,100,0.0215779008,44.9367306349,25.0000000000,15.0798484567,1.0000000000,0.8064000000,250.0000000000,0,0,0,9,0
235,100,0,4,100,100,0,0,0,0,0,100,100,0.0215779008,44.9151527341,25.0000000000,15.0798484567,1.0000000000,0.8064000000,250.0000000000,0,0,0,9,0
236,100,0,3,100,100,0,0,1,103,491,100,100,0.0273516032,44.8878011309,33.3333333333,13.6283196248,1.0000000000,0.8888000000,226.8226822682,0,0,0,28,0
237,100,0,3,100,100,0,0,0,0,0,100,100,0.0198389405,44.8679621904,33.3333333333,13.6283196248,1.0000000000,0.8064000000,250.0000000000,0,0,0,28,0
238,100,0,3,100,100,0,0,0,0,0,100,100,0.0198389405,44.8481232499,33.3333333333,13.6283196248,1.0000000000,0.8064000000,250.0000000000,0,0,0,28,0
239,100,0,3,100,100,0,0,0,0,0,100,100,0.0198389405,44.8282843094,33.3333333333,13.6283196248,1.0000000000,0.8064000000,250.0000000000,0,0,0,28,0
240,100,0,3,100,100,0,0,0,0,0,100,100,0.0198389405,44.8084453689,33.3333333333,13.6283196248,1.0000000000,0.8064000000,250.0000000000,0,0,0,28,0
241,100,0,4,100,100,0,0,1,104,588,100,100,0.0278884374,44.7805569315,25.0000000000,13.8702726241,1.0000000000,0.8896000000,226.6187050360,0,0,0,24,0
242,100,0,4,100,100,0,0,0,0,0,100,100,0.0194019864,44.7611549451,25.0000000000,13.8702726241,1.0000000000,0.8064000000,250.0000000000,0,0,0,24,0
243,100,0,4,100,100,0,0,0,0,0,100,100,0.0194019864,44.7417529587,25.0000000000,13.8702726241,1.0000000000,0.8064000000,250.0000000000,0,0,0,24,0
244,100,0,4,100,100,0,0,0,0,0,100,100,0.0194019864,44.7223509724,25.0000000000,13.8702726241,1.0000000000,0.8064000000,250.0000000000,0,0,0,24,0
245,100,0,4,100,100,0,0,0,0,0,100,100,0.0194019864,44.7029489860,25.0000000000,13.8702726241,1.0000000000,0.8064000000,250.0000000000,0,0,0,24,0
246,100,0,7,100,100,0,0,1,107,879,100,100,0.0320600158,44.6708889703,14.2857142857,14.8379453584,1.0000000000,0.8920000000,226.0089686099,0,0,0,9,0
247,100,0,7,100,100,0,0,0,0,0,100,100,0.0203906705,44.6504982997,14.2857142857,14.8379453584,1.0000000000,0.8064000000,250.0000000000,0,0,0,9,0
248,100,0,7,100,100,0,0,0,0,0,100,100,0.0203906705,44.6301076292,14.2857142857,14.8379453584,1.0000000000,0.8064000000,250.0000000000,0,0,0,9,0
249,100,0,7,100,100,0,0,0,0,0,100,100,0.0203906705,44.6097169587,14.2857142857,14.8379453584,1.0000000000,0.8064000000,250.0000000000,0,0,0,9,0
250,100,0,7,100,100,0,0,0,0,0,100,100,0.0203906705,44.5893262881,14.2857142857,14.8379453584,1.0000000000,0.8064000000,250.0000000000,0,0,0,9,0
251,100,0,3,100,100,0,0,1,103,491,100,100,0.0267619443,44.5625643438,33.3333333333,13.3864115556,1.0000000000,0.8888000000,226.8226822682,0,0,0,31,0
252,100,0,3,100,100,0,0,0,0,0,100,100,0.0192579252,44.5433064186,33.3333333333,13.3864115556,1.0000000000,0.8064000000,250.0000000000,0,0,0,31,0
253,100,0,3,100,100,0,0,0,0,0,100,100,0.0192579252,44.5240484933,33.3333333333,13.3864115556,1.0000000000,0.8064000000,250.0000000000,0,0,0,31,0
254,100,0,3,100,100,0,0,0,0,0,100,100,0.0192579252,44.5047905681,33.3333333333,13.3864115556,1.0000000000,0.8064000000,250.0000000000,0,0,0,31,0
255,100,0,3,100,100,0,0,0,0,0,100,100,0.0192579252,44.4855326429,33.3333333333,13.3864115556,1.0000000000,0.8064000000,250.0000000000,0,0,0,31,0
256,100,0,5,100,100,0,0,1,105,685,100,100,0.0302256132,44.4553070297,20.0000000000,14.8379340403,1.0000000000,0.8904000000,226.4150943396,0,0,0,11,0
257,100,0,5,100,100,0,0,0,0,0,100,100,0.0206810178,44.4346260119,20.0000000000,14.8379340403,1.0000000000,0.8064000000,250.0000000000,0,0,0,11,0
258,100,0,5,100,100,0,0,0,0,0,100,100,0.0206810178,44.4139449941,20.0000000000,14.8379340403,1.0000000000,0.8064000000,250.0000000000,0,0,0,11,0
259,100,0,5,100,100,0,0,0,0,0,100,100,0.0206810178,44.3932639763,20.0000000000,14.8379340403,1.0000000000,0.8064000000,250.0000000000,0,0,0,11,0
260,100,0,5,100,100,0,0,0,0,0,100,100,0.0206810178,44.3725829585,20.0000000000,14.8379340403,1.0000000000,0.8064000000,250.0000000000,0,0,0,11,0
261,100,0,5,100,100,0,0,1,105,685,100,100,0.0290281337,44.3435548249,20.0000000000,13.4670425417,1.0000000000,0.8904000000,226.4150943396,0,0,0,28,0
262,100,0,5,100,100,0,0,0,0,0,100,100,0.0193930523,44.3241617725,20.0000000000,13.4670425417,1.0000000000,0.8064000000,250.0000000000,0,0,0,28,0
263,100,0,5,100,100,0,0,0,0,0,100,100,0.0193930523,44.3047687202,20.0000000000,13.4670425417,1.0000000000,0.8064000000,250.0000000000,0,0,0,28,0
264,100,0,5,100,100,0,0,0,0,0,100,100,0.0193930523,44.2853756678,20.0000000000,13.4670425417,1.0000000000,0.8064000000,250.0000000000,0,0,0,28,0
265,100,0,5,100,100,0,0,0,0,0,100,100,0.0193930523,44.2659826155,20.0000000000,13.4670425417,1.0000000000,0.8064000000,250.0000000000,0,0,0,28,0
266,100,0,5,100,100,0,0,1,105,685,100,100,0.0306471354,44.2353354801,20.0000000000,15.0798456401,1.0000000000,0.8904000000,226.4150943396,0,0,0,8,0
267,100,0,5,100,100,0,0,0,0,0,100,100,0.0210874662,44.2142480139,20.0000000000,15.0798456401,1.0000000000,0.8064000000,250.0000000000,0,0,0,8,0
268,100,0,5,100,100,0,0,0,0,0,100,100,0.0210874662,44.1931605477,20.0000000000,15.0798456401,1.0000000000,0.8064000000,250.0000000000,0,0,0,8,0
269,100,0,5,100,100,0,0,0,0,0,100,100,0.0210874662,44.1720730815,20.0000000000,15.0798456401,1.0000000000,0.8064000000,250.0000000000,0,0,0,8,0
270,100,0,5,100,100,0,0,0,0,0,100,100,0.0210874662,44.1509856152,20.0000000000,15.0798456401,1.0000000000,0.8064000000,250.0000000000,0,0,0,8,0
271,100,0,5,100,100,0,0,1,105,685,100,100,0.0283230474,44.1226625679,20.0000000000,12.9025781183,1.0000000000,0.8904000000,226.4150943396,0,0,0,35,0
272,100,0,5,100,100,0,0,0,0,0,100,100,0.0186220006,44.1040405673,20.0000000000,12.9025781183,1.0000000000,0.8064000000,250.0000000000,0,0,0,35,0
273,100,0,5,100,100,0,0,0,0,0,100,100,0.0186220006,44.0854185667,20.0000000000,12.9025781183,1.0000000000,0.8064000000,250.0000000000,0,0,0,35,0
274,100,0,5,100,100,0,0,0,0,0,100,100,0.0186220006,44.0667965661,20.0000000000,12.9025781183,1.0000000000,0.8064000000,250.0000000000,0,0,0,35,0
275,100,0,5,100,100,0,0,0,0,0,100,100,0.0186220006,44.0481745655,20.0000000000,12.9025781183,1.0000000000,0.8064000000,250.0000000000,0,0,0,35,0
276,100,0,5,100,100,0,0,1,105,685,100,100,0.0301181935,44.0180563720,20.0000000000,14.5153840438,1.0000000000,0.8904000000,226.4150943396,0,0,0,15,0
277,100,0,5,100,100,0,0,0,0,0,100,100,0.0205233525,43.9975330195,20.0000000000,14.5153840438,1.0000000000,0.8064000000,250.0000000000,0,0,0,15,0
278,100,0,5,100,100,0,0,0,0,0,100,100,0.0205233525,43.9770096670,20.0000000000,14.5153840438,1.0000000000,0.8064000000,250.0000000000,0,0,0,15,0
279,100,0,5,100,100,0,0,0,0,0,100,100,0.0205233525,43.9564863145,20.0000000000,14.5153840438,1.0000000000,0.8064000000,250.0000000000,0,0,0,15,0
280,100,0,5,100,100,0,0,0,0,0,100,100,0.0205233525,43.9359629620,20.0000000000,14.5153840438,1.0000000000,0.8064000000,250.0000000000,0,0,0,15,0
281,100,0,5,100,100,0,0,1,105,685,100,100,0.0297084335,43.9062545286,20.0000000000,14.4347355644,1.0000000000,0.8904000000,226.4150943396,0,0,0,16,0
282,100,0,5,100,100,0,0,0,0,0,100,100,0.0201465472,43.8861079814,20.0000000000,14.4347355644,1.0000000000,0.8064000000,250.0000000000,0,0,0,16,0
283,100,0,5,100,100,0,0,0,0,0,100,100,0.0201465472,43.8659614342,20.0000000000,14.4347355644,1.0000000000,0.8064000000,250.0000000000,0,0,0,16,0
284,100,0,5,100,100,0,0,0,0,0,100,100,0.0201465472,43.8458148871,20.0000000000,14.4347355644,1.0000000000,0.8064000000,250.0000000000,0,0,0,16,0
285,100,0,5,100,100,0,0,0,0,0,100,100,0.0201465472,43.8256683399,20.0000000000,14.4347355644,1.0000000000,0.8064000000,250.0000000000,0,0,0,16,0
286,100,0,4,100,100,0,0,1,104,588,100,100,0.0280243561,43.7976439838,25.0000000000,13.6283368761,1.0000000000,0.8896000000,226.6187050360,0,0,0,27,0
287,100,0,4,100,100,0,0,0,0,0,100,100,0.0194736593,43.7781703245,25.0000000000,13.6283368761,1.0000000000,0.8064000000,250.0000000000,0,0,0,27,0
288,100,0,4,100,100,0,0,0,0,0,100,100,0.0194736593,43.7586966652,25.0000000000,13.6283368761,1.0000000000,0.8064000000,250.0000000000,0,0,0,27,0
289,100,0,4,100,100,0,0,0,0,0,100,100,0.0194736593,43.7392230059,25.0000000000,13.6283368761,1.0000000000,0.8064000000,250.0000000000,0,0,0,27,0
290,100,0,4,100,100,0,0,0,0,0,100,100,0.0194736593,43.7197493465,25.0000000000,13.6283368761,1.0000000000,0.8064000000,250.0000000000,0,0,0,27,0
291,100,0,5,100,100,0,0,1,105,685,100,100,0.0299375288,43.6898118177,20.0000000000,14.3540880478,1.0000000000,0.8904000000,226.4150943396,0,0,0,17,0
292,100,0,5,100,100,0,0,0,0,0,100,100,0.0203466792,43.6694651385,20.0000000000,14.3540880478,1.0000000000,0.8064000000,250.0000000000,0,0,0,17,0
293,100,0,5,100,100,0,0,0,0,0,100,100,0.0203466792,43.6491184593,20.0000000000,14.3540880478,1.0000000000,0.8064000000,250.0000000000,0,0,0,17,0
294,100,0,5,100,100,0,0,0,0,0,100,100,0.0203466792,43.6287717800,20.0000000000,14.3540880478,1.0000000000,0.8064000000,250.0000000000,0,0,0,17,0
295,100,0,5,100,100,0,0,0,0,0,100,100,0.0203466792,43.6084251008,20.0000000000,14.3540880478,1.0000000000,0.8064000000,250.0000000000,0,0,0,17,0
296,100,0,4,100,100,0,0,1,104,588,100,100,0.0289899965,43.5794351043,25.0000000000,14.3540972287,1.0000000000,0.8896000000,226.6187050360,0,0,0,18,0
297,100,0,4,100,100,0,0,0,0,0,100,100,0.0204613247,43.5589737796,25.0000000000,14.3540972287,1.0000000000,0.8064000000,250.0000000000,0,0,0,18,0
298,100,0,4,100,100,0,0,0,0,0,100,100,0.0204613247,43.5385124548,25.0000000000,14.3540972287,1.0000000000,0.8064000000,250.0000000000,0,0,0,18,0
299,100,0,4,100,100,0,0,0,0,0,100,100,0.0204613247,43.5180511301,25.0000000000,14.3540972287,1.0000000000,0.8064000000,250.0000000000,0,0,0,18,0
300,100,0,4,100,100,0,0,0,0,0,100,100,0.0204613247,43.4975898053,25.0000000000,14.3540972287,1.0000000000,0.8064000000,250.0000000000,0,0,0,18,0
301,100,0,4,100,100,0,0,1,104,588,100,100,0.0269866876,43.4706031177,25.0000000000,12.4187383292,1.0000000000,0.8896000000,226.6187050360,0,0,0,42,0
302,100,0,4,100,100,0,0,0,0,0,100,100,0.0183006985,43.4523024192,25.0000000000,12.4187383292,1.0000000000,0.8064000000,250.0000000000,0,0,0,42,0
303,100,0,4,100,100,0,0,0,0,0,100,100,0.0183006985,43.4340017207,25.0000000000,12.4187383292,1.0000000000,0.8064000000,250.0000000000,0,0,0,42,0
304,100,0,4,100,100,0,0,0,0,0,100,100,0.0183006985,43.4157010221,25.0000000000,12.4187383292,1.0000000000,0.8064000000,250.0000000000,0,0,0,42,0
305,100,0,4,100,100,0,0,0,0,0,100,100,0.0183006985,43.3974003236,25.0000000000,12.4187383292,1.0000000000,0.8064000000,250.0000000000,0,0,0,42,0
306,100,0,4,100,100,0,0,1,104,588,100,100,0.0271553167,43.3702450069,25.0000000000,12.9025897003,1.0000000000,0.8896000000,226.6187050360,0,0,0,36,0
307,100,0,4,100,100,0,0,0,0,0,100,100,0.0185804646,43.3516645423,25.0000000000,12.9025897003,1.0000000000,0.8064000000,250.0000000000,0,0,0,36,0
308,100,0,4,100,100,0,0,0,0,0,100,100,0.0185804646,43.3330840777,25.0000000000,12.9025897003,1.0000000000,0.8064000000,250.0000000000,0,0,0,36,0
309,100,0,4,100,100,0,0,0,0,0,100,100,0.0185804646,43.3145036131,25.0000000000,12.9025897003,1.0000000000,0.8064000000,250.0000000000,0,0,0,36,0
310,100,0,4,100,100,0,0,0,0,0,100,100,0.0185804646,43.2959231485,25.0000000000,12.9025897003,1.0000000000,0.8064000000,250.0000000000,0,0,0,36,0
311,100,0,4,100,100,0,0,1,104,588,100,100,0.0297689586,43.2661541900,25.0000000000,15.1604876140,1.0000000000,0.8896000000,226.6187050360,0,0,0,8,0
312,100,0,4,100,100,0,0,0,0,0,100,100,0.0212863374,43.2448678526,25.0000000000,15.1604876140,1.0000000000,0.8064000000,250.0000000000,0,0,0,8,0
313,100,0,4,100,100,0,0,0,0,0,100,100,0.0212863374,43.2235815153,25.0000000000,15.1604876140,1.0000000000,0.8064000000,250.0000000000,0,0,0,8,0
314,100,0,4,100,100,0,0,0,0,0,100,100,0.0212863374,43.2022951779,25.0000000000,15.1604876140,1.0000000000,0.8064000000,250.0000000000,0,0,0,8,0
315,100,0,4,100,100,0,0,0,0,0,100,100,0.0212863374,43.1810088405,25.0000000000,15.1604876140,1.0000000000,0.8064000000,250.0000000000,0,0,0,8,0
316,100,0,5,100,100,0,0,1,105,685,100,100,0.0299305013,43.1510783392,20.0000000000,14.4347339463,1.0000000000,0.8904000000,226.4150943396,0,0,0,16,0
317,100,0,5,100,100,0,0,0,0,0,100,100,0.0203458332,43.1307325060,20.0000000000,14.4347339463,1.0000000000,0.8064000000,250.0000000000,0,0,0,16,0
318,100,0,5,100,100,0,0,0,0,0,100,100,0.0203458332,43.1103866729,20.0000000000,14.4347339463,1.0000000000,0.8064000000,250.0000000000,0,0,0,16,0
319,100,0,5,100,100,0,0,0,0,0,100,100,0.0203458332,43.0900408397,20.0000000000,14.4347339463,1.0000000000,0.8064000000,250.0000000000,0,0,0,16,0
320,100,0,5,100,100,0,0,0,0,0,100,100,0.0203458332,43.0696950065,20.0000000000,14.4347339463,1.0000000000,0.8064000000,250.0000000000,0,0,0,16,0
321,100,0,4,100,100,0,0,1,104,588,100,100,0.0262115255,43.0434834810,25.0000000000,11.6123295441,1.0000000000,0.8896000000,226.6187050360,0,0,0,52,0
322,100,0,4,100,100,0,0,0,0,0,100,100,0.0173939893,43.0260894917,25.0000000000,11.6123295441,1.0000000000,0.8064000000,250.0000000000,0,0,0,52,0
323,100,0,4,100,100,0,0,0,0,0,100,100,0.0173939893,43.0086955025,25.0000000000,11.6123295441,1.0000000000,0.8064000000,250.0000000000,0,0,0,52,0
324,100,0,4,100,100,0,0,0,0,0,100,100,0.0173939893,42.9913015132,25.0000000000,11.6123295441,1.0000000000,0.8064000000,250.0000000000,0,0,0,52,0
325,100,0,4,100,100,0,0,0,0,0,100,100,0.0173939893,42.9739075240,25.0000000000,11.6123295441,1.0000000000,0.8064000000,250.0000000000,0,0,0,52,0
326,100,0,6,100,100,0,0,1,106,782,100,100,0.0295936401,42.9443138838,16.6666666667,13.3057706095,1.0000000000,0.8912000000,226.2118491921,0,0,0,29,0
327,100,0,6,100,100,0,0,0,0,0,100,100,0.0188822023,42.9254316816,16.6666666667,13.3057706095,1.0000000000,0.8064000000,250.0000000000,0,0,0,29,0
328,100,0,6,100,100,0,0,0,0,0,100,100,0.0188822023,42.9065494793,16.6666666667,13.3057706095,1.0000000000,0.8064000000,250.0000000000,0,0,0,29,0
329,100,0,6,100,100,0,0,0,0,0,100,100,0.0188822023,42.8876672771,16.6666666667,13.3057706095,1.0000000000,0.8064000000,250.0000000000,0,0,0,29,0
330,100,0,6,100,100,0,0,0,0,0,100,100,0.0188822023,42.8687850748,16.6666666667,13.3057706095,1.0000000000,0.8064000000,250.0000000000,0,0,0,29,0
331,100,0,3,100,100,0,0,1,103,491,100,100,0.0257064244,42.8430786505,33.3333333333,12.2574481590,1.0000000000,0.8888000000,226.8226822682,0,0,0,45,0
332,100,0,3,100,100,0,0,0,0,0,100,100,0.0181520843,42.8249265661,33.3333333333,12.2574481590,1.0000000000,0.8064000000,250.0000000000,0,0,0,45,0
333,100,0,3,100,100,0,0,0,0,0,100,100,0.0181520843,42.8067744818,33.3333333333,12.2574481590,1.0000000000,0.8064000000,250.0000000000,0,0,0,45,0
334,100,0,3,100,100,0,0,0,0,0,100,100,0.0181520843,42.7886223974,33.3333333333,12.2574481590,1.0000000000,0.8064000000,250.0000000000,0,0,0,45,0
335,100,0,3,100,100,0,0,0,0,0,100,100,0.0181520843,42.7704703131,33.3333333333,12.2574481590,1.0000000000,0.8064000000,250.0000000000,0,0,0,45,0
336,100,0,4,100,100,0,0,1,104,588,100,100,0.0278053283,42.7426649848,25.0000000000,13.5477064356,1.0000000000,0.8896000000,226.6187050360,0,0,0,28,0
337,100,0,4,100,100,0,0,0,0,0,100,100,0.0192631846,42.7234018002,25.0000000000,13.5477064356,1.0000000000,0.8064000000,250.0000000000,0,0,0,28,0
338,100,0,4,100,100,0,0,0,0,0,100,100,0.0192631846,42.7041386156,25.0000000000,13.5477064356,1.0000000000,0.8064000000,250.0000000000,0,0,0,28,0
339,100,0,4,100,100,0,0,0,0,0,100,100,0.0192631846,42.6848754311,25.0000000000,13.5477064356,1.0000000000,0.8064000000,250.0000000000,0,0,0,28,0
340,100,0,4,100,100,0,0,0,0,0,100,100,0.0192631846,42.6656122465,25.0000000000,13.5477064356,1.0000000000,0.8064000000,250.0000000000,0,0,0,28,0
341,100,0,1,100,100,0,0,1,101,297,100,100,0.0214071490,42.6442050975,100.0000000000,9.1931107228,1.0000000000,0.8872000000,227.2317403066,0,0,0,85,0
342,100,0,1,100,100,0,0,0,0,0,100,100,0.0148506936,42.6293544039,100.0000000000,9.1931107228,1.0000000000,0.8064000000,250.0000000000,0,0,0,85,0
343,100,0,1,100,100,0,0,0,0,0,100,100,0.0148506936,42.6145037104,100.0000000000,9.1931107228,1.0000000000,0.8064000000,250.0000000000,0,0,0,85,0
344,100,0,1,100,100,0,0,0,0,0,100,100,0.0148506936,42.5996530168,100.0000000000,9.1931107228,1.0000000000,0.8064000000,250.0000000000,0,0,0,85,0
345,100,0,1,100,100,0,0,0,0,0,100,100,0.0148506936,42.5848023232,100.0000000000,9.1931107228,1.0000000000,0.8064000000,250.0000000000,0,0,0,85,0
346,100,0,5,100,100,0,0,1,105,685,100,100,0.0309781778,42.5538241454,20.0000000000,15.2411252466,1.0000000000,0.8904000000,226.4150943396,0,0,0,6,0
347,100,0,5,100,100,0,0,0,0,0,100,100,0.0214187473,42.5324053981,20.0000000000,15.2411252466,1.0000000000,0.8064000000,250.0000000000,0,0,0,6,0
348,100,0,5,100,100,0,0,0,0,0,100,100,0.0214187473,42.5109866507,20.0000000000,15.2411252466,1.0000000000,0.8064000000,250.0000000000,0,0,0,6,0
349,100,0,5,100,100,0,0,0,0,0,100,100,0.0214187473,42.4895679034,20.0000000000,15.2411252466,1.0000000000,0.8064000000,250.0000000000,0,0,0,6,0
350,100,0,5,100,100,0,0,0,0,0,100,100,0.0214187473,42.4681491560,20.0000000000,15.2411252466,1.0000000000,0.8064000000,250.0000000000,0,0,0,6,0
351,100,0,3,100,100,0,0,1,103,491,100,100,0.0251139132,42.4430352429,33.3333333333,11.8542610406,1.0000000000,0.8888000000,226.8226822682,0,0,0,50,0
352,100,0,3,100,100,0,0,0,0,0,100,100,0.0174748780,42.4255603649,33.3333333333,11.8542610406,1.0000000000,0.8064000000,250.0000000000,0,0,0,50,0
353,100,0,3,100,100,0,0,0,0,0,100,100,0.0174748780,42.4080854869,33.3333333333,11.8542610406,1.0000000000,0.8064000000,250.0000000000,0,0,0,50,0
354,100,0,3,100,100,0,0,0,0,0,100,100,0.0174748780,42.3906106089,33.3333333333,11.8542610406,1.0000000000,0.8064000000,250.0000000000,0,0,0,50,0
355,100,0,3,100,100,0,0,0,0,0,100,100,0.0174748780,42.3731357309,33.3333333333,11.8542610406,1.0000000000,0.8064000000,250.0000000000,0,0,0,50,0
356,100,0,3,100,100,0,0,1,103,491,100,100,0.0270742019,42.3460615290,33.3333333333,13.5477074015,1.0000000000,0.8888000000,226.8226822682,0,0,0,29,0
357,100,0,3,100,100,0,0,0,0,0,100,100,0.0195666957,42.3264948333,33.3333333333,13.5477074015,1.0000000000,0.8064000000,250.0000000000,0,0,0,29,0
358,100,0,3,100,100,0,0,0,0,0,100,100,0.0195666957,42.3069281376,33.3333333333,13.5477074015,1.0000000000,0.8064000000,250.0000000000,0,0,0,29,0
359,100,0,3,100,100,0,0,0,0,0,100,100,0.0195666957,42.2873614418,33.3333333333,13.5477074015,1.0000000000,0.8064000000,250.0000000000,0,0,0,29,0
360,100,0,3,100,100,0,0,0,0,0,100,100,0.0195666957,42.2677947461,33.3333333333,13.5477074015,1.0000000000,0.8064000000,250.0000000000,0,0,0,29,0
361,100,0,6,100,100,0,0,1,106,782,100,100,0.0312095641,42.2365851820,16.6666666667,14.8379360186,1.0000000000,0.8912000000,226.2118491921,0,0,0,10,0
362,100,0,6,100,100,0,0,0,0,0,100,100,0.0205943855,42.2159907965,16.6666666667,14.8379360186,1.0000000000,0.8064000000,250.0000000000,0,0,0,10,0
363,100,0,6,100,100,0,0,0,0,0,100,100,0.0205943855,42.1953964110,16.6666666667,14.8379360186,1.0000000000,0.8064000000,250.0000000000,0,0,0,10,0
364,100,0,6,100,100,0,0,0,0,0,100,100,0.0205943855,42.1748020254,16.6666666667,14.8379360186,1.0000000000,0.8064000000,250.0000000000,0,0,0,10,0
365,100,0,6,100,100,0,0,0,0,0,100,100,0.0205943855,42.1542076399,16.6666666667,14.8379360186,1.0000000000,0.8064000000,250.0000000000,0,0,0,10,0
366,100,0,5,100,100,0,0,1,105,685,100,100,0.0298926767,42.1243149632,20.0000000000,13.9508875824,1.0000000000,0.8904000000,226.4150943396,0,0,0,22,0
367,100,0,5,100,100,0,0,0,0,0,100,100,0.0202362465,42.1040787166,20.0000000000,13.9508875824,1.0000000000,0.8064000000,250.0000000000,0,0,0,22,0
368,100,0,5,100,100,0,0,0,0,0,100,100,0.0202362465,42.0838424701,20.0000000000,13.9508875824,1.0000000000,0.8064000000,250.0000000000,0,0,0,22,0
369,100,0,5,100,100,0,0,0,0,0,100,100,0.0202362465,42.0636062236,20.0000000000,13.9508875824,1.0000000000,0.8064000000,250.0000000000,0,0,0,22,0
370,100,0,5,100,100,0,0,0,0,0,100,100,0.0202362465,42.0433699770,20.0000000000,13.9508875824,1.0000000000,0.8064000000,250.0000000000,0,0,0,22,0
371,100,0,5,100,100,0,0,1,105,685,100,100,0.0299852702,42.0133847068,20.0000000000,14.5153674775,1.0000000000,0.8904000000,226.4150943396,0,0,0,15,0
372,100,0,5,100,100,0,0,0,0,0,100,100,0.0204190217,41.9929656852,20.0000000000,14.5153674775,1.0000000000,0.8064000000,250.0000000000,0,0,0,15,0
373,100,0,5,100,100,0,0,0,0,0,100,100,0.0204190217,41.9725466635,20.0000000000,14.5153674775,1.0000000000,0.8064000000,250.0000000000,0,0,0,15,0
374,100,0,5,100,100,0,0,0,0,0,100,100,0.0204190217,41.9521276418,20.0000000000,14.5153674775,1.0000000000,0.8064000000,250.0000000000,0,0,0,15,0
375,100,0,5,100,100,0,0,0,0,0,100,100,0.0204190217,41.9317086202,20.0000000000,14.5153674775,1.0000000000,0.8064000000,250.0000000000,0,0,0,15,0
376,100,0,5,100,100,0,0,1,105,685,100,100,0.0286880974,41.9030205228,20.0000000000,13.4670740464,1.0000000000,0.8904000000,226.4150943396,0,0,0,28,0
377,100,0,5,100,100,0,0,0,0,0,100,100,0.0190803732,41.8839401495,20.0000000000,13.4670740464,1.0000000000,0.8064000000,250.0000000000,0,0,0,28,0
378,100,0,5,100,100,0,0,0,0,0,100,100,0.0190803732,41.8648597763,20.0000000000,13.4670740464,1.0000000000,0.8064000000,250.0000000000,0,0,0,28,0
379,100,0,5,100,100,0,0,0,0,0,100,100,0.0190803732,41.8457794031,20.0000000000,13.4670740464,1.0000000000,0.8064000000,250.0000000000,0,0,0,28,0
380,100,0,5,100,100,0,0,0,0,0,100,100,0.0190803732,41.8266990298,20.0000000000,13.4670740464,1.0000000000,0.8064000000,250.0000000000,0,0,0,28,0
381,100,0,4,100,100,0,0,1,104,588,100,100,0.0290308663,41.7976681635,25.0000000000,14.5960083083,1.0000000000,0.8896000000,226.6187050360,0,0,0,15,0
382,100,0,4,100,100,0,0,0,0,0,100,100,0.0205294607,41.7771387029,25.0000000000,14.5960083083,1.0000000000,0.8064000000,250.0000000000,0,0,0,15,0
383,100,0,4,100,100,0,0,0,0,0,100,100,0.0205294607,41.7566092422,25.0000000000,14.5960083083,1.0000000000,0.8064000000,250.0000000000,0,0,0,15,0
384,100,0,4,100,100,0,0,0,0,0,100,100,0.0205294607,41.7360797815,25.0000000000,14.5960083083,1.0000000000,0.8064000000,250.0000000000,0,0,0,15,0
385,100,0,4,100,100,0,0,0,0,0,100,100,0.0205294607,41.7155503208,25.0000000000,14.5960083083,1.0000000000,0.8064000000,250.0000000000,0,0,0,15,0
386,100,0,7,100,100,0,0,1,107,879,100,100,0.0318709687,41.6836793521,14.2857142857,14.2734658986,1.0000000000,0.8920000000,226.0089686099,0,0,0,16,0
387,100,0,7,100,100,0,0,0,0,0,100,100,0.0201305436,41.6635488085,14.2857142857,14.2734658986,1.0000000000,0.8064000000,250.0000000000,0,0,0,16,0
388,100,0,7,100,100,0,0,0,0,0,100,100,0.0201305436,41.6434182650,14.2857142857,14.2734658986,1.0000000000,0.8064000000,250.0000000000,0,0,0,16,0
389,100,0,7,100,100,0,0,0,0,0,100,100,0.0201305436,41.6232877214,14.2857142857,14.2734658986,1.0000000000,0.8064000000,250.0000000000,0,0,0,16,0
390,100,0,7,100,100,0,0,0,0,0,100,100,0.0201305436,41.6031571779,14.2857142857,14.2734658986,1.0000000000,0.8064000000,250.0000000000,0,0,0,16,0
391,100,0,9,100,100,0,0,1,109,1073,100,100,0.0352036009,41.5679535770,11.1111111111,15.4024034101,1.0000000000,0.8936000000,225.6042972247,0,0,0,0,0
392,100,0,9,100,100,0,0,0,0,0,100,100,0.0213430819,41.5466104951,11.1111111111,15.4024034101,1.0000000000,0.8064000000,250.0000000000,0,0,0,0,0
393,100,0,9,100,100,0,0,0,0,0,100,100,0.0213430819,41.5252674131,11.1111111111,15.4024034101,1.0000000000,0.8064000000,250.0000000000,0,0,0,0,0
394,100,0,9,100,100,0,0,0,0,0,100,100,0.0213430819,41.5039243312,11.1111111111,15.4024034101,1.0000000000,0.8064000000,250.0000000000,0,0,0,0,0
395,100,0,9,100,100,0,0,0,0,0,100,100,0.0213430819,41.4825812493,11.1111111111,15.4024034101,1.0000000000,0.8064000000,250.0000000000,0,0,0,0,0
396,100,0,3,100,100,0,0,1,103,491,100,100,0.0259691732,41.4566120760,33.3333333333,12.6606463851,1.0000000000,0.8888000000,226.8226822682,0,0,0,40,0
397,100,0,3,100,100,0,0,0,0,0,100,100,0.0183707927,41.4382412833,33.3333333333,12.6606463851,1.0000000000,0.8064000000,250.0000000000,0,0,0,40,0
398,100,0,3,100,100,0,0,0,0,0,100,100,0.0183707927,41.4198704905,33.3333333333,12.6606463851,1.0000000000,0.8064000000,250.0000000000,0,0,0,40,0
399,100,0,3,100,100,0,0,0,0,0,100,100,0.0183707927,41.4014996978,33.3333333333,12.6606463851,1.0000000000,0.8064000000,250.0000000000,0,0,0,40,0
400,100,0,3,100,100,0,0,0,0,0,100,100,0.0183707927,41.3831289050,33.3333333333,12.6606463851,1.0000000000,0.8064000000,250.0000000000,0,0,0,40,0
401,100,0,1,100,100,0,0,1,101,297,100,100,0.0217622208,41.3613666842,100.0000000000,9.9188783541,1.0000000000,0.8872000000,227.2317403066,0,0,0,76,0
402,100,0,1,100,100,0,0,0,0,0,100,100,0.0155123263,41.3458543579,100.0000000000,9.9188783541,1.0000000000,0.8064000000,250.0000000000,0,0,0,76,0
403,100,0,1,100,100,0,0,0,0,0,100,100,0.0155123263,41.3303420316,100.0000000000,9.9188783541,1.0000000000,0.8064000000,250.0000000000,0,0,0,76,0
404,100,0,1,100,100,0,0,0,0,0,100,100,0.0155123263,41.3148297052,100.0000000000,9.9188783541,1.0000000000,0.8064000000,250.0000000000,0,0,0,76,0
405,100,0,1,100,100,0,0,0,0,0,100,100,0.0155123263,41.2993173789,100.0000000000,9.9188783541,1.0000000000,0.8064000000,250.0000000000,0,0,0,76,0
406,100,0,2,100,100,0,0,1,102,394,100,100,0.0245048793,41.2748124996,50.0000000000,12.0961663940,1.0000000000,0.8880000000,227.0270270270,0,0,0,48,0
407,100,0,2,100,100,0,0,0,0,0,100,100,0.0180326682,41.2567798315,50.0000000000,12.0961663940,1.0000000000,0.8064000000,250.0000000000,0,0,0,48,0
408,100,0,2,100,100,0,0,0,0,0,100,100,0.0180326682,41.2387471633,50.0000000000,12.0961663940,1.0000000000,0.8064000000,250.0000000000,0,0,0,48,0
409,100,0,2,100,100,0,0,0,0,0,100,100,0.0180326682,41.2207144951,50.0000000000,12.0961663940,1.0000000000,0.8064000000,250.0000000000,0,0,0,48,0
410,100,0,2,100,100,0,0,0,0,0,100,100,0.0180326682,41.2026818269,50.0000000000,12.0961663940,1.0000000000,0.8064000000,250.0000000000,0,0,0,48,0
411,100,0,4,100,100,0,0,1,104,588,100,100,0.0271179831,41.1755638437,25.0000000000,13.0638757147,1.0000000000,0.8896000000,226.6187050360,0,0,0,34,0
412,100,0,4,100,100,0,0,0,0,0,100,100,0.0185681761,41.1569956676,25.0000000000,13.0638757147,1.0000000000,0.8064000000,250.0000000000,0,0,0,34,0
413,100,0,4,100,100,0,0,0,0,0,100,100,0.0185681761,41.1384274914,25.0000000000,13.0638757147,1.0000000000,0.8064000000,250.0000000000,0,0,0,34,0
414,100,0,4,100,100,0,0,0,0,0,100,100,0.0185681761,41.1198593153,25.0000000000,13.0638757147,1.0000000000,0.8064000000,250.0000000000,0,0,0,34,0
415,100,0,4,100,100,0,0,0,0,0,100,100,0.0185681761,41.1012911391,25.0000000000,13.0638757147,1.0000000000,0.8064000000,250.0000000000,0,0,0,34,0
416,100,0,2,100,100,0,0,1,102,394,100,100,0.0245354763,41.0767556628,50.0000000000,12.0155327617,1.0000000000,0.8880000000,227.0270270270,0,0,0,49,0
417,100,0,2,100,100,0,0,0,0,0,100,100,0.0180219645,41.0587336983,50.0000000000,12.0155327617,1.0000000000,0.8064000000,250.0000000000,0,0,0,49,0
418,100,0,2,100,100,0,0,0,0,0,100,100,0.0180219645,41.0407117338,50.0000000000,12.0155327617,1.0000000000,0.8064000000,250.0000000000,0,0,0,49,0
419,100,0,2,100,100,0,0,0,0,0,100,100,0.0180219645,41.0226897692,50.0000000000,12.0155327617,1.0000000000,0.8064000000,250.0000000000,0,0,0,49,0
420,100,0,2,100,100,0,0,0,0,0,100,100,0.0180219645,41.0046678047,50.0000000000,12.0155327617,1.0000000000,0.8064000000,250.0000000000,0,0,0,49,0
421,100,0,3,100,100,0,0,1,103,491,100,100,0.0281827112,40.9764850935,33.3333333333,14.2734634325,1.0000000000,0.8888000000,226.8226822682,0,0,0,20,0
422,100,0,3,100,100,0,0,0,0,0,100,100,0.0207105808,40.9557745127,33.3333333333,14.2734634325,1.0000000000,0.8064000000,250.0000000000,0,0,0,20,0
423,100,0,3,100,100,0,0,0,0,0,100,100,0.0207105808,40.9350639320,33.3333333333,14.2734634325,1.0000000000,0.8064000000,250.0000000000,0,0,0,20,0
424,100,0,3,100,100,0,0,0,0,0,100,100,0.0207105808,40.9143533512,33.3333333333,14.2734634325,1.0000000000,0.8064000000,250.0000000000,0,0,0,20,0
425,100,0,3,100,100,0,0,0,0,0,100,100,0.0207105808,40.8936427705,33.3333333333,14.2734634325,1.0000000000,0.8064000000,250.0000000000,0,0,0,20,0
426,100,0,6,100,100,0,0,1,106,782,100,100,0.0317758586,40.8618669119,16.6666666667,15.3217633562,1.0000000000,0.8912000000,226.2118491921,0,0,0,4,0
427,100,0,6,100,100,0,0,0,0,0,100,100,0.0211654261,40.8407014858,16.6666666667,15.3217633562,1.0000000000,0.8064000000,250.0000000000,0,0,0,4,0
428,100,0,6,100,100,0,0,0,0,0,100,100,0.0211654261,40.8195360596,16.6666666667,15.3217633562,1.0000000000,0.8064000000,250.0000000000,0,0,0,4,0
429,100,0,6,100,100,0,0,0,0,0,100,100,0.0211654261,40.7983706335,16.6666666667,15.3217633562,1.0000000000,0.8064000000,250.0000000000,0,0,0,4,0
430,100,0,6,100,100,0,0,0,0,0,100,100,0.0211654261,40.7772052074,16.6666666667,15.3217633562,1.0000000000,0.8064000000,250.0000000000,0,0,0,4,0
431,100,0,3,100,100,0,0,1,103,491,100,100,0.0251437187,40.7520614887,33.3333333333,11.7736153432,1.0000000000,0.8888000000,226.8226822682,0,0,0,51,0
432,100,0,3,100,100,0,0,0,0,0,100,100,0.0175276171,40.7345338716,33.3333333333,11.7736153432,1.0000000000,0.8064000000,250.0000000000,0,0,0,51,0
433,100,0,3,100,100,0,0,0,0,0,100,100,0.0175276171,40.7170062545,33.3333333333,11.7736153432,1.0000000000,0.8064000000,250.0000000000,0,0,0,51,0
434,100,0,3,100,100,0,0,0,0,0,100,100,0.0175276171,40.6994786374,33.3333333333,11.7736153432,1.0000000000,0.8064000000,250.0000000000,0,0,0,51,0
435,100,0,3,100,100,0,0,0,0,0,100,100,0.0175276171,40.6819510203,33.3333333333,11.7736153432,1.0000000000,0.8064000000,250.0000000000,0,0,0,51,0
436,100,0,7,100,100,0,0,1,107,879,100,100,0.0326333994,40.6493176209,14.2857142857,14.8379440400,1.0000000000,0.8920000000,226.0089686099,0,0,0,9,0
437,100,0,7,100,100,0,0,0,0,0,100,100,0.0209071191,40.6284105018,14.2857142857,14.8379440400,1.0000000000,0.8064000000,250.0000000000,0,0,0,9,0
438,100,0,7,100,100,0,0,0,0,0,100,100,0.0209071191,40.6075033827,14.2857142857,14.8379440400,1.0000000000,0.8064000000,250.0000000000,0,0,0,9,0
439,100,0,7,100,100,0,0,0,0,0,100,100,0.0209071191,40.5865962636,14.2857142857,14.8379440400,1.0000000000,0.8064000000,250.0000000000,0,0,0,9,0
440,100,0,7,100,100,0,0,0,0,0,100,100,0.0209071191,40.5656891445,14.2857142857,14.8379440400,1.0000000000,0.8064000000,250.0000000000,0,0,0,9,0
441,100,0,5,100,100,0,0,1,105,685,100,100,0.0279463631,40.5377427814,20.0000000000,12.8219509695,1.0000000000,0.8904000000,226.4150943396,0,0,0,36,0
442,100,0,5,100,100,0,0,0,0,0,100,100,0.0182947506,40.5194480308,20.0000000000,12.8219509695,1.0000000000,0.8064000000,250.0000000000,0,0,0,36,0
443,100,0,5,100,100,0,0,0,0,0,100,100,0.0182947506,40.5011532802,20.0000000000,12.8219509695,1.0000000000,0.8064000000,250.0000000000,0,0,0,36,0
444,100,0,5,100,100,0,0,0,0,0,100,100,0.0182947506,40.4828585296,20.0000000000,12.8219509695,1.0000000000,0.8064000000,250.0000000000,0,0,0,36,0
445,100,0,5,100,100,0,0,0,0,0,100,100,0.0182947506,40.4645637790,20.0000000000,12.8219509695,1.0000000000,0.8064000000,250.0000000000,0,0,0,36,0
446,100,0,4,100,100,0,0,1,104,588,100,100,0.0267174399,40.4378463391,25.0000000000,12.4993655706,1.0000000000,0.8896000000,226.6187050360,0,0,0,41,0
447,100,0,4,100,100,0,0,0,0,0,100,100,0.0181243428,40.4197219963,25.0000000000,12.4993655706,1.0000000000,0.8064000000,250.0000000000,0,0,0,41,0
448,100,0,4,100,100,0,0,0,0,0,100,100,0.0181243428,40.4015976535,25.0000000000,12.4993655706,1.0000000000,0.8064000000,250.0000000000,0,0,0,41,0
449,100,0,4,100,100,0,0,0,0,0,100,100,0.0181243428,40.3834733107,25.0000000000,12.4993655706,1.0000000000,0.8064000000,250.0000000000,0,0,0,41,0
450,100,0,4,100,100,0,0,0,0,0,100,100,0.0181243428,40.3653489679,25.0000000000,12.4993655706,1.0000000000,0.8064000000,250.0000000000,0,0,0,41,0
451,100,0,4,100,100,0,0,1,104,588,100,100,0.0289383703,40.3364105975,25.0000000000,14.5153856759,1.0000000000,0.8896000000,226.6187050360,0,0,0,16,0
452,100,0,4,100,100,0,0,0,0,0,100,100,0.0204406351,40.3159699624,25.0000000000,14.5153856759,1.0000000000,0.8064000000,250.0000000000,0,0,0,16,0
453,100,0,4,100,100,0,0,0,0,0,100,100,0.0204406351,40.2955293274,25.0000000000,14.5153856759,1.0000000000,0.8064000000,250.0000000000,0,0,0,16,0
454,100,0,4,100,100,0,0,0,0,0,100,100,0.0204406351,40.2750886923,25.0000000000,14.5153856759,1.0000000000,0.8064000000,250.0000000000,0,0,0,16,0
455,100,0,4,100,100,0,0,0,0,0,100,100,0.0204406351,40.2546480572,25.0000000000,14.5153856759,1.0000000000,0.8064000000,250.0000000000,0,0,0,16,0
456,100,0,6,100,100,0,0,1,106,782,100,100,0.0302003258,40.2244477314,16.6666666667,13.6283395874,1.0000000000,0.8912000000,226.2118491921,0,0,0,25,0
457,100,0,6,100,100,0,0,0,0,0,100,100,0.0195038142,40.2049439172,16.6666666667,13.6283395874,1.0000000000,0.8064000000,250.0000000000,0,0,0,25,0
458,100,0,6,100,100,0,0,0,0,0,100,100,0.0195038142,40.1854401030,16.6666666667,13.6283395874,1.0000000000,0.8064000000,250.0000000000,0,0,0,25,0
459,100,0,6,100,100,0,0,0,0,0,100,100,0.0195038142,40.1659362887,16.6666666667,13.6283395874,1.0000000000,0.8064000000,250.0000000000,0,0,0,25,0
460,100,0,6,100,100,0,0,0,0,0,100,100,0.0195038142,40.1464324745,16.6666666667,13.6283395874,1.0000000000,0.8064000000,250.0000000000,0,0,0,25,0
461,100,0,3,100,100,0,0,1,103,491,100,100,0.0270438539,40.1193886206,33.3333333333,13.6283339480,1.0000000000,0.8888000000,226.8226822682,0,0,0,28,0
462,100,0,3,100,100,0,0,0,0,0,100,100,0.0195389808,40.0998496397,33.3333333333,13.6283339480,1.0000000000,0.8064000000,250.0000000000,0,0,0,28,0
463,100,0,3,100,100,0,0,0,0,0,100,100,0.0195389808,40.0803106589,33.3333333333,13.6283339480,1.0000000000,0.8064000000,250.0000000000,0,0,0,28,0
464,100,0,3,100,100,0,0,0,0,0,100,100,0.0195389808,40.0607716781,33.3333333333,13.6283339480,1.0000000000,0.8064000000,250.0000000000,0,0,0,28,0
465,100,0,3,100,100,0,0,0,0,0,100,100,0.0195389808,40.0412326972,33.3333333333,13.6283339480,1.0000000000,0.8064000000,250.0000000000,0,0,0,28,0
466,100,0,4,100,100,0,0,1,104,588,100,100,0.0267114823,40.0145212149,25.0000000000,11.8542384703,1.0000000000,0.8896000000,226.6187050360,0,0,0,49,0
467,100,0,4,100,100,0,0,0,0,0,100,100,0.0179777439,39.9965434710,25.0000000000,11.8542384703,1.0000000000,0.8064000000,250.0000000000,0,0,0,49,0
468,100,0,4,100,100,0,0,0,0,0,100,100,0.0179777439,39.9785657271,25.0000000000,11.8542384703,1.0000000000,0.8064000000,250.0000000000,0,0,0,49,0
469,100,0,4,100,100,0,0,0,0,0,100,100,0.0179777439,39.9605879832,25.0000000000,11.8542384703,1.0000000000,0.8064000000,250.0000000000,0,0,0,49,0
470,100,0,4,100,100,0,0,0,0,0,100,100,0.0179777439,39.9426102393,25.0000000000,11.8542384703,1.0000000000,0.8064000000,250.0000000000,0,0,0,49,0
471,100,0,9,100,100,0,0,1,109,1073,100,100,0.0330748251,39.9095354142,11.1111111111,13.7896281452,1.0000000000,0.8936000000,225.6042972247,0,0,0,20,0
472,100,0,9,100,100,0,0,0,0,0,100,100,0.0192101680,39.8903252462,11.1111111111,13.7896281452,1.0000000000,0.8064000000,250.0000000000,0,0,0,20,0
473,100,0,9,100,100,0,0,0,0,0,100,100,0.0192101680,39.8711150782,11.1111111111,13.7896281452,1.0000000000,0.8064000000,250.0000000000,0,0,0,20,0
474,100,0,9,100,100,0,0,0,0,0,100,100,0.0192101680,39.8519049103,11.1111111111,13.7896281452,1.0000000000,0.8064000000,250.0000000000,0,0,0,20,0
475,100,0,9,100,100,0,0,0,0,0,100,100,0.0192101680,39.8326947423,11.1111111111,13.7896281452,1.0000000000,0.8064000000,250.0000000000,0,0,0,20,0
476,100,0,5,100,100,0,0,1,105,685,100,100,0.0288899044,39.8038048379,20.0000000000,13.5476843331,1.0000000000,0.8904000000,226.4150943396,0,0,0,27,0
477,100,0,5,100,100,0,0,0,0,0,100,100,0.0192776355,39.7845272024,20.0000000000,13.5476843331,1.0000000000,0.8064000000,250.0000000000,0,0,0,27,0
478,100,0,5,100,100,0,0,0,0,0,100,100,0.0192776355,39.7652495670,20.0000000000,13.5476843331,1.0000000000,0.8064000000,250.0000000000,0,0,0,27,0
479,100,0,5,100,100,0,0,0,0,0,100,100,0.0192776355,39.7459719315,20.0000000000,13.5476843331,1.0000000000,0.8064000000,250.0000000000,0,0,0,27,0
480,100,0,5,100,100,0,0,0,0,0,100,100,0.0192776355,39.7266942960,20.0000000000,13.5476843331,1.0000000000,0.8064000000,250.0000000000,0,0,0,27,0
481,100,0,4,100,100,0,0,1,104,588,100,100,0.0295272714,39.6971670246,25.0000000000,14.6766517724,1.0000000000,0.8896000000,226.6187050360,0,0,0,14,0
482,100,0,4,100,100,0,0,0,0,0,100,100,0.0209907569,39.6761762677,25.0000000000,14.6766517724,1.0000000000,0.8064000000,250.0000000000,0,0,0,14,0
483,100,0,4,100,100,0,0,0,0,0,100,100,0.0209907569,39.6551855108,25.0000000000,14.6766517724,1.0000000000,0.8064000000,250.0000000000,0,0,0,14,0
484,100,0,4,100,100,0,0,0,0,0,100,100,0.0209907569,39.6341947539,25.0000000000,14.6766517724,1.0000000000,0.8064000000,250.0000000000,0,0,0,14,0
485,100,0,4,100,100,0,0,0,0,0,100,100,0.0209907569,39.6132039970,25.0000000000,14.6766517724,1.0000000000,0.8064000000,250.0000000000,0,0,0,14,0
486,100,0,6,100,100,0,0,1,106,782,100,100,0.0315314085,39.5816725884,16.6666666667,14.9992187842,1.0000000000,0.8912000000,226.2118491921,0,0,0,8,0
487,100,0,6,100,100,0,0,0,0,0,100,100,0.0209046071,39.5607679813,16.6666666667,14.9992187842,1.0000000000,0.8064000000,250.0000000000,0,0,0,8,0
488,100,0,6,100,100,0,0,0,0,0,100,100,0.0209046071,39.5398633743,16.6666666667,14.9992187842,1.0000000000,0.8064000000,250.0000000000,0,0,0,8,0
489,100,0,6,100,100,0,0,0,0,0,100,100,0.0209046071,39.5189587672,16.6666666667,14.9992187842,1.0000000000,0.8064000000,250.0000000000,0,0,0,8,0
490,100,0,6,100,100,0,0,0,0,0,100,100,0.0209046071,39.4980541601,16.6666666667,14.9992187842,1.0000000000,0.8064000000,250.0000000000,0,0,0,8,0
491,100,0,4,100,100,0,0,1,104,588,100,100,0.0279117711,39.4701423890,25.0000000000,13.3057865302,1.0000000000,0.8896000000,226.6187050360,0,0,0,31,0
492,100,0,4,100,100,0,0,0,0,0,100,100,0.0193236024,39.4508187866,25.0000000000,13.3057865302,1.0000000000,0.8064000000,250.0000000000,0,0,0,31,0
493,100,0,4,100,100,0,0,0,0,0,100,100,0.0193236024,39.4314951842,25.0000000000,13.3057865302,1.0000000000,0.8064000000,250.0000000000,0,0,0,31,0
494,100,0,4,100,100,0,0,0,0,0,100,100,0.0193236024,39.4121715818,25.0000000000,13.3057865302,1.0000000000,0.8064000000,250.0000000000,0,0,0,31,0
495,100,0,4,100,100,0,0,0,0,0,100,100,0.0193236024,39.3928479794,25.0000000000,13.3057865302,1.0000000000,0.8064000000,250.0000000000,0,0,0,31,0
496,100,0,5,100,100,0,0,1,105,685,100,100,0.0306706054,39.3621773740,20.0000000000,15.2411380660,1.0000000000,0.8904000000,226.4150943396,0,0,0,6,0
497,100,0,5,100,100,0,0,0,0,0,100,100,0.0211349753,39.3410423987,20.0000000000,15.2411380660,1.0000000000,0.8064000000,250.0000000000,0,0,0,6,0
498,100,0,5,100,100,0,0,0,0,0,100,100,0.0211349753,39.3199074234,20.0000000000,15.2411380660,1.0000000000,0.8064000000,250.0000000000,0,0,0,6,0
499,100,0,5,100,100,0,0,0,0,0,100,100,0.0211349753,39.2987724481,20.0000000000,15.2411380660,1.0000000000,0.8064000000,250.0000000000,0,0,0,6,0
500,100,0,5,100,100,0,0,0,0,0,100,100,0.0211349753,39.2776374728,20.0000000000,15.2411380660,1.0000000000,0.8064000000,250.0000000000,0,0,0,6,0
501,100,0,3,100,100,0,0,1,103,491,100,100,0.0293836512,39.2482538216,33.3333333333,15.1604825969,1.0000000000,0.8888000000,226.8226822682,0,0,0,9,0
502,100,0,3,100,100,0,0,0,0,0,100,100,0.0219098693,39.2263439523,33.3333333333,15.1604825969,1.0000000000,0.8064000000,250.0000000000,0,0,0,9,0
503,100,0,3,100,100,0,0,0,0,0,100,100,0.0219098693,39.2044340830,33.3333333333,15.1604825969,1.0000000000,0.8064000000,250.0000000000,0,0,0,9,0
504,100,0,3,100,100,0,0,0,0,0,100,100,0.0219098693,39.1825242138,33.3333333333,15.1604825969,1.0000000000,0.8064000000,250.0000000000,0,0,0,9,0
505,100,0,3,100,100,0,0,0,0,0,100,100,0.0219098693,39.1606143445,33.3333333333,15.1604825969,1.0000000000,0.8064000000,250.0000000000,0,0,0,9,0
506,100,0,3,100,100,0,0,1,103,491,100,100,0.0273077933,39.1333065512,33.3333333333,13.4670568505,1.0000000000,0.8888000000,226.8226822682,0,0,0,30,0
507,100,0,3,100,100,0,0,0,0,0,100,100,0.0197963124,39.1135102388,33.3333333333,13.4670568505,1.0000000000,0.8064000000,250.0000000000,0,0,0,30,0
508,100,0,3,100,100,0,0,0,0,0,100,100,0.0197963124,39.0937139265,33.3333333333,13.4670568505,1.0000000000,0.8064000000,250.0000000000,0,0,0,30,0
509,100,0,3,100,100,0,0,0,0,0,100,100,0.0197963124,39.0739176141,33.3333333333,13.4670568505,1.0000000000,0.8064000000,250.0000000000,0,0,0,30,0
510,100,0,3,100,100,0,0,0,0,0,100,100,0.0197963124,39.0541213017,33.3333333333,13.4670568505,1.0000000000,0.8064000000,250.0000000000,0,0,0,30,0
511,100,0,3,100,100,0,0,1,103,491,100,100,0.0252454792,39.0288758225,33.3333333333,12.0155312966,1.0000000000,0.8888000000,226.8226822682,0,0,0,48,0
512,100,0,3,100,100,0,0,0,0,0,100,100,0.0176927636,39.0111830589,33.3333333333,12.0155312966,1.0000000000,0.8064000000,250.0000000000,0,0,0,48,0
513,100,0,3,100,100,0,0,0,0,0,100,100,0.0176927636,38.9934902953,33.3333333333,12.0155312966,1.0000000000,0.8064000000,250.0000000000,0,0,0,48,0
514,100,0,3,100,100,0,0,0,0,0,100,100,0.0176927636,38.9757975316,33.3333333333,12.0155312966,1.0000000000,0.8064000000,250.0000000000,0,0,0,48,0
515,100,0,3,100,100,0,0,0,0,0,100,100,0.0176927636,38.9581047680,33.3333333333,12.0155312966,1.0000000000,0.8064000000,250.0000000000,0,0,0,48,0
516,100,0,4,100,100,0,0,1,104,588,100,100,0.0274366703,38.9306680977,25.0000000000,13.2251424485,1.0000000000,0.8896000000,226.6187050360,0,0,0,32,0
517,100,0,4,100,100,0,0,0,0,0,100,100,0.0188801732,38.9117879245,25.0000000000,13.2251424485,1.0000000000,0.8064000000,250.0000000000,0,0,0,32,0
518,100,0,4,100,100,0,0,0,0,0,100,100,0.0188801732,38.8929077513,25.0000000000,13.2251424485,1.0000000000,0.8064000000,250.0000000000,0,0,0,32,0
519,100,0,4,100,100,0,0,0,0,0,100,100,0.0188801732,38.8740275781,25.0000000000,13.2251424485,1.0000000000,0.8064000000,250.0000000000,0,0,0,32,0
520,100,0,4,100,100,0,0,0,0,0,100,100,0.0188801732,38.8551474048,25.0000000000,13.2251424485,1.0000000000,0.8064000000,250.0000000000,0,0,0,32,0
521,100,0,4,100,100,0,0,1,104,588,100,100,0.0278451577,38.8273022471,25.0000000000,13.5477041211,1.0000000000,0.8896000000,226.6187050360,0,0,0,28,0
522,100,0,4,100,100,0,0,0,0,0,100,100,0.0193185800,38.8079836671,25.0000000000,13.5477041211,1.0000000000,0.8064000000,250.0000000000,0,0,0,28,0
523,100,0,4,100,100,0,0,0,0,0,100,100,0.0193185800,38.7886650870,25.0000000000,13.5477041211,1.0000000000,0.8064000000,250.0000000000,0,0,0,28,0
524,100,0,4,100,100,0,0,0,0,0,100,100,0.0193185800,38.7693465070,25.0000000000,13.5477041211,1.0000000000,0.8064000000,250.0000000000,0,0,0,28,0
525,100,0,4,100,100,0,0,0,0,0,100,100,0.0193185800,38.7500279270,25.0000000000,13.5477041211,1.0000000000,0.8064000000,250.0000000000,0,0,0,28,0
526,100,0,1,100,100,0,0,1,101,297,100,100,0.0224245997,38.7276033273,100.0000000000,10.8865558860,1.0000000000,0.8872000000,227.2317403066,0,0,0,64,0
527,100,0,1,100,100,0,0,0,0,0,100,100,0.0166769298,38.7109263975,100.0000000000,10.8865558860,1.0000000000,0.8064000000,250.0000000000,0,0,0,64,0
528,100,0,1,100,100,0,0,0,0,0,100,100,0.0166769298,38.6942494677,100.0000000000,10.8865558860,1.0000000000,0.8064000000,250.0000000000,0,0,0,64,0
529,100,0,1,100,100,0,0,0,0,0,100,100,0.0166769298,38.6775725379,100.0000000000,10.8865558860,1.0000000000,0.8064000000,250.0000000000,0,0,0,64,0
530,100,0,1,100,100,0,0,0,0,0,100,100,0.0166769298,38.6608956081,100.0000000000,10.8865558860,1.0000000000,0.8064000000,250.0000000000,0,0,0,64,0
531,100,0,2,100,100,0,0,1,102,394,100,100,0.0233027749,38.6375928332,50.0000000000,10.8059145067,1.0000000000,0.8880000000,227.0270270270,0,0,0,64,0
532,100,0,2,100,100,0,0,0,0,0,100,100,0.0165009425,38.6210918906,50.0000000000,10.8059145067,1.0000000000,0.8064000000,250.0000000000,0,0,0,64,0
533,100,0,2,100,100,0,0,0,0,0,100,100,0.0165009425,38.6045909481,50.0000000000,10.8059145067,1.0000000000,0.8064000000,250.0000000000,0,0,0,64,0
534,100,0,2,100,100,0,0,0,0,0,100,100,0.0165009425,38.5880900056,50.0000000000,10.8059145067,1.0000000000,0.8064000000,250.0000000000,0,0,0,64,0
535,100,0,2,100,100,0,0,0,0,0,100,100,0.0165009425,38.5715890630,50.0000000000,10.8059145067,1.0000000000,0.8064000000,250.0000000000,0,0,0,64,0
536,100,0,6,100,100,0,0,1,106,782,100,100,0.0305740555,38.5410150076,16.6666666667,14.5153761368,1.0000000000,0.8912000000,226.2118491921,0,0,0,14,0
537,100,0,6,100,100,0,0,0,0,0,100,100,0.0199661608,38.5210488468,16.6666666667,14.5153761368,1.0000000000,0.8064000000,250.0000000000,0,0,0,14,0
538,100,0,6,100,100,0,0,0,0,0,100,100,0.0199661608,38.5010826859,16.6666666667,14.5153761368,1.0000000000,0.8064000000,250.0000000000,0,0,0,14,0
539,100,0,6,100,100,0,0,0,0,0,100,100,0.0199661608,38.4811165251,16.6666666667,14.5153761368,1.0000000000,0.8064000000,250.0000000000,0,0,0,14,0
540,100,0,6,100,100,0,0,0,0,0,100,100,0.0199661608,38.4611503643,16.6666666667,14.5153761368,1.0000000000,0.8064000000,250.0000000000,0,0,0,14,0
541,100,0,1,100,100,0,0,1,101,297,100,100,0.0218160302,38.4393343341,100.0000000000,10.1607960071,1.0000000000,0.8872000000,227.2317403066,0,0,0,73,0
542,100,0,1,100,100,0,0,0,0,0,100,100,0.0159330207,38.4234013134,100.0000000000,10.1607960071,1.0000000000,0.8064000000,250.0000000000,0,0,0,73,0
543,100,0,1,100,100,0,0,0,0,0,100,100,0.0159330207,38.4074682927,100.0000000000,10.1607960071,1.0000000000,0.8064000000,250.0000000000,0,0,0,73,0
544,100,0,1,100,100,0,0,0,0,0,100,100,0.0159330207,38.3915352719,100.0000000000,10.1607960071,1.0000000000,0.8064000000,250.0000000000,0,0,0,73,0
545,100,0,1,100,100,0,0,0,0,0,100,100,0.0159330207,38.3756022512,100.0000000000,10.1607960071,1.0000000000,0.8064000000,250.0000000000,0,0,0,73,0
546,100,0,9,100,100,0,0,1,109,1073,100,100,0.0339233899,38.3416788613,11.1111111111,14.5153879580,1.0000000000,0.8936000000,225.6042972247,0,0,0,11,0
547,100,0,9,100,100,0,0,0,0,0,100,100,0.0200825256,38.3215963356,11.1111111111,14.5153879580,1.0000000000,0.8064000000,250.0000000000,0,0,0,11,0
548,100,0,9,100,100,0,0,0,0,0,100,100,0.0200825256,38.3015138100,11.1111111111,14.5153879580,1.0000000000,0.8064000000,250.0000000000,0,0,0,11,0
549,100,0,9,100,100,0,0,0,0,0,100,100,0.0200825256,38.2814312844,11.1111111111,14.5153879580,1.0000000000,0.8064000000,250.0000000000,0,0,0,11,0
550,100,0,9,100,100,0,0,0,0,0,100,100,0.0200825256,38.2613487588,11.1111111111,14.5153879580,1.0000000000,0.8064000000,250.0000000000,0,0,0,11,0
551,100,0,6,100,100,0,0,1,106,782,100,100,0.0305005011,38.2308482577,16.6666666667,13.8702540260,1.0000000000,0.8912000000,226.2118491921,0,0,0,22,0
552,100,0,6,100,100,0,0,0,0,0,100,100,0.0197996366,38.2110486211,16.6666666667,13.8702540260,1.0000000000,0.8064000000,250.0000000000,0,0,0,22,0
553,100,0,6,100,100,0,0,0,0,0,100,100,0.0197996366,38.1912489845,16.6666666667,13.8702540260,1.0000000000,0.8064000000,250.0000000000,0,0,0,22,0
554,100,0,6,100,100,0,0,0,0,0,100,100,0.0197996366,38.1714493480,16.6666666667,13.8702540260,1.0000000000,0.8064000000,250.0000000000,0,0,0,22,0
555,100,0,6,100,100,0,0,0,0,0,100,100,0.0197996366,38.1516497114,16.6666666667,13.8702540260,1.0000000000,0.8064000000,250.0000000000,0,0,0,22,0
556,100,0,6,100,100,0,0,1,106,782,100,100,0.0295149170,38.1221347944,16.6666666667,12.8219216290,1.0000000000,0.8912000000,226.2118491921,0,0,0,35,0
557,100,0,6,100,100,0,0,0,0,0,100,100,0.0187214746,38.1034133197,16.6666666667,12.8219216290,1.0000000000,0.8064000000,250.0000000000,0,0,0,35,0
558,100,0,6,100,100,0,0,0,0,0,100,100,0.0187214746,38.0846918451,16.6666666667,12.8219216290,1.0000000000,0.8064000000,250.0000000000,0,0,0,35,0
559,100,0,6,100,100,0,0,0,0,0,100,100,0.0187214746,38.0659703705,16.6666666667,12.8219216290,1.0000000000,0.8064000000,250.0000000000,0,0,0,35,0
560,100,0,6,100,100,0,0,0,0,0,100,100,0.0187214746,38.0472488959,16.6666666667,12.8219216290,1.0000000000,0.8064000000,250.0000000000,0,0,0,35,0
561,100,0,6,100,100,0,0,1,106,782,100,100,0.0319355720,38.0153133239,16.6666666667,15.2411429138,1.0000000000,0.8912000000,226.2118491921,0,0,0,5,0
562,100,0,6,100,100,0,0,0,0,0,100,100,0.0213051650,37.9940081589,16.6666666667,15.2411429138,1.0000000000,0.8064000000,250.0000000000,0,0,0,5,0
563,100,0,6,100,100,0,0,0,0,0,100,100,0.0213051650,37.9727029938,16.6666666667,15.2411429138,1.0000000000,0.8064000000,250.0000000000,0,0,0,5,0
564,100,0,6,100,100,0,0,0,0,0,100,100,0.0213051650,37.9513978288,16.6666666667,15.2411429138,1.0000000000,0.8064000000,250.0000000000,0,0,0,5,0
565,100,0,6,100,100,0,0,0,0,0,100,100,0.0213051650,37.9300926638,16.6666666667,15.2411429138,1.0000000000,0.8064000000,250.0000000000,0,0,0,5,0
566,100,0,5,100,100,0,0,1,105,685,100,100,0.0304274183,37.8996652455,20.0000000000,14.9992190892,1.0000000000,0.8904000000,226.4150943396,0,0,0,9,0
567,100,0,5,100,100,0,0,0,0,0,100,100,0.0208884701,37.8787767755,20.0000000000,14.9992190892,1.0000000000,0.8064000000,250.0000000000,0,0,0,9,0
568,100,0,5,100,100,0,0,0,0,0,100,100,0.0208884701,37.8578883054,20.0000000000,14.9992190892,1.0000000000,0.8064000000,250.0000000000,0,0,0,9,0
569,100,0,5,100,100,0,0,0,0,0,100,100,0.0208884701,37.8369998354,20.0000000000,14.9992190892,1.0000000000,0.8064000000,250.0000000000,0,0,0,9,0
570,100,0,5,100,100,0,0,0,0,0,100,100,0.0208884701,37.8161113653,20.0000000000,14.9992190892,1.0000000000,0.8064000000,250.0000000000,0,0,0,9,0
571,100,0,5,100,100,0,0,1,105,685,100,100,0.0303700078,37.7857413576,20.0000000000,15.0798540407,1.0000000000,0.8904000000,226.4150943396,0,0,0,8,0
572,100,0,5,100,100,0,0,0,0,0,100,100,0.0208439822,37.7648973754,20.0000000000,15.0798540407,1.0000000000,0.8064000000,250.0000000000,0,0,0,8,0
573,100,0,5,100,100,0,0,0,0,0,100,100,0.0208439822,37.7440533932,20.0000000000,15.0798540407,1.0000000000,0.8064000000,250.0000000000,0,0,0,8,0
574,100,0,5,100,100,0,0,0,0,0,100,100,0.0208439822,37.7232094111,20.0000000000,15.0798540407,1.0000000000,0.8064000000,250.0000000000,0,0,0,8,0
575,100,0,5,100,100,0,0,0,0,0,100,100,0.0208439822,37.7023654289,20.0000000000,15.0798540407,1.0000000000,0.8064000000,250.0000000000,0,0,0,8,0
576,100,0,6,100,100,0,0,1,106,782,100,100,0.0299269909,37.6724384380,16.6666666667,13.8702708174,1.0000000000,0.8912000000,226.2118491921,0,0,0,22,0
577,100,0,6,100,100,0,0,0,0,0,100,100,0.0192969279,37.6531415102,16.6666666667,13.8702708174,1.0000000000,0.8064000000,250.0000000000,0,0,0,22,0
578,100,0,6,100,100,0,0,0,0,0,100,100,0.0192969279,37.6338445823,16.6666666667,13.8702708174,1.0000000000,0.8064000000,250.0000000000,0,0,0,22,0
579,100,0,6,100,100,0,0,0,0,0,100,100,0.0192969279,37.6145476544,16.6666666667,13.8702708174,1.0000000000,0.8064000000,250.0000000000,0,0,0,22,0
580,100,0,6,100,100,0,0,0,0,0,100,100,0.0192969279,37.5952507265,16.6666666667,13.8702708174,1.0000000000,0.8064000000,250.0000000000,0,0,0,22,0
581,100,0,4,100,100,0,0,1,104,588,100,100,0.0279187830,37.5673319435,25.0000000000,13.8702692812,1.0000000000,0.8896000000,226.6187050360,0,0,0,24,0
582,100,0,4,100,100,0,0,0,0,0,100,100,0.0194241955,37.5479077481,25.0000000000,13.8702692812,1.0000000000,0.8064000000,250.0000000000,0,0,0,24,0
583,100,0,4,100,100,0,0,0,0,0,100,100,0.0194241955,37.5284835526,25.0000000000,13.8702692812,1.0000000000,0.8064000000,250.0000000000,0,0,0,24,0
584,100,0,4,100,100,0,0,0,0,0,100,100,0.0194241955,37.5090593571,25.0000000000,13.8702692812,1.0000000000,0.8064000000,250.0000000000,0,0,0,24,0
585,100,0,4,100,100,0,0,0,0,0,100,100,0.0194241955,37.4896351617,25.0000000000,13.8702692812,1.0000000000,0.8064000000,250.0000000000,0,0,0,24,0
586,100,0,8,100,100,0,0,1,108,976,100,100,0.0329598221,37.4566753396,12.5000000000,14.4347354940,1.0000000000,0.8928000000,225.8064516129,0,0,0,13,0
587,100,0,8,100,100,0,0,0,0,0,100,100,0.0201663795,37.4365089601,12.5000000000,14.4347354940,1.0000000000,0.8064000000,250.0000000000,0,0,0,13,0
588,100,0,8,100,100,0,0,0,0,0,100,100,0.0201663795,37.4163425806,12.5000000000,14.4347354940,1.0000000000,0.8064000000,250.0000000000,0,0,0,13,0
589,100,0,8,100,100,0,0,0,0,0,100,100,0.0201663795,37.3961762011,12.5000000000,14.4347354940,1.0000000000,0.8064000000,250.0000000000,0,0,0,13,0
590,100,0,8,100,100,0,0,0,0,0,100,100,0.0201663795,37.3760098217,12.5000000000,14.4347354940,1.0000000000,0.8064000000,250.0000000000,0,0,0,13,0
591,100,0,3,100,100,0,0,1,103,491,100,100,0.0268380395,37.3491717821,33.3333333333,13.0638343718,1.0000000000,0.8888000000,226.8226822682,0,0,0,35,0
592,100,0,3,100,100,0,0,0,0,0,100,100,0.0192776991,37.3298940830,33.3333333333,13.0638343718,1.0000000000,0.8064000000,250.0000000000,0,0,0,35,0
593,100,0,3,100,100,0,0,0,0,0,100,100,0.0192776991,37.3106163839,33.3333333333,13.0638343718,1.0000000000,0.8064000000,250.0000000000,0,0,0,35,0
594,100,0,3,100,100,0,0,0,0,0,100,100,0.0192776991,37.2913386848,33.3333333333,13.0638343718,1.0000000000,0.8064000000,250.0000000000,0,0,0,35,0
595,100,0,3,100,100,0,0,0,0,0,100,100,0.0192776991,37.2720609858,33.3333333333,13.0638343718,1.0000000000,0.8064000000,250.0000000000,0,0,0,35,0
596,100,0,11,100,100,0,0,1,111,1267,100,100,0.0365313806,37.2355296051,9.0909090909,14.7572890506,1.0000000000,0.8952000000,225.2010723861,0,0,0,6,0
597,100,0,11,100,100,0,0,0,0,0,100,100,0.0205228434,37.2150067618,9.0909090909,14.7572890506,1.0000000000,0.8064000000,250.0000000000,0,0,0,6,0
598,100,0,11,100,100,0,0,0,0,0,100,100,0.0205228434,37.1944839184,9.0909090909,14.7572890506,1.0000000000,0.8064000000,250.0000000000,0,0,0,6,0
599,100,0,11,100,100,0,0,0,0,0,100,100,0.0205228434,37.1739610751,9.0909090909,14.7572890506,1.0000000000,0.8064000000,250.0000000000,0,0,0,6,0
600,100,0,11,100,100,0,0,0,0,0,100,100,0.0205228434,37.1534382317,9.0909090909,14.7572890506,1.0000000000,0.8064000000,250.0000000000,0,0,0,6,0
601,100,0,1,100,100,0,0,1,101,297,100,100,0.0220320717,37.1314061600,100.0000000000,10.4833530040,1.0000000000,0.8872000000,227.2317403066,0,0,0,69,0
602,100,0,1,100,100,0,0,0,0,0,100,100,0.0162735504,37.1151326096,100.0000000000,10.4833530040,1.0000000000,0.8064000000,250.0000000000,0,0,0,69,0
603,100,0,1,100,100,0,0,0,0,0,100,100,0.0162735504,37.0988590592,100.0000000000,10.4833530040,1.0000000000,0.8064000000,250.0000000000,0,0,0,69,0
604,100,0,1,100,100,0,0,0,0,0,100,100,0.0162735504,37.0825855088,100.0000000000,10.4833530040,1.0000000000,0.8064000000,250.0000000000,0,0,0,69,0
605,100,0,1,100,100,0,0,0,0,0,100,100,0.0162735504,37.0663119584,100.0000000000,10.4833530040,1.0000000000,0.8064000000,250.0000000000,0,0,0,69,0
606,100,0,3,100,100,0,0,1,103,491,100,100,0.0258630593,37.0404488991,33.3333333333,12.5800166754,1.0000000000,0.8888000000,226.8226822682,0,0,0,41,0
607,100,0,3,100,100,0,0,0,0,0,100,100,0.0183077056,37.0221411935,33.3333333333,12.5800166754,1.0000000000,0.8064000000,250.0000000000,0,0,0,41,0
608,100,0,3,100,100,0,0,0,0,0,100,100,0.0183077056,37.0038334879,33.3333333333,12.5800166754,1.0000000000,0.8064000000,250.0000000000,0,0,0,41,0
609,100,0,3,100,100,0,0,0,0,0,100,100,0.0183077056,36.9855257823,33.3333333333,12.5800166754,1.0000000000,0.8064000000,250.0000000000,0,0,0,41,0
610,100,0,3,100,100,0,0,0,0,0,100,100,0.0183077056,36.9672180767,33.3333333333,12.5800166754,1.0000000000,0.8064000000,250.0000000000,0,0,0,41,0
611,100,0,5,100,100,0,0,1,105,685,100,100,0.0289533043,36.9382647724,20.0000000000,13.4670489461,1.0000000000,0.8904000000,226.4150943396,0,0,0,28,0
612,100,0,5,100,100,0,0,0,0,0,100,100,0.0192857588,36.9189790136,20.0000000000,13.4670489461,1.0000000000,0.8064000000,250.0000000000,0,0,0,28,0
613,100,0,5,100,100,0,0,0,0,0,100,100,0.0192857588,36.8996932548,20.0000000000,13.4670489461,1.0000000000,0.8064000000,250.0000000000,0,0,0,28,0
614,100,0,5,100,100,0,0,0,0,0,100,100,0.0192857588,36.8804074960,20.0000000000,13.4670489461,1.0000000000,0.8064000000,250.0000000000,0,0,0,28,0
615,100,0,5,100,100,0,0,0,0,0,100,100,0.0192857588,36.8611217371,20.0000000000,13.4670489461,1.0000000000,0.8064000000,250.0000000000,0,0,0,28,0
616,100,0,3,100,100,0,0,1,103,491,100,100,0.0273242996,36.8337974375,33.3333333333,13.7895984960,1.0000000000,0.8888000000,226.8226822682,0,0,0,26,0
617,100,0,3,100,100,0,0,0,0,0,100,100,0.0198340850,36.8139633526,33.3333333333,13.7895984960,1.0000000000,0.8064000000,250.0000000000,0,0,0,26,0
618,100,0,3,100,100,0,0,0,0,0,100,100,0.0198340850,36.7941292676,33.3333333333,13.7895984960,1.0000000000,0.8064000000,250.0000000000,0,0,0,26,0
619,100,0,3,100,100,0,0,0,0,0,100,100,0.0198340850,36.7742951826,33.3333333333,13.7895984960,1.0000000000,0.8064000000,250.0000000000,0,0,0,26,0
620,100,0,3,100,100,0,0,0,0,0,100,100,0.0198340850,36.7544610977,33.3333333333,13.7895984960,1.0000000000,0.8064000000,250.0000000000,0,0,0,26,0
621,100,0,6,100,100,0,0,1,106,782,100,100,0.0298242252,36.7246368725,16.6666666667,13.3864184566,1.0000000000,0.8912000000,226.2118491921,0,0,0,28,0
622,100,0,6,100,100,0,0,0,0,0,100,100,0.0191248035,36.7055120690,16.6666666667,13.3864184566,1.0000000000,0.8064000000,250.0000000000,0,0,0,28,0
623,100,0,6,100,100,0,0,0,0,0,100,100,0.0191248035,36.6863872655,16.6666666667,13.3864184566,1.0000000000,0.8064000000,250.0000000000,0,0,0,28,0
624,100,0,6,100,100,0,0,0,0,0,100,100,0.0191248035,36.6672624621,16.6666666667,13.3864184566,1.0000000000,0.8064000000,250.0000000000,0,0,0,28,0
625,100,0,6,100,100,0,0,0,0,0,100,100,0.0191248035,36.6481376586,16.6666666667,13.3864184566,1.0000000000,0.8064000000,250.0000000000,0,0,0,28,0
626,100,0,2,100,100,0,0,1,102,394,100,100,0.0254272513,36.6227104073,50.0000000000,12.7413007003,1.0000000000,0.8880000000,227.0270270270,0,0,0,40,0
627,100,0,2,100,100,0,0,0,0,0,100,100,0.0189111746,36.6037992327,50.0000000000,12.7413007003,1.0000000000,0.8064000000,250.0000000000,0,0,0,40,0
628,100,0,2,100,100,0,0,0,0,0,100,100,0.0189111746,36.5848880580,50.0000000000,12.7413007003,1.0000000000,0.8064000000,250.0000000000,0,0,0,40,0
629,100,0,2,100,100,0,0,0,0,0,100,100,0.0189111746,36.5659768834,50.0000000000,12.7413007003,1.0000000000,0.8064000000,250.0000000000,0,0,0,40,0
630,100,0,2,100,100,0,0,0,0,0,100,100,0.0189111746,36.5470657088,50.0000000000,12.7413007003,1.0000000000,0.8064000000,250.0000000000,0,0,0,40,0
631,100,0,5,100,100,0,0,1,105,685,100,100,0.0313573367,36.5157083721,20.0000000000,15.3217766136,1.0000000000,0.8904000000,226.4150943396,0,0,0,5,0
632,100,0,5,100,100,0,0,0,0,0,100,100,0.0217661799,36.4939421921,20.0000000000,15.3217766136,1.0000000000,0.8064000000,250.0000000000,0,0,0,5,0
633,100,0,5,100,100,0,0,0,0,0,100,100,0.0217661799,36.4721760122,20.0000000000,15.3217766136,1.0000000000,0.8064000000,250.0000000000,0,0,0,5,0
634,100,0,5,100,100,0,0,0,0,0,100,100,0.0217661799,36.4504098323,20.0000000000,15.3217766136,1.0000000000,0.8064000000,250.0000000000,0,0,0,5,0
635,100,0,5,100,100,0,0,0,0,0,100,100,0.0217661799,36.4286436524,20.0000000000,15.3217766136,1.0000000000,0.8064000000,250.0000000000,0,0,0,5,0
636,100,0,4,100,100,0,0,1,104,588,100,100,0.0279057089,36.4007379435,25.0000000000,13.0638367983,1.0000000000,0.8896000000,226.6187050360,0,0,0,34,0
637,100,0,4,100,100,0,0,0,0,0,100,100,0.0192892338,36.3814487097,25.0000000000,13.0638367983,1.0000000000,0.8064000000,250.0000000000,0,0,0,34,0
638,100,0,4,100,100,0,0,0,0,0,100,100,0.0192892338,36.3621594759,25.0000000000,13.0638367983,1.0000000000,0.8064000000,250.0000000000,0,0,0,34,0
639,100,0,4,100,100,0,0,0,0,0,100,100,0.0192892338,36.3428702421,25.0000000000,13.0638367983,1.0000000000,0.8064000000,250.0000000000,0,0,0,34,0
640,100,0,4,100,100,0,0,0,0,0,100,100,0.0192892338,36.3235810083,25.0000000000,13.0638367983,1.0000000000,0.8064000000,250.0000000000,0,0,0,34,0
641,100,0,4,100,100,0,0,1,104,588,100,100,0.0273666877,36.2962143206,25.0000000000,12.9025822028,1.0000000000,0.8896000000,226.6187050360,0,0,0,36,0
642,100,0,4,100,100,0,0,0,0,0,100,100,0.0186840905,36.2775302301,25.0000000000,12.9025822028,1.0000000000,0.8064000000,250.0000000000,0,0,0,36,0
643,100,0,4,100,100,0,0,0,0,0,100,100,0.0186840905,36.2588461396,25.0000000000,12.9025822028,1.0000000000,0.8064000000,250.0000000000,0,0,0,36,0
644,100,0,4,100,100,0,0,0,0,0,100,100,0.0186840905,36.2401620490,25.0000000000,12.9025822028,1.0000000000,0.8064000000,250.0000000000,0,0,0,36,0
645,100,0,4,100,100,0,0,0,0,0,100,100,0.0186840905,36.2214779585,25.0000000000,12.9025822028,1.0000000000,0.8064000000,250.0000000000,0,0,0,36,0
646,100,0,6,100,100,0,0,1,106,782,100,100,0.0305663809,36.1909115776,16.6666666667,14.3541016052,1.0000000000,0.8912000000,226.2118491921,0,0,0,16,0
647,100,0,6,100,100,0,0,0,0,0,100,100,0.0199498483,36.1709617293,16.6666666667,14.3541016052,1.0000000000,0.8064000000,250.0000000000,0,0,0,16,0
648,100,0,6,100,100,0,0,0,0,0,100,100,0.0199498483,36.1510118810,16.6666666667,14.3541016052,1.0000000000,0.8064000000,250.0000000000,0,0,0,16,0
649,100,0,6,100,100,0,0,0,0,0,100,100,0.0199498483,36.1310620326,16.6666666667,14.3541016052,1.0000000000,0.8064000000,250.0000000000,0,0,0,16,0
650,100,0,6,100,100,0,0,0,0,0,100,100,0.0199498483,36.1111121843,16.6666666667,14.3541016052,1.0000000000,0.8064000000,250.0000000000,0,0,0,16,0
651,100,0,5,100,100,0,0,1,105,685,100,100,0.0306663406,36.0804458437,20.0000000000,14.9992137253,1.0000000000,0.8904000000,226.4150943396,0,0,0,9,0
652,100,0,5,100,100,0,0,0,0,0,100,100,0.0210995483,36.0593462954,20.0000000000,14.9992137253,1.0000000000,0.8064000000,250.0000000000,0,0,0,9,0
653,100,0,5,100,100,0,0,0,0,0,100,100,0.0210995483,36.0382467471,20.0000000000,14.9992137253,1.0000000000,0.8064000000,250.0000000000,0,0,0,9,0
654,100,0,5,100,100,0,0,0,0,0,100,100,0.0210995483,36.0171471987,20.0000000000,14.9992137253,1.0000000000,0.8064000000,250.0000000000,0,0,0,9,0
655,100,0,5,100,100,0,0,0,0,0,100,100,0.0210995483,35.9960476504,20.0000000000,14.9992137253,1.0000000000,0.8064000000,250.0000000000,0,0,0,9,0
656,100,0,2,100,100,0,0,1,102,394,100,100,0.0225231906,35.9735244598,50.0000000000,9.6769553159,1.0000000000,0.8880000000,227.0270270270,0,0,0,78,0
657,100,0,2,100,100,0,0,0,0,0,100,100,0.0153976265,35.9581268332,50.0000000000,9.6769553159,1.0000000000,0.8064000000,250.0000000000,0,0,0,78,0
658,100,0,2,100,100,0,0,0,0,0,100,100,0.0153976265,35.9427292067,50.0000000000,9.6769553159,1.0000000000,0.8064000000,250.0000000000,0,0,0,78,0
659,100,0,2,100,100,0,0,0,0,0,100,100,0.0153976265,35.9273315802,50.0000000000,9.6769553159,1.0000000000,0.8064000000,250.0000000000,0,0,0,78,0
660,100,0,2,100,100,0,0,0,0,0,100,100,0.0153976265,35.9119339537,50.0000000000,9.6769553159,1.0000000000,0.8064000000,250.0000000000,0,0,0,78,0
661,100,0,3,100,100,0,0,1,103,491,100,100,0.0259016092,35.8860323444,33.3333333333,12.4187490411,1.0000000000,0.8888000000,226.8226822682,0,0,0,43,0
662,100,0,3,100,100,0,0,0,0,0,100,100,0.0183273348,35.8677050097,33.3333333333,12.4187490411,1.0000000000,0.8064000000,250.0000000000,0,0,0,43,0
663,100,0,3,100,100,0,0,0,0,0,100,100,0.0183273348,35.8493776749,33.3333333333,12.4187490411,1.0000000000,0.8064000000,250.0000000000,0,0,0,43,0
664,100,0,3,100,100,0,0,0,0,0,100,100,0.0183273348,35.8310503401,33.3333333333,12.4187490411,1.0000000000,0.8064000000,250.0000000000,0,0,0,43,0
665,100,0,3,100,100,0,0,0,0,0,100,100,0.0183273348,35.8127230053,33.3333333333,12.4187490411,1.0000000000,0.8064000000,250.0000000000,0,0,0,43,0
666,100,0,4,100,100,0,0,1,104,588,100,100,0.0281019202,35.7846210852,25.0000000000,13.6283463815,1.0000000000,0.8896000000,226.6187050360,0,0,0,27,0
667,100,0,4,100,100,0,0,0,0,0,100,100,0.0195361486,35.7650849365,25.0000000000,13.6283463815,1.0000000000,0.8064000000,250.0000000000,0,0,0,27,0
668,100,0,4,100,100,0,0,0,0,0,100,100,0.0195361486,35.7455487879,25.0000000000,13.6283463815,1.0000000000,0.8064000000,250.0000000000,0,0,0,27,0
669,100,0,4,100,100,0,0,0,0,0,100,100,0.0195361486,35.7260126393,25.0000000000,13.6283463815,1.0000000000,0.8064000000,250.0000000000,0,0,0,27,0
670,100,0,4,100,100,0,0,0,0,0,100,100,0.0195361486,35.7064764906,25.0000000000,13.6283463815,1.0000000000,0.8064000000,250.0000000000,0,0,0,27,0
671,100,0,6,100,100,0,0,1,106,782,100,100,0.0317007361,35.6747757545,16.6666666667,15.1604954371,1.0000000000,0.8912000000,226.2118491921,0,0,0,6,0
672,100,0,6,100,100,0,0,0,0,0,100,100,0.0210800009,35.6536957536,16.6666666667,15.1604954371,1.0000000000,0.8064000000,250.0000000000,0,0,0,6,0
673,100,0,6,100,100,0,0,0,0,0,100,100,0.0210800009,35.6326157527,16.6666666667,15.1604954371,1.0000000000,0.8064000000,250.0000000000,0,0,0,6,0
674,100,0,6,100,100,0,0,0,0,0,100,100,0.0210800009,35.6115357518,16.6666666667,15.1604954371,1.0000000000,0.8064000000,250.0000000000,0,0,0,6,0
675,100,0,6,100,100,0,0,0,0,0,100,100,0.0210800009,35.5904557509,16.6666666667,15.1604954371,1.0000000000,0.8064000000,250.0000000000,0,0,0,6,0
676,100,0,6,100,100,0,0,1,106,782,100,100,0.0311900818,35.5592656692,16.6666666667,14.6766594186,1.0000000000,0.8912000000,226.2118491921,0,0,0,12,0
677,100,0,6,100,100,0,0,0,0,0,100,100,0.0205501468,35.5387155224,16.6666666667,14.6766594186,1.0000000000,0.8064000000,250.0000000000,0,0,0,12,0
678,100,0,6,100,100,0,0,0,0,0,100,100,0.0205501468,35.5181653757,16.6666666667,14.6766594186,1.0000000000,0.8064000000,250.0000000000,0,0,0,12,0
679,100,0,6,100,100,0,0,0,0,0,100,100,0.0205501468,35.4976152289,16.6666666667,14.6766594186,1.0000000000,0.8064000000,250.0000000000,0,0,0,12,0
680,100,0,6,100,100,0,0,0,0,0,100,100,0.0205501468,35.4770650822,16.6666666667,14.6766594186,1.0000000000,0.8064000000,250.0000000000,0,0,0,12,0
681,100,0,4,100,100,0,0,1,104,588,100,100,0.0278572353,35.4492078469,25.0000000000,13.4670547946,1.0000000000,0.8896000000,226.6187050360,0,0,0,29,0
682,100,0,4,100,100,0,0,0,0,0,100,100,0.0193094933,35.4298983536,25.0000000000,13.4670547946,1.0000000000,0.8064000000,250.0000000000,0,0,0,29,0
683,100,0,4,100,100,0,0,0,0,0,100,100,0.0193094933,35.4105888602,25.0000000000,13.4670547946,1.0000000000,0.8064000000,250.0000000000,0,0,0,29,0
684,100,0,4,100,100,0,0,0,0,0,100,100,0.0193094933,35.3912793669,25.0000000000,13.4670547946,1.0000000000,0.8064000000,250.0000000000,0,0,0,29,0
685,100,0,4,100,100,0,0,0,0,0,100,100,0.0193094933,35.3719698736,25.0000000000,13.4670547946,1.0000000000,0.8064000000,250.0000000000,0,0,0,29,0
686,100,0,6,100,100,0,0,1,106,782,100,100,0.0304319448,35.3415379287,16.6666666667,14.1121878955,1.0000000000,0.8912000000,226.2118491921,0,0,0,19,0
687,100,0,6,100,100,0,0,0,0,0,100,100,0.0197835220,35.3217544067,16.6666666667,14.1121878955,1.0000000000,0.8064000000,250.0000000000,0,0,0,19,0
688,100,0,6,100,100,0,0,0,0,0,100,100,0.0197835220,35.3019708847,16.6666666667,14.1121878955,1.0000000000,0.8064000000,250.0000000000,0,0,0,19,0
689,100,0,6,100,100,0,0,0,0,0,100,100,0.0197835220,35.2821873627,16.6666666667,14.1121878955,1.0000000000,0.8064000000,250.0000000000,0,0,0,19,0
690,100,0,6,100,100,0,0,0,0,0,100,100,0.0197835220,35.2624038407,16.6666666667,14.1121878955,1.0000000000,0.8064000000,250.0000000000,0,0,0,19,0
691,100,0,7,100,100,0,0,1,107,879,100,100,0.0324472161,35.2299566246,14.2857142857,15.0798533490,1.0000000000,0.8920000000,226.0089686099,0,0,0,6,0
692,100,0,7,100,100,0,0,0,0,0,100,100,0.0207731524,35.2091834722,14.2857142857,15.0798533490,1.0000000000,0.8064000000,250.0000000000,0,0,0,6,0
693,100,0,7,100,100,0,0,0,0,0,100,100,0.0207731524,35.1884103199,14.2857142857,15.0798533490,1.0000000000,0.8064000000,250.0000000000,0,0,0,6,0
694,100,0,7,100,100,0,0,0,0,0,100,100,0.0207731524,35.1676371675,14.2857142857,15.0798533490,1.0000000000,0.8064000000,250.0000000000,0,0,0,6,0
695,100,0,7,100,100,0,0,0,0,0,100,100,0.0207731524,35.1468640151,14.2857142857,15.0798533490,1.0000000000,0.8064000000,250.0000000000,0,0,0,6,0
696,100,0,6,100,100,0,0,1,106,782,100,100,0.0310525726,35.1158114425,16.6666666667,14.4347341761,1.0000000000,0.8912000000,226.2118491921,0,0,0,15,0
697,100,0,6,100,100,0,0,0,0,0,100,100,0.0203907968,35.0954206458,16.6666666667,14.4347341761,1.0000000000,0.8064000000,250.0000000000,0,0,0,15,0
698,100,0,6,100,100,0,0,0,0,0,100,100,0.0203907968,35.0750298490,16.6666666667,14.4347341761,1.0000000000,0.8064000000,250.0000000000,0,0,0,15,0
699,100,0,6,100,100,0,0,0,0,0,100,100,0.0203907968,35.0546390523,16.6666666667,14.4347341761,1.0000000000,0.8064000000,250.0000000000,0,0,0,15,0
700,100,0,6,100,100,0,0,0,0,0,100,100,0.0203907968,35.0342482555,16.6666666667,14.4347341761,1.0000000000,0.8064000000,250.0000000000,0,0,0,15,0
701,100,0,1,100,100,0,0,1,101,297,100,100,0.0214869936,35.0127612620,100.0000000000,9.5156737171,1.0000000000,0.8872000000,227.2317403066,0,0,0,81,0
702,100,0,1,100,100,0,0,0,0,0,100,100,0.0153423269,34.9974189350,100.0000000000,9.5156737171,1.0000000000,0.8064000000,250.0000000000,0,0,0,81,0
703,100,0,1,100,100,0,0,0,0,0,100,100,0.0153423269,34.9820766081,100.0000000000,9.5156737171,1.0000000000,0.8064000000,250.0000000000,0,0,0,81,0
704,100,0,1,100,100,0,0,0,0,0,100,100,0.0153423269,34.9667342812,100.0000000000,9.5156737171,1.0000000000,0.8064000000,250.0000000000,0,0,0,81,0
705,100,0,1,100,100,0,0,0,0,0,100,100,0.0153423269,34.9513919543,100.0000000000,9.5156737171,1.0000000000,0.8064000000,250.0000000000,0,0,0,81,0
706,100,0,2,100,100,0,0,1,102,394,100,100,0.0230398760,34.9283520783,50.0000000000,10.3220701053,1.0000000000,0.8880000000,227.0270270270,0,0,0,70,0
707,100,0,2,100,100,0,0,0,0,0,100,100,0.0163391809,34.9120128974,50.0000000000,10.3220701053,1.0000000000,0.8064000000,250.0000000000,0,0,0,70,0
708,100,0,2,100,100,0,0,0,0,0,100,100,0.0163391809,34.8956737165,50.0000000000,10.3220701053,1.0000000000,0.8064000000,250.0000000000,0,0,0,70,0
709,100,0,2,100,100,0,0,0,0,0,100,100,0.0163391809,34.8793345356,50.0000000000,10.3220701053,1.0000000000,0.8064000000,250.0000000000,0,0,0,70,0
710,100,0,2,100,100,0,0,0,0,0,100,100,0.0163391809,34.8629953547,50.0000000000,10.3220701053,1.0000000000,0.8064000000,250.0000000000,0,0,0,70,0
711,100,0,1,100,100,0,0,1,101,297,100,100,0.0217625110,34.8412328437,100.0000000000,9.0318327617,1.0000000000,0.8872000000,227.2317403066,0,0,0,87,0
712,100,0,1,100,100,0,0,0,0,0,100,100,0.0147215132,34.8265113305,100.0000000000,9.0318327617,1.0000000000,0.8064000000,250.0000000000,0,0,0,87,0
713,100,0,1,100,100,0,0,0,0,0,100,100,0.0147215132,34.8117898172,100.0000000000,9.0318327617,1.0000000000,0.8064000000,250.0000000000,0,0,0,87,0
714,100,0,1,100,100,0,0,0,0,0,100,100,0.0147215132,34.7970683040,100.0000000000,9.0318327617,1.0000000000,0.8064000000,250.0000000000,0,0,0,87,0
715,100,0,1,100,100,0,0,0,0,0,100,100,0.0147215132,34.7823467907,100.0000000000,9.0318327617,1.0000000000,0.8064000000,250.0000000000,0,0,0,87,0
716,100,0,6,100,100,0,0,1,105,782,100,100,0.0314271206,34.7509196701,16.6666666667,14.8379469447,1.0000000000,0.8904000000,226.4150943396,0,0,0,10,0
717,100,0,6,100,100,0,0,0,0,0,100,100,0.0208027151,34.7301169550,16.6666666667,14.8379469447,1.0000000000,0.8064000000,250.0000000000,0,0,0,10,0
718,100,0,6,100,100,0,0,0,0,0,100,100,0.0208027151,34.7093142398,16.6666666667,14.8379469447,1.0000000000,0.8064000000,250.0000000000,0,0,0,10,0
719,100,0,6,100,100,0,0,0,0,0,100,100,0.0208027151,34.6885115247,16.6666666667,14.8379469447,1.0000000000,0.8064000000,250.0000000000,0,0,0,10,0
720,100,0,6,100,100,0,0,0,0,0,100,100,0.0208027151,34.6677088096,16.6666666667,14.8379469447,1.0000000000,0.8064000000,250.0000000000,0,0,0,10,0
721,100,0,4,100,100,0,0,1,104,588,100,100,0.0276191234,34.6400896862,25.0000000000,13.0638460349,1.0000000000,0.8896000000,226.6187050360,0,0,0,34,0
722,100,0,4,100,100,0,0,0,0,0,100,100,0.0190282038,34.6210614824,25.0000000000,13.0638460349,1.0000000000,0.8064000000,250.0000000000,0,0,0,34,0
723,100,0,4,100,100,0,0,0,0,0,100,100,0.0190282038,34.6020332786,25.0000000000,13.0638460349,1.0000000000,0.8064000000,250.0000000000,0,0,0,34,0
724,100,0,4,100,100,0,0,0,0,0,100,100,0.0190282038,34.5830050749,25.0000000000,13.0638460349,1.0000000000,0.8064000000,250.0000000000,0,0,0,34,0
725,100,0,4,100,100,0,0,0,0,0,100,100,0.0190282038,34.5639768711,25.0000000000,13.0638460349,1.0000000000,0.8064000000,250.0000000000,0,0,0,34,0
726,100,0,3,100,100,0,0,1,103,491,100,100,0.0271085076,34.5368683635,33.3333333333,13.3057813154,1.0000000000,0.8888000000,226.8226822682,0,0,0,32,0
727,100,0,3,100,100,0,0,0,0,0,100,100,0.0195751229,34.5172932406,33.3333333333,13.3057813154,1.0000000000,0.8064000000,250.0000000000,0,0,0,32,0
728,100,0,3,100,100,0,0,0,0,0,100,100,0.0195751229,34.4977181177,33.3333333333,13.3057813154,1.0000000000,0.8064000000,250.0000000000,0,0,0,32,0
729,100,0,3,100,100,0,0,0,0,0,100,100,0.0195751229,34.4781429948,33.3333333333,13.3057813154,1.0000000000,0.8064000000,250.0000000000,0,0,0,32,0
730,100,0,3,100,100,0,0,0,0,0,100,100,0.0195751229,34.4585678719,33.3333333333,13.3057813154,1.0000000000,0.8064000000,250.0000000000,0,0,0,32,0
731,100,0,3,100,100,0,0,1,103,491,100,100,0.0279614657,34.4306064062,33.3333333333,14.0315421272,1.0000000000,0.8888000000,226.8226822682,0,0,0,23,0
732,100,0,3,100,100,0,0,0,0,0,100,100,0.0204677734,34.4101386329,33.3333333333,14.0315421272,1.0000000000,0.8064000000,250.0000000000,0,0,0,23,0
733,100,0,3,100,100,0,0,0,0,0,100,100,0.0204677734,34.3896708595,33.3333333333,14.0315421272,1.0000000000,0.8064000000,250.0000000000,0,0,0,23,0
734,100,0,3,100,100,0,0,0,0,0,100,100,0.0204677734,34.3692030861,33.3333333333,14.0315421272,1.0000000000,0.8064000000,250.0000000000,0,0,0,23,0
735,100,0,3,100,100,0,0,0,0,0,100,100,0.0204677734,34.3487353127,33.3333333333,14.0315421272,1.0000000000,0.8064000000,250.0000000000,0,0,0,23,0
736,100,0,2,100,100,0,0,1,102,394,100,100,0.0230790013,34.3256563114,50.0000000000,10.4833655555,1.0000000000,0.8880000000,227.0270270270,0,0,0,68,0
737,100,0,2,100,100,0,0,0,0,0,100,100,0.0162019238,34.3094543876,50.0000000000,10.4833655555,1.0000000000,0.8064000000,250.0000000000,0,0,0,68,0
738,100,0,2,100,100,0,0,0,0,0,100,100,0.0162019238,34.2932524638,50.0000000000,10.4833655555,1.0000000000,0.8064000000,250.0000000000,0,0,0,68,0
739,100,0,2,100,100,0,0,0,0,0,100,100,0.0162019238,34.2770505400,50.0000000000,10.4833655555,1.0000000000,0.8064000000,250.0000000000,0,0,0,68,0
740,100,0,2,100,100,0,0,0,0,0,100,100,0.0162019238,34.2608486162,50.0000000000,10.4833655555,1.0000000000,0.8064000000,250.0000000000,0,0,0,68,0
741,100,0,4,100,100,0,0,1,104,588,100,100,0.0291075733,34.2317410429,25.0000000000,14.6766652242,1.0000000000,0.8896000000,226.6187050360,0,0,0,14,0
742,100,0,4,100,100,0,0,0,0,0,100,100,0.0206167839,34.2111242590,25.0000000000,14.6766652242,1.0000000000,0.8064000000,250.0000000000,0,0,0,14,0
743,100,0,4,100,100,0,0,0,0,0,100,100,0.0206167839,34.1905074751,25.0000000000,14.6766652242,1.0000000000,0.8064000000,250.0000000000,0,0,0,14,0
744,100,0,4,100,100,0,0,0,0,0,100,100,0.0206167839,34.1698906912,25.0000000000,14.6766652242,1.0000000000,0.8064000000,250.0000000000,0,0,0,14,0
745,100,0,4,100,100,0,0,0,0,0,100,100,0.0206167839,34.1492739073,25.0000000000,14.6766652242,1.0000000000,0.8064000000,250.0000000000,0,0,0,14,0
746,100,0,5,100,100,0,0,1,105,685,100,100,0.0297443935,34.1195295137,20.0000000000,14.0315241444,1.0000000000,0.8904000000,226.4150943396,0,0,0,21,0
747,100,0,5,100,100,0,0,0,0,0,100,100,0.0201341397,34.0993953741,20.0000000000,14.0315241444,1.0000000000,0.8064000000,250.0000000000,0,0,0,21,0
748,100,0,5,100,100,0,0,0,0,0,100,100,0.0201341397,34.0792612344,20.0000000000,14.0315241444,1.0000000000,0.8064000000,250.0000000000,0,0,0,21,0
749,100,0,5,100,100,0,0,0,0,0,100,100,0.0201341397,34.0591270948,20.0000000000,14.0315241444,1.0000000000,0.8064000000,250.0000000000,0,0,0,21,0
750,100,0,5,100,100,0,0,0,0,0,100,100,0.0201341397,34.0389929551,20.0000000000,14.0315241444,1.0000000000,0.8064000000,250.0000000000,0,0,0,21,0
751,100,0,2,100,100,0,0,1,102,394,100,100,0.0244510634,34.0145418917,50.0000000000,11.9348790803,1.0000000000,0.8880000000,227.0270270270,0,0,0,50,0
752,100,0,2,100,100,0,0,0,0,0,100,100,0.0179074036,33.9966344881,50.0000000000,11.9348790803,1.0000000000,0.8064000000,250.0000000000,0,0,0,50,0
753,100,0,2,100,100,0,0,0,0,0,100,100,0.0179074036,33.9787270845,50.0000000000,11.9348790803,1.0000000000,0.8064000000,250.0000000000,0,0,0,50,0
754,100,0,2,100,100,0,0,0,0,0,100,100,0.0179074036,33.9608196809,50.0000000000,11.9348790803,1.0000000000,0.8064000000,250.0000000000,0,0,0,50,0
755,100,0,2,100,100,0,0,0,0,0,100,100,0.0179074036,33.9429122772,50.0000000000,11.9348790803,1.0000000000,0.8064000000,250.0000000000,0,0,0,50,0
756,100,0,8,100,100,0,0,1,108,976,100,100,0.0334827342,33.9094295431,12.5000000000,14.9185758097,1.0000000000,0.8928000000,225.8064516129,0,0,0,7,0
757,100,0,8,100,100,0,0,0,0,0,100,100,0.0207114704,33.8887180726,12.5000000000,14.9185758097,1.0000000000,0.8064000000,250.0000000000,0,0,0,7,0
758,100,0,8,100,100,0,0,0,0,0,100,100,0.0207114704,33.8680066022,12.5000000000,14.9185758097,1.0000000000,0.8064000000,250.0000000000,0,0,0,7,0
759,100,0,8,100,100,0,0,0,0,0,100,100,0.0207114704,33.8472951318,12.5000000000,14.9185758097,1.0000000000,0.8064000000,250.0000000000,0,0,0,7,0
760,100,0,8,100,100,0,0,0,0,0,100,100,0.0207114704,33.8265836614,12.5000000000,14.9185758097,1.0000000000,0.8064000000,250.0000000000,0,0,0,7,0
761,100,0,9,100,100,0,0,1,109,1073,100,100,0.0340622621,33.7925213993,11.1111111111,14.5960073351,1.0000000000,0.8936000000,225.6042972247,0,0,0,10,0
762,100,0,9,100,100,0,0,0,0,0,100,100,0.0202164565,33.7723049429,11.1111111111,14.5960073351,1.0000000000,0.8064000000,250.0000000000,0,0,0,10,0
763,100,0,9,100,100,0,0,0,0,0,100,100,0.0202164565,33.7520884864,11.1111111111,14.5960073351,1.0000000000,0.8064000000,250.0000000000,0,0,0,10,0
764,100,0,9,100,100,0,0,0,0,0,100,100,0.0202164565,33.7318720300,11.1111111111,14.5960073351,1.0000000000,0.8064000000,250.0000000000,0,0,0,10,0
765,100,0,9,100,100,0,0,0,0,0,100,100,0.0202164565,33.7116555735,11.1111111111,14.5960073351,1.0000000000,0.8064000000,250.0000000000,0,0,0,10,0
766,100,0,4,100,100,0,0,1,104,588,100,100,0.0267994119,33.6848561616,25.0000000000,12.0961586017,1.0000000000,0.8896000000,226.6187050360,0,0,0,46,0
767,100,0,4,100,100,0,0,0,0,0,100,100,0.0181393938,33.6667167678,25.0000000000,12.0961586017,1.0000000000,0.8064000000,250.0000000000,0,0,0,46,0
768,100,0,4,100,100,0,0,0,0,0,100,100,0.0181393938,33.6485773740,25.0000000000,12.0961586017,1.0000000000,0.8064000000,250.0000000000,0,0,0,46,0
769,100,0,4,100,100,0,0,0,0,0,100,100,0.0181393938,33.6304379801,25.0000000000,12.0961586017,1.0000000000,0.8064000000,250.0000000000,0,0,0,46,0
770,100,0,4,100,100,0,0,0,0,0,100,100,0.0181393938,33.6122985863,25.0000000000,12.0961586017,1.0000000000,0.8064000000,250.0000000000,0,0,0,46,0
771,100,0,5,100,100,0,0,1,105,685,100,100,0.0292405693,33.5830580170,20.0000000000,14.1928315787,1.0000000000,0.8904000000,226.4150943396,0,0,0,19,0
772,100,0,5,100,100,0,0,0,0,0,100,100,0.0196955296,33.5633624874,20.0000000000,14.1928315787,1.0000000000,0.8064000000,250.0000000000,0,0,0,19,0
773,100,0,5,100,100,0,0,0,0,0,100,100,0.0196955296,33.5436669578,20.0000000000,14.1928315787,1.0000000000,0.8064000000,250.0000000000,0,0,0,19,0
774,100,0,5,100,100,0,0,0,0,0,100,100,0.0196955296,33.5239714283,20.0000000000,14.1928315787,1.0000000000,0.8064000000,250.0000000000,0,0,0,19,0
775,100,0,5,100,100,0,0,0,0,0,100,100,0.0196955296,33.5042758987,20.0000000000,14.1928315787,1.0000000000,0.8064000000,250.0000000000,0,0,0,19,0
776,100,0,1,100,100,0,0,1,101,297,100,100,0.0213056483,33.4829702504,100.0000000000,9.6769526099,1.0000000000,0.8872000000,227.2317403066,0,0,0,79,0
777,100,0,1,100,100,0,0,0,0,0,100,100,0.0153580744,33.4676121760,100.0000000000,9.6769526099,1.0000000000,0.8064000000,250.0000000000,0,0,0,79,0
778,100,0,1,100,100,0,0,0,0,0,100,100,0.0153580744,33.4522541016,100.0000000000,9.6769526099,1.0000000000,0.8064000000,250.0000000000,0,0,0,79,0
779,100,0,1,100,100,0,0,0,0,0,100,100,0.0153580744,33.4368960273,100.0000000000,9.6769526099,1.0000000000,0.8064000000,250.0000000000,0,0,0,79,0
780,100,0,1,100,100,0,0,0,0,0,100,100,0.0153580744,33.4215379529,100.0000000000,9.6769526099,1.0000000000,0.8064000000,250.0000000000,0,0,0,79,0
781,100,0,5,100,100,0,0,1,105,685,100,100,0.0284174203,33.3931205326,20.0000000000,13.1444883551,1.0000000000,0.8904000000,226.4150943396,0,0,0,32,0
782,100,0,5,100,100,0,0,0,0,0,100,100,0.0187583240,33.3743622086,20.0000000000,13.1444883551,1.0000000000,0.8064000000,250.0000000000,0,0,0,32,0
783,100,0,5,100,100,0,0,0,0,0,100,100,0.0187583240,33.3556038846,20.0000000000,13.1444883551,1.0000000000,0.8064000000,250.0000000000,0,0,0,32,0
784,100,0,5,100,100,0,0,0,0,0,100,100,0.0187583240,33.3368455605,20.0000000000,13.1444883551,1.0000000000,0.8064000000,250.0000000000,0,0,0,32,0
785,100,0,5,100,100,0,0,0,0,0,100,100,0.0187583240,33.3180872365,20.0000000000,13.1444883551,1.0000000000,0.8064000000,250.0000000000,0,0,0,32,0
786,100,0,5,100,100,0,0,1,105,685,100,100,0.0300746495,33.2880125871,20.0000000000,14.1928060980,1.0000000000,0.8904000000,226.4150943396,0,0,0,19,0
787,100,0,5,100,100,0,0,0,0,0,100,100,0.0204487422,33.2675638449,20.0000000000,14.1928060980,1.0000000000,0.8064000000,250.0000000000,0,0,0,19,0
788,100,0,5,100,100,0,0,0,0,0,100,100,0.0204487422,33.2471151027,20.0000000000,14.1928060980,1.0000000000,0.8064000000,250.0000000000,0,0,0,19,0
789,100,0,5,100,100,0,0,0,0,0,100,100,0.0204487422,33.2266663605,20.0000000000,14.1928060980,1.0000000000,0.8064000000,250.0000000000,0,0,0,19,0
790,100,0,5,100,100,0,0,0,0,0,100,100,0.0204487422,33.2062176183,20.0000000000,14.1928060980,1.0000000000,0.8064000000,250.0000000000,0,0,0,19,0
791,100,0,9,100,100,0,0,1,109,1073,100,100,0.0344905871,33.1717270312,11.1111111111,14.9185714388,1.0000000000,0.8936000000,225.6042972247,0,0,0,6,0
792,100,0,9,100,100,0,0,0,0,0,100,100,0.0206371749,33.1510898563,11.1111111111,14.9185714388,1.0000000000,0.8064000000,250.0000000000,0,0,0,6,0
793,100,0,9,100,100,0,0,0,0,0,100,100,0.0206371749,33.1304526814,11.1111111111,14.9185714388,1.0000000000,0.8064000000,250.0000000000,0,0,0,6,0
794,100,0,9,100,100,0,0,0,0,0,100,100,0.0206371749,33.1098155065,11.1111111111,14.9185714388,1.0000000000,0.8064000000,250.0000000000,0,0,0,6,0
795,100,0,9,100,100,0,0,0,0,0,100,100,0.0206371749,33.0891783316,11.1111111111,14.9185714388,1.0000000000,0.8064000000,250.0000000000,0,0,0,6,0
796,100,0,7,100,100,0,0,1,107,879,100,100,0.0327859068,33.0563924247,14.2857142857,15.0798533337,1.0000000000,0.8920000000,226.0089686099,0,0,0,6,0
797,100,0,7,100,100,0,0,0,0,0,100,100,0.0210774039,33.0353150208,14.2857142857,15.0798533337,1.0000000000,0.8064000000,250.0000000000,0,0,0,6,0
798,100,0,7,100,100,0,0,0,0,0,100,100,0.0210774039,33.0142376168,14.2857142857,15.0798533337,1.0000000000,0.8064000000,250.0000000000,0,0,0,6,0
799,100,0,7,100,100,0,0,0,0,0,100,100,0.0210774039,32.9931602129,14.2857142857,15.0798533337,1.0000000000,0.8064000000,250.0000000000,0,0,0,6,0
800,100,0,7,100,100,0,0,0,0,0,100,100,0.0210774039,32.9720828089,14.2857142857,15.0798533337,1.0000000000,0.8064000000,250.0000000000,0,0,0,6,0
801,100,0,1,100,100,0,0,1,101,297,100,100,0.0224245997,32.9496582092,100.0000000000,10.8865558860,1.0000000000,0.8872000000,227.2317403066,0,0,0,64,0
802,100,0,1,100,100,0,0,0,0,0,100,100,0.0166769298,32.9329812794,100.0000000000,10.8865558860,1.0000000000,0.8064000000,250.0000000000,0,0,0,64,0
803,100,0,1,100,100,0,0,0,0,0,100,100,0.0166769298,32.9163043497,100.0000000000,10.8865558860,1.0000000000,0.8064000000,250.0000000000,0,0,0,64,0
804,100,0,1,100,100,0,0,0,0,0,100,100,0.0166769298,32.8996274199,100.0000000000,10.8865558860,1.0000000000,0.8064000000,250.0000000000,0,0,0,64,0
805,100,0,1,100,100,0,0,0,0,0,100,100,0.0166769298,32.8829504901,100.0000000000,10.8865558860,1.0000000000,0.8064000000,250.0000000000,0,0,0,64,0
806,100,0,4,100,100,0,0,1,104,588,100,100,0.0275839433,32.8553665468,25.0000000000,13.1445110127,1.0000000000,0.8896000000,226.6187050360,0,0,0,33,0
807,100,0,4,100,100,0,0,0,0,0,100,100,0.0189795023,32.8363870445,25.0000000000,13.1445110127,1.0000000000,0.8064000000,250.0000000000,0,0,0,33,0
808,100,0,4,100,100,0,0,0,0,0,100,100,0.0189795023,32.8174075422,25.0000000000,13.1445110127,1.0000000000,0.8064000000,250.0000000000,0,0,0,33,0
809,100,0,4,100,100,0,0,0,0,0,100,100,0.0189795023,32.7984280399,25.0000000000,13.1445110127,1.0000000000,0.8064000000,250.0000000000,0,0,0,33,0
810,100,0,4,100,100,0,0,0,0,0,100,100,0.0189795023,32.7794485376,25.0000000000,13.1445110127,1.0000000000,0.8064000000,250.0000000000,0,0,0,33,0
811,100,0,4,100,100,0,0,1,104,588,100,100,0.0299080446,32.7495404930,25.0000000000,14.6766469952,1.0000000000,0.8896000000,226.6187050360,0,0,0,14,0
812,100,0,4,100,100,0,0,0,0,0,100,100,0.0213512185,32.7281892745,25.0000000000,14.6766469952,1.0000000000,0.8064000000,250.0000000000,0,0,0,14,0
813,100,0,4,100,100,0,0,0,0,0,100,100,0.0213512185,32.7068380560,25.0000000000,14.6766469952,1.0000000000,0.8064000000,250.0000000000,0,0,0,14,0
814,100,0,4,100,100,0,0,0,0,0,100,100,0.0213512185,32.6854868375,25.0000000000,14.6766469952,1.0000000000,0.8064000000,250.0000000000,0,0,0,14,0
815,100,0,4,100,100,0,0,0,0,0,100,100,0.0213512185,32.6641356190,25.0000000000,14.6766469952,1.0000000000,0.8064000000,250.0000000000,0,0,0,14,0
816,100,0,1,100,100,0,0,1,101,297,100,100,0.0226570105,32.6414786086,100.0000000000,11.1284708378,1.0000000000,0.8872000000,227.2317403066,0,0,0,61,0
817,100,0,1,100,100,0,0,0,0,0,100,100,0.0170302747,32.6244483338,100.0000000000,11.1284708378,1.0000000000,0.8064000000,250.0000000000,0,0,0,61,0
818,100,0,1,100,100,0,0,0,0,0,100,100,0.0170302747,32.6074180591,100.0000000000,11.1284708378,1.0000000000,0.8064000000,250.0000000000,0,0,0,61,0
819,100,0,1,100,100,0,0,0,0,0,100,100,0.0170302747,32.5903877844,100.0000000000,11.1284708378,1.0000000000,0.8064000000,250.0000000000,0,0,0,61,0
820,100,0,1,100,100,0,0,0,0,0,100,100,0.0170302747,32.5733575096,100.0000000000,11.1284708378,1.0000000000,0.8064000000,250.0000000000,0,0,0,61,0
821,100,0,4,100,100,0,0,1,104,588,100,100,0.0271798021,32.5461777076,25.0000000000,12.7413098547,1.0000000000,0.8896000000,226.6187050360,0,0,0,38,0
822,100,0,4,100,100,0,0,0,0,0,100,100,0.0185932385,32.5275844691,25.0000000000,12.7413098547,1.0000000000,0.8064000000,250.0000000000,0,0,0,38,0
823,100,0,4,100,100,0,0,0,0,0,100,100,0.0185932385,32.5089912306,25.0000000000,12.7413098547,1.0000000000,0.8064000000,250.0000000000,0,0,0,38,0
824,100,0,4,100,100,0,0,0,0,0,100,100,0.0185932385,32.4903979921,25.0000000000,12.7413098547,1.0000000000,0.8064000000,250.0000000000,0,0,0,38,0
825,100,0,4,100,100,0,0,0,0,0,100,100,0.0185932385,32.4718047537,25.0000000000,12.7413098547,1.0000000000,0.8064000000,250.0000000000,0,0,0,38,0
826,100,0,3,100,100,0,0,1,103,491,100,100,0.0284394062,32.4433653475,33.3333333333,14.3540803632,1.0000000000,0.8888000000,226.8226822682,0,0,0,19,0
827,100,0,3,100,100,0,0,0,0,0,100,100,0.0209490825,32.4224162650,33.3333333333,14.3540803632,1.0000000000,0.8064000000,250.0000000000,0,0,0,19,0
828,100,0,3,100,100,0,0,0,0,0,100,100,0.0209490825,32.4014671825,33.3333333333,14.3540803632,1.0000000000,0.8064000000,250.0000000000,0,0,0,19,0
829,100,0,3,100,100,0,0,0,0,0,100,100,0.0209490825,32.3805181000,33.3333333333,14.3540803632,1.0000000000,0.8064000000,250.0000000000,0,0,0,19,0
830,100,0,3,100,100,0,0,0,0,0,100,100,0.0209490825,32.3595690175,33.3333333333,14.3540803632,1.0000000000,0.8064000000,250.0000000000,0,0,0,19,0
831,100,0,1,100,100,0,0,1,101,297,100,100,0.0219744056,32.3375946119,100.0000000000,10.2414312547,1.0000000000,0.8872000000,227.2317403066,0,0,0,72,0
832,100,0,1,100,100,0,0,0,0,0,100,100,0.0162122534,32.3213823585,100.0000000000,10.2414312547,1.0000000000,0.8064000000,250.0000000000,0,0,0,72,0
833,100,0,1,100,100,0,0,0,0,0,100,100,0.0162122534,32.3051701052,100.0000000000,10.2414312547,1.0000000000,0.8064000000,250.0000000000,0,0,0,72,0
834,100,0,1,100,100,0,0,0,0,0,100,100,0.0162122534,32.2889578518,100.0000000000,10.2414312547,1.0000000000,0.8064000000,250.0000000000,0,0,0,72,0
835,100,0,1,100,100,0,0,0,0,0,100,100,0.0162122534,32.2727455984,100.0000000000,10.2414312547,1.0000000000,0.8064000000,250.0000000000,0,0,0,72,0
836,100,0,1,100,100,0,0,1,101,297,100,100,0.0214223852,32.2513232133,100.0000000000,9.3543947309,1.0000000000,0.8872000000,227.2317403066,0,0,0,83,0
837,100,0,1,100,100,0,0,0,0,0,100,100,0.0150009166,32.2363222967,100.0000000000,9.3543947309,1.0000000000,0.8064000000,250.0000000000,0,0,0,83,0
838,100,0,1,100,100,0,0,0,0,0,100,100,0.0150009166,32.2213213801,100.0000000000,9.3543947309,1.0000000000,0.8064000000,250.0000000000,0,0,0,83,0
839,100,0,1,100,100,0,0,0,0,0,100,100,0.0150009166,32.2063204635,100.0000000000,9.3543947309,1.0000000000,0.8064000000,250.0000000000,0,0,0,83,0
840,100,0,1,100,100,0,0,0,0,0,100,100,0.0150009166,32.1913195469,100.0000000000,9.3543947309,1.0000000000,0.8064000000,250.0000000000,0,0,0,83,0
841,100,0,4,100,100,0,0,1,104,588,100,100,0.0296663978,32.1616531490,25.0000000000,14.9992109588,1.0000000000,0.8896000000,226.6187050360,0,0,0,10,0
842,100,0,4,100,100,0,0,0,0,0,100,100,0.0211698516,32.1404832974,25.0000000000,14.9992109588,1.0000000000,0.8064000000,250.0000000000,0,0,0,10,0
843,100,0,4,100,100,0,0,0,0,0,100,100,0.0211698516,32.1193134457,25.0000000000,14.9992109588,1.0000000000,0.8064000000,250.0000000000,0,0,0,10,0
844,100,0,4,100,100,0,0,0,0,0,100,100,0.0211698516,32.0981435941,25.0000000000,14.9992109588,1.0000000000,0.8064000000,250.0000000000,0,0,0,10,0
845,100,0,4,100,100,0,0,0,0,0,100,100,0.0211698516,32.0769737425,25.0000000000,14.9992109588,1.0000000000,0.8064000000,250.0000000000,0,0,0,10,0
846,100,0,6,100,100,0,0,1,106,782,100,100,0.0288628032,32.0481109393,16.6666666667,12.5800222923,1.0000000000,0.8912000000,226.2118491921,0,0,0,38,0
847,100,0,6,100,100,0,0,0,0,0,100,100,0.0180853380,32.0300256013,16.6666666667,12.5800222923,1.0000000000,0.8064000000,250.0000000000,0,0,0,38,0
848,100,0,6,100,100,0,0,0,0,0,100,100,0.0180853380,32.0119402633,16.6666666667,12.5800222923,1.0000000000,0.8064000000,250.0000000000,0,0,0,38,0
849,100,0,6,100,100,0,0,0,0,0,100,100,0.0180853380,31.9938549252,16.6666666667,12.5800222923,1.0000000000,0.8064000000,250.0000000000,0,0,0,38,0
850,100,0,6,100,100,0,0,0,0,0,100,100,0.0180853380,31.9757695872,16.6666666667,12.5800222923,1.0000000000,0.8064000000,250.0000000000,0,0,0,38,0
851,100,0,2,100,100,0,0,1,102,394,100,100,0.0244540568,31.9513155304,50.0000000000,12.0961773685,1.0000000000,0.8880000000,227.0270270270,0,0,0,48,0
852,100,0,2,100,100,0,0,0,0,0,100,100,0.0178784145,31.9334371158,50.0000000000,12.0961773685,1.0000000000,0.8064000000,250.0000000000,0,0,0,48,0
853,100,0,2,100,100,0,0,0,0,0,100,100,0.0178784145,31.9155587013,50.0000000000,12.0961773685,1.0000000000,0.8064000000,250.0000000000,0,0,0,48,0
854,100,0,2,100,100,0,0,0,0,0,100,100,0.0178784145,31.8976802867,50.0000000000,12.0961773685,1.0000000000,0.8064000000,250.0000000000,0,0,0,48,0
855,100,0,2,100,100,0,0,0,0,0,100,100,0.0178784145,31.8798018722,50.0000000000,12.0961773685,1.0000000000,0.8064000000,250.0000000000,0,0,0,48,0
856,100,0,7,100,100,0,0,1,107,879,100,100,0.0308966857,31.8489051865,14.2857142857,13.8702598528,1.0000000000,0.8920000000,226.0089686099,0,0,0,21,0
857,100,0,7,100,100,0,0,0,0,0,100,100,0.0192010669,31.8297041196,14.2857142857,13.8702598528,1.0000000000,0.8064000000,250.0000000000,0,0,0,21,0
858,100,0,7,100,100,0,0,0,0,0,100,100,0.0192010669,31.8105030527,14.2857142857,13.8702598528,1.0000000000,0.8064000000,250.0000000000,0,0,0,21,0
859,100,0,7,100,100,0,0,0,0,0,100,100,0.0192010669,31.7913019857,14.2857142857,13.8702598528,1.0000000000,0.8064000000,250.0000000000,0,0,0,21,0
860,100,0,7,100,100,0,0,0,0,0,100,100,0.0192010669,31.7721009188,14.2857142857,13.8702598528,1.0000000000,0.8064000000,250.0000000000,0,0,0,21,0
861,100,0,4,100,100,0,0,1,104,588,100,100,0.0282657986,31.7438351202,25.0000000000,13.7896106493,1.0000000000,0.8896000000,226.6187050360,0,0,0,25,0
862,100,0,4,100,100,0,0,0,0,0,100,100,0.0197264795,31.7241086407,25.0000000000,13.7896106493,1.0000000000,0.8064000000,250.0000000000,0,0,0,25,0
863,100,0,4,100,100,0,0,0,0,0,100,100,0.0197264795,31.7043821612,25.0000000000,13.7896106493,1.0000000000,0.8064000000,250.0000000000,0,0,0,25,0
864,100,0,4,100,100,0,0,0,0,0,100,100,0.0197264795,31.6846556817,25.0000000000,13.7896106493,1.0000000000,0.8064000000,250.0000000000,0,0,0,25,0
865,100,0,4,100,100,0,0,0,0,0,100,100,0.0197264795,31.6649292022,25.0000000000,13.7896106493,1.0000000000,0.8064000000,250.0000000000,0,0,0,25,0
866,100,0,4,100,100,0,0,1,104,588,100,100,0.0288203472,31.6361088550,25.0000000000,14.4347398162,1.0000000000,0.8896000000,226.6187050360,0,0,0,17,0
867,100,0,4,100,100,0,0,0,0,0,100,100,0.0203268621,31.6157819928,25.0000000000,14.4347398162,1.0000000000,0.8064000000,250.0000000000,0,0,0,17,0
868,100,0,4,100,100,0,0,0,0,0,100,100,0.0203268621,31.5954551307,25.0000000000,14.4347398162,1.0000000000,0.8064000000,250.0000000000,0,0,0,17,0
869,100,0,4,100,100,0,0,0,0,0,100,100,0.0203268621,31.5751282685,25.0000000000,14.4347398162,1.0000000000,0.8064000000,250.0000000000,0,0,0,17,0
870,100,0,4,100,100,0,0,0,0,0,100,100,0.0203268621,31.5548014064,25.0000000000,14.4347398162,1.0000000000,0.8064000000,250.0000000000,0,0,0,17,0
871,100,0,2,100,100,0,0,1,102,394,100,100,0.0258738592,31.5289275472,50.0000000000,13.0638452349,1.0000000000,0.8880000000,227.0270270270,0,0,0,36,0
872,100,0,2,100,100,0,0,0,0,0,100,100,0.0193762339,31.5095513133,50.0000000000,13.0638452349,1.0000000000,0.8064000000,250.0000000000,0,0,0,36,0
873,100,0,2,100,100,0,0,0,0,0,100,100,0.0193762339,31.4901750794,50.0000000000,13.0638452349,1.0000000000,0.8064000000,250.0000000000,0,0,0,36,0
874,100,0,2,100,100,0,0,0,0,0,100,100,0.0193762339,31.4707988455,50.0000000000,13.0638452349,1.0000000000,0.8064000000,250.0000000000,0,0,0,36,0
875,100,0,2,100,100,0,0,0,0,0,100,100,0.0193762339,31.4514226116,50.0000000000,13.0638452349,1.0000000000,0.8064000000,250.0000000000,0,0,0,36,0
876,100,0,7,100,100,0,0,1,107,879,100,100,0.0318216644,31.4196009472,14.2857142857,14.4347337544,1.0000000000,0.8920000000,226.0089686099,0,0,0,14,0
877,100,0,7,100,100,0,0,0,0,0,100,100,0.0201139323,31.3994870149,14.2857142857,14.4347337544,1.0000000000,0.8064000000,250.0000000000,0,0,0,14,0
878,100,0,7,100,100,0,0,0,0,0,100,100,0.0201139323,31.3793730825,14.2857142857,14.4347337544,1.0000000000,0.8064000000,250.0000000000,0,0,0,14,0
879,100,0,7,100,100,0,0,0,0,0,100,100,0.0201139323,31.3592591502,14.2857142857,14.4347337544,1.0000000000,0.8064000000,250.0000000000,0,0,0,14,0
880,100,0,7,100,100,0,0,0,0,0,100,100,0.0201139323,31.3391452179,14.2857142857,14.4347337544,1.0000000000,0.8064000000,250.0000000000,0,0,0,14,0
881,100,0,8,100,100,0,0,1,108,976,100,100,0.0327936881,31.3063515297,12.5000000000,14.4347472178,1.0000000000,0.8928000000,225.8064516129,0,0,0,13,0
882,100,0,8,100,100,0,0,0,0,0,100,100,0.0200185936,31.2863329361,12.5000000000,14.4347472178,1.0000000000,0.8064000000,250.0000000000,0,0,0,13,0
883,100,0,8,100,100,0,0,0,0,0,100,100,0.0200185936,31.2663143426,12.5000000000,14.4347472178,1.0000000000,0.8064000000,250.0000000000,0,0,0,13,0
884,100,0,8,100,100,0,0,0,0,0,100,100,0.0200185936,31.2462957490,12.5000000000,14.4347472178,1.0000000000,0.8064000000,250.0000000000,0,0,0,13,0
885,100,0,8,100,100,0,0,0,0,0,100,100,0.0200185936,31.2262771554,12.5000000000,14.4347472178,1.0000000000,0.8064000000,250.0000000000,0,0,0,13,0
886,100,0,4,100,100,0,0,1,104,588,100,100,0.0270561210,31.1992210344,25.0000000000,12.7412953210,1.0000000000,0.8896000000,226.6187050360,0,0,0,38,0
887,100,0,4,100,100,0,0,0,0,0,100,100,0.0184549299,31.1807661046,25.0000000000,12.7412953210,1.0000000000,0.8064000000,250.0000000000,0,0,0,38,0
888,100,0,4,100,100,0,0,0,0,0,100,100,0.0184549299,31.1623111747,25.0000000000,12.7412953210,1.0000000000,0.8064000000,250.0000000000,0,0,0,38,0
889,100,0,4,100,100,0,0,0,0,0,100,100,0.0184549299,31.1438562448,25.0000000000,12.7412953210,1.0000000000,0.8064000000,250.0000000000,0,0,0,38,0
890,100,0,4,100,100,0,0,0,0,0,100,100,0.0184549299,31.1254013149,25.0000000000,12.7412953210,1.0000000000,0.8064000000,250.0000000000,0,0,0,38,0
891,100,0,10,100,100,0,0,1,110,1170,100,100,0.0359684045,31.0894329104,10.0000000000,14.9185704595,1.0000000000,0.8944000000,225.4025044723,0,0,0,5,0
892,100,0,10,100,100,0,0,0,0,0,100,100,0.0209957489,31.0684371615,10.0000000000,14.9185704595,1.0000000000,0.8064000000,250.0000000000,0,0,0,5,0
893,100,0,10,100,100,0,0,0,0,0,100,100,0.0209957489,31.0474414126,10.0000000000,14.9185704595,1.0000000000,0.8064000000,250.0000000000,0,0,0,5,0
894,100,0,10,100,100,0,0,0,0,0,100,100,0.0209957489,31.0264456637,10.0000000000,14.9185704595,1.0000000000,0.8064000000,250.0000000000,0,0,0,5,0
895,100,0,10,100,100,0,0,0,0,0,100,100,0.0209957489,31.0054499149,10.0000000000,14.9185704595,1.0000000000,0.8064000000,250.0000000000,0,0,0,5,0
896,100,0,15,100,100,0,0,1,115,1655,100,100,0.0404978059,30.9649521089,6.6666666667,14.5960074900,1.0000000000,0.8984000000,224.3989314337,0,0,0,4,0
897,100,0,15,100,100,0,0,0,0,0,100,100,0.0201704299,30.9447816790,6.6666666667,14.5960074900,1.0000000000,0.8064000000,250.0000000000,0,0,0,4,0
898,100,0,15,100,100,0,0,0,0,0,100,100,0.0201704299,30.9246112491,6.6666666667,14.5960074900,1.0000000000,0.8064000000,250.0000000000,0,0,0,4,0
899,100,0,15,100,100,0,0,0,0,0,100,100,0.0201704299,30.9044408192,6.6666666667,14.5960074900,1.0000000000,0.8064000000,250.0000000000,0,0,0,4,0
900,100,0,15,100,100,0,0,0,0,0,100,100,0.0201704299,30.8842703893,6.6666666667,14.5960074900,1.0000000000,0.8064000000,250.0000000000,0,0,0,4,0
901,100,0,1,100,100,0,0,1,101,297,100,100,0.0215812209,30.8626891684,100.0000000000,9.5963155299,1.0000000000,0.8872000000,227.2317403066,0,0,0,80,0
902,100,0,1,100,100,0,0,0,0,0,100,100,0.0153296265,30.8473595419,100.0000000000,9.5963155299,1.0000000000,0.8064000000,250.0000000000,0,0,0,80,0
903,100,0,1,100,100,0,0,0,0,0,100,100,0.0153296265,30.8320299154,100.0000000000,9.5963155299,1.0000000000,0.8064000000,250.0000000000,0,0,0,80,0
904,100,0,1,100,100,0,0,0,0,0,100,100,0.0153296265,30.8167002889,100.0000000000,9.5963155299,1.0000000000,0.8064000000,250.0000000000,0,0,0,80,0
905,100,0,1,100,100,0,0,0,0,0,100,100,0.0153296265,30.8013706624,100.0000000000,9.5963155299,1.0000000000,0.8064000000,250.0000000000,0,0,0,80,0
906,100,0,1,100,100,0,0,1,101,297,100,100,0.0226725581,30.7786981044,100.0000000000,11.1284690227,1.0000000000,0.8872000000,227.2317403066,0,0,0,61,0
907,100,0,1,100,100,0,0,0,0,0,100,100,0.0170839705,30.7616141339,100.0000000000,11.1284690227,1.0000000000,0.8064000000,250.0000000000,0,0,0,61,0
908,100,0,1,100,100,0,0,0,0,0,100,100,0.0170839705,30.7445301634,100.0000000000,11.1284690227,1.0000000000,0.8064000000,250.0000000000,0,0,0,61,0
909,100,0,1,100,100,0,0,0,0,0,100,100,0.0170839705,30.7274461929,100.0000000000,11.1284690227,1.0000000000,0.8064000000,250.0000000000,0,0,0,61,0
910,100,0,1,100,100,0,0,0,0,0,100,100,0.0170839705,30.7103622224,100.0000000000,11.1284690227,1.0000000000,0.8064000000,250.0000000000,0,0,0,61,0
911,100,0,4,100,100,0,0,1,104,588,100,100,0.0269117708,30.6834504516,25.0000000000,12.3381029004,1.0000000000,0.8896000000,226.6187050360,0,0,0,43,0
912,100,0,4,100,100,0,0,0,0,0,100,100,0.0182622045,30.6651882471,25.0000000000,12.3381029004,1.0000000000,0.8064000000,250.0000000000,0,0,0,43,0
913,100,0,4,100,100,0,0,0,0,0,100,100,0.0182622045,30.6469260427,25.0000000000,12.3381029004,1.0000000000,0.8064000000,250.0000000000,0,0,0,43,0
914,100,0,4,100,100,0,0,0,0,0,100,100,0.0182622045,30.6286638382,25.0000000000,12.3381029004,1.0000000000,0.8064000000,250.0000000000,0,0,0,43,0
915,100,0,4,100,100,0,0,0,0,0,100,100,0.0182622045,30.6104016338,25.0000000000,12.3381029004,1.0000000000,0.8064000000,250.0000000000,0,0,0,43,0
916,100,0,4,100,100,0,0,1,104,588,100,100,0.0264559120,30.5839457218,25.0000000000,12.4993794959,1.0000000000,0.8896000000,226.6187050360,0,0,0,41,0
917,100,0,4,100,100,0,0,0,0,0,100,100,0.0178612183,30.5660845035,25.0000000000,12.4993794959,1.0000000000,0.8064000000,250.0000000000,0,0,0,41,0
918,100,0,4,100,100,0,0,0,0,0,100,100,0.0178612183,30.5482232853,25.0000000000,12.4993794959,1.0000000000,0.8064000000,250.0000000000,0,0,0,41,0
919,100,0,4,100,100,0,0,0,0,0,100,100,0.0178612183,30.5303620670,25.0000000000,12.4993794959,1.0000000000,0.8064000000,250.0000000000,0,0,0,41,0
920,100,0,4,100,100,0,0,0,0,0,100,100,0.0178612183,30.5125008487,25.0000000000,12.4993794959,1.0000000000,0.8064000000,250.0000000000,0,0,0,41,0
921,100,0,1,100,100,0,0,1,101,297,100,100,0.0239174774,30.4885833714,100.0000000000,11.9348719584,1.0000000000,0.8872000000,227.2317403066,0,0,0,51,0
922,100,0,1,100,100,0,0,0,0,0,100,100,0.0184016022,30.4701817692,100.0000000000,11.9348719584,1.0000000000,0.8064000000,250.0000000000,0,0,0,51,0
923,100,0,1,100,100,0,0,0,0,0,100,100,0.0184016022,30.4517801670,100.0000000000,11.9348719584,1.0000000000,0.8064000000,250.0000000000,0,0,0,51,0
924,100,0,1,100,100,0,0,0,0,0,100,100,0.0184016022,30.4333785647,100.0000000000,11.9348719584,1.0000000000,0.8064000000,250.0000000000,0,0,0,51,0
925,100,0,1,100,100,0,0,0,0,0,100,100,0.0184016022,30.4149769625,100.0000000000,11.9348719584,1.0000000000,0.8064000000,250.0000000000,0,0,0,51,0
926,100,0,3,100,100,0,0,1,103,491,100,100,0.0254486118,30.3895283507,33.3333333333,12.0961710792,1.0000000000,0.8888000000,226.8226822682,0,0,0,47,0
927,100,0,3,100,100,0,0,0,0,0,100,100,0.0177709810,30.3717573698,33.3333333333,12.0961710792,1.0000000000,0.8064000000,250.0000000000,0,0,0,47,0
928,100,0,3,100,100,0,0,0,0,0,100,100,0.0177709810,30.3539863888,33.3333333333,12.0961710792,1.0000000000,0.8064000000,250.0000000000,0,0,0,47,0
929,100,0,3,100,100,0,0,0,0,0,100,100,0.0177709810,30.3362154078,33.3333333333,12.0961710792,1.0000000000,0.8064000000,250.0000000000,0,0,0,47,0
930,100,0,3,100,100,0,0,0,0,0,100,100,0.0177709810,30.3184444268,33.3333333333,12.0961710792,1.0000000000,0.8064000000,250.0000000000,0,0,0,47,0
931,100,0,3,100,100,0,0,1,103,491,100,100,0.0269194864,30.2915249404,33.3333333333,13.3057684606,1.0000000000,0.8888000000,226.8226822682,0,0,0,32,0
932,100,0,3,100,100,0,0,0,0,0,100,100,0.0194036528,30.2721212877,33.3333333333,13.3057684606,1.0000000000,0.8064000000,250.0000000000,0,0,0,32,0
933,100,0,3,100,100,0,0,0,0,0,100,100,0.0194036528,30.2527176349,33.3333333333,13.3057684606,1.0000000000,0.8064000000,250.0000000000,0,0,0,32,0
934,100,0,3,100,100,0,0,0,0,0,100,100,0.0194036528,30.2333139822,33.3333333333,13.3057684606,1.0000000000,0.8064000000,250.0000000000,0,0,0,32,0
935,100,0,3,100,100,0,0,0,0,0,100,100,0.0194036528,30.2139103294,33.3333333333,13.3057684606,1.0000000000,0.8064000000,250.0000000000,0,0,0,32,0
936,100,0,1,100,100,0,0,1,101,297,100,100,0.0218047762,30.1921055532,100.0000000000,9.9995186018,1.0000000000,0.8872000000,227.2317403066,0,0,0,75,0
937,100,0,1,100,100,0,0,0,0,0,100,100,0.0156077285,30.1764978247,100.0000000000,9.9995186018,1.0000000000,0.8064000000,250.0000000000,0,0,0,75,0
938,100,0,1,100,100,0,0,0,0,0,100,100,0.0156077285,30.1608900961,100.0000000000,9.9995186018,1.0000000000,0.8064000000,250.0000000000,0,0,0,75,0
939,100,0,1,100,100,0,0,0,0,0,100,100,0.0156077285,30.1452823676,100.0000000000,9.9995186018,1.0000000000,0.8064000000,250.0000000000,0,0,0,75,0
940,100,0,1,100,100,0,0,0,0,0,100,100,0.0156077285,30.1296746391,100.0000000000,9.9995186018,1.0000000000,0.8064000000,250.0000000000,0,0,0,75,0
941,100,0,2,100,100,0,0,1,102,394,100,100,0.0243929357,30.1052817034,50.0000000000,12.1768198320,1.0000000000,0.8880000000,227.0270270270,0,0,0,47,0
942,100,0,2,100,100,0,0,0,0,0,100,100,0.0178458477,30.0874358558,50.0000000000,12.1768198320,1.0000000000,0.8064000000,250.0000000000,0,0,0,47,0
943,100,0,2,100,100,0,0,0,0,0,100,100,0.0178458477,30.0695900081,50.0000000000,12.1768198320,1.0000000000,0.8064000000,250.0000000000,0,0,0,47,0
944,100,0,2,100,100,0,0,0,0,0,100,100,0.0178458477,30.0517441604,50.0000000000,12.1768198320,1.0000000000,0.8064000000,250.0000000000,0,0,0,47,0
945,100,0,2,100,100,0,0,0,0,0,100,100,0.0178458477,30.0338983127,50.0000000000,12.1768198320,1.0000000000,0.8064000000,250.0000000000,0,0,0,47,0
946,100,0,6,100,100,0,0,1,106,782,100,100,0.0314748097,30.0024235031,16.6666666667,14.8379309326,1.0000000000,0.8912000000,226.2118491921,0,0,0,10,0
947,100,0,6,100,100,0,0,0,0,0,100,100,0.0208261234,29.9815973797,16.6666666667,14.8379309326,1.0000000000,0.8064000000,250.0000000000,0,0,0,10,0
948,100,0,6,100,100,0,0,0,0,0,100,100,0.0208261234,29.9607712563,16.6666666667,14.8379309326,1.0000000000,0.8064000000,250.0000000000,0,0,0,10,0
949,100,0,6,100,100,0,0,0,0,0,100,100,0.0208261234,29.9399451328,16.6666666667,14.8379309326,1.0000000000,0.8064000000,250.0000000000,0,0,0,10,0
950,100,0,6,100,100,0,0,0,0,0,100,100,0.0208261234,29.9191190094,16.6666666667,14.8379309326,1.0000000000,0.8064000000,250.0000000000,0,0,0,10,0
951,100,0,6,100,100,0,0,1,106,782,100,100,0.0299683110,29.8891506984,16.6666666667,13.3864095163,1.0000000000,0.8912000000,226.2118491921,0,0,0,28,0
952,100,0,6,100,100,0,0,0,0,0,100,100,0.0192537216,29.8698969768,16.6666666667,13.3864095163,1.0000000000,0.8064000000,250.0000000000,0,0,0,28,0
953,100,0,6,100,100,0,0,0,0,0,100,100,0.0192537216,29.8506432552,16.6666666667,13.3864095163,1.0000000000,0.8064000000,250.0000000000,0,0,0,28,0
954,100,0,6,100,100,0,0,0,0,0,100,100,0.0192537216,29.8313895336,16.6666666667,13.3864095163,1.0000000000,0.8064000000,250.0000000000,0,0,0,28,0
955,100,0,6,100,100,0,0,0,0,0,100,100,0.0192537216,29.8121358120,16.6666666667,13.3864095163,1.0000000000,0.8064000000,250.0000000000,0,0,0,28,0
956,100,0,3,100,100,0,0,1,103,491,100,100,0.0263841543,29.7857516576,33.3333333333,12.9025766518,1.0000000000,0.8888000000,226.8226822682,0,0,0,37,0
957,100,0,3,100,100,0,0,0,0,0,100,100,0.0188627523,29.7668889053,33.3333333333,12.9025766518,1.0000000000,0.8064000000,250.0000000000,0,0,0,37,0
958,100,0,3,100,100,0,0,0,0,0,100,100,0.0188627523,29.7480261530,33.3333333333,12.9025766518,1.0000000000,0.8064000000,250.0000000000,0,0,0,37,0
959,100,0,3,100,100,0,0,0,0,0,100,100,0.0188627523,29.7291634006,33.3333333333,12.9025766518,1.0000000000,0.8064000000,250.0000000000,0,0,0,37,0
960,100,0,3,100,100,0,0,0,0,0,100,100,0.0188627523,29.7103006483,33.3333333333,12.9025766518,1.0000000000,0.8064000000,250.0000000000,0,0,0,37,0
961,100,0,1,100,100,0,0,1,101,297,100,100,0.0220322103,29.6882684380,100.0000000000,10.0801633200,1.0000000000,0.8872000000,227.2317403066,0,0,0,74,0
962,100,0,1,100,100,0,0,0,0,0,100,100,0.0157655848,29.6725028532,100.0000000000,10.0801633200,1.0000000000,0.8064000000,250.0000000000,0,0,0,74,0
963,100,0,1,100,100,0,0,0,0,0,100,100,0.0157655848,29.6567372683,100.0000000000,10.0801633200,1.0000000000,0.8064000000,250.0000000000,0,0,0,74,0
964,100,0,1,100,100,0,0,0,0,0,100,100,0.0157655848,29.6409716835,100.0000000000,10.0801633200,1.0000000000,0.8064000000,250.0000000000,0,0,0,74,0
965,100,0,1,100,100,0,0,0,0,0,100,100,0.0157655848,29.6252060987,100.0000000000,10.0801633200,1.0000000000,0.8064000000,250.0000000000,0,0,0,74,0
966,100,0,6,100,100,0,0,1,106,782,100,100,0.0316512594,29.5935548393,16.6666666667,15.0798562241,1.0000000000,0.8912000000,226.2118491921,0,0,0,7,0
967,100,0,6,100,100,0,0,0,0,0,100,100,0.0210248050,29.5725300343,16.6666666667,15.0798562241,1.0000000000,0.8064000000,250.0000000000,0,0,0,7,0
968,100,0,6,100,100,0,0,0,0,0,100,100,0.0210248050,29.5515052293,16.6666666667,15.0798562241,1.0000000000,0.8064000000,250.0000000000,0,0,0,7,0
969,100,0,6,100,100,0,0,0,0,0,100,100,0.0210248050,29.5304804242,16.6666666667,15.0798562241,1.0000000000,0.8064000000,250.0000000000,0,0,0,7,0
970,100,0,6,100,100,0,0,0,0,0,100,100,0.0210248050,29.5094556192,16.6666666667,15.0798562241,1.0000000000,0.8064000000,250.0000000000,0,0,0,7,0
971,100,0,6,100,100,0,0,1,106,782,100,100,0.0289122571,29.4805433621,16.6666666667,12.5800137088,1.0000000000,0.8912000000,226.2118491921,0,0,0,38,0
972,100,0,6,100,100,0,0,0,0,0,100,100,0.0181294708,29.4624138912,16.6666666667,12.5800137088,1.0000000000,0.8064000000,250.0000000000,0,0,0,38,0
973,100,0,6,100,100,0,0,0,0,0,100,100,0.0181294708,29.4442844204,16.6666666667,12.5800137088,1.0000000000,0.8064000000,250.0000000000,0,0,0,38,0
974,100,0,6,100,100,0,0,0,0,0,100,100,0.0181294708,29.4261549496,16.6666666667,12.5800137088,1.0000000000,0.8064000000,250.0000000000,0,0,0,38,0
975,100,0,6,100,100,0,0,0,0,0,100,100,0.0181294708,29.4080254788,16.6666666667,12.5800137088,1.0000000000,0.8064000000,250.0000000000,0,0,0,38,0
976,100,0,3,100,100,0,0,1,103,491,100,100,0.0261977950,29.3818276837,33.3333333333,12.5799975444,1.0000000000,0.8888000000,226.8226822682,0,0,0,41,0
977,100,0,3,100,100,0,0,0,0,0,100,100,0.0186312789,29.3631964048,33.3333333333,12.5799975444,1.0000000000,0.8064000000,250.0000000000,0,0,0,41,0
978,100,0,3,100,100,0,0,0,0,0,100,100,0.0186312789,29.3445651259,33.3333333333,12.5799975444,1.0000000000,0.8064000000,250.0000000000,0,0,0,41,0
979,100,0,3,100,100,0,0,0,0,0,100,100,0.0186312789,29.3259338470,33.3333333333,12.5799975444,1.0000000000,0.8064000000,250.0000000000,0,0,0,41,0
980,100,0,3,100,100,0,0,0,0,0,100,100,0.0186312789,29.3073025681,33.3333333333,12.5799975444,1.0000000000,0.8064000000,250.0000000000,0,0,0,41,0
981,100,0,6,100,100,0,0,1,106,782,100,100,0.0324356192,29.2748669489,16.6666666667,15.5636929387,1.0000000000,0.8912000000,226.2118491921,0,0,0,1,0
982,100,0,6,100,100,0,0,0,0,0,100,100,0.0217951055,29.2530718434,16.6666666667,15.5636929387,1.0000000000,0.8064000000,250.0000000000,0,0,0,1,0
983,100,0,6,100,100,0,0,0,0,0,100,100,0.0217951055,29.2312767379,16.6666666667,15.5636929387,1.0000000000,0.8064000000,250.0000000000,0,0,0,1,0
984,100,0,6,100,100,0,0,0,0,0,100,100,0.0217951055,29.2094816323,16.6666666667,15.5636929387,1.0000000000,0.8064000000,250.0000000000,0,0,0,1,0
985,100,0,6,100,100,0,0,0,0,0,100,100,0.0217951055,29.1876865268,16.6666666667,15.5636929387,1.0000000000,0.8064000000,250.0000000000,0,0,0,1,0
986,100,0,6,100,100,0,0,1,106,782,100,100,0.0307427827,29.1569437441,16.6666666667,13.9508866218,1.0000000000,0.8912000000,226.2118491921,0,0,0,21,0
987,100,0,6,100,100,0,0,0,0,0,100,100,0.0200426747,29.1369010693,16.6666666667,13.9508866218,1.0000000000,0.8064000000,250.0000000000,0,0,0,21,0
988,100,0,6,100,100,0,0,0,0,0,100,100,0.0200426747,29.1168583946,16.6666666667,13.9508866218,1.0000000000,0.8064000000,250.0000000000,0,0,0,21,0
989,100,0,6,100,100,0,0,0,0,0,100,100,0.0200426747,29.0968157199,16.6666666667,13.9508866218,1.0000000000,0.8064000000,250.0000000000,0,0,0,21,0
990,100,0,6,100,100,0,0,0,0,0,100,100,0.0200426747,29.0767730452,16.6666666667,13.9508866218,1.0000000000,0.8064000000,250.0000000000,0,0,0,21,0
991,100,0,11,100,100,0,0,1,111,1267,100,100,0.0364377470,29.0403352982,9.0909090909,14.8379264027,1.0000000000,0.8952000000,225.2010723861,0,0,0,5,0
992,100,0,11,100,100,0,0,0,0,0,100,100,0.0204351112,29.0199001870,9.0909090909,14.8379264027,1.0000000000,0.8064000000,250.0000000000,0,0,0,5,0
993,100,0,11,100,100,0,0,0,0,0,100,100,0.0204351112,28.9994650758,9.0909090909,14.8379264027,1.0000000000,0.8064000000,250.0000000000,0,0,0,5,0
994,100,0,11,100,100,0,0,0,0,0,100,100,0.0204351112,28.9790299646,9.0909090909,14.8379264027,1.0000000000,0.8064000000,250.0000000000,0,0,0,5,0
995,100,0,11,100,100,0,0,0,0,0,100,100,0.0204351112,28.9585948534,9.0909090909,14.8379264027,1.0000000000,0.8064000000,250.0000000000,0,0,0,5,0
996,100,0,7,100,100,0,0,1,107,879,100,100,0.0302766854,28.9283181680,14.2857142857,12.6606588534,1.0000000000,0.8920000000,226.0089686099,0,0,0,36,0
997,100,0,7,100,100,0,0,0,0,0,100,100,0.0184402969,28.9098778710,14.2857142857,12.6606588534,1.0000000000,0.8064000000,250.0000000000,0,0,0,36,0
998,100,0,7,100,100,0,0,0,0,0,100,100,0.0184402969,28.8914375741,14.2857142857,12.6606588534,1.0000000000,0.8064000000,250.0000000000,0,0,0,36,0
999,100,0,7,100,100,0,0,0,0,0,100,100,0.0184402969,28.8729972772,14.2857142857,12.6606588534,1.0000000000,0.8064000000,250.0000000000,0,0,0,36,0
1000,100,0,7,100,100,0,0,0,0,0,100,100,0.0184402969,28.8545569803,14.2857142857,12.6606588534,1.0000000000,0.8064000000,250.0000000000,0,0,0,36,0
1001,100,0,2,100,100,0,0,1,102,394,100,100,0.0240196064,28.8305373739,50.0000000000,11.6123440226,1.0000000000,0.8880000000,227.0270270270,0,0,0,54,0
1002,100,0,2,100,100,0,0,0,0,0,100,100,0.0174170778,28.8131202961,50.0000000000,11.6123440226,1.0000000000,0.8064000000,250.0000000000,0,0,0,54,0
1003,100,0,2,100,100,0,0,0,0,0,100,100,0.0174170778,28.7957032182,50.0000000000,11.6123440226,1.0000000000,0.8064000000,250.0000000000,0,0,0,54,0
1004,100,0,2,100,100,0,0,0,0,0,100,100,0.0174170778,28.7782861404,50.0000000000,11.6123440226,1.0000000000,0.8064000000,250.0000000000,0,0,0,54,0
1005,100,0,2,100,100,0,0,0,0,0,100,100,0.0174170778,28.7608690625,50.0000000000,11.6123440226,1.0000000000,0.8064000000,250.0000000000,0,0,0,54,0
1006,100,0,1,100,100,0,0,1,101,297,100,100,0.0226149209,28.7382541416,100.0000000000,10.8059224137,1.0000000000,0.8872000000,227.2317403066,0,0,0,65,0
1007,100,0,1,100,100,0,0,0,0,0,100,100,0.0168312662,28.7214228754,100.0000000000,10.8059224137,1.0000000000,0.8064000000,250.0000000000,0,0,0,65,0
1008,100,0,1,100,100,0,0,0,0,0,100,100,0.0168312662,28.7045916093,100.0000000000,10.8059224137,1.0000000000,0.8064000000,250.0000000000,0,0,0,65,0
1009,100,0,1,100,100,0,0,0,0,0,100,100,0.0168312662,28.6877603431,100.0000000000,10.8059224137,1.0000000000,0.8064000000,250.0000000000,0,0,0,65,0
1010,100,0,1,100,100,0,0,0,0,0,100,100,0.0168312662,28.6709290770,100.0000000000,10.8059224137,1.0000000000,0.8064000000,250.0000000000,0,0,0,65,0
1011,100,0,4,100,100,0,0,1,104,588,100,100,0.0292754346,28.6416536424,25.0000000000,14.6766659806,1.0000000000,0.8896000000,226.6187050360,0,0,0,14,0
1012,100,0,4,100,100,0,0,0,0,0,100,100,0.0207721954,28.6208814470,25.0000000000,14.6766659806,1.0000000000,0.8064000000,250.0000000000,0,0,0,14,0
1013,100,0,4,100,100,0,0,0,0,0,100,100,0.0207721954,28.6001092517,25.0000000000,14.6766659806,1.0000000000,0.8064000000,250.0000000000,0,0,0,14,0
1014,100,0,4,100,100,0,0,0,0,0,100,100,0.0207721954,28.5793370563,25.0000000000,14.6766659806,1.0000000000,0.8064000000,250.0000000000,0,0,0,14,0
1015,100,0,4,100,100,0,0,0,0,0,100,100,0.0207721954,28.5585648609,25.0000000000,14.6766659806,1.0000000000,0.8064000000,250.0000000000,0,0,0,14,0
1016,100,0,4,100,100,0,0,1,104,588,100,100,0.0280562486,28.5305086124,25.0000000000,13.7089867267,1.0000000000,0.8896000000,226.6187050360,0,0,0,26,0
1017,100,0,4,100,100,0,0,0,0,0,100,100,0.0195252294,28.5109833829,25.0000000000,13.7089867267,1.0000000000,0.8064000000,250.0000000000,0,0,0,26,0
1018,100,0,4,100,100,0,0,0,0,0,100,100,0.0195252294,28.4914581535,25.0000000000,13.7089867267,1.0000000000,0.8064000000,250.0000000000,0,0,0,26,0
1019,100,0,4,100,100,0,0,0,0,0,100,100,0.0195252294,28.4719329240,25.0000000000,13.7089867267,1.0000000000,0.8064000000,250.0000000000,0,0,0,26,0
1020,100,0,4,100,100,0,0,0,0,0,100,100,0.0195252294,28.4524076946,25.0000000000,13.7089867267,1.0000000000,0.8064000000,250.0000000000,0,0,0,26,0
1021,100,0,2,100,100,0,0,1,102,394,100,100,0.0244553135,28.4279523811,50.0000000000,12.0961748831,1.0000000000,0.8880000000,227.0270270270,0,0,0,48,0
1022,100,0,2,100,100,0,0,0,0,0,100,100,0.0178739821,28.4100783990,50.0000000000,12.0961748831,1.0000000000,0.8064000000,250.0000000000,0,0,0,48,0
1023,100,0,2,100,100,0,0,0,0,0,100,100,0.0178739821,28.3922044169,50.0000000000,12.0961748831,1.0000000000,0.8064000000,250.0000000000,0,0,0,48,0
1024,100,0,2,100,100,0,0,0,0,0,100,100,0.0178739821,28.3743304348,50.0000000000,12.0961748831,1.0000000000,0.8064000000,250.0000000000,0,0,0,48,0
1025,100,0,2,100,100,0,0,0,0,0,100,100,0.0178739821,28.3564564527,50.0000000000,12.0961748831,1.0000000000,0.8064000000,250.0000000000,0,0,0,48,0
1026,100,0,2,100,100,0,0,1,102,394,100,100,0.0241557542,28.3323006985,50.0000000000,11.6123364908,1.0000000000,0.8880000000,227.0270270270,0,0,0,54,0
1027,100,0,2,100,100,0,0,0,0,0,100,100,0.0174657639,28.3148349346,50.0000000000,11.6123364908,1.0000000000,0.8064000000,250.0000000000,0,0,0,54,0
1028,100,0,2,100,100,0,0,0,0,0,100,100,0.0174657639,28.2973691707,50.0000000000,11.6123364908,1.0000000000,0.8064000000,250.0000000000,0,0,0,54,0
1029,100,0,2,100,100,0,0,0,0,0,100,100,0.0174657639,28.2799034068,50.0000000000,11.6123364908,1.0000000000,0.8064000000,250.0000000000,0,0,0,54,0
1030,100,0,2,100,100,0,0,0,0,0,100,100,0.0174657639,28.2624376429,50.0000000000,11.6123364908,1.0000000000,0.8064000000,250.0000000000,0,0,0,54,0
1031,100,0,3,100,100,0,0,1,103,491,100,100,0.0272463830,28.2351912600,33.3333333333,13.2251342234,1.0000000000,0.8888000000,226.8226822682,0,0,0,33,0
1032,100,0,3,100,100,0,0,0,0,0,100,100,0.0197080448,28.2154832152,33.3333333333,13.2251342234,1.0000000000,0.8064000000,250.0000000000,0,0,0,33,0
1033,100,0,3,100,100,0,0,0,0,0,100,100,0.0197080448,28.1957751704,33.3333333333,13.2251342234,1.0000000000,0.8064000000,250.0000000000,0,0,0,33,0
1034,100,0,3,100,100,0,0,0,0,0,100,100,0.0197080448,28.1760671256,33.3333333333,13.2251342234,1.0000000000,0.8064000000,250.0000000000,0,0,0,33,0
1035,100,0,3,100,100,0,0,0,0,0,100,100,0.0197080448,28.1563590807,33.3333333333,13.2251342234,1.0000000000,0.8064000000,250.0000000000,0,0,0,33,0
1036,100,0,2,100,100,0,0,1,102,394,100,100,0.0252315634,28.1311275173,50.0000000000,12.6606449567,1.0000000000,0.8880000000,227.0270270270,0,0,0,41,0
1037,100,0,2,100,100,0,0,0,0,0,100,100,0.0187029493,28.1124245680,50.0000000000,12.6606449567,1.0000000000,0.8064000000,250.0000000000,0,0,0,41,0
1038,100,0,2,100,100,0,0,0,0,0,100,100,0.0187029493,28.0937216187,50.0000000000,12.6606449567,1.0000000000,0.8064000000,250.0000000000,0,0,0,41,0
1039,100,0,2,100,100,0,0,0,0,0,100,100,0.0187029493,28.0750186694,50.0000000000,12.6606449567,1.0000000000,0.8064000000,250.0000000000,0,0,0,41,0
1040,100,0,2,100,100,0,0,0,0,0,100,100,0.0187029493,28.0563157201,50.0000000000,12.6606449567,1.0000000000,0.8064000000,250.0000000000,0,0,0,41,0
1041,100,0,3,100,100,0,0,1,103,491,100,100,0.0278735478,28.0284421723,33.3333333333,14.1121608861,1.0000000000,0.8888000000,226.8226822682,0,0,0,22,0
1042,100,0,3,100,100,0,0,0,0,0,100,100,0.0203927722,28.0080494001,33.3333333333,14.1121608861,1.0000000000,0.8064000000,250.0000000000,0,0,0,22,0
1043,100,0,3,100,100,0,0,0,0,0,100,100,0.0203927722,27.9876566279,33.3333333333,14.1121608861,1.0000000000,0.8064000000,250.0000000000,0,0,0,22,0
1044,100,0,3,100,100,0,0,0,0,0,100,100,0.0203927722,27.9672638556,33.3333333333,14.1121608861,1.0000000000,0.8064000000,250.0000000000,0,0,0,22,0
1045,100,0,3,100,100,0,0,0,0,0,100,100,0.0203927722,27.9468710834,33.3333333333,14.1121608861,1.0000000000,0.8064000000,250.0000000000,0,0,0,22,0
1046,100,0,4,100,100,0,0,1,104,588,100,100,0.0282329821,27.9186381014,25.0000000000,13.3864171570,1.0000000000,0.8896000000,226.6187050360,0,0,0,30,0
1047,100,0,4,100,100,0,0,0,0,0,100,100,0.0196435714,27.8989945300,25.0000000000,13.3864171570,1.0000000000,0.8064000000,250.0000000000,0,0,0,30,0
1048,100,0,4,100,100,0,0,0,0,0,100,100,0.0196435714,27.8793509586,25.0000000000,13.3864171570,1.0000000000,0.8064000000,250.0000000000,0,0,0,30,0
1049,100,0,4,100,100,0,0,0,0,0,100,100,0.0196435714,27.8597073872,25.0000000000,13.3864171570,1.0000000000,0.8064000000,250.0000000000,0,0,0,30,0
1050,100,0,4,100,100,0,0,0,0,0,100,100,0.0196435714,27.8400638158,25.0000000000,13.3864171570,1.0000000000,0.8064000000,250.0000000000,0,0,0,30,0
1051,100,0,5,100,100,0,0,1,105,685,100,100,0.0307407796,27.8093230362,20.0000000000,15.2411370842,1.0000000000,0.8904000000,226.4150943396,0,0,0,6,0
1052,100,0,5,100,100,0,0,0,0,0,100,100,0.0212016270,27.7881214092,20.0000000000,15.2411370842,1.0000000000,0.8064000000,250.0000000000,0,0,0,6,0
1053,100,0,5,100,100,0,0,0,0,0,100,100,0.0212016270,27.7669197822,20.0000000000,15.2411370842,1.0000000000,0.8064000000,250.0000000000,0,0,0,6,0
1054,100,0,5,100,100,0,0,0,0,0,100,100,0.0212016270,27.7457181551,20.0000000000,15.2411370842,1.0000000000,0.8064000000,250.0000000000,0,0,0,6,0
1055,100,0,5,100,100,0,0,0,0,0,100,100,0.0212016270,27.7245165281,20.0000000000,15.2411370842,1.0000000000,0.8064000000,250.0000000000,0,0,0,6,0
1056,100,0,3,100,100,0,0,1,103,491,100,100,0.0266404978,27.6978760303,33.3333333333,13.4670551908,1.0000000000,0.8888000000,226.8226822682,0,0,0,30,0
1057,100,0,3,100,100,0,0,0,0,0,100,100,0.0191896601,27.6786863702,33.3333333333,13.4670551908,1.0000000000,0.8064000000,250.0000000000,0,0,0,30,0
1058,100,0,3,100,100,0,0,0,0,0,100,100,0.0191896601,27.6594967102,33.3333333333,13.4670551908,1.0000000000,0.8064000000,250.0000000000,0,0,0,30,0
1059,100,0,3,100,100,0,0,0,0,0,100,100,0.0191896601,27.6403070501,33.3333333333,13.4670551908,1.0000000000,0.8064000000,250.0000000000,0,0,0,30,0
1060,100,0,3,100,100,0,0,0,0,0,100,100,0.0191896601,27.6211173900,33.3333333333,13.4670551908,1.0000000000,0.8064000000,250.0000000000,0,0,0,30,0
1061,100,0,5,100,100,0,0,1,105,685,100,100,0.0300579483,27.5910594418,20.0000000000,14.7572948240,1.0000000000,0.8904000000,226.4150943396,0,0,0,12,0
1062,100,0,5,100,100,0,0,0,0,0,100,100,0.0205143960,27.5705450457,20.0000000000,14.7572948240,1.0000000000,0.8064000000,250.0000000000,0,0,0,12,0
1063,100,0,5,100,100,0,0,0,0,0,100,100,0.0205143960,27.5500306497,20.0000000000,14.7572948240,1.0000000000,0.8064000000,250.0000000000,0,0,0,12,0
1064,100,0,5,100,100,0,0,0,0,0,100,100,0.0205143960,27.5295162537,20.0000000000,14.7572948240,1.0000000000,0.8064000000,250.0000000000,0,0,0,12,0
1065,100,0,5,100,100,0,0,0,0,0,100,100,0.0205143960,27.5090018576,20.0000000000,14.7572948240,1.0000000000,0.8064000000,250.0000000000,0,0,0,12,0
1066,100,0,3,100,100,0,0,1,103,491,100,100,0.0264809637,27.4825208939,33.3333333333,13.1444947420,1.0000000000,0.8888000000,226.8226822682,0,0,0,34,0
1067,100,0,3,100,100,0,0,0,0,0,100,100,0.0189868088,27.4635340851,33.3333333333,13.1444947420,1.0000000000,0.8064000000,250.0000000000,0,0,0,34,0
1068,100,0,3,100,100,0,0,0,0,0,100,100,0.0189868088,27.4445472762,33.3333333333,13.1444947420,1.0000000000,0.8064000000,250.0000000000,0,0,0,34,0
1069,100,0,3,100,100,0,0,0,0,0,100,100,0.0189868088,27.4255604674,33.3333333333,13.1444947420,1.0000000000,0.8064000000,250.0000000000,0,0,0,34,0
1070,100,0,3,100,100,0,0,0,0,0,100,100,0.0189868088,27.4065736586,33.3333333333,13.1444947420,1.0000000000,0.8064000000,250.0000000000,0,0,0,34,0
1071,100,0,8,100,100,0,0,1,108,976,100,100,0.0339605701,27.3726130885,12.5000000000,15.4024204734,1.0000000000,0.8928000000,225.8064516129,0,0,0,1,0
1072,100,0,8,100,100,0,0,0,0,0,100,100,0.0212041875,27.3514089010,12.5000000000,15.4024204734,1.0000000000,0.8064000000,250.0000000000,0,0,0,1,0
1073,100,0,8,100,100,0,0,0,0,0,100,100,0.0212041875,27.3302047135,12.5000000000,15.4024204734,1.0000000000,0.8064000000,250.0000000000,0,0,0,1,0
1074,100,0,8,100,100,0,0,0,0,0,100,100,0.0212041875,27.3090005260,12.5000000000,15.4024204734,1.0000000000,0.8064000000,250.0000000000,0,0,0,1,0
1075,100,0,8,100,100,0,0,0,0,0,100,100,0.0212041875,27.2877963385,12.5000000000,15.4024204734,1.0000000000,0.8064000000,250.0000000000,0,0,0,1,0
1076,100,0,2,100,100,0,0,1,102,394,100,100,0.0241363425,27.2636599960,50.0000000000,11.8542497295,1.0000000000,0.8880000000,227.0270270270,0,0,0,51,0
1077,100,0,2,100,100,0,0,0,0,0,100,100,0.0176370230,27.2460229730,50.0000000000,11.8542497295,1.0000000000,0.8064000000,250.0000000000,0,0,0,51,0
1078,100,0,2,100,100,0,0,0,0,0,100,100,0.0176370230,27.2283859501,50.0000000000,11.8542497295,1.0000000000,0.8064000000,250.0000000000,0,0,0,51,0
1079,100,0,2,100,100,0,0,0,0,0,100,100,0.0176370230,27.2107489271,50.0000000000,11.8542497295,1.0000000000,0.8064000000,250.0000000000,0,0,0,51,0
1080,100,0,2,100,100,0,0,0,0,0,100,100,0.0176370230,27.1931119042,50.0000000000,11.8542497295,1.0000000000,0.8064000000,250.0000000000,0,0,0,51,0
1081,100,0,4,100,100,0,0,1,104,588,100,100,0.0290526377,27.1640592665,25.0000000000,14.5153710935,1.0000000000,0.8896000000,226.6187050360,0,0,0,16,0
1082,100,0,4,100,100,0,0,0,0,0,100,100,0.0205473791,27.1435118874,25.0000000000,14.5153710935,1.0000000000,0.8064000000,250.0000000000,0,0,0,16,0
1083,100,0,4,100,100,0,0,0,0,0,100,100,0.0205473791,27.1229645083,25.0000000000,14.5153710935,1.0000000000,0.8064000000,250.0000000000,0,0,0,16,0
1084,100,0,4,100,100,0,0,0,0,0,100,100,0.0205473791,27.1024171291,25.0000000000,14.5153710935,1.0000000000,0.8064000000,250.0000000000,0,0,0,16,0
1085,100,0,4,100,100,0,0,0,0,0,100,100,0.0205473791,27.0818697500,25.0000000000,14.5153710935,1.0000000000,0.8064000000,250.0000000000,0,0,0,16,0
1086,100,0,13,100,100,0,0,1,113,1461,100,100,0.0386299749,27.0432397752,7.6923076923,14.9185685434,1.0000000000,0.8968000000,224.7992863515,0,0,0,2,0
1087,100,0,13,100,100,0,0,0,0,0,100,100,0.0204885495,27.0227512257,7.6923076923,14.9185685434,1.0000000000,0.8064000000,250.0000000000,0,0,0,2,0
1088,100,0,13,100,100,0,0,0,0,0,100,100,0.0204885495,27.0022626762,7.6923076923,14.9185685434,1.0000000000,0.8064000000,250.0000000000,0,0,0,2,0
1089,100,0,13,100,100,0,0,0,0,0,100,100,0.0204885495,26.9817741267,7.6923076923,14.9185685434,1.0000000000,0.8064000000,250.0000000000,0,0,0,2,0
1090,100,0,13,100,100,0,0,0,0,0,100,100,0.0204885495,26.9612855773,7.6923076923,14.9185685434,1.0000000000,0.8064000000,250.0000000000,0,0,0,2,0
1091,100,0,11,100,100,0,0,1,111,1267,100,100,0.0361560848,26.9251294925,9.0909090909,14.6766516838,1.0000000000,0.8952000000,225.2010723861,0,0,0,7,0
1092,100,0,11,100,100,0,0,0,0,0,100,100,0.0201739959,26.9049554965,9.0909090909,14.6766516838,1.0000000000,0.8064000000,250.0000000000,0,0,0,7,0
1093,100,0,11,100,100,0,0,0,0,0,100,100,0.0201739959,26.8847815006,9.0909090909,14.6766516838,1.0000000000,0.8064000000,250.0000000000,0,0,0,7,0
1094,100,0,11,100,100,0,0,0,0,0,100,100,0.0201739959,26.8646075047,9.0909090909,14.6766516838,1.0000000000,0.8064000000,250.0000000000,0,0,0,7,0
1095,100,0,11,100,100,0,0,0,0,0,100,100,0.0201739959,26.8444335088,9.0909090909,14.6766516838,1.0000000000,0.8064000000,250.0000000000,0,0,0,7,0
1096,100,0,6,100,100,0,0,1,106,782,100,100,0.0300058909,26.8144276179,16.6666666667,13.7089886815,1.0000000000,0.8912000000,226.2118491921,0,0,0,24,0
1097,100,0,6,100,100,0,0,0,0,0,100,100,0.0193285936,26.7950990243,16.6666666667,13.7089886815,1.0000000000,0.8064000000,250.0000000000,0,0,0,24,0
1098,100,0,6,100,100,0,0,0,0,0,100,100,0.0193285936,26.7757704308,16.6666666667,13.7089886815,1.0000000000,0.8064000000,250.0000000000,0,0,0,24,0
1099,100,0,6,100,100,0,0,0,0,0,100,100,0.0193285936,26.7564418372,16.6666666667,13.7089886815,1.0000000000,0.8064000000,250.0000000000,0,0,0,24,0
1100,100,0,6,100,100,0,0,0,0,0,100,100,0.0193285936,26.7371132436,16.6666666667,13.7089886815,1.0000000000,0.8064000000,250.0000000000,0,0,0,24,0
1101,100,0,2,100,100,0,0,1,102,394,100,100,0.0243685941,26.7127446495,50.0000000000,11.8542644022,1.0000000000,0.8880000000,227.0270270270,0,0,0,51,0
1102,100,0,2,100,100,0,0,0,0,0,100,100,0.0177718167,26.6949728328,50.0000000000,11.8542644022,1.0000000000,0.8064000000,250.0000000000,0,0,0,51,0
1103,100,0,2,100,100,0,0,0,0,0,100,100,0.0177718167,26.6772010161,50.0000000000,11.8542644022,1.0000000000,0.8064000000,250.0000000000,0,0,0,51,0
1104,100,0,2,100,100,0,0,0,0,0,100,100,0.0177718167,26.6594291994,50.0000000000,11.8542644022,1.0000000000,0.8064000000,250.0000000000,0,0,0,51,0
1105,100,0,2,100,100,0,0,0,0,0,100,100,0.0177718167,26.6416573827,50.0000000000,11.8542644022,1.0000000000,0.8064000000,250.0000000000,0,0,0,51,0
1106,100,0,1,100,100,0,0,1,101,297,100,100,0.0222335487,26.6194238340,100.0000000000,10.4833634235,1.0000000000,0.8872000000,227.2317403066,0,0,0,69,0
1107,100,0,1,100,100,0,0,0,0,0,100,100,0.0164371238,26.6029867102,100.0000000000,10.4833634235,1.0000000000,0.8064000000,250.0000000000,0,0,0,69,0
1108,100,0,1,100,100,0,0,0,0,0,100,100,0.0164371238,26.5865495863,100.0000000000,10.4833634235,1.0000000000,0.8064000000,250.0000000000,0,0,0,69,0
1109,100,0,1,100,100,0,0,0,0,0,100,100,0.0164371238,26.5701124625,100.0000000000,10.4833634235,1.0000000000,0.8064000000,250.0000000000,0,0,0,69,0
1110,100,0,1,100,100,0,0,0,0,0,100,100,0.0164371238,26.5536753386,100.0000000000,10.4833634235,1.0000000000,0.8064000000,250.0000000000,0,0,0,69,0
1111,100,0,1,100,100,0,0,1,101,297,100,100,0.0213056483,26.5323696903,100.0000000000,9.6769526099,1.0000000000,0.8872000000,227.2317403066,0,0,0,79,0
1112,100,0,1,100,100,0,0,0,0,0,100,100,0.0153580744,26.5170116160,100.0000000000,9.6769526099,1.0000000000,0.8064000000,250.0000000000,0,0,0,79,0
1113,100,0,1,100,100,0,0,0,0,0,100,100,0.0153580744,26.5016535416,100.0000000000,9.6769526099,1.0000000000,0.8064000000,250.0000000000,0,0,0,79,0
1114,100,0,1,100,100,0,0,0,0,0,100,100,0.0153580744,26.4862954672,100.0000000000,9.6769526099,1.0000000000,0.8064000000,250.0000000000,0,0,0,79,0
1115,100,0,1,100,100,0,0,0,0,0,100,100,0.0153580744,26.4709373929,100.0000000000,9.6769526099,1.0000000000,0.8064000000,250.0000000000,0,0,0,79,0
1116,100,0,1,100,100,0,0,1,101,297,100,100,0.0230565995,26.4478807933,100.0000000000,11.3703862128,1.0000000000,0.8872000000,227.2317403066,0,0,0,58,0
1117,100,0,1,100,100,0,0,0,0,0,100,100,0.0175173345,26.4303634588,100.0000000000,11.3703862128,1.0000000000,0.8064000000,250.0000000000,0,0,0,58,0
1118,100,0,1,100,100,0,0,0,0,0,100,100,0.0175173345,26.4128461243,100.0000000000,11.3703862128,1.0000000000,0.8064000000,250.0000000000,0,0,0,58,0
1119,100,0,1,100,100,0,0,0,0,0,100,100,0.0175173345,26.3953287898,100.0000000000,11.3703862128,1.0000000000,0.8064000000,250.0000000000,0,0,0,58,0
1120,100,0,1,100,100,0,0,0,0,0,100,100,0.0175173345,26.3778114553,100.0000000000,11.3703862128,1.0000000000,0.8064000000,250.0000000000,0,0,0,58,0
1121,100,0,1,100,100,0,0,1,101,297,100,100,0.0224245997,26.3553868556,100.0000000000,10.8865558860,1.0000000000,0.8872000000,227.2317403066,0,0,0,64,0
1122,100,0,1,100,100,0,0,0,0,0,100,100,0.0166769298,26.3387099259,100.0000000000,10.8865558860,1.0000000000,0.8064000000,250.0000000000,0,0,0,64,0
1123,100,0,1,100,100,0,0,0,0,0,100,100,0.0166769298,26.3220329961,100.0000000000,10.8865558860,1.0000000000,0.8064000000,250.0000000000,0,0,0,64,0
1124,100,0,1,100,100,0,0,0,0,0,100,100,0.0166769298,26.3053560663,100.0000000000,10.8865558860,1.0000000000,0.8064000000,250.0000000000,0,0,0,64,0
1125,100,0,1,100,100,0,0,0,0,0,100,100,0.0166769298,26.2886791365,100.0000000000,10.8865558860,1.0000000000,0.8064000000,250.0000000000,0,0,0,64,0
1126,100,0,1,100,100,0,0,1,101,297,100,100,0.0239162891,26.2647628473,100.0000000000,11.8542213150,1.0000000000,0.8872000000,227.2317403066,0,0,0,52,0
1127,100,0,1,100,100,0,0,0,0,0,100,100,0.0184407502,26.2463220971,100.0000000000,11.8542213150,1.0000000000,0.8064000000,250.0000000000,0,0,0,52,0
1128,100,0,1,100,100,0,0,0,0,0,100,100,0.0184407502,26.2278813469,100.0000000000,11.8542213150,1.0000000000,0.8064000000,250.0000000000,0,0,0,52,0
1129,100,0,1,100,100,0,0,0,0,0,100,100,0.0184407502,26.2094405967,100.0000000000,11.8542213150,1.0000000000,0.8064000000,250.0000000000,0,0,0,52,0
1130,100,0,1,100,100,0,0,0,0,0,100,100,0.0184407502,26.1909998465,100.0000000000,11.8542213150,1.0000000000,0.8064000000,250.0000000000,0,0,0,52,0
1131,100,0,5,100,100,0,0,1,105,685,100,100,0.0284400900,26.1625597565,20.0000000000,12.9832007033,1.0000000000,0.8904000000,226.4150943396,0,0,0,34,0
1132,100,0,5,100,100,0,0,0,0,0,100,100,0.0187872419,26.1437725146,20.0000000000,12.9832007033,1.0000000000,0.8064000000,250.0000000000,0,0,0,34,0
1133,100,0,5,100,100,0,0,0,0,0,100,100,0.0187872419,26.1249852727,20.0000000000,12.9832007033,1.0000000000,0.8064000000,250.0000000000,0,0,0,34,0
1134,100,0,5,100,100,0,0,0,0,0,100,100,0.0187872419,26.1061980308,20.0000000000,12.9832007033,1.0000000000,0.8064000000,250.0000000000,0,0,0,34,0
1135,100,0,5,100,100,0,0,0,0,0,100,100,0.0187872419,26.0874107889,20.0000000000,12.9832007033,1.0000000000,0.8064000000,250.0000000000,0,0,0,34,0
1136,100,0,5,100,100,0,0,1,105,685,100,100,0.0288475643,26.0585632246,20.0000000000,13.7089924442,1.0000000000,0.8904000000,226.4150943396,0,0,0,25,0
1137,100,0,5,100,100,0,0,0,0,0,100,100,0.0192684618,26.0392947628,20.0000000000,13.7089924442,1.0000000000,0.8064000000,250.0000000000,0,0,0,25,0
1138,100,0,5,100,100,0,0,0,0,0,100,100,0.0192684618,26.0200263010,20.0000000000,13.7089924442,1.0000000000,0.8064000000,250.0000000000,0,0,0,25,0
1139,100,0,5,100,100,0,0,0,0,0,100,100,0.0192684618,26.0007578392,20.0000000000,13.7089924442,1.0000000000,0.8064000000,250.0000000000,0,0,0,25,0
1140,100,0,5,100,100,0,0,0,0,0,100,100,0.0192684618,25.9814893774,20.0000000000,13.7089924442,1.0000000000,0.8064000000,250.0000000000,0,0,0,25,0
1141,100,0,3,100,100,0,0,1,103,491,100,100,0.0270104829,25.9544788945,33.3333333333,13.3864160558,1.0000000000,0.8888000000,226.8226822682,0,0,0,31,0
1142,100,0,3,100,100,0,0,0,0,0,100,100,0.0194754723,25.9350034221,33.3333333333,13.3864160558,1.0000000000,0.8064000000,250.0000000000,0,0,0,31,0
1143,100,0,3,100,100,0,0,0,0,0,100,100,0.0194754723,25.9155279498,33.3333333333,13.3864160558,1.0000000000,0.8064000000,250.0000000000,0,0,0,31,0
1144,100,0,3,100,100,0,0,0,0,0,100,100,0.0194754723,25.8960524774,33.3333333333,13.3864160558,1.0000000000,0.8064000000,250.0000000000,0,0,0,31,0
1145,100,0,3,100,100,0,0,0,0,0,100,100,0.0194754723,25.8765770051,33.3333333333,13.3864160558,1.0000000000,0.8064000000,250.0000000000,0,0,0,31,0
1146,100,0,1,100,100,0,0,1,101,297,100,100,0.0219362892,25.8546407159,100.0000000000,10.2414372894,1.0000000000,0.8872000000,227.2317403066,0,0,0,72,0
1147,100,0,1,100,100,0,0,0,0,0,100,100,0.0160052376,25.8386354783,100.0000000000,10.2414372894,1.0000000000,0.8064000000,250.0000000000,0,0,0,72,0
1148,100,0,1,100,100,0,0,0,0,0,100,100,0.0160052376,25.8226302407,100.0000000000,10.2414372894,1.0000000000,0.8064000000,250.0000000000,0,0,0,72,0
1149,100,0,1,100,100,0,0,0,0,0,100,100,0.0160052376,25.8066250031,100.0000000000,10.2414372894,1.0000000000,0.8064000000,250.0000000000,0,0,0,72,0
1150,100,0,1,100,100,0,0,0,0,0,100,100,0.0160052376,25.7906197654,100.0000000000,10.2414372894,1.0000000000,0.8064000000,250.0000000000,0,0,0,72,0
1151,100,0,3,100,100,0,0,1,103,491,100,100,0.0280482101,25.7625715553,33.3333333333,14.0315278692,1.0000000000,0.8888000000,226.8226822682,0,0,0,23,0
1152,100,0,3,100,100,0,0,0,0,0,100,100,0.0205445157,25.7420270396,33.3333333333,14.0315278692,1.0000000000,0.8064000000,250.0000000000,0,0,0,23,0
1153,100,0,3,100,100,0,0,0,0,0,100,100,0.0205445157,25.7214825239,33.3333333333,14.0315278692,1.0000000000,0.8064000000,250.0000000000,0,0,0,23,0
1154,100,0,3,100,100,0,0,0,0,0,100,100,0.0205445157,25.7009380082,33.3333333333,14.0315278692,1.0000000000,0.8064000000,250.0000000000,0,0,0,23,0
1155,100,0,3,100,100,0,0,0,0,0,100,100,0.0205445157,25.6803934925,33.3333333333,14.0315278692,1.0000000000,0.8064000000,250.0000000000,0,0,0,23,0
1156,100,0,2,100,100,0,0,1,102,394,100,100,0.0228319521,25.6575615405,50.0000000000,10.3220747825,1.0000000000,0.8880000000,227.0270270270,0,0,0,70,0
1157,100,0,2,100,100,0,0,0,0,0,100,100,0.0159251176,25.6416364228,50.0000000000,10.3220747825,1.0000000000,0.8064000000,250.0000000000,0,0,0,70,0
1158,100,0,2,100,100,0,0,0,0,0,100,100,0.0159251176,25.6257113052,50.0000000000,10.3220747825,1.0000000000,0.8064000000,250.0000000000,0,0,0,70,0
1159,100,0,2,100,100,0,0,0,0,0,100,100,0.0159251176,25.6097861875,50.0000000000,10.3220747825,1.0000000000,0.8064000000,250.0000000000,0,0,0,70,0
1160,100,0,2,100,100,0,0,0,0,0,100,100,0.0159251176,25.5938610699,50.0000000000,10.3220747825,1.0000000000,0.8064000000,250.0000000000,0,0,0,70,0
1161,100,0,7,100,100,0,0,1,107,879,100,100,0.0325322589,25.5613288110,14.2857142857,14.9185764549,1.0000000000,0.8920000000,226.0089686099,0,0,0,8,0
1162,100,0,7,100,100,0,0,0,0,0,100,100,0.0208333881,25.5404954229,14.2857142857,14.9185764549,1.0000000000,0.8064000000,250.0000000000,0,0,0,8,0
1163,100,0,7,100,100,0,0,0,0,0,100,100,0.0208333881,25.5196620347,14.2857142857,14.9185764549,1.0000000000,0.8064000000,250.0000000000,0,0,0,8,0
1164,100,0,7,100,100,0,0,0,0,0,100,100,0.0208333881,25.4988286466,14.2857142857,14.9185764549,1.0000000000,0.8064000000,250.0000000000,0,0,0,8,0
1165,100,0,7,100,100,0,0,0,0,0,100,100,0.0208333881,25.4779952585,14.2857142857,14.9185764549,1.0000000000,0.8064000000,250.0000000000,0,0,0,8,0
1166,100,0,2,100,100,0,0,1,102,394,100,100,0.0233487624,25.4546464961,50.0000000000,10.8865577406,1.0000000000,0.8880000000,227.0270270270,0,0,0,63,0
1167,100,0,2,100,100,0,0,0,0,0,100,100,0.0165796648,25.4380668313,50.0000000000,10.8865577406,1.0000000000,0.8064000000,250.0000000000,0,0,0,63,0
1168,100,0,2,100,100,0,0,0,0,0,100,100,0.0165796648,25.4214871665,50.0000000000,10.8865577406,1.0000000000,0.8064000000,250.0000000000,0,0,0,63,0
1169,100,0,2,100,100,0,0,0,0,0,100,100,0.0165796648,25.4049075017,50.0000000000,10.8865577406,1.0000000000,0.8064000000,250.0000000000,0,0,0,63,0
1170,100,0,2,100,100,0,0,0,0,0,100,100,0.0165796648,25.3883278368,50.0000000000,10.8865577406,1.0000000000,0.8064000000,250.0000000000,0,0,0,63,0
1171,100,0,6,100,100,0,0,1,106,782,100,100,0.0319469172,25.3563809197,16.6666666667,15.4024170126,1.0000000000,0.8912000000,226.2118491921,0,0,0,3,0
1172,100,0,6,100,100,0,0,0,0,0,100,100,0.0213399652,25.3350409545,16.6666666667,15.4024170126,1.0000000000,0.8064000000,250.0000000000,0,0,0,3,0
1173,100,0,6,100,100,0,0,0,0,0,100,100,0.0213399652,25.3137009893,16.6666666667,15.4024170126,1.0000000000,0.8064000000,250.0000000000,0,0,0,3,0
1174,100,0,6,100,100,0,0,0,0,0,100,100,0.0213399652,25.2923610241,16.6666666667,15.4024170126,1.0000000000,0.8064000000,250.0000000000,0,0,0,3,0
1175,100,0,6,100,100,0,0,0,0,0,100,100,0.0213399652,25.2710210590,16.6666666667,15.4024170126,1.0000000000,0.8064000000,250.0000000000,0,0,0,3,0
1176,100,0,7,100,100,0,0,1,107,879,100,100,0.0313255539,25.2396955051,14.2857142857,14.1121820037,1.0000000000,0.8920000000,226.0089686099,0,0,0,18,0
1177,100,0,7,100,100,0,0,0,0,0,100,100,0.0196234144,25.2200720907,14.2857142857,14.1121820037,1.0000000000,0.8064000000,250.0000000000,0,0,0,18,0
1178,100,0,7,100,100,0,0,0,0,0,100,100,0.0196234144,25.2004486764,14.2857142857,14.1121820037,1.0000000000,0.8064000000,250.0000000000,0,0,0,18,0
1179,100,0,7,100,100,0,0,0,0,0,100,100,0.0196234144,25.1808252620,14.2857142857,14.1121820037,1.0000000000,0.8064000000,250.0000000000,0,0,0,18,0
1180,100,0,7,100,100,0,0,0,0,0,100,100,0.0196234144,25.1612018477,14.2857142857,14.1121820037,1.0000000000,0.8064000000,250.0000000000,0,0,0,18,0
1181,100,0,6,100,100,0,0,1,106,782,100,100,0.0300986025,25.1311032452,16.6666666667,13.3057615261,1.0000000000,0.8912000000,226.2118491921,0,0,0,29,0
1182,100,0,6,100,100,0,0,0,0,0,100,100,0.0193569483,25.1117462969,16.6666666667,13.3057615261,1.0000000000,0.8064000000,250.0000000000,0,0,0,29,0
1183,100,0,6,100,100,0,0,0,0,0,100,100,0.0193569483,25.0923893486,16.6666666667,13.3057615261,1.0000000000,0.8064000000,250.0000000000,0,0,0,29,0
1184,100,0,6,100,100,0,0,0,0,0,100,100,0.0193569483,25.0730324004,16.6666666667,13.3057615261,1.0000000000,0.8064000000,250.0000000000,0,0,0,29,0
1185,100,0,6,100,100,0,0,0,0,0,100,100,0.0193569483,25.0536754521,16.6666666667,13.3057615261,1.0000000000,0.8064000000,250.0000000000,0,0,0,29,0
1186,100,0,9,100,100,0,0,1,109,1073,100,100,0.0343964252,25.0192790269,11.1111111111,14.9185713401,1.0000000000,0.8936000000,225.6042972247,0,0,0,6,0
1187,100,0,9,100,100,0,0,0,0,0,100,100,0.0205636909,24.9987153360,11.1111111111,14.9185713401,1.0000000000,0.8064000000,250.0000000000,0,0,0,6,0
1188,100,0,9,100,100,0,0,0,0,0,100,100,0.0205636909,24.9781516452,11.1111111111,14.9185713401,1.0000000000,0.8064000000,250.0000000000,0,0,0,6,0
1189,100,0,9,100,100,0,0,0,0,0,100,100,0.0205636909,24.9575879543,11.1111111111,14.9185713401,1.0000000000,0.8064000000,250.0000000000,0,0,0,6,0
1190,100,0,9,100,100,0,0,0,0,0,100,100,0.0205636909,24.9370242634,11.1111111111,14.9185713401,1.0000000000,0.8064000000,250.0000000000,0,0,0,6,0
1191,100,0,8,100,100,0,0,1,108,976,100,100,0.0332379227,24.9037863407,12.5000000000,14.5960213179,1.0000000000,0.8928000000,225.8064516129,0,0,0,11,0
1192,100,0,8,100,100,0,0,0,0,0,100,100,0.0204426390,24.8833437017,12.5000000000,14.5960213179,1.0000000000,0.8064000000,250.0000000000,0,0,0,11,0
1193,100,0,8,100,100,0,0,0,0,0,100,100,0.0204426390,24.8629010628,12.5000000000,14.5960213179,1.0000000000,0.8064000000,250.0000000000,0,0,0,11,0
1194,100,0,8,100,100,0,0,0,0,0,100,100,0.0204426390,24.8424584238,12.5000000000,14.5960213179,1.0000000000,0.8064000000,250.0000000000,0,0,0,11,0
1195,100,0,8,100,100,0,0,0,0,0,100,100,0.0204426390,24.8220157849,12.5000000000,14.5960213179,1.0000000000,0.8064000000,250.0000000000,0,0,0,11,0
1196,100,0,8,100,100,0,0,1,108,976,100,100,0.0334902864,24.7885254984,12.5000000000,14.9992154612,1.0000000000,0.8928000000,225.8064516129,0,0,0,6,0
1197,100,0,8,100,100,0,0,0,0,0,100,100,0.0207195023,24.7678059961,12.5000000000,14.9992154612,1.0000000000,0.8064000000,250.0000000000,0,0,0,6,0
1198,100,0,8,100,100,0,0,0,0,0,100,100,0.0207195023,24.7470864938,12.5000000000,14.9992154612,1.0000000000,0.8064000000,250.0000000000,0,0,0,6,0
1199,100,0,8,100,100,0,0,0,0,0,100,100,0.0207195023,24.7263669914,12.5000000000,14.9992154612,1.0000000000,0.8064000000,250.0000000000,0,0,0,6,0
1200,100,0,8,100,100,0,0,0,0,0,100,100,0.0207195023,24.7056474891,12.5000000000,14.9992154612,1.0000000000,0.8064000000,250.0000000000,0,0,0,6,0
1201,100,0,1,100,100,0,0,1,101,297,100,100,0.0221169834,24.6835305056,100.0000000000,9.9995253295,1.0000000000,0.8872000000,227.2317403066,0,0,0,75,0
1202,100,0,1,100,100,0,0,0,0,0,100,100,0.0159733909,24.6675571148,100.0000000000,9.9995253295,1.0000000000,0.8064000000,250.0000000000,0,0,0,75,0
1203,100,0,1,100,100,0,0,0,0,0,100,100,0.0159733909,24.6515837239,100.0000000000,9.9995253295,1.0000000000,0.8064000000,250.0000000000,0,0,0,75,0
1204,100,0,1,100,100,0,0,0,0,0,100,100,0.0159733909,24.6356103331,100.0000000000,9.9995253295,1.0000000000,0.8064000000,250.0000000000,0,0,0,75,0
1205,100,0,1,100,100,0,0,0,0,0,100,100,0.0159733909,24.6196369422,100.0000000000,9.9995253295,1.0000000000,0.8064000000,250.0000000000,0,0,0,75,0
1206,100,0,2,100,100,0,0,1,102,394,100,100,0.0244332650,24.5952036772,50.0000000000,11.9348926414,1.0000000000,0.8880000000,227.0270270270,0,0,0,50,0
1207,100,0,2,100,100,0,0,0,0,0,100,100,0.0179191668,24.5772845104,50.0000000000,11.9348926414,1.0000000000,0.8064000000,250.0000000000,0,0,0,50,0
1208,100,0,2,100,100,0,0,0,0,0,100,100,0.0179191668,24.5593653435,50.0000000000,11.9348926414,1.0000000000,0.8064000000,250.0000000000,0,0,0,50,0
1209,100,0,2,100,100,0,0,0,0,0,100,100,0.0179191668,24.5414461767,50.0000000000,11.9348926414,1.0000000000,0.8064000000,250.0000000000,0,0,0,50,0
1210,100,0,2,100,100,0,0,0,0,0,100,100,0.0179191668,24.5235270098,50.0000000000,11.9348926414,1.0000000000,0.8064000000,250.0000000000,0,0,0,50,0
1211,100,0,1,100,100,0,0,1,101,297,100,100,0.0243023795,24.4992246303,100.0000000000,12.0154992503,1.0000000000,0.8872000000,227.2317403066,0,0,0,50,0
1212,100,0,1,100,100,0,0,0,0,0,100,100,0.0188395818,24.4803850485,100.0000000000,12.0154992503,1.0000000000,0.8064000000,250.0000000000,0,0,0,50,0
1213,100,0,1,100,100,0,0,0,0,0,100,100,0.0188395818,24.4615454666,100.0000000000,12.0154992503,1.0000000000,0.8064000000,250.0000000000,0,0,0,50,0
1214,100,0,1,100,100,0,0,0,0,0,100,100,0.0188395818,24.4427058848,100.0000000000,12.0154992503,1.0000000000,0.8064000000,250.0000000000,0,0,0,50,0
1215,100,0,1,100,100,0,0,0,0,0,100,100,0.0188395818,24.4238663029,100.0000000000,12.0154992503,1.0000000000,0.8064000000,250.0000000000,0,0,0,50,0
1216,100,0,2,100,100,0,0,1,102,394,100,100,0.0240802561,24.3997860469,50.0000000000,11.6123166778,1.0000000000,0.8880000000,227.0270270270,0,0,0,54,0
1217,100,0,2,100,100,0,0,0,0,0,100,100,0.0175184846,24.3822675623,50.0000000000,11.6123166778,1.0000000000,0.8064000000,250.0000000000,0,0,0,54,0
1218,100,0,2,100,100,0,0,0,0,0,100,100,0.0175184846,24.3647490777,50.0000000000,11.6123166778,1.0000000000,0.8064000000,250.0000000000,0,0,0,54,0
1219,100,0,2,100,100,0,0,0,0,0,100,100,0.0175184846,24.3472305931,50.0000000000,11.6123166778,1.0000000000,0.8064000000,250.0000000000,0,0,0,54,0
1220,100,0,2,100,100,0,0,0,0,0,100,100,0.0175184846,24.3297121085,50.0000000000,11.6123166778,1.0000000000,0.8064000000,250.0000000000,0,0,0,54,0
1221,100,0,3,100,100,0,0,1,103,491,100,100,0.0277828380,24.3019292705,33.3333333333,13.8702555099,1.0000000000,0.8888000000,226.8226822682,0,0,0,25,0
1222,100,0,3,100,100,0,0,0,0,0,100,100,0.0202666192,24.2816626513,33.3333333333,13.8702555099,1.0000000000,0.8064000000,250.0000000000,0,0,0,25,0
1223,100,0,3,100,100,0,0,0,0,0,100,100,0.0202666192,24.2613960321,33.3333333333,13.8702555099,1.0000000000,0.8064000000,250.0000000000,0,0,0,25,0
1224,100,0,3,100,100,0,0,0,0,0,100,100,0.0202666192,24.2411294128,33.3333333333,13.8702555099,1.0000000000,0.8064000000,250.0000000000,0,0,0,25,0
1225,100,0,3,100,100,0,0,0,0,0,100,100,0.0202666192,24.2208627936,33.3333333333,13.8702555099,1.0000000000,0.8064000000,250.0000000000,0,0,0,25,0
1226,100,0,1,100,100,0,0,1,101,297,100,100,0.0226570105,24.1982057831,100.0000000000,11.1284708378,1.0000000000,0.8872000000,227.2317403066,0,0,0,61,0
1227,100,0,1,100,100,0,0,0,0,0,100,100,0.0170302747,24.1811755084,100.0000000000,11.1284708378,1.0000000000,0.8064000000,250.0000000000,0,0,0,61,0
1228,100,0,1,100,100,0,0,0,0,0,100,100,0.0170302747,24.1641452337,100.0000000000,11.1284708378,1.0000000000,0.8064000000,250.0000000000,0,0,0,61,0
1229,100,0,1,100,100,0,0,0,0,0,100,100,0.0170302747,24.1471149589,100.0000000000,11.1284708378,1.0000000000,0.8064000000,250.0000000000,0,0,0,61,0
1230,100,0,1,100,100,0,0,0,0,0,100,100,0.0170302747,24.1300846842,100.0000000000,11.1284708378,1.0000000000,0.8064000000,250.0000000000,0,0,0,61,0
1231,100,0,2,100,100,0,0,1,102,394,100,100,0.0229638012,24.1071208830,50.0000000000,10.1607942202,1.0000000000,0.8880000000,227.0270270270,0,0,0,72,0
1232,100,0,2,100,100,0,0,0,0,0,100,100,0.0161165153,24.0910043677,50.0000000000,10.1607942202,1.0000000000,0.8064000000,250.0000000000,0,0,0,72,0
1233,100,0,2,100,100,0,0,0,0,0,100,100,0.0161165153,24.0748878524,50.0000000000,10.1607942202,1.0000000000,0.8064000000,250.0000000000,0,0,0,72,0
1234,100,0,2,100,100,0,0,0,0,0,100,100,0.0161165153,24.0587713371,50.0000000000,10.1607942202,1.0000000000,0.8064000000,250.0000000000,0,0,0,72,0
1235,100,0,2,100,100,0,0,0,0,0,100,100,0.0161165153,24.0426548219,50.0000000000,10.1607942202,1.0000000000,0.8064000000,250.0000000000,0,0,0,72,0
1236,100,0,4,100,100,0,0,1,104,588,100,100,0.0278629448,24.0147918771,25.0000000000,13.4670662729,1.0000000000,0.8896000000,226.6187050360,0,0,0,29,0
1237,100,0,4,100,100,0,0,0,0,0,100,100,0.0193195991,23.9954722780,25.0000000000,13.4670662729,1.0000000000,0.8064000000,250.0000000000,0,0,0,29,0
1238,100,0,4,100,100,0,0,0,0,0,100,100,0.0193195991,23.9761526789,25.0000000000,13.4670662729,1.0000000000,0.8064000000,250.0000000000,0,0,0,29,0
1239,100,0,4,100,100,0,0,0,0,0,100,100,0.0193195991,23.9568330798,25.0000000000,13.4670662729,1.0000000000,0.8064000000,250.0000000000,0,0,0,29,0
1240,100,0,4,100,100,0,0,0,0,0,100,100,0.0193195991,23.9375134808,25.0000000000,13.4670662729,1.0000000000,0.8064000000,250.0000000000,0,0,0,29,0
1241,100,0,5,100,100,0,0,1,105,685,100,100,0.0292673012,23.9082461796,20.0000000000,14.1121879163,1.0000000000,0.8904000000,226.4150943396,0,0,0,20,0
1242,100,0,5,100,100,0,0,0,0,0,100,100,0.0197106110,23.8885355686,20.0000000000,14.1121879163,1.0000000000,0.8064000000,250.0000000000,0,0,0,20,0
1243,100,0,5,100,100,0,0,0,0,0,100,100,0.0197106110,23.8688249575,20.0000000000,14.1121879163,1.0000000000,0.8064000000,250.0000000000,0,0,0,20,0
1244,100,0,5,100,100,0,0,0,0,0,100,100,0.0197106110,23.8491143465,20.0000000000,14.1121879163,1.0000000000,0.8064000000,250.0000000000,0,0,0,20,0
1245,100,0,5,100,100,0,0,0,0,0,100,100,0.0197106110,23.8294037355,20.0000000000,14.1121879163,1.0000000000,0.8064000000,250.0000000000,0,0,0,20,0
1246,100,0,4,100,100,0,0,1,104,588,100,100,0.0266763954,23.8027273401,25.0000000000,12.4993800771,1.0000000000,0.8896000000,226.6187050360,0,0,0,41,0
1247,100,0,4,100,100,0,0,0,0,0,100,100,0.0180279633,23.7846993768,25.0000000000,12.4993800771,1.0000000000,0.8064000000,250.0000000000,0,0,0,41,0
1248,100,0,4,100,100,0,0,0,0,0,100,100,0.0180279633,23.7666714135,25.0000000000,12.4993800771,1.0000000000,0.8064000000,250.0000000000,0,0,0,41,0
1249,100,0,4,100,100,0,0,0,0,0,100,100,0.0180279633,23.7486434502,25.0000000000,12.4993800771,1.0000000000,0.8064000000,250.0000000000,0,0,0,41,0
1250,100,0,4,100,100,0,0,0,0,0,100,100,0.0180279633,23.7306154869,25.0000000000,12.4993800771,1.0000000000,0.8064000000,250.0000000000,0,0,0,41,0
1251,100,0,2,100,100,0,0,1,102,394,100,100,0.0237250040,23.7068904830,50.0000000000,11.1284771555,1.0000000000,0.8880000000,227.0270270270,0,0,0,60,0
1252,100,0,2,100,100,0,0,0,0,0,100,100,0.0171661553,23.6897243277,50.0000000000,11.1284771555,1.0000000000,0.8064000000,250.0000000000,0,0,0,60,0
1253,100,0,2,100,100,0,0,0,0,0,100,100,0.0171661553,23.6725581723,50.0000000000,11.1284771555,1.0000000000,0.8064000000,250.0000000000,0,0,0,60,0
1254,100,0,2,100,100,0,0,0,0,0,100,100,0.0171661553,23.6553920170,50.0000000000,11.1284771555,1.0000000000,0.8064000000,250.0000000000,0,0,0,60,0
1255,100,0,2,100,100,0,0,0,0,0,100,100,0.0171661553,23.6382258617,50.0000000000,11.1284771555,1.0000000000,0.8064000000,250.0000000000,0,0,0,60,0
1256,100,0,2,100,100,0,0,1,102,394,100,100,0.0246702599,23.6135556019,50.0000000000,12.2574379410,1.0000000000,0.8880000000,227.0270270270,0,0,0,46,0
1257,100,0,2,100,100,0,0,0,0,0,100,100,0.0181493703,23.5954062316,50.0000000000,12.2574379410,1.0000000000,0.8064000000,250.0000000000,0,0,0,46,0
1258,100,0,2,100,100,0,0,0,0,0,100,100,0.0181493703,23.5772568613,50.0000000000,12.2574379410,1.0000000000,0.8064000000,250.0000000000,0,0,0,46,0
1259,100,0,2,100,100,0,0,0,0,0,100,100,0.0181493703,23.5591074910,50.0000000000,12.2574379410,1.0000000000,0.8064000000,250.0000000000,0,0,0,46,0
1260,100,0,2,100,100,0,0,0,0,0,100,100,0.0181493703,23.5409581208,50.0000000000,12.2574379410,1.0000000000,0.8064000000,250.0000000000,0,0,0,46,0
1261,100,0,4,100,100,0,0,1,104,588,100,100,0.0293807941,23.5115773267,25.0000000000,14.5153709945,1.0000000000,0.8896000000,226.6187050360,0,0,0,16,0
1262,100,0,4,100,100,0,0,0,0,0,100,100,0.0208461388,23.4907311879,25.0000000000,14.5153709945,1.0000000000,0.8064000000,250.0000000000,0,0,0,16,0
1263,100,0,4,100,100,0,0,0,0,0,100,100,0.0208461388,23.4698850491,25.0000000000,14.5153709945,1.0000000000,0.8064000000,250.0000000000,0,0,0,16,0
1264,100,0,4,100,100,0,0,0,0,0,100,100,0.0208461388,23.4490389102,25.0000000000,14.5153709945,1.0000000000,0.8064000000,250.0000000000,0,0,0,16,0
1265,100,0,4,100,100,0,0,0,0,0,100,100,0.0208461388,23.4281927714,25.0000000000,14.5153709945,1.0000000000,0.8064000000,250.0000000000,0,0,0,16,0
1266,100,0,5,100,100,0,0,1,105,685,100,100,0.0286419788,23.3995507925,20.0000000000,13.1445063000,1.0000000000,0.8904000000,226.4150943396,0,0,0,32,0
1267,100,0,5,100,100,0,0,0,0,0,100,100,0.0189762316,23.3805745609,20.0000000000,13.1445063000,1.0000000000,0.8064000000,250.0000000000,0,0,0,32,0
1268,100,0,5,100,100,0,0,0,0,0,100,100,0.0189762316,23.3615983293,20.0000000000,13.1445063000,1.0000000000,0.8064000000,250.0000000000,0,0,0,32,0
1269,100,0,5,100,100,0,0,0,0,0,100,100,0.0189762316,23.3426220976,20.0000000000,13.1445063000,1.0000000000,0.8064000000,250.0000000000,0,0,0,32,0
1270,100,0,5,100,100,0,0,0,0,0,100,100,0.0189762316,23.3236458660,20.0000000000,13.1445063000,1.0000000000,0.8064000000,250.0000000000,0,0,0,32,0
1271,100,0,4,100,100,0,0,1,104,588,100,100,0.0273091442,23.2963367218,25.0000000000,12.9832224275,1.0000000000,0.8896000000,226.6187050360,0,0,0,35,0
1272,100,0,4,100,100,0,0,0,0,0,100,100,0.0187176787,23.2776190431,25.0000000000,12.9832224275,1.0000000000,0.8064000000,250.0000000000,0,0,0,35,0
1273,100,0,4,100,100,0,0,0,0,0,100,100,0.0187176787,23.2589013644,25.0000000000,12.9832224275,1.0000000000,0.8064000000,250.0000000000,0,0,0,35,0
1274,100,0,4,100,100,0,0,0,0,0,100,100,0.0187176787,23.2401836858,25.0000000000,12.9832224275,1.0000000000,0.8064000000,250.0000000000,0,0,0,35,0
1275,100,0,4,100,100,0,0,0,0,0,100,100,0.0187176787,23.2214660071,25.0000000000,12.9832224275,1.0000000000,0.8064000000,250.0000000000,0,0,0,35,0
1276,100,0,7,100,100,0,0,1,107,879,100,100,0.0323260817,23.1891399254,14.2857142857,14.9185893455,1.0000000000,0.8920000000,226.0089686099,0,0,0,8,0
1277,100,0,7,100,100,0,0,0,0,0,100,100,0.0206457271,23.1684941983,14.2857142857,14.9185893455,1.0000000000,0.8064000000,250.0000000000,0,0,0,8,0
1278,100,0,7,100,100,0,0,0,0,0,100,100,0.0206457271,23.1478484711,14.2857142857,14.9185893455,1.0000000000,0.8064000000,250.0000000000,0,0,0,8,0
1279,100,0,7,100,100,0,0,0,0,0,100,100,0.0206457271,23.1272027440,14.2857142857,14.9185893455,1.0000000000,0.8064000000,250.0000000000,0,0,0,8,0
1280,100,0,7,100,100,0,0,0,0,0,100,100,0.0206457271,23.1065570169,14.2857142857,14.9185893455,1.0000000000,0.8064000000,250.0000000000,0,0,0,8,0
1281,100,0,8,100,100,0,0,1,108,976,100,100,0.0331261819,23.0734308350,12.5000000000,14.8379281178,1.0000000000,0.8928000000,225.8064516129,0,0,0,8,0
1282,100,0,8,100,100,0,0,0,0,0,100,100,0.0203742672,23.0530565677,12.5000000000,14.8379281178,1.0000000000,0.8064000000,250.0000000000,0,0,0,8,0
1283,100,0,8,100,100,0,0,0,0,0,100,100,0.0203742672,23.0326823005,12.5000000000,14.8379281178,1.0000000000,0.8064000000,250.0000000000,0,0,0,8,0
1284,100,0,8,100,100,0,0,0,0,0,100,100,0.0203742672,23.0123080333,12.5000000000,14.8379281178,1.0000000000,0.8064000000,250.0000000000,0,0,0,8,0
1285,100,0,8,100,100,0,0,0,0,0,100,100,0.0203742672,22.9919337661,12.5000000000,14.8379281178,1.0000000000,0.8064000000,250.0000000000,0,0,0,8,0
1286,100,0,5,100,100,0,0,1,105,685,100,100,0.0295565893,22.9623771767,20.0000000000,14.3540923922,1.0000000000,0.8904000000,226.4150943396,0,0,0,17,0
1287,100,0,5,100,100,0,0,0,0,0,100,100,0.0200040635,22.9423731133,20.0000000000,14.3540923922,1.0000000000,0.8064000000,250.0000000000,0,0,0,17,0
1288,100,0,5,100,100,0,0,0,0,0,100,100,0.0200040635,22.9223690498,20.0000000000,14.3540923922,1.0000000000,0.8064000000,250.0000000000,0,0,0,17,0
1289,100,0,5,100,100,0,0,0,0,0,100,100,0.0200040635,22.9023649863,20.0000000000,14.3540923922,1.0000000000,0.8064000000,250.0000000000,0,0,0,17,0
1290,100,0,5,100,100,0,0,0,0,0,100,100,0.0200040635,22.8823609229,20.0000000000,14.3540923922,1.0000000000,0.8064000000,250.0000000000,0,0,0,17,0
1291,100,0,6,100,100,0,0,1,106,782,100,100,0.0317894112,22.8505715117,16.6666666667,15.0798449614,1.0000000000,0.8912000000,226.2118491921,0,0,0,7,0
1292,100,0,6,100,100,0,0,0,0,0,100,100,0.0211416895,22.8294298222,16.6666666667,15.0798449614,1.0000000000,0.8064000000,250.0000000000,0,0,0,7,0
1293,100,0,6,100,100,0,0,0,0,0,100,100,0.0211416895,22.8082881327,16.6666666667,15.0798449614,1.0000000000,0.8064000000,250.0000000000,0,0,0,7,0
1294,100,0,6,100,100,0,0,0,0,0,100,100,0.0211416895,22.7871464433,16.6666666667,15.0798449614,1.0000000000,0.8064000000,250.0000000000,0,0,0,7,0
1295,100,0,6,100,100,0,0,0,0,0,100,100,0.0211416895,22.7660047538,16.6666666667,15.0798449614,1.0000000000,0.8064000000,250.0000000000,0,0,0,7,0
1296,100,0,12,100,100,0,0,1,112,1364,100,100,0.0374603299,22.7285444239,8.3333333333,14.7572827222,1.0000000000,0.8960000000,225.0000000000,0,0,0,5,0
1297,100,0,12,100,100,0,0,0,0,0,100,100,0.0203807729,22.7081636510,8.3333333333,14.7572827222,1.0000000000,0.8064000000,250.0000000000,0,0,0,5,0
1298,100,0,12,100,100,0,0,0,0,0,100,100,0.0203807729,22.6877828781,8.3333333333,14.7572827222,1.0000000000,0.8064000000,250.0000000000,0,0,0,5,0
1299,100,0,12,100,100,0,0,0,0,0,100,100,0.0203807729,22.6674021052,8.3333333333,14.7572827222,1.0000000000,0.8064000000,250.0000000000,0,0,0,5,0
1300,100,0,12,100,100,0,0,0,0,0,100,100,0.0203807729,22.6470213323,8.3333333333,14.7572827222,1.0000000000,0.8064000000,250.0000000000,0,0,0,5,0
1301,100,0,1,100,100,0,0,1,101,297,100,100,0.0223032271,22.6247181052,100.0000000000,10.7252783607,1.0000000000,0.8872000000,227.2317403066,0,0,0,66,0
1302,100,0,1,100,100,0,0,0,0,0,100,100,0.0164694561,22.6082486491,100.0000000000,10.7252783607,1.0000000000,0.8064000000,250.0000000000,0,0,0,66,0
1303,100,0,1,100,100,0,0,0,0,0,100,100,0.0164694561,22.5917791931,100.0000000000,10.7252783607,1.0000000000,0.8064000000,250.0000000000,0,0,0,66,0
1304,100,0,1,100,100,0,0,0,0,0,100,100,0.0164694561,22.5753097370,100.0000000000,10.7252783607,1.0000000000,0.8064000000,250.0000000000,0,0,0,66,0
1305,100,0,1,100,100,0,0,0,0,0,100,100,0.0164694561,22.5588402810,100.0000000000,10.7252783607,1.0000000000,0.8064000000,250.0000000000,0,0,0,66,0
1306,100,0,3,100,100,0,0,1,103,491,100,100,0.0237590675,22.5350812135,33.3333333333,10.0801572766,1.0000000000,0.8888000000,226.8226822682,0,0,0,72,0
1307,100,0,3,100,100,0,0,0,0,0,100,100,0.0157040010,22.5193772125,33.3333333333,10.0801572766,1.0000000000,0.8064000000,250.0000000000,0,0,0,72,0
1308,100,0,3,100,100,0,0,0,0,0,100,100,0.0157040010,22.5036732115,33.3333333333,10.0801572766,1.0000000000,0.8064000000,250.0000000000,0,0,0,72,0
1309,100,0,3,100,100,0,0,0,0,0,100,100,0.0157040010,22.4879692105,33.3333333333,10.0801572766,1.0000000000,0.8064000000,250.0000000000,0,0,0,72,0
1310,100,0,3,100,100,0,0,0,0,0,100,100,0.0157040010,22.4722652095,33.3333333333,10.0801572766,1.0000000000,0.8064000000,250.0000000000,0,0,0,72,0
1311,100,0,3,100,100,0,0,1,103,491,100,100,0.0254643104,22.4468008990,33.3333333333,12.2574595553,1.0000000000,0.8888000000,226.8226822682,0,0,0,45,0
1312,100,0,3,100,100,0,0,0,0,0,100,100,0.0178967852,22.4289041138,33.3333333333,12.2574595553,1.0000000000,0.8064000000,250.0000000000,0,0,0,45,0
1313,100,0,3,100,100,0,0,0,0,0,100,100,0.0178967852,22.4110073287,33.3333333333,12.2574595553,1.0000000000,0.8064000000,250.0000000000,0,0,0,45,0
1314,100,0,3,100,100,0,0,0,0,0,100,100,0.0178967852,22.3931105435,33.3333333333,12.2574595553,1.0000000000,0.8064000000,250.0000000000,0,0,0,45,0
1315,100,0,3,100,100,0,0,0,0,0,100,100,0.0178967852,22.3752137583,33.3333333333,12.2574595553,1.0000000000,0.8064000000,250.0000000000,0,0,0,45,0
1316,100,0,1,100,100,0,0,1,101,297,100,100,0.0218770090,22.3533367493,100.0000000000,10.4027137711,1.0000000000,0.8872000000,227.2317403066,0,0,0,70,0
1317,100,0,1,100,100,0,0,0,0,0,100,100,0.0160504182,22.3372863311,100.0000000000,10.4027137711,1.0000000000,0.8064000000,250.0000000000,0,0,0,70,0
1318,100,0,1,100,100,0,0,0,0,0,100,100,0.0160504182,22.3212359130,100.0000000000,10.4027137711,1.0000000000,0.8064000000,250.0000000000,0,0,0,70,0
1319,100,0,1,100,100,0,0,0,0,0,100,100,0.0160504182,22.3051854948,100.0000000000,10.4027137711,1.0000000000,0.8064000000,250.0000000000,0,0,0,70,0
1320,100,0,1,100,100,0,0,0,0,0,100,100,0.0160504182,22.2891350766,100.0000000000,10.4027137711,1.0000000000,0.8064000000,250.0000000000,0,0,0,70,0
1321,100,0,1,100,100,0,0,1,101,297,100,100,0.0236087796,22.2655262969,100.0000000000,11.7735893226,1.0000000000,0.8872000000,227.2317403066,0,0,0,53,0
1322,100,0,1,100,100,0,0,0,0,0,100,100,0.0180930624,22.2474332346,100.0000000000,11.7735893226,1.0000000000,0.8064000000,250.0000000000,0,0,0,53,0
1323,100,0,1,100,100,0,0,0,0,0,100,100,0.0180930624,22.2293401722,100.0000000000,11.7735893226,1.0000000000,0.8064000000,250.0000000000,0,0,0,53,0
1324,100,0,1,100,100,0,0,0,0,0,100,100,0.0180930624,22.2112471099,100.0000000000,11.7735893226,1.0000000000,0.8064000000,250.0000000000,0,0,0,53,0
1325,100,0,1,100,100,0,0,0,0,0,100,100,0.0180930624,22.1931540475,100.0000000000,11.7735893226,1.0000000000,0.8064000000,250.0000000000,0,0,0,53,0
1326,100,0,5,100,100,0,0,1,105,685,100,100,0.0290821342,22.1640719134,20.0000000000,13.8702595559,1.0000000000,0.8904000000,226.4150943396,0,0,0,23,0
1327,100,0,5,100,100,0,0,0,0,0,100,100,0.0195030498,22.1445688636,20.0000000000,13.8702595559,1.0000000000,0.8064000000,250.0000000000,0,0,0,23,0
1328,100,0,5,100,100,0,0,0,0,0,100,100,0.0195030498,22.1250658138,20.0000000000,13.8702595559,1.0000000000,0.8064000000,250.0000000000,0,0,0,23,0
1329,100,0,5,100,100,0,0,0,0,0,100,100,0.0195030498,22.1055627640,20.0000000000,13.8702595559,1.0000000000,0.8064000000,250.0000000000,0,0,0,23,0
1330,100,0,5,100,100,0,0,0,0,0,100,100,0.0195030498,22.0860597143,20.0000000000,13.8702595559,1.0000000000,0.8064000000,250.0000000000,0,0,0,23,0
1331,100,0,1,100,100,0,0,1,101,297,100,100,0.0224748304,22.0635848838,100.0000000000,10.8865470664,1.0000000000,0.8872000000,227.2317403066,0,0,0,64,0
1332,100,0,1,100,100,0,0,0,0,0,100,100,0.0168768002,22.0467080837,100.0000000000,10.8865470664,1.0000000000,0.8064000000,250.0000000000,0,0,0,64,0
1333,100,0,1,100,100,0,0,0,0,0,100,100,0.0168768002,22.0298312835,100.0000000000,10.8865470664,1.0000000000,0.8064000000,250.0000000000,0,0,0,64,0
1334,100,0,1,100,100,0,0,0,0,0,100,100,0.0168768002,22.0129544833,100.0000000000,10.8865470664,1.0000000000,0.8064000000,250.0000000000,0,0,0,64,0
1335,100,0,1,100,100,0,0,0,0,0,100,100,0.0168768002,21.9960776831,100.0000000000,10.8865470664,1.0000000000,0.8064000000,250.0000000000,0,0,0,64,0
1336,100,0,2,100,100,0,0,1,102,394,100,100,0.0242250617,21.9718526214,50.0000000000,12.0155412909,1.0000000000,0.8880000000,227.0270270270,0,0,0,49,0
1337,100,0,2,100,100,0,0,0,0,0,100,100,0.0176894280,21.9541631934,50.0000000000,12.0155412909,1.0000000000,0.8064000000,250.0000000000,0,0,0,49,0
1338,100,0,2,100,100,0,0,0,0,0,100,100,0.0176894280,21.9364737654,50.0000000000,12.0155412909,1.0000000000,0.8064000000,250.0000000000,0,0,0,49,0
1339,100,0,2,100,100,0,0,0,0,0,100,100,0.0176894280,21.9187843374,50.0000000000,12.0155412909,1.0000000000,0.8064000000,250.0000000000,0,0,0,49,0
1340,100,0,2,100,100,0,0,0,0,0,100,100,0.0176894280,21.9010949094,50.0000000000,12.0155412909,1.0000000000,0.8064000000,250.0000000000,0,0,0,49,0
1341,100,0,1,100,100,0,0,1,101,297,100,100,0.0218471081,21.8792478013,100.0000000000,10.2414271885,1.0000000000,0.8872000000,227.2317403066,0,0,0,72,0
1342,100,0,1,100,100,0,0,0,0,0,100,100,0.0161643580,21.8630834433,100.0000000000,10.2414271885,1.0000000000,0.8064000000,250.0000000000,0,0,0,72,0
1343,100,0,1,100,100,0,0,0,0,0,100,100,0.0161643580,21.8469190853,100.0000000000,10.2414271885,1.0000000000,0.8064000000,250.0000000000,0,0,0,72,0
1344,100,0,1,100,100,0,0,0,0,0,100,100,0.0161643580,21.8307547273,100.0000000000,10.2414271885,1.0000000000,0.8064000000,250.0000000000,0,0,0,72,0
1345,100,0,1,100,100,0,0,0,0,0,100,100,0.0161643580,21.8145903693,100.0000000000,10.2414271885,1.0000000000,0.8064000000,250.0000000000,0,0,0,72,0
1346,100,0,3,100,100,0,0,1,103,491,100,100,0.0263125549,21.7882778144,33.3333333333,12.9025898972,1.0000000000,0.8888000000,226.8226822682,0,0,0,37,0
1347,100,0,3,100,100,0,0,0,0,0,100,100,0.0188006541,21.7694771603,33.3333333333,12.9025898972,1.0000000000,0.8064000000,250.0000000000,0,0,0,37,0
1348,100,0,3,100,100,0,0,0,0,0,100,100,0.0188006541,21.7506765061,33.3333333333,12.9025898972,1.0000000000,0.8064000000,250.0000000000,0,0,0,37,0
1349,100,0,3,100,100,0,0,0,0,0,100,100,0.0188006541,21.7318758520,33.3333333333,12.9025898972,1.0000000000,0.8064000000,250.0000000000,0,0,0,37,0
1350,100,0,3,100,100,0,0,0,0,0,100,100,0.0188006541,21.7130751979,33.3333333333,12.9025898972,1.0000000000,0.8064000000,250.0000000000,0,0,0,37,0
1351,100,0,2,100,100,0,0,1,102,394,100,100,0.0256129181,21.6874622798,50.0000000000,12.9025694160,1.0000000000,0.8880000000,227.0270270270,0,0,0,38,0
1352,100,0,2,100,100,0,0,0,0,0,100,100,0.0191205654,21.6683417144,50.0000000000,12.9025694160,1.0000000000,0.8064000000,250.0000000000,0,0,0,38,0
1353,100,0,2,100,100,0,0,0,0,0,100,100,0.0191205654,21.6492211491,50.0000000000,12.9025694160,1.0000000000,0.8064000000,250.0000000000,0,0,0,38,0
1354,100,0,2,100,100,0,0,0,0,0,100,100,0.0191205654,21.6301005837,50.0000000000,12.9025694160,1.0000000000,0.8064000000,250.0000000000,0,0,0,38,0
1355,100,0,2,100,100,0,0,0,0,0,100,100,0.0191205654,21.6109800183,50.0000000000,12.9025694160,1.0000000000,0.8064000000,250.0000000000,0,0,0,38,0
1356,100,0,2,100,100,0,0,1,102,394,100,100,0.0228486801,21.5881313382,50.0000000000,10.0801564658,1.0000000000,0.8880000000,227.0270270270,0,0,0,73,0
1357,100,0,2,100,100,0,0,0,0,0,100,100,0.0158824148,21.5722489234,50.0000000000,10.0801564658,1.0000000000,0.8064000000,250.0000000000,0,0,0,73,0
1358,100,0,2,100,100,0,0,0,0,0,100,100,0.0158824148,21.5563665086,50.0000000000,10.0801564658,1.0000000000,0.8064000000,250.0000000000,0,0,0,73,0
1359,100,0,2,100,100,0,0,0,0,0,100,100,0.0158824148,21.5404840938,50.0000000000,10.0801564658,1.0000000000,0.8064000000,250.0000000000,0,0,0,73,0
1360,100,0,2,100,100,0,0,0,0,0,100,100,0.0158824148,21.5246016790,50.0000000000,10.0801564658,1.0000000000,0.8064000000,250.0000000000,0,0,0,73,0
1361,100,0,2,100,100,0,0,1,102,394,100,100,0.0241370170,21.5004646619,50.0000000000,11.6123168804,1.0000000000,0.8880000000,227.0270270270,0,0,0,54,0
1362,100,0,2,100,100,0,0,0,0,0,100,100,0.0174655713,21.4829990906,50.0000000000,11.6123168804,1.0000000000,0.8064000000,250.0000000000,0,0,0,54,0
1363,100,0,2,100,100,0,0,0,0,0,100,100,0.0174655713,21.4655335193,50.0000000000,11.6123168804,1.0000000000,0.8064000000,250.0000000000,0,0,0,54,0
1364,100,0,2,100,100,0,0,0,0,0,100,100,0.0174655713,21.4480679479,50.0000000000,11.6123168804,1.0000000000,0.8064000000,250.0000000000,0,0,0,54,0
1365,100,0,2,100,100,0,0,0,0,0,100,100,0.0174655713,21.4306023766,50.0000000000,11.6123168804,1.0000000000,0.8064000000,250.0000000000,0,0,0,54,0
1366,100,0,4,100,100,0,0,1,104,588,100,100,0.0260396626,21.4045627140,25.0000000000,11.6929620740,1.0000000000,0.8896000000,226.6187050360,0,0,0,51,0
1367,100,0,4,100,100,0,0,0,0,0,100,100,0.0173048694,21.3872578447,25.0000000000,11.6929620740,1.0000000000,0.8064000000,250.0000000000,0,0,0,51,0
1368,100,0,4,100,100,0,0,0,0,0,100,100,0.0173048694,21.3699529753,25.0000000000,11.6929620740,1.0000000000,0.8064000000,250.0000000000,0,0,0,51,0
1369,100,0,4,100,100,0,0,0,0,0,100,100,0.0173048694,21.3526481059,25.0000000000,11.6929620740,1.0000000000,0.8064000000,250.0000000000,0,0,0,51,0
1370,100,0,4,100,100,0,0,0,0,0,100,100,0.0173048694,21.3353432366,25.0000000000,11.6929620740,1.0000000000,0.8064000000,250.0000000000,0,0,0,51,0
1371,100,0,5,100,100,0,0,1,105,685,100,100,0.0288965269,21.3064467096,20.0000000000,13.7896335179,1.0000000000,0.8904000000,226.4150943396,0,0,0,24,0
1372,100,0,5,100,100,0,0,0,0,0,100,100,0.0193313118,21.2871153979,20.0000000000,13.7896335179,1.0000000000,0.8064000000,250.0000000000,0,0,0,24,0
1373,100,0,5,100,100,0,0,0,0,0,100,100,0.0193313118,21.2677840861,20.0000000000,13.7896335179,1.0000000000,0.8064000000,250.0000000000,0,0,0,24,0
1374,100,0,5,100,100,0,0,0,0,0,100,100,0.0193313118,21.2484527744,20.0000000000,13.7896335179,1.0000000000,0.8064000000,250.0000000000,0,0,0,24,0
1375,100,0,5,100,100,0,0,0,0,0,100,100,0.0193313118,21.2291214626,20.0000000000,13.7896335179,1.0000000000,0.8064000000,250.0000000000,0,0,0,24,0
1376,100,0,3,100,100,0,0,1,103,491,100,100,0.0249500471,21.2041714155,33.3333333333,11.3704081764,1.0000000000,0.8888000000,226.8226822682,0,0,0,56,0
1377,100,0,3,100,100,0,0,0,0,0,100,100,0.0170890586,21.1870823569,33.3333333333,11.3704081764,1.0000000000,0.8064000000,250.0000000000,0,0,0,56,0
1378,100,0,3,100,100,0,0,0,0,0,100,100,0.0170890586,21.1699932983,33.3333333333,11.3704081764,1.0000000000,0.8064000000,250.0000000000,0,0,0,56,0
1379,100,0,3,100,100,0,0,0,0,0,100,100,0.0170890586,21.1529042397,33.3333333333,11.3704081764,1.0000000000,0.8064000000,250.0000000000,0,0,0,56,0
1380,100,0,3,100,100,0,0,0,0,0,100,100,0.0170890586,21.1358151811,33.3333333333,11.3704081764,1.0000000000,0.8064000000,250.0000000000,0,0,0,56,0
1381,100,0,4,100,100,0,0,1,104,588,100,100,0.0289993165,21.1068158645,25.0000000000,14.5960162552,1.0000000000,0.8896000000,226.6187050360,0,0,0,15,0
1382,100,0,4,100,100,0,0,0,0,0,100,100,0.0205064958,21.0863093687,25.0000000000,14.5960162552,1.0000000000,0.8064000000,250.0000000000,0,0,0,15,0
1383,100,0,4,100,100,0,0,0,0,0,100,100,0.0205064958,21.0658028730,25.0000000000,14.5960162552,1.0000000000,0.8064000000,250.0000000000,0,0,0,15,0
1384,100,0,4,100,100,0,0,0,0,0,100,100,0.0205064958,21.0452963772,25.0000000000,14.5960162552,1.0000000000,0.8064000000,250.0000000000,0,0,0,15,0
1385,100,0,4,100,100,0,0,0,0,0,100,100,0.0205064958,21.0247898814,25.0000000000,14.5960162552,1.0000000000,0.8064000000,250.0000000000,0,0,0,15,0
1386,100,0,11,100,100,0,0,1,111,1267,100,100,0.0371245225,20.9876653589,9.0909090909,15.0798409517,1.0000000000,0.8952000000,225.2010723861,0,0,0,2,0
1387,100,0,11,100,100,0,0,0,0,0,100,100,0.0210852799,20.9665800790,9.0909090909,15.0798409517,1.0000000000,0.8064000000,250.0000000000,0,0,0,2,0
1388,100,0,11,100,100,0,0,0,0,0,100,100,0.0210852799,20.9454947991,9.0909090909,15.0798409517,1.0000000000,0.8064000000,250.0000000000,0,0,0,2,0
1389,100,0,11,100,100,0,0,0,0,0,100,100,0.0210852799,20.9244095192,9.0909090909,15.0798409517,1.0000000000,0.8064000000,250.0000000000,0,0,0,2,0
1390,100,0,11,100,100,0,0,0,0,0,100,100,0.0210852799,20.9033242393,9.0909090909,15.0798409517,1.0000000000,0.8064000000,250.0000000000,0,0,0,2,0
1391,100,0,11,100,100,0,0,1,111,1267,100,100,0.0359308953,20.8673933440,9.0909090909,14.3540925115,1.0000000000,0.8952000000,225.2010723861,0,0,0,11,0
1392,100,0,11,100,100,0,0,0,0,0,100,100,0.0199150437,20.8474783003,9.0909090909,14.3540925115,1.0000000000,0.8064000000,250.0000000000,0,0,0,11,0
1393,100,0,11,100,100,0,0,0,0,0,100,100,0.0199150437,20.8275632566,9.0909090909,14.3540925115,1.0000000000,0.8064000000,250.0000000000,0,0,0,11,0
1394,100,0,11,100,100,0,0,0,0,0,100,100,0.0199150437,20.8076482129,9.0909090909,14.3540925115,1.0000000000,0.8064000000,250.0000000000,0,0,0,11,0
1395,100,0,11,100,100,0,0,0,0,0,100,100,0.0199150437,20.7877331692,9.0909090909,14.3540925115,1.0000000000,0.8064000000,250.0000000000,0,0,0,11,0
1396,100,0,10,100,100,0,0,1,110,1170,100,100,0.0350651816,20.7526679876,10.0000000000,14.5153763196,1.0000000000,0.8944000000,225.4025044723,0,0,0,10,0
1397,100,0,10,100,100,0,0,0,0,0,100,100,0.0201417523,20.7325262353,10.0000000000,14.5153763196,1.0000000000,0.8064000000,250.0000000000,0,0,0,10,0
1398,100,0,10,100,100,0,0,0,0,0,100,100,0.0201417523,20.7123844830,10.0000000000,14.5153763196,1.0000000000,0.8064000000,250.0000000000,0,0,0,10,0
1399,100,0,10,100,100,0,0,0,0,0,100,100,0.0201417523,20.6922427307,10.0000000000,14.5153763196,1.0000000000,0.8064000000,250.0000000000,0,0,0,10,0
1400,100,0,10,100,100,0,0,0,0,0,100,100,0.0201417523,20.6721009785,10.0000000000,14.5153763196,1.0000000000,0.8064000000,250.0000000000,0,0,0,10,0
1401,100,0,1,100,100,0,0,1,101,297,100,100,0.0218974585,20.6502035199,100.0000000000,10.3220773769,1.0000000000,0.8872000000,227.2317403066,0,0,0,71,0
1402,100,0,1,100,100,0,0,0,0,0,100,100,0.0159782972,20.6342252227,100.0000000000,10.3220773769,1.0000000000,0.8064000000,250.0000000000,0,0,0,71,0
1403,100,0,1,100,100,0,0,0,0,0,100,100,0.0159782972,20.6182469254,100.0000000000,10.3220773769,1.0000000000,0.8064000000,250.0000000000,0,0,0,71,0
1404,100,0,1,100,100,0,0,0,0,0,100,100,0.0159782972,20.6022686282,100.0000000000,10.3220773769,1.0000000000,0.8064000000,250.0000000000,0,0,0,71,0
1405,100,0,1,100,100,0,0,0,0,0,100,100,0.0159782972,20.5862903310,100.0000000000,10.3220773769,1.0000000000,0.8064000000,250.0000000000,0,0,0,71,0
1406,100,0,1,100,100,0,0,1,101,297,100,100,0.0224245997,20.5638657313,100.0000000000,10.8865558860,1.0000000000,0.8872000000,227.2317403066,0,0,0,64,0
1407,100,0,1,100,100,0,0,0,0,0,100,100,0.0166769298,20.5471888015,100.0000000000,10.8865558860,1.0000000000,0.8064000000,250.0000000000,0,0,0,64,0
1408,100,0,1,100,100,0,0,0,0,0,100,100,0.0166769298,20.5305118717,100.0000000000,10.8865558860,1.0000000000,0.8064000000,250.0000000000,0,0,0,64,0
1409,100,0,1,100,100,0,0,0,0,0,100,100,0.0166769298,20.5138349419,100.0000000000,10.8865558860,1.0000000000,0.8064000000,250.0000000000,0,0,0,64,0
1410,100,0,1,100,100,0,0,0,0,0,100,100,0.0166769298,20.4971580121,100.0000000000,10.8865558860,1.0000000000,0.8064000000,250.0000000000,0,0,0,64,0
1411,100,0,1,100,100,0,0,1,101,297,100,100,0.0226725581,20.4744854541,100.0000000000,11.1284690227,1.0000000000,0.8872000000,227.2317403066,0,0,0,61,0
1412,100,0,1,100,100,0,0,0,0,0,100,100,0.0170839705,20.4574014835,100.0000000000,11.1284690227,1.0000000000,0.8064000000,250.0000000000,0,0,0,61,0
1413,100,0,1,100,100,0,0,0,0,0,100,100,0.0170839705,20.4403175130,100.0000000000,11.1284690227,1.0000000000,0.8064000000,250.0000000000,0,0,0,61,0
1414,100,0,1,100,100,0,0,0,0,0,100,100,0.0170839705,20.4232335425,100.0000000000,11.1284690227,1.0000000000,0.8064000000,250.0000000000,0,0,0,61,0
1415,100,0,1,100,100,0,0,0,0,0,100,100,0.0170839705,20.4061495720,100.0000000000,11.1284690227,1.0000000000,0.8064000000,250.0000000000,0,0,0,61,0
1416,100,0,1,100,100,0,0,1,101,297,100,100,0.0215371693,20.3846124027,100.0000000000,9.4350349392,1.0000000000,0.8872000000,227.2317403066,0,0,0,82,0
1417,100,0,1,100,100,0,0,0,0,0,100,100,0.0152608330,20.3693515697,100.0000000000,9.4350349392,1.0000000000,0.8064000000,250.0000000000,0,0,0,82,0
1418,100,0,1,100,100,0,0,0,0,0,100,100,0.0152608330,20.3540907367,100.0000000000,9.4350349392,1.0000000000,0.8064000000,250.0000000000,0,0,0,82,0
1419,100,0,1,100,100,0,0,0,0,0,100,100,0.0152608330,20.3388299037,100.0000000000,9.4350349392,1.0000000000,0.8064000000,250.0000000000,0,0,0,82,0
1420,100,0,1,100,100,0,0,0,0,0,100,100,0.0152608330,20.3235690707,100.0000000000,9.4350349392,1.0000000000,0.8064000000,250.0000000000,0,0,0,82,0
1421,100,0,3,100,100,0,0,1,103,491,100,100,0.0272021723,20.2963668985,33.3333333333,13.7089775450,1.0000000000,0.8888000000,226.8226822682,0,0,0,27,0
1422,100,0,3,100,100,0,0,0,0,0,100,100,0.0197303994,20.2766364991,33.3333333333,13.7089775450,1.0000000000,0.8064000000,250.0000000000,0,0,0,27,0
1423,100,0,3,100,100,0,0,0,0,0,100,100,0.0197303994,20.2569060997,33.3333333333,13.7089775450,1.0000000000,0.8064000000,250.0000000000,0,0,0,27,0
1424,100,0,3,100,100,0,0,0,0,0,100,100,0.0197303994,20.2371757004,33.3333333333,13.7089775450,1.0000000000,0.8064000000,250.0000000000,0,0,0,27,0
1425,100,0,3,100,100,0,0,0,0,0,100,100,0.0197303994,20.2174453010,33.3333333333,13.7089775450,1.0000000000,0.8064000000,250.0000000000,0,0,0,27,0
1426,100,0,1,100,100,0,0,1,101,297,100,100,0.0220871196,20.1953581814,100.0000000000,10.4027059567,1.0000000000,0.8872000000,227.2317403066,0,0,0,70,0
1427,100,0,1,100,100,0,0,0,0,0,100,100,0.0164636955,20.1788944859,100.0000000000,10.4027059567,1.0000000000,0.8064000000,250.0000000000,0,0,0,70,0
1428,100,0,1,100,100,0,0,0,0,0,100,100,0.0164636955,20.1624307905,100.0000000000,10.4027059567,1.0000000000,0.8064000000,250.0000000000,0,0,0,70,0
1429,100,0,1,100,100,0,0,0,0,0,100,100,0.0164636955,20.1459670950,100.0000000000,10.4027059567,1.0000000000,0.8064000000,250.0000000000,0,0,0,70,0
1430,100,0,1,100,100,0,0,0,0,0,100,100,0.0164636955,20.1295033995,100.0000000000,10.4027059567,1.0000000000,0.8064000000,250.0000000000,0,0,0,70,0
1431,100,0,3,100,100,0,0,1,103,491,100,100,0.0261988409,20.1033045586,33.3333333333,12.6606623334,1.0000000000,0.8888000000,226.8226822682,0,0,0,40,0
1432,100,0,3,100,100,0,0,0,0,0,100,100,0.0186618457,20.0846427129,33.3333333333,12.6606623334,1.0000000000,0.8064000000,250.0000000000,0,0,0,40,0
1433,100,0,3,100,100,0,0,0,0,0,100,100,0.0186618457,20.0659808672,33.3333333333,12.6606623334,1.0000000000,0.8064000000,250.0000000000,0,0,0,40,0
1434,100,0,3,100,100,0,0,0,0,0,100,100,0.0186618457,20.0473190216,33.3333333333,12.6606623334,1.0000000000,0.8064000000,250.0000000000,0,0,0,40,0
1435,100,0,3,100,100,0,0,0,0,0,100,100,0.0186618457,20.0286571759,33.3333333333,12.6606623334,1.0000000000,0.8064000000,250.0000000000,0,0,0,40,0
1436,100,0,3,100,100,0,0,1,103,491,100,100,0.0260743166,20.0025828593,33.3333333333,12.8219476671,1.0000000000,0.8888000000,226.8226822682,0,0,0,38,0
1437,100,0,3,100,100,0,0,0,0,0,100,100,0.0185127319,19.9840701274,33.3333333333,12.8219476671,1.0000000000,0.8064000000,250.0000000000,0,0,0,38,0
1438,100,0,3,100,100,0,0,0,0,0,100,100,0.0185127319,19.9655573955,33.3333333333,12.8219476671,1.0000000000,0.8064000000,250.0000000000,0,0,0,38,0
1439,100,0,3,100,100,0,0,0,0,0,100,100,0.0185127319,19.9470446637,33.3333333333,12.8219476671,1.0000000000,0.8064000000,250.0000000000,0,0,0,38,0
1440,100,0,3,100,100,0,0,0,0,0,100,100,0.0185127319,19.9285319318,33.3333333333,12.8219476671,1.0000000000,0.8064000000,250.0000000000,0,0,0,38,0
1441,100,0,5,100,100,0,0,1,105,685,100,100,0.0289505458,19.8995813860,20.0000000000,13.3057695582,1.0000000000,0.8904000000,226.4150943396,0,0,0,30,0
1442,100,0,5,100,100,0,0,0,0,0,100,100,0.0192852053,19.8802961806,20.0000000000,13.3057695582,1.0000000000,0.8064000000,250.0000000000,0,0,0,30,0
1443,100,0,5,100,100,0,0,0,0,0,100,100,0.0192852053,19.8610109753,20.0000000000,13.3057695582,1.0000000000,0.8064000000,250.0000000000,0,0,0,30,0
1444,100,0,5,100,100,0,0,0,0,0,100,100,0.0192852053,19.8417257700,20.0000000000,13.3057695582,1.0000000000,0.8064000000,250.0000000000,0,0,0,30,0
1445,100,0,5,100,100,0,0,0,0,0,100,100,0.0192852053,19.8224405646,20.0000000000,13.3057695582,1.0000000000,0.8064000000,250.0000000000,0,0,0,30,0
1446,100,0,3,100,100,0,0,1,103,491,100,100,0.0261246216,19.7963159430,33.3333333333,12.8219316030,1.0000000000,0.8888000000,226.8226822682,0,0,0,38,0
1447,100,0,3,100,100,0,0,0,0,0,100,100,0.0186142153,19.7777017277,33.3333333333,12.8219316030,1.0000000000,0.8064000000,250.0000000000,0,0,0,38,0
1448,100,0,3,100,100,0,0,0,0,0,100,100,0.0186142153,19.7590875124,33.3333333333,12.8219316030,1.0000000000,0.8064000000,250.0000000000,0,0,0,38,0
1449,100,0,3,100,100,0,0,0,0,0,100,100,0.0186142153,19.7404732971,33.3333333333,12.8219316030,1.0000000000,0.8064000000,250.0000000000,0,0,0,38,0
1450,100,0,3,100,100,0,0,0,0,0,100,100,0.0186142153,19.7218590818,33.3333333333,12.8219316030,1.0000000000,0.8064000000,250.0000000000,0,0,0,38,0
1451,100,0,1,100,100,0,0,1,101,297,100,100,0.0214071490,19.7004519328,100.0000000000,9.1931107228,1.0000000000,0.8872000000,227.2317403066,0,0,0,85,0
1452,100,0,1,100,100,0,0,0,0,0,100,100,0.0148506936,19.6856012392,100.0000000000,9.1931107228,1.0000000000,0.8064000000,250.0000000000,0,0,0,85,0
1453,100,0,1,100,100,0,0,0,0,0,100,100,0.0148506936,19.6707505456,100.0000000000,9.1931107228,1.0000000000,0.8064000000,250.0000000000,0,0,0,85,0
1454,100,0,1,100,100,0,0,0,0,0,100,100,0.0148506936,19.6558998521,100.0000000000,9.1931107228,1.0000000000,0.8064000000,250.0000000000,0,0,0,85,0
1455,100,0,1,100,100,0,0,0,0,0,100,100,0.0148506936,19.6410491585,100.0000000000,9.1931107228,1.0000000000,0.8064000000,250.0000000000,0,0,0,85,0
1456,100,0,2,100,100,0,0,1,102,394,100,100,0.0236358441,19.6174133145,50.0000000000,11.1284960930,1.0000000000,0.8880000000,227.0270270270,0,0,0,60,0
1457,100,0,2,100,100,0,0,0,0,0,100,100,0.0168022033,19.6006111112,50.0000000000,11.1284960930,1.0000000000,0.8064000000,250.0000000000,0,0,0,60,0
1458,100,0,2,100,100,0,0,0,0,0,100,100,0.0168022033,19.5838089079,50.0000000000,11.1284960930,1.0000000000,0.8064000000,250.0000000000,0,0,0,60,0
1459,100,0,2,100,100,0,0,0,0,0,100,100,0.0168022033,19.5670067047,50.0000000000,11.1284960930,1.0000000000,0.8064000000,250.0000000000,0,0,0,60,0
1460,100,0,2,100,100,0,0,0,0,0,100,100,0.0168022033,19.5502045014,50.0000000000,11.1284960930,1.0000000000,0.8064000000,250.0000000000,0,0,0,60,0
1461,100,0,1,100,100,0,0,1,101,297,100,100,0.0214673042,19.5287371972,100.0000000000,9.6769514194,1.0000000000,0.8872000000,227.2317403066,0,0,0,79,0
1462,100,0,1,100,100,0,0,0,0,0,100,100,0.0154068153,19.5133303819,100.0000000000,9.6769514194,1.0000000000,0.8064000000,250.0000000000,0,0,0,79,0
1463,100,0,1,100,100,0,0,0,0,0,100,100,0.0154068153,19.4979235666,100.0000000000,9.6769514194,1.0000000000,0.8064000000,250.0000000000,0,0,0,79,0
1464,100,0,1,100,100,0,0,0,0,0,100,100,0.0154068153,19.4825167512,100.0000000000,9.6769514194,1.0000000000,0.8064000000,250.0000000000,0,0,0,79,0
1465,100,0,1,100,100,0,0,0,0,0,100,100,0.0154068153,19.4671099359,100.0000000000,9.6769514194,1.0000000000,0.8064000000,250.0000000000,0,0,0,79,0
1466,100,0,5,100,100,0,0,1,105,685,100,100,0.0304802083,19.4366297276,20.0000000000,14.8379284026,1.0000000000,0.8904000000,226.4150943396,0,0,0,11,0
1467,100,0,5,100,100,0,0,0,0,0,100,100,0.0209116256,19.4157181020,20.0000000000,14.8379284026,1.0000000000,0.8064000000,250.0000000000,0,0,0,11,0
1468,100,0,5,100,100,0,0,0,0,0,100,100,0.0209116256,19.3948064765,20.0000000000,14.8379284026,1.0000000000,0.8064000000,250.0000000000,0,0,0,11,0
1469,100,0,5,100,100,0,0,0,0,0,100,100,0.0209116256,19.3738948509,20.0000000000,14.8379284026,1.0000000000,0.8064000000,250.0000000000,0,0,0,11,0
1470,100,0,5,100,100,0,0,0,0,0,100,100,0.0209116256,19.3529832253,20.0000000000,14.8379284026,1.0000000000,0.8064000000,250.0000000000,0,0,0,11,0
1471,100,0,6,100,100,0,0,1,106,782,100,100,0.0315155507,19.3214676747,16.6666666667,14.2734430284,1.0000000000,0.8912000000,226.2118491921,0,0,0,17,0
1472,100,0,6,100,100,0,0,0,0,0,100,100,0.0207835076,19.3006841671,16.6666666667,14.2734430284,1.0000000000,0.8064000000,250.0000000000,0,0,0,17,0
1473,100,0,6,100,100,0,0,0,0,0,100,100,0.0207835076,19.2799006595,16.6666666667,14.2734430284,1.0000000000,0.8064000000,250.0000000000,0,0,0,17,0
1474,100,0,6,100,100,0,0,0,0,0,100,100,0.0207835076,19.2591171519,16.6666666667,14.2734430284,1.0000000000,0.8064000000,250.0000000000,0,0,0,17,0
1475,100,0,6,100,100,0,0,0,0,0,100,100,0.0207835076,19.2383336444,16.6666666667,14.2734430284,1.0000000000,0.8064000000,250.0000000000,0,0,0,17,0
1476,100,0,6,100,100,0,0,1,104,782,100,100,0.0303039304,19.2080297140,16.6666666667,13.7089680192,1.0000000000,0.8896000000,226.6187050360,0,0,0,24,0
1477,100,0,6,100,100,0,0,0,0,0,100,100,0.0196116642,19.1884180498,16.6666666667,13.7089680192,1.0000000000,0.8064000000,250.0000000000,0,0,0,24,0
1478,100,0,6,100,100,0,0,0,0,0,100,100,0.0196116642,19.1688063856,16.6666666667,13.7089680192,1.0000000000,0.8064000000,250.0000000000,0,0,0,24,0
1479,100,0,6,100,100,0,0,0,0,0,100,100,0.0196116642,19.1491947214,16.6666666667,13.7089680192,1.0000000000,0.8064000000,250.0000000000,0,0,0,24,0
1480,100,0,6,100,100,0,0,0,0,0,100,100,0.0196116642,19.1295830572,16.6666666667,13.7089680192,1.0000000000,0.8064000000,250.0000000000,0,0,0,24,0
1481,100,0,9,100,100,0,0,1,109,1073,100,100,0.0343014702,19.0952815870,11.1111111111,14.8379429745,1.0000000000,0.8936000000,225.6042972247,0,0,0,7,0
1482,100,0,9,100,100,0,0,0,0,0,100,100,0.0204681774,19.0748134095,11.1111111111,14.8379429745,1.0000000000,0.8064000000,250.0000000000,0,0,0,7,0
1483,100,0,9,100,100,0,0,0,0,0,100,100,0.0204681774,19.0543452321,11.1111111111,14.8379429745,1.0000000000,0.8064000000,250.0000000000,0,0,0,7,0
1484,100,0,9,100,100,0,0,0,0,0,100,100,0.0204681774,19.0338770547,11.1111111111,14.8379429745,1.0000000000,0.8064000000,250.0000000000,0,0,0,7,0
1485,100,0,9,100,100,0,0,0,0,0,100,100,0.0204681774,19.0134088773,11.1111111111,14.8379429745,1.0000000000,0.8064000000,250.0000000000,0,0,0,7,0
1486,100,0,4,100,100,0,0,1,104,588,100,100,0.0279218325,18.9854870448,25.0000000000,13.4670547546,1.0000000000,0.8896000000,226.6187050360,0,0,0,29,0
1487,100,0,4,100,100,0,0,0,0,0,100,100,0.0193520395,18.9661350053,25.0000000000,13.4670547546,1.0000000000,0.8064000000,250.0000000000,0,0,0,29,0
1488,100,0,4,100,100,0,0,0,0,0,100,100,0.0193520395,18.9467829659,25.0000000000,13.4670547546,1.0000000000,0.8064000000,250.0000000000,0,0,0,29,0
1489,100,0,4,100,100,0,0,0,0,0,100,100,0.0193520395,18.9274309264,25.0000000000,13.4670547546,1.0000000000,0.8064000000,250.0000000000,0,0,0,29,0
1490,100,0,4,100,100,0,0,0,0,0,100,100,0.0193520395,18.9080788870,25.0000000000,13.4670547546,1.0000000000,0.8064000000,250.0000000000,0,0,0,29,0
1491,100,0,6,100,100,0,0,1,106,782,100,100,0.0285139855,18.8795649015,16.6666666667,12.0155309464,1.0000000000,0.8912000000,226.2118491921,0,0,0,45,0
1492,100,0,6,100,100,0,0,0,0,0,100,100,0.0176231758,18.8619417257,16.6666666667,12.0155309464,1.0000000000,0.8064000000,250.0000000000,0,0,0,45,0
1493,100,0,6,100,100,0,0,0,0,0,100,100,0.0176231758,18.8443185499,16.6666666667,12.0155309464,1.0000000000,0.8064000000,250.0000000000,0,0,0,45,0
1494,100,0,6,100,100,0,0,0,0,0,100,100,0.0176231758,18.8266953741,16.6666666667,12.0155309464,1.0000000000,0.8064000000,250.0000000000,0,0,0,45,0
1495,100,0,6,100,100,0,0,0,0,0,100,100,0.0176231758,18.8090721983,16.6666666667,12.0155309464,1.0000000000,0.8064000000,250.0000000000,0,0,0,45,0
1496,100,0,9,100,100,0,0,1,109,1073,100,100,0.0341359196,18.7749362787,11.1111111111,14.7572948827,1.0000000000,0.8936000000,225.6042972247,0,0,0,8,0
1497,100,0,9,100,100,0,0,0,0,0,100,100,0.0202983763,18.7546379024,11.1111111111,14.7572948827,1.0000000000,0.8064000000,250.0000000000,0,0,0,8,0
1498,100,0,9,100,100,0,0,0,0,0,100,100,0.0202983763,18.7343395262,11.1111111111,14.7572948827,1.0000000000,0.8064000000,250.0000000000,0,0,0,8,0
1499,100,0,9,100,100,0,0,0,0,0,100,100,0.0202983763,18.7140411499,11.1111111111,14.7572948827,1.0000000000,0.8064000000,250.0000000000,0,0,0,8,0
1500,100,0,9,100,100,0,0,0,0,0,100,100,0.0202983763,18.6937427737,11.1111111111,14.7572948827,1.0000000000,0.8064000000,250.0000000000,0,0,0,8,0
1501,100,0,1,100,100,0,0,1,101,297,100,100,0.0213821786,18.6723605951,100.0000000000,9.5156736715,1.0000000000,0.8872000000,227.2317403066,0,0,0,81,0
1502,100,0,1,100,100,0,0,0,0,0,100,100,0.0151600842,18.6572005110,100.0000000000,9.5156736715,1.0000000000,0.8064000000,250.0000000000,0,0,0,81,0
1503,100,0,1,100,100,0,0,0,0,0,100,100,0.0151600842,18.6420404268,100.0000000000,9.5156736715,1.0000000000,0.8064000000,250.0000000000,0,0,0,81,0
1504,100,0,1,100,100,0,0,0,0,0,100,100,0.0151600842,18.6268803427,100.0000000000,9.5156736715,1.0000000000,0.8064000000,250.0000000000,0,0,0,81,0
1505,100,0,1,100,100,0,0,0,0,0,100,100,0.0151600842,18.6117202585,100.0000000000,9.5156736715,1.0000000000,0.8064000000,250.0000000000,0,0,0,81,0
1506,100,0,2,100,100,0,0,1,102,394,100,100,0.0236229125,18.5880973460,50.0000000000,11.2091375885,1.0000000000,0.8880000000,227.0270270270,0,0,0,59,0
1507,100,0,2,100,100,0,0,0,0,0,100,100,0.0168951371,18.5712022089,50.0000000000,11.2091375885,1.0000000000,0.8064000000,250.0000000000,0,0,0,59,0
1508,100,0,2,100,100,0,0,0,0,0,100,100,0.0168951371,18.5543070718,50.0000000000,11.2091375885,1.0000000000,0.8064000000,250.0000000000,0,0,0,59,0
1509,100,0,2,100,100,0,0,0,0,0,100,100,0.0168951371,18.5374119347,50.0000000000,11.2091375885,1.0000000000,0.8064000000,250.0000000000,0,0,0,59,0
1510,100,0,2,100,100,0,0,0,0,0,100,100,0.0168951371,18.5205167976,50.0000000000,11.2091375885,1.0000000000,0.8064000000,250.0000000000,0,0,0,59,0
1511,100,0,1,100,100,0,0,1,101,297,100,100,0.0222744242,18.4982423734,100.0000000000,10.7252686178,1.0000000000,0.8872000000,227.2317403066,0,0,0,66,0
1512,100,0,1,100,100,0,0,0,0,0,100,100,0.0166386468,18.4816037266,100.0000000000,10.7252686178,1.0000000000,0.8064000000,250.0000000000,0,0,0,66,0
1513,100,0,1,100,100,0,0,0,0,0,100,100,0.0166386468,18.4649650798,100.0000000000,10.7252686178,1.0000000000,0.8064000000,250.0000000000,0,0,0,66,0
1514,100,0,1,100,100,0,0,0,0,0,100,100,0.0166386468,18.4483264331,100.0000000000,10.7252686178,1.0000000000,0.8064000000,250.0000000000,0,0,0,66,0
1515,100,0,1,100,100,0,0,0,0,0,100,100,0.0166386468,18.4316877863,100.0000000000,10.7252686178,1.0000000000,0.8064000000,250.0000000000,0,0,0,66,0
1516,100,0,1,100,100,0,0,1,101,297,100,100,0.0216325518,18.4100552345,100.0000000000,9.8382375346,1.0000000000,0.8872000000,227.2317403066,0,0,0,77,0
1517,100,0,1,100,100,0,0,0,0,0,100,100,0.0154582519,18.3945969826,100.0000000000,9.8382375346,1.0000000000,0.8064000000,250.0000000000,0,0,0,77,0
1518,100,0,1,100,100,0,0,0,0,0,100,100,0.0154582519,18.3791387308,100.0000000000,9.8382375346,1.0000000000,0.8064000000,250.0000000000,0,0,0,77,0
1519,100,0,1,100,100,0,0,0,0,0,100,100,0.0154582519,18.3636804789,100.0000000000,9.8382375346,1.0000000000,0.8064000000,250.0000000000,0,0,0,77,0
1520,100,0,1,100,100,0,0,0,0,0,100,100,0.0154582519,18.3482222270,100.0000000000,9.8382375346,1.0000000000,0.8064000000,250.0000000000,0,0,0,77,0
1521,100,0,1,100,100,0,0,1,101,297,100,100,0.0221169834,18.3261052435,100.0000000000,9.9995253295,1.0000000000,0.8872000000,227.2317403066,0,0,0,75,0
1522,100,0,1,100,100,0,0,0,0,0,100,100,0.0159733909,18.3101318527,100.0000000000,9.9995253295,1.0000000000,0.8064000000,250.0000000000,0,0,0,75,0
1523,100,0,1,100,100,0,0,0,0,0,100,100,0.0159733909,18.2941584618,100.0000000000,9.9995253295,1.0000000000,0.8064000000,250.0000000000,0,0,0,75,0
1524,100,0,1,100,100,0,0,0,0,0,100,100,0.0159733909,18.2781850710,100.0000000000,9.9995253295,1.0000000000,0.8064000000,250.0000000000,0,0,0,75,0
1525,100,0,1,100,100,0,0,0,0,0,100,100,0.0159733909,18.2622116801,100.0000000000,9.9995253295,1.0000000000,0.8064000000,250.0000000000,0,0,0,75,0
1526,100,0,1,100,100,0,0,1,101,297,100,100,0.0217622208,18.2404494593,100.0000000000,9.9188783541,1.0000000000,0.8872000000,227.2317403066,0,0,0,76,0
1527,100,0,1,100,100,0,0,0,0,0,100,100,0.0155123263,18.2249371330,100.0000000000,9.9188783541,1.0000000000,0.8064000000,250.0000000000,0,0,0,76,0
1528,100,0,1,100,100,0,0,0,0,0,100,100,0.0155123263,18.2094248067,100.0000000000,9.9188783541,1.0000000000,0.8064000000,250.0000000000,0,0,0,76,0
1529,100,0,1,100,100,0,0,0,0,0,100,100,0.0155123263,18.1939124804,100.0000000000,9.9188783541,1.0000000000,0.8064000000,250.0000000000,0,0,0,76,0
1530,100,0,1,100,100,0,0,0,0,0,100,100,0.0155123263,18.1784001540,100.0000000000,9.9188783541,1.0000000000,0.8064000000,250.0000000000,0,0,0,76,0
1531,100,0,3,100,100,0,0,1,103,491,100,100,0.0279169910,18.1504831630,33.3333333333,14.1121752071,1.0000000000,0.8888000000,226.8226822682,0,0,0,22,0
1532,100,0,3,100,100,0,0,0,0,0,100,100,0.0204446215,18.1300385415,33.3333333333,14.1121752071,1.0000000000,0.8064000000,250.0000000000,0,0,0,22,0
1533,100,0,3,100,100,0,0,0,0,0,100,100,0.0204446215,18.1095939199,33.3333333333,14.1121752071,1.0000000000,0.8064000000,250.0000000000,0,0,0,22,0
1534,100,0,3,100,100,0,0,0,0,0,100,100,0.0204446215,18.0891492984,33.3333333333,14.1121752071,1.0000000000,0.8064000000,250.0000000000,0,0,0,22,0
1535,100,0,3,100,100,0,0,0,0,0,100,100,0.0204446215,18.0687046769,33.3333333333,14.1121752071,1.0000000000,0.8064000000,250.0000000000,0,0,0,22,0
1536,100,0,1,100,100,0,0,1,101,297,100,100,0.0241037334,18.0446009435,100.0000000000,12.0961509572,1.0000000000,0.8872000000,227.2317403066,0,0,0,49,0
1537,100,0,1,100,100,0,0,0,0,0,100,100,0.0185983341,18.0260026094,100.0000000000,12.0961509572,1.0000000000,0.8064000000,250.0000000000,0,0,0,49,0
1538,100,0,1,100,100,0,0,0,0,0,100,100,0.0185983341,18.0074042753,100.0000000000,12.0961509572,1.0000000000,0.8064000000,250.0000000000,0,0,0,49,0
1539,100,0,1,100,100,0,0,0,0,0,100,100,0.0185983341,17.9888059412,100.0000000000,12.0961509572,1.0000000000,0.8064000000,250.0000000000,0,0,0,49,0
1540,100,0,1,100,100,0,0,0,0,0,100,100,0.0185983341,17.9702076071,100.0000000000,12.0961509572,1.0000000000,0.8064000000,250.0000000000,0,0,0,49,0
1541,100,0,2,100,100,0,0,1,102,394,100,100,0.0256996605,17.9445079466,50.0000000000,12.6606396368,1.0000000000,0.8880000000,227.0270270270,0,0,0,41,0
1542,100,0,2,100,100,0,0,0,0,0,100,100,0.0191960874,17.9253118592,50.0000000000,12.6606396368,1.0000000000,0.8064000000,250.0000000000,0,0,0,41,0
1543,100,0,2,100,100,0,0,0,0,0,100,100,0.0191960874,17.9061157718,50.0000000000,12.6606396368,1.0000000000,0.8064000000,250.0000000000,0,0,0,41,0
1544,100,0,2,100,100,0,0,0,0,0,100,100,0.0191960874,17.8869196844,50.0000000000,12.6606396368,1.0000000000,0.8064000000,250.0000000000,0,0,0,41,0
1545,100,0,2,100,100,0,0,0,0,0,100,100,0.0191960874,17.8677235970,50.0000000000,12.6606396368,1.0000000000,0.8064000000,250.0000000000,0,0,0,41,0
1546,100,0,4,100,100,0,0,1,104,588,100,100,0.0282321231,17.8394914739,25.0000000000,13.7089558781,1.0000000000,0.8896000000,226.6187050360,0,0,0,26,0
1547,100,0,4,100,100,0,0,0,0,0,100,100,0.0196638651,17.8198276089,25.0000000000,13.7089558781,1.0000000000,0.8064000000,250.0000000000,0,0,0,26,0
1548,100,0,4,100,100,0,0,0,0,0,100,100,0.0196638651,17.8001637438,25.0000000000,13.7089558781,1.0000000000,0.8064000000,250.0000000000,0,0,0,26,0
1549,100,0,4,100,100,0,0,0,0,0,100,100,0.0196638651,17.7804998788,25.0000000000,13.7089558781,1.0000000000,0.8064000000,250.0000000000,0,0,0,26,0
1550,100,0,4,100,100,0,0,0,0,0,100,100,0.0196638651,17.7608360137,25.0000000000,13.7089558781,1.0000000000,0.8064000000,250.0000000000,0,0,0,26,0
1551,100,0,2,100,100,0,0,1,102,394,100,100,0.0256891892,17.7351468245,50.0000000000,12.9832072023,1.0000000000,0.8880000000,227.0270270270,0,0,0,37,0
1552,100,0,2,100,100,0,0,0,0,0,100,100,0.0192122284,17.7159345961,50.0000000000,12.9832072023,1.0000000000,0.8064000000,250.0000000000,0,0,0,37,0
1553,100,0,2,100,100,0,0,0,0,0,100,100,0.0192122284,17.6967223677,50.0000000000,12.9832072023,1.0000000000,0.8064000000,250.0000000000,0,0,0,37,0
1554,100,0,2,100,100,0,0,0,0,0,100,100,0.0192122284,17.6775101393,50.0000000000,12.9832072023,1.0000000000,0.8064000000,250.0000000000,0,0,0,37,0
1555,100,0,2,100,100,0,0,0,0,0,100,100,0.0192122284,17.6582979109,50.0000000000,12.9832072023,1.0000000000,0.8064000000,250.0000000000,0,0,0,37,0
1556,100,0,3,100,100,0,0,1,103,491,100,100,0.0259038969,17.6323940140,33.3333333333,12.1767939729,1.0000000000,0.8888000000,226.8226822682,0,0,0,46,0
1557,100,0,3,100,100,0,0,0,0,0,100,100,0.0182583428,17.6141356712,33.3333333333,12.1767939729,1.0000000000,0.8064000000,250.0000000000,0,0,0,46,0
1558,100,0,3,100,100,0,0,0,0,0,100,100,0.0182583428,17.5958773285,33.3333333333,12.1767939729,1.0000000000,0.8064000000,250.0000000000,0,0,0,46,0
1559,100,0,3,100,100,0,0,0,0,0,100,100,0.0182583428,17.5776189857,33.3333333333,12.1767939729,1.0000000000,0.8064000000,250.0000000000,0,0,0,46,0
1560,100,0,3,100,100,0,0,0,0,0,100,100,0.0182583428,17.5593606429,33.3333333333,12.1767939729,1.0000000000,0.8064000000,250.0000000000,0,0,0,46,0
1561,100,0,3,100,100,0,0,1,103,491,100,100,0.0256396274,17.5337210155,33.3333333333,12.2574598371,1.0000000000,0.8888000000,226.8226822682,0,0,0,45,0
1562,100,0,3,100,100,0,0,0,0,0,100,100,0.0180442639,17.5156767516,33.3333333333,12.2574598371,1.0000000000,0.8064000000,250.0000000000,0,0,0,45,0
1563,100,0,3,100,100,0,0,0,0,0,100,100,0.0180442639,17.4976324877,33.3333333333,12.2574598371,1.0000000000,0.8064000000,250.0000000000,0,0,0,45,0
1564,100,0,3,100,100,0,0,0,0,0,100,100,0.0180442639,17.4795882238,33.3333333333,12.2574598371,1.0000000000,0.8064000000,250.0000000000,0,0,0,45,0
1565,100,0,3,100,100,0,0,0,0,0,100,100,0.0180442639,17.4615439599,33.3333333333,12.2574598371,1.0000000000,0.8064000000,250.0000000000,0,0,0,45,0
1566,100,0,2,100,100,0,0,1,102,394,100,100,0.0242061754,17.4373377845,50.0000000000,12.0155378353,1.0000000000,0.8880000000,227.0270270270,0,0,0,49,0
1567,100,0,2,100,100,0,0,0,0,0,100,100,0.0176505155,17.4196872690,50.0000000000,12.0155378353,1.0000000000,0.8064000000,250.0000000000,0,0,0,49,0
1568,100,0,2,100,100,0,0,0,0,0,100,100,0.0176505155,17.4020367535,50.0000000000,12.0155378353,1.0000000000,0.8064000000,250.0000000000,0,0,0,49,0
1569,100,0,2,100,100,0,0,0,0,0,100,100,0.0176505155,17.3843862379,50.0000000000,12.0155378353,1.0000000000,0.8064000000,250.0000000000,0,0,0,49,0
1570,100,0,2,100,100,0,0,0,0,0,100,100,0.0176505155,17.3667357224,50.0000000000,12.0155378353,1.0000000000,0.8064000000,250.0000000000,0,0,0,49,0
1571,100,0,3,100,100,0,0,1,103,491,100,100,0.0266575362,17.3400781862,33.3333333333,13.1445017409,1.0000000000,0.8888000000,226.8226822682,0,0,0,34,0
1572,100,0,3,100,100,0,0,0,0,0,100,100,0.0191486907,17.3209294955,33.3333333333,13.1445017409,1.0000000000,0.8064000000,250.0000000000,0,0,0,34,0
1573,100,0,3,100,100,0,0,0,0,0,100,100,0.0191486907,17.3017808048,33.3333333333,13.1445017409,1.0000000000,0.8064000000,250.0000000000,0,0,0,34,0
1574,100,0,3,100,100,0,0,0,0,0,100,100,0.0191486907,17.2826321140,33.3333333333,13.1445017409,1.0000000000,0.8064000000,250.0000000000,0,0,0,34,0
1575,100,0,3,100,100,0,0,0,0,0,100,100,0.0191486907,17.2634834233,33.3333333333,13.1445017409,1.0000000000,0.8064000000,250.0000000000,0,0,0,34,0
1576,100,0,2,100,100,0,0,1,102,394,100,100,0.0263414913,17.2371419320,50.0000000000,13.2251059582,1.0000000000,0.8880000000,227.0270270270,0,0,0,34,0
1577,100,0,2,100,100,0,0,0,0,0,100,100,0.0198492697,17.2172926622,50.0000000000,13.2251059582,1.0000000000,0.8064000000,250.0000000000,0,0,0,34,0
1578,100,0,2,100,100,0,0,0,0,0,100,100,0.0198492697,17.1974433925,50.0000000000,13.2251059582,1.0000000000,0.8064000000,250.0000000000,0,0,0,34,0
1579,100,0,2,100,100,0,0,0,0,0,100,100,0.0198492697,17.1775941228,50.0000000000,13.2251059582,1.0000000000,0.8064000000,250.0000000000,0,0,0,34,0
1580,100,0,2,100,100,0,0,0,0,0,100,100,0.0198492697,17.1577448530,50.0000000000,13.2251059582,1.0000000000,0.8064000000,250.0000000000,0,0,0,34,0
1581,100,0,7,100,100,0,0,1,107,879,100,100,0.0317964227,17.1259484303,14.2857142857,14.3540968499,1.0000000000,0.8920000000,226.0089686099,0,0,0,15,0
1582,100,0,7,100,100,0,0,0,0,0,100,100,0.0200872624,17.1058611679,14.2857142857,14.3540968499,1.0000000000,0.8064000000,250.0000000000,0,0,0,15,0
1583,100,0,7,100,100,0,0,0,0,0,100,100,0.0200872624,17.0857739055,14.2857142857,14.3540968499,1.0000000000,0.8064000000,250.0000000000,0,0,0,15,0
1584,100,0,7,100,100,0,0,0,0,0,100,100,0.0200872624,17.0656866431,14.2857142857,14.3540968499,1.0000000000,0.8064000000,250.0000000000,0,0,0,15,0
1585,100,0,7,100,100,0,0,0,0,0,100,100,0.0200872624,17.0455993807,14.2857142857,14.3540968499,1.0000000000,0.8064000000,250.0000000000,0,0,0,15,0
1586,100,0,6,100,100,0,0,1,106,782,100,100,0.0312411227,17.0143582580,16.6666666667,14.6766650789,1.0000000000,0.8912000000,226.2118491921,0,0,0,12,0
1587,100,0,6,100,100,0,0,0,0,0,100,100,0.0205981490,16.9937601090,16.6666666667,14.6766650789,1.0000000000,0.8064000000,250.0000000000,0,0,0,12,0
1588,100,0,6,100,100,0,0,0,0,0,100,100,0.0205981490,16.9731619600,16.6666666667,14.6766650789,1.0000000000,0.8064000000,250.0000000000,0,0,0,12,0
1589,100,0,6,100,100,0,0,0,0,0,100,100,0.0205981490,16.9525638110,16.6666666667,14.6766650789,1.0000000000,0.8064000000,250.0000000000,0,0,0,12,0
1590,100,0,6,100,100,0,0,0,0,0,100,100,0.0205981490,16.9319656620,16.6666666667,14.6766650789,1.0000000000,0.8064000000,250.0000000000,0,0,0,12,0
1591,100,0,9,100,100,0,0,1,109,1073,100,100,0.0343064209,16.8976592411,11.1111111111,14.6766649947,1.0000000000,0.8936000000,225.6042972247,0,0,0,9,0
1592,100,0,9,100,100,0,0,0,0,0,100,100,0.0204418050,16.8772174361,11.1111111111,14.6766649947,1.0000000000,0.8064000000,250.0000000000,0,0,0,9,0
1593,100,0,9,100,100,0,0,0,0,0,100,100,0.0204418050,16.8567756310,11.1111111111,14.6766649947,1.0000000000,0.8064000000,250.0000000000,0,0,0,9,0
1594,100,0,9,100,100,0,0,0,0,0,100,100,0.0204418050,16.8363338260,11.1111111111,14.6766649947,1.0000000000,0.8064000000,250.0000000000,0,0,0,9,0
1595,100,0,9,100,100,0,0,0,0,0,100,100,0.0204418050,16.8158920209,11.1111111111,14.6766649947,1.0000000000,0.8064000000,250.0000000000,0,0,0,9,0
1596,100,0,11,100,100,0,0,1,111,1267,100,100,0.0354973665,16.7803946545,9.0909090909,14.1121778472,1.0000000000,0.8952000000,225.2010723861,0,0,0,14,0
1597,100,0,11,100,100,0,0,0,0,0,100,100,0.0194957713,16.7608988831,9.0909090909,14.1121778472,1.0000000000,0.8064000000,250.0000000000,0,0,0,14,0
1598,100,0,11,100,100,0,0,0,0,0,100,100,0.0194957713,16.7414031118,9.0909090909,14.1121778472,1.0000000000,0.8064000000,250.0000000000,0,0,0,14,0
1599,100,0,11,100,100,0,0,0,0,0,100,100,0.0194957713,16.7219073405,9.0909090909,14.1121778472,1.0000000000,0.8064000000,250.0000000000,0,0,0,14,0
1600,100,0,11,100,100,0,0,0,0,0,100,100,0.0194957713,16.7024115692,9.0909090909,14.1121778472,1.0000000000,0.8064000000,250.0000000000,0,0,0,14,0
1601,100,0,1,100,100,0,0,1,101,297,100,100,0.0223032271,16.6801083421,100.0000000000,10.7252783607,1.0000000000,0.8872000000,227.2317403066,0,0,0,66,0
1602,100,0,1,100,100,0,0,0,0,0,100,100,0.0164694561,16.6636388861,100.0000000000,10.7252783607,1.0000000000,0.8064000000,250.0000000000,0,0,0,66,0
1603,100,0,1,100,100,0,0,0,0,0,100,100,0.0164694561,16.6471694300,100.0000000000,10.7252783607,1.0000000000,0.8064000000,250.0000000000,0,0,0,66,0
1604,100,0,1,100,100,0,0,0,0,0,100,100,0.0164694561,16.6306999740,100.0000000000,10.7252783607,1.0000000000,0.8064000000,250.0000000000,0,0,0,66,0
1605,100,0,1,100,100,0,0,0,0,0,100,100,0.0164694561,16.6142305179,100.0000000000,10.7252783607,1.0000000000,0.8064000000,250.0000000000,0,0,0,66,0
1606,100,0,1,100,100,0,0,1,101,297,100,100,0.0226570105,16.5915735074,100.0000000000,11.1284708378,1.0000000000,0.8872000000,227.2317403066,0,0,0,61,0
1607,100,0,1,100,100,0,0,0,0,0,100,100,0.0170302747,16.5745432327,100.0000000000,11.1284708378,1.0000000000,0.8064000000,250.0000000000,0,0,0,61,0
1608,100,0,1,100,100,0,0,0,0,0,100,100,0.0170302747,16.5575129580,100.0000000000,11.1284708378,1.0000000000,0.8064000000,250.0000000000,0,0,0,61,0
1609,100,0,1,100,100,0,0,0,0,0,100,100,0.0170302747,16.5404826832,100.0000000000,11.1284708378,1.0000000000,0.8064000000,250.0000000000,0,0,0,61,0
1610,100,0,1,100,100,0,0,0,0,0,100,100,0.0170302747,16.5234524085,100.0000000000,11.1284708378,1.0000000000,0.8064000000,250.0000000000,0,0,0,61,0
1611,100,0,1,100,100,0,0,1,101,297,100,100,0.0224245997,16.5010278088,100.0000000000,10.8865558860,1.0000000000,0.8872000000,227.2317403066,0,0,0,64,0
1612,100,0,1,100,100,0,0,0,0,0,100,100,0.0166769298,16.4843508790,100.0000000000,10.8865558860,1.0000000000,0.8064000000,250.0000000000,0,0,0,64,0
1613,100,0,1,100,100,0,0,0,0,0,100,100,0.0166769298,16.4676739492,100.0000000000,10.8865558860,1.0000000000,0.8064000000,250.0000000000,0,0,0,64,0
1614,100,0,1,100,100,0,0,0,0,0,100,100,0.0166769298,16.4509970194,100.0000000000,10.8865558860,1.0000000000,0.8064000000,250.0000000000,0,0,0,64,0
1615,100,0,1,100,100,0,0,0,0,0,100,100,0.0166769298,16.4343200897,100.0000000000,10.8865558860,1.0000000000,0.8064000000,250.0000000000,0,0,0,64,0
1616,100,0,1,100,100,0,0,1,101,297,100,100,0.0227107220,16.4116093676,100.0000000000,11.1284709764,1.0000000000,0.8872000000,227.2317403066,0,0,0,61,0
1617,100,0,1,100,100,0,0,0,0,0,100,100,0.0170903707,16.3945189969,100.0000000000,11.1284709764,1.0000000000,0.8064000000,250.0000000000,0,0,0,61,0
1618,100,0,1,100,100,0,0,0,0,0,100,100,0.0170903707,16.3774286262,100.0000000000,11.1284709764,1.0000000000,0.8064000000,250.0000000000,0,0,0,61,0
1619,100,0,1,100,100,0,0,0,0,0,100,100,0.0170903707,16.3603382555,100.0000000000,11.1284709764,1.0000000000,0.8064000000,250.0000000000,0,0,0,61,0
1620,100,0,1,100,100,0,0,0,0,0,100,100,0.0170903707,16.3432478848,100.0000000000,11.1284709764,1.0000000000,0.8064000000,250.0000000000,0,0,0,61,0
1621,100,0,1,100,100,0,0,1,101,297,100,100,0.0235801475,16.3196677373,100.0000000000,11.6929533006,1.0000000000,0.8872000000,227.2317403066,0,0,0,54,0
1622,100,0,1,100,100,0,0,0,0,0,100,100,0.0180442325,16.3016235048,100.0000000000,11.6929533006,1.0000000000,0.8064000000,250.0000000000,0,0,0,54,0
1623,100,0,1,100,100,0,0,0,0,0,100,100,0.0180442325,16.2835792722,100.0000000000,11.6929533006,1.0000000000,0.8064000000,250.0000000000,0,0,0,54,0
1624,100,0,1,100,100,0,0,0,0,0,100,100,0.0180442325,16.2655350397,100.0000000000,11.6929533006,1.0000000000,0.8064000000,250.0000000000,0,0,0,54,0
1625,100,0,1,100,100,0,0,0,0,0,100,100,0.0180442325,16.2474908072,100.0000000000,11.6929533006,1.0000000000,0.8064000000,250.0000000000,0,0,0,54,0
1626,100,0,2,100,100,0,0,1,102,394,100,100,0.0233249054,16.2241659018,50.0000000000,10.8059186667,1.0000000000,0.8880000000,227.0270270270,0,0,0,64,0
1627,100,0,2,100,100,0,0,0,0,0,100,100,0.0166239447,16.2075419570,50.0000000000,10.8059186667,1.0000000000,0.8064000000,250.0000000000,0,0,0,64,0
1628,100,0,2,100,100,0,0,0,0,0,100,100,0.0166239447,16.1909180123,50.0000000000,10.8059186667,1.0000000000,0.8064000000,250.0000000000,0,0,0,64,0
1629,100,0,2,100,100,0,0,0,0,0,100,100,0.0166239447,16.1742940676,50.0000000000,10.8059186667,1.0000000000,0.8064000000,250.0000000000,0,0,0,64,0
1630,100,0,2,100,100,0,0,0,0,0,100,100,0.0166239447,16.1576701229,50.0000000000,10.8059186667,1.0000000000,0.8064000000,250.0000000000,0,0,0,64,0
1631,100,0,3,100,100,0,0,1,103,491,100,100,0.0280330038,16.1296371191,33.3333333333,13.7089599031,1.0000000000,0.8888000000,226.8226822682,0,0,0,27,0
1632,100,0,3,100,100,0,0,0,0,0,100,100,0.0205010608,16.1091360583,33.3333333333,13.7089599031,1.0000000000,0.8064000000,250.0000000000,0,0,0,27,0
1633,100,0,3,100,100,0,0,0,0,0,100,100,0.0205010608,16.0886349976,33.3333333333,13.7089599031,1.0000000000,0.8064000000,250.0000000000,0,0,0,27,0
1634,100,0,3,100,100,0,0,0,0,0,100,100,0.0205010608,16.0681339368,33.3333333333,13.7089599031,1.0000000000,0.8064000000,250.0000000000,0,0,0,27,0
1635,100,0,3,100,100,0,0,0,0,0,100,100,0.0205010608,16.0476328760,33.3333333333,13.7089599031,1.0000000000,0.8064000000,250.0000000000,0,0,0,27,0
1636,100,0,3,100,100,0,0,1,103,491,100,100,0.0286368143,16.0189960617,33.3333333333,14.8379278763,1.0000000000,0.8888000000,226.8226822682,0,0,0,13,0
1637,100,0,3,100,100,0,0,0,0,0,100,100,0.0211930272,15.9978030345,33.3333333333,14.8379278763,1.0000000000,0.8064000000,250.0000000000,0,0,0,13,0
1638,100,0,3,100,100,0,0,0,0,0,100,100,0.0211930272,15.9766100073,33.3333333333,14.8379278763,1.0000000000,0.8064000000,250.0000000000,0,0,0,13,0
1639,100,0,3,100,100,0,0,0,0,0,100,100,0.0211930272,15.9554169800,33.3333333333,14.8379278763,1.0000000000,0.8064000000,250.0000000000,0,0,0,13,0
1640,100,0,3,100,100,0,0,0,0,0,100,100,0.0211930272,15.9342239528,33.3333333333,14.8379278763,1.0000000000,0.8064000000,250.0000000000,0,0,0,13,0
1641,100,0,3,100,100,0,0,1,103,491,100,100,0.0247033226,15.9095206302,33.3333333333,11.2897711770,1.0000000000,0.8888000000,226.8226822682,0,0,0,57,0
1642,100,0,3,100,100,0,0,0,0,0,100,100,0.0169001790,15.8926204512,33.3333333333,11.2897711770,1.0000000000,0.8064000000,250.0000000000,0,0,0,57,0
1643,100,0,3,100,100,0,0,0,0,0,100,100,0.0169001790,15.8757202721,33.3333333333,11.2897711770,1.0000000000,0.8064000000,250.0000000000,0,0,0,57,0
1644,100,0,3,100,100,0,0,0,0,0,100,100,0.0169001790,15.8588200931,33.3333333333,11.2897711770,1.0000000000,0.8064000000,250.0000000000,0,0,0,57,0
1645,100,0,3,100,100,0,0,0,0,0,100,100,0.0169001790,15.8419199140,33.3333333333,11.2897711770,1.0000000000,0.8064000000,250.0000000000,0,0,0,57,0
1646,100,0,2,100,100,0,0,1,102,394,100,100,0.0239141381,15.8180057760,50.0000000000,11.6929770707,1.0000000000,0.8880000000,227.0270270270,0,0,0,53,0
1647,100,0,2,100,100,0,0,0,0,0,100,100,0.0172975112,15.8007082648,50.0000000000,11.6929770707,1.0000000000,0.8064000000,250.0000000000,0,0,0,53,0
1648,100,0,2,100,100,0,0,0,0,0,100,100,0.0172975112,15.7834107536,50.0000000000,11.6929770707,1.0000000000,0.8064000000,250.0000000000,0,0,0,53,0
1649,100,0,2,100,100,0,0,0,0,0,100,100,0.0172975112,15.7661132425,50.0000000000,11.6929770707,1.0000000000,0.8064000000,250.0000000000,0,0,0,53,0
1650,100,0,2,100,100,0,0,0,0,0,100,100,0.0172975112,15.7488157313,50.0000000000,11.6929770707,1.0000000000,0.8064000000,250.0000000000,0,0,0,53,0
1651,100,0,1,100,100,0,0,1,101,297,100,100,0.0215371693,15.7272785620,100.0000000000,9.4350349392,1.0000000000,0.8872000000,227.2317403066,0,0,0,82,0
1652,100,0,1,100,100,0,0,0,0,0,100,100,0.0152608330,15.7120177290,100.0000000000,9.4350349392,1.0000000000,0.8064000000,250.0000000000,0,0,0,82,0
1653,100,0,1,100,100,0,0,0,0,0,100,100,0.0152608330,15.6967568960,100.0000000000,9.4350349392,1.0000000000,0.8064000000,250.0000000000,0,0,0,82,0
1654,100,0,1,100,100,0,0,0,0,0,100,100,0.0152608330,15.6814960630,100.0000000000,9.4350349392,1.0000000000,0.8064000000,250.0000000000,0,0,0,82,0
1655,100,0,1,100,100,0,0,0,0,0,100,100,0.0152608330,15.6662352300,100.0000000000,9.4350349392,1.0000000000,0.8064000000,250.0000000000,0,0,0,82,0
1656,100,0,2,100,100,0,0,1,102,394,100,100,0.0273088251,15.6389264049,50.0000000000,14.2734403658,1.0000000000,0.8880000000,227.0270270270,0,0,0,21,0
1657,100,0,2,100,100,0,0,0,0,0,100,100,0.0208928118,15.6180335931,50.0000000000,14.2734403658,1.0000000000,0.8064000000,250.0000000000,0,0,0,21,0
1658,100,0,2,100,100,0,0,0,0,0,100,100,0.0208928118,15.5971407813,50.0000000000,14.2734403658,1.0000000000,0.8064000000,250.0000000000,0,0,0,21,0
1659,100,0,2,100,100,0,0,0,0,0,100,100,0.0208928118,15.5762479695,50.0000000000,14.2734403658,1.0000000000,0.8064000000,250.0000000000,0,0,0,21,0
1660,100,0,2,100,100,0,0,0,0,0,100,100,0.0208928118,15.5553551577,50.0000000000,14.2734403658,1.0000000000,0.8064000000,250.0000000000,0,0,0,21,0
1661,100,0,2,100,100,0,0,1,102,394,100,100,0.0240116548,15.5313435029,50.0000000000,11.4510427786,1.0000000000,0.8880000000,227.0270270270,0,0,0,56,0
1662,100,0,2,100,100,0,0,0,0,0,100,100,0.0173387379,15.5140047650,50.0000000000,11.4510427786,1.0000000000,0.8064000000,250.0000000000,0,0,0,56,0
1663,100,0,2,100,100,0,0,0,0,0,100,100,0.0173387379,15.4966660271,50.0000000000,11.4510427786,1.0000000000,0.8064000000,250.0000000000,0,0,0,56,0
1664,100,0,2,100,100,0,0,0,0,0,100,100,0.0173387379,15.4793272892,50.0000000000,11.4510427786,1.0000000000,0.8064000000,250.0000000000,0,0,0,56,0
1665,100,0,2,100,100,0,0,0,0,0,100,100,0.0173387379,15.4619885513,50.0000000000,11.4510427786,1.0000000000,0.8064000000,250.0000000000,0,0,0,56,0
1666,100,0,1,100,100,0,0,1,101,297,100,100,0.0217334570,15.4402550943,100.0000000000,10.1607932757,1.0000000000,0.8872000000,227.2317403066,0,0,0,73,0
1667,100,0,1,100,100,0,0,0,0,0,100,100,0.0159141778,15.4243409166,100.0000000000,10.1607932757,1.0000000000,0.8064000000,250.0000000000,0,0,0,73,0
1668,100,0,1,100,100,0,0,0,0,0,100,100,0.0159141778,15.4084267388,100.0000000000,10.1607932757,1.0000000000,0.8064000000,250.0000000000,0,0,0,73,0
1669,100,0,1,100,100,0,0,0,0,0,100,100,0.0159141778,15.3925125610,100.0000000000,10.1607932757,1.0000000000,0.8064000000,250.0000000000,0,0,0,73,0
1670,100,0,1,100,100,0,0,0,0,0,100,100,0.0159141778,15.3765983833,100.0000000000,10.1607932757,1.0000000000,0.8064000000,250.0000000000,0,0,0,73,0
1671,100,0,1,100,100,0,0,1,101,297,100,100,0.0230565995,15.3535417838,100.0000000000,11.3703862128,1.0000000000,0.8872000000,227.2317403066,0,0,0,58,0
1672,100,0,1,100,100,0,0,0,0,0,100,100,0.0175173345,15.3360244493,100.0000000000,11.3703862128,1.0000000000,0.8064000000,250.0000000000,0,0,0,58,0
1673,100,0,1,100,100,0,0,0,0,0,100,100,0.0175173345,15.3185071148,100.0000000000,11.3703862128,1.0000000000,0.8064000000,250.0000000000,0,0,0,58,0
1674,100,0,1,100,100,0,0,0,0,0,100,100,0.0175173345,15.3009897803,100.0000000000,11.3703862128,1.0000000000,0.8064000000,250.0000000000,0,0,0,58,0
1675,100,0,1,100,100,0,0,0,0,0,100,100,0.0175173345,15.2834724458,100.0000000000,11.3703862128,1.0000000000,0.8064000000,250.0000000000,0,0,0,58,0
1676,100,0,8,100,100,0,0,1,108,976,100,100,0.0332224322,15.2502500136,12.5000000000,14.6766600837,1.0000000000,0.8928000000,225.8064516129,0,0,0,10,0
1677,100,0,8,100,100,0,0,0,0,0,100,100,0.0204451808,15.2298048327,12.5000000000,14.6766600837,1.0000000000,0.8064000000,250.0000000000,0,0,0,10,0
1678,100,0,8,100,100,0,0,0,0,0,100,100,0.0204451808,15.2093596519,12.5000000000,14.6766600837,1.0000000000,0.8064000000,250.0000000000,0,0,0,10,0
1679,100,0,8,100,100,0,0,0,0,0,100,100,0.0204451808,15.1889144711,12.5000000000,14.6766600837,1.0000000000,0.8064000000,250.0000000000,0,0,0,10,0
1680,100,0,8,100,100,0,0,0,0,0,100,100,0.0204451808,15.1684692902,12.5000000000,14.6766600837,1.0000000000,0.8064000000,250.0000000000,0,0,0,10,0
1681,100,0,6,100,100,0,0,1,106,782,100,100,0.0306668312,15.1378024590,16.6666666667,14.5153854920,1.0000000000,0.8912000000,226.2118491921,0,0,0,14,0
1682,100,0,6,100,100,0,0,0,0,0,100,100,0.0200631070,15.1177393520,16.6666666667,14.5153854920,1.0000000000,0.8064000000,250.0000000000,0,0,0,14,0
1683,100,0,6,100,100,0,0,0,0,0,100,100,0.0200631070,15.0976762450,16.6666666667,14.5153854920,1.0000000000,0.8064000000,250.0000000000,0,0,0,14,0
1684,100,0,6,100,100,0,0,0,0,0,100,100,0.0200631070,15.0776131380,16.6666666667,14.5153854920,1.0000000000,0.8064000000,250.0000000000,0,0,0,14,0
1685,100,0,6,100,100,0,0,0,0,0,100,100,0.0200631070,15.0575500309,16.6666666667,14.5153854920,1.0000000000,0.8064000000,250.0000000000,0,0,0,14,0
1686,100,0,3,100,100,0,0,1,103,491,100,100,0.0248937088,15.0326563221,33.3333333333,11.4510521818,1.0000000000,0.8888000000,226.8226822682,0,0,0,55,0
1687,100,0,3,100,100,0,0,0,0,0,100,100,0.0172106359,15.0154456862,33.3333333333,11.4510521818,1.0000000000,0.8064000000,250.0000000000,0,0,0,55,0
1688,100,0,3,100,100,0,0,0,0,0,100,100,0.0172106359,14.9982350503,33.3333333333,11.4510521818,1.0000000000,0.8064000000,250.0000000000,0,0,0,55,0
1689,100,0,3,100,100,0,0,0,0,0,100,100,0.0172106359,14.9810244144,33.3333333333,11.4510521818,1.0000000000,0.8064000000,250.0000000000,0,0,0,55,0
1690,100,0,3,100,100,0,0,0,0,0,100,100,0.0172106359,14.9638137785,33.3333333333,11.4510521818,1.0000000000,0.8064000000,250.0000000000,0,0,0,55,0
1691,100,0,8,100,100,0,0,1,108,976,100,100,0.0324583673,14.9313554113,12.5000000000,14.0315375384,1.0000000000,0.8928000000,225.8064516129,0,0,0,18,0
1692,100,0,8,100,100,0,0,0,0,0,100,100,0.0196542663,14.9117011449,12.5000000000,14.0315375384,1.0000000000,0.8064000000,250.0000000000,0,0,0,18,0
1693,100,0,8,100,100,0,0,0,0,0,100,100,0.0196542663,14.8920468786,12.5000000000,14.0315375384,1.0000000000,0.8064000000,250.0000000000,0,0,0,18,0
1694,100,0,8,100,100,0,0,0,0,0,100,100,0.0196542663,14.8723926123,12.5000000000,14.0315375384,1.0000000000,0.8064000000,250.0000000000,0,0,0,18,0
1695,100,0,8,100,100,0,0,0,0,0,100,100,0.0196542663,14.8527383460,12.5000000000,14.0315375384,1.0000000000,0.8064000000,250.0000000000,0,0,0,18,0
1696,100,0,12,100,100,0,0,1,112,1364,100,100,0.0374915866,14.8152467595,8.3333333333,14.9185720210,1.0000000000,0.8960000000,225.0000000000,0,0,0,3,0
1697,100,0,12,100,100,0,0,0,0,0,100,100,0.0204356149,14.7948111446,8.3333333333,14.9185720210,1.0000000000,0.8064000000,250.0000000000,0,0,0,3,0
1698,100,0,12,100,100,0,0,0,0,0,100,100,0.0204356149,14.7743755297,8.3333333333,14.9185720210,1.0000000000,0.8064000000,250.0000000000,0,0,0,3,0
1699,100,0,12,100,100,0,0,0,0,0,100,100,0.0204356149,14.7539399148,8.3333333333,14.9185720210,1.0000000000,0.8064000000,250.0000000000,0,0,0,3,0
1700,100,0,12,100,100,0,0,0,0,0,100,100,0.0204356149,14.7335042999,8.3333333333,14.9185720210,1.0000000000,0.8064000000,250.0000000000,0,0,0,3,0
1701,100,0,1,100,100,0,0,1,101,297,100,100,0.0218410399,14.7116632601,100.0000000000,10.0801612961,1.0000000000,0.8872000000,227.2317403066,0,0,0,74,0
1702,100,0,1,100,100,0,0,0,0,0,100,100,0.0159409152,14.6957223449,100.0000000000,10.0801612961,1.0000000000,0.8064000000,250.0000000000,0,0,0,74,0
1703,100,0,1,100,100,0,0,0,0,0,100,100,0.0159409152,14.6797814298,100.0000000000,10.0801612961,1.0000000000,0.8064000000,250.0000000000,0,0,0,74,0
1704,100,0,1,100,100,0,0,0,0,0,100,100,0.0159409152,14.6638405146,100.0000000000,10.0801612961,1.0000000000,0.8064000000,250.0000000000,0,0,0,74,0
1705,100,0,1,100,100,0,0,0,0,0,100,100,0.0159409152,14.6478995994,100.0000000000,10.0801612961,1.0000000000,0.8064000000,250.0000000000,0,0,0,74,0
1706,100,0,4,100,100,0,0,1,104,588,100,100,0.0269679652,14.6209316342,25.0000000000,12.7413064808,1.0000000000,0.8896000000,226.6187050360,0,0,0,38,0
1707,100,0,4,100,100,0,0,0,0,0,100,100,0.0183534140,14.6025782203,25.0000000000,12.7413064808,1.0000000000,0.8064000000,250.0000000000,0,0,0,38,0
1708,100,0,4,100,100,0,0,0,0,0,100,100,0.0183534140,14.5842248063,25.0000000000,12.7413064808,1.0000000000,0.8064000000,250.0000000000,0,0,0,38,0
1709,100,0,4,100,100,0,0,0,0,0,100,100,0.0183534140,14.5658713924,25.0000000000,12.7413064808,1.0000000000,0.8064000000,250.0000000000,0,0,0,38,0
1710,100,0,4,100,100,0,0,0,0,0,100,100,0.0183534140,14.5475179784,25.0000000000,12.7413064808,1.0000000000,0.8064000000,250.0000000000,0,0,0,38,0
1711,100,0,2,100,100,0,0,1,102,394,100,100,0.0243407869,14.5231771915,50.0000000000,11.6123328436,1.0000000000,0.8880000000,227.0270270270,0,0,0,54,0
1712,100,0,2,100,100,0,0,0,0,0,100,100,0.0176431813,14.5055340102,50.0000000000,11.6123328436,1.0000000000,0.8064000000,250.0000000000,0,0,0,54,0
1713,100,0,2,100,100,0,0,0,0,0,100,100,0.0176431813,14.4878908289,50.0000000000,11.6123328436,1.0000000000,0.8064000000,250.0000000000,0,0,0,54,0
1714,100,0,2,100,100,0,0,0,0,0,100,100,0.0176431813,14.4702476476,50.0000000000,11.6123328436,1.0000000000,0.8064000000,250.0000000000,0,0,0,54,0
1715,100,0,2,100,100,0,0,0,0,0,100,100,0.0176431813,14.4526044663,50.0000000000,11.6123328436,1.0000000000,0.8064000000,250.0000000000,0,0,0,54,0
1716,100,0,2,100,100,0,0,1,102,394,100,100,0.0262639218,14.4263405444,50.0000000000,13.4670332639,1.0000000000,0.8880000000,227.0270270270,0,0,0,31,0
1717,100,0,2,100,100,0,0,0,0,0,100,100,0.0197915970,14.4065489474,50.0000000000,13.4670332639,1.0000000000,0.8064000000,250.0000000000,0,0,0,31,0
1718,100,0,2,100,100,0,0,0,0,0,100,100,0.0197915970,14.3867573505,50.0000000000,13.4670332639,1.0000000000,0.8064000000,250.0000000000,0,0,0,31,0
1719,100,0,2,100,100,0,0,0,0,0,100,100,0.0197915970,14.3669657535,50.0000000000,13.4670332639,1.0000000000,0.8064000000,250.0000000000,0,0,0,31,0
1720,100,0,2,100,100,0,0,0,0,0,100,100,0.0197915970,14.3471741565,50.0000000000,13.4670332639,1.0000000000,0.8064000000,250.0000000000,0,0,0,31,0
1721,100,0,2,100,100,0,0,1,102,394,100,100,0.0241172042,14.3230569523,50.0000000000,11.6929601245,1.0000000000,0.8880000000,227.0270270270,0,0,0,53,0
1722,100,0,2,100,100,0,0,0,0,0,100,100,0.0174788925,14.3055780598,50.0000000000,11.6929601245,1.0000000000,0.8064000000,250.0000000000,0,0,0,53,0
1723,100,0,2,100,100,0,0,0,0,0,100,100,0.0174788925,14.2880991672,50.0000000000,11.6929601245,1.0000000000,0.8064000000,250.0000000000,0,0,0,53,0
1724,100,0,2,100,100,0,0,0,0,0,100,100,0.0174788925,14.2706202747,50.0000000000,11.6929601245,1.0000000000,0.8064000000,250.0000000000,0,0,0,53,0
1725,100,0,2,100,100,0,0,0,0,0,100,100,0.0174788925,14.2531413822,50.0000000000,11.6929601245,1.0000000000,0.8064000000,250.0000000000,0,0,0,53,0
1726,100,0,3,100,100,0,0,1,103,491,100,100,0.0268208982,14.2263204840,33.3333333333,13.7896278071,1.0000000000,0.8888000000,226.8226822682,0,0,0,26,0
1727,100,0,3,100,100,0,0,0,0,0,100,100,0.0193886002,14.2069318838,33.3333333333,13.7896278071,1.0000000000,0.8064000000,250.0000000000,0,0,0,26,0
1728,100,0,3,100,100,0,0,0,0,0,100,100,0.0193886002,14.1875432835,33.3333333333,13.7896278071,1.0000000000,0.8064000000,250.0000000000,0,0,0,26,0
1729,100,0,3,100,100,0,0,0,0,0,100,100,0.0193886002,14.1681546833,33.3333333333,13.7896278071,1.0000000000,0.8064000000,250.0000000000,0,0,0,26,0
1730,100,0,3,100,100,0,0,0,0,0,100,100,0.0193886002,14.1487660831,33.3333333333,13.7896278071,1.0000000000,0.8064000000,250.0000000000,0,0,0,26,0
1731,100,0,4,100,100,0,0,1,104,588,100,100,0.0299891815,14.1187769016,25.0000000000,14.9185722077,1.0000000000,0.8896000000,226.6187050360,0,0,0,11,0
1732,100,0,4,100,100,0,0,0,0,0,100,100,0.0214544763,14.0973224253,25.0000000000,14.9185722077,1.0000000000,0.8064000000,250.0000000000,0,0,0,11,0
1733,100,0,4,100,100,0,0,0,0,0,100,100,0.0214544763,14.0758679491,25.0000000000,14.9185722077,1.0000000000,0.8064000000,250.0000000000,0,0,0,11,0
1734,100,0,4,100,100,0,0,0,0,0,100,100,0.0214544763,14.0544134728,25.0000000000,14.9185722077,1.0000000000,0.8064000000,250.0000000000,0,0,0,11,0
1735,100,0,4,100,100,0,0,0,0,0,100,100,0.0214544763,14.0329589965,25.0000000000,14.9185722077,1.0000000000,0.8064000000,250.0000000000,0,0,0,11,0
1736,100,0,3,100,100,0,0,1,103,491,100,100,0.0286065814,14.0043524151,33.3333333333,14.9992238146,1.0000000000,0.8888000000,226.8226822682,0,0,0,11,0
1737,100,0,3,100,100,0,0,0,0,0,100,100,0.0211874583,13.9831649568,33.3333333333,14.9992238146,1.0000000000,0.8064000000,250.0000000000,0,0,0,11,0
1738,100,0,3,100,100,0,0,0,0,0,100,100,0.0211874583,13.9619774985,33.3333333333,14.9992238146,1.0000000000,0.8064000000,250.0000000000,0,0,0,11,0
1739,100,0,3,100,100,0,0,0,0,0,100,100,0.0211874583,13.9407900402,33.3333333333,14.9992238146,1.0000000000,0.8064000000,250.0000000000,0,0,0,11,0
1740,100,0,3,100,100,0,0,0,0,0,100,100,0.0211874583,13.9196025819,33.3333333333,14.9992238146,1.0000000000,0.8064000000,250.0000000000,0,0,0,11,0
1741,100,0,1,100,100,0,0,1,101,297,100,100,0.0222404241,13.8973621578,100.0000000000,10.5640004018,1.0000000000,0.8872000000,227.2317403066,0,0,0,68,0
1742,100,0,1,100,100,0,0,0,0,0,100,100,0.0163907423,13.8809714156,100.0000000000,10.5640004018,1.0000000000,0.8064000000,250.0000000000,0,0,0,68,0
1743,100,0,1,100,100,0,0,0,0,0,100,100,0.0163907423,13.8645806733,100.0000000000,10.5640004018,1.0000000000,0.8064000000,250.0000000000,0,0,0,68,0
1744,100,0,1,100,100,0,0,0,0,0,100,100,0.0163907423,13.8481899311,100.0000000000,10.5640004018,1.0000000000,0.8064000000,250.0000000000,0,0,0,68,0
1745,100,0,1,100,100,0,0,0,0,0,100,100,0.0163907423,13.8317991888,100.0000000000,10.5640004018,1.0000000000,0.8064000000,250.0000000000,0,0,0,68,0
1746,100,0,1,100,100,0,0,1,101,297,100,100,0.0216773783,13.8101218105,100.0000000000,9.9995116793,1.0000000000,0.8872000000,227.2317403066,0,0,0,75,0
1747,100,0,1,100,100,0,0,0,0,0,100,100,0.0157902360,13.7943315745,100.0000000000,9.9995116793,1.0000000000,0.8064000000,250.0000000000,0,0,0,75,0
1748,100,0,1,100,100,0,0,0,0,0,100,100,0.0157902360,13.7785413385,100.0000000000,9.9995116793,1.0000000000,0.8064000000,250.0000000000,0,0,0,75,0
1749,100,0,1,100,100,0,0,0,0,0,100,100,0.0157902360,13.7627511025,100.0000000000,9.9995116793,1.0000000000,0.8064000000,250.0000000000,0,0,0,75,0
1750,100,0,1,100,100,0,0,0,0,0,100,100,0.0157902360,13.7469608666,100.0000000000,9.9995116793,1.0000000000,0.8064000000,250.0000000000,0,0,0,75,0
1751,100,0,1,100,100,0,0,1,101,297,100,100,0.0228405958,13.7241202708,100.0000000000,11.2091173191,1.0000000000,0.8872000000,227.2317403066,0,0,0,60,0
1752,100,0,1,100,100,0,0,0,0,0,100,100,0.0171839662,13.7069363045,100.0000000000,11.2091173191,1.0000000000,0.8064000000,250.0000000000,0,0,0,60,0
1753,100,0,1,100,100,0,0,0,0,0,100,100,0.0171839662,13.6897523383,100.0000000000,11.2091173191,1.0000000000,0.8064000000,250.0000000000,0,0,0,60,0
1754,100,0,1,100,100,0,0,0,0,0,100,100,0.0171839662,13.6725683721,100.0000000000,11.2091173191,1.0000000000,0.8064000000,250.0000000000,0,0,0,60,0
1755,100,0,1,100,100,0,0,0,0,0,100,100,0.0171839662,13.6553844058,100.0000000000,11.2091173191,1.0000000000,0.8064000000,250.0000000000,0,0,0,60,0
1756,100,0,1,100,100,0,0,1,101,297,100,100,0.0214869936,13.6338974123,100.0000000000,9.5156737171,1.0000000000,0.8872000000,227.2317403066,0,0,0,81,0
1757,100,0,1,100,100,0,0,0,0,0,100,100,0.0153423269,13.6185550853,100.0000000000,9.5156737171,1.0000000000,0.8064000000,250.0000000000,0,0,0,81,0
1758,100,0,1,100,100,0,0,0,0,0,100,100,0.0153423269,13.6032127584,100.0000000000,9.5156737171,1.0000000000,0.8064000000,250.0000000000,0,0,0,81,0
1759,100,0,1,100,100,0,0,0,0,0,100,100,0.0153423269,13.5878704315,100.0000000000,9.5156737171,1.0000000000,0.8064000000,250.0000000000,0,0,0,81,0
1760,100,0,1,100,100,0,0,0,0,0,100,100,0.0153423269,13.5725281046,100.0000000000,9.5156737171,1.0000000000,0.8064000000,250.0000000000,0,0,0,81,0
1761,100,0,4,100,100,0,0,1,104,588,100,100,0.0272792061,13.5452488985,25.0000000000,12.9832083474,1.0000000000,0.8896000000,226.6187050360,0,0,0,35,0
1762,100,0,4,100,100,0,0,0,0,0,100,100,0.0186604528,13.5265884457,25.0000000000,12.9832083474,1.0000000000,0.8064000000,250.0000000000,0,0,0,35,0
1763,100,0,4,100,100,0,0,0,0,0,100,100,0.0186604528,13.5079279929,25.0000000000,12.9832083474,1.0000000000,0.8064000000,250.0000000000,0,0,0,35,0
1764,100,0,4,100,100,0,0,0,0,0,100,100,0.0186604528,13.4892675401,25.0000000000,12.9832083474,1.0000000000,0.8064000000,250.0000000000,0,0,0,35,0
1765,100,0,4,100,100,0,0,0,0,0,100,100,0.0186604528,13.4706070873,25.0000000000,12.9832083474,1.0000000000,0.8064000000,250.0000000000,0,0,0,35,0
1766,100,0,1,100,100,0,0,1,101,297,100,100,0.0226725581,13.4479345292,100.0000000000,11.1284690227,1.0000000000,0.8872000000,227.2317403066,0,0,0,61,0
1767,100,0,1,100,100,0,0,0,0,0,100,100,0.0170839705,13.4308505587,100.0000000000,11.1284690227,1.0000000000,0.8064000000,250.0000000000,0,0,0,61,0
1768,100,0,1,100,100,0,0,0,0,0,100,100,0.0170839705,13.4137665882,100.0000000000,11.1284690227,1.0000000000,0.8064000000,250.0000000000,0,0,0,61,0
1769,100,0,1,100,100,0,0,0,0,0,100,100,0.0170839705,13.3966826177,100.0000000000,11.1284690227,1.0000000000,0.8064000000,250.0000000000,0,0,0,61,0
1770,100,0,1,100,100,0,0,0,0,0,100,100,0.0170839705,13.3795986472,100.0000000000,11.1284690227,1.0000000000,0.8064000000,250.0000000000,0,0,0,61,0
1771,100,0,8,100,100,0,0,1,107,976,100,100,0.0335619168,13.3460367304,12.5000000000,14.7572882316,1.0000000000,0.8920000000,226.0089686099,0,0,0,9,0
1772,100,0,8,100,100,0,0,0,0,0,100,100,0.0207761190,13.3252606114,12.5000000000,14.7572882316,1.0000000000,0.8064000000,250.0000000000,0,0,0,9,0
1773,100,0,8,100,100,0,0,0,0,0,100,100,0.0207761190,13.3044844925,12.5000000000,14.7572882316,1.0000000000,0.8064000000,250.0000000000,0,0,0,9,0
1774,100,0,8,100,100,0,0,0,0,0,100,100,0.0207761190,13.2837083735,12.5000000000,14.7572882316,1.0000000000,0.8064000000,250.0000000000,0,0,0,9,0
1775,100,0,8,100,100,0,0,0,0,0,100,100,0.0207761190,13.2629322545,12.5000000000,14.7572882316,1.0000000000,0.8064000000,250.0000000000,0,0,0,9,0
1776,100,0,7,100,100,0,0,1,107,879,100,100,0.0320396292,13.2308926253,14.2857142857,14.6766672013,1.0000000000,0.8920000000,226.0089686099,0,0,0,11,0
1777,100,0,7,100,100,0,0,0,0,0,100,100,0.0203507541,13.2105418712,14.2857142857,14.6766672013,1.0000000000,0.8064000000,250.0000000000,0,0,0,11,0
1778,100,0,7,100,100,0,0,0,0,0,100,100,0.0203507541,13.1901911171,14.2857142857,14.6766672013,1.0000000000,0.8064000000,250.0000000000,0,0,0,11,0
1779,100,0,7,100,100,0,0,0,0,0,100,100,0.0203507541,13.1698403629,14.2857142857,14.6766672013,1.0000000000,0.8064000000,250.0000000000,0,0,0,11,0
1780,100,0,7,100,100,0,0,0,0,0,100,100,0.0203507541,13.1494896088,14.2857142857,14.6766672013,1.0000000000,0.8064000000,250.0000000000,0,0,0,11,0
1781,100,0,4,100,100,0,0,1,104,588,100,100,0.0265239247,13.1229656841,25.0000000000,11.9348984752,1.0000000000,0.8896000000,226.6187050360,0,0,0,48,0
1782,100,0,4,100,100,0,0,0,0,0,100,100,0.0178112735,13.1051544106,25.0000000000,11.9348984752,1.0000000000,0.8064000000,250.0000000000,0,0,0,48,0
1783,100,0,4,100,100,0,0,0,0,0,100,100,0.0178112735,13.0873431372,25.0000000000,11.9348984752,1.0000000000,0.8064000000,250.0000000000,0,0,0,48,0
1784,100,0,4,100,100,0,0,0,0,0,100,100,0.0178112735,13.0695318637,25.0000000000,11.9348984752,1.0000000000,0.8064000000,250.0000000000,0,0,0,48,0
1785,100,0,4,100,100,0,0,0,0,0,100,100,0.0178112735,13.0517205902,25.0000000000,11.9348984752,1.0000000000,0.8064000000,250.0000000000,0,0,0,48,0
1786,100,0,5,100,100,0,0,1,105,685,100,100,0.0287845268,13.0229360634,20.0000000000,12.8219152733,1.0000000000,0.8904000000,226.4150943396,0,0,0,36,0
1787,100,0,5,100,100,0,0,0,0,0,100,100,0.0190349860,13.0039010774,20.0000000000,12.8219152733,1.0000000000,0.8064000000,250.0000000000,0,0,0,36,0
1788,100,0,5,100,100,0,0,0,0,0,100,100,0.0190349860,12.9848660914,20.0000000000,12.8219152733,1.0000000000,0.8064000000,250.0000000000,0,0,0,36,0
1789,100,0,5,100,100,0,0,0,0,0,100,100,0.0190349860,12.9658311054,20.0000000000,12.8219152733,1.0000000000,0.8064000000,250.0000000000,0,0,0,36,0
1790,100,0,5,100,100,0,0,0,0,0,100,100,0.0190349860,12.9467961195,20.0000000000,12.8219152733,1.0000000000,0.8064000000,250.0000000000,0,0,0,36,0
1791,100,0,5,100,100,0,0,1,105,685,100,100,0.0296917518,12.9171043676,20.0000000000,14.3541066295,1.0000000000,0.8904000000,226.4150943396,0,0,0,17,0
1792,100,0,5,100,100,0,0,0,0,0,100,100,0.0201223937,12.8969819739,20.0000000000,14.3541066295,1.0000000000,0.8064000000,250.0000000000,0,0,0,17,0
1793,100,0,5,100,100,0,0,0,0,0,100,100,0.0201223937,12.8768595801,20.0000000000,14.3541066295,1.0000000000,0.8064000000,250.0000000000,0,0,0,17,0
1794,100,0,5,100,100,0,0,0,0,0,100,100,0.0201223937,12.8567371864,20.0000000000,14.3541066295,1.0000000000,0.8064000000,250.0000000000,0,0,0,17,0
1795,100,0,5,100,100,0,0,0,0,0,100,100,0.0201223937,12.8366147926,20.0000000000,14.3541066295,1.0000000000,0.8064000000,250.0000000000,0,0,0,17,0
1796,100,0,10,100,100,0,0,1,110,1170,100,100,0.0347305866,12.8018842061,10.0000000000,14.3540968047,1.0000000000,0.8944000000,225.4025044723,0,0,0,12,0
1797,100,0,10,100,100,0,0,0,0,0,100,100,0.0198109046,12.7820733015,10.0000000000,14.3540968047,1.0000000000,0.8064000000,250.0000000000,0,0,0,12,0
1798,100,0,10,100,100,0,0,0,0,0,100,100,0.0198109046,12.7622623969,10.0000000000,14.3540968047,1.0000000000,0.8064000000,250.0000000000,0,0,0,12,0
1799,100,0,10,100,100,0,0,0,0,0,100,100,0.0198109046,12.7424514923,10.0000000000,14.3540968047,1.0000000000,0.8064000000,250.0000000000,0,0,0,12,0
1800,100,0,10,100,100,0,0,0,0,0,100,100,0.0198109046,12.7226405877,10.0000000000,14.3540968047,1.0000000000,0.8064000000,250.0000000000,0,0,0,12,0
1801,100,0,1,100,100,0,0,1,101,297,100,100,0.0216889778,12.7009516099,100.0000000000,9.6769583332,1.0000000000,0.8872000000,227.2317403066,0,0,0,79,0
1802,100,0,1,100,100,0,0,0,0,0,100,100,0.0152464322,12.6857051776,100.0000000000,9.6769583332,1.0000000000,0.8064000000,250.0000000000,0,0,0,79,0
1803,100,0,1,100,100,0,0,0,0,0,100,100,0.0152464322,12.6704587454,100.0000000000,9.6769583332,1.0000000000,0.8064000000,250.0000000000,0,0,0,79,0
1804,100,0,1,100,100,0,0,0,0,0,100,100,0.0152464322,12.6552123131,100.0000000000,9.6769583332,1.0000000000,0.8064000000,250.0000000000,0,0,0,79,0
1805,100,0,1,100,100,0,0,0,0,0,100,100,0.0152464322,12.6399658809,100.0000000000,9.6769583332,1.0000000000,0.8064000000,250.0000000000,0,0,0,79,0
1806,100,0,1,100,100,0,0,1,101,297,100,100,0.0225639610,12.6174019199,100.0000000000,10.9671979883,1.0000000000,0.8872000000,227.2317403066,0,0,0,63,0
1807,100,0,1,100,100,0,0,0,0,0,100,100,0.0168600269,12.6005418930,100.0000000000,10.9671979883,1.0000000000,0.8064000000,250.0000000000,0,0,0,63,0
1808,100,0,1,100,100,0,0,0,0,0,100,100,0.0168600269,12.5836818662,100.0000000000,10.9671979883,1.0000000000,0.8064000000,250.0000000000,0,0,0,63,0
1809,100,0,1,100,100,0,0,0,0,0,100,100,0.0168600269,12.5668218393,100.0000000000,10.9671979883,1.0000000000,0.8064000000,250.0000000000,0,0,0,63,0
1810,100,0,1,100,100,0,0,0,0,0,100,100,0.0168600269,12.5499618125,100.0000000000,10.9671979883,1.0000000000,0.8064000000,250.0000000000,0,0,0,63,0
1811,100,0,1,100,100,0,0,1,101,297,100,100,0.0234883299,12.5264734825,100.0000000000,11.6929506337,1.0000000000,0.8872000000,227.2317403066,0,0,0,54,0
1812,100,0,1,100,100,0,0,0,0,0,100,100,0.0179606694,12.5085128131,100.0000000000,11.6929506337,1.0000000000,0.8064000000,250.0000000000,0,0,0,54,0
1813,100,0,1,100,100,0,0,0,0,0,100,100,0.0179606694,12.4905521436,100.0000000000,11.6929506337,1.0000000000,0.8064000000,250.0000000000,0,0,0,54,0
1814,100,0,1,100,100,0,0,0,0,0,100,100,0.0179606694,12.4725914742,100.0000000000,11.6929506337,1.0000000000,0.8064000000,250.0000000000,0,0,0,54,0
1815,100,0,1,100,100,0,0,0,0,0,100,100,0.0179606694,12.4546308048,100.0000000000,11.6929506337,1.0000000000,0.8064000000,250.0000000000,0,0,0,54,0
1816,100,0,1,100,100,0,0,1,101,297,100,100,0.0220871196,12.4325436851,100.0000000000,10.4027059567,1.0000000000,0.8872000000,227.2317403066,0,0,0,70,0
1817,100,0,1,100,100,0,0,0,0,0,100,100,0.0164636955,12.4160799897,100.0000000000,10.4027059567,1.0000000000,0.8064000000,250.0000000000,0,0,0,70,0
1818,100,0,1,100,100,0,0,0,0,0,100,100,0.0164636955,12.3996162942,100.0000000000,10.4027059567,1.0000000000,0.8064000000,250.0000000000,0,0,0,70,0
1819,100,0,1,100,100,0,0,0,0,0,100,100,0.0164636955,12.3831525987,100.0000000000,10.4027059567,1.0000000000,0.8064000000,250.0000000000,0,0,0,70,0
1820,100,0,1,100,100,0,0,0,0,0,100,100,0.0164636955,12.3666889032,100.0000000000,10.4027059567,1.0000000000,0.8064000000,250.0000000000,0,0,0,70,0
1821,100,0,1,100,100,0,0,1,101,297,100,100,0.0214071490,12.3452817542,100.0000000000,9.1931107228,1.0000000000,0.8872000000,227.2317403066,0,0,0,85,0
1822,100,0,1,100,100,0,0,0,0,0,100,100,0.0148506936,12.3304310607,100.0000000000,9.1931107228,1.0000000000,0.8064000000,250.0000000000,0,0,0,85,0
1823,100,0,1,100,100,0,0,0,0,0,100,100,0.0148506936,12.3155803671,100.0000000000,9.1931107228,1.0000000000,0.8064000000,250.0000000000,0,0,0,85,0
1824,100,0,1,100,100,0,0,0,0,0,100,100,0.0148506936,12.3007296736,100.0000000000,9.1931107228,1.0000000000,0.8064000000,250.0000000000,0,0,0,85,0
1825,100,0,1,100,100,0,0,0,0,0,100,100,0.0148506936,12.2858789800,100.0000000000,9.1931107228,1.0000000000,0.8064000000,250.0000000000,0,0,0,85,0
1826,100,0,3,100,100,0,0,1,103,491,100,100,0.0240166252,12.2618623548,33.3333333333,10.1607996290,1.0000000000,0.8888000000,226.8226822682,0,0,0,71,0
1827,100,0,3,100,100,0,0,0,0,0,100,100,0.0159669561,12.2458953987,33.3333333333,10.1607996290,1.0000000000,0.8064000000,250.0000000000,0,0,0,71,0
1828,100,0,3,100,100,0,0,0,0,0,100,100,0.0159669561,12.2299284426,33.3333333333,10.1607996290,1.0000000000,0.8064000000,250.0000000000,0,0,0,71,0
1829,100,0,3,100,100,0,0,0,0,0,100,100,0.0159669561,12.2139614865,33.3333333333,10.1607996290,1.0000000000,0.8064000000,250.0000000000,0,0,0,71,0
1830,100,0,3,100,100,0,0,0,0,0,100,100,0.0159669561,12.1979945304,33.3333333333,10.1607996290,1.0000000000,0.8064000000,250.0000000000,0,0,0,71,0
1831,100,0,3,100,100,0,0,1,103,491,100,100,0.0263158792,12.1716786512,33.3333333333,12.9025812714,1.0000000000,0.8888000000,226.8226822682,0,0,0,37,0
1832,100,0,3,100,100,0,0,0,0,0,100,100,0.0187582389,12.1529204123,33.3333333333,12.9025812714,1.0000000000,0.8064000000,250.0000000000,0,0,0,37,0
1833,100,0,3,100,100,0,0,0,0,0,100,100,0.0187582389,12.1341621734,33.3333333333,12.9025812714,1.0000000000,0.8064000000,250.0000000000,0,0,0,37,0
1834,100,0,3,100,100,0,0,0,0,0,100,100,0.0187582389,12.1154039346,33.3333333333,12.9025812714,1.0000000000,0.8064000000,250.0000000000,0,0,0,37,0
1835,100,0,3,100,100,0,0,0,0,0,100,100,0.0187582389,12.0966456957,33.3333333333,12.9025812714,1.0000000000,0.8064000000,250.0000000000,0,0,0,37,0
1836,100,0,2,100,100,0,0,1,102,394,100,100,0.0235287763,12.0731169195,50.0000000000,11.1284877762,1.0000000000,0.8880000000,227.0270270270,0,0,0,60,0
1837,100,0,2,100,100,0,0,0,0,0,100,100,0.0167504647,12.0563664547,50.0000000000,11.1284877762,1.0000000000,0.8064000000,250.0000000000,0,0,0,60,0
1838,100,0,2,100,100,0,0,0,0,0,100,100,0.0167504647,12.0396159900,50.0000000000,11.1284877762,1.0000000000,0.8064000000,250.0000000000,0,0,0,60,0
1839,100,0,2,100,100,0,0,0,0,0,100,100,0.0167504647,12.0228655253,50.0000000000,11.1284877762,1.0000000000,0.8064000000,250.0000000000,0,0,0,60,0
1840,100,0,2,100,100,0,0,0,0,0,100,100,0.0167504647,12.0061150605,50.0000000000,11.1284877762,1.0000000000,0.8064000000,250.0000000000,0,0,0,60,0
1841,100,0,1,100,100,0,0,1,101,297,100,100,0.0230519206,11.9830631400,100.0000000000,11.2897553453,1.0000000000,0.8872000000,227.2317403066,0,0,0,59,0
1842,100,0,1,100,100,0,0,0,0,0,100,100,0.0174275269,11.9656356130,100.0000000000,11.2897553453,1.0000000000,0.8064000000,250.0000000000,0,0,0,59,0
1843,100,0,1,100,100,0,0,0,0,0,100,100,0.0174275269,11.9482080861,100.0000000000,11.2897553453,1.0000000000,0.8064000000,250.0000000000,0,0,0,59,0
1844,100,0,1,100,100,0,0,0,0,0,100,100,0.0174275269,11.9307805592,100.0000000000,11.2897553453,1.0000000000,0.8064000000,250.0000000000,0,0,0,59,0
1845,100,0,1,100,100,0,0,0,0,0,100,100,0.0174275269,11.9133530322,100.0000000000,11.2897553453,1.0000000000,0.8064000000,250.0000000000,0,0,0,59,0
1846,100,0,5,100,100,0,0,1,105,685,100,100,0.0305347004,11.8828183318,20.0000000000,14.9185753085,1.0000000000,0.8904000000,226.4150943396,0,0,0,10,0
1847,100,0,5,100,100,0,0,0,0,0,100,100,0.0209745414,11.8618437904,20.0000000000,14.9185753085,1.0000000000,0.8064000000,250.0000000000,0,0,0,10,0
1848,100,0,5,100,100,0,0,0,0,0,100,100,0.0209745414,11.8408692490,20.0000000000,14.9185753085,1.0000000000,0.8064000000,250.0000000000,0,0,0,10,0
1849,100,0,5,100,100,0,0,0,0,0,100,100,0.0209745414,11.8198947076,20.0000000000,14.9185753085,1.0000000000,0.8064000000,250.0000000000,0,0,0,10,0
1850,100,0,5,100,100,0,0,0,0,0,100,100,0.0209745414,11.7989201662,20.0000000000,14.9185753085,1.0000000000,0.8064000000,250.0000000000,0,0,0,10,0
1851,100,0,1,100,100,0,0,1,101,297,100,100,0.0217707576,11.7771494087,100.0000000000,9.9188765593,1.0000000000,0.8872000000,227.2317403066,0,0,0,76,0
1852,100,0,1,100,100,0,0,0,0,0,100,100,0.0157242373,11.7614251714,100.0000000000,9.9188765593,1.0000000000,0.8064000000,250.0000000000,0,0,0,76,0
1853,100,0,1,100,100,0,0,0,0,0,100,100,0.0157242373,11.7457009341,100.0000000000,9.9188765593,1.0000000000,0.8064000000,250.0000000000,0,0,0,76,0
1854,100,0,1,100,100,0,0,0,0,0,100,100,0.0157242373,11.7299766968,100.0000000000,9.9188765593,1.0000000000,0.8064000000,250.0000000000,0,0,0,76,0
1855,100,0,1,100,100,0,0,0,0,0,100,100,0.0157242373,11.7142524596,100.0000000000,9.9188765593,1.0000000000,0.8064000000,250.0000000000,0,0,0,76,0
1856,100,0,1,100,100,0,0,1,101,297,100,100,0.0215766172,11.6926758423,100.0000000000,9.4350359266,1.0000000000,0.8872000000,227.2317403066,0,0,0,82,0
1857,100,0,1,100,100,0,0,0,0,0,100,100,0.0152696401,11.6774062022,100.0000000000,9.4350359266,1.0000000000,0.8064000000,250.0000000000,0,0,0,82,0
1858,100,0,1,100,100,0,0,0,0,0,100,100,0.0152696401,11.6621365620,100.0000000000,9.4350359266,1.0000000000,0.8064000000,250.0000000000,0,0,0,82,0
1859,100,0,1,100,100,0,0,0,0,0,100,100,0.0152696401,11.6468669219,100.0000000000,9.4350359266,1.0000000000,0.8064000000,250.0000000000,0,0,0,82,0
1860,100,0,1,100,100,0,0,0,0,0,100,100,0.0152696401,11.6315972818,100.0000000000,9.4350359266,1.0000000000,0.8064000000,250.0000000000,0,0,0,82,0
1861,100,0,3,100,100,0,0,1,103,491,100,100,0.0252134034,11.6063838784,33.3333333333,11.9348887895,1.0000000000,0.8888000000,226.8226822682,0,0,0,49,0
1862,100,0,3,100,100,0,0,0,0,0,100,100,0.0175531302,11.5888307482,33.3333333333,11.9348887895,1.0000000000,0.8064000000,250.0000000000,0,0,0,49,0
1863,100,0,3,100,100,0,0,0,0,0,100,100,0.0175531302,11.5712776179,33.3333333333,11.9348887895,1.0000000000,0.8064000000,250.0000000000,0,0,0,49,0
1864,100,0,3,100,100,0,0,0,0,0,100,100,0.0175531302,11.5537244877,33.3333333333,11.9348887895,1.0000000000,0.8064000000,250.0000000000,0,0,0,49,0
1865,100,0,3,100,100,0,0,0,0,0,100,100,0.0175531302,11.5361713574,33.3333333333,11.9348887895,1.0000000000,0.8064000000,250.0000000000,0,0,0,49,0
1866,100,0,3,100,100,0,0,1,103,491,100,100,0.0268333949,11.5093379625,33.3333333333,13.4670676302,1.0000000000,0.8888000000,226.8226822682,0,0,0,30,0
1867,100,0,3,100,100,0,0,0,0,0,100,100,0.0193593494,11.4899786131,33.3333333333,13.4670676302,1.0000000000,0.8064000000,250.0000000000,0,0,0,30,0
1868,100,0,3,100,100,0,0,0,0,0,100,100,0.0193593494,11.4706192636,33.3333333333,13.4670676302,1.0000000000,0.8064000000,250.0000000000,0,0,0,30,0
1869,100,0,3,100,100,0,0,0,0,0,100,100,0.0193593494,11.4512599142,33.3333333333,13.4670676302,1.0000000000,0.8064000000,250.0000000000,0,0,0,30,0
1870,100,0,3,100,100,0,0,0,0,0,100,100,0.0193593494,11.4319005648,33.3333333333,13.4670676302,1.0000000000,0.8064000000,250.0000000000,0,0,0,30,0
1871,100,0,4,100,100,0,0,1,104,588,100,100,0.0287532769,11.4031472878,25.0000000000,14.4347429718,1.0000000000,0.8896000000,226.6187050360,0,0,0,17,0
1872,100,0,4,100,100,0,0,0,0,0,100,100,0.0202672574,11.3828800305,25.0000000000,14.4347429718,1.0000000000,0.8064000000,250.0000000000,0,0,0,17,0
1873,100,0,4,100,100,0,0,0,0,0,100,100,0.0202672574,11.3626127731,25.0000000000,14.4347429718,1.0000000000,0.8064000000,250.0000000000,0,0,0,17,0
1874,100,0,4,100,100,0,0,0,0,0,100,100,0.0202672574,11.3423455157,25.0000000000,14.4347429718,1.0000000000,0.8064000000,250.0000000000,0,0,0,17,0
1875,100,0,4,100,100,0,0,0,0,0,100,100,0.0202672574,11.3220782583,25.0000000000,14.4347429718,1.0000000000,0.8064000000,250.0000000000,0,0,0,17,0
1876,100,0,2,100,100,0,0,1,102,394,100,100,0.0243342022,11.2977440562,50.0000000000,12.1768170911,1.0000000000,0.8880000000,227.0270270270,0,0,0,47,0
1877,100,0,2,100,100,0,0,0,0,0,100,100,0.0178357957,11.2799082604,50.0000000000,12.1768170911,1.0000000000,0.8064000000,250.0000000000,0,0,0,47,0
1878,100,0,2,100,100,0,0,0,0,0,100,100,0.0178357957,11.2620724647,50.0000000000,12.1768170911,1.0000000000,0.8064000000,250.0000000000,0,0,0,47,0
1879,100,0,2,100,100,0,0,0,0,0,100,100,0.0178357957,11.2442366689,50.0000000000,12.1768170911,1.0000000000,0.8064000000,250.0000000000,0,0,0,47,0
1880,100,0,2,100,100,0,0,0,0,0,100,100,0.0178357957,11.2264008732,50.0000000000,12.1768170911,1.0000000000,0.8064000000,250.0000000000,0,0,0,47,0
1881,100,0,1,100,100,0,0,1,101,297,100,100,0.0222219872,11.2041788859,100.0000000000,10.4027166278,1.0000000000,0.8872000000,227.2317403066,0,0,0,70,0
1882,100,0,1,100,100,0,0,0,0,0,100,100,0.0163992798,11.1877796061,100.0000000000,10.4027166278,1.0000000000,0.8064000000,250.0000000000,0,0,0,70,0
1883,100,0,1,100,100,0,0,0,0,0,100,100,0.0163992798,11.1713803263,100.0000000000,10.4027166278,1.0000000000,0.8064000000,250.0000000000,0,0,0,70,0
1884,100,0,1,100,100,0,0,0,0,0,100,100,0.0163992798,11.1549810465,100.0000000000,10.4027166278,1.0000000000,0.8064000000,250.0000000000,0,0,0,70,0
1885,100,0,1,100,100,0,0,0,0,0,100,100,0.0163992798,11.1385817666,100.0000000000,10.4027166278,1.0000000000,0.8064000000,250.0000000000,0,0,0,70,0
1886,100,0,3,100,100,0,0,1,103,491,100,100,0.0261245283,11.1124572383,33.3333333333,12.4187073871,1.0000000000,0.8888000000,226.8226822682,0,0,0,43,0
1887,100,0,3,100,100,0,0,0,0,0,100,100,0.0185550739,11.0939021644,33.3333333333,12.4187073871,1.0000000000,0.8064000000,250.0000000000,0,0,0,43,0
1888,100,0,3,100,100,0,0,0,0,0,100,100,0.0185550739,11.0753470905,33.3333333333,12.4187073871,1.0000000000,0.8064000000,250.0000000000,0,0,0,43,0
1889,100,0,3,100,100,0,0,0,0,0,100,100,0.0185550739,11.0567920167,33.3333333333,12.4187073871,1.0000000000,0.8064000000,250.0000000000,0,0,0,43,0
1890,100,0,3,100,100,0,0,0,0,0,100,100,0.0185550739,11.0382369428,33.3333333333,12.4187073871,1.0000000000,0.8064000000,250.0000000000,0,0,0,43,0
1891,100,0,5,100,100,0,0,1,105,685,100,100,0.0296319129,11.0086050299,20.0000000000,14.4347437168,1.0000000000,0.8904000000,226.4150943396,0,0,0,16,0
1892,100,0,5,100,100,0,0,0,0,0,100,100,0.0200788475,10.9885261824,20.0000000000,14.4347437168,1.0000000000,0.8064000000,250.0000000000,0,0,0,16,0
1893,100,0,5,100,100,0,0,0,0,0,100,100,0.0200788475,10.9684473350,20.0000000000,14.4347437168,1.0000000000,0.8064000000,250.0000000000,0,0,0,16,0
1894,100,0,5,100,100,0,0,0,0,0,100,100,0.0200788475,10.9483684875,20.0000000000,14.4347437168,1.0000000000,0.8064000000,250.0000000000,0,0,0,16,0
1895,100,0,5,100,100,0,0,0,0,0,100,100,0.0200788475,10.9282896401,20.0000000000,14.4347437168,1.0000000000,0.8064000000,250.0000000000,0,0,0,16,0
1896,100,0,8,100,100,0,0,1,108,976,100,100,0.0323002058,10.8959894342,12.5000000000,13.7896235412,1.0000000000,0.8928000000,225.8064516129,0,0,0,21,0
1897,100,0,8,100,100,0,0,0,0,0,100,100,0.0194656988,10.8765237355,12.5000000000,13.7896235412,1.0000000000,0.8064000000,250.0000000000,0,0,0,21,0
1898,100,0,8,100,100,0,0,0,0,0,100,100,0.0194656988,10.8570580367,12.5000000000,13.7896235412,1.0000000000,0.8064000000,250.0000000000,0,0,0,21,0
1899,100,0,8,100,100,0,0,0,0,0,100,100,0.0194656988,10.8375923380,12.5000000000,13.7896235412,1.0000000000,0.8064000000,250.0000000000,0,0,0,21,0
1900,100,0,8,100,100,0,0,0,0,0,100,100,0.0194656988,10.8181266392,12.5000000000,13.7896235412,1.0000000000,0.8064000000,250.0000000000,0,0,0,21,0
1901,100,0,1,100,100,0,0,1,101,297,100,100,0.0230085138,10.7951181254,100.0000000000,11.3703860722,1.0000000000,0.8872000000,227.2317403066,0,0,0,58,0
1902,100,0,1,100,100,0,0,0,0,0,100,100,0.0174673415,10.7776507839,100.0000000000,11.3703860722,1.0000000000,0.8064000000,250.0000000000,0,0,0,58,0
1903,100,0,1,100,100,0,0,0,0,0,100,100,0.0174673415,10.7601834424,100.0000000000,11.3703860722,1.0000000000,0.8064000000,250.0000000000,0,0,0,58,0
1904,100,0,1,100,100,0,0,0,0,0,100,100,0.0174673415,10.7427161008,100.0000000000,11.3703860722,1.0000000000,0.8064000000,250.0000000000,0,0,0,58,0
1905,100,0,1,100,100,0,0,0,0,0,100,100,0.0174673415,10.7252487593,100.0000000000,11.3703860722,1.0000000000,0.8064000000,250.0000000000,0,0,0,58,0
1906,100,0,1,100,100,0,0,1,101,297,100,100,0.0224898830,10.7027588763,100.0000000000,10.8865484726,1.0000000000,0.8872000000,227.2317403066,0,0,0,64,0
1907,100,0,1,100,100,0,0,0,0,0,100,100,0.0168829373,10.6858759390,100.0000000000,10.8865484726,1.0000000000,0.8064000000,250.0000000000,0,0,0,64,0
1908,100,0,1,100,100,0,0,0,0,0,100,100,0.0168829373,10.6689930016,100.0000000000,10.8865484726,1.0000000000,0.8064000000,250.0000000000,0,0,0,64,0
1909,100,0,1,100,100,0,0,0,0,0,100,100,0.0168829373,10.6521100643,100.0000000000,10.8865484726,1.0000000000,0.8064000000,250.0000000000,0,0,0,64,0
1910,100,0,1,100,100,0,0,0,0,0,100,100,0.0168829373,10.6352271269,100.0000000000,10.8865484726,1.0000000000,0.8064000000,250.0000000000,0,0,0,64,0
1911,100,0,2,100,100,0,0,1,102,394,100,100,0.0255369987,10.6096901282,50.0000000000,12.7412886266,1.0000000000,0.8880000000,227.0270270270,0,0,0,40,0
1912,100,0,2,100,100,0,0,0,0,0,100,100,0.0190179501,10.5906721782,50.0000000000,12.7412886266,1.0000000000,0.8064000000,250.0000000000,0,0,0,40,0
1913,100,0,2,100,100,0,0,0,0,0,100,100,0.0190179501,10.5716542281,50.0000000000,12.7412886266,1.0000000000,0.8064000000,250.0000000000,0,0,0,40,0
1914,100,0,2,100,100,0,0,0,0,0,100,100,0.0190179501,10.5526362780,50.0000000000,12.7412886266,1.0000000000,0.8064000000,250.0000000000,0,0,0,40,0
1915,100,0,2,100,100,0,0,0,0,0,100,100,0.0190179501,10.5336183280,50.0000000000,12.7412886266,1.0000000000,0.8064000000,250.0000000000,0,0,0,40,0
1916,100,0,1,100,100,0,0,1,101,297,100,100,0.0219744056,10.5116439224,100.0000000000,10.2414312547,1.0000000000,0.8872000000,227.2317403066,0,0,0,72,0
1917,100,0,1,100,100,0,0,0,0,0,100,100,0.0162122534,10.4954316690,100.0000000000,10.2414312547,1.0000000000,0.8064000000,250.0000000000,0,0,0,72,0
1918,100,0,1,100,100,0,0,0,0,0,100,100,0.0162122534,10.4792194157,100.0000000000,10.2414312547,1.0000000000,0.8064000000,250.0000000000,0,0,0,72,0
1919,100,0,1,100,100,0,0,0,0,0,100,100,0.0162122534,10.4630071623,100.0000000000,10.2414312547,1.0000000000,0.8064000000,250.0000000000,0,0,0,72,0
1920,100,0,1,100,100,0,0,0,0,0,100,100,0.0162122534,10.4467949089,100.0000000000,10.2414312547,1.0000000000,0.8064000000,250.0000000000,0,0,0,72,0
1921,100,0,1,100,100,0,0,1,101,297,100,100,0.0223032271,10.4244916818,100.0000000000,10.7252783607,1.0000000000,0.8872000000,227.2317403066,0,0,0,66,0
1922,100,0,1,100,100,0,0,0,0,0,100,100,0.0164694561,10.4080222258,100.0000000000,10.7252783607,1.0000000000,0.8064000000,250.0000000000,0,0,0,66,0
1923,100,0,1,100,100,0,0,0,0,0,100,100,0.0164694561,10.3915527697,100.0000000000,10.7252783607,1.0000000000,0.8064000000,250.0000000000,0,0,0,66,0
1924,100,0,1,100,100,0,0,0,0,0,100,100,0.0164694561,10.3750833137,100.0000000000,10.7252783607,1.0000000000,0.8064000000,250.0000000000,0,0,0,66,0
1925,100,0,1,100,100,0,0,0,0,0,100,100,0.0164694561,10.3586138576,100.0000000000,10.7252783607,1.0000000000,0.8064000000,250.0000000000,0,0,0,66,0
1926,100,0,1,100,100,0,0,1,101,297,100,100,0.0218439727,10.3367698849,100.0000000000,10.3220750847,1.0000000000,0.8872000000,227.2317403066,0,0,0,71,0
1927,100,0,1,100,100,0,0,0,0,0,100,100,0.0159416616,10.3208282233,100.0000000000,10.3220750847,1.0000000000,0.8064000000,250.0000000000,0,0,0,71,0
1928,100,0,1,100,100,0,0,0,0,0,100,100,0.0159416616,10.3048865617,100.0000000000,10.3220750847,1.0000000000,0.8064000000,250.0000000000,0,0,0,71,0
1929,100,0,1,100,100,0,0,0,0,0,100,100,0.0159416616,10.2889449001,100.0000000000,10.3220750847,1.0000000000,0.8064000000,250.0000000000,0,0,0,71,0
1930,100,0,1,100,100,0,0,0,0,0,100,100,0.0159416616,10.2730032385,100.0000000000,10.3220750847,1.0000000000,0.8064000000,250.0000000000,0,0,0,71,0
1931,100,0,1,100,100,0,0,1,101,297,100,100,0.0239174774,10.2490857611,100.0000000000,11.9348719584,1.0000000000,0.8872000000,227.2317403066,0,0,0,51,0
1932,100,0,1,100,100,0,0,0,0,0,100,100,0.0184016022,10.2306841589,100.0000000000,11.9348719584,1.0000000000,0.8064000000,250.0000000000,0,0,0,51,0
1933,100,0,1,100,100,0,0,0,0,0,100,100,0.0184016022,10.2122825567,100.0000000000,11.9348719584,1.0000000000,0.8064000000,250.0000000000,0,0,0,51,0
1934,100,0,1,100,100,0,0,0,0,0,100,100,0.0184016022,10.1938809545,100.0000000000,11.9348719584,1.0000000000,0.8064000000,250.0000000000,0,0,0,51,0
1935,100,0,1,100,100,0,0,0,0,0,100,100,0.0184016022,10.1754793523,100.0000000000,11.9348719584,1.0000000000,0.8064000000,250.0000000000,0,0,0,51,0
1936,100,0,2,100,100,0,0,1,102,394,100,100,0.0268965879,10.1485827644,50.0000000000,14.0315142020,1.0000000000,0.8880000000,227.0270270270,0,0,0,24,0
1937,100,0,2,100,100,0,0,0,0,0,100,100,0.0204711054,10.1281116590,50.0000000000,14.0315142020,1.0000000000,0.8064000000,250.0000000000,0,0,0,24,0
1938,100,0,2,100,100,0,0,0,0,0,100,100,0.0204711054,10.1076405536,50.0000000000,14.0315142020,1.0000000000,0.8064000000,250.0000000000,0,0,0,24,0
1939,100,0,2,100,100,0,0,0,0,0,100,100,0.0204711054,10.0871694481,50.0000000000,14.0315142020,1.0000000000,0.8064000000,250.0000000000,0,0,0,24,0
1940,100,0,2,100,100,0,0,0,0,0,100,100,0.0204711054,10.0666983427,50.0000000000,14.0315142020,1.0000000000,0.8064000000,250.0000000000,0,0,0,24,0
1941,100,0,2,100,100,0,0,1,102,394,100,100,0.0259021502,10.0407961925,50.0000000000,13.1444902150,1.0000000000,0.8880000000,227.0270270270,0,0,0,35,0
1942,100,0,2,100,100,0,0,0,0,0,100,100,0.0194492752,10.0213469173,50.0000000000,13.1444902150,1.0000000000,0.8064000000,250.0000000000,0,0,0,35,0
1943,100,0,2,100,100,0,0,0,0,0,100,100,0.0194492752,10.0018976420,50.0000000000,13.1444902150,1.0000000000,0.8064000000,250.0000000000,0,0,0,35,0
1944,100,0,2,100,100,0,0,0,0,0,100,100,0.0194492752,9.9824483668,50.0000000000,13.1444902150,1.0000000000,0.8064000000,250.0000000000,0,0,0,35,0
1945,100,0,2,100,100,0,0,0,0,0,100,100,0.0194492752,9.9629990915,50.0000000000,13.1444902150,1.0000000000,0.8064000000,250.0000000000,0,0,0,35,0
1946,100,0,1,100,100,0,0,1,101,297,100,100,0.0221659855,9.9408331060,100.0000000000,10.5639996093,1.0000000000,0.8872000000,227.2317403066,0,0,0,68,0
1947,100,0,1,100,100,0,0,0,0,0,100,100,0.0163484671,9.9244846389,100.0000000000,10.5639996093,1.0000000000,0.8064000000,250.0000000000,0,0,0,68,0
1948,100,0,1,100,100,0,0,0,0,0,100,100,0.0163484671,9.9081361719,100.0000000000,10.5639996093,1.0000000000,0.8064000000,250.0000000000,0,0,0,68,0
1949,100,0,1,100,100,0,0,0,0,0,100,100,0.0163484671,9.8917877048,100.0000000000,10.5639996093,1.0000000000,0.8064000000,250.0000000000,0,0,0,68,0
1950,100,0,1,100,100,0,0,0,0,0,100,100,0.0163484671,9.8754392377,100.0000000000,10.5639996093,1.0000000000,0.8064000000,250.0000000000,0,0,0,68,0
1951,100,0,1,100,100,0,0,1,101,297,100,100,0.0233329228,9.8521063149,100.0000000000,11.3703813294,1.0000000000,0.8872000000,227.2317403066,0,0,0,58,0
1952,100,0,1,100,100,0,0,0,0,0,100,100,0.0178370552,9.8342692597,100.0000000000,11.3703813294,1.0000000000,0.8064000000,250.0000000000,0,0,0,58,0
1953,100,0,1,100,100,0,0,0,0,0,100,100,0.0178370552,9.8164322045,100.0000000000,11.3703813294,1.0000000000,0.8064000000,250.0000000000,0,0,0,58,0
1954,100,0,1,100,100,0,0,0,0,0,100,100,0.0178370552,9.7985951492,100.0000000000,11.3703813294,1.0000000000,0.8064000000,250.0000000000,0,0,0,58,0
1955,100,0,1,100,100,0,0,0,0,0,100,100,0.0178370552,9.7807580940,100.0000000000,11.3703813294,1.0000000000,0.8064000000,250.0000000000,0,0,0,58,0
1956,100,0,1,100,100,0,0,1,101,297,100,100,0.0219971573,9.7587609366,100.0000000000,10.2414394941,1.0000000000,0.8872000000,227.2317403066,0,0,0,72,0
1957,100,0,1,100,100,0,0,0,0,0,100,100,0.0160314828,9.7427294538,100.0000000000,10.2414394941,1.0000000000,0.8064000000,250.0000000000,0,0,0,72,0
1958,100,0,1,100,100,0,0,0,0,0,100,100,0.0160314828,9.7266979710,100.0000000000,10.2414394941,1.0000000000,0.8064000000,250.0000000000,0,0,0,72,0
1959,100,0,1,100,100,0,0,0,0,0,100,100,0.0160314828,9.7106664882,100.0000000000,10.2414394941,1.0000000000,0.8064000000,250.0000000000,0,0,0,72,0
1960,100,0,1,100,100,0,0,0,0,0,100,100,0.0160314828,9.6946350054,100.0000000000,10.2414394941,1.0000000000,0.8064000000,250.0000000000,0,0,0,72,0
1961,100,0,4,100,100,0,0,1,104,588,100,100,0.0277153225,9.6669196828,25.0000000000,13.6283371879,1.0000000000,0.8896000000,226.6187050360,0,0,0,27,0
1962,100,0,4,100,100,0,0,0,0,0,100,100,0.0192150124,9.6477046704,25.0000000000,13.6283371879,1.0000000000,0.8064000000,250.0000000000,0,0,0,27,0
1963,100,0,4,100,100,0,0,0,0,0,100,100,0.0192150124,9.6284896579,25.0000000000,13.6283371879,1.0000000000,0.8064000000,250.0000000000,0,0,0,27,0
1964,100,0,4,100,100,0,0,0,0,0,100,100,0.0192150124,9.6092746455,25.0000000000,13.6283371879,1.0000000000,0.8064000000,250.0000000000,0,0,0,27,0
1965,100,0,4,100,100,0,0,0,0,0,100,100,0.0192150124,9.5900596331,25.0000000000,13.6283371879,1.0000000000,0.8064000000,250.0000000000,0,0,0,27,0
1966,100,0,1,100,100,0,0,1,101,297,100,100,0.0217625110,9.5682971221,100.0000000000,9.0318327617,1.0000000000,0.8872000000,227.2317403066,0,0,0,87,0
1967,100,0,1,100,100,0,0,0,0,0,100,100,0.0147215132,9.5535756088,100.0000000000,9.0318327617,1.0000000000,0.8064000000,250.0000000000,0,0,0,87,0
1968,100,0,1,100,100,0,0,0,0,0,100,100,0.0147215132,9.5388540956,100.0000000000,9.0318327617,1.0000000000,0.8064000000,250.0000000000,0,0,0,87,0
1969,100,0,1,100,100,0,0,0,0,0,100,100,0.0147215132,9.5241325823,100.0000000000,9.0318327617,1.0000000000,0.8064000000,250.0000000000,0,0,0,87,0
1970,100,0,1,100,100,0,0,0,0,0,100,100,0.0147215132,9.5094110691,100.0000000000,9.0318327617,1.0000000000,0.8064000000,250.0000000000,0,0,0,87,0
1971,100,0,4,100,100,0,0,1,104,588,100,100,0.0276537422,9.4817573269,25.0000000000,13.2251491205,1.0000000000,0.8896000000,226.6187050360,0,0,0,32,0
1972,100,0,4,100,100,0,0,0,0,0,100,100,0.0190776150,9.4626797119,25.0000000000,13.2251491205,1.0000000000,0.8064000000,250.0000000000,0,0,0,32,0
1973,100,0,4,100,100,0,0,0,0,0,100,100,0.0190776150,9.4436020969,25.0000000000,13.2251491205,1.0000000000,0.8064000000,250.0000000000,0,0,0,32,0
1974,100,0,4,100,100,0,0,0,0,0,100,100,0.0190776150,9.4245244820,25.0000000000,13.2251491205,1.0000000000,0.8064000000,250.0000000000,0,0,0,32,0
1975,100,0,4,100,100,0,0,0,0,0,100,100,0.0190776150,9.4054468670,25.0000000000,13.2251491205,1.0000000000,0.8064000000,250.0000000000,0,0,0,32,0
1976,100,0,1,100,100,0,0,1,101,297,100,100,0.0213056483,9.3841412187,100.0000000000,9.6769526099,1.0000000000,0.8872000000,227.2317403066,0,0,0,79,0
1977,100,0,1,100,100,0,0,0,0,0,100,100,0.0153580744,9.3687831444,100.0000000000,9.6769526099,1.0000000000,0.8064000000,250.0000000000,0,0,0,79,0
1978,100,0,1,100,100,0,0,0,0,0,100,100,0.0153580744,9.3534250700,100.0000000000,9.6769526099,1.0000000000,0.8064000000,250.0000000000,0,0,0,79,0
1979,100,0,1,100,100,0,0,0,0,0,100,100,0.0153580744,9.3380669956,100.0000000000,9.6769526099,1.0000000000,0.8064000000,250.0000000000,0,0,0,79,0
1980,100,0,1,100,100,0,0,0,0,0,100,100,0.0153580744,9.3227089213,100.0000000000,9.6769526099,1.0000000000,0.8064000000,250.0000000000,0,0,0,79,0
1981,100,0,4,100,100,0,0,1,104,588,100,100,0.0275624498,9.2951464714,25.0000000000,12.9025676502,1.0000000000,0.8896000000,226.6187050360,0,0,0,36,0
1982,100,0,4,100,100,0,0,0,0,0,100,100,0.0189669770,9.2761794944,25.0000000000,12.9025676502,1.0000000000,0.8064000000,250.0000000000,0,0,0,36,0
1983,100,0,4,100,100,0,0,0,0,0,100,100,0.0189669770,9.2572125174,25.0000000000,12.9025676502,1.0000000000,0.8064000000,250.0000000000,0,0,0,36,0
1984,100,0,4,100,100,0,0,0,0,0,100,100,0.0189669770,9.2382455404,25.0000000000,12.9025676502,1.0000000000,0.8064000000,250.0000000000,0,0,0,36,0
1985,100,0,4,100,100,0,0,0,0,0,100,100,0.0189669770,9.2192785634,25.0000000000,12.9025676502,1.0000000000,0.8064000000,250.0000000000,0,0,0,36,0
1986,100,0,3,100,100,0,0,1,103,491,100,100,0.0257790830,9.1934994804,33.3333333333,12.1768120046,1.0000000000,0.8888000000,226.8226822682,0,0,0,46,0
1987,100,0,3,100,100,0,0,0,0,0,100,100,0.0180932825,9.1754061979,33.3333333333,12.1768120046,1.0000000000,0.8064000000,250.0000000000,0,0,0,46,0
1988,100,0,3,100,100,0,0,0,0,0,100,100,0.0180932825,9.1573129155,33.3333333333,12.1768120046,1.0000000000,0.8064000000,250.0000000000,0,0,0,46,0
1989,100,0,3,100,100,0,0,0,0,0,100,100,0.0180932825,9.1392196330,33.3333333333,12.1768120046,1.0000000000,0.8064000000,250.0000000000,0,0,0,46,0
1990,100,0,3,100,100,0,0,0,0,0,100,100,0.0180932825,9.1211263505,33.3333333333,12.1768120046,1.0000000000,0.8064000000,250.0000000000,0,0,0,46,0
1991,100,0,9,100,100,0,0,1,109,1073,100,100,0.0337311315,9.0873952190,11.1111111111,14.5153669023,1.0000000000,0.8936000000,225.6042972247,0,0,0,11,0
1992,100,0,9,100,100,0,0,0,0,0,100,100,0.0199062062,9.0674890128,11.1111111111,14.5153669023,1.0000000000,0.8064000000,250.0000000000,0,0,0,11,0
1993,100,0,9,100,100,0,0,0,0,0,100,100,0.0199062062,9.0475828067,11.1111111111,14.5153669023,1.0000000000,0.8064000000,250.0000000000,0,0,0,11,0
1994,100,0,9,100,100,0,0,0,0,0,100,100,0.0199062062,9.0276766005,11.1111111111,14.5153669023,1.0000000000,0.8064000000,250.0000000000,0,0,0,11,0
1995,100,0,9,100,100,0,0,0,0,0,100,100,0.0199062062,9.0077703943,11.1111111111,14.5153669023,1.0000000000,0.8064000000,250.0000000000,0,0,0,11,0
1996,100,0,12,100,100,0,0,1,112,1364,100,100,0.0375151817,8.9702552126,8.3333333333,14.7572989756,1.0000000000,0.8960000000,225.0000000000,0,0,0,5,0
1997,100,0,12,100,100,0,0,0,0,0,100,100,0.0204353427,8.9498198699,8.3333333333,14.7572989756,1.0000000000,0.8064000000,250.0000000000,0,0,0,5,0
1998,100,0,12,100,100,0,0,0,0,0,100,100,0.0204353427,8.9293845272,8.3333333333,14.7572989756,1.0000000000,0.8064000000,250.0000000000,0,0,0,5,0
1999,100,0,12,100,100,0,0,0,0,0,100,100,0.0204353427,8.9089491845,8.3333333333,14.7572989756,1.0000000000,0.8064000000,250.0000000000,0,0,0,5,0
2000,100,0,12,100,100,0,0,0,0,0,100,100,0.0204353427,8.8885138418,8.3333333333,14.7572989756,1.0000000000,0.8064000000,250.0000000000,0,0,0,5,0
2001,100,0,1,100,100,0,0,1,101,297,100,100,0.0218410399,8.8666728020,100.0000000000,10.0801612961,1.0000000000,0.8872000000,227.2317403066,0,0,0,74,0
2002,100,0,1,100,100,0,0,0,0,0,100,100,0.0159409152,8.8507318868,100.0000000000,10.0801612961,1.0000000000,0.8064000000,250.0000000000,0,0,0,74,0
2003,100,0,1,100,100,0,0,0,0,0,100,100,0.0159409152,8.8347909716,100.0000000000,10.0801612961,1.0000000000,0.8064000000,250.0000000000,0,0,0,74,0
2004,100,0,1,100,100,0,0,0,0,0,100,100,0.0159409152,8.8188500565,100.0000000000,10.0801612961,1.0000000000,0.8064000000,250.0000000000,0,0,0,74,0
2005,100,0,1,100,100,0,0,0,0,0,100,100,0.0159409152,8.8029091413,100.0000000000,10.0801612961,1.0000000000,0.8064000000,250.0000000000,0,0,0,74,0
2006,100,0,1,100,100,0,0,1,101,297,100,100,0.0224245997,8.7804845416,100.0000000000,10.8865558860,1.0000000000,0.8872000000,227.2317403066,0,0,0,64,0
2007,100,0,1,100,100,0,0,0,0,0,100,100,0.0166769298,8.7638076118,100.0000000000,10.8865558860,1.0000000000,0.8064000000,250.0000000000,0,0,0,64,0
2008,100,0,1,100,100,0,0,0,0,0,100,100,0.0166769298,8.7471306820,100.0000000000,10.8865558860,1.0000000000,0.8064000000,250.0000000000,0,0,0,64,0
2009,100,0,1,100,100,0,0,0,0,0,100,100,0.0166769298,8.7304537523,100.0000000000,10.8865558860,1.0000000000,0.8064000000,250.0000000000,0,0,0,64,0
2010,100,0,1,100,100,0,0,0,0,0,100,100,0.0166769298,8.7137768225,100.0000000000,10.8865558860,1.0000000000,0.8064000000,250.0000000000,0,0,0,64,0
2011,100,0,1,100,100,0,0,1,101,297,100,100,0.0235801475,8.6901966750,100.0000000000,11.6929533006,1.0000000000,0.8872000000,227.2317403066,0,0,0,54,0
2012,100,0,1,100,100,0,0,0,0,0,100,100,0.0180442325,8.6721524424,100.0000000000,11.6929533006,1.0000000000,0.8064000000,250.0000000000,0,0,0,54,0
2013,100,0,1,100,100,0,0,0,0,0,100,100,0.0180442325,8.6541082099,100.0000000000,11.6929533006,1.0000000000,0.8064000000,250.0000000000,0,0,0,54,0
2014,100,0,1,100,100,0,0,0,0,0,100,100,0.0180442325,8.6360639774,100.0000000000,11.6929533006,1.0000000000,0.8064000000,250.0000000000,0,0,0,54,0
2015,100,0,1,100,100,0,0,0,0,0,100,100,0.0180442325,8.6180197449,100.0000000000,11.6929533006,1.0000000000,0.8064000000,250.0000000000,0,0,0,54,0
2016,100,0,2,100,100,0,0,1,102,394,100,100,0.0244081535,8.5936115913,50.0000000000,11.8542682390,1.0000000000,0.8880000000,227.0270270270,0,0,0,51,0
2017,100,0,2,100,100,0,0,0,0,0,100,100,0.0178272173,8.5757843740,50.0000000000,11.8542682390,1.0000000000,0.8064000000,250.0000000000,0,0,0,51,0
2018,100,0,2,100,100,0,0,0,0,0,100,100,0.0178272173,8.5579571568,50.0000000000,11.8542682390,1.0000000000,0.8064000000,250.0000000000,0,0,0,51,0
2019,100,0,2,100,100,0,0,0,0,0,100,100,0.0178272173,8.5401299395,50.0000000000,11.8542682390,1.0000000000,0.8064000000,250.0000000000,0,0,0,51,0
2020,100,0,2,100,100,0,0,0,0,0,100,100,0.0178272173,8.5223027222,50.0000000000,11.8542682390,1.0000000000,0.8064000000,250.0000000000,0,0,0,51,0
2021,100,0,1,100,100,0,0,1,101,297,100,100,0.0222335487,8.5000691735,100.0000000000,10.4833634235,1.0000000000,0.8872000000,227.2317403066,0,0,0,69,0
2022,100,0,1,100,100,0,0,0,0,0,100,100,0.0164371238,8.4836320496,100.0000000000,10.4833634235,1.0000000000,0.8064000000,250.0000000000,0,0,0,69,0
2023,100,0,1,100,100,0,0,0,0,0,100,100,0.0164371238,8.4671949258,100.0000000000,10.4833634235,1.0000000000,0.8064000000,250.0000000000,0,0,0,69,0
2024,100,0,1,100,100,0,0,0,0,0,100,100,0.0164371238,8.4507578019,100.0000000000,10.4833634235,1.0000000000,0.8064000000,250.0000000000,0,0,0,69,0
2025,100,0,1,100,100,0,0,0,0,0,100,100,0.0164371238,8.4343206781,100.0000000000,10.4833634235,1.0000000000,0.8064000000,250.0000000000,0,0,0,69,0
2026,100,0,1,100,100,0,0,1,101,297,100,100,0.0214389377,8.4128817404,100.0000000000,9.3543940452,1.0000000000,0.8872000000,227.2317403066,0,0,0,83,0
2027,100,0,1,100,100,0,0,0,0,0,100,100,0.0151593389,8.3977224015,100.0000000000,9.3543940452,1.0000000000,0.8064000000,250.0000000000,0,0,0,83,0
2028,100,0,1,100,100,0,0,0,0,0,100,100,0.0151593389,8.3825630627,100.0000000000,9.3543940452,1.0000000000,0.8064000000,250.0000000000,0,0,0,83,0
2029,100,0,1,100,100,0,0,0,0,0,100,100,0.0151593389,8.3674037238,100.0000000000,9.3543940452,1.0000000000,0.8064000000,250.0000000000,0,0,0,83,0
2030,100,0,1,100,100,0,0,0,0,0,100,100,0.0151593389,8.3522443849,100.0000000000,9.3543940452,1.0000000000,0.8064000000,250.0000000000,0,0,0,83,0
2031,100,0,1,100,100,0,0,1,101,297,100,100,0.0224748304,8.3297695545,100.0000000000,10.8865470664,1.0000000000,0.8872000000,227.2317403066,0,0,0,64,0
2032,100,0,1,100,100,0,0,0,0,0,100,100,0.0168768002,8.3128927543,100.0000000000,10.8865470664,1.0000000000,0.8064000000,250.0000000000,0,0,0,64,0
2033,100,0,1,100,100,0,0,0,0,0,100,100,0.0168768002,8.2960159542,100.0000000000,10.8865470664,1.0000000000,0.8064000000,250.0000000000,0,0,0,64,0
2034,100,0,1,100,100,0,0,0,0,0,100,100,0.0168768002,8.2791391540,100.0000000000,10.8865470664,1.0000000000,0.8064000000,250.0000000000,0,0,0,64,0
2035,100,0,1,100,100,0,0,0,0,0,100,100,0.0168768002,8.2622623538,100.0000000000,10.8865470664,1.0000000000,0.8064000000,250.0000000000,0,0,0,64,0
2036,100,0,2,100,100,0,0,1,102,394,100,100,0.0254399388,8.2368224150,50.0000000000,12.8219286040,1.0000000000,0.8880000000,227.0270270270,0,0,0,39,0
2037,100,0,2,100,100,0,0,0,0,0,100,100,0.0189508964,8.2178715186,50.0000000000,12.8219286040,1.0000000000,0.8064000000,250.0000000000,0,0,0,39,0
2038,100,0,2,100,100,0,0,0,0,0,100,100,0.0189508964,8.1989206223,50.0000000000,12.8219286040,1.0000000000,0.8064000000,250.0000000000,0,0,0,39,0
2039,100,0,2,100,100,0,0,0,0,0,100,100,0.0189508964,8.1799697259,50.0000000000,12.8219286040,1.0000000000,0.8064000000,250.0000000000,0,0,0,39,0
2040,100,0,2,100,100,0,0,0,0,0,100,100,0.0189508964,8.1610188295,50.0000000000,12.8219286040,1.0000000000,0.8064000000,250.0000000000,0,0,0,39,0
2041,100,0,1,100,100,0,0,1,101,297,100,100,0.0216869945,8.1393318351,100.0000000000,9.7575955181,1.0000000000,0.8872000000,227.2317403066,0,0,0,78,0
2042,100,0,1,100,100,0,0,0,0,0,100,100,0.0156285335,8.1237033016,100.0000000000,9.7575955181,1.0000000000,0.8064000000,250.0000000000,0,0,0,78,0
2043,100,0,1,100,100,0,0,0,0,0,100,100,0.0156285335,8.1080747682,100.0000000000,9.7575955181,1.0000000000,0.8064000000,250.0000000000,0,0,0,78,0
2044,100,0,1,100,100,0,0,0,0,0,100,100,0.0156285335,8.0924462347,100.0000000000,9.7575955181,1.0000000000,0.8064000000,250.0000000000,0,0,0,78,0
2045,100,0,1,100,100,0,0,0,0,0,100,100,0.0156285335,8.0768177012,100.0000000000,9.7575955181,1.0000000000,0.8064000000,250.0000000000,0,0,0,78,0
2046,100,0,1,100,100,0,0,1,101,297,100,100,0.0226725581,8.0541451432,100.0000000000,11.1284690227,1.0000000000,0.8872000000,227.2317403066,0,0,0,61,0
2047,100,0,1,100,100,0,0,0,0,0,100,100,0.0170839705,8.0370611727,100.0000000000,11.1284690227,1.0000000000,0.8064000000,250.0000000000,0,0,0,61,0
2048,100,0,1,100,100,0,0,0,0,0,100,100,0.0170839705,8.0199772022,100.0000000000,11.1284690227,1.0000000000,0.8064000000,250.0000000000,0,0,0,61,0
2049,100,0,1,100,100,0,0,0,0,0,100,100,0.0170839705,8.0028932317,100.0000000000,11.1284690227,1.0000000000,0.8064000000,250.0000000000,0,0,0,61,0
2050,100,0,1,100,100,0,0,0,0,0,100,100,0.0170839705,7.9858092612,100.0000000000,11.1284690227,1.0000000000,0.8064000000,250.0000000000,0,0,0,61,0
2051,100,0,1,100,100,0,0,1,101,297,100,100,0.0215607735,7.9642484876,100.0000000000,9.8382372448,1.0000000000,0.8872000000,227.2317403066,0,0,0,77,0
2052,100,0,1,100,100,0,0,0,0,0,100,100,0.0156100179,7.9486384697,100.0000000000,9.8382372448,1.0000000000,0.8064000000,250.0000000000,0,0,0,77,0
2053,100,0,1,100,100,0,0,0,0,0,100,100,0.0156100179,7.9330284518,100.0000000000,9.8382372448,1.0000000000,0.8064000000,250.0000000000,0,0,0,77,0
2054,100,0,1,100,100,0,0,0,0,0,100,100,0.0156100179,7.9174184340,100.0000000000,9.8382372448,1.0000000000,0.8064000000,250.0000000000,0,0,0,77,0
2055,100,0,1,100,100,0,0,0,0,0,100,100,0.0156100179,7.9018084161,100.0000000000,9.8382372448,1.0000000000,0.8064000000,250.0000000000,0,0,0,77,0
2056,100,0,1,100,100,0,0,1,101,297,100,100,0.0218974585,7.8799109575,100.0000000000,10.3220773769,1.0000000000,0.8872000000,227.2317403066,0,0,0,71,0
2057,100,0,1,100,100,0,0,0,0,0,100,100,0.0159782972,7.8639326603,100.0000000000,10.3220773769,1.0000000000,0.8064000000,250.0000000000,0,0,0,71,0
2058,100,0,1,100,100,0,0,0,0,0,100,100,0.0159782972,7.8479543630,100.0000000000,10.3220773769,1.0000000000,0.8064000000,250.0000000000,0,0,0,71,0
2059,100,0,1,100,100,0,0,0,0,0,100,100,0.0159782972,7.8319760658,100.0000000000,10.3220773769,1.0000000000,0.8064000000,250.0000000000,0,0,0,71,0
2060,100,0,1,100,100,0,0,0,0,0,100,100,0.0159782972,7.8159977686,100.0000000000,10.3220773769,1.0000000000,0.8064000000,250.0000000000,0,0,0,71,0
2061,100,0,1,100,100,0,0,1,101,297,100,100,0.0218770090,7.7941207596,100.0000000000,10.4027137711,1.0000000000,0.8872000000,227.2317403066,0,0,0,70,0
2062,100,0,1,100,100,0,0,0,0,0,100,100,0.0160504182,7.7780703414,100.0000000000,10.4027137711,1.0000000000,0.8064000000,250.0000000000,0,0,0,70,0
2063,100,0,1,100,100,0,0,0,0,0,100,100,0.0160504182,7.7620199232,100.0000000000,10.4027137711,1.0000000000,0.8064000000,250.0000000000,0,0,0,70,0
2064,100,0,1,100,100,0,0,0,0,0,100,100,0.0160504182,7.7459695050,100.0000000000,10.4027137711,1.0000000000,0.8064000000,250.0000000000,0,0,0,70,0
2065,100,0,1,100,100,0,0,0,0,0,100,100,0.0160504182,7.7299190868,100.0000000000,10.4027137711,1.0000000000,0.8064000000,250.0000000000,0,0,0,70,0
2066,100,0,1,100,100,0,0,1,101,297,100,100,0.0211819327,7.7087371541,100.0000000000,9.3543905054,1.0000000000,0.8872000000,227.2317403066,0,0,0,83,0
2067,100,0,1,100,100,0,0,0,0,0,100,100,0.0149488194,7.6937883347,100.0000000000,9.3543905054,1.0000000000,0.8064000000,250.0000000000,0,0,0,83,0
2068,100,0,1,100,100,0,0,0,0,0,100,100,0.0149488194,7.6788395153,100.0000000000,9.3543905054,1.0000000000,0.8064000000,250.0000000000,0,0,0,83,0
2069,100,0,1,100,100,0,0,0,0,0,100,100,0.0149488194,7.6638906958,100.0000000000,9.3543905054,1.0000000000,0.8064000000,250.0000000000,0,0,0,83,0
2070,100,0,1,100,100,0,0,0,0,0,100,100,0.0149488194,7.6489418764,100.0000000000,9.3543905054,1.0000000000,0.8064000000,250.0000000000,0,0,0,83,0
2071,100,0,2,100,100,0,0,1,102,394,100,100,0.0246353348,7.6243065416,50.0000000000,12.2574470214,1.0000000000,0.8880000000,227.0270270270,0,0,0,46,0
2072,100,0,2,100,100,0,0,0,0,0,100,100,0.0181425933,7.6061639483,50.0000000000,12.2574470214,1.0000000000,0.8064000000,250.0000000000,0,0,0,46,0
2073,100,0,2,100,100,0,0,0,0,0,100,100,0.0181425933,7.5880213550,50.0000000000,12.2574470214,1.0000000000,0.8064000000,250.0000000000,0,0,0,46,0
2074,100,0,2,100,100,0,0,0,0,0,100,100,0.0181425933,7.5698787617,50.0000000000,12.2574470214,1.0000000000,0.8064000000,250.0000000000,0,0,0,46,0
2075,100,0,2,100,100,0,0,0,0,0,100,100,0.0181425933,7.5517361685,50.0000000000,12.2574470214,1.0000000000,0.8064000000,250.0000000000,0,0,0,46,0
2076,100,0,2,100,100,0,0,1,102,394,100,100,0.0271336608,7.5246025076,50.0000000000,13.9508769740,1.0000000000,0.8880000000,227.0270270270,0,0,0,25,0
2077,100,0,2,100,100,0,0,0,0,0,100,100,0.0206834775,7.5039190301,50.0000000000,13.9508769740,1.0000000000,0.8064000000,250.0000000000,0,0,0,25,0
2078,100,0,2,100,100,0,0,0,0,0,100,100,0.0206834775,7.4832355527,50.0000000000,13.9508769740,1.0000000000,0.8064000000,250.0000000000,0,0,0,25,0
2079,100,0,2,100,100,0,0,0,0,0,100,100,0.0206834775,7.4625520752,50.0000000000,13.9508769740,1.0000000000,0.8064000000,250.0000000000,0,0,0,25,0
2080,100,0,2,100,100,0,0,0,0,0,100,100,0.0206834775,7.4418685977,50.0000000000,13.9508769740,1.0000000000,0.8064000000,250.0000000000,0,0,0,25,0
2081,100,0,3,100,100,0,0,1,103,491,100,100,0.0245364158,7.4173321819,33.3333333333,11.1284740374,1.0000000000,0.8888000000,226.8226822682,0,0,0,59,0
2082,100,0,3,100,100,0,0,0,0,0,100,100,0.0168963511,7.4004358308,33.3333333333,11.1284740374,1.0000000000,0.8064000000,250.0000000000,0,0,0,59,0
2083,100,0,3,100,100,0,0,0,0,0,100,100,0.0168963511,7.3835394797,33.3333333333,11.1284740374,1.0000000000,0.8064000000,250.0000000000,0,0,0,59,0
2084,100,0,3,100,100,0,0,0,0,0,100,100,0.0168963511,7.3666431285,33.3333333333,11.1284740374,1.0000000000,0.8064000000,250.0000000000,0,0,0,59,0
2085,100,0,3,100,100,0,0,0,0,0,100,100,0.0168963511,7.3497467774,33.3333333333,11.1284740374,1.0000000000,0.8064000000,250.0000000000,0,0,0,59,0
2086,100,0,5,100,100,0,0,1,105,685,100,100,0.0291071434,7.3206396339,20.0000000000,14.0315342906,1.0000000000,0.8904000000,226.4150943396,0,0,0,21,0
2087,100,0,5,100,100,0,0,0,0,0,100,100,0.0195503044,7.3010893296,20.0000000000,14.0315342906,1.0000000000,0.8064000000,250.0000000000,0,0,0,21,0
2088,100,0,5,100,100,0,0,0,0,0,100,100,0.0195503044,7.2815390252,20.0000000000,14.0315342906,1.0000000000,0.8064000000,250.0000000000,0,0,0,21,0
2089,100,0,5,100,100,0,0,0,0,0,100,100,0.0195503044,7.2619887209,20.0000000000,14.0315342906,1.0000000000,0.8064000000,250.0000000000,0,0,0,21,0
2090,100,0,5,100,100,0,0,0,0,0,100,100,0.0195503044,7.2424384165,20.0000000000,14.0315342906,1.0000000000,0.8064000000,250.0000000000,0,0,0,21,0
2091,100,0,5,100,100,0,0,1,105,685,100,100,0.0290897437,7.2133486728,20.0000000000,14.1121937169,1.0000000000,0.8904000000,226.4150943396,0,0,0,20,0
2092,100,0,5,100,100,0,0,0,0,0,100,100,0.0195352338,7.1938134390,20.0000000000,14.1121937169,1.0000000000,0.8064000000,250.0000000000,0,0,0,20,0
2093,100,0,5,100,100,0,0,0,0,0,100,100,0.0195352338,7.1742782052,20.0000000000,14.1121937169,1.0000000000,0.8064000000,250.0000000000,0,0,0,20,0
2094,100,0,5,100,100,0,0,0,0,0,100,100,0.0195352338,7.1547429714,20.0000000000,14.1121937169,1.0000000000,0.8064000000,250.0000000000,0,0,0,20,0
2095,100,0,5,100,100,0,0,0,0,0,100,100,0.0195352338,7.1352077377,20.0000000000,14.1121937169,1.0000000000,0.8064000000,250.0000000000,0,0,0,20,0
2096,100,0,11,100,100,0,0,1,111,1267,100,100,0.0366856259,7.0985221118,9.0909090909,14.9185689432,1.0000000000,0.8952000000,225.2010723861,0,0,0,4,0
2097,100,0,11,100,100,0,0,0,0,0,100,100,0.0206692257,7.0778528861,9.0909090909,14.9185689432,1.0000000000,0.8064000000,250.0000000000,0,0,0,4,0
2098,100,0,11,100,100,0,0,0,0,0,100,100,0.0206692257,7.0571836603,9.0909090909,14.9185689432,1.0000000000,0.8064000000,250.0000000000,0,0,0,4,0
2099,100,0,11,100,100,0,0,0,0,0,100,100,0.0206692257,7.0365144346,9.0909090909,14.9185689432,1.0000000000,0.8064000000,250.0000000000,0,0,0,4,0
2100,100,0,11,100,100,0,0,0,0,0,100,100,0.0206692257,7.0158452089,9.0909090909,14.9185689432,1.0000000000,0.8064000000,250.0000000000,0,0,0,4,0
2101,100,0,1,100,100,0,0,1,101,297,100,100,0.0226469889,6.9931982200,100.0000000000,10.8865673783,1.0000000000,0.8872000000,227.2317403066,0,0,0,64,0
2102,100,0,1,100,100,0,0,0,0,0,100,100,0.0168506102,6.9763476099,100.0000000000,10.8865673783,1.0000000000,0.8064000000,250.0000000000,0,0,0,64,0
2103,100,0,1,100,100,0,0,0,0,0,100,100,0.0168506102,6.9594969997,100.0000000000,10.8865673783,1.0000000000,0.8064000000,250.0000000000,0,0,0,64,0
2104,100,0,1,100,100,0,0,0,0,0,100,100,0.0168506102,6.9426463895,100.0000000000,10.8865673783,1.0000000000,0.8064000000,250.0000000000,0,0,0,64,0
2105,100,0,1,100,100,0,0,0,0,0,100,100,0.0168506102,6.9257957794,100.0000000000,10.8865673783,1.0000000000,0.8064000000,250.0000000000,0,0,0,64,0
2106,100,0,1,100,100,0,0,1,101,297,100,100,0.0214223852,6.9043733942,100.0000000000,9.3543947309,1.0000000000,0.8872000000,227.2317403066,0,0,0,83,0
2107,100,0,1,100,100,0,0,0,0,0,100,100,0.0150009166,6.8893724776,100.0000000000,9.3543947309,1.0000000000,0.8064000000,250.0000000000,0,0,0,83,0
2108,100,0,1,100,100,0,0,0,0,0,100,100,0.0150009166,6.8743715610,100.0000000000,9.3543947309,1.0000000000,0.8064000000,250.0000000000,0,0,0,83,0
2109,100,0,1,100,100,0,0,0,0,0,100,100,0.0150009166,6.8593706444,100.0000000000,9.3543947309,1.0000000000,0.8064000000,250.0000000000,0,0,0,83,0
2110,100,0,1,100,100,0,0,0,0,0,100,100,0.0150009166,6.8443697278,100.0000000000,9.3543947309,1.0000000000,0.8064000000,250.0000000000,0,0,0,83,0
2111,100,0,1,100,100,0,0,1,101,297,100,100,0.0220871196,6.8222826082,100.0000000000,10.4027059567,1.0000000000,0.8872000000,227.2317403066,0,0,0,70,0
2112,100,0,1,100,100,0,0,0,0,0,100,100,0.0164636955,6.8058189127,100.0000000000,10.4027059567,1.0000000000,0.8064000000,250.0000000000,0,0,0,70,0
2113,100,0,1,100,100,0,0,0,0,0,100,100,0.0164636955,6.7893552172,100.0000000000,10.4027059567,1.0000000000,0.8064000000,250.0000000000,0,0,0,70,0
2114,100,0,1,100,100,0,0,0,0,0,100,100,0.0164636955,6.7728915218,100.0000000000,10.4027059567,1.0000000000,0.8064000000,250.0000000000,0,0,0,70,0
2115,100,0,1,100,100,0,0,0,0,0,100,100,0.0164636955,6.7564278263,100.0000000000,10.4027059567,1.0000000000,0.8064000000,250.0000000000,0,0,0,70,0
2116,100,0,1,100,100,0,0,1,101,297,100,100,0.0214071490,6.7350206773,100.0000000000,9.1931107228,1.0000000000,0.8872000000,227.2317403066,0,0,0,85,0
2117,100,0,1,100,100,0,0,0,0,0,100,100,0.0148506936,6.7201699837,100.0000000000,9.1931107228,1.0000000000,0.8064000000,250.0000000000,0,0,0,85,0
2118,100,0,1,100,100,0,0,0,0,0,100,100,0.0148506936,6.7053192902,100.0000000000,9.1931107228,1.0000000000,0.8064000000,250.0000000000,0,0,0,85,0
2119,100,0,1,100,100,0,0,0,0,0,100,100,0.0148506936,6.6904685966,100.0000000000,9.1931107228,1.0000000000,0.8064000000,250.0000000000,0,0,0,85,0
2120,100,0,1,100,100,0,0,0,0,0,100,100,0.0148506936,6.6756179030,100.0000000000,9.1931107228,1.0000000000,0.8064000000,250.0000000000,0,0,0,85,0
2121,100,0,1,100,100,0,0,1,101,297,100,100,0.0218160302,6.6538018729,100.0000000000,10.1607960071,1.0000000000,0.8872000000,227.2317403066,0,0,0,73,0
2122,100,0,1,100,100,0,0,0,0,0,100,100,0.0159330207,6.6378688521,100.0000000000,10.1607960071,1.0000000000,0.8064000000,250.0000000000,0,0,0,73,0
2123,100,0,1,100,100,0,0,0,0,0,100,100,0.0159330207,6.6219358314,100.0000000000,10.1607960071,1.0000000000,0.8064000000,250.0000000000,0,0,0,73,0
2124,100,0,1,100,100,0,0,0,0,0,100,100,0.0159330207,6.6060028107,100.0000000000,10.1607960071,1.0000000000,0.8064000000,250.0000000000,0,0,0,73,0
2125,100,0,1,100,100,0,0,0,0,0,100,100,0.0159330207,6.5900697899,100.0000000000,10.1607960071,1.0000000000,0.8064000000,250.0000000000,0,0,0,73,0
2126,100,0,1,100,100,0,0,1,101,297,100,100,0.0230565995,6.5670131904,100.0000000000,11.3703862128,1.0000000000,0.8872000000,227.2317403066,0,0,0,58,0
2127,100,0,1,100,100,0,0,0,0,0,100,100,0.0175173345,6.5494958559,100.0000000000,11.3703862128,1.0000000000,0.8064000000,250.0000000000,0,0,0,58,0
2128,100,0,1,100,100,0,0,0,0,0,100,100,0.0175173345,6.5319785214,100.0000000000,11.3703862128,1.0000000000,0.8064000000,250.0000000000,0,0,0,58,0
2129,100,0,1,100,100,0,0,0,0,0,100,100,0.0175173345,6.5144611869,100.0000000000,11.3703862128,1.0000000000,0.8064000000,250.0000000000,0,0,0,58,0
2130,100,0,1,100,100,0,0,0,0,0,100,100,0.0175173345,6.4969438524,100.0000000000,11.3703862128,1.0000000000,0.8064000000,250.0000000000,0,0,0,58,0
2131,100,0,1,100,100,0,0,1,101,297,100,100,0.0217859558,6.4751578966,100.0000000000,9.9188781534,1.0000000000,0.8872000000,227.2317403066,0,0,0,76,0
2132,100,0,1,100,100,0,0,0,0,0,100,100,0.0156864474,6.4594714492,100.0000000000,9.9188781534,1.0000000000,0.8064000000,250.0000000000,0,0,0,76,0
2133,100,0,1,100,100,0,0,0,0,0,100,100,0.0156864474,6.4437850018,100.0000000000,9.9188781534,1.0000000000,0.8064000000,250.0000000000,0,0,0,76,0
2134,100,0,1,100,100,0,0,0,0,0,100,100,0.0156864474,6.4280985544,100.0000000000,9.9188781534,1.0000000000,0.8064000000,250.0000000000,0,0,0,76,0
2135,100,0,1,100,100,0,0,0,0,0,100,100,0.0156864474,6.4124121070,100.0000000000,9.9188781534,1.0000000000,0.8064000000,250.0000000000,0,0,0,76,0
2136,100,0,4,100,100,0,0,1,104,588,100,100,0.0267858956,6.3856262113,25.0000000000,12.0961660409,1.0000000000,0.8896000000,226.6187050360,0,0,0,46,0
2137,100,0,4,100,100,0,0,0,0,0,100,100,0.0180606774,6.3675655339,25.0000000000,12.0961660409,1.0000000000,0.8064000000,250.0000000000,0,0,0,46,0
2138,100,0,4,100,100,0,0,0,0,0,100,100,0.0180606774,6.3495048565,25.0000000000,12.0961660409,1.0000000000,0.8064000000,250.0000000000,0,0,0,46,0
2139,100,0,4,100,100,0,0,0,0,0,100,100,0.0180606774,6.3314441792,25.0000000000,12.0961660409,1.0000000000,0.8064000000,250.0000000000,0,0,0,46,0
2140,100,0,4,100,100,0,0,0,0,0,100,100,0.0180606774,6.3133835018,25.0000000000,12.0961660409,1.0000000000,0.8064000000,250.0000000000,0,0,0,46,0
2141,100,0,1,100,100,0,0,1,101,297,100,100,0.0214389377,6.2919445641,100.0000000000,9.3543940452,1.0000000000,0.8872000000,227.2317403066,0,0,0,83,0
2142,100,0,1,100,100,0,0,0,0,0,100,100,0.0151593389,6.2767852252,100.0000000000,9.3543940452,1.0000000000,0.8064000000,250.0000000000,0,0,0,83,0
2143,100,0,1,100,100,0,0,0,0,0,100,100,0.0151593389,6.2616258863,100.0000000000,9.3543940452,1.0000000000,0.8064000000,250.0000000000,0,0,0,83,0
2144,100,0,1,100,100,0,0,0,0,0,100,100,0.0151593389,6.2464665475,100.0000000000,9.3543940452,1.0000000000,0.8064000000,250.0000000000,0,0,0,83,0
2145,100,0,1,100,100,0,0,0,0,0,100,100,0.0151593389,6.2313072086,100.0000000000,9.3543940452,1.0000000000,0.8064000000,250.0000000000,0,0,0,83,0
2146,100,0,2,100,100,0,0,1,102,394,100,100,0.0240229902,6.2072842184,50.0000000000,11.4510301997,1.0000000000,0.8880000000,227.0270270270,0,0,0,56,0
2147,100,0,2,100,100,0,0,0,0,0,100,100,0.0174141423,6.1898700762,50.0000000000,11.4510301997,1.0000000000,0.8064000000,250.0000000000,0,0,0,56,0
2148,100,0,2,100,100,0,0,0,0,0,100,100,0.0174141423,6.1724559339,50.0000000000,11.4510301997,1.0000000000,0.8064000000,250.0000000000,0,0,0,56,0
2149,100,0,2,100,100,0,0,0,0,0,100,100,0.0174141423,6.1550417916,50.0000000000,11.4510301997,1.0000000000,0.8064000000,250.0000000000,0,0,0,56,0
2150,100,0,2,100,100,0,0,0,0,0,100,100,0.0174141423,6.1376276494,50.0000000000,11.4510301997,1.0000000000,0.8064000000,250.0000000000,0,0,0,56,0
2151,100,0,3,100,100,0,0,1,103,491,100,100,0.0262495390,6.1113781103,33.3333333333,12.5800372315,1.0000000000,0.8888000000,226.8226822682,0,0,0,41,0
2152,100,0,3,100,100,0,0,0,0,0,100,100,0.0186542073,6.0927239030,33.3333333333,12.5800372315,1.0000000000,0.8064000000,250.0000000000,0,0,0,41,0
2153,100,0,3,100,100,0,0,0,0,0,100,100,0.0186542073,6.0740696957,33.3333333333,12.5800372315,1.0000000000,0.8064000000,250.0000000000,0,0,0,41,0
2154,100,0,3,100,100,0,0,0,0,0,100,100,0.0186542073,6.0554154884,33.3333333333,12.5800372315,1.0000000000,0.8064000000,250.0000000000,0,0,0,41,0
2155,100,0,3,100,100,0,0,0,0,0,100,100,0.0186542073,6.0367612811,33.3333333333,12.5800372315,1.0000000000,0.8064000000,250.0000000000,0,0,0,41,0
2156,100,0,1,100,100,0,0,1,101,297,100,100,0.0243023795,6.0124589016,100.0000000000,12.0154992503,1.0000000000,0.8872000000,227.2317403066,0,0,0,50,0
2157,100,0,1,100,100,0,0,0,0,0,100,100,0.0188395818,5.9936193197,100.0000000000,12.0154992503,1.0000000000,0.8064000000,250.0000000000,0,0,0,50,0
2158,100,0,1,100,100,0,0,0,0,0,100,100,0.0188395818,5.9747797379,100.0000000000,12.0154992503,1.0000000000,0.8064000000,250.0000000000,0,0,0,50,0
2159,100,0,1,100,100,0,0,0,0,0,100,100,0.0188395818,5.9559401560,100.0000000000,12.0154992503,1.0000000000,0.8064000000,250.0000000000,0,0,0,50,0
2160,100,0,1,100,100,0,0,0,0,0,100,100,0.0188395818,5.9371005742,100.0000000000,12.0154992503,1.0000000000,0.8064000000,250.0000000000,0,0,0,50,0
2161,100,0,1,100,100,0,0,1,101,297,100,100,0.0216855063,5.9154150679,100.0000000000,9.8382356115,1.0000000000,0.8872000000,227.2317403066,0,0,0,77,0
2162,100,0,1,100,100,0,0,0,0,0,100,100,0.0156351981,5.8997798698,100.0000000000,9.8382356115,1.0000000000,0.8064000000,250.0000000000,0,0,0,77,0
2163,100,0,1,100,100,0,0,0,0,0,100,100,0.0156351981,5.8841446717,100.0000000000,9.8382356115,1.0000000000,0.8064000000,250.0000000000,0,0,0,77,0
2164,100,0,1,100,100,0,0,0,0,0,100,100,0.0156351981,5.8685094736,100.0000000000,9.8382356115,1.0000000000,0.8064000000,250.0000000000,0,0,0,77,0
2165,100,0,1,100,100,0,0,0,0,0,100,100,0.0156351981,5.8528742755,100.0000000000,9.8382356115,1.0000000000,0.8064000000,250.0000000000,0,0,0,77,0
2166,100,0,1,100,100,0,0,1,101,297,100,100,0.0227107220,5.8301635535,100.0000000000,11.1284709764,1.0000000000,0.8872000000,227.2317403066,0,0,0,61,0
2167,100,0,1,100,100,0,0,0,0,0,100,100,0.0170903707,5.8130731828,100.0000000000,11.1284709764,1.0000000000,0.8064000000,250.0000000000,0,0,0,61,0
2168,100,0,1,100,100,0,0,0,0,0,100,100,0.0170903707,5.7959828121,100.0000000000,11.1284709764,1.0000000000,0.8064000000,250.0000000000,0,0,0,61,0
2169,100,0,1,100,100,0,0,0,0,0,100,100,0.0170903707,5.7788924414,100.0000000000,11.1284709764,1.0000000000,0.8064000000,250.0000000000,0,0,0,61,0
2170,100,0,1,100,100,0,0,0,0,0,100,100,0.0170903707,5.7618020706,100.0000000000,11.1284709764,1.0000000000,0.8064000000,250.0000000000,0,0,0,61,0
2171,100,0,1,100,100,0,0,1,101,297,100,100,0.0223105351,5.7394915356,100.0000000000,10.5639881379,1.0000000000,0.8872000000,227.2317403066,0,0,0,68,0
2172,100,0,1,100,100,0,0,0,0,0,100,100,0.0166805998,5.7228109357,100.0000000000,10.5639881379,1.0000000000,0.8064000000,250.0000000000,0,0,0,68,0
2173,100,0,1,100,100,0,0,0,0,0,100,100,0.0166805998,5.7061303359,100.0000000000,10.5639881379,1.0000000000,0.8064000000,250.0000000000,0,0,0,68,0
2174,100,0,1,100,100,0,0,0,0,0,100,100,0.0166805998,5.6894497361,100.0000000000,10.5639881379,1.0000000000,0.8064000000,250.0000000000,0,0,0,68,0
2175,100,0,1,100,100,0,0,0,0,0,100,100,0.0166805998,5.6727691363,100.0000000000,10.5639881379,1.0000000000,0.8064000000,250.0000000000,0,0,0,68,0
2176,100,0,1,100,100,0,0,1,101,297,100,100,0.0232636394,5.6495054969,100.0000000000,11.5316797877,1.0000000000,0.8872000000,227.2317403066,0,0,0,56,0
2177,100,0,1,100,100,0,0,0,0,0,100,100,0.0176383703,5.6318671266,100.0000000000,11.5316797877,1.0000000000,0.8064000000,250.0000000000,0,0,0,56,0
2178,100,0,1,100,100,0,0,0,0,0,100,100,0.0176383703,5.6142287564,100.0000000000,11.5316797877,1.0000000000,0.8064000000,250.0000000000,0,0,0,56,0
2179,100,0,1,100,100,0,0,0,0,0,100,100,0.0176383703,5.5965903861,100.0000000000,11.5316797877,1.0000000000,0.8064000000,250.0000000000,0,0,0,56,0
2180,100,0,1,100,100,0,0,0,0,0,100,100,0.0176383703,5.5789520159,100.0000000000,11.5316797877,1.0000000000,0.8064000000,250.0000000000,0,0,0,56,0
2181,100,0,5,100,100,0,0,1,105,685,100,100,0.0291974787,5.5497545372,20.0000000000,13.7089695339,1.0000000000,0.8904000000,226.4150943396,0,0,0,25,0
2182,100,0,5,100,100,0,0,0,0,0,100,100,0.0195789147,5.5301756225,20.0000000000,13.7089695339,1.0000000000,0.8064000000,250.0000000000,0,0,0,25,0
2183,100,0,5,100,100,0,0,0,0,0,100,100,0.0195789147,5.5105967078,20.0000000000,13.7089695339,1.0000000000,0.8064000000,250.0000000000,0,0,0,25,0
2184,100,0,5,100,100,0,0,0,0,0,100,100,0.0195789147,5.4910177930,20.0000000000,13.7089695339,1.0000000000,0.8064000000,250.0000000000,0,0,0,25,0
2185,100,0,5,100,100,0,0,0,0,0,100,100,0.0195789147,5.4714388783,20.0000000000,13.7089695339,1.0000000000,0.8064000000,250.0000000000,0,0,0,25,0
2186,100,0,1,100,100,0,0,1,101,297,100,100,0.0217164556,5.4497224227,100.0000000000,10.1607858285,1.0000000000,0.8872000000,227.2317403066,0,0,0,73,0
2187,100,0,1,100,100,0,0,0,0,0,100,100,0.0160246125,5.4336978102,100.0000000000,10.1607858285,1.0000000000,0.8064000000,250.0000000000,0,0,0,73,0
2188,100,0,1,100,100,0,0,0,0,0,100,100,0.0160246125,5.4176731977,100.0000000000,10.1607858285,1.0000000000,0.8064000000,250.0000000000,0,0,0,73,0
2189,100,0,1,100,100,0,0,0,0,0,100,100,0.0160246125,5.4016485851,100.0000000000,10.1607858285,1.0000000000,0.8064000000,250.0000000000,0,0,0,73,0
2190,100,0,1,100,100,0,0,0,0,0,100,100,0.0160246125,5.3856239726,100.0000000000,10.1607858285,1.0000000000,0.8064000000,250.0000000000,0,0,0,73,0
2191,100,0,2,100,100,0,0,1,102,394,100,100,0.0230850175,5.3625389552,50.0000000000,10.4027192313,1.0000000000,0.8880000000,227.0270270270,0,0,0,69,0
2192,100,0,2,100,100,0,0,0,0,0,100,100,0.0161059925,5.3464329627,50.0000000000,10.4027192313,1.0000000000,0.8064000000,250.0000000000,0,0,0,69,0
2193,100,0,2,100,100,0,0,0,0,0,100,100,0.0161059925,5.3303269702,50.0000000000,10.4027192313,1.0000000000,0.8064000000,250.0000000000,0,0,0,69,0
2194,100,0,2,100,100,0,0,0,0,0,100,100,0.0161059925,5.3142209777,50.0000000000,10.4027192313,1.0000000000,0.8064000000,250.0000000000,0,0,0,69,0
2195,100,0,2,100,100,0,0,0,0,0,100,100,0.0161059925,5.2981149853,50.0000000000,10.4027192313,1.0000000000,0.8064000000,250.0000000000,0,0,0,69,0
2196,100,0,7,100,100,0,0,1,107,879,100,100,0.0322597413,5.2658552440,14.2857142857,14.9992152741,1.0000000000,0.8920000000,226.0089686099,0,0,0,7,0
2197,100,0,7,100,100,0,0,0,0,0,100,100,0.0205920036,5.2452632404,14.2857142857,14.9992152741,1.0000000000,0.8064000000,250.0000000000,0,0,0,7,0
2198,100,0,7,100,100,0,0,0,0,0,100,100,0.0205920036,5.2246712369,14.2857142857,14.9992152741,1.0000000000,0.8064000000,250.0000000000,0,0,0,7,0
2199,100,0,7,100,100,0,0,0,0,0,100,100,0.0205920036,5.2040792333,14.2857142857,14.9992152741,1.0000000000,0.8064000000,250.0000000000,0,0,0,7,0
2200,100,0,7,100,100,0,0,0,0,0,100,100,0.0205920036,5.1834872297,14.2857142857,14.9992152741,1.0000000000,0.8064000000,250.0000000000,0,0,0,7,0
2201,100,0,1,100,100,0,0,1,101,297,100,100,0.0228711646,5.1606160652,100.0000000000,11.1284657698,1.0000000000,0.8872000000,227.2317403066,0,0,0,61,0
2202,100,0,1,100,100,0,0,0,0,0,100,100,0.0173162120,5.1432998531,100.0000000000,11.1284657698,1.0000000000,0.8064000000,250.0000000000,0,0,0,61,0
2203,100,0,1,100,100,0,0,0,0,0,100,100,0.0173162120,5.1259836411,100.0000000000,11.1284657698,1.0000000000,0.8064000000,250.0000000000,0,0,0,61,0
2204,100,0,1,100,100,0,0,0,0,0,100,100,0.0173162120,5.1086674291,100.0000000000,11.1284657698,1.0000000000,0.8064000000,250.0000000000,0,0,0,61,0
2205,100,0,1,100,100,0,0,0,0,0,100,100,0.0173162120,5.0913512170,100.0000000000,11.1284657698,1.0000000000,0.8064000000,250.0000000000,0,0,0,61,0
2206,100,0,1,100,100,0,0,1,101,297,100,100,0.0226149209,5.0687362961,100.0000000000,10.8059224137,1.0000000000,0.8872000000,227.2317403066,0,0,0,65,0
2207,100,0,1,100,100,0,0,0,0,0,100,100,0.0168312662,5.0519050299,100.0000000000,10.8059224137,1.0000000000,0.8064000000,250.0000000000,0,0,0,65,0
2208,100,0,1,100,100,0,0,0,0,0,100,100,0.0168312662,5.0350737638,100.0000000000,10.8059224137,1.0000000000,0.8064000000,250.0000000000,0,0,0,65,0
2209,100,0,1,100,100,0,0,0,0,0,100,100,0.0168312662,5.0182424976,100.0000000000,10.8059224137,1.0000000000,0.8064000000,250.0000000000,0,0,0,65,0
2210,100,0,1,100,100,0,0,0,0,0,100,100,0.0168312662,5.0014112315,100.0000000000,10.8059224137,1.0000000000,0.8064000000,250.0000000000,0,0,0,65,0
2211,100,0,1,100,100,0,0,1,101,297,100,100,0.0222744242,4.9791368072,100.0000000000,10.7252686178,1.0000000000,0.8872000000,227.2317403066,0,0,0,66,0
2212,100,0,1,100,100,0,0,0,0,0,100,100,0.0166386468,4.9624981605,100.0000000000,10.7252686178,1.0000000000,0.8064000000,250.0000000000,0,0,0,66,0
2213,100,0,1,100,100,0,0,0,0,0,100,100,0.0166386468,4.9458595137,100.0000000000,10.7252686178,1.0000000000,0.8064000000,250.0000000000,0,0,0,66,0
2214,100,0,1,100,100,0,0,0,0,0,100,100,0.0166386468,4.9292208670,100.0000000000,10.7252686178,1.0000000000,0.8064000000,250.0000000000,0,0,0,66,0
2215,100,0,1,100,100,0,0,0,0,0,100,100,0.0166386468,4.9125822202,100.0000000000,10.7252686178,1.0000000000,0.8064000000,250.0000000000,0,0,0,66,0
2216,100,0,1,100,100,0,0,1,101,297,100,100,0.0220521494,4.8905300708,100.0000000000,10.4027025225,1.0000000000,0.8872000000,227.2317403066,0,0,0,70,0
2217,100,0,1,100,100,0,0,0,0,0,100,100,0.0164798580,4.8740502128,100.0000000000,10.4027025225,1.0000000000,0.8064000000,250.0000000000,0,0,0,70,0
2218,100,0,1,100,100,0,0,0,0,0,100,100,0.0164798580,4.8575703548,100.0000000000,10.4027025225,1.0000000000,0.8064000000,250.0000000000,0,0,0,70,0
2219,100,0,1,100,100,0,0,0,0,0,100,100,0.0164798580,4.8410904968,100.0000000000,10.4027025225,1.0000000000,0.8064000000,250.0000000000,0,0,0,70,0
2220,100,0,1,100,100,0,0,0,0,0,100,100,0.0164798580,4.8246106388,100.0000000000,10.4027025225,1.0000000000,0.8064000000,250.0000000000,0,0,0,70,0
2221,100,0,1,100,100,0,0,1,101,297,100,100,0.0241037334,4.8005069054,100.0000000000,12.0961509572,1.0000000000,0.8872000000,227.2317403066,0,0,0,49,0
2222,100,0,1,100,100,0,0,0,0,0,100,100,0.0185983341,4.7819085713,100.0000000000,12.0961509572,1.0000000000,0.8064000000,250.0000000000,0,0,0,49,0
2223,100,0,1,100,100,0,0,0,0,0,100,100,0.0185983341,4.7633102372,100.0000000000,12.0961509572,1.0000000000,0.8064000000,250.0000000000,0,0,0,49,0
2224,100,0,1,100,100,0,0,0,0,0,100,100,0.0185983341,4.7447119031,100.0000000000,12.0961509572,1.0000000000,0.8064000000,250.0000000000,0,0,0,49,0
2225,100,0,1,100,100,0,0,0,0,0,100,100,0.0185983341,4.7261135691,100.0000000000,12.0961509572,1.0000000000,0.8064000000,250.0000000000,0,0,0,49,0
2226,100,0,1,100,100,0,0,1,101,297,100,100,0.0230619121,4.7030516570,100.0000000000,11.2091013682,1.0000000000,0.8872000000,227.2317403066,0,0,0,60,0
2227,100,0,1,100,100,0,0,0,0,0,100,100,0.0175604121,4.6854912448,100.0000000000,11.2091013682,1.0000000000,0.8064000000,250.0000000000,0,0,0,60,0
2228,100,0,1,100,100,0,0,0,0,0,100,100,0.0175604121,4.6679308327,100.0000000000,11.2091013682,1.0000000000,0.8064000000,250.0000000000,0,0,0,60,0
2229,100,0,1,100,100,0,0,0,0,0,100,100,0.0175604121,4.6503704206,100.0000000000,11.2091013682,1.0000000000,0.8064000000,250.0000000000,0,0,0,60,0
2230,100,0,1,100,100,0,0,0,0,0,100,100,0.0175604121,4.6328100085,100.0000000000,11.2091013682,1.0000000000,0.8064000000,250.0000000000,0,0,0,60,0
2231,100,0,1,100,100,0,0,1,101,297,100,100,0.0234883299,4.6093216785,100.0000000000,11.6929506337,1.0000000000,0.8872000000,227.2317403066,0,0,0,54,0
2232,100,0,1,100,100,0,0,0,0,0,100,100,0.0179606694,4.5913610091,100.0000000000,11.6929506337,1.0000000000,0.8064000000,250.0000000000,0,0,0,54,0
2233,100,0,1,100,100,0,0,0,0,0,100,100,0.0179606694,4.5734003396,100.0000000000,11.6929506337,1.0000000000,0.8064000000,250.0000000000,0,0,0,54,0
2234,100,0,1,100,100,0,0,0,0,0,100,100,0.0179606694,4.5554396702,100.0000000000,11.6929506337,1.0000000000,0.8064000000,250.0000000000,0,0,0,54,0
2235,100,0,1,100,100,0,0,0,0,0,100,100,0.0179606694,4.5374790008,100.0000000000,11.6929506337,1.0000000000,0.8064000000,250.0000000000,0,0,0,54,0
2236,100,0,1,100,100,0,0,1,101,297,100,100,0.0213532377,4.5161257630,100.0000000000,9.3543910754,1.0000000000,0.8872000000,227.2317403066,0,0,0,83,0
2237,100,0,1,100,100,0,0,0,0,0,100,100,0.0150264111,4.5010993520,100.0000000000,9.3543910754,1.0000000000,0.8064000000,250.0000000000,0,0,0,83,0
2238,100,0,1,100,100,0,0,0,0,0,100,100,0.0150264111,4.4860729409,100.0000000000,9.3543910754,1.0000000000,0.8064000000,250.0000000000,0,0,0,83,0
2239,100,0,1,100,100,0,0,0,0,0,100,100,0.0150264111,4.4710465299,100.0000000000,9.3543910754,1.0000000000,0.8064000000,250.0000000000,0,0,0,83,0
2240,100,0,1,100,100,0,0,0,0,0,100,100,0.0150264111,4.4560201188,100.0000000000,9.3543910754,1.0000000000,0.8064000000,250.0000000000,0,0,0,83,0
2241,100,0,1,100,100,0,0,1,101,297,100,100,0.0224003420,4.4336197768,100.0000000000,10.5640017486,1.0000000000,0.8872000000,227.2317403066,0,0,0,68,0
2242,100,0,1,100,100,0,0,0,0,0,100,100,0.0165645285,4.4170552483,100.0000000000,10.5640017486,1.0000000000,0.8064000000,250.0000000000,0,0,0,68,0
2243,100,0,1,100,100,0,0,0,0,0,100,100,0.0165645285,4.4004907197,100.0000000000,10.5640017486,1.0000000000,0.8064000000,250.0000000000,0,0,0,68,0
2244,100,0,1,100,100,0,0,0,0,0,100,100,0.0165645285,4.3839261912,100.0000000000,10.5640017486,1.0000000000,0.8064000000,250.0000000000,0,0,0,68,0
2245,100,0,1,100,100,0,0,0,0,0,100,100,0.0165645285,4.3673616627,100.0000000000,10.5640017486,1.0000000000,0.8064000000,250.0000000000,0,0,0,68,0
2246,100,0,1,100,100,0,0,1,101,297,100,100,0.0224185589,4.3449431038,100.0000000000,10.6446261580,1.0000000000,0.8872000000,227.2317403066,0,0,0,67,0
2247,100,0,1,100,100,0,0,0,0,0,100,100,0.0168236888,4.3281194150,100.0000000000,10.6446261580,1.0000000000,0.8064000000,250.0000000000,0,0,0,67,0
2248,100,0,1,100,100,0,0,0,0,0,100,100,0.0168236888,4.3112957261,100.0000000000,10.6446261580,1.0000000000,0.8064000000,250.0000000000,0,0,0,67,0
2249,100,0,1,100,100,0,0,0,0,0,100,100,0.0168236888,4.2944720373,100.0000000000,10.6446261580,1.0000000000,0.8064000000,250.0000000000,0,0,0,67,0
2250,100,0,1,100,100,0,0,0,0,0,100,100,0.0168236888,4.2776483484,100.0000000000,10.6446261580,1.0000000000,0.8064000000,250.0000000000,0,0,0,67,0
2251,100,0,1,100,100,0,0,1,101,297,100,100,0.0234718793,4.2541764692,100.0000000000,11.6123104229,1.0000000000,0.8872000000,227.2317403066,0,0,0,55,0
2252,100,0,1,100,100,0,0,0,0,0,100,100,0.0179199555,4.2362565137,100.0000000000,11.6123104229,1.0000000000,0.8064000000,250.0000000000,0,0,0,55,0
2253,100,0,1,100,100,0,0,0,0,0,100,100,0.0179199555,4.2183365582,100.0000000000,11.6123104229,1.0000000000,0.8064000000,250.0000000000,0,0,0,55,0
2254,100,0,1,100,100,0,0,0,0,0,100,100,0.0179199555,4.2004166027,100.0000000000,11.6123104229,1.0000000000,0.8064000000,250.0000000000,0,0,0,55,0
2255,100,0,1,100,100,0,0,0,0,0,100,100,0.0179199555,4.1824966473,100.0000000000,11.6123104229,1.0000000000,0.8064000000,250.0000000000,0,0,0,55,0
2256,100,0,1,100,100,0,0,1,101,297,100,100,0.0219470559,4.1605495913,100.0000000000,10.2414325495,1.0000000000,0.8872000000,227.2317403066,0,0,0,72,0
2257,100,0,1,100,100,0,0,0,0,0,100,100,0.0161514562,4.1443981351,100.0000000000,10.2414325495,1.0000000000,0.8064000000,250.0000000000,0,0,0,72,0
2258,100,0,1,100,100,0,0,0,0,0,100,100,0.0161514562,4.1282466789,100.0000000000,10.2414325495,1.0000000000,0.8064000000,250.0000000000,0,0,0,72,0
2259,100,0,1,100,100,0,0,0,0,0,100,100,0.0161514562,4.1120952227,100.0000000000,10.2414325495,1.0000000000,0.8064000000,250.0000000000,0,0,0,72,0
2260,100,0,1,100,100,0,0,0,0,0,100,100,0.0161514562,4.0959437664,100.0000000000,10.2414325495,1.0000000000,0.8064000000,250.0000000000,0,0,0,72,0
2261,100,0,1,100,100,0,0,1,101,297,100,100,0.0222219872,4.0737217792,100.0000000000,10.4027166278,1.0000000000,0.8872000000,227.2317403066,0,0,0,70,0
2262,100,0,1,100,100,0,0,0,0,0,100,100,0.0163992798,4.0573224994,100.0000000000,10.4027166278,1.0000000000,0.8064000000,250.0000000000,0,0,0,70,0
2263,100,0,1,100,100,0,0,0,0,0,100,100,0.0163992798,4.0409232195,100.0000000000,10.4027166278,1.0000000000,0.8064000000,250.0000000000,0,0,0,70,0
2264,100,0,1,100,100,0,0,0,0,0,100,100,0.0163992798,4.0245239397,100.0000000000,10.4027166278,1.0000000000,0.8064000000,250.0000000000,0,0,0,70,0
2265,100,0,1,100,100,0,0,0,0,0,100,100,0.0163992798,4.0081246599,100.0000000000,10.4027166278,1.0000000000,0.8064000000,250.0000000000,0,0,0,70,0
2266,100,0,1,100,100,0,0,1,101,297,100,100,0.0215371693,3.9865874906,100.0000000000,9.4350349392,1.0000000000,0.8872000000,227.2317403066,0,0,0,82,0
2267,100,0,1,100,100,0,0,0,0,0,100,100,0.0152608330,3.9713266576,100.0000000000,9.4350349392,1.0000000000,0.8064000000,250.0000000000,0,0,0,82,0
2268,100,0,1,100,100,0,0,0,0,0,100,100,0.0152608330,3.9560658246,100.0000000000,9.4350349392,1.0000000000,0.8064000000,250.0000000000,0,0,0,82,0
2269,100,0,1,100,100,0,0,0,0,0,100,100,0.0152608330,3.9408049916,100.0000000000,9.4350349392,1.0000000000,0.8064000000,250.0000000000,0,0,0,82,0
2270,100,0,1,100,100,0,0,0,0,0,100,100,0.0152608330,3.9255441586,100.0000000000,9.4350349392,1.0000000000,0.8064000000,250.0000000000,0,0,0,82,0
2271,100,0,1,100,100,0,0,1,101,297,100,100,0.0218410399,3.9037031188,100.0000000000,10.0801612961,1.0000000000,0.8872000000,227.2317403066,0,0,0,74,0
2272,100,0,1,100,100,0,0,0,0,0,100,100,0.0159409152,3.8877622036,100.0000000000,10.0801612961,1.0000000000,0.8064000000,250.0000000000,0,0,0,74,0
2273,100,0,1,100,100,0,0,0,0,0,100,100,0.0159409152,3.8718212884,100.0000000000,10.0801612961,1.0000000000,0.8064000000,250.0000000000,0,0,0,74,0
2274,100,0,1,100,100,0,0,0,0,0,100,100,0.0159409152,3.8558803733,100.0000000000,10.0801612961,1.0000000000,0.8064000000,250.0000000000,0,0,0,74,0
2275,100,0,1,100,100,0,0,0,0,0,100,100,0.0159409152,3.8399394581,100.0000000000,10.0801612961,1.0000000000,0.8064000000,250.0000000000,0,0,0,74,0
2276,100,0,2,100,100,0,0,1,102,394,100,100,0.0237219752,3.8162174829,50.0000000000,11.5316997174,1.0000000000,0.8880000000,227.0270270270,0,0,0,55,0
2277,100,0,2,100,100,0,0,0,0,0,100,100,0.0171614400,3.7990560429,50.0000000000,11.5316997174,1.0000000000,0.8064000000,250.0000000000,0,0,0,55,0
2278,100,0,2,100,100,0,0,0,0,0,100,100,0.0171614400,3.7818946029,50.0000000000,11.5316997174,1.0000000000,0.8064000000,250.0000000000,0,0,0,55,0
2279,100,0,2,100,100,0,0,0,0,0,100,100,0.0171614400,3.7647331629,50.0000000000,11.5316997174,1.0000000000,0.8064000000,250.0000000000,0,0,0,55,0
2280,100,0,2,100,100,0,0,0,0,0,100,100,0.0171614400,3.7475717228,50.0000000000,11.5316997174,1.0000000000,0.8064000000,250.0000000000,0,0,0,55,0
2281,100,0,1,100,100,0,0,1,101,297,100,100,0.0217859558,3.7257857670,100.0000000000,9.9188781534,1.0000000000,0.8872000000,227.2317403066,0,0,0,76,0
2282,100,0,1,100,100,0,0,0,0,0,100,100,0.0156864474,3.7100993196,100.0000000000,9.9188781534,1.0000000000,0.8064000000,250.0000000000,0,0,0,76,0
2283,100,0,1,100,100,0,0,0,0,0,100,100,0.0156864474,3.6944128722,100.0000000000,9.9188781534,1.0000000000,0.8064000000,250.0000000000,0,0,0,76,0
2284,100,0,1,100,100,0,0,0,0,0,100,100,0.0156864474,3.6787264248,100.0000000000,9.9188781534,1.0000000000,0.8064000000,250.0000000000,0,0,0,76,0
2285,100,0,1,100,100,0,0,0,0,0,100,100,0.0156864474,3.6630399774,100.0000000000,9.9188781534,1.0000000000,0.8064000000,250.0000000000,0,0,0,76,0
2286,100,0,2,100,100,0,0,1,102,394,100,100,0.0241172042,3.6389227732,50.0000000000,11.6929601245,1.0000000000,0.8880000000,227.0270270270,0,0,0,53,0
2287,100,0,2,100,100,0,0,0,0,0,100,100,0.0174788925,3.6214438807,50.0000000000,11.6929601245,1.0000000000,0.8064000000,250.0000000000,0,0,0,53,0
2288,100,0,2,100,100,0,0,0,0,0,100,100,0.0174788925,3.6039649882,50.0000000000,11.6929601245,1.0000000000,0.8064000000,250.0000000000,0,0,0,53,0
2289,100,0,2,100,100,0,0,0,0,0,100,100,0.0174788925,3.5864860956,50.0000000000,11.6929601245,1.0000000000,0.8064000000,250.0000000000,0,0,0,53,0
2290,100,0,2,100,100,0,0,0,0,0,100,100,0.0174788925,3.5690072031,50.0000000000,11.6929601245,1.0000000000,0.8064000000,250.0000000000,0,0,0,53,0
2291,100,0,1,100,100,0,0,1,101,297,100,100,0.0228405958,3.5461666073,100.0000000000,11.2091173191,1.0000000000,0.8872000000,227.2317403066,0,0,0,60,0
2292,100,0,1,100,100,0,0,0,0,0,100,100,0.0171839662,3.5289826411,100.0000000000,11.2091173191,1.0000000000,0.8064000000,250.0000000000,0,0,0,60,0
2293,100,0,1,100,100,0,0,0,0,0,100,100,0.0171839662,3.5117986748,100.0000000000,11.2091173191,1.0000000000,0.8064000000,250.0000000000,0,0,0,60,0
2294,100,0,1,100,100,0,0,0,0,0,100,100,0.0171839662,3.4946147086,100.0000000000,11.2091173191,1.0000000000,0.8064000000,250.0000000000,0,0,0,60,0
2295,100,0,1,100,100,0,0,0,0,0,100,100,0.0171839662,3.4774307424,100.0000000000,11.2091173191,1.0000000000,0.8064000000,250.0000000000,0,0,0,60,0
2296,100,0,7,100,100,0,0,1,107,879,100,100,0.0318227789,3.4456079635,14.2857142857,14.4347502681,1.0000000000,0.8920000000,226.0089686099,0,0,0,14,0
2297,100,0,7,100,100,0,0,0,0,0,100,100,0.0201137233,3.4254942402,14.2857142857,14.4347502681,1.0000000000,0.8064000000,250.0000000000,0,0,0,14,0
2298,100,0,7,100,100,0,0,0,0,0,100,100,0.0201137233,3.4053805170,14.2857142857,14.4347502681,1.0000000000,0.8064000000,250.0000000000,0,0,0,14,0
2299,100,0,7,100,100,0,0,0,0,0,100,100,0.0201137233,3.3852667937,14.2857142857,14.4347502681,1.0000000000,0.8064000000,250.0000000000,0,0,0,14,0
2300,100,0,7,100,100,0,0,0,0,0,100,100,0.0201137233,3.3651530705,14.2857142857,14.4347502681,1.0000000000,0.8064000000,250.0000000000,0,0,0,14,0
2301,100,0,1,100,100,0,0,1,101,297,100,100,0.0236087796,3.3415442909,100.0000000000,11.7735893226,1.0000000000,0.8872000000,227.2317403066,0,0,0,53,0
2302,100,0,1,100,100,0,0,0,0,0,100,100,0.0180930624,3.3234512285,100.0000000000,11.7735893226,1.0000000000,0.8064000000,250.0000000000,0,0,0,53,0
2303,100,0,1,100,100,0,0,0,0,0,100,100,0.0180930624,3.3053581662,100.0000000000,11.7735893226,1.0000000000,0.8064000000,250.0000000000,0,0,0,53,0
2304,100,0,1,100,100,0,0,0,0,0,100,100,0.0180930624,3.2872651038,100.0000000000,11.7735893226,1.0000000000,0.8064000000,250.0000000000,0,0,0,53,0
2305,100,0,1,100,100,0,0,0,0,0,100,100,0.0180930624,3.2691720414,100.0000000000,11.7735893226,1.0000000000,0.8064000000,250.0000000000,0,0,0,53,0
2306,100,0,1,100,100,0,0,1,101,297,100,100,0.0228711646,3.2463008769,100.0000000000,11.1284657698,1.0000000000,0.8872000000,227.2317403066,0,0,0,61,0
2307,100,0,1,100,100,0,0,0,0,0,100,100,0.0173162120,3.2289846648,100.0000000000,11.1284657698,1.0000000000,0.8064000000,250.0000000000,0,0,0,61,0
2308,100,0,1,100,100,0,0,0,0,0,100,100,0.0173162120,3.2116684528,100.0000000000,11.1284657698,1.0000000000,0.8064000000,250.0000000000,0,0,0,61,0
2309,100,0,1,100,100,0,0,0,0,0,100,100,0.0173162120,3.1943522408,100.0000000000,11.1284657698,1.0000000000,0.8064000000,250.0000000000,0,0,0,61,0
2310,100,0,1,100,100,0,0,0,0,0,100,100,0.0173162120,3.1770360287,100.0000000000,11.1284657698,1.0000000000,0.8064000000,250.0000000000,0,0,0,61,0
2311,100,0,1,100,100,0,0,1,101,297,100,100,0.0212456174,3.1557904113,100.0000000000,9.4350287751,1.0000000000,0.8872000000,227.2317403066,0,0,0,82,0
2312,100,0,1,100,100,0,0,0,0,0,100,100,0.0150974593,3.1406929520,100.0000000000,9.4350287751,1.0000000000,0.8064000000,250.0000000000,0,0,0,82,0
2313,100,0,1,100,100,0,0,0,0,0,100,100,0.0150974593,3.1255954927,100.0000000000,9.4350287751,1.0000000000,0.8064000000,250.0000000000,0,0,0,82,0
2314,100,0,1,100,100,0,0,0,0,0,100,100,0.0150974593,3.1104980334,100.0000000000,9.4350287751,1.0000000000,0.8064000000,250.0000000000,0,0,0,82,0
2315,100,0,1,100,100,0,0,0,0,0,100,100,0.0150974593,3.0954005741,100.0000000000,9.4350287751,1.0000000000,0.8064000000,250.0000000000,0,0,0,82,0
2316,100,0,1,100,100,0,0,1,101,297,100,100,0.0224898830,3.0729106911,100.0000000000,10.8865484726,1.0000000000,0.8872000000,227.2317403066,0,0,0,64,0
2317,100,0,1,100,100,0,0,0,0,0,100,100,0.0168829373,3.0560277538,100.0000000000,10.8865484726,1.0000000000,0.8064000000,250.0000000000,0,0,0,64,0
2318,100,0,1,100,100,0,0,0,0,0,100,100,0.0168829373,3.0391448164,100.0000000000,10.8865484726,1.0000000000,0.8064000000,250.0000000000,0,0,0,64,0
2319,100,0,1,100,100,0,0,0,0,0,100,100,0.0168829373,3.0222618791,100.0000000000,10.8865484726,1.0000000000,0.8064000000,250.0000000000,0,0,0,64,0
2320,100,0,1,100,100,0,0,0,0,0,100,100,0.0168829373,3.0053789417,100.0000000000,10.8865484726,1.0000000000,0.8064000000,250.0000000000,0,0,0,64,0
2321,100,0,1,100,100,0,0,1,101,297,100,100,0.0220054588,2.9833734829,100.0000000000,10.4027152943,1.0000000000,0.8872000000,227.2317403066,0,0,0,70,0
2322,100,0,1,100,100,0,0,0,0,0,100,100,0.0161778506,2.9671956324,100.0000000000,10.4027152943,1.0000000000,0.8064000000,250.0000000000,0,0,0,70,0
2323,100,0,1,100,100,0,0,0,0,0,100,100,0.0161778506,2.9510177818,100.0000000000,10.4027152943,1.0000000000,0.8064000000,250.0000000000,0,0,0,70,0
2324,100,0,1,100,100,0,0,0,0,0,100,100,0.0161778506,2.9348399312,100.0000000000,10.4027152943,1.0000000000,0.8064000000,250.0000000000,0,0,0,70,0
2325,100,0,1,100,100,0,0,0,0,0,100,100,0.0161778506,2.9186620807,100.0000000000,10.4027152943,1.0000000000,0.8064000000,250.0000000000,0,0,0,70,0
2326,100,0,1,100,100,0,0,1,101,297,100,100,0.0220269145,2.8966351661,100.0000000000,10.2414407363,1.0000000000,0.8872000000,227.2317403066,0,0,0,72,0
2327,100,0,1,100,100,0,0,0,0,0,100,100,0.0160194702,2.8806156960,100.0000000000,10.2414407363,1.0000000000,0.8064000000,250.0000000000,0,0,0,72,0
2328,100,0,1,100,100,0,0,0,0,0,100,100,0.0160194702,2.8645962258,100.0000000000,10.2414407363,1.0000000000,0.8064000000,250.0000000000,0,0,0,72,0
2329,100,0,1,100,100,0,0,0,0,0,100,100,0.0160194702,2.8485767556,100.0000000000,10.2414407363,1.0000000000,0.8064000000,250.0000000000,0,0,0,72,0
2330,100,0,1,100,100,0,0,0,0,0,100,100,0.0160194702,2.8325572855,100.0000000000,10.2414407363,1.0000000000,0.8064000000,250.0000000000,0,0,0,72,0
2331,100,0,1,100,100,0,0,1,101,297,100,100,0.0214389377,2.8111183478,100.0000000000,9.3543940452,1.0000000000,0.8872000000,227.2317403066,0,0,0,83,0
2332,100,0,1,100,100,0,0,0,0,0,100,100,0.0151593389,2.7959590089,100.0000000000,9.3543940452,1.0000000000,0.8064000000,250.0000000000,0,0,0,83,0
2333,100,0,1,100,100,0,0,0,0,0,100,100,0.0151593389,2.7807996701,100.0000000000,9.3543940452,1.0000000000,0.8064000000,250.0000000000,0,0,0,83,0
2334,100,0,1,100,100,0,0,0,0,0,100,100,0.0151593389,2.7656403312,100.0000000000,9.3543940452,1.0000000000,0.8064000000,250.0000000000,0,0,0,83,0
2335,100,0,1,100,100,0,0,0,0,0,100,100,0.0151593389,2.7504809923,100.0000000000,9.3543940452,1.0000000000,0.8064000000,250.0000000000,0,0,0,83,0
2336,100,0,1,100,100,0,0,1,101,297,100,100,0.0217622208,2.7287187715,100.0000000000,9.9188783541,1.0000000000,0.8872000000,227.2317403066,0,0,0,76,0
2337,100,0,1,100,100,0,0,0,0,0,100,100,0.0155123263,2.7132064452,100.0000000000,9.9188783541,1.0000000000,0.8064000000,250.0000000000,0,0,0,76,0
2338,100,0,1,100,100,0,0,0,0,0,100,100,0.0155123263,2.6976941189,100.0000000000,9.9188783541,1.0000000000,0.8064000000,250.0000000000,0,0,0,76,0
2339,100,0,1,100,100,0,0,0,0,0,100,100,0.0155123263,2.6821817925,100.0000000000,9.9188783541,1.0000000000,0.8064000000,250.0000000000,0,0,0,76,0
2340,100,0,1,100,100,0,0,0,0,0,100,100,0.0155123263,2.6666694662,100.0000000000,9.9188783541,1.0000000000,0.8064000000,250.0000000000,0,0,0,76,0
2341,100,0,1,100,100,0,0,1,101,297,100,100,0.0221443014,2.6445251648,100.0000000000,10.4027206040,1.0000000000,0.8872000000,227.2317403066,0,0,0,70,0
2342,100,0,1,100,100,0,0,0,0,0,100,100,0.0162032635,2.6283219012,100.0000000000,10.4027206040,1.0000000000,0.8064000000,250.0000000000,0,0,0,70,0
2343,100,0,1,100,100,0,0,0,0,0,100,100,0.0162032635,2.6121186377,100.0000000000,10.4027206040,1.0000000000,0.8064000000,250.0000000000,0,0,0,70,0
2344,100,0,1,100,100,0,0,0,0,0,100,100,0.0162032635,2.5959153742,100.0000000000,10.4027206040,1.0000000000,0.8064000000,250.0000000000,0,0,0,70,0
2345,100,0,1,100,100,0,0,0,0,0,100,100,0.0162032635,2.5797121107,100.0000000000,10.4027206040,1.0000000000,0.8064000000,250.0000000000,0,0,0,70,0
2346,100,0,1,100,100,0,0,1,101,297,100,100,0.0232125242,2.5564995865,100.0000000000,11.3703871424,1.0000000000,0.8872000000,227.2317403066,0,0,0,58,0
2347,100,0,1,100,100,0,0,0,0,0,100,100,0.0176867041,2.5388128823,100.0000000000,11.3703871424,1.0000000000,0.8064000000,250.0000000000,0,0,0,58,0
2348,100,0,1,100,100,0,0,0,0,0,100,100,0.0176867041,2.5211261782,100.0000000000,11.3703871424,1.0000000000,0.8064000000,250.0000000000,0,0,0,58,0
2349,100,0,1,100,100,0,0,0,0,0,100,100,0.0176867041,2.5034394740,100.0000000000,11.3703871424,1.0000000000,0.8064000000,250.0000000000,0,0,0,58,0
2350,100,0,1,100,100,0,0,0,0,0,100,100,0.0176867041,2.4857527699,100.0000000000,11.3703871424,1.0000000000,0.8064000000,250.0000000000,0,0,0,58,0
2351,100,0,1,100,100,0,0,1,101,297,100,100,0.0233329228,2.4624198471,100.0000000000,11.3703813294,1.0000000000,0.8872000000,227.2317403066,0,0,0,58,0
2352,100,0,1,100,100,0,0,0,0,0,100,100,0.0178370552,2.4445827918,100.0000000000,11.3703813294,1.0000000000,0.8064000000,250.0000000000,0,0,0,58,0
2353,100,0,1,100,100,0,0,0,0,0,100,100,0.0178370552,2.4267457366,100.0000000000,11.3703813294,1.0000000000,0.8064000000,250.0000000000,0,0,0,58,0
2354,100,0,1,100,100,0,0,0,0,0,100,100,0.0178370552,2.4089086813,100.0000000000,11.3703813294,1.0000000000,0.8064000000,250.0000000000,0,0,0,58,0
2355,100,0,1,100,100,0,0,0,0,0,100,100,0.0178370552,2.3910716261,100.0000000000,11.3703813294,1.0000000000,0.8064000000,250.0000000000,0,0,0,58,0
2356,100,0,1,100,100,0,0,1,101,297,100,100,0.0220320717,2.3690395544,100.0000000000,10.4833530040,1.0000000000,0.8872000000,227.2317403066,0,0,0,69,0
2357,100,0,1,100,100,0,0,0,0,0,100,100,0.0162735504,2.3527660040,100.0000000000,10.4833530040,1.0000000000,0.8064000000,250.0000000000,0,0,0,69,0
2358,100,0,1,100,100,0,0,0,0,0,100,100,0.0162735504,2.3364924536,100.0000000000,10.4833530040,1.0000000000,0.8064000000,250.0000000000,0,0,0,69,0
2359,100,0,1,100,100,0,0,0,0,0,100,100,0.0162735504,2.3202189032,100.0000000000,10.4833530040,1.0000000000,0.8064000000,250.0000000000,0,0,0,69,0
2360,100,0,1,100,100,0,0,0,0,0,100,100,0.0162735504,2.3039453528,100.0000000000,10.4833530040,1.0000000000,0.8064000000,250.0000000000,0,0,0,69,0
2361,100,0,1,100,100,0,0,1,101,297,100,100,0.0215607735,2.2823845793,100.0000000000,9.8382372448,1.0000000000,0.8872000000,227.2317403066,0,0,0,77,0
2362,100,0,1,100,100,0,0,0,0,0,100,100,0.0156100179,2.2667745614,100.0000000000,9.8382372448,1.0000000000,0.8064000000,250.0000000000,0,0,0,77,0
2363,100,0,1,100,100,0,0,0,0,0,100,100,0.0156100179,2.2511645435,100.0000000000,9.8382372448,1.0000000000,0.8064000000,250.0000000000,0,0,0,77,0
2364,100,0,1,100,100,0,0,0,0,0,100,100,0.0156100179,2.2355545256,100.0000000000,9.8382372448,1.0000000000,0.8064000000,250.0000000000,0,0,0,77,0
2365,100,0,1,100,100,0,0,0,0,0,100,100,0.0156100179,2.2199445077,100.0000000000,9.8382372448,1.0000000000,0.8064000000,250.0000000000,0,0,0,77,0
2366,100,0,1,100,100,0,0,1,101,297,100,100,0.0225785092,2.1973659985,100.0000000000,10.7252798230,1.0000000000,0.8872000000,227.2317403066,0,0,0,66,0
2367,100,0,1,100,100,0,0,0,0,0,100,100,0.0168152375,2.1805507610,100.0000000000,10.7252798230,1.0000000000,0.8064000000,250.0000000000,0,0,0,66,0
2368,100,0,1,100,100,0,0,0,0,0,100,100,0.0168152375,2.1637355234,100.0000000000,10.7252798230,1.0000000000,0.8064000000,250.0000000000,0,0,0,66,0
2369,100,0,1,100,100,0,0,0,0,0,100,100,0.0168152375,2.1469202859,100.0000000000,10.7252798230,1.0000000000,0.8064000000,250.0000000000,0,0,0,66,0
2370,100,0,1,100,100,0,0,0,0,0,100,100,0.0168152375,2.1301050484,100.0000000000,10.7252798230,1.0000000000,0.8064000000,250.0000000000,0,0,0,66,0
2371,100,0,1,100,100,0,0,1,101,297,100,100,0.0219362892,2.1081687592,100.0000000000,10.2414372894,1.0000000000,0.8872000000,227.2317403066,0,0,0,72,0
2372,100,0,1,100,100,0,0,0,0,0,100,100,0.0160052376,2.0921635216,100.0000000000,10.2414372894,1.0000000000,0.8064000000,250.0000000000,0,0,0,72,0
2373,100,0,1,100,100,0,0,0,0,0,100,100,0.0160052376,2.0761582840,100.0000000000,10.2414372894,1.0000000000,0.8064000000,250.0000000000,0,0,0,72,0
2374,100,0,1,100,100,0,0,0,0,0,100,100,0.0160052376,2.0601530464,100.0000000000,10.2414372894,1.0000000000,0.8064000000,250.0000000000,0,0,0,72,0
2375,100,0,1,100,100,0,0,0,0,0,100,100,0.0160052376,2.0441478088,100.0000000000,10.2414372894,1.0000000000,0.8064000000,250.0000000000,0,0,0,72,0
2376,100,0,1,100,100,0,0,1,101,297,100,100,0.0216773783,2.0224704305,100.0000000000,9.9995116793,1.0000000000,0.8872000000,227.2317403066,0,0,0,75,0
2377,100,0,1,100,100,0,0,0,0,0,100,100,0.0157902360,2.0066801945,100.0000000000,9.9995116793,1.0000000000,0.8064000000,250.0000000000,0,0,0,75,0
2378,100,0,1,100,100,0,0,0,0,0,100,100,0.0157902360,1.9908899585,100.0000000000,9.9995116793,1.0000000000,0.8064000000,250.0000000000,0,0,0,75,0
2379,100,0,1,100,100,0,0,0,0,0,100,100,0.0157902360,1.9750997225,100.0000000000,9.9995116793,1.0000000000,0.8064000000,250.0000000000,0,0,0,75,0
2380,100,0,1,100,100,0,0,0,0,0,100,100,0.0157902360,1.9593094865,100.0000000000,9.9995116793,1.0000000000,0.8064000000,250.0000000000,0,0,0,75,0
2381,100,0,1,100,100,0,0,1,101,297,100,100,0.0220521494,1.9372573371,100.0000000000,10.4027025225,1.0000000000,0.8872000000,227.2317403066,0,0,0,70,0
2382,100,0,1,100,100,0,0,0,0,0,100,100,0.0164798580,1.9207774791,100.0000000000,10.4027025225,1.0000000000,0.8064000000,250.0000000000,0,0,0,70,0
2383,100,0,1,100,100,0,0,0,0,0,100,100,0.0164798580,1.9042976211,100.0000000000,10.4027025225,1.0000000000,0.8064000000,250.0000000000,0,0,0,70,0
2384,100,0,1,100,100,0,0,0,0,0,100,100,0.0164798580,1.8878177631,100.0000000000,10.4027025225,1.0000000000,0.8064000000,250.0000000000,0,0,0,70,0
2385,100,0,1,100,100,0,0,0,0,0,100,100,0.0164798580,1.8713379051,100.0000000000,10.4027025225,1.0000000000,0.8064000000,250.0000000000,0,0,0,70,0
2386,100,0,3,100,100,0,0,1,103,491,100,100,0.0240163838,1.8473215213,33.3333333333,10.2414376823,1.0000000000,0.8888000000,226.8226822682,0,0,0,70,0
2387,100,0,3,100,100,0,0,0,0,0,100,100,0.0159522377,1.8313692836,33.3333333333,10.2414376823,1.0000000000,0.8064000000,250.0000000000,0,0,0,70,0
2388,100,0,3,100,100,0,0,0,0,0,100,100,0.0159522377,1.8154170458,33.3333333333,10.2414376823,1.0000000000,0.8064000000,250.0000000000,0,0,0,70,0
2389,100,0,3,100,100,0,0,0,0,0,100,100,0.0159522377,1.7994648081,33.3333333333,10.2414376823,1.0000000000,0.8064000000,250.0000000000,0,0,0,70,0
2390,100,0,3,100,100,0,0,0,0,0,100,100,0.0159522377,1.7835125704,33.3333333333,10.2414376823,1.0000000000,0.8064000000,250.0000000000,0,0,0,70,0
2391,100,0,1,100,100,0,0,1,101,297,100,100,0.0230565995,1.7604559709,100.0000000000,11.3703862128,1.0000000000,0.8872000000,227.2317403066,0,0,0,58,0
2392,100,0,1,100,100,0,0,0,0,0,100,100,0.0175173345,1.7429386364,100.0000000000,11.3703862128,1.0000000000,0.8064000000,250.0000000000,0,0,0,58,0
2393,100,0,1,100,100,0,0,0,1,98,100,100,0.0167126486,1.7262259877,100.0000000000,9.9188781534,1.0000000000,0.8072000000,249.7522299306,0,0,1,76,0
2394,100,0,1,100,100,0,0,0,0,0,100,100,0.0156864474,1.7105395403,100.0000000000,9.9188781534,1.0000000000,0.8064000000,250.0000000000,0,0,0,76,0
2395,100,0,1,100,100,0,0,0,0,0,100,100,0.0156864474,1.6948530929,100.0000000000,9.9188781534,1.0000000000,0.8064000000,250.0000000000,0,0,0,76,0
2396,100,0,3,100,99,1,0,1,103,491,99,99,0.0260167534,1.6688363396,33.3333333333,12.7885290206,0.9900000000,0.8807360000,226.6104712422,0,0,0,38,0
2397,100,0,3,100,98,2,0,0,0,0,98,98,0.0183421806,1.6504941589,33.3333333333,12.8367378168,0.9800000000,0.7902720000,250.0000000000,0,0,0,37,0
2398,100,0,3,100,98,2,0,0,0,0,98,98,0.0183421806,1.6321519783,33.3333333333,12.8367378168,0.9800000000,0.7902720000,250.0000000000,0,0,0,37,0
2399,100,0,3,100,98,2,0,0,0,0,98,98,0.0183421806,1.6138097977,33.3333333333,12.8367378168,0.9800000000,0.7902720000,250.0000000000,0,0,0,37,0
2400,100,0,3,100,98,2,0,0,0,0,98,98,0.0183421806,1.5954676171,33.3333333333,12.8367378168,0.9800000000,0.7902720000,250.0000000000,0,0,0,37,0
2401,99,1,1,99,98,1,0,1,100,295,98,98,0.0220568055,1.5734108116,99.0000000000,10.6150064604,0.9898989899,0.8702720000,227.0186792175,0,0,0,66,0
2402,99,1,1,99,98,1,0,0,0,0,98,98,0.0164474079,1.5569634037,99.0000000000,10.6150064604,0.9898989899,0.7902720000,250.0000000000,0,0,0,66,0
2403,99,1,1,99,98,1,0,0,0,0,98,98,0.0164474079,1.5405159957,99.0000000000,10.6150064604,0.9898989899,0.7902720000,250.0000000000,0,0,0,66,0
2404,99,1,1,99,98,1,0,0,0,0,98,98,0.0164474079,1.5240685878,99.0000000000,10.6150064604,0.9898989899,0.7902720000,250.0000000000,0,0,0,66,0
2405,99,1,1,99,98,1,0,0,0,0,98,98,0.0164474079,1.5076211799,99.0000000000,10.6150064604,0.9898989899,0.7902720000,250.0000000000,0,0,0,66,0
2406,98,2,1,98,98,0,0,1,99,292,98,98,0.0227409793,1.4848802006,98.0000000000,11.3555852434,1.0000000000,0.8694720000,227.2275587943,0,0,0,57,0
2407,98,2,1,98,98,0,0,0,0,0,98,98,0.0171943350,1.4676858655,98.0000000000,11.3555852434,1.0000000000,0.7902720000,250.0000000000,0,0,0,57,0
2408,98,2,1,98,98,0,0,0,0,0,98,98,0.0171943350,1.4504915305,98.0000000000,11.3555852434,1.0000000000,0.7902720000,250.0000000000,0,0,0,57,0
2409,98,2,1,98,98,0,0,0,0,0,98,98,0.0171943350,1.4332971954,98.0000000000,11.3555852434,1.0000000000,0.7902720000,250.0000000000,0,0,0,57,0
2410,98,2,1,98,97,1,0,0,1,95,97,97,0.0164818544,1.4168153410,98.0000000000,10.0593787894,0.9897959184,0.7830080000,249.7445747681,0,0,1,72,0
2411,97,3,1,97,97,0,0,1,98,288,97,97,0.0212582738,1.3955570673,97.0000000000,10.3087749268,1.0000000000,0.8606080000,227.2254034357,0,0,0,69,0
2412,97,3,1,97,97,0,0,0,0,0,97,97,0.0155071821,1.3800498852,97.0000000000,10.3087749268,1.0000000000,0.7822080000,250.0000000000,0,0,0,69,0
2413,97,3,1,97,97,0,0,0,0,0,97,97,0.0155071821,1.3645427031,97.0000000000,10.3087749268,1.0000000000,0.7822080000,250.0000000000,0,0,0,69,0
2414,97,3,1,97,97,0,0,0,0,0,97,97,0.0155071821,1.3490355210,97.0000000000,10.3087749268,1.0000000000,0.7822080000,250.0000000000,0,0,0,69,0
2415,97,3,1,97,96,1,0,0,1,95,96,96,0.0163714892,1.3326640318,97.0000000000,10.0801632288,0.9896907216,0.7749440000,249.7419168353,0,0,1,71,0
2416,96,4,1,96,96,0,0,1,97,286,96,96,0.0208250260,1.3118390059,96.0000000000,9.5761568138,1.0000000000,0.8517440000,227.2232032160,0,0,0,77,0
2417,96,4,1,96,96,0,0,0,0,0,96,96,0.0148904677,1.2969485381,96.0000000000,9.5761568138,1.0000000000,0.7741440000,250.0000000000,0,0,0,77,0
2418,96,4,1,96,96,0,0,0,0,0,96,96,0.0148904677,1.2820580704,96.0000000000,9.5761568138,1.0000000000,0.7741440000,250.0000000000,0,0,0,77,0
2419,96,4,1,96,95,1,0,0,0,0,95,95,0.0147473661,1.2673107043,96.0000000000,9.5920726466,0.9895833333,0.7660800000,250.0000000000,0,0,0,76,0
2420,96,4,1,96,95,1,0,0,0,0,95,95,0.0147473661,1.2525633381,96.0000000000,9.5920726466,0.9895833333,0.7660800000,250.0000000000,0,0,0,76,0
2421,94,6,1,94,93,1,0,1,96,282,93,93,0.0201053496,1.2324579885,94.0000000000,9.5382169456,0.9893617021,0.8267520000,226.7765908035,0,0,0,75,0
2422,94,6,1,94,93,1,0,0,0,0,93,93,0.0142321540,1.2182258346,94.0000000000,9.5382169456,0.9893617021,0.7499520000,250.0000000000,0,0,0,75,0
2423,94,6,1,94,93,1,0,0,0,0,93,93,0.0142321540,1.2039936806,94.0000000000,9.5382169456,0.9893617021,0.7499520000,250.0000000000,0,0,0,75,0
2424,94,6,1,94,93,1,0,0,0,0,93,93,0.0142321540,1.1897615266,94.0000000000,9.5382169456,0.9893617021,0.7499520000,250.0000000000,0,0,0,75,0
2425,94,6,1,94,93,1,0,0,0,0,93,93,0.0142321540,1.1755293726,94.0000000000,9.5382169456,0.9893617021,0.7499520000,250.0000000000,0,0,0,75,0
2426,93,7,1,93,92,1,0,1,95,278,92,92,0.0203280212,1.1552013514,93.0000000000,10.3431128844,0.9892473118,0.8178880000,226.7694354239,0,0,0,65,0
2427,93,7,1,93,92,1,0,0,1,90,92,92,0.0158919553,1.1393093961,93.0000000000,10.1678212630,0.9892473118,0.7426880000,249.7307079150,0,0,1,67,0
2428,93,7,1,93,92,1,0,0,0,0,92,92,0.0149443525,1.1243650436,93.0000000000,10.1678212630,0.9892473118,0.7418880000,250.0000000000,0,0,0,67,0
2429,93,7,1,93,92,1,0,0,0,0,92,92,0.0149443525,1.1094206911,93.0000000000,10.1678212630,0.9892473118,0.7418880000,250.0000000000,0,0,0,67,0
2430,93,7,1,93,92,1,0,0,0,0,92,92,0.0149443525,1.0944763386,93.0000000000,10.1678212630,0.9892473118,0.7418880000,250.0000000000,0,0,0,67,0
2431,92,8,1,92,92,0,0,1,93,273,92,92,0.0197398648,1.0747364739,92.0000000000,9.3789353625,1.0000000000,0.8162880000,227.2139244972,0,0,0,76,0
2432,92,8,1,92,92,0,0,0,0,0,92,92,0.0139205442,1.0608159296,92.0000000000,9.3789353625,1.0000000000,0.7418880000,250.0000000000,0,0,0,76,0
2433,92,8,1,92,92,0,0,0,0,0,92,92,0.0139205442,1.0468953854,92.0000000000,9.3789353625,1.0000000000,0.7418880000,250.0000000000,0,0,0,76,0
2434,92,8,1,92,92,0,0,0,0,0,92,92,0.0139205442,1.0329748412,92.0000000000,9.3789353625,1.0000000000,0.7418880000,250.0000000000,0,0,0,76,0
2435,92,8,1,92,92,0,0,0,0,0,92,92,0.0139205442,1.0190542969,92.0000000000,9.3789353625,1.0000000000,0.7418880000,250.0000000000,0,0,0,76,0
2436,92,8,1,92,92,0,0,1,93,273,92,92,0.0203101289,0.9987441680,92.0000000000,10.3431067904,1.0000000000,0.8162880000,227.2139244972,0,0,0,65,0
2437,92,8,1,92,92,0,0,0,0,0,92,92,0.0150707462,0.9836734218,92.0000000000,10.3431067904,1.0000000000,0.7418880000,250.0000000000,0,0,0,65,0
2438,92,8,1,92,91,1,0,0,0,0,91,91,0.0149610610,0.9687123608,92.0000000000,10.3681511510,0.9891304348,0.7338240000,250.0000000000,0,0,0,64,0
2439,92,8,1,92,91,1,0,0,0,0,91,91,0.0149610610,0.9537512998,92.0000000000,10.3681511510,0.9891304348,0.7338240000,250.0000000000,0,0,0,64,0
2440,92,8,1,92,90,2,0,0,1,89,90,90,0.0153141452,0.9384371546,92.0000000000,10.0353635462,0.9782608696,0.7265600000,249.7247302356,0,0,1,67,0
2441,91,9,1,91,90,1,0,1,92,270,90,90,0.0206174440,0.9178197105,91.0000000000,10.8417508281,0.9890109890,0.7993600000,226.9815852682,0,0,0,58,0
2442,91,9,1,91,90,1,0,0,0,0,90,90,0.0155012304,0.9023184801,91.0000000000,10.8417508281,0.9890109890,0.7257600000,250.0000000000,0,0,0,58,0
2443,91,9,1,91,90,1,0,0,0,0,90,90,0.0155012304,0.8868172497,91.0000000000,10.8417508281,0.9890109890,0.7257600000,250.0000000000,0,0,0,58,0
2444,91,9,1,91,90,1,0,0,1,89,90,90,0.0155347619,0.8712824879,91.0000000000,10.2145664312,0.9890109890,0.7265600000,249.7247302356,0,0,1,65,0
2445,91,9,1,91,90,1,0,0,0,0,90,90,0.0146080064,0.8566744815,91.0000000000,10.2145664312,0.9890109890,0.7257600000,250.0000000000,0,0,0,65,0
2446,91,9,1,91,90,1,0,1,92,270,90,90,0.0196553798,0.8370191017,91.0000000000,9.5873585756,0.9890109890,0.7993600000,226.9815852682,0,0,0,72,0
2447,91,9,1,91,90,1,0,0,0,0,90,90,0.0140145970,0.8230045047,91.0000000000,9.5873585756,0.9890109890,0.7257600000,250.0000000000,0,0,0,72,0
2448,91,9,1,91,90,1,0,0,0,0,90,90,0.0140145970,0.8089899077,91.0000000000,9.5873585756,0.9890109890,0.7257600000,250.0000000000,0,0,0,72,0
2449,91,9,1,91,90,1,0,0,0,0,90,90,0.0140145970,0.7949753107,91.0000000000,9.5873585756,0.9890109890,0.7257600000,250.0000000000,0,0,0,72,0
2450,91,9,1,91,90,1,0,0,1,88,90,90,0.0153041452,0.7796711655,91.0000000000,10.0353635462,0.9890109890,0.7265600000,249.7247302356,0,0,1,67,0
2451,90,10,1,90,89,1,0,1,91,267,89,89,0.0192840662,0.7603870993,90.0000000000,9.4232565519,0.9888888889,0.7904960000,226.9764805894,0,0,0,73,0
2452,90,10,1,90,89,1,0,0,0,0,89,89,0.0135756124,0.7468114869,90.0000000000,9.4232565519,0.9888888889,0.7176960000,250.0000000000,0,0,0,73,0
2453,90,10,1,90,88,2,0,0,0,0,88,88,0.0134669422,0.7333445447,90.0000000000,9.4387019007,0.9777777778,0.7096320000,250.0000000000,0,0,0,72,0
2454,90,10,1,90,88,2,0,0,0,0,88,88,0.0134669422,0.7198776025,90.0000000000,9.4387019007,0.9777777778,0.7096320000,250.0000000000,0,0,0,72,0
2455,90,10,1,90,87,3,0,0,1,88,87,87,0.0143789426,0.7054986598,90.0000000000,9.4545045521,0.9666666667,0.7023680000,249.7152489863,0,0,1,71,0
2456,87,13,1,87,86,1,0,1,88,260,86,86,0.0198154343,0.6856832256,87.0000000000,11.0647079154,0.9885057471,0.7639040000,226.9604557641,0,0,0,53,0
2457,87,13,1,87,84,3,0,0,0,0,84,84,0.0145029446,0.6711802810,87.0000000000,11.0401490864,0.9655172414,0.6773760000,250.0000000000,0,0,0,52,0
2458,87,13,1,87,84,3,0,0,1,84,84,84,0.0136573632,0.6575229178,87.0000000000,9.3121604542,0.9655172414,0.6781760000,249.7050913037,0,0,1,70,0
2459,87,13,1,87,83,4,0,0,0,0,83,83,0.0126307355,0.6448921823,87.0000000000,9.3271976589,0.9540229885,0.6693120000,250.0000000000,0,0,0,69,0
2460,87,13,1,87,83,4,0,0,0,0,83,83,0.0126307355,0.6322614468,87.0000000000,9.3271976589,0.9540229885,0.6693120000,250.0000000000,0,0,0,69,0
2461,85,15,1,85,82,3,0,1,86,253,82,82,0.0186350477,0.6136263991,85.0000000000,10.6210281854,0.9647058824,0.7300480000,226.4399053213,0,0,0,55,0
2462,85,15,1,85,82,3,0,0,0,0,82,82,0.0137983217,0.5998280774,85.0000000000,10.6210281854,0.9647058824,0.6612480000,250.0000000000,0,0,0,55,0
2463,85,15,1,85,81,4,0,0,1,82,81,81,0.0138053171,0.5860227603,85.0000000000,10.0552746261,0.9529411765,0.6539840000,249.6941821207,0,0,1,60,0
2464,85,15,1,85,81,4,0,0,0,0,81,81,0.0129391159,0.5730836444,85.0000000000,10.0552746261,0.9529411765,0.6531840000,250.0000000000,0,0,0,60,0
2465,85,15,1,85,79,6,0,0,0,0,79,79,0.0125617542,0.5605218902,85.0000000000,10.0036053149,0.9294117647,0.6370560000,250.0000000000,0,0,0,59,0
2466,82,18,1,82,78,4,0,1,83,243,78,78,0.0178826188,0.5426392714,82.0000000000,10.7521615808,0.9512195122,0.6953920000,226.1285720860,0,0,0,51,0
2467,82,18,1,82,77,5,0,0,0,0,77,77,0.0129879115,0.5296513599,82.0000000000,10.7870715308,0.9390243902,0.6209280000,250.0000000000,0,0,0,50,0
2468,82,18,1,82,75,7,0,0,1,80,75,75,0.0131520480,0.5164993119,82.0000000000,10.4296108603,0.9146341463,0.6056000000,249.6697490092,0,0,1,52,0
2469,82,18,1,82,75,7,0,0,0,0,75,75,0.0123047825,0.5041945294,82.0000000000,10.4296108603,0.9146341463,0.6048000000,250.0000000000,0,0,0,52,0
2470,82,18,1,82,75,7,0,0,1,80,75,75,0.0130049547,0.4911895746,82.0000000000,10.3220815238,0.9146341463,0.6056000000,249.6697490092,0,0,1,53,0
2471,80,20,1,80,75,5,0,1,81,238,75,75,0.0169817155,0.4742078591,80.0000000000,10.1070429521,0.9375000000,0.6696000000,225.8064516129,0,0,0,55,0
2472,80,20,1,80,73,7,0,0,1,75,73,73,0.0120626952,0.4621451639,80.0000000000,9.7211409806,0.9125000000,0.5894720000,249.6607133163,0,0,1,57,0
2473,80,20,1,80,73,7,0,0,0,0,73,73,0.0112726165,0.4508725474,80.0000000000,9.7211409806,0.9125000000,0.5886720000,250.0000000000,0,0,0,57,0
2474,80,20,1,80,73,7,0,0,0,0,73,73,0.0112726165,0.4395999310,80.0000000000,9.7211409806,0.9125000000,0.5886720000,250.0000000000,0,0,0,57,0
2475,80,20,1,80,72,8,0,0,1,73,72,72,0.0119525087,0.4276474223,80.0000000000,9.6321603449,0.9000000000,0.5814080000,249.6560074853,0,0,1,57,0
2476,73,27,1,73,71,2,0,1,74,216,71,71,0.0159278201,0.4117196022,73.0000000000,10.4492851593,0.9726027397,0.6317440000,226.5727889778,0,0,0,49,0
2477,73,27,1,73,70,3,0,0,1,71,70,70,0.0123045419,0.3994150603,73.0000000000,10.5985491870,0.9589041096,0.5652800000,249.6461930371,0,0,1,47,0
2478,73,27,1,73,69,4,0,0,0,0,69,69,0.0114420061,0.3879730542,73.0000000000,10.6352800349,0.9452054795,0.5564160000,250.0000000000,0,0,0,46,0
2479,73,27,1,73,69,4,0,0,1,71,69,69,0.0128707226,0.3751023317,73.0000000000,11.3364965983,0.9452054795,0.5572160000,249.6410727617,0,0,1,40,0
2480,73,27,1,73,68,5,0,0,1,70,68,68,0.0121015143,0.3630008174,73.0000000000,10.6731038058,0.9315068493,0.5491520000,249.6358021094,0,0,1,45,0
2481,70,30,1,70,67,3,0,1,71,208,67,67,0.0151563166,0.3478445008,70.0000000000,10.4713191136,0.9571428571,0.5970880000,226.2179109277,0,0,0,46,0
2482,70,30,1,70,65,5,0,0,1,66,65,65,0.0110568138,0.3367876870,70.0000000000,10.1732065164,0.9285714286,0.5249600000,249.6190185919,0,0,1,47,0
2483,70,30,1,70,65,5,0,0,1,66,65,65,0.0105829207,0.3262047663,70.0000000000,9.4288314952,0.9285714286,0.5249600000,249.6190185919,0,0,1,53,0
2484,70,30,1,70,64,6,0,0,1,66,64,64,0.0108864655,0.3153183008,70.0000000000,10.0801576744,0.9142857143,0.5168960000,249.6130749706,0,0,1,47,0
2485,70,30,1,70,63,7,0,0,1,66,63,63,0.0112456363,0.3040726644,70.0000000000,10.7521586424,0.9000000000,0.5088320000,249.6069429596,0,0,1,41,0
2486,66,34,1,66,63,3,0,1,68,260,63,63,0.0150780590,0.2889946054,66.0000000000,10.4961536930,0.9545454545,0.5624320000,225.8192990442,0,0,1,43,0
2487,66,34,1,66,62,4,0,0,1,62,62,62,0.0112883979,0.2777062075,66.0000000000,11.0556321337,0.9393939394,0.5007680000,249.6006134577,0,0,1,38,0
2488,66,34,1,66,61,5,0,0,1,62,61,61,0.0109014909,0.2668047166,66.0000000000,10.8402793910,0.9242424242,0.4927040000,249.5940767682,0,0,1,39,0
2489,66,34,1,66,60,6,0,0,0,0,60,60,0.0100254195,0.2567792971,66.0000000000,10.7521474429,0.9090909091,0.4838400000,250.0000000000,0,0,0,39,0
2490,66,34,1,66,59,7,0,0,0,0,59,59,0.0097887510,0.2469905461,66.0000000000,10.6610278407,0.8939393939,0.4757760000,250.0000000000,0,0,0,39,0
2491,61,39,1,61,59,2,0,1,65,242,59,59,0.0153838946,0.2316066515,61.0000000000,12.0277982406,0.9672131148,0.5277760000,225.3683380828,0,0,1,29,0
2492,61,39,1,61,59,2,0,0,0,0,59,59,0.0110486927,0.2205579588,61.0000000000,12.0277982406,0.9672131148,0.4757760000,250.0000000000,0,0,0,29,0
2493,60,40,1,61,29,32,0,0,0,0,32,32,0.0046862307,0.2158717282,1.0000000000,8.0641317595,0.4754098361,0.2580480000,226.5625000000,0,1,0,29,0
2494,60,40,0,60,55,5,0,0,0,0,55,55,0.0075338755,0.2083378527,0.0000000000,8.0641350121,0.9166666667,0.4435200000,250.0000000000,0,0,0,55,0
2495,60,40,0,60,55,5,0,0,0,0,55,55,0.0075338755,0.2008039772,0.0000000000,8.0641350121,0.9166666667,0.4435200000,250.0000000000,0,0,0,55,0
2496,58,42,1,58,54,4,0,1,59,171,54,54,0.0117081548,0.1890958224,58.0000000000,9.4081497829,0.9310344828,0.4826560000,225.5519458994,0,0,0,44,0
2497,58,42,1,58,52,6,0,0,0,0,52,52,0.0078526258,0.1812431966,58.0000000000,9.4598422100,0.8965517241,0.4193280000,250.0000000000,0,0,0,42,0
2498,57,43,1,58,43,15,0,0,0,0,52,52,0.0078457156,0.1733974810,51.0000000000,11.4397857254,0.7413793103,0.4193280000,206.7307692308,1,0,0,42,0
2499,57,43,1,57,51,6,0,0,0,0,51,51,0.0088452009,0.1645522801,57.0000000000,11.2264969607,0.8947368421,0.4112640000,250.0000000000,0,0,0,30,0
2500,57,43,1,57,51,6,0,0,0,0,51,51,0.0088452009,0.1557070792,57.0000000000,11.2264969607,0.8947368421,0.4112640000,250.0000000000,0,0,0,30,0
2501,55,45,1,55,50,5,0,1,58,166,50,50,0.0115276159,0.1441794633,55.0000000000,10.6446229902,0.9090909091,0.4496000000,224.1992882562,0,0,0,33,0
2502,55,45,1,55,50,5,0,0,0,0,50,50,0.0083311676,0.1358482957,55.0000000000,10.6446229902,0.9090909091,0.4032000000,250.0000000000,0,0,0,33,0
2503,54,46,1,55,34,21,0,0,0,0,40,40,0.0060259361,0.1298223596,48.0000000000,10.4359389712,0.6181818182,0.3225600000,212.5000000000,1,0,0,33,0
2504,54,46,1,54,48,6,0,0,0,0,48,48,0.0073260910,0.1224962686,54.0000000000,9.4081561722,0.8888888889,0.3870720000,250.0000000000,0,0,0,39,0
2505,54,46,1,54,48,6,0,0,0,0,48,48,0.0073260910,0.1151701776,54.0000000000,9.4081561722,0.8888888889,0.3870720000,250.0000000000,0,0,0,39,0
2506,51,49,1,51,47,4,0,1,53,152,47,47,0.0109751507,0.1041950268,51.0000000000,10.9809282727,0.9215686275,0.4214080000,224.8462297821,0,0,0,29,0
2507,50,50,1,51,30,21,0,0,0,0,45,45,0.0074322735,0.0967627534,46.0000000000,16.1282274668,0.5882352941,0.3628800000,166.6666666667,1,0,0,29,0
2508,50,50,1,50,45,5,0,0,0,0,45,45,0.0073616376,0.0894011158,50.0000000000,10.3937512022,0.9000000000,0.3628800000,250.0000000000,0,0,0,31,0
2509,50,50,1,50,43,7,0,0,0,0,43,43,0.0069673229,0.0824337929,50.0000000000,10.3145677588,0.8600000000,0.3467520000,250.0000000000,0,0,0,30,0
2510,49,51,1,50,28,22,0,0,0,0,39,39,0.0062599009,0.0761738920,1.0000000000,8.0641263417,0.5600000000,0.3144960000,179.4871794872,0,1,0,28,0
2511,45,55,1,45,40,5,0,1,47,135,40,40,0.0094158967,0.0667579953,45.0000000000,10.6849615014,0.8888888889,0.3601600000,223.9004886717,0,0,0,26,0
2512,44,56,1,45,27,18,0,0,0,0,36,36,0.0056330899,0.0611249054,37.0000000000,13.4402087103,0.6000000000,0.2903040000,187.5000000000,1,0,0,26,0
2513,44,56,1,44,34,10,0,0,0,0,34,34,0.0051520704,0.0559728350,44.0000000000,9.4872094142,0.7727272727,0.2741760000,250.0000000000,0,0,0,27,0
2514,44,56,1,44,34,10,0,0,0,0,34,34,0.0051520704,0.0508207646,44.0000000000,9.4872094142,0.7727272727,0.2741760000,250.0000000000,0,0,0,27,0
2515,44,56,1,44,32,12,0,0,0,0,32,32,0.0048871768,0.0459335879,44.0000000000,9.5761517704,0.7272727273,0.2580480000,250.0000000000,0,0,0,25,0
2516,39,61,1,39,31,8,0,1,40,116,31,31,0.0076205528,0.0383130351,39.0000000000,10.9255808031,0.7948717949,0.2819840000,221.6295960054,0,0,0,19,0
2517,38,62,1,39,19,20,0,0,0,0,23,23,0.0035456180,0.0347674171,32.0000000000,11.4595493986,0.4871794872,0.1854720000,206.5217391304,1,0,0,18,0
2518,38,62,1,38,25,13,0,0,0,0,25,25,0.0042702532,0.0304971639,38.0000000000,10.9672115382,0.6578947368,0.2016000000,250.0000000000,0,0,0,15,0
2519,37,63,1,38,15,23,0,0,0,0,24,24,0.0040878964,0.0264092675,1.0000000000,8.0641315310,0.3947368421,0.1935360000,156.2500000000,0,1,0,15,0
2520,37,63,0,37,23,14,0,0,0,0,23,23,0.0032243491,0.0231849184,0.0000000000,8.0641419936,0.6216216216,0.1854720000,250.0000000000,0,0,0,23,0
2521,30,70,1,30,21,9,0,1,32,90,21,21,0.0052517504,0.0179331679,30.0000000000,9.6001489169,0.7000000000,0.1949440000,217.1700590939,0,0,0,16,0
2522,29,71,1,30,15,15,0,0,0,0,19,19,0.0029955706,0.0149375974,26.0000000000,12.3649509355,0.5000000000,0.1532160000,197.3684210526,1,0,0,14,0
2523,29,71,1,29,17,12,0,0,0,0,17,17,0.0027194618,0.0122181356,29.0000000000,9.9615508157,0.5862068966,0.1370880000,250.0000000000,0,0,0,12,0
2524,29,71,1,29,17,12,0,0,0,0,17,17,0.0027194618,0.0094986737,29.0000000000,9.9615508157,0.5862068966,0.1370880000,250.0000000000,0,0,0,12,0
2525,28,72,1,29,11,18,0,0,0,0,12,12,0.0017810732,0.0077176005,1.0000000000,8.0641368126,0.3793103448,0.0967680000,229.1666666667,0,1,0,11,0
2526,17,83,1,18,9,9,0,1,23,61,14,14,0.0038638618,0.0038537387,14.0000000000,17.0242866787,0.5000000000,0.1312960000,138.1915671460,1,0,0,8,0
2527,16,84,1,17,8,9,0,0,0,0,10,10,0.0016893147,0.0021644241,1.0000000000,8.0641350772,0.4705882353,0.0806400000,200.0000000000,0,1,0,8,0
2528,16,84,0,16,5,11,0,0,0,0,5,5,0.0006704749,0.0014939492,0.0000000000,8.0641298885,0.3125000000,0.0403200000,250.0000000000,0,0,0,5,0
2529,16,84,0,16,4,12,0,0,0,0,4,4,0.0005324505,0.0009614987,0.0000000000,8.0641265520,0.2500000000,0.0322560000,250.0000000000,0,0,0,4,0
2530,16,84,0,16,1,15,0,0,0,0,1,1,0.0001116489,0.0008498498,0.0000000000,8.0640773262,0.0625000000,0.0080640000,250.0000000000,0,0,0,1,0
2531,8,92,0,8,0,8,0,1,3,10,0,0,0.0005290675,0.0003207823,0.0000000000,0.0000000000,0.0000000000,0.0024000000,0.0000000000,1,0,0,0,0
2532,8,92,0,8,0,8,0,0,0,0,0,0,0.0000000000,0.0003207823,0.0000000000,0.0000000000,0.0000000000,0.0000000000,0.0000000000,0,0,0,0,0
2533,8,92,0,8,0,8,0,0,0,0,0,0,0.0000000000,0.0003207823,0.0000000000,0.0000000000,0.0000000000,0.0000000000,0.0000000000,0,0,0,0,0
2534,8,92,0,8,0,8,0,0,0,0,0,0,0.0000000000,0.0003207823,0.0000000000,0.0000000000,0.0000000000,0.0000000000,0.0000000000,0,0,0,0,0
2535,8,92,0,8,0,8,0,0,0,0,0,0,0.0000000000,0.0003207823,0.0000000000,0.0000000000,0.0000000000,0.0000000000,0.0000000000,0,0,0,0,0
2536,6,94,0,6,0,6,0,1,0,0,0,0,0.0001707341,0.0001500482,0.0000000000,0.0000000000,0.0000000000,0.0000000000,0.0000000000,1,1,0,0,0
2537,6,94,0,6,0,6,0,0,0,0,0,0,0.0000000000,0.0001500482,0.0000000000,0.0000000000,0.0000000000,0.0000000000,0.0000000000,0,0,0,0,0
2538,6,94,0,6,0,6,0,0,0,0,0,0,0.0000000000,0.0001500482,0.0000000000,0.0000000000,0.0000000000,0.0000000000,0.0000000000,0,0,0,0,0
2539,6,94,0,6,0,6,0,0,0,0,0,0,0.0000000000,0.0001500482,0.0000000000,0.0000000000,0.0000000000,0.0000000000,0.0000000000,0,0,0,0,0
2540,6,94,0,6,0,6,0,0,0,0,0,0,0.0000000000,0.0001500482,0.0000000000,0.0000000000,0.0000000000,0.0000000000,0.0000000000,0,0,0,0,0
2541,0,100,0,0,0,0,0,1,2,1,0,0,0.0001500482,0.0000000000,0.0000000000,0.0000000000,0.0000000000,0.0016000000,0.0000000000,1,1,0,0,0
