Round,Alive,Dead,CH_Count,Generated,Delivered,Lost,Unclustered,LEACH_Epoch,Control_TX,Control_RX,Data_TX,Data_RX,Energy_Used_J,Residual_Energy_J,Avg_Cluster_Size,Avg_Delay_ms,PDR,Round_Duration_s,Throughput_kbps
1,100,0,6,100,100,0,0,1,105,782,100,100,0.0758299098,47.6941700902,16.6666666667,16.3272682061,1.0000000000,0.9692800000,217.0683393859
2,100,0,9,100,100,0,0,1,108,1073,100,100,0.0832648078,47.6109052824,11.1111111111,16.0747548215,1.0000000000,0.9729280000,216.2544402052
3,100,0,2,100,100,0,0,1,102,394,100,100,0.0643645109,47.5465407715,50.0000000000,16.6638505395,1.0000000000,0.9656320000,217.8883881230
4,100,0,5,100,100,0,0,1,105,685,100,100,0.0714404159,47.4751003557,20.0000000000,16.4114015726,1.0000000000,0.9692800000,217.0683393859
5,100,0,4,100,100,0,0,1,104,588,100,100,0.0695260543,47.4055743014,25.0000000000,16.4956084352,1.0000000000,0.9680640000,217.3410022478
6,100,0,9,100,100,0,0,1,109,1073,100,100,0.0830645376,47.3225097638,11.1111111111,16.0747378696,1.0000000000,0.9741440000,215.9844951054
7,100,0,3,100,100,0,0,1,103,491,100,100,0.0662029907,47.2563067731,33.3333333333,16.5797008135,1.0000000000,0.9668480000,217.6143509631
8,100,0,4,100,100,0,0,1,104,588,100,100,0.0692768381,47.1870299350,25.0000000000,16.4955501999,1.0000000000,0.9680640000,217.3410022478
9,100,0,4,100,100,0,0,1,104,588,100,100,0.0707556263,47.1162743087,25.0000000000,16.4956106374,1.0000000000,0.9680640000,217.3410022478
10,100,0,4,100,100,0,0,1,104,588,100,100,0.0696027357,47.0466715730,25.0000000000,16.4955235536,1.0000000000,0.9680640000,217.3410022478
11,100,0,10,100,100,0,0,1,110,1170,100,100,0.0860845092,46.9605870638,10.0000000000,15.9905653590,1.0000000000,0.9753600000,215.7152230971
12,100,0,3,100,100,0,0,1,103,491,100,100,0.0668712239,46.8937158399,33.3333333333,16.5797350748,1.0000000000,0.9668480000,217.6143509631
13,100,0,8,100,100,0,0,1,108,976,100,100,0.0801932383,46.8135226016,12.5000000000,16.1589057193,1.0000000000,0.9729280000,216.2544402052
14,100,0,7,100,100,0,0,1,107,879,100,100,0.0771732633,46.7363493383,14.2857142857,16.2430433151,1.0000000000,0.9717120000,216.5250609234
15,100,0,6,100,100,0,0,1,106,782,100,100,0.0746034562,46.6617458821,16.6666666667,16.3272097520,1.0000000000,0.9704960000,216.7963597995
16,100,0,2,100,100,0,0,1,102,394,100,100,0.0652201325,46.5965257496,50.0000000000,16.6639182911,1.0000000000,0.9656320000,217.8883881230
17,100,0,4,100,100,0,0,1,104,588,100,100,0.0703889216,46.5261368280,25.0000000000,16.4955870581,1.0000000000,0.9680640000,217.3410022478
18,100,0,3,100,100,0,0,1,103,491,100,100,0.0665166614,46.4596201666,33.3333333333,16.5797041982,1.0000000000,0.9668480000,217.6143509631
19,100,0,2,100,100,0,0,1,102,394,100,100,0.0660203762,46.3935997904,50.0000000000,16.6639804415,1.0000000000,0.9656320000,217.8883881230
20,100,0,5,100,100,0,0,1,105,685,100,100,0.0718255174,46.3217742730,20.0000000000,16.4114161020,1.0000000000,0.9692800000,217.0683393859
21,100,0,4,100,100,0,0,2,104,588,100,100,0.0686375256,46.2531367474,25.0000000000,16.4955339781,1.0000000000,0.9680640000,217.3410022478
22,100,0,5,100,100,0,0,2,105,685,100,100,0.0719576299,46.1811791175,20.0000000000,16.4113817904,1.0000000000,0.9692800000,217.0683393859
23,100,0,4,100,100,0,0,2,104,588,100,100,0.0693439358,46.1118351817,25.0000000000,16.4955512822,1.0000000000,0.9680640000,217.3410022478
24,100,0,7,100,100,0,0,2,107,879,100,100,0.0774282634,46.0344069184,14.2857142857,16.2430696407,1.0000000000,0.9717120000,216.5250609234
25,100,0,4,100,100,0,0,2,104,588,100,100,0.0689707621,45.9654361562,25.0000000000,16.4955587615,1.0000000000,0.9680640000,217.3410022478
26,100,0,6,100,100,0,0,2,106,782,100,100,0.0742055798,45.8912305764,16.6666666667,16.3272321818,1.0000000000,0.9704960000,216.7963597995
27,100,0,5,100,100,0,0,2,105,685,100,100,0.0720948572,45.8191357192,20.0000000000,16.4114023249,1.0000000000,0.9692800000,217.0683393859
28,100,0,7,100,100,0,0,2,107,879,100,100,0.0772344973,45.7419012220,14.2857142857,16.2430476275,1.0000000000,0.9717120000,216.5250609234
29,100,0,5,100,100,0,0,2,105,685,100,100,0.0722412568,45.6696599651,20.0000000000,16.4114214509,1.0000000000,0.9692800000,217.0683393859
30,100,0,4,100,100,0,0,2,104,588,100,100,0.0690212912,45.6006386740,25.0000000000,16.4955557993,1.0000000000,0.9680640000,217.3410022478
31,100,0,6,100,100,0,0,2,106,782,100,100,0.0747534534,45.5258852206,16.6666666667,16.3272326626,1.0000000000,0.9704960000,216.7963597995
32,100,0,7,100,100,0,0,2,107,879,100,100,0.0775390055,45.4483462151,14.2857142857,16.2430944477,1.0000000000,0.9717120000,216.5250609234
33,100,0,4,100,100,0,0,2,104,588,100,100,0.0691269236,45.3792192915,25.0000000000,16.4955536663,1.0000000000,0.9680640000,217.3410022478
34,100,0,5,100,100,0,0,2,105,685,100,100,0.0714313683,45.3077879232,20.0000000000,16.4114222468,1.0000000000,0.9692800000,217.0683393859
35,100,0,5,100,100,0,0,2,105,685,100,100,0.0716331706,45.2361547525,20.0000000000,16.4113926048,1.0000000000,0.9692800000,217.0683393859
36,100,0,4,100,100,0,0,2,104,588,100,100,0.0693714161,45.1667833364,25.0000000000,16.4955558859,1.0000000000,0.9680640000,217.3410022478
37,100,0,4,100,100,0,0,2,104,588,100,100,0.0703410564,45.0964422800,25.0000000000,16.4956218932,1.0000000000,0.9680640000,217.3410022478
38,100,0,5,100,100,0,0,2,105,685,100,100,0.0718559238,45.0245863562,20.0000000000,16.4113882244,1.0000000000,0.9692800000,217.0683393859
39,100,0,7,100,100,0,0,2,107,879,100,100,0.0769258083,44.9476605479,14.2857142857,16.2430663168,1.0000000000,0.9717120000,216.5250609234
40,100,0,2,100,100,0,0,2,102,394,100,100,0.0645508382,44.8831097097,50.0000000000,16.6638478202,1.0000000000,0.9656320000,217.8883881230
41,100,0,10,100,100,0,0,3,110,1170,100,100,0.0856287285,44.7974809812,10.0000000000,15.9905644242,1.0000000000,0.9753600000,215.7152230971
42,100,0,5,100,100,0,0,3,105,685,100,100,0.0711362918,44.7263446894,20.0000000000,16.4113752997,1.0000000000,0.9692800000,217.0683393859
43,100,0,2,100,100,0,0,3,102,394,100,100,0.0654676065,44.6608770829,50.0000000000,16.6638745720,1.0000000000,0.9656320000,217.8883881230
44,100,0,2,100,100,0,0,3,102,394,100,100,0.0643852252,44.5964918576,50.0000000000,16.6638942889,1.0000000000,0.9656320000,217.8883881230
45,100,0,4,100,100,0,0,3,104,588,100,100,0.0688018632,44.5276899945,25.0000000000,16.4955615369,1.0000000000,0.9680640000,217.3410022478
46,100,0,3,100,100,0,0,3,103,491,100,100,0.0673800250,44.4603099695,33.3333333333,16.5797009953,1.0000000000,0.9668480000,217.6143509631
47,100,0,9,100,100,0,0,3,109,1073,100,100,0.0826803468,44.3776296227,11.1111111111,16.0747481626,1.0000000000,0.9741440000,215.9844951054
48,100,0,5,100,100,0,0,3,104,685,100,100,0.0746370506,44.3029925721,20.0000000000,16.4114596928,1.0000000000,0.9680640000,217.3410022478
49,100,0,6,100,100,0,0,3,106,782,100,100,0.0743580902,44.2286344819,16.6666666667,16.3272167404,1.0000000000,0.9704960000,216.7963597995
50,100,0,5,100,100,0,0,3,105,685,100,100,0.0726590967,44.1559753851,20.0000000000,16.4114285766,1.0000000000,0.9692800000,217.0683393859
51,100,0,10,100,100,0,0,3,110,1170,100,100,0.0857540193,44.0702213658,10.0000000000,15.9905799425,1.0000000000,0.9753600000,215.7152230971
52,100,0,3,100,100,0,0,3,103,491,100,100,0.0671044029,44.0031169629,33.3333333333,16.5797220641,1.0000000000,0.9668480000,217.6143509631
53,100,0,1,100,100,0,0,3,101,297,100,100,0.0633493317,43.9397676312,100.0000000000,16.7480322231,1.0000000000,0.9644160000,218.1631163315
54,100,0,1,100,100,0,0,3,101,297,100,100,0.0729092640,43.8668583672,100.0000000000,16.7482413507,1.0000000000,0.9644160000,218.1631163315
55,100,0,4,100,100,0,0,3,104,588,100,100,0.0697588386,43.7970995286,25.0000000000,16.4955239347,1.0000000000,0.9680640000,217.3410022478
56,100,0,4,100,100,0,0,3,104,588,100,100,0.0696764531,43.7274230756,25.0000000000,16.4955710408,1.0000000000,0.9680640000,217.3410022478
57,100,0,6,100,100,0,0,3,106,782,100,100,0.0748904447,43.6525326309,16.6666666667,16.3272334236,1.0000000000,0.9704960000,216.7963597995
58,100,0,4,100,100,0,0,3,104,588,100,100,0.0707581499,43.5817744809,25.0000000000,16.4955490427,1.0000000000,0.9680640000,217.3410022478
59,100,0,10,100,100,0,0,3,110,1170,100,100,0.0856109556,43.4961635254,10.0000000000,15.9905769549,1.0000000000,0.9753600000,215.7152230971
60,100,0,6,100,100,0,0,3,106,782,100,100,0.0744720840,43.4216914414,16.6666666667,16.3272362652,1.0000000000,0.9704960000,216.7963597995
61,100,0,2,100,100,0,0,4,102,394,100,100,0.0640422707,43.3576491706,50.0000000000,16.6638769780,1.0000000000,0.9656320000,217.8883881230
62,100,0,2,100,100,0,0,4,102,394,100,100,0.0650095822,43.2926395884,50.0000000000,16.6638913573,1.0000000000,0.9656320000,217.8883881230
63,100,0,3,100,100,0,0,4,103,491,100,100,0.0700782474,43.2225613411,33.3333333333,16.5798314446,1.0000000000,0.9668480000,217.6143509631
64,100,0,3,100,100,0,0,4,103,491,100,100,0.0667411755,43.1558201656,33.3333333333,16.5797517396,1.0000000000,0.9668480000,217.6143509631
65,100,0,8,100,100,0,0,4,108,976,100,100,0.0804890357,43.0753311299,12.5000000000,16.1588914213,1.0000000000,0.9729280000,216.2544402052
66,100,0,4,100,100,0,0,4,104,588,100,100,0.0689268172,43.0064043128,25.0000000000,16.4955965077,1.0000000000,0.9680640000,217.3410022478
67,100,0,2,100,100,0,0,4,102,394,100,100,0.0650685737,42.9413357391,50.0000000000,16.6639605783,1.0000000000,0.9656320000,217.8883881230
68,100,0,10,100,100,0,0,4,110,1170,100,100,0.0858728911,42.8554628480,10.0000000000,15.9905792819,1.0000000000,0.9753600000,215.7152230971
69,100,0,3,100,100,0,0,4,103,491,100,100,0.0670901114,42.7883727365,33.3333333333,16.5797637240,1.0000000000,0.9668480000,217.6143509631
70,100,0,6,100,100,0,0,4,106,782,100,100,0.0739849052,42.7143878313,16.6666666667,16.3272164760,1.0000000000,0.9704960000,216.7963597995
71,100,0,4,100,100,0,0,4,104,588,100,100,0.0702742139,42.6441136174,25.0000000000,16.4955734470,1.0000000000,0.9680640000,217.3410022478
72,100,0,6,100,100,0,0,4,106,782,100,100,0.0747981193,42.5693154981,16.6666666667,16.3272166753,1.0000000000,0.9704960000,216.7963597995
73,100,0,8,100,100,0,0,4,108,976,100,100,0.0801522560,42.4891632421,12.5000000000,16.1589189513,1.0000000000,0.9729280000,216.2544402052
74,100,0,4,100,100,0,0,4,104,588,100,100,0.0691022452,42.4200609969,25.0000000000,16.4955324312,1.0000000000,0.9680640000,217.3410022478
75,100,0,5,100,100,0,0,4,105,685,100,100,0.0719196818,42.3481413151,20.0000000000,16.4113746411,1.0000000000,0.9692800000,217.0683393859
76,100,0,4,100,100,0,0,4,104,588,100,100,0.0694757565,42.2786655586,25.0000000000,16.4955534890,1.0000000000,0.9680640000,217.3410022478
77,100,0,6,100,100,0,0,4,106,782,100,100,0.0749241159,42.2037414428,16.6666666667,16.3272488157,1.0000000000,0.9704960000,216.7963597995
78,100,0,6,100,100,0,0,4,106,782,100,100,0.0751154327,42.1286260101,16.6666666667,16.3272307395,1.0000000000,0.9704960000,216.7963597995
79,100,0,7,100,100,0,0,4,106,879,100,100,0.0769099888,42.0517160213,14.2857142857,16.2430564784,1.0000000000,0.9704960000,216.7963597995
80,100,0,7,100,100,0,0,4,107,879,100,100,0.0779143328,41.9738016885,14.2857142857,16.2430743828,1.0000000000,0.9717120000,216.5250609234
81,100,0,5,100,100,0,0,5,105,685,100,100,0.0719479250,41.9018537635,20.0000000000,16.4113930282,1.0000000000,0.9692800000,217.0683393859
82,100,0,5,100,100,0,0,5,105,685,100,100,0.0716946288,41.8301591347,20.0000000000,16.4114007811,1.0000000000,0.9692800000,217.0683393859
83,100,0,8,100,100,0,0,5,108,976,100,100,0.0806406235,41.7495185111,12.5000000000,16.1588943899,1.0000000000,0.9729280000,216.2544402052
84,100,0,5,100,100,0,0,5,105,685,100,100,0.0715984020,41.6779201091,20.0000000000,16.4113881061,1.0000000000,0.9692800000,217.0683393859
85,100,0,6,100,100,0,0,5,106,782,100,100,0.0740423564,41.6038777527,16.6666666667,16.3272115714,1.0000000000,0.9704960000,216.7963597995
86,100,0,6,100,100,0,0,5,106,782,100,100,0.0741870614,41.5296906913,16.6666666667,16.3272376645,1.0000000000,0.9704960000,216.7963597995
87,100,0,3,100,100,0,0,5,103,491,100,100,0.0669807709,41.4627099204,33.3333333333,16.5797222840,1.0000000000,0.9668480000,217.6143509631
88,100,0,5,100,100,0,0,5,105,685,100,100,0.0720449109,41.3906650095,20.0000000000,16.4113690311,1.0000000000,0.9692800000,217.0683393859
89,100,0,6,100,100,0,0,5,106,782,100,100,0.0770673933,41.3135976162,16.6666666667,16.3272801807,1.0000000000,0.9704960000,216.7963597995
90,100,0,4,100,100,0,0,5,104,588,100,100,0.0701473392,41.2434502770,25.0000000000,16.4956393880,1.0000000000,0.9680640000,217.3410022478
91,100,0,4,100,100,0,0,5,104,588,100,100,0.0688741363,41.1745761408,25.0000000000,16.4955780603,1.0000000000,0.9680640000,217.3410022478
92,100,0,6,100,100,0,0,5,106,782,100,100,0.0742310725,41.1003450682,16.6666666667,16.3272222778,1.0000000000,0.9704960000,216.7963597995
93,100,0,5,100,100,0,0,5,105,685,100,100,0.0720852116,41.0282598567,20.0000000000,16.4114239558,1.0000000000,0.9692800000,217.0683393859
94,100,0,6,100,100,0,0,5,106,782,100,100,0.0750482641,40.9532115926,16.6666666667,16.3272180845,1.0000000000,0.9704960000,216.7963597995
95,100,0,6,100,100,0,0,5,106,782,100,100,0.0747850427,40.8784265499,16.6666666667,16.3272113959,1.0000000000,0.9704960000,216.7963597995
96,100,0,2,100,100,0,0,5,102,394,100,100,0.0650453889,40.8133811611,50.0000000000,16.6639688694,1.0000000000,0.9656320000,217.8883881230
97,100,0,6,100,100,0,0,5,106,782,100,100,0.0743010924,40.7390800687,16.6666666667,16.3272146859,1.0000000000,0.9704960000,216.7963597995
98,100,0,7,100,100,0,0,5,107,879,100,100,0.0773382925,40.6617417762,14.2857142857,16.2430597131,1.0000000000,0.9717120000,216.5250609234
99,100,0,5,100,100,0,0,5,105,685,100,100,0.0724973679,40.5892444082,20.0000000000,16.4114184661,1.0000000000,0.9692800000,217.0683393859
100,100,0,0,100,100,0,100,5,0,0,100,100,0.0278413457,40.5614030625,0.0000000000,8.4161324089,1.0000000000,0.8416000000,250.0000000000
101,100,0,3,100,100,0,0,6,103,491,100,100,0.0671580129,40.4942450496,33.3333333333,16.5797094571,1.0000000000,0.9668480000,217.6143509631
102,100,0,7,100,100,0,0,6,106,879,100,100,0.0778003113,40.4164447384,14.2857142857,16.2430867686,1.0000000000,0.9704960000,216.7963597995
103,100,0,8,100,100,0,0,6,108,976,100,100,0.0803898460,40.3360548924,12.5000000000,16.1588889068,1.0000000000,0.9729280000,216.2544402052
104,100,0,2,100,100,0,0,6,102,394,100,100,0.0641144279,40.2719404645,50.0000000000,16.6638850966,1.0000000000,0.9656320000,217.8883881230
105,100,0,5,100,100,0,0,6,105,685,100,100,0.0714307197,40.2005097447,20.0000000000,16.4113870137,1.0000000000,0.9692800000,217.0683393859
106,100,0,1,100,100,0,0,6,101,297,100,100,0.0765124446,40.1239973002,100.0000000000,16.7482816917,1.0000000000,0.9644160000,218.1631163315
107,100,0,2,100,100,0,0,6,102,394,100,100,0.0647203923,40.0592769078,50.0000000000,16.6638668600,1.0000000000,0.9656320000,217.8883881230
108,100,0,4,100,100,0,0,6,104,588,100,100,0.0685653146,39.9907115932,25.0000000000,16.4955856865,1.0000000000,0.9680640000,217.3410022478
109,100,0,5,100,100,0,0,6,105,685,100,100,0.0720361124,39.9186754808,20.0000000000,16.4113936825,1.0000000000,0.9692800000,217.0683393859
110,100,0,4,100,100,0,0,6,104,588,100,100,0.0693952408,39.8492802400,25.0000000000,16.4956095028,1.0000000000,0.9680640000,217.3410022478
111,100,0,8,100,100,0,0,6,108,976,100,100,0.0802129881,39.7690672519,12.5000000000,16.1589301797,1.0000000000,0.9729280000,216.2544402052
112,100,0,7,100,100,0,0,6,107,879,100,100,0.0771098236,39.6919574283,14.2857142857,16.2430426892,1.0000000000,0.9717120000,216.5250609234
113,100,0,6,100,100,0,0,6,106,782,100,100,0.0751353633,39.6168220650,16.6666666667,16.3272263147,1.0000000000,0.9704960000,216.7963597995
114,100,0,4,100,100,0,0,6,104,588,100,100,0.0690846475,39.5477374176,25.0000000000,16.4955275034,1.0000000000,0.9680640000,217.3410022478
115,100,0,5,100,100,0,0,6,105,685,100,100,0.0729685634,39.4747688542,20.0000000000,16.4114276316,1.0000000000,0.9692800000,217.0683393859
116,100,0,8,100,100,0,0,6,108,976,100,100,0.0796851667,39.3950836875,12.5000000000,16.1588958192,1.0000000000,0.9729280000,216.2544402052
117,100,0,4,100,100,0,0,6,104,588,100,100,0.0695685064,39.3255151811,25.0000000000,16.4956003077,1.0000000000,0.9680640000,217.3410022478
118,100,0,5,100,100,0,0,6,105,685,100,100,0.0725253485,39.2529898326,20.0000000000,16.4113972310,1.0000000000,0.9692800000,217.0683393859
119,100,0,6,100,100,0,0,6,106,782,100,100,0.0753450258,39.1776448068,16.6666666667,16.3272539686,1.0000000000,0.9704960000,216.7963597995
120,100,0,6,100,100,0,0,6,106,782,100,100,0.0743174127,39.1033273941,16.6666666667,16.3272227851,1.0000000000,0.9704960000,216.7963597995
121,100,0,5,100,100,0,0,7,105,685,100,100,0.0729119553,39.0304154388,20.0000000000,16.4114251053,1.0000000000,0.9692800000,217.0683393859
122,100,0,5,100,100,0,0,7,105,685,100,100,0.0752230882,38.9551923506,20.0000000000,16.4114827903,1.0000000000,0.9692800000,217.0683393859
123,100,0,8,100,100,0,0,7,108,976,100,100,0.0801325724,38.8750597782,12.5000000000,16.1588897857,1.0000000000,0.9729280000,216.2544402052
124,100,0,6,100,100,0,0,7,106,782,100,100,0.0743516879,38.8007080903,16.6666666667,16.3272480124,1.0000000000,0.9704960000,216.7963597995
125,100,0,9,100,100,0,0,7,109,1073,100,100,0.0826870969,38.7180209934,11.1111111111,16.0747347680,1.0000000000,0.9741440000,215.9844951054
126,100,0,3,100,100,0,0,7,103,491,100,100,0.0663732403,38.6516477531,33.3333333333,16.5797119940,1.0000000000,0.9668480000,217.6143509631
127,100,0,3,100,100,0,0,7,103,491,100,100,0.0662468789,38.5854008742,33.3333333333,16.5797114909,1.0000000000,0.9668480000,217.6143509631
128,100,0,6,100,100,0,0,7,106,782,100,100,0.0752878176,38.5101130567,16.6666666667,16.3272659294,1.0000000000,0.9704960000,216.7963597995
129,100,0,5,100,100,0,0,7,105,685,100,100,0.0717384732,38.4383745835,20.0000000000,16.4113690549,1.0000000000,0.9692800000,217.0683393859
130,100,0,3,100,100,0,0,7,103,491,100,100,0.0677025785,38.3706720050,33.3333333333,16.5797488665,1.0000000000,0.9668480000,217.6143509631
131,100,0,4,100,100,0,0,7,104,588,100,100,0.0686463342,38.3020256708,25.0000000000,16.4955415941,1.0000000000,0.9680640000,217.3410022478
132,100,0,8,100,100,0,0,7,108,976,100,100,0.0801780783,38.2218475925,12.5000000000,16.1589064607,1.0000000000,0.9729280000,216.2544402052
133,100,0,3,100,100,0,0,7,103,491,100,100,0.0663464373,38.1555011552,33.3333333333,16.5797135974,1.0000000000,0.9668480000,217.6143509631
134,100,0,4,100,100,0,0,7,104,588,100,100,0.0692518753,38.0862492799,25.0000000000,16.4955534999,1.0000000000,0.9680640000,217.3410022478
135,100,0,6,100,100,0,0,7,106,782,100,100,0.0758927649,38.0103565150,16.6666666667,16.3272658172,1.0000000000,0.9704960000,216.7963597995
136,100,0,3,100,100,0,0,7,103,491,100,100,0.0669095372,37.9434469778,33.3333333333,16.5796985764,1.0000000000,0.9668480000,217.6143509631
137,100,0,4,100,100,0,0,7,104,588,100,100,0.0703504735,37.8730965043,25.0000000000,16.4955993692,1.0000000000,0.9680640000,217.3410022478
138,100,0,6,100,100,0,0,7,106,782,100,100,0.0742361934,37.7988603109,16.6666666667,16.3272471672,1.0000000000,0.9704960000,216.7963597995
139,100,0,2,100,100,0,0,7,102,394,100,100,0.0651941208,37.7336661900,50.0000000000,16.6638770877,1.0000000000,0.9656320000,217.8883881230
140,100,0,7,100,100,0,0,7,107,879,100,100,0.0773720904,37.6562940996,14.2857142857,16.2430697620,1.0000000000,0.9717120000,216.5250609234
141,100,0,3,100,100,0,0,8,103,491,100,100,0.0762391896,37.5800549100,33.3333333333,16.5799036297,1.0000000000,0.9668480000,217.6143509631
142,100,0,5,100,100,0,0,8,105,685,100,100,0.0724856690,37.5075692411,20.0000000000,16.4113876935,1.0000000000,0.9692800000,217.0683393859
143,100,0,3,100,100,0,0,8,103,491,100,100,0.0684656473,37.4391035938,33.3333333333,16.5797426434,1.0000000000,0.9668480000,217.6143509631
144,100,0,7,100,100,0,0,8,107,879,100,100,0.0774392358,37.3616643579,14.2857142857,16.2430950175,1.0000000000,0.9717120000,216.5250609234
145,100,0,3,100,100,0,0,8,103,491,100,100,0.0665770072,37.2950873508,33.3333333333,16.5796887653,1.0000000000,0.9668480000,217.6143509631
146,100,0,6,100,100,0,0,8,106,782,100,100,0.0759340908,37.2191532600,16.6666666667,16.3272639585,1.0000000000,0.9704960000,216.7963597995
147,100,0,7,100,100,0,0,8,107,879,100,100,0.0773934811,37.1417597790,14.2857142857,16.2430542682,1.0000000000,0.9717120000,216.5250609234
148,100,0,1,100,100,0,0,8,101,297,100,100,0.0765124446,37.0652473344,100.0000000000,16.7482816917,1.0000000000,0.9644160000,218.1631163315
149,100,0,4,100,100,0,0,8,104,588,100,100,0.0693811298,36.9958662046,25.0000000000,16.4955517232,1.0000000000,0.9680640000,217.3410022478
150,100,0,6,100,100,0,0,8,106,782,100,100,0.0748100751,36.9210561295,16.6666666667,16.3272464655,1.0000000000,0.9704960000,216.7963597995
151,100,0,6,100,100,0,0,8,106,782,100,100,0.0747731863,36.8462829432,16.6666666667,16.3272593108,1.0000000000,0.9704960000,216.7963597995
152,100,0,5,100,100,0,0,8,105,685,100,100,0.0717414171,36.7745415262,20.0000000000,16.4113850065,1.0000000000,0.9692800000,217.0683393859
153,100,0,5,100,100,0,0,8,105,685,100,100,0.0713169042,36.7032246220,20.0000000000,16.4114061159,1.0000000000,0.9692800000,217.0683393859
154,100,0,1,100,100,0,0,8,101,297,100,100,0.0663632539,36.6368613681,100.0000000000,16.7481533667,1.0000000000,0.9644160000,218.1631163315
155,100,0,3,100,100,0,0,8,103,491,100,100,0.0689848536,36.5678765145,33.3333333333,16.5797613084,1.0000000000,0.9668480000,217.6143509631
156,100,0,5,100,100,0,0,8,105,685,100,100,0.0721831622,36.4956933523,20.0000000000,16.4114046348,1.0000000000,0.9692800000,217.0683393859
157,100,0,13,100,100,0,0,8,112,1461,100,100,0.0945656630,36.4011276892,7.6923076923,15.7380843353,1.0000000000,0.9777920000,215.1786883100
158,100,0,7,100,100,0,0,8,107,879,100,100,0.0775133639,36.3236143254,14.2857142857,16.2430803584,1.0000000000,0.9717120000,216.5250609234
159,100,0,7,100,100,0,0,8,107,879,100,100,0.0774086428,36.2462056826,14.2857142857,16.2430668057,1.0000000000,0.9717120000,216.5250609234
160,100,0,3,100,100,0,0,8,103,491,100,100,0.0665970627,36.1796086198,33.3333333333,16.5796833793,1.0000000000,0.9668480000,217.6143509631
161,100,0,6,100,100,0,0,9,106,782,100,100,0.0754617605,36.1041468594,16.6666666667,16.3272423488,1.0000000000,0.9704960000,216.7963597995
162,100,0,5,100,100,0,0,9,105,685,100,100,0.0718609439,36.0322859155,20.0000000000,16.4113796926,1.0000000000,0.9692800000,217.0683393859
163,100,0,4,100,100,0,0,9,104,588,100,100,0.0691211260,35.9631647895,25.0000000000,16.4955431965,1.0000000000,0.9680640000,217.3410022478
164,100,0,2,100,100,0,0,9,102,394,100,100,0.0672517725,35.8959130170,50.0000000000,16.6639380707,1.0000000000,0.9656320000,217.8883881230
165,100,0,6,100,100,0,0,9,106,782,100,100,0.0748258992,35.8210871178,16.6666666667,16.3272220139,1.0000000000,0.9704960000,216.7963597995
166,100,0,6,100,100,0,0,9,106,782,100,100,0.0742014638,35.7468856541,16.6666666667,16.3272282121,1.0000000000,0.9704960000,216.7963597995
167,100,0,3,100,100,0,0,9,103,491,100,100,0.0667417234,35.6801439307,33.3333333333,16.5797270268,1.0000000000,0.9668480000,217.6143509631
168,100,0,5,100,100,0,0,9,105,685,100,100,0.0724087031,35.6077352276,20.0000000000,16.4113967387,1.0000000000,0.9692800000,217.0683393859
169,100,0,6,100,100,0,0,9,106,782,100,100,0.0744226690,35.5333125586,16.6666666667,16.3272289541,1.0000000000,0.9704960000,216.7963597995
170,100,0,2,100,100,0,0,9,102,394,100,100,0.0677309853,35.4655815733,50.0000000000,16.6639916301,1.0000000000,0.9656320000,217.8883881230
171,100,0,5,100,100,0,0,9,105,685,100,100,0.0716494687,35.3939321046,20.0000000000,16.4114395737,1.0000000000,0.9692800000,217.0683393859
172,100,0,4,100,100,0,0,9,104,588,100,100,0.0702390075,35.3236930971,25.0000000000,16.4956210168,1.0000000000,0.9680640000,217.3410022478
173,100,0,4,100,100,0,0,9,104,588,100,100,0.0691026927,35.2545904044,25.0000000000,16.4955819062,1.0000000000,0.9680640000,217.3410022478
174,100,0,4,100,100,0,0,9,104,588,100,100,0.0692457619,35.1853446426,25.0000000000,16.4955599045,1.0000000000,0.9680640000,217.3410022478
175,100,0,10,100,100,0,0,9,109,1170,100,100,0.0862963701,35.0990482725,10.0000000000,15.9905841602,1.0000000000,0.9741440000,215.9844951054
176,100,0,8,100,100,0,0,9,108,976,100,100,0.0809683098,35.0180799626,12.5000000000,16.1588851515,1.0000000000,0.9729280000,216.2544402052
177,100,0,4,100,100,0,0,9,104,588,100,100,0.0684688493,34.9496111133,25.0000000000,16.4955571595,1.0000000000,0.9680640000,217.3410022478
178,100,0,8,100,100,0,0,9,108,976,100,100,0.0801878986,34.8694232147,12.5000000000,16.1589206149,1.0000000000,0.9729280000,216.2544402052
179,100,0,5,100,100,0,0,9,105,685,100,100,0.0715977480,34.7978254667,20.0000000000,16.4113900683,1.0000000000,0.9692800000,217.0683393859
180,100,0,3,100,100,0,0,9,103,491,100,100,0.0666873508,34.7311381159,33.3333333333,16.5796861003,1.0000000000,0.9668480000,217.6143509631
181,100,0,6,100,100,0,0,10,106,782,100,100,0.0745921977,34.6565459181,16.6666666667,16.3272324078,1.0000000000,0.9704960000,216.7963597995
182,100,0,8,100,100,0,0,10,108,976,100,100,0.0797973703,34.5767485479,12.5000000000,16.1589010701,1.0000000000,0.9729280000,216.2544402052
183,100,0,1,100,100,0,0,10,101,297,100,100,0.0636650754,34.5130834725,100.0000000000,16.7480639530,1.0000000000,0.9644160000,218.1631163315
184,100,0,6,100,100,0,0,10,106,782,100,100,0.0743675101,34.4387159623,16.6666666667,16.3272490682,1.0000000000,0.9704960000,216.7963597995
185,100,0,4,100,100,0,0,10,104,588,100,100,0.0690323383,34.3696836240,25.0000000000,16.4955398773,1.0000000000,0.9680640000,217.3410022478
186,100,0,3,100,100,0,0,10,103,491,100,100,0.0673393192,34.3023443048,33.3333333333,16.5796773445,1.0000000000,0.9668480000,217.6143509631
187,100,0,6,100,100,0,0,10,106,782,100,100,0.0771542129,34.2251900919,16.6666666667,16.3272697506,1.0000000000,0.9704960000,216.7963597995
188,100,0,8,100,100,0,0,10,108,976,100,100,0.0800866018,34.1451034901,12.5000000000,16.1589079212,1.0000000000,0.9729280000,216.2544402052
189,100,0,4,100,100,0,0,10,104,588,100,100,0.0701160721,34.0749874180,25.0000000000,16.4955283371,1.0000000000,0.9680640000,217.3410022478
190,100,0,6,100,100,0,0,10,106,782,100,100,0.0748532026,34.0001342153,16.6666666667,16.3272585986,1.0000000000,0.9704960000,216.7963597995
191,100,0,7,100,100,0,0,10,107,879,100,100,0.0778307610,33.9223034543,14.2857142857,16.2431068166,1.0000000000,0.9717120000,216.5250609234
192,100,0,4,100,100,0,0,10,104,588,100,100,0.0694047362,33.8528987181,25.0000000000,16.4955444402,1.0000000000,0.9680640000,217.3410022478
193,100,0,7,100,100,0,0,10,107,879,100,100,0.0772410707,33.7756576474,14.2857142857,16.2430411818,1.0000000000,0.9717120000,216.5250609234
194,100,0,5,100,100,0,0,10,105,685,100,100,0.0721642454,33.7034934020,20.0000000000,16.4114039242,1.0000000000,0.9692800000,217.0683393859
195,100,0,6,100,100,0,0,10,106,782,100,100,0.0746306936,33.6288627084,16.6666666667,16.3272184140,1.0000000000,0.9704960000,216.7963597995
196,100,0,5,100,100,0,0,10,105,685,100,100,0.0724540685,33.5564086399,20.0000000000,16.4113922293,1.0000000000,0.9692800000,217.0683393859
197,100,0,4,100,100,0,0,10,104,588,100,100,0.0698399068,33.4865687331,25.0000000000,16.4955400001,1.0000000000,0.9680640000,217.3410022478
198,100,0,4,100,100,0,0,10,104,588,100,100,0.0703917601,33.4161769730,25.0000000000,16.4955820836,1.0000000000,0.9680640000,217.3410022478
199,100,0,2,100,100,0,0,10,102,394,100,100,0.0654243882,33.3507525848,50.0000000000,16.6639447148,1.0000000000,0.9656320000,217.8883881230
200,100,0,4,100,100,0,0,10,104,588,100,100,0.0704391668,33.2803134180,25.0000000000,16.4955706446,1.0000000000,0.9680640000,217.3410022478
201,100,0,8,100,100,0,0,11,108,976,100,100,0.0801240666,33.2001893514,12.5000000000,16.1589035178,1.0000000000,0.9729280000,216.2544402052
202,100,0,1,100,100,0,0,11,101,297,100,100,0.0723909736,33.1277983778,100.0000000000,16.7482409956,1.0000000000,0.9644160000,218.1631163315
203,100,0,3,100,100,0,0,11,103,491,100,100,0.0667450054,33.0610533724,33.3333333333,16.5797060689,1.0000000000,0.9668480000,217.6143509631
204,100,0,4,100,100,0,0,11,104,588,100,100,0.0689654697,32.9920879027,25.0000000000,16.4955520530,1.0000000000,0.9680640000,217.3410022478
205,100,0,7,100,100,0,0,11,107,879,100,100,0.0768804336,32.9152074692,14.2857142857,16.2430530592,1.0000000000,0.9717120000,216.5250609234
206,100,0,10,100,100,0,0,11,110,1170,100,100,0.0856094413,32.8295980278,10.0000000000,15.9905751564,1.0000000000,0.9753600000,215.7152230971
207,100,0,6,100,100,0,0,11,106,782,100,100,0.0739925191,32.7556055087,16.6666666667,16.3272178152,1.0000000000,0.9704960000,216.7963597995
208,100,0,10,100,100,0,0,11,110,1170,100,100,0.0857741717,32.6698313370,10.0000000000,15.9905682043,1.0000000000,0.9753600000,215.7152230971
209,100,0,3,100,100,0,0,11,103,491,100,100,0.0688517426,32.6009795944,33.3333333333,16.5797983402,1.0000000000,0.9668480000,217.6143509631
210,100,0,1,100,100,0,0,11,101,297,100,100,0.0641597767,32.5368198177,100.0000000000,16.7480671728,1.0000000000,0.9644160000,218.1631163315
211,100,0,8,100,100,0,0,11,108,976,100,100,0.0799799730,32.4568398447,12.5000000000,16.1588925261,1.0000000000,0.9729280000,216.2544402052
212,100,0,4,100,100,0,0,11,104,588,100,100,0.0692675793,32.3875722654,25.0000000000,16.4955400653,1.0000000000,0.9680640000,217.3410022478
213,100,0,3,100,100,0,0,11,103,491,100,100,0.0669058252,32.3206664402,33.3333333333,16.5797001856,1.0000000000,0.9668480000,217.6143509631
214,100,0,4,100,100,0,0,11,104,588,100,100,0.0692866182,32.2513798220,25.0000000000,16.4955911775,1.0000000000,0.9680640000,217.3410022478
215,100,0,4,100,100,0,0,11,104,588,100,100,0.0703054087,32.1810744133,25.0000000000,16.4956244728,1.0000000000,0.9680640000,217.3410022478
216,100,0,7,100,100,0,0,11,107,879,100,100,0.0768563382,32.1042180751,14.2857142857,16.2430613952,1.0000000000,0.9717120000,216.5250609234
217,100,0,4,100,100,0,0,11,104,588,100,100,0.0688150174,32.0354030577,25.0000000000,16.4955610994,1.0000000000,0.9680640000,217.3410022478
218,100,0,6,100,100,0,0,11,106,782,100,100,0.0749267857,31.9604762720,16.6666666667,16.3272826367,1.0000000000,0.9704960000,216.7963597995
219,100,0,4,100,100,0,0,11,104,588,100,100,0.0687520292,31.8917242428,25.0000000000,16.4955245080,1.0000000000,0.9680640000,217.3410022478
220,100,0,3,100,100,0,0,11,103,491,100,100,0.0666329474,31.8250912954,33.3333333333,16.5797621629,1.0000000000,0.9668480000,217.6143509631
221,100,0,6,100,100,0,0,12,106,782,100,100,0.0740817044,31.7510095910,16.6666666667,16.3272251183,1.0000000000,0.9704960000,216.7963597995
222,100,0,6,100,100,0,0,12,106,782,100,100,0.0749259161,31.6760836748,16.6666666667,16.3272690943,1.0000000000,0.9704960000,216.7963597995
223,100,0,2,100,100,0,0,12,102,394,100,100,0.0643794487,31.6117042262,50.0000000000,16.6638969328,1.0000000000,0.9656320000,217.8883881230
224,100,0,4,100,100,0,0,12,104,588,100,100,0.0692412735,31.5424629527,25.0000000000,16.4956112366,1.0000000000,0.9680640000,217.3410022478
225,100,0,2,100,100,0,0,12,102,394,100,100,0.0647476971,31.4777152555,50.0000000000,16.6638883183,1.0000000000,0.9656320000,217.8883881230
226,100,0,11,100,100,0,0,12,111,1267,100,100,0.0886517319,31.3890635237,9.0909090909,15.9064142210,1.0000000000,0.9765760000,215.4466216659
227,100,0,5,100,100,0,0,12,105,685,100,100,0.0724281635,31.3166353601,20.0000000000,16.4113882907,1.0000000000,0.9692800000,217.0683393859
228,100,0,6,100,100,0,0,12,106,782,100,100,0.0746067687,31.2420285914,16.6666666667,16.3272283570,1.0000000000,0.9704960000,216.7963597995
229,100,0,4,100,100,0,0,12,104,588,100,100,0.0694335869,31.1725950045,25.0000000000,16.4955511059,1.0000000000,0.9680640000,217.3410022478
230,100,0,7,100,100,0,0,12,107,879,100,100,0.0772058737,31.0953891308,14.2857142857,16.2430467186,1.0000000000,0.9717120000,216.5250609234
231,100,0,1,100,100,0,0,12,101,297,100,100,0.0655330784,31.0298560524,100.0000000000,16.7481164748,1.0000000000,0.9644160000,218.1631163315
232,100,0,6,100,100,0,0,12,106,782,100,100,0.0750628482,30.9547932041,16.6666666667,16.3272167082,1.0000000000,0.9704960000,216.7963597995
233,100,0,4,100,100,0,0,12,104,588,100,100,0.0707943196,30.8839988845,25.0000000000,16.4956390061,1.0000000000,0.9680640000,217.3410022478
234,100,0,1,100,100,0,0,12,101,297,100,100,0.0695838751,30.8144150094,100.0000000000,16.7482087212,1.0000000000,0.9644160000,218.1631163315
235,100,0,5,100,100,0,0,12,105,685,100,100,0.0722699291,30.7421450803,20.0000000000,16.4113863606,1.0000000000,0.9692800000,217.0683393859
236,100,0,4,100,100,0,0,12,104,588,100,100,0.0696240008,30.6725210794,25.0000000000,16.4955466892,1.0000000000,0.9680640000,217.3410022478
237,100,0,13,100,100,0,0,12,113,1461,100,100,0.0941795784,30.5783415010,7.6923076923,15.7380815090,1.0000000000,0.9790080000,214.9114205400
238,100,0,4,100,100,0,0,12,104,588,100,100,0.0691264819,30.5092150192,25.0000000000,16.4955281918,1.0000000000,0.9680640000,217.3410022478
239,100,0,5,100,100,0,0,12,105,685,100,100,0.0723763133,30.4368387059,20.0000000000,16.4113924068,1.0000000000,0.9692800000,217.0683393859
240,100,0,4,100,100,0,0,12,103,588,100,100,0.0715497916,30.3652889142,25.0000000000,16.4956332161,1.0000000000,0.9668480000,217.6143509631
241,100,0,4,100,100,0,0,13,104,588,100,100,0.0691829002,30.2961060141,25.0000000000,16.4955839733,1.0000000000,0.9680640000,217.3410022478
242,100,0,3,100,100,0,0,13,103,491,100,100,0.0665934156,30.2295125984,33.3333333333,16.5797235809,1.0000000000,0.9668480000,217.6143509631
243,100,0,3,100,100,0,0,13,103,491,100,100,0.0683597853,30.1611528131,33.3333333333,16.5797918831,1.0000000000,0.9668480000,217.6143509631
244,100,0,9,100,100,0,0,13,109,1073,100,100,0.0825843006,30.0785685125,11.1111111111,16.0747278087,1.0000000000,0.9741440000,215.9844951054
245,100,0,5,100,100,0,0,13,105,685,100,100,0.0711042148,30.0074642977,20.0000000000,16.4113693606,1.0000000000,0.9692800000,217.0683393859
246,100,0,4,100,100,0,0,13,104,588,100,100,0.0687081351,29.9387561626,25.0000000000,16.4955326469,1.0000000000,0.9680640000,217.3410022478
247,100,0,7,100,100,0,0,13,107,879,100,100,0.0772136005,29.8615425621,14.2857142857,16.2430465957,1.0000000000,0.9717120000,216.5250609234
248,100,0,5,100,100,0,0,13,104,685,100,100,0.0725597711,29.7889827909,20.0000000000,16.4114156948,1.0000000000,0.9680640000,217.3410022478
249,100,0,6,100,100,0,0,13,106,782,100,100,0.0740647509,29.7149180401,16.6666666667,16.3272225229,1.0000000000,0.9704960000,216.7963597995
250,100,0,7,100,100,0,0,13,107,879,100,100,0.0775125348,29.6374055052,14.2857142857,16.2431139731,1.0000000000,0.9717120000,216.5250609234
251,100,0,2,100,100,0,0,13,102,394,100,100,0.0719617568,29.5654437485,50.0000000000,16.6640402297,1.0000000000,0.9656320000,217.8883881230
252,100,0,5,100,100,0,0,13,105,685,100,100,0.0717301445,29.4937136040,20.0000000000,16.4114206234,1.0000000000,0.9692800000,217.0683393859
253,100,0,4,100,100,0,0,13,104,588,100,100,0.0684580952,29.4252555089,25.0000000000,16.4955471922,1.0000000000,0.9680640000,217.3410022478
254,100,0,3,100,100,0,0,13,103,491,100,100,0.0679619836,29.3572935253,33.3333333333,16.5797512349,1.0000000000,0.9668480000,217.6143509631
255,100,0,4,100,100,0,0,13,104,588,100,100,0.0696583400,29.2876351853,25.0000000000,16.4955899682,1.0000000000,0.9680640000,217.3410022478
256,100,0,6,100,100,0,0,13,106,782,100,100,0.0741992713,29.2134359140,16.6666666667,16.3272253719,1.0000000000,0.9704960000,216.7963597995
257,100,0,8,100,100,0,0,13,108,976,100,100,0.0799003902,29.1335355238,12.5000000000,16.1589070849,1.0000000000,0.9729280000,216.2544402052
258,100,0,6,100,100,0,0,13,106,782,100,100,0.0746576630,29.0588778608,16.6666666667,16.3272060843,1.0000000000,0.9704960000,216.7963597995
259,100,0,4,100,100,0,0,13,104,588,100,100,0.0721050045,28.9867728563,25.0000000000,16.4956230368,1.0000000000,0.9680640000,217.3410022478
260,100,0,5,100,100,0,0,13,105,685,100,100,0.0722833770,28.9144894794,20.0000000000,16.4113918119,1.0000000000,0.9692800000,217.0683393859
261,100,0,6,100,100,0,0,14,106,782,100,100,0.0750577656,28.8394317138,16.6666666667,16.3272611902,1.0000000000,0.9704960000,216.7963597995
262,100,0,5,100,100,0,0,14,105,685,100,100,0.0712615181,28.7681701957,20.0000000000,16.4113893292,1.0000000000,0.9692800000,217.0683393859
263,100,0,7,100,100,0,0,14,107,879,100,100,0.0785368261,28.6896333696,14.2857142857,16.2430947578,1.0000000000,0.9717120000,216.5250609234
264,100,0,4,100,100,0,0,14,104,588,100,100,0.0694601506,28.6201732190,25.0000000000,16.4955767557,1.0000000000,0.9680640000,217.3410022478
265,100,0,8,100,100,0,0,14,108,976,100,100,0.0798887546,28.5402844644,12.5000000000,16.1588874686,1.0000000000,0.9729280000,216.2544402052
266,100,0,6,100,100,0,0,14,106,782,100,100,0.0762179765,28.4640664879,16.6666666667,16.3272345366,1.0000000000,0.9704960000,216.7963597995
267,100,0,5,100,100,0,0,14,105,685,100,100,0.0716392207,28.3924272672,20.0000000000,16.4114095213,1.0000000000,0.9692800000,217.0683393859
268,100,0,5,100,100,0,0,14,105,685,100,100,0.0723912043,28.3200360629,20.0000000000,16.4113872985,1.0000000000,0.9692800000,217.0683393859
269,100,0,4,100,100,0,0,14,104,588,100,100,0.0704983541,28.2495377088,25.0000000000,16.4956201572,1.0000000000,0.9680640000,217.3410022478
270,100,0,3,100,100,0,0,14,103,491,100,100,0.0671110140,28.1824266948,33.3333333333,16.5797361247,1.0000000000,0.9668480000,217.6143509631
271,100,0,4,100,100,0,0,14,104,588,100,100,0.0693133807,28.1131133141,25.0000000000,16.4955318932,1.0000000000,0.9680640000,217.3410022478
272,100,0,6,100,100,0,0,14,106,782,100,100,0.0747502327,28.0383630814,16.6666666667,16.3272355747,1.0000000000,0.9704960000,216.7963597995
273,100,0,3,100,100,0,0,14,103,491,100,100,0.0669029035,27.9714601778,33.3333333333,16.5797713205,1.0000000000,0.9668480000,217.6143509631
274,100,0,5,100,100,0,0,14,105,685,100,100,0.0713664632,27.9000937146,20.0000000000,16.4113796598,1.0000000000,0.9692800000,217.0683393859
275,100,0,5,100,100,0,0,14,105,685,100,100,0.0727599778,27.8273337368,20.0000000000,16.4114597094,1.0000000000,0.9692800000,217.0683393859
276,100,0,2,100,100,0,0,14,102,394,100,100,0.0648003805,27.7625333563,50.0000000000,16.6638756634,1.0000000000,0.9656320000,217.8883881230
277,100,0,8,100,100,0,0,14,107,976,100,100,0.0808495737,27.6816837825,12.5000000000,16.1588870854,1.0000000000,0.9717120000,216.5250609234
278,100,0,6,100,100,0,0,14,106,782,100,100,0.0758367925,27.6058469900,16.6666666667,16.3272504010,1.0000000000,0.9704960000,216.7963597995
279,100,0,7,100,100,0,0,14,107,879,100,100,0.0774077137,27.5284392763,14.2857142857,16.2430454636,1.0000000000,0.9717120000,216.5250609234
280,100,0,1,100,100,0,0,14,101,297,100,100,0.0719901302,27.4564491461,100.0000000000,16.7482478594,1.0000000000,0.9644160000,218.1631163315
281,100,0,8,100,100,0,0,15,108,976,100,100,0.0798274038,27.3766217423,12.5000000000,16.1588843304,1.0000000000,0.9729280000,216.2544402052
282,100,0,10,100,100,0,0,15,110,1170,100,100,0.0858164133,27.2908053289,10.0000000000,15.9905621874,1.0000000000,0.9753600000,215.7152230971
283,100,0,3,100,100,0,0,15,103,491,100,100,0.0672497236,27.2235556054,33.3333333333,16.5797330925,1.0000000000,0.9668480000,217.6143509631
284,100,0,1,100,100,0,0,15,101,297,100,100,0.0639352060,27.1596203994,100.0000000000,16.7480608230,1.0000000000,0.9644160000,218.1631163315
285,100,0,6,100,100,0,0,15,106,782,100,100,0.0744228272,27.0851975721,16.6666666667,16.3272473122,1.0000000000,0.9704960000,216.7963597995
286,100,0,2,100,100,0,0,15,102,394,100,100,0.0647279532,27.0204696189,50.0000000000,16.6638836369,1.0000000000,0.9656320000,217.8883881230
287,100,0,4,100,100,0,0,15,104,588,100,100,0.0701991641,26.9502704548,25.0000000000,16.4955916007,1.0000000000,0.9680640000,217.3410022478
288,100,0,9,100,100,0,0,15,109,1073,100,100,0.0829871094,26.8672833454,11.1111111111,16.0747229487,1.0000000000,0.9741440000,215.9844951054
289,100,0,7,100,100,0,0,15,107,879,100,100,0.0777005380,26.7895828073,14.2857142857,16.2430643334,1.0000000000,0.9717120000,216.5250609234
290,100,0,6,100,100,0,0,15,106,782,100,100,0.0747481407,26.7148346666,16.6666666667,16.3272133923,1.0000000000,0.9704960000,216.7963597995
291,100,0,4,100,100,0,0,15,104,588,100,100,0.0729201136,26.6419145530,25.0000000000,16.4956252846,1.0000000000,0.9680640000,217.3410022478
292,100,0,7,100,100,0,0,15,107,879,100,100,0.0770589071,26.5648556459,14.2857142857,16.2430773496,1.0000000000,0.9717120000,216.5250609234
293,100,0,3,100,100,0,0,15,103,491,100,100,0.0683776575,26.4964779884,33.3333333333,16.5797667713,1.0000000000,0.9668480000,217.6143509631
294,100,0,3,100,100,0,0,15,103,491,100,100,0.0670557349,26.4294222535,33.3333333333,16.5796884938,1.0000000000,0.9668480000,217.6143509631
295,100,0,2,100,100,0,0,15,102,394,100,100,0.0675335939,26.3618886596,50.0000000000,16.6639853301,1.0000000000,0.9656320000,217.8883881230
296,100,0,5,100,100,0,0,15,105,685,100,100,0.0737339237,26.2881547360,20.0000000000,16.4114342884,1.0000000000,0.9692800000,217.0683393859
297,100,0,5,100,100,0,0,15,105,685,100,100,0.0746647184,26.2134900176,20.0000000000,16.4114506212,1.0000000000,0.9692800000,217.0683393859
298,100,0,2,100,100,0,0,15,102,394,100,100,0.0655792148,26.1479108027,50.0000000000,16.6639360891,1.0000000000,0.9656320000,217.8883881230
299,100,0,5,100,100,0,0,15,105,685,100,100,0.0719609975,26.0759498052,20.0000000000,16.4113942357,1.0000000000,0.9692800000,217.0683393859
300,100,0,8,100,100,0,0,15,108,976,100,100,0.0803019211,25.9956478841,12.5000000000,16.1588923510,1.0000000000,0.9729280000,216.2544402052
301,100,0,7,100,100,0,0,16,107,879,100,100,0.0768243119,25.9188235722,14.2857142857,16.2430598622,1.0000000000,0.9717120000,216.5250609234
302,100,0,5,100,100,0,0,16,105,685,100,100,0.0732927786,25.8455307936,20.0000000000,16.4113974448,1.0000000000,0.9692800000,217.0683393859
303,100,0,9,100,100,0,0,16,109,1073,100,100,0.0828898496,25.7626409440,11.1111111111,16.0747392381,1.0000000000,0.9741440000,215.9844951054
304,100,0,9,100,100,0,0,16,109,1073,100,100,0.0831200512,25.6795208927,11.1111111111,16.0747446407,1.0000000000,0.9741440000,215.9844951054
305,100,0,5,100,100,0,0,16,105,685,100,100,0.0724543677,25.6070665250,20.0000000000,16.4114125729,1.0000000000,0.9692800000,217.0683393859
306,100,0,3,100,100,0,0,16,103,491,100,100,0.0699866067,25.5370799183,33.3333333333,16.5797986819,1.0000000000,0.9668480000,217.6143509631
307,100,0,3,100,100,0,0,16,103,491,100,100,0.0670741916,25.4700057267,33.3333333333,16.5797108367,1.0000000000,0.9668480000,217.6143509631
308,100,0,5,100,100,0,0,16,105,685,100,100,0.0712767688,25.3987289579,20.0000000000,16.4114111144,1.0000000000,0.9692800000,217.0683393859
309,100,0,5,100,100,0,0,16,105,685,100,100,0.0724581547,25.3262708032,20.0000000000,16.4114133733,1.0000000000,0.9692800000,217.0683393859
310,100,0,5,100,100,0,0,16,105,685,100,100,0.0716647496,25.2546060536,20.0000000000,16.4113874260,1.0000000000,0.9692800000,217.0683393859
311,100,0,4,100,100,0,0,16,104,588,100,100,0.0691425091,25.1854635445,25.0000000000,16.4955309079,1.0000000000,0.9680640000,217.3410022478
312,100,0,6,100,100,0,0,16,106,782,100,100,0.0745679569,25.1108955876,16.6666666667,16.3271955346,1.0000000000,0.9704960000,216.7963597995
313,100,0,5,100,100,0,0,16,105,685,100,100,0.0717424650,25.0391531226,20.0000000000,16.4114094782,1.0000000000,0.9692800000,217.0683393859
314,100,0,7,100,100,0,0,16,107,879,100,100,0.0771519540,24.9620011686,14.2857142857,16.2430506360,1.0000000000,0.9717120000,216.5250609234
315,100,0,5,100,100,0,0,16,105,685,100,100,0.0723245470,24.8896766216,20.0000000000,16.4114049267,1.0000000000,0.9692800000,217.0683393859
316,100,0,2,100,100,0,0,16,102,394,100,100,0.0649139191,24.8247627025,50.0000000000,16.6638701410,1.0000000000,0.9656320000,217.8883881230
317,100,0,5,100,100,0,0,16,105,685,100,100,0.0722590499,24.7525036526,20.0000000000,16.4114207425,1.0000000000,0.9692800000,217.0683393859
318,100,0,4,100,100,0,0,16,104,588,100,100,0.0684327238,24.6840709288,25.0000000000,16.4955629703,1.0000000000,0.9680640000,217.3410022478
319,100,0,2,100,100,0,0,16,102,394,100,100,0.0653330382,24.6187378906,50.0000000000,16.6639043417,1.0000000000,0.9656320000,217.8883881230
320,100,0,4,100,100,0,0,16,104,588,100,100,0.0686368265,24.5501010641,25.0000000000,16.4955790241,1.0000000000,0.9680640000,217.3410022478
321,100,0,3,100,100,0,0,17,103,491,100,100,0.0685206040,24.4815804601,33.3333333333,16.5797888916,1.0000000000,0.9668480000,217.6143509631
322,100,0,10,100,100,0,0,17,110,1170,100,100,0.0855393573,24.3960411028,10.0000000000,15.9905544395,1.0000000000,0.9753600000,215.7152230971
323,100,0,6,100,100,0,0,17,106,782,100,100,0.0743258663,24.3217152365,16.6666666667,16.3271982416,1.0000000000,0.9704960000,216.7963597995
324,100,0,8,100,100,0,0,17,108,976,100,100,0.0797711931,24.2419440434,12.5000000000,16.1588883707,1.0000000000,0.9729280000,216.2544402052
325,100,0,4,100,100,0,0,17,104,588,100,100,0.0707284524,24.1712155910,25.0000000000,16.4955715100,1.0000000000,0.9680640000,217.3410022478
326,100,0,4,100,100,0,0,17,104,588,100,100,0.0712529622,24.0999626288,25.0000000000,16.4955874259,1.0000000000,0.9680640000,217.3410022478
327,100,0,7,100,100,0,0,17,107,879,100,100,0.0782847359,24.0216778929,14.2857142857,16.2431124527,1.0000000000,0.9717120000,216.5250609234
328,100,0,2,100,100,0,0,17,102,394,100,100,0.0662832183,23.9553946746,50.0000000000,16.6638941710,1.0000000000,0.9656320000,217.8883881230
329,100,0,8,100,100,0,0,17,108,976,100,100,0.0806831292,23.8747115454,12.5000000000,16.1589019993,1.0000000000,0.9729280000,216.2544402052
330,100,0,8,100,100,0,0,17,108,976,100,100,0.0801150322,23.7945965132,12.5000000000,16.1588913572,1.0000000000,0.9729280000,216.2544402052
331,100,0,5,100,100,0,0,17,105,685,100,100,0.0713355480,23.7232609652,20.0000000000,16.4113847676,1.0000000000,0.9692800000,217.0683393859
332,100,0,2,100,100,0,0,17,102,394,100,100,0.0656565761,23.6576043891,50.0000000000,16.6639025410,1.0000000000,0.9656320000,217.8883881230
333,100,0,2,100,100,0,0,17,102,394,100,100,0.0642856754,23.5933187137,50.0000000000,16.6638990376,1.0000000000,0.9656320000,217.8883881230
334,100,0,4,100,100,0,0,17,103,588,100,100,0.0700204517,23.5232982620,25.0000000000,16.4955907358,1.0000000000,0.9668480000,217.6143509631
335,100,0,4,100,100,0,0,17,104,588,100,100,0.0695408704,23.4537573916,25.0000000000,16.4955478528,1.0000000000,0.9680640000,217.3410022478
336,100,0,5,100,100,0,0,17,105,685,100,100,0.0715153756,23.3822420159,20.0000000000,16.4114263055,1.0000000000,0.9692800000,217.0683393859
337,100,0,4,100,100,0,0,17,104,588,100,100,0.0720145778,23.3102274382,25.0000000000,16.4956085711,1.0000000000,0.9680640000,217.3410022478
338,100,0,5,100,100,0,0,17,105,685,100,100,0.0723312567,23.2378961815,20.0000000000,16.4114387178,1.0000000000,0.9692800000,217.0683393859
339,100,0,5,100,100,0,0,17,105,685,100,100,0.0720812856,23.1658148959,20.0000000000,16.4114271521,1.0000000000,0.9692800000,217.0683393859
340,100,0,4,100,100,0,0,17,104,588,100,100,0.0695815819,23.0962333139,25.0000000000,16.4955812980,1.0000000000,0.9680640000,217.3410022478
341,100,0,4,100,100,0,0,18,104,588,100,100,0.0696026118,23.0266307022,25.0000000000,16.4955713840,1.0000000000,0.9680640000,217.3410022478
342,100,0,8,100,100,0,0,18,108,976,100,100,0.0803970556,22.9462336466,12.5000000000,16.1589233256,1.0000000000,0.9729280000,216.2544402052
343,100,0,2,100,100,0,0,18,102,394,100,100,0.0659226002,22.8803110464,50.0000000000,16.6639872088,1.0000000000,0.9656320000,217.8883881230
344,100,0,5,100,100,0,0,18,105,685,100,100,0.0720231736,22.8082878728,20.0000000000,16.4113905776,1.0000000000,0.9692800000,217.0683393859
345,100,0,3,100,100,0,0,18,103,491,100,100,0.0671348848,22.7411529881,33.3333333333,16.5797494829,1.0000000000,0.9668480000,217.6143509631
346,100,0,4,100,100,0,0,18,104,588,100,100,0.0706759848,22.6704770033,25.0000000000,16.4955450457,1.0000000000,0.9680640000,217.3410022478
347,100,0,7,100,100,0,0,18,107,879,100,100,0.0770887714,22.5933882318,14.2857142857,16.2430720031,1.0000000000,0.9717120000,216.5250609234
348,100,0,4,100,100,0,0,18,104,588,100,100,0.0692761451,22.5241120867,25.0000000000,16.4955869902,1.0000000000,0.9680640000,217.3410022478
349,100,0,7,100,100,0,0,18,107,879,100,100,0.0782912612,22.4458208255,14.2857142857,16.2430982032,1.0000000000,0.9717120000,216.5250609234
350,100,0,11,100,100,0,0,18,111,1267,100,100,0.0884419461,22.3573788794,9.0909090909,15.9064124464,1.0000000000,0.9765760000,215.4466216659
351,100,0,5,100,100,0,0,18,105,685,100,100,0.0726168870,22.2847619924,20.0000000000,16.4113721855,1.0000000000,0.9692800000,217.0683393859
352,100,0,8,100,100,0,0,18,108,976,100,100,0.0797623155,22.2049996769,12.5000000000,16.1588940794,1.0000000000,0.9729280000,216.2544402052
353,100,0,2,100,100,0,0,18,102,394,100,100,0.0643486274,22.1406510495,50.0000000000,16.6638900132,1.0000000000,0.9656320000,217.8883881230
354,100,0,5,100,100,0,0,18,105,685,100,100,0.0724073346,22.0682437149,20.0000000000,16.4113932321,1.0000000000,0.9692800000,217.0683393859
355,100,0,7,100,100,0,0,18,107,879,100,100,0.0771520435,21.9910916714,14.2857142857,16.2430491885,1.0000000000,0.9717120000,216.5250609234
356,100,0,5,100,100,0,0,18,105,685,100,100,0.0723218284,21.9187698430,20.0000000000,16.4114192772,1.0000000000,0.9692800000,217.0683393859
357,100,0,4,100,100,0,0,18,104,588,100,100,0.0694430502,21.8493267928,25.0000000000,16.4955685772,1.0000000000,0.9680640000,217.3410022478
358,100,0,4,100,100,0,0,18,104,588,100,100,0.0692898876,21.7800369051,25.0000000000,16.4955715928,1.0000000000,0.9680640000,217.3410022478
359,100,0,1,100,100,0,0,18,101,297,100,100,0.0635642984,21.7164726067,100.0000000000,16.7480506196,1.0000000000,0.9644160000,218.1631163315
360,100,0,4,100,100,0,0,18,104,588,100,100,0.0700659206,21.6464066862,25.0000000000,16.4956114281,1.0000000000,0.9680640000,217.3410022478
361,100,0,5,100,100,0,0,19,105,685,100,100,0.0711135482,21.5752931380,20.0000000000,16.4113560643,1.0000000000,0.9692800000,217.0683393859
362,100,0,4,100,100,0,0,19,104,588,100,100,0.0708231903,21.5044699477,25.0000000000,16.4955517273,1.0000000000,0.9680640000,217.3410022478
363,100,0,8,100,100,0,0,19,108,976,100,100,0.0805230900,21.4239468576,12.5000000000,16.1589075767,1.0000000000,0.9729280000,216.2544402052
364,100,0,6,100,100,0,0,19,106,782,100,100,0.0743972578,21.3495495999,16.6666666667,16.3272577878,1.0000000000,0.9704960000,216.7963597995
365,100,0,6,100,100,0,0,19,106,782,100,100,0.0744307622,21.2751188377,16.6666666667,16.3272676742,1.0000000000,0.9704960000,216.7963597995
366,100,0,3,100,100,0,0,19,103,491,100,100,0.0671731185,21.2079457192,33.3333333333,16.5797344568,1.0000000000,0.9668480000,217.6143509631
367,100,0,5,100,100,0,0,19,105,685,100,100,0.0716952111,21.1362505081,20.0000000000,16.4113683106,1.0000000000,0.9692800000,217.0683393859
368,100,0,6,100,100,0,0,19,106,782,100,100,0.0746041331,21.0616463750,16.6666666667,16.3272147718,1.0000000000,0.9704960000,216.7963597995
369,100,0,5,100,100,0,0,19,105,685,100,100,0.0733673440,20.9882790310,20.0000000000,16.4114591778,1.0000000000,0.9692800000,217.0683393859
370,100,0,5,100,100,0,0,19,105,685,100,100,0.0718482992,20.9164307318,20.0000000000,16.4113882669,1.0000000000,0.9692800000,217.0683393859
371,100,0,6,100,100,0,0,19,106,782,100,100,0.0755294975,20.8409012343,16.6666666667,16.3272693639,1.0000000000,0.9704960000,216.7963597995
372,100,0,3,100,100,0,0,19,103,491,100,100,0.0689935741,20.7719076601,33.3333333333,16.5797200915,1.0000000000,0.9668480000,217.6143509631
373,100,0,6,100,100,0,0,19,105,782,100,100,0.0764674252,20.6954402349,16.6666666667,16.3272872854,1.0000000000,0.9692800000,217.0683393859
374,100,0,6,100,100,0,0,19,106,782,100,100,0.0747046814,20.6207355535,16.6666666667,16.3272031375,1.0000000000,0.9704960000,216.7963597995
375,100,0,2,100,100,0,0,19,102,394,100,100,0.0679443356,20.5527912179,50.0000000000,16.6639745664,1.0000000000,0.9656320000,217.8883881230
376,100,0,4,100,100,0,0,19,104,588,100,100,0.0707550708,20.4820361471,25.0000000000,16.4956338715,1.0000000000,0.9680640000,217.3410022478
377,100,0,2,100,100,0,0,19,102,394,100,100,0.0644049930,20.4176311541,50.0000000000,16.6638973751,1.0000000000,0.9656320000,217.8883881230
378,100,0,5,100,100,0,0,19,105,685,100,100,0.0724646501,20.3451665040,20.0000000000,16.4114215807,1.0000000000,0.9692800000,217.0683393859
379,100,0,9,100,100,0,0,19,109,1073,100,100,0.0830712370,20.2620952670,11.1111111111,16.0747473063,1.0000000000,0.9741440000,215.9844951054
380,100,0,4,100,100,0,0,19,104,588,100,100,0.0691155261,20.1929797409,25.0000000000,16.4955249463,1.0000000000,0.9680640000,217.3410022478
381,100,0,3,100,100,0,0,20,103,491,100,100,0.0674703059,20.1255094349,33.3333333333,16.5797502258,1.0000000000,0.9668480000,217.6143509631
382,100,0,4,100,100,0,0,20,104,588,100,100,0.0690478418,20.0564615931,25.0000000000,16.4955577026,1.0000000000,0.9680640000,217.3410022478
383,100,0,5,100,100,0,0,20,105,685,100,100,0.0722297151,19.9842318780,20.0000000000,16.4113601932,1.0000000000,0.9692800000,217.0683393859
384,100,0,4,100,100,0,0,20,104,588,100,100,0.0687992861,19.9154325919,25.0000000000,16.4955585086,1.0000000000,0.9680640000,217.3410022478
385,100,0,6,100,100,0,0,20,106,782,100,100,0.0740012747,19.8414313172,16.6666666667,16.3272309230,1.0000000000,0.9704960000,216.7963597995
386,100,0,8,100,100,0,0,20,108,976,100,100,0.0799794061,19.7614519111,12.5000000000,16.1588943452,1.0000000000,0.9729280000,216.2544402052
387,100,0,3,100,100,0,0,20,103,491,100,100,0.0669299995,19.6945219116,33.3333333333,16.5797814312,1.0000000000,0.9668480000,217.6143509631
388,100,0,3,100,100,0,0,20,103,491,100,100,0.0680005144,19.6265213972,33.3333333333,16.5798169593,1.0000000000,0.9668480000,217.6143509631
389,100,0,7,100,100,0,0,20,107,879,100,100,0.0775881887,19.5489332085,14.2857142857,16.2430683458,1.0000000000,0.9717120000,216.5250609234
390,100,0,6,100,100,0,0,20,106,782,100,100,0.0744966120,19.4744365966,16.6666666667,16.3272199017,1.0000000000,0.9704960000,216.7963597995
391,100,0,3,100,100,0,0,20,103,491,100,100,0.0671225867,19.4073140099,33.3333333333,16.5797411345,1.0000000000,0.9668480000,217.6143509631
392,100,0,3,100,100,0,0,20,103,491,100,100,0.0674341749,19.3398798350,33.3333333333,16.5797446457,1.0000000000,0.9668480000,217.6143509631
393,100,0,6,100,100,0,0,20,106,782,100,100,0.0749939464,19.2648858886,16.6666666667,16.3272027351,1.0000000000,0.9704960000,216.7963597995
394,100,0,4,100,100,0,0,20,104,588,100,100,0.0690818687,19.1958040198,25.0000000000,16.4955474241,1.0000000000,0.9680640000,217.3410022478
395,100,0,9,100,100,0,0,20,109,1073,100,100,0.0826589551,19.1131450647,11.1111111111,16.0747437229,1.0000000000,0.9741440000,215.9844951054
396,100,0,5,100,100,0,0,20,105,685,100,100,0.0725999719,19.0405450928,20.0000000000,16.4114375919,1.0000000000,0.9692800000,217.0683393859
397,100,0,5,100,100,0,0,20,105,685,100,100,0.0717797325,18.9687653603,20.0000000000,16.4113751735,1.0000000000,0.9692800000,217.0683393859
398,100,0,9,100,100,0,0,20,109,1073,100,100,0.0828052647,18.8859600955,11.1111111111,16.0747537509,1.0000000000,0.9741440000,215.9844951054
399,100,0,5,100,100,0,0,20,105,685,100,100,0.0729719063,18.8129881892,20.0000000000,16.4113743861,1.0000000000,0.9692800000,217.0683393859
400,100,0,2,100,100,0,0,20,102,394,100,100,0.0643827496,18.7486054396,50.0000000000,16.6638790538,1.0000000000,0.9656320000,217.8883881230
401,100,0,8,100,100,0,0,21,107,976,100,100,0.0802360760,18.6683693636,12.5000000000,16.1589142143,1.0000000000,0.9717120000,216.5250609234
402,100,0,6,100,100,0,0,21,106,782,100,100,0.0749713319,18.5933980317,16.6666666667,16.3272470360,1.0000000000,0.9704960000,216.7963597995
403,100,0,4,100,100,0,0,21,104,588,100,100,0.0692112308,18.5241868009,25.0000000000,16.4955434905,1.0000000000,0.9680640000,217.3410022478
404,100,0,5,100,100,0,0,21,105,685,100,100,0.0726694270,18.4515173739,20.0000000000,16.4114075771,1.0000000000,0.9692800000,217.0683393859
405,100,0,5,100,100,0,0,21,105,685,100,100,0.0719456198,18.3795717541,20.0000000000,16.4114313696,1.0000000000,0.9692800000,217.0683393859
406,100,0,8,100,100,0,0,21,108,976,100,100,0.0797069579,18.2998647962,12.5000000000,16.1588997347,1.0000000000,0.9729280000,216.2544402052
407,100,0,3,100,100,0,0,21,103,491,100,100,0.0664815549,18.2333832413,33.3333333333,16.5797487095,1.0000000000,0.9668480000,217.6143509631
408,100,0,5,100,100,0,0,21,105,685,100,100,0.0720532208,18.1613300205,20.0000000000,16.4113861723,1.0000000000,0.9692800000,217.0683393859
409,100,0,3,100,100,0,0,21,103,491,100,100,0.0665970430,18.0947329775,33.3333333333,16.5796845782,1.0000000000,0.9668480000,217.6143509631
410,100,0,9,100,100,0,0,21,109,1073,100,100,0.0832033716,18.0115296059,11.1111111111,16.0747450938,1.0000000000,0.9741440000,215.9844951054
411,100,0,5,100,100,0,0,21,105,685,100,100,0.0711790949,17.9403505110,20.0000000000,16.4113981313,1.0000000000,0.9692800000,217.0683393859
412,100,0,5,100,100,0,0,21,105,685,100,100,0.0713480417,17.8690024693,20.0000000000,16.4113812622,1.0000000000,0.9692800000,217.0683393859
413,100,0,4,100,100,0,0,21,104,588,100,100,0.0692746079,17.7997278614,25.0000000000,16.4955572106,1.0000000000,0.9680640000,217.3410022478
414,100,0,4,100,100,0,0,21,104,588,100,100,0.0697576804,17.7299701811,25.0000000000,16.4955172955,1.0000000000,0.9680640000,217.3410022478
415,100,0,5,100,100,0,0,21,105,685,100,100,0.0752021530,17.6547680280,20.0000000000,16.4114503218,1.0000000000,0.9692800000,217.0683393859
416,100,0,4,100,100,0,0,21,104,588,100,100,0.0699274135,17.5848406146,25.0000000000,16.4956188660,1.0000000000,0.9680640000,217.3410022478
417,100,0,6,100,100,0,0,21,106,782,100,100,0.0748825252,17.5099580894,16.6666666667,16.3272360115,1.0000000000,0.9704960000,216.7963597995
418,100,0,4,100,100,0,0,21,104,588,100,100,0.0708088395,17.4391492499,25.0000000000,16.4955613668,1.0000000000,0.9680640000,217.3410022478
419,100,0,5,100,100,0,0,21,105,685,100,100,0.0714370313,17.3677122186,20.0000000000,16.4113653026,1.0000000000,0.9692800000,217.0683393859
420,100,0,2,100,100,0,0,21,102,394,100,100,0.0669590647,17.3007531538,50.0000000000,16.6639707553,1.0000000000,0.9656320000,217.8883881230
421,100,0,3,100,100,0,0,22,103,491,100,100,0.0664993681,17.2342537857,33.3333333333,16.5797484837,1.0000000000,0.9668480000,217.6143509631
422,100,0,1,100,100,0,0,22,101,297,100,100,0.0687480323,17.1655057533,100.0000000000,16.7481807015,1.0000000000,0.9644160000,218.1631163315
423,100,0,8,100,100,0,0,22,108,976,100,100,0.0800551147,17.0854506387,12.5000000000,16.1589108325,1.0000000000,0.9729280000,216.2544402052
424,100,0,8,100,100,0,0,22,108,976,100,100,0.0800174909,17.0054331477,12.5000000000,16.1589061211,1.0000000000,0.9729280000,216.2544402052
425,100,0,4,100,100,0,0,22,104,588,100,100,0.0688317629,16.9366013849,25.0000000000,16.4955347688,1.0000000000,0.9680640000,217.3410022478
426,100,0,11,100,100,0,0,22,111,1267,100,100,0.0887167261,16.8478846587,9.0909090909,15.9064187634,1.0000000000,0.9765760000,215.4466216659
427,100,0,2,100,100,0,0,22,102,394,100,100,0.0661369950,16.7817476638,50.0000000000,16.6639411991,1.0000000000,0.9656320000,217.8883881230
428,100,0,7,100,100,0,0,22,107,879,100,100,0.0774363672,16.7043112965,14.2857142857,16.2430682181,1.0000000000,0.9717120000,216.5250609234
429,100,0,5,100,100,0,0,22,105,685,100,100,0.0713099803,16.6330013162,20.0000000000,16.4113778235,1.0000000000,0.9692800000,217.0683393859
430,100,0,3,100,100,0,0,22,103,491,100,100,0.0681121730,16.5648891432,33.3333333333,16.5798041892,1.0000000000,0.9668480000,217.6143509631
431,100,0,4,100,100,0,0,22,104,588,100,100,0.0699542650,16.4949348782,25.0000000000,16.4956227509,1.0000000000,0.9680640000,217.3410022478
432,100,0,2,100,100,0,0,22,102,394,100,100,0.0640422690,16.4308926092,50.0000000000,16.6638912375,1.0000000000,0.9656320000,217.8883881230
433,100,0,4,100,100,0,0,22,104,588,100,100,0.0698441997,16.3610484094,25.0000000000,16.4955305536,1.0000000000,0.9680640000,217.3410022478
434,100,0,7,100,100,0,0,22,107,879,100,100,0.0776564145,16.2833919949,14.2857142857,16.2430730485,1.0000000000,0.9717120000,216.5250609234
435,100,0,7,100,100,0,0,22,107,879,100,100,0.0774287967,16.2059631982,14.2857142857,16.2430431732,1.0000000000,0.9717120000,216.5250609234
436,100,0,5,100,100,0,0,22,105,685,100,100,0.0712935075,16.1346696907,20.0000000000,16.4113591776,1.0000000000,0.9692800000,217.0683393859
437,100,0,7,100,100,0,0,22,107,879,100,100,0.0768253281,16.0578443626,14.2857142857,16.2430528691,1.0000000000,0.9717120000,216.5250609234
438,100,0,3,100,100,0,0,22,103,491,100,100,0.0686334829,15.9892108796,33.3333333333,16.5797412226,1.0000000000,0.9668480000,217.6143509631
439,100,0,6,100,100,0,0,22,106,782,100,100,0.0784338543,15.9107770253,16.6666666667,16.3273324839,1.0000000000,0.9704960000,216.7963597995
440,100,0,3,100,100,0,0,22,103,491,100,100,0.0706735226,15.8401035027,33.3333333333,16.5797993579,1.0000000000,0.9668480000,217.6143509631
441,100,0,4,100,100,0,0,23,104,588,100,100,0.0694549044,15.7706485982,25.0000000000,16.4955273807,1.0000000000,0.9680640000,217.3410022478
442,100,0,5,100,100,0,0,23,104,685,100,100,0.0727853398,15.6978632584,20.0000000000,16.4114077842,1.0000000000,0.9680640000,217.3410022478
443,100,0,5,100,100,0,0,23,105,685,100,100,0.0716199809,15.6262432775,20.0000000000,16.4113885605,1.0000000000,0.9692800000,217.0683393859
444,100,0,9,100,100,0,0,23,108,1073,100,100,0.0827323743,15.5435109032,11.1111111111,16.0747578206,1.0000000000,0.9729280000,216.2544402052
445,100,0,2,100,100,0,0,23,102,394,100,100,0.0653244102,15.4781864931,50.0000000000,16.6638732596,1.0000000000,0.9656320000,217.8883881230
446,100,0,5,100,100,0,0,23,105,685,100,100,0.0719920091,15.4061944839,20.0000000000,16.4113951511,1.0000000000,0.9692800000,217.0683393859
447,100,0,9,100,100,0,0,23,109,1073,100,100,0.0827516394,15.3234428445,11.1111111111,16.0747505014,1.0000000000,0.9741440000,215.9844951054
448,100,0,5,100,100,0,0,23,105,685,100,100,0.0715112953,15.2519315492,20.0000000000,16.4113920093,1.0000000000,0.9692800000,217.0683393859
449,100,0,3,100,100,0,0,23,103,491,100,100,0.0696806453,15.1822509039,33.3333333333,16.5797921707,1.0000000000,0.9668480000,217.6143509631
450,100,0,8,100,100,0,0,23,108,976,100,100,0.0802598244,15.1019910796,12.5000000000,16.1588994347,1.0000000000,0.9729280000,216.2544402052
451,100,0,7,100,100,0,0,23,107,879,100,100,0.0771289945,15.0248620851,14.2857142857,16.2430512293,1.0000000000,0.9717120000,216.5250609234
452,100,0,4,100,100,0,0,23,104,588,100,100,0.0719002055,14.9529618796,25.0000000000,16.4956511414,1.0000000000,0.9680640000,217.3410022478
453,100,0,1,100,100,0,0,23,101,297,100,100,0.0641597767,14.8888021029,100.0000000000,16.7480671728,1.0000000000,0.9644160000,218.1631163315
454,100,0,1,100,100,0,0,23,101,297,100,100,0.0643764395,14.8244256633,100.0000000000,16.7480735757,1.0000000000,0.9644160000,218.1631163315
455,100,0,8,100,100,0,0,23,108,976,100,100,0.0801628034,14.7442628599,12.5000000000,16.1589256939,1.0000000000,0.9729280000,216.2544402052
456,100,0,5,100,100,0,0,23,105,685,100,100,0.0713881994,14.6728746606,20.0000000000,16.4114122536,1.0000000000,0.9692800000,217.0683393859
457,100,0,6,100,100,0,0,23,106,782,100,100,0.0748027029,14.5980719576,16.6666666667,16.3272445927,1.0000000000,0.9704960000,216.7963597995
458,100,0,3,100,100,0,0,23,103,491,100,100,0.0668219062,14.5312500515,33.3333333333,16.5796940054,1.0000000000,0.9668480000,217.6143509631
459,100,0,4,100,100,0,0,23,104,588,100,100,0.0691878700,14.4620621815,25.0000000000,16.4955444660,1.0000000000,0.9680640000,217.3410022478
460,100,0,6,100,100,0,0,23,106,782,100,100,0.0745450959,14.3875170856,16.6666666667,16.3272054105,1.0000000000,0.9704960000,216.7963597995
461,100,0,6,100,100,0,0,24,106,782,100,100,0.0744933566,14.3130237290,16.6666666667,16.3272354949,1.0000000000,0.9704960000,216.7963597995
462,100,0,3,100,100,0,0,24,103,491,100,100,0.0700462935,14.2429774355,33.3333333333,16.5798361435,1.0000000000,0.9668480000,217.6143509631
463,100,0,3,100,100,0,0,24,103,491,100,100,0.0685720254,14.1744054101,33.3333333333,16.5797710796,1.0000000000,0.9668480000,217.6143509631
464,100,0,5,100,100,0,0,24,105,685,100,100,0.0723818425,14.1020235676,20.0000000000,16.4113702369,1.0000000000,0.9692800000,217.0683393859
465,100,0,4,100,100,0,0,24,104,588,100,100,0.0698527183,14.0321708493,25.0000000000,16.4955636072,1.0000000000,0.9680640000,217.3410022478
466,100,0,5,100,100,0,0,24,105,685,100,100,0.0713707899,13.9608000594,20.0000000000,16.4113956951,1.0000000000,0.9692800000,217.0683393859
467,100,0,8,100,100,0,0,24,108,976,100,100,0.0798292784,13.8809707810,12.5000000000,16.1588793068,1.0000000000,0.9729280000,216.2544402052
468,100,0,6,100,100,0,0,24,106,782,100,100,0.0741928571,13.8067779239,16.6666666667,16.3272223572,1.0000000000,0.9704960000,216.7963597995
469,100,0,6,100,100,0,0,24,106,782,100,100,0.0746732981,13.7321046258,16.6666666667,16.3272230489,1.0000000000,0.9704960000,216.7963597995
470,100,0,9,100,100,0,0,24,109,1073,100,100,0.0830159804,13.6490886455,11.1111111111,16.0747295037,1.0000000000,0.9741440000,215.9844951054
471,100,0,5,100,100,0,0,24,105,685,100,100,0.0717414374,13.5773472080,20.0000000000,16.4113879171,1.0000000000,0.9692800000,217.0683393859
472,100,0,10,100,100,0,0,24,110,1170,100,100,0.0858836326,13.4914635754,10.0000000000,15.9905699248,1.0000000000,0.9753600000,215.7152230971
473,100,0,2,100,100,0,0,24,102,394,100,100,0.0677192075,13.4237443679,50.0000000000,16.6639659358,1.0000000000,0.9656320000,217.8883881230
474,100,0,3,100,100,0,0,24,103,491,100,100,0.0684365469,13.3553078209,33.3333333333,16.5797563560,1.0000000000,0.9668480000,217.6143509631
475,100,0,5,100,100,0,0,24,105,685,100,100,0.0715560777,13.2837517432,20.0000000000,16.4114024771,1.0000000000,0.9692800000,217.0683393859
476,100,0,4,100,100,0,0,24,104,588,100,100,0.0698181030,13.2139336402,25.0000000000,16.4955297433,1.0000000000,0.9680640000,217.3410022478
477,100,0,6,100,100,0,0,24,106,782,100,100,0.0746328691,13.1393007710,16.6666666667,16.3272701110,1.0000000000,0.9704960000,216.7963597995
478,100,0,3,100,100,0,0,24,103,491,100,100,0.0688901269,13.0704106441,33.3333333333,16.5798158839,1.0000000000,0.9668480000,217.6143509631
479,100,0,3,100,100,0,0,24,103,491,100,100,0.0670697817,13.0033408624,33.3333333333,16.5797652774,1.0000000000,0.9668480000,217.6143509631
480,100,0,4,100,100,0,0,24,104,588,100,100,0.0707533870,12.9325874754,25.0000000000,16.4955849011,1.0000000000,0.9680640000,217.3410022478
481,100,0,3,100,100,0,0,25,103,491,100,100,0.0667326534,12.8658548220,33.3333333333,16.5797345405,1.0000000000,0.9668480000,217.6143509631
482,100,0,4,100,100,0,0,25,104,588,100,100,0.0685832029,12.7972716191,25.0000000000,16.4955283886,1.0000000000,0.9680640000,217.3410022478
483,100,0,10,100,100,0,0,25,110,1170,100,100,0.0867117462,12.7105598728,10.0000000000,15.9905852810,1.0000000000,0.9753600000,215.7152230971
484,100,0,5,100,100,0,0,25,105,685,100,100,0.0716499005,12.6389099723,20.0000000000,16.4114082910,1.0000000000,0.9692800000,217.0683393859
485,100,0,1,100,100,0,0,25,101,297,100,100,0.0734469913,12.5654629809,100.0000000000,16.7482666163,1.0000000000,0.9644160000,218.1631163315
486,100,0,5,100,100,0,0,25,105,685,100,100,0.0716014544,12.4938615265,20.0000000000,16.4113978853,1.0000000000,0.9692800000,217.0683393859
487,100,0,6,100,100,0,0,25,106,782,100,100,0.0746308629,12.4192306636,16.6666666667,16.3272290798,1.0000000000,0.9704960000,216.7963597995
488,100,0,7,100,100,0,0,25,107,879,100,100,0.0769732920,12.3422573716,14.2857142857,16.2430652022,1.0000000000,0.9717120000,216.5250609234
489,100,0,6,100,100,0,0,25,106,782,100,100,0.0746344497,12.2676229219,16.6666666667,16.3272219879,1.0000000000,0.9704960000,216.7963597995
490,100,0,6,100,100,0,0,25,106,782,100,100,0.0742183226,12.1934045992,16.6666666667,16.3272176390,1.0000000000,0.9704960000,216.7963597995
491,100,0,8,100,100,0,0,25,108,976,100,100,0.0809914258,12.1124131734,12.5000000000,16.1589073308,1.0000000000,0.9729280000,216.2544402052
492,100,0,5,100,100,0,0,25,105,685,100,100,0.0723448408,12.0400683327,20.0000000000,16.4114049157,1.0000000000,0.9692800000,217.0683393859
493,100,0,4,100,100,0,0,25,104,588,100,100,0.0693445777,11.9707237549,25.0000000000,16.4955682448,1.0000000000,0.9680640000,217.3410022478
494,100,0,5,100,100,0,0,25,105,685,100,100,0.0727026687,11.8980210863,20.0000000000,16.4113727161,1.0000000000,0.9692800000,217.0683393859
495,100,0,3,100,100,0,0,25,103,491,100,100,0.0710025731,11.8270185131,33.3333333333,16.5798209230,1.0000000000,0.9668480000,217.6143509631
496,100,0,3,100,100,0,0,25,103,491,100,100,0.0668780966,11.7601404165,33.3333333333,16.5797418751,1.0000000000,0.9668480000,217.6143509631
497,100,0,6,100,100,0,0,25,106,782,100,100,0.0745330477,11.6856073689,16.6666666667,16.3272078851,1.0000000000,0.9704960000,216.7963597995
498,100,0,1,100,100,0,0,25,101,297,100,100,0.0730140443,11.6125933246,100.0000000000,16.7482422173,1.0000000000,0.9644160000,218.1631163315
499,100,0,8,100,100,0,0,25,107,976,100,100,0.0801964913,11.5323968333,12.5000000000,16.1589206199,1.0000000000,0.9717120000,216.5250609234
500,100,0,4,100,100,0,0,25,104,588,100,100,0.0691283366,11.4632684966,25.0000000000,16.4955351389,1.0000000000,0.9680640000,217.3410022478
501,100,0,3,100,100,0,0,26,103,491,100,100,0.0676507998,11.3956176968,33.3333333333,16.5798039575,1.0000000000,0.9668480000,217.6143509631
502,100,0,5,100,100,0,0,26,105,685,100,100,0.0718209644,11.3237967324,20.0000000000,16.4113909163,1.0000000000,0.9692800000,217.0683393859
503,100,0,2,100,100,0,0,26,102,394,100,100,0.0682906155,11.2555061169,50.0000000000,16.6639671992,1.0000000000,0.9656320000,217.8883881230
504,100,0,8,100,100,0,0,26,107,976,100,100,0.0824073855,11.1730987314,12.5000000000,16.1589775377,1.0000000000,0.9717120000,216.5250609234
505,100,0,5,100,100,0,0,26,105,685,100,100,0.0720302989,11.1010684324,20.0000000000,16.4113685765,1.0000000000,0.9692800000,217.0683393859
506,100,0,5,100,100,0,0,26,105,685,100,100,0.0723476555,11.0287207769,20.0000000000,16.4113910663,1.0000000000,0.9692800000,217.0683393859
507,100,0,5,100,100,0,0,26,105,685,100,100,0.0715835719,10.9571372051,20.0000000000,16.4113962993,1.0000000000,0.9692800000,217.0683393859
508,100,0,3,100,100,0,0,26,103,491,100,100,0.0672335032,10.8899037019,33.3333333333,16.5797200811,1.0000000000,0.9668480000,217.6143509631
509,100,0,5,100,100,0,0,26,105,685,100,100,0.0724418774,10.8174618244,20.0000000000,16.4114211716,1.0000000000,0.9692800000,217.0683393859
510,100,0,2,100,100,0,0,26,102,394,100,100,0.0664959886,10.7509658358,50.0000000000,16.6638997724,1.0000000000,0.9656320000,217.8883881230
511,100,0,8,100,100,0,0,26,108,976,100,100,0.0796635190,10.6713023168,12.5000000000,16.1588974269,1.0000000000,0.9729280000,216.2544402052
512,100,0,7,100,100,0,0,26,107,879,100,100,0.0772188462,10.5940834706,14.2857142857,16.2430537111,1.0000000000,0.9717120000,216.5250609234
513,100,0,5,100,100,0,0,26,105,685,100,100,0.0747236215,10.5193598491,20.0000000000,16.4115012136,1.0000000000,0.9692800000,217.0683393859
514,100,0,9,100,100,0,0,26,108,1073,100,100,0.0835647640,10.4357950851,11.1111111111,16.0747498190,1.0000000000,0.9729280000,216.2544402052
515,100,0,1,100,100,0,0,26,101,297,100,100,0.0682510374,10.3675440477,100.0000000000,16.7481703916,1.0000000000,0.9644160000,218.1631163315
516,100,0,1,100,100,0,0,26,101,297,100,100,0.0757096534,10.2918343943,100.0000000000,16.7482732012,1.0000000000,0.9644160000,218.1631163315
517,100,0,3,100,100,0,0,26,103,491,100,100,0.0669806001,10.2248537942,33.3333333333,16.5797064145,1.0000000000,0.9668480000,217.6143509631
518,100,0,11,100,100,0,0,26,111,1267,100,100,0.0886320339,10.1362217603,9.0909090909,15.9064064546,1.0000000000,0.9765760000,215.4466216659
519,100,0,6,100,100,0,0,26,106,782,100,100,0.0747430702,10.0614786901,16.6666666667,16.3272152845,1.0000000000,0.9704960000,216.7963597995
520,100,0,6,100,100,0,0,26,106,782,100,100,0.0751772160,9.9863014740,16.6666666667,16.3272081192,1.0000000000,0.9704960000,216.7963597995
521,100,0,8,100,100,0,0,27,108,976,100,100,0.0806661948,9.9056352792,12.5000000000,16.1589307459,1.0000000000,0.9729280000,216.2544402052
522,100,0,5,100,100,0,0,27,105,685,100,100,0.0714391730,9.8341961063,20.0000000000,16.4113925004,1.0000000000,0.9692800000,217.0683393859
523,100,0,5,100,100,0,0,27,105,685,100,100,0.0721468347,9.7620492715,20.0000000000,16.4114078782,1.0000000000,0.9692800000,217.0683393859
524,100,0,5,100,100,0,0,27,105,685,100,100,0.0712647636,9.6907845080,20.0000000000,16.4113683104,1.0000000000,0.9692800000,217.0683393859
525,100,0,4,100,100,0,0,27,104,588,100,100,0.0690412245,9.6217432835,25.0000000000,16.4955583982,1.0000000000,0.9680640000,217.3410022478
526,100,0,4,100,100,0,0,27,104,588,100,100,0.0721205408,9.5496227427,25.0000000000,16.4956438752,1.0000000000,0.9680640000,217.3410022478
527,100,0,7,100,100,0,0,27,107,879,100,100,0.0774849588,9.4721377839,14.2857142857,16.2430412190,1.0000000000,0.9717120000,216.5250609234
528,100,0,3,100,100,0,0,27,103,491,100,100,0.0668887376,9.4052490463,33.3333333333,16.5797082964,1.0000000000,0.9668480000,217.6143509631
529,100,0,6,100,100,0,0,27,106,782,100,100,0.0749821057,9.3302669406,16.6666666667,16.3272284759,1.0000000000,0.9704960000,216.7963597995
530,100,0,3,100,100,0,0,27,103,491,100,100,0.0694243120,9.2608426285,33.3333333333,16.5797952966,1.0000000000,0.9668480000,217.6143509631
531,100,0,6,100,100,0,0,27,106,782,100,100,0.0742917556,9.1865508729,16.6666666667,16.3272349278,1.0000000000,0.9704960000,216.7963597995
532,100,0,5,100,100,0,0,27,105,685,100,100,0.0718313593,9.1147195136,20.0000000000,16.4113867026,1.0000000000,0.9692800000,217.0683393859
533,100,0,6,100,100,0,0,27,106,782,100,100,0.0748442775,9.0398752361,16.6666666667,16.3272160608,1.0000000000,0.9704960000,216.7963597995
534,100,0,5,100,100,0,0,27,105,685,100,100,0.0713596358,8.9685156003,20.0000000000,16.4114095074,1.0000000000,0.9692800000,217.0683393859
535,100,0,3,100,100,0,0,27,103,491,100,100,0.0692136798,8.8993019205,33.3333333333,16.5797712119,1.0000000000,0.9668480000,217.6143509631
536,100,0,6,100,100,0,0,27,106,782,100,100,0.0740497587,8.8252521618,16.6666666667,16.3272250420,1.0000000000,0.9704960000,216.7963597995
537,100,0,7,100,100,0,0,27,107,879,100,100,0.0772680960,8.7479840658,14.2857142857,16.2430632750,1.0000000000,0.9717120000,216.5250609234
538,100,0,8,100,100,0,0,27,108,976,100,100,0.0802367201,8.6677473457,12.5000000000,16.1588994381,1.0000000000,0.9729280000,216.2544402052
539,100,0,1,100,100,0,0,27,101,297,100,100,0.0666138516,8.6011334941,100.0000000000,16.7481396803,1.0000000000,0.9644160000,218.1631163315
540,100,0,3,100,100,0,0,27,103,491,100,100,0.0672020772,8.5339314169,33.3333333333,16.5797099662,1.0000000000,0.9668480000,217.6143509631
541,100,0,5,100,100,0,0,28,105,685,100,100,0.0717523453,8.4621790716,20.0000000000,16.4114180434,1.0000000000,0.9692800000,217.0683393859
542,100,0,2,100,100,0,0,28,102,394,100,100,0.0670022237,8.3951768479,50.0000000000,16.6639919293,1.0000000000,0.9656320000,217.8883881230
543,100,0,8,100,100,0,0,28,107,976,100,100,0.0800650482,8.3151117997,12.5000000000,16.1589178465,1.0000000000,0.9717120000,216.5250609234
544,100,0,4,100,100,0,0,28,104,588,100,100,0.0700116026,8.2451001971,25.0000000000,16.4955936577,1.0000000000,0.9680640000,217.3410022478
545,100,0,1,100,100,0,0,28,101,297,100,100,0.0700163367,8.1750838604,100.0000000000,16.7482099104,1.0000000000,0.9644160000,218.1631163315
546,100,0,8,100,100,0,0,28,108,976,100,100,0.0800554128,8.0950284476,12.5000000000,16.1588847749,1.0000000000,0.9729280000,216.2544402052
547,100,0,6,100,100,0,0,28,106,782,100,100,0.0743364175,8.0206920301,16.6666666667,16.3272125584,1.0000000000,0.9704960000,216.7963597995
548,100,0,9,100,100,0,0,28,109,1073,100,100,0.0826773886,7.9380146414,11.1111111111,16.0747313731,1.0000000000,0.9741440000,215.9844951054
549,100,0,6,100,100,0,0,28,106,782,100,100,0.0747473944,7.8632672470,16.6666666667,16.3272424059,1.0000000000,0.9704960000,216.7963597995
550,100,0,2,100,100,0,0,28,102,394,100,100,0.0657680215,7.7974992254,50.0000000000,16.6639700949,1.0000000000,0.9656320000,217.8883881230
551,100,0,7,100,100,0,0,28,107,879,100,100,0.0770253670,7.7204738584,14.2857142857,16.2430529268,1.0000000000,0.9717120000,216.5250609234
552,100,0,1,100,100,0,0,28,101,297,100,100,0.0642938216,7.6561800368,100.0000000000,16.7480706793,1.0000000000,0.9644160000,218.1631163315
553,100,0,1,100,100,0,0,28,101,297,100,100,0.0694404416,7.5867395952,100.0000000000,16.7481981559,1.0000000000,0.9644160000,218.1631163315
554,100,0,8,100,100,0,0,28,108,976,100,100,0.0800699493,7.5066696459,12.5000000000,16.1588888193,1.0000000000,0.9729280000,216.2544402052
555,100,0,7,100,100,0,0,28,107,879,100,100,0.0770841585,7.4295854874,14.2857142857,16.2430553258,1.0000000000,0.9717120000,216.5250609234
556,100,0,10,100,100,0,0,28,109,1170,100,100,0.0854966367,7.3440888507,10.0000000000,15.9905678783,1.0000000000,0.9741440000,215.9844951054
557,99,1,7,100,76,24,0,28,107,879,87,87,0.0716908277,7.2723980229,11.0000000000,16.1677559426,0.7600000000,0.8623040000,185.4380821613
558,99,1,1,99,99,0,0,28,100,294,99,99,0.0709627539,7.2014352691,99.0000000000,16.7473809715,1.0000000000,0.9547840000,218.1603378356
559,99,1,4,99,99,0,0,28,103,582,99,99,0.0695819781,7.1318532909,24.7500000000,16.4921831519,1.0000000000,0.9584320000,217.3299722881
560,99,1,3,99,99,0,0,28,102,486,99,99,0.0685133031,7.0633399878,33.0000000000,16.5772263909,1.0000000000,0.9572160000,217.6060575669
561,98,2,7,98,98,0,0,29,105,862,98,98,0.0760277920,6.9873121958,14.0000000000,16.2310316672,1.0000000000,0.9524480000,216.4863593603
562,98,2,7,98,98,0,0,29,105,861,98,98,0.0765377220,6.9107744738,14.0000000000,16.2310771296,1.0000000000,0.9524480000,216.4863593603
563,98,2,6,98,98,0,0,29,104,766,98,98,0.0730632125,6.8377112613,16.3333333333,16.3169398630,1.0000000000,0.9512320000,216.7631030075
564,98,2,3,98,98,0,0,29,101,481,98,98,0.0659885567,6.7717227046,32.6666666667,16.5746266636,1.0000000000,0.9475840000,217.5975955694
565,98,2,3,98,98,0,0,29,101,481,98,98,0.0654078333,6.7063148713,32.6666666667,16.5745578891,1.0000000000,0.9475840000,217.5975955694
566,98,2,3,98,98,0,0,29,101,481,98,98,0.0662291651,6.6400857062,32.6666666667,16.5745769962,1.0000000000,0.9475840000,217.5975955694
567,98,2,8,98,98,0,0,29,106,956,98,98,0.0783020690,6.5617836372,12.2500000000,16.1451419721,1.0000000000,0.9536640000,216.2103214549
568,98,2,8,98,98,0,0,29,106,956,98,98,0.0784422039,6.4833414334,12.2500000000,16.1451480183,1.0000000000,0.9536640000,216.2103214549
569,98,2,4,98,97,1,0,29,102,576,97,97,0.0688054486,6.4145359847,24.5000000000,16.4851735927,0.9897959184,0.9403840000,217.0262360908
570,97,3,5,97,97,0,0,29,102,666,97,97,0.0695700744,6.3449659103,19.4000000000,16.3983779034,1.0000000000,0.9403840000,217.0262360908
571,97,3,9,97,97,0,0,29,106,1040,97,97,0.0805399208,6.2644259896,10.7777777778,16.0513254200,1.0000000000,0.9452480000,215.9094756085
572,97,3,3,97,97,0,0,29,100,476,97,97,0.0677808751,6.1966451145,32.3333333333,16.5720227194,1.0000000000,0.9379520000,217.5889597762
573,97,3,2,97,96,1,0,29,99,382,96,96,0.0656366918,6.1310084227,48.5000000000,16.6569611993,0.9896907216,0.9283200000,217.5801447777
574,93,7,3,94,42,52,0,29,79,495,70,70,0.0532597621,6.0777486606,14.3333333333,16.4314695833,0.4468085106,0.6851840000,128.9697365963
575,93,7,7,93,93,0,0,29,100,816,93,93,0.0713512024,6.0063974582,13.2857142857,16.1987203255,1.0000000000,0.9042880000,216.3823914505
576,93,7,2,93,92,1,0,29,95,366,92,92,0.0641804026,5.9422170556,46.5000000000,16.6493515250,0.9892473118,0.8897920000,217.5429763360
577,91,9,4,92,61,31,0,29,96,541,86,86,0.0610974669,5.8811195886,15.5000000000,16.4182827066,0.6630434783,0.8405120000,152.6974034874
578,91,9,5,91,91,0,0,29,96,622,91,91,0.0657661935,5.8153533951,18.2000000000,16.3698000156,1.0000000000,0.8825920000,216.9337587470
579,90,10,4,91,53,38,0,29,95,534,80,80,0.0580885242,5.7572648709,13.5000000000,16.3558265363,0.5824175824,0.7888000000,141.3691683570
580,89,11,3,89,89,0,0,29,92,436,89,89,0.0595234269,5.6977414440,29.6666666667,16.5485371196,1.0000000000,0.8608960000,217.5129167751
581,89,11,4,89,89,0,0,30,93,522,89,89,0.0618490118,5.6358924322,22.2500000000,16.4540011243,1.0000000000,0.8621120000,217.2061170706
582,89,11,4,89,89,0,0,30,93,522,89,89,0.0658408180,5.5700516142,22.2500000000,16.4540673511,1.0000000000,0.8621120000,217.2061170706
583,89,11,6,89,89,0,0,30,95,694,89,89,0.0660433491,5.5040082651,14.8333333333,16.2648177402,1.0000000000,0.8645440000,216.5951067846
584,89,11,6,89,89,0,0,30,95,694,89,89,0.0677580444,5.4362502207,14.8333333333,16.2648420617,1.0000000000,0.8645440000,216.5951067846
585,89,11,7,89,89,0,0,30,96,780,89,89,0.0686626609,5.3675875598,12.7142857143,16.1702560209,1.0000000000,0.8657600000,216.2908889300
586,89,11,7,89,89,0,0,30,96,780,89,89,0.0685288090,5.2990587508,12.7142857143,16.1702801158,1.0000000000,0.8657600000,216.2908889300
587,89,11,5,89,88,1,0,30,94,608,88,88,0.0645560493,5.2345027015,17.8000000000,16.3540393787,0.9887640449,0.8549120000,216.5743374757
588,88,12,3,88,88,0,0,30,92,435,88,88,0.0587912339,5.1757114676,29.3333333333,16.5453009973,1.0000000000,0.8524800000,217.1921921922
589,88,12,6,88,88,0,0,30,94,686,88,88,0.0656939523,5.1100175154,14.6666666667,16.2583628541,1.0000000000,0.8549120000,216.5743374757
590,87,13,5,87,87,0,0,30,92,599,87,87,0.0623846500,5.0476328653,17.4000000000,16.3485137221,1.0000000000,0.8440640000,216.8650718429
591,87,13,4,87,87,0,0,30,91,510,87,87,0.0616660148,4.9859668505,21.7500000000,16.4452974103,1.0000000000,0.8428480000,217.1779490489
592,87,13,3,87,87,0,0,30,90,426,87,87,0.0577498940,4.9282169565,29.0000000000,16.5419815534,1.0000000000,0.8416320000,217.4917303525
593,87,13,6,87,87,0,0,30,93,678,87,87,0.0646387618,4.8635781948,14.5000000000,16.2517770350,1.0000000000,0.8452800000,216.5530948325
594,87,13,5,87,87,0,0,30,92,594,87,87,0.0632740550,4.8003041398,17.4000000000,16.3485607758,1.0000000000,0.8440640000,216.8650718429
595,87,13,4,87,87,0,0,30,91,510,87,87,0.0600570342,4.7402471056,21.7500000000,16.4452843878,1.0000000000,0.8428480000,217.1779490489
596,87,13,4,87,87,0,0,30,91,510,87,87,0.0601569089,4.6800901968,21.7500000000,16.4452742712,1.0000000000,0.8428480000,217.1779490489
597,87,13,2,87,87,0,0,30,89,342,87,87,0.0564912233,4.6235989735,43.5000000000,16.6387836507,1.0000000000,0.8404160000,217.8064196779
598,87,13,2,87,87,0,0,30,89,342,87,87,0.0583828338,4.5652161398,43.5000000000,16.6387996197,1.0000000000,0.8404160000,217.8064196779
599,87,13,2,87,87,0,0,30,89,342,87,87,0.0585897110,4.5066264288,43.5000000000,16.6387776785,1.0000000000,0.8404160000,217.8064196779
600,86,14,4,86,86,0,0,30,90,504,86,86,0.0596972156,4.4469292132,21.5000000000,16.4408057066,1.0000000000,0.8332160000,217.1633766034
601,84,16,5,86,52,34,0,31,91,587,62,62,0.0521971806,4.3947320327,11.0000000000,16.3466688097,0.6046511628,0.6324480000,172.9912973082
602,83,17,4,83,83,0,0,31,87,489,83,83,0.0589851332,4.3357468994,20.7500000000,16.4266687815,1.0000000000,0.8043200000,217.1175651482
603,83,17,6,83,82,1,0,31,89,646,82,82,0.0616837776,4.2740631218,13.8333333333,16.2164114603,0.9879518072,0.7983360000,216.1095077762
604,81,19,2,82,47,35,0,31,84,323,74,74,0.0492909739,4.2247721479,24.0000000000,16.6531391957,0.5731707317,0.7249280000,136.4107883817
605,81,19,4,81,81,0,0,31,85,474,81,81,0.0586941102,4.1660780376,20.2500000000,16.4166619469,1.0000000000,0.7850560000,217.0851506135
606,81,19,1,81,81,0,0,31,82,240,81,81,0.0564479952,4.1096300425,81.0000000000,16.7284608442,1.0000000000,0.7814080000,218.0986117368
607,81,19,3,81,81,0,0,31,84,396,81,81,0.0549063590,4.0547236835,27.0000000000,16.5205701072,1.0000000000,0.7838400000,217.4219228414
608,81,19,5,81,81,0,0,31,86,552,81,81,0.0598857337,3.9948379498,16.2000000000,16.3127548178,1.0000000000,0.7862720000,216.7494200480
609,81,19,6,81,81,0,0,31,87,630,81,81,0.0606278795,3.9342100704,13.5000000000,16.2088462527,1.0000000000,0.7874880000,216.4147263196
610,81,19,4,81,81,0,0,31,85,474,81,81,0.0568815998,3.8773284706,20.2500000000,16.4166566839,1.0000000000,0.7850560000,217.0851506135
611,80,20,4,80,80,0,0,31,84,472,80,80,0.0556648660,3.8216636046,20.0000000000,16.4114183775,1.0000000000,0.7754240000,217.0683393859
612,80,20,3,80,80,0,0,31,83,391,80,80,0.0536001357,3.7680634689,26.6666666667,16.5166323667,1.0000000000,0.7742080000,217.4092750269
613,80,20,7,80,80,0,0,31,87,699,80,80,0.0615777744,3.7064856945,11.4285714286,16.0958104124,1.0000000000,0.7790720000,216.0519181796
614,80,20,4,80,80,0,0,31,84,468,80,80,0.0557015740,3.6507841205,20.0000000000,16.4114077416,1.0000000000,0.7754240000,217.0683393859
615,79,21,4,80,52,28,0,31,84,468,55,55,0.0443487783,3.6064353422,13.2500000000,16.3466979523,0.6500000000,0.5650240000,193.6342527043
616,77,23,2,77,77,0,0,31,56,329,77,77,0.0511378352,3.5552975071,38.5000000000,16.6137055219,1.0000000000,0.7161280000,226.2277134814
617,77,23,7,77,77,0,0,31,84,672,77,77,0.0598413837,3.4954561233,11.0000000000,16.0671351093,1.0000000000,0.7501760000,215.9599880561
618,77,23,4,77,76,1,0,31,81,450,76,76,0.0533557523,3.4421003710,19.2500000000,16.3892681201,0.9870129870,0.7381120000,216.6392092257
619,75,25,3,75,75,0,0,31,78,366,75,75,0.0496173514,3.3924830196,25.0000000000,16.4955484628,1.0000000000,0.7260480000,217.3410022478
620,75,25,4,75,75,0,0,31,79,438,75,75,0.0528091150,3.3396739046,18.7500000000,16.3833756449,1.0000000000,0.7272640000,216.9776037312
621,74,26,5,74,74,0,0,32,79,504,74,74,0.0529050624,3.2867688422,14.8000000000,16.2635794084,1.0000000000,0.7188480000,216.5909900285
622,74,26,5,74,74,0,0,32,79,503,74,74,0.0546051717,3.2321636704,14.8000000000,16.2636136565,1.0000000000,0.7188480000,216.5909900285
623,74,26,4,74,74,0,0,32,78,432,74,74,0.0518620146,3.1803016559,18.5000000000,16.3773542305,1.0000000000,0.7176320000,216.9579951842
624,74,26,2,74,74,0,0,32,76,290,74,74,0.0481397297,3.1321619262,37.0000000000,16.6047646016,1.0000000000,0.7152000000,217.6957494407
625,73,27,5,74,51,23,0,32,79,503,60,60,0.0470615998,3.0851003264,10.4000000000,16.1721342122,0.6891891892,0.6010240000,178.5352997551
626,73,27,4,73,72,1,0,32,77,426,72,72,0.0508777757,3.0342225507,18.2500000000,16.3646728215,0.9863013699,0.6995840000,216.5401152685
627,72,28,3,72,72,0,0,32,75,353,72,72,0.0508061864,2.9834163643,24.0000000000,16.4816147483,1.0000000000,0.6971520000,217.2955108785
628,72,28,7,72,72,0,0,32,79,627,72,72,0.0553189896,2.9280973747,10.2857142857,16.0139990724,1.0000000000,0.7020160000,215.7899535053
629,71,29,5,72,54,18,0,32,77,489,69,69,0.0504791671,2.8776182076,11.0000000000,16.2087957169,0.7500000000,0.6743360000,168.4857400465
630,71,29,5,71,71,0,0,32,76,482,71,71,0.0507780114,2.8268401962,14.2000000000,16.2395383984,1.0000000000,0.6899520000,216.5136125412
631,71,29,1,71,71,0,0,32,72,210,71,71,0.0517817961,2.7750584002,71.0000000000,16.7138543900,1.0000000000,0.6850880000,218.0508197487
632,70,30,3,70,70,0,0,32,73,343,70,70,0.0481477875,2.7269106126,23.3333333333,16.4715901022,1.0000000000,0.6778880000,217.2630287009
633,70,30,4,70,70,0,0,32,74,408,70,70,0.0494038803,2.6775067323,17.5000000000,16.3513302577,1.0000000000,0.6791040000,216.8739986806
634,69,31,1,70,0,70,0,32,71,207,29,29,0.0272572872,2.6502494452,1.0000000000,0.0000000000,0.0000000000,0.3304000000,0.0000000000
635,68,32,5,69,44,25,0,32,74,468,62,62,0.0464722342,2.6037772110,9.0000000000,16.0671205525,0.6376811594,0.6117760000,151.3233601841
636,68,32,1,68,68,0,0,32,69,201,68,68,0.0481112030,2.5556660080,68.0000000000,16.7086080072,1.0000000000,0.6561920000,218.0337462206
637,67,33,1,67,67,0,0,32,68,198,67,67,0.0504734715,2.5051925365,67.0000000000,16.7068013576,1.0000000000,0.6465600000,218.0277159119
638,67,33,3,67,66,1,0,32,70,326,66,66,0.0442340075,2.4609585290,22.3333333333,16.4496819979,0.9850746269,0.6405760000,216.7798980917
639,66,34,2,66,65,1,0,32,68,259,65,65,0.0433996587,2.4175588703,33.0000000000,16.5732737837,0.9848484848,0.6297280000,217.1731287159
640,65,35,6,65,65,0,0,32,71,503,65,65,0.0489304473,2.3686284230,10.8333333333,16.0553720499,1.0000000000,0.6333760000,215.9222957611
641,65,35,5,65,65,0,0,33,70,440,65,65,0.0465196009,2.3221088221,13.0000000000,16.1848520835,1.0000000000,0.6321600000,216.3376360415
642,65,35,3,65,65,0,0,33,68,316,65,65,0.0454038159,2.2767050062,21.6666666667,16.4438399031,1.0000000000,0.6297280000,217.1731287159
643,65,35,2,65,65,0,0,33,67,254,65,65,0.0428164567,2.2338885495,32.5000000000,16.5733428574,1.0000000000,0.6285120000,217.5932997302
644,63,37,4,64,42,22,0,33,69,377,57,57,0.0416249788,2.1922635706,10.7500000000,16.2310961844,0.6562500000,0.5636160000,156.7876000681
645,63,37,6,63,63,0,0,33,69,486,63,63,0.0487805210,2.1434830496,10.5000000000,16.0307482291,1.0000000000,0.6141120000,215.8433640769
646,63,37,7,63,63,0,0,33,69,546,63,63,0.0483113010,2.0951717486,9.0000000000,15.8971008204,1.0000000000,0.6141120000,215.8433640769
647,63,37,2,63,63,0,0,33,65,246,63,63,0.0440244863,2.0511472623,31.5000000000,16.5651708779,1.0000000000,0.6092480000,217.5665738747
648,63,37,1,63,63,0,0,33,64,186,63,63,0.0441128910,2.0070343713,63.0000000000,16.6987754676,1.0000000000,0.6080320000,218.0016841219
649,63,37,3,63,63,0,0,33,66,306,63,63,0.0438279775,1.9632063938,21.0000000000,16.4315547469,1.0000000000,0.6104640000,217.1331970436
650,63,37,3,63,63,0,0,33,66,306,63,63,0.0425089992,1.9206973946,21.0000000000,16.4314905727,1.0000000000,0.6104640000,217.1331970436
651,62,38,1,63,0,63,0,33,64,186,6,6,0.0133479690,1.9073494255,1.0000000000,0.0000000000,0.0000000000,0.1283200000,0.0000000000
652,61,39,2,62,29,33,0,33,64,242,36,36,0.0287550376,1.8785943879,15.0000000000,16.5420784960,0.4677419355,0.3808000000,160.2310924370
653,61,39,2,61,61,0,0,33,63,238,61,61,0.0402307061,1.8383636818,30.5000000000,16.5563624243,1.0000000000,0.5899840000,217.5381027282
654,61,39,5,61,61,0,0,33,66,412,61,61,0.0434658121,1.7948978697,12.2000000000,16.1424056681,1.0000000000,0.5936320000,216.2012829497
655,61,39,5,61,61,0,0,33,66,412,61,61,0.0436246230,1.7512732467,12.2000000000,16.1423751812,1.0000000000,0.5936320000,216.2012829497
656,61,39,5,61,61,0,0,33,66,412,61,61,0.0435994052,1.7076738415,12.2000000000,16.1423787834,1.0000000000,0.5936320000,216.2012829497
657,61,39,1,61,61,0,0,33,62,180,61,61,0.0458225444,1.6618512971,61.0000000000,16.6944480905,1.0000000000,0.5887680000,217.9873906191
658,61,39,2,61,61,0,0,33,63,238,61,61,0.0432491797,1.6186021174,30.5000000000,16.5564127245,1.0000000000,0.5899840000,217.5381027282
659,60,40,3,60,59,1,0,33,63,292,59,59,0.0395923818,1.5790097356,20.0000000000,16.4043099384,0.9833333333,0.5731520000,216.5847803026
660,59,41,2,59,58,1,0,33,61,232,58,58,0.0410762365,1.5379334991,29.5000000000,16.5421168074,0.9830508475,0.5623040000,217.0213976781
661,57,43,4,58,47,11,0,34,62,336,53,53,0.0392080089,1.4987254902,12.0000000000,16.2951040289,0.8103448276,0.5214400000,189.6440625959
662,57,43,1,57,57,0,0,34,58,168,57,57,0.0389795571,1.4597459332,57.0000000000,16.6846855810,1.0000000000,0.5502400000,217.9558011050
663,55,45,4,56,41,15,0,34,60,324,53,53,0.0374974227,1.4222485105,10.7500000000,16.2164478557,0.7321428571,0.5190080000,166.2093840557
664,54,46,1,54,53,1,0,34,30,162,53,53,0.0358203198,1.3864281906,54.0000000000,16.6735538693,0.9814814815,0.4825280000,231.0995424100
665,51,49,7,53,35,18,0,34,61,464,43,43,0.0370265092,1.3494016814,5.2857142857,15.6299120507,0.6603773585,0.4360640000,168.8742936817
666,50,50,3,50,50,0,0,34,53,242,50,50,0.0331479115,1.3162537699,16.6666666667,16.3272732384,1.0000000000,0.4852480000,216.7963597995
667,49,51,4,49,49,0,0,34,53,284,49,49,0.0337696499,1.2824841200,12.2500000000,16.1451974676,1.0000000000,0.4768320000,216.2103214549
668,49,51,1,49,49,0,0,34,50,144,49,49,0.0333846064,1.2490995136,49.0000000000,16.6605687749,1.0000000000,0.4731840000,217.8771894231
669,47,53,1,48,0,48,0,34,49,142,24,24,0.0209032619,1.2281962517,1.0000000000,0.0000000000,0.0000000000,0.2615680000,0.0000000000
670,46,54,4,46,45,1,0,34,49,267,45,45,0.0340418283,1.1941544234,11.5000000000,16.0842416379,0.9782608696,0.4383040000,216.0144557202
671,44,56,5,45,41,4,0,34,50,303,41,41,0.0308769891,1.1632774344,8.4000000000,16.0111776388,0.9111111111,0.4058560000,212.5482929906
672,44,56,3,44,43,1,0,34,47,211,43,43,0.0289610566,1.1343163777,14.6666666667,16.2450871639,0.9772727273,0.4190400000,215.9030164185
673,44,56,2,44,43,1,0,34,46,170,43,43,0.0297726581,1.1045437197,22.0000000000,16.4408804125,0.9772727273,0.4178240000,216.5313624876
674,43,57,1,43,43,0,0,34,44,127,43,43,0.0333594390,1.0711842806,43.0000000000,16.6367192337,1.0000000000,0.4153920000,217.7990909791
675,43,57,1,43,43,0,0,34,44,126,43,43,0.0312975997,1.0398866809,43.0000000000,16.6366683475,1.0000000000,0.4153920000,217.7990909791
676,43,57,1,43,43,0,0,34,44,126,43,43,0.0340674815,1.0058191994,43.0000000000,16.6367261361,1.0000000000,0.4153920000,217.7990909791
677,43,57,3,43,42,1,0,34,46,206,42,42,0.0283452625,0.9774739369,14.3333333333,16.2311117723,0.9767441860,0.4094080000,215.8433640769
678,42,58,3,42,41,1,0,34,45,203,41,41,0.0292771469,0.9481967900,14.0000000000,16.2164964422,0.9761904762,0.3997760000,215.7808372689
679,41,59,1,41,41,0,0,34,42,120,41,41,0.0331709460,0.9150258440,41.0000000000,16.6271901562,1.0000000000,0.3961280000,217.7679941837
680,41,59,3,41,41,0,0,34,44,196,41,41,0.0272390558,0.8877867882,13.6666666667,16.2164480929,1.0000000000,0.3985600000,216.4391810518
681,40,60,2,41,18,23,0,35,43,158,23,23,0.0184750566,0.8693117317,9.5000000000,16.3647346612,0.4390243902,0.2458560000,154.0413900820
682,40,60,1,40,40,0,0,35,41,117,40,40,0.0292198542,0.8400918774,40.0000000000,16.6219813039,1.0000000000,0.3864960000,217.7512833251
683,40,60,1,40,40,0,0,35,41,117,40,40,0.0286183522,0.8114735253,40.0000000000,16.6219624250,1.0000000000,0.3864960000,217.7512833251
684,39,61,4,39,38,1,0,35,43,223,38,38,0.0265415357,0.7849319896,9.7500000000,15.9463635994,0.9743589744,0.3720960000,214.8692810458
685,36,64,2,38,0,38,0,35,40,147,20,20,0.0169958296,0.7679361600,1.0000000000,0.0000000000,0.0000000000,0.2169600000,0.0000000000
686,35,65,1,35,35,0,0,35,36,102,35,35,0.0280872081,0.7398489519,35.0000000000,16.5919795825,1.0000000000,0.3383360000,217.6534569186
687,34,66,3,34,34,0,0,35,37,164,34,34,0.0226710726,0.7171778793,11.3333333333,16.0896553312,1.0000000000,0.3311360000,216.0320834944
688,34,66,2,34,34,0,0,35,36,130,34,34,0.0260191557,0.6911587236,17.0000000000,16.3373194050,1.0000000000,0.3299200000,216.8283220175
689,33,67,1,33,33,0,0,35,35,98,33,33,0.0242195080,0.6669392156,33.0000000000,16.5773641187,1.0000000000,0.3202880000,216.7798980917
690,33,67,1,33,33,0,0,35,34,96,33,33,0.0237803635,0.6431588522,33.0000000000,16.5773300370,1.0000000000,0.3190720000,217.6060575669
691,33,67,3,33,33,0,0,35,36,156,33,33,0.0218431284,0.6213157238,11.0000000000,16.0671601417,1.0000000000,0.3215040000,215.9599880561
692,31,69,1,32,0,32,0,35,33,93,4,4,0.0080290922,0.6132866316,1.0000000000,0.0000000000,0.0000000000,0.0737920000,0.0000000000
693,30,70,2,30,30,0,0,35,32,115,30,30,0.0205054655,0.5927811661,15.0000000000,16.2712588026,1.0000000000,0.2913920000,216.6154184054
694,30,70,2,30,30,0,0,35,32,114,30,30,0.0207641787,0.5720169874,15.0000000000,16.2712639648,1.0000000000,0.2913920000,216.6154184054
695,30,70,1,30,29,1,0,35,31,87,29,29,0.0223389041,0.5496780833,30.0000000000,16.5421869675,0.9666666667,0.2817600000,216.5530948325
696,29,71,1,29,28,1,0,35,31,86,28,28,0.0211578353,0.5285202479,29.0000000000,16.5318442859,0.9655172414,0.2733440000,215.5232966518
697,28,72,4,28,28,0,0,35,32,158,28,28,0.0193911645,0.5091290834,7.0000000000,15.6299615851,1.0000000000,0.2745600000,214.5687645688
698,27,73,1,28,0,28,0,35,29,81,1,1,0.0052436482,0.5038854353,1.0000000000,0.0000000000,0.0000000000,0.0436800000,0.0000000000
699,27,73,2,27,26,1,0,35,29,102,26,26,0.0171689008,0.4867165345,13.5000000000,16.1848916498,0.9629629630,0.2540800000,215.3022670025
700,26,74,0,26,26,0,26,35,0,0,26,26,0.0078709741,0.4788455604,0.0000000000,8.4161792386,1.0000000000,0.2188160000,250.0000000000
701,26,74,1,26,26,0,0,36,27,75,26,26,0.0207443353,0.4581012251,26.0000000000,16.5087217627,1.0000000000,0.2516480000,217.3830111902
702,25,75,2,25,25,0,0,36,27,94,25,25,0.0163594684,0.4417417567,12.5000000000,16.1590122403,1.0000000000,0.2432320000,216.2544402052
703,25,75,1,25,25,0,0,36,26,72,25,25,0.0190873733,0.4226543834,25.0000000000,16.4957419884,1.0000000000,0.2420160000,217.3410022478
704,24,76,1,25,0,25,0,36,26,72,15,15,0.0123858043,0.4102685791,1.0000000000,0.0000000000,0.0000000000,0.1578560000,0.0000000000
705,24,76,2,24,24,0,0,36,26,90,24,24,0.0155062810,0.3947622981,12.0000000000,16.1309356535,1.0000000000,0.2336000000,216.1643835616
706,24,76,1,24,23,1,0,36,25,69,23,23,0.0189537908,0.3758085072,24.0000000000,16.4665041046,0.9583333333,0.2239680000,216.0665809401
707,24,76,1,24,23,1,0,36,25,69,23,23,0.0175473534,0.3582611538,24.0000000000,16.4664568209,0.9583333333,0.2239680000,216.0665809401
708,22,78,1,23,0,23,0,36,25,68,0,0,0.0045650946,0.3536960592,1.0000000000,0.0000000000,0.0000000000,0.0304000000,0.0000000000
709,22,78,1,22,22,0,0,36,23,63,22,22,0.0166799142,0.3370161450,22.0000000000,16.4498306390,1.0000000000,0.2131200000,217.1921921922
710,22,78,2,22,22,0,0,36,24,82,22,22,0.0148571636,0.3221589815,11.0000000000,16.0672252768,1.0000000000,0.2143360000,215.9599880561
711,22,78,4,22,22,0,0,36,25,120,22,22,0.0152504636,0.3069085179,5.5000000000,15.3020841130,1.0000000000,0.2155520000,214.7416864608
712,21,79,1,21,21,0,0,36,22,61,21,21,0.0153731583,0.2915353596,21.0000000000,16.4315957383,1.0000000000,0.2034880000,217.1331970436
713,20,80,0,20,20,0,20,36,13,32,20,20,0.0078772528,0.2836581067,0.0000000000,8.4161784760,1.0000000000,0.1841280000,228.5366701425
714,20,80,1,20,19,1,0,36,21,57,19,19,0.0154301289,0.2682279778,20.0000000000,16.3894559509,0.9500000000,0.1854400000,215.5737704918
715,20,80,1,20,19,1,0,36,21,57,19,19,0.0138090205,0.2544189573,20.0000000000,16.3894689602,0.9500000000,0.1854400000,215.5737704918
716,19,81,1,19,19,0,0,36,20,54,19,19,0.0143014950,0.2401174623,19.0000000000,16.3894254488,1.0000000000,0.1842240000,216.9966996700
717,18,82,1,19,0,19,0,36,20,54,18,18,0.0144087422,0.2257087202,1.0000000000,0.0000000000,0.0000000000,0.1758080000,0.0000000000
718,18,82,1,18,18,0,0,36,19,51,18,18,0.0138384514,0.2118702688,18.0000000000,16.3648214677,1.0000000000,0.1745920000,216.9171554252
719,18,82,0,18,18,0,18,36,0,0,18,18,0.0054409463,0.2064293225,0.0000000000,8.4161796877,1.0000000000,0.1514880000,250.0000000000
720,18,82,0,18,18,0,18,36,0,0,18,18,0.0054409463,0.2009883762,0.0000000000,8.4161796877,1.0000000000,0.1514880000,250.0000000000
721,18,82,1,18,17,1,0,37,19,51,17,17,0.0132768357,0.1877115405,18.0000000000,16.3373362267,0.9444444444,0.1661760000,215.2416714808
722,17,83,1,17,17,0,0,37,18,48,17,17,0.0123862100,0.1753253305,17.0000000000,16.3373237698,1.0000000000,0.1649600000,216.8283220175
723,17,83,1,17,17,0,0,37,18,48,17,17,0.0134239379,0.1619013926,17.0000000000,16.3373312347,1.0000000000,0.1649600000,216.8283220175
724,15,85,1,16,0,16,0,37,17,46,7,7,0.0075934953,0.1543078973,1.0000000000,0.0000000000,0.0000000000,0.0795840000,0.0000000000
725,15,85,1,15,14,1,0,37,16,42,14,14,0.0102394873,0.1440684100,15.0000000000,16.2311948200,0.9333333333,0.1372800000,214.5687645688
726,15,85,1,15,14,1,0,37,16,42,14,14,0.0118142748,0.1322541352,15.0000000000,16.2312765219,0.9333333333,0.1372800000,214.5687645688
727,14,86,1,14,13,1,0,37,15,39,13,13,0.0097276873,0.1225264479,14.0000000000,16.1849600086,0.9285714286,0.1276480000,214.2767610930
728,13,87,1,14,0,14,0,37,15,39,7,7,0.0071057785,0.1154206694,1.0000000000,0.0000000000,0.0000000000,0.0771520000,0.0000000000
729,13,87,1,13,10,3,0,37,14,36,10,10,0.0080648570,0.1073558124,13.0000000000,15.9908457904,0.7692307692,0.1011840000,207.9380139152
730,11,89,1,11,9,2,0,37,12,31,9,9,0.0067503935,0.1006054189,11.0000000000,15.8972248742,0.8181818182,0.0903360000,209.6174282678
731,10,90,1,10,9,1,0,37,12,29,9,9,0.0070083127,0.0935971062,10.0000000000,15.8972649073,0.9000000000,0.0903360000,209.6174282678
732,9,91,1,9,9,0,0,37,10,24,9,9,0.0062676524,0.0873294539,9.0000000000,15.8972449084,1.0000000000,0.0879040000,215.4168183473
733,9,91,1,9,9,0,0,37,10,24,9,9,0.0062424789,0.0810869750,9.0000000000,15.8972209004,1.0000000000,0.0879040000,215.4168183473
734,9,91,1,9,9,0,0,37,10,24,9,9,0.0078940245,0.0731929505,9.0000000000,15.8973495192,1.0000000000,0.0879040000,215.4168183473
735,9,91,0,9,9,0,9,37,0,0,9,9,0.0027280505,0.0704649000,0.0000000000,8.4161808809,1.0000000000,0.0757440000,250.0000000000
736,9,91,0,9,9,0,9,37,0,0,9,9,0.0027280505,0.0677368495,0.0000000000,8.4161808809,1.0000000000,0.0757440000,250.0000000000
737,9,91,0,9,9,0,9,37,0,0,9,9,0.0027280505,0.0650087990,0.0000000000,8.4161808809,1.0000000000,0.0757440000,250.0000000000
738,8,92,0,9,8,1,9,37,0,0,8,8,0.0024826219,0.0625261771,0.0000000000,8.4161832407,0.8888888889,0.0673280000,250.0000000000
739,8,92,0,8,8,0,8,37,0,0,8,8,0.0024375534,0.0600886237,0.0000000000,8.4161832407,1.0000000000,0.0673280000,250.0000000000
740,8,92,0,8,8,0,8,37,0,0,8,8,0.0024375534,0.0576510703,0.0000000000,8.4161832407,1.0000000000,0.0673280000,250.0000000000
741,8,92,1,8,8,0,0,38,9,21,8,8,0.0058406049,0.0518104654,8.0000000000,15.7804283675,1.0000000000,0.0782720000,215.0449713818
742,7,93,2,7,7,0,0,38,9,22,7,7,0.0048787109,0.0469317546,3.5000000000,14.4277407855,1.0000000000,0.0698560000,210.8337150710
743,7,93,1,7,7,0,0,38,8,18,7,7,0.0045911176,0.0423406370,7.0000000000,15.6300157078,1.0000000000,0.0686400000,214.5687645688
744,7,93,1,7,7,0,0,38,8,18,7,7,0.0060539972,0.0362866398,7.0000000000,15.6301743657,1.0000000000,0.0686400000,214.5687645688
745,6,94,1,7,0,7,0,38,8,18,2,2,0.0023105972,0.0339760426,1.0000000000,0.0000000000,0.0000000000,0.0265600000,0.0000000000
746,6,94,1,6,5,1,0,38,7,15,5,5,0.0036478385,0.0303282040,6.0000000000,15.1491266944,0.8333333333,0.0505920000,207.9380139152
747,5,95,0,6,5,1,6,38,0,0,5,5,0.0017568014,0.0285714026,0.0000000000,8.4161882627,0.8333333333,0.0420800000,250.0000000000
748,4,96,0,5,4,1,5,38,0,0,4,4,0.0014073517,0.0271640509,0.0000000000,8.4161858916,0.8000000000,0.0336640000,250.0000000000
749,4,96,0,4,4,0,4,38,0,0,4,4,0.0012260904,0.0259379606,0.0000000000,8.4161858916,1.0000000000,0.0336640000,250.0000000000
750,4,96,0,4,4,0,4,38,0,0,4,4,0.0012260904,0.0247118702,0.0000000000,8.4161858916,1.0000000000,0.0336640000,250.0000000000
751,4,96,0,4,4,0,4,38,0,0,4,4,0.0012260904,0.0234857798,0.0000000000,8.4161858916,1.0000000000,0.0336640000,250.0000000000
752,4,96,0,4,4,0,4,38,0,0,4,4,0.0012260904,0.0222596894,0.0000000000,8.4161858916,1.0000000000,0.0336640000,250.0000000000
753,4,96,0,4,4,0,4,38,0,0,4,4,0.0012260904,0.0210335991,0.0000000000,8.4161858916,1.0000000000,0.0336640000,250.0000000000
754,4,96,0,4,4,0,4,38,0,0,4,4,0.0012260904,0.0198075087,0.0000000000,8.4161858916,1.0000000000,0.0336640000,250.0000000000
755,4,96,0,4,4,0,4,38,0,0,4,4,0.0012260904,0.0185814183,0.0000000000,8.4161858916,1.0000000000,0.0336640000,250.0000000000
756,4,96,0,4,4,0,4,38,0,0,4,4,0.0012260904,0.0173553280,0.0000000000,8.4161858916,1.0000000000,0.0336640000,250.0000000000
757,4,96,0,4,4,0,4,38,0,0,4,4,0.0012260904,0.0161292376,0.0000000000,8.4161858916,1.0000000000,0.0336640000,250.0000000000
758,4,96,0,4,4,0,4,38,0,0,4,4,0.0012260904,0.0149031472,0.0000000000,8.4161858916,1.0000000000,0.0336640000,250.0000000000
759,4,96,0,4,4,0,4,38,0,0,4,4,0.0012260904,0.0136770568,0.0000000000,8.4161858916,1.0000000000,0.0336640000,250.0000000000
760,4,96,0,4,4,0,4,38,0,0,4,4,0.0012260904,0.0124509665,0.0000000000,8.4161858916,1.0000000000,0.0336640000,250.0000000000
761,4,96,1,4,4,0,0,39,5,9,4,4,0.0026667157,0.0097842508,4.0000000000,14.7282776429,1.0000000000,0.0397440000,211.7552334944
762,3,97,1,4,0,4,0,39,5,9,1,1,0.0017853032,0.0079989476,1.0000000000,0.0000000000,0.0000000000,0.0144960000,0.0000000000
763,3,97,1,3,3,0,0,39,4,6,3,3,0.0017193899,0.0062795577,3.0000000000,14.0268880829,1.0000000000,0.0301120000,209.6174282678
764,2,98,1,3,0,3,0,39,4,6,2,2,0.0014831199,0.0047964378,1.0000000000,0.0000000000,0.0000000000,0.0216960000,0.0000000000
765,1,99,0,2,1,1,2,39,0,0,1,1,0.0003772497,0.0044191881,0.0000000000,8.4162049015,0.5000000000,0.0084160000,250.0000000000
766,1,99,0,1,1,0,1,39,0,0,1,1,0.0003203021,0.0040988860,0.0000000000,8.4162049015,1.0000000000,0.0084160000,250.0000000000
767,1,99,0,1,1,0,1,39,0,0,1,1,0.0003203021,0.0037785840,0.0000000000,8.4162049015,1.0000000000,0.0084160000,250.0000000000
768,1,99,0,1,1,0,1,39,0,0,1,1,0.0003203021,0.0034582819,0.0000000000,8.4162049015,1.0000000000,0.0084160000,250.0000000000
769,1,99,0,1,1,0,1,39,0,0,1,1,0.0003203021,0.0031379798,0.0000000000,8.4162049015,1.0000000000,0.0084160000,250.0000000000
770,1,99,0,1,1,0,1,39,0,0,1,1,0.0003203021,0.0028176777,0.0000000000,8.4162049015,1.0000000000,0.0084160000,250.0000000000
771,1,99,0,1,1,0,1,39,0,0,1,1,0.0003203021,0.0024973757,0.0000000000,8.4162049015,1.0000000000,0.0084160000,250.0000000000
772,1,99,0,1,1,0,1,39,0,0,1,1,0.0003203021,0.0021770736,0.0000000000,8.4162049015,1.0000000000,0.0084160000,250.0000000000
773,1,99,0,1,1,0,1,39,0,0,1,1,0.0003203021,0.0018567715,0.0000000000,8.4162049015,1.0000000000,0.0084160000,250.0000000000
774,1,99,0,1,1,0,1,39,0,0,1,1,0.0003203021,0.0015364695,0.0000000000,8.4162049015,1.0000000000,0.0084160000,250.0000000000
775,1,99,0,1,1,0,1,39,0,0,1,1,0.0003203021,0.0012161674,0.0000000000,8.4162049015,1.0000000000,0.0084160000,250.0000000000
776,1,99,0,1,1,0,1,39,0,0,1,1,0.0003203021,0.0008958653,0.0000000000,8.4162049015,1.0000000000,0.0084160000,250.0000000000
777,1,99,0,1,1,0,1,39,0,0,1,1,0.0003203021,0.0005755632,0.0000000000,8.4162049015,1.0000000000,0.0084160000,250.0000000000
778,1,99,0,1,1,0,1,39,0,0,1,1,0.0003203021,0.0002552612,0.0000000000,8.4162049015,1.0000000000,0.0084160000,250.0000000000
779,0,100,0,0,0,0,0,39,0,0,0,0,0.0002552612,0.0000000000,0.0000000000,0.0000000000,0.0000000000,0.0000000000,0.0000000000
